timestamp,universe_id,model_version,w1_energy,w2_drought,w3_rebellion,w4_policy,w5_social,despair_rate,rebellion_sentence_weight,natural_death_rate_quarterly,threshold,intervention_type,intervention_quarter,intervention_threshold,intervention_coverage,intervention_applied,n_promoted,mean_despair_pre,mean_despair_post,drought_enabled,n_voyages_sampled,n_agents,total_gdp,peak_mutiny,collapse_quarter,final_mortality
1786079120077,0,v1,0.0791,0.492,0.2388,2.3005,0.1292,0.00431,0.063,0.003748,0.664,0,11,94.41,0.837,1,0,10.0,10.0,0,30,5922,257485.5,84.52,17,13.71
1786079121226,1,v1,0.0429,0.8219,0.4642,1.0514,0.3946,0.01758,0.185,0.003462,0.674,0,18,42.61,0.42,1,0,13.0,13.0,1,30,5409,116647.5,100.0,13,13.0
1786079123068,2,v1,0.0553,0.8835,0.1699,1.0528,0.5046,0.00771,0.1777,0.002223,0.645,1,31,37.89,0.466,1,1074,19.243,15.391,0,30,5934,230461.0,92.93,16,9.2
1786079125415,3,v1,0.0539,0.3624,0.1703,1.9435,0.4485,0.02842,0.2101,0.003092,0.704,0,4,61.99,0.915,1,4424,3.0,2.301,0,30,6384,334261.8,26.58,17,11.78
1786079120768,4,v1,0.0779,0.6227,0.4887,1.6781,0.765,0.02724,0.1282,0.002455,0.634,1,20,35.36,0.493,1,698,15.326,13.84,0,30,7479,222137.4,95.24,14,9.77
1786079122022,5,v1,0.0568,0.5767,0.4486,1.1518,0.9813,0.00945,0.1251,0.003047,0.683,0,14,69.13,0.351,1,0,13.0,13.0,1,30,5576,121994.7,100.0,13,10.72
1786079123459,6,v1,0.075,0.9047,0.2774,2.3536,0.3212,0.03046,0.1847,0.002354,0.59,0,19,44.4,0.506,1,0,14.629,14.629,0,30,6059,167041.0,86.86,14,8.85
1786079125674,7,v1,0.032,0.8727,0.3392,2.117,0.2201,0.00921,0.1237,0.001528,0.621,1,33,37.34,0.876,1,2061,21.947,13.947,0,30,6219,323283.0,83.36,18,6.09
1786079120923,8,v1,0.0228,0.3563,0.4075,1.6376,0.751,0.03078,0.2325,0.003621,0.623,0,23,77.73,0.888,1,0,11.998,11.998,1,30,6453,126819.9,100.0,10,13.02
1786079123130,9,v1,0.0428,0.3407,0.3795,2.1207,0.3449,0.00748,0.2407,0.001834,0.676,0,17,75.56,0.532,1,0,16.0,16.0,0,30,6317,318046.3,55.25,19,7.31
1786079125562,10,v1,0.0793,0.4952,0.2507,1.9386,0.4274,0.02536,0.0632,0.003463,0.638,1,11,72.84,0.989,1,5922,10.0,0.0,0,30,6132,354568.1,0.0,-1,13.32
1786079128232,11,v1,0.0269,0.486,0.4206,0.8444,0.624,0.02913,0.202,0.002858,0.688,1,14,72.54,0.922,1,5681,13.0,0.0,0,30,5901,342948.0,0.0,-1,10.57
1786079121416,12,v1,0.0145,0.5282,0.2967,1.0936,0.9528,0.01861,0.2085,0.002859,0.582,1,31,91.9,0.473,1,0,17.491,17.491,0,30,6232,176975.6,85.18,15,10.57
1786079123224,13,v1,0.0288,0.8305,0.4447,0.9981,0.2076,0.01668,0.1099,0.002154,0.638,1,25,88.59,0.799,1,0,17.923,17.923,0,30,6309,220042.9,84.9,16,8.58
1786079125830,14,v1,0.018,0.3782,0.2992,1.5659,0.5929,0.01539,0.105,0.001242,0.66,0,15,35.05,0.877,1,3323,14.0,7.166,0,30,5932,353522.1,0.43,-1,4.62
1786079127837,15,v1,0.0582,0.4512,0.2104,1.4308,0.4375,0.00717,0.2118,0.002966,0.641,1,32,93.08,0.384,1,0,21.63,21.63,0,30,6182,262572.0,87.02,17,10.97
1786079122099,16,v1,0.0369,0.7667,0.1693,0.8618,0.4672,0.00351,0.1459,0.001417,0.716,1,24,52.09,0.535,1,639,13.942,12.398,1,30,5915,139345.5,100.0,13,5.9
1786079123191,17,v1,0.0175,0.8005,0.3444,1.314,0.9983,0.02573,0.193,0.002173,0.589,0,31,43.25,0.612,1,0,10.804,10.804,1,30,5763,84378.5,100.0,8,7.84
1786079125326,18,v1,0.0167,0.7569,0.3964,2.2385,0.2851,0.03145,0.211,0.001717,0.603,1,4,60.7,0.383,1,2728,3.0,1.682,0,30,6237,249256.7,48.9,14,6.49
1786079127187,19,v1,0.0431,0.3373,0.1867,1.471,0.5853,0.01195,0.1595,0.003058,0.699,1,22,67.6,0.614,1,0,13.934,13.934,1,30,6742,158113.2,100.0,14,10.83
1786079122581,20,v1,0.0441,0.5251,0.2851,2.2016,0.4959,0.01893,0.237,0.001907,0.592,0,12,66.93,0.396,1,855,9.414,8.099,1,30,5972,110590.6,100.0,7,20.51
1786079123670,21,v1,0.0522,0.7505,0.3714,2.3813,0.8402,0.01576,0.2401,0.003747,0.626,1,20,76.56,0.535,1,0,12.788,12.788,1,30,5548,124867.3,100.0,13,14.78
1786079125416,22,v1,0.0436,0.3615,0.278,1.162,0.7425,0.02652,0.1473,0.001768,0.64,0,24,76.67,0.566,1,0,16.538,16.538,0,30,6421,182808.0,87.97,15,6.35
1786079127186,23,v1,0.0567,0.8216,0.3104,1.6068,0.2065,0.02298,0.1694,0.002709,0.609,1,33,66.16,0.334,1,0,17.688,17.688,0,30,6369,182162.3,99.98,15,10.36
1786079124343,24,v1,0.0456,0.5016,0.4034,0.9629,0.3924,0.00761,0.1059,0.001818,0.667,1,11,94.71,0.693,1,5565,10.0,0.982,0,30,6281,384812.2,9.33,-1,7.31
1786079125539,25,v1,0.061,0.424,0.3556,0.807,0.5183,0.0066,0.0582,0.002805,0.704,1,22,71.38,0.458,1,0,13.634,13.634,1,30,5839,133539.5,100.0,13,9.93
1786079127434,26,v1,0.0417,0.6058,0.4496,1.2467,0.3188,0.02651,0.2369,0.001852,0.688,0,31,59.36,0.74,1,0,18.508,18.508,0,30,6427,207290.8,89.72,16,7.25
1786079129229,27,v1,0.039,0.5614,0.1923,2.3479,0.6833,0.02851,0.2143,0.003224,0.693,0,23,71.52,0.504,1,0,18.36,18.36,0,30,6206,202701.0,94.12,17,11.65
1786079128374,28,v1,0.0323,0.4156,0.3485,1.4633,0.8661,0.02295,0.1892,0.00358,0.622,0,15,48.57,0.541,1,2564,14.0,8.926,0,30,6366,250798.7,53.36,15,12.82
1786079129823,29,v1,0.0105,0.7484,0.3284,1.9597,0.1592,0.01002,0.0613,0.001808,0.612,0,26,82.92,0.826,1,0,13.694,13.694,1,30,6211,143813.1,100.0,13,7.29
1786079131170,30,v1,0.0414,0.5938,0.2391,1.4719,0.5964,0.00324,0.077,0.00302,0.667,0,27,55.0,0.356,1,0,13.879,13.879,1,30,5462,123585.9,100.0,13,11.35
1786079133026,31,v1,0.0663,0.3537,0.4127,1.6169,0.7308,0.02695,0.16,0.001911,0.675,0,27,28.07,0.519,1,0,13.879,13.879,1,30,7640,163687.2,100.0,13,7.58
1786079128173,32,v1,0.0422,0.6113,0.4897,1.1165,0.8306,0.02576,0.212,0.00185,0.642,0,25,54.89,0.845,1,0,16.243,16.243,0,30,5957,165516.0,93.31,15,7.27
1786079130351,33,v1,0.0494,0.6,0.4704,1.7749,0.3737,0.01655,0.0804,0.003402,0.592,1,4,85.19,0.318,1,2329,3.0,1.924,0,30,6560,250991.7,64.07,15,12.55
1786079131807,34,v1,0.0523,0.5178,0.3127,0.9627,0.8762,0.03137,0.087,0.002699,0.62,0,26,91.04,0.931,1,0,15.674,15.674,0,30,6020,158713.7,89.21,14,10.71
1786079133371,35,v1,0.0491,0.6699,0.1248,2.2237,0.7576,0.0054,0.1261,0.002282,0.628,1,6,83.13,0.847,1,5912,5.0,0.045,1,30,6026,161764.3,100.0,26,99.15
1786079129434,36,v1,0.0344,0.6403,0.2031,1.4839,0.8968,0.02062,0.222,0.001693,0.623,0,7,98.91,0.718,1,0,6.0,6.0,0,30,5940,182585.0,85.67,16,6.68
1786079130852,37,v1,0.076,0.7421,0.3762,1.7388,0.3801,0.02944,0.1836,0.001967,0.604,0,18,71.06,0.986,1,0,6.859,6.859,1,30,5786,55873.6,100.0,3,7.83
1786079133150,38,v1,0.0117,0.3329,0.2686,2.1036,0.1083,0.02117,0.1541,0.002086,0.615,1,34,87.58,0.493,1,0,11.517,11.517,0,30,6787,307015.2,48.64,19,8.16
1786079135005,39,v1,0.0673,0.8096,0.4383,2.2114,0.7228,0.01191,0.0896,0.002512,0.668,0,9,62.69,0.643,1,2517,8.0,5.591,1,30,6384,162314.8,100.0,13,14.71
1786079130178,40,v1,0.0223,0.2461,0.2738,1.4197,0.6269,0.0043,0.1087,0.003523,0.718,1,24,61.04,0.855,1,945,16.315,13.716,1,30,6406,165293.0,100.0,16,27.52
1786079131413,41,v1,0.0483,0.3514,0.3054,1.972,0.1351,0.01645,0.2472,0.003187,0.593,0,31,25.95,0.584,1,0,14.309,14.309,1,30,5773,128006.5,100.0,13,12.51
1786079133667,42,v1,0.0214,0.4103,0.1792,1.1102,0.1343,0.01237,0.1254,0.002315,0.618,0,16,66.19,0.621,1,2725,15.0,8.544,0,30,5675,304020.9,37.04,18,8.72
1786079135412,43,v1,0.0744,0.5276,0.1603,1.4534,0.471,0.00986,0.2044,0.001745,0.589,0,23,45.77,0.87,1,0,16.276,16.276,0,30,6146,178294.7,85.82,15,5.84
1786079130381,44,v1,0.0301,0.5208,0.1647,1.7736,0.9575,0.01304,0.1639,0.001304,0.657,0,22,49.21,0.849,1,0,13.0,13.0,1,30,6019,137598.3,100.0,13,5.25
1786079131565,45,v1,0.0361,0.6815,0.4336,1.2606,0.2072,0.00523,0.1707,0.00285,0.712,1,15,38.62,0.762,1,0,13.705,13.705,1,30,5758,135498.1,100.0,13,10.16
1786079133862,46,v1,0.0663,0.5047,0.1369,1.2463,0.7532,0.02686,0.1698,0.001647,0.654,1,6,73.23,0.558,1,3656,5.0,1.741,0,30,5645,284253.7,30.04,15,6.08
1786079135290,47,v1,0.0282,0.6455,0.2207,1.4084,0.5376,0.00962,0.1731,0.001414,0.609,1,32,59.16,0.684,1,0,14.363,14.363,1,30,5532,123132.9,100.0,13,5.66
1786079131151,48,v1,0.0741,0.6271,0.1015,1.2092,0.2673,0.02307,0.1177,0.003076,0.639,1,8,72.2,0.76,1,3102,6.574,2.904,1,30,6045,122919.9,100.0,6,11.63
1786079133656,49,v1,0.0168,0.7986,0.4076,1.5176,0.8279,0.02233,0.1348,0.001947,0.597,1,5,61.97,0.617,1,4987,4.0,0.977,0,30,6642,320140.3,21.2,16,7.62
1786079135371,50,v1,0.0376,0.8114,0.2941,2.1853,0.655,0.02382,0.1351,0.003724,0.63,0,20,55.62,0.46,1,0,13.0,13.0,1,30,6629,152973.1,100.0,13,13.67
1786079137617,51,v1,0.0572,0.5302,0.468,2.3653,0.7476,0.0204,0.1239,0.001974,0.661,0,5,75.52,0.623,1,2266,4.0,3.288,0,30,6424,263582.8,57.79,16,7.71
1786079131465,52,v1,0.0546,0.7076,0.2265,2.2219,0.7114,0.01653,0.157,0.003054,0.713,1,36,66.61,0.821,1,852,14.701,12.259,1,30,5655,132864.3,100.0,13,11.14
1786079133328,53,v1,0.0209,0.6849,0.2936,1.7976,0.9255,0.02195,0.0712,0.003464,0.671,0,27,66.74,0.316,1,0,8.986,8.986,0,30,5092,243927.4,40.74,18,12.94
1786079134842,54,v1,0.0752,0.7156,0.423,1.8261,0.6998,0.01778,0.1159,0.003515,0.66,0,18,58.01,0.869,1,0,11.331,11.331,1,30,5813,110582.3,100.0,8,12.33
1786079137264,55,v1,0.0246,0.8119,0.3072,2.0785,0.6371,0.02162,0.0655,0.001546,0.72,0,12,76.23,0.531,1,1880,11.0,8.036,0,30,5803,358012.2,0.0,-1,6.17
1786079135876,56,v1,0.0339,0.4147,0.1149,1.7704,0.1532,0.02451,0.0955,0.002975,0.668,1,7,57.29,0.728,1,5129,6.0,0.607,0,30,5795,309662.2,8.61,-1,10.97
1786079137899,57,v1,0.0587,0.8582,0.2277,1.5614,0.14,0.02148,0.1491,0.003244,0.634,0,14,22.21,0.393,1,1510,13.0,9.857,0,30,5495,241061.3,67.66,16,12.14
1786079139302,58,v1,0.0795,0.8015,0.2483,1.7969,0.9255,0.02632,0.1892,0.002826,0.624,0,5,46.1,0.505,1,1689,4.0,3.496,1,30,6778,107488.5,100.0,4,11.04
1786079140757,59,v1,0.0326,0.5391,0.2773,1.3048,0.1638,0.00463,0.15,0.003758,0.713,1,20,58.09,0.899,1,0,13.914,13.914,1,30,5529,126923.6,100.0,14,14.09
1786079135665,60,v1,0.0279,0.9892,0.4183,2.2844,0.3766,0.02239,0.0563,0.001428,0.638,1,8,60.99,0.634,1,5584,7.0,0.541,1,30,6129,168567.4,100.0,25,92.67
1786079137590,61,v1,0.0715,0.8874,0.1283,0.8039,0.3999,0.01158,0.0861,0.002992,0.584,1,17,95.55,0.486,1,0,15.0,15.0,0,30,6588,180031.0,100.0,15,11.54
1786079139402,62,v1,0.0191,0.5232,0.4272,2.1612,0.4014,0.00822,0.1798,0.002743,0.658,1,9,35.54,0.381,1,3163,8.0,4.166,1,30,6735,173426.7,100.0,13,53.01
1786079140988,63,v1,0.0226,0.5692,0.2654,1.8316,0.6046,0.02836,0.0638,0.001555,0.687,0,4,56.09,0.679,1,3011,3.0,2.479,1,30,5797,149127.6,100.0,13,55.05
1786079137820,64,v1,0.0601,0.7154,0.2072,2.41,0.2779,0.02271,0.0773,0.002403,0.647,1,9,61.64,0.324,1,2783,8.0,4.293,0,30,6126,301858.5,45.3,16,9.32
1786079139262,65,v1,0.0318,0.2759,0.3629,1.6076,0.2556,0.00831,0.0598,0.002402,0.616,0,29,55.82,0.424,1,0,14.367,14.367,1,30,6201,132209.2,100.0,13,9.05
1786079140806,66,v1,0.0295,0.4163,0.1357,1.933,0.8707,0.02351,0.0754,0.001782,0.597,1,34,83.2,0.438,1,0,12.967,12.967,1,30,6457,120315.8,100.0,9,6.4
1786079142237,67,v1,0.0466,0.6091,0.2646,2.4446,0.8518,0.01345,0.185,0.001731,0.581,1,22,92.22,0.763,1,0,16.496,16.496,0,30,5440,161716.1,95.08,15,6.89
1786079138448,68,v1,0.0666,0.3427,0.2877,1.4323,0.4077,0.03071,0.117,0.002949,0.628,0,14,42.95,0.328,1,1194,13.0,10.979,0,30,6759,219534.9,72.95,14,11.42
1786079140541,69,v1,0.0417,0.5666,0.4631,1.1762,0.1524,0.00339,0.203,0.001925,0.621,0,22,31.81,0.32,1,0,17.741,17.741,0,30,6511,289403.0,83.95,17,7.3
1786079142610,70,v1,0.0535,0.9525,0.3755,1.8536,0.9088,0.0129,0.0605,0.002271,0.598,0,30,61.63,0.308,1,0,17.8,17.8,0,30,7023,208473.8,94.27,15,8.4
1786079144847,71,v1,0.0496,0.9422,0.278,2.4063,0.3989,0.02947,0.1669,0.00123,0.634,1,12,91.92,0.65,1,4620,11.0,2.506,0,30,6072,330491.4,20.36,16,4.58
1786079138967,72,v1,0.0574,0.4011,0.3015,2.2436,0.2981,0.00565,0.1017,0.001995,0.688,0,6,43.92,0.415,1,1310,5.0,4.301,0,30,5690,280758.8,67.54,18,8.15
1786079141879,73,v1,0.0296,0.4611,0.2566,2.3428,0.5807,0.01354,0.1815,0.003069,0.648,1,6,99.65,0.753,1,6793,5.0,0.0,0,30,6896,372613.1,0.0,-1,10.93
1786079144609,74,v1,0.0268,0.3221,0.1075,1.5199,0.2306,0.00621,0.142,0.002797,0.62,0,19,77.73,0.321,1,1339,18.0,14.353,0,30,6184,335987.2,23.09,19,10.28
1786079146455,75,v1,0.0679,0.269,0.1444,1.4792,0.926,0.02279,0.0668,0.001586,0.698,0,4,71.07,0.398,1,1443,3.0,2.775,0,30,6450,247112.4,67.65,16,5.92
1786079139570,76,v1,0.0735,0.5598,0.2701,2.4407,0.6929,0.00669,0.2279,0.002125,0.615,0,22,30.46,0.315,1,0,16.908,16.908,0,30,6132,191632.2,84.81,16,8.32
1786079140919,77,v1,0.0351,0.4614,0.2501,1.2456,0.4258,0.02401,0.2252,0.002517,0.652,1,32,29.77,0.578,1,0,14.353,14.353,1,30,5465,127868.3,100.0,13,9.64
1786079142791,78,v1,0.0257,0.4403,0.3379,2.3449,0.8894,0.02751,0.1007,0.002792,0.614,0,24,75.76,0.896,1,0,16.84,16.84,0,30,6428,190536.9,85.49,15,10.66
1786079144364,79,v1,0.0135,0.3504,0.3713,2.3655,0.125,0.02936,0.1294,0.003072,0.683,1,31,66.06,0.992,1,0,15.052,15.052,1,30,6201,144372.6,100.0,13,11.53
1786079139946,80,v1,0.0584,0.4819,0.4175,2.3269,0.4263,0.01507,0.1608,0.001773,0.581,0,24,71.21,0.507,1,0,16.185,16.185,0,30,5930,172646.2,100.0,15,6.96
1786079141681,81,v1,0.05,0.7401,0.2852,2.3909,0.4729,0.01431,0.1103,0.002296,0.64,0,30,45.78,0.954,1,0,19.399,19.399,0,30,6319,238532.3,85.04,17,8.88
1786079144467,82,v1,0.0287,0.3886,0.3485,2.2701,0.1782,0.00895,0.2283,0.001267,0.61,1,6,62.95,0.856,1,5875,5.0,0.0,0,30,5903,361651.6,0.0,-1,4.96
1786079145661,83,v1,0.0132,0.7054,0.315,1.2739,0.1394,0.03036,0.1255,0.002211,0.634,0,36,64.61,0.356,1,0,14.73,14.73,1,30,5793,126908.4,100.0,13,9.05
1786079143113,84,v1,0.0715,0.694,0.1162,1.3495,0.2995,0.01421,0.0724,0.002382,0.662,0,21,54.29,0.427,1,0,13.0,13.0,1,30,6653,153425.2,100.0,13,9.02
1786079145309,85,v1,0.0302,0.5255,0.1719,2.1031,0.3019,0.02946,0.126,0.003235,0.708,1,21,55.13,0.609,1,0,13.995,13.995,0,30,6609,319326.4,69.82,18,11.68
1786079147384,86,v1,0.0128,0.3262,0.425,0.9056,0.3585,0.02505,0.2492,0.003718,0.597,0,7,69.07,0.924,1,4013,6.0,3.407,0,30,6324,292880.8,29.88,14,14.15
1786079148500,87,v1,0.0484,0.6936,0.4254,0.9461,0.4003,0.02777,0.0535,0.001208,0.598,0,12,33.27,0.663,1,393,6.952,6.33,1,30,5774,64460.5,100.0,4,4.95
1786079144282,88,v1,0.0492,0.3876,0.4357,2.4042,0.2319,0.01017,0.0663,0.002405,0.671,1,22,80.16,0.725,1,0,18.131,18.131,0,30,6583,294839.9,84.52,17,9.1
1786079146900,89,v1,0.0501,0.8614,0.3957,2.3946,0.4245,0.00892,0.2478,0.001426,0.582,1,11,68.88,0.811,1,6056,10.0,0.922,0,30,6752,380216.3,9.2,-1,5.33
1786079148871,90,v1,0.0137,0.4717,0.1679,2.1094,0.2552,0.00544,0.1299,0.0035,0.682,1,30,85.75,0.746,1,0,0.0,0.0,0,30,5830,339173.1,0.0,-1,13.24
1786079149718,91,v1,0.0541,0.909,0.3765,1.4488,0.479,0.01915,0.2095,0.001926,0.715,1,35,72.67,0.816,1,0,21.936,21.936,0,30,6173,259549.9,85.07,17,6.98
1786079143886,92,v1,0.0168,0.6765,0.3052,0.8723,0.9012,0.03161,0.0574,0.00268,0.585,1,17,30.6,0.631,1,0,7.115,7.115,1,30,5369,55849.1,100.0,5,9.98
1786079145623,93,v1,0.0142,0.671,0.321,2.188,0.2232,0.02693,0.2199,0.0017,0.661,1,10,96.59,0.696,1,6182,9.0,0.184,1,30,6411,185554.2,100.0,26,98.18
1786079147058,94,v1,0.0574,0.8222,0.2405,1.8591,0.4011,0.02697,0.1282,0.001977,0.687,1,15,53.44,0.703,1,0,12.574,12.574,1,30,6253,135844.2,100.0,13,7.71
1786079148396,95,v1,0.037,0.9968,0.2785,1.6537,0.9442,0.03184,0.1788,0.002077,0.636,1,9,71.44,0.525,1,1635,7.489,5.52,1,30,6744,114566.9,100.0,7,30.25
1786079146452,96,v1,0.0484,0.5653,0.4847,2.1255,0.7451,0.01243,0.1102,0.001562,0.694,0,35,91.15,0.319,1,0,21.436,21.436,0,30,5864,223991.9,93.07,18,6.04
1786079147599,97,v1,0.0763,0.6029,0.3483,1.1538,0.7079,0.00456,0.0729,0.003047,0.701,1,26,76.76,0.646,1,0,13.689,13.689,1,30,6577,148327.1,100.0,13,11.22
1786079149074,98,v1,0.0514,0.387,0.2008,1.8818,0.7464,0.03019,0.099,0.001859,0.67,1,7,58.59,0.472,1,3431,6.0,2.739,1,30,6394,166261.2,100.0,13,57.77
1786079149688,99,v1,0.0541,0.6676,0.1593,1.5314,0.9316,0.00549,0.1336,0.001681,0.646,1,26,91.31,0.46,1,0,13.688,13.688,1,30,6112,134664.4,100.0,13,6.46
1786079155629,100,v1,0.0546,0.3765,0.1291,2.3806,0.3258,0.00417,0.1938,0.003312,0.706,0,21,83.55,0.888,1,0,13.92,13.92,1,30,5742,134157.3,100.0,14,12.14
1786079157363,101,v1,0.0578,0.7463,0.3546,1.9332,0.5631,0.0145,0.0781,0.001744,0.583,0,33,93.79,0.36,1,0,17.71,17.71,0,30,6444,182495.4,99.62,15,6.87
1786079159227,102,v1,0.0532,0.4654,0.1787,1.9919,0.3728,0.03178,0.0737,0.002148,0.699,0,28,80.38,0.348,1,0,18.577,18.577,0,30,6130,219504.5,85.47,16,8.16
1786079160302,103,v1,0.0575,0.7153,0.4934,0.8918,0.7195,0.01746,0.1438,0.002113,0.637,0,10,43.11,0.631,1,1370,7.808,6.149,1,30,5880,103266.5,100.0,5,8.13
1786079156589,104,v1,0.0271,0.9635,0.4269,1.8283,0.8407,0.0319,0.2129,0.002388,0.661,1,19,22.72,0.527,1,731,16.377,14.451,0,30,6447,214079.6,85.54,16,8.93
1786079158859,105,v1,0.0683,0.7268,0.1256,0.9986,0.6583,0.02891,0.25,0.002429,0.615,1,8,36.18,0.365,1,2668,7.0,4.036,0,30,6407,258245.6,50.87,14,9.4
1786079160585,106,v1,0.0475,0.4075,0.3377,2.1457,0.6627,0.01517,0.1924,0.003408,0.632,0,36,73.58,0.857,1,0,19.519,19.519,0,30,6813,213586.6,91.28,16,12.8
1786079162219,107,v1,0.0571,0.8296,0.3882,2.2692,0.5353,0.03132,0.189,0.002611,0.693,0,25,32.28,0.82,1,0,13.508,13.508,1,30,6183,143106.2,100.0,13,10.43
1786079157283,108,v1,0.0431,0.3531,0.3845,1.0168,0.5148,0.02589,0.175,0.003339,0.703,1,25,57.32,0.909,1,0,18.005,18.005,0,30,6199,195959.5,84.35,17,11.87
1786079158557,109,v1,0.0445,0.6143,0.3621,1.2868,0.6899,0.02152,0.0976,0.002461,0.665,0,11,48.32,0.389,1,979,9.939,8.565,1,30,5853,124187.5,100.0,11,11.91
1786079159946,110,v1,0.0795,0.4784,0.1846,1.122,0.198,0.00519,0.1404,0.002778,0.695,0,6,69.99,0.719,1,2376,5.0,3.826,1,30,6171,146310.5,100.0,13,14.39
1786079161518,111,v1,0.0101,0.851,0.1663,1.0133,0.299,0.02657,0.1002,0.00218,0.587,0,15,44.11,0.927,1,0,11.192,11.192,1,30,6377,124641.9,100.0,8,8.11
1786079157424,112,v1,0.0644,0.7985,0.3589,1.4367,0.7459,0.01313,0.2448,0.001432,0.591,1,34,40.76,0.31,1,489,9.282,8.599,1,30,6716,80090.8,100.0,4,6.12
1786079159385,113,v1,0.0415,0.2205,0.2912,2.2104,0.239,0.01072,0.1046,0.00228,0.609,0,31,83.34,0.66,1,0,20.887,20.887,0,30,6087,264188.9,87.41,16,8.43
1786079161039,114,v1,0.0714,0.6032,0.3636,2.0693,0.634,0.03041,0.0758,0.001262,0.603,1,17,29.18,0.38,1,0,9.47,9.47,1,30,7597,105254.9,100.0,5,4.99
1786079162555,115,v1,0.0528,0.2561,0.1376,1.8667,0.8283,0.02476,0.1534,0.003412,0.655,1,13,90.2,0.571,1,3758,11.808,4.343,1,30,6278,152674.3,100.0,12,50.75
1786079159462,116,v1,0.0283,0.6804,0.2743,1.7898,0.5395,0.01496,0.1781,0.001815,0.706,1,24,32.69,0.838,1,0,0.0,0.0,0,30,6686,400288.3,0.0,-1,7.12
1786079161177,117,v1,0.0458,0.7812,0.1139,2.3535,0.7149,0.01915,0.2192,0.001403,0.603,1,6,68.55,0.726,1,5132,5.0,0.65,1,30,5943,166720.7,100.0,24,87.65
1786079162390,118,v1,0.0593,0.8165,0.395,2.2275,0.9078,0.01426,0.2348,0.001646,0.627,0,33,83.44,0.317,1,0,12.079,12.079,1,30,6062,104827.6,100.0,7,6.81
1786079164440,119,v1,0.0534,0.9061,0.2269,2.1654,0.6501,0.02846,0.183,0.001423,0.704,0,28,65.87,0.971,1,0,18.676,18.676,0,30,6769,218560.6,90.46,16,5.61
1786079158759,120,v1,0.0382,0.7297,0.1632,2.1496,0.5796,0.03109,0.1965,0.002048,0.629,1,24,69.91,0.768,1,1005,13.367,11.21,1,30,6469,145936.7,100.0,13,22.79
1786079160041,121,v1,0.0522,0.8357,0.2669,1.3639,0.2926,0.00343,0.0753,0.003539,0.68,1,32,72.33,0.897,1,0,14.371,14.371,1,30,6115,139998.8,100.0,13,12.79
1786079161499,122,v1,0.0498,0.702,0.3116,1.8161,0.7796,0.03069,0.1266,0.002796,0.661,0,18,74.51,0.867,1,0,13.0,13.0,1,30,5687,124863.8,100.0,13,10.71
1786079163706,123,v1,0.0621,0.2654,0.219,2.4057,0.5193,0.0198,0.0803,0.002793,0.68,1,5,81.76,0.332,1,2331,4.0,2.487,0,30,6243,287954.3,55.88,17,10.6
1786079159195,124,v1,0.0739,0.4481,0.4796,1.2012,0.361,0.03159,0.1123,0.003118,0.661,0,24,39.91,0.99,1,0,12.903,12.903,1,30,6306,139477.6,100.0,13,11.64
1786079160660,125,v1,0.0456,0.8806,0.3204,1.6658,0.9243,0.01902,0.0787,0.001788,0.716,1,13,67.34,0.783,1,5718,12.0,0.0,1,30,5827,170519.6,100.0,22,92.57
1786079162065,126,v1,0.0498,0.2187,0.3626,1.9181,0.754,0.02884,0.2307,0.002436,0.591,0,16,77.53,0.888,1,0,14.0,14.0,0,30,5565,148651.9,99.98,14,9.42
1786079164107,127,v1,0.0502,0.637,0.1802,1.372,0.1354,0.00695,0.2034,0.00141,0.593,1,18,33.46,0.477,1,509,16.217,14.753,0,30,5693,256658.1,84.14,16,5.45
1786079162913,128,v1,0.0397,0.3592,0.4764,1.7755,0.2556,0.00572,0.2375,0.003631,0.582,1,5,75.65,0.631,1,4909,4.0,1.011,1,30,6655,174130.7,100.0,13,78.12
1786079164290,129,v1,0.0644,0.4523,0.425,2.4657,0.9971,0.02474,0.1984,0.002921,0.706,1,25,48.56,0.607,1,740,13.509,11.852,1,30,6449,146971.6,100.0,13,11.77
1786079165622,130,v1,0.052,0.6505,0.2579,2.1319,0.6154,0.01284,0.1015,0.002263,0.69,0,4,96.63,0.681,1,0,3.0,3.0,1,30,5721,129293.2,100.0,13,8.95
1786079167427,131,v1,0.0113,0.2148,0.2247,1.7061,0.9085,0.01258,0.1333,0.001883,0.638,1,27,78.71,0.736,1,0,16.391,16.391,1,30,6093,155751.7,100.0,15,8.04
1786079163721,132,v1,0.0685,0.3017,0.2739,1.529,0.174,0.02835,0.2289,0.003046,0.619,1,9,70.91,0.938,1,2940,6.812,2.711,1,30,5874,110310.4,100.0,5,12.61
1786079165529,133,v1,0.0246,0.9911,0.1732,1.48,0.8504,0.0122,0.2319,0.003449,0.628,1,22,53.59,0.957,1,1333,13.0,10.326,1,30,6948,153423.3,100.0,13,30.58
1786079168744,134,v1,0.0114,0.7169,0.4523,2.0368,0.642,0.00747,0.1803,0.001376,0.638,0,34,36.76,0.931,1,0,0.0,0.0,0,30,6640,402345.8,0.0,-1,5.18
1786079169999,135,v1,0.0124,0.9373,0.1936,2.2934,0.93,0.02894,0.1414,0.00137,0.651,0,9,95.38,0.482,1,0,8.0,8.0,1,30,6400,148627.9,100.0,13,5.91
1786079165043,136,v1,0.0378,0.5708,0.1023,1.6746,0.77,0.01881,0.1701,0.001528,0.615,1,7,68.12,0.42,1,3091,6.0,2.583,0,30,5472,260964.5,38.39,16,5.72
1786079167438,137,v1,0.0321,0.5719,0.1391,1.6642,0.6042,0.02586,0.0865,0.003151,0.711,1,29,38.39,0.903,1,492,10.066,8.444,0,30,6683,321848.2,46.81,19,12.7
1786079169049,138,v1,0.0699,0.3124,0.3715,2.4188,0.9836,0.0163,0.1846,0.003117,0.678,1,34,78.29,0.891,1,1046,14.544,11.595,1,30,5726,127925.2,100.0,13,11.96
1786079172145,139,v1,0.012,0.6485,0.2531,1.4842,0.1152,0.02148,0.0559,0.002662,0.711,0,9,20.06,0.536,1,2508,8.0,6.048,0,30,7859,439209.2,0.0,-1,10.12
1786079165301,140,v1,0.0672,0.5872,0.3501,1.1213,0.3362,0.00971,0.1444,0.003244,0.591,1,4,55.41,0.887,1,4848,3.0,0.707,1,30,6431,146783.1,100.0,3,14.83
1786079166543,141,v1,0.0622,0.9959,0.4168,1.7632,0.6346,0.02309,0.2419,0.002604,0.585,1,7,31.25,0.428,1,610,4.556,4.068,1,30,5648,50979.9,100.0,4,9.79
1786079167960,142,v1,0.0535,0.8207,0.1537,2.3389,0.1069,0.01212,0.0501,0.003663,0.592,0,7,26.38,0.656,1,2328,6.0,4.331,1,30,5698,137159.8,100.0,13,49.35
1786079170299,143,v1,0.0199,0.5433,0.4616,1.0194,0.569,0.00559,0.2114,0.002755,0.707,0,13,86.3,0.595,1,0,12.0,12.0,0,30,5840,350451.4,0.0,-1,10.99
1786079166038,144,v1,0.0401,0.9813,0.196,1.5043,0.6154,0.01303,0.1214,0.002574,0.616,0,34,66.93,0.875,1,0,14.35,14.35,1,30,6375,143180.0,100.0,13,9.93
1786079167384,145,v1,0.0731,0.2868,0.3919,1.9925,0.9774,0.01599,0.1888,0.003209,0.59,1,30,71.97,0.924,1,0,8.974,8.974,1,30,6424,73439.2,100.0,5,12.2
1786079169199,146,v1,0.077,0.7717,0.2366,1.5799,0.3675,0.00359,0.2151,0.003723,0.606,1,30,24.19,0.811,1,0,13.955,13.955,1,30,6908,143553.7,100.0,13,13.88
1786079170695,147,v1,0.0534,0.4779,0.1693,1.0204,0.551,0.02824,0.2026,0.00351,0.686,1,34,83.81,0.538,1,0,14.352,14.352,1,30,6538,139144.8,100.0,13,13.26
1786079166962,148,v1,0.0436,0.2077,0.3692,2.1371,0.9535,0.00628,0.1095,0.002378,0.65,1,20,59.32,0.748,1,0,13.776,13.776,1,30,6727,150751.4,100.0,13,8.98
1786079168979,149,v1,0.019,0.7969,0.3846,1.4175,0.66,0.01736,0.1944,0.00252,0.634,0,21,40.83,0.772,1,0,18.014,18.014,0,30,6584,220332.6,85.59,17,9.75
1786079171105,150,v1,0.0451,0.4808,0.2736,1.7647,0.2443,0.01554,0.2338,0.002684,0.708,0,11,89.47,0.934,1,0,10.0,10.0,0,30,6358,308512.8,80.25,18,10.81
1786079173394,151,v1,0.0233,0.9541,0.1508,1.0776,0.2402,0.01533,0.2265,0.003536,0.699,0,6,74.57,0.462,1,1853,5.0,4.01,0,30,5727,333810.5,0.0,-1,13.43
1786079168201,152,v1,0.0292,0.6683,0.3572,1.3077,0.9787,0.02505,0.2046,0.001234,0.714,1,25,57.06,0.592,1,458,10.058,8.598,0,30,6203,316422.4,46.44,18,5.35
1786079169463,153,v1,0.0687,0.7914,0.4598,1.234,0.4685,0.01171,0.0791,0.001773,0.621,1,25,39.67,0.639,1,810,10.731,9.36,1,30,6452,105502.3,100.0,7,6.28
1786079171716,154,v1,0.0553,0.5137,0.4512,2.0405,0.5063,0.00728,0.1342,0.003681,0.691,0,16,71.34,0.599,1,2599,15.0,9.27,0,30,6210,314667.2,48.02,18,13.32
1786079173921,155,v1,0.0747,0.7641,0.3653,1.8015,0.7207,0.01186,0.1611,0.001924,0.711,1,23,68.23,0.956,1,958,17.956,15.119,0,30,6291,288453.2,86.93,17,7.79
1786079169526,156,v1,0.0289,0.4558,0.3593,1.7878,0.7872,0.0114,0.1158,0.001827,0.691,1,25,39.37,0.781,1,970,14.537,12.127,1,30,6049,149149.9,100.0,14,20.22
1786079171308,157,v1,0.0162,0.638,0.3442,2.118,0.1332,0.03048,0.1964,0.002987,0.7,1,12,59.09,0.423,1,3275,11.0,4.926,1,30,6119,157640.6,100.0,13,60.12
1786079172784,158,v1,0.0524,0.2116,0.2913,1.7103,0.283,0.03121,0.1107,0.001232,0.611,1,25,80.34,0.349,1,0,12.272,12.272,1,30,6005,118543.1,100.0,9,4.68
1786079175364,159,v1,0.0186,0.528,0.3777,1.3327,0.4266,0.01082,0.1734,0.002572,0.629,0,10,57.54,0.769,1,3078,9.0,5.624,0,30,6546,341919.4,28.31,19,9.49
1786079172328,160,v1,0.0167,0.2567,0.1874,1.8999,0.7436,0.02625,0.1703,0.002441,0.714,1,15,38.37,0.707,1,3372,14.0,5.459,1,30,5722,153254.8,100.0,14,66.03
1786079174123,161,v1,0.059,0.5157,0.4732,1.6613,0.4505,0.02716,0.0787,0.002693,0.614,0,19,80.2,0.484,1,0,14.916,14.916,0,30,6531,169365.2,89.36,14,9.68
1786079175805,162,v1,0.0334,0.5252,0.3159,1.0165,0.3933,0.02478,0.1284,0.002872,0.679,0,33,73.38,0.389,1,0,19.426,19.426,0,30,5885,185643.4,87.31,17,10.99
1786079177297,163,v1,0.0797,0.6389,0.111,1.8664,0.3076,0.01582,0.0653,0.002559,0.703,0,7,75.72,0.395,1,0,6.0,6.0,1,30,6159,143230.8,100.0,13,9.92
1786079172938,164,v1,0.0515,0.8056,0.4338,2.3538,0.9388,0.00304,0.052,0.002977,0.585,0,15,83.34,0.443,1,0,12.643,12.643,1,30,6190,140085.7,100.0,13,11.47
1786079175418,165,v1,0.0402,0.6604,0.3919,1.1977,0.5163,0.01005,0.0533,0.001213,0.644,0,15,64.27,0.791,1,3862,14.0,6.71,0,30,6446,329995.4,33.98,17,4.11
1786079177040,166,v1,0.0529,0.2226,0.4818,1.8392,0.5614,0.00835,0.1969,0.003257,0.672,1,25,47.33,0.598,1,826,14.264,12.11,1,30,5892,136548.1,100.0,13,12.42
1786079178551,167,v1,0.0744,0.2501,0.4349,2.1708,0.5528,0.00407,0.189,0.00236,0.612,1,26,40.28,0.938,1,986,11.993,10.084,1,30,6436,117971.5,100.0,7,9.09
1786079173714,168,v1,0.0481,0.244,0.4078,1.1187,0.3373,0.02557,0.0653,0.001464,0.685,0,14,87.29,0.99,1,0,13.0,13.0,0,30,5874,180871.7,85.35,16,5.7
1786079175347,169,v1,0.0369,0.3438,0.2723,2.3438,0.7393,0.00864,0.0519,0.001691,0.596,0,14,46.97,0.694,1,0,13.0,13.0,1,30,6284,144111.2,100.0,13,6.38
1786079178216,170,v1,0.0368,0.841,0.2802,1.3889,0.6578,0.02807,0.1238,0.001541,0.684,1,13,64.77,0.794,1,6080,12.0,0.837,0,30,6668,400628.4,5.87,-1,6.16
1786079180040,171,v1,0.0723,0.8873,0.2504,1.431,0.4302,0.01249,0.1747,0.003076,0.64,0,28,22.31,0.613,1,472,17.588,16.362,0,30,6445,234896.5,96.7,16,11.42
1786079175298,172,v1,0.0572,0.6421,0.2697,2.4472,0.8384,0.00507,0.17,0.002891,0.626,1,17,59.62,0.304,1,2115,16.0,10.771,0,30,6787,306941.6,59.25,17,11.24
1786079177017,173,v1,0.0729,0.7123,0.1237,1.8818,0.2543,0.01073,0.114,0.00252,0.659,1,33,66.73,0.991,1,0,14.29,14.29,1,30,6341,138367.4,100.0,13,8.93
1786079179454,174,v1,0.0371,0.9974,0.4819,2.2585,0.674,0.03009,0.1041,0.00263,0.654,1,8,38.98,0.558,1,5139,7.0,1.52,0,30,6681,337296.9,20.06,16,9.98
1786079181244,175,v1,0.0285,0.3947,0.3025,2.088,0.339,0.02655,0.0864,0.00157,0.665,0,36,51.69,0.752,1,0,20.503,20.503,0,30,5739,188216.6,84.22,17,5.63
1786079175571,176,v1,0.0619,0.8975,0.236,1.474,0.4889,0.01438,0.0932,0.003301,0.645,0,23,54.01,0.99,1,0,16.919,16.919,0,30,5845,173473.5,90.07,16,13.07
1786079177439,177,v1,0.0738,0.945,0.1461,1.5886,0.8866,0.02759,0.1781,0.003441,0.647,0,15,72.52,0.875,1,0,14.0,14.0,0,30,7109,192175.6,84.35,15,13.29
1786079179243,178,v1,0.0607,0.4698,0.266,1.781,0.9068,0.01503,0.1138,0.00178,0.668,1,25,57.91,0.37,1,1,17.954,17.951,0,30,5683,178647.8,93.72,17,7.18
1786079181431,179,v1,0.0448,0.9563,0.3299,1.2757,0.7125,0.02999,0.215,0.002266,0.65,0,13,49.03,0.936,1,3210,12.0,6.848,0,30,6421,274917.5,42.07,15,8.97
1786079176156,180,v1,0.0782,0.9396,0.1339,1.6239,0.9051,0.02978,0.103,0.001666,0.639,0,33,23.42,0.961,1,0,14.109,14.109,1,30,5860,131189.5,100.0,13,6.3
1786079177771,181,v1,0.0179,0.2217,0.1963,1.5127,0.5096,0.00916,0.0585,0.001714,0.648,0,19,91.14,0.685,1,0,14.706,14.706,1,30,6919,157358.3,100.0,14,6.94
1786079179324,182,v1,0.055,0.3975,0.4431,1.5144,0.9837,0.00349,0.0805,0.003315,0.61,0,32,84.48,0.793,1,0,18.787,18.787,0,30,5814,174822.4,90.13,16,12.37
1786079181155,183,v1,0.0213,0.2501,0.4038,1.5928,0.4629,0.01308,0.207,0.001237,0.719,1,7,46.62,0.949,1,6205,6.0,0.0,1,30,6249,181751.2,0.0,-1,100.0
1786079177980,184,v1,0.0376,0.2865,0.1681,1.4906,0.3502,0.02304,0.1803,0.001296,0.686,0,19,94.72,0.608,1,0,17.622,17.622,0,30,6087,244543.4,92.25,17,4.91
1786079179518,185,v1,0.0444,0.5337,0.3352,1.2515,0.9765,0.00523,0.1314,0.001535,0.701,1,31,33.89,0.722,1,0,14.992,14.992,1,30,5909,137894.1,100.0,13,5.89
1786079181233,186,v1,0.0224,0.5565,0.1964,1.6394,0.8201,0.01612,0.2121,0.001289,0.6,1,28,73.53,0.951,1,0,14.002,14.002,1,30,6381,146597.6,100.0,13,5.39
1786079182370,187,v1,0.0593,0.2977,0.4582,2.1608,0.4857,0.02711,0.0624,0.002671,0.651,1,19,25.49,0.932,1,0,12.754,12.754,1,30,5935,128903.0,100.0,13,10.4
1786079180598,188,v1,0.0156,0.776,0.3441,1.4857,0.8079,0.00917,0.0773,0.001844,0.625,0,7,66.53,0.904,1,3274,6.0,3.722,0,30,5812,337860.6,0.0,-1,6.85
1786079181813,189,v1,0.0357,0.6825,0.4849,0.9011,0.2062,0.02108,0.111,0.003273,0.601,0,23,39.16,0.845,1,0,8.059,8.059,1,30,6081,71708.3,100.0,5,12.07
1786079183223,190,v1,0.0408,0.383,0.374,1.2451,0.8683,0.01594,0.1345,0.002159,0.634,0,24,26.39,0.467,1,0,17.305,17.305,0,30,6099,186014.8,86.65,16,8.48
1786079184197,191,v1,0.0239,0.6857,0.3669,2.3987,0.8441,0.00637,0.1876,0.003246,0.694,1,10,28.6,0.515,1,3374,9.0,3.893,1,30,6145,158016.0,100.0,14,62.0
1786079181022,192,v1,0.0247,0.8457,0.4937,1.6676,0.7081,0.01906,0.1045,0.001449,0.633,1,34,62.4,0.758,1,0,19.729,19.729,0,30,6542,214366.8,86.27,17,5.21
1786079182291,193,v1,0.0766,0.8447,0.1537,1.283,0.6377,0.0089,0.2039,0.003096,0.715,1,28,23.17,0.556,1,730,14.031,12.1,1,30,5687,126821.9,100.0,13,11.01
1786079183511,194,v1,0.0455,0.9227,0.1051,2.4192,0.7163,0.00984,0.1078,0.003585,0.661,1,12,41.69,0.716,1,5347,11.0,1.99,1,30,6774,180965.1,100.0,24,84.12
1786079184681,195,v1,0.0701,0.6135,0.3303,2.4017,0.2039,0.02049,0.2166,0.001632,0.622,1,34,55.53,0.887,1,1013,18.383,15.409,0,30,6531,216281.1,85.04,15,5.89
1786079182209,196,v1,0.0372,0.8183,0.276,1.031,0.9617,0.01288,0.1299,0.001745,0.612,0,22,40.99,0.949,1,0,11.593,11.593,1,30,6197,127232.9,100.0,9,6.62
1786079183656,197,v1,0.0786,0.2288,0.2891,1.8867,0.4543,0.02905,0.2371,0.00274,0.687,0,7,57.04,0.533,1,2254,6.0,4.554,0,30,6342,279108.2,60.79,16,10.14
1786079185144,198,v1,0.0369,0.9882,0.2847,2.1531,0.7839,0.00452,0.1722,0.002135,0.581,0,17,48.19,0.791,1,3210,16.0,8.601,0,30,6266,320963.7,40.56,17,7.63
1786079186328,199,v1,0.0313,0.9566,0.474,1.6804,0.2851,0.00361,0.2036,0.003344,0.7,1,9,90.37,0.967,1,6989,8.0,0.0,0,30,7195,401775.4,0.0,-1,13.38
1786079193276,200,v1,0.0421,0.3913,0.3158,2.0808,0.7561,0.00631,0.2198,0.002488,0.628,0,8,42.42,0.584,1,2085,7.0,5.388,0,30,6584,322334.0,56.85,18,9.11
1786079194962,201,v1,0.0731,0.9848,0.4633,1.9508,0.8043,0.01121,0.0965,0.003267,0.604,1,6,95.99,0.325,1,2463,4.982,3.136,1,30,6795,158792.1,100.0,13,13.32
1786079196967,202,v1,0.0685,0.4451,0.2586,0.9233,0.6062,0.03067,0.0704,0.00305,0.64,1,10,98.32,0.641,1,4420,9.0,1.52,0,30,5468,287419.7,15.76,-1,12.02
1786079198383,203,v1,0.0174,0.2843,0.3799,2.1424,0.4744,0.02622,0.1692,0.001963,0.699,1,10,40.5,0.693,1,4817,9.0,1.382,1,30,5778,163185.2,100.0,24,85.91
1786079193405,204,v1,0.0133,0.6911,0.3416,1.3005,0.7533,0.02814,0.2001,0.001871,0.663,1,26,97.55,0.409,1,0,17.275,17.275,0,30,6107,234030.3,81.2,18,7.25
1786079195082,205,v1,0.0798,0.8322,0.3487,1.215,0.1,0.03113,0.0924,0.003623,0.654,1,23,58.55,0.674,1,939,15.857,13.325,0,30,6280,203687.4,96.54,15,13.66
1786079196155,206,v1,0.0633,0.4117,0.285,0.8607,0.4306,0.02883,0.1722,0.001304,0.598,1,17,87.96,0.685,1,0,8.019,8.019,1,30,6213,71129.9,100.0,3,4.94
1786079197870,207,v1,0.056,0.527,0.1064,0.8585,0.5662,0.00349,0.1445,0.002732,0.63,1,16,77.83,0.657,1,0,13.0,13.0,1,30,6725,150440.6,100.0,13,10.35
1786079193758,208,v1,0.0583,0.2868,0.4632,0.9369,0.6322,0.0069,0.2313,0.003531,0.617,0,25,37.8,0.602,1,0,16.952,16.952,0,30,5778,168831.8,94.22,15,13.43
1786079195390,209,v1,0.0481,0.9043,0.277,2.046,0.6444,0.02201,0.1151,0.003644,0.667,0,18,55.14,0.958,1,0,13.0,13.0,1,30,6537,142087.9,100.0,13,13.49
1786079196521,210,v1,0.0244,0.291,0.105,0.9313,0.938,0.02126,0.0886,0.001896,0.69,1,4,22.46,0.372,1,2428,3.0,1.669,1,30,5513,132776.2,100.0,14,48.85
1786079198305,211,v1,0.0556,0.5115,0.4296,0.8127,0.7099,0.01919,0.1422,0.003476,0.667,1,35,57.01,0.67,1,839,18.716,15.901,0,30,6224,191016.9,85.44,15,13.0
1786079194377,212,v1,0.063,0.9503,0.38,1.476,0.6995,0.02633,0.1109,0.001994,0.619,0,20,68.51,0.52,1,0,15.244,15.244,0,30,6279,172530.8,92.77,14,7.77
1786079196066,213,v1,0.0523,0.3122,0.2062,1.0704,0.9933,0.01247,0.1382,0.003533,0.641,0,11,70.65,0.803,1,3262,10.0,5.945,1,30,6660,166491.1,100.0,13,13.35
1786079198035,214,v1,0.0761,0.9107,0.4769,2.0388,0.4425,0.00383,0.0766,0.002596,0.715,1,36,83.38,0.434,1,0,24.387,24.387,0,30,6256,294392.2,83.54,18,10.18
1786079199983,215,v1,0.0344,0.6894,0.3838,2.0739,0.8425,0.02207,0.1216,0.003669,0.677,1,20,24.81,0.917,1,815,17.875,15.288,0,30,5951,212842.2,85.25,17,14.5
1786079195060,216,v1,0.0467,0.6419,0.4326,2.3654,0.7861,0.02935,0.0634,0.002161,0.656,0,23,36.79,0.69,1,0,16.621,16.621,0,30,6300,181683.4,88.03,15,8.43
1786079196821,217,v1,0.065,0.4543,0.3958,2.2017,0.4918,0.01999,0.0805,0.002102,0.632,0,22,25.94,0.906,1,659,16.376,14.935,0,30,6856,208985.1,91.78,15,8.62
1786079198192,218,v1,0.064,0.3659,0.3803,1.3212,0.5145,0.01727,0.1116,0.002526,0.637,1,35,72.14,0.809,1,0,12.399,12.399,1,30,6256,113201.1,100.0,8,10.01
1786079199750,219,v1,0.0789,0.9755,0.4064,1.9863,0.1166,0.01923,0.0505,0.002572,0.597,1,36,46.34,0.694,1,785,12.397,10.747,1,30,6407,114623.9,100.0,4,9.32
1786079195506,220,v1,0.0753,0.6798,0.2005,1.1662,0.441,0.03131,0.0523,0.002898,0.717,0,31,25.43,0.85,1,0,14.36,14.36,1,30,6597,147316.6,100.0,13,10.99
1786079197894,221,v1,0.0325,0.9489,0.4104,1.0138,0.1501,0.00459,0.1118,0.001295,0.669,0,10,47.18,0.378,1,1269,9.0,7.549,0,30,6189,361262.6,12.5,-1,4.81
1786079199548,222,v1,0.0562,0.7157,0.2909,2.0076,0.8884,0.00509,0.0845,0.001645,0.71,0,19,58.33,0.642,1,0,13.324,13.324,1,30,6329,141628.1,100.0,13,6.11
1786079201000,223,v1,0.0124,0.3409,0.1666,2.4421,0.894,0.00485,0.2383,0.002638,0.669,1,22,41.89,0.664,1,922,16.833,13.722,1,30,5288,140091.5,100.0,17,28.84
1786079195890,224,v1,0.058,0.3647,0.1022,1.4122,0.1933,0.02051,0.2394,0.003559,0.669,1,15,74.92,0.651,1,0,13.0,13.0,1,30,6681,151078.4,100.0,13,12.95
1786079197918,225,v1,0.0309,0.8331,0.1167,2.2998,0.9003,0.02537,0.1718,0.001704,0.644,0,18,42.34,0.983,1,1212,16.698,13.849,0,30,6568,251763.7,69.5,16,6.61
1786079200211,226,v1,0.0305,0.5095,0.2803,1.9687,0.2039,0.01242,0.1191,0.001457,0.646,1,20,60.54,0.766,1,1640,18.799,13.763,0,30,6351,333436.2,64.4,18,5.45
1786079203180,227,v1,0.038,0.5473,0.3758,1.0545,0.2147,0.01173,0.1243,0.002769,0.704,0,19,53.45,0.54,1,2389,18.0,11.992,0,30,6719,364779.8,34.13,19,11.49
1786079201104,228,v1,0.0436,0.3231,0.1538,2.2367,0.9027,0.00995,0.1632,0.002538,0.599,1,12,29.32,0.54,1,4617,11.0,2.526,0,30,6149,355388.5,19.71,-1,9.63
1786079203016,229,v1,0.0641,0.9461,0.345,1.0913,0.6505,0.00494,0.1735,0.001226,0.655,0,29,83.09,0.61,1,0,18.636,18.636,0,30,6184,218752.3,98.63,17,4.5
1786079204316,230,v1,0.0125,0.9203,0.3494,1.9327,0.7057,0.0182,0.0642,0.003441,0.607,0,27,46.49,0.708,1,0,13.865,13.865,1,30,6090,137158.0,100.0,13,12.99
1786079205878,231,v1,0.042,0.5488,0.4179,0.814,0.6096,0.01003,0.1802,0.003439,0.639,0,5,33.53,0.811,1,3188,4.0,2.901,1,30,5882,136053.3,100.0,13,34.67
1786079201684,232,v1,0.0228,0.4797,0.4121,1.2948,0.6848,0.00316,0.2324,0.002219,0.655,0,16,21.22,0.979,1,3176,15.0,8.098,0,30,6208,353794.4,0.0,-1,8.83
1786079204450,233,v1,0.0273,0.633,0.1315,1.7825,0.8467,0.00879,0.2269,0.001971,0.688,1,30,45.94,0.56,1,0,0.0,0.0,0,30,6599,388698.8,0.0,-1,7.47
1786079207269,234,v1,0.0399,0.7701,0.44,2.0374,0.3762,0.02619,0.0932,0.002012,0.63,1,4,95.0,0.89,1,6067,3.0,0.0,0,30,6106,364140.3,0.0,-1,8.04
1786079208853,235,v1,0.0561,0.7683,0.3208,1.4709,0.1073,0.0229,0.2347,0.003462,0.673,1,25,49.04,0.352,1,501,12.817,11.808,1,30,6846,142096.5,100.0,13,12.93
1786079201140,236,v1,0.053,0.9797,0.3342,2.0217,0.4797,0.02827,0.1522,0.002532,0.653,1,30,36.97,0.824,1,0,14.265,14.265,1,30,5306,113594.0,100.0,13,8.9
1786079203819,237,v1,0.0368,0.5764,0.2571,2.242,0.9405,0.00383,0.1966,0.002416,0.677,1,30,42.66,0.864,1,0,0.0,0.0,0,30,6806,398107.9,0.0,-1,9.48
1786079205554,238,v1,0.0621,0.5502,0.2787,2.1469,0.1703,0.00708,0.133,0.002725,0.62,1,4,80.82,0.683,1,5155,3.0,0.6,1,30,6488,175061.2,100.0,20,82.06
1786079206870,239,v1,0.0476,0.5144,0.414,1.3548,0.963,0.02353,0.176,0.001391,0.693,0,22,66.27,0.531,1,0,13.0,13.0,1,30,5794,132297.8,100.0,13,5.61
1786079202728,240,v1,0.0521,0.361,0.2707,2.2639,0.6354,0.02774,0.2152,0.001729,0.637,0,5,61.61,0.628,1,2495,4.0,3.206,0,30,6329,256098.5,52.96,15,6.72
1786079204220,241,v1,0.0504,0.2439,0.1578,1.2262,0.8945,0.02659,0.1306,0.002456,0.659,1,11,86.8,0.763,1,3229,9.723,4.767,1,30,6678,143395.4,100.0,9,14.56
1786079205907,242,v1,0.0387,0.5342,0.337,1.3204,0.2758,0.01947,0.1985,0.001446,0.587,0,32,52.3,0.311,1,0,17.099,17.099,0,30,6254,172751.5,90.2,14,5.66
1786079208139,243,v1,0.0418,0.8137,0.445,1.2825,0.7655,0.00587,0.0894,0.003277,0.671,0,13,73.07,0.974,1,0,12.0,12.0,0,30,5944,277789.6,60.38,18,12.2
1786079203724,244,v1,0.0206,0.7823,0.1537,1.0698,0.9566,0.00815,0.0576,0.002822,0.684,1,9,99.02,0.394,1,3547,8.0,3.547,0,30,6530,389587.0,0.0,-1,11.39
1786079206073,245,v1,0.0233,0.6663,0.4947,1.6,0.2334,0.00496,0.1652,0.001772,0.646,1,18,75.86,0.928,1,5749,17.0,0.0,0,30,5926,375083.8,0.0,-1,6.38
1786079207948,246,v1,0.0326,0.7712,0.3099,2.3644,0.5388,0.01618,0.0739,0.002399,0.612,0,5,48.37,0.993,1,4535,4.0,2.505,1,30,6117,161335.2,100.0,13,76.84
1786079209495,247,v1,0.0447,0.5398,0.2101,1.924,0.9106,0.00318,0.0687,0.001934,0.621,1,25,56.97,0.862,1,886,13.513,11.337,1,30,5706,133827.2,100.0,13,7.27
1786079204776,248,v1,0.0165,0.7467,0.4255,1.5077,0.1889,0.02054,0.1168,0.001676,0.601,1,12,99.78,0.778,1,6571,11.0,0.673,0,30,7141,416905.6,5.49,-1,6.61
1786079205988,249,v1,0.0651,0.7245,0.1666,1.1946,0.9993,0.01085,0.1895,0.001647,0.657,0,25,68.8,0.704,1,0,12.296,12.296,1,30,5714,115959.4,100.0,10,6.09
1786079208526,250,v1,0.0633,0.8081,0.4581,1.2887,0.2171,0.00879,0.0833,0.00235,0.686,1,36,43.24,0.38,1,1118,23.388,18.957,0,30,6521,284740.9,88.63,17,9.2
1786079209887,251,v1,0.0176,0.6523,0.3792,2.3425,0.3522,0.00758,0.1517,0.002059,0.622,1,25,96.84,0.362,1,0,13.528,13.528,1,30,5856,134384.7,100.0,13,7.6
1786079205483,252,v1,0.0786,0.2691,0.4726,0.8016,0.7059,0.01442,0.1485,0.002142,0.662,1,33,44.05,0.818,1,940,18.34,15.523,0,30,6506,206484.1,95.73,15,7.87
1786079207003,253,v1,0.0739,0.5504,0.1747,1.6572,0.1329,0.00631,0.1055,0.001996,0.652,0,30,42.92,0.713,1,0,14.278,14.278,1,30,6526,151171.0,100.0,13,7.17
1786079209364,254,v1,0.0201,0.6811,0.1725,1.6049,0.5742,0.03027,0.2326,0.00215,0.713,1,26,70.39,0.568,1,282,10.103,9.055,0,30,5540,258868.3,48.04,19,8.25
1786079211737,255,v1,0.0281,0.9975,0.4372,2.3785,0.8489,0.02694,0.1683,0.002018,0.716,0,22,65.47,0.651,1,0,6.366,6.366,0,30,6256,334604.1,32.97,19,7.24
1786079208522,256,v1,0.0173,0.3877,0.3247,2.0892,0.3267,0.02692,0.1796,0.001432,0.625,1,9,23.58,0.793,1,6833,8.0,0.0,1,30,6902,199447.9,0.0,-1,100.0
1786079211376,257,v1,0.0451,0.8371,0.2797,0.9737,0.6533,0.0265,0.1701,0.001583,0.685,1,8,46.63,0.891,1,5941,7.0,0.0,0,30,6016,366552.3,0.0,-1,6.43
1786079212748,258,v1,0.0628,0.5206,0.4407,1.1704,0.6121,0.02251,0.213,0.001309,0.598,0,10,56.11,0.969,1,1247,5.566,4.219,1,30,6538,72942.8,100.0,3,4.96
1786079214852,259,v1,0.0371,0.5293,0.4842,1.1251,0.6856,0.02239,0.2254,0.001227,0.684,0,21,97.7,0.91,1,0,17.421,17.421,0,30,6373,207427.3,89.08,17,4.36
1786079209413,260,v1,0.0223,0.6643,0.239,1.3783,0.6597,0.0161,0.1711,0.003546,0.593,0,8,20.84,0.982,1,4138,6.991,3.751,1,30,6544,171960.7,100.0,13,69.38
1786079211310,261,v1,0.0581,0.7681,0.1502,1.2497,0.1443,0.00662,0.168,0.002733,0.663,0,36,28.59,0.514,1,538,24.008,21.422,0,30,5184,229514.5,89.42,17,10.53
1786079212931,262,v1,0.0696,0.7238,0.3414,1.9244,0.3984,0.01847,0.1511,0.001889,0.681,1,9,93.57,0.321,1,2177,8.0,5.101,1,30,6095,146887.0,100.0,13,10.76
1786079214340,263,v1,0.034,0.3798,0.4105,1.934,0.6091,0.00666,0.2336,0.003405,0.584,1,11,70.56,0.479,1,3753,10.0,3.828,1,30,6290,149867.6,100.0,13,66.5
1786079211455,264,v1,0.0259,0.4525,0.1818,2.4283,0.8214,0.01523,0.242,0.003521,0.653,0,9,30.65,0.95,1,3818,8.0,4.361,0,30,6480,358689.1,13.57,-1,13.58
1786079213829,265,v1,0.0531,0.5227,0.3717,1.7775,0.7308,0.0125,0.1974,0.002306,0.648,0,11,59.41,0.839,1,3587,10.0,5.534,0,30,6584,342579.1,37.72,17,8.7
1786079215719,266,v1,0.035,0.6669,0.1132,1.2561,0.5162,0.02871,0.197,0.002817,0.635,0,6,87.06,0.321,1,0,5.0,5.0,0,30,6356,193094.0,96.78,16,11.12
1786079217464,267,v1,0.0227,0.4491,0.1087,1.3335,0.391,0.012,0.077,0.003255,0.621,1,19,31.54,0.768,1,0,13.0,13.0,1,30,6197,142954.3,100.0,13,11.72
1786079211229,268,v1,0.0672,0.4526,0.4017,1.6901,0.299,0.0295,0.0583,0.002984,0.591,0,18,61.06,0.581,1,0,14.158,14.158,0,30,5945,153872.9,95.06,13,11.15
1786079212713,269,v1,0.0478,0.809,0.2264,0.9855,0.485,0.0231,0.1471,0.001926,0.637,0,14,92.28,0.864,1,0,11.822,11.822,1,30,6445,124496.1,100.0,10,7.14
1786079214202,270,v1,0.0471,0.9038,0.4924,1.5173,0.8618,0.02413,0.1458,0.003059,0.587,1,4,81.04,0.835,1,4407,3.0,0.905,1,30,6373,134216.9,100.0,3,52.44
1786079216279,271,v1,0.0622,0.3916,0.3816,1.4852,0.6012,0.00482,0.1406,0.00202,0.622,0,34,57.89,0.806,1,0,18.99,18.99,0,30,7099,224100.7,87.27,16,7.66
1786079211833,272,v1,0.0529,0.4546,0.4854,1.1749,0.6372,0.00497,0.0864,0.003417,0.648,1,4,50.58,0.674,1,4849,3.0,0.454,1,30,5775,156944.6,100.0,19,42.39
1786079213753,273,v1,0.0767,0.281,0.261,1.6702,0.7541,0.01989,0.1276,0.00133,0.693,1,32,65.63,0.809,1,0,18.856,18.856,0,30,5932,185913.6,91.55,16,4.62
1786079215467,274,v1,0.0311,0.32,0.1044,1.8114,0.111,0.00377,0.195,0.001271,0.598,0,9,78.03,0.394,1,0,8.0,8.0,1,30,6429,149813.0,100.0,13,5.13
1786079217276,275,v1,0.0479,0.2346,0.3683,1.773,0.7607,0.01615,0.2297,0.003503,0.686,1,28,22.79,0.419,1,557,14.925,13.571,1,30,6704,157496.4,100.0,14,13.56
1786079213244,276,v1,0.0285,0.9277,0.4425,1.5078,0.3017,0.02473,0.135,0.002271,0.584,0,23,67.33,0.65,1,0,14.61,14.61,0,30,7969,191703.0,87.93,13,8.48
1786079215517,277,v1,0.0313,0.3078,0.4033,1.9719,0.1444,0.02308,0.0911,0.002344,0.712,0,5,88.57,0.457,1,0,4.0,4.0,0,30,6395,301288.4,47.89,18,9.32
1786079217545,278,v1,0.0771,0.9294,0.3225,1.9816,0.7188,0.01568,0.0529,0.00345,0.612,0,13,68.73,0.896,1,3323,12.0,5.697,0,30,5498,271763.3,31.03,15,13.17
1786079218951,279,v1,0.0124,0.5817,0.3644,2.1736,0.465,0.02559,0.0986,0.001457,0.625,1,35,45.28,0.546,1,720,14.545,12.657,1,30,5792,132828.1,100.0,13,6.13
1786079214493,280,v1,0.0723,0.9405,0.4189,1.8323,0.3117,0.01972,0.2131,0.001415,0.661,1,34,63.7,0.477,1,0,19.354,19.354,0,30,6537,244267.6,99.22,16,5.4
1786079216154,281,v1,0.0417,0.5045,0.1109,1.3831,0.3986,0.01835,0.0917,0.003286,0.657,0,8,80.21,0.479,1,0,7.0,7.0,1,30,6353,142373.9,100.0,13,12.94
1786079217619,282,v1,0.0263,0.2871,0.144,2.3269,0.2898,0.01532,0.1215,0.003663,0.655,0,22,84.7,0.551,1,0,13.896,13.896,1,30,5790,134935.4,100.0,14,13.9
1786079219069,283,v1,0.0329,0.6506,0.1022,2.2584,0.893,0.01201,0.181,0.003288,0.679,0,34,85.18,0.855,1,0,15.011,15.011,1,30,6005,139671.7,100.0,13,12.69
1786079216326,284,v1,0.0408,0.8786,0.2301,1.6588,0.6287,0.02005,0.2162,0.002689,0.633,1,15,51.72,0.656,1,0,13.0,13.0,1,30,5671,130767.4,100.0,13,10.0
1786079218011,285,v1,0.0578,0.5771,0.2807,1.962,0.2554,0.03171,0.061,0.002309,0.672,0,6,85.99,0.765,1,0,5.0,5.0,0,30,6414,187856.1,97.67,16,8.62
1786079219639,286,v1,0.034,0.8513,0.4839,2.0593,0.8069,0.02463,0.0644,0.002148,0.711,0,27,28.24,0.9,1,693,13.851,12.552,1,30,6601,146481.3,100.0,13,14.12
1786079221403,287,v1,0.0436,0.9704,0.1781,2.1365,0.634,0.01243,0.2194,0.003461,0.689,0,23,36.13,0.847,1,0,11.598,11.598,0,30,5988,304692.0,58.42,19,13.19
1786079217342,288,v1,0.0122,0.5235,0.3534,1.419,0.4843,0.02895,0.0534,0.00369,0.594,1,27,24.46,0.701,1,749,11.956,10.294,1,30,5855,102252.0,100.0,8,20.82
1786079219104,289,v1,0.0358,0.5068,0.3132,1.7248,0.266,0.0293,0.126,0.003486,0.717,0,15,81.99,0.952,1,0,14.0,14.0,0,30,6169,262973.6,88.08,18,12.71
1786079220015,290,v1,0.0692,0.3106,0.2497,0.8519,0.533,0.00668,0.1984,0.00159,0.613,0,30,25.9,0.673,1,0,10.445,10.445,1,30,6093,91564.6,100.0,6,6.11
1786079221427,291,v1,0.0488,0.6146,0.4515,2.4305,0.1558,0.00487,0.0731,0.002742,0.603,0,4,34.41,0.5,1,1777,3.0,2.717,1,30,6330,147323.2,100.0,13,35.64
1786079218478,292,v1,0.0405,0.6566,0.395,1.7272,0.6165,0.00566,0.1465,0.001541,0.705,0,26,50.57,0.63,1,0,14.603,14.603,1,30,6616,158096.8,100.0,14,6.02
1786079220221,293,v1,0.0711,0.2933,0.1764,2.4124,0.113,0.01393,0.1514,0.001298,0.69,1,27,69.8,0.671,1,0,19.776,19.776,0,30,5895,276101.7,87.99,17,5.63
1786079221436,294,v1,0.0406,0.615,0.4426,1.9412,0.4017,0.02106,0.1499,0.00216,0.671,0,20,81.26,0.657,1,0,13.0,13.0,1,30,5976,133346.1,100.0,13,9.22
1786079222219,295,v1,0.0116,0.5834,0.1573,1.1698,0.8767,0.02711,0.2462,0.001488,0.707,1,14,83.63,0.873,1,1564,13.0,9.412,1,30,5773,139781.2,100.0,13,31.91
1786079219272,296,v1,0.029,0.2592,0.3406,1.0951,0.2342,0.02816,0.1614,0.002494,0.654,1,27,99.85,0.605,1,0,17.75,17.75,0,30,5858,173258.3,85.19,16,9.66
1786079220548,297,v1,0.0101,0.5241,0.4506,2.0601,0.4979,0.02116,0.1732,0.002464,0.715,1,14,30.15,0.758,1,5343,13.0,0.577,1,30,5782,156060.3,100.0,27,96.0
1786079221739,298,v1,0.0668,0.4664,0.3499,1.0481,0.6166,0.01941,0.0997,0.002857,0.677,1,18,68.99,0.776,1,0,16.106,16.106,0,30,6124,181804.9,89.43,16,10.76
1786079222698,299,v1,0.0637,0.3773,0.1746,1.2191,0.805,0.02099,0.0599,0.002747,0.665,0,14,33.39,0.841,1,0,13.0,13.0,1,30,6376,145972.6,100.0,13,10.54
1786079228649,300,v1,0.0159,0.5462,0.4419,2.3779,0.4719,0.03059,0.1381,0.002903,0.65,0,27,59.15,0.537,1,0,18.621,18.621,0,30,5792,179912.0,84.2,17,11.46
1786079230870,301,v1,0.0681,0.3676,0.3457,1.6715,0.1926,0.02815,0.0873,0.00342,0.719,0,17,57.93,0.491,1,877,15.993,14.152,0,30,7041,290551.4,76.58,16,13.09
1786079232565,302,v1,0.0407,0.2616,0.3728,2.3316,0.9041,0.02658,0.0642,0.00283,0.614,0,29,63.34,0.981,1,0,17.144,17.144,0,30,6089,177783.8,84.41,15,9.66
1786079234134,303,v1,0.0389,0.6571,0.432,2.3826,0.3186,0.02481,0.1251,0.002492,0.657,0,21,56.57,0.604,1,0,13.0,13.0,1,30,6730,149613.2,100.0,13,9.88
1786079230101,304,v1,0.0683,0.3856,0.1736,1.3458,0.1112,0.02815,0.0866,0.002649,0.709,1,5,92.06,0.962,1,5657,4.0,0.0,0,30,5728,338000.5,0.0,-1,10.07
1786079232886,305,v1,0.0368,0.7964,0.357,2.0895,0.6985,0.01554,0.0681,0.001221,0.616,1,14,22.06,0.785,1,6399,13.0,1.505,0,30,7366,392785.4,10.79,-1,4.94
1786079234551,306,v1,0.0615,0.8876,0.3889,1.7457,0.8479,0.01833,0.1149,0.00309,0.705,1,27,25.97,0.518,1,531,13.702,12.415,1,30,6029,126730.8,100.0,13,11.54
1786079235998,307,v1,0.0256,0.3599,0.1471,2.4412,0.4779,0.00512,0.071,0.003228,0.624,1,5,28.33,0.89,1,6230,4.0,0.0,1,30,6310,181712.8,0.0,-1,100.0
1786079230146,308,v1,0.0598,0.8578,0.3399,2.4079,0.5927,0.00482,0.0878,0.002514,0.628,0,35,47.8,0.554,1,0,21.178,21.178,0,30,5396,222292.3,85.92,17,9.41
1786079231802,309,v1,0.0475,0.8872,0.3413,1.8323,0.9083,0.02689,0.1521,0.003228,0.7,1,36,41.97,0.945,1,1052,14.724,12.224,1,30,6873,157084.7,100.0,13,11.83
1786079233061,310,v1,0.0428,0.9226,0.3532,2.0105,0.2348,0.01184,0.2219,0.002116,0.591,1,25,87.48,0.74,1,0,11.289,11.289,1,30,6444,114216.7,100.0,7,8.55
1786079234810,311,v1,0.0156,0.6649,0.376,1.646,0.9116,0.03183,0.0797,0.003043,0.59,1,32,54.09,0.441,1,552,16.147,14.549,0,30,6087,161162.7,91.01,12,11.76
1786079230440,312,v1,0.0153,0.5508,0.3551,1.1592,0.2862,0.0132,0.2483,0.003352,0.582,0,36,64.38,0.857,1,0,19.124,19.124,0,30,6065,182589.4,84.11,16,13.01
1786079232259,313,v1,0.0295,0.6203,0.2735,1.8104,0.3093,0.00691,0.229,0.002229,0.648,0,23,50.38,0.486,1,0,13.206,13.206,1,30,6904,154203.2,100.0,13,8.2
1786079234700,314,v1,0.039,0.5267,0.196,1.5181,0.281,0.00333,0.0771,0.003146,0.695,1,25,54.68,0.783,1,402,3.61,2.261,0,30,6495,369028.5,18.14,-1,11.44
1786079236929,315,v1,0.0559,0.2093,0.1862,1.5058,0.5444,0.0084,0.0764,0.003351,0.711,1,26,21.39,0.654,1,1410,14.823,9.747,0,30,6019,317513.5,66.76,18,12.83
1786079231041,316,v1,0.039,0.9854,0.4943,2.4152,0.4216,0.02793,0.1616,0.001692,0.667,0,29,32.33,0.936,1,0,14.176,14.176,1,30,6381,146431.3,100.0,13,6.57
1786079232571,317,v1,0.0506,0.9644,0.1485,1.841,0.6719,0.00452,0.2442,0.001946,0.666,1,29,59.97,0.341,1,408,14.178,13.169,1,30,5997,137807.6,100.0,13,7.3
1786079234559,318,v1,0.0579,0.7709,0.3417,1.9453,0.9248,0.00312,0.1721,0.003403,0.704,1,30,79.41,0.839,1,0,13.297,13.297,0,30,5829,284337.5,60.72,19,11.48
1786079235622,319,v1,0.0418,0.5501,0.1774,2.3909,0.7295,0.02673,0.112,0.003366,0.606,0,4,81.1,0.639,1,0,3.0,3.0,1,30,5676,103842.2,100.0,8,12.54
1786079231754,320,v1,0.0624,0.8433,0.3098,2.4615,0.3998,0.03004,0.0905,0.002376,0.675,0,28,89.87,0.691,1,0,12.715,12.715,1,30,6667,132145.1,100.0,9,8.71
1786079233395,321,v1,0.0652,0.2334,0.1578,1.6201,0.8801,0.01741,0.1787,0.00303,0.644,0,24,83.89,0.917,1,0,16.989,16.989,0,30,7229,210310.2,96.8,16,11.27
1786079235184,322,v1,0.0605,0.4155,0.1895,2.2318,0.7651,0.0319,0.0832,0.003647,0.716,1,9,25.84,0.375,1,2728,8.0,4.658,1,30,6720,165755.1,100.0,13,49.82
1786079237086,323,v1,0.0101,0.3288,0.4051,1.8519,0.5215,0.02627,0.2009,0.003608,0.603,0,22,45.29,0.304,1,0,16.32,16.32,0,30,6174,181962.9,89.5,15,13.05
1786079232950,324,v1,0.0187,0.2853,0.1159,0.8213,0.4969,0.01352,0.1462,0.002804,0.708,0,29,98.99,0.486,1,0,0.0,0.0,0,30,6045,355345.8,0.0,-1,11.96
1786079235171,325,v1,0.0692,0.6384,0.1469,1.2629,0.2175,0.0096,0.1012,0.002419,0.661,1,12,24.38,0.374,1,2532,11.0,6.31,0,30,6089,302390.7,52.29,16,9.2
1786079236857,326,v1,0.0636,0.7231,0.1152,1.4734,0.9815,0.02187,0.2109,0.003165,0.689,0,14,75.92,0.974,1,0,12.444,12.444,1,30,5760,121546.3,100.0,12,11.58
1786079238786,327,v1,0.0642,0.8595,0.1185,1.2694,0.3509,0.02531,0.052,0.001502,0.7,0,18,32.5,0.894,1,0,16.604,16.604,0,30,6486,262639.0,91.9,16,5.75
1786079236565,328,v1,0.0532,0.6966,0.4845,1.5109,0.8306,0.00823,0.0797,0.002582,0.648,1,34,47.29,0.669,1,818,19.166,16.248,0,30,5815,191839.1,89.73,16,10.03
1786079239056,329,v1,0.0398,0.8208,0.1994,1.686,0.5715,0.01724,0.2457,0.001824,0.611,0,14,45.79,0.974,1,3903,13.0,5.631,0,30,5957,310816.4,30.16,16,6.93
1786079241520,330,v1,0.0771,0.9899,0.4015,1.8082,0.4484,0.01315,0.196,0.002929,0.689,1,13,91.73,0.782,1,5777,12.0,0.0,0,30,5965,359668.7,0.0,-1,10.46
1786079242802,331,v1,0.0479,0.3908,0.2259,1.6029,0.7941,0.01019,0.1123,0.00238,0.64,0,19,79.0,0.865,1,0,13.0,13.0,1,30,5955,135136.4,100.0,13,9.42
1786079237411,332,v1,0.0436,0.7977,0.2384,1.6697,0.7329,0.03044,0.1579,0.002624,0.715,1,31,31.27,0.777,1,917,19.419,16.454,0,30,6454,225428.9,87.12,17,10.32
1786079239105,333,v1,0.0793,0.7266,0.1261,1.3783,0.3368,0.00784,0.0886,0.002207,0.634,0,12,81.47,0.623,1,0,10.967,10.967,1,30,6643,146797.1,100.0,13,8.44
1786079241170,334,v1,0.0647,0.592,0.1588,0.928,0.1957,0.00777,0.2362,0.003376,0.643,1,20,68.87,0.526,1,0,16.785,16.785,0,30,6933,272875.6,90.01,16,13.08
1786079243643,335,v1,0.0429,0.4528,0.2541,1.3742,0.8742,0.01994,0.2319,0.003274,0.704,1,7,33.6,0.619,1,4468,6.0,1.289,0,30,5780,321642.8,18.94,-1,11.64
1786079237835,336,v1,0.0181,0.489,0.2675,2.2536,0.9736,0.02623,0.1813,0.001397,0.605,1,17,97.98,0.3,1,0,13.0,13.0,1,30,6304,140996.0,100.0,13,5.04
1786079239295,337,v1,0.0267,0.8556,0.2594,1.6134,0.5234,0.00401,0.0721,0.003741,0.623,1,16,81.15,0.601,1,0,13.0,13.0,1,30,5664,128295.5,100.0,13,13.17
1786079241071,338,v1,0.0276,0.8759,0.2185,1.8217,0.6433,0.01401,0.1209,0.003151,0.615,0,9,79.79,0.632,1,0,8.0,8.0,0,30,6453,215342.8,85.12,17,12.18
1786079242330,339,v1,0.0464,0.6586,0.4984,1.554,0.9719,0.03137,0.0826,0.00135,0.631,0,24,38.6,0.95,1,0,10.973,10.973,1,30,6060,100017.5,100.0,8,4.74
1786079238696,340,v1,0.0475,0.8075,0.1528,2.0848,0.8736,0.0034,0.239,0.001635,0.718,1,10,31.56,0.599,1,4558,9.0,2.385,1,30,6284,171301.7,100.0,14,75.05
1786079240833,341,v1,0.0159,0.2199,0.1663,1.5379,0.2916,0.02127,0.0794,0.002823,0.632,1,32,81.45,0.311,1,0,12.316,12.316,0,30,6514,300265.5,53.7,18,10.5
1786079242234,342,v1,0.042,0.5204,0.2189,1.626,0.8576,0.01168,0.1137,0.003135,0.665,1,16,95.96,0.839,1,0,13.0,13.0,1,30,6133,136262.9,100.0,13,12.44
1786079244297,343,v1,0.0661,0.2214,0.227,0.8073,0.5745,0.00548,0.1603,0.002698,0.594,1,12,28.35,0.501,1,3449,11.0,3.923,0,30,5520,275134.9,36.23,15,10.16
1786079239926,344,v1,0.0181,0.3081,0.2483,2.4721,0.2068,0.01907,0.2187,0.00132,0.704,0,34,54.43,0.758,1,0,0.0,0.0,0,30,5912,350610.4,0.0,-1,5.58
1786079241389,345,v1,0.0502,0.3755,0.2613,1.7342,0.6936,0.01035,0.0982,0.001942,0.596,1,34,34.69,0.912,1,1083,12.198,9.791,1,30,5847,103773.7,100.0,8,7.75
1786079243362,346,v1,0.0611,0.2057,0.2538,1.1997,0.3698,0.00831,0.1916,0.002678,0.618,0,36,68.11,0.46,1,0,19.79,19.79,0,30,7050,248726.4,92.96,16,10.07
1786079245092,347,v1,0.0425,0.8358,0.4695,2.203,0.9654,0.00767,0.2452,0.002205,0.636,1,26,37.69,0.602,1,768,13.698,11.901,1,30,6128,142426.1,100.0,13,8.42
1786079239625,348,v1,0.0592,0.284,0.3271,0.9073,0.4821,0.01895,0.1828,0.002531,0.684,1,30,86.2,0.804,1,0,18.257,18.257,0,30,5269,161538.5,85.06,16,9.81
1786079241348,349,v1,0.0546,0.4537,0.4715,1.7037,0.5165,0.0299,0.0947,0.002766,0.638,0,32,75.07,0.316,1,0,17.335,17.335,0,30,6095,166309.4,95.16,14,10.65
1786079242563,350,v1,0.0678,0.8295,0.1453,1.8173,0.3302,0.01502,0.1626,0.003154,0.669,1,17,23.19,0.934,1,0,13.0,13.0,1,30,6102,134404.8,100.0,13,12.31
1786079246005,351,v1,0.0496,0.4265,0.1751,1.8225,0.3472,0.02516,0.077,0.002144,0.659,1,9,49.66,0.747,1,6027,8.0,1.302,0,30,7322,402496.3,14.11,-1,8.33
1786079241186,352,v1,0.0485,0.2293,0.1871,1.2211,0.4757,0.02354,0.237,0.001261,0.604,0,12,93.68,0.462,1,0,8.939,8.939,1,30,6171,102741.9,100.0,7,5.32
1786079243614,353,v1,0.045,0.3976,0.379,2.0486,0.2974,0.02445,0.2499,0.003227,0.677,0,6,47.2,0.474,1,2447,5.0,3.889,0,30,6713,307454.5,54.92,16,12.24
1786079245819,354,v1,0.0369,0.9732,0.266,0.9075,0.5726,0.00747,0.1963,0.002415,0.63,1,33,35.09,0.746,1,1038,19.858,16.788,0,30,7163,233681.6,89.84,17,9.16
1786079247445,355,v1,0.0255,0.9462,0.2675,1.9795,0.8791,0.02108,0.0694,0.003173,0.604,0,27,48.26,0.635,1,0,13.865,13.865,1,30,6707,149652.7,100.0,13,12.32
1786079244512,356,v1,0.0725,0.9658,0.4096,1.0529,0.4248,0.00862,0.237,0.002247,0.686,1,6,28.69,0.522,1,3827,5.0,1.66,1,30,5787,152186.9,100.0,13,8.99
1786079246114,357,v1,0.0337,0.2354,0.2009,0.8265,0.1967,0.01725,0.2133,0.001485,0.591,1,19,49.26,0.868,1,0,12.269,12.269,1,30,6330,127690.5,100.0,13,5.64
1786079247782,358,v1,0.0794,0.7597,0.2722,1.8101,0.9374,0.0197,0.2095,0.003168,0.606,0,34,42.33,0.779,1,0,17.795,17.795,0,30,6041,171010.9,97.55,15,11.95
1786079249425,359,v1,0.054,0.2565,0.3033,2.1772,0.5681,0.02986,0.101,0.002203,0.628,0,4,53.1,0.593,1,1992,3.0,2.655,1,30,5807,141145.2,100.0,13,39.73
1786079246056,360,v1,0.0292,0.7929,0.3057,1.2954,0.6911,0.00303,0.1024,0.001223,0.636,1,33,58.48,0.68,1,512,5.62,3.385,0,30,5409,293116.3,24.57,19,4.7
1786079247746,361,v1,0.0187,0.2515,0.4934,2.4092,0.1564,0.02858,0.1968,0.003304,0.71,0,11,75.91,0.857,1,4008,10.0,4.668,1,30,6251,156824.4,100.0,15,70.92
1786079249345,362,v1,0.0639,0.9981,0.2165,1.8251,0.9755,0.01379,0.1719,0.003756,0.701,0,28,59.67,0.313,1,0,14.029,14.029,1,30,6453,142969.0,100.0,13,13.76
1786079251066,363,v1,0.041,0.8256,0.4908,1.2679,0.8563,0.02348,0.1992,0.00323,0.645,0,25,66.02,0.769,1,0,16.78,16.78,0,30,7061,197490.1,89.52,15,12.68
1786079245958,364,v1,0.0731,0.8713,0.2058,2.3395,0.1998,0.03125,0.1661,0.003011,0.642,0,26,31.48,0.73,1,0,11.91,11.91,1,30,6085,116712.8,100.0,6,11.42
1786079248251,365,v1,0.0444,0.6302,0.3484,1.1315,0.4917,0.02405,0.1783,0.001446,0.632,1,15,87.84,0.515,1,4247,14.0,3.819,0,30,5962,315062.5,23.48,16,5.52
1786079249879,366,v1,0.013,0.9929,0.4426,1.7576,0.6179,0.01156,0.2263,0.003182,0.697,0,31,86.27,0.892,1,0,14.342,14.342,1,30,6083,134213.6,100.0,13,11.92
1786079252338,367,v1,0.0482,0.3834,0.361,1.2187,0.5064,0.0203,0.1929,0.00363,0.603,1,8,43.88,0.944,1,6202,7.0,0.0,0,30,6399,377516.2,0.0,-1,14.0
1786079247613,368,v1,0.0295,0.3584,0.3523,2.1744,0.2106,0.01946,0.1825,0.001988,0.704,1,20,52.85,0.428,1,3115,19.0,8.384,0,30,5803,349899.9,11.39,-1,7.69
1786079249259,369,v1,0.0688,0.479,0.1593,2.3853,0.7958,0.00421,0.0966,0.001424,0.712,1,24,34.53,0.361,1,423,14.175,13.227,1,30,6499,153676.5,100.0,14,5.35
1786079250933,370,v1,0.0372,0.5919,0.3473,0.9259,0.4328,0.00504,0.1853,0.003736,0.625,1,21,39.76,0.371,1,464,17.76,16.24,0,30,5786,224191.8,89.12,17,14.05
1786079253249,371,v1,0.0794,0.5959,0.3859,1.6742,0.4825,0.02342,0.0528,0.003256,0.664,0,11,36.15,0.942,1,3151,10.0,5.847,0,30,6264,287646.0,43.42,15,12.24
1786079247380,372,v1,0.0712,0.821,0.3773,2.259,0.4303,0.02919,0.1391,0.001707,0.662,1,26,71.26,0.456,1,501,13.68,12.456,1,30,5797,136522.1,100.0,13,6.88
1786079249664,373,v1,0.0479,0.7945,0.3676,1.2526,0.829,0.02115,0.0578,0.003148,0.671,0,10,63.17,0.899,1,4116,9.0,4.029,0,30,5977,317844.5,25.64,17,11.36
1786079251048,374,v1,0.0181,0.6471,0.3521,1.2385,0.8023,0.00602,0.1055,0.003474,0.636,1,13,70.35,0.53,1,3408,12.0,4.126,1,30,5419,145234.0,100.0,13,70.09
1786079252549,375,v1,0.0332,0.4669,0.404,1.5226,0.7161,0.01994,0.2432,0.00209,0.6,1,12,54.91,0.563,1,2693,9.768,5.128,1,30,6540,135058.6,100.0,7,46.82
1786079248960,376,v1,0.0325,0.3559,0.3276,1.8437,0.144,0.00562,0.211,0.001444,0.653,1,35,91.35,0.416,1,0,8.47,8.47,0,30,5670,315465.2,34.07,19,5.84
1786079250166,377,v1,0.0483,0.947,0.4572,1.3283,0.6811,0.0203,0.2245,0.003424,0.678,0,23,40.14,0.964,1,0,13.207,13.207,1,30,5717,130609.4,100.0,13,12.0
1786079253327,378,v1,0.0193,0.8366,0.4987,1.8993,0.2263,0.02288,0.1963,0.00317,0.66,1,9,23.78,0.846,1,6726,8.0,0.0,0,30,6900,387345.0,0.0,-1,11.46
1786079254995,379,v1,0.0239,0.497,0.1659,2.249,0.3928,0.0155,0.2001,0.002434,0.667,1,33,60.36,0.679,1,0,15.358,15.358,1,30,7877,164866.4,100.0,14,9.98
1786079249688,380,v1,0.0176,0.8335,0.4883,0.9408,0.6498,0.01764,0.1937,0.002865,0.613,1,26,35.06,0.599,1,828,17.206,14.75,0,30,6202,203657.5,93.87,15,11.14
1786079252247,381,v1,0.0318,0.9843,0.2198,1.4987,0.6224,0.0268,0.1724,0.003244,0.645,1,5,84.8,0.74,1,6464,4.0,0.0,0,30,6541,381174.9,0.0,-1,12.11
1786079253952,382,v1,0.0746,0.5138,0.4136,2.2058,0.2012,0.02327,0.1153,0.002769,0.589,1,23,54.75,0.707,1,922,15.547,13.136,0,30,6261,186483.4,88.27,14,10.25
1786079255485,383,v1,0.0579,0.9947,0.1378,1.1535,0.7744,0.02517,0.0963,0.002549,0.641,0,19,47.99,0.519,1,0,15.878,15.878,0,30,5856,169969.8,91.97,15,9.39
1786079251489,384,v1,0.0169,0.7513,0.1156,1.3673,0.4198,0.00605,0.24,0.002627,0.645,0,12,58.81,0.588,1,2081,11.0,7.932,1,30,6279,153471.6,100.0,13,39.96
1786079252494,385,v1,0.0184,0.4121,0.428,0.9046,0.3495,0.02421,0.2207,0.003194,0.63,0,25,79.07,0.743,1,0,13.52,13.52,1,30,5946,134389.3,100.0,13,12.21
1786079254492,386,v1,0.0726,0.9706,0.1577,1.5557,0.3516,0.02971,0.2031,0.001741,0.623,1,14,59.59,0.555,1,3382,13.0,4.148,0,30,5107,236378.3,30.28,15,7.13
1786079255815,387,v1,0.0178,0.2552,0.1167,2.2002,0.3144,0.01577,0.0729,0.001991,0.601,0,35,80.05,0.318,1,0,15.51,15.51,1,30,6045,148146.6,100.0,14,8.06
1786079253225,388,v1,0.0194,0.5321,0.3376,1.3192,0.9962,0.02031,0.0884,0.002636,0.692,1,18,31.01,0.699,1,0,13.17,13.17,1,30,5952,134468.8,100.0,13,9.85
1786079254455,389,v1,0.0418,0.9964,0.2542,1.5677,0.5287,0.01298,0.1439,0.002143,0.638,0,36,96.62,0.678,1,0,14.719,14.719,1,30,6426,142717.5,100.0,13,8.17
1786079256779,390,v1,0.0397,0.5411,0.4123,0.8022,0.7378,0.0188,0.076,0.001613,0.701,1,14,61.31,0.624,1,5332,13.0,2.1,0,30,6505,382841.8,13.36,-1,6.27
1786079257898,391,v1,0.0423,0.3224,0.3967,1.6061,0.8243,0.02573,0.1937,0.003364,0.626,1,34,92.34,0.779,1,0,17.897,17.897,0,30,6683,186856.2,96.64,15,12.46
1786079254497,392,v1,0.0427,0.44,0.1753,1.142,0.6817,0.0158,0.168,0.003033,0.595,0,24,88.09,0.918,1,0,16.439,16.439,0,30,6542,191182.9,86.28,15,10.94
1786079255979,393,v1,0.0272,0.5318,0.1516,1.4295,0.27,0.01835,0.1447,0.00273,0.669,1,31,28.86,0.902,1,0,14.362,14.362,1,30,6742,145972.1,100.0,13,10.58
1786079257491,394,v1,0.078,0.5569,0.4642,1.1548,0.4445,0.01787,0.093,0.002315,0.611,0,15,73.89,0.739,1,2263,14.0,9.431,0,30,6122,252523.5,58.18,14,8.66
1786079258372,395,v1,0.0699,0.9598,0.3842,1.7631,0.3705,0.03149,0.1552,0.001647,0.663,1,19,42.26,0.653,1,0,10.881,10.881,1,30,6585,122018.1,100.0,7,6.42
1786079255334,396,v1,0.0654,0.776,0.391,2.3041,0.5526,0.01939,0.1839,0.00239,0.634,0,20,73.43,0.813,1,0,16.201,16.201,0,30,6701,202812.4,95.99,16,9.34
1786079256610,397,v1,0.058,0.8485,0.4997,2.2266,0.3493,0.00853,0.2227,0.003591,0.7,0,22,41.6,0.768,1,0,13.0,13.0,1,30,6427,148289.7,100.0,13,13.1
1786079257699,398,v1,0.058,0.864,0.307,1.6212,0.6751,0.02952,0.2266,0.002755,0.639,0,17,92.75,0.634,1,0,14.932,14.932,0,30,6106,170715.5,98.24,15,9.91
1786079258627,399,v1,0.0752,0.3661,0.4596,2.4712,0.8122,0.02453,0.1805,0.00145,0.692,1,9,69.88,0.616,1,4955,8.0,1.05,1,30,5762,156940.3,100.0,20,60.71
1786079264801,400,v1,0.0547,0.5093,0.4762,1.7922,0.2143,0.01958,0.2221,0.003672,0.625,1,35,70.15,0.371,1,0,14.277,14.277,1,30,8003,166512.5,100.0,13,13.84
1786079266711,401,v1,0.0662,0.6859,0.4347,1.4106,0.207,0.01535,0.1882,0.001701,0.628,0,16,52.8,0.794,1,472,15.0,14.04,0,30,6567,230152.9,85.64,15,6.88
1786079268230,402,v1,0.0394,0.5301,0.2417,1.0714,0.3349,0.0313,0.1433,0.003284,0.687,1,8,22.56,0.82,1,5581,7.0,0.308,1,30,5982,163695.6,100.0,23,95.34
1786079270082,403,v1,0.0799,0.964,0.1251,2.2974,0.8858,0.00306,0.1378,0.002029,0.693,1,32,80.12,0.809,1,0,21.637,21.637,0,30,6058,254268.5,91.25,17,7.59
1786079265911,404,v1,0.0105,0.4798,0.2872,2.2309,0.2596,0.01787,0.2,0.002851,0.642,1,6,74.7,0.497,1,3905,5.0,1.595,0,30,5823,342099.2,0.0,-1,10.72
1786079268203,405,v1,0.0333,0.7596,0.2037,2.2684,0.5379,0.00878,0.1862,0.00246,0.66,0,27,92.4,0.66,1,0,2.288,2.288,0,30,5969,336620.2,11.22,-1,9.0
1786079269910,406,v1,0.0517,0.3552,0.211,1.8261,0.5757,0.02571,0.1796,0.003742,0.658,0,28,21.47,0.858,1,481,17.545,16.163,0,30,5912,183457.7,84.52,15,13.46
1786079271477,407,v1,0.0744,0.9964,0.4303,2.4929,0.3791,0.01826,0.2469,0.001962,0.591,0,10,95.6,0.663,1,0,6.986,6.986,1,30,6949,99548.2,100.0,5,7.32
1786079267018,408,v1,0.0601,0.6131,0.4136,1.5567,0.9428,0.01529,0.1781,0.003058,0.62,1,9,79.77,0.945,1,6473,8.0,0.0,0,30,6645,371342.6,0.0,-1,12.11
1786079268895,409,v1,0.0303,0.6803,0.2443,1.5239,0.9779,0.00345,0.233,0.003125,0.645,1,9,31.13,0.495,1,4274,8.0,3.367,1,30,7587,183471.8,100.0,13,63.02
1786079270059,410,v1,0.0666,0.8102,0.4015,0.997,0.7204,0.01096,0.1749,0.00121,0.601,1,29,50.84,0.83,1,952,9.955,8.286,1,30,5785,82366.1,100.0,4,4.7
1786079271744,411,v1,0.0619,0.9145,0.3967,1.6003,0.2993,0.01285,0.0643,0.00172,0.654,1,32,89.52,0.572,1,0,14.37,14.37,1,30,6204,143072.8,100.0,13,6.66
1786079266122,412,v1,0.0114,0.7905,0.4435,1.0967,0.9406,0.01791,0.1839,0.001844,0.704,0,12,49.12,0.717,1,2277,11.0,7.115,1,30,5387,133320.2,100.0,13,47.58
1786079268489,413,v1,0.0611,0.2512,0.3806,1.546,0.1187,0.0149,0.1372,0.003001,0.719,1,9,41.74,0.926,1,5826,8.0,0.0,0,30,5974,348540.9,0.0,-1,11.52
1786079269996,414,v1,0.0663,0.7378,0.268,2.4375,0.4378,0.03056,0.2147,0.001431,0.623,1,11,77.13,0.36,1,1168,8.26,6.518,1,30,6791,119505.1,100.0,7,12.53
1786079271998,415,v1,0.0578,0.5752,0.2246,2.0351,0.9874,0.0247,0.1096,0.00158,0.605,0,6,77.3,0.434,1,0,5.0,5.0,0,30,7533,202800.5,100.0,15,5.56
1786079268026,416,v1,0.0409,0.4068,0.2938,1.9892,0.2482,0.01012,0.0855,0.003367,0.706,1,21,50.98,0.893,1,95,1.382,1.092,0,30,6641,389295.1,7.3,-1,13.12
1786079270168,417,v1,0.0374,0.7245,0.2146,1.9682,0.1799,0.00773,0.1682,0.001885,0.641,0,24,66.14,0.943,1,0,11.314,11.314,0,30,6123,314520.3,52.71,18,7.27
1786079272390,418,v1,0.0679,0.5348,0.4054,2.4003,0.8198,0.01244,0.0686,0.001527,0.696,0,11,21.31,0.452,1,1378,10.0,8.191,0,30,6172,295128.9,67.81,17,5.9
1786079273905,419,v1,0.0225,0.5327,0.21,2.3052,0.8613,0.01596,0.2482,0.001754,0.635,0,34,72.35,0.397,1,0,14.388,14.388,1,30,5643,130531.8,100.0,13,6.88
1786079268247,420,v1,0.0658,0.7528,0.3371,1.5938,0.7038,0.02008,0.064,0.001646,0.674,1,14,67.32,0.899,1,5721,13.0,0.0,0,30,5832,318939.6,0.0,-1,5.92
1786079270955,421,v1,0.0168,0.8792,0.374,2.2368,0.4991,0.00375,0.0524,0.003277,0.688,1,31,61.35,0.989,1,0,0.0,0.0,0,30,6028,363874.0,0.0,-1,12.06
1786079272334,422,v1,0.0438,0.9896,0.1368,2.0569,0.8999,0.01172,0.1654,0.003025,0.633,1,14,96.18,0.319,1,0,13.0,13.0,1,30,6193,140479.2,100.0,13,11.85
1786079273964,423,v1,0.0514,0.9711,0.439,0.9985,0.6578,0.03121,0.1145,0.003728,0.601,0,23,47.94,0.869,1,0,13.066,13.066,0,30,6229,128149.7,89.85,11,13.92
1786079267922,424,v1,0.0509,0.6171,0.3924,1.1378,0.2146,0.02223,0.214,0.00314,0.594,0,13,64.68,0.583,1,642,8.375,7.374,1,30,6656,94432.2,100.0,4,11.57
1786079269233,425,v1,0.0288,0.375,0.453,2.2431,0.6484,0.00537,0.1208,0.002288,0.654,1,15,84.93,0.731,1,0,13.983,13.983,1,30,5602,129934.4,100.0,14,8.5
1786079270925,426,v1,0.0147,0.2038,0.4211,1.4667,0.4971,0.0147,0.1759,0.003622,0.688,0,18,28.43,0.384,1,0,15.404,15.404,1,30,6486,157068.8,100.0,15,15.22
1786079273843,427,v1,0.0453,0.3406,0.2431,0.9154,0.2826,0.0036,0.0807,0.001415,0.688,1,6,32.46,0.339,1,3314,5.0,2.68,0,30,7201,380275.7,34.49,19,5.8
1786079272335,428,v1,0.0559,0.2381,0.2124,2.2789,0.1171,0.02216,0.1957,0.002579,0.592,0,16,26.92,0.815,1,0,10.608,10.608,1,30,7039,121626.5,100.0,6,9.42
1786079273866,429,v1,0.0675,0.6077,0.1405,1.2707,0.8904,0.02358,0.131,0.001649,0.659,1,35,51.72,0.394,1,442,14.573,13.4,1,30,5746,134571.6,100.0,13,7.12
1786079276394,430,v1,0.0433,0.3675,0.4211,2.0487,0.8449,0.02991,0.1683,0.001442,0.6,1,8,46.45,0.561,1,4892,7.0,1.596,0,30,6416,320333.8,19.77,-1,6.08
1786079278890,431,v1,0.0118,0.6109,0.4753,1.5388,0.6196,0.01039,0.1958,0.002677,0.616,0,7,39.46,0.762,1,2783,6.0,4.064,0,30,5840,337072.3,0.04,-1,10.02
1786079273624,432,v1,0.0586,0.507,0.4115,1.4415,0.2722,0.01558,0.0943,0.003409,0.679,0,21,41.58,0.437,1,0,12.704,12.704,1,30,6149,134553.5,100.0,13,13.03
1786079274908,433,v1,0.0555,0.2988,0.1224,0.8209,0.7997,0.02801,0.0632,0.001681,0.585,0,10,77.59,0.985,1,0,9.0,9.0,0,30,5699,137878.6,87.92,12,6.58
1786079276495,434,v1,0.0695,0.3471,0.184,0.8035,0.6687,0.01178,0.2013,0.001908,0.587,1,25,72.56,0.679,1,0,16.282,16.282,0,30,6160,173956.6,98.4,15,7.21
1786079278816,435,v1,0.0443,0.7343,0.354,2.4334,0.1668,0.00472,0.1276,0.002614,0.621,0,29,91.55,0.517,1,0,21.08,21.08,0,30,6924,316058.1,85.18,17,9.79
1786079275523,436,v1,0.0719,0.3884,0.3918,1.2302,0.6028,0.0255,0.1559,0.003436,0.661,1,12,97.78,0.946,1,5957,11.0,0.0,0,30,6190,345321.6,3.25,-1,12.73
1786079277558,437,v1,0.0301,0.5602,0.477,2.354,0.2181,0.02629,0.1238,0.001545,0.635,0,14,36.78,0.601,1,2363,13.0,8.588,0,30,6006,254951.4,52.04,16,6.09
1786079279258,438,v1,0.0708,0.6075,0.1233,0.8056,0.8276,0.01224,0.0967,0.00326,0.696,1,30,57.39,0.448,1,0,14.353,14.353,1,30,7177,151035.3,100.0,13,12.33
1786079281694,439,v1,0.0377,0.5683,0.2862,0.9511,0.9216,0.00313,0.0791,0.002011,0.707,1,6,63.01,0.899,1,6155,5.0,0.0,0,30,6210,373226.9,0.0,-1,7.44
1786079275359,440,v1,0.0581,0.2803,0.232,2.4313,0.1538,0.02044,0.1937,0.002835,0.659,0,11,91.25,0.849,1,0,10.0,10.0,0,30,6239,243158.7,86.77,16,10.4
1786079277034,441,v1,0.0257,0.2194,0.2221,1.1151,0.2531,0.02318,0.1761,0.003093,0.594,0,12,98.68,0.501,1,0,11.0,11.0,0,30,6674,181498.6,92.81,14,11.37
1786079278567,442,v1,0.0219,0.9829,0.3722,2.1326,0.4136,0.01058,0.1346,0.001403,0.596,1,8,53.41,0.933,1,5916,7.0,0.0,1,30,5974,172954.4,0.0,-1,100.0
1786079279980,443,v1,0.0278,0.9099,0.221,1.7506,0.6391,0.02024,0.1202,0.003245,0.683,1,13,48.27,0.313,1,2746,12.0,6.471,1,30,6193,153505.5,100.0,13,52.11
1786079276025,444,v1,0.0154,0.2138,0.2595,1.6166,0.9087,0.02827,0.1239,0.003534,0.602,1,13,66.78,0.86,1,5795,12.0,0.287,1,30,6184,172586.2,100.0,26,97.91
1786079277461,445,v1,0.0453,0.2036,0.4983,1.5015,0.6211,0.02687,0.1561,0.002571,0.613,1,28,56.22,0.446,1,511,10.12,9.186,1,30,5944,81440.7,100.0,6,9.74
1786079279109,446,v1,0.0631,0.4172,0.4813,1.6677,0.9516,0.02314,0.0662,0.001939,0.659,0,9,38.65,0.739,1,2547,7.999,5.559,1,30,6365,158507.0,100.0,13,10.18
1786079281790,447,v1,0.0125,0.9403,0.184,0.9308,0.7393,0.01041,0.0652,0.001543,0.63,0,10,55.28,0.696,1,3485,9.0,5.144,0,30,6429,380549.5,0.0,-1,6.64
1786079276724,448,v1,0.0329,0.6503,0.3524,2.2863,0.5264,0.01576,0.1089,0.00141,0.629,1,8,53.66,0.962,1,5710,7.0,0.0,1,30,5766,157216.4,0.0,-1,100.0
1786079279262,449,v1,0.0377,0.2569,0.3714,2.1701,0.8243,0.00543,0.2296,0.003261,0.672,1,10,37.27,0.579,1,4313,9.0,2.369,0,30,6048,359121.1,1.01,-1,12.48
1786079281700,450,v1,0.0232,0.3816,0.2863,2.1399,0.638,0.00746,0.2273,0.001809,0.68,0,10,78.0,0.476,1,0,9.0,9.0,0,30,5996,362185.4,0.0,-1,6.89
1786079283998,451,v1,0.0236,0.5032,0.2341,1.1097,0.9529,0.02003,0.0548,0.003745,0.625,1,8,92.17,0.376,1,2998,7.0,3.753,0,30,6646,283687.8,47.19,17,14.1
1786079277552,452,v1,0.0405,0.8143,0.4779,2.4234,0.685,0.02995,0.1273,0.002486,0.606,0,5,82.36,0.868,1,0,4.0,4.0,0,30,6568,173928.9,91.99,14,9.77
1786079279104,453,v1,0.0425,0.8588,0.1574,1.5005,0.8131,0.00858,0.1767,0.002148,0.599,1,28,92.58,0.803,1,0,14.02,14.02,1,30,6623,151917.1,100.0,13,8.41
1786079280650,454,v1,0.0717,0.3184,0.3841,1.5963,0.118,0.02907,0.1532,0.002081,0.633,0,27,56.51,0.557,1,0,16.357,16.357,0,30,5903,165821.3,92.43,14,7.44
1786079282525,455,v1,0.0405,0.887,0.2131,1.5282,0.9125,0.00996,0.0654,0.0036,0.707,1,32,61.63,0.354,1,0,12.33,12.33,0,30,5803,260377.0,57.51,19,13.8
1786079281676,456,v1,0.0757,0.3551,0.3637,1.3023,0.4629,0.00932,0.1434,0.002117,0.684,0,18,51.64,0.904,1,0,16.917,16.917,0,30,6828,268598.0,98.38,17,8.06
1786079283230,457,v1,0.0188,0.5269,0.4397,2.1373,0.9232,0.01832,0.0767,0.003717,0.655,0,15,93.06,0.765,1,0,13.0,13.0,1,30,6055,133560.8,100.0,13,13.28
1786079285746,458,v1,0.012,0.4208,0.2309,2.268,0.2468,0.0163,0.2236,0.003072,0.605,0,13,57.23,0.499,1,2204,12.0,8.164,0,30,5980,352191.3,0.21,-1,11.84
1786079287310,459,v1,0.0786,0.6345,0.4256,1.7898,0.3769,0.01887,0.1307,0.001924,0.711,0,13,35.11,0.328,1,1119,12.0,10.275,1,30,6630,154468.6,100.0,13,7.53
1786079281559,460,v1,0.0478,0.5919,0.1419,1.5056,0.5907,0.02477,0.0735,0.003221,0.58,1,19,83.02,0.401,1,0,9.173,9.173,1,30,6981,95253.1,100.0,5,11.79
1786079282827,461,v1,0.0477,0.9188,0.3954,1.6619,0.9463,0.00535,0.2118,0.003705,0.623,0,19,65.36,0.896,1,0,13.0,13.0,1,30,5876,132210.8,100.0,13,13.56
1786079285663,462,v1,0.0243,0.2117,0.2354,2.1077,0.3017,0.01479,0.2154,0.002902,0.704,0,25,43.79,0.542,1,0,0.0,0.0,0,30,6587,381940.3,0.0,-1,10.92
1786079287033,463,v1,0.0508,0.7434,0.4444,1.8966,0.2431,0.0194,0.1488,0.002219,0.714,1,34,40.35,0.551,1,859,14.364,12.197,1,30,6121,141090.9,100.0,13,8.28
1786079282883,464,v1,0.0717,0.7418,0.4754,2.3385,0.2422,0.01461,0.2361,0.00307,0.697,0,28,89.23,0.309,1,0,19.69,19.69,0,30,6148,263490.3,84.7,17,12.0
1786079284434,465,v1,0.0375,0.2947,0.4763,1.8353,0.1079,0.02749,0.1707,0.002444,0.672,1,16,51.04,0.996,1,0,13.0,13.0,1,30,6207,142079.3,100.0,13,9.57
1786079286058,466,v1,0.0432,0.8132,0.2081,1.0431,0.6901,0.01702,0.1281,0.001411,0.716,1,20,75.75,0.342,1,0,13.0,13.0,1,30,6262,145612.0,100.0,13,5.19
1786079287775,467,v1,0.0585,0.8542,0.3182,2.3166,0.9747,0.01735,0.0713,0.001295,0.672,1,15,32.07,0.956,1,0,13.0,13.0,1,30,6445,146509.5,100.0,13,4.89
1786079284032,468,v1,0.0705,0.4287,0.1831,2.4339,0.2428,0.03196,0.1483,0.001417,0.681,0,36,83.77,0.784,1,0,14.633,14.633,1,30,6685,149619.7,100.0,13,5.61
1786079285890,469,v1,0.0577,0.3743,0.3779,1.5683,0.8733,0.00474,0.248,0.002731,0.72,1,36,29.24,0.716,1,960,15.571,13.261,1,30,7074,159974.1,100.0,14,10.69
1786079287217,470,v1,0.0161,0.5272,0.2755,1.5932,0.8037,0.0272,0.2043,0.003577,0.583,0,30,49.85,0.78,1,0,12.961,12.961,1,30,6073,118189.7,100.0,10,13.09
1786079289344,471,v1,0.0382,0.9257,0.1314,1.6622,0.6969,0.02039,0.1529,0.003025,0.666,0,11,29.97,0.659,1,2458,10.0,6.406,0,30,5613,257190.2,49.34,17,11.6
1786079284253,472,v1,0.0432,0.8943,0.3445,1.685,0.784,0.00422,0.2283,0.003462,0.712,0,17,32.24,0.428,1,0,13.0,13.0,1,30,6204,135343.2,100.0,13,12.88
1786079286206,473,v1,0.0293,0.7861,0.1358,0.9317,0.2379,0.0172,0.2409,0.002887,0.665,0,28,47.89,0.777,1,0,17.329,17.329,0,30,5854,268089.0,76.76,18,11.86
1786079287990,474,v1,0.0373,0.6945,0.2966,2.4531,0.4753,0.02076,0.173,0.002745,0.59,0,7,57.72,0.667,1,2165,6.0,4.645,1,30,6474,140547.8,100.0,9,40.39
1786079289276,475,v1,0.0567,0.4014,0.1694,2.0928,0.6531,0.01146,0.192,0.0033,0.716,1,20,40.93,0.833,1,0,14.0,14.0,1,30,5720,139384.4,100.0,14,12.53
1786079285635,476,v1,0.0472,0.6562,0.1133,2.3454,0.7803,0.01014,0.1499,0.001312,0.6,0,23,79.1,0.584,1,0,17.723,17.723,0,30,6779,215241.9,84.75,17,4.72
1786079286911,477,v1,0.0558,0.8296,0.3364,1.8433,0.6066,0.0203,0.1256,0.002499,0.698,1,35,55.44,0.449,1,0,14.566,14.566,1,30,6194,134082.8,100.0,13,9.28
1786079288561,478,v1,0.0516,0.6025,0.2182,2.4751,0.6871,0.00485,0.2114,0.002336,0.633,1,7,56.24,0.914,1,6212,6.0,0.0,1,30,6298,169401.1,0.0,-1,100.0
1786079290413,479,v1,0.0453,0.6838,0.3741,1.2623,0.7025,0.02303,0.1188,0.002164,0.62,1,26,26.93,0.635,1,719,16.317,14.333,0,30,6161,189717.4,94.14,14,8.2
1786079286320,480,v1,0.0503,0.4484,0.4711,2.2736,0.3287,0.0291,0.0892,0.003109,0.717,0,21,38.6,0.624,1,0,17.326,17.326,0,30,6046,223143.2,86.66,16,11.11
1786079288038,481,v1,0.0435,0.9312,0.4176,1.3262,0.198,0.00302,0.1038,0.002324,0.619,1,25,82.61,0.904,1,0,12.975,12.975,1,30,6379,134303.4,100.0,13,9.25
1786079289284,482,v1,0.0754,0.4428,0.3872,1.6397,0.4039,0.02296,0.1238,0.001305,0.668,1,36,73.32,0.492,1,0,12.407,12.407,1,30,5839,106807.2,100.0,6,5.1
1786079290689,483,v1,0.0443,0.8256,0.2398,1.5819,0.5993,0.02308,0.2381,0.002189,0.708,0,11,22.2,0.784,1,2634,10.0,6.471,1,30,6111,155822.1,100.0,13,38.64
1786079289274,484,v1,0.0239,0.8654,0.3108,0.9701,0.8988,0.02869,0.0543,0.002735,0.587,1,18,27.07,0.962,1,941,12.725,10.601,0,30,5858,164104.5,92.27,11,10.74
1786079290836,485,v1,0.0459,0.786,0.2433,1.6723,0.4853,0.01936,0.2372,0.002466,0.691,1,35,75.51,0.543,1,0,14.546,14.546,1,30,7068,164633.8,100.0,13,10.2
1786079292346,486,v1,0.0105,0.7528,0.4559,0.9088,0.6631,0.02031,0.2494,0.002196,0.664,0,16,98.4,0.746,1,0,13.0,13.0,1,30,6619,149085.0,100.0,13,9.03
1786079293725,487,v1,0.0258,0.8853,0.1616,2.0475,0.5956,0.02629,0.1702,0.00284,0.588,1,20,35.98,0.582,1,844,15.74,13.612,0,30,6549,206322.9,84.62,15,10.61
1786079289802,488,v1,0.0159,0.6998,0.2055,0.8545,0.3835,0.03163,0.1396,0.001946,0.596,0,17,93.83,0.732,1,0,12.788,12.788,0,30,5095,116285.9,85.31,12,7.48
1786079291792,489,v1,0.0536,0.4523,0.4029,1.1935,0.6262,0.00788,0.1063,0.002709,0.615,1,8,70.33,0.952,1,5954,7.0,0.0,0,30,6087,354571.7,0.0,-1,10.91
1786079293885,490,v1,0.0184,0.3775,0.3754,2.3821,0.3622,0.02296,0.2136,0.002037,0.704,1,4,59.93,0.942,1,5600,3.0,0.0,0,30,5625,325100.4,0.0,-1,8.23
1786079295091,491,v1,0.0183,0.6459,0.3288,1.9534,0.4175,0.01878,0.131,0.003565,0.626,1,22,41.57,0.517,1,567,16.815,14.892,0,30,5880,229627.5,79.73,18,14.06
1786079290711,492,v1,0.0513,0.9533,0.2415,1.0124,0.4571,0.01051,0.0987,0.003138,0.654,0,20,33.71,0.488,1,0,17.115,17.115,0,30,6417,251123.6,85.34,16,11.41
1786079292849,493,v1,0.0388,0.6137,0.3708,1.5404,0.297,0.01482,0.1928,0.003081,0.701,1,26,84.9,0.566,1,0,7.551,7.551,0,30,6804,371004.9,37.62,19,12.02
1786079293925,494,v1,0.0643,0.2075,0.3611,2.2114,0.2537,0.03182,0.0941,0.00242,0.596,0,28,63.7,0.847,1,0,10.836,10.836,1,30,6552,106215.8,100.0,4,9.23
1786079295132,495,v1,0.06,0.8512,0.4382,1.6997,0.6349,0.0094,0.1487,0.002671,0.599,1,30,50.26,0.894,1,962,17.52,14.726,0,30,6418,205791.2,88.58,15,9.71
1786079291910,496,v1,0.0501,0.9354,0.2111,2.152,0.5683,0.00556,0.1603,0.00152,0.712,1,24,87.55,0.646,1,0,2.932,2.932,0,30,6073,362839.6,14.84,-1,5.86
1786079293397,497,v1,0.0475,0.3514,0.4308,1.1208,0.3378,0.02859,0.0925,0.003159,0.703,1,33,27.87,0.549,1,690,19.468,17.014,0,30,6019,218425.8,88.63,16,11.56
1786079295269,498,v1,0.0169,0.2942,0.4664,2.0217,0.854,0.00669,0.2107,0.00351,0.629,1,27,25.42,0.728,1,0,0.003,0.003,0,30,6981,384073.6,0.02,-1,13.28
1786079295969,499,v1,0.044,0.319,0.3394,2.2208,0.4286,0.01371,0.133,0.002249,0.687,0,9,48.95,0.407,1,1903,8.0,6.237,1,30,6579,158125.5,100.0,13,35.66
1786079301881,500,v1,0.0254,0.3355,0.1188,2.1161,0.4779,0.0063,0.2044,0.002774,0.584,1,32,39.02,0.539,1,0,14.378,14.378,1,30,6337,144277.1,100.0,13,10.23
1786079303271,501,v1,0.044,0.3035,0.4773,1.0769,0.1498,0.02452,0.1169,0.002771,0.686,0,9,81.35,0.637,1,0,7.982,7.982,1,30,6261,144181.2,100.0,13,10.19
1786079304870,502,v1,0.0124,0.2619,0.4875,2.4651,0.2736,0.02607,0.0691,0.002289,0.694,0,18,57.29,0.936,1,0,15.357,15.357,1,30,5609,144494.6,100.0,15,8.56
1786079306725,503,v1,0.0631,0.8372,0.3701,2.4311,0.3161,0.01577,0.0876,0.003632,0.608,0,28,60.81,0.31,1,0,17.266,17.266,0,30,6904,198104.0,89.01,15,13.33
1786079302329,504,v1,0.0618,0.7322,0.1415,2.4765,0.5768,0.00733,0.0781,0.001953,0.585,1,16,21.37,0.758,1,0,13.0,13.0,1,30,5748,128197.2,100.0,13,7.95
1786079303452,505,v1,0.0322,0.9834,0.2067,2.4632,0.142,0.02068,0.2024,0.00132,0.636,1,19,22.16,0.753,1,0,13.0,13.0,1,30,5731,131205.5,100.0,13,5.22
1786079305053,506,v1,0.0373,0.4058,0.1703,2.2769,0.7181,0.02961,0.1276,0.002219,0.627,0,29,80.12,0.917,1,0,14.185,14.185,1,30,6073,133999.9,100.0,13,8.45
1786079306539,507,v1,0.0332,0.8493,0.3882,1.8291,0.5656,0.01285,0.175,0.002267,0.656,0,24,50.0,0.376,1,0,18.843,18.843,0,30,5851,190555.4,85.73,18,8.32
1786079303436,508,v1,0.0577,0.8086,0.3144,0.8778,0.312,0.03041,0.0829,0.001924,0.652,0,15,23.37,0.539,1,1363,14.0,11.297,0,30,6236,214483.0,72.2,14,7.62
1786079305204,509,v1,0.0326,0.4527,0.2211,1.2361,0.5232,0.00657,0.0971,0.001202,0.648,1,7,61.12,0.735,1,5661,6.0,0.693,1,30,6442,181231.0,100.0,24,88.92
1786079306714,510,v1,0.0229,0.3728,0.4414,1.3816,0.3012,0.02936,0.2239,0.003512,0.631,1,26,94.87,0.955,1,0,13.385,13.385,1,30,6282,135994.1,100.0,12,13.66
1786079308923,511,v1,0.0176,0.5467,0.333,1.0163,0.7293,0.00561,0.0714,0.00334,0.6,1,8,73.23,0.52,1,3921,7.0,2.07,0,30,5700,325590.2,14.31,-1,12.14
1786079303513,512,v1,0.0584,0.7594,0.3943,1.2203,0.5868,0.01006,0.1818,0.002914,0.612,1,28,28.42,0.448,1,595,13.438,12.139,1,30,6488,135052.3,100.0,13,11.02
1786079305339,513,v1,0.0509,0.2109,0.3268,2.3301,0.3743,0.01328,0.235,0.002102,0.604,0,16,83.6,0.459,1,0,15.0,15.0,0,30,6049,185344.8,96.36,16,8.02
1786079307058,514,v1,0.0402,0.4795,0.248,2.3255,0.7948,0.01781,0.0574,0.003578,0.665,1,6,86.9,0.949,1,6287,5.0,0.0,1,30,6394,180126.1,0.0,-1,100.0
1786079308854,515,v1,0.0779,0.7918,0.4582,1.2998,0.8368,0.01213,0.088,0.002524,0.617,0,6,46.3,0.453,1,1910,5.0,3.99,0,30,5745,217712.9,66.18,15,10.39
1786079304211,516,v1,0.0329,0.3565,0.4975,1.6631,0.9389,0.01865,0.143,0.002504,0.612,0,20,85.45,0.976,1,0,13.0,13.0,1,30,6478,145435.4,100.0,13,9.59
1786079306485,517,v1,0.033,0.7305,0.4387,2.2279,0.6289,0.02488,0.1184,0.001293,0.652,1,12,71.42,0.429,1,3632,11.0,4.437,0,30,6172,303493.3,35.97,17,4.24
1786079308138,518,v1,0.0756,0.3721,0.4088,2.0804,0.3864,0.00688,0.189,0.001871,0.616,0,22,32.8,0.506,1,0,12.928,12.928,1,30,6677,151464.7,100.0,13,7.76
1786079309398,519,v1,0.0278,0.2789,0.1084,1.9338,0.4482,0.01823,0.0731,0.003192,0.581,0,6,97.97,0.789,1,0,5.0,5.0,1,30,6107,140211.2,100.0,13,12.23
1786079305190,520,v1,0.0766,0.7241,0.3082,0.9096,0.8171,0.02695,0.1952,0.003192,0.694,0,28,34.22,0.336,1,0,17.261,17.261,0,30,7091,190957.7,89.87,15,11.82
1786079306445,521,v1,0.0743,0.9756,0.2263,1.847,0.3829,0.02335,0.0729,0.003596,0.608,0,12,80.35,0.33,1,0,11.0,11.0,0,30,5392,147002.4,91.44,14,14.02
1786079307995,522,v1,0.0482,0.7005,0.4743,2.3924,0.9472,0.01877,0.2183,0.00142,0.593,0,32,64.86,0.983,1,0,17.686,17.686,0,30,5742,164011.1,84.45,15,5.43
1786079310900,523,v1,0.0442,0.7691,0.1228,2.2418,0.7825,0.01349,0.2391,0.002787,0.703,0,25,76.37,0.81,1,0,2.258,2.258,0,30,7153,399957.4,11.33,-1,10.37
1786079305283,524,v1,0.0558,0.822,0.4346,2.3939,0.7161,0.01464,0.1592,0.002631,0.632,0,18,25.89,0.322,1,0,10.85,10.85,1,30,6461,117132.2,100.0,8,9.95
1786079306950,525,v1,0.0556,0.3504,0.254,1.4061,0.1711,0.00697,0.1619,0.002025,0.631,1,29,35.3,0.459,1,698,14.186,12.707,1,30,6952,163673.1,100.0,13,7.19
1786079308582,526,v1,0.0736,0.9108,0.3066,2.3629,0.4293,0.02687,0.0997,0.002554,0.69,1,16,74.93,0.607,1,0,12.542,12.542,1,30,6989,147231.4,100.0,13,9.96
1786079311008,527,v1,0.0488,0.3944,0.3875,0.9115,0.4038,0.00307,0.2248,0.001964,0.599,1,15,64.4,0.385,1,3411,14.0,6.487,0,30,6516,336077.8,38.95,16,7.63
1786079308928,528,v1,0.0488,0.3588,0.1381,1.6878,0.2464,0.02398,0.1553,0.001848,0.66,0,33,60.51,0.891,1,0,19.981,19.981,0,30,5254,193036.2,84.63,16,6.76
1786079310291,529,v1,0.0155,0.5373,0.1122,2.0972,0.389,0.01211,0.1061,0.00196,0.641,0,13,76.2,0.305,1,0,12.0,12.0,1,30,5750,138729.8,100.0,13,7.81
1786079311664,530,v1,0.0517,0.2915,0.345,0.9097,0.4547,0.01865,0.1616,0.003306,0.635,1,19,84.16,0.683,1,0,12.435,12.435,1,30,6531,136460.0,100.0,13,12.86
1786079313670,531,v1,0.0616,0.375,0.4483,2.0209,0.302,0.01952,0.2446,0.001802,0.701,0,18,69.55,0.475,1,81,16.802,16.599,0,30,6165,249206.8,91.52,17,7.23
1786079309282,532,v1,0.0222,0.5054,0.3904,2.4974,0.9539,0.01847,0.0893,0.002324,0.7,1,12,68.79,0.906,1,5804,11.0,0.0,1,30,5944,168065.5,0.0,-1,100.0
1786079312146,533,v1,0.012,0.5328,0.3705,2.0298,0.6064,0.00886,0.054,0.003596,0.595,0,29,92.62,0.483,1,0,0.0,0.0,0,30,6373,366727.0,0.0,-1,13.07
1786079313439,534,v1,0.0204,0.2556,0.2916,2.1637,0.7025,0.01689,0.1829,0.003471,0.693,1,27,72.98,0.737,1,0,15.845,15.845,1,30,5821,143894.4,100.0,15,13.31
1786079316187,535,v1,0.0191,0.4475,0.2042,1.2942,0.5337,0.01751,0.1065,0.001803,0.696,1,9,43.85,0.366,1,2792,8.0,4.275,0,30,6082,371722.6,0.0,-1,6.76
1786079310822,536,v1,0.0529,0.8311,0.4949,2.0043,0.2578,0.01386,0.0947,0.002956,0.6,1,29,99.99,0.542,1,0,12.707,12.707,1,30,6263,121524.4,100.0,7,11.86
1786079312607,537,v1,0.0642,0.8063,0.3343,1.918,0.7532,0.02783,0.0861,0.001371,0.641,1,33,52.83,0.318,1,412,17.68,16.42,0,30,6011,176674.4,96.02,15,5.32
1786079314794,538,v1,0.0648,0.8132,0.4681,2.2511,0.73,0.01271,0.1473,0.001328,0.63,0,16,59.13,0.932,1,3435,15.0,7.511,0,30,6069,301011.3,36.83,16,4.78
1786079317232,539,v1,0.0346,0.896,0.447,1.9733,0.2245,0.00647,0.2204,0.002152,0.683,1,24,90.5,0.652,1,0,0.7,0.7,0,30,5913,348888.8,3.6,-1,7.91
1786079312613,540,v1,0.0357,0.9182,0.1303,1.5001,0.5367,0.01028,0.179,0.003286,0.668,0,27,24.08,0.468,1,249,5.241,4.456,0,30,6475,363882.3,25.7,19,12.56
1786079313965,541,v1,0.0659,0.7734,0.4704,1.4951,0.2045,0.02015,0.1384,0.001446,0.656,1,25,70.99,0.688,1,0,16.743,16.743,0,30,5503,195998.8,87.85,15,5.67
1786079316446,542,v1,0.044,0.8994,0.3397,2.455,0.3668,0.00524,0.1834,0.002215,0.653,0,7,83.96,0.829,1,3495,6.0,3.781,0,30,6376,362630.7,30.26,19,8.99
1786079317939,543,v1,0.0335,0.8133,0.232,1.2773,0.8374,0.03065,0.1596,0.003201,0.712,1,19,60.73,0.556,1,0,13.0,13.0,1,30,6262,139717.3,100.0,13,12.38
1786079312025,544,v1,0.0401,0.2013,0.1961,1.6168,0.1058,0.03178,0.0916,0.003085,0.607,0,8,99.66,0.827,1,0,6.809,6.809,1,30,6358,110114.5,100.0,7,11.7
1786079313470,545,v1,0.029,0.9496,0.4925,0.9318,0.2626,0.02086,0.0863,0.001789,0.653,0,27,39.71,0.857,1,0,13.869,13.869,1,30,6864,155200.7,100.0,13,7.26
1786079315236,546,v1,0.0599,0.9368,0.1164,2.0588,0.8879,0.01669,0.2063,0.0019,0.713,1,22,52.93,0.587,1,915,13.0,10.832,1,30,5706,131134.2,100.0,13,7.54
1786079317716,547,v1,0.0151,0.8119,0.3748,1.0021,0.2694,0.01168,0.1018,0.003593,0.675,0,13,84.25,0.817,1,3099,12.0,6.965,0,30,6399,370755.2,0.37,-1,13.31
1786079313786,548,v1,0.0307,0.4738,0.1178,1.9382,0.6898,0.03008,0.1323,0.003347,0.609,1,14,29.65,0.627,1,4634,13.0,3.008,0,30,6306,321821.8,21.9,16,12.75
1786079315462,549,v1,0.07,0.3213,0.1432,2.2533,0.2394,0.02699,0.1908,0.002743,0.625,0,11,96.99,0.953,1,0,10.0,10.0,0,30,6078,185268.7,87.14,15,10.23
1786079317035,550,v1,0.0615,0.7837,0.2731,2.2365,0.456,0.02755,0.1827,0.003063,0.678,1,24,23.63,0.514,1,628,13.004,11.503,1,30,5745,129841.1,100.0,13,11.16
1786079318352,551,v1,0.0142,0.7752,0.2123,1.0919,0.6473,0.02533,0.201,0.003004,0.644,0,12,92.38,0.397,1,0,11.0,11.0,1,30,6554,145203.6,100.0,13,11.66
1786079313939,552,v1,0.0253,0.8818,0.401,1.5677,0.6336,0.00594,0.0774,0.001251,0.673,1,9,90.55,0.909,1,6868,8.0,0.0,1,30,6923,202338.4,0.0,-1,100.0
1786079316275,553,v1,0.0622,0.2547,0.4387,1.1382,0.2865,0.02048,0.2347,0.002905,0.717,0,13,28.41,0.931,1,4366,12.0,4.918,0,30,6365,334650.2,27.59,17,10.01
1786079318258,554,v1,0.0149,0.2195,0.4108,2.1555,0.9756,0.02813,0.0824,0.001935,0.648,0,11,50.9,0.452,1,1842,10.0,7.462,0,30,5935,242860.9,61.65,17,7.68
1786079320881,555,v1,0.0407,0.2325,0.4535,1.3276,0.4118,0.02126,0.2011,0.00318,0.613,1,10,21.28,0.682,1,5493,9.0,0.977,0,30,6346,351700.8,10.2,-1,12.34
1786079316601,556,v1,0.0683,0.4798,0.2778,2.1446,0.843,0.0063,0.2402,0.001807,0.676,1,22,74.23,0.834,1,959,17.902,15.079,0,30,6283,290150.4,88.63,17,7.11
1786079317928,557,v1,0.0366,0.7341,0.4572,1.1356,0.132,0.00701,0.1643,0.001588,0.633,0,12,75.27,0.623,1,0,11.0,11.0,1,30,5749,127848.9,100.0,13,5.86
1786079319593,558,v1,0.0545,0.8876,0.215,1.0852,0.4343,0.00385,0.1783,0.003409,0.643,1,16,59.7,0.363,1,0,13.0,13.0,1,30,6265,140052.0,100.0,13,12.75
1786079321436,559,v1,0.0102,0.5584,0.371,0.991,0.4218,0.01947,0.1643,0.002662,0.6,0,14,74.18,0.501,1,0,13.0,13.0,0,30,6409,192985.8,84.96,16,9.92
1786079318464,560,v1,0.0351,0.7096,0.3048,2.2077,0.5797,0.02405,0.1761,0.001446,0.695,0,25,41.63,0.788,1,0,19.308,19.308,0,30,5838,204697.6,90.51,18,5.29
1786079320026,561,v1,0.0191,0.2805,0.1175,1.9804,0.6045,0.01256,0.13,0.003349,0.622,1,32,86.9,0.659,1,0,15.057,15.057,1,30,5408,125565.9,100.0,13,12.7
1786079321627,562,v1,0.0619,0.3362,0.1694,1.2313,0.9263,0.02308,0.1411,0.002755,0.606,1,32,44.82,0.509,1,551,17.228,15.312,0,30,5331,159380.5,93.04,14,10.04
1786079323187,563,v1,0.0437,0.2069,0.2314,1.4441,0.7864,0.02202,0.1304,0.002845,0.689,1,9,84.17,0.426,1,3162,8.0,3.831,1,30,6195,153087.4,100.0,14,56.97
1786079319454,564,v1,0.0205,0.5098,0.435,0.9317,0.7853,0.01454,0.2141,0.002391,0.708,0,31,97.06,0.628,1,0,15.013,15.013,1,30,5976,139725.0,100.0,13,8.92
1786079320962,565,v1,0.0601,0.4542,0.3382,0.8639,0.238,0.02383,0.0962,0.001968,0.629,0,5,86.13,0.954,1,0,4.0,4.0,0,30,6019,167136.6,89.19,14,8.06
1786079322494,566,v1,0.0269,0.2928,0.3886,1.1361,0.8333,0.00711,0.2152,0.00343,0.656,1,32,82.61,0.741,1,0,15.14,15.14,1,30,6180,143273.4,100.0,13,12.12
1786079324047,567,v1,0.0654,0.2117,0.355,2.0984,0.2001,0.00698,0.1023,0.002843,0.619,0,12,79.01,0.776,1,2340,11.0,6.875,1,30,5265,132435.9,100.0,13,20.46
1786079321626,568,v1,0.0212,0.7939,0.3629,2.3158,0.9571,0.03149,0.0868,0.002233,0.594,1,4,62.7,0.966,1,6311,3.0,0.0,0,30,6346,383217.0,0.0,-1,8.1
1786079324200,569,v1,0.02,0.7299,0.469,2.1449,0.3439,0.02658,0.0571,0.002255,0.697,1,4,67.85,0.866,1,5896,3.0,0.0,0,30,5939,345387.9,0.0,-1,8.57
1786079325950,570,v1,0.08,0.2246,0.4934,1.3252,0.8152,0.00561,0.205,0.002914,0.6,0,19,81.31,0.635,1,0,7.588,7.588,1,30,6791,75482.0,100.0,5,10.62
1786079327465,571,v1,0.0213,0.7118,0.2514,1.9996,0.1189,0.01618,0.0823,0.002444,0.691,0,22,96.12,0.423,1,0,13.0,13.0,1,30,6020,135037.0,100.0,13,9.25
1786079320553,572,v1,0.0458,0.5087,0.3965,2.0562,0.6265,0.01182,0.1491,0.001505,0.675,1,27,44.15,0.662,1,793,13.858,11.94,1,30,5905,133726.0,100.0,13,5.4
1786079322301,573,v1,0.0776,0.8015,0.2963,1.7473,0.5655,0.01685,0.1018,0.001249,0.651,0,33,57.71,0.342,1,0,18.208,18.208,0,30,6161,180950.0,92.18,15,4.98
1786079323764,574,v1,0.059,0.5867,0.2634,1.0194,0.9115,0.01477,0.2239,0.002357,0.679,1,35,92.56,0.559,1,0,14.521,14.521,1,30,5551,127479.8,100.0,13,8.34
1786079325590,575,v1,0.0218,0.3213,0.2613,2.1075,0.3855,0.02153,0.2014,0.001575,0.625,0,5,82.64,0.449,1,0,4.0,4.0,1,30,6253,142785.1,100.0,13,6.03
1786079321841,576,v1,0.01,0.5551,0.2379,2.0163,0.1415,0.0253,0.148,0.002365,0.602,0,24,61.63,0.626,1,0,18.537,18.537,0,30,6254,204454.9,84.4,17,8.67
1786079323523,577,v1,0.0152,0.998,0.2983,2.4537,0.679,0.00314,0.0992,0.001853,0.585,1,21,86.04,0.911,1,0,13.0,13.0,1,30,6878,154462.7,100.0,13,7.02
1786079325509,578,v1,0.0361,0.4417,0.4354,0.8452,0.1078,0.01066,0.1512,0.002101,0.606,0,13,86.41,0.434,1,0,11.336,11.336,1,30,7102,146547.7,100.0,13,8.24
1786079326945,579,v1,0.0589,0.5903,0.1993,2.4822,0.6475,0.02969,0.1145,0.003066,0.71,0,11,86.64,0.671,1,0,10.0,10.0,1,30,6198,142605.1,100.0,13,11.36
1786079322936,580,v1,0.0525,0.3426,0.4036,0.8815,0.6069,0.02478,0.1734,0.00135,0.616,0,30,23.83,0.361,1,209,16.68,16.127,0,30,5716,154609.6,86.66,14,5.42
1786079324873,581,v1,0.0329,0.4037,0.2991,1.1332,0.6429,0.00557,0.1192,0.003069,0.674,1,31,78.17,0.508,1,0,15.228,15.228,1,30,6769,161779.5,100.0,14,11.6
1786079326376,582,v1,0.032,0.751,0.3758,1.4354,0.9541,0.0317,0.1552,0.002209,0.636,0,19,43.98,0.43,1,0,13.0,13.0,1,30,6072,139929.3,100.0,13,8.68
1786079327970,583,v1,0.0648,0.7111,0.2239,0.9566,0.8124,0.01845,0.0804,0.0029,0.705,1,5,20.29,0.556,1,3608,4.0,1.541,1,30,5935,154874.5,100.0,13,14.84
1786079323745,584,v1,0.0338,0.2727,0.4641,2.1219,0.8914,0.0206,0.1561,0.003067,0.681,0,13,77.85,0.541,1,0,12.0,12.0,1,30,6185,148724.3,100.0,13,11.61
1786079325756,585,v1,0.0615,0.6875,0.2332,2.0055,0.29,0.02664,0.0752,0.00179,0.712,1,10,80.32,0.964,1,5913,9.0,0.0,1,30,6017,168285.3,100.0,22,88.13
1786079327513,586,v1,0.0301,0.7509,0.3245,1.644,0.2819,0.02805,0.1754,0.003142,0.593,0,20,53.49,0.587,1,0,12.577,12.577,1,30,6312,130571.3,100.0,13,12.18
1786079328968,587,v1,0.0347,0.485,0.4316,1.6758,0.9338,0.0163,0.1968,0.003576,0.687,0,31,93.71,0.468,1,0,17.837,17.837,0,30,6032,216744.8,80.18,18,12.83
1786079325810,588,v1,0.0145,0.5185,0.4154,2.341,0.3672,0.02651,0.0628,0.00193,0.654,1,16,68.54,0.576,1,0,13.0,13.0,1,30,6572,156083.2,100.0,13,7.14
1786079327433,589,v1,0.0301,0.7717,0.1092,2.4197,0.6356,0.00499,0.1506,0.002169,0.639,0,9,53.96,0.591,1,2123,8.0,5.919,1,30,6238,156111.6,100.0,13,40.4
1786079328703,590,v1,0.0619,0.9228,0.174,1.7672,0.9988,0.01946,0.1339,0.003307,0.719,0,16,88.21,0.463,1,0,13.0,13.0,1,30,5968,138400.9,100.0,13,12.55
1786079330106,591,v1,0.0305,0.9044,0.3937,2.4609,0.3843,0.02104,0.1698,0.002225,0.675,0,28,97.11,0.49,1,0,12.828,12.828,0,30,5824,256271.2,55.73,18,8.45
1786079326699,592,v1,0.0606,0.5162,0.3354,1.1502,0.9213,0.02355,0.1548,0.003041,0.659,0,33,84.06,0.756,1,0,14.318,14.318,1,30,6618,146353.4,100.0,13,11.79
1786079328205,593,v1,0.0504,0.5884,0.4024,1.9948,0.3654,0.01669,0.1644,0.002239,0.649,0,27,96.66,0.469,1,0,13.852,13.852,1,30,6579,149705.1,100.0,13,9.0
1786079329858,594,v1,0.0603,0.5345,0.305,1.6469,0.1075,0.01662,0.141,0.003399,0.653,0,33,55.34,0.49,1,0,21.037,21.037,0,30,6388,263213.9,85.18,16,12.49
1786079330470,595,v1,0.0252,0.8327,0.3004,1.3761,0.4465,0.00612,0.238,0.002655,0.657,0,25,34.87,0.773,1,0,13.528,13.528,1,30,6114,134496.3,100.0,13,10.22
1786079328249,596,v1,0.0161,0.2376,0.164,2.1595,0.9468,0.01401,0.1809,0.00335,0.706,1,17,20.88,0.526,1,3562,16.0,5.936,0,30,6025,367249.2,0.0,-1,13.39
1786079330004,597,v1,0.0295,0.2166,0.3641,1.8044,0.1682,0.01766,0.1871,0.001805,0.596,0,15,58.72,0.473,1,1556,14.0,11.004,0,30,6383,241586.9,71.87,16,6.47
1786079330670,598,v1,0.0352,0.6032,0.2438,2.0033,0.6798,0.03074,0.1279,0.003753,0.668,1,6,51.96,0.826,1,5647,5.0,0.282,1,30,6086,166188.8,100.0,25,95.14
1786079331606,599,v1,0.0797,0.3642,0.2537,1.6833,0.8009,0.01385,0.1638,0.0024,0.64,0,4,79.0,0.765,1,0,3.0,3.0,0,30,6665,188328.6,96.92,16,9.12
1786079338116,600,v1,0.0771,0.3646,0.2354,0.8104,0.5248,0.00476,0.1,0.001815,0.592,0,11,49.23,0.385,1,1168,10.0,8.398,0,30,5921,204405.7,72.0,15,6.89
1786079339802,601,v1,0.0173,0.5755,0.235,1.048,0.3297,0.00848,0.0536,0.001795,0.59,0,20,41.98,0.397,1,0,18.285,18.285,0,30,5986,199609.1,88.96,18,7.55
1786079341131,602,v1,0.0301,0.4576,0.1136,1.1795,0.285,0.01768,0.1199,0.002612,0.716,1,20,29.39,0.389,1,0,13.904,13.904,1,30,5762,130581.0,100.0,14,10.1
1786079342368,603,v1,0.0541,0.6842,0.1334,2.3715,0.4532,0.01849,0.1834,0.001958,0.687,0,15,88.04,0.705,1,0,13.0,13.0,1,30,5635,124496.3,100.0,13,7.9
1786079338271,604,v1,0.0319,0.9015,0.4729,1.3792,0.77,0.02957,0.0961,0.002964,0.594,0,27,38.37,0.5,1,0,14.246,14.246,0,30,6090,137783.8,87.11,11,11.4
1786079339270,605,v1,0.0554,0.3289,0.4261,0.9628,0.4998,0.03164,0.2309,0.003289,0.599,0,29,81.63,0.356,1,0,7.779,7.779,1,30,5453,46267.7,100.0,5,11.96
1786079340952,606,v1,0.0414,0.5556,0.4361,1.7359,0.9897,0.0313,0.2394,0.003034,0.594,1,36,24.05,0.913,1,922,16.228,13.635,0,30,6351,160270.7,88.94,12,11.31
1786079343276,607,v1,0.0431,0.3643,0.3465,1.0632,0.608,0.00461,0.2048,0.002982,0.687,0,16,79.56,0.605,1,2634,15.0,8.936,0,30,5893,321500.0,42.33,19,11.32
1786079338704,608,v1,0.0125,0.4741,0.1024,2.4271,0.2456,0.01946,0.063,0.001279,0.64,1,20,55.92,0.555,1,0,13.736,13.736,1,30,5718,139403.9,100.0,13,5.53
1786079340407,609,v1,0.0114,0.3382,0.3422,1.169,0.4934,0.01777,0.1266,0.001655,0.708,1,28,99.8,0.492,1,0,17.018,17.018,1,30,6236,163601.3,100.0,16,6.33
1786079342008,610,v1,0.079,0.8371,0.3268,2.0426,0.5258,0.00396,0.1692,0.003197,0.648,1,14,42.63,0.505,1,0,12.614,12.614,1,30,6756,151811.4,100.0,13,11.81
1786079344549,611,v1,0.013,0.3692,0.3641,1.4329,0.3783,0.01691,0.0537,0.002048,0.606,1,16,56.43,0.697,1,5732,15.0,1.624,0,30,6623,401535.7,9.14,-1,7.69
1786079339171,612,v1,0.051,0.3913,0.4481,1.7057,0.4811,0.02228,0.1416,0.001816,0.63,0,10,53.46,0.871,1,1980,8.691,5.961,1,30,5175,109218.9,100.0,8,27.96
1786079340806,613,v1,0.0632,0.823,0.3551,1.3938,0.55,0.00769,0.1538,0.001972,0.631,1,12,79.47,0.83,1,3878,9.232,2.548,1,30,6512,118267.5,100.0,6,7.82
1786079342381,614,v1,0.0356,0.7119,0.3464,1.4799,0.1583,0.00606,0.1568,0.002964,0.656,1,14,78.08,0.78,1,0,13.0,13.0,1,30,6992,142830.3,100.0,13,11.87
1786079344683,615,v1,0.0104,0.4993,0.1459,1.9033,0.3688,0.0122,0.0639,0.00247,0.648,1,24,99.11,0.693,1,0,0.0,0.0,0,30,5676,334124.4,0.0,-1,9.8
1786079340172,616,v1,0.0555,0.8411,0.4416,1.7202,0.8375,0.02916,0.1659,0.002415,0.658,0,23,75.53,0.541,1,0,11.628,11.628,1,30,6461,118358.9,100.0,9,9.64
1786079341990,617,v1,0.0568,0.7606,0.3524,1.4189,0.5089,0.00539,0.2002,0.002475,0.682,1,21,35.38,0.554,1,608,18.205,16.212,0,30,5797,280246.4,89.55,18,9.71
1786079343262,618,v1,0.0319,0.3775,0.1804,1.3517,0.3615,0.02475,0.2467,0.002108,0.611,0,11,64.37,0.757,1,1298,8.878,7.14,1,30,6108,110185.5,100.0,8,28.39
1786079344647,619,v1,0.0464,0.301,0.458,2.3593,0.6717,0.02447,0.2001,0.003487,0.656,1,17,43.32,0.658,1,0,12.014,12.014,1,30,6582,129305.3,100.0,10,13.43
1786079340632,620,v1,0.0319,0.3795,0.294,0.9655,0.9915,0.0093,0.116,0.003575,0.584,1,4,68.52,0.784,1,5470,3.0,0.223,1,30,5971,158294.6,100.0,25,93.62
1786079342260,621,v1,0.0168,0.5825,0.1669,0.8604,0.9503,0.02035,0.2195,0.001708,0.582,0,20,66.15,0.422,1,0,12.724,12.724,1,30,6596,137882.3,100.0,13,6.55
1786079344594,622,v1,0.0506,0.7766,0.4388,2.1723,0.623,0.0175,0.2365,0.001739,0.717,1,7,87.11,0.801,1,5389,6.0,0.119,0,30,5552,322178.8,1.78,-1,6.56
1786079346180,623,v1,0.0689,0.3886,0.4429,1.5312,0.9118,0.02035,0.1952,0.001548,0.626,1,30,59.47,0.442,1,0,11.13,11.13,1,30,6140,92966.7,100.0,6,5.52
1786079341349,624,v1,0.0177,0.2524,0.224,1.0575,0.1847,0.00577,0.162,0.003235,0.668,0,26,51.99,0.453,1,0,15.908,15.908,1,30,6929,174797.8,100.0,15,12.63
1786079343031,625,v1,0.0238,0.341,0.2203,1.697,0.7825,0.01914,0.0596,0.002205,0.666,0,20,79.39,0.427,1,0,13.756,13.756,1,30,7310,172818.8,100.0,13,8.43
1786079344553,626,v1,0.0451,0.6763,0.3011,2.4153,0.8701,0.01697,0.2274,0.001267,0.634,1,17,84.14,0.478,1,0,13.0,13.0,1,30,6475,151962.2,100.0,13,4.43
1786079346300,627,v1,0.0524,0.7262,0.3469,1.7668,0.5689,0.01323,0.1223,0.003579,0.709,0,9,96.34,0.352,1,0,8.0,8.0,1,30,6735,145722.0,100.0,13,13.51
1786079344652,628,v1,0.0321,0.3973,0.2792,2.4918,0.6242,0.02204,0.0876,0.003166,0.629,0,33,21.73,0.587,1,272,19.679,18.758,0,30,5748,181769.6,89.48,17,11.74
1786079346362,629,v1,0.0519,0.4082,0.1758,1.12,0.1357,0.03164,0.12,0.002568,0.68,0,22,84.83,0.767,1,0,16.771,16.771,0,30,5708,198548.1,99.85,16,10.28
1786079348967,630,v1,0.0238,0.8618,0.2068,2.2258,0.8639,0.00664,0.083,0.002327,0.637,0,31,74.57,0.376,1,0,0.0,0.0,0,30,5850,342742.8,0.0,-1,8.39
1786079350628,631,v1,0.0109,0.2953,0.3658,1.9468,0.1484,0.02771,0.1241,0.002976,0.627,1,27,40.68,0.629,1,778,18.726,16.091,0,30,5943,197257.3,86.73,16,11.19
1786079345543,632,v1,0.0171,0.2461,0.1905,1.7585,0.84,0.01354,0.0842,0.003032,0.7,1,28,26.47,0.363,1,491,16.727,15.262,1,30,5998,151277.7,100.0,15,19.77
1786079346666,633,v1,0.0125,0.634,0.3651,1.3038,0.9475,0.01994,0.1172,0.002272,0.594,0,19,71.27,0.742,1,0,13.0,13.0,1,30,5283,121029.1,100.0,13,8.69
1786079348467,634,v1,0.0689,0.9751,0.4721,1.6272,0.8023,0.01275,0.0808,0.003524,0.595,0,36,45.28,0.518,1,0,18.157,18.157,0,30,6420,172803.6,99.01,15,13.29
1786079350066,635,v1,0.0185,0.4369,0.3628,1.1371,0.4179,0.0219,0.2302,0.003708,0.65,0,9,95.66,0.436,1,0,8.0,8.0,1,30,6344,142830.9,100.0,13,13.7
1786079346606,636,v1,0.0255,0.2276,0.2336,2.3877,0.6396,0.02914,0.2096,0.003082,0.697,1,32,32.45,0.55,1,0,15.547,15.547,1,30,5937,137630.2,100.0,13,12.13
1786079349568,637,v1,0.0565,0.5098,0.1049,0.8559,0.5183,0.01982,0.2493,0.00248,0.597,1,11,88.44,0.837,1,6078,10.0,0.403,0,30,6483,376404.3,3.89,-1,9.53
1786079351572,638,v1,0.0429,0.6335,0.4368,2.0189,0.2293,0.02687,0.2334,0.001918,0.665,1,23,62.14,0.713,1,0,17.067,17.067,0,30,6902,218411.2,87.9,16,7.11
1786079354418,639,v1,0.013,0.4335,0.2633,1.3049,0.8477,0.01827,0.2369,0.002554,0.669,0,8,45.93,0.605,1,2097,7.0,5.466,0,30,6960,379243.0,0.0,-1,9.38
1786079347346,640,v1,0.021,0.6541,0.3877,0.9768,0.1876,0.01883,0.0854,0.003553,0.595,1,10,44.25,0.893,1,5943,9.0,0.121,1,30,6221,172091.5,100.0,25,98.83
1786079349250,641,v1,0.0714,0.4318,0.3596,2.4085,0.4477,0.01705,0.0649,0.003574,0.634,0,24,89.46,0.483,1,0,16.805,16.805,0,30,7081,200880.0,94.62,15,12.53
1786079351081,642,v1,0.0103,0.5433,0.1234,1.0461,0.3305,0.00548,0.0667,0.002497,0.618,0,4,74.12,0.794,1,4042,3.0,2.39,1,30,6669,176236.0,100.0,13,64.81
1786079352328,643,v1,0.0402,0.7095,0.1978,1.165,0.3192,0.0107,0.2327,0.001213,0.663,1,34,73.29,0.36,1,0,14.377,14.377,1,30,5522,128428.3,100.0,13,4.67
1786079348957,644,v1,0.0238,0.212,0.2224,2.0381,0.9136,0.01981,0.1801,0.002686,0.718,1,18,87.08,0.792,1,5803,17.0,0.0,0,30,6093,369728.1,0.0,-1,10.47
1786079350186,645,v1,0.0742,0.9807,0.4662,0.9611,0.7374,0.02887,0.2026,0.001856,0.639,0,24,93.82,0.653,1,0,8.356,8.356,1,30,6084,71143.8,100.0,3,7.05
1786079352053,646,v1,0.0732,0.3058,0.4763,0.8891,0.901,0.00585,0.2167,0.00292,0.648,1,36,47.6,0.966,1,873,19.05,16.033,0,30,6048,186158.3,84.09,16,11.14
1786079353997,647,v1,0.0717,0.9995,0.3414,2.121,0.5724,0.028,0.1033,0.001345,0.7,0,8,79.68,0.451,1,0,7.0,7.0,0,30,6169,187204.9,85.05,16,4.91
1786079349767,648,v1,0.0628,0.4372,0.2186,1.5364,0.5844,0.02409,0.1048,0.003675,0.624,0,6,52.15,0.744,1,4103,5.0,3.346,0,30,7575,318983.2,44.02,15,13.48
1786079351495,649,v1,0.0371,0.9769,0.4656,2.0275,0.3258,0.01226,0.2095,0.001351,0.663,0,22,99.18,0.614,1,0,13.0,13.0,1,30,6588,152364.8,100.0,13,5.3
1786079353273,650,v1,0.0407,0.3291,0.3488,1.5513,0.8604,0.0037,0.2451,0.002699,0.635,1,8,72.85,0.826,1,6940,7.0,0.0,1,30,7059,203646.5,0.0,-1,100.0
1786079355411,651,v1,0.0455,0.922,0.4837,1.0403,0.9605,0.00514,0.23,0.003316,0.631,1,24,30.1,0.59,1,805,17.576,15.33,0,30,6777,228546.5,91.07,16,12.82
1786079349066,652,v1,0.0214,0.3579,0.4739,1.3373,0.3078,0.00493,0.2383,0.001744,0.667,0,28,73.8,0.781,1,0,15.066,15.066,1,30,6106,138352.7,100.0,14,6.71
1786079350222,653,v1,0.0686,0.5062,0.3534,1.1159,0.6751,0.02745,0.2288,0.003423,0.673,1,19,88.25,0.304,1,0,11.222,11.222,1,30,5669,105753.9,100.0,8,12.44
1786079353041,654,v1,0.0764,0.6492,0.4715,2.2812,0.2964,0.01407,0.2383,0.00196,0.6,1,11,76.9,0.927,1,6021,10.0,0.0,0,30,6137,368391.4,0.0,-1,7.79
1786079355535,655,v1,0.0454,0.3504,0.4364,1.8991,0.1864,0.02473,0.2421,0.002715,0.643,0,7,25.97,0.97,1,3740,6.0,3.545,0,30,6206,306102.9,36.48,16,10.83
1786079352315,656,v1,0.0734,0.9228,0.3295,1.2565,0.4707,0.01883,0.0993,0.001876,0.615,0,17,73.61,0.725,1,0,14.994,14.994,0,30,5755,169065.0,99.68,15,7.05
1786079355492,657,v1,0.0102,0.2854,0.4024,2.379,0.4678,0.01877,0.0524,0.003008,0.644,1,31,26.26,0.596,1,0,0.0,0.0,0,30,6712,393760.7,0.0,-1,11.37
1786079357270,658,v1,0.05,0.3579,0.155,2.4506,0.3504,0.00754,0.1939,0.002693,0.606,1,9,65.19,0.758,1,5689,8.0,1.078,1,30,6738,180553.3,100.0,24,87.76
1786079359123,659,v1,0.0335,0.5429,0.3586,1.0208,0.2415,0.00421,0.2418,0.001718,0.581,0,25,47.04,0.468,1,0,13.526,13.526,1,30,7090,167493.8,100.0,13,6.71
1786079352932,660,v1,0.0482,0.8062,0.3985,1.9352,0.3987,0.02042,0.1734,0.001336,0.687,0,16,53.22,0.379,1,0,12.993,12.993,1,30,5999,133474.2,100.0,13,5.38
1786079354525,661,v1,0.0224,0.2717,0.2452,2.0673,0.7105,0.02948,0.1786,0.002932,0.627,1,19,43.11,0.338,1,0,13.0,13.0,1,30,6440,142803.0,100.0,13,10.95
1786079356283,662,v1,0.0445,0.601,0.4326,2.1747,0.7783,0.01678,0.1685,0.002287,0.689,1,33,89.71,0.384,1,0,14.35,14.35,1,30,6203,137807.4,100.0,13,8.61
1786079357824,663,v1,0.0531,0.2442,0.2282,2.3917,0.6563,0.01969,0.0696,0.001285,0.717,1,11,68.1,0.383,1,2735,10.0,5.308,1,30,5909,155806.7,100.0,14,49.87
1786079355506,664,v1,0.0761,0.4299,0.4617,2.1754,0.7928,0.01861,0.1485,0.0035,0.695,1,16,55.15,0.607,1,4985,15.0,1.666,0,30,5900,345168.5,10.07,-1,13.14
1786079357823,665,v1,0.0442,0.5698,0.1589,0.8593,0.3386,0.00326,0.0888,0.002593,0.687,0,33,27.52,0.708,1,916,14.507,11.063,0,30,6162,334101.0,59.94,19,9.59
1786079359501,666,v1,0.045,0.3977,0.2834,0.8216,0.7649,0.03183,0.1533,0.002308,0.618,0,25,67.84,0.678,1,0,14.773,14.773,0,30,6181,152568.1,89.83,12,8.49
1786079361263,667,v1,0.0626,0.4576,0.1207,1.1841,0.2814,0.02724,0.0501,0.00316,0.658,0,16,88.19,0.594,1,0,15.0,15.0,0,30,6753,188001.1,92.11,15,12.16
1786079356307,668,v1,0.0287,0.9584,0.3317,0.8488,0.5529,0.02254,0.1834,0.002228,0.685,1,11,38.16,0.411,1,3772,10.0,3.913,1,30,6357,171260.4,100.0,13,14.25
1786079358573,669,v1,0.0617,0.5053,0.2987,1.069,0.4731,0.00905,0.2258,0.003143,0.619,1,4,80.27,0.582,1,4764,3.0,0.66,0,30,6160,327323.1,21.63,16,11.4
1786079360408,670,v1,0.0797,0.5975,0.3979,2.4965,0.1162,0.01645,0.2128,0.003345,0.583,0,35,76.17,0.449,1,0,18.089,18.089,0,30,6620,202111.9,97.67,15,12.42
1786079361963,671,v1,0.0507,0.9259,0.2547,1.8654,0.6909,0.01017,0.1886,0.002349,0.674,0,20,43.59,0.894,1,0,13.0,13.0,1,30,5999,138282.2,100.0,13,8.93
1786079356725,672,v1,0.0123,0.5338,0.3005,2.2008,0.7093,0.02648,0.1357,0.003427,0.653,0,23,47.62,0.622,1,0,13.194,13.194,1,30,6991,158561.0,100.0,13,13.92
1786079358858,673,v1,0.0759,0.7539,0.1435,1.8936,0.3448,0.01737,0.1606,0.001822,0.662,1,27,68.25,0.63,1,1397,17.912,13.69,0,30,6289,260548.5,84.49,16,7.06
1786079360361,674,v1,0.0285,0.672,0.4869,2.3821,0.1162,0.01578,0.237,0.001984,0.699,0,29,27.14,0.9,1,455,14.206,13.229,1,30,5893,132106.6,100.0,13,10.35
1786079361713,675,v1,0.0548,0.3093,0.1355,0.8412,0.4773,0.0243,0.0799,0.002279,0.582,1,28,63.58,0.729,1,764,7.193,6.275,1,30,6252,50083.9,100.0,4,8.72
1786079357823,676,v1,0.0419,0.2217,0.3168,2.3824,0.3577,0.03072,0.0944,0.002849,0.686,1,9,84.89,0.829,1,6029,8.0,0.0,1,30,6152,172861.6,0.0,-1,100.0
1786079360198,677,v1,0.0791,0.7698,0.3691,1.3284,0.8191,0.02811,0.192,0.00256,0.649,0,10,43.6,0.901,1,4419,9.0,4.045,0,30,6400,318676.0,29.25,15,9.91
1786079362396,678,v1,0.0134,0.2614,0.116,1.2111,0.2929,0.01292,0.1948,0.002971,0.685,1,4,46.1,0.525,1,3557,3.0,1.159,0,30,5857,347116.4,0.0,-1,10.91
1786079364379,679,v1,0.041,0.6498,0.4505,1.4219,0.8466,0.01477,0.1031,0.001663,0.691,0,16,84.62,0.339,1,1402,15.0,12.139,0,30,6546,259513.1,67.6,17,6.36
1786079358266,680,v1,0.0533,0.6671,0.4049,0.9093,0.9919,0.02811,0.2235,0.002457,0.7,1,25,77.11,0.523,1,0,16.977,16.977,0,30,5907,169673.6,88.43,15,9.04
1786079360559,681,v1,0.0384,0.6411,0.2379,1.6864,0.4078,0.01424,0.1624,0.002385,0.633,0,8,77.89,0.744,1,3440,7.0,4.208,0,30,6253,308050.3,38.56,17,8.8
1786079362386,682,v1,0.04,0.4648,0.1627,1.2455,0.716,0.02886,0.2483,0.002653,0.624,1,5,78.56,0.323,1,2192,4.0,2.414,0,30,5587,225004.0,51.64,15,10.26
1786079364695,683,v1,0.0788,0.9795,0.2638,2.3895,0.2039,0.02022,0.1995,0.002125,0.62,1,15,26.48,0.412,1,3989,14.0,5.428,0,30,6726,338831.4,33.5,15,8.79
1786079359892,684,v1,0.0547,0.9568,0.3246,2.1179,0.6214,0.02629,0.2028,0.002384,0.638,1,34,35.25,0.741,1,1059,12.169,9.875,1,30,6065,104008.5,100.0,7,9.28
1786079361334,685,v1,0.0764,0.7752,0.2058,1.7419,0.7477,0.02228,0.1126,0.00246,0.718,0,8,80.2,0.527,1,0,7.0,7.0,1,30,6111,133238.6,100.0,13,9.97
1786079363579,686,v1,0.0121,0.584,0.4613,2.4168,0.5618,0.0239,0.0796,0.002947,0.677,0,13,84.98,0.556,1,1676,12.0,9.054,0,30,5890,336799.4,0.0,-1,11.26
1786079365270,687,v1,0.0414,0.7972,0.49,1.0558,0.3247,0.01735,0.0791,0.003495,0.625,1,25,91.79,0.463,1,0,16.681,16.681,0,30,6487,183040.8,87.78,15,14.03
1786079361416,688,v1,0.0763,0.6085,0.3672,1.6977,0.4565,0.0205,0.1497,0.002133,0.646,1,7,42.59,0.93,1,4083,5.892,1.93,1,30,6222,142288.5,100.0,6,11.56
1786079363844,689,v1,0.0681,0.2883,0.4933,2.3075,0.5781,0.00423,0.1446,0.001207,0.708,1,6,20.13,0.897,1,5919,5.0,0.0,0,30,5945,357447.8,0.0,-1,4.39
1786079365318,690,v1,0.0737,0.6281,0.4192,1.9313,0.1021,0.02697,0.051,0.001363,0.701,1,23,90.57,0.313,1,0,13.139,13.139,1,30,6063,138337.2,100.0,13,5.87
1786079366827,691,v1,0.0381,0.5279,0.2198,1.5176,0.1476,0.01533,0.2218,0.003441,0.718,0,27,60.24,0.583,1,0,0.057,0.057,0,30,5823,336950.9,0.27,-1,12.59
1786079363289,692,v1,0.0214,0.3227,0.4884,2.1597,0.8799,0.03085,0.193,0.001693,0.665,0,27,34.73,0.918,1,0,13.871,13.871,1,30,7141,158582.6,100.0,13,6.82
1786079365419,693,v1,0.0365,0.3784,0.3671,1.1407,0.5951,0.00599,0.1422,0.001845,0.679,0,30,74.4,0.682,1,0,15.388,15.388,0,30,6238,313661.0,69.9,19,6.88
1786079366504,694,v1,0.0323,0.6263,0.3093,1.4007,0.8738,0.01625,0.1308,0.002717,0.594,1,21,43.2,0.975,1,992,16.108,13.513,0,30,6405,210464.3,89.69,15,9.31
1786079368141,695,v1,0.035,0.4881,0.3182,1.0293,0.4889,0.01267,0.2161,0.001699,0.592,1,10,94.87,0.653,1,5199,9.0,2.035,0,30,6822,362341.7,20.16,16,6.48
1786079364175,696,v1,0.0678,0.7122,0.2149,1.1706,0.3508,0.02529,0.1763,0.003186,0.704,0,23,63.42,0.612,1,0,13.198,13.198,1,30,7817,171179.3,100.0,13,11.69
1786079365864,697,v1,0.0321,0.9359,0.4474,1.4862,0.1834,0.03102,0.1069,0.002374,0.635,1,18,35.62,0.858,1,1055,14.85,12.423,0,30,6642,216456.2,90.18,14,9.27
1786079366814,698,v1,0.0547,0.4185,0.3651,0.8935,0.3438,0.0042,0.168,0.003667,0.612,1,6,74.65,0.72,1,5906,5.0,0.0,1,30,6012,163933.6,100.0,18,16.62
1786079368058,699,v1,0.0332,0.3748,0.461,2.0979,0.4364,0.01163,0.1337,0.003088,0.652,1,25,86.01,0.628,1,0,15.668,15.668,0,30,6132,294076.1,75.75,18,11.84
1786079374450,700,v1,0.0645,0.3345,0.2546,1.4925,0.3798,0.02773,0.1147,0.001504,0.656,0,21,85.43,0.869,1,0,16.109,16.109,0,30,5991,167832.8,89.34,15,5.71
1786079376723,701,v1,0.0606,0.7096,0.4356,1.5418,0.2009,0.0315,0.1934,0.001222,0.584,0,9,67.37,0.946,1,3573,7.966,4.947,0,30,7181,272096.3,41.97,9,4.78
1786079378713,702,v1,0.0576,0.6122,0.2565,1.4797,0.3746,0.00321,0.0779,0.002859,0.666,1,20,44.89,0.946,1,1059,17.713,14.35,0,30,5883,283305.5,91.36,17,10.84
1786079380178,703,v1,0.0719,0.2037,0.2148,1.1369,0.9889,0.02806,0.2283,0.002615,0.663,0,32,44.22,0.306,1,0,13.372,13.372,1,30,6209,120185.5,100.0,10,10.39
1786079374967,704,v1,0.0184,0.9543,0.3308,2.0374,0.433,0.02284,0.1183,0.003106,0.662,0,36,52.99,0.878,1,0,15.787,15.787,0,30,5824,244847.6,67.81,18,11.8
1786079377742,705,v1,0.0476,0.2122,0.2885,0.9506,0.6947,0.01345,0.1656,0.003072,0.615,1,9,46.9,0.865,1,6390,8.0,0.0,0,30,6526,384872.0,0.0,-1,10.63
1786079379084,706,v1,0.047,0.5024,0.1853,1.2835,0.4047,0.01923,0.2411,0.002181,0.625,0,35,47.43,0.706,1,0,14.533,14.533,1,30,6390,144718.4,100.0,13,8.56
1786079380875,707,v1,0.0248,0.4639,0.4648,2.0558,0.1416,0.02734,0.2282,0.002224,0.607,1,25,94.02,0.806,1,0,16.552,16.552,0,30,6419,185436.0,85.34,15,8.27
1786079375474,708,v1,0.0173,0.5259,0.3136,1.8856,0.4654,0.01588,0.1021,0.001399,0.632,0,5,52.51,0.839,1,2723,4.0,3.13,1,30,6294,157313.7,100.0,13,46.43
1786079378133,709,v1,0.017,0.4877,0.3242,1.463,0.8954,0.00714,0.2363,0.003619,0.653,1,14,36.46,0.451,1,3508,13.0,5.031,0,30,6009,348699.0,0.0,-1,13.58
1786079379734,710,v1,0.0165,0.3993,0.2761,1.5888,0.568,0.00598,0.1289,0.001363,0.634,1,9,82.59,0.767,1,6578,8.0,0.0,1,30,6655,180458.7,0.0,-1,100.0
1786079381360,711,v1,0.0765,0.3846,0.3462,1.7863,0.3998,0.02585,0.1767,0.003695,0.622,0,27,39.13,0.934,1,0,16.563,16.563,0,30,6287,174619.7,96.13,15,14.51
1786079376352,712,v1,0.0535,0.5322,0.2131,2.1372,0.9562,0.00318,0.227,0.00366,0.645,0,29,28.39,0.39,1,0,19.613,19.613,0,30,6145,198873.0,89.77,18,13.82
1786079377709,713,v1,0.0697,0.9877,0.1616,0.8615,0.9742,0.02423,0.0622,0.002451,0.718,1,30,90.07,0.783,1,0,14.375,14.375,1,30,6030,136240.5,100.0,13,9.0
1786079379875,714,v1,0.0737,0.5352,0.2018,1.8937,0.2965,0.02737,0.1829,0.002445,0.625,0,11,39.18,0.527,1,1762,10.0,7.738,0,30,6394,232587.5,68.3,15,9.51
1786079383130,715,v1,0.027,0.6979,0.4941,1.4636,0.7998,0.00526,0.2164,0.002713,0.68,1,25,98.14,0.594,1,0,0.598,0.598,0,30,7292,389492.9,3.01,-1,9.49
1786079376611,716,v1,0.0437,0.5285,0.2125,0.9011,0.626,0.01419,0.1075,0.001335,0.623,0,19,91.91,0.376,1,0,13.0,13.0,1,30,6529,147585.6,100.0,13,5.45
1786079377902,717,v1,0.0719,0.659,0.2819,1.9496,0.439,0.00385,0.1476,0.00157,0.606,0,36,90.46,0.887,1,0,12.017,12.017,1,30,5865,97511.1,100.0,5,6.39
1786079379138,718,v1,0.0156,0.9709,0.2102,1.6114,0.2843,0.00958,0.148,0.003051,0.618,0,10,58.07,0.335,1,1447,9.0,7.238,1,30,5893,143842.6,100.0,13,33.67
1786079381819,719,v1,0.046,0.8421,0.3841,1.1348,0.2216,0.01848,0.1377,0.001282,0.693,0,12,32.18,0.401,1,1709,11.0,8.712,0,30,6829,329980.0,68.69,17,5.81
1786079376994,720,v1,0.0414,0.6473,0.3705,1.0415,0.6149,0.02101,0.1553,0.003196,0.658,1,5,84.92,0.545,1,3950,4.0,1.189,1,30,5706,149473.5,100.0,13,60.71
1786079379435,721,v1,0.0562,0.9181,0.4089,2.0904,0.8226,0.00539,0.0943,0.002797,0.636,1,4,33.0,0.44,1,3572,3.0,1.288,0,30,6309,311587.5,37.95,17,10.45
1786079381780,722,v1,0.0677,0.5078,0.1962,1.2178,0.6729,0.017,0.2272,0.002885,0.691,0,14,69.62,0.445,1,2147,13.0,9.322,0,30,6660,291348.2,61.49,16,11.32
1786079383387,723,v1,0.0335,0.2496,0.3399,2.2743,0.5401,0.02978,0.1624,0.00315,0.609,1,22,34.14,0.915,1,1263,11.213,8.979,1,30,6800,128923.9,100.0,9,29.96
1786079377779,724,v1,0.0412,0.6643,0.1499,1.1136,0.4845,0.01745,0.1635,0.002331,0.668,1,13,59.0,0.38,1,3070,12.0,5.932,1,30,6208,154037.1,100.0,13,9.58
1786079380157,725,v1,0.0455,0.4903,0.4542,2.467,0.1211,0.01098,0.0751,0.001245,0.708,0,15,73.08,0.689,1,2130,14.0,9.683,0,30,6027,317852.8,42.68,19,5.01
1786079382476,726,v1,0.0147,0.6873,0.3513,2.4801,0.2415,0.02087,0.1265,0.003707,0.684,1,25,50.43,0.809,1,0,0.0,0.0,0,30,6246,348629.1,0.0,-1,13.77
1786079383640,727,v1,0.0587,0.8169,0.4283,1.3519,0.9671,0.02064,0.2193,0.00174,0.6,0,34,69.14,0.466,1,0,7.654,7.654,1,30,6468,55419.0,100.0,4,6.65
1786079382515,728,v1,0.0573,0.6163,0.4295,1.2048,0.1015,0.01638,0.1218,0.003272,0.592,0,6,83.19,0.394,1,0,5.0,5.0,0,30,6558,183336.1,97.66,15,12.55
1786079384047,729,v1,0.0139,0.6227,0.2629,1.3979,0.5123,0.02081,0.1434,0.00226,0.656,1,14,54.91,0.578,1,0,13.0,13.0,1,30,6476,139319.2,100.0,13,8.55
1786079385961,730,v1,0.0126,0.6543,0.2795,1.6187,0.7676,0.00841,0.1206,0.001982,0.686,1,14,57.67,0.891,1,6966,13.0,0.052,1,30,7189,198113.5,100.0,27,99.64
1786079387534,731,v1,0.0356,0.4193,0.2751,0.939,0.9024,0.00307,0.1783,0.003683,0.67,1,7,81.08,0.937,1,6363,6.0,0.0,1,30,6510,171155.4,100.0,24,99.95
1786079384277,732,v1,0.0109,0.6854,0.2753,1.7444,0.4896,0.01121,0.1909,0.003547,0.636,0,15,53.38,0.362,1,1277,14.0,11.383,0,30,6189,368610.9,0.0,-1,13.73
1786079386070,733,v1,0.0708,0.6363,0.1482,1.6027,0.4444,0.02573,0.1058,0.00258,0.594,1,25,42.55,0.829,1,982,15.772,13.237,0,30,6441,201988.9,85.73,14,9.49
1786079387510,734,v1,0.0445,0.9478,0.1363,1.229,0.7568,0.00323,0.0893,0.001877,0.637,0,26,86.39,0.381,1,0,19.268,19.268,0,30,5523,185805.3,86.27,18,7.08
1786079388712,735,v1,0.0247,0.8793,0.2745,1.3588,0.5059,0.01371,0.2149,0.003067,0.62,0,30,83.16,0.56,1,0,14.364,14.364,1,30,5464,121891.2,100.0,13,12.06
1786079383759,736,v1,0.0609,0.6939,0.3267,2.3142,0.6746,0.02147,0.0903,0.002521,0.646,0,7,56.27,0.824,1,2888,6.0,3.821,1,30,5380,133499.7,100.0,13,58.44
1786079384917,737,v1,0.0513,0.7599,0.1327,1.3116,0.4068,0.03106,0.1312,0.002928,0.697,0,20,72.06,0.418,1,0,13.0,13.0,1,30,5278,119141.8,100.0,13,11.44
1786079386679,738,v1,0.0115,0.7487,0.4672,1.9144,0.2141,0.02649,0.2495,0.003741,0.588,1,7,68.06,0.408,1,2705,6.0,3.032,0,30,5602,234957.0,45.15,14,14.85
1786079388408,739,v1,0.0117,0.9791,0.2372,2.3373,0.2451,0.00641,0.208,0.001457,0.667,1,22,75.77,0.879,1,1269,13.0,10.367,1,30,6472,149914.4,100.0,13,24.68
1786079385361,740,v1,0.0163,0.5991,0.172,1.792,0.1009,0.0215,0.1598,0.003151,0.633,1,8,58.4,0.462,1,3708,7.0,2.808,0,30,6328,344015.1,31.41,19,11.68
1786079386736,741,v1,0.0431,0.8065,0.269,0.8849,0.3059,0.01608,0.1853,0.003295,0.668,1,34,88.5,0.558,1,0,14.361,14.361,1,30,7052,157248.1,100.0,13,12.2
1786079388322,742,v1,0.0444,0.23,0.195,1.754,0.2746,0.01668,0.245,0.001934,0.692,1,34,82.74,0.475,1,0,15.197,15.197,1,30,5378,125106.9,100.0,14,7.74
1786079390141,743,v1,0.0149,0.6559,0.4058,1.7313,0.7545,0.02652,0.2034,0.001525,0.624,1,34,36.41,0.918,1,1392,14.303,11.315,1,30,7016,157357.5,100.0,13,5.89
1786079386136,744,v1,0.0775,0.8892,0.2583,2.2589,0.4016,0.02365,0.0878,0.003396,0.612,1,9,71.3,0.6,1,3716,8.0,2.434,0,30,5473,276677.4,30.53,15,12.1
1786079387951,745,v1,0.0432,0.4177,0.3036,0.8569,0.4581,0.01371,0.2353,0.001317,0.646,1,36,64.63,0.773,1,0,19.814,19.814,0,30,6278,199473.1,93.22,17,4.86
1786079389177,746,v1,0.0794,0.6237,0.2649,0.843,0.4356,0.01705,0.0846,0.002264,0.612,1,32,78.43,0.808,1,0,9.959,9.959,1,30,5938,80209.9,100.0,4,8.52
1786079391230,747,v1,0.0225,0.3995,0.2275,2.2304,0.8634,0.01664,0.1378,0.001414,0.646,1,5,52.36,0.76,1,6588,4.0,0.0,1,30,6621,178976.6,0.0,-1,100.0
1786079386455,748,v1,0.0292,0.3586,0.2147,0.9221,0.1442,0.00621,0.2227,0.002167,0.637,0,22,21.05,0.627,1,358,15.178,14.15,0,30,6076,297102.3,75.37,18,7.97
1786079387693,749,v1,0.0654,0.6135,0.3385,0.8544,0.1469,0.01989,0.1029,0.001492,0.599,1,10,84.81,0.695,1,755,5.862,4.685,1,30,5849,81824.6,100.0,3,6.09
1786079389950,750,v1,0.0773,0.6931,0.311,2.0663,0.7444,0.01119,0.1619,0.00317,0.668,0,5,44.13,0.585,1,2142,4.0,3.31,0,30,6294,285812.2,61.79,17,11.98
1786079391200,751,v1,0.0301,0.8429,0.4802,1.2891,0.2387,0.00316,0.2473,0.002916,0.657,0,8,24.98,0.633,1,2366,7.0,4.827,1,30,5543,138085.4,100.0,13,48.58
1786079386285,752,v1,0.0171,0.322,0.4598,1.8578,0.455,0.0237,0.2231,0.002313,0.581,1,20,87.89,0.907,1,0,10.894,10.894,1,30,6075,108815.8,100.0,8,8.89
1786079387687,753,v1,0.0112,0.2754,0.4865,0.814,0.6629,0.02188,0.1879,0.001813,0.692,1,30,94.53,0.532,1,0,15.991,15.991,1,30,5972,145864.1,100.0,14,7.25
1786079389024,754,v1,0.0604,0.5439,0.4223,2.3504,0.8059,0.01218,0.2134,0.003764,0.711,0,25,93.41,0.807,1,0,14.417,14.417,1,30,5912,139597.1,100.0,14,14.04
1786079390736,755,v1,0.0363,0.7354,0.4086,0.9877,0.408,0.0103,0.1365,0.002032,0.68,1,17,76.16,0.337,1,0,13.0,13.0,1,30,6725,151489.5,100.0,13,8.48
1786079390901,756,v1,0.0704,0.3763,0.252,0.8228,0.3082,0.006,0.2464,0.001912,0.691,1,7,40.43,0.675,1,6008,6.0,0.154,0,30,6226,362270.8,2.27,-1,7.53
1786079392553,757,v1,0.0175,0.9434,0.146,2.4068,0.3665,0.01164,0.0538,0.0024,0.585,1,5,51.04,0.757,1,5365,4.0,0.0,1,30,5419,157918.1,0.0,-1,100.0
1786079394877,758,v1,0.0495,0.5941,0.4316,2.2041,0.7268,0.01343,0.0873,0.003617,0.682,1,8,60.69,0.581,1,4978,7.0,1.403,0,30,6382,353645.5,17.76,-1,14.27
1786079396424,759,v1,0.0134,0.3161,0.3363,1.8825,0.1963,0.01517,0.0542,0.002385,0.647,0,25,94.63,0.655,1,0,14.743,14.743,1,30,5712,135973.7,100.0,14,8.6
1786079391772,760,v1,0.0799,0.9632,0.498,1.4,0.4755,0.01429,0.185,0.002707,0.667,1,15,98.5,0.422,1,4421,14.0,5.131,0,30,7234,354080.7,35.63,16,10.59
1786079394638,761,v1,0.0175,0.8534,0.3137,1.0878,0.5133,0.00333,0.2355,0.002926,0.619,1,29,75.42,0.801,1,0,0.0,0.0,0,30,6661,392043.8,0.0,-1,11.2
1786079396317,762,v1,0.0481,0.7788,0.1229,1.0204,0.9249,0.01419,0.2417,0.003687,0.67,0,15,95.35,0.831,1,0,13.0,13.0,1,30,6782,156350.9,100.0,13,13.12
1786079398225,763,v1,0.0764,0.7903,0.2245,1.1037,0.7021,0.03,0.0946,0.002732,0.6,0,20,66.19,0.331,1,0,14.359,14.359,0,30,6639,160853.0,93.19,13,10.27
1786079390986,764,v1,0.0276,0.2008,0.3363,1.9453,0.3252,0.01806,0.0991,0.001848,0.633,1,22,80.33,0.81,1,0,13.555,13.555,1,30,6236,139831.6,100.0,13,7.04
1786079392768,765,v1,0.044,0.4053,0.1048,1.1222,0.4929,0.02764,0.064,0.002674,0.588,0,35,74.74,0.378,1,0,17.102,17.102,0,30,6391,170503.1,88.11,14,9.75
1786079394203,766,v1,0.0585,0.3931,0.2967,1.4709,0.3618,0.02368,0.0739,0.003111,0.603,0,22,45.64,0.533,1,0,9.994,9.994,1,30,6265,103174.4,100.0,6,11.89
1786079396024,767,v1,0.056,0.8232,0.3659,0.8439,0.6145,0.01401,0.0679,0.003751,0.605,0,8,39.02,0.408,1,1256,7.0,5.954,0,30,6149,205890.7,79.14,15,13.55
1786079392350,768,v1,0.0518,0.2613,0.1201,1.2071,0.1208,0.00944,0.232,0.002129,0.662,1,16,63.28,0.403,1,0,13.583,13.583,1,30,6043,136947.4,100.0,13,8.22
1786079394000,769,v1,0.061,0.5497,0.4871,1.8975,0.9131,0.00784,0.1229,0.002297,0.647,1,25,74.73,0.761,1,0,17.75,17.75,0,30,6576,209411.4,93.65,16,8.82
1786079395775,770,v1,0.0675,0.9585,0.396,2.3849,0.3407,0.01289,0.242,0.001953,0.582,0,19,96.26,0.55,1,0,15.357,15.357,0,30,6515,189642.9,99.97,15,7.29
1786079397079,771,v1,0.0177,0.9088,0.1344,2.3162,0.2532,0.0139,0.1327,0.00369,0.651,1,18,94.02,0.302,1,0,13.0,13.0,1,30,5832,131526.3,100.0,13,13.53
1786079392875,772,v1,0.0766,0.2106,0.2674,2.0485,0.1104,0.01762,0.1573,0.001729,0.621,0,22,31.07,0.413,1,0,12.525,12.525,1,30,5843,126377.2,100.0,13,6.52
1786079395254,773,v1,0.0288,0.2752,0.2544,0.8546,0.7682,0.01242,0.1522,0.00184,0.587,0,10,71.42,0.69,1,3146,9.0,5.608,0,30,6606,295020.9,49.58,16,7.15
1786079396799,774,v1,0.0485,0.7454,0.2775,2.4213,0.4134,0.00388,0.2482,0.001679,0.688,1,28,48.4,0.969,1,1008,14.027,11.758,1,30,6500,155063.3,100.0,13,10.38
1786079399365,775,v1,0.0353,0.3585,0.2163,1.2445,0.1352,0.01412,0.184,0.001872,0.64,0,16,41.25,0.77,1,3346,15.0,7.439,0,30,5885,329808.3,37.12,17,6.97
1786079394283,776,v1,0.0772,0.4609,0.1764,1.1723,0.2229,0.00645,0.0633,0.001867,0.672,0,25,29.29,0.975,1,0,18.414,18.414,0,30,6005,255094.1,96.48,17,7.46
1786079395827,777,v1,0.0756,0.2817,0.3387,1.5977,0.5173,0.02109,0.0985,0.003184,0.644,1,34,38.39,0.35,1,491,18.115,16.579,0,30,6379,180048.3,86.32,15,11.77
1786079398648,778,v1,0.034,0.3903,0.2503,1.2161,0.896,0.00888,0.0889,0.003459,0.665,1,14,73.25,0.64,1,5109,13.0,2.546,0,30,6638,361458.9,9.88,-1,12.97
1786079400409,779,v1,0.0132,0.6172,0.1592,2.2867,0.4669,0.00533,0.1776,0.001876,0.619,1,11,34.07,0.854,1,6084,10.0,0.0,1,30,6212,170605.2,0.0,-1,100.0
1786079395544,780,v1,0.0184,0.8375,0.4477,2.091,0.5345,0.00391,0.1641,0.002622,0.702,1,34,40.37,0.952,1,0,0.0,0.0,0,30,6368,361723.1,0.0,-1,10.02
1786079396848,781,v1,0.0197,0.3985,0.2407,1.9166,0.2556,0.01681,0.1171,0.001626,0.586,1,23,67.67,0.414,1,0,13.203,13.203,1,30,5750,130362.8,100.0,13,6.42
1786079398814,782,v1,0.0523,0.9921,0.1192,2.3109,0.302,0.02788,0.0705,0.003167,0.67,1,24,34.82,0.777,1,1033,13.366,11.121,1,30,6568,148604.1,100.0,13,14.95
1786079401608,783,v1,0.022,0.6326,0.3944,2.3015,0.8471,0.02586,0.0531,0.003135,0.715,1,22,25.43,0.481,1,51,1.621,1.464,0,30,6612,350051.3,8.44,-1,12.54
1786079398557,784,v1,0.0678,0.3681,0.1523,2.2987,0.6425,0.03075,0.2142,0.003361,0.617,1,6,95.59,0.943,1,6668,5.0,0.0,1,30,6789,195285.6,100.0,22,99.65
1786079401374,785,v1,0.0752,0.7169,0.2357,0.8363,0.8976,0.00404,0.1107,0.001406,0.706,1,14,77.33,0.396,1,3620,13.0,6.819,0,30,7754,395271.9,50.2,18,5.6
1786079402660,786,v1,0.0567,0.4816,0.1639,1.1898,0.5023,0.0145,0.0645,0.002803,0.624,1,15,42.31,0.301,1,0,13.0,13.0,1,30,6139,137747.8,100.0,13,10.52
1786079404350,787,v1,0.0226,0.8245,0.3016,2.3501,0.1215,0.02895,0.125,0.00322,0.592,1,5,80.28,0.305,1,2470,4.0,2.431,1,30,6368,155152.8,100.0,13,46.44
1786079399527,788,v1,0.0121,0.4572,0.4461,2.4226,0.332,0.02334,0.1681,0.003007,0.583,1,6,79.78,0.587,1,4450,5.0,0.99,0,30,5637,284556.9,17.15,-1,10.95
1786079400850,789,v1,0.0733,0.6793,0.3903,2.2553,0.4613,0.02856,0.2078,0.001782,0.622,1,21,47.5,0.315,1,0,8.95,8.95,1,30,6193,87390.0,100.0,5,6.56
1786079402139,790,v1,0.0403,0.7977,0.3574,0.9503,0.7179,0.02594,0.2236,0.00319,0.606,0,34,49.41,0.755,1,0,9.699,9.699,1,30,6365,80537.0,100.0,6,12.33
1786079404532,791,v1,0.0799,0.2768,0.434,1.3417,0.1247,0.0262,0.1902,0.00307,0.713,1,11,52.45,0.915,1,6262,10.0,0.0,0,30,6456,361165.8,1.27,-1,11.29
1786079399432,792,v1,0.02,0.61,0.1341,1.1981,0.6048,0.02958,0.1655,0.001756,0.601,0,32,53.9,0.964,1,0,12.765,12.765,1,30,6638,133870.2,100.0,9,7.17
1786079400821,793,v1,0.0674,0.2829,0.4148,1.2456,0.5119,0.02496,0.1693,0.001319,0.619,1,19,78.62,0.95,1,0,14.712,14.712,0,30,5722,151100.5,85.37,14,5.05
1786079402543,794,v1,0.0549,0.3878,0.4699,1.7012,0.6914,0.0249,0.1095,0.003644,0.657,0,7,86.88,0.981,1,0,6.0,6.0,0,30,6272,181040.2,90.37,15,13.81
1786079404421,795,v1,0.0132,0.5022,0.3398,2.4216,0.453,0.02422,0.2057,0.001893,0.64,1,36,67.22,0.563,1,0,15.624,15.624,0,30,5802,245346.0,63.97,18,6.88
1786079400642,796,v1,0.0609,0.5037,0.4705,2.3425,0.9091,0.03143,0.1844,0.002527,0.689,0,5,49.04,0.95,1,2838,4.0,3.044,0,30,5994,253390.3,48.94,16,9.31
1786079401967,797,v1,0.0503,0.9269,0.1199,2.442,0.5287,0.00797,0.1833,0.001559,0.614,0,10,53.62,0.33,1,1101,8.956,7.62,1,30,5846,133308.3,100.0,13,24.05
1786079403676,798,v1,0.0702,0.7297,0.2626,0.9553,0.5635,0.00574,0.2336,0.002757,0.652,1,9,87.6,0.476,1,4047,8.0,2.822,1,30,6380,159678.2,100.0,13,9.67
1786079404950,799,v1,0.0327,0.2169,0.1626,1.8666,0.6084,0.00319,0.2397,0.001388,0.581,1,26,21.21,0.988,1,1037,19.282,15.991,0,30,6239,239459.9,86.46,18,5.4
1786079411734,800,v1,0.073,0.8821,0.4774,1.8784,0.7775,0.00381,0.086,0.002594,0.707,0,6,52.93,0.51,1,2677,5.0,3.794,0,30,6743,346431.7,56.93,18,9.86
1786079413410,801,v1,0.0339,0.6116,0.335,1.5408,0.8556,0.03141,0.2291,0.001774,0.692,0,27,53.0,0.627,1,0,18.563,18.563,0,30,5445,180569.0,85.67,17,6.81
1786079415178,802,v1,0.0519,0.9436,0.4217,1.7689,0.4517,0.02139,0.2421,0.001333,0.685,1,4,76.23,0.339,1,3232,3.0,1.505,1,30,6510,166815.7,100.0,13,52.09
1786079417713,803,v1,0.0198,0.5738,0.2797,1.6271,0.8077,0.00534,0.104,0.002411,0.706,0,16,31.97,0.458,1,1692,15.0,11.572,0,30,6639,381149.9,0.0,-1,8.89
1786079411347,804,v1,0.0426,0.8746,0.3564,1.1537,0.7657,0.01548,0.1424,0.002101,0.654,0,17,90.48,0.822,1,0,13.0,13.0,1,30,5587,126916.0,100.0,13,7.91
1786079413211,805,v1,0.0663,0.6393,0.4397,2.0607,0.6925,0.00479,0.2153,0.002711,0.631,0,26,34.3,0.814,1,0,17.884,17.884,0,30,6484,204374.7,92.39,16,10.06
1786079414585,806,v1,0.0121,0.7657,0.1705,1.6176,0.8191,0.01237,0.2018,0.002117,0.63,0,18,95.99,0.68,1,0,13.0,13.0,1,30,6318,147000.0,100.0,13,7.76
1786079415860,807,v1,0.0258,0.5533,0.236,2.4598,0.5117,0.02139,0.0684,0.001745,0.657,1,20,82.37,0.365,1,0,13.0,13.0,1,30,5877,128225.7,100.0,13,6.14
1786079413250,808,v1,0.0163,0.2373,0.274,1.6171,0.4455,0.01902,0.1076,0.002275,0.614,1,10,66.93,0.533,1,4697,9.0,2.047,0,30,6201,335563.5,20.6,18,8.87
1786079414468,809,v1,0.0417,0.7223,0.119,1.0887,0.5346,0.01243,0.1329,0.003185,0.709,0,22,84.48,0.755,1,0,13.0,13.0,1,30,5845,130393.4,100.0,13,12.92
1786079416804,810,v1,0.0693,0.4065,0.1342,1.5283,0.1585,0.02329,0.179,0.002493,0.715,1,21,39.04,0.612,1,1187,17.601,14.56,0,30,7230,348259.2,87.25,17,9.63
1786079417941,811,v1,0.0395,0.9839,0.3698,2.0855,0.4366,0.01392,0.1857,0.002563,0.695,0,7,37.75,0.375,1,1513,6.0,4.916,1,30,5677,136614.8,100.0,13,34.77
1786079413510,812,v1,0.0146,0.5645,0.1376,1.4881,0.1702,0.02798,0.1684,0.003229,0.652,0,16,51.69,0.809,1,2730,15.0,9.498,0,30,6733,313867.7,43.82,17,11.45
1786079415619,813,v1,0.0728,0.2689,0.3415,2.005,0.4918,0.01844,0.2145,0.002021,0.627,1,16,76.99,0.73,1,2510,15.0,9.276,0,30,6763,278227.1,52.84,15,7.13
1786079417753,814,v1,0.0457,0.6142,0.2216,2.0138,0.8583,0.01552,0.0618,0.003197,0.703,0,4,77.83,0.696,1,0,3.0,3.0,0,30,6583,277242.0,82.87,19,12.14
1786079419810,815,v1,0.0258,0.2794,0.3228,2.2951,0.5063,0.01817,0.0968,0.003032,0.623,0,5,95.04,0.742,1,0,4.0,4.0,0,30,6844,221788.1,84.22,17,11.62
1786079413433,816,v1,0.0208,0.5604,0.1326,1.104,0.9079,0.01651,0.104,0.001298,0.664,0,15,94.13,0.621,1,0,13.0,13.0,1,30,6281,141489.8,100.0,13,5.09
1786079415025,817,v1,0.0188,0.8357,0.3366,1.513,0.5094,0.00845,0.2394,0.002593,0.613,1,22,66.69,0.85,1,0,13.0,13.0,1,30,6216,137115.1,100.0,13,10.1
1786079417024,818,v1,0.0196,0.2372,0.3084,1.7718,0.5311,0.03013,0.1038,0.003622,0.625,0,28,25.32,0.692,1,502,17.547,16.269,0,30,6737,207831.4,83.9,15,14.44
1786079418493,819,v1,0.0281,0.4776,0.3402,1.1847,0.455,0.01581,0.1475,0.001929,0.703,0,30,78.78,0.794,1,0,15.008,15.008,1,30,6576,156741.8,100.0,13,8.12
1786079414509,820,v1,0.0534,0.468,0.343,1.4277,0.2033,0.02761,0.2454,0.003213,0.62,1,9,82.72,0.627,1,4489,8.0,1.12,0,30,5347,295013.0,12.8,-1,11.71
1786079416500,821,v1,0.0463,0.3117,0.4216,1.6266,0.3597,0.02969,0.1946,0.00278,0.678,1,6,99.77,0.41,1,2858,5.0,2.444,0,30,5654,254209.4,41.16,16,9.89
1786079417957,822,v1,0.018,0.4089,0.3164,1.2885,0.1033,0.02205,0.1077,0.002618,0.623,0,18,98.69,0.524,1,0,13.0,13.0,1,30,6435,147130.7,100.0,13,10.74
1786079419707,823,v1,0.0398,0.4993,0.3566,0.9662,0.4605,0.00328,0.2468,0.003388,0.665,1,26,97.38,0.955,1,0,13.685,13.685,1,30,6898,159627.0,100.0,13,12.54
1786079415617,824,v1,0.0247,0.7247,0.1643,1.1675,0.7887,0.00739,0.06,0.003612,0.717,0,8,42.12,0.929,1,3555,7.0,4.462,0,30,7159,391069.1,0.0,-1,13.12
1786079417530,825,v1,0.0642,0.2725,0.1673,2.2755,0.5138,0.0139,0.1447,0.001517,0.66,0,28,29.48,0.975,1,0,18.696,18.696,0,30,5626,223291.5,83.79,16,5.63
1786079419435,826,v1,0.0677,0.6157,0.1715,0.819,0.619,0.02387,0.0918,0.003236,0.606,1,27,43.7,0.83,1,1000,16.183,13.42,0,30,6301,195603.2,88.44,14,11.73
1786079420776,827,v1,0.0445,0.2148,0.3811,1.056,0.5314,0.00588,0.2349,0.00207,0.595,1,33,59.96,0.391,1,0,12.051,12.051,1,30,6401,117964.2,100.0,9,8.23
1786079418406,828,v1,0.0244,0.5924,0.2625,2.0755,0.2695,0.03074,0.126,0.002659,0.671,0,11,78.31,0.533,1,0,10.0,10.0,0,30,6197,201761.7,84.63,17,10.34
1786079420363,829,v1,0.0631,0.3193,0.3901,2.2066,0.3211,0.01555,0.1316,0.003104,0.681,0,14,79.44,0.517,1,0,13.0,13.0,0,30,6019,259824.9,99.89,17,11.56
1786079421938,830,v1,0.0176,0.6066,0.2326,0.9337,0.4942,0.01615,0.0881,0.003446,0.635,0,18,53.44,0.849,1,0,13.0,13.0,1,30,6204,130187.2,100.0,13,13.02
1786079423541,831,v1,0.0145,0.9154,0.1672,1.607,0.7648,0.01298,0.2318,0.001715,0.659,1,26,24.9,0.339,1,425,13.7,12.685,1,30,5904,133369.2,100.0,13,11.67
1786079420268,832,v1,0.0475,0.827,0.488,2.2387,0.7407,0.00514,0.1386,0.002658,0.596,0,4,56.1,0.895,1,4042,3.0,2.393,1,30,6709,158952.5,100.0,13,64.7
1786079421752,833,v1,0.0553,0.2933,0.2123,2.306,0.6369,0.01907,0.0948,0.002175,0.675,0,5,27.83,0.684,1,2021,4.0,3.274,1,30,5609,134255.4,100.0,13,41.24
1786079424279,834,v1,0.0157,0.3511,0.2142,2.3039,0.8469,0.02242,0.2123,0.002235,0.706,1,27,99.34,0.367,1,0,0.0,0.0,0,30,5953,358748.4,0.0,-1,7.81
1786079425841,835,v1,0.0532,0.4332,0.2912,1.1039,0.7629,0.01162,0.0718,0.001291,0.702,0,34,80.82,0.698,1,0,15.033,15.033,1,30,6385,151598.1,100.0,13,5.48
1786079421538,836,v1,0.0411,0.3436,0.4357,1.3164,0.3667,0.03019,0.0533,0.002204,0.689,1,15,73.12,0.626,1,4562,14.0,1.94,0,30,5457,307965.8,11.78,-1,8.59
1786079423292,837,v1,0.0273,0.8365,0.4787,1.6242,0.2004,0.0306,0.0956,0.003555,0.672,1,36,39.77,0.628,1,948,14.724,12.697,1,30,7758,173607.8,100.0,13,13.6
1786079424786,838,v1,0.0698,0.6353,0.187,1.5249,0.141,0.01955,0.1831,0.00156,0.663,1,18,96.22,0.619,1,0,12.261,12.261,1,30,5988,126722.8,100.0,13,5.93
1786079427021,839,v1,0.0361,0.8912,0.116,1.023,0.1008,0.00827,0.2309,0.001577,0.633,0,15,96.69,0.396,1,0,14.0,14.0,0,30,6483,329403.6,87.45,18,6.23
1786079421974,840,v1,0.0133,0.2437,0.2688,1.5285,0.8944,0.02671,0.2469,0.003697,0.648,1,15,57.66,0.965,1,5478,14.0,0.0,0,30,5773,320817.2,0.0,-1,13.63
1786079424128,841,v1,0.0585,0.7732,0.134,2.4492,0.1213,0.0125,0.1049,0.002468,0.72,1,35,64.07,0.603,1,587,20.499,17.95,0,30,6042,296135.2,78.29,19,9.7
1786079426677,842,v1,0.0196,0.7076,0.1476,2.0709,0.3948,0.02397,0.1416,0.003277,0.674,0,18,38.6,0.977,1,3263,17.0,8.741,0,30,6287,350803.7,23.28,19,12.41
1786079428499,843,v1,0.0563,0.6868,0.1397,0.9768,0.9374,0.00402,0.1042,0.003307,0.613,0,7,44.41,0.771,1,2547,6.0,4.193,0,30,5755,261033.1,50.84,16,12.46
1786079421928,844,v1,0.0657,0.6931,0.2036,2.1018,0.2324,0.0267,0.1556,0.002379,0.63,0,11,81.95,0.341,1,0,10.0,10.0,0,30,5563,160932.4,84.95,15,9.15
1786079424238,845,v1,0.0763,0.3373,0.48,1.6442,0.947,0.00927,0.1729,0.001426,0.652,1,11,47.97,0.346,1,2781,10.0,5.491,0,30,6253,283290.2,52.07,16,5.79
1786079425617,846,v1,0.0498,0.6404,0.2545,1.4339,0.6699,0.0079,0.1497,0.0034,0.592,1,35,93.02,0.483,1,0,10.925,10.925,1,30,6170,89245.6,100.0,5,12.88
1786079427439,847,v1,0.0532,0.6234,0.1155,1.8523,0.862,0.02854,0.1474,0.002633,0.669,0,23,47.83,0.856,1,0,17.235,17.235,0,30,6108,184409.9,89.06,16,10.13
1786079423314,848,v1,0.0492,0.3942,0.4101,1.6812,0.3271,0.02353,0.1008,0.002734,0.711,1,7,52.29,0.307,1,2355,6.0,3.752,0,30,6397,312957.8,56.18,17,11.16
1786079424751,849,v1,0.0603,0.7905,0.1202,2.2746,0.3293,0.01609,0.2302,0.003743,0.697,0,34,96.16,0.819,1,0,14.38,14.38,1,30,5966,127554.3,100.0,13,13.85
1786079427620,850,v1,0.0242,0.8494,0.2628,2.0537,0.7693,0.01471,0.1024,0.002165,0.715,1,35,66.62,0.69,1,0,0.0,0.0,0,30,6692,391157.1,0.0,-1,8.07
1786079429548,851,v1,0.0607,0.4041,0.2984,2.0709,0.8949,0.00674,0.1694,0.001664,0.685,1,10,96.71,0.701,1,5486,9.0,1.604,1,30,6772,182964.8,100.0,20,75.75
1786079424117,852,v1,0.064,0.9939,0.3401,2.1549,0.749,0.0033,0.1627,0.003691,0.602,1,10,92.64,0.837,1,6170,9.0,0.0,0,30,6385,373479.3,0.0,-1,13.7
1786079425639,853,v1,0.0755,0.5826,0.4849,1.1213,0.1355,0.0205,0.2212,0.001388,0.628,1,16,68.12,0.563,1,0,10.953,10.953,1,30,6263,109345.4,100.0,4,5.35
1786079427258,854,v1,0.0639,0.7998,0.3941,1.707,0.382,0.01543,0.2246,0.003123,0.668,0,26,86.52,0.978,1,0,13.703,13.703,1,30,6155,140231.6,100.0,13,11.5
1786079429674,855,v1,0.0362,0.6834,0.1093,2.4648,0.9852,0.02379,0.223,0.002804,0.705,1,33,67.86,0.724,1,0,13.713,13.713,0,30,7395,319152.8,62.77,19,10.28
1786079425814,856,v1,0.0349,0.76,0.2251,0.8141,0.6724,0.02354,0.0972,0.00233,0.686,0,6,88.3,0.617,1,0,5.0,5.0,0,30,5835,191516.1,88.46,17,8.95
1786079428545,857,v1,0.0203,0.9385,0.2254,1.7088,0.8533,0.02183,0.1536,0.002192,0.696,1,29,53.04,0.453,1,0,0.0,0.0,0,30,6393,391575.4,0.0,-1,8.13
1786079429896,858,v1,0.0626,0.5411,0.4715,1.1201,0.451,0.00519,0.191,0.001836,0.671,0,26,25.09,0.717,1,403,13.685,12.755,1,30,5257,117009.5,100.0,13,7.44
1786079431504,859,v1,0.0522,0.456,0.2328,2.1693,0.7988,0.02849,0.0632,0.002926,0.59,1,36,59.95,0.687,1,0,11.483,11.483,1,30,6647,98350.8,100.0,6,10.64
1786079429550,860,v1,0.0169,0.3577,0.2083,2.4887,0.81,0.00843,0.2099,0.001688,0.649,0,5,67.49,0.857,1,2952,4.0,3.068,0,30,6388,378400.9,0.0,-1,6.65
1786079431312,861,v1,0.0633,0.5511,0.4841,2.408,0.5056,0.01292,0.1514,0.001644,0.636,1,22,26.12,0.836,1,1285,12.015,9.722,1,30,6932,141976.0,100.0,9,6.43
1786079432889,862,v1,0.0706,0.4146,0.3403,2.4395,0.8555,0.02145,0.2024,0.00353,0.629,0,26,90.41,0.431,1,0,13.534,13.534,1,30,6651,144614.7,100.0,13,13.22
1786079434359,863,v1,0.0321,0.4718,0.4297,1.7329,0.8149,0.02351,0.168,0.003706,0.678,0,28,96.75,0.659,1,0,18.75,18.75,0,30,5607,179455.7,87.18,17,14.55
1786079429453,864,v1,0.0716,0.8811,0.4091,1.7627,0.9964,0.01822,0.0687,0.0027,0.617,1,27,49.46,0.627,1,890,16.766,14.118,0,30,5978,187803.1,89.88,15,9.75
1786079431147,865,v1,0.0485,0.6944,0.2907,1.5345,0.6378,0.0223,0.219,0.003437,0.639,0,22,56.87,0.761,1,0,16.456,16.456,0,30,6134,169754.9,92.48,15,12.85
1786079432764,866,v1,0.0717,0.2148,0.4868,1.0772,0.9823,0.00944,0.2488,0.00164,0.656,1,34,28.27,0.306,1,357,18.691,17.56,0,30,6211,195218.2,100.0,16,6.76
1786079434772,867,v1,0.0315,0.6112,0.1567,2.1351,0.6119,0.01281,0.0739,0.00139,0.658,1,5,47.65,0.587,1,5254,4.0,1.115,1,30,7316,204418.9,100.0,13,73.46
1786079430359,868,v1,0.0146,0.8435,0.141,1.9703,0.5478,0.02354,0.188,0.003401,0.711,0,8,21.41,0.692,1,3332,7.0,4.792,1,30,7724,186463.6,100.0,13,51.64
1786079433101,869,v1,0.0412,0.5933,0.2119,0.9511,0.6903,0.01254,0.1593,0.001663,0.683,1,8,95.84,0.734,1,6057,7.0,0.0,0,30,6125,373651.3,0.0,-1,6.22
1786079434635,870,v1,0.0598,0.6457,0.4367,2.2531,0.6967,0.02253,0.223,0.00332,0.657,0,25,24.01,0.662,1,399,17.2,16.079,0,30,5818,181466.1,99.51,16,12.48
1786079436634,871,v1,0.0543,0.7884,0.4841,2.2558,0.9448,0.02452,0.1063,0.003598,0.699,0,26,84.83,0.669,1,0,18.324,18.324,0,30,7241,225046.4,86.88,17,14.06
1786079430819,872,v1,0.0391,0.6359,0.2227,1.7375,0.7848,0.02495,0.2039,0.003742,0.593,0,9,44.3,0.729,1,1252,7.158,5.954,1,30,6438,106934.4,100.0,6,31.02
1786079433090,873,v1,0.0164,0.7709,0.4593,2.0971,0.2053,0.03027,0.0837,0.001385,0.705,0,23,63.05,0.928,1,0,10.58,10.58,0,30,5851,278084.7,52.23,19,5.83
1786079434426,874,v1,0.0396,0.9832,0.1708,2.0817,0.7242,0.01577,0.2324,0.002993,0.659,1,26,75.1,0.696,1,0,13.673,13.673,1,30,5850,134632.8,100.0,13,11.59
1786079435912,875,v1,0.0701,0.6864,0.402,1.4036,0.9144,0.021,0.1704,0.003312,0.681,0,28,59.5,0.839,1,0,11.616,11.616,1,30,6743,110490.0,100.0,8,11.73
1786079431786,876,v1,0.0722,0.5173,0.2244,2.0775,0.6813,0.00442,0.2382,0.00169,0.634,1,12,38.29,0.941,1,3761,9.577,3.258,1,30,6330,131754.4,100.0,8,11.97
1786079433470,877,v1,0.0772,0.3621,0.4219,0.8735,0.844,0.02226,0.1141,0.001559,0.591,0,31,77.34,0.892,1,0,16.337,16.337,0,30,6155,161791.5,95.75,13,6.9
1786079435766,878,v1,0.0777,0.9009,0.3865,2.4172,0.2826,0.02591,0.088,0.003012,0.685,1,9,93.35,0.492,1,3648,8.0,3.138,0,30,6149,322989.3,39.36,16,11.07
1786079438397,879,v1,0.0193,0.9851,0.2402,1.2482,0.3832,0.00806,0.0765,0.003714,0.622,0,34,88.81,0.576,1,0,0.0,0.0,0,30,6306,357152.9,0.0,-1,13.84
1786079433350,880,v1,0.0445,0.9444,0.3643,1.7455,0.8375,0.00689,0.1057,0.002973,0.651,1,12,81.53,0.812,1,5396,11.0,0.982,0,30,6124,358311.6,7.88,-1,11.02
1786079435267,881,v1,0.0618,0.3463,0.4726,1.3185,0.1037,0.01125,0.12,0.003081,0.63,1,17,95.99,0.808,1,0,15.738,15.738,0,30,5994,234056.6,95.04,15,11.9
1786079437705,882,v1,0.0234,0.7553,0.2256,1.7244,0.9357,0.01093,0.1964,0.003762,0.609,1,11,33.92,0.706,1,6247,10.0,0.61,0,30,6918,403265.7,5.69,-1,14.27
1786079439588,883,v1,0.0728,0.7076,0.2501,0.9581,0.3577,0.01788,0.1583,0.002787,0.665,0,15,67.57,0.748,1,3068,14.0,7.171,0,30,5576,285395.6,41.67,16,10.1
1786079433627,884,v1,0.0291,0.7528,0.4596,2.41,0.3468,0.01491,0.0932,0.001451,0.594,0,17,86.54,0.432,1,0,15.997,15.997,0,30,5725,174246.5,85.94,16,5.78
1786079435941,885,v1,0.0586,0.6174,0.194,1.1546,0.1033,0.01484,0.1482,0.001388,0.587,0,10,85.77,0.496,1,1972,9.0,6.879,0,30,6597,264097.3,68.98,15,5.81
1786079437723,886,v1,0.0783,0.8419,0.2475,2.2277,0.845,0.00505,0.1405,0.003357,0.674,1,16,99.39,0.325,1,0,13.0,13.0,1,30,6529,150279.7,100.0,13,12.56
1786079439079,887,v1,0.0548,0.6074,0.3032,2.3083,0.78,0.02424,0.1345,0.001835,0.638,0,26,57.63,0.652,1,0,12.855,12.855,1,30,5701,119769.0,100.0,11,7.02
1786079437018,888,v1,0.0705,0.8215,0.2719,1.9574,0.2922,0.02214,0.0755,0.002621,0.675,1,21,80.55,0.483,1,0,16.57,16.57,0,30,6363,242499.8,97.37,16,9.49
1786079439246,889,v1,0.0421,0.4742,0.4049,2.0029,0.526,0.01394,0.0633,0.003022,0.646,0,6,32.86,0.392,1,2001,5.0,4.096,0,30,6738,283713.8,60.38,17,11.32
1786079440588,890,v1,0.0399,0.9134,0.2298,2.4331,0.7026,0.01427,0.1878,0.003331,0.608,0,8,68.53,0.423,1,1881,7.0,5.404,0,30,6036,235479.3,57.8,17,12.04
1786079441757,891,v1,0.0489,0.2754,0.3179,1.456,0.6062,0.03069,0.0842,0.0016,0.709,1,27,35.72,0.985,1,866,14.583,12.297,1,30,5736,138994.0,100.0,13,6.19
1786079437913,892,v1,0.0166,0.2427,0.3336,2.4133,0.1114,0.00965,0.202,0.00244,0.719,1,7,22.39,0.849,1,6239,6.0,0.0,0,30,6342,353364.4,0.0,-1,9.32
1786079439509,893,v1,0.0544,0.7271,0.4647,2.0688,0.1732,0.00698,0.1501,0.00243,0.626,1,29,72.63,0.855,1,0,13.997,13.997,1,30,6201,134794.2,100.0,13,9.21
1786079440621,894,v1,0.068,0.6094,0.2815,2.3681,0.6425,0.01995,0.1864,0.003029,0.668,1,23,85.14,0.554,1,0,17.228,17.228,0,30,6111,180616.0,89.21,16,11.73
1786079441961,895,v1,0.0138,0.5464,0.3213,0.8173,0.5898,0.01404,0.1552,0.003315,0.618,1,28,98.55,0.632,1,0,17.443,17.443,0,30,6424,226769.5,77.7,17,12.27
1786079438122,896,v1,0.0577,0.7594,0.318,1.9927,0.5639,0.0153,0.193,0.002485,0.633,1,20,45.51,0.88,1,0,12.992,12.992,1,30,7172,156055.0,100.0,13,9.16
1786079439492,897,v1,0.0738,0.7898,0.1588,1.0715,0.9065,0.01762,0.189,0.001408,0.583,1,19,58.19,0.561,1,0,6.324,6.324,1,30,6431,53279.6,100.0,4,5.52
1786079440908,898,v1,0.038,0.4937,0.3832,1.8182,0.857,0.02569,0.1195,0.001409,0.634,0,4,64.59,0.733,1,2512,3.0,2.578,0,30,5967,260051.1,52.96,15,5.55
1786079442280,899,v1,0.0531,0.9951,0.3051,1.5425,0.711,0.01851,0.0533,0.00282,0.716,0,17,56.18,0.37,1,1657,16.0,12.483,0,30,6945,306089.1,63.49,17,11.26
1786079448261,900,v1,0.0789,0.8085,0.4448,1.9687,0.2131,0.0316,0.0616,0.00305,0.72,1,19,83.69,0.873,1,0,13.0,13.0,1,30,5851,134489.1,100.0,13,11.86
1786079449988,901,v1,0.0626,0.9611,0.4699,1.8905,0.6419,0.0289,0.1,0.003267,0.612,1,22,74.19,0.411,1,0,15.308,15.308,0,30,6498,166857.9,86.71,14,11.99
1786079451773,902,v1,0.0252,0.4082,0.2277,1.4226,0.7172,0.00309,0.1594,0.00264,0.589,0,19,89.21,0.927,1,0,18.0,18.0,0,30,6315,216806.0,91.55,18,10.88
1786079452936,903,v1,0.0622,0.4297,0.1575,0.9454,0.3741,0.03076,0.1804,0.003525,0.677,0,20,63.6,0.919,1,0,12.938,12.938,1,30,5858,129625.1,100.0,13,13.72
1786079449705,904,v1,0.0635,0.8151,0.1299,1.5923,0.3176,0.01787,0.0792,0.00314,0.663,0,16,51.08,0.756,1,2572,15.0,9.27,0,30,6111,308692.2,51.76,16,12.39
1786079451637,905,v1,0.0318,0.8876,0.2917,2.3905,0.2638,0.01824,0.1807,0.001928,0.628,0,9,96.39,0.741,1,0,8.0,8.0,0,30,6545,274754.7,84.27,17,7.14
1786079453790,906,v1,0.0775,0.8904,0.4961,2.2838,0.737,0.00328,0.1853,0.002512,0.705,0,31,33.82,0.979,1,0,21.205,21.205,0,30,6792,288899.3,90.98,17,9.54
1786079455180,907,v1,0.0196,0.2394,0.2857,1.269,0.4609,0.03116,0.0833,0.001421,0.58,0,13,66.41,0.598,1,0,11.64,11.64,0,30,5864,130835.0,93.23,11,5.25
1786079449671,908,v1,0.0414,0.3653,0.2871,1.948,0.7784,0.02105,0.2482,0.003236,0.719,0,13,26.55,0.408,1,1409,12.0,9.412,1,30,5670,129904.6,100.0,14,35.26
1786079451329,909,v1,0.046,0.6862,0.1278,1.0919,0.2954,0.02549,0.216,0.001272,0.686,0,12,59.22,0.989,1,4025,11.0,5.248,1,30,6373,169191.1,100.0,13,10.32
1786079453088,910,v1,0.0692,0.3063,0.4353,1.4121,0.3092,0.02891,0.21,0.002797,0.656,1,20,74.66,0.317,1,0,15.534,15.534,0,30,7016,197393.6,99.76,15,10.6
1786079455049,911,v1,0.0496,0.3374,0.4072,1.6074,0.4964,0.01225,0.1525,0.001237,0.701,0,32,78.27,0.814,1,0,22.118,22.118,0,30,5526,259156.3,86.89,18,5.1
1786079450442,912,v1,0.0405,0.5892,0.3101,1.6775,0.2671,0.01843,0.2431,0.002783,0.649,1,35,88.49,0.881,1,0,21.123,21.123,0,30,6221,249028.4,96.66,17,10.82
1786079452193,913,v1,0.033,0.6527,0.2495,1.8908,0.4459,0.02963,0.2165,0.00255,0.625,0,21,74.84,0.357,1,0,15.928,15.928,0,30,6179,178928.0,85.54,15,9.21
1786079454218,914,v1,0.0783,0.5553,0.2879,1.0569,0.1427,0.0051,0.2035,0.0035,0.628,1,34,88.91,0.399,1,0,21.1,21.1,0,30,6797,255540.0,100.0,16,12.99
1786079456716,915,v1,0.0131,0.355,0.3762,2.1372,0.1526,0.00535,0.1436,0.003587,0.694,0,28,66.1,0.938,1,0,0.0,0.0,0,30,6293,375823.0,0.0,-1,12.81
1786079451143,916,v1,0.0596,0.8061,0.1536,1.1086,0.5481,0.00817,0.0757,0.001803,0.7,1,32,32.1,0.695,1,2902,23.127,10.172,0,30,5524,283772.3,88.89,18,7.31
1786079453928,917,v1,0.011,0.6716,0.4152,1.3246,0.3967,0.01461,0.1811,0.003575,0.674,1,16,34.14,0.587,1,4584,15.0,4.323,0,30,6769,394595.4,0.0,-1,12.69
1786079456244,918,v1,0.0237,0.8331,0.2822,1.172,0.3922,0.01213,0.1693,0.002546,0.663,1,30,74.43,0.414,1,0,2.702,2.702,0,30,6302,340582.8,12.55,-1,9.76
1786079457797,919,v1,0.0789,0.3917,0.1951,0.8712,0.9807,0.0315,0.2069,0.003158,0.685,0,13,71.13,0.714,1,2433,11.569,7.465,1,30,6147,139959.7,100.0,13,11.62
1786079451331,920,v1,0.0503,0.9122,0.255,2.1797,0.2651,0.01469,0.1919,0.002914,0.64,1,14,25.26,0.948,1,0,13.0,13.0,1,30,6244,136109.9,100.0,13,11.66
1786079453173,921,v1,0.029,0.572,0.2936,1.6047,0.2434,0.01872,0.1665,0.002191,0.632,1,34,43.29,0.666,1,900,20.194,17.147,0,30,6358,246574.7,85.91,17,8.54
1786079454964,922,v1,0.0106,0.4914,0.2386,2.2232,0.6937,0.01467,0.2459,0.002663,0.602,0,5,60.95,0.9,1,3318,4.0,2.991,1,30,6665,166226.1,100.0,13,55.09
1786079457589,923,v1,0.0593,0.9446,0.3039,2.0884,0.8507,0.00987,0.1091,0.001889,0.679,1,17,81.83,0.432,1,3542,16.0,7.05,0,30,6546,356327.7,39.91,18,7.88
1786079452033,924,v1,0.0322,0.2558,0.5,1.077,0.309,0.0101,0.2354,0.001235,0.666,0,13,20.46,0.503,1,1764,12.0,9.312,1,30,6670,167273.9,100.0,13,27.87
1786079453575,925,v1,0.049,0.5813,0.1827,1.1612,0.2806,0.0248,0.1329,0.003126,0.713,0,12,34.16,0.45,1,1615,11.0,8.534,1,30,6100,148024.8,100.0,13,14.41
1786079455079,926,v1,0.0403,0.7172,0.1739,2.1387,0.3547,0.02303,0.2263,0.003483,0.697,0,13,75.58,0.329,1,0,12.0,12.0,1,30,6889,153593.5,100.0,13,12.77
1786079456706,927,v1,0.0402,0.3156,0.1152,0.9215,0.3596,0.02397,0.161,0.0015,0.65,1,16,37.81,0.525,1,0,13.0,13.0,1,30,6262,144629.8,100.0,13,5.86
1786079456270,928,v1,0.0379,0.6592,0.3007,1.4441,0.768,0.0039,0.0507,0.002224,0.68,0,4,75.26,0.703,1,3281,3.0,2.499,0,30,6588,376156.1,24.78,19,9.05
1786079457577,929,v1,0.0258,0.7705,0.4691,2.2723,0.359,0.03151,0.065,0.003414,0.698,0,14,20.01,0.504,1,0,13.0,13.0,1,30,4764,104599.0,100.0,13,13.83
1786079459976,930,v1,0.0255,0.8519,0.4665,2.0643,0.9536,0.00446,0.1825,0.002188,0.63,0,28,87.23,0.96,1,0,4.8,4.8,0,30,6094,354088.5,23.66,19,8.93
1786079461590,931,v1,0.0495,0.3125,0.1788,1.6512,0.9546,0.00378,0.2313,0.002495,0.613,0,19,67.03,0.961,1,0,13.0,13.0,1,30,6240,136670.5,100.0,13,9.81
1786079457807,932,v1,0.0622,0.8139,0.2065,2.0222,0.1176,0.01362,0.1516,0.002705,0.687,0,24,86.5,0.943,1,0,18.687,18.687,0,30,6156,275860.6,89.67,17,11.14
1786079460509,933,v1,0.0117,0.8939,0.4853,1.64,0.4172,0.02251,0.0766,0.003095,0.601,1,7,87.53,0.779,1,6993,6.0,0.0,0,30,7120,399338.1,0.0,-1,11.39
1786079462150,934,v1,0.0568,0.9258,0.4419,1.368,0.5714,0.0153,0.25,0.002079,0.714,1,16,95.09,0.484,1,0,13.0,13.0,1,30,6187,142859.0,100.0,13,8.07
1786079464211,935,v1,0.072,0.4895,0.2146,2.4133,0.4885,0.02107,0.2352,0.002084,0.639,1,23,82.87,0.755,1,0,16.713,16.713,0,30,6842,211247.7,94.6,16,7.92
1786079458408,936,v1,0.0336,0.3235,0.1791,1.1491,0.2119,0.00915,0.1703,0.003036,0.616,0,23,24.0,0.373,1,382,17.985,17.006,0,30,6664,290506.3,85.85,17,11.24
1786079460195,937,v1,0.0707,0.2175,0.1403,1.104,0.8021,0.03169,0.141,0.003118,0.689,0,9,86.57,0.601,1,0,8.0,8.0,1,30,6264,142486.7,100.0,13,11.83
1786079461600,938,v1,0.0456,0.816,0.4528,0.8819,0.3906,0.01603,0.1775,0.003531,0.626,1,23,28.92,0.357,1,361,9.801,9.14,1,30,5772,88961.8,100.0,5,13.2
1786079463164,939,v1,0.0405,0.543,0.4721,1.2451,0.48,0.03014,0.1845,0.003158,0.64,1,35,49.68,0.981,1,1023,13.211,11.183,1,30,7284,127378.2,100.0,9,11.46
1786079458921,940,v1,0.0698,0.5542,0.3258,2.4923,0.3069,0.0175,0.0602,0.001266,0.701,0,34,30.04,0.668,1,0,14.36,14.36,1,30,6580,149052.1,100.0,13,5.08
1786079460387,941,v1,0.0113,0.5584,0.3498,1.2301,0.8636,0.02223,0.1146,0.003404,0.585,0,6,94.16,0.332,1,0,5.0,5.0,1,30,6520,131413.4,100.0,10,12.53
1786079462142,942,v1,0.0663,0.2146,0.1636,2.3942,0.2505,0.00571,0.0595,0.00197,0.666,1,32,76.14,0.418,1,0,15.106,15.106,1,30,6673,156723.6,100.0,13,7.48
1786079463852,943,v1,0.0566,0.2367,0.3177,0.8365,0.7169,0.0179,0.1649,0.002685,0.693,1,24,77.73,0.516,1,602,14.245,12.683,1,30,5770,138035.2,100.0,14,9.84
1786079459245,944,v1,0.0362,0.6349,0.1766,2.4526,0.4489,0.01311,0.1777,0.003477,0.617,1,26,66.86,0.733,1,0,13.684,13.684,1,30,6000,133384.7,100.0,13,13.22
1786079460590,945,v1,0.0194,0.2077,0.4926,2.1192,0.2031,0.01242,0.1328,0.001425,0.687,0,12,37.09,0.386,1,1716,11.0,8.321,1,30,5859,145852.1,100.0,15,33.67
1786079462766,946,v1,0.0462,0.8769,0.2084,1.0183,0.2227,0.00617,0.1399,0.003467,0.668,0,24,23.98,0.544,1,497,18.973,17.496,0,30,6220,296218.7,86.54,18,13.39
1786079464783,947,v1,0.0593,0.8408,0.3769,1.5594,0.7655,0.02319,0.165,0.002414,0.656,1,23,24.4,0.961,1,958,16.679,13.978,0,30,6185,212592.8,95.52,15,8.94
1786079460112,948,v1,0.0266,0.5262,0.171,1.837,0.2915,0.03013,0.0946,0.001895,0.627,1,28,98.73,0.313,1,0,14.012,14.012,1,30,5963,131348.2,100.0,13,7.63
1786079462101,949,v1,0.0783,0.7331,0.2668,2.139,0.8268,0.01062,0.0796,0.001782,0.716,0,26,35.72,0.446,1,0,18.555,18.555,0,30,6044,245084.5,88.87,17,7.05
1786079463818,950,v1,0.0444,0.9747,0.3978,1.3764,0.3025,0.01408,0.0524,0.001384,0.689,0,26,88.82,0.779,1,0,13.7,13.7,1,30,6256,142680.0,100.0,13,5.64
1786079464894,951,v1,0.0343,0.6129,0.3674,2.0208,0.27,0.01792,0.183,0.002435,0.598,1,5,59.63,0.366,1,2781,4.0,1.918,1,30,5398,129542.7,100.0,13,56.19
1786079461337,952,v1,0.0349,0.7385,0.4805,1.9481,0.2601,0.00866,0.1238,0.001246,0.684,0,21,55.83,0.799,1,0,7.894,7.894,0,30,5379,296992.9,39.68,19,5.09
1786079462611,953,v1,0.0775,0.8281,0.1139,1.7677,0.8879,0.02599,0.152,0.002811,0.618,1,9,33.81,0.986,1,3673,6.676,2.081,1,30,6220,110521.7,100.0,5,10.76
1786079464538,954,v1,0.0245,0.2927,0.1635,1.5793,0.4157,0.03194,0.1253,0.001488,0.646,0,29,76.09,0.589,1,0,18.029,18.029,0,30,6460,201662.7,88.07,16,5.77
1786079467759,955,v1,0.0112,0.7778,0.4798,0.9286,0.5886,0.00929,0.1315,0.001687,0.702,1,20,37.58,0.422,1,3234,19.0,9.7,0,30,6831,423253.2,0.0,-1,6.38
1786079463940,956,v1,0.0498,0.7903,0.367,1.1521,0.2002,0.03073,0.0737,0.001539,0.592,1,20,79.44,0.332,1,0,12.846,12.846,0,30,5903,126043.4,86.39,11,5.84
1786079466412,957,v1,0.0241,0.619,0.4275,1.0594,0.985,0.00561,0.1049,0.001408,0.672,1,14,42.01,0.628,1,4979,13.0,2.555,0,30,6315,373023.2,0.72,-1,5.59
1786079468264,958,v1,0.0381,0.3518,0.1484,2.2243,0.7133,0.02069,0.1142,0.003666,0.633,1,34,54.0,0.857,1,943,19.738,16.467,0,30,6410,221622.5,88.27,17,13.93
1786079470144,959,v1,0.0793,0.5981,0.2516,1.4033,0.6622,0.01439,0.2201,0.001275,0.684,1,12,23.91,0.763,1,5966,11.0,0.453,1,30,6313,171622.8,100.0,17,5.07
1786079466039,960,v1,0.0746,0.8165,0.4769,2.3406,0.1366,0.0207,0.2094,0.003738,0.693,0,31,91.31,0.815,1,0,20.494,20.494,0,30,6097,243237.9,88.68,16,13.45
1786079467727,961,v1,0.068,0.7205,0.2044,1.0506,0.7249,0.01883,0.2091,0.002695,0.649,1,17,32.7,0.752,1,378,15.634,14.73,0,30,6543,207176.8,92.76,15,10.27
1786079469616,962,v1,0.0587,0.2492,0.4653,1.0967,0.2442,0.00967,0.234,0.003658,0.63,0,30,58.57,0.962,1,0,18.268,18.268,0,30,6004,214544.7,95.28,15,13.46
1786079470733,963,v1,0.0426,0.5823,0.2485,1.2406,0.4564,0.01542,0.0682,0.002737,0.581,0,30,70.65,0.515,1,0,11.794,11.794,1,30,5802,97911.6,100.0,7,10.88
1786079465774,964,v1,0.0488,0.8164,0.3727,1.8867,0.8814,0.0308,0.2409,0.00141,0.589,1,21,89.21,0.624,1,0,7.338,7.338,1,30,6130,66616.9,100.0,4,5.53
1786079467349,965,v1,0.0283,0.7507,0.2472,2.1187,0.2934,0.00419,0.0936,0.001916,0.7,1,5,33.41,0.414,1,3627,4.0,1.635,1,30,6184,161078.6,100.0,14,62.11
1786079469330,966,v1,0.0402,0.4409,0.4344,1.5904,0.8198,0.02585,0.2241,0.002028,0.657,0,23,90.86,0.756,1,0,16.737,16.737,0,30,6609,198575.0,84.94,15,7.14
1786079470465,967,v1,0.0324,0.2117,0.4637,0.888,0.7348,0.01827,0.1451,0.00237,0.638,0,22,24.21,0.395,1,237,13.0,12.516,1,30,5642,127862.9,100.0,13,8.88
1786079466607,968,v1,0.074,0.2961,0.3907,1.3892,0.6546,0.02175,0.2387,0.002163,0.683,1,20,33.67,0.327,1,0,13.0,13.0,1,30,6446,142515.8,100.0,13,8.44
1786079468355,969,v1,0.05,0.6313,0.1872,1.8832,0.5406,0.02868,0.1586,0.001478,0.709,0,31,38.47,0.636,1,0,14.36,14.36,1,30,7129,157243.0,100.0,13,5.74
1786079470701,970,v1,0.0301,0.9189,0.4473,1.3266,0.8598,0.0042,0.2266,0.001601,0.652,0,20,47.24,0.435,1,613,18.798,17.115,0,30,6376,294312.8,57.99,18,5.85
1786079472336,971,v1,0.0373,0.4875,0.1294,1.2765,0.5866,0.00405,0.1293,0.001363,0.678,0,21,51.95,0.8,1,0,13.886,13.886,1,30,6136,143621.7,100.0,14,5.36
1786079467304,972,v1,0.0258,0.5538,0.3732,2.0275,0.4871,0.0141,0.1285,0.001797,0.603,0,26,76.18,0.595,1,0,13.694,13.694,1,30,6921,150817.5,100.0,13,6.56
1786079468995,973,v1,0.0699,0.5306,0.3785,2.414,0.7645,0.00762,0.2424,0.002027,0.597,0,32,68.45,0.602,1,0,18.131,18.131,0,30,6034,173197.6,93.38,15,7.03
1786079470631,974,v1,0.0312,0.3467,0.4581,1.0059,0.6072,0.02225,0.1687,0.002981,0.625,0,32,57.92,0.829,1,0,17.693,17.693,0,30,6344,182501.6,84.39,15,11.4
1786079473000,975,v1,0.0719,0.9789,0.2901,1.1688,0.3797,0.02078,0.1682,0.003098,0.6,1,5,63.54,0.623,1,4155,4.0,1.195,0,30,5988,277942.5,26.15,15,11.52
1786079468312,976,v1,0.0719,0.2206,0.3668,2.4778,0.9032,0.03178,0.1154,0.002583,0.625,1,11,97.29,0.56,1,3517,10.0,3.567,0,30,5602,274568.8,33.75,15,9.44
1786079471122,977,v1,0.0173,0.2278,0.4387,2.2235,0.8861,0.02009,0.2332,0.003246,0.608,1,12,70.92,0.987,1,6035,11.0,0.0,0,30,6257,358102.9,0.0,-1,12.34
1786079473587,978,v1,0.0145,0.3711,0.1195,1.7257,0.9697,0.00805,0.1555,0.002731,0.592,1,5,57.6,0.632,1,4964,4.0,0.527,0,30,5781,338431.4,0.0,-1,10.38
1786079475270,979,v1,0.0365,0.6521,0.4887,1.2856,0.7393,0.00861,0.0844,0.002376,0.658,0,7,96.27,0.833,1,0,6.0,6.0,0,30,6762,222368.0,87.37,18,9.15
1786079469974,980,v1,0.0603,0.4446,0.4758,1.5882,0.2649,0.00559,0.1814,0.00294,0.681,1,17,46.06,0.496,1,0,13.0,13.0,1,30,6256,143005.8,100.0,13,10.81
1786079471537,981,v1,0.0152,0.8021,0.2505,1.6609,0.9746,0.02158,0.2065,0.001301,0.607,0,20,81.24,0.81,1,0,12.954,12.954,1,30,6090,139567.8,100.0,13,5.99
1786079474003,982,v1,0.0222,0.6386,0.2846,0.968,0.855,0.01086,0.1491,0.002182,0.655,0,6,44.18,0.762,1,3288,5.0,3.474,0,30,6525,354627.3,22.08,19,8.72
1786079475595,983,v1,0.0613,0.3736,0.1496,2.2708,0.7798,0.02393,0.184,0.001455,0.596,0,9,76.9,0.316,1,0,8.0,8.0,0,30,6274,176557.9,100.0,15,5.47
1786079472783,984,v1,0.017,0.7847,0.4571,1.2429,0.784,0.02395,0.1975,0.001818,0.641,0,14,33.94,0.837,1,2453,13.0,8.256,0,30,5827,258807.9,48.8,16,6.97
1786079474953,985,v1,0.072,0.8577,0.4639,1.4834,0.8094,0.00348,0.1215,0.003644,0.657,0,7,38.03,0.549,1,2175,6.0,4.707,0,30,6860,311684.2,64.81,17,13.64
1786079477359,986,v1,0.0179,0.5715,0.2711,2.2646,0.3781,0.00731,0.1214,0.002226,0.687,1,4,36.97,0.626,1,5137,3.0,0.371,0,30,5907,355200.8,0.0,-1,8.55
1786079478629,987,v1,0.0526,0.328,0.468,2.3673,0.139,0.00521,0.1346,0.00153,0.713,1,16,46.8,0.491,1,0,13.862,13.862,1,30,7327,168118.1,100.0,14,5.58
1786079473187,988,v1,0.061,0.9647,0.4943,1.8728,0.7218,0.01572,0.2078,0.001504,0.699,0,27,55.6,0.789,1,0,13.873,13.873,1,30,6307,144456.3,100.0,13,6.04
1786079474626,989,v1,0.0248,0.7707,0.1023,1.235,0.4536,0.01532,0.2009,0.001593,0.583,1,28,80.27,0.364,1,0,17.621,17.621,0,30,6210,191666.8,85.59,15,6.05
1786079476094,990,v1,0.067,0.6041,0.236,1.7756,0.9831,0.02279,0.2305,0.002636,0.715,1,17,32.53,0.332,1,0,13.0,13.0,1,30,6054,135495.5,100.0,13,9.7
1786079478110,991,v1,0.0684,0.6749,0.4833,1.1452,0.5692,0.02301,0.105,0.002303,0.684,1,8,25.97,0.578,1,4153,7.0,2.398,0,30,6420,333011.2,31.44,16,8.74
1786079474331,992,v1,0.0384,0.8515,0.2266,2.278,0.8207,0.0171,0.1622,0.001497,0.647,0,14,24.75,0.786,1,3717,13.0,6.882,0,30,6801,345419.0,41.04,18,5.54
1786079476652,993,v1,0.01,0.6303,0.2661,1.8814,0.9571,0.00312,0.1401,0.003619,0.698,0,9,42.5,0.521,1,2271,8.0,5.65,0,30,5955,341427.4,0.0,-1,13.23
1786079478110,994,v1,0.0408,0.9178,0.445,1.2906,0.2749,0.02608,0.1984,0.001558,0.637,0,6,87.81,0.411,1,0,5.0,5.0,0,30,5862,170626.2,84.61,15,5.71
1786079479148,995,v1,0.044,0.5712,0.238,0.8492,0.5557,0.00366,0.1818,0.003453,0.69,1,12,84.61,0.87,1,6472,11.0,0.0,1,30,6728,178873.0,100.0,18,20.47
1786079474757,996,v1,0.059,0.7166,0.3165,0.9013,0.12,0.0047,0.1641,0.002845,0.605,0,10,93.42,0.676,1,0,9.0,9.0,0,30,6295,245096.4,94.08,15,10.99
1786079476128,997,v1,0.0781,0.7359,0.1266,1.8305,0.961,0.00325,0.191,0.002753,0.638,1,27,50.0,0.941,1,908,13.874,11.601,1,30,5877,129562.0,100.0,13,10.4
1786079477400,998,v1,0.0213,0.9204,0.1412,2.2146,0.8387,0.02211,0.0853,0.00285,0.671,0,8,75.7,0.896,1,0,7.0,7.0,1,30,6138,138224.8,100.0,13,10.72
1786079478596,999,v1,0.0701,0.2438,0.4398,1.3398,0.7156,0.01757,0.0682,0.002052,0.589,0,27,26.5,0.724,1,469,16.069,15.043,0,30,6695,180372.6,85.27,14,7.99
1786079485502,1000,v1,0.0401,0.6709,0.2099,1.1175,0.795,0.02275,0.1215,0.003473,0.593,0,30,31.13,0.614,1,0,17.079,17.079,0,30,7088,188866.4,97.21,15,12.57
1786079486862,1001,v1,0.0369,0.4695,0.1295,1.4838,0.8726,0.00592,0.1205,0.002269,0.603,0,30,88.27,0.633,1,0,14.362,14.362,1,30,6027,137471.7,100.0,13,8.86
1786079489066,1002,v1,0.017,0.9892,0.4772,2.0171,0.3546,0.01287,0.2402,0.002401,0.716,0,17,33.08,0.419,1,1211,16.0,12.756,0,30,5457,334492.9,0.0,-1,9.25
1786079490571,1003,v1,0.0312,0.8489,0.2633,2.4214,0.1569,0.03187,0.2344,0.002612,0.593,1,25,76.25,0.33,1,0,16.027,16.027,0,30,5580,158653.0,92.38,14,10.61
1786079485785,1004,v1,0.0661,0.3275,0.2251,0.8409,0.641,0.00784,0.1693,0.001999,0.694,0,15,97.42,0.678,1,0,13.49,13.49,1,30,6337,144836.0,100.0,13,7.84
1786079487412,1005,v1,0.0269,0.7496,0.2513,2.1715,0.4386,0.02575,0.059,0.003108,0.594,1,17,43.58,0.447,1,418,15.409,14.381,0,30,6427,190035.1,88.17,15,11.87
1786079488895,1006,v1,0.0594,0.6345,0.4562,1.6349,0.1757,0.01984,0.065,0.00289,0.607,0,4,69.3,0.875,1,0,3.0,3.0,1,30,6582,113473.3,100.0,5,11.96
1786079490485,1007,v1,0.0218,0.8737,0.3322,1.1933,0.9246,0.00425,0.0831,0.002829,0.607,1,7,23.57,0.714,1,5315,6.0,0.373,1,30,5782,163284.2,100.0,25,94.34
1786079486588,1008,v1,0.028,0.6479,0.3384,1.9722,0.2565,0.01053,0.0945,0.003745,0.662,1,15,90.52,0.927,1,0,13.0,13.0,1,30,6553,143476.2,100.0,13,13.99
1786079488345,1009,v1,0.0327,0.2102,0.4068,1.7674,0.4114,0.02615,0.1276,0.001473,0.622,0,32,54.5,0.973,1,0,13.421,13.421,1,30,6512,132538.2,100.0,11,5.37
1786079490216,1010,v1,0.0776,0.8778,0.3408,2.1117,0.3199,0.00673,0.2469,0.003546,0.709,1,34,60.13,0.712,1,298,23.833,22.612,0,30,6188,276968.0,89.13,17,13.46
1786079492650,1011,v1,0.0428,0.4133,0.2324,1.696,0.963,0.00329,0.0593,0.00255,0.719,1,13,90.66,0.683,1,5274,12.0,1.401,0,30,6146,365292.5,0.0,-1,9.53
1786079487549,1012,v1,0.0252,0.2099,0.4464,1.6297,0.5734,0.0038,0.1639,0.003628,0.584,1,18,30.32,0.977,1,3582,17.0,6.105,0,30,5935,291490.3,35.91,17,12.86
1786079490245,1013,v1,0.0268,0.5513,0.3382,1.1819,0.809,0.01084,0.1585,0.002034,0.682,0,5,26.97,0.433,1,1807,4.0,3.384,0,30,5909,357103.4,0.0,-1,7.5
1786079492488,1014,v1,0.0213,0.6913,0.2892,0.9677,0.5227,0.00772,0.1265,0.003454,0.623,1,14,89.27,0.872,1,5110,13.0,0.344,0,30,5494,307983.8,1.5,-1,12.94
1786079494095,1015,v1,0.0678,0.2773,0.1197,1.9718,0.4034,0.01486,0.0927,0.001647,0.635,0,16,23.86,0.692,1,0,13.0,13.0,1,30,6097,137654.4,100.0,13,6.43
1786079487339,1016,v1,0.049,0.9867,0.3825,1.5685,0.7957,0.02166,0.0866,0.002859,0.638,1,25,31.7,0.8,1,835,9.921,8.489,1,30,6014,90834.4,100.0,6,10.44
1786079488800,1017,v1,0.0155,0.5422,0.3964,2.2829,0.8196,0.00738,0.0525,0.00268,0.639,0,32,46.94,0.767,1,0,14.665,14.665,1,30,5978,135821.1,100.0,13,10.64
1786079490782,1018,v1,0.014,0.6838,0.419,1.3612,0.2546,0.0282,0.0787,0.001627,0.608,1,25,51.28,0.483,1,726,15.997,14.4,0,30,7477,216870.4,89.54,14,6.22
1786079492474,1019,v1,0.0445,0.8781,0.2951,2.0271,0.6277,0.02103,0.2014,0.001908,0.655,0,4,94.92,0.869,1,0,3.0,3.0,0,30,5452,169211.7,97.13,17,7.43
1786079488212,1020,v1,0.0786,0.7395,0.2598,1.8585,0.3142,0.02936,0.2354,0.00262,0.695,0,14,48.46,0.369,1,0,13.0,13.0,1,30,6380,148390.0,100.0,13,10.19
1786079489537,1021,v1,0.0556,0.2856,0.1502,1.2023,0.2282,0.03033,0.1097,0.003488,0.599,1,31,62.56,0.547,1,0,12.672,12.672,1,30,6671,114855.3,100.0,6,13.04
1786079491190,1022,v1,0.0436,0.5537,0.3465,1.7517,0.9052,0.01551,0.1967,0.003256,0.633,1,34,43.31,0.67,1,855,19.129,16.143,0,30,6020,195870.9,84.59,16,12.08
1786079492770,1023,v1,0.0241,0.3971,0.2304,0.8782,0.5727,0.01932,0.1344,0.001297,0.699,0,33,90.68,0.784,1,0,15.352,15.352,1,30,6279,150292.3,100.0,14,5.13
1786079489134,1024,v1,0.0447,0.5474,0.2889,2.055,0.6172,0.01971,0.1112,0.003129,0.672,0,15,67.49,0.514,1,1960,14.0,9.641,0,30,5637,269727.7,56.84,17,11.51
1786079490892,1025,v1,0.0579,0.8965,0.4985,1.144,0.8964,0.02284,0.0867,0.001451,0.647,0,34,24.84,0.401,1,301,18.005,17.287,0,30,6954,193373.5,86.82,15,5.36
1786079492732,1026,v1,0.0397,0.8648,0.179,1.3979,0.5484,0.02645,0.1751,0.002657,0.688,1,28,49.55,0.906,1,870,18.839,15.843,0,30,5828,207366.6,84.11,17,9.95
1786079495444,1027,v1,0.0747,0.9275,0.453,1.5841,0.2492,0.00786,0.2396,0.002283,0.615,1,8,56.19,0.637,1,5145,7.0,1.301,0,30,6420,361808.4,16.17,-1,8.71
1786079493558,1028,v1,0.0261,0.8815,0.1774,1.1969,0.8386,0.01044,0.2343,0.002999,0.643,1,16,34.36,0.858,1,5278,15.0,0.66,0,30,5781,347044.9,1.89,-1,11.12
1786079495227,1029,v1,0.0228,0.2722,0.2458,2.4635,0.142,0.00384,0.184,0.0034,0.615,0,32,49.94,0.927,1,0,15.691,15.691,1,30,6646,163229.6,100.0,14,12.62
1786079496740,1030,v1,0.0733,0.4797,0.1046,1.1651,0.9344,0.03179,0.1414,0.00355,0.652,0,7,84.48,0.645,1,0,5.787,5.787,1,30,6318,100180.7,100.0,5,13.66
1786079498427,1031,v1,0.0789,0.3487,0.4025,1.6276,0.9051,0.01025,0.1367,0.00182,0.644,0,6,21.41,0.378,1,1545,5.0,4.258,1,30,6308,148467.1,100.0,13,8.13
1786079493269,1032,v1,0.0277,0.9185,0.2624,2.2075,0.6271,0.01363,0.0588,0.001807,0.628,1,35,98.03,0.334,1,0,14.573,14.573,1,30,6534,148545.1,100.0,13,6.98
1786079494814,1033,v1,0.0498,0.2179,0.2175,1.5333,0.2014,0.01424,0.19,0.002316,0.649,1,30,76.69,0.795,1,0,14.98,14.98,1,30,6026,137667.9,100.0,13,8.75
1786079496466,1034,v1,0.062,0.9156,0.3693,2.3226,0.9305,0.02446,0.1773,0.002605,0.651,0,18,83.13,0.865,1,0,11.053,11.053,1,30,6131,110096.5,100.0,8,10.7
1786079497861,1035,v1,0.0756,0.3831,0.104,1.0345,0.7911,0.01584,0.1943,0.00217,0.656,0,6,64.49,0.523,1,2270,5.0,3.851,1,30,5998,142830.1,100.0,13,8.49
1786079494834,1036,v1,0.0444,0.4472,0.4731,2.1366,0.7489,0.01292,0.1091,0.00312,0.686,1,23,22.6,0.906,1,1084,13.724,11.557,1,30,7257,161748.5,100.0,13,26.18
1786079496871,1037,v1,0.0508,0.9376,0.3233,2.0524,0.8902,0.01935,0.0761,0.002057,0.674,1,20,92.46,0.901,1,0,17.394,17.394,0,30,6467,215314.5,85.4,17,7.99
1786079498671,1038,v1,0.0346,0.56,0.4758,2.3714,0.5764,0.00818,0.2485,0.003755,0.676,0,31,49.27,0.555,1,0,15.069,15.069,1,30,7039,154853.9,100.0,13,13.72
1786079500204,1039,v1,0.0731,0.3644,0.3641,1.9226,0.268,0.02886,0.2475,0.002761,0.601,1,28,76.25,0.601,1,0,16.269,16.269,0,30,5489,148132.6,86.47,14,10.09
1786079495552,1040,v1,0.0568,0.8501,0.4171,2.2581,0.3305,0.00499,0.1817,0.00245,0.6,1,34,97.84,0.935,1,0,20.801,20.801,0,30,6295,242831.7,89.29,16,9.28
1786079497775,1041,v1,0.0609,0.3688,0.2337,0.8398,0.1284,0.00648,0.1286,0.001867,0.66,0,34,26.59,0.453,1,527,22.521,20.844,0,30,6782,300661.9,90.61,16,7.45
1786079499484,1042,v1,0.0404,0.4973,0.1986,2.4296,0.9319,0.01214,0.2132,0.001893,0.614,0,13,98.44,0.935,1,0,12.0,12.0,1,30,6573,152428.4,100.0,13,7.53
1786079500810,1043,v1,0.0266,0.695,0.3635,1.0932,0.6315,0.01785,0.2033,0.00311,0.641,1,27,57.96,0.552,1,0,13.871,13.871,1,30,6067,138480.6,100.0,13,11.67
1786079496608,1044,v1,0.0447,0.7879,0.4131,2.0486,0.1914,0.00791,0.0544,0.001473,0.71,1,32,21.27,0.975,1,1951,13.919,6.47,0,30,6369,365997.1,57.87,19,6.04
1786079498710,1045,v1,0.0289,0.8845,0.2673,2.3977,0.5377,0.01233,0.111,0.00248,0.631,1,26,54.26,0.925,1,97,13.755,13.416,0,30,6568,271839.5,63.09,18,10.06
1786079501053,1046,v1,0.0159,0.9783,0.1782,2.0005,0.8864,0.02342,0.0531,0.003136,0.587,1,16,44.7,0.377,1,2931,15.0,7.882,0,30,6468,288095.3,44.76,16,11.52
1786079502893,1047,v1,0.0325,0.468,0.1568,1.2999,0.9168,0.00673,0.1837,0.001671,0.624,0,12,89.26,0.378,1,0,11.0,11.0,0,30,5964,226332.3,74.87,18,6.24
1786079497416,1048,v1,0.0477,0.6211,0.1937,1.6068,0.3116,0.02734,0.1683,0.002253,0.687,1,15,86.57,0.942,1,6077,14.0,0.0,0,30,6273,370919.3,0.0,-1,8.74
1786079500259,1049,v1,0.0577,0.3856,0.1687,1.3574,0.3105,0.01994,0.1881,0.003,0.633,1,12,62.11,0.911,1,5942,11.0,0.0,0,30,6169,362405.7,0.0,-1,11.46
1786079502612,1050,v1,0.01,0.7631,0.1126,1.1557,0.7295,0.01792,0.0975,0.003128,0.634,1,5,82.17,0.462,1,3105,4.0,1.852,0,30,5854,345859.9,0.0,-1,11.87
1786079504326,1051,v1,0.035,0.7678,0.2655,1.0166,0.242,0.02087,0.1014,0.002003,0.59,1,19,38.27,0.566,1,0,10.255,10.255,1,30,6309,104604.3,100.0,6,7.47
1786079497362,1052,v1,0.0747,0.764,0.4662,1.0531,0.4168,0.00597,0.1483,0.001978,0.603,1,17,34.48,0.535,1,0,8.55,8.55,1,30,5971,79466.8,100.0,4,7.59
1786079499048,1053,v1,0.0519,0.4614,0.2524,2.4992,0.5823,0.02246,0.2073,0.003143,0.606,0,9,90.5,0.764,1,0,8.0,8.0,0,30,5711,165326.4,86.94,15,12.2
1786079500486,1054,v1,0.0492,0.4523,0.2155,2.4469,0.9056,0.02745,0.0826,0.002621,0.607,0,25,95.67,0.624,1,0,10.398,10.398,1,30,6540,107003.0,100.0,7,9.27
1786079502418,1055,v1,0.0651,0.3568,0.2179,1.199,0.7961,0.02898,0.1881,0.002254,0.614,1,20,42.78,0.393,1,572,15.062,13.664,0,30,6354,186638.8,88.59,14,8.47
1786079500265,1056,v1,0.0475,0.8814,0.3701,1.1735,0.8185,0.01817,0.2412,0.00253,0.595,0,32,96.63,0.765,1,0,17.484,17.484,0,30,5575,152647.7,99.03,15,9.45
1786079502282,1057,v1,0.0498,0.2464,0.2021,1.3779,0.4591,0.02974,0.1329,0.002892,0.668,0,14,49.9,0.348,1,1324,13.0,10.427,0,30,5859,207898.3,69.61,15,10.7
1786079503868,1058,v1,0.0272,0.592,0.3557,1.0515,0.9566,0.00674,0.2006,0.002543,0.693,1,18,25.59,0.303,1,0,13.802,13.802,1,30,5949,140272.2,100.0,14,9.95
1786079504884,1059,v1,0.0702,0.9249,0.1236,1.001,0.6114,0.01664,0.2287,0.003101,0.587,0,14,75.83,0.584,1,0,6.634,6.634,1,30,6344,59027.2,100.0,4,11.4
1786079501345,1060,v1,0.0774,0.2763,0.3473,1.7221,0.2178,0.00576,0.0553,0.003094,0.662,0,26,88.32,0.385,1,0,18.626,18.626,0,30,6602,265922.5,92.89,16,11.89
1786079502614,1061,v1,0.023,0.6556,0.3005,2.4757,0.9467,0.00699,0.1335,0.002921,0.651,1,18,85.75,0.326,1,0,13.0,13.0,1,30,6036,134742.1,100.0,13,10.82
1786079504545,1062,v1,0.0187,0.8413,0.2564,1.0911,0.1539,0.02605,0.1428,0.001333,0.66,1,30,59.76,0.553,1,0,14.352,14.352,1,30,7168,166396.9,100.0,13,4.91
1786079506375,1063,v1,0.0664,0.2029,0.3075,1.5625,0.4689,0.01554,0.2003,0.002318,0.636,0,32,86.59,0.55,1,0,18.187,18.187,0,30,5825,175212.2,95.8,15,8.84
1786079502142,1064,v1,0.0385,0.668,0.395,1.075,0.5898,0.03128,0.1815,0.001573,0.67,1,15,29.11,0.327,1,0,11.793,11.793,1,30,5856,115374.0,100.0,9,6.45
1786079504191,1065,v1,0.0445,0.4765,0.4303,1.2575,0.6107,0.02644,0.0572,0.002107,0.616,0,12,47.76,0.608,1,1968,11.0,7.947,0,30,5927,223057.2,58.37,14,7.58
1786079505369,1066,v1,0.0788,0.8089,0.471,0.8222,0.9831,0.01485,0.1213,0.00255,0.671,1,26,69.4,0.481,1,0,11.093,11.093,1,30,5763,101526.7,100.0,7,9.96
1786079506773,1067,v1,0.0131,0.8983,0.1852,0.9295,0.4018,0.0122,0.1244,0.002136,0.689,1,20,44.7,0.638,1,0,13.0,13.0,1,30,5785,129750.0,100.0,13,8.56
1786079503049,1068,v1,0.0683,0.2913,0.2603,1.851,0.2328,0.01037,0.2415,0.001371,0.59,1,34,36.68,0.728,1,1279,11.459,9.165,1,30,6693,106124.1,100.0,4,5.02
1786079504936,1069,v1,0.0183,0.7226,0.1873,2.2244,0.1401,0.0276,0.2221,0.002316,0.606,1,7,45.29,0.712,1,5808,6.0,0.395,1,30,6296,174052.5,100.0,25,93.9
1786079506427,1070,v1,0.0711,0.827,0.2924,1.1153,0.9712,0.01999,0.2424,0.001476,0.639,0,24,73.46,0.92,1,0,10.119,10.119,1,30,6088,95873.3,100.0,7,6.11
1786079508550,1071,v1,0.0538,0.8055,0.3645,1.9361,0.6266,0.00663,0.2022,0.003232,0.598,0,30,59.65,0.633,1,0,18.106,18.106,0,30,6012,186175.9,90.58,16,11.94
1786079504929,1072,v1,0.0371,0.5293,0.4691,2.0695,0.1241,0.02791,0.1033,0.003217,0.613,1,17,53.16,0.532,1,776,14.664,12.878,0,30,6651,200055.9,84.22,14,11.82
1786079507746,1073,v1,0.0105,0.9818,0.1791,0.9328,0.8627,0.00695,0.1822,0.002509,0.71,0,21,88.97,0.505,1,0,0.0,0.0,0,30,6199,376245.6,0.0,-1,9.79
1786079510248,1074,v1,0.0347,0.4203,0.3346,2.2338,0.1446,0.01472,0.1677,0.001615,0.604,1,4,44.16,0.775,1,5569,3.0,0.162,0,30,5928,332981.1,4.82,-1,6.46
1786079512227,1075,v1,0.03,0.5745,0.268,2.4603,0.6452,0.01293,0.2248,0.003426,0.629,1,22,27.57,0.413,1,393,14.75,13.536,0,30,6412,262542.7,71.47,18,12.54
1786079505162,1076,v1,0.049,0.9821,0.4168,2.4137,0.4854,0.00655,0.1516,0.0026,0.601,0,36,95.61,0.316,1,0,14.38,14.38,1,30,6141,128642.9,100.0,13,9.67
1786079507710,1077,v1,0.0523,0.7862,0.3419,1.9276,0.1414,0.02172,0.1182,0.002146,0.64,1,13,43.38,0.382,1,2725,12.0,6.553,0,30,6149,304883.1,45.39,16,8.62
1786079509049,1078,v1,0.0762,0.4658,0.3171,1.3945,0.9545,0.02855,0.2184,0.002108,0.598,0,25,60.95,0.858,1,0,15.286,15.286,0,30,5391,141415.7,93.89,13,8.07
1786079510911,1079,v1,0.0486,0.3397,0.1195,1.9915,0.831,0.0287,0.2165,0.002289,0.666,0,16,79.88,0.828,1,0,15.0,15.0,0,30,7023,209848.1,89.28,16,8.04
1786079506374,1080,v1,0.0457,0.9034,0.3473,2.3693,0.3256,0.01479,0.1586,0.002538,0.634,0,33,42.61,0.663,1,0,14.357,14.357,1,30,5742,126208.9,100.0,13,9.7
1786079508533,1081,v1,0.0168,0.8345,0.3218,1.1592,0.8672,0.02153,0.0755,0.001404,0.631,0,17,40.55,0.422,1,1609,16.0,12.355,0,30,6328,242895.8,62.74,17,5.58
1786079509744,1082,v1,0.072,0.7632,0.2517,2.3954,0.947,0.00859,0.1696,0.001354,0.616,0,15,85.88,0.96,1,0,9.912,9.912,1,30,5422,90441.8,100.0,6,6.01
1786079511348,1083,v1,0.028,0.2405,0.4932,1.3905,0.7954,0.02766,0.2329,0.003625,0.607,1,15,51.92,0.612,1,120,13.903,13.643,0,30,6445,174071.5,97.61,14,13.22
1786079506887,1084,v1,0.073,0.7136,0.4707,2.1135,0.5629,0.00858,0.121,0.003698,0.609,1,14,67.0,0.307,1,0,10.146,10.146,1,30,5913,95327.7,100.0,7,13.38
1786079509156,1085,v1,0.0362,0.8612,0.1623,1.1238,0.7933,0.0178,0.0734,0.003004,0.623,0,11,42.46,0.844,1,2855,10.0,6.309,0,30,6388,253000.5,47.84,16,11.58
1786079510779,1086,v1,0.075,0.6825,0.2172,2.0051,0.9848,0.01722,0.1444,0.001506,0.71,0,14,93.78,0.624,1,0,12.434,12.434,1,30,6814,145889.9,100.0,12,6.47
1786079512167,1087,v1,0.0753,0.5701,0.3925,1.3264,0.7976,0.01057,0.1637,0.003031,0.601,0,12,86.75,0.586,1,974,7.495,6.043,1,30,6263,86865.3,100.0,4,11.91
1786079508842,1088,v1,0.0735,0.3592,0.3721,1.9994,0.7082,0.02473,0.1524,0.002822,0.713,0,20,25.2,0.758,1,548,16.67,15.31,0,30,6152,206119.6,87.67,16,10.31
1786079510723,1089,v1,0.0474,0.5291,0.1393,1.1997,0.7485,0.01994,0.2155,0.002306,0.656,1,32,36.83,0.489,1,539,18.789,17.06,0,30,6274,192789.5,90.3,16,9.52
1786079512246,1090,v1,0.069,0.7895,0.4113,2.2265,0.4054,0.02404,0.2004,0.002639,0.634,0,32,55.9,0.924,1,0,12.291,12.291,1,30,6505,118772.8,100.0,7,10.27
1786079514241,1091,v1,0.0287,0.437,0.4887,1.8856,0.8728,0.00956,0.203,0.001821,0.598,1,9,72.02,0.983,1,6760,8.0,0.0,0,30,6858,393406.5,0.0,-1,7.01
1786079509399,1092,v1,0.0542,0.5538,0.4425,2.1635,0.5471,0.01342,0.0816,0.001593,0.704,0,8,86.4,0.348,1,0,7.0,7.0,0,30,5705,253415.7,88.3,18,6.36
1786079510852,1093,v1,0.0729,0.5792,0.4479,1.6797,0.6305,0.02694,0.1296,0.00255,0.719,0,29,73.09,0.64,1,0,18.231,18.231,0,30,6170,188901.7,89.63,16,9.38
1786079513092,1094,v1,0.0177,0.6547,0.3014,1.2474,0.3786,0.01024,0.1338,0.002267,0.658,1,9,42.14,0.699,1,5773,8.0,1.318,0,30,7037,398180.7,0.0,-1,8.64
1786079514452,1095,v1,0.0227,0.3669,0.3324,1.9702,0.2103,0.00363,0.1143,0.003429,0.581,1,31,83.61,0.753,1,0,14.362,14.362,1,30,6367,138863.4,100.0,13,13.07
1786079510728,1096,v1,0.0587,0.3154,0.4542,1.7919,0.9063,0.02646,0.196,0.003208,0.711,0,36,95.19,0.965,1,0,19.354,19.354,0,30,6204,188919.5,87.99,16,12.06
1786079512637,1097,v1,0.075,0.3464,0.4552,1.9192,0.131,0.00594,0.1758,0.003338,0.589,0,5,78.03,0.859,1,3326,4.0,2.906,0,30,6170,305657.4,39.46,15,12.09
1786079514381,1098,v1,0.053,0.5578,0.4055,1.6177,0.7219,0.0181,0.2314,0.003658,0.63,1,12,58.0,0.668,1,4331,11.0,2.865,0,30,6119,317903.7,23.74,16,13.94
1786079514952,1099,v1,0.0592,0.941,0.2658,1.4535,0.6037,0.02607,0.0593,0.001217,0.627,0,30,92.09,0.787,1,0,13.975,13.975,1,30,6522,142155.2,100.0,13,5.23
1786079521135,1100,v1,0.0787,0.8887,0.3232,1.2091,0.4391,0.01189,0.2448,0.002737,0.627,0,21,27.34,0.572,1,331,15.904,15.14,0,30,6303,193538.5,84.36,15,10.77
1786079523962,1101,v1,0.0169,0.8736,0.3336,2.3641,0.2534,0.01362,0.1087,0.002991,0.662,0,10,60.38,0.875,1,3270,9.0,5.351,0,30,6434,364058.0,0.0,-1,11.02
1786079526552,1102,v1,0.0738,0.9826,0.2128,1.3923,0.5493,0.00332,0.062,0.002903,0.636,0,13,60.27,0.985,1,4711,12.0,4.32,0,30,6363,354678.8,21.45,17,11.35
1786079527869,1103,v1,0.0535,0.9485,0.4887,2.3057,0.6298,0.01764,0.1315,0.001615,0.688,0,8,78.0,0.689,1,2623,7.0,4.727,1,30,5825,140412.1,100.0,13,49.0
1786079521728,1104,v1,0.052,0.8095,0.3078,0.8156,0.4315,0.03164,0.0635,0.001389,0.677,0,10,84.62,0.583,1,0,9.0,9.0,0,30,6250,173069.0,88.69,15,5.38
1786079524497,1105,v1,0.043,0.8653,0.3541,2.4845,0.1154,0.01307,0.0835,0.003303,0.6,1,9,57.31,0.588,1,5277,8.0,1.283,0,30,6438,338027.6,14.04,-1,11.71
1786079526511,1106,v1,0.0706,0.3689,0.2797,2.4413,0.9284,0.02625,0.2309,0.002929,0.679,0,13,54.83,0.849,1,3141,12.0,6.421,0,30,5808,273275.3,39.02,16,10.92
1786079527682,1107,v1,0.0602,0.2018,0.1458,2.2841,0.9374,0.01857,0.1472,0.002899,0.671,0,8,90.32,0.625,1,0,7.0,7.0,1,30,5852,134166.3,100.0,13,11.53
1786079522803,1108,v1,0.0769,0.8008,0.4241,1.1801,0.1317,0.00798,0.084,0.00268,0.66,0,34,73.38,0.522,1,0,21.53,21.53,0,30,6592,279357.0,87.48,16,9.98
1786079524928,1109,v1,0.0588,0.5543,0.3081,1.4563,0.2038,0.00348,0.0805,0.001963,0.648,1,9,25.68,0.551,1,3929,8.0,2.3,0,30,5615,314506.6,24.32,17,7.6
1786079526360,1110,v1,0.0731,0.904,0.2787,1.2042,0.9738,0.00493,0.1828,0.001715,0.674,1,23,62.31,0.463,1,573,12.657,11.347,1,30,5669,118209.4,100.0,13,7.06
1786079527584,1111,v1,0.0373,0.2703,0.1554,1.4855,0.6697,0.02807,0.238,0.00124,0.587,1,10,23.56,0.599,1,3994,8.937,3.023,1,30,6153,150530.7,100.0,9,67.59
1786079522795,1112,v1,0.0726,0.6126,0.1496,2.036,0.7593,0.01463,0.2455,0.003339,0.716,1,9,85.4,0.399,1,2481,8.0,4.324,1,30,5552,134945.1,100.0,13,19.99
1786079524540,1113,v1,0.0788,0.8327,0.1117,1.0868,0.9586,0.03069,0.1532,0.003115,0.687,0,30,69.16,0.37,1,0,17.478,17.478,0,30,6115,178584.7,86.77,15,11.1
1786079526659,1114,v1,0.0146,0.6947,0.166,1.8465,0.283,0.02258,0.0595,0.001871,0.599,0,15,58.37,0.772,1,3049,14.0,7.669,0,30,5935,253063.2,42.74,17,7.08
1786079528468,1115,v1,0.0553,0.7752,0.3895,1.3053,0.5255,0.02869,0.1588,0.00299,0.686,1,23,54.66,0.524,1,632,16.775,14.97,0,30,6246,194580.7,97.1,16,11.48
1786079523522,1116,v1,0.0404,0.8364,0.1485,1.616,0.6051,0.00982,0.2247,0.001645,0.616,1,5,71.75,0.941,1,6094,4.0,0.0,1,30,6127,180495.5,0.0,-1,100.0
1786079525039,1117,v1,0.0194,0.3065,0.4654,1.335,0.5169,0.01689,0.1228,0.003312,0.633,0,13,55.69,0.369,1,1213,12.0,10.042,1,30,6448,150057.9,100.0,13,29.08
1786079526971,1118,v1,0.0761,0.999,0.4375,1.3235,0.4383,0.01089,0.1838,0.002623,0.716,0,32,50.19,0.54,1,0,21.922,21.922,0,30,5951,269274.4,83.9,17,9.91
1786079529309,1119,v1,0.0251,0.9075,0.275,1.6779,0.4196,0.01361,0.0934,0.003346,0.613,1,16,88.11,0.773,1,5629,15.0,0.095,0,30,5947,367622.6,0.59,-1,12.86
1786079524080,1120,v1,0.0617,0.3914,0.3798,1.6032,0.758,0.00783,0.2044,0.001827,0.705,0,27,96.44,0.645,1,0,14.703,14.703,1,30,6710,159256.0,100.0,14,6.97
1786079525030,1121,v1,0.0781,0.5074,0.4706,1.3873,0.7167,0.0235,0.1719,0.003745,0.587,1,29,49.3,0.529,1,568,7.229,6.487,1,30,6169,49592.9,100.0,3,14.17
1786079527591,1122,v1,0.0123,0.9206,0.4531,0.9865,0.1914,0.0295,0.2096,0.001877,0.719,0,14,50.55,0.635,1,2684,13.0,8.248,0,30,6374,349301.7,15.12,-1,7.69
1786079529251,1123,v1,0.0463,0.2884,0.4591,0.9896,0.7905,0.02752,0.2255,0.001619,0.633,1,22,75.49,0.511,1,0,15.567,15.567,0,30,6699,185606.2,92.86,14,6.79
1786079524636,1124,v1,0.0736,0.9032,0.1143,1.596,0.452,0.02696,0.2414,0.003294,0.692,1,17,62.07,0.85,1,0,13.0,13.0,1,30,6989,148537.8,100.0,13,12.72
1786079526088,1125,v1,0.0491,0.8206,0.2802,1.3684,0.6302,0.01743,0.1276,0.002101,0.707,0,4,65.74,0.631,1,1917,3.0,2.681,1,30,6064,152521.9,100.0,13,29.98
1786079527699,1126,v1,0.0528,0.7333,0.3298,1.5757,0.4382,0.03001,0.1305,0.001884,0.712,1,7,85.35,0.714,1,5358,6.0,0.733,1,30,6187,168781.9,100.0,20,84.26
1786079530337,1127,v1,0.0666,0.5861,0.4271,2.4669,0.9996,0.01395,0.073,0.001658,0.715,1,18,34.41,0.418,1,3788,17.0,7.265,0,30,6796,366856.2,41.36,18,5.99
1786079529900,1128,v1,0.0744,0.8206,0.3733,1.4434,0.2913,0.00488,0.0668,0.003167,0.6,1,20,76.12,0.868,1,0,15.8,15.8,0,30,6243,225345.6,86.1,15,12.08
1786079531269,1129,v1,0.0459,0.3882,0.3009,2.3667,0.4419,0.02935,0.0957,0.001629,0.69,0,29,60.32,0.411,1,0,14.194,14.194,1,30,6024,133603.4,100.0,13,6.61
1786079532953,1130,v1,0.0376,0.6214,0.4048,1.5487,0.4227,0.02274,0.2086,0.00281,0.681,1,24,33.84,0.484,1,592,13.366,12.054,1,30,6360,143653.5,100.0,13,12.0
1786079535006,1131,v1,0.0137,0.3781,0.4634,1.4795,0.3894,0.01429,0.0946,0.001598,0.683,0,5,33.12,0.781,1,3428,4.0,3.114,1,30,7782,193285.5,100.0,15,47.82
1786079531122,1132,v1,0.0343,0.8693,0.2097,1.073,0.2346,0.01104,0.2196,0.001931,0.614,1,16,76.12,0.928,1,5797,15.0,0.0,0,30,5946,371999.8,0.0,-1,7.5
1786079533248,1133,v1,0.0421,0.4811,0.4805,1.688,0.174,0.0032,0.1476,0.003194,0.617,1,33,47.88,0.543,1,981,22.825,19.075,0,30,6376,288438.5,86.64,17,11.64
1786079535034,1134,v1,0.0507,0.3115,0.2038,1.7677,0.7385,0.01082,0.13,0.001628,0.607,0,13,79.24,0.302,1,0,12.0,12.0,1,30,6888,150647.9,100.0,13,6.18
1786079536913,1135,v1,0.0539,0.4967,0.4331,1.5057,0.5273,0.00953,0.0614,0.002301,0.609,0,23,81.06,0.76,1,0,16.513,16.513,0,30,6681,203465.8,91.36,15,8.64
1786079530999,1136,v1,0.0653,0.4815,0.101,1.8564,0.49,0.00549,0.1696,0.001777,0.656,1,26,85.89,0.457,1,0,13.691,13.691,1,30,6719,146117.3,100.0,13,6.88
1786079534013,1137,v1,0.0109,0.3929,0.2,0.9091,0.8977,0.0178,0.1683,0.003742,0.652,1,11,90.61,0.854,1,6883,10.0,0.0,0,30,7139,401439.7,0.0,-1,13.71
1786079535436,1138,v1,0.0463,0.5316,0.2887,2.1969,0.5787,0.01471,0.1834,0.001399,0.631,0,36,89.11,0.89,1,0,19.662,19.662,0,30,5343,164526.3,95.46,16,5.24
1786079537240,1139,v1,0.057,0.7032,0.1963,1.7984,0.7535,0.03026,0.1271,0.003138,0.678,0,30,31.95,0.707,1,0,18.087,18.087,0,30,6186,187554.9,89.44,16,12.08
1786079531581,1140,v1,0.0688,0.5425,0.4697,2.0082,0.7107,0.01315,0.1196,0.003219,0.622,1,11,31.31,0.579,1,2600,9.076,5.31,1,30,6925,140838.9,100.0,8,13.44
1786079533130,1141,v1,0.0689,0.253,0.4815,2.3222,0.918,0.01194,0.1362,0.002433,0.643,0,36,67.45,0.821,1,0,12.846,12.846,1,30,6626,125636.9,100.0,9,9.09
1786079534511,1142,v1,0.0653,0.5103,0.4229,1.7045,0.7764,0.01271,0.104,0.001489,0.626,1,30,51.28,0.964,1,0,11.037,11.037,1,30,6498,101156.4,100.0,5,5.79
1786079536091,1143,v1,0.0666,0.2775,0.1262,2.2184,0.7866,0.01791,0.0786,0.002696,0.714,0,13,50.27,0.631,1,2275,12.0,8.47,1,30,6664,163209.2,100.0,13,23.75
1786079532071,1144,v1,0.0247,0.3193,0.3432,1.9838,0.9656,0.01584,0.2267,0.002707,0.696,1,8,29.48,0.898,1,5735,7.0,0.0,1,30,5842,163286.3,0.0,-1,100.0
1786079533594,1145,v1,0.0408,0.487,0.1095,2.0402,0.2173,0.00683,0.1513,0.00194,0.687,0,29,48.77,0.617,1,0,15.195,15.195,1,30,6565,154997.3,100.0,14,7.57
1786079535782,1146,v1,0.05,0.8708,0.1841,2.0602,0.1324,0.01455,0.1671,0.002517,0.647,1,11,64.96,0.497,1,3730,10.0,3.248,0,30,5668,298877.8,28.09,17,9.47
1786079537505,1147,v1,0.0185,0.7235,0.3264,2.0725,0.4994,0.01238,0.2342,0.003716,0.691,1,9,75.63,0.632,1,5322,8.0,0.986,1,30,6251,170916.6,100.0,24,89.3
1786079532900,1148,v1,0.037,0.5175,0.1217,2.3243,0.8253,0.0106,0.2292,0.003429,0.624,0,23,49.14,0.973,1,0,18.264,18.264,0,30,5962,207675.4,86.32,18,13.3
1786079534607,1149,v1,0.0631,0.4156,0.2291,2.3747,0.8836,0.00995,0.0858,0.002639,0.643,0,35,97.12,0.454,1,0,19.533,19.533,0,30,6481,199595.6,94.48,17,10.75
1786079536994,1150,v1,0.0133,0.6833,0.4925,1.4073,0.3543,0.02056,0.2146,0.002349,0.653,1,4,54.4,0.76,1,5368,3.0,0.0,0,30,5409,308199.7,0.0,-1,9.06
1786079538924,1151,v1,0.0326,0.4268,0.3883,1.8429,0.2656,0.02959,0.1164,0.001851,0.715,1,20,91.66,0.36,1,0,18.262,18.262,0,30,6407,257074.7,85.08,18,6.7
1786079534437,1152,v1,0.0282,0.9661,0.2196,1.2038,0.6744,0.0141,0.075,0.003704,0.626,1,17,28.38,0.814,1,6525,16.0,0.0,0,30,6933,406982.7,0.0,-1,14.06
1786079535725,1153,v1,0.0756,0.3379,0.4422,1.8881,0.2735,0.01856,0.2451,0.003461,0.674,0,30,45.46,0.378,1,0,14.382,14.382,1,30,6479,142271.2,100.0,13,13.03
1786079537688,1154,v1,0.0542,0.6476,0.3036,2.2222,0.5727,0.02076,0.1659,0.002911,0.697,1,30,56.02,0.511,1,1739,19.903,13.681,0,30,6383,282099.2,84.06,17,10.95
1786079540512,1155,v1,0.042,0.6014,0.2667,1.7846,0.1002,0.01927,0.0525,0.001728,0.666,1,17,82.63,0.507,1,4073,16.0,6.517,0,30,7082,380123.3,36.24,17,7.13
1786079537525,1156,v1,0.0758,0.6009,0.4858,2.0104,0.4154,0.0217,0.1217,0.003735,0.718,1,30,43.96,0.525,1,1866,19.655,12.491,0,30,5870,255653.0,93.3,16,14.48
1786079539191,1157,v1,0.0225,0.3914,0.2863,1.0848,0.174,0.01481,0.2175,0.002132,0.635,1,32,58.64,0.496,1,0,14.361,14.361,1,30,6015,134698.9,100.0,13,8.11
1786079540436,1158,v1,0.0772,0.8241,0.2724,1.3145,0.3657,0.02804,0.086,0.001719,0.639,1,22,77.63,0.77,1,0,15.855,15.855,0,30,5473,161021.2,99.98,15,6.8
1786079542375,1159,v1,0.0538,0.2028,0.3947,1.8317,0.2267,0.01502,0.2301,0.001785,0.67,1,28,26.29,0.751,1,2285,19.553,10.966,0,30,5530,261465.5,97.39,17,7.0
1786079538394,1160,v1,0.0706,0.4698,0.2543,1.5872,0.2753,0.01478,0.2497,0.002945,0.623,1,10,33.0,0.664,1,5411,8.976,0.414,1,30,5837,159101.0,100.0,18,14.0
1786079539989,1161,v1,0.072,0.3464,0.3617,1.111,0.2276,0.0062,0.2164,0.002631,0.68,0,30,59.12,0.614,1,0,14.157,14.157,1,30,6229,133010.7,100.0,13,9.83
1786079541538,1162,v1,0.0266,0.6119,0.1455,1.0465,0.2587,0.01483,0.0598,0.00368,0.67,0,30,21.36,0.682,1,0,14.363,14.363,1,30,5817,131871.5,100.0,13,13.94
1786079543736,1163,v1,0.0237,0.8454,0.2481,2.1017,0.4495,0.02278,0.0774,0.001672,0.656,0,4,23.06,0.376,1,1361,3.0,2.781,0,30,6256,282937.5,57.65,18,6.54
1786079540029,1164,v1,0.017,0.2896,0.1282,1.2055,0.2847,0.02961,0.1627,0.002703,0.673,1,8,91.86,0.357,1,2987,7.0,3.92,0,30,6919,336765.7,42.14,19,9.96
1786079541589,1165,v1,0.0142,0.7322,0.2619,1.351,0.4418,0.01808,0.0719,0.002914,0.625,0,30,64.3,0.56,1,0,14.363,14.363,1,30,5517,124777.2,100.0,13,12.13
1786079543705,1166,v1,0.0699,0.6141,0.4081,1.3272,0.841,0.00328,0.2338,0.002523,0.648,1,12,21.52,0.366,1,2368,11.0,6.56,0,30,6016,278308.2,53.37,16,9.39
1786079546384,1167,v1,0.0575,0.2269,0.491,2.3861,0.9897,0.0246,0.085,0.003401,0.682,1,12,82.48,0.346,1,3355,11.0,5.836,0,30,7421,313897.4,49.32,17,12.6
1786079540596,1168,v1,0.0561,0.8888,0.4398,1.338,0.1779,0.00863,0.1972,0.00366,0.66,1,11,77.35,0.62,1,4148,10.0,2.68,0,30,5877,316894.8,26.87,17,13.54
1786079542161,1169,v1,0.0732,0.6714,0.2022,0.9248,0.8046,0.02852,0.1432,0.002967,0.656,1,26,43.77,0.887,1,992,11.728,9.768,1,30,6253,113941.5,100.0,8,10.47
1786079543810,1170,v1,0.0542,0.3058,0.3416,1.1817,0.2867,0.01892,0.1634,0.001508,0.623,0,12,79.0,0.807,1,2708,10.561,6.382,1,30,5918,138360.9,100.0,13,6.47
1786079545443,1171,v1,0.0691,0.6292,0.338,2.2666,0.9877,0.0102,0.1302,0.00151,0.642,0,29,21.39,0.676,1,360,18.324,17.298,0,30,5938,196753.8,91.99,16,6.3
1786079540646,1172,v1,0.0576,0.3572,0.3461,2.0544,0.7461,0.00874,0.1425,0.003336,0.693,1,11,69.54,0.742,1,5717,10.0,0.895,1,30,6482,176993.7,100.0,22,91.98
1786079542172,1173,v1,0.0432,0.3597,0.4776,1.3039,0.5868,0.01393,0.2319,0.002221,0.582,1,17,39.59,0.917,1,0,7.379,7.379,1,30,6752,74517.2,100.0,5,9.52
1786079543829,1174,v1,0.0193,0.3989,0.3878,1.4016,0.656,0.02791,0.0624,0.001755,0.674,0,12,20.99,0.457,1,1510,11.0,8.763,1,30,6180,142511.9,100.0,13,30.29
1786079546149,1175,v1,0.0195,0.831,0.4334,1.6283,0.9734,0.00405,0.1784,0.003425,0.613,1,26,86.97,0.831,1,0,0.33,0.33,0,30,5759,342465.3,1.66,-1,13.01
1786079541131,1176,v1,0.0237,0.4414,0.1303,1.1342,0.3759,0.02931,0.2476,0.003517,0.68,1,27,90.7,0.923,1,0,13.861,13.861,1,30,5936,136387.2,100.0,13,12.38
1786079542815,1177,v1,0.0668,0.9009,0.2056,1.3474,0.8845,0.01153,0.2448,0.002854,0.604,1,24,66.31,0.826,1,0,16.4,16.4,0,30,6541,181689.3,85.25,15,10.84
1786079544489,1178,v1,0.0395,0.5748,0.1846,1.6524,0.8363,0.01518,0.1224,0.003718,0.597,0,34,40.64,0.748,1,0,18.47,18.47,0,30,5985,179547.7,94.23,15,13.93
1786079545792,1179,v1,0.0492,0.836,0.4696,1.2373,0.3493,0.018,0.0565,0.001309,0.605,0,11,25.07,0.433,1,709,7.355,6.461,1,30,5505,80855.2,100.0,4,4.83
1786079543948,1180,v1,0.0148,0.8645,0.2514,1.9425,0.7407,0.00372,0.1812,0.003472,0.717,0,24,38.67,0.924,1,0,0.0,0.0,0,30,5943,328815.4,0.0,-1,13.11
1786079545953,1181,v1,0.0422,0.7526,0.1937,0.9774,0.1605,0.0077,0.2432,0.001968,0.646,0,32,81.91,0.774,1,0,23.074,23.074,0,30,6073,279752.9,83.74,18,8.17
1786079547291,1182,v1,0.0723,0.5825,0.4906,2.3682,0.3875,0.01391,0.0912,0.003481,0.716,0,4,42.19,0.627,1,2661,3.0,2.601,1,30,6741,157538.9,100.0,13,47.03
1786079548837,1183,v1,0.0634,0.8978,0.4586,2.1109,0.2992,0.00342,0.2235,0.00294,0.658,0,24,88.09,0.972,1,0,13.352,13.352,1,30,6152,136530.1,100.0,13,10.89
1786079544837,1184,v1,0.0313,0.9369,0.4321,1.6289,0.3998,0.0234,0.2137,0.00339,0.593,1,4,95.94,0.861,1,6540,3.0,0.029,1,30,6657,191939.1,100.0,26,99.17
1786079546883,1185,v1,0.0322,0.7547,0.2281,1.5667,0.2631,0.02174,0.1486,0.002667,0.661,0,19,24.23,0.93,1,585,17.529,16.048,0,30,6399,267885.0,82.01,17,10.08
1786079548831,1186,v1,0.0349,0.4781,0.3518,2.0813,0.6963,0.00541,0.1202,0.001676,0.637,0,8,73.14,0.791,1,0,7.0,7.0,0,30,6221,259088.1,78.78,18,6.72
1786079550247,1187,v1,0.0583,0.2967,0.3928,1.6502,0.101,0.01989,0.0908,0.003137,0.711,1,26,81.42,0.9,1,328,19.199,17.893,0,30,5690,247723.3,91.12,17,12.14
1786079545578,1188,v1,0.0195,0.5724,0.3105,0.9613,0.1619,0.00874,0.2138,0.001974,0.607,1,22,55.98,0.418,1,575,13.0,11.648,1,30,5771,126244.2,100.0,13,17.43
1786079547261,1189,v1,0.0793,0.3945,0.4793,2.4503,0.1792,0.02513,0.0798,0.002125,0.704,1,17,47.03,0.937,1,0,13.0,13.0,1,30,6961,143959.0,100.0,13,7.64
1786079548971,1190,v1,0.0397,0.8172,0.3399,1.6465,0.5319,0.01465,0.0784,0.001227,0.644,1,21,24.77,0.682,1,835,17.341,14.961,0,30,6214,218016.6,84.29,17,5.09
1786079550071,1191,v1,0.0205,0.7728,0.3832,1.0516,0.2787,0.00389,0.1241,0.002996,0.652,0,30,44.56,0.957,1,0,14.369,14.369,1,30,5925,131243.1,100.0,13,11.0
1786079547353,1192,v1,0.0459,0.7853,0.2231,1.7921,0.7136,0.01691,0.0838,0.003198,0.692,0,35,67.37,0.796,1,0,14.554,14.554,1,30,5879,127883.0,100.0,13,12.25
1786079548627,1193,v1,0.078,0.3822,0.3229,2.4057,0.4845,0.02255,0.1018,0.002396,0.63,0,29,60.03,0.679,1,0,11.004,11.004,1,30,5788,93300.4,100.0,6,9.55
1786079550635,1194,v1,0.0544,0.334,0.37,1.1097,0.9038,0.00307,0.1247,0.003546,0.68,1,15,59.39,0.413,1,3083,14.0,7.08,0,30,6558,325726.8,42.39,18,13.04
1786079551769,1195,v1,0.0193,0.4818,0.3576,0.9675,0.5954,0.00926,0.1394,0.002103,0.592,1,17,57.72,0.521,1,3751,16.0,6.082,0,30,6261,305266.1,33.27,17,7.84
1786079548249,1196,v1,0.0201,0.4907,0.2568,0.8324,0.9054,0.02246,0.1928,0.001749,0.66,0,34,35.43,0.424,1,0,14.282,14.282,1,30,6030,140006.5,100.0,13,6.88
1786079549540,1197,v1,0.0556,0.7515,0.3281,2.4711,0.8131,0.02332,0.2192,0.002334,0.59,0,32,82.86,0.526,1,0,17.524,17.524,0,30,6519,183431.8,100.0,15,9.42
1786079551169,1198,v1,0.068,0.4338,0.3565,1.3304,0.8841,0.00648,0.0722,0.003182,0.645,0,11,20.8,0.675,1,2367,10.0,6.656,0,30,5858,264044.6,49.27,16,12.44
1786079552128,1199,v1,0.0657,0.9864,0.1095,1.9213,0.3819,0.00317,0.1211,0.00286,0.638,0,17,27.58,0.957,1,2935,16.0,7.996,0,30,5372,284833.0,36.05,17,11.17
1786079559226,1200,v1,0.0794,0.7958,0.4831,2.4099,0.6175,0.00423,0.2405,0.00278,0.588,1,9,36.14,0.772,1,5440,8.0,0.774,0,30,6162,346412.0,8.51,-1,10.24
1786079560794,1201,v1,0.0289,0.3971,0.3542,1.9518,0.875,0.02333,0.0791,0.002027,0.583,0,24,61.3,0.844,1,0,15.792,15.792,0,30,6468,181576.7,89.98,14,8.32
1786079562440,1202,v1,0.012,0.8311,0.19,1.7717,0.7068,0.00748,0.1391,0.001712,0.71,0,14,57.88,0.756,1,3136,13.0,8.001,1,30,7062,163933.9,100.0,13,49.65
1786079564118,1203,v1,0.0439,0.9604,0.4789,1.3197,0.7449,0.01252,0.1131,0.001837,0.643,0,26,74.12,0.758,1,0,12.64,12.64,1,30,6080,120929.2,100.0,10,7.58
1786079559598,1204,v1,0.0394,0.4053,0.1613,1.0827,0.6051,0.01981,0.1707,0.001447,0.644,1,4,83.82,0.774,1,5723,3.0,0.0,0,30,5749,360806.1,0.0,-1,5.98
1786079562190,1205,v1,0.0437,0.3598,0.2527,0.9833,0.748,0.00444,0.1643,0.001349,0.683,0,20,61.32,0.392,1,722,19.0,17.286,0,30,7365,364301.5,63.05,19,5.73
1786079564304,1206,v1,0.0723,0.828,0.4888,2.0943,0.239,0.01181,0.0548,0.001567,0.717,1,25,81.3,0.616,1,0,18.722,18.722,0,30,6378,281272.2,84.79,17,6.27
1786079565438,1207,v1,0.0746,0.7868,0.1744,1.6449,0.336,0.00925,0.1033,0.003032,0.672,1,17,23.87,0.535,1,0,12.107,12.107,1,30,5777,117261.5,100.0,13,11.25
1786079559634,1208,v1,0.0591,0.3375,0.4391,1.3672,0.352,0.02451,0.2007,0.003046,0.601,0,23,24.46,0.751,1,401,15.033,14.128,0,30,6163,172715.6,98.93,14,11.65
1786079561436,1209,v1,0.0523,0.9165,0.1937,1.7766,0.6477,0.01836,0.071,0.00177,0.645,1,36,97.86,0.322,1,0,19.424,19.424,0,30,6344,195725.2,90.39,16,7.01
1786079563194,1210,v1,0.0219,0.5004,0.2658,1.3029,0.7973,0.02831,0.1543,0.00149,0.676,1,34,74.97,0.741,1,0,20.203,20.203,0,30,6859,217734.3,88.0,17,5.51
1786079565327,1211,v1,0.0637,0.5326,0.3033,2.4242,0.5959,0.03145,0.0563,0.002797,0.592,0,10,57.2,0.952,1,3621,9.0,4.726,0,30,6095,285723.2,37.96,14,10.84
1786079559909,1212,v1,0.0521,0.3552,0.2281,1.195,0.1897,0.00997,0.1017,0.003593,0.697,0,36,34.9,0.449,1,0,15.709,15.709,1,30,5887,137083.0,100.0,14,13.3
1786079561310,1213,v1,0.0741,0.9027,0.3884,1.8012,0.6213,0.00737,0.2209,0.001319,0.59,1,24,52.73,0.786,1,890,8.746,7.432,1,30,6049,79811.8,100.0,5,5.36
1786079562370,1214,v1,0.0437,0.6841,0.2675,1.4249,0.9187,0.03167,0.1807,0.003093,0.605,0,25,81.67,0.445,1,0,10.543,10.543,1,30,5807,93739.9,100.0,6,11.45
1786079564123,1215,v1,0.056,0.427,0.4316,0.927,0.6909,0.01491,0.0502,0.003743,0.6,0,31,87.48,0.482,1,0,17.357,17.357,0,30,5786,158998.7,99.76,15,13.71
1786079561216,1216,v1,0.0763,0.6329,0.1055,1.8753,0.4479,0.0154,0.2074,0.001684,0.706,0,22,27.15,0.424,1,432,17.744,16.586,0,30,6074,274716.3,87.73,17,7.05
1786079562631,1217,v1,0.0517,0.5885,0.3685,1.0841,0.7309,0.02622,0.1549,0.003001,0.617,0,21,34.38,0.58,1,0,15.196,15.196,0,30,6144,161136.8,88.23,14,10.64
1786079564637,1218,v1,0.063,0.2374,0.3774,1.1054,0.2192,0.00689,0.1147,0.002908,0.687,1,5,59.1,0.77,1,6498,4.0,0.09,1,30,6723,186651.5,100.0,19,26.55
1786079566412,1219,v1,0.06,0.4034,0.3255,0.8047,0.4435,0.01538,0.0619,0.003231,0.615,0,33,72.05,0.365,1,0,17.793,17.793,0,30,6243,178505.2,88.06,15,12.22
1786079562101,1220,v1,0.0235,0.8914,0.4069,1.3417,0.732,0.01972,0.1995,0.001739,0.642,0,6,50.03,0.808,1,4122,5.0,3.231,0,30,7053,331818.1,36.78,18,7.53
1786079563715,1221,v1,0.0418,0.4492,0.1992,1.0462,0.6688,0.01995,0.1305,0.001319,0.586,0,9,71.8,0.413,1,0,8.0,8.0,0,30,6056,169253.8,92.66,14,5.53
1786079564810,1222,v1,0.0712,0.9777,0.2944,1.7866,0.9842,0.02224,0.2172,0.003209,0.609,0,36,85.89,0.846,1,0,8.573,8.573,1,30,6909,63449.9,100.0,4,12.11
1786079566584,1223,v1,0.0608,0.5205,0.301,1.6247,0.4001,0.01105,0.0519,0.002073,0.591,0,20,65.83,0.974,1,0,16.076,16.076,0,30,5879,168067.4,92.48,15,8.79
1786079561838,1224,v1,0.012,0.3926,0.4043,0.884,0.5759,0.02014,0.0971,0.003203,0.697,0,7,45.64,0.709,1,3578,6.0,3.801,1,30,6641,166106.3,100.0,14,60.41
1786079563309,1225,v1,0.0178,0.9576,0.182,1.6811,0.5925,0.02031,0.245,0.002678,0.618,1,35,48.45,0.408,1,524,14.571,13.347,1,30,6741,151722.0,100.0,13,10.28
1786079565687,1226,v1,0.054,0.4481,0.3507,1.0332,0.6007,0.01029,0.1477,0.001849,0.637,0,16,72.47,0.409,1,2155,15.0,11.063,0,30,7309,285585.0,60.0,16,7.28
1786079567808,1227,v1,0.0291,0.5753,0.2325,1.2071,0.1055,0.02478,0.1676,0.003032,0.658,0,7,45.67,0.526,1,1699,6.0,4.912,0,30,6363,287478.8,67.25,17,11.69
1786079566864,1228,v1,0.0324,0.2003,0.3611,1.1118,0.8064,0.02624,0.1776,0.002819,0.699,1,13,99.01,0.748,1,5734,12.0,0.0,0,30,5924,346959.3,0.0,-1,10.38
1786079568605,1229,v1,0.0276,0.3201,0.2201,1.5064,0.3104,0.01358,0.1718,0.001263,0.587,1,13,99.51,0.48,1,3655,12.0,4.532,1,30,5974,158884.9,100.0,13,64.06
1786079570820,1230,v1,0.0369,0.3711,0.1139,2.0043,0.2614,0.00564,0.1531,0.001666,0.604,1,35,66.44,0.705,1,0,24.414,24.414,0,30,7270,316850.7,89.58,18,6.42
1786079572362,1231,v1,0.049,0.7692,0.3235,2.3894,0.1589,0.01869,0.1905,0.001322,0.685,1,30,75.51,0.503,1,0,14.368,14.368,1,30,5993,137577.7,100.0,13,5.07
1786079567888,1232,v1,0.0304,0.337,0.2944,2.4125,0.1883,0.00345,0.112,0.00319,0.713,1,31,83.26,0.637,1,0,0.0,0.0,0,30,6382,362933.5,0.0,-1,10.83
1786079569344,1233,v1,0.0586,0.985,0.4789,0.9918,0.3431,0.01496,0.0742,0.002205,0.696,1,34,50.06,0.89,1,1075,14.364,11.496,1,30,5804,135148.3,100.0,13,8.55
1786079570894,1234,v1,0.0701,0.4019,0.4394,2.4933,0.7099,0.01245,0.1766,0.003594,0.707,0,19,52.72,0.44,1,85,17.408,17.145,0,30,5490,225473.6,82.46,17,13.01
1786079573267,1235,v1,0.0335,0.7748,0.1189,2.3,0.2875,0.00621,0.0596,0.001395,0.644,1,18,59.08,0.54,1,3987,17.0,4.331,0,30,5485,333693.3,0.26,-1,5.21
1786079567532,1236,v1,0.0718,0.3987,0.2432,1.8864,0.2051,0.01718,0.0797,0.00229,0.592,0,20,52.52,0.465,1,0,15.534,15.534,0,30,6105,189288.0,100.0,15,8.7
1786079569649,1237,v1,0.0788,0.3828,0.1752,1.3811,0.2137,0.00806,0.1829,0.002617,0.701,0,23,60.87,0.363,1,0,18.136,18.136,0,30,6108,270321.5,88.07,17,9.48
1786079571017,1238,v1,0.0654,0.4556,0.4881,2.0499,0.1308,0.02985,0.0512,0.003223,0.708,1,28,95.11,0.905,1,0,13.729,13.729,1,30,6142,136422.0,100.0,13,11.61
1786079572537,1239,v1,0.0576,0.7442,0.2301,1.6763,0.8778,0.02285,0.128,0.003412,0.719,0,24,44.7,0.479,1,0,13.359,13.359,1,30,6301,144647.6,100.0,13,13.52
1786079568414,1240,v1,0.0647,0.6863,0.1506,1.4664,0.4037,0.0316,0.2449,0.001853,0.688,0,18,26.13,0.993,1,0,12.606,12.606,1,30,7255,142332.7,100.0,13,6.69
1786079569836,1241,v1,0.0484,0.8239,0.3065,1.1421,0.8562,0.02938,0.1251,0.002501,0.592,0,21,58.04,0.627,1,0,14.474,14.474,0,30,5695,145524.9,91.51,13,9.85
1786079571323,1242,v1,0.0622,0.8862,0.1015,1.3474,0.8434,0.02739,0.0899,0.003192,0.701,0,15,59.3,0.762,1,0,12.826,12.826,1,30,6389,144340.8,100.0,13,12.71
1786079572395,1243,v1,0.0709,0.7412,0.4226,0.9132,0.5192,0.02381,0.1741,0.003137,0.58,0,10,33.54,0.78,1,0,3.89,3.89,1,30,5820,29111.2,100.0,2,11.19
1786079569237,1244,v1,0.0647,0.9741,0.4812,1.7156,0.1889,0.02267,0.2141,0.001419,0.712,1,28,39.35,0.495,1,1729,19.398,13.796,0,30,6323,303168.6,86.46,16,5.73
1786079570424,1245,v1,0.0571,0.8207,0.4229,1.1195,0.2414,0.02502,0.0603,0.002696,0.582,0,17,24.54,0.645,1,0,4.864,4.864,1,30,6260,34858.9,100.0,2,9.42
1786079571995,1246,v1,0.0353,0.4951,0.4781,2.2956,0.7579,0.01772,0.1797,0.00348,0.67,0,10,37.14,0.909,1,3278,9.0,5.176,1,30,6205,157013.4,100.0,13,59.85
1786079574133,1247,v1,0.058,0.9731,0.2338,0.9064,0.2953,0.0051,0.1988,0.001541,0.622,1,31,29.94,0.53,1,2200,20.077,12.817,0,30,6517,305761.3,87.59,16,5.78
1786079569583,1248,v1,0.0531,0.3879,0.2946,2.1316,0.2552,0.01621,0.2157,0.002258,0.627,0,28,43.41,0.454,1,0,18.349,18.349,0,30,6187,238623.7,90.28,16,8.44
1786079570844,1249,v1,0.0748,0.8308,0.1409,1.5788,0.2278,0.02441,0.0715,0.001872,0.589,0,18,57.1,0.339,1,0,9.396,9.396,1,30,6415,91046.0,100.0,4,7.17
1786079573125,1250,v1,0.0708,0.4555,0.2868,1.5305,0.5063,0.02858,0.1402,0.001463,0.679,1,18,30.22,0.909,1,1381,15.742,12.832,0,30,7658,253819.8,93.06,15,5.68
1786079574811,1251,v1,0.0306,0.2207,0.4453,1.9394,0.9086,0.02088,0.1612,0.002707,0.646,0,33,79.3,0.864,1,0,19.606,19.606,0,30,6278,201445.2,86.83,17,10.45
1786079570072,1252,v1,0.057,0.6286,0.3789,0.8354,0.816,0.0223,0.0798,0.002845,0.64,1,35,73.61,0.575,1,722,11.585,10.131,1,30,6302,103728.2,100.0,6,10.5
1786079571595,1253,v1,0.0577,0.337,0.2528,1.0775,0.4497,0.00704,0.2206,0.002678,0.648,0,8,40.64,0.845,1,3733,7.0,3.902,1,30,6141,154672.5,100.0,13,14.48
1786079574220,1254,v1,0.0346,0.4547,0.339,2.2488,0.8866,0.0102,0.1494,0.001762,0.65,1,17,97.66,0.598,1,4582,16.0,3.842,0,30,6189,348320.9,18.5,-1,6.53
1786079576499,1255,v1,0.068,0.8786,0.4947,1.3362,0.5381,0.02176,0.1737,0.002276,0.71,1,8,95.17,0.324,1,2806,7.0,3.796,0,30,6227,302365.0,48.16,16,8.59
1786079575333,1256,v1,0.041,0.3458,0.1546,2.0933,0.2409,0.01608,0.1243,0.00322,0.649,1,30,25.38,0.527,1,2530,21.166,12.881,0,30,7269,335029.7,91.67,18,11.97
1786079576772,1257,v1,0.0541,0.7045,0.1399,1.2463,0.3474,0.00634,0.1298,0.003679,0.668,0,18,37.21,0.746,1,0,13.0,13.0,1,30,6326,142007.2,100.0,13,13.8
1786079579012,1258,v1,0.0403,0.9647,0.1829,1.91,0.5525,0.01708,0.2472,0.001218,0.611,0,33,54.15,0.935,1,0,18.885,18.885,0,30,7508,224593.4,88.91,16,4.75
1786079580701,1259,v1,0.0398,0.7791,0.2857,1.9404,0.4151,0.00373,0.0858,0.001853,0.605,0,13,67.02,0.646,1,3194,12.0,7.326,1,30,6971,169692.5,100.0,13,50.15
1786079575048,1260,v1,0.0194,0.9785,0.2238,1.4281,0.5152,0.02131,0.1815,0.002337,0.641,0,16,20.29,0.889,1,0,13.0,13.0,1,30,6978,154373.4,100.0,13,9.54
1786079576534,1261,v1,0.0138,0.8426,0.2814,2.0052,0.2251,0.0125,0.2049,0.00324,0.706,0,29,60.02,0.837,1,0,14.227,14.227,1,30,5683,128563.4,100.0,13,12.37
1786079578215,1262,v1,0.0504,0.4968,0.2361,1.0517,0.3481,0.02946,0.1564,0.001802,0.665,1,33,25.81,0.977,1,930,18.147,15.055,0,30,5746,184389.7,91.07,15,7.08
1786079579857,1263,v1,0.0409,0.257,0.272,0.9801,0.7415,0.01509,0.1937,0.001489,0.668,0,4,50.95,0.644,1,2157,3.0,2.663,1,30,6429,150532.0,100.0,13,28.67
1786079575524,1264,v1,0.0545,0.2258,0.4701,2.3073,0.7093,0.00663,0.1359,0.001525,0.62,1,24,36.88,0.841,1,869,17.711,15.036,0,30,5924,208183.5,94.21,16,6.04
1786079577259,1265,v1,0.0345,0.9526,0.203,2.0207,0.1565,0.02766,0.1365,0.002912,0.592,1,22,76.8,0.459,1,0,15.445,15.445,0,30,6236,176084.7,90.81,14,10.55
1786079578639,1266,v1,0.0765,0.7143,0.2318,2.2284,0.1492,0.00645,0.2256,0.003686,0.593,0,14,56.02,0.799,1,0,11.379,11.379,1,30,6278,119322.2,100.0,6,14.64
1786079580145,1267,v1,0.0164,0.5208,0.2321,1.5394,0.7579,0.0092,0.1531,0.001901,0.617,0,21,88.23,0.579,1,0,13.0,13.0,1,30,5597,129374.1,100.0,13,7.11
1786079576253,1268,v1,0.011,0.7227,0.2569,1.953,0.1696,0.02976,0.051,0.002504,0.662,0,18,58.71,0.376,1,0,13.0,13.0,1,30,6325,146575.3,100.0,13,9.99
1786079577664,1269,v1,0.0787,0.2821,0.1092,1.0833,0.5466,0.02043,0.0895,0.002889,0.712,0,4,51.19,0.341,1,1497,3.0,2.745,1,30,5907,136211.3,100.0,13,12.12
1786079578939,1270,v1,0.0431,0.6606,0.2326,1.207,0.5418,0.02434,0.1635,0.002328,0.591,0,26,33.05,0.616,1,0,10.342,10.342,1,30,6042,88345.5,100.0,6,8.94
1786079580506,1271,v1,0.0154,0.4415,0.1051,1.3383,0.6208,0.01715,0.2447,0.003672,0.648,0,6,89.51,0.757,1,0,5.0,5.0,1,30,6455,145215.2,100.0,13,13.97
1786079577154,1272,v1,0.0308,0.7289,0.2603,1.2132,0.253,0.01032,0.1604,0.003179,0.63,0,30,61.9,0.886,1,0,21.218,21.218,0,30,6352,280176.4,84.65,18,12.0
1786079579742,1273,v1,0.0252,0.4593,0.2406,2.4586,0.4401,0.01025,0.1558,0.003224,0.621,0,23,45.37,0.795,1,0,5.242,5.242,0,30,6279,337569.7,27.06,19,11.85
1786079582227,1274,v1,0.02,0.4493,0.4675,1.7509,0.5187,0.02702,0.2145,0.002646,0.696,1,7,50.84,0.61,1,5080,6.0,0.981,0,30,6171,365862.2,10.71,-1,9.74
1786079583641,1275,v1,0.0372,0.3944,0.1726,2.3501,0.1564,0.01098,0.1613,0.002764,0.599,1,7,90.47,0.726,1,4917,6.0,0.712,1,30,5674,153662.5,100.0,24,89.32
1786079577370,1276,v1,0.0506,0.4651,0.2536,1.0653,0.3948,0.01868,0.1813,0.002825,0.617,0,10,77.21,0.783,1,2279,8.758,6.351,1,30,6793,140728.0,100.0,13,11.04
1786079579479,1277,v1,0.0152,0.8114,0.4929,1.4392,0.8879,0.0212,0.1828,0.003264,0.589,1,15,75.83,0.654,1,2424,14.0,8.269,0,30,6196,248243.8,49.95,14,11.93
1786079580660,1278,v1,0.0219,0.8723,0.1999,1.5307,0.418,0.02092,0.1022,0.003701,0.648,1,18,40.92,0.844,1,0,13.0,13.0,1,30,5617,125757.6,100.0,13,13.55
1786079582040,1279,v1,0.049,0.3476,0.435,2.4577,0.4447,0.00864,0.1387,0.001975,0.628,1,26,31.35,0.39,1,405,13.683,12.653,1,30,5591,122911.8,100.0,13,11.66
1786079578537,1280,v1,0.0284,0.9409,0.2405,1.447,0.2816,0.00345,0.1831,0.002235,0.644,1,9,98.78,0.668,1,5584,8.0,0.034,1,30,5709,154988.6,100.0,26,99.61
1786079580327,1281,v1,0.0108,0.7455,0.2478,1.1599,0.5536,0.02395,0.1848,0.003553,0.697,1,10,32.67,0.972,1,6095,9.0,0.0,1,30,6276,175858.5,0.0,-1,100.0
1786079582827,1282,v1,0.0399,0.8604,0.4959,0.839,0.1074,0.01698,0.1921,0.002349,0.708,1,7,83.82,0.975,1,6459,6.0,0.0,0,30,6555,383932.0,0.0,-1,9.09
1786079584453,1283,v1,0.077,0.6485,0.4285,1.0185,0.6128,0.01772,0.1288,0.003728,0.635,1,7,36.04,0.644,1,3030,5.263,2.314,1,30,6097,107569.4,100.0,4,13.71
1786079582862,1284,v1,0.0396,0.6656,0.1607,1.9828,0.1161,0.00453,0.1694,0.002811,0.713,1,27,29.86,0.864,1,0,0.0,0.0,0,30,6499,365576.1,0.0,-1,11.12
1786079584964,1285,v1,0.0404,0.8423,0.286,2.0809,0.2553,0.01218,0.1488,0.00225,0.702,1,36,98.53,0.778,1,0,9.932,9.932,0,30,6152,342327.0,39.25,19,8.32
1786079587090,1286,v1,0.0421,0.67,0.422,1.1209,0.1142,0.01808,0.2198,0.002263,0.597,1,12,96.9,0.941,1,5826,11.0,0.0,0,30,5980,361786.3,0.0,-1,8.68
1786079588002,1287,v1,0.0568,0.4669,0.4944,1.977,0.1131,0.01184,0.2156,0.001272,0.655,1,15,76.19,0.603,1,0,12.593,12.593,1,30,6344,139466.8,100.0,13,4.76
1786079582629,1288,v1,0.0229,0.44,0.3433,1.3764,0.3157,0.01995,0.1569,0.002796,0.698,0,32,73.17,0.447,1,0,15.235,15.235,1,30,5681,135091.7,100.0,14,9.95
1786079584433,1289,v1,0.0133,0.7474,0.441,2.4972,0.4342,0.02331,0.0708,0.001735,0.682,1,13,65.97,0.812,1,7019,12.0,0.0,1,30,7162,199753.0,0.0,-1,100.0
1786079585612,1290,v1,0.0316,0.3966,0.4169,0.9003,0.9733,0.01594,0.2478,0.001761,0.716,0,13,33.7,0.41,1,1310,12.0,9.824,1,30,6163,150658.2,100.0,14,8.91
1786079586888,1291,v1,0.0545,0.5351,0.4482,2.1707,0.1554,0.00404,0.1579,0.001443,0.672,0,26,46.48,0.712,1,0,13.668,13.668,1,30,6099,132498.8,100.0,13,5.9
1786079583532,1292,v1,0.0761,0.4696,0.4472,2.3084,0.7445,0.01584,0.0739,0.002114,0.692,1,11,90.07,0.424,1,3221,10.0,4.132,0,30,5612,278419.9,39.63,17,8.13
1786079584898,1293,v1,0.027,0.8859,0.3012,0.9004,0.5602,0.01814,0.1284,0.003243,0.662,1,24,54.77,0.585,1,0,18.642,18.642,0,30,5548,186721.5,84.51,17,12.85
1786079586242,1294,v1,0.051,0.5046,0.1696,2.4013,0.4627,0.02725,0.0527,0.001839,0.609,1,19,74.36,0.593,1,0,10.527,10.527,1,30,6590,112241.7,100.0,7,6.81
1786079587339,1295,v1,0.0382,0.7621,0.1121,2.4268,0.8043,0.01299,0.1198,0.003226,0.683,1,7,68.7,0.91,1,6064,6.0,0.0,1,30,6162,172763.1,0.0,-1,100.0
1786079584670,1296,v1,0.0129,0.6094,0.3013,0.8903,0.1794,0.01685,0.2127,0.001877,0.712,1,22,35.09,0.591,1,0,0.0,0.0,0,30,6339,384764.7,0.0,-1,6.88
1786079586750,1297,v1,0.0752,0.4173,0.3489,1.4097,0.3194,0.01356,0.1271,0.003113,0.648,1,27,46.2,0.689,1,1237,17.265,14.247,0,30,7708,289922.9,92.26,15,11.52
1786079588157,1298,v1,0.025,0.8003,0.1441,1.5568,0.108,0.00557,0.2317,0.002967,0.634,0,31,24.63,0.464,1,9,0.311,0.275,0,30,5981,349794.3,1.35,-1,11.54
1786079588842,1299,v1,0.0598,0.9751,0.1957,1.8862,0.9147,0.02156,0.2376,0.003583,0.716,0,7,86.82,0.853,1,0,6.0,6.0,0,30,5734,181381.1,84.97,17,13.27
1786079595856,1300,v1,0.0572,0.5037,0.2669,2.1453,0.405,0.02231,0.1362,0.001793,0.675,0,15,67.59,0.437,1,2198,14.0,10.063,0,30,6896,324250.2,61.01,16,7.42
1786079597149,1301,v1,0.0446,0.9468,0.3128,1.7941,0.9071,0.02996,0.1631,0.003052,0.643,0,20,99.39,0.71,1,0,10.387,10.387,1,30,6467,107193.6,100.0,7,10.58
1786079598759,1302,v1,0.0614,0.5458,0.2742,1.614,0.4791,0.0187,0.1962,0.002457,0.616,0,31,25.35,0.849,1,506,17.643,16.074,0,30,5392,158691.9,86.88,15,9.44
1786079600927,1303,v1,0.0241,0.3633,0.1135,0.9286,0.5043,0.02696,0.1059,0.003107,0.715,1,22,70.82,0.847,1,0,7.004,7.004,0,30,6495,335232.0,36.01,19,11.69
1786079595862,1304,v1,0.0306,0.9173,0.3738,1.8787,0.2213,0.01648,0.1403,0.003299,0.677,0,31,28.63,0.519,1,0,14.344,14.344,1,30,7406,168477.2,100.0,13,11.76
1786079597393,1305,v1,0.0337,0.4413,0.3015,1.9838,0.3047,0.02681,0.0602,0.002593,0.612,0,21,76.72,0.568,1,0,15.832,15.832,0,30,5827,167856.3,84.86,15,10.42
1786079599048,1306,v1,0.0664,0.8974,0.3294,2.0572,0.8991,0.02939,0.216,0.002401,0.632,1,22,35.77,0.45,1,696,12.474,11.121,1,30,6754,144622.4,100.0,13,9.37
1786079600795,1307,v1,0.0476,0.8425,0.1086,2.0009,0.6343,0.02252,0.0581,0.003646,0.61,1,28,86.35,0.782,1,0,17.348,17.348,0,30,6306,173391.6,91.62,15,13.5
1786079596464,1308,v1,0.0215,0.6621,0.4202,1.9671,0.144,0.02171,0.112,0.001454,0.618,0,23,98.84,0.889,1,0,13.205,13.205,1,30,6712,144727.6,100.0,13,6.02
1786079598793,1309,v1,0.045,0.6753,0.2294,1.1587,0.5915,0.00441,0.0579,0.002319,0.684,0,17,35.25,0.4,1,1768,16.0,11.997,0,30,6400,322581.2,45.66,18,8.91
1786079600617,1310,v1,0.0747,0.3573,0.1087,1.9603,0.1543,0.02755,0.1353,0.001902,0.663,0,15,88.69,0.401,1,0,14.0,14.0,0,30,6437,240651.5,96.74,16,7.22
1786079602898,1311,v1,0.0293,0.7601,0.2305,1.0559,0.7928,0.01734,0.1499,0.001651,0.709,1,6,73.39,0.518,1,4074,5.0,1.525,0,30,5899,349140.4,12.0,-1,6.03
1786079597272,1312,v1,0.0393,0.2085,0.273,2.1818,0.8362,0.01777,0.2301,0.001737,0.603,0,6,62.25,0.931,1,3342,5.0,3.296,0,30,5926,282089.3,36.67,16,6.38
1786079598813,1313,v1,0.0782,0.7449,0.3212,1.9317,0.9489,0.01193,0.2114,0.001436,0.664,0,24,69.18,0.711,1,0,12.338,12.338,1,30,5680,114106.4,100.0,10,5.42
1786079600154,1314,v1,0.0464,0.6508,0.4744,1.6944,0.2517,0.02051,0.1018,0.00238,0.606,0,36,76.96,0.875,1,0,12.61,12.61,1,30,6287,114859.6,100.0,7,8.8
1786079602281,1315,v1,0.0202,0.5992,0.4188,0.8069,0.7743,0.0307,0.1596,0.001284,0.713,1,35,43.55,0.385,1,337,13.874,12.665,0,30,6033,270669.8,57.23,17,5.4
1786079597068,1316,v1,0.0534,0.9819,0.2768,1.8519,0.4673,0.03149,0.1649,0.002679,0.589,0,18,42.19,0.933,1,0,6.32,6.32,1,30,6069,51670.0,100.0,4,9.95
1786079598515,1317,v1,0.0399,0.8216,0.4791,2.0111,0.6757,0.01907,0.1291,0.003537,0.705,1,15,53.63,0.669,1,0,13.0,13.0,1,30,5741,131380.2,100.0,13,13.27
1786079599594,1318,v1,0.0205,0.5591,0.1738,2.2047,0.8189,0.00966,0.0993,0.002828,0.628,0,33,89.12,0.53,1,0,14.367,14.367,1,30,5672,124614.9,100.0,13,10.98
1786079602073,1319,v1,0.013,0.8112,0.1395,1.6576,0.8903,0.02194,0.1901,0.003644,0.59,1,8,20.89,0.796,1,5007,7.0,0.826,0,30,5843,309898.8,10.38,-1,13.54
1786079597969,1320,v1,0.0702,0.4063,0.1585,2.2482,0.7406,0.01717,0.2078,0.003333,0.652,1,11,96.52,0.782,1,5261,10.0,0.317,1,30,5590,154245.6,100.0,20,40.11
1786079599499,1321,v1,0.0409,0.7179,0.4894,1.0249,0.5866,0.02799,0.1039,0.002494,0.684,1,20,44.78,0.558,1,0,11.987,11.987,1,30,7322,140910.1,100.0,9,9.55
1786079601078,1322,v1,0.0694,0.4787,0.354,1.564,0.9319,0.00399,0.0774,0.002718,0.666,0,11,41.03,0.407,1,1900,10.0,7.562,1,30,6380,153842.0,100.0,13,10.16
1786079602739,1323,v1,0.079,0.4463,0.2214,1.3153,0.9061,0.00427,0.0918,0.001354,0.65,0,11,84.28,0.863,1,0,10.0,10.0,0,30,5745,173025.3,89.35,16,5.1
1786079598494,1324,v1,0.0556,0.8769,0.2402,1.5609,0.607,0.00922,0.0894,0.002169,0.716,1,15,48.33,0.588,1,0,13.0,13.0,1,30,6446,146323.4,100.0,13,8.66
1786079600839,1325,v1,0.057,0.5757,0.2067,1.8519,0.7632,0.0151,0.1754,0.003193,0.605,1,15,32.98,0.556,1,5083,14.0,2.386,0,30,6399,365813.0,16.33,-1,11.44
1786079602600,1326,v1,0.0667,0.345,0.2791,2.3098,0.9266,0.00994,0.0977,0.001601,0.685,0,34,26.53,0.857,1,583,19.896,17.941,0,30,5570,215044.8,88.81,17,6.25
1786079604330,1327,v1,0.0676,0.6288,0.2616,1.541,0.2715,0.02531,0.2085,0.002539,0.661,0,24,85.49,0.662,1,0,16.689,16.689,0,30,6493,198558.0,91.87,15,9.53
1786079602948,1328,v1,0.0711,0.8058,0.1015,0.9681,0.2234,0.02587,0.2154,0.001833,0.602,0,30,94.45,0.712,1,0,12.201,12.201,1,30,6375,109748.9,100.0,6,7.18
1786079604438,1329,v1,0.0145,0.9433,0.2044,1.7595,0.1505,0.02677,0.1206,0.002963,0.599,1,27,41.68,0.682,1,841,13.836,11.69,1,30,5779,132190.3,100.0,13,17.27
1786079606619,1330,v1,0.0476,0.4141,0.4329,2.1097,0.5996,0.00301,0.1491,0.00199,0.639,0,21,94.67,0.404,1,0,18.27,18.27,0,30,6685,296694.7,87.16,17,7.27
1786079609050,1331,v1,0.0699,0.6575,0.4156,1.6015,0.961,0.01379,0.1073,0.002558,0.72,1,14,67.77,0.733,1,5908,13.0,0.0,0,30,6141,345707.2,0.0,-1,10.54
1786079603050,1332,v1,0.0782,0.7277,0.4133,2.489,0.3245,0.00317,0.0722,0.001458,0.606,0,16,85.34,0.756,1,0,12.36,12.36,1,30,5314,114970.4,100.0,13,5.78
1786079605441,1333,v1,0.0148,0.6305,0.4671,2.1309,0.5304,0.0042,0.1053,0.002303,0.656,1,22,51.1,0.544,1,0,0.0,0.0,0,30,5422,311593.4,0.0,-1,8.34
1786079607217,1334,v1,0.0748,0.5047,0.4026,1.8073,0.2611,0.02038,0.0593,0.001854,0.661,1,26,52.69,0.659,1,1066,17.018,13.921,0,30,6141,247894.2,90.41,15,6.25
1786079609759,1335,v1,0.0127,0.2543,0.4127,1.0382,0.4369,0.00602,0.1131,0.001833,0.706,0,11,52.33,0.943,1,2838,10.0,5.981,0,30,5758,330793.5,0.0,-1,6.55
1786079604518,1336,v1,0.0155,0.9445,0.2096,2.0784,0.8046,0.02723,0.2441,0.002586,0.665,1,26,97.17,0.405,1,0,13.699,13.699,1,30,7171,155921.6,100.0,13,9.83
1786079606316,1337,v1,0.0739,0.8474,0.2361,2.423,0.5204,0.01994,0.1983,0.003263,0.672,0,14,98.04,0.584,1,0,13.0,13.0,0,30,5525,195114.3,87.38,16,12.81
1786079608947,1338,v1,0.0108,0.9325,0.2431,1.0913,0.1096,0.02279,0.1516,0.003056,0.662,0,34,21.74,0.676,1,112,3.252,2.905,0,30,7230,376403.3,14.39,-1,11.73
1786079612062,1339,v1,0.0189,0.2706,0.2863,2.2035,0.3794,0.02454,0.2163,0.001834,0.664,1,10,92.87,0.888,1,6456,9.0,0.0,0,30,6561,371194.8,0.0,-1,6.87
1786079606610,1340,v1,0.0166,0.8517,0.1974,1.0371,0.5072,0.01443,0.2145,0.003474,0.694,0,9,68.0,0.769,1,3512,8.0,5.191,0,30,7706,409108.9,0.0,-1,12.2
1786079608732,1341,v1,0.035,0.4186,0.2433,1.785,0.3725,0.01409,0.1557,0.00364,0.704,0,17,43.0,0.929,1,3400,16.0,7.197,0,30,5737,332249.1,8.07,-1,13.53
1786079610812,1342,v1,0.0234,0.6357,0.1732,2.4898,0.6772,0.02842,0.2373,0.002743,0.679,0,20,92.09,0.559,1,670,18.679,16.845,0,30,6522,287835.7,61.59,18,10.24
1786079612268,1343,v1,0.0436,0.7684,0.4551,1.1628,0.2081,0.03049,0.1658,0.002274,0.594,1,5,86.74,0.336,1,1142,3.683,2.939,1,30,6208,71203.8,100.0,3,17.88
1786079605627,1344,v1,0.0619,0.5862,0.4477,1.2942,0.1989,0.01352,0.1845,0.003386,0.685,1,24,62.15,0.89,1,0,17.91,17.91,0,30,6017,249929.0,93.55,16,12.55
1786079607085,1345,v1,0.0213,0.4961,0.1628,1.7769,0.8673,0.01125,0.2027,0.001911,0.602,0,12,87.57,0.641,1,0,11.0,11.0,1,30,6642,143890.1,100.0,13,7.05
1786079610632,1346,v1,0.0104,0.8735,0.3714,1.6678,0.8408,0.01584,0.2355,0.003034,0.634,0,7,67.28,0.916,1,5041,6.0,3.527,0,30,8294,466288.4,0.0,-1,11.31
1786079612299,1347,v1,0.0318,0.6153,0.1117,2.2807,0.91,0.0067,0.1398,0.002904,0.699,1,15,98.1,0.3,1,0,14.0,14.0,1,30,6054,144782.4,100.0,14,10.49
1786079606298,1348,v1,0.0342,0.2093,0.2764,1.5967,0.4929,0.01858,0.0986,0.003161,0.607,1,17,53.34,0.626,1,171,15.8,15.364,0,30,6163,191329.9,95.87,15,11.41
1786079608903,1349,v1,0.0355,0.5972,0.3798,2.47,0.2213,0.00778,0.1927,0.001732,0.672,1,13,60.3,0.99,1,6826,12.0,0.0,0,30,6998,388849.1,0.0,-1,6.76
1786079610479,1350,v1,0.02,0.2294,0.1083,1.5304,0.5607,0.01833,0.1553,0.001783,0.672,1,20,44.83,0.313,1,0,14.669,14.669,1,30,5370,134089.4,100.0,14,7.39
1786079612784,1351,v1,0.0218,0.71,0.3809,1.2174,0.3379,0.00638,0.1457,0.001539,0.633,1,11,56.1,0.865,1,5594,10.0,0.0,0,30,5684,332468.1,0.0,-1,5.84
1786079606676,1352,v1,0.0726,0.9853,0.3281,1.9765,0.8454,0.02231,0.0938,0.001868,0.593,0,34,34.67,0.504,1,0,17.61,17.61,0,30,6030,171837.6,93.63,14,7.65
1786079608066,1353,v1,0.028,0.7134,0.4458,1.8935,0.2552,0.02523,0.0526,0.00154,0.616,0,22,35.18,0.305,1,0,11.372,11.372,1,30,5822,105644.9,100.0,8,6.29
1786079609412,1354,v1,0.0567,0.9571,0.3067,2.1048,0.1337,0.02027,0.098,0.002139,0.584,0,14,86.27,0.665,1,0,10.22,10.22,1,30,6505,112816.1,100.0,5,8.22
1786079610964,1355,v1,0.0196,0.3217,0.2137,2.4824,0.3191,0.02385,0.2461,0.0029,0.595,0,13,95.64,0.576,1,0,12.0,12.0,0,30,5788,171728.4,84.55,16,10.73
1786079611717,1356,v1,0.0664,0.6724,0.2042,2.4017,0.7014,0.00578,0.2232,0.002332,0.649,0,11,72.43,0.958,1,2411,9.746,6.889,1,30,6917,151845.6,100.0,10,23.93
1786079613566,1357,v1,0.0789,0.503,0.4073,2.0145,0.1527,0.02875,0.0874,0.003554,0.657,1,8,32.09,0.644,1,5255,6.9,1.447,1,30,6873,161442.8,100.0,13,16.31
1786079614930,1358,v1,0.0337,0.633,0.4855,0.9726,0.3108,0.02631,0.2033,0.002255,0.706,1,23,24.17,0.952,1,889,13.208,11.163,1,30,5950,132328.0,100.0,13,8.72
1786079616530,1359,v1,0.0526,0.4065,0.1921,1.0327,0.7263,0.0064,0.1298,0.00128,0.696,0,9,29.94,0.347,1,1223,8.0,6.78,1,30,6081,151420.6,100.0,13,7.01
1786079612149,1360,v1,0.0709,0.547,0.2813,1.8605,0.4209,0.01861,0.1168,0.002993,0.609,0,12,77.17,0.683,1,0,7.767,7.767,1,30,6568,98659.4,100.0,4,11.24
1786079613494,1361,v1,0.0312,0.2594,0.4278,2.2677,0.3614,0.03129,0.2216,0.003314,0.589,0,25,77.44,0.476,1,0,14.728,14.728,0,30,5907,144802.9,84.66,12,12.98
1786079615775,1362,v1,0.0262,0.2227,0.4534,1.4693,0.5773,0.0304,0.2233,0.00136,0.625,1,12,60.53,0.639,1,4103,11.0,2.961,0,30,5708,300991.1,25.49,15,5.59
1786079618484,1363,v1,0.0194,0.5115,0.1996,1.2813,0.2048,0.0112,0.0958,0.002303,0.7,1,19,78.71,0.52,1,4199,18.0,5.426,0,30,6262,375846.7,0.0,-1,8.37
1786079612755,1364,v1,0.0278,0.5174,0.1373,2.0578,0.2286,0.02901,0.2092,0.001219,0.682,1,28,38.0,0.824,1,853,14.046,11.763,1,30,5378,121435.0,100.0,13,9.91
1786079614242,1365,v1,0.0248,0.408,0.3768,0.9266,0.9158,0.02755,0.0852,0.001696,0.654,1,20,33.37,0.647,1,0,13.0,13.0,1,30,5487,126766.0,100.0,13,6.38
1786079615954,1366,v1,0.0374,0.3634,0.4991,1.845,0.7604,0.01166,0.121,0.001362,0.645,1,4,89.48,0.711,1,6159,3.0,0.259,1,30,6759,189385.0,100.0,25,91.88
1786079618540,1367,v1,0.0375,0.7866,0.2456,2.2045,0.3726,0.00709,0.2367,0.001319,0.673,0,14,42.56,0.643,1,2383,13.0,8.815,0,30,6371,376689.3,11.88,-1,5.38
1786079614092,1368,v1,0.0268,0.2496,0.2266,1.6318,0.3742,0.03129,0.225,0.003454,0.683,1,23,63.58,0.405,1,0,13.809,13.809,1,30,5791,135297.9,100.0,13,13.45
1786079615568,1369,v1,0.0701,0.2308,0.3984,1.8105,0.1367,0.03144,0.193,0.002571,0.633,1,15,58.07,0.678,1,0,12.652,12.652,1,30,6386,141219.9,100.0,13,10.1
1786079618516,1370,v1,0.0241,0.6406,0.4149,1.6242,0.5591,0.0145,0.2326,0.002599,0.71,1,5,24.03,0.789,1,5990,4.0,0.317,0,30,6575,379560.5,0.0,-1,9.72
1786079620342,1371,v1,0.0497,0.8982,0.2398,2.2118,0.7313,0.00966,0.223,0.002319,0.689,1,28,29.83,0.469,1,700,14.037,12.516,1,30,6810,155478.8,100.0,13,8.62
1786079615546,1372,v1,0.0104,0.9669,0.3116,2.2048,0.5895,0.00703,0.2465,0.00177,0.715,0,5,93.3,0.687,1,0,4.0,4.0,0,30,5853,362163.4,0.0,-1,7.07
1786079617052,1373,v1,0.027,0.94,0.4179,1.9363,0.2549,0.02817,0.1312,0.003477,0.61,0,33,41.65,0.725,1,0,17.546,17.546,0,30,6545,178669.7,95.98,15,13.26
1786079618646,1374,v1,0.0698,0.5261,0.1704,2.1267,0.2083,0.01155,0.0627,0.003453,0.604,1,17,62.1,0.331,1,0,12.366,12.366,1,30,5812,123423.3,100.0,13,13.52
1786079620395,1375,v1,0.0653,0.454,0.4386,1.7835,0.4382,0.02855,0.1504,0.002589,0.68,1,26,76.65,0.602,1,0,12.06,12.06,1,30,6768,129980.6,100.0,8,8.87
1786079614978,1376,v1,0.0619,0.4713,0.3309,1.1691,0.8338,0.02608,0.112,0.002231,0.657,1,18,73.89,0.56,1,0,9.823,9.823,1,30,6334,100980.5,100.0,6,8.26
1786079617381,1377,v1,0.0252,0.5115,0.2957,2.0927,0.6563,0.00948,0.0646,0.002726,0.58,1,11,49.41,0.686,1,5384,10.0,0.043,0,30,5557,328288.3,0.4,-1,10.19
1786079618935,1378,v1,0.0663,0.5702,0.3094,1.9938,0.4691,0.03179,0.0648,0.002884,0.645,0,28,34.81,0.387,1,0,16.847,16.847,0,30,6066,170986.5,100.0,15,11.09
1786079620866,1379,v1,0.0376,0.6987,0.3135,1.2191,0.2798,0.01509,0.1834,0.001456,0.639,0,10,89.64,0.481,1,0,9.0,9.0,0,30,6173,242659.0,84.26,16,5.41
1786079615647,1380,v1,0.0321,0.6783,0.1799,1.8964,0.5541,0.0067,0.1383,0.001496,0.64,0,33,93.91,0.884,1,0,14.343,14.343,1,30,6288,137102.8,100.0,13,5.49
1786079616856,1381,v1,0.0786,0.9586,0.399,2.4747,0.3739,0.00878,0.1133,0.001776,0.665,0,29,86.22,0.466,1,0,14.136,14.136,1,30,5873,134310.0,100.0,13,6.74
1786079618659,1382,v1,0.0364,0.2945,0.3257,1.6949,0.2879,0.0037,0.2298,0.001543,0.689,0,20,20.91,0.376,1,0,14.452,14.452,1,30,5802,136314.6,100.0,14,6.02
1786079620376,1383,v1,0.0334,0.4301,0.1939,0.8409,0.8311,0.01589,0.1266,0.001983,0.613,0,14,49.96,0.525,1,0,13.0,13.0,1,30,5906,135588.1,100.0,13,7.37
1786079618805,1384,v1,0.0531,0.6965,0.2879,1.6463,0.2952,0.01881,0.1288,0.003526,0.626,1,5,91.31,0.476,1,4025,4.0,1.149,1,30,5740,142223.4,100.0,13,64.79
1786079620733,1385,v1,0.0615,0.5177,0.2884,1.5898,0.9938,0.01428,0.0742,0.001681,0.613,1,12,64.54,0.724,1,2888,8.587,3.876,1,30,6870,120665.9,100.0,6,7.48
1786079622820,1386,v1,0.0229,0.9696,0.2459,2.445,0.215,0.00905,0.2372,0.001668,0.583,1,12,99.81,0.752,1,5291,11.0,0.337,0,30,5555,316893.8,2.67,-1,6.46
1786079624853,1387,v1,0.0724,0.7786,0.4376,2.4532,0.8745,0.00471,0.204,0.003565,0.718,1,15,83.01,0.571,1,4425,14.0,3.368,0,30,6152,325957.6,20.19,19,13.59
1786079620599,1388,v1,0.0108,0.5669,0.4876,1.3509,0.7356,0.02898,0.0711,0.002502,0.67,1,15,28.45,0.944,1,0,13.0,13.0,1,30,5869,133184.2,100.0,13,9.97
1786079621878,1389,v1,0.0764,0.816,0.2294,1.7572,0.5238,0.02688,0.2061,0.002101,0.646,1,10,70.25,0.75,1,1843,7.815,5.181,1,30,6428,103761.0,100.0,7,8.18
1786079623278,1390,v1,0.0336,0.7674,0.4086,1.3717,0.269,0.02708,0.1932,0.001602,0.697,0,21,54.63,0.719,1,0,13.0,13.0,1,30,6215,141732.4,100.0,13,6.19
1786079624782,1391,v1,0.0755,0.3302,0.4271,1.643,0.7682,0.00935,0.1166,0.003635,0.669,1,31,27.76,0.475,1,523,18.596,16.899,0,30,6364,199571.0,89.08,16,13.84
1786079621104,1392,v1,0.0409,0.506,0.1091,1.2672,0.9408,0.01425,0.2326,0.001262,0.602,1,34,69.88,0.304,1,588,12.617,11.525,1,30,7100,129019.8,100.0,8,4.89
1786079622444,1393,v1,0.0477,0.7712,0.1998,2.2347,0.4949,0.01699,0.1743,0.002941,0.71,0,14,59.86,0.355,1,0,13.0,13.0,1,30,5801,127457.7,100.0,13,11.15
1786079623743,1394,v1,0.0376,0.9993,0.2328,2.4496,0.7267,0.01747,0.2075,0.002458,0.643,0,13,76.52,0.954,1,3377,12.0,5.725,1,30,5556,142558.7,100.0,13,66.04
1786079625197,1395,v1,0.0403,0.363,0.4053,1.244,0.1371,0.01257,0.1494,0.003386,0.665,1,19,43.36,0.995,1,1567,17.519,12.697,0,30,6115,299478.6,72.68,17,13.44
1786079622052,1396,v1,0.0341,0.5381,0.1299,1.3221,0.7455,0.02262,0.1287,0.002731,0.7,0,31,72.88,0.445,1,0,14.361,14.361,1,30,5930,137441.7,100.0,13,10.39
1786079624387,1397,v1,0.0219,0.7043,0.4685,1.3655,0.1732,0.00515,0.2429,0.0023,0.637,0,18,48.23,0.975,1,3750,17.0,7.993,0,30,6503,407078.8,0.0,-1,8.5
1786079625410,1398,v1,0.0757,0.9293,0.1568,2.2243,0.9947,0.0129,0.1601,0.001309,0.598,0,24,72.92,0.754,1,0,9.655,9.655,1,30,7531,102943.8,100.0,5,5.28
1786079626000,1399,v1,0.0246,0.7998,0.2751,1.5824,0.3578,0.01402,0.1436,0.001424,0.584,0,11,39.73,0.905,1,3964,9.996,4.395,1,30,5750,149364.7,100.0,13,71.62
1786079632046,1400,v1,0.018,0.9399,0.1275,0.9212,0.5803,0.0312,0.1428,0.00188,0.589,1,27,95.16,0.741,1,0,15.257,15.257,0,30,5739,142066.9,89.44,13,7.53
1786079633195,1401,v1,0.017,0.4689,0.2551,1.7808,0.4824,0.02398,0.1402,0.003033,0.584,0,18,25.73,0.497,1,0,12.904,12.904,1,30,5725,129138.2,100.0,13,11.53
1786079635294,1402,v1,0.0457,0.7366,0.1053,0.8476,0.228,0.01162,0.2356,0.001693,0.637,0,24,61.14,0.9,1,0,17.851,17.851,0,30,6602,271659.2,90.27,16,6.62
1786079636931,1403,v1,0.0597,0.6934,0.4504,2.4024,0.5866,0.02044,0.1253,0.001396,0.654,1,11,41.15,0.321,1,2309,10.0,6.035,1,30,5913,147912.1,100.0,13,42.53
1786079632512,1404,v1,0.0288,0.9585,0.4563,1.0905,0.1847,0.01383,0.0942,0.002013,0.646,1,35,40.28,0.325,1,402,14.55,13.444,1,30,5600,126811.0,100.0,13,7.77
1786079634007,1405,v1,0.0404,0.2676,0.4316,1.9439,0.971,0.0129,0.107,0.002271,0.677,1,24,58.38,0.408,1,539,18.729,16.9,0,30,5756,203235.4,86.35,17,8.3
1786079635468,1406,v1,0.0251,0.456,0.2547,1.8966,0.3764,0.03045,0.0727,0.003146,0.693,0,5,74.77,0.617,1,0,4.0,4.0,1,30,5878,132938.2,100.0,13,12.2
1786079637263,1407,v1,0.0306,0.5799,0.2475,2.2979,0.4649,0.01635,0.1289,0.003061,0.627,0,13,79.41,0.877,1,0,12.0,12.0,0,30,6286,202722.5,86.85,17,11.63
1786079633022,1408,v1,0.0192,0.7682,0.2235,1.9407,0.64,0.03106,0.2394,0.003647,0.705,1,17,61.03,0.791,1,0,13.0,13.0,1,30,5685,127967.3,100.0,13,12.7
1786079634557,1409,v1,0.0226,0.9356,0.3084,1.4449,0.7623,0.0227,0.202,0.001558,0.698,0,30,85.04,0.534,1,0,14.368,14.368,1,30,6405,142928.7,100.0,13,6.45
1786079636600,1410,v1,0.0457,0.8785,0.263,1.435,0.2712,0.01329,0.1455,0.003608,0.714,0,16,98.94,0.654,1,0,15.0,15.0,0,30,5855,302438.7,71.69,19,13.08
1786079638521,1411,v1,0.0405,0.6276,0.4225,1.3492,0.6388,0.02332,0.1707,0.002828,0.668,1,34,77.72,0.907,1,0,19.019,19.019,0,30,6564,204913.7,87.52,16,10.59
1786079633413,1412,v1,0.052,0.4547,0.2733,1.2049,0.9125,0.01154,0.1106,0.003033,0.605,0,8,95.4,0.487,1,0,6.913,6.913,1,30,6204,107960.3,100.0,7,11.28
1786079635634,1413,v1,0.0737,0.3317,0.4121,1.8391,0.9959,0.01927,0.0883,0.003266,0.686,0,4,44.55,0.66,1,2563,3.0,2.619,0,30,6792,261131.8,53.76,16,12.15
1786079638685,1414,v1,0.0261,0.7965,0.4897,1.2139,0.7264,0.00339,0.0911,0.00266,0.715,0,8,69.01,0.833,1,4336,7.0,3.782,0,30,6858,397192.1,0.0,-1,10.12
1786079640655,1415,v1,0.0163,0.815,0.3304,1.74,0.8393,0.01733,0.2241,0.00359,0.71,1,7,21.27,0.501,1,4733,6.0,1.5,1,30,6457,161173.3,100.0,13,78.27
1786079634628,1416,v1,0.0734,0.3864,0.3149,2.2038,0.8396,0.0174,0.16,0.002154,0.719,0,31,34.29,0.892,1,0,19.299,19.299,0,30,5770,203805.9,85.49,17,8.7
1786079635839,1417,v1,0.0439,0.5213,0.2631,1.7538,0.6219,0.01946,0.1367,0.002646,0.646,0,18,22.95,0.53,1,0,13.0,13.0,1,30,5822,132523.8,100.0,13,10.13
1786079637205,1418,v1,0.0471,0.8328,0.277,2.0796,0.6962,0.01822,0.2221,0.002469,0.626,1,10,68.42,0.501,1,3714,9.0,3.116,1,30,5816,150869.9,100.0,13,68.5
1786079639069,1419,v1,0.0366,0.7446,0.4687,2.1554,0.5887,0.00592,0.1818,0.001787,0.582,0,7,60.3,0.613,1,2606,6.0,4.382,1,30,6507,163503.0,100.0,13,44.44
1786079636011,1420,v1,0.0217,0.3166,0.156,1.9779,0.4715,0.01853,0.2229,0.00331,0.683,1,23,42.82,0.998,1,78,1.337,1.087,0,30,6467,371669.8,6.91,-1,12.57
1786079637359,1421,v1,0.0386,0.8663,0.4396,1.5238,0.7791,0.01542,0.2281,0.002615,0.644,0,15,92.36,0.56,1,0,13.0,13.0,1,30,5969,133533.2,100.0,13,10.29
1786079638797,1422,v1,0.0766,0.4793,0.4014,2.1585,0.9167,0.03029,0.1859,0.003215,0.612,0,21,49.42,0.876,1,0,8.126,8.126,1,30,5672,69039.8,100.0,7,12.71
1786079640503,1423,v1,0.0774,0.2779,0.3899,2.1835,0.2032,0.0166,0.0642,0.001347,0.639,1,30,48.0,0.96,1,0,14.192,14.192,1,30,6345,139547.3,100.0,13,4.81
1786079635225,1424,v1,0.0357,0.8613,0.357,1.7263,0.1822,0.02743,0.1391,0.001237,0.688,0,28,41.72,0.799,1,0,14.021,14.021,1,30,5879,134682.2,100.0,13,4.54
1786079636790,1425,v1,0.0325,0.9973,0.3336,1.4592,0.1324,0.01537,0.2182,0.002776,0.591,1,27,53.42,0.547,1,629,13.357,11.973,1,30,6427,140626.0,100.0,13,10.46
1786079638489,1426,v1,0.0637,0.5424,0.213,1.5956,0.918,0.01417,0.1869,0.003525,0.625,0,33,53.42,0.536,1,0,18.537,18.537,0,30,6561,198559.1,99.97,16,13.18
1786079640019,1427,v1,0.0519,0.981,0.3589,1.7898,0.8804,0.0281,0.1051,0.002288,0.619,0,7,99.13,0.547,1,0,5.938,5.938,1,30,6308,104219.0,100.0,7,8.8
1786079639292,1428,v1,0.0307,0.804,0.4251,0.8144,0.4429,0.01843,0.1172,0.001876,0.582,1,25,37.4,0.868,1,1035,15.423,12.698,0,30,6035,193660.3,94.25,14,6.79
1786079642605,1429,v1,0.0371,0.5274,0.2215,2.1822,0.7126,0.00719,0.1322,0.003623,0.72,0,31,90.33,0.79,1,0,0.0,0.0,0,30,7097,428347.6,0.0,-1,13.29
1786079643715,1430,v1,0.0306,0.8815,0.1163,1.8525,0.391,0.01144,0.2229,0.001672,0.712,0,30,38.33,0.73,1,0,14.361,14.361,1,30,5795,128728.2,100.0,13,7.3
1786079645145,1431,v1,0.0693,0.4451,0.3621,2.4503,0.8107,0.02379,0.1285,0.002753,0.626,0,22,53.63,0.713,1,0,13.0,13.0,1,30,6056,136462.7,100.0,13,9.41
1786079640657,1432,v1,0.0626,0.723,0.3799,2.4971,0.8398,0.01376,0.0572,0.001332,0.632,0,11,77.35,0.874,1,3473,10.0,5.307,0,30,5993,315365.9,36.29,16,5.16
1786079642834,1433,v1,0.0431,0.3643,0.1989,1.7968,0.7455,0.00976,0.2174,0.002722,0.67,0,6,76.59,0.529,1,2197,5.0,4.159,1,30,7932,178627.6,100.0,14,35.67
1786079644446,1434,v1,0.0369,0.2867,0.1405,1.5229,0.2622,0.00988,0.2258,0.001304,0.596,1,15,22.58,0.715,1,0,13.0,13.0,1,30,6649,151162.6,100.0,13,5.7
1786079646434,1435,v1,0.0774,0.7949,0.302,2.4668,0.2969,0.00526,0.1877,0.001998,0.711,0,8,34.83,0.59,1,3047,7.0,4.938,1,30,7499,175295.7,100.0,13,24.58
1786079641095,1436,v1,0.0425,0.8195,0.1706,1.3553,0.5525,0.00721,0.1661,0.002678,0.622,1,12,37.54,0.554,1,4328,11.0,3.606,1,30,6607,159721.5,100.0,13,15.41
1786079643384,1437,v1,0.0222,0.553,0.21,1.6214,0.2128,0.00307,0.0716,0.00342,0.669,0,8,68.11,0.648,1,2613,7.0,4.634,0,30,5663,311878.8,0.0,-1,13.42
1786079644967,1438,v1,0.0344,0.9716,0.3538,2.2984,0.9495,0.01729,0.2067,0.00247,0.655,1,15,78.22,0.715,1,0,13.0,13.0,1,30,6291,145025.6,100.0,13,9.52
1786079647385,1439,v1,0.0449,0.4789,0.2576,1.6989,0.7891,0.00595,0.1834,0.003689,0.685,0,22,94.62,0.426,1,0,8.728,8.728,0,30,6459,324285.5,45.17,19,13.47
1786079641311,1440,v1,0.0351,0.5771,0.4747,1.2757,0.7333,0.03174,0.1451,0.001852,0.629,0,20,49.04,0.583,1,0,10.796,10.796,1,30,5786,95466.6,100.0,7,6.24
1786079643898,1441,v1,0.0391,0.7224,0.4626,2.2084,0.4354,0.02599,0.1826,0.002224,0.683,1,6,32.92,0.658,1,4950,5.0,0.825,0,30,6006,339931.4,13.99,-1,8.69
1786079645193,1442,v1,0.0248,0.8001,0.2646,0.9036,0.7667,0.0176,0.2313,0.003529,0.605,1,26,57.85,0.818,1,0,11.734,11.734,1,30,6623,117816.9,100.0,8,13.74
1786079646774,1443,v1,0.0774,0.9945,0.1727,1.4911,0.3997,0.01397,0.0933,0.001604,0.619,1,15,53.25,0.702,1,0,10.626,10.626,1,30,6089,108843.3,100.0,5,6.32
1786079642329,1444,v1,0.032,0.2884,0.1073,1.3223,0.2806,0.01664,0.1982,0.002911,0.704,1,25,97.89,0.949,1,0,15.067,15.067,1,30,6254,154459.0,100.0,14,11.37
1786079643261,1445,v1,0.0526,0.9966,0.2352,0.9041,0.3794,0.02266,0.1898,0.00317,0.63,0,14,28.81,0.859,1,0,10.339,10.339,1,30,5496,92970.3,100.0,6,11.54
1786079645050,1446,v1,0.0486,0.2171,0.495,1.0677,0.3041,0.0237,0.1819,0.00242,0.689,0,35,30.27,0.84,1,0,14.563,14.563,1,30,7236,165412.7,100.0,13,8.84
1786079646487,1447,v1,0.0533,0.2914,0.3456,1.3747,0.4723,0.02896,0.2418,0.003408,0.682,1,17,57.07,0.874,1,0,11.13,11.13,1,30,5942,106197.8,100.0,9,12.47
1786079642970,1448,v1,0.0655,0.2162,0.4288,0.842,0.8596,0.00845,0.1934,0.001501,0.614,0,31,68.69,0.396,1,0,17.653,17.653,0,30,6014,175185.6,87.33,15,6.35
1786079644959,1449,v1,0.0575,0.2656,0.4478,1.8669,0.3441,0.00563,0.2401,0.002444,0.698,0,20,57.96,0.492,1,21,18.671,18.609,0,30,6084,294221.8,92.18,18,9.16
1786079646563,1450,v1,0.0248,0.8163,0.2137,1.589,0.8215,0.02548,0.2011,0.001909,0.713,1,25,24.16,0.507,1,649,13.531,12.16,1,30,6647,145089.1,100.0,13,17.17
1786079648866,1451,v1,0.0666,0.3289,0.1656,0.8127,0.7764,0.01086,0.1973,0.003512,0.61,1,6,28.9,0.6,1,4098,5.0,1.413,0,30,5809,310667.8,25.0,16,12.69
1786079644861,1452,v1,0.0694,0.3089,0.2813,1.9008,0.744,0.01158,0.2208,0.002904,0.701,1,15,21.19,0.584,1,5613,14.0,2.097,0,30,6853,362914.2,13.57,-1,10.77
1786079646868,1453,v1,0.0613,0.4783,0.3917,2.1886,0.2027,0.00845,0.2445,0.001415,0.67,1,25,89.24,0.404,1,0,18.627,18.627,0,30,5806,254871.4,84.64,17,6.11
1786079648389,1454,v1,0.0501,0.3575,0.1399,2.3702,0.1914,0.01872,0.0605,0.002988,0.616,1,32,36.55,0.49,1,703,20.207,17.595,0,30,5815,239478.9,86.97,16,11.13
1786079650224,1455,v1,0.0597,0.5063,0.196,1.2435,0.2961,0.02122,0.0939,0.00226,0.656,0,23,68.29,0.382,1,0,16.536,16.536,0,30,6380,210107.0,92.18,15,8.75
1786079648457,1456,v1,0.0712,0.9242,0.1912,0.9759,0.1002,0.00479,0.0679,0.001304,0.61,1,14,47.84,0.645,1,6120,13.0,0.577,0,30,6517,390661.6,5.95,-1,4.73
1786079650467,1457,v1,0.0646,0.9018,0.4516,1.1991,0.7136,0.02317,0.2231,0.001911,0.649,0,10,74.42,0.733,1,2822,9.0,5.357,0,30,5520,226368.2,47.69,15,7.05
1786079652161,1458,v1,0.0622,0.8501,0.4055,1.7524,0.5499,0.01075,0.1398,0.001753,0.587,1,21,66.62,0.558,1,0,9.031,9.031,1,30,6560,93857.4,100.0,6,7.45
1786079653774,1459,v1,0.0647,0.5338,0.2997,1.9657,0.9322,0.01814,0.1031,0.00372,0.612,1,4,94.46,0.431,1,3399,3.0,1.456,1,30,6679,146418.1,100.0,13,37.6
1786079647816,1460,v1,0.0403,0.6251,0.4657,0.9251,0.4102,0.02227,0.1514,0.003568,0.582,0,4,92.88,0.983,1,0,3.0,3.0,1,30,5531,41557.8,100.0,4,13.76
1786079650189,1461,v1,0.0698,0.6647,0.4826,1.656,0.9667,0.01158,0.1968,0.002948,0.626,0,11,77.11,0.922,1,4237,10.0,4.379,0,30,6209,306892.7,26.76,16,11.63
1786079652225,1462,v1,0.0652,0.8991,0.4628,1.5712,0.9334,0.01755,0.0574,0.00167,0.64,1,21,80.94,0.951,1,0,16.222,16.222,0,30,6644,199973.2,92.99,15,5.93
1786079653711,1463,v1,0.0411,0.7882,0.205,1.539,0.2148,0.03059,0.1624,0.001742,0.637,0,22,81.99,0.375,1,0,15.986,15.986,0,30,5965,165578.9,84.53,15,6.77
1786079649109,1464,v1,0.0335,0.6841,0.4311,1.7708,0.1403,0.01703,0.0755,0.002541,0.693,1,21,80.59,0.872,1,0,13.0,13.0,1,30,6664,152979.8,100.0,13,9.74
1786079650303,1465,v1,0.0292,0.7281,0.1524,1.7399,0.1568,0.03066,0.0578,0.003299,0.584,0,31,38.29,0.865,1,0,12.789,12.789,1,30,6276,117114.2,100.0,7,11.9
1786079652398,1466,v1,0.0674,0.7603,0.3275,1.0604,0.4175,0.02149,0.1649,0.003332,0.684,1,18,58.76,0.937,1,1018,16.049,13.17,0,30,5956,237788.0,90.96,16,11.84
1786079654752,1467,v1,0.0346,0.4471,0.2787,1.9708,0.9844,0.0142,0.1005,0.002148,0.656,0,4,68.0,0.452,1,1824,3.0,2.733,0,30,6888,323174.2,48.27,19,8.86
1786079649922,1468,v1,0.0604,0.7839,0.2423,1.6906,0.963,0.00685,0.2122,0.001301,0.712,1,7,23.06,0.565,1,4331,6.0,1.646,1,30,6016,159294.7,100.0,13,23.6
1786079651934,1469,v1,0.0639,0.4465,0.3167,1.2589,0.2796,0.01128,0.0588,0.002207,0.656,1,28,50.74,0.311,1,856,18.77,15.886,0,30,5993,250565.9,88.57,16,8.09
1786079654266,1470,v1,0.0252,0.7104,0.2204,2.2363,0.2295,0.01584,0.1564,0.002799,0.707,0,10,27.71,0.675,1,2954,9.0,5.359,0,30,5810,334080.9,0.0,-1,10.21
1786079656473,1471,v1,0.0781,0.2631,0.4334,0.9391,0.7972,0.01243,0.1436,0.002481,0.581,1,8,90.02,0.452,1,3690,7.0,2.912,0,30,6426,293795.6,41.78,14,9.65
1786079650159,1472,v1,0.0528,0.4713,0.4619,1.19,0.3588,0.00332,0.0968,0.003049,0.661,0,6,71.75,0.331,1,1455,5.0,4.3,1,30,6323,148001.3,100.0,13,19.06
1786079651841,1473,v1,0.0216,0.9874,0.292,1.4034,0.6498,0.03058,0.1972,0.0027,0.616,0,33,43.63,0.724,1,0,17.241,17.241,0,30,5446,149581.3,87.0,14,10.36
1786079653302,1474,v1,0.0136,0.4132,0.3755,1.0535,0.6271,0.02293,0.0736,0.001209,0.629,0,33,90.03,0.566,1,0,19.357,19.357,0,30,6070,194839.8,88.15,16,4.56
1786079654850,1475,v1,0.0303,0.3314,0.1219,1.9405,0.476,0.02727,0.0912,0.001264,0.604,1,28,21.64,0.415,1,488,17.44,15.938,0,30,5842,184465.2,92.94,15,5.34
1786079651310,1476,v1,0.0763,0.3765,0.3068,1.5917,0.7319,0.0252,0.179,0.003663,0.656,1,36,82.41,0.53,1,0,18.341,18.341,0,30,6422,185189.8,84.93,15,13.86
1786079652700,1477,v1,0.0394,0.409,0.2557,1.8935,0.6184,0.03048,0.0549,0.001595,0.646,0,25,66.01,0.471,1,0,17.112,17.112,0,30,6024,187076.5,96.54,16,6.31
1786079654369,1478,v1,0.0751,0.2189,0.1402,1.7316,0.2239,0.03142,0.105,0.002368,0.588,1,13,96.15,0.71,1,1946,9.676,5.748,1,30,6103,119186.8,100.0,6,9.19
1786079655635,1479,v1,0.0199,0.926,0.3416,1.1823,0.142,0.02278,0.1562,0.002623,0.631,0,27,75.42,0.575,1,0,13.563,13.563,1,30,6280,135263.0,100.0,13,10.3
1786079653230,1480,v1,0.0284,0.8372,0.121,0.9535,0.1555,0.02865,0.1951,0.001429,0.707,1,14,63.78,0.516,1,3746,13.0,4.882,0,30,6121,340727.8,32.48,18,5.9
1786079654875,1481,v1,0.0346,0.8734,0.2313,1.9806,0.2363,0.02506,0.2057,0.00125,0.604,1,34,28.48,0.881,1,974,18.374,15.268,0,30,5976,183244.3,92.0,15,5.09
1786079657258,1482,v1,0.0346,0.5573,0.3635,1.0481,0.1301,0.01338,0.0844,0.00202,0.681,1,15,22.61,0.684,1,5805,14.0,0.115,0,30,6039,363299.8,0.81,-1,8.23
1786079658833,1483,v1,0.0526,0.4303,0.1958,2.3217,0.9752,0.00822,0.2423,0.001888,0.695,0,21,27.08,0.845,1,0,13.842,13.842,1,30,5837,139818.3,100.0,14,7.38
1786079656625,1484,v1,0.0658,0.6784,0.2983,0.9116,0.2984,0.01984,0.123,0.00246,0.705,0,20,38.97,0.42,1,0,17.002,17.002,0,30,7513,308093.4,95.67,16,9.09
1786079659233,1485,v1,0.0274,0.4693,0.3659,0.9057,0.3692,0.01088,0.2048,0.001448,0.69,1,31,51.98,0.69,1,678,5.15,2.889,0,30,7010,363893.8,23.4,19,6.32
1786079660461,1486,v1,0.0449,0.6963,0.1809,1.6551,0.299,0.02588,0.1056,0.003363,0.61,0,30,20.83,0.974,1,0,13.261,13.261,1,30,5939,120373.4,100.0,9,12.76
1786079661892,1487,v1,0.0574,0.6289,0.3594,1.5175,0.8759,0.02331,0.0544,0.00252,0.661,0,24,80.11,0.772,1,0,16.834,16.834,0,30,6517,199369.9,95.35,15,9.51
1786079657200,1488,v1,0.0289,0.5155,0.3455,2.0489,0.4782,0.00831,0.2237,0.002154,0.64,0,15,39.16,0.867,1,3004,14.0,7.908,0,30,6093,328087.6,32.3,19,8.26
1786079658968,1489,v1,0.0576,0.6423,0.4598,1.1639,0.9399,0.02508,0.2138,0.001936,0.701,0,4,74.41,0.586,1,0,3.0,3.0,0,30,6171,177478.8,84.52,16,7.37
1786079660450,1490,v1,0.0328,0.4319,0.423,2.0093,0.8095,0.00302,0.0656,0.001489,0.7,0,14,30.0,0.594,1,2796,13.0,7.956,1,30,6216,161911.4,100.0,14,49.23
1786079661746,1491,v1,0.0195,0.251,0.2595,1.3798,0.9325,0.01963,0.2369,0.001509,0.608,0,24,96.59,0.318,1,0,17.536,17.536,0,30,5810,186715.2,92.57,16,5.39
1786079656905,1492,v1,0.0219,0.4428,0.1147,1.7108,0.6766,0.01899,0.1238,0.003536,0.591,1,22,42.98,0.508,1,811,12.886,10.964,1,30,5860,132745.7,100.0,13,26.42
1786079658609,1493,v1,0.0458,0.8422,0.4677,2.2335,0.9716,0.01672,0.0623,0.003179,0.696,1,30,70.03,0.681,1,731,19.448,16.79,0,30,5838,200734.6,84.95,17,12.3
1786079660207,1494,v1,0.0712,0.8493,0.2874,2.1558,0.9686,0.02358,0.2007,0.003039,0.718,1,21,80.34,0.443,1,0,17.335,17.335,0,30,6685,211194.2,85.59,16,11.64
1786079662047,1495,v1,0.0182,0.7597,0.1907,1.9327,0.2221,0.03094,0.128,0.002151,0.668,1,25,75.36,0.912,1,0,17.419,17.419,0,30,7573,269549.4,81.3,18,8.25
1786079658180,1496,v1,0.0346,0.4328,0.3245,2.424,0.5635,0.00411,0.1042,0.002512,0.604,0,22,48.16,0.813,1,0,19.001,19.001,0,30,6792,256895.4,95.06,18,9.01
1786079659590,1497,v1,0.0693,0.9649,0.1311,2.0529,0.7649,0.00848,0.1651,0.003528,0.592,1,32,32.98,0.996,1,952,18.147,15.113,0,30,6305,199664.3,94.56,15,12.62
1786079661043,1498,v1,0.0456,0.5457,0.3932,1.4713,0.6953,0.01192,0.2241,0.003155,0.615,1,27,60.16,0.689,1,980,11.296,9.532,1,30,6685,116547.3,100.0,8,11.74
1786079662460,1499,v1,0.0795,0.9038,0.4729,1.7876,0.8928,0.02449,0.088,0.002257,0.628,1,12,44.48,0.562,1,3787,11.0,4.011,0,30,6098,306170.4,36.17,15,8.35
1786079668507,1500,v1,0.0472,0.9866,0.2706,0.8436,0.7697,0.01479,0.0831,0.001484,0.696,1,21,89.0,0.585,1,0,12.868,12.868,1,30,6604,148221.5,100.0,13,5.63
1786079670144,1501,v1,0.0717,0.9398,0.4896,1.537,0.448,0.01838,0.0804,0.002678,0.611,1,20,83.65,0.579,1,0,15.463,15.463,0,30,6923,195080.3,98.51,15,10.54
1786079672299,1502,v1,0.0415,0.4539,0.4331,1.9237,0.2457,0.0205,0.2356,0.00151,0.685,0,8,80.47,1.0,1,0,7.0,7.0,0,30,6250,263341.2,88.47,17,5.55
1786079673885,1503,v1,0.0685,0.7531,0.1179,1.7226,0.6335,0.02142,0.1503,0.002018,0.669,1,24,69.94,0.478,1,0,17.335,17.335,0,30,6089,184319.7,87.07,16,8.01
1786079669112,1504,v1,0.0645,0.2283,0.4855,1.4926,0.8405,0.01407,0.229,0.003152,0.685,1,19,78.62,0.497,1,0,16.618,16.618,0,30,6026,178995.5,90.3,16,12.2
1786079671654,1505,v1,0.0651,0.8591,0.2188,0.8775,0.8599,0.01405,0.2208,0.00347,0.637,1,9,87.89,0.623,1,5326,8.0,1.299,0,30,6526,367280.1,16.28,-1,13.21
1786079673212,1506,v1,0.0277,0.5012,0.2668,1.6656,0.1735,0.01093,0.2486,0.003078,0.676,1,10,47.48,0.672,1,5280,9.0,0.52,1,30,5742,158053.6,100.0,25,94.74
1786079674526,1507,v1,0.0783,0.3429,0.3142,2.2351,0.3778,0.03049,0.1887,0.003538,0.703,1,36,96.61,0.659,1,0,14.701,14.701,1,30,5964,135395.1,100.0,13,13.51
1786079669428,1508,v1,0.0267,0.4527,0.1971,1.6768,0.9471,0.02336,0.0763,0.002412,0.653,0,29,31.24,0.573,1,0,14.192,14.192,1,30,5855,133839.4,100.0,13,8.85
1786079670819,1509,v1,0.0183,0.7966,0.1423,2.2423,0.6244,0.01537,0.2007,0.002773,0.609,0,33,89.64,0.871,1,0,14.377,14.377,1,30,5761,130145.0,100.0,13,10.57
1786079673263,1510,v1,0.0287,0.9824,0.2268,1.2827,0.1816,0.02337,0.1019,0.002074,0.636,1,15,86.78,0.938,1,5712,14.0,0.0,0,30,5895,348051.2,0.0,-1,8.43
1786079674474,1511,v1,0.0432,0.665,0.2277,2.0473,0.5674,0.01595,0.2216,0.00369,0.699,0,25,33.53,0.848,1,0,13.52,13.52,1,30,5664,130277.6,100.0,13,14.41
1786079670597,1512,v1,0.0447,0.4298,0.4464,2.2179,0.7182,0.00555,0.1091,0.003153,0.675,0,29,30.18,0.673,1,1182,17.914,14.126,0,30,6349,293278.2,79.76,18,11.45
1786079673120,1513,v1,0.0674,0.6418,0.4361,2.1426,0.6414,0.00868,0.1715,0.003694,0.635,1,10,62.89,0.591,1,4692,9.0,2.095,0,30,6323,345511.4,21.51,17,14.17
1786079674399,1514,v1,0.0208,0.2021,0.4163,1.8441,0.4214,0.02028,0.1712,0.002185,0.705,0,18,54.28,0.404,1,0,14.805,14.805,1,30,5928,145274.7,100.0,15,8.08
1786079675909,1515,v1,0.0308,0.8813,0.1004,1.017,0.84,0.00971,0.2289,0.003088,0.705,0,26,90.29,0.36,1,0,13.699,13.699,1,30,7224,159991.1,100.0,13,11.32
1786079671240,1516,v1,0.0599,0.7772,0.2131,2.1208,0.1481,0.01929,0.1101,0.003389,0.605,1,21,38.76,0.881,1,928,15.978,13.331,0,30,5937,229020.2,85.91,15,12.21
1786079672465,1517,v1,0.0474,0.691,0.2833,2.3671,0.7854,0.02448,0.1189,0.003383,0.599,0,12,55.45,0.732,1,2827,10.876,6.532,1,30,6078,146673.4,100.0,13,54.95
1786079673963,1518,v1,0.038,0.3285,0.1149,1.8341,0.8945,0.00804,0.2229,0.001982,0.681,1,16,23.71,0.356,1,0,14.0,14.0,1,30,6324,156123.6,100.0,14,7.57
1786079676543,1519,v1,0.051,0.2733,0.2423,2.0806,0.8663,0.0076,0.1117,0.001392,0.669,1,12,76.76,0.605,1,4347,11.0,2.957,0,30,6031,328432.3,21.11,19,5.42
1786079671849,1520,v1,0.041,0.9049,0.1716,1.2329,0.6384,0.00363,0.1275,0.001517,0.68,1,21,27.54,0.996,1,281,4.782,3.793,0,30,5557,322193.4,25.16,19,5.52
1786079673404,1521,v1,0.0173,0.7116,0.1748,1.2255,0.1899,0.01977,0.0948,0.001507,0.677,0,21,87.62,0.806,1,0,13.0,13.0,1,30,5677,131379.8,100.0,13,5.51
1786079674800,1522,v1,0.0655,0.3386,0.4242,0.8584,0.2782,0.01847,0.0817,0.003088,0.694,0,10,57.66,0.772,1,2331,8.997,6.303,1,30,6225,146097.5,100.0,13,12.32
1786079676442,1523,v1,0.0784,0.8851,0.3986,2.0679,0.1409,0.00879,0.2069,0.00232,0.608,0,18,52.61,0.91,1,0,12.86,12.86,1,30,6729,154106.0,100.0,13,9.02
1786079671786,1524,v1,0.0281,0.3663,0.2226,2.1915,0.6231,0.00322,0.2455,0.002374,0.636,0,28,55.65,0.371,1,0,15.005,15.005,1,30,6294,146879.8,100.0,14,9.91
1786079673463,1525,v1,0.0572,0.5498,0.4433,2.4763,0.1931,0.02459,0.0776,0.002324,0.586,0,19,60.83,0.927,1,0,14.834,14.834,0,30,5988,158262.1,86.79,14,8.43
1786079675444,1526,v1,0.057,0.893,0.2647,2.2786,0.4489,0.03194,0.2354,0.002672,0.641,1,25,51.55,0.334,1,442,16.554,15.515,0,30,7459,216970.3,84.81,15,9.93
1786079677878,1527,v1,0.0126,0.3086,0.3066,1.693,0.7697,0.00488,0.1896,0.001771,0.703,1,14,50.93,0.873,1,6053,13.0,0.0,0,30,6189,374388.2,0.0,-1,6.79
1786079677468,1528,v1,0.0291,0.841,0.2319,2.4828,0.6098,0.00563,0.1046,0.003458,0.684,0,11,38.03,0.592,1,2408,10.0,7.003,0,30,6658,367294.6,0.0,-1,12.68
1786079679078,1529,v1,0.0171,0.5852,0.3637,0.9534,0.3685,0.02755,0.234,0.002042,0.605,1,33,87.71,0.53,1,0,14.324,14.324,1,30,5849,127707.0,100.0,13,7.56
1786079680937,1530,v1,0.0245,0.6026,0.3318,1.7602,0.9184,0.02074,0.1035,0.002971,0.645,0,30,53.71,0.666,1,0,19.702,19.702,0,30,6699,225470.8,86.18,17,10.93
1786079683294,1531,v1,0.0347,0.8741,0.2096,2.4218,0.5775,0.01852,0.1506,0.002231,0.687,0,5,22.19,0.319,1,1244,4.0,3.627,0,30,6729,333821.9,55.91,19,8.56
1786079677065,1532,v1,0.0382,0.527,0.196,0.9363,0.1385,0.01566,0.1255,0.002591,0.601,0,20,99.83,0.577,1,0,15.968,15.968,0,30,6277,203878.2,90.48,15,9.03
1786079678562,1533,v1,0.0225,0.7188,0.1826,0.9792,0.8879,0.02544,0.2281,0.002146,0.61,1,15,40.58,0.922,1,0,11.27,11.27,1,30,6677,116375.6,100.0,9,8.61
1786079681448,1534,v1,0.018,0.2312,0.262,1.1213,0.3949,0.01154,0.0782,0.00326,0.697,1,20,69.19,0.51,1,3791,19.0,7.948,0,30,6927,396134.8,0.0,-1,11.82
1786079683444,1535,v1,0.0214,0.7229,0.4629,1.0957,0.3383,0.01621,0.2224,0.002281,0.667,0,12,76.39,0.596,1,0,11.0,11.0,0,30,6212,270980.4,54.44,18,8.63
1786079677520,1536,v1,0.0684,0.7398,0.2545,2.0034,0.3244,0.03146,0.0757,0.002679,0.678,1,14,47.14,0.393,1,0,12.562,12.562,1,30,7172,146287.6,100.0,13,9.68
1786079679556,1537,v1,0.0272,0.2234,0.4801,1.007,0.1249,0.01244,0.2161,0.002272,0.637,1,21,29.62,0.442,1,633,17.731,15.858,0,30,6152,289669.9,92.28,17,8.57
1786079681366,1538,v1,0.0412,0.3272,0.4381,1.8234,0.5351,0.03149,0.1548,0.003223,0.611,0,17,87.87,0.961,1,0,14.442,14.442,0,30,6375,167121.1,86.21,14,12.25
1786079683100,1539,v1,0.054,0.9201,0.1341,1.5079,0.4565,0.02767,0.1938,0.00134,0.71,0,15,98.43,0.415,1,0,13.0,13.0,1,30,7188,162093.3,100.0,13,4.74
1786079678338,1540,v1,0.054,0.3577,0.1968,1.7373,0.4562,0.01238,0.0627,0.003527,0.717,0,13,51.09,0.308,1,1416,12.0,9.742,1,30,6527,159263.1,100.0,14,20.19
1786079680222,1541,v1,0.0682,0.3961,0.477,2.167,0.7959,0.02021,0.1107,0.002098,0.677,0,25,55.82,0.598,1,0,17.38,17.38,0,30,6402,196430.7,84.41,16,7.65
1786079681897,1542,v1,0.0162,0.7985,0.318,1.5033,0.917,0.01819,0.0862,0.001711,0.588,0,36,93.51,0.864,1,0,18.936,18.936,0,30,6594,195084.7,84.12,15,6.82
1786079683506,1543,v1,0.0424,0.5182,0.1612,1.0827,0.2248,0.02963,0.1977,0.001303,0.616,1,21,85.65,0.599,1,0,15.294,15.294,0,30,5779,158519.0,90.29,14,5.19
1786079679061,1544,v1,0.0496,0.9309,0.1056,0.9478,0.6302,0.02443,0.1626,0.002479,0.631,1,27,74.33,0.747,1,0,17.027,17.027,0,30,6754,192950.7,87.52,15,9.25
1786079680531,1545,v1,0.0577,0.3106,0.1987,2.3941,0.1454,0.00762,0.0542,0.001268,0.619,0,22,29.67,0.507,1,0,13.007,13.007,1,30,5957,136941.5,100.0,13,5.17
1786079682198,1546,v1,0.0186,0.3943,0.489,2.3528,0.7147,0.02401,0.191,0.002319,0.657,1,33,82.11,0.387,1,0,15.682,15.682,0,30,6045,247489.9,68.47,18,8.7
1786079683556,1547,v1,0.0549,0.3256,0.2623,0.9443,0.5891,0.00765,0.0504,0.001973,0.606,0,25,46.71,0.806,1,0,12.607,12.607,1,30,5901,125219.8,100.0,10,7.51
1786079679326,1548,v1,0.0398,0.4789,0.2741,1.683,0.2227,0.01279,0.0881,0.00184,0.59,1,34,34.17,0.589,1,983,12.562,10.395,1,30,6148,119453.2,100.0,7,7.71
1786079681069,1549,v1,0.0525,0.2532,0.2337,1.407,0.2465,0.02958,0.1315,0.002413,0.656,0,19,83.28,0.588,1,0,15.764,15.764,0,30,6074,178132.8,89.52,15,8.58
1786079682114,1550,v1,0.0241,0.7136,0.125,1.5953,0.1826,0.0157,0.1091,0.001738,0.594,1,25,66.3,0.399,1,0,13.524,13.524,1,30,5294,122029.4,100.0,13,6.4
1786079683644,1551,v1,0.0334,0.8408,0.1598,1.565,0.4384,0.01168,0.146,0.002777,0.663,0,15,28.56,0.961,1,0,13.0,13.0,1,30,6275,146691.8,100.0,13,10.84
1786079680346,1552,v1,0.0139,0.2909,0.3775,1.8323,0.4448,0.00749,0.1085,0.003649,0.651,0,36,80.53,0.927,1,0,16.659,16.659,1,30,6436,157970.3,100.0,15,13.64
1786079683143,1553,v1,0.0585,0.2108,0.1879,2.1052,0.1472,0.00979,0.1594,0.002736,0.597,1,11,26.9,0.694,1,5587,10.0,1.573,0,30,6805,357881.9,14.95,-1,10.45
1786079685173,1554,v1,0.0466,0.4159,0.3041,1.121,0.52,0.0058,0.1405,0.001879,0.659,1,34,69.58,0.774,1,0,22.464,22.464,0,30,7230,298341.4,90.89,17,7.18
1786079686653,1555,v1,0.0456,0.3622,0.3106,2.4091,0.7146,0.0134,0.1435,0.002887,0.682,0,26,80.3,0.651,1,0,14.093,14.093,1,30,6698,149393.9,100.0,13,10.42
1786079685053,1556,v1,0.0764,0.6174,0.2727,2.3733,0.5364,0.01362,0.2493,0.003583,0.638,0,36,35.44,0.353,1,0,19.006,19.006,0,30,5300,169998.4,99.28,16,13.15
1786079687287,1557,v1,0.0292,0.2759,0.3308,1.7628,0.5919,0.01526,0.099,0.003484,0.691,0,22,91.39,0.392,1,0,8.581,8.581,0,30,5719,271570.9,43.03,19,13.85
1786079689134,1558,v1,0.0662,0.2721,0.3372,2.3342,0.9798,0.02357,0.1341,0.003401,0.587,0,27,49.42,0.578,1,0,16.321,16.321,0,30,7263,190375.1,90.39,14,13.14
1786079690500,1559,v1,0.0611,0.6771,0.3631,1.1131,0.7689,0.011,0.2136,0.003055,0.619,0,17,99.93,0.452,1,0,13.0,13.0,1,30,6481,142713.4,100.0,13,11.63
1786079686349,1560,v1,0.0679,0.8287,0.3798,1.7132,0.2703,0.01557,0.1176,0.002653,0.648,1,18,58.44,0.821,1,1131,15.832,13.042,0,30,6662,279207.8,90.27,15,10.06
1786079689288,1561,v1,0.0243,0.3188,0.2235,1.6098,0.5009,0.00618,0.1,0.002997,0.716,1,6,59.18,0.638,1,5635,5.0,0.708,0,30,6660,398206.9,0.0,-1,10.74
1786079691823,1562,v1,0.0387,0.6165,0.4247,1.452,0.4237,0.02366,0.0744,0.003544,0.656,1,14,91.5,0.703,1,6167,13.0,0.565,0,30,6739,372297.8,3.59,-1,13.22
1786079693659,1563,v1,0.0389,0.5641,0.3492,1.3894,0.4856,0.02991,0.1371,0.002489,0.619,1,24,33.84,0.929,1,1086,11.119,9.182,1,30,6516,110753.4,100.0,7,9.64
1786079686177,1564,v1,0.0776,0.5308,0.3223,1.1469,0.5246,0.01633,0.0524,0.003171,0.661,0,12,47.03,0.993,1,2176,8.927,5.921,1,30,6741,121346.5,100.0,6,11.76
1786079687801,1565,v1,0.05,0.7428,0.2395,2.3834,0.2334,0.02866,0.2226,0.003046,0.718,1,15,87.66,0.85,1,0,13.0,13.0,1,30,6419,145693.2,100.0,13,11.15
1786079689837,1566,v1,0.0264,0.83,0.2964,1.1625,0.8177,0.02703,0.1191,0.002166,0.698,0,5,65.17,0.514,1,2387,4.0,3.205,0,30,6060,282303.2,46.42,18,8.58
1786079691762,1567,v1,0.0344,0.3156,0.2352,2.4441,0.7212,0.02919,0.2315,0.003063,0.608,0,16,62.51,0.586,1,790,14.911,13.235,0,30,6389,205429.5,75.61,15,11.38
1786079687253,1568,v1,0.046,0.3062,0.2068,2.2264,0.5824,0.01922,0.1237,0.002183,0.68,0,9,96.31,0.594,1,0,8.0,8.0,1,30,7418,168552.6,100.0,14,8.52
1786079689339,1569,v1,0.067,0.9681,0.1698,1.2731,0.313,0.01434,0.1631,0.003309,0.711,0,15,48.27,0.735,1,2395,14.0,9.031,0,30,6027,309295.0,54.44,17,12.63
1786079691464,1570,v1,0.0203,0.2315,0.4091,1.2039,0.4304,0.0141,0.1202,0.001888,0.646,0,4,72.42,0.538,1,0,3.0,3.0,0,30,6792,278121.6,77.18,18,7.13
1786079693327,1571,v1,0.0476,0.566,0.4183,1.756,0.7509,0.02302,0.1903,0.003449,0.612,0,24,71.13,0.598,1,0,16.134,16.134,0,30,6541,172947.6,98.67,15,12.72
1786079687366,1572,v1,0.0183,0.4825,0.2946,1.4985,0.2256,0.00443,0.1727,0.00192,0.622,1,27,58.98,0.97,1,903,13.859,11.583,1,30,5732,134126.9,100.0,13,14.79
1786079688695,1573,v1,0.0656,0.9872,0.1908,1.1747,0.8998,0.0096,0.2376,0.002199,0.59,1,33,76.68,0.475,1,0,10.184,10.184,1,30,6710,90544.3,100.0,4,8.76
1786079689886,1574,v1,0.0265,0.6904,0.3126,2.46,0.245,0.01094,0.2021,0.002453,0.622,1,36,69.03,0.797,1,872,14.708,12.228,1,30,5574,130203.6,100.0,13,9.02
1786079691572,1575,v1,0.0117,0.3049,0.3014,2.0456,0.1971,0.02863,0.11,0.002783,0.587,0,8,25.09,0.387,1,1369,7.0,5.877,1,30,6218,143580.1,100.0,13,30.43
1786079688064,1576,v1,0.0793,0.6649,0.2357,2.1963,0.651,0.02666,0.0657,0.002731,0.653,0,15,89.91,0.399,1,0,12.192,12.192,1,30,6659,134871.2,100.0,10,10.3
1786079689385,1577,v1,0.034,0.7828,0.4308,1.2474,0.5456,0.02693,0.0665,0.00343,0.61,0,17,60.68,0.357,1,0,8.153,8.153,1,30,6045,71154.3,100.0,5,13.02
1786079691074,1578,v1,0.0165,0.9873,0.1542,1.0448,0.899,0.00772,0.1753,0.002232,0.588,0,9,20.98,0.655,1,2447,8.0,5.514,1,30,6027,150263.2,100.0,13,46.79
1786079693678,1579,v1,0.0102,0.4898,0.2765,1.938,0.3699,0.0276,0.1386,0.002392,0.662,1,9,26.98,0.949,1,6291,8.0,0.0,0,30,6432,386204.2,0.0,-1,9.41
1786079689064,1580,v1,0.077,0.8059,0.3526,1.1273,0.7059,0.02253,0.1595,0.002051,0.67,1,20,51.65,0.878,1,977,15.692,12.968,0,30,5782,203127.0,84.11,15,7.16
1786079690498,1581,v1,0.0702,0.3007,0.3497,1.8512,0.7174,0.02679,0.2402,0.002795,0.614,1,28,64.59,0.738,1,0,12.994,12.994,1,30,6804,140489.5,100.0,11,10.35
1786079692013,1582,v1,0.0719,0.3597,0.3932,1.9353,0.7234,0.00311,0.1278,0.001735,0.701,0,23,58.71,0.799,1,0,13.66,13.66,1,30,6196,140593.8,100.0,13,7.52
1786079694526,1583,v1,0.0482,0.2614,0.3727,1.5727,0.9736,0.00422,0.2067,0.001252,0.678,1,8,66.91,0.635,1,5151,7.0,0.678,0,30,5763,344120.5,8.54,-1,4.86
1786079693795,1584,v1,0.0322,0.4456,0.4518,1.0674,0.228,0.00678,0.0732,0.001265,0.706,0,22,21.9,0.583,1,0,0.0,0.0,0,30,6417,397366.8,0.0,-1,4.92
1786079695757,1585,v1,0.0562,0.8799,0.3942,1.0988,0.7456,0.01856,0.0553,0.003302,0.611,1,24,83.61,0.393,1,0,16.124,16.124,0,30,7181,190212.6,98.28,15,12.98
1786079696979,1586,v1,0.0377,0.6656,0.1382,1.8631,0.2796,0.01985,0.1782,0.003458,0.689,1,22,32.07,0.318,1,437,13.0,12.053,1,30,6436,145688.9,100.0,13,19.48
1786079698169,1587,v1,0.0657,0.8574,0.2031,2.2144,0.8422,0.00597,0.1606,0.002514,0.679,0,35,77.41,0.494,1,0,14.552,14.552,1,30,6634,141974.8,100.0,13,9.51
1786079694312,1588,v1,0.0226,0.4244,0.3789,1.5215,0.9679,0.02904,0.1381,0.001677,0.6,1,22,58.51,0.468,1,742,15.238,13.623,0,30,7164,208088.3,85.69,14,5.95
1786079695751,1589,v1,0.0116,0.3465,0.3345,1.7061,0.8992,0.01424,0.1609,0.003315,0.698,0,9,81.31,0.908,1,0,8.0,8.0,1,30,5900,148819.0,100.0,16,12.58
1786079697130,1590,v1,0.064,0.5208,0.3381,1.2787,0.8789,0.02406,0.1651,0.002626,0.626,0,35,30.18,0.596,1,0,12.087,12.087,1,30,6587,109734.8,100.0,7,10.08
1786079698020,1591,v1,0.0768,0.3142,0.4911,2.259,0.7723,0.02633,0.0513,0.001488,0.586,0,5,86.0,0.801,1,0,3.825,3.825,1,30,6079,55325.3,100.0,4,6.15
1786079694347,1592,v1,0.0329,0.9044,0.4814,1.0216,0.7384,0.00821,0.1401,0.001398,0.71,1,18,78.21,0.707,1,0,13.0,13.0,1,30,6807,154901.3,100.0,13,5.16
1786079695982,1593,v1,0.0313,0.4111,0.3102,1.9848,0.547,0.00406,0.1116,0.001741,0.65,0,18,51.06,0.562,1,0,13.663,13.663,1,30,6835,151124.0,100.0,13,7.23
1786079698068,1594,v1,0.059,0.8778,0.132,1.2313,0.6912,0.02973,0.0507,0.002801,0.667,1,5,75.39,0.752,1,6213,4.0,0.0,0,30,6291,371219.6,0.0,-1,11.43
1786079698874,1595,v1,0.0358,0.8402,0.4589,2.4579,0.1178,0.00478,0.2101,0.001235,0.674,0,23,86.22,0.637,1,0,13.196,13.196,1,30,6126,138857.2,100.0,13,4.47
1786079695334,1596,v1,0.0278,0.5861,0.1457,2.1004,0.6546,0.02605,0.0629,0.002235,0.606,1,29,42.63,0.982,1,893,14.139,11.831,1,30,5728,124952.9,100.0,13,10.96
1786079696939,1597,v1,0.0263,0.7977,0.1584,1.9284,0.6672,0.03016,0.1254,0.002645,0.609,0,12,64.12,0.331,1,1525,11.0,8.867,0,30,6629,238110.1,69.51,15,10.27
1786079698208,1598,v1,0.0423,0.7182,0.4884,1.6627,0.272,0.00894,0.2225,0.00321,0.584,0,12,49.27,0.647,1,2981,10.813,6.528,1,30,6499,158917.5,100.0,13,32.57
1786079698959,1599,v1,0.0247,0.3816,0.3561,1.8368,0.3747,0.01269,0.0876,0.002018,0.624,1,33,50.97,0.417,1,0,14.347,14.347,1,30,5947,129705.9,100.0,13,7.55
1786079705501,1600,v1,0.0476,0.3564,0.4866,1.3561,0.9532,0.022,0.2386,0.00249,0.588,0,4,40.9,0.496,1,2202,3.0,2.664,0,30,6601,240684.2,66.0,14,9.32
1786079707500,1601,v1,0.0383,0.7103,0.3164,1.1282,0.9894,0.02535,0.0879,0.002825,0.627,0,20,23.74,0.793,1,638,15.593,14.296,0,30,6950,212481.0,93.6,15,10.07
1786079708986,1602,v1,0.0766,0.7846,0.1302,1.9654,0.1723,0.03086,0.2217,0.003605,0.636,0,17,58.15,0.795,1,0,11.799,11.799,1,30,6634,133440.9,100.0,7,13.45
1786079710439,1603,v1,0.071,0.6107,0.2141,0.9355,0.3144,0.01968,0.0668,0.002299,0.686,0,9,72.42,0.63,1,2578,8.0,5.24,1,30,5715,137690.0,100.0,13,8.87
1786079706108,1604,v1,0.0631,0.5927,0.2607,1.1309,0.4514,0.00348,0.1178,0.003015,0.635,0,11,24.07,0.793,1,3207,10.0,5.861,0,30,6398,312185.2,43.48,16,11.8
1786079707949,1605,v1,0.0555,0.8977,0.3716,1.3423,0.5336,0.01631,0.1765,0.003369,0.689,0,12,33.59,0.701,1,2392,11.0,7.44,1,30,6280,151838.4,100.0,13,14.14
1786079709365,1606,v1,0.0756,0.8985,0.33,1.4049,0.6723,0.01233,0.2162,0.001714,0.649,1,11,24.46,0.315,1,1927,9.587,6.071,1,30,5519,121673.7,100.0,9,7.36
1786079711055,1607,v1,0.075,0.4201,0.4758,1.5987,0.9981,0.0083,0.1075,0.002229,0.697,0,34,32.95,0.909,1,0,19.514,19.514,0,30,5925,191856.2,89.34,17,8.59
1786079706966,1608,v1,0.0706,0.6881,0.4217,1.8789,0.3244,0.02362,0.133,0.002105,0.626,1,9,82.3,0.398,1,3592,8.0,3.254,0,30,6166,266769.6,39.5,15,7.98
1786079708786,1609,v1,0.0692,0.7005,0.3896,2.2911,0.5352,0.0043,0.1472,0.001316,0.611,1,27,37.81,0.455,1,591,17.692,15.801,0,30,5687,217031.4,84.83,16,4.89
1786079710218,1610,v1,0.0188,0.6892,0.4588,0.8078,0.4003,0.02267,0.1928,0.001705,0.679,1,27,75.53,0.553,1,0,13.861,13.861,1,30,6002,135874.3,100.0,13,6.48
1786079711909,1611,v1,0.0666,0.8955,0.2209,2.0625,0.8323,0.02443,0.2472,0.00215,0.719,1,30,82.87,0.79,1,0,19.105,19.105,0,30,5987,192298.9,86.17,17,8.75
1786079706397,1612,v1,0.0576,0.6755,0.4685,2.0925,0.4167,0.00663,0.1369,0.001757,0.659,0,18,21.77,0.69,1,0,13.0,13.0,1,30,5942,133253.9,100.0,13,6.71
1786079708582,1613,v1,0.041,0.8974,0.4138,1.1484,0.8826,0.01126,0.2295,0.003494,0.596,1,20,58.96,0.621,1,841,15.976,13.857,0,30,6720,217718.0,90.35,15,12.9
1786079709817,1614,v1,0.0327,0.4959,0.4371,1.1707,0.3112,0.02424,0.139,0.002863,0.582,0,36,62.69,0.628,1,0,9.549,9.549,1,30,5857,68999.9,100.0,4,10.6
1786079711329,1615,v1,0.0486,0.5191,0.1847,1.8488,0.2909,0.01942,0.0566,0.002689,0.637,1,31,63.1,0.711,1,0,14.368,14.368,1,30,6203,139768.9,100.0,13,10.25
1786079707141,1616,v1,0.0559,0.7948,0.2639,1.7341,0.2703,0.01911,0.0526,0.002016,0.616,0,20,92.36,0.647,1,0,12.012,12.012,1,30,5750,117697.9,100.0,8,7.83
1786079708952,1617,v1,0.0596,0.2813,0.1803,1.0555,0.1728,0.01261,0.0837,0.002385,0.613,0,21,89.13,0.58,1,0,16.099,16.099,0,30,6227,224761.3,89.79,15,9.11
1786079710464,1618,v1,0.0328,0.5585,0.2043,1.7343,0.2347,0.0163,0.0885,0.001536,0.66,0,35,80.98,0.591,1,0,14.544,14.544,1,30,6488,149052.8,100.0,13,5.87
1786079713017,1619,v1,0.0136,0.6971,0.2403,1.42,0.2127,0.02411,0.1262,0.003081,0.647,0,5,64.73,0.821,1,3203,4.0,3.0,0,30,6485,338064.8,27.81,19,11.66
1786079708000,1620,v1,0.0305,0.4994,0.4927,2.3237,0.6593,0.01322,0.0876,0.001224,0.684,0,8,28.35,0.91,1,2777,7.0,4.611,1,30,5848,148438.7,100.0,14,50.14
1786079709359,1621,v1,0.0331,0.8441,0.2652,2.294,0.2168,0.01874,0.151,0.002912,0.623,0,15,87.91,0.65,1,0,13.0,13.0,1,30,5600,123491.8,100.0,13,10.48
1786079710746,1622,v1,0.034,0.5677,0.2922,1.7434,0.8045,0.0073,0.233,0.001502,0.659,0,10,69.73,0.337,1,1269,9.0,7.445,1,30,5792,143571.1,100.0,13,26.66
1786079712211,1623,v1,0.0662,0.9014,0.4027,1.1723,0.2954,0.02376,0.0933,0.00146,0.652,1,8,38.48,0.432,1,1681,5.93,4.236,1,30,6631,113688.7,100.0,5,5.63
1786079709630,1624,v1,0.0662,0.7736,0.451,1.3305,0.787,0.00884,0.0654,0.00328,0.663,0,4,68.21,0.839,1,3945,3.0,2.419,0,30,6859,358404.3,37.19,16,12.68
1786079711238,1625,v1,0.0123,0.7402,0.3025,1.8291,0.7648,0.00764,0.2084,0.003659,0.632,0,14,55.42,0.365,1,0,13.0,13.0,1,30,6628,149424.2,100.0,13,13.68
1786079713168,1626,v1,0.031,0.863,0.4824,0.9707,0.6502,0.01217,0.2148,0.002032,0.619,0,24,74.55,0.36,1,0,17.207,17.207,0,30,6439,198647.2,85.94,16,7.69
1786079714386,1627,v1,0.0105,0.9701,0.4249,0.8836,0.8961,0.01129,0.1531,0.001671,0.629,0,22,22.32,0.364,1,213,13.0,12.582,1,30,5791,130818.0,100.0,13,9.88
1786079713205,1628,v1,0.0607,0.5003,0.4765,2.3189,0.4634,0.02165,0.2065,0.001397,0.673,1,17,79.74,0.456,1,985,16.0,13.518,0,30,6468,250417.5,70.93,16,4.68
1786079714646,1629,v1,0.0197,0.754,0.2339,1.7926,0.1591,0.00681,0.113,0.001708,0.69,1,9,58.47,0.4,1,3102,8.0,3.844,1,30,6050,150952.8,100.0,14,55.31
1786079715899,1630,v1,0.0458,0.4095,0.2181,1.0722,0.9067,0.02751,0.2477,0.001662,0.585,0,13,20.98,0.732,1,487,7.108,6.683,1,30,5863,66622.1,100.0,6,6.84
1786079717510,1631,v1,0.0381,0.898,0.3383,1.7438,0.8445,0.00574,0.2186,0.001855,0.686,0,36,40.7,0.895,1,0,14.719,14.719,1,30,6097,135040.0,100.0,13,7.04
1786079713131,1632,v1,0.0762,0.6026,0.3071,2.0575,0.9811,0.02898,0.0728,0.002845,0.683,1,30,91.03,0.751,1,0,14.347,14.347,1,30,5635,126449.7,100.0,13,11.3
1786079714901,1633,v1,0.0183,0.2856,0.4042,2.4268,0.8476,0.02189,0.061,0.001516,0.596,0,27,21.15,0.605,1,489,17.737,16.489,0,30,6380,213988.7,86.36,16,5.86
1786079716889,1634,v1,0.0673,0.2638,0.3745,2.2424,0.5577,0.01696,0.0869,0.003696,0.584,0,7,27.61,0.638,1,2226,6.0,4.53,0,30,6195,230427.4,60.97,15,13.69
1786079718316,1635,v1,0.0457,0.8696,0.1583,2.4167,0.8576,0.02839,0.1733,0.002549,0.614,0,36,49.63,0.709,1,0,18.442,18.442,0,30,5280,146639.4,85.17,15,9.66
1786079714039,1636,v1,0.069,0.418,0.1861,0.9284,0.636,0.01694,0.18,0.002058,0.691,0,30,34.28,0.347,1,0,14.375,14.375,1,30,6636,145549.3,100.0,13,9.07
1786079717237,1637,v1,0.024,0.9225,0.4466,2.1495,0.774,0.01428,0.2453,0.001422,0.711,1,15,53.14,0.885,1,6724,14.0,0.0,0,30,6858,404096.8,0.0,-1,5.23
1786079718777,1638,v1,0.0519,0.4111,0.1262,1.352,0.4713,0.02587,0.2415,0.003191,0.597,0,18,34.67,0.818,1,0,14.769,14.769,0,30,6108,164088.5,89.49,14,12.13
1786079720186,1639,v1,0.054,0.7408,0.2455,1.7473,0.956,0.01765,0.1639,0.002029,0.656,1,35,93.98,0.831,1,0,19.13,19.13,0,30,5507,168315.9,87.36,16,7.94
1786079715383,1640,v1,0.0313,0.5834,0.1513,1.379,0.8438,0.00951,0.2025,0.002824,0.684,0,32,72.47,0.836,1,0,0.0,0.0,0,30,5484,314805.6,0.0,-1,10.96
1786079716776,1641,v1,0.0269,0.2152,0.1049,1.3775,0.491,0.00752,0.1671,0.003746,0.668,1,11,25.23,0.629,1,4544,10.0,2.319,1,30,6153,163097.7,100.0,15,80.4
1786079718213,1642,v1,0.0324,0.433,0.2043,0.9332,0.8255,0.02564,0.0828,0.001769,0.696,1,36,79.79,0.855,1,0,14.757,14.757,1,30,5909,133815.4,100.0,13,6.99
1786079719825,1643,v1,0.0119,0.4988,0.1416,1.4301,0.2265,0.01201,0.2426,0.003031,0.619,1,14,77.07,0.908,1,0,13.0,13.0,1,30,6452,140615.2,100.0,13,11.98
1786079715493,1644,v1,0.0426,0.6833,0.1604,1.75,0.2254,0.01359,0.2328,0.00344,0.596,0,21,71.87,0.323,1,0,13.0,13.0,1,30,6675,151837.1,100.0,13,13.06
1786079716795,1645,v1,0.03,0.9015,0.2718,0.934,0.641,0.02637,0.2357,0.001983,0.676,1,24,57.72,0.781,1,0,13.354,13.354,1,30,6203,141193.3,100.0,13,7.82
1786079718748,1646,v1,0.0512,0.6682,0.297,2.0553,0.7777,0.02325,0.1137,0.002065,0.596,0,35,58.16,0.773,1,0,17.853,17.853,0,30,7007,187827.4,94.91,14,7.91
1786079720400,1647,v1,0.0712,0.7436,0.2289,0.87,0.5214,0.02779,0.0629,0.002931,0.691,1,23,28.15,0.971,1,972,13.014,10.937,1,30,6367,144151.3,100.0,13,10.52
1786079715719,1648,v1,0.0596,0.3476,0.4881,1.1156,0.2867,0.02721,0.058,0.001988,0.621,0,26,37.92,0.364,1,0,15.799,15.799,0,30,5458,143394.7,86.42,14,7.88
1786079717227,1649,v1,0.0284,0.5712,0.1898,1.2741,0.7579,0.00996,0.1575,0.002139,0.665,1,31,48.96,0.785,1,0,14.362,14.362,1,30,5642,127608.2,100.0,13,7.98
1786079719864,1650,v1,0.0445,0.3942,0.3294,1.2681,0.3646,0.01715,0.1146,0.001231,0.674,1,5,23.08,0.604,1,5465,4.0,0.521,0,30,6310,372001.8,10.79,-1,4.85
1786079721789,1651,v1,0.0231,0.228,0.3749,1.7009,0.3614,0.01196,0.0624,0.003447,0.612,0,24,23.96,0.45,1,284,18.789,18.016,0,30,6625,223838.9,87.11,18,12.88
1786079716668,1652,v1,0.0177,0.5671,0.2386,2.3937,0.588,0.01239,0.2336,0.003627,0.699,1,14,38.73,0.768,1,5779,13.0,0.149,1,30,6135,174942.1,100.0,26,99.01
1786079719727,1653,v1,0.0711,0.8318,0.4,1.4322,0.286,0.0084,0.2025,0.002588,0.699,1,14,48.37,0.8,1,6825,13.0,0.0,0,30,7037,404846.4,0.0,-1,9.17
1786079721545,1654,v1,0.069,0.4044,0.3981,2.2381,0.951,0.00559,0.1155,0.003206,0.6,1,23,35.93,0.534,1,625,16.63,14.842,0,30,6207,194992.7,93.93,15,12.31
1786079723203,1655,v1,0.0273,0.4522,0.3262,0.8936,0.756,0.01566,0.1619,0.002131,0.662,0,22,81.66,0.946,1,0,13.0,13.0,1,30,6086,140717.1,100.0,13,8.33
1786079719548,1656,v1,0.0435,0.2563,0.4433,1.4894,0.5751,0.02734,0.0514,0.002752,0.705,0,16,73.42,0.885,1,0,13.812,13.812,1,30,5564,130693.5,100.0,14,10.03
1786079721862,1657,v1,0.0176,0.4801,0.1594,1.4281,0.9059,0.01868,0.1371,0.003711,0.668,1,25,90.13,0.464,1,0,0.564,0.564,0,30,6344,363583.6,2.64,-1,13.18
1786079723415,1658,v1,0.0156,0.6665,0.2826,0.8904,0.9231,0.00642,0.2204,0.002691,0.625,0,27,23.3,0.941,1,488,13.858,12.79,1,30,5725,130886.2,100.0,13,9.36
1786079725830,1659,v1,0.0419,0.7101,0.4246,2.1886,0.6959,0.02065,0.1637,0.002143,0.669,0,12,75.17,0.714,1,3604,11.0,6.289,0,30,7048,341672.0,40.21,17,7.78
1786079720438,1660,v1,0.048,0.7232,0.1806,1.022,0.5011,0.0238,0.074,0.003317,0.589,0,5,60.98,0.467,1,1832,4.0,3.416,1,30,6353,120370.1,100.0,5,13.63
1786079722071,1661,v1,0.056,0.8299,0.1469,2.0313,0.9268,0.00886,0.1475,0.001434,0.701,1,22,30.57,0.49,1,786,13.0,11.476,1,30,6923,153280.3,100.0,13,5.84
1786079723901,1662,v1,0.0794,0.2954,0.3197,1.3245,0.789,0.0195,0.0795,0.003148,0.651,1,24,70.89,0.379,1,439,16.553,15.301,0,30,6206,188366.9,88.42,15,11.99
1786079726404,1663,v1,0.0141,0.9813,0.4732,1.3745,0.8676,0.02027,0.2031,0.00252,0.673,1,4,45.03,0.796,1,5613,3.0,0.0,0,30,5650,330515.9,0.0,-1,9.27
1786079722058,1664,v1,0.0737,0.337,0.375,1.3359,0.8511,0.02025,0.2353,0.001343,0.672,0,21,78.04,0.384,1,0,16.34,16.34,0,30,6070,175290.1,95.6,15,5.54
1786079724635,1665,v1,0.0337,0.7333,0.2395,1.1326,0.3731,0.00701,0.1815,0.002663,0.641,1,18,83.81,0.485,1,3197,17.0,7.93,0,30,6275,351219.0,30.99,18,10.09
1786079727488,1666,v1,0.067,0.4459,0.2311,2.1726,0.9519,0.02751,0.2002,0.003309,0.597,1,4,90.22,0.958,1,6602,3.0,0.0,0,30,6674,390323.6,0.0,-1,12.23
1786079728772,1667,v1,0.0798,0.9762,0.32,0.9228,0.8255,0.02817,0.1995,0.001651,0.632,0,31,67.32,0.896,1,0,11.395,11.395,1,30,6070,99555.5,100.0,4,5.88
1786079722751,1668,v1,0.0167,0.4651,0.1501,1.3325,0.7986,0.03049,0.2415,0.002427,0.662,1,36,65.91,0.862,1,0,20.74,20.74,0,30,5591,190816.9,88.81,18,8.85
1786079724107,1669,v1,0.0154,0.7349,0.2281,1.4227,0.1905,0.03186,0.2345,0.002757,0.624,1,17,51.86,0.986,1,0,13.0,13.0,1,30,6013,137900.5,100.0,13,10.28
1786079725694,1670,v1,0.0502,0.7044,0.2363,2.1046,0.5903,0.00998,0.0628,0.001955,0.582,0,13,94.53,0.414,1,0,10.363,10.363,1,30,6423,116981.7,100.0,8,7.74
1786079727493,1671,v1,0.023,0.8101,0.1725,1.4545,0.3523,0.00594,0.2378,0.003248,0.692,0,7,63.06,0.806,1,2813,6.0,4.135,1,30,6145,151559.0,100.0,13,53.1
1786079723429,1672,v1,0.0534,0.4741,0.2318,1.2268,0.7095,0.01662,0.0984,0.003122,0.624,0,20,27.52,0.565,1,380,15.931,15.034,0,30,6171,187565.0,90.04,15,12.12
1786079725363,1673,v1,0.0345,0.8705,0.3124,2.1505,0.1181,0.01002,0.1451,0.003755,0.636,0,26,76.52,0.814,1,0,19.76,19.76,0,30,6239,298110.5,87.89,18,14.07
1786079726436,1674,v1,0.0157,0.6552,0.234,1.405,0.6654,0.01988,0.1622,0.001963,0.662,0,14,50.89,0.932,1,0,13.0,13.0,1,30,5270,117734.1,100.0,13,7.44
1786079728449,1675,v1,0.0609,0.3621,0.4021,1.1906,0.2462,0.01307,0.0981,0.001926,0.646,0,34,65.49,0.389,1,0,20.259,20.259,0,30,6057,225837.2,99.64,16,7.15
1786079723869,1676,v1,0.0129,0.7382,0.2403,2.3445,0.5596,0.01308,0.2186,0.0022,0.669,0,14,39.38,0.66,1,0,13.0,13.0,1,30,6279,138584.2,100.0,13,8.46
1786079726472,1677,v1,0.0104,0.4253,0.108,2.0768,0.8956,0.02335,0.0954,0.002447,0.718,1,18,81.42,0.522,1,4520,17.0,3.842,0,30,6089,352413.3,0.0,-1,8.79
1786079728273,1678,v1,0.0694,0.8971,0.1658,1.2842,0.2607,0.00824,0.0697,0.002158,0.649,1,29,90.62,0.353,1,0,14.211,14.211,1,30,6830,158847.4,100.0,13,8.49
1786079730613,1679,v1,0.0443,0.3702,0.3488,2.3597,0.8211,0.00368,0.2078,0.003683,0.671,1,23,69.7,0.437,1,0,10.372,10.372,0,30,7008,321483.7,50.8,19,13.91
1786079725402,1680,v1,0.0734,0.3496,0.2844,1.7291,0.4804,0.00689,0.0646,0.001534,0.592,0,35,57.3,0.891,1,0,18.296,18.296,0,30,6009,170126.7,86.15,15,5.76
1786079727408,1681,v1,0.0532,0.392,0.158,1.6267,0.434,0.02697,0.0713,0.002661,0.596,1,23,62.94,0.842,1,1013,15.696,13.135,0,30,6545,215563.5,92.52,14,9.98
1786079728736,1682,v1,0.0659,0.2263,0.2055,1.3299,0.5656,0.01682,0.2122,0.002298,0.633,0,29,39.66,0.43,1,0,17.516,17.516,0,30,5626,171799.6,91.95,15,9.26
1786079730219,1683,v1,0.0336,0.5158,0.4599,2.3526,0.9675,0.01076,0.1215,0.001481,0.707,0,11,85.84,0.901,1,0,10.0,10.0,1,30,6738,160606.6,100.0,14,5.61
1786079728317,1684,v1,0.048,0.5976,0.2488,2.3934,0.7309,0.03102,0.2278,0.002606,0.676,0,29,73.01,0.489,1,0,18.265,18.265,0,30,6002,182303.0,90.03,16,10.25
1786079729947,1685,v1,0.0301,0.5293,0.176,1.688,0.7976,0.02731,0.2426,0.00334,0.581,0,15,53.76,0.514,1,0,11.356,11.356,1,30,7140,137167.7,100.0,10,11.86
1786079732061,1686,v1,0.0272,0.2833,0.2074,1.8698,0.6018,0.02977,0.2105,0.001904,0.644,1,10,61.22,0.741,1,5742,9.0,0.151,0,30,5936,343965.6,1.46,-1,7.56
1786079733257,1687,v1,0.0742,0.9806,0.3685,1.9986,0.9262,0.00992,0.1516,0.00241,0.584,1,19,28.43,0.915,1,0,7.241,7.241,1,30,6483,68008.1,100.0,3,9.01
1786079728734,1688,v1,0.0377,0.4981,0.1635,1.4769,0.1872,0.00504,0.1321,0.002999,0.63,1,12,20.46,0.37,1,2487,11.0,6.506,1,30,6276,155850.6,100.0,13,47.67
1786079731126,1689,v1,0.065,0.694,0.3452,1.8667,0.986,0.00392,0.113,0.00302,0.7,0,17,20.24,0.816,1,3644,16.0,7.875,0,30,6586,351484.5,34.88,18,11.13
1786079732632,1690,v1,0.0791,0.5917,0.1971,2.3651,0.7934,0.00342,0.1684,0.002208,0.584,1,33,37.45,0.698,1,908,18.524,15.577,0,30,6077,195965.0,99.69,16,8.9
1786079733677,1691,v1,0.0528,0.9115,0.4953,1.0289,0.3356,0.01108,0.0834,0.002884,0.685,0,32,63.93,0.481,1,0,21.6,21.6,0,30,4848,202242.5,83.85,17,10.66
1786079729801,1692,v1,0.0637,0.5066,0.2701,1.8746,0.3572,0.02029,0.0906,0.002431,0.652,0,27,59.66,0.321,1,0,17.603,17.603,0,30,6792,240161.0,85.54,16,9.64
1786079731353,1693,v1,0.0638,0.7653,0.3919,2.2463,0.7888,0.02541,0.2233,0.00274,0.693,1,17,47.55,0.998,1,0,11.31,11.31,1,30,6264,121243.5,100.0,9,10.5
1786079732777,1694,v1,0.0452,0.2426,0.2326,2.0886,0.9911,0.01988,0.1187,0.001641,0.652,0,9,97.16,0.314,1,0,8.0,8.0,0,30,6418,200739.3,85.06,16,6.0
1786079733973,1695,v1,0.0691,0.964,0.1648,1.4951,0.2935,0.02085,0.2001,0.002811,0.646,0,9,39.38,0.57,1,2381,8.0,5.594,0,30,6096,280229.8,53.06,15,11.3
1786079730185,1696,v1,0.0233,0.6234,0.2079,1.8624,0.4153,0.01786,0.1157,0.003594,0.589,1,20,33.9,0.668,1,0,13.0,13.0,1,30,5634,128357.9,100.0,13,13.08
1786079731798,1697,v1,0.0528,0.3518,0.3235,1.4518,0.7503,0.03015,0.1425,0.002305,0.588,1,14,73.2,0.547,1,913,12.442,10.582,0,30,6572,172540.0,72.08,12,8.78
1786079733426,1698,v1,0.0504,0.2901,0.4054,1.4881,0.937,0.00603,0.0802,0.003067,0.667,1,33,58.2,0.665,1,839,20.072,17.107,0,30,6256,208927.3,90.27,17,11.99
1786079734028,1699,v1,0.0734,0.2012,0.1017,1.3209,0.1159,0.01079,0.0543,0.001839,0.615,0,21,97.44,0.575,1,0,11.748,11.748,1,30,6050,122643.2,100.0,7,6.94
1786079740881,1700,v1,0.013,0.8468,0.2163,1.9816,0.475,0.01137,0.0572,0.002255,0.717,1,9,57.17,0.852,1,5923,8.0,0.0,0,30,6047,352052.3,0.0,-1,8.96
1786079742668,1701,v1,0.0544,0.3837,0.2355,0.988,0.1697,0.02448,0.1869,0.002961,0.584,1,13,29.63,0.31,1,2454,12.0,6.428,0,30,5483,233024.7,53.65,14,11.31
1786079744161,1702,v1,0.0686,0.661,0.4322,1.6016,0.9478,0.00761,0.1809,0.002264,0.599,1,22,93.84,0.577,1,0,10.282,10.282,1,30,5706,94303.7,100.0,8,9.43
1786079746403,1703,v1,0.0353,0.8061,0.4539,1.9907,0.1641,0.01495,0.1187,0.003462,0.661,1,13,85.55,0.651,1,5597,12.0,0.622,0,30,6185,352584.2,4.47,-1,14.08
1786079741109,1704,v1,0.0641,0.7448,0.3888,1.0081,0.4336,0.02092,0.2435,0.002438,0.692,0,31,99.06,0.322,1,0,18.479,18.479,0,30,7062,233700.4,85.01,16,9.59
1786079742614,1705,v1,0.0407,0.8277,0.3564,1.4209,0.9084,0.00488,0.0526,0.002242,0.64,1,7,72.83,0.906,1,5907,6.0,0.0,1,30,6002,177463.9,100.0,26,100.0
1786079744168,1706,v1,0.0686,0.6212,0.2233,1.1492,0.9944,0.02696,0.1205,0.002635,0.708,1,16,50.59,0.818,1,0,10.923,10.923,1,30,5985,111483.0,100.0,8,9.04
1786079746102,1707,v1,0.0653,0.8097,0.2659,1.9329,0.2543,0.01107,0.2332,0.00141,0.652,0,19,90.09,0.365,1,0,16.785,16.785,0,30,6281,278004.2,94.72,16,4.98
1786079740896,1708,v1,0.074,0.3494,0.4311,1.41,0.8267,0.01453,0.063,0.00323,0.639,0,16,37.62,0.921,1,0,10.393,10.393,1,30,6056,102152.8,100.0,8,12.17
1786079742414,1709,v1,0.0355,0.7916,0.4189,2.138,0.9944,0.02665,0.0939,0.00298,0.696,1,19,89.97,0.417,1,0,13.0,13.0,1,30,5947,133214.4,100.0,13,11.32
1786079744166,1710,v1,0.0418,0.786,0.1778,2.0258,0.244,0.029,0.224,0.00254,0.659,0,19,31.74,0.503,1,0,13.0,13.0,1,30,6891,153186.6,100.0,13,9.36
1786079746518,1711,v1,0.0276,0.5877,0.4486,1.66,0.8252,0.02425,0.1321,0.002937,0.638,1,4,21.5,0.594,1,5568,3.0,0.459,0,30,6639,372023.3,13.63,-1,11.54
1786079742363,1712,v1,0.0229,0.9387,0.1246,1.6743,0.8748,0.02225,0.2253,0.003396,0.692,0,26,98.14,0.913,1,0,8.232,8.232,0,30,6003,296318.7,41.0,19,12.64
1786079743757,1713,v1,0.012,0.8048,0.4833,2.3989,0.5021,0.00729,0.1165,0.002965,0.581,0,12,70.5,0.325,1,1429,11.0,8.738,1,30,5876,141925.2,100.0,13,33.34
1786079745735,1714,v1,0.0201,0.2282,0.2142,1.1956,0.181,0.01704,0.2009,0.001531,0.631,1,25,91.26,0.568,1,0,17.8,17.8,0,30,6223,278573.3,84.14,18,6.19
1786079747495,1715,v1,0.0697,0.5619,0.1721,2.4689,0.9632,0.02572,0.1303,0.003168,0.696,0,34,62.36,0.891,1,0,19.313,19.313,0,30,6824,202113.0,95.51,16,11.96
1786079742500,1716,v1,0.0361,0.8863,0.2924,2.3076,0.8195,0.02313,0.1877,0.002588,0.714,1,10,45.49,0.481,1,3992,9.0,3.052,1,30,6188,156833.6,100.0,13,69.41
1786079744088,1717,v1,0.036,0.6956,0.2082,1.5394,0.7222,0.01536,0.1668,0.001828,0.664,0,16,96.82,0.751,1,0,13.0,13.0,1,30,6121,139587.2,100.0,13,7.24
1786079745336,1718,v1,0.0144,0.498,0.2985,2.2935,0.468,0.0291,0.1961,0.002115,0.68,1,16,50.02,0.447,1,0,13.02,13.02,1,30,6462,142015.7,100.0,13,8.48
1786079746824,1719,v1,0.0403,0.7365,0.1527,1.7794,0.7989,0.01067,0.146,0.001773,0.601,1,27,80.11,0.612,1,0,18.322,18.322,0,30,5553,171658.1,98.05,17,7.15
1786079743892,1720,v1,0.0285,0.3652,0.3643,1.1852,0.8466,0.00353,0.0729,0.003097,0.649,0,23,88.87,0.85,1,0,4.487,4.487,0,30,6313,348915.9,23.21,19,11.21
1786079744958,1721,v1,0.0191,0.319,0.3093,1.8819,0.8032,0.03171,0.0673,0.001508,0.588,1,16,89.68,0.525,1,0,10.653,10.653,1,30,6138,107736.6,100.0,8,5.9
1786079747231,1722,v1,0.0105,0.7547,0.1463,0.8472,0.1946,0.01165,0.1931,0.003525,0.612,1,7,59.85,0.982,1,5317,6.0,0.0,0,30,5443,317455.3,0.0,-1,13.1
1786079748615,1723,v1,0.0492,0.2166,0.4002,2.138,0.9841,0.02708,0.087,0.003126,0.624,0,25,23.19,0.545,1,389,10.55,10.049,1,30,6955,113665.7,100.0,8,11.68
1786079743459,1724,v1,0.0639,0.2404,0.4957,1.8298,0.187,0.02913,0.213,0.003529,0.691,0,16,92.7,0.644,1,0,12.012,12.012,1,30,6230,126336.6,100.0,9,13.56
1786079745939,1725,v1,0.0773,0.5704,0.1358,2.1092,0.7356,0.02167,0.1441,0.002387,0.656,1,16,71.19,0.646,1,4733,15.0,3.371,0,30,6332,352146.5,21.97,16,9.49
1786079748306,1726,v1,0.0208,0.5534,0.3951,1.842,0.575,0.01253,0.2451,0.00137,0.617,1,15,36.84,0.564,1,4092,14.0,4.442,0,30,6115,354836.6,20.16,19,5.64
1786079750429,1727,v1,0.079,0.4487,0.4094,2.2597,0.5877,0.02599,0.0719,0.002328,0.719,1,26,45.39,0.565,1,961,17.624,15.251,0,30,7481,287160.4,86.85,16,8.45
1786079748638,1728,v1,0.0445,0.8047,0.2399,0.8414,0.8396,0.00483,0.2255,0.00202,0.701,0,26,49.62,0.587,1,0,11.188,11.188,0,30,5910,290288.7,54.1,19,7.75
1786079750484,1729,v1,0.0734,0.255,0.258,1.259,0.3269,0.01946,0.183,0.001748,0.694,0,31,63.25,0.709,1,0,14.126,14.126,1,30,7494,156317.5,100.0,13,6.62
1786079752016,1730,v1,0.06,0.957,0.3754,2.154,0.452,0.01435,0.209,0.002875,0.624,0,18,30.11,0.47,1,0,10.115,10.115,1,30,6073,104722.8,100.0,7,11.15
1786079753695,1731,v1,0.0795,0.5026,0.4845,2.2667,0.8329,0.03052,0.2138,0.001334,0.717,0,21,53.46,0.807,1,0,13.0,13.0,1,30,7106,164107.4,100.0,13,4.98
1786079748413,1732,v1,0.0218,0.9509,0.4865,2.337,0.9328,0.02269,0.1638,0.002883,0.639,1,26,45.5,0.443,1,496,13.702,12.399,1,30,5528,119076.7,100.0,13,15.63
1786079750282,1733,v1,0.0604,0.5186,0.1618,0.8749,0.7123,0.03013,0.0819,0.003097,0.643,0,5,53.3,0.319,1,1328,4.0,3.578,0,30,6394,216057.1,73.28,14,11.5
1786079751738,1734,v1,0.0103,0.9102,0.2185,1.7675,0.1005,0.02845,0.2382,0.002231,0.658,0,35,70.24,0.813,1,0,14.545,14.545,1,30,5893,135195.7,100.0,13,9.3
1786079753840,1735,v1,0.029,0.2973,0.2331,0.8006,0.2858,0.00316,0.0986,0.003092,0.619,0,9,96.82,0.772,1,0,8.0,8.0,0,30,6307,315938.7,79.52,19,12.35
1786079749141,1736,v1,0.0668,0.7247,0.3199,2.1238,0.6197,0.01793,0.14,0.002462,0.635,0,23,24.95,0.4,1,238,13.204,12.764,1,30,6272,149490.9,100.0,13,8.8
1786079750512,1737,v1,0.0746,0.2717,0.1275,1.3046,0.5048,0.01963,0.2218,0.001595,0.678,0,18,35.76,0.947,1,0,12.548,12.548,1,30,6070,134678.2,100.0,13,6.62
1786079753894,1738,v1,0.051,0.8336,0.4124,1.3276,0.9365,0.00861,0.1081,0.002678,0.614,1,4,39.98,0.609,1,6482,3.0,0.517,0,30,7902,409334.4,16.74,-1,10.16
1786079755273,1739,v1,0.0538,0.6932,0.2852,1.2708,0.1185,0.02289,0.2145,0.001254,0.675,1,20,38.81,0.481,1,0,12.878,12.878,1,30,5914,131504.1,100.0,13,4.41
1786079749877,1740,v1,0.0284,0.2571,0.2656,2.4911,0.5229,0.02776,0.1364,0.001976,0.657,0,30,32.23,0.713,1,0,19.062,19.062,0,30,5622,180836.5,85.08,17,8.09
1786079752232,1741,v1,0.0241,0.2287,0.3801,2.3747,0.9108,0.01315,0.0647,0.002149,0.692,0,10,45.91,0.408,1,1344,9.0,7.357,0,30,5839,347673.9,0.0,-1,8.51
1786079754473,1742,v1,0.0182,0.742,0.1975,2.3108,0.9014,0.00581,0.0553,0.002714,0.633,1,28,37.28,0.686,1,0,0.0,0.0,0,30,5926,341368.7,0.0,-1,10.31
1786079756210,1743,v1,0.0586,0.3409,0.4337,1.483,0.1544,0.01791,0.2267,0.00192,0.611,0,36,69.54,0.922,1,0,12.467,12.467,1,30,6891,121907.0,100.0,5,7.21
1786079750417,1744,v1,0.0205,0.9009,0.1384,2.0077,0.626,0.00815,0.1655,0.002446,0.688,0,36,61.37,0.457,1,0,14.704,14.704,1,30,6064,136436.6,100.0,13,9.78
1786079751894,1745,v1,0.038,0.9553,0.3873,1.1101,0.5199,0.0085,0.1803,0.002726,0.693,0,20,57.65,0.326,1,0,13.0,13.0,1,30,5870,127674.4,100.0,13,10.75
1786079753201,1746,v1,0.0271,0.8982,0.1642,0.9519,0.1808,0.01974,0.077,0.001646,0.61,0,14,51.21,0.929,1,0,13.0,13.0,1,30,6340,144955.8,100.0,13,6.56
1786079756227,1747,v1,0.0324,0.5173,0.1308,1.2275,0.8333,0.01012,0.1011,0.001433,0.69,0,7,32.71,0.519,1,2074,6.0,4.816,0,30,7069,414259.8,14.54,-1,5.16
1786079751003,1748,v1,0.0347,0.3376,0.2938,1.7759,0.9686,0.02071,0.1886,0.001259,0.642,0,23,51.92,0.764,1,0,13.194,13.194,1,30,5965,136688.5,100.0,13,4.76
1786079752493,1749,v1,0.0389,0.7243,0.2262,1.0306,0.7236,0.02236,0.2219,0.003161,0.6,0,34,75.95,0.416,1,0,17.694,17.694,0,30,5988,161343.3,95.08,14,11.66
1786079754308,1750,v1,0.0595,0.464,0.3765,2.0754,0.7399,0.01221,0.201,0.001878,0.662,0,35,21.23,0.523,1,303,19.508,18.605,0,30,6199,204622.1,85.24,16,7.1
1786079756183,1751,v1,0.0529,0.8668,0.3186,2.0809,0.6353,0.0225,0.088,0.002526,0.706,1,36,42.7,0.652,1,950,20.597,17.144,0,30,6095,222470.4,96.17,18,9.16
1786079754004,1752,v1,0.051,0.7109,0.114,1.3718,0.2999,0.00945,0.1964,0.002075,0.608,1,12,84.81,0.957,1,6523,11.0,0.0,0,30,6689,378175.4,0.0,-1,7.5
1786079755801,1753,v1,0.0425,0.7337,0.1446,2.1709,0.9134,0.02878,0.1279,0.003547,0.673,0,20,38.4,0.531,1,0,17.007,17.007,0,30,6673,211279.1,86.29,16,12.45
1786079757326,1754,v1,0.0308,0.2953,0.3367,1.8376,0.1216,0.01237,0.1828,0.003361,0.671,1,14,69.71,0.414,1,2864,13.0,6.899,1,30,6378,164494.8,100.0,14,53.79
1786079759373,1755,v1,0.0484,0.637,0.3526,1.914,0.3659,0.00909,0.0652,0.0023,0.643,1,28,90.2,0.453,1,0,19.613,19.613,0,30,6321,269766.3,89.48,17,8.86
1786079756155,1756,v1,0.0612,0.8464,0.3095,2.3945,0.2309,0.00958,0.1338,0.003218,0.661,0,33,98.42,0.921,1,0,22.598,22.598,0,30,5782,250874.4,85.31,17,12.18
1786079757535,1757,v1,0.0599,0.7027,0.1496,2.3509,0.4648,0.01272,0.2459,0.001549,0.618,0,7,90.12,0.338,1,0,6.0,6.0,1,30,6702,128965.6,100.0,8,6.27
1786079759495,1758,v1,0.078,0.979,0.3665,1.585,0.2316,0.0128,0.1879,0.002863,0.676,1,24,84.47,0.675,1,0,17.58,17.58,0,30,6496,276377.5,85.13,16,11.21
1786079761242,1759,v1,0.0174,0.3114,0.2074,1.6878,0.8903,0.01385,0.0678,0.002728,0.636,1,31,51.1,0.847,1,0,15.142,15.142,1,30,6047,140785.8,100.0,13,10.86
1786079756575,1760,v1,0.0769,0.8906,0.2514,2.0446,0.7717,0.00744,0.0815,0.003632,0.583,1,33,75.69,0.988,1,0,18.28,18.28,0,30,6619,196658.2,93.7,15,13.28
1786079758442,1761,v1,0.0613,0.6233,0.2878,1.1698,0.631,0.00859,0.1293,0.002331,0.68,0,25,45.19,0.312,1,0,18.337,18.337,0,30,5729,227584.8,85.95,17,8.94
1786079760454,1762,v1,0.0653,0.3918,0.2916,1.4988,0.3655,0.00629,0.1115,0.001969,0.624,1,20,47.21,0.874,1,906,16.588,13.976,0,30,5920,266066.2,85.75,16,7.87
1786079762086,1763,v1,0.0529,0.9621,0.2999,1.2466,0.961,0.00654,0.2475,0.003497,0.603,1,8,59.59,0.825,1,5259,6.998,0.113,1,30,5472,149647.9,100.0,18,14.35
1786079758343,1764,v1,0.0555,0.9727,0.1518,1.3781,0.5748,0.00871,0.201,0.001644,0.69,0,5,55.56,0.861,1,2727,4.0,3.09,0,30,6032,323748.7,49.06,18,6.02
1786079760239,1765,v1,0.0598,0.6203,0.3232,2.1331,0.7214,0.03022,0.0919,0.00256,0.658,1,16,54.14,0.338,1,1270,15.0,11.743,0,30,6093,208224.7,68.91,15,10.04
1786079761379,1766,v1,0.0543,0.7934,0.2416,1.2593,0.8634,0.026,0.1776,0.003764,0.584,1,14,32.68,0.896,1,0,9.165,9.165,1,30,6030,83672.1,100.0,4,14.11
1786079764469,1767,v1,0.021,0.9436,0.2793,2.2992,0.6461,0.00833,0.1935,0.00156,0.657,0,28,96.63,0.391,1,0,0.0,0.0,0,30,6361,383344.9,0.0,-1,6.13
1786079758466,1768,v1,0.0359,0.6016,0.357,2.0912,0.9285,0.02249,0.0984,0.001508,0.605,0,23,58.95,0.397,1,0,16.533,16.533,0,30,6287,188103.6,92.37,15,6.28
1786079760349,1769,v1,0.061,0.772,0.2375,0.9087,0.2042,0.01771,0.1691,0.002064,0.661,1,10,63.11,0.774,1,6301,9.0,0.0,1,30,6418,170259.5,100.0,17,8.32
1786079761612,1770,v1,0.0687,0.2855,0.4504,2.1928,0.2331,0.02168,0.1973,0.001659,0.588,0,33,40.88,0.61,1,0,12.097,12.097,1,30,5773,102533.9,100.0,4,6.57
1786079763054,1771,v1,0.0602,0.7745,0.3635,1.2645,0.7596,0.01641,0.1931,0.003366,0.596,1,5,54.76,0.992,1,2741,3.797,1.863,1,30,5739,91325.7,100.0,3,13.21
1786079759637,1772,v1,0.0771,0.8402,0.2387,0.9992,0.2181,0.02023,0.2233,0.003615,0.601,1,13,49.28,0.728,1,4880,12.0,1.896,0,30,6048,329072.5,15.03,-1,13.39
1786079761035,1773,v1,0.0597,0.6627,0.4892,2.3295,0.6215,0.01418,0.2039,0.001991,0.679,1,33,52.84,0.615,1,0,14.358,14.358,1,30,5518,128281.0,100.0,13,7.52
1786079762986,1774,v1,0.0788,0.4899,0.1842,1.0211,0.2742,0.01572,0.1431,0.003761,0.676,1,25,21.65,0.549,1,1069,17.518,13.975,0,30,5830,244286.8,100.0,16,14.49
1786079764629,1775,v1,0.0388,0.7486,0.2489,2.1508,0.4232,0.01196,0.2371,0.003769,0.67,0,22,45.61,0.493,1,0,13.0,13.0,1,30,6497,153074.2,100.0,13,12.96
1786079759453,1776,v1,0.0614,0.942,0.3341,2.3787,0.9502,0.01603,0.1451,0.003567,0.589,1,5,25.34,0.848,1,6103,4.0,0.0,1,30,6183,174596.4,100.0,24,100.0
1786079761822,1777,v1,0.0739,0.5952,0.1332,2.1066,0.9255,0.00892,0.0838,0.002562,0.637,0,6,65.93,0.773,1,2708,5.0,3.605,0,30,5896,283851.2,48.74,16,9.38
1786079764135,1778,v1,0.032,0.7936,0.3073,1.2442,0.6938,0.01466,0.1082,0.003692,0.663,0,30,51.7,0.97,1,0,19.833,19.833,0,30,6981,220093.3,87.99,18,14.35
1786079766517,1779,v1,0.0618,0.7505,0.4327,1.905,0.2986,0.02042,0.1568,0.002532,0.63,1,11,95.49,0.422,1,3667,10.0,4.991,0,30,7535,337687.7,42.16,15,9.94
1786079761773,1780,v1,0.0329,0.9878,0.2747,1.6813,0.3458,0.01758,0.0582,0.003612,0.617,1,35,39.3,0.986,1,951,19.428,16.031,0,30,6082,197749.8,94.34,16,13.01
1786079763535,1781,v1,0.0497,0.3838,0.2229,1.5907,0.4995,0.01676,0.2378,0.002917,0.656,0,20,95.04,0.952,1,0,17.211,17.211,0,30,5717,182152.6,96.89,17,11.75
1786079765421,1782,v1,0.0408,0.6926,0.3557,2.3245,0.9076,0.00466,0.1984,0.003273,0.681,0,7,62.57,0.833,1,3581,6.0,3.981,1,30,7225,176267.5,100.0,13,56.9
1786079766743,1783,v1,0.0506,0.4263,0.467,1.6856,0.3081,0.01811,0.1732,0.001775,0.594,0,10,86.38,0.829,1,0,7.587,7.587,1,30,6458,99137.6,100.0,6,6.91
1786079763676,1784,v1,0.0662,0.3257,0.2388,1.9698,0.1123,0.01537,0.0622,0.00148,0.715,0,16,50.57,0.751,1,0,13.854,13.854,1,30,6192,149731.6,100.0,14,5.56
1786079765646,1785,v1,0.0599,0.584,0.4326,1.4792,0.3915,0.0199,0.1684,0.002964,0.66,1,12,44.95,0.307,1,1950,11.0,6.744,0,30,5207,236585.5,61.3,16,11.18
1786079767714,1786,v1,0.0487,0.5677,0.2419,1.7696,0.5904,0.00438,0.1755,0.003733,0.708,0,36,95.81,0.361,1,0,12.098,12.098,0,30,6373,334085.5,49.57,19,13.43
1786079768722,1787,v1,0.0152,0.5256,0.4953,1.7932,0.2561,0.02396,0.1005,0.002428,0.633,0,23,87.18,0.724,1,0,13.203,13.203,1,30,5655,125305.7,100.0,13,9.66
1786079764492,1788,v1,0.014,0.4353,0.4692,1.854,0.7313,0.02279,0.2364,0.002661,0.703,1,5,34.27,0.795,1,5216,4.0,0.49,1,30,6016,159712.8,100.0,24,88.8
1786079766390,1789,v1,0.0647,0.5982,0.3248,2.1913,0.2858,0.01075,0.1305,0.001644,0.627,0,29,79.73,0.91,1,0,18.878,18.878,0,30,6590,263698.2,89.47,16,6.65
1786079767754,1790,v1,0.0595,0.2598,0.4149,2.041,0.4476,0.0284,0.1494,0.003428,0.684,1,9,34.34,0.687,1,5537,7.938,0.164,1,30,5839,159552.6,100.0,23,97.59
1786079769566,1791,v1,0.0199,0.6361,0.2291,1.4096,0.6425,0.00875,0.1309,0.002855,0.683,0,20,50.45,0.518,1,2071,19.0,12.638,0,30,5815,337588.6,0.0,-1,10.77
1786079765793,1792,v1,0.0425,0.6569,0.3452,2.3207,0.2336,0.00378,0.0924,0.002847,0.617,0,14,82.5,0.947,1,0,13.0,13.0,0,30,5994,271675.8,87.1,17,10.99
1786079767850,1793,v1,0.0129,0.6397,0.3955,1.5312,0.1282,0.00914,0.0769,0.00126,0.652,0,9,98.42,0.893,1,0,8.0,8.0,0,30,5477,324966.1,0.0,-1,5.13
1786079769189,1794,v1,0.0603,0.8325,0.4905,1.7521,0.6715,0.0057,0.1394,0.002136,0.711,0,5,76.77,0.972,1,0,4.0,4.0,0,30,5860,263630.5,89.37,18,7.25
1786079770826,1795,v1,0.0124,0.2356,0.3929,2.1451,0.9804,0.0057,0.2213,0.003509,0.69,1,20,29.49,0.634,1,3972,19.0,5.193,0,30,5874,348783.2,0.0,-1,14.1
1786079766544,1796,v1,0.0724,0.8017,0.21,1.0247,0.3986,0.03125,0.1975,0.003091,0.647,0,25,23.35,0.45,1,317,16.079,15.317,0,30,6237,176776.0,92.49,14,12.06
1786079768211,1797,v1,0.0644,0.5904,0.1638,1.1844,0.1766,0.01171,0.1701,0.003275,0.597,0,13,34.16,0.331,1,1004,12.0,10.173,0,30,5715,217496.1,69.0,15,12.23
1786079769505,1798,v1,0.031,0.6585,0.3786,1.382,0.9888,0.01963,0.1376,0.002723,0.674,0,27,37.84,0.895,1,0,19.144,19.144,0,30,6951,214230.2,85.01,17,10.11
1786079770902,1799,v1,0.0198,0.9107,0.3256,2.2909,0.1726,0.00427,0.0993,0.002418,0.624,1,27,36.02,0.84,1,0,0.0,0.0,0,30,5721,335333.4,0.0,-1,9.82
1786079777982,1800,v1,0.0415,0.3859,0.161,2.4317,0.7232,0.02305,0.1159,0.002848,0.71,0,28,25.77,0.465,1,510,15.862,14.427,0,30,7102,316440.2,75.16,19,10.03
1786079779094,1801,v1,0.0439,0.4104,0.4402,0.9531,0.3088,0.0298,0.1137,0.003765,0.594,0,24,89.56,0.474,1,0,12.861,12.861,0,30,5581,114301.7,89.77,10,13.87
1786079780443,1802,v1,0.0484,0.9158,0.2567,1.4859,0.4153,0.02905,0.0907,0.003437,0.669,1,33,54.18,0.495,1,0,14.374,14.374,1,30,6036,139363.2,100.0,13,13.07
1786079782841,1803,v1,0.0721,0.6104,0.4145,0.8255,0.9565,0.00532,0.0925,0.002876,0.586,0,8,62.22,0.771,1,3938,7.0,3.933,0,30,6573,300569.9,38.5,15,11.05
1786079778879,1804,v1,0.0241,0.567,0.3664,1.3341,0.4593,0.0241,0.1454,0.002078,0.709,1,16,26.46,0.723,1,6317,15.0,0.12,0,30,6615,409389.7,0.46,-1,8.57
1786079780407,1805,v1,0.0499,0.9889,0.4295,1.0612,0.9802,0.02022,0.1501,0.001522,0.585,0,16,92.27,0.789,1,0,8.011,8.011,1,30,7889,89936.8,100.0,3,6.16
1786079782048,1806,v1,0.0199,0.6353,0.4659,1.6671,0.4135,0.02881,0.2235,0.002368,0.706,1,8,72.87,0.957,1,5730,7.0,0.0,1,30,5827,162559.3,0.0,-1,100.0
1786079783607,1807,v1,0.0165,0.8535,0.4144,1.9349,0.6794,0.02,0.1803,0.002221,0.665,0,30,81.36,0.475,1,0,14.34,14.34,1,30,6609,149284.6,100.0,13,7.94
1786079779530,1808,v1,0.0108,0.5799,0.1228,1.4019,0.6173,0.02442,0.0547,0.001212,0.694,1,13,37.92,0.38,1,3373,12.0,5.359,0,30,6199,360877.1,0.0,-1,5.1
1786079781112,1809,v1,0.0255,0.7054,0.2216,1.6191,0.9962,0.00325,0.1446,0.001664,0.676,1,35,91.43,0.852,1,0,15.125,15.125,1,30,7003,161067.5,100.0,13,6.4
1786079782446,1810,v1,0.0467,0.394,0.1624,2.1702,0.9088,0.00943,0.2259,0.003383,0.641,0,14,34.15,0.329,1,485,13.0,12.057,1,30,5878,139753.2,100.0,13,20.01
1786079784172,1811,v1,0.0506,0.8547,0.2774,2.2961,0.3464,0.02864,0.1112,0.003197,0.712,1,12,92.0,0.467,1,4307,11.0,4.018,1,30,7042,174273.2,100.0,13,68.33
1786079778645,1812,v1,0.06,0.755,0.3729,2.3687,0.614,0.02485,0.0859,0.003062,0.681,1,7,70.72,0.501,1,3075,6.0,2.618,1,30,5551,139522.1,100.0,13,61.74
1786079780127,1813,v1,0.0769,0.8011,0.3917,1.715,0.806,0.01989,0.1603,0.00258,0.593,0,31,30.87,0.457,1,0,8.675,8.675,1,30,6970,71019.3,100.0,3,10.16
1786079781433,1814,v1,0.0685,0.6405,0.2002,1.2097,0.3434,0.02215,0.1157,0.002948,0.607,0,30,35.71,0.914,1,0,12.118,12.118,1,30,6276,111012.6,100.0,6,10.64
1786079782806,1815,v1,0.0122,0.2245,0.468,2.1575,0.215,0.02306,0.1723,0.002758,0.599,0,32,55.96,0.78,1,0,14.362,14.362,1,30,6248,144173.4,100.0,13,10.2
1786079780194,1816,v1,0.0296,0.2198,0.1915,0.994,0.193,0.02478,0.2066,0.001538,0.584,0,9,38.17,0.508,1,1966,8.0,6.302,0,30,7043,258221.0,70.62,14,6.09
1786079782757,1817,v1,0.0682,0.4307,0.4624,1.7794,0.9066,0.03166,0.1364,0.002896,0.6,1,7,30.95,0.883,1,6464,6.0,0.0,0,30,6592,404067.4,0.0,-1,10.22
1786079784198,1818,v1,0.0153,0.5914,0.3603,1.3823,0.5368,0.02991,0.1239,0.001437,0.603,0,31,74.98,0.398,1,0,13.162,13.162,1,30,6570,129908.5,100.0,10,5.48
1786079786823,1819,v1,0.0497,0.4703,0.4171,1.3581,0.9583,0.01227,0.0737,0.002453,0.655,1,10,90.16,0.504,1,4770,9.0,2.304,0,30,6554,365276.1,23.39,17,9.7
1786079780402,1820,v1,0.0337,0.7742,0.1054,1.4887,0.2616,0.02923,0.0824,0.001961,0.601,0,14,46.47,0.653,1,2894,13.0,7.525,0,30,5967,261486.4,46.22,15,7.69
1786079782123,1821,v1,0.0609,0.8735,0.437,1.9712,0.8751,0.01244,0.214,0.002127,0.653,0,28,24.12,0.414,1,306,18.139,17.241,0,30,5857,183155.6,91.5,16,8.9
1786079783382,1822,v1,0.0181,0.7092,0.4317,1.1815,0.2493,0.01774,0.0664,0.003076,0.611,0,20,66.18,0.401,1,0,11.761,11.761,1,30,5515,108992.6,100.0,10,11.79
1786079785852,1823,v1,0.0701,0.6397,0.1387,1.0676,0.8093,0.01901,0.0586,0.003486,0.716,1,12,76.65,0.386,1,2946,11.0,5.901,0,30,6607,329485.1,45.7,17,13.05
1786079781792,1824,v1,0.0122,0.4769,0.1546,1.0925,0.7127,0.00818,0.0899,0.002987,0.616,0,21,34.35,0.816,1,0,0.237,0.237,0,30,6121,360464.3,1.21,-1,10.93
1786079783197,1825,v1,0.0414,0.7108,0.4091,1.7602,0.3177,0.00422,0.2446,0.001253,0.664,0,23,57.26,0.567,1,0,13.205,13.205,1,30,5858,136900.3,100.0,13,4.76
1786079785871,1826,v1,0.0111,0.9519,0.3161,1.744,0.2885,0.02411,0.2411,0.003538,0.706,1,34,41.44,0.901,1,0,0.0,0.0,0,30,6177,359782.5,0.0,-1,13.16
1786079787050,1827,v1,0.0616,0.8016,0.1406,1.6286,0.9846,0.01384,0.206,0.001307,0.684,1,35,37.78,0.492,1,537,14.553,13.055,1,30,5388,120982.1,100.0,13,5.25
1786079785978,1828,v1,0.0667,0.7812,0.1866,2.4292,0.2393,0.02268,0.1505,0.001672,0.607,1,11,67.83,0.784,1,5910,10.0,0.052,0,30,6033,353864.0,0.46,-1,6.36
1786079787968,1829,v1,0.0454,0.7855,0.3874,1.2766,0.2186,0.02109,0.0996,0.001251,0.661,0,22,84.9,0.86,1,0,16.875,16.875,0,30,6298,219098.0,85.23,16,4.89
1786079789574,1830,v1,0.047,0.5661,0.2509,1.4505,0.189,0.02029,0.2449,0.00326,0.606,1,36,46.22,0.849,1,899,18.229,15.152,0,30,5917,176482.2,98.03,15,12.13
1786079791158,1831,v1,0.075,0.3037,0.1866,1.4295,0.8964,0.02208,0.2042,0.001777,0.662,0,29,68.29,0.562,1,0,17.54,17.54,0,30,6436,182425.8,94.15,15,6.76
1786079785659,1832,v1,0.0213,0.7478,0.1631,1.7799,0.1008,0.01757,0.1776,0.001283,0.702,0,5,28.89,0.483,1,1506,4.0,3.488,1,30,5906,144226.6,100.0,13,29.41
1786079787543,1833,v1,0.0727,0.9914,0.3089,1.8236,0.1777,0.02356,0.1192,0.001713,0.592,1,34,45.13,0.899,1,1174,17.391,14.457,0,30,7320,195484.7,89.44,14,6.63
1786079789692,1834,v1,0.0627,0.457,0.1111,1.6129,0.5409,0.01538,0.05,0.003541,0.671,1,9,43.02,0.759,1,4919,8.0,0.15,0,30,5162,302690.4,1.67,-1,13.33
1786079791062,1835,v1,0.0471,0.2213,0.4781,2.477,0.6561,0.00915,0.0625,0.001852,0.611,0,30,21.53,0.763,1,0,14.384,14.384,1,30,6270,142686.0,100.0,13,7.99
1786079787234,1836,v1,0.0112,0.3409,0.4904,2.1187,0.9272,0.00671,0.0766,0.003488,0.697,0,11,55.4,0.401,1,1432,10.0,7.987,0,30,5884,334205.5,0.0,-1,12.64
1786079788769,1837,v1,0.0604,0.4431,0.2462,1.6355,0.2974,0.02973,0.1051,0.003417,0.627,1,24,81.36,0.793,1,0,16.185,16.185,0,30,5991,170597.5,100.0,15,13.19
1786079790781,1838,v1,0.0707,0.4174,0.1152,1.0123,0.9097,0.00942,0.1098,0.002302,0.679,0,8,62.61,0.628,1,1958,7.0,5.24,0,30,5658,261415.5,56.21,16,8.71
1786079792259,1839,v1,0.016,0.5694,0.4244,1.9226,0.9862,0.0046,0.0856,0.002415,0.59,0,26,29.83,0.798,1,0,13.7,13.7,1,30,6980,156208.8,100.0,13,9.34
1786079786686,1840,v1,0.0744,0.4659,0.2848,2.0549,0.3814,0.02694,0.1828,0.003465,0.635,1,22,59.44,0.406,1,0,15.973,15.973,0,30,6120,175401.9,87.71,15,12.57
1786079788673,1841,v1,0.047,0.2735,0.1154,0.9607,0.8336,0.018,0.1616,0.003042,0.693,0,35,30.88,0.521,1,416,20.51,19.239,0,30,6696,213681.0,85.12,18,11.77
1786079790274,1842,v1,0.0719,0.7839,0.3171,1.1778,0.2429,0.02743,0.2239,0.002979,0.709,1,14,60.4,0.632,1,0,13.0,13.0,1,30,6859,155732.4,100.0,13,11.27
1786079791688,1843,v1,0.0454,0.8084,0.4954,1.0121,0.2983,0.005,0.1831,0.001916,0.611,1,33,83.19,0.976,1,0,12.467,12.467,1,30,5878,108460.5,100.0,6,7.26
1786079787972,1844,v1,0.0356,0.5936,0.3571,1.9113,0.9138,0.01919,0.2038,0.001424,0.631,0,15,54.93,0.321,1,0,12.837,12.837,1,30,6316,138764.3,100.0,13,5.67
1786079790137,1845,v1,0.0107,0.2131,0.3375,1.7302,0.3344,0.0096,0.2176,0.001234,0.608,1,36,39.41,0.965,1,0,0.0,0.0,0,30,5486,327761.6,0.0,-1,4.39
1786079791554,1846,v1,0.0457,0.3967,0.3403,2.1001,0.338,0.01159,0.1779,0.001425,0.6,1,25,34.09,0.69,1,891,12.727,10.698,1,30,5736,122421.4,100.0,10,9.47
1786079793131,1847,v1,0.0399,0.7268,0.1621,0.9287,0.3356,0.00343,0.0755,0.001975,0.702,0,5,32.21,0.388,1,1534,4.0,3.499,1,30,6187,147569.6,100.0,13,23.36
1786079789098,1848,v1,0.0391,0.3855,0.2242,2.3326,0.5245,0.00328,0.2216,0.001427,0.637,1,22,94.47,0.817,1,0,13.632,13.632,1,30,5770,132601.0,100.0,13,5.93
1786079790460,1849,v1,0.0662,0.757,0.4548,1.9293,0.817,0.00786,0.1276,0.00217,0.694,1,9,20.72,0.387,1,2524,8.0,4.155,1,30,5339,136372.8,100.0,13,11.35
1786079792106,1850,v1,0.0401,0.8692,0.3701,1.0385,0.211,0.0084,0.0611,0.002657,0.597,1,7,68.41,0.339,1,2673,5.969,3.536,1,30,6693,146755.0,100.0,7,17.71
1786079793653,1851,v1,0.0341,0.5166,0.2204,1.4035,0.4433,0.03022,0.0552,0.002769,0.606,1,26,54.96,0.504,1,0,11.206,11.206,1,30,5678,97406.0,100.0,7,10.53
1786079790508,1852,v1,0.0211,0.5208,0.1188,1.6922,0.7383,0.01374,0.1081,0.003457,0.665,1,29,62.77,0.628,1,0,0.0,0.0,0,30,5970,340266.5,0.0,-1,12.98
1786079792639,1853,v1,0.0257,0.5306,0.4723,2.3774,0.4205,0.00462,0.1373,0.002283,0.682,0,4,69.09,0.407,1,0,3.0,3.0,0,30,5230,319309.4,0.0,-1,8.6
1786079794339,1854,v1,0.0134,0.6609,0.4527,1.8954,0.9889,0.01933,0.211,0.002476,0.596,1,11,62.09,0.441,1,3667,10.0,4.081,1,30,6335,165347.2,100.0,13,63.01
1786079796204,1855,v1,0.0281,0.2475,0.2472,1.2793,0.1283,0.02878,0.0761,0.001487,0.633,1,22,33.28,0.672,1,885,16.012,13.677,0,30,6262,204484.0,84.09,15,6.39
1786079793632,1856,v1,0.0669,0.3342,0.1116,1.5158,0.3845,0.00815,0.1918,0.00246,0.652,0,35,44.67,0.947,1,0,21.732,21.732,0,30,5873,245276.5,94.44,16,9.19
1786079795268,1857,v1,0.0768,0.2041,0.1583,1.4949,0.7576,0.02765,0.0937,0.002371,0.703,0,29,53.25,0.382,1,0,14.329,14.329,1,30,6538,138477.5,100.0,13,9.27
1786079796443,1858,v1,0.0103,0.595,0.352,2.0458,0.3609,0.01498,0.1058,0.001444,0.582,0,9,79.28,0.55,1,1928,8.0,5.846,1,30,5427,137696.7,100.0,13,39.62
1786079798284,1859,v1,0.0262,0.6582,0.4174,0.9765,0.5162,0.02864,0.224,0.003407,0.672,0,21,28.14,0.606,1,469,16.83,15.662,0,30,6274,206982.0,87.45,16,12.45
1786079795335,1860,v1,0.028,0.9537,0.2043,2.1099,0.2594,0.01465,0.0798,0.003749,0.699,0,16,91.74,0.502,1,0,15.0,15.0,0,30,6926,383684.0,1.09,-1,14.86
1786079796676,1861,v1,0.0299,0.3159,0.4453,2.0922,0.9733,0.00549,0.1065,0.001639,0.609,1,11,94.78,0.907,1,5778,10.0,0.0,1,30,5866,160644.7,0.0,-1,100.0
1786079798129,1862,v1,0.0307,0.8377,0.4725,1.68,0.1523,0.01934,0.1441,0.002407,0.609,0,35,84.54,0.971,1,0,18.673,18.673,0,30,5427,157022.3,95.62,15,8.77
1786079799589,1863,v1,0.0756,0.2683,0.2124,1.135,0.4904,0.01878,0.2386,0.002992,0.602,1,12,94.33,0.906,1,144,6.366,6.112,1,30,6448,61719.6,100.0,4,11.76
1786079794731,1864,v1,0.0447,0.3101,0.2467,0.8377,0.4284,0.01754,0.2049,0.002615,0.676,0,5,25.69,0.974,1,4374,4.0,2.545,1,30,6061,161786.2,100.0,13,44.05
1786079797752,1865,v1,0.0163,0.4536,0.4052,1.0203,0.6731,0.00885,0.1147,0.002893,0.653,1,36,38.39,0.597,1,0,0.0,0.0,0,30,6923,388846.0,0.0,-1,11.22
1786079799451,1866,v1,0.0528,0.7416,0.1764,1.9552,0.5541,0.00861,0.1187,0.003318,0.589,0,24,23.17,0.523,1,289,17.203,16.417,0,30,6004,186677.4,83.99,16,12.86
1786079800937,1867,v1,0.0443,0.4601,0.4044,1.0625,0.1828,0.01761,0.2045,0.002721,0.602,0,36,46.49,0.977,1,0,18.218,18.218,0,30,6256,171995.4,100.0,15,9.99
1786079795344,1868,v1,0.0561,0.828,0.1787,1.6875,0.3887,0.02005,0.1516,0.003614,0.582,1,36,50.65,0.809,1,905,18.184,15.214,0,30,6265,182294.3,99.92,15,13.63
1786079796925,1869,v1,0.0432,0.7842,0.3561,1.1033,0.1021,0.02919,0.226,0.002091,0.618,1,8,34.86,0.799,1,4096,6.736,2.037,1,30,6145,146938.5,100.0,6,21.32
1786079799437,1870,v1,0.0535,0.6256,0.4656,1.7252,0.6219,0.00905,0.0913,0.002132,0.7,1,14,75.07,0.478,1,3377,13.0,5.747,0,30,6222,343557.1,38.41,18,8.2
1786079800957,1871,v1,0.0677,0.5059,0.3594,2.4778,0.1315,0.01863,0.1614,0.002651,0.697,1,32,25.55,0.578,1,0,14.36,14.36,1,30,6483,149781.5,100.0,13,10.06
1786079795642,1872,v1,0.0489,0.803,0.4946,1.9761,0.6582,0.02586,0.2062,0.003192,0.626,1,23,79.79,0.464,1,0,10.089,10.089,1,30,6395,104174.8,100.0,7,12.15
1786079796931,1873,v1,0.0404,0.5826,0.2681,1.1164,0.1272,0.0061,0.2004,0.003267,0.688,0,29,52.62,0.682,1,0,14.286,14.286,1,30,6058,131611.2,100.0,13,11.72
1786079798351,1874,v1,0.0417,0.4642,0.2727,1.1595,0.6387,0.01728,0.1168,0.001592,0.612,1,29,92.36,0.52,1,0,14.056,14.056,1,30,6441,143438.3,100.0,13,5.99
1786079801191,1875,v1,0.0154,0.2433,0.4035,2.4286,0.5847,0.01367,0.2484,0.002999,0.679,1,17,80.61,0.436,1,3008,16.0,8.159,0,30,6419,387759.6,0.0,-1,11.03
1786079796669,1876,v1,0.0531,0.4236,0.4569,1.2164,0.5414,0.03041,0.1908,0.001947,0.59,0,4,28.57,0.579,1,1822,3.0,2.658,0,30,5355,170923.8,59.17,10,6.91
1786079799436,1877,v1,0.0634,0.5152,0.1157,0.8829,0.6303,0.01911,0.0815,0.001397,0.698,0,9,27.75,0.947,1,3822,8.0,4.365,0,30,6380,341415.1,37.25,17,5.92
1786079801860,1878,v1,0.0411,0.7286,0.2218,1.8518,0.9566,0.0263,0.1533,0.002602,0.687,0,9,43.0,0.52,1,2425,8.0,5.992,0,30,7402,297599.6,60.94,17,9.86
1786079803422,1879,v1,0.0724,0.9059,0.4769,1.0522,0.1555,0.01758,0.1615,0.002315,0.645,1,33,33.55,0.926,1,967,18.335,15.059,0,30,5834,210870.6,91.75,15,8.93
1786079798881,1880,v1,0.0307,0.8059,0.1691,2.1113,0.1648,0.01311,0.2237,0.003308,0.641,0,23,36.97,0.706,1,0,13.607,13.607,0,30,5614,277614.0,63.8,18,11.49
1786079800728,1881,v1,0.0556,0.4933,0.3223,1.9619,0.5657,0.01952,0.051,0.002461,0.7,1,12,52.14,0.714,1,5833,11.0,0.559,1,30,6339,178562.0,100.0,22,94.86
1786079803091,1882,v1,0.0667,0.5315,0.2966,1.6657,0.2461,0.0188,0.2426,0.002917,0.607,1,9,21.89,0.916,1,5878,8.0,0.0,0,30,6018,360992.6,0.0,-1,11.03
1786079804382,1883,v1,0.0191,0.3625,0.1844,1.204,0.611,0.01426,0.0844,0.003035,0.617,0,22,76.77,0.312,1,0,18.595,18.595,0,30,5543,184037.7,89.34,18,11.11
1786079800631,1884,v1,0.0608,0.9176,0.1096,1.6981,0.2668,0.02153,0.1193,0.003088,0.666,0,5,94.8,0.869,1,0,4.0,4.0,0,30,5455,215080.6,87.0,16,11.71
1786079802203,1885,v1,0.068,0.6766,0.4845,1.6097,0.78,0.01779,0.2178,0.001447,0.688,1,12,39.32,0.774,1,4997,10.431,2.275,1,30,6775,151819.8,100.0,9,6.88
1786079803838,1886,v1,0.0309,0.2048,0.2309,0.8851,0.1148,0.0134,0.0759,0.003426,0.627,1,30,86.17,0.539,1,0,14.718,14.718,1,30,6185,135228.2,100.0,13,13.4
1786079805216,1887,v1,0.0239,0.4596,0.2406,1.5208,0.9258,0.01257,0.1743,0.001451,0.673,0,29,67.17,0.306,1,0,15.018,15.018,1,30,6514,149441.5,100.0,14,5.33
1786079801981,1888,v1,0.0722,0.9321,0.4207,2.2118,0.2837,0.00862,0.2182,0.003475,0.615,0,16,48.21,0.718,1,1531,15.0,11.618,0,30,6230,264134.2,67.46,15,13.18
1786079803747,1889,v1,0.0372,0.5239,0.2144,1.9903,0.9382,0.01866,0.0693,0.001961,0.615,1,15,23.21,0.605,1,0,13.0,13.0,1,30,6993,158835.8,100.0,13,7.54
1786079805189,1890,v1,0.0529,0.9937,0.2895,1.7496,0.4928,0.0131,0.0625,0.00123,0.653,0,9,39.97,0.395,1,1503,8.0,6.61,1,30,6538,158497.3,100.0,13,11.87
1786079806424,1891,v1,0.0603,0.6979,0.2541,1.892,0.6756,0.00962,0.1209,0.003199,0.662,1,36,47.65,0.998,1,1244,20.269,16.114,0,30,6818,248154.7,86.75,16,12.41
1786079804025,1892,v1,0.07,0.5596,0.213,1.0937,0.2168,0.00739,0.2076,0.001269,0.657,1,11,40.29,0.666,1,6021,10.0,0.508,0,30,6424,411404.2,4.9,-1,4.93
1786079805936,1893,v1,0.0258,0.3076,0.4904,2.2805,0.8404,0.01521,0.2494,0.001375,0.662,1,25,23.38,0.716,1,638,12.156,10.195,0,30,6543,305186.0,59.05,19,5.4
1786079807705,1894,v1,0.0107,0.3736,0.1542,2.3151,0.4862,0.02882,0.1035,0.002651,0.683,1,31,76.82,0.778,1,0,0.499,0.499,0,30,7306,416938.3,2.32,-1,9.77
1786079808985,1895,v1,0.0171,0.434,0.3141,1.5413,0.1959,0.01974,0.0563,0.001204,0.692,0,4,47.52,0.906,1,4397,3.0,2.297,0,30,6275,361122.3,0.0,-1,4.45
1786079803836,1896,v1,0.062,0.5461,0.2168,1.9394,0.986,0.02774,0.2173,0.001977,0.594,1,19,65.73,0.725,1,980,14.921,12.59,0,30,6417,205762.3,89.59,14,6.79
1786079805892,1897,v1,0.0266,0.5188,0.4233,2.358,0.1973,0.00987,0.1682,0.003712,0.679,0,7,22.03,0.452,1,1970,6.0,4.593,0,30,5736,330702.2,0.0,-1,14.07
1786079806657,1898,v1,0.0535,0.3723,0.4596,1.8451,0.1497,0.01004,0.1485,0.002093,0.621,0,16,96.65,0.76,1,0,13.0,13.0,1,30,6021,139098.7,100.0,13,7.84
1786079807953,1899,v1,0.0665,0.4373,0.3956,1.4122,0.2276,0.00741,0.1535,0.002607,0.592,0,22,25.72,0.563,1,350,16.027,15.293,0,30,6987,248964.6,84.51,15,9.9
1786079815192,1900,v1,0.0459,0.5801,0.2656,1.9564,0.8192,0.01595,0.1225,0.003649,0.606,0,29,31.36,0.801,1,0,17.631,17.631,0,30,6509,190668.8,88.99,15,13.97
1786079816642,1901,v1,0.0229,0.8869,0.1825,1.1115,0.6803,0.01786,0.0553,0.002936,0.605,0,33,85.53,0.472,1,0,18.85,18.85,0,30,5240,156251.8,87.96,16,11.32
1786079818601,1902,v1,0.0687,0.4706,0.2092,2.186,0.1176,0.00692,0.0827,0.002589,0.652,1,27,95.36,0.428,1,0,19.647,19.647,0,30,5881,260438.6,86.12,17,9.62
1786079820465,1903,v1,0.0109,0.3253,0.4089,1.6079,0.4755,0.03131,0.2417,0.001265,0.685,1,34,36.28,0.417,1,284,11.735,10.626,0,30,5503,248621.6,50.84,18,4.49
1786079815892,1904,v1,0.0219,0.4953,0.1,1.7205,0.2476,0.02272,0.1516,0.002541,0.6,0,5,34.27,0.899,1,3468,4.0,2.815,1,30,5913,151138.5,100.0,13,63.17
1786079817242,1905,v1,0.0377,0.8591,0.1427,1.5733,0.6361,0.01092,0.075,0.003671,0.628,0,13,39.27,0.877,1,2590,12.0,7.396,1,30,5874,140677.8,100.0,13,33.88
1786079818856,1906,v1,0.0104,0.4124,0.1522,2.3539,0.7846,0.01334,0.1259,0.003627,0.586,1,11,50.14,0.627,1,4466,10.0,2.632,1,30,6280,163963.2,100.0,13,77.68
1786079820173,1907,v1,0.0702,0.566,0.4699,1.9511,0.73,0.00526,0.2289,0.003391,0.586,0,22,68.09,0.955,1,0,6.287,6.287,1,30,6619,54773.8,100.0,4,12.58
1786079816284,1908,v1,0.0409,0.5704,0.1883,1.5431,0.836,0.00377,0.166,0.003681,0.588,1,36,73.58,0.898,1,0,14.696,14.696,1,30,5717,126526.1,100.0,13,13.42
1786079818614,1909,v1,0.0602,0.666,0.3256,1.7038,0.5166,0.01151,0.0725,0.003375,0.64,1,10,71.42,0.677,1,5226,9.0,1.222,0,30,6222,344157.0,11.94,-1,12.81
1786079820409,1910,v1,0.0664,0.8201,0.1796,2.2894,0.3239,0.02857,0.0898,0.002518,0.582,1,36,38.94,0.485,1,570,17.602,16.089,0,30,7187,197992.2,84.97,14,9.67
1786079821669,1911,v1,0.0754,0.9256,0.3135,1.8055,0.6656,0.01912,0.0837,0.002963,0.609,1,16,97.71,0.966,1,0,8.542,8.542,1,30,6081,79148.9,100.0,4,10.66
1786079816878,1912,v1,0.0607,0.4176,0.4976,0.9375,0.872,0.00993,0.1547,0.001718,0.644,0,17,24.81,0.367,1,37,16.0,15.921,0,30,6741,210820.8,97.27,16,6.26
1786079818402,1913,v1,0.016,0.8797,0.1187,2.2684,0.2324,0.00802,0.2015,0.002016,0.601,1,26,48.29,0.614,1,750,13.698,11.812,1,30,5675,131848.8,100.0,13,17.41
1786079819604,1914,v1,0.0145,0.7735,0.3159,2.2563,0.8415,0.00421,0.2258,0.002906,0.598,1,24,80.56,0.683,1,0,13.365,13.365,1,30,5817,129495.4,100.0,13,11.12
1786079821500,1915,v1,0.0367,0.3921,0.1069,2.3108,0.9272,0.02059,0.2154,0.001635,0.643,0,18,91.63,0.958,1,0,16.859,16.859,0,30,6629,208587.3,85.0,17,6.34
1786079818512,1916,v1,0.0343,0.9301,0.1214,1.4353,0.2022,0.01256,0.153,0.00125,0.7,1,21,69.82,0.85,1,440,7.211,5.835,0,30,6234,361740.0,37.97,19,4.96
1786079820116,1917,v1,0.0511,0.4729,0.1298,1.7141,0.9891,0.0091,0.1761,0.003322,0.67,0,20,65.54,0.484,1,0,18.55,18.55,0,30,5975,196820.3,91.26,18,11.98
1786079821940,1918,v1,0.0727,0.583,0.2903,2.4943,0.2023,0.03107,0.1628,0.002169,0.637,0,26,95.84,0.803,1,0,16.669,16.669,0,30,6341,183970.7,84.34,15,8.5
1786079823596,1919,v1,0.0136,0.4364,0.4386,2.1369,0.6742,0.02453,0.1879,0.002309,0.613,0,18,51.08,0.394,1,417,16.463,15.33,0,30,5783,186304.0,79.71,16,10.29
1786079818052,1920,v1,0.0362,0.4746,0.3986,2.3138,0.8003,0.01508,0.1153,0.002777,0.665,0,23,48.41,0.838,1,0,18.472,18.472,0,30,5666,189893.4,86.31,17,10.52
1786079819353,1921,v1,0.0264,0.2893,0.3971,1.3322,0.695,0.01422,0.0745,0.001413,0.632,0,17,75.87,0.865,1,0,13.0,13.0,1,30,5576,127304.3,100.0,13,5.13
1786079820863,1922,v1,0.0425,0.5692,0.3837,1.5317,0.9975,0.02997,0.1938,0.00361,0.711,0,25,95.87,0.308,1,0,13.531,13.531,1,30,6854,158598.9,100.0,13,13.44
1786079822675,1923,v1,0.0251,0.8248,0.1721,1.3754,0.4904,0.02958,0.1869,0.001594,0.665,0,36,35.69,0.373,1,0,20.187,20.187,0,30,6338,202975.1,88.4,17,6.3
1786079819673,1924,v1,0.0114,0.4242,0.2083,0.9574,0.7109,0.02106,0.1264,0.002455,0.63,1,5,51.45,0.647,1,5340,4.0,0.299,0,30,5819,340371.4,3.78,-1,9.07
1786079820931,1925,v1,0.0105,0.6707,0.4951,2.392,0.9334,0.03164,0.0915,0.00279,0.591,0,29,71.2,0.922,1,0,12.177,12.177,1,30,6010,108567.6,100.0,8,10.68
1786079823407,1926,v1,0.0313,0.5228,0.4498,2.3247,0.394,0.02012,0.1732,0.003692,0.699,1,30,23.59,0.941,1,2030,13.158,5.345,0,30,6282,351778.3,60.35,19,13.45
1786079824793,1927,v1,0.0652,0.2972,0.3411,1.0611,0.6983,0.00804,0.1414,0.0015,0.611,0,32,25.25,0.497,1,0,11.625,11.625,1,30,6946,103378.3,100.0,5,5.92
1786079823156,1928,v1,0.0225,0.8656,0.3522,1.2731,0.7589,0.02159,0.1806,0.002243,0.607,1,9,37.97,0.828,1,5204,8.0,0.518,0,30,5671,328350.0,5.92,-1,8.78
1786079824637,1929,v1,0.0563,0.7303,0.4938,1.6043,0.1849,0.0249,0.1742,0.003462,0.714,0,33,66.64,0.44,1,0,14.341,14.341,1,30,5818,127785.9,100.0,13,13.01
1786079826485,1930,v1,0.0214,0.2503,0.455,1.5206,0.7003,0.01536,0.1627,0.003494,0.72,0,24,30.31,0.776,1,0,15.608,15.608,1,30,6564,170533.9,100.0,15,12.74
1786079827542,1931,v1,0.0688,0.7015,0.454,1.7685,0.9551,0.00451,0.0897,0.002435,0.592,1,18,35.99,0.336,1,0,8.592,8.592,1,30,5449,72516.5,100.0,4,10.04
1786079824208,1932,v1,0.0422,0.6699,0.35,2.0337,0.7123,0.02153,0.1853,0.00294,0.676,1,10,25.68,0.585,1,4664,9.0,2.208,0,30,6341,339841.0,21.17,18,11.26
1786079826124,1933,v1,0.0247,0.2169,0.497,2.1989,0.6898,0.01191,0.204,0.002069,0.656,1,9,45.94,0.902,1,6587,8.0,0.0,1,30,6692,175996.5,0.0,-1,100.0
1786079827510,1934,v1,0.0445,0.3775,0.1984,1.0842,0.2642,0.01377,0.0781,0.003076,0.603,0,36,94.02,0.801,1,0,18.674,18.674,0,30,5848,170522.3,91.37,15,10.98
1786079828994,1935,v1,0.0563,0.6517,0.1372,1.5702,0.2433,0.00852,0.2042,0.001646,0.608,0,24,89.89,0.419,1,0,12.402,12.402,1,30,5948,122656.1,100.0,8,6.17
1786079823554,1936,v1,0.0592,0.8604,0.1083,1.9531,0.1332,0.02779,0.085,0.001741,0.656,1,33,29.28,0.946,1,0,14.078,14.078,1,30,5550,124121.9,100.0,13,6.81
1786079825346,1937,v1,0.0584,0.4717,0.4279,1.7034,0.8172,0.02581,0.1115,0.002182,0.69,0,28,59.83,0.488,1,0,17.929,17.929,0,30,6466,176456.5,89.06,16,8.74
1786079826875,1938,v1,0.0115,0.7131,0.4263,1.5078,0.5747,0.01582,0.1878,0.003346,0.583,1,32,50.25,0.593,1,734,18.402,15.914,0,30,5993,193013.7,84.83,16,12.87
1786079828706,1939,v1,0.0381,0.8551,0.4004,2.2259,0.7593,0.02052,0.1625,0.003442,0.662,0,35,79.91,0.69,1,0,14.566,14.566,1,30,7271,161428.4,100.0,13,12.67
1786079824468,1940,v1,0.035,0.3441,0.3664,1.4697,0.8131,0.00564,0.0924,0.003429,0.632,0,27,40.25,0.906,1,0,19.202,19.202,0,30,5859,201004.5,89.72,18,12.66
1786079825730,1941,v1,0.0266,0.8388,0.4798,1.2373,0.4737,0.01702,0.1466,0.002116,0.611,0,22,64.92,0.936,1,0,10.121,10.121,1,30,6398,104995.9,100.0,7,8.03
1786079828197,1942,v1,0.0566,0.2856,0.2479,0.9166,0.2114,0.01995,0.0994,0.003087,0.679,0,4,64.84,0.781,1,2613,3.0,2.609,0,30,6740,325028.6,52.86,16,10.86
1786079829201,1943,v1,0.0665,0.5889,0.1483,2.0001,0.946,0.0301,0.1389,0.002476,0.587,0,35,41.79,0.375,1,0,9.746,9.746,1,30,5705,69524.9,100.0,4,9.15
1786079824797,1944,v1,0.0633,0.6582,0.2679,1.3865,0.8505,0.01349,0.2454,0.001611,0.709,0,31,60.25,0.657,1,0,14.34,14.34,1,30,6077,136451.1,100.0,13,6.2
1786079826381,1945,v1,0.0625,0.5825,0.4614,1.8403,0.602,0.01453,0.1783,0.001757,0.703,0,7,85.06,0.646,1,0,6.0,6.0,1,30,5212,118995.8,100.0,13,6.06
1786079828314,1946,v1,0.0254,0.2959,0.1064,1.9771,0.3569,0.00726,0.1143,0.003736,0.658,1,26,85.89,0.895,1,0,15.329,15.329,1,30,7543,176548.5,100.0,14,14.2
1786079829623,1947,v1,0.0341,0.7688,0.1503,1.7422,0.5538,0.01785,0.1722,0.002522,0.65,1,20,96.66,0.322,1,0,13.0,13.0,1,30,6303,141156.1,100.0,13,9.42
1786079825448,1948,v1,0.0106,0.7324,0.1342,1.1743,0.4653,0.03087,0.2241,0.002782,0.583,1,24,85.31,0.892,1,0,11.28,11.28,1,30,5784,101897.2,100.0,9,10.81
1786079826875,1949,v1,0.0625,0.973,0.2405,2.4582,0.9879,0.02519,0.1586,0.001247,0.703,0,23,31.8,0.967,1,0,13.203,13.203,1,30,5974,131822.6,100.0,13,4.52
1786079828536,1950,v1,0.0328,0.6694,0.3422,1.148,0.7854,0.02505,0.0808,0.001392,0.667,0,6,22.65,0.516,1,2389,5.0,3.795,1,30,5999,147454.8,100.0,13,43.12
1786079830163,1951,v1,0.0314,0.24,0.4555,1.8277,0.81,0.02687,0.151,0.001245,0.685,0,26,65.81,0.441,1,0,14.204,14.204,1,30,6655,158286.6,100.0,13,4.69
1786079827446,1952,v1,0.0434,0.8432,0.4242,2.2362,0.2362,0.02253,0.1375,0.002247,0.6,1,22,28.58,0.948,1,982,15.878,13.363,0,30,6462,203795.9,97.02,15,8.85
1786079829764,1953,v1,0.0579,0.6874,0.3041,2.1913,0.6243,0.0179,0.2291,0.002403,0.7,0,9,48.31,0.667,1,2167,8.0,5.956,0,30,6495,310060.1,56.57,17,9.3
1786079831179,1954,v1,0.0141,0.3411,0.4975,0.9662,0.4451,0.02392,0.0675,0.001736,0.64,1,22,37.53,0.314,1,574,12.968,11.727,1,30,6189,143367.4,100.0,13,15.29
1786079832782,1955,v1,0.0675,0.8829,0.1731,1.9923,0.3823,0.03196,0.0521,0.001845,0.679,0,33,98.65,0.956,1,0,18.269,18.269,0,30,6227,185061.7,93.99,15,6.66
1786079831270,1956,v1,0.0287,0.8106,0.3212,2.2421,0.9328,0.00378,0.2097,0.003077,0.643,0,5,25.42,0.98,1,4711,4.0,2.709,0,30,7392,437873.5,0.0,-1,11.74
1786079832990,1957,v1,0.0581,0.6675,0.1059,2.1256,0.2419,0.02482,0.2132,0.001994,0.663,1,5,38.51,0.703,1,6753,4.0,0.118,1,30,7026,197804.7,100.0,25,97.28
1786079834779,1958,v1,0.0412,0.5392,0.3818,1.1639,0.4838,0.03034,0.075,0.001303,0.72,0,13,38.93,0.583,1,2084,12.0,8.595,1,30,6215,152522.6,100.0,13,12.05
1786079836486,1959,v1,0.0172,0.7453,0.1659,2.1255,0.7888,0.01002,0.0582,0.0017,0.67,1,33,77.44,0.847,1,0,14.37,14.37,1,30,6534,148598.8,100.0,13,6.73
1786079831816,1960,v1,0.0282,0.6137,0.3471,2.3686,0.4603,0.0098,0.1466,0.001441,0.63,1,16,96.27,0.451,1,3001,15.0,7.378,0,30,6034,361577.3,21.72,19,5.63
1786079833198,1961,v1,0.0524,0.2258,0.2788,1.6216,0.9249,0.01789,0.1194,0.001847,0.67,1,27,59.37,0.397,1,0,14.618,14.618,1,30,6086,149186.1,100.0,13,6.51
1786079834626,1962,v1,0.0378,0.6494,0.1915,0.8363,0.2459,0.02252,0.2067,0.003156,0.597,1,30,67.85,0.56,1,0,13.29,13.29,1,30,6022,116799.3,100.0,10,11.59
1786079835998,1963,v1,0.06,0.8036,0.2326,2.1139,0.8223,0.00816,0.1714,0.002466,0.584,1,8,26.51,0.396,1,1467,6.086,4.315,1,30,5636,96938.9,100.0,5,18.61
1786079831759,1964,v1,0.0233,0.4364,0.254,1.4836,0.6111,0.00338,0.199,0.002584,0.607,0,36,43.25,0.754,1,0,14.746,14.746,1,30,6887,155316.3,100.0,13,10.16
1786079832973,1965,v1,0.074,0.4002,0.2269,2.2713,0.6412,0.01517,0.1915,0.001538,0.685,0,17,64.51,0.618,1,0,13.01,13.01,1,30,5854,133660.8,100.0,13,6.29
1786079834823,1966,v1,0.0652,0.269,0.2427,2.2752,0.1224,0.01324,0.1206,0.002276,0.607,0,34,21.94,0.507,1,311,20.711,19.711,0,30,6117,248685.3,99.46,16,8.48
1786079836777,1967,v1,0.0635,0.7808,0.4698,2.4691,0.8435,0.00631,0.1922,0.002295,0.674,0,18,80.21,0.323,1,0,17.0,17.0,0,30,6739,226253.4,90.91,17,8.65
1786079832104,1968,v1,0.0614,0.6088,0.401,2.1527,0.5874,0.01267,0.2491,0.002752,0.619,0,4,23.62,0.739,1,2860,3.0,2.46,1,30,5339,124454.2,100.0,13,57.46
1786079834453,1969,v1,0.0174,0.8092,0.3036,0.9202,0.6491,0.0256,0.2012,0.001624,0.638,0,15,29.25,0.707,1,3420,14.0,7.376,0,30,6343,307232.9,38.62,16,6.46
1786079835749,1970,v1,0.0716,0.9465,0.1304,1.482,0.228,0.01139,0.0812,0.003743,0.583,0,30,38.28,0.411,1,0,11.528,11.528,1,30,6206,102778.6,100.0,3,13.81
1786079837236,1971,v1,0.0683,0.5547,0.1686,1.6963,0.1608,0.02805,0.0901,0.001495,0.616,1,31,32.45,0.637,1,0,13.851,13.851,1,30,6548,143729.7,100.0,13,6.17
1786079832766,1972,v1,0.0612,0.7323,0.406,1.823,0.8418,0.01251,0.0818,0.001221,0.669,0,20,58.23,0.401,1,0,17.143,17.143,0,30,5989,197109.2,88.12,17,5.39
1786079834300,1973,v1,0.0614,0.5267,0.1419,1.1664,0.934,0.01525,0.1366,0.00127,0.695,1,29,63.05,0.959,1,967,14.166,11.711,1,30,5709,130613.1,100.0,13,5.06
1786079836057,1974,v1,0.0279,0.2062,0.4737,0.9009,0.5856,0.01962,0.0773,0.003454,0.637,0,7,78.99,0.689,1,0,6.0,6.0,0,30,6269,188068.7,94.47,16,12.76
1786079837565,1975,v1,0.077,0.8157,0.4443,1.3943,0.2748,0.02607,0.2307,0.002315,0.584,1,35,26.8,0.506,1,575,15.648,14.087,0,30,6236,146001.4,84.53,11,8.9
1786079833024,1976,v1,0.0693,0.4112,0.346,2.399,0.1506,0.0292,0.2207,0.002939,0.647,0,20,23.8,0.794,1,0,11.209,11.209,1,30,5739,105255.6,100.0,6,10.93
1786079834674,1977,v1,0.0181,0.5343,0.4797,1.3072,0.294,0.02708,0.0975,0.001917,0.68,0,23,47.5,0.857,1,0,13.199,13.199,1,30,6563,153926.0,100.0,13,7.21
1786079836378,1978,v1,0.0109,0.8887,0.3159,1.7865,0.6633,0.01228,0.1388,0.003217,0.613,1,22,67.74,0.864,1,0,13.0,13.0,1,30,6406,134138.0,100.0,13,12.5
1786079837405,1979,v1,0.0581,0.5991,0.2289,2.1494,0.6999,0.01841,0.1707,0.003506,0.587,1,16,51.66,0.348,1,0,9.485,9.485,1,30,5571,84106.6,100.0,6,13.18
1786079835936,1980,v1,0.0255,0.8678,0.1117,0.8777,0.1689,0.01009,0.0757,0.002613,0.691,1,10,94.36,0.972,1,5370,9.0,0.0,0,30,5496,318357.0,0.0,-1,9.86
1786079837126,1981,v1,0.0275,0.5305,0.2754,1.2014,0.8306,0.00917,0.1632,0.002231,0.704,1,35,23.93,0.441,1,487,15.301,13.843,1,30,5471,131224.0,100.0,13,8.94
1786079838502,1982,v1,0.0735,0.4722,0.4214,1.479,0.3975,0.01265,0.0546,0.001978,0.607,1,33,81.23,0.613,1,0,10.385,10.385,1,30,6207,87244.8,100.0,4,8.06
1786079839780,1983,v1,0.0769,0.7073,0.4526,1.9117,0.4172,0.01605,0.1393,0.00369,0.603,0,22,91.64,0.535,1,0,15.865,15.865,0,30,5687,155066.1,100.0,15,13.61
1786079838285,1984,v1,0.0393,0.8618,0.4667,1.9898,0.2747,0.02149,0.2022,0.001653,0.641,0,26,51.5,0.471,1,0,17.458,17.458,0,30,6014,180840.6,86.13,16,6.3
1786079839447,1985,v1,0.0668,0.6266,0.141,2.3448,0.4132,0.02082,0.2248,0.003443,0.612,1,23,97.63,0.8,1,0,11.773,11.773,1,30,6529,125602.5,100.0,8,12.68
1786079840825,1986,v1,0.0702,0.4858,0.2551,2.1001,0.4098,0.02126,0.1995,0.00353,0.628,1,35,66.04,0.468,1,0,12.975,12.975,1,30,5987,112707.4,100.0,8,13.3
1786079841943,1987,v1,0.0444,0.4123,0.4715,1.4996,0.625,0.00979,0.2325,0.002854,0.605,0,19,65.34,0.3,1,0,9.98,9.98,1,30,6579,102884.5,100.0,6,10.24
1786079838500,1988,v1,0.0523,0.7931,0.4631,1.9172,0.7954,0.00745,0.0872,0.002548,0.632,0,28,73.64,0.742,1,0,14.04,14.04,1,30,6254,141373.3,100.0,13,9.96
1786079839991,1989,v1,0.059,0.7829,0.2892,2.1377,0.561,0.00502,0.1385,0.002695,0.642,0,24,68.79,0.927,1,0,13.366,13.366,1,30,7147,159972.4,100.0,13,9.95
1786079842229,1990,v1,0.0171,0.9734,0.1836,1.7706,0.3714,0.02612,0.0953,0.003591,0.623,1,7,59.42,0.966,1,6064,6.0,0.0,0,30,6183,369273.9,0.0,-1,13.47
1786079843182,1991,v1,0.0692,0.865,0.3822,2.2526,0.7839,0.03177,0.1995,0.003726,0.632,0,36,31.44,0.903,1,0,17.68,17.68,0,30,5880,160613.7,88.15,14,14.35
1786079838891,1992,v1,0.0381,0.2903,0.4119,2.2773,0.4076,0.03028,0.1248,0.001984,0.658,0,21,63.37,0.411,1,0,16.548,16.548,0,30,6371,188945.8,84.34,16,7.44
1786079840781,1993,v1,0.0112,0.5766,0.281,1.7881,0.3092,0.02869,0.2163,0.002702,0.667,1,23,98.2,0.891,1,0,11.922,11.922,0,30,5689,248727.2,59.22,19,9.95
1786079841894,1994,v1,0.0301,0.8866,0.2347,1.2515,0.1947,0.01704,0.145,0.003416,0.619,1,23,52.0,0.998,1,857,13.12,11.106,1,30,5948,136735.4,100.0,13,14.48
1786079843086,1995,v1,0.0296,0.623,0.1648,1.4922,0.3057,0.02796,0.2423,0.001273,0.698,1,9,25.75,0.817,1,5723,8.0,0.0,1,30,5796,153442.2,0.0,-1,100.0
1786079839477,1996,v1,0.0695,0.684,0.1178,1.9294,0.3657,0.01964,0.2082,0.003264,0.602,0,16,43.48,0.699,1,0,10.563,10.563,1,30,7202,118854.4,100.0,5,11.86
1786079841407,1997,v1,0.0278,0.7747,0.4578,2.4409,0.1417,0.02549,0.2374,0.003372,0.625,1,15,38.19,0.379,1,3067,14.0,6.598,0,30,6108,280059.1,39.93,16,12.59
1786079842574,1998,v1,0.0739,0.7927,0.3516,0.8288,0.889,0.02508,0.2434,0.002289,0.587,1,28,28.94,0.961,1,1132,6.413,5.317,1,30,6914,44183.4,100.0,3,8.56
1786079843282,1999,v1,0.0487,0.6455,0.2845,2.0374,0.9985,0.02035,0.2355,0.003399,0.698,0,36,67.65,0.529,1,0,14.714,14.714,1,30,5876,133155.1,100.0,13,13.29
1786079849441,2000,v1,0.044,0.2836,0.1211,1.729,0.1272,0.02085,0.2,0.003082,0.691,0,7,50.96,0.736,1,2793,6.0,4.313,1,30,6744,171468.7,100.0,14,48.87
1786079851766,2001,v1,0.0785,0.6314,0.4674,1.2653,0.2081,0.0031,0.1857,0.001534,0.583,1,4,57.25,0.687,1,6031,3.0,0.049,0,30,6161,357828.0,1.63,-1,5.84
1786079853332,2002,v1,0.0726,0.398,0.1539,1.6898,0.1218,0.03128,0.1255,0.003445,0.587,0,25,38.86,0.93,1,0,11.623,11.623,1,30,6194,116142.9,100.0,6,12.95
1786079854921,2003,v1,0.08,0.2556,0.1627,1.3069,0.5351,0.01035,0.1841,0.003264,0.619,1,15,23.69,0.469,1,0,12.743,12.743,1,30,6505,143920.0,100.0,13,11.94
1786079849629,2004,v1,0.0764,0.9771,0.2941,1.1389,0.6249,0.02272,0.1595,0.001362,0.601,0,36,83.8,0.859,1,0,10.503,10.503,1,30,5623,75662.0,100.0,3,5.6
1786079851169,2005,v1,0.016,0.7737,0.4159,2.051,0.8919,0.02978,0.1934,0.002903,0.594,1,14,63.08,0.725,1,0,10.727,10.727,1,30,6285,116699.2,100.0,9,10.52
1786079852813,2006,v1,0.0293,0.2452,0.1447,1.33,0.3234,0.02328,0.0718,0.002444,0.699,0,21,87.11,0.641,1,0,13.904,13.904,1,30,6569,158091.2,100.0,14,8.97
1786079853995,2007,v1,0.0104,0.9802,0.3872,1.6649,0.2478,0.01699,0.1306,0.001906,0.654,0,27,53.22,0.425,1,0,13.848,13.848,1,30,6198,138654.1,100.0,13,7.41
1786079851408,2008,v1,0.0547,0.4031,0.4362,1.9514,0.8476,0.00735,0.2471,0.003198,0.682,0,10,39.12,0.934,1,3946,9.0,4.561,0,30,6396,329240.6,31.75,18,12.29
1786079853013,2009,v1,0.0639,0.7777,0.1064,2.0829,0.2634,0.01855,0.1484,0.002747,0.627,1,35,25.96,0.724,1,906,14.085,11.781,1,30,6026,132399.6,100.0,13,10.95
1786079854846,2010,v1,0.0265,0.3692,0.411,0.8714,0.6707,0.00555,0.0619,0.001705,0.581,1,30,33.54,0.334,1,404,18.246,17.091,0,30,6695,214158.6,85.15,16,6.99
1786079856132,2011,v1,0.0628,0.5525,0.1368,1.5683,0.8676,0.00535,0.2109,0.002964,0.596,1,29,36.04,0.986,1,1044,10.243,8.471,1,30,6464,86208.6,100.0,5,11.48
1786079851370,2012,v1,0.0691,0.6101,0.3619,2.3793,0.7401,0.0178,0.1102,0.003247,0.689,0,20,34.43,0.61,1,0,16.957,16.957,0,30,6844,201057.0,93.17,16,12.05
1786079853187,2013,v1,0.0721,0.3151,0.1104,1.4996,0.9976,0.01847,0.0597,0.002853,0.661,0,24,97.91,0.378,1,0,17.088,17.088,0,30,6460,197063.8,95.14,16,10.37
1786079854728,2014,v1,0.0289,0.7154,0.1041,2.388,0.7539,0.00919,0.1975,0.001307,0.69,1,28,38.5,0.756,1,960,14.721,12.318,1,30,6040,144854.0,100.0,13,11.85
1786079856314,2015,v1,0.0783,0.6126,0.1924,1.1034,0.4588,0.0208,0.1196,0.002996,0.616,0,25,21.48,0.84,1,616,16.343,14.769,0,30,5973,188839.5,100.0,15,11.64
1786079851508,2016,v1,0.0305,0.9565,0.2116,2.1817,0.3029,0.01232,0.1548,0.003313,0.581,0,11,78.4,0.662,1,1286,9.221,7.542,1,30,6324,123498.1,100.0,8,30.57
1786079853027,2017,v1,0.0602,0.6388,0.4306,1.9368,0.8924,0.02154,0.0853,0.003108,0.631,0,16,84.32,0.5,1,0,15.0,15.0,0,30,5000,142027.9,86.57,15,12.02
1786079854540,2018,v1,0.0627,0.7081,0.4894,2.4393,0.7572,0.01306,0.0939,0.001654,0.661,1,22,63.36,0.998,1,0,17.485,17.485,0,30,5646,173044.9,83.96,17,6.78
1786079856197,2019,v1,0.0422,0.271,0.3,2.1337,0.3334,0.02214,0.1536,0.001575,0.622,0,6,87.27,0.602,1,0,5.0,5.0,1,30,6501,146110.6,100.0,13,6.25
1786079852887,2020,v1,0.0598,0.4642,0.3784,1.1634,0.9374,0.02721,0.1355,0.003291,0.602,0,5,75.17,0.853,1,3401,4.0,2.875,0,30,6114,259355.1,38.32,13,11.86
1786079854047,2021,v1,0.0395,0.8208,0.1228,2.2451,0.8926,0.01517,0.1515,0.003356,0.712,0,30,63.93,0.304,1,0,14.367,14.367,1,30,6177,133931.2,100.0,13,12.38
1786079855525,2022,v1,0.0241,0.8793,0.1937,1.5025,0.9901,0.01122,0.1406,0.001587,0.594,0,30,30.16,0.381,1,0,14.357,14.357,1,30,5693,131681.4,100.0,13,6.38
1786079857200,2023,v1,0.0778,0.4126,0.226,1.6652,0.6279,0.02016,0.2373,0.001613,0.7,1,22,97.75,0.677,1,0,12.403,12.403,1,30,6373,132390.8,100.0,13,5.99
1786079853584,2024,v1,0.0183,0.8768,0.4539,2.1213,0.6298,0.00386,0.12,0.002947,0.621,0,20,24.68,0.522,1,1866,19.0,13.663,0,30,6292,378304.8,0.0,-1,10.86
1786079856260,2025,v1,0.051,0.3705,0.1964,1.0593,0.3644,0.00412,0.2071,0.002825,0.69,1,18,97.26,0.451,1,3297,17.0,8.046,0,30,6548,377331.5,41.72,19,10.61
1786079858329,2026,v1,0.0649,0.424,0.1913,2.4956,0.6498,0.01365,0.0697,0.002816,0.625,1,5,66.23,0.341,1,2822,4.0,2.013,0,30,5744,269006.6,46.57,16,11.26
1786079859740,2027,v1,0.0341,0.666,0.3891,1.633,0.2119,0.01015,0.0769,0.003728,0.604,1,12,74.28,0.394,1,3066,11.0,4.906,1,30,5750,148635.4,100.0,13,61.69
1786079856498,2028,v1,0.052,0.85,0.1872,2.3474,0.4154,0.02733,0.2259,0.002509,0.688,1,25,77.74,0.58,1,0,17.759,17.759,0,30,5982,203400.9,85.51,16,9.58
1786079858040,2029,v1,0.0166,0.5147,0.1449,2.2612,0.9187,0.02892,0.2303,0.002397,0.633,1,28,59.32,0.623,1,0,18.892,18.892,0,30,5750,187639.8,85.24,17,9.08
1786079859529,2030,v1,0.066,0.8663,0.2393,1.847,0.965,0.01599,0.2477,0.003174,0.631,1,30,56.36,0.966,1,0,11.892,11.892,1,30,6158,108826.2,100.0,7,12.21
1786079861634,2031,v1,0.0538,0.397,0.1371,1.5814,0.8849,0.00688,0.2451,0.002482,0.689,0,6,51.9,0.751,1,2499,5.0,3.759,0,30,6124,329732.6,53.75,19,9.14
1786079857841,2032,v1,0.0369,0.2754,0.466,2.1484,0.6811,0.00666,0.1069,0.002402,0.666,0,22,70.34,0.919,1,0,9.568,9.568,0,30,6190,305080.6,47.08,19,9.56
1786079859410,2033,v1,0.062,0.4757,0.2693,0.8539,0.8282,0.01791,0.063,0.003346,0.595,0,23,20.88,0.654,1,389,8.31,7.964,1,30,7162,80657.2,100.0,5,12.48
1786079861154,2034,v1,0.0727,0.2603,0.377,1.2404,0.7519,0.00301,0.0708,0.003562,0.631,0,18,59.21,0.818,1,0,13.0,13.0,1,30,7368,166610.7,100.0,13,13.23
1786079862603,2035,v1,0.016,0.2511,0.398,1.746,0.3835,0.00751,0.1323,0.00219,0.717,1,13,28.71,0.645,1,5090,12.0,1.6,1,30,6013,163654.8,100.0,24,89.07
1786079857901,2036,v1,0.0457,0.2267,0.1391,1.3237,0.7556,0.02697,0.0981,0.002038,0.611,1,20,69.56,0.957,1,0,11.524,11.524,1,30,5221,97494.6,100.0,9,8.27
1786079859692,2037,v1,0.0395,0.4482,0.3856,2.1806,0.5329,0.01845,0.0653,0.002145,0.646,1,27,43.03,0.776,1,898,18.48,15.346,0,30,5531,193188.6,86.63,17,8.64
1786079861569,2038,v1,0.0314,0.9987,0.333,1.8701,0.6127,0.02007,0.2331,0.001294,0.682,1,22,99.3,0.389,1,0,18.879,18.879,0,30,6578,225021.8,92.25,18,4.79
1786079863264,2039,v1,0.0168,0.913,0.1974,0.99,0.4497,0.01029,0.0892,0.002747,0.659,1,31,94.06,0.982,1,0,14.363,14.363,1,30,5896,128206.9,100.0,13,10.8
1786079859501,2040,v1,0.0464,0.738,0.2135,2.0448,0.5858,0.01969,0.0827,0.001358,0.662,1,8,77.2,0.333,1,2675,7.0,3.764,0,30,5847,291535.8,45.11,17,5.58
1786079861304,2041,v1,0.0733,0.8692,0.276,1.9953,0.8678,0.00954,0.0761,0.002371,0.592,0,5,53.84,0.731,1,3301,4.0,2.97,1,30,6473,156616.8,100.0,13,11.15
1786079862810,2042,v1,0.017,0.761,0.2522,0.9497,0.7699,0.00649,0.0618,0.002823,0.669,0,21,78.35,0.948,1,0,13.0,13.0,1,30,6238,137608.7,100.0,13,11.06
1786079865513,2043,v1,0.0135,0.7781,0.1288,1.227,0.7609,0.00627,0.2328,0.00222,0.637,1,27,77.6,0.426,1,0,0.0,0.0,0,30,6309,362490.1,0.0,-1,8.72
1786079859624,2044,v1,0.0725,0.8115,0.11,1.9064,0.4539,0.02994,0.2352,0.001678,0.698,0,30,35.32,0.732,1,0,14.347,14.347,1,30,6549,151663.9,100.0,13,6.15
1786079861511,2045,v1,0.0506,0.7981,0.1409,1.1307,0.6302,0.00935,0.1347,0.00156,0.581,0,14,51.11,0.6,1,1874,13.0,9.386,0,30,5827,227979.0,63.91,16,6.32
1786079863280,2046,v1,0.0705,0.7551,0.3334,1.5788,0.6148,0.02564,0.0872,0.003181,0.646,1,26,50.96,0.558,1,550,16.57,14.886,0,30,5761,174127.0,96.1,15,11.07
1786079865041,2047,v1,0.0525,0.5814,0.2183,1.1255,0.5834,0.01641,0.0716,0.002007,0.628,1,19,45.21,0.885,1,909,16.007,13.464,0,30,5855,205062.9,95.15,15,7.26
1786079861236,2048,v1,0.0512,0.9408,0.3113,1.793,0.2257,0.01958,0.2135,0.003136,0.596,1,15,62.96,0.762,1,5205,14.0,1.751,0,30,6244,357305.4,12.37,-1,12.51
1786079862843,2049,v1,0.052,0.7703,0.2915,1.9265,0.4181,0.00505,0.2079,0.001727,0.715,0,22,89.1,0.797,1,0,13.072,13.072,1,30,6622,153580.7,100.0,13,6.46
1786079865335,2050,v1,0.0157,0.9327,0.4186,2.0019,0.9066,0.01136,0.1549,0.003744,0.697,0,12,61.9,0.66,1,2518,11.0,7.026,0,30,5934,345237.6,0.0,-1,13.67
1786079866722,2051,v1,0.0544,0.623,0.3988,1.0322,0.4284,0.0154,0.156,0.003169,0.712,1,31,40.89,0.657,1,0,14.351,14.351,1,30,6284,141213.9,100.0,13,12.35
1786079863216,2052,v1,0.0297,0.9315,0.1174,1.8732,0.9104,0.00888,0.1998,0.002928,0.679,1,9,62.09,0.461,1,4056,8.0,2.897,0,30,6514,365821.2,0.0,-1,10.9
1786079864976,2053,v1,0.0135,0.5922,0.361,1.7511,0.5592,0.00614,0.0541,0.003229,0.696,0,4,59.29,0.508,1,1656,3.0,2.735,1,30,6314,163792.5,100.0,15,35.62
1786079866607,2054,v1,0.027,0.3538,0.3229,1.4971,0.4684,0.00895,0.1699,0.002736,0.705,0,15,36.98,0.576,1,1605,14.0,10.996,1,30,6673,157756.4,100.0,14,33.31
1786079868052,2055,v1,0.0198,0.2511,0.3511,1.8818,0.832,0.02957,0.1944,0.002688,0.598,1,24,58.62,0.361,1,0,15.752,15.752,0,30,5749,161998.8,88.25,14,10.02
1786079865355,2056,v1,0.0219,0.3619,0.101,2.1382,0.989,0.02109,0.119,0.001652,0.692,1,21,35.51,0.305,1,0,0.0,0.0,0,30,6574,404690.2,0.0,-1,6.62
1786079866744,2057,v1,0.0684,0.5541,0.2012,0.9142,0.1895,0.02545,0.0931,0.002404,0.641,1,30,20.16,0.63,1,0,12.769,12.769,1,30,6280,116094.9,100.0,6,9.19
1786079868653,2058,v1,0.0739,0.5869,0.3689,1.4374,0.1114,0.02109,0.1608,0.001395,0.618,0,26,37.41,0.352,1,0,16.509,16.509,0,30,6551,205771.4,99.88,15,5.77
1786079870675,2059,v1,0.0602,0.6927,0.3548,2.4763,0.588,0.02297,0.1283,0.001326,0.713,0,11,69.06,0.304,1,1087,10.0,8.433,0,30,5618,259092.1,67.52,17,5.02
1786079864713,2060,v1,0.0534,0.6861,0.2891,1.4838,0.8564,0.02326,0.2062,0.003679,0.654,0,24,84.22,0.581,1,0,13.376,13.376,1,30,6333,144341.8,100.0,13,13.39
1786079866367,2061,v1,0.0532,0.2416,0.349,2.3071,0.4226,0.00331,0.1227,0.002936,0.718,1,9,65.48,0.548,1,4882,8.0,1.488,1,30,6146,165972.5,100.0,24,83.32
1786079869528,2062,v1,0.0193,0.3185,0.2838,1.9121,0.4445,0.01651,0.1296,0.003002,0.689,0,23,21.0,0.646,1,0,0.0,0.0,0,30,7517,425153.7,0.0,-1,11.39
1786079871367,2063,v1,0.0745,0.7518,0.3052,1.8451,0.955,0.01252,0.2426,0.002384,0.599,1,26,22.96,0.56,1,589,16.587,14.924,0,30,6203,186687.4,93.5,15,9.06
1786079865632,2064,v1,0.0247,0.3181,0.316,2.0799,0.9983,0.01838,0.1707,0.003087,0.652,1,18,77.91,0.413,1,0,13.921,13.921,1,30,6873,155037.6,100.0,14,11.54
1786079867775,2065,v1,0.0402,0.8049,0.1231,1.9573,0.8366,0.02782,0.0763,0.0027,0.67,0,26,76.65,0.623,1,0,18.374,18.374,0,30,7131,220312.2,85.44,17,10.6
1786079869515,2066,v1,0.0486,0.3584,0.332,1.8378,0.1862,0.00516,0.1821,0.003542,0.705,1,26,63.67,0.952,1,0,14.455,14.455,1,30,6331,146040.6,100.0,13,13.35
1786079871753,2067,v1,0.0193,0.97,0.4377,1.2055,0.7878,0.0035,0.1522,0.002557,0.669,1,31,91.45,0.404,1,0,0.0,0.0,0,30,5806,348961.1,0.0,-1,10.04
1786079867328,2068,v1,0.0499,0.2841,0.4598,1.9888,0.9139,0.01565,0.1324,0.002415,0.581,1,14,50.3,0.466,1,0,9.832,9.832,1,30,7345,112570.2,100.0,5,9.14
1786079868733,2069,v1,0.0343,0.4697,0.3424,0.9014,0.9609,0.00401,0.242,0.003767,0.714,0,24,85.78,0.393,1,0,14.358,14.358,1,30,6259,149416.2,100.0,14,13.76
1786079870315,2070,v1,0.0577,0.8255,0.3321,1.9165,0.5113,0.02439,0.0665,0.001746,0.662,0,33,57.64,0.891,1,0,18.452,18.452,0,30,6119,185828.5,85.06,15,6.99
1786079872012,2071,v1,0.0266,0.5759,0.2418,2.4797,0.7218,0.01807,0.1619,0.001207,0.649,1,8,96.2,0.464,1,4212,7.0,2.398,1,30,6460,165480.9,100.0,13,67.48
1786079867796,2072,v1,0.0585,0.6352,0.3446,1.0344,0.1886,0.01981,0.2032,0.003351,0.689,1,9,50.86,0.961,1,5281,7.918,0.794,1,30,6061,157307.9,100.0,18,15.87
1786079869507,2073,v1,0.0533,0.5069,0.2337,0.9433,0.9331,0.02385,0.0716,0.003747,0.635,0,25,70.19,0.892,1,0,16.615,16.615,0,30,6134,172905.5,85.02,15,14.26
1786079870707,2074,v1,0.043,0.8261,0.2449,2.4828,0.4932,0.00448,0.078,0.003599,0.633,1,28,71.49,0.468,1,0,14.029,14.029,1,30,5348,122290.8,100.0,13,13.72
1786079872136,2075,v1,0.038,0.5832,0.3242,2.4628,0.7116,0.01499,0.059,0.001695,0.719,0,26,98.05,0.364,1,0,14.691,14.691,1,30,6257,150104.4,100.0,14,6.44
1786079869170,2076,v1,0.0271,0.6916,0.1966,2.0635,0.312,0.00349,0.0746,0.003443,0.628,0,28,36.98,0.753,1,0,14.028,14.028,1,30,6497,140550.3,100.0,13,12.9
1786079870607,2077,v1,0.0186,0.6513,0.2091,1.1874,0.7594,0.00688,0.0815,0.002169,0.711,0,6,47.21,0.419,1,1439,5.0,4.28,1,30,6053,151402.7,100.0,14,30.07
1786079872192,2078,v1,0.0795,0.4698,0.1063,1.6319,0.556,0.01828,0.0725,0.002497,0.701,0,31,99.86,0.921,1,0,14.341,14.341,1,30,6039,132576.5,100.0,13,9.7
1786079873666,2079,v1,0.0657,0.9253,0.1453,2.1393,0.8419,0.02487,0.1021,0.003714,0.641,1,23,48.78,0.638,1,635,16.704,14.658,0,30,5543,181836.5,96.35,16,13.51
1786079870204,2080,v1,0.0531,0.9277,0.2111,1.8008,0.1124,0.02738,0.1945,0.00334,0.602,0,28,44.98,0.83,1,0,16.597,16.597,0,30,6070,160873.5,93.98,14,12.31
1786079872061,2081,v1,0.0435,0.6833,0.3817,0.8322,0.4718,0.02656,0.1388,0.003592,0.695,0,10,77.15,0.415,1,1824,9.0,6.711,0,30,5784,231947.9,61.92,16,13.73
1786079874538,2082,v1,0.0735,0.9905,0.358,1.286,0.1729,0.01869,0.1038,0.001412,0.683,1,13,61.85,0.629,1,4898,12.0,2.713,0,30,6425,356939.1,20.75,16,5.06
1786079876318,2083,v1,0.0416,0.5978,0.4159,2.013,0.9961,0.02759,0.1928,0.00243,0.679,0,8,27.59,0.796,1,3688,7.0,3.829,0,30,5926,280414.3,31.81,17,9.62
1786079873130,2084,v1,0.0619,0.3827,0.3198,1.0668,0.4379,0.01726,0.1114,0.001921,0.684,0,10,68.51,0.305,1,997,9.0,7.91,1,30,6530,152779.9,100.0,13,8.27
1786079875599,2085,v1,0.0791,0.6595,0.1779,1.6063,0.8375,0.02105,0.0768,0.00312,0.681,1,15,39.02,0.816,1,6373,14.0,0.055,0,30,6694,378171.0,0.99,-1,12.46
1786079877213,2086,v1,0.0433,0.403,0.1908,1.7809,0.2803,0.01427,0.1293,0.00248,0.662,0,35,64.99,0.382,1,0,22.754,22.754,0,30,6077,273768.3,86.08,17,8.97
1786079878097,2087,v1,0.0431,0.7579,0.1386,1.3297,0.2818,0.00407,0.0919,0.002695,0.648,0,17,36.0,0.696,1,0,13.0,13.0,1,30,6287,140089.7,100.0,13,9.97
1786079873348,2088,v1,0.053,0.3536,0.3731,1.6412,0.4657,0.01613,0.21,0.003644,0.586,0,25,61.64,0.937,1,0,10.133,10.133,1,30,6210,93980.4,100.0,6,13.9
1786079874559,2089,v1,0.0554,0.7635,0.2131,1.1638,0.4069,0.01113,0.098,0.001819,0.647,0,32,26.2,0.511,1,0,13.58,13.58,1,30,6165,126062.8,100.0,13,6.72
1786079875522,2090,v1,0.0534,0.976,0.2113,0.8004,0.6397,0.02564,0.244,0.002424,0.583,0,26,48.17,0.744,1,0,5.407,5.407,1,30,5985,30770.6,100.0,3,9.66
1786079876675,2091,v1,0.0269,0.3069,0.4924,1.7437,0.1299,0.01756,0.1341,0.002633,0.655,0,23,58.51,0.378,1,0,13.633,13.633,1,30,6573,144859.4,100.0,13,9.78
1786079874063,2092,v1,0.0289,0.9339,0.4344,2.4302,0.445,0.01644,0.0554,0.001244,0.613,1,35,87.02,0.679,1,0,19.813,19.813,0,30,6177,202372.5,84.67,17,5.23
1786079875905,2093,v1,0.0478,0.8713,0.4216,2.0663,0.7193,0.03039,0.169,0.002833,0.6,1,6,76.95,0.308,1,2304,5.0,3.157,0,30,6340,226566.5,55.7,14,11.03
1786079877906,2094,v1,0.0222,0.9653,0.3333,2.0196,0.4931,0.00784,0.1409,0.003393,0.687,1,35,81.24,0.717,1,0,0.0,0.0,0,30,5964,349161.8,0.0,-1,13.18
1786079878860,2095,v1,0.0181,0.4986,0.328,2.2219,0.2448,0.0103,0.1988,0.001292,0.58,0,15,21.78,0.944,1,3162,14.0,7.406,0,30,5865,309041.4,38.4,18,5.49
1786079874501,2096,v1,0.0659,0.7284,0.1309,1.5706,0.1538,0.02164,0.096,0.002598,0.67,1,5,34.01,0.871,1,5140,4.0,0.056,1,30,5272,141637.1,100.0,19,35.53
1786079875725,2097,v1,0.0246,0.6417,0.1446,2.4601,0.164,0.02422,0.2468,0.002655,0.63,0,4,76.7,0.955,1,0,3.0,3.0,1,30,6081,139680.4,100.0,13,10.34
1786079877317,2098,v1,0.0644,0.3632,0.1002,2.3111,0.7105,0.00987,0.1981,0.00257,0.676,1,13,76.75,0.765,1,5652,12.0,0.0,1,30,5845,159111.5,100.0,20,89.53
1786079878345,2099,v1,0.0104,0.3738,0.2771,1.3344,0.8903,0.02703,0.0906,0.002651,0.592,1,25,51.92,0.542,1,851,16.093,13.967,0,30,6835,221888.0,94.72,14,10.49
1786079885291,2100,v1,0.0713,0.5549,0.1316,0.8193,0.8952,0.02204,0.147,0.002201,0.64,1,30,29.2,0.618,1,873,17.456,15.051,0,30,6739,208381.6,86.29,15,8.9
1786079887819,2101,v1,0.0131,0.99,0.299,1.8587,0.6269,0.00877,0.1138,0.003718,0.697,1,33,89.94,0.953,1,0,0.0,0.0,0,30,6633,385642.0,0.0,-1,13.92
1786079890088,2102,v1,0.0376,0.9063,0.1981,2.1264,0.2886,0.01792,0.1685,0.001311,0.707,0,27,80.46,0.508,1,0,4.48,4.48,0,30,6042,357785.0,21.81,19,5.1
1786079892276,2103,v1,0.0286,0.9769,0.1457,0.857,0.1145,0.01307,0.0936,0.001393,0.66,0,12,88.43,0.619,1,0,11.0,11.0,0,30,5645,299299.1,54.09,19,5.7
1786079885822,2104,v1,0.0475,0.2798,0.1856,1.4871,0.392,0.02546,0.1178,0.001371,0.694,0,17,92.03,0.581,1,0,16.0,16.0,0,30,5696,223322.7,87.58,17,5.46
1786079887420,2105,v1,0.069,0.2231,0.2788,2.3523,0.9055,0.00371,0.2067,0.002847,0.65,1,26,64.39,0.787,1,0,14.217,14.217,1,30,6069,141180.9,100.0,13,9.87
1786079889625,2106,v1,0.0186,0.6192,0.4925,1.6175,0.3106,0.01443,0.1589,0.002949,0.679,1,9,31.64,0.588,1,4583,8.0,1.495,0,30,5774,331557.6,0.31,-1,10.51
1786079891298,2107,v1,0.024,0.2016,0.3987,1.2205,0.3687,0.00608,0.2105,0.001962,0.647,0,5,20.38,0.464,1,1588,4.0,3.5,1,30,6405,158750.2,100.0,14,30.88
1786079886099,2108,v1,0.0165,0.2718,0.1082,1.4815,0.7896,0.01074,0.0536,0.001218,0.627,1,36,64.5,0.97,1,1007,15.877,13.263,1,30,6332,156150.2,100.0,14,4.72
1786079888818,2109,v1,0.0206,0.4974,0.1585,1.7922,0.5634,0.00574,0.1903,0.003396,0.624,0,15,91.83,0.816,1,0,14.0,14.0,0,30,6516,361444.5,0.0,-1,12.86
1786079891188,2110,v1,0.0399,0.8968,0.4683,2.2307,0.4893,0.01383,0.2042,0.001469,0.678,0,19,40.77,0.398,1,625,18.0,16.474,0,30,6710,309689.3,77.53,18,5.51
1786079893141,2111,v1,0.0799,0.6616,0.1367,1.5301,0.5192,0.01985,0.1457,0.00291,0.714,1,27,27.13,0.479,1,1145,18.494,14.545,0,30,5822,245550.0,90.64,16,11.1
1786079886585,2112,v1,0.056,0.9116,0.3361,2.0584,0.9728,0.02138,0.2114,0.002549,0.689,1,28,31.9,0.427,1,519,18.201,16.49,0,30,5857,193188.8,89.84,16,9.31
1786079889423,2113,v1,0.0228,0.9094,0.3464,0.8072,0.1969,0.00465,0.218,0.002884,0.66,0,12,60.64,0.898,1,4287,11.0,4.884,0,30,6521,386747.3,0.0,-1,11.19
1786079890834,2114,v1,0.0593,0.4136,0.2256,1.6256,0.338,0.01555,0.192,0.00248,0.588,1,8,62.76,0.431,1,2087,6.124,3.972,1,30,6627,121706.0,100.0,5,14.24
1786079893612,2115,v1,0.0522,0.7782,0.1529,0.924,0.4928,0.00388,0.1532,0.001501,0.655,1,16,61.41,0.399,1,3941,15.0,6.203,0,30,6899,364051.4,35.27,18,6.02
1786079887423,2116,v1,0.0346,0.978,0.4732,2.3828,0.4743,0.01797,0.2134,0.002632,0.601,0,31,95.96,0.484,1,0,18.098,18.098,0,30,5937,172548.0,94.85,16,10.14
1786079888698,2117,v1,0.0174,0.9189,0.2387,1.727,0.8745,0.01631,0.1227,0.003348,0.598,1,8,63.63,0.66,1,5667,7.0,0.265,1,30,6013,170987.1,100.0,25,96.67
1786079890087,2118,v1,0.0158,0.6545,0.4326,1.6543,0.2531,0.00908,0.0744,0.001486,0.609,0,28,66.82,0.826,1,0,14.013,14.013,1,30,5992,135918.7,100.0,13,5.54
1786079892101,2119,v1,0.0576,0.47,0.4318,2.1345,0.2528,0.02044,0.1073,0.001503,0.608,1,25,36.52,0.963,1,1085,16.532,13.746,0,30,6606,222757.2,83.61,15,5.57
1786079887690,2120,v1,0.025,0.2882,0.3744,1.2472,0.2853,0.01916,0.2453,0.00229,0.635,0,7,67.92,0.476,1,1612,6.0,4.879,1,30,5843,141106.8,100.0,13,34.31
1786079888977,2121,v1,0.08,0.3068,0.2944,1.0049,0.693,0.01086,0.2128,0.002512,0.657,0,10,77.26,0.688,1,0,8.162,8.162,1,30,5942,108661.2,100.0,7,9.46
1786079890470,2122,v1,0.0279,0.4047,0.2993,1.2993,0.6003,0.01944,0.1598,0.002542,0.643,0,14,31.3,0.43,1,0,13.0,13.0,1,30,6455,147299.1,100.0,13,9.82
1786079893560,2123,v1,0.0637,0.2048,0.3737,1.5151,0.4174,0.005,0.2359,0.002462,0.653,1,11,64.84,0.985,1,6921,10.0,0.0,0,30,7095,389166.3,0.0,-1,9.78
1786079888561,2124,v1,0.059,0.406,0.4035,1.5136,0.8219,0.02183,0.2324,0.003037,0.643,0,19,81.34,0.796,1,0,15.766,15.766,0,30,6571,189532.3,89.07,15,12.01
1786079889745,2125,v1,0.064,0.2034,0.1531,2.0527,0.5808,0.00937,0.1648,0.003519,0.61,1,18,70.56,0.592,1,0,11.551,11.551,1,30,5089,93159.9,100.0,9,13.01
1786079891289,2126,v1,0.0298,0.9761,0.3453,1.9648,0.4096,0.01855,0.1538,0.001639,0.594,1,29,36.56,0.683,1,825,12.376,10.686,1,30,6242,123495.6,100.0,8,7.66
1786079892721,2127,v1,0.0544,0.677,0.2649,1.4228,0.8248,0.02512,0.0587,0.002623,0.703,1,24,90.57,0.4,1,0,13.372,13.372,1,30,6028,135488.8,100.0,13,9.97
1786079893547,2128,v1,0.029,0.7115,0.2807,1.7893,0.4327,0.02514,0.2007,0.003183,0.696,0,16,99.5,0.903,1,0,13.0,13.0,1,30,6589,152167.0,100.0,13,11.5
1786079895200,2129,v1,0.0523,0.9876,0.206,1.3244,0.4982,0.01878,0.1573,0.00252,0.711,1,27,65.59,0.596,1,0,13.849,13.849,1,30,7438,161716.1,100.0,13,9.28
1786079896413,2130,v1,0.0508,0.2409,0.1917,1.3123,0.185,0.02791,0.1792,0.002904,0.674,1,18,75.8,0.493,1,0,13.0,13.0,1,30,6224,137113.7,100.0,13,10.64
1786079897960,2131,v1,0.0462,0.6715,0.1047,2.117,0.2624,0.03081,0.0613,0.003326,0.628,1,6,95.73,0.961,1,5836,5.0,0.0,1,30,5932,167564.8,0.0,-1,100.0
1786079895315,2132,v1,0.0185,0.2987,0.401,1.1097,0.1268,0.00673,0.1738,0.001532,0.602,1,13,37.57,0.824,1,5504,12.0,0.723,0,30,5962,344611.4,4.47,-1,5.87
1786079897723,2133,v1,0.0212,0.6096,0.4216,1.4131,0.7652,0.02222,0.056,0.002501,0.582,0,10,37.99,0.92,1,4729,9.0,4.246,0,30,7087,356350.1,27.28,14,9.38
1786079899335,2134,v1,0.0242,0.621,0.3456,1.4353,0.7446,0.02765,0.1096,0.001396,0.714,0,17,22.22,0.405,1,0,13.0,13.0,1,30,6200,144463.4,100.0,13,5.89
1786079901106,2135,v1,0.0413,0.6637,0.4176,2.1568,0.2393,0.01245,0.1439,0.001385,0.605,1,32,92.8,0.444,1,0,19.753,19.753,0,30,5917,232384.4,89.63,16,5.56
1786079894899,2136,v1,0.0262,0.6554,0.2926,1.7822,0.6624,0.00456,0.1945,0.002596,0.656,1,21,60.69,0.344,1,0,13.0,13.0,1,30,6349,143255.0,100.0,13,9.47
1786079896335,2137,v1,0.0781,0.9926,0.1431,2.1926,0.4011,0.00389,0.1949,0.001322,0.659,1,36,46.39,0.706,1,869,13.95,12.068,1,30,6678,130267.1,100.0,13,5.27
1786079898772,2138,v1,0.0644,0.5383,0.124,1.2645,0.5091,0.0094,0.0982,0.002343,0.673,1,15,91.47,0.597,1,4605,14.0,2.432,0,30,5786,331542.3,14.96,-1,9.52
1786079900409,2139,v1,0.0175,0.4361,0.4417,2.0586,0.8579,0.02605,0.1616,0.002472,0.631,1,36,24.47,0.559,1,655,19.678,17.33,0,30,5957,187597.3,84.0,16,9.35
1786079896544,2140,v1,0.0197,0.5474,0.4974,1.8831,0.17,0.00641,0.0899,0.003342,0.716,0,9,87.99,0.847,1,0,8.0,8.0,0,30,6788,407480.2,0.0,-1,12.85
1786079898265,2141,v1,0.0604,0.4078,0.4061,1.6702,0.2535,0.02903,0.1236,0.001208,0.652,1,16,58.58,0.565,1,115,14.959,14.693,0,30,6590,186853.9,97.0,15,4.9
1786079899987,2142,v1,0.0353,0.3005,0.3219,0.9166,0.2619,0.01416,0.0794,0.003583,0.686,0,33,48.87,0.851,1,0,15.23,15.23,1,30,7050,159227.2,100.0,14,13.6
1786079901700,2143,v1,0.0432,0.9916,0.4781,2.4601,0.7538,0.01951,0.067,0.001504,0.661,1,33,21.94,0.631,1,691,19.732,17.056,0,30,5278,180121.8,88.64,17,5.34
1786079896654,2144,v1,0.0288,0.2121,0.3962,1.3847,0.6806,0.0137,0.2494,0.00331,0.657,0,28,90.38,0.837,1,0,16.835,16.835,0,30,6768,251482.4,76.26,18,12.66
1786079898867,2145,v1,0.0796,0.6862,0.3417,2.0785,0.6932,0.02459,0.1248,0.00268,0.661,0,4,21.74,0.96,1,3537,3.0,2.43,0,30,6252,292828.5,36.57,15,9.42
1786079900865,2146,v1,0.063,0.2944,0.139,1.9028,0.8169,0.00376,0.1131,0.001546,0.645,0,29,26.0,0.61,1,469,19.015,17.74,0,30,6512,252495.1,88.01,17,5.9
1786079903164,2147,v1,0.0557,0.8251,0.4913,2.4994,0.6979,0.01338,0.189,0.002575,0.642,0,26,68.35,0.689,1,0,17.741,17.741,0,30,7271,212628.6,89.31,16,9.37
1786079896472,2148,v1,0.0683,0.6902,0.1757,1.7004,0.4206,0.02044,0.2165,0.001464,0.633,1,36,24.55,0.974,1,904,18.448,15.394,0,30,5710,176951.3,87.19,15,5.88
1786079897971,2149,v1,0.0652,0.3808,0.4861,1.9317,0.6072,0.02843,0.1513,0.0029,0.642,1,33,57.95,0.786,1,754,17.701,15.145,0,30,5659,172517.4,100.0,15,10.83
1786079900466,2150,v1,0.0454,0.2548,0.3594,0.935,0.4275,0.02534,0.2003,0.003045,0.585,1,8,56.6,0.709,1,5348,7.0,0.632,0,30,5995,327994.2,7.98,-1,11.46
1786079902020,2151,v1,0.012,0.4907,0.4437,1.8029,0.2078,0.01049,0.1886,0.003406,0.585,0,5,79.95,0.721,1,0,4.0,4.0,1,30,6187,145422.0,100.0,13,12.66
1786079898013,2152,v1,0.0178,0.8253,0.4252,1.9938,0.7212,0.00624,0.2183,0.002597,0.634,1,23,75.56,0.903,1,0,0.0,0.0,0,30,6083,358188.4,0.0,-1,8.84
1786079899499,2153,v1,0.0467,0.4119,0.2424,1.0396,0.6421,0.0284,0.0988,0.001589,0.596,0,13,39.0,0.492,1,244,7.277,6.873,1,30,6157,72327.7,100.0,4,6.38
1786079901415,2154,v1,0.0496,0.5097,0.1491,1.9082,0.5071,0.00814,0.1516,0.003546,0.596,1,21,38.76,0.711,1,959,16.896,14.108,0,30,6213,239168.2,88.9,16,13.87
1786079903711,2155,v1,0.0167,0.8933,0.3652,1.942,0.5248,0.02211,0.1514,0.002442,0.675,1,30,39.5,0.484,1,10,0.127,0.085,0,30,5570,326352.4,0.58,-1,10.34
1786079899985,2156,v1,0.0464,0.4245,0.3118,0.9236,0.7004,0.01746,0.1384,0.003612,0.62,0,32,42.71,0.346,1,0,13.088,13.088,1,30,6409,125880.8,100.0,10,13.81
1786079901682,2157,v1,0.0783,0.5856,0.2168,1.7449,0.989,0.01755,0.0847,0.003135,0.664,1,11,55.6,0.726,1,3215,8.798,3.214,1,30,5954,120704.5,100.0,7,12.98
1786079904238,2158,v1,0.0355,0.3409,0.1746,2.357,0.7191,0.00535,0.2249,0.001584,0.626,0,17,43.43,0.852,1,3668,16.0,7.534,0,30,6207,370101.4,20.36,19,6.23
1786079907301,2159,v1,0.0124,0.9935,0.2469,2.4217,0.6634,0.00783,0.2434,0.002946,0.604,0,18,85.68,0.919,1,3046,17.0,10.044,0,30,6929,403538.4,0.0,-1,11.52
1786079902790,2160,v1,0.0219,0.6719,0.4116,2.2228,0.2694,0.03076,0.2101,0.003464,0.662,0,5,75.54,0.692,1,0,4.0,4.0,0,30,5928,186385.5,85.59,16,12.96
1786079904694,2161,v1,0.0723,0.6002,0.4387,1.3775,0.1373,0.02103,0.1425,0.003414,0.71,0,31,42.74,0.794,1,0,20.655,20.655,0,30,5842,238126.0,90.37,16,13.32
1786079906191,2162,v1,0.0637,0.6749,0.3415,1.241,0.1666,0.03053,0.1083,0.001463,0.662,1,14,37.39,0.636,1,0,11.766,11.766,1,30,6667,136244.6,100.0,8,5.79
1786079907934,2163,v1,0.0503,0.941,0.1409,1.4924,0.2016,0.00917,0.1598,0.001686,0.683,0,18,43.63,0.884,1,0,13.0,13.0,1,30,7100,162009.0,100.0,13,6.37
1786079903632,2164,v1,0.0604,0.3146,0.1727,1.5873,0.4532,0.02555,0.1166,0.002995,0.637,0,6,43.43,0.491,1,2111,5.0,4.009,1,30,6507,148569.2,100.0,13,23.25
1786079906192,2165,v1,0.0388,0.7556,0.3117,1.2347,0.1722,0.02226,0.0873,0.002747,0.69,1,15,20.45,0.89,1,5796,14.0,0.0,0,30,6015,344897.2,0.0,-1,10.84
1786079907763,2166,v1,0.0497,0.8121,0.1778,1.9575,0.1178,0.00542,0.2058,0.002824,0.582,1,11,69.42,0.31,1,2136,10.0,6.26,1,30,5868,142479.5,100.0,13,41.72
1786079909716,2167,v1,0.0608,0.426,0.3578,1.7329,0.6221,0.00834,0.0842,0.002931,0.631,0,35,99.69,0.672,1,0,19.224,19.224,0,30,7081,207675.4,88.8,16,10.11
1786079904578,2168,v1,0.0588,0.4554,0.1839,2.2709,0.8289,0.03182,0.0884,0.003199,0.696,1,18,31.03,0.416,1,222,16.634,16.064,0,30,6588,203528.1,93.12,16,12.17
1786079906749,2169,v1,0.0272,0.3258,0.3372,1.2319,0.6459,0.00897,0.0539,0.002913,0.641,0,23,36.85,0.371,1,0,14.26,14.26,0,30,6498,278904.7,73.7,19,11.1
1786079908221,2170,v1,0.0484,0.3642,0.3374,2.0551,0.1974,0.00539,0.1738,0.002838,0.691,0,21,88.53,0.712,1,0,13.853,13.853,1,30,6431,147351.9,100.0,14,10.92
1786079910698,2171,v1,0.0362,0.2325,0.1289,2.3429,0.7508,0.01216,0.0739,0.002513,0.688,0,4,35.49,0.311,1,1091,3.0,2.803,0,30,5580,322762.8,0.13,-1,9.12
1786079904814,2172,v1,0.0247,0.4274,0.2489,1.9833,0.708,0.02487,0.2357,0.002942,0.614,1,15,89.15,0.838,1,0,12.458,12.458,1,30,7209,144002.7,100.0,11,11.12
1786079907485,2173,v1,0.0332,0.3358,0.3108,2.1642,0.5505,0.03097,0.171,0.001728,0.699,1,9,21.55,0.74,1,5867,8.0,0.262,0,30,6152,376132.6,2.63,-1,6.66
1786079909642,2174,v1,0.0713,0.4094,0.2332,2.4825,0.8429,0.00414,0.23,0.002046,0.595,0,11,70.28,0.824,1,3062,10.0,5.798,0,30,5945,281481.0,47.16,16,7.7
1786079911499,2175,v1,0.0391,0.9065,0.2256,1.1595,0.8079,0.02557,0.1484,0.003044,0.686,0,9,27.68,0.937,1,4387,8.0,3.638,1,30,6204,156559.3,100.0,13,52.56
1786079905584,2176,v1,0.071,0.4356,0.2089,0.8514,0.9121,0.00387,0.0746,0.001874,0.654,0,9,92.81,0.848,1,0,8.0,8.0,1,30,7137,156065.7,100.0,13,7.33
1786079907918,2177,v1,0.0791,0.7815,0.4892,2.219,0.27,0.02969,0.1095,0.001564,0.64,0,10,35.57,0.723,1,3727,9.0,5.027,0,30,6669,323795.7,42.96,15,5.89
1786079909447,2178,v1,0.0267,0.6333,0.176,1.7685,0.8024,0.01036,0.1905,0.002882,0.631,1,16,90.13,0.695,1,0,13.0,13.0,1,30,5658,126969.4,100.0,13,10.98
1786079911386,2179,v1,0.0688,0.8949,0.1521,1.3033,0.2278,0.01396,0.2228,0.003247,0.601,0,11,82.34,0.62,1,0,10.0,10.0,0,30,6666,212709.2,89.96,15,12.24
1786079906044,2180,v1,0.0583,0.6674,0.4988,2.0881,0.4876,0.00701,0.1261,0.002797,0.703,0,21,43.83,0.623,1,0,13.0,13.0,1,30,7332,159743.2,100.0,13,10.47
1786079907748,2181,v1,0.0537,0.2246,0.4618,2.1468,0.912,0.01843,0.1211,0.003618,0.68,0,21,24.6,0.97,1,0,13.937,13.937,1,30,6685,155033.9,100.0,14,12.94
1786079909539,2182,v1,0.0282,0.8413,0.4648,1.9494,0.7706,0.01093,0.1503,0.002837,0.613,1,23,26.82,0.742,1,939,17.907,14.889,0,30,5895,214438.6,85.65,17,11.25
1786079911375,2183,v1,0.0402,0.2426,0.2412,0.9019,0.5268,0.03122,0.2168,0.003756,0.591,1,35,21.87,0.543,1,688,16.027,14.077,0,30,6359,155415.6,85.2,12,14.14
1786079910180,2184,v1,0.0574,0.2431,0.1587,1.8699,0.6162,0.00986,0.1292,0.001366,0.592,1,13,51.45,0.474,1,3977,12.0,3.906,0,30,6001,323224.3,27.63,16,5.43
1786079911806,2185,v1,0.0201,0.8344,0.2783,2.4476,0.5247,0.01254,0.198,0.00345,0.609,0,9,45.58,0.805,1,3182,8.0,4.782,1,30,6127,149346.9,100.0,13,59.82
1786079913455,2186,v1,0.0287,0.8511,0.1073,1.6228,0.4712,0.03006,0.0968,0.002042,0.672,0,33,80.9,0.953,1,0,20.031,20.031,0,30,6510,205493.5,85.68,17,7.79
1786079915299,2187,v1,0.0716,0.9387,0.1482,1.0996,0.9028,0.02031,0.2006,0.002906,0.682,1,5,30.44,0.349,1,2829,4.0,2.203,0,30,6362,290739.3,46.55,16,11.25
1786079910593,2188,v1,0.075,0.9705,0.4858,2.1755,0.4613,0.00383,0.0727,0.003556,0.613,1,22,66.61,0.831,1,0,16.693,16.693,0,30,6898,242459.7,91.95,16,12.31
1786079912534,2189,v1,0.0756,0.3876,0.4133,1.7773,0.288,0.02033,0.1065,0.003449,0.689,1,13,48.55,0.336,1,2464,12.0,6.665,0,30,5765,281657.8,55.44,16,13.22
1786079914443,2190,v1,0.0565,0.8691,0.1252,2.0955,0.373,0.01086,0.0979,0.002619,0.639,0,15,33.54,0.762,1,2460,14.0,8.932,0,30,6046,305252.2,48.82,17,9.92
1786079915599,2191,v1,0.0635,0.9248,0.2566,1.0866,0.6124,0.02929,0.2143,0.003703,0.654,0,32,53.28,0.848,1,0,17.604,17.604,0,30,5576,151886.1,88.17,15,13.95
1786079912752,2192,v1,0.0727,0.5514,0.4215,1.3789,0.4857,0.01682,0.2373,0.001597,0.681,0,6,23.39,0.86,1,3748,5.0,3.127,0,30,6054,325412.9,32.53,16,6.23
1786079913973,2193,v1,0.0611,0.8401,0.1854,1.572,0.5488,0.00945,0.1234,0.003171,0.608,0,35,96.7,0.572,1,0,18.837,18.837,0,30,6301,184341.6,99.85,16,11.84
1786079915410,2194,v1,0.0216,0.3784,0.2559,1.2753,0.9429,0.01461,0.2075,0.002253,0.628,1,29,34.44,0.506,1,525,14.18,12.771,1,30,5568,125996.7,100.0,13,8.58
1786079916081,2195,v1,0.0306,0.676,0.162,2.3086,0.3093,0.00736,0.0697,0.003165,0.583,1,35,46.45,0.419,1,401,14.568,13.494,1,30,5926,136035.5,100.0,13,11.44
1786079912772,2196,v1,0.0334,0.5054,0.2313,2.2786,0.2528,0.00912,0.1241,0.002399,0.694,1,30,26.76,0.709,1,0,15.154,15.154,1,30,6283,145064.7,100.0,14,9.45
1786079913935,2197,v1,0.0646,0.7185,0.2172,1.7912,0.2101,0.02341,0.1039,0.00316,0.623,1,17,43.32,0.915,1,0,11.62,11.62,1,30,6376,125453.0,100.0,7,12.58
1786079915830,2198,v1,0.0582,0.8444,0.1744,1.9679,0.9402,0.02474,0.2157,0.003722,0.596,1,4,79.74,0.775,1,5427,3.0,0.398,0,30,6327,323661.4,13.23,-1,13.85
1786079916952,2199,v1,0.0302,0.6376,0.3698,1.0308,0.8794,0.00454,0.2298,0.001445,0.659,1,35,99.5,0.429,1,0,0.401,0.401,0,30,5769,352201.7,1.57,-1,6.08
1786079923053,2200,v1,0.0304,0.2807,0.3779,1.9279,0.5901,0.02997,0.1558,0.002122,0.691,1,23,28.6,0.493,1,575,18.122,16.394,0,30,6269,227612.3,84.53,17,8.39
1786079925100,2201,v1,0.0794,0.858,0.1271,1.5282,0.1502,0.01911,0.2237,0.003213,0.683,0,17,26.55,0.419,1,788,16.0,14.296,0,30,6865,282385.3,76.25,16,12.73
1786079927259,2202,v1,0.0255,0.514,0.1078,1.0645,0.4174,0.01822,0.0802,0.001434,0.667,0,9,99.67,0.624,1,0,8.0,8.0,0,30,5863,285226.5,42.56,18,5.76
1786079928461,2203,v1,0.0346,0.4941,0.2876,1.0183,0.2002,0.01886,0.2274,0.003704,0.642,0,21,30.64,0.549,1,0,13.0,13.0,1,30,5988,134395.7,100.0,13,13.41
1786079923686,2204,v1,0.0175,0.9734,0.2859,1.3622,0.5828,0.01787,0.2423,0.001796,0.6,0,13,95.63,0.494,1,0,12.0,12.0,0,30,5599,171039.3,89.08,16,6.93
1786079925191,2205,v1,0.0663,0.8038,0.4382,2.3876,0.3026,0.01118,0.1899,0.002074,0.697,1,26,37.09,0.384,1,420,13.696,12.725,1,30,6152,140752.6,100.0,13,7.83
1786079926602,2206,v1,0.0497,0.8942,0.2255,2.3452,0.8309,0.02952,0.186,0.002982,0.719,0,30,54.1,0.449,1,0,14.364,14.364,1,30,6025,138351.2,100.0,13,11.12
1786079928701,2207,v1,0.0416,0.7064,0.4463,2.0019,0.3604,0.02125,0.1639,0.002751,0.672,0,15,88.46,0.399,1,1640,14.0,10.509,0,30,5861,266215.5,64.47,17,9.81
1786079923935,2208,v1,0.0652,0.5702,0.18,1.8013,0.1347,0.02385,0.1839,0.003394,0.671,1,23,78.36,0.313,1,0,13.196,13.196,1,30,6238,135384.3,100.0,13,13.47
1786079926130,2209,v1,0.0351,0.2855,0.4501,1.7302,0.8009,0.02244,0.1579,0.001882,0.708,0,4,45.72,0.861,1,3523,3.0,2.411,0,30,6026,332622.5,27.0,19,7.82
1786079927481,2210,v1,0.0645,0.7718,0.3123,1.4109,0.6008,0.02836,0.2148,0.002736,0.599,1,26,68.77,0.461,1,570,10.081,9.078,1,30,6136,89587.6,100.0,5,10.63
1786079929852,2211,v1,0.0672,0.997,0.1549,0.8381,0.443,0.01041,0.1777,0.002236,0.694,1,14,81.67,0.945,1,5817,13.0,0.0,0,30,5975,351413.1,0.05,-1,8.32
1786079924223,2212,v1,0.0509,0.6029,0.2924,1.7177,0.2734,0.03156,0.0975,0.002972,0.63,1,33,91.77,0.398,1,0,17.503,17.503,0,30,5456,153256.1,94.61,14,10.72
1786079925825,2213,v1,0.037,0.8351,0.1038,1.9232,0.8728,0.00671,0.1949,0.003614,0.59,0,17,44.74,0.334,1,0,13.0,13.0,1,30,6171,140024.0,100.0,13,13.71
1786079927655,2214,v1,0.0641,0.4011,0.3275,1.8084,0.2591,0.01875,0.0599,0.003751,0.663,1,22,25.72,0.526,1,983,16.787,14.042,0,30,6543,269250.0,83.81,16,14.61
1786079929222,2215,v1,0.0349,0.4038,0.3114,2.0715,0.2295,0.02862,0.1949,0.003175,0.58,1,21,81.36,0.483,1,0,14.26,14.26,0,30,6062,156867.5,85.1,13,12.65
1786079925086,2216,v1,0.0411,0.3646,0.273,2.4911,0.2063,0.02915,0.0866,0.003667,0.6,0,15,24.37,0.92,1,0,12.941,12.941,1,30,6518,147521.2,100.0,13,14.11
1786079927675,2217,v1,0.0116,0.4392,0.1012,1.0747,0.2249,0.01379,0.0617,0.001361,0.633,1,21,96.23,0.745,1,0,0.0,0.0,0,30,6333,350080.4,0.0,-1,5.42
1786079930121,2218,v1,0.0251,0.205,0.4008,1.7654,0.6679,0.00603,0.1,0.003569,0.627,0,16,56.27,0.945,1,4394,15.0,5.957,0,30,6659,383981.0,6.66,-1,13.32
1786079932658,2219,v1,0.0499,0.365,0.334,1.2308,0.1797,0.01477,0.1682,0.00277,0.658,0,30,20.02,0.674,1,1501,20.408,16.375,0,30,7590,331601.5,97.81,17,10.58
1786079925706,2220,v1,0.0309,0.7449,0.445,1.4248,0.2778,0.02309,0.1139,0.001278,0.705,1,19,55.39,0.529,1,0,13.0,13.0,1,30,5809,131771.7,100.0,13,5.1
1786079927130,2221,v1,0.0532,0.9942,0.241,1.3171,0.2151,0.01131,0.1204,0.003554,0.66,0,10,78.81,0.48,1,2170,9.0,6.544,1,30,6410,150390.0,100.0,13,15.74
1786079928435,2222,v1,0.0795,0.3759,0.4655,0.8118,0.2884,0.0173,0.1461,0.002829,0.692,1,17,92.82,0.527,1,0,11.768,11.768,1,30,6378,127298.5,100.0,8,11.21
1786079930076,2223,v1,0.0497,0.9869,0.3788,2.3181,0.5685,0.02162,0.0991,0.003101,0.605,1,32,36.65,0.336,1,411,17.635,16.36,0,30,6255,189170.4,87.05,15,11.88
1786079926846,2224,v1,0.0332,0.7456,0.3703,1.9708,0.6224,0.02453,0.1101,0.003005,0.715,0,35,95.51,0.895,1,0,16.701,16.701,0,30,6386,267320.7,74.93,19,11.02
1786079929519,2225,v1,0.0258,0.5301,0.3729,2.0879,0.2444,0.01821,0.0511,0.001795,0.666,1,25,71.3,0.466,1,17,13.421,13.37,0,30,7302,359674.1,62.03,18,6.78
1786079930636,2226,v1,0.0423,0.764,0.4734,1.6402,0.7377,0.02736,0.1048,0.002896,0.601,1,35,37.24,0.627,1,743,9.418,8.132,1,30,5832,71186.3,100.0,6,11.09
1786079932062,2227,v1,0.0683,0.5061,0.1286,1.0103,0.1352,0.00683,0.0698,0.002734,0.617,0,10,76.45,0.385,1,0,9.0,9.0,0,30,4992,210419.5,100.0,16,10.86
1786079930388,2228,v1,0.0286,0.5632,0.1168,1.0435,0.7748,0.02149,0.1171,0.002436,0.582,0,30,96.04,0.574,1,0,12.148,12.148,1,30,6027,104197.6,100.0,7,9.13
1786079931978,2229,v1,0.0644,0.2463,0.3136,1.1976,0.5957,0.00604,0.1616,0.002187,0.627,0,30,25.04,0.767,1,0,11.684,11.684,1,30,6935,116772.5,100.0,7,8.28
1786079934625,2230,v1,0.0138,0.4306,0.4262,2.2914,0.9699,0.0284,0.0913,0.001927,0.676,1,24,88.64,0.988,1,0,0.712,0.712,0,30,6411,372564.9,3.65,-1,7.71
1786079936043,2231,v1,0.0465,0.6855,0.1388,1.7406,0.3701,0.02579,0.1338,0.001247,0.647,0,18,20.34,0.547,1,0,12.02,12.02,1,30,5908,124867.1,100.0,10,5.53
1786079931618,2232,v1,0.0438,0.7886,0.261,1.6164,0.2131,0.01805,0.1665,0.002443,0.58,1,27,99.64,0.539,1,0,16.584,16.584,0,30,6920,192988.2,97.29,15,9.1
1786079932922,2233,v1,0.0274,0.4448,0.4532,0.8747,0.607,0.02959,0.1719,0.002388,0.601,1,8,23.63,0.959,1,3450,6.243,2.195,1,30,5832,117473.6,100.0,5,61.97
1786079934496,2234,v1,0.0114,0.449,0.4248,1.5503,0.132,0.00681,0.203,0.001799,0.615,0,16,52.06,0.53,1,0,13.0,13.0,1,30,6210,133242.9,100.0,13,6.55
1786079936014,2235,v1,0.0625,0.9308,0.3716,2.3039,0.431,0.00694,0.0867,0.002663,0.699,1,23,95.51,0.541,1,0,13.199,13.199,1,30,6442,147441.3,100.0,13,9.9
1786079931900,2236,v1,0.0256,0.6694,0.3,1.1411,0.9136,0.01152,0.1656,0.001214,0.698,1,22,23.9,0.533,1,890,13.0,11.126,1,30,6328,147273.0,100.0,13,16.59
1786079933916,2237,v1,0.0284,0.6542,0.1646,1.7869,0.9113,0.02499,0.0697,0.002329,0.676,1,35,39.09,0.441,1,501,20.677,18.996,0,30,6639,227259.5,90.21,17,8.75
1786079935148,2238,v1,0.0413,0.411,0.224,0.8483,0.6594,0.01252,0.0761,0.002825,0.605,1,14,57.24,0.565,1,0,10.514,10.514,1,30,5721,98894.8,100.0,7,10.44
1786079936420,2239,v1,0.0618,0.5813,0.2987,2.209,0.9119,0.0063,0.135,0.003334,0.617,0,27,70.1,0.9,1,0,13.106,13.106,1,30,6006,127870.6,100.0,11,11.67
1786079933428,2240,v1,0.0205,0.7266,0.3037,1.8017,0.2872,0.01189,0.1166,0.001843,0.592,0,10,55.69,0.964,1,3745,9.0,4.412,0,30,5800,325188.1,29.66,18,6.93
1786079934831,2241,v1,0.0543,0.3611,0.3977,1.874,0.509,0.0086,0.1985,0.003487,0.61,0,29,70.14,0.397,1,0,18.023,18.023,0,30,6202,183966.4,84.67,16,12.43
1786079936445,2242,v1,0.0614,0.3621,0.4181,1.1894,0.8281,0.02155,0.2299,0.00305,0.685,0,20,64.65,0.892,1,0,16.34,16.34,0,30,6201,179310.7,88.32,16,11.97
1786079938061,2243,v1,0.0542,0.8914,0.3586,2.1486,0.9077,0.02344,0.2246,0.00299,0.611,0,18,77.98,0.338,1,0,15.266,15.266,0,30,6072,173876.1,92.68,15,11.28
1786079933673,2244,v1,0.0729,0.2325,0.4908,1.1454,0.3848,0.0052,0.1054,0.002345,0.613,1,30,81.22,0.636,1,0,17.422,17.422,0,30,6417,210872.8,84.76,15,9.18
1786079935546,2245,v1,0.0232,0.4569,0.3012,1.076,0.3698,0.02785,0.214,0.001597,0.596,0,13,27.58,0.827,1,2242,12.0,8.094,0,30,5853,229878.0,53.73,13,6.1
1786079936817,2246,v1,0.0297,0.3703,0.1403,2.4475,0.6403,0.01183,0.144,0.001857,0.684,1,24,42.44,0.547,1,682,14.98,13.093,1,30,5598,128814.2,100.0,14,19.15
1786079938132,2247,v1,0.019,0.8921,0.4005,0.9083,0.9075,0.01197,0.0574,0.001232,0.621,1,31,47.35,0.938,1,0,14.365,14.365,1,30,5634,128852.9,100.0,13,4.53
1786079934334,2248,v1,0.0337,0.2365,0.4453,2.4248,0.5483,0.0162,0.1536,0.002298,0.633,0,31,93.44,0.841,1,0,14.854,14.854,1,30,6341,142783.3,100.0,13,8.94
1786079935953,2249,v1,0.0604,0.2963,0.2373,1.1866,0.9844,0.00576,0.1378,0.001805,0.583,0,18,67.95,0.841,1,0,15.649,15.649,0,30,5898,169115.4,91.05,15,6.68
1786079937784,2250,v1,0.051,0.3814,0.3389,1.2699,0.4903,0.02927,0.2394,0.001256,0.672,0,7,79.85,0.978,1,3387,6.0,3.858,1,30,6362,158298.2,100.0,13,22.32
1786079939092,2251,v1,0.0778,0.732,0.3761,1.3886,0.3496,0.01652,0.152,0.001711,0.598,0,14,87.48,0.62,1,0,6.35,6.35,1,30,6509,56855.0,100.0,3,6.73
1786079935019,2252,v1,0.03,0.6512,0.1791,1.1103,0.6528,0.01018,0.2315,0.002443,0.631,0,10,79.25,0.574,1,0,9.0,9.0,0,30,5855,197451.6,84.35,17,8.98
1786079936806,2253,v1,0.045,0.6826,0.1249,2.3581,0.7522,0.02635,0.1399,0.001419,0.704,1,18,50.82,0.803,1,0,13.0,13.0,1,30,7472,162952.9,100.0,13,5.78
1786079939532,2254,v1,0.0647,0.8268,0.3478,2.2202,0.6973,0.02919,0.0825,0.001445,0.704,1,4,96.44,0.969,1,6064,3.0,0.0,0,30,6092,337426.4,0.0,-1,5.55
1786079941144,2255,v1,0.0164,0.7938,0.443,2.0527,0.9559,0.01093,0.2268,0.002684,0.596,0,14,69.68,0.941,1,0,13.0,13.0,1,30,6359,138705.1,100.0,13,9.88
1786079938221,2256,v1,0.0767,0.3667,0.3401,1.4625,0.6452,0.00896,0.127,0.003413,0.628,1,26,52.67,0.625,1,787,16.932,14.452,0,30,5769,186694.3,89.52,15,12.39
1786079941028,2257,v1,0.0156,0.9515,0.1635,0.8784,0.8866,0.01164,0.1741,0.003289,0.707,1,29,94.14,0.477,1,0,0.0,0.0,0,30,6387,374248.7,0.0,-1,11.91
1786079942420,2258,v1,0.0214,0.3481,0.2784,1.9509,0.1945,0.00845,0.1473,0.002399,0.623,0,27,25.02,0.666,1,413,14.515,13.634,1,30,6173,146520.4,100.0,13,15.2
1786079944118,2259,v1,0.0388,0.3004,0.4832,1.0258,0.5296,0.01665,0.0966,0.003525,0.607,1,18,77.15,0.381,1,0,15.194,15.194,0,30,6399,172022.0,99.92,15,13.55
1786079939072,2260,v1,0.058,0.2934,0.4784,1.1344,0.502,0.03177,0.0733,0.001792,0.692,1,17,51.57,0.956,1,932,15.232,12.961,0,30,6317,214970.6,84.86,15,6.33
1786079940605,2261,v1,0.0284,0.2785,0.1837,1.1258,0.476,0.01315,0.1983,0.001778,0.619,1,35,60.74,0.979,1,942,14.537,12.279,1,30,6358,147237.9,100.0,13,6.64
1786079943661,2262,v1,0.0523,0.2822,0.351,1.0457,0.5149,0.01927,0.1035,0.002165,0.64,1,6,55.55,0.59,1,5352,5.0,1.535,0,30,7808,398584.9,28.29,16,8.52
1786079945137,2263,v1,0.0599,0.7121,0.2185,0.9751,0.6029,0.02961,0.0927,0.003425,0.696,1,22,58.05,0.549,1,942,13.0,11.05,1,30,6753,154581.4,100.0,13,12.99
1786079939678,2264,v1,0.0351,0.9087,0.4687,2.1175,0.4795,0.02685,0.0619,0.001402,0.624,1,28,46.88,0.461,1,595,17.393,15.642,0,30,6071,193136.4,92.51,15,5.37
1786079941485,2265,v1,0.0643,0.9876,0.4591,2.0302,0.8476,0.01443,0.1204,0.003185,0.712,1,34,89.07,0.598,1,0,20.097,20.097,0,30,5977,186428.3,94.53,17,12.01
1786079942594,2266,v1,0.0631,0.5074,0.3946,1.8295,0.8856,0.01896,0.2032,0.001843,0.684,1,32,88.35,0.401,1,0,14.101,14.101,1,30,6007,134384.0,100.0,13,7.26
1786079945128,2267,v1,0.0542,0.5343,0.417,2.4227,0.6453,0.00794,0.1873,0.003392,0.697,0,13,35.63,0.885,1,4120,12.0,5.029,0,30,6161,312503.6,26.52,19,13.03
1786079940984,2268,v1,0.0368,0.6969,0.3003,1.5352,0.8245,0.00353,0.1276,0.001497,0.644,0,26,41.0,0.554,1,0,15.671,15.671,0,30,6638,280663.1,74.31,18,5.94
1786079942259,2269,v1,0.0631,0.8587,0.4762,2.1418,0.7173,0.01701,0.1057,0.00265,0.634,1,24,70.85,0.834,1,944,13.257,11.07,1,30,6012,131834.6,100.0,13,10.15
1786079943780,2270,v1,0.0753,0.8883,0.1201,2.3423,0.3493,0.02561,0.1627,0.002209,0.702,1,26,79.4,0.554,1,0,13.347,13.347,1,30,5774,122717.0,100.0,13,8.28
1786079945381,2271,v1,0.0166,0.3676,0.1835,1.9533,0.482,0.01369,0.0671,0.001761,0.699,0,15,97.52,0.388,1,0,14.0,14.0,1,30,6137,151214.3,100.0,15,7.46
1786079940838,2272,v1,0.047,0.7221,0.1504,2.2472,0.9215,0.00448,0.1092,0.003053,0.619,0,22,61.79,0.883,1,0,13.0,13.0,1,30,6392,141024.5,100.0,13,11.47
1786079943320,2273,v1,0.0568,0.2797,0.3283,0.9527,0.7796,0.02069,0.1096,0.003545,0.681,1,4,45.75,0.399,1,3323,3.0,1.489,0,30,6681,306618.7,42.67,16,13.05
1786079944492,2274,v1,0.0142,0.9597,0.3372,0.9126,0.6027,0.01887,0.0573,0.003288,0.643,0,11,98.82,0.613,1,0,10.0,10.0,1,30,6310,141990.2,100.0,13,12.63
1786079946911,2275,v1,0.0501,0.4698,0.1424,2.1729,0.3331,0.00837,0.1171,0.002278,0.678,0,4,21.64,0.708,1,2504,3.0,2.59,0,30,6148,328864.9,42.46,18,8.36
1786079941520,2276,v1,0.048,0.7501,0.4172,1.4328,0.7827,0.02997,0.0808,0.003209,0.613,1,7,25.41,0.808,1,2120,5.838,3.694,1,30,5953,97610.9,100.0,6,25.13
1786079943698,2277,v1,0.0538,0.9937,0.3191,1.4304,0.9848,0.00601,0.1156,0.003282,0.712,0,14,95.28,0.67,1,0,13.0,13.0,0,30,6401,288399.9,67.12,19,12.56
1786079945228,2278,v1,0.0268,0.4041,0.2718,1.8286,0.5781,0.00717,0.0766,0.003543,0.686,0,30,57.67,0.951,1,0,15.708,15.708,1,30,6470,152974.4,100.0,14,14.25
1786079947839,2279,v1,0.0621,0.8466,0.3515,2.3756,0.5481,0.02322,0.0652,0.003657,0.708,1,6,55.95,0.738,1,6185,5.0,0.0,0,30,6304,348211.6,0.0,-1,14.17
1786079943506,2280,v1,0.021,0.6568,0.2937,1.7453,0.5195,0.00312,0.2139,0.001549,0.649,1,9,64.22,0.736,1,6564,8.0,0.125,1,30,6745,193421.9,100.0,25,98.53
1786079944782,2281,v1,0.0793,0.9572,0.1734,2.0119,0.454,0.02891,0.2042,0.003318,0.656,0,19,76.2,0.773,1,0,10.611,10.611,1,30,6769,118545.7,100.0,6,12.41
1786079946460,2282,v1,0.0573,0.3192,0.4064,1.9718,0.4325,0.01857,0.124,0.002257,0.616,0,19,65.74,0.396,1,0,15.486,15.486,0,30,6359,180518.3,84.25,15,8.62
1786079948241,2283,v1,0.0189,0.6606,0.1427,2.0535,0.9464,0.00514,0.1205,0.00255,0.682,0,18,39.23,0.945,1,0,14.0,14.0,1,30,6438,157428.5,100.0,14,9.49
1786079946542,2284,v1,0.0238,0.3152,0.1674,1.1627,0.5371,0.02141,0.2192,0.002762,0.71,0,7,50.21,0.613,1,2115,6.0,4.736,1,30,6788,173270.1,100.0,14,38.46
1786079947974,2285,v1,0.0789,0.3733,0.2074,1.5463,0.1993,0.0169,0.1171,0.002079,0.61,1,24,59.31,0.34,1,400,11.962,11.08,1,30,5618,107343.4,100.0,7,8.01
1786079949463,2286,v1,0.0524,0.9504,0.3036,2.004,0.8673,0.03033,0.2035,0.00283,0.581,0,34,28.96,0.652,1,0,16.833,16.833,0,30,5919,155983.7,95.39,13,10.85
1786079951565,2287,v1,0.0112,0.9371,0.3623,1.3001,0.4042,0.00716,0.1022,0.002171,0.66,1,30,32.32,0.377,1,0,0.0,0.0,0,30,6163,384540.1,0.0,-1,7.87
1786079947319,2288,v1,0.0376,0.473,0.4597,1.1194,0.6301,0.00892,0.2419,0.001396,0.709,0,20,76.5,0.637,1,0,13.979,13.979,1,30,6250,147287.6,100.0,14,6.27
1786079948946,2289,v1,0.0646,0.5252,0.3317,1.1789,0.7283,0.0209,0.0644,0.002965,0.705,1,20,23.47,0.542,1,636,17.016,15.097,0,30,5913,205793.1,95.87,16,11.89
1786079950243,2290,v1,0.0414,0.994,0.1422,1.1682,0.9064,0.00445,0.1594,0.003683,0.608,1,32,63.61,0.536,1,0,14.355,14.355,1,30,6642,152949.3,100.0,13,13.66
1786079951494,2291,v1,0.0598,0.9734,0.284,1.6237,0.1004,0.00407,0.2206,0.001787,0.633,0,17,97.11,0.689,1,0,12.483,12.483,1,30,5923,131643.8,100.0,13,7.01
1786079948087,2292,v1,0.0325,0.8082,0.3588,0.9143,0.7788,0.0237,0.0862,0.003542,0.627,0,30,44.46,0.988,1,0,13.22,13.22,1,30,7531,142368.6,100.0,10,12.97
1786079949762,2293,v1,0.0781,0.6657,0.4475,1.8557,0.2734,0.00881,0.1336,0.003018,0.643,1,27,63.18,0.829,1,0,17.931,17.931,0,30,6435,250695.6,98.2,16,12.07
1786079950821,2294,v1,0.0589,0.4064,0.3941,2.25,0.3833,0.02509,0.2484,0.001344,0.601,1,9,93.81,0.892,1,2715,7.452,3.82,1,30,6046,113718.8,100.0,7,48.3
1786079951981,2295,v1,0.0746,0.5382,0.152,1.4654,0.4924,0.00509,0.2299,0.002391,0.656,0,29,95.32,0.899,1,0,14.203,14.203,1,30,6567,154399.2,100.0,13,9.72
1786079948409,2296,v1,0.0481,0.6301,0.4376,1.471,0.9991,0.02805,0.1,0.001906,0.686,0,22,82.47,0.523,1,0,16.7,16.7,0,30,5779,170218.2,88.86,16,7.91
1786079950063,2297,v1,0.0493,0.4612,0.2697,1.7402,0.7264,0.01367,0.2377,0.002516,0.609,0,10,80.68,0.718,1,0,9.0,9.0,0,30,6326,192752.1,86.27,15,9.37
1786079951481,2298,v1,0.0642,0.8229,0.1644,1.6921,0.4643,0.00705,0.0502,0.00268,0.681,1,20,49.98,0.986,1,0,13.0,13.0,1,30,7365,161272.0,100.0,13,10.36
1786079952186,2299,v1,0.0111,0.7975,0.3135,1.89,0.774,0.02127,0.088,0.003398,0.607,1,31,87.28,0.446,1,0,14.373,14.373,1,30,5961,139281.2,100.0,13,12.75
1786079958245,2300,v1,0.0294,0.6901,0.3783,1.0271,0.3273,0.01478,0.0755,0.001948,0.611,1,23,96.17,0.499,1,0,16.947,16.947,0,30,5968,181215.3,87.69,16,7.62
1786079960067,2301,v1,0.0701,0.2132,0.2026,2.1142,0.5706,0.01116,0.1815,0.003091,0.615,1,34,42.32,0.876,1,888,18.597,15.687,0,30,6240,206208.2,97.0,16,11.7
1786079962141,2302,v1,0.0311,0.7285,0.4616,1.9404,0.4135,0.0129,0.1987,0.001267,0.663,0,36,39.85,0.79,1,0,20.629,20.629,0,30,6327,297485.6,81.99,18,5.23
1786079963446,2303,v1,0.0104,0.2431,0.1772,0.9944,0.1461,0.00963,0.1278,0.003713,0.615,0,14,42.33,0.993,1,2538,13.0,7.615,1,30,5453,134398.4,100.0,14,56.43
1786079959951,2304,v1,0.0596,0.6369,0.3113,1.6268,0.9898,0.00522,0.1138,0.002419,0.708,1,10,74.38,0.923,1,6082,9.0,0.0,0,30,6207,368973.2,0.0,-1,8.93
1786079961832,2305,v1,0.0336,0.3605,0.112,2.3011,0.3095,0.01462,0.244,0.002046,0.619,0,18,73.46,0.613,1,1143,17.0,14.106,0,30,6127,276879.8,68.2,17,8.1
1786079963559,2306,v1,0.079,0.5242,0.4134,1.0886,0.9152,0.02874,0.224,0.002454,0.63,1,22,31.94,0.728,1,839,15.088,12.948,0,30,6177,185304.8,91.51,14,9.28
1786079965324,2307,v1,0.0745,0.3215,0.3196,0.8589,0.2757,0.02521,0.1421,0.002502,0.663,0,32,60.46,0.334,1,0,17.802,17.802,0,30,6491,187393.8,85.76,15,9.64
1786079959108,2308,v1,0.032,0.6781,0.1548,1.0728,0.7797,0.01424,0.2167,0.001566,0.619,0,25,31.87,0.57,1,0,13.52,13.52,1,30,6032,132062.6,100.0,13,6.38
1786079961391,2309,v1,0.0513,0.5821,0.4974,1.2268,0.8302,0.00808,0.0632,0.003358,0.644,0,5,58.52,0.822,1,3251,4.0,2.926,0,30,6143,298492.1,41.54,16,12.7
1786079964302,2310,v1,0.0118,0.972,0.1732,1.75,0.7682,0.00505,0.2254,0.001948,0.615,1,11,57.26,0.884,1,6424,10.0,0.0,0,30,6559,383764.1,0.0,-1,7.64
1786079965597,2311,v1,0.0737,0.8552,0.2599,0.8679,0.9629,0.01668,0.1337,0.002805,0.655,0,31,85.19,0.747,1,0,14.155,14.155,1,30,5907,128057.7,100.0,13,10.8
1786079959540,2312,v1,0.0763,0.8698,0.1335,1.0986,0.9033,0.00807,0.2397,0.002737,0.582,0,6,29.51,0.699,1,795,4.148,3.843,1,30,6355,59298.2,100.0,3,10.12
1786079961071,2313,v1,0.0156,0.6764,0.4347,2.2476,0.5675,0.00478,0.1397,0.003072,0.63,0,17,74.27,0.919,1,0,13.0,13.0,1,30,6175,142241.9,100.0,13,11.68
1786079963071,2314,v1,0.0552,0.6236,0.1618,1.68,0.3593,0.00614,0.2077,0.00189,0.648,0,20,37.13,0.73,1,0,17.554,17.554,0,30,6137,276291.9,88.8,17,7.59
1786079965567,2315,v1,0.0128,0.9452,0.2032,1.4929,0.1828,0.01178,0.141,0.002056,0.704,0,11,48.74,0.483,1,1750,10.0,7.616,0,30,6012,336763.9,0.0,-1,8.27
1786079960630,2316,v1,0.0559,0.9114,0.2743,2.2611,0.4185,0.01737,0.0826,0.002795,0.623,0,31,71.03,0.617,1,0,18.205,18.205,0,30,5375,163588.0,98.02,16,9.77
1786079962082,2317,v1,0.0516,0.9885,0.2558,1.9347,0.8019,0.0317,0.1142,0.002796,0.677,0,24,80.2,0.326,1,0,17.25,17.25,0,30,6295,187617.3,85.37,16,11.22
1786079963506,2318,v1,0.0408,0.574,0.4396,2.0755,0.8106,0.00867,0.219,0.003035,0.664,0,12,75.47,0.509,1,2288,11.0,7.363,1,30,5841,150032.0,100.0,13,47.12
1786079965232,2319,v1,0.0689,0.9197,0.2329,1.8768,0.7172,0.00943,0.1089,0.003305,0.637,0,30,45.26,0.679,1,0,18.496,18.496,0,30,5863,176972.7,90.71,16,12.33
1786079961116,2320,v1,0.0798,0.3767,0.4356,1.8895,0.5461,0.03113,0.1394,0.001937,0.615,0,19,67.71,0.377,1,0,14.578,14.578,0,30,6795,175483.1,91.82,14,7.73
1786079962697,2321,v1,0.0357,0.2404,0.4528,1.8538,0.9189,0.00853,0.1044,0.001846,0.618,1,29,62.24,0.498,1,0,14.515,14.515,1,30,5988,137450.5,100.0,13,7.52
1786079964428,2322,v1,0.0579,0.7886,0.1617,1.2914,0.5566,0.02163,0.1228,0.001777,0.659,0,15,43.92,0.76,1,0,13.0,13.0,1,30,7568,170568.7,100.0,13,6.94
1786079966028,2323,v1,0.0477,0.2955,0.2477,1.1954,0.8306,0.01689,0.1375,0.003289,0.632,0,22,83.35,0.624,1,0,16.474,16.474,0,30,6428,190345.5,93.88,15,12.57
1786079962756,2324,v1,0.0316,0.8963,0.249,2.3318,0.5907,0.02159,0.2167,0.001566,0.646,0,15,72.26,0.821,1,3773,14.0,6.73,0,30,6359,341311.9,33.34,18,5.47
1786079964328,2325,v1,0.0275,0.9168,0.1018,0.885,0.5778,0.0108,0.2314,0.00345,0.629,1,28,89.74,0.475,1,0,19.848,19.848,0,30,5675,192139.8,91.63,18,12.25
1786079965734,2326,v1,0.0726,0.2516,0.1412,2.0942,0.753,0.0078,0.1837,0.00137,0.695,1,22,30.25,0.604,1,942,13.953,11.683,1,30,5956,141866.1,100.0,14,5.02
1786079967637,2327,v1,0.0723,0.8742,0.3221,2.0109,0.1422,0.00396,0.0896,0.001436,0.635,1,25,69.15,0.897,1,0,18.343,18.343,0,30,5754,253120.7,92.03,16,5.32
1786079966592,2328,v1,0.0725,0.3523,0.3693,1.407,0.681,0.01739,0.2234,0.002416,0.631,1,13,59.86,0.67,1,5365,12.0,1.671,0,30,6392,353967.8,13.48,-1,8.87
1786079967857,2329,v1,0.0425,0.7167,0.463,2.3077,0.1545,0.00502,0.1242,0.002281,0.705,0,29,64.83,0.506,1,0,14.659,14.659,1,30,5796,132926.9,100.0,13,8.44
1786079970188,2330,v1,0.0248,0.2199,0.438,1.8656,0.3923,0.02322,0.1842,0.003314,0.71,1,5,43.19,0.6,1,3964,4.0,1.212,0,30,5765,331513.5,11.75,-1,12.85
1786079972872,2331,v1,0.0101,0.5486,0.1754,1.354,0.3478,0.01006,0.2344,0.002017,0.67,0,33,87.53,0.781,1,0,0.0,0.0,0,30,6327,379301.3,0.0,-1,7.67
1786079967195,2332,v1,0.0605,0.543,0.3065,1.8125,0.3559,0.00634,0.2414,0.003335,0.708,0,17,52.29,0.569,1,0,13.732,13.732,1,30,5593,127701.9,100.0,13,12.73
1786079968669,2333,v1,0.0713,0.5062,0.1772,2.1185,0.8997,0.01925,0.0818,0.00167,0.7,0,4,75.63,0.632,1,0,3.0,3.0,0,30,6193,193870.1,84.34,17,6.72
1786079969963,2334,v1,0.0722,0.6249,0.2586,1.0659,0.6406,0.01808,0.2213,0.003296,0.677,1,29,92.89,0.359,1,0,11.16,11.16,1,30,6284,98440.9,100.0,7,11.94
1786079972214,2335,v1,0.0563,0.9024,0.1323,0.8046,0.6278,0.01004,0.2462,0.003289,0.652,0,16,77.52,0.937,1,2926,15.0,8.409,0,30,6070,307799.8,45.71,17,12.57
1786079968011,2336,v1,0.072,0.7949,0.4577,1.2895,0.1724,0.01222,0.2299,0.003144,0.635,0,32,96.87,0.392,1,0,18.964,18.964,0,30,5992,217819.1,89.08,15,11.73
1786079969727,2337,v1,0.0458,0.6237,0.3708,1.3618,0.822,0.02701,0.0855,0.002367,0.719,1,21,74.49,0.961,1,0,17.694,17.694,0,30,5729,190432.3,88.23,17,8.62
1786079971404,2338,v1,0.0274,0.2594,0.103,1.6122,0.2116,0.00569,0.136,0.002861,0.709,1,29,96.1,0.666,1,0,16.86,16.86,1,30,6559,166383.1,100.0,15,10.5
1786079973544,2339,v1,0.0332,0.602,0.2047,2.3774,0.46,0.03151,0.2362,0.002815,0.655,0,5,44.93,0.581,1,2142,4.0,3.321,0,30,6384,254766.9,58.19,16,10.48
1786079968336,2340,v1,0.0515,0.6524,0.3851,1.7762,0.5731,0.02078,0.188,0.001966,0.652,1,31,43.73,0.806,1,888,18.297,15.235,0,30,5585,178934.2,90.34,16,7.59
1786079970638,2341,v1,0.0232,0.4791,0.2151,0.9111,0.7041,0.00785,0.1193,0.002327,0.644,1,16,28.42,0.656,1,4684,15.0,1.798,0,30,5527,332095.6,3.82,-1,9.08
1786079972175,2342,v1,0.0143,0.3521,0.4008,1.4502,0.266,0.01376,0.0905,0.003478,0.683,0,23,97.8,0.892,1,0,14.935,14.935,1,30,6233,149049.8,100.0,14,13.36
1786079973862,2343,v1,0.0286,0.7457,0.467,1.3839,0.9767,0.01335,0.101,0.00341,0.591,1,22,22.23,0.76,1,916,10.752,9.02,1,30,6092,109615.4,100.0,7,13.0
1786079969290,2344,v1,0.0731,0.8175,0.3994,2.3883,0.8176,0.00448,0.1155,0.002429,0.623,1,30,92.44,0.471,1,0,11.865,11.865,1,30,6438,109686.2,100.0,6,8.92
1786079971334,2345,v1,0.0146,0.5324,0.4665,1.8607,0.1145,0.02047,0.1283,0.002599,0.657,1,8,74.32,0.992,1,5078,7.0,0.0,0,30,5169,300056.6,0.0,-1,9.81
1786079973074,2346,v1,0.0166,0.5735,0.3871,1.5356,0.3412,0.02599,0.1126,0.003532,0.653,1,21,35.57,0.5,1,537,17.685,15.937,0,30,5799,198318.9,84.45,17,12.76
1786079975841,2347,v1,0.0243,0.3,0.1024,1.6632,0.8841,0.01281,0.2034,0.003501,0.667,0,14,36.03,0.839,1,3556,13.0,6.816,0,30,6639,386599.5,0.0,-1,13.21
1786079970448,2348,v1,0.0415,0.6802,0.4786,1.88,0.4637,0.00663,0.2339,0.003536,0.682,0,14,62.1,0.414,1,1192,13.0,10.624,0,30,5775,301427.5,33.62,19,13.04
1786079972251,2349,v1,0.0293,0.5589,0.4487,1.5908,0.7499,0.00934,0.051,0.001644,0.63,1,27,57.83,0.7,1,985,19.432,16.182,0,30,6085,228953.8,86.71,18,5.93
1786079973915,2350,v1,0.0772,0.4551,0.3679,2.4725,0.6531,0.00824,0.2237,0.00207,0.705,1,31,37.91,0.693,1,0,15.002,15.002,1,30,5887,134197.5,100.0,13,8.09
1786079975950,2351,v1,0.0603,0.4607,0.1699,1.1117,0.2343,0.00885,0.168,0.001818,0.674,0,20,98.3,0.51,1,0,17.513,17.513,0,30,6191,286732.1,86.83,17,7.2
1786079970321,2352,v1,0.0475,0.53,0.1233,1.2897,0.4,0.02685,0.1055,0.002643,0.716,1,32,46.7,0.633,1,0,14.351,14.351,1,30,6412,140538.2,100.0,13,10.2
1786079972117,2353,v1,0.0146,0.4331,0.2092,2.2563,0.5674,0.01723,0.1674,0.003731,0.695,0,16,38.64,0.978,1,240,14.997,14.525,1,30,6983,161348.7,100.0,15,16.91
1786079973827,2354,v1,0.0436,0.8601,0.3037,1.6706,0.8735,0.02275,0.0996,0.001717,0.638,0,28,99.91,0.476,1,0,14.036,14.036,1,30,6328,141010.1,100.0,13,6.7
1786079975025,2355,v1,0.0688,0.9616,0.1871,1.9459,0.6595,0.02708,0.2467,0.002884,0.593,0,36,72.92,0.3,1,0,9.782,9.782,1,30,6926,78584.2,100.0,4,11.23
1786079976037,2356,v1,0.0473,0.2893,0.1961,1.3671,0.786,0.01634,0.2123,0.002793,0.625,0,16,75.04,0.937,1,4939,15.0,6.005,0,30,7436,368568.7,26.21,16,10.83
1786079977689,2357,v1,0.0517,0.6804,0.4841,2.1511,0.1565,0.00915,0.0977,0.003199,0.598,1,8,24.15,0.409,1,3624,7.0,2.899,1,30,6329,169912.7,100.0,13,63.6
1786079979112,2358,v1,0.068,0.2883,0.3443,1.8022,0.5243,0.01591,0.2066,0.002083,0.602,0,12,74.51,0.769,1,2429,10.767,7.019,1,30,5944,144862.3,100.0,13,8.8
1786079980808,2359,v1,0.0684,0.5267,0.2468,1.0568,0.7047,0.03194,0.0551,0.001689,0.687,1,23,69.07,0.6,1,0,12.917,12.917,1,30,6004,131864.5,100.0,13,6.33
1786079975290,2360,v1,0.0344,0.2085,0.3132,1.4114,0.6741,0.01194,0.2238,0.002497,0.626,1,8,82.01,0.985,1,5663,7.0,0.0,1,30,5779,163930.2,0.0,-1,100.0
1786079976614,2361,v1,0.0693,0.9285,0.4267,2.0811,0.3752,0.01506,0.2056,0.003737,0.707,1,21,21.23,0.489,1,0,13.0,13.0,1,30,6301,133510.5,100.0,13,13.41
1786079978737,2362,v1,0.0168,0.821,0.34,1.0182,0.9689,0.02444,0.1822,0.003737,0.697,0,4,73.47,0.977,1,0,3.0,3.0,0,30,6078,272246.1,48.65,18,14.02
1786079981309,2363,v1,0.0133,0.6554,0.3105,1.6329,0.1588,0.02619,0.1122,0.001719,0.653,1,5,84.7,0.878,1,5947,4.0,0.0,0,30,5990,358545.4,0.0,-1,6.39
1786079976600,2364,v1,0.0108,0.2807,0.222,0.9751,0.2849,0.03012,0.1979,0.001636,0.601,1,21,21.1,0.867,1,1106,15.025,12.598,0,30,7010,210704.1,85.21,14,6.32
1786079978512,2365,v1,0.0278,0.4746,0.2179,2.1111,0.4228,0.02942,0.1587,0.001534,0.65,0,31,93.3,0.393,1,0,18.949,18.949,0,30,6248,184336.4,84.21,16,5.51
1786079980159,2366,v1,0.0287,0.7649,0.3177,2.4118,0.4729,0.02265,0.234,0.003667,0.648,1,18,99.35,0.938,1,0,13.0,13.0,1,30,6871,149824.3,100.0,13,13.52
1786079982209,2367,v1,0.054,0.4036,0.2155,2.4413,0.5196,0.00891,0.1897,0.003019,0.674,1,24,86.02,0.474,1,0,18.813,18.813,0,30,6553,302585.7,86.47,18,10.54
1786079976857,2368,v1,0.0778,0.6958,0.2305,1.4077,0.4182,0.02256,0.1747,0.00369,0.623,0,16,59.67,0.795,1,0,15.0,15.0,0,30,6028,166434.8,100.0,15,13.34
1786079978972,2369,v1,0.0587,0.3603,0.49,1.5876,0.8869,0.00654,0.2092,0.002526,0.714,1,31,40.11,0.479,1,1156,19.994,16.127,0,30,6712,281240.8,85.58,17,9.92
1786079981106,2370,v1,0.0628,0.778,0.1717,1.9977,0.4399,0.00766,0.0748,0.002103,0.649,0,23,37.82,0.969,1,0,18.044,18.044,0,30,5968,262319.5,88.7,17,8.16
1786079982779,2371,v1,0.0214,0.2339,0.486,1.5365,0.4047,0.01669,0.1937,0.00256,0.619,0,18,93.41,0.797,1,0,13.0,13.0,1,30,6457,149456.6,100.0,13,9.82
1786079977522,2372,v1,0.0665,0.3963,0.2182,1.162,0.9662,0.00877,0.124,0.002159,0.676,1,31,78.84,0.441,1,0,14.366,14.366,1,30,6700,150675.7,100.0,13,8.13
1786079978921,2373,v1,0.0469,0.6243,0.1175,2.2232,0.1414,0.00456,0.1873,0.001701,0.596,0,14,44.61,0.916,1,0,13.0,13.0,1,30,6134,138991.7,100.0,13,6.55
1786079981539,2374,v1,0.0133,0.4305,0.197,1.3953,0.9407,0.00994,0.2249,0.002073,0.665,0,23,45.22,0.329,1,0,0.0,0.0,0,30,6572,397972.2,0.0,-1,7.97
1786079983769,2375,v1,0.07,0.7207,0.1051,1.9066,0.5092,0.0319,0.2486,0.001664,0.611,0,8,59.67,0.638,1,2698,7.0,4.795,0,30,6190,269403.4,53.75,15,6.91
1786079979211,2376,v1,0.0501,0.892,0.3743,2.1581,0.1486,0.00948,0.2425,0.00282,0.701,1,18,75.67,0.844,1,5987,17.0,1.215,0,30,6777,382835.4,5.2,-1,10.88
1786079981617,2377,v1,0.0327,0.3828,0.2707,2.1472,0.8621,0.02851,0.1627,0.001718,0.635,1,16,74.15,0.951,1,4504,15.0,4.49,0,30,6606,322552.8,29.93,15,6.96
1786079983602,2378,v1,0.0601,0.6337,0.2382,1.7085,0.6257,0.01052,0.1652,0.00153,0.698,0,22,95.73,0.66,1,0,13.0,13.0,1,30,7175,155966.8,100.0,13,6.52
1786079984967,2379,v1,0.0687,0.331,0.3782,1.3711,0.369,0.00983,0.1791,0.001577,0.618,0,22,58.33,0.995,1,0,16.361,16.361,0,30,5615,184606.2,92.43,15,6.16
1786079978623,2380,v1,0.0219,0.9934,0.1826,1.6513,0.7116,0.023,0.1123,0.002525,0.627,1,32,80.79,0.635,1,0,19.43,19.43,0,30,6072,198311.6,87.05,17,10.05
1786079980059,2381,v1,0.0692,0.2931,0.2599,1.8439,0.6449,0.02754,0.0856,0.00344,0.647,0,18,45.0,0.485,1,0,13.0,13.0,1,30,5837,132383.5,100.0,13,13.19
1786079981400,2382,v1,0.0177,0.9479,0.2296,1.8647,0.9581,0.03101,0.1983,0.003467,0.636,1,12,22.95,0.475,1,3156,11.0,4.979,1,30,5974,155230.2,100.0,13,61.05
1786079983538,2383,v1,0.0768,0.5325,0.365,1.4019,0.67,0.02054,0.1719,0.003031,0.707,0,5,36.71,0.352,1,1390,4.0,3.516,0,30,5801,242086.1,67.44,16,11.31
1786079983410,2384,v1,0.0724,0.6646,0.3906,1.6168,0.7707,0.02721,0.0528,0.002551,0.689,1,34,85.28,0.697,1,0,18.171,18.171,0,30,6319,183890.2,88.08,15,9.54
1786079984728,2385,v1,0.0528,0.7205,0.2592,1.3357,0.4493,0.01436,0.0945,0.002251,0.613,1,24,51.83,0.864,1,899,16.949,14.244,0,30,5889,197762.7,97.9,16,8.93
1786079986125,2386,v1,0.0628,0.9874,0.252,1.772,0.6995,0.02302,0.0995,0.00147,0.622,1,11,41.01,0.325,1,1670,7.953,5.51,1,30,6531,100006.7,100.0,5,6.35
1786079988225,2387,v1,0.0128,0.9133,0.1693,1.8729,0.405,0.0078,0.1574,0.003165,0.719,0,15,97.7,0.495,1,0,14.0,14.0,0,30,6085,354324.5,0.0,-1,11.49
1786079984460,2388,v1,0.0343,0.3283,0.2692,2.3099,0.9585,0.00845,0.1553,0.003259,0.69,1,18,43.31,0.789,1,6018,17.0,0.008,0,30,6310,388273.9,0.05,-1,10.81
1786079986186,2389,v1,0.0153,0.6433,0.1656,1.6494,0.7065,0.00988,0.1034,0.001598,0.64,1,21,72.21,0.407,1,0,0.0,0.0,0,30,5106,295001.1,0.0,-1,5.86
1786079987617,2390,v1,0.0369,0.7442,0.2487,2.2875,0.7661,0.02618,0.0874,0.001924,0.601,1,24,81.11,0.318,1,0,10.525,10.525,1,30,6470,104267.1,100.0,7,7.09
1786079989054,2391,v1,0.026,0.5023,0.3527,1.1007,0.255,0.01258,0.0837,0.001729,0.699,1,33,74.21,0.709,1,0,0.0,0.0,0,30,6331,390212.7,0.0,-1,7.19
1786079984272,2392,v1,0.0108,0.383,0.2049,0.865,0.6801,0.00934,0.1492,0.002867,0.592,1,34,48.67,0.542,1,799,14.357,12.285,1,30,6110,141556.7,100.0,13,11.15
1786079985597,2393,v1,0.0325,0.5472,0.3556,2.1872,0.8929,0.03191,0.1978,0.001565,0.597,0,31,37.29,0.552,1,0,12.351,12.351,1,30,5637,101823.1,100.0,8,6.62
1786079986512,2394,v1,0.0719,0.9383,0.3028,2.3054,0.3805,0.01854,0.2259,0.002386,0.713,0,34,69.13,0.406,1,0,14.377,14.377,1,30,6240,134464.5,100.0,13,9.47
1786079988067,2395,v1,0.0192,0.2087,0.3195,1.575,0.4438,0.01992,0.2198,0.002493,0.634,1,7,71.98,0.84,1,5968,6.0,0.0,1,30,6069,170607.1,0.0,-1,100.0
1786079985900,2396,v1,0.0158,0.6962,0.1372,1.7654,0.1421,0.02357,0.1177,0.002788,0.72,0,12,55.67,0.915,1,3967,11.0,5.505,0,30,6675,376609.7,0.0,-1,11.13
1786079987186,2397,v1,0.0183,0.5809,0.1558,2.3915,0.4523,0.01931,0.095,0.002938,0.585,1,6,36.84,0.535,1,4206,5.0,1.229,1,30,5668,147966.6,100.0,13,78.14
1786079988884,2398,v1,0.0322,0.8494,0.1897,2.3102,0.2343,0.00442,0.0513,0.001812,0.633,0,8,60.18,0.994,1,3988,7.0,4.02,0,30,6764,376611.2,8.98,-1,6.86
1786079990240,2399,v1,0.0574,0.2456,0.2391,1.9084,0.5339,0.00376,0.2009,0.002439,0.683,1,19,56.9,0.801,1,2985,17.927,9.921,0,30,7017,348449.0,50.22,18,9.42
1786079996110,2400,v1,0.068,0.9211,0.3982,1.8042,0.1206,0.02964,0.22,0.00306,0.608,0,35,71.54,0.388,1,0,17.239,17.239,0,30,6451,169698.9,91.46,14,12.11
1786079997508,2401,v1,0.0335,0.8564,0.4752,2.0582,0.3913,0.02634,0.1951,0.001785,0.686,1,13,33.49,0.961,1,6139,12.0,0.0,1,30,6253,174794.3,0.0,-1,100.0
1786079999753,2402,v1,0.0352,0.8016,0.2096,0.9246,0.8986,0.00559,0.0622,0.00219,0.666,1,30,45.2,0.937,1,1299,7.782,2.503,0,30,5921,345859.5,35.41,19,8.48
1786080001927,2403,v1,0.02,0.2763,0.2841,2.1745,0.5501,0.01074,0.0726,0.001671,0.609,1,32,88.74,0.547,1,0,13.582,13.582,0,30,6733,302568.3,60.56,18,6.07
1786079996798,2404,v1,0.0732,0.5666,0.4353,2.1527,0.4095,0.02433,0.1288,0.002081,0.645,0,30,66.33,0.514,1,0,17.279,17.279,0,30,5899,167036.5,90.24,15,7.98
1786079998992,2405,v1,0.0579,0.8502,0.2911,0.8139,0.1393,0.0097,0.1935,0.001589,0.682,1,18,50.13,0.585,1,2083,17.0,10.755,0,30,5833,300990.3,55.61,17,6.39
1786080001229,2406,v1,0.068,0.7902,0.4691,0.8579,0.8592,0.0319,0.1498,0.002713,0.664,1,10,97.31,0.416,1,3569,9.0,4.015,0,30,6630,302457.1,41.39,15,10.5
1786080002712,2407,v1,0.0355,0.5223,0.4695,1.9383,0.9196,0.00804,0.158,0.001874,0.585,1,14,58.8,0.364,1,0,12.766,12.766,1,30,7118,160731.4,100.0,13,7.5
1786079997037,2408,v1,0.0233,0.6021,0.4155,0.8174,0.8243,0.01318,0.1525,0.003376,0.684,0,16,43.37,0.725,1,0,13.0,13.0,1,30,6048,135107.2,100.0,13,12.09
1786079998501,2409,v1,0.0549,0.5585,0.1861,1.9021,0.4699,0.00639,0.2453,0.003378,0.703,0,36,46.24,0.636,1,0,15.674,15.674,1,30,5793,139093.5,100.0,14,12.0
1786080001442,2410,v1,0.0601,0.3549,0.3811,1.6552,0.9983,0.00761,0.1813,0.003008,0.676,1,15,28.2,0.876,1,6939,14.0,0.0,0,30,7215,417235.5,0.0,-1,11.24
1786080003468,2411,v1,0.0287,0.5062,0.3313,2.3583,0.3041,0.01614,0.1961,0.002287,0.646,0,19,99.4,0.789,1,0,18.0,18.0,0,30,6142,301305.4,72.73,18,9.07
1786079997569,2412,v1,0.0257,0.4626,0.4484,1.9198,0.1384,0.02355,0.1295,0.002323,0.581,1,29,68.11,0.51,1,0,12.004,12.004,1,30,6750,112472.5,100.0,7,8.52
1786079999078,2413,v1,0.0582,0.8147,0.2574,1.3541,0.5986,0.01266,0.2494,0.001845,0.713,0,24,84.84,0.989,1,0,13.356,13.356,1,30,5591,121634.9,100.0,13,7.14
1786080000357,2414,v1,0.0189,0.6996,0.4717,2.0831,0.1481,0.01902,0.1588,0.003057,0.636,0,29,46.66,0.914,1,0,14.189,14.189,1,30,6611,141565.4,100.0,13,11.56
1786080001888,2415,v1,0.0312,0.9487,0.2186,1.1135,0.7824,0.02138,0.118,0.001586,0.623,1,17,22.01,0.368,1,0,10.293,10.293,1,30,7127,119561.7,100.0,7,6.01
1786079998262,2416,v1,0.0472,0.6175,0.2457,1.283,0.6261,0.01704,0.2466,0.001393,0.65,0,36,66.62,0.923,1,0,14.004,14.004,1,30,6525,140361.8,100.0,11,5.44
1786079999680,2417,v1,0.0568,0.6334,0.4185,1.0621,0.4731,0.02254,0.0756,0.002583,0.688,1,11,56.12,0.422,1,3050,10.0,5.085,1,30,6356,157322.7,100.0,13,9.66
1786080002442,2418,v1,0.0336,0.3393,0.1682,1.9187,0.1844,0.00365,0.1107,0.001866,0.712,1,7,29.55,0.884,1,6799,6.0,0.02,0,30,6893,406499.3,0.0,-1,6.99
1786080003898,2419,v1,0.048,0.4429,0.2784,1.4311,0.4653,0.01871,0.248,0.002302,0.689,1,14,57.8,0.585,1,0,13.0,13.0,1,30,5886,132313.9,100.0,13,8.99
1786079998774,2420,v1,0.0324,0.9198,0.3928,2.4115,0.3756,0.02369,0.0836,0.002691,0.648,0,20,88.28,0.995,1,0,13.0,13.0,1,30,5679,127513.9,100.0,13,10.2
1786079999982,2421,v1,0.0726,0.73,0.3833,1.9416,0.789,0.02022,0.1305,0.001764,0.619,1,21,29.24,0.409,1,0,9.72,9.72,1,30,6927,106189.9,100.0,5,6.55
1786080002555,2422,v1,0.0345,0.2368,0.1524,1.6897,0.7636,0.00453,0.2395,0.002478,0.702,0,11,62.72,0.579,1,1806,10.0,7.624,0,30,6230,357458.0,0.0,-1,9.42
1786080004411,2423,v1,0.05,0.8662,0.1406,1.8689,0.391,0.00718,0.1384,0.003123,0.621,0,21,49.22,0.99,1,0,17.784,17.784,0,30,6141,262414.7,89.53,17,11.64
1786080000631,2424,v1,0.0628,0.6218,0.3573,0.8551,0.2394,0.03085,0.236,0.002862,0.608,1,9,98.47,0.745,1,5860,8.0,0.835,0,30,6692,374445.7,9.64,-1,10.04
1786080002001,2425,v1,0.0179,0.8599,0.3288,1.2053,0.2446,0.0246,0.2329,0.00147,0.586,0,35,27.17,0.447,1,297,17.246,16.438,0,30,5821,151265.9,92.63,14,5.77
1786080003707,2426,v1,0.0282,0.9925,0.1493,0.8871,0.7652,0.02845,0.2061,0.001431,0.648,1,19,28.99,0.408,1,0,13.0,13.0,1,30,6310,140221.6,100.0,13,5.63
1786080005716,2427,v1,0.0206,0.585,0.4267,1.0671,0.1535,0.01002,0.2385,0.00321,0.627,1,22,39.59,0.78,1,581,12.968,10.892,0,30,5551,288795.7,61.83,18,12.63
1786080004042,2428,v1,0.0734,0.5057,0.1265,1.7531,0.4493,0.00894,0.1469,0.003479,0.585,1,11,78.06,0.89,1,5194,9.803,0.472,1,30,5734,151867.4,100.0,18,13.67
1786080006077,2429,v1,0.073,0.289,0.397,1.5701,0.931,0.02115,0.1667,0.002163,0.586,0,9,35.77,0.778,1,2416,8.0,5.481,0,30,5854,228171.0,57.97,14,7.77
1786080008349,2430,v1,0.0679,0.9989,0.3658,2.3419,0.4669,0.0124,0.2255,0.001239,0.656,1,24,28.8,0.845,1,956,17.616,14.734,0,30,5975,260206.0,94.44,16,5.04
1786080009815,2431,v1,0.047,0.9371,0.2669,1.1282,0.7128,0.01716,0.2131,0.001526,0.587,1,6,34.24,0.756,1,3738,4.393,1.569,1,30,6404,120110.9,100.0,4,8.01
1786080004457,2432,v1,0.0793,0.4238,0.3153,2.1564,0.9664,0.03187,0.1627,0.001244,0.617,0,10,39.01,0.616,1,1776,7.626,5.562,1,30,6105,117529.9,100.0,5,5.29
1786080006193,2433,v1,0.0639,0.8078,0.4996,0.8254,0.1493,0.01301,0.0982,0.002203,0.698,0,35,25.28,0.602,1,498,21.898,20.024,0,30,5716,246640.1,89.1,16,8.78
1786080007698,2434,v1,0.08,0.4793,0.45,1.1484,0.505,0.02534,0.0733,0.002914,0.588,1,23,82.01,0.613,1,0,5.642,5.642,1,30,7184,46796.7,100.0,4,11.57
1786080009749,2435,v1,0.0127,0.8445,0.116,2.2635,0.5176,0.02753,0.1585,0.003097,0.684,0,21,57.97,0.589,1,0,0.0,0.0,0,30,5499,325661.7,0.0,-1,11.55
1786080005679,2436,v1,0.0593,0.816,0.1515,1.7453,0.7549,0.01464,0.06,0.001911,0.684,0,11,79.85,0.949,1,4321,10.0,4.167,1,30,6068,155515.6,100.0,13,29.17
1786080007569,2437,v1,0.0578,0.5083,0.2322,2.4321,0.79,0.01786,0.1219,0.001802,0.633,0,19,33.3,0.834,1,0,16.307,16.307,0,30,6231,189115.2,84.95,16,6.69
1786080008767,2438,v1,0.0529,0.4216,0.3634,1.4519,0.3026,0.01207,0.1422,0.002653,0.603,1,24,84.16,0.546,1,0,16.694,16.694,0,30,5527,165408.0,92.57,15,9.55
1786080011141,2439,v1,0.0345,0.4832,0.487,1.8207,0.7137,0.01469,0.1817,0.001514,0.713,1,16,35.54,0.379,1,2788,15.0,8.018,0,30,6119,344476.0,22.41,19,5.88
1786080006010,2440,v1,0.0335,0.6807,0.3705,0.9338,0.8237,0.02508,0.136,0.002483,0.718,1,5,45.88,0.726,1,5377,4.0,0.454,1,30,6129,171284.7,100.0,24,89.82
1786080007764,2441,v1,0.0147,0.8032,0.4956,1.8659,0.1384,0.01362,0.0971,0.001829,0.623,1,27,55.32,0.634,1,895,13.853,11.73,1,30,6074,139460.4,100.0,13,14.54
1786080009367,2442,v1,0.0124,0.4369,0.3204,0.8562,0.5715,0.02305,0.1919,0.001992,0.646,1,24,79.21,0.791,1,0,13.363,13.363,1,30,6987,152233.2,100.0,13,7.4
1786080011565,2443,v1,0.0458,0.4477,0.3765,2.352,0.5174,0.02684,0.122,0.001609,0.659,0,8,55.68,0.81,1,3183,7.0,4.255,0,30,5857,289309.4,38.93,16,6.03
1786080006653,2444,v1,0.0508,0.4596,0.4731,2.3619,0.1705,0.03122,0.2048,0.002459,0.678,0,29,57.3,0.958,1,0,14.055,14.055,1,30,5889,132408.8,100.0,13,9.39
1786080008688,2445,v1,0.0625,0.4898,0.4577,1.5394,0.3731,0.01101,0.1633,0.003148,0.687,0,16,43.56,0.359,1,1419,15.0,11.848,0,30,6144,271809.9,65.0,17,12.22
1786080010356,2446,v1,0.0536,0.9108,0.3937,1.4125,0.2929,0.00766,0.1133,0.002974,0.589,0,24,31.77,0.432,1,0,16.587,16.587,0,30,5506,168951.6,89.52,15,10.55
1786080011691,2447,v1,0.0107,0.9251,0.3032,1.7389,0.407,0.0108,0.2196,0.001936,0.699,1,5,50.45,0.318,1,2628,4.0,2.189,1,30,5855,142843.0,100.0,13,49.7
1786080008277,2448,v1,0.0377,0.4582,0.3143,0.878,0.3125,0.01209,0.2177,0.002127,0.688,0,16,61.74,0.586,1,2669,15.0,9.142,0,30,6098,327691.0,43.95,18,7.86
1786080009773,2449,v1,0.037,0.5672,0.1776,1.9323,0.3669,0.00767,0.2426,0.001666,0.676,1,28,64.97,0.658,1,995,14.749,12.36,1,30,6390,153030.4,100.0,13,10.92
1786080012565,2450,v1,0.0737,0.452,0.1229,0.9154,0.7703,0.01539,0.1044,0.002118,0.7,1,13,47.85,0.824,1,6246,12.0,0.0,0,30,6399,377587.8,0.0,-1,8.24
1786080015207,2451,v1,0.0487,0.6001,0.184,2.2405,0.4415,0.01092,0.1204,0.002816,0.704,0,18,43.61,0.855,1,3347,17.0,8.794,0,30,6454,362092.2,23.67,19,10.66
1786080007995,2452,v1,0.0116,0.8325,0.185,1.6576,0.5731,0.02253,0.057,0.003582,0.64,0,23,30.59,0.943,1,633,13.193,11.864,1,30,5690,127058.9,100.0,13,24.75
1786080010042,2453,v1,0.0309,0.4098,0.4153,0.8124,0.245,0.02208,0.0717,0.001604,0.708,1,30,70.58,0.825,1,3305,21.178,9.429,0,30,6382,330682.4,88.66,18,6.47
1786080011665,2454,v1,0.0318,0.226,0.2296,1.4919,0.267,0.02431,0.1512,0.001688,0.605,0,21,65.76,0.776,1,0,15.81,15.81,0,30,6416,190707.4,85.39,15,5.72
1786080013022,2455,v1,0.0615,0.9951,0.2068,2.4685,0.9011,0.01571,0.152,0.00336,0.591,1,6,23.76,0.469,1,3280,5.0,1.936,1,30,5441,133191.9,100.0,13,65.76
1786080011642,2456,v1,0.0669,0.3885,0.3428,2.1364,0.2262,0.02152,0.2321,0.00232,0.694,1,8,46.61,0.953,1,4988,7.0,0.0,1,30,5074,136582.3,100.0,21,91.62
1786080013380,2457,v1,0.0401,0.3806,0.3779,1.2587,0.6243,0.00363,0.1205,0.003676,0.708,0,12,73.97,0.493,1,2456,11.0,7.767,1,30,7114,173382.6,100.0,14,26.9
1786080016078,2458,v1,0.0408,0.2634,0.1205,1.881,0.1461,0.03072,0.0585,0.002121,0.698,1,11,92.88,0.823,1,6025,10.0,0.0,0,30,6149,360836.2,0.0,-1,7.97
1786080018925,2459,v1,0.0113,0.9404,0.4024,1.2383,0.4107,0.00584,0.2339,0.001598,0.701,1,32,61.94,0.512,1,0,0.0,0.0,0,30,6153,363495.5,0.0,-1,6.37
1786080012744,2460,v1,0.0284,0.5776,0.2022,2.4064,0.4063,0.01979,0.2031,0.002708,0.693,1,33,68.26,0.689,1,0,14.787,14.787,1,30,6351,150990.8,100.0,13,10.72
1786080015114,2461,v1,0.0246,0.8195,0.2081,1.6775,0.4207,0.01361,0.0566,0.001912,0.637,1,11,42.85,0.439,1,3405,10.0,4.141,0,30,5920,344948.5,20.18,19,7.13
1786080016374,2462,v1,0.0302,0.9845,0.3975,0.826,0.5888,0.01727,0.1574,0.002651,0.597,0,26,48.38,0.876,1,0,8.591,8.591,1,30,6335,73677.5,100.0,4,10.12
1786080018388,2463,v1,0.0624,0.7208,0.2173,1.6216,0.3533,0.01611,0.2203,0.001761,0.679,0,21,82.96,0.851,1,0,17.156,17.156,0,30,6578,264597.9,94.61,16,6.51
1786080013414,2464,v1,0.025,0.8544,0.236,2.3014,0.8963,0.02606,0.2153,0.00373,0.602,0,22,88.78,0.557,1,0,12.777,12.777,1,30,6538,144879.7,100.0,13,13.63
1786080015265,2465,v1,0.0436,0.4757,0.1669,1.7511,0.8829,0.02882,0.1524,0.001825,0.609,1,9,79.87,0.684,1,5990,8.0,0.39,1,30,6405,180752.0,100.0,25,95.47
1786080017251,2466,v1,0.0437,0.6166,0.3547,1.4289,0.5517,0.0291,0.245,0.001957,0.689,0,22,93.4,0.485,1,0,16.96,16.96,0,30,6724,212281.0,87.1,16,8.05
1786080019698,2467,v1,0.0134,0.8767,0.1149,1.7009,0.8926,0.03021,0.1243,0.003093,0.614,1,13,66.26,0.936,1,6292,12.0,0.0,0,30,6520,370787.8,0.0,-1,11.75
1786080015218,2468,v1,0.0322,0.4889,0.4148,1.117,0.877,0.00516,0.1347,0.001697,0.697,1,20,27.7,0.746,1,6499,19.0,0.0,0,30,6705,403822.4,0.0,-1,6.47
1786080017224,2469,v1,0.0531,0.2699,0.3625,1.2449,0.1505,0.0315,0.0869,0.003693,0.608,0,17,23.45,0.898,1,472,14.176,13.343,0,30,7215,197188.7,99.59,14,14.12
1786080018671,2470,v1,0.0122,0.4402,0.4547,1.7365,0.374,0.0258,0.0898,0.002206,0.593,1,4,54.31,0.4,1,2672,3.0,1.664,1,30,6033,139092.7,100.0,10,49.43
1786080019857,2471,v1,0.0731,0.7259,0.2206,2.4199,0.577,0.03191,0.1688,0.002885,0.653,0,26,93.7,0.953,1,0,11.075,11.075,1,30,6041,103696.1,100.0,7,11.27
1786080014886,2472,v1,0.0254,0.4101,0.4552,1.7459,0.6012,0.01224,0.2132,0.00226,0.701,0,14,34.96,0.909,1,4033,13.0,5.274,1,30,5892,161302.9,100.0,14,72.98
1786080016536,2473,v1,0.0715,0.5348,0.1242,0.9769,0.6026,0.02742,0.2104,0.003477,0.655,1,36,41.55,0.318,1,354,18.501,17.32,0,30,6290,186176.9,85.76,15,13.58
1786080017812,2474,v1,0.028,0.9284,0.1768,1.0426,0.533,0.02322,0.1543,0.001946,0.674,0,18,70.04,0.584,1,0,13.0,13.0,1,30,5994,136647.9,100.0,13,7.32
1786080019657,2475,v1,0.0686,0.8012,0.309,1.7473,0.263,0.00562,0.0946,0.001788,0.714,0,10,60.8,0.859,1,3863,9.0,4.967,1,30,6821,177560.7,100.0,13,10.2
1786080016673,2476,v1,0.0188,0.2985,0.4954,1.4675,0.3972,0.00711,0.2066,0.002813,0.672,0,36,28.14,0.471,1,0,0.0,0.0,0,30,6054,341586.7,0.0,-1,10.22
1786080018272,2477,v1,0.047,0.3775,0.1762,1.781,0.595,0.02963,0.0553,0.002177,0.594,0,34,32.91,0.682,1,0,17.225,17.225,0,30,6602,178722.4,84.46,14,8.68
1786080019765,2478,v1,0.0135,0.8998,0.3273,1.9813,0.5517,0.00658,0.2292,0.003119,0.628,1,28,53.52,0.453,1,507,14.006,12.777,1,30,6222,140832.9,100.0,13,14.51
1786080021387,2479,v1,0.0235,0.6769,0.3285,1.9689,0.831,0.01383,0.1678,0.0026,0.668,1,32,97.57,0.622,1,0,14.366,14.366,1,30,6314,146261.3,100.0,13,9.95
1786080018171,2480,v1,0.0603,0.2478,0.4334,1.8115,0.9574,0.03146,0.1888,0.001362,0.647,1,11,89.79,0.533,1,4681,10.0,2.155,0,30,6045,330187.3,20.32,15,5.36
1786080020324,2481,v1,0.0385,0.9527,0.2444,1.4397,0.562,0.0209,0.085,0.003112,0.666,1,10,20.59,0.39,1,3030,9.0,4.016,0,30,5634,293396.6,39.9,17,12.53
1786080021617,2482,v1,0.075,0.9822,0.4503,2.0358,0.961,0.00574,0.1534,0.003405,0.589,1,28,50.04,0.437,1,582,11.978,10.825,1,30,6526,119826.3,100.0,8,12.06
1786080023526,2483,v1,0.0595,0.7119,0.1899,1.1572,0.3754,0.00755,0.1808,0.003044,0.596,1,9,71.52,0.755,1,6687,7.979,0.228,1,30,7051,181754.0,100.0,17,12.27
1786080020704,2484,v1,0.0507,0.579,0.3343,1.7366,0.7082,0.00399,0.158,0.00326,0.628,0,35,39.07,0.792,1,0,20.03,20.03,0,30,6317,196200.4,88.02,17,11.92
1786080022189,2485,v1,0.0186,0.5664,0.2395,0.8898,0.825,0.01357,0.0827,0.001379,0.674,0,12,66.69,0.494,1,2487,11.0,7.612,1,30,6713,167838.5,100.0,13,40.97
1786080023729,2486,v1,0.058,0.9664,0.2702,1.3183,0.6657,0.02324,0.162,0.001881,0.599,1,33,55.84,0.517,1,516,17.376,15.731,0,30,5736,167701.6,91.58,14,7.36
1786080025261,2487,v1,0.0523,0.2204,0.1888,2.4378,0.6993,0.02531,0.0989,0.00348,0.633,0,15,92.17,0.722,1,0,14.0,14.0,0,30,6211,188152.2,83.88,16,12.86
1786080020944,2488,v1,0.0717,0.6262,0.3315,0.9048,0.2838,0.02713,0.1033,0.00321,0.719,0,10,81.25,0.868,1,3699,9.0,4.357,1,30,5743,142352.9,100.0,13,13.02
1786080023252,2489,v1,0.0423,0.2909,0.2061,1.2974,0.5376,0.02677,0.226,0.003499,0.696,1,12,48.88,0.943,1,5994,11.0,0.0,0,30,6252,356791.2,0.0,-1,13.32
1786080024230,2490,v1,0.0233,0.6459,0.4853,1.4652,0.4666,0.02003,0.1119,0.001283,0.607,1,22,89.62,0.967,1,0,11.189,11.189,1,30,5272,98262.3,100.0,8,5.18
1786080025969,2491,v1,0.0205,0.8884,0.3462,1.2063,0.4382,0.02632,0.137,0.002293,0.7,0,16,50.51,0.432,1,1339,15.0,11.889,0,30,5797,316621.9,31.47,19,9.35
1786080021460,2492,v1,0.0647,0.9492,0.3762,1.0798,0.6194,0.00953,0.1178,0.001675,0.603,0,36,27.99,0.724,1,342,9.764,9.254,1,30,5553,66546.8,100.0,3,6.74
1786080023154,2493,v1,0.0268,0.3894,0.3116,2.136,0.2106,0.0231,0.0984,0.002735,0.669,1,14,49.06,0.946,1,4727,13.0,3.287,1,30,6552,173877.9,100.0,13,77.37
1786080024489,2494,v1,0.0129,0.7313,0.169,0.9994,0.3277,0.02955,0.1069,0.002581,0.704,1,21,43.89,0.457,1,0,13.0,13.0,1,30,6310,135632.6,100.0,13,9.57
1786080026018,2495,v1,0.0622,0.8217,0.3731,1.6118,0.442,0.02532,0.1925,0.002016,0.616,0,17,93.46,0.448,1,0,14.593,14.593,0,30,7754,202743.9,89.6,14,7.76
1786080022743,2496,v1,0.0583,0.7653,0.3842,2.1274,0.186,0.01944,0.2251,0.001749,0.631,1,24,43.23,0.932,1,1004,17.023,14.1,0,30,6050,238347.3,98.4,16,6.93
1786080023958,2497,v1,0.0407,0.784,0.2643,2.1267,0.4154,0.03105,0.0648,0.00194,0.623,1,16,63.15,0.358,1,183,14.909,14.373,0,30,5182,147072.8,92.73,15,7.33
1786080025373,2498,v1,0.0294,0.391,0.3313,1.079,0.6031,0.02779,0.1254,0.003654,0.719,0,17,67.67,0.413,1,0,13.628,13.628,1,30,6070,133754.5,100.0,13,13.56
1786080026231,2499,v1,0.0771,0.8916,0.2922,1.488,0.6656,0.02434,0.1622,0.003495,0.695,0,21,59.31,0.747,1,0,16.427,16.427,0,30,6058,173113.1,97.13,16,13.39
1786080032834,2500,v1,0.0297,0.227,0.2719,1.3965,0.841,0.00846,0.2054,0.001486,0.655,1,8,39.37,0.505,1,4046,7.0,1.876,0,30,5582,332491.5,3.47,-1,6.13
1786080034458,2501,v1,0.0794,0.5324,0.4009,1.5269,0.7271,0.01936,0.1296,0.002308,0.712,1,31,59.26,0.601,1,741,18.429,15.939,0,30,5836,201226.5,86.16,16,9.05
1786080035762,2502,v1,0.0641,0.9995,0.1915,1.5625,0.9815,0.01974,0.1803,0.003662,0.582,1,31,89.81,0.882,1,0,17.132,17.132,0,30,5387,149496.9,95.29,14,13.01
1786080037300,2503,v1,0.0718,0.3545,0.2786,1.576,0.6418,0.01791,0.0984,0.001516,0.707,0,28,39.64,0.891,1,0,18.278,18.278,0,30,6120,213077.2,90.09,16,5.75
1786080032637,2504,v1,0.042,0.2627,0.2117,1.1261,0.3942,0.01106,0.1409,0.001932,0.696,0,6,79.11,0.846,1,0,5.0,5.0,1,30,5591,128942.0,100.0,14,6.73
1786080034967,2505,v1,0.02,0.9603,0.3093,1.0397,0.6505,0.00536,0.2266,0.003476,0.703,0,19,31.69,0.966,1,2767,18.0,10.009,0,30,5912,345694.1,0.0,-1,13.23
1786080036475,2506,v1,0.0587,0.3918,0.3943,1.3843,0.7603,0.02282,0.1233,0.002307,0.589,0,13,31.8,0.771,1,669,7.642,6.566,1,30,6370,79370.9,100.0,5,8.57
1786080037431,2507,v1,0.0746,0.4128,0.4118,1.1287,0.9402,0.00405,0.0846,0.003411,0.61,0,29,70.06,0.788,1,0,10.775,10.775,1,30,5996,95077.7,100.0,4,12.58
1786080033422,2508,v1,0.0621,0.8603,0.3773,1.1452,0.7148,0.01248,0.2384,0.001533,0.665,0,24,61.65,0.527,1,0,13.364,13.364,1,30,6594,145164.1,100.0,13,6.45
1786080035707,2509,v1,0.0581,0.4558,0.4638,1.3289,0.9036,0.02304,0.2351,0.002464,0.714,1,11,49.3,0.675,1,4359,10.0,2.569,0,30,6018,336122.2,22.08,17,9.6
1786080037094,2510,v1,0.0233,0.7259,0.4019,1.9703,0.7409,0.02015,0.2159,0.002036,0.6,1,25,49.13,0.692,1,827,12.031,10.446,1,30,6529,131327.1,100.0,10,19.08
1786080039570,2511,v1,0.0733,0.9311,0.4427,0.8853,0.1141,0.02857,0.2313,0.001513,0.627,1,5,84.01,0.817,1,6040,4.0,0.0,0,30,6082,362804.4,0.0,-1,5.62
1786080034915,2512,v1,0.0368,0.9264,0.2684,1.099,0.9496,0.00508,0.084,0.003021,0.695,1,36,86.24,0.426,1,0,0.111,0.111,0,30,6338,369279.2,0.45,-1,11.23
1786080036572,2513,v1,0.0193,0.7062,0.3291,1.5253,0.2356,0.01698,0.208,0.002745,0.602,0,32,26.45,0.765,1,0,14.231,14.231,1,30,6297,140822.0,100.0,13,10.35
1786080039045,2514,v1,0.0594,0.7273,0.2015,1.2634,0.9249,0.0045,0.078,0.002715,0.583,1,5,83.21,0.479,1,3724,4.0,1.671,0,30,6463,298217.0,39.21,16,9.98
1786080040279,2515,v1,0.0673,0.5913,0.2335,1.061,0.726,0.00956,0.1675,0.00336,0.617,1,34,53.57,0.808,1,1138,11.546,9.234,1,30,6282,104017.8,100.0,7,12.81
1786080034822,2516,v1,0.0578,0.4343,0.3611,0.8756,0.6995,0.01328,0.098,0.001316,0.699,0,8,54.66,0.315,1,1262,7.0,5.915,0,30,5865,249508.9,68.23,17,4.47
1786080036739,2517,v1,0.026,0.9947,0.467,1.2133,0.1118,0.01017,0.2297,0.00208,0.588,0,13,71.19,0.87,1,2794,10.482,6.503,1,30,7225,147567.1,100.0,6,24.64
1786080038985,2518,v1,0.0344,0.5637,0.3134,1.6448,0.622,0.01772,0.2064,0.001886,0.63,0,6,24.88,0.858,1,3603,5.0,3.171,0,30,5967,290675.4,33.89,17,7.47
1786080040133,2519,v1,0.0338,0.3031,0.2618,2.0918,0.7185,0.03192,0.1987,0.001534,0.648,1,22,94.64,0.404,1,0,12.873,12.873,1,30,5534,122191.0,100.0,13,5.95
1786080034798,2520,v1,0.0744,0.997,0.3068,1.9753,0.7844,0.01093,0.1378,0.002325,0.649,1,29,65.84,0.746,1,0,11.516,11.516,1,30,6037,102246.2,100.0,6,8.86
1786080036957,2521,v1,0.0456,0.6649,0.2699,2.3786,0.8686,0.00823,0.2169,0.003076,0.641,0,8,74.19,0.362,1,0,7.0,7.0,0,30,7296,235053.1,85.89,17,11.94
1786080038595,2522,v1,0.0465,0.5109,0.2139,1.3642,0.5668,0.01696,0.1793,0.003446,0.679,0,27,40.16,0.614,1,0,13.865,13.865,1,30,7453,163079.1,100.0,13,13.06
1786080040093,2523,v1,0.0567,0.752,0.4712,1.7662,0.5484,0.00518,0.249,0.002594,0.636,1,6,83.91,0.39,1,2917,5.0,2.76,1,30,6598,154787.6,100.0,13,34.86
1786080035689,2524,v1,0.0597,0.6482,0.2117,0.9082,0.8682,0.01908,0.2488,0.003624,0.684,0,10,47.34,0.948,1,3998,9.0,4.248,1,30,6103,154246.8,100.0,13,13.81
1786080037115,2525,v1,0.0548,0.4929,0.4193,1.9386,0.8603,0.00555,0.2097,0.00356,0.691,0,6,69.55,0.352,1,0,5.0,5.0,0,30,5389,204377.6,88.46,18,13.71
1786080039907,2526,v1,0.0269,0.7377,0.3946,2.0759,0.3989,0.0091,0.1346,0.001343,0.657,0,16,36.33,0.626,1,2800,15.0,9.553,0,30,6825,414293.5,3.84,-1,5.26
1786080041199,2527,v1,0.0637,0.9243,0.3172,1.296,0.651,0.03168,0.1456,0.001917,0.604,0,36,57.85,0.526,1,0,9.991,9.991,1,30,5437,67878.8,100.0,4,7.82
1786080040263,2528,v1,0.0697,0.4097,0.4456,1.8335,0.9953,0.01119,0.2348,0.001795,0.634,1,15,70.19,0.465,1,3781,14.0,4.536,0,30,5742,295264.9,31.58,16,7.02
1786080041853,2529,v1,0.0417,0.774,0.232,1.0279,0.6629,0.02851,0.1123,0.002501,0.636,0,23,44.36,0.423,1,0,16.003,16.003,0,30,6689,182814.3,99.98,15,9.88
1786080043503,2530,v1,0.0356,0.4459,0.2024,0.868,0.5619,0.02494,0.2325,0.003525,0.638,1,21,20.16,0.37,1,0,13.0,13.0,1,30,6488,141870.9,100.0,13,13.09
1786080045749,2531,v1,0.0434,0.3448,0.4523,1.9945,0.3254,0.00974,0.1166,0.001852,0.637,1,8,75.58,0.51,1,4039,7.0,2.097,0,30,5860,325446.4,26.08,17,7.39
1786080039778,2532,v1,0.0557,0.2007,0.1674,1.6397,0.1357,0.01295,0.1637,0.003701,0.606,0,33,31.93,0.55,1,0,14.324,14.324,1,30,5489,116414.5,100.0,13,12.68
1786080041529,2533,v1,0.0403,0.572,0.1574,1.2375,0.8795,0.00985,0.1219,0.001729,0.641,0,23,21.43,0.396,1,249,13.204,12.782,1,30,6750,158820.0,100.0,13,6.76
1786080044119,2534,v1,0.0425,0.2678,0.3805,2.3645,0.2629,0.0039,0.1205,0.002343,0.63,0,18,87.29,0.741,1,3789,17.0,8.531,0,30,6969,389187.5,38.2,18,8.54
1786080045826,2535,v1,0.0265,0.6247,0.1817,1.8856,0.787,0.01641,0.06,0.003154,0.6,1,13,65.41,0.616,1,5749,12.0,1.337,1,30,6719,167561.7,100.0,24,90.01
1786080041686,2536,v1,0.0217,0.8571,0.4342,1.0539,0.8609,0.01874,0.1105,0.003355,0.707,0,11,58.8,0.757,1,2125,10.0,6.967,1,30,5790,144367.8,100.0,13,45.51
1786080043345,2537,v1,0.0626,0.2325,0.2805,1.9353,0.1828,0.01804,0.1131,0.002852,0.677,1,23,75.07,0.321,1,0,13.154,13.154,1,30,6752,146631.8,100.0,13,10.96
1786080044463,2538,v1,0.0596,0.5067,0.3664,1.5523,0.8879,0.0069,0.2428,0.001905,0.63,1,29,67.08,0.378,1,0,14.161,14.161,1,30,5898,133173.0,100.0,13,6.97
1786080046128,2539,v1,0.0137,0.5178,0.4357,2.1157,0.7,0.00573,0.2108,0.001771,0.699,1,10,63.41,0.358,1,2260,9.0,5.032,1,30,5218,138114.8,100.0,16,48.22
1786080041903,2540,v1,0.0384,0.9434,0.3188,2.3444,0.6189,0.00993,0.0688,0.00198,0.626,1,21,52.33,0.452,1,0,13.0,13.0,1,30,5610,130292.7,100.0,13,7.79
1786080043731,2541,v1,0.0322,0.5451,0.3511,2.3789,0.4324,0.0283,0.0885,0.002604,0.583,1,13,78.72,0.498,1,2545,10.663,5.865,1,30,6561,124899.8,100.0,7,45.98
1786080045433,2542,v1,0.0638,0.2741,0.1045,2.0981,0.8406,0.01214,0.2139,0.001644,0.686,1,34,99.0,0.398,1,0,21.053,21.053,0,30,6277,240681.8,84.32,18,6.55
1786080047746,2543,v1,0.028,0.7136,0.3939,1.9484,0.9857,0.01977,0.2262,0.002326,0.696,1,25,45.99,0.343,1,140,6.898,6.434,0,30,6302,332495.0,34.85,19,9.57
1786080043469,2544,v1,0.0342,0.6017,0.1796,2.1785,0.7691,0.0086,0.1041,0.001266,0.625,1,35,50.59,0.957,1,650,14.441,11.91,0,30,5863,273579.2,61.85,18,4.79
1786080045213,2545,v1,0.0368,0.5487,0.2241,2.0199,0.4835,0.01369,0.1671,0.001963,0.639,1,31,68.47,0.8,1,0,19.631,19.631,0,30,6650,238899.0,90.44,17,7.41
1786080046637,2546,v1,0.0308,0.9819,0.4143,1.9479,0.1597,0.02759,0.1625,0.002577,0.694,0,35,88.46,0.744,1,0,14.567,14.567,1,30,6502,144632.5,100.0,13,10.57
1786080049107,2547,v1,0.0278,0.6321,0.3731,1.5538,0.3506,0.00978,0.1727,0.00283,0.663,0,28,27.17,0.866,1,92,10.948,10.636,0,30,6377,325355.2,52.61,19,10.27
1786080043878,2548,v1,0.0387,0.2066,0.4463,1.496,0.3963,0.02181,0.1599,0.002047,0.597,1,33,94.68,0.998,1,0,17.262,17.262,0,30,6251,174714.5,89.46,14,8.01
1786080045072,2549,v1,0.0336,0.8095,0.2745,2.0649,0.7719,0.01587,0.133,0.001478,0.623,1,23,47.87,0.564,1,676,13.193,11.563,1,30,5583,125943.3,100.0,13,17.62
1786080046732,2550,v1,0.0791,0.8993,0.3807,1.6829,0.1089,0.02578,0.1313,0.003446,0.594,1,28,45.14,0.956,1,1004,16.039,13.423,0,30,6707,194791.7,100.0,14,13.28
1786080049051,2551,v1,0.0658,0.7925,0.4695,1.4204,0.124,0.00461,0.1391,0.003347,0.611,0,19,85.06,0.498,1,0,16.19,16.19,0,30,7502,304275.9,99.73,16,12.57
1786080044266,2552,v1,0.0538,0.4203,0.4344,1.1529,0.5254,0.02501,0.1666,0.003765,0.689,0,22,83.47,0.514,1,0,16.647,16.647,0,30,6800,203142.8,84.23,15,13.12
1786080045996,2553,v1,0.0762,0.4264,0.4179,1.9758,0.5746,0.02325,0.2286,0.003315,0.657,1,28,92.84,0.948,1,0,17.348,17.348,0,30,5714,163624.0,92.7,15,12.22
1786080048821,2554,v1,0.0147,0.8712,0.1082,2.0247,0.6788,0.01927,0.0665,0.003755,0.685,0,4,72.23,0.429,1,2090,3.0,2.701,0,30,7085,392259.3,0.0,-1,13.37
1786080051288,2555,v1,0.0339,0.5451,0.2526,2.0174,0.65,0.01673,0.0743,0.002751,0.717,1,11,30.77,0.654,1,5346,10.0,0.696,0,30,5901,348296.9,0.62,-1,9.41
1786080047863,2556,v1,0.0459,0.9646,0.3661,1.4911,0.7658,0.02539,0.0926,0.003192,0.683,1,33,72.58,0.337,1,0,14.133,14.133,1,30,6691,148350.1,100.0,13,12.17
1786080049415,2557,v1,0.0687,0.5821,0.2967,1.4449,0.765,0.0107,0.2433,0.00354,0.679,0,32,28.35,0.323,1,199,19.191,18.571,0,30,6144,195775.5,98.41,17,13.3
1786080050965,2558,v1,0.0677,0.9374,0.189,2.418,0.9543,0.02007,0.2273,0.001845,0.719,1,28,20.51,0.377,1,467,14.02,12.836,1,30,5759,132396.8,100.0,13,7.17
1786080052521,2559,v1,0.014,0.7133,0.287,1.2563,0.9703,0.02654,0.093,0.003213,0.678,0,6,46.04,0.312,1,1121,5.0,4.429,1,30,5987,145054.5,100.0,13,28.41
1786080048476,2560,v1,0.0324,0.7014,0.3356,1.5114,0.2574,0.0308,0.1785,0.001383,0.592,0,26,71.96,0.975,1,0,14.66,14.66,0,30,5387,126311.5,88.14,12,6.03
1786080050028,2561,v1,0.0778,0.6744,0.2776,1.8019,0.5107,0.00494,0.0519,0.001464,0.68,1,33,46.76,0.368,1,646,22.896,20.268,0,30,5717,266818.1,90.57,17,6.0
1786080051621,2562,v1,0.0518,0.6179,0.1529,1.4336,0.6265,0.02174,0.1007,0.002762,0.602,0,25,78.77,0.631,1,0,16.404,16.404,0,30,6055,171011.4,96.66,15,10.02
1786080053153,2563,v1,0.0141,0.9745,0.2503,1.951,0.6716,0.026,0.1974,0.001372,0.676,0,33,76.37,0.614,1,0,14.369,14.369,1,30,5794,132564.8,100.0,13,5.18
1786080049400,2564,v1,0.0558,0.467,0.3008,0.9964,0.6604,0.02114,0.1255,0.002499,0.591,1,35,39.04,0.47,1,754,17.236,15.222,0,30,6968,188651.9,96.11,14,9.53
1786080051081,2565,v1,0.0267,0.7626,0.2499,2.3074,0.8604,0.00699,0.0519,0.003075,0.617,0,22,57.62,0.932,1,0,13.0,13.0,1,30,6221,142522.3,100.0,13,11.56
1786080052709,2566,v1,0.0689,0.4047,0.3227,1.8145,0.1358,0.02352,0.1244,0.002776,0.645,1,36,38.26,0.772,1,797,13.923,11.883,1,30,5961,120418.5,100.0,13,10.95
1786080054191,2567,v1,0.0291,0.9661,0.3689,2.3918,0.8959,0.007,0.1977,0.003074,0.702,1,14,53.46,0.357,1,0,13.0,13.0,1,30,6359,141752.7,100.0,13,11.51
1786080049705,2568,v1,0.0225,0.9645,0.4613,2.3414,0.2192,0.00507,0.2104,0.003163,0.655,0,26,58.84,0.441,1,0,13.69,13.69,1,30,6786,150864.3,100.0,13,11.86
1786080051151,2569,v1,0.0478,0.786,0.3297,1.1287,0.2642,0.03055,0.2067,0.002232,0.609,1,31,22.41,0.353,1,0,9.09,9.09,1,30,6337,71859.3,100.0,6,8.55
1786080052732,2570,v1,0.0349,0.4102,0.369,1.703,0.4576,0.00865,0.1672,0.002922,0.623,0,27,40.23,0.98,1,0,13.851,13.851,1,30,6023,132646.7,100.0,13,11.54
1786080054439,2571,v1,0.0494,0.3371,0.4409,2.3415,0.7134,0.02346,0.238,0.002251,0.653,1,15,85.87,0.908,1,0,12.755,12.755,1,30,6349,142309.2,100.0,13,7.61
1786080052129,2572,v1,0.0494,0.6802,0.1038,1.1846,0.2396,0.00874,0.1502,0.003374,0.711,1,25,58.25,0.745,1,627,5.504,3.165,0,30,5939,339228.9,27.56,19,13.6
1786080053419,2573,v1,0.0539,0.3754,0.2049,2.143,0.242,0.00932,0.1833,0.002231,0.63,0,25,46.12,0.501,1,0,13.524,13.524,1,30,5513,128941.7,100.0,13,8.54
1786080055259,2574,v1,0.0387,0.8456,0.3498,1.4931,0.8403,0.009,0.1671,0.001272,0.604,0,28,22.01,0.309,1,230,18.078,17.463,0,30,6122,193133.9,89.72,16,5.21
1786080056746,2575,v1,0.0115,0.6361,0.4441,1.5267,0.3733,0.00486,0.1589,0.0021,0.692,0,20,65.12,0.627,1,0,14.519,14.519,1,30,6473,158873.0,100.0,14,7.96
1786080052355,2576,v1,0.0454,0.485,0.4767,0.9845,0.813,0.02402,0.2309,0.00279,0.655,0,14,83.84,0.533,1,0,11.496,11.496,1,30,6920,129871.8,100.0,9,10.29
1786080054364,2577,v1,0.029,0.4819,0.4686,0.8077,0.9859,0.00916,0.0666,0.001568,0.693,0,35,94.06,0.603,1,0,13.176,13.176,0,30,5986,269074.7,61.01,19,5.85
1786080055948,2578,v1,0.0695,0.9782,0.2816,2.4783,0.1394,0.01706,0.1543,0.002343,0.591,0,23,53.33,0.577,1,0,16.059,16.059,0,30,5880,200350.1,96.07,15,8.61
1786080057350,2579,v1,0.0576,0.8421,0.2391,0.8564,0.6135,0.02301,0.0953,0.001461,0.622,1,14,51.41,0.882,1,0,10.31,10.31,1,30,5978,104885.8,100.0,6,5.55
1786080053554,2580,v1,0.0474,0.2009,0.4808,1.6298,0.3779,0.00319,0.2261,0.00227,0.581,1,25,38.53,0.716,1,854,13.513,11.65,1,30,6475,147921.1,100.0,13,8.91
1786080055483,2581,v1,0.065,0.9529,0.2772,1.6952,0.251,0.01571,0.1361,0.002896,0.71,1,19,56.36,0.338,1,255,17.284,16.491,0,30,5727,258821.0,87.69,17,11.59
1786080057155,2582,v1,0.0105,0.8718,0.4342,2.3762,0.6793,0.0274,0.2336,0.003142,0.679,0,33,56.17,0.954,1,0,14.379,14.379,1,30,6770,155325.2,100.0,13,11.31
1786080059036,2583,v1,0.0289,0.3118,0.4397,2.1947,0.3581,0.02836,0.1885,0.001935,0.617,0,9,56.71,0.573,1,2432,8.0,5.645,0,30,6290,251462.6,52.48,15,7.0
1786080054492,2584,v1,0.0277,0.9069,0.1633,0.969,0.4484,0.01636,0.2233,0.001577,0.71,1,26,26.43,0.746,1,827,13.703,11.705,1,30,5854,132078.2,100.0,13,6.78
1786080055770,2585,v1,0.0542,0.3735,0.36,1.7262,0.2917,0.01631,0.0998,0.003153,0.659,0,33,88.11,0.797,1,0,14.349,14.349,1,30,6086,141684.9,100.0,13,11.88
1786080057298,2586,v1,0.0428,0.482,0.2955,2.0884,0.903,0.00794,0.1271,0.00207,0.707,0,12,37.99,0.88,1,2508,11.0,6.913,1,30,5631,145887.0,100.0,14,49.48
1786080059260,2587,v1,0.0342,0.3086,0.1876,0.9483,0.996,0.02816,0.243,0.003013,0.715,0,23,56.53,0.517,1,0,17.465,17.465,0,30,6685,227814.7,83.79,17,10.83
1786080055964,2588,v1,0.0118,0.6856,0.3827,1.0339,0.2987,0.01315,0.1802,0.00298,0.635,1,33,23.77,0.91,1,176,2.096,1.335,0,30,5800,339314.2,8.95,-1,11.86
1786080058534,2589,v1,0.0258,0.4998,0.3029,1.5306,0.2109,0.01682,0.0684,0.002049,0.664,1,11,83.29,0.879,1,6337,10.0,0.0,0,30,6469,399979.0,0.0,-1,7.85
1786080059722,2590,v1,0.0454,0.4234,0.2245,1.5748,0.9753,0.02288,0.114,0.00347,0.607,1,32,46.04,0.663,1,771,17.544,15.089,0,30,6073,184557.9,97.18,15,12.4
1786080060845,2591,v1,0.0391,0.8909,0.2172,1.0351,0.9551,0.03023,0.0677,0.002177,0.705,0,23,41.4,0.487,1,0,13.201,13.201,1,30,6324,142069.6,100.0,13,8.18
1786080055998,2592,v1,0.071,0.215,0.4655,2.1165,0.6386,0.01409,0.0922,0.003652,0.658,1,16,64.27,0.349,1,0,13.0,13.0,1,30,5632,124938.3,100.0,13,14.86
1786080057546,2593,v1,0.0361,0.2869,0.3157,0.9925,0.7511,0.01973,0.1124,0.001483,0.671,0,11,34.65,0.539,1,2137,10.0,7.143,1,30,6076,156467.8,100.0,13,16.79
1786080059379,2594,v1,0.0776,0.4244,0.2614,1.1166,0.3351,0.00815,0.0862,0.003649,0.623,1,25,45.19,0.824,1,828,16.813,14.279,0,30,5944,227929.1,90.14,15,13.8
1786080060377,2595,v1,0.0394,0.5224,0.1974,1.4692,0.209,0.01317,0.1368,0.002266,0.582,1,7,48.71,0.739,1,5137,6.0,0.857,1,30,6083,171487.6,100.0,25,86.91
1786080057471,2596,v1,0.0398,0.8606,0.4886,2.4636,0.2979,0.0273,0.1371,0.002939,0.611,0,12,41.1,0.499,1,2313,11.0,7.555,0,30,6210,248124.8,61.34,15,10.08
1786080058759,2597,v1,0.0518,0.6865,0.389,1.6409,0.5103,0.0107,0.1411,0.002837,0.718,0,11,94.3,0.918,1,0,10.0,10.0,1,30,5755,128331.7,100.0,13,11.1
1786080059928,2598,v1,0.0356,0.3898,0.298,1.1321,0.8581,0.00991,0.2312,0.003316,0.654,0,32,81.24,0.815,1,0,20.13,20.13,0,30,6294,200820.8,84.51,18,12.11
1786080060942,2599,v1,0.0296,0.4609,0.4082,1.6892,0.7806,0.02195,0.0866,0.002003,0.632,0,19,35.1,0.952,1,0,12.501,12.501,1,30,6793,151896.0,100.0,12,7.64
1786080067017,2600,v1,0.0576,0.8778,0.3941,1.1627,0.7992,0.00743,0.1732,0.003626,0.687,0,23,81.04,0.706,1,0,13.21,13.21,1,30,6175,139662.9,100.0,13,13.65
1786080068046,2601,v1,0.0775,0.3459,0.2911,1.5299,0.9124,0.03062,0.1064,0.002499,0.583,1,26,83.4,0.939,1,0,13.64,13.64,0,30,5219,114694.9,88.17,10,9.85
1786080069526,2602,v1,0.0628,0.2163,0.3467,1.6019,0.9317,0.01828,0.186,0.002545,0.606,1,34,93.17,0.415,1,0,11.537,11.537,1,30,5940,96462.0,100.0,5,8.94
1786080070557,2603,v1,0.0769,0.2402,0.2791,0.831,0.1326,0.00333,0.1206,0.003651,0.649,0,29,72.15,0.521,1,0,14.211,14.211,1,30,5646,124729.9,100.0,13,13.41
1786080067995,2604,v1,0.0579,0.7171,0.364,1.6151,0.2451,0.0059,0.1123,0.002022,0.616,0,11,36.28,0.498,1,1271,10.0,7.928,0,30,5014,238423.1,66.96,16,7.92
1786080069670,2605,v1,0.0666,0.5439,0.1717,1.5837,0.4534,0.00683,0.1037,0.002979,0.643,0,6,43.7,0.321,1,1554,5.0,4.239,1,30,6227,134966.9,100.0,13,19.59
1786080071824,2606,v1,0.0791,0.4945,0.2457,1.6148,0.4437,0.01646,0.0996,0.001901,0.595,1,29,47.48,0.768,1,1064,17.012,14.483,0,30,7486,226787.0,99.46,15,7.33
1786080073176,2607,v1,0.0164,0.6352,0.3791,1.7357,0.2254,0.03022,0.2449,0.001701,0.672,0,30,60.73,0.994,1,0,14.337,14.337,1,30,6360,139395.2,100.0,13,6.7
1786080069109,2608,v1,0.0682,0.5441,0.3356,1.5018,0.6532,0.00589,0.1202,0.001203,0.682,0,6,65.09,0.591,1,2052,5.0,4.072,0,30,6673,333815.7,59.07,17,5.04
1786080070608,2609,v1,0.0501,0.2903,0.2999,1.1342,0.7192,0.01196,0.2386,0.002046,0.709,1,21,89.0,0.431,1,0,13.831,13.831,1,30,6657,156838.8,100.0,14,8.37
1786080072286,2610,v1,0.0235,0.4645,0.243,1.8466,0.2196,0.02441,0.1948,0.001922,0.642,1,13,27.45,0.383,1,2912,12.0,6.002,1,30,5945,151633.3,100.0,13,53.52
1786080073912,2611,v1,0.0109,0.9328,0.2075,1.8346,0.6128,0.03103,0.1118,0.003258,0.638,1,27,73.22,0.88,1,0,13.865,13.865,1,30,6868,145533.0,100.0,13,12.74
1786080069241,2612,v1,0.0529,0.2672,0.2968,2.1927,0.3138,0.02267,0.1014,0.003002,0.696,0,6,77.3,0.993,1,0,5.0,5.0,0,30,6434,268817.2,90.52,17,11.07
1786080070746,2613,v1,0.0719,0.7482,0.319,2.2086,0.4857,0.02367,0.0716,0.002062,0.708,0,35,95.0,0.709,1,0,20.374,20.374,0,30,5596,214358.4,91.66,16,8.54
1786080072336,2614,v1,0.0438,0.7933,0.2995,0.8086,0.6644,0.02568,0.2339,0.001514,0.586,1,16,74.53,0.832,1,0,12.866,12.866,0,30,5883,144474.2,84.69,12,5.88
1786080075057,2615,v1,0.0136,0.8289,0.4052,1.907,0.1925,0.00726,0.0992,0.001281,0.599,0,33,34.29,0.98,1,0,0.0,0.0,0,30,6514,377914.0,0.0,-1,4.93
1786080070112,2616,v1,0.0382,0.5019,0.3962,1.436,0.595,0.00567,0.0919,0.001863,0.662,0,22,55.41,0.881,1,0,13.848,13.848,0,30,6784,336626.7,71.57,19,6.91
1786080073533,2617,v1,0.077,0.6136,0.2785,1.1848,0.4091,0.0094,0.2192,0.003565,0.686,1,6,77.22,0.717,1,7639,5.0,0.0,0,30,7789,440811.9,0.0,-1,13.3
1786080075077,2618,v1,0.0106,0.9177,0.3446,1.2961,0.4643,0.0173,0.0824,0.00149,0.597,1,15,43.37,0.661,1,0,13.0,13.0,1,30,6632,158958.8,100.0,13,5.61
1786080077034,2619,v1,0.071,0.5282,0.2302,1.3963,0.6323,0.01706,0.1651,0.002983,0.677,0,32,91.89,0.631,1,0,18.693,18.693,0,30,6901,189417.7,88.8,16,11.1
1786080070847,2620,v1,0.0457,0.7246,0.443,1.3594,0.9526,0.02464,0.2232,0.001837,0.678,1,9,89.44,0.64,1,5658,8.0,0.377,0,30,6020,339131.0,4.19,-1,6.91
1786080073407,2621,v1,0.0286,0.3773,0.1529,0.9214,0.3629,0.0106,0.1455,0.002144,0.689,1,23,25.88,0.902,1,0,0.0,0.0,0,30,6234,362027.5,0.0,-1,8.39
1786080074885,2622,v1,0.0136,0.2576,0.35,1.6553,0.1835,0.01196,0.2436,0.001796,0.678,0,8,51.12,0.814,1,2199,7.0,4.946,1,30,5411,141570.0,100.0,16,45.15
1786080077321,2623,v1,0.0265,0.4544,0.3184,0.8651,0.1072,0.01496,0.0572,0.003078,0.604,1,7,62.59,0.38,1,2985,6.0,3.107,0,30,6312,274437.5,43.94,16,11.91
1786080070456,2624,v1,0.0665,0.3598,0.1329,2.3056,0.2837,0.02491,0.0822,0.003097,0.648,0,18,62.86,0.819,1,0,15.79,15.79,0,30,5454,179817.3,93.09,15,11.99
1786080072299,2625,v1,0.0341,0.2993,0.4287,1.1694,0.2898,0.03065,0.2412,0.003349,0.671,1,15,85.11,0.441,1,0,12.59,12.59,1,30,7350,155935.2,100.0,13,12.07
1786080075325,2626,v1,0.0315,0.5265,0.3181,2.1434,0.347,0.00591,0.1465,0.003115,0.655,1,8,72.95,0.645,1,5867,7.0,1.271,0,30,7330,450844.6,0.0,-1,12.69
1786080077015,2627,v1,0.033,0.9879,0.3161,1.0713,0.23,0.00972,0.1862,0.002418,0.622,1,29,80.2,0.952,1,0,14.207,14.207,1,30,6752,147915.7,100.0,13,9.45
1786080073077,2628,v1,0.0377,0.502,0.4594,1.2937,0.3106,0.01291,0.0714,0.001854,0.665,1,13,57.26,0.846,1,6376,12.0,0.0,1,30,6517,183268.4,100.0,22,94.4
1786080075424,2629,v1,0.0147,0.6901,0.2258,1.6097,0.4455,0.02769,0.2153,0.003566,0.669,0,27,68.18,0.898,1,0,10.493,10.493,0,30,6570,307876.2,48.83,19,13.67
1786080077925,2630,v1,0.0202,0.7332,0.2654,1.7434,0.1533,0.01692,0.1551,0.002255,0.694,0,6,91.94,0.614,1,0,5.0,5.0,0,30,5862,345445.6,0.0,-1,9.02
1786080079882,2631,v1,0.0332,0.6188,0.3968,2.2202,0.9794,0.00515,0.1355,0.001668,0.655,1,6,78.58,0.773,1,6836,5.0,0.0,1,30,6899,185871.7,0.0,-1,100.0
1786080076800,2632,v1,0.0338,0.9105,0.2649,0.9384,0.9903,0.00349,0.1071,0.001835,0.703,1,8,89.11,0.334,1,3108,7.0,3.644,0,30,6566,375321.2,0.0,-1,6.82
1786080078220,2633,v1,0.0391,0.9607,0.3567,1.0376,0.7845,0.01313,0.0949,0.002278,0.635,0,8,93.18,0.656,1,0,7.0,7.0,0,30,5679,177814.1,89.28,16,8.31
1786080080928,2634,v1,0.0255,0.2152,0.1141,1.4924,0.6864,0.01249,0.2086,0.003136,0.656,1,12,68.52,0.705,1,5867,11.0,0.343,0,30,6296,359805.4,1.24,-1,12.5
1786080082298,2635,v1,0.0322,0.8619,0.4533,1.3208,0.5515,0.01814,0.0863,0.001238,0.615,1,14,22.55,0.815,1,0,13.0,13.0,1,30,6357,141340.8,100.0,13,5.19
1786080076357,2636,v1,0.0317,0.4385,0.2531,1.1007,0.5037,0.01166,0.2088,0.002213,0.691,0,25,62.73,0.472,1,0,14.237,14.237,1,30,6126,131510.9,100.0,13,8.85
1786080077932,2637,v1,0.0628,0.9058,0.4259,1.777,0.8526,0.02263,0.1761,0.001518,0.658,1,22,64.72,0.519,1,0,16.52,16.52,0,30,6502,201169.9,95.51,15,6.0
1786080080769,2638,v1,0.0735,0.3582,0.3422,2.3634,0.7664,0.02261,0.0605,0.001417,0.604,1,12,61.69,0.531,1,4778,11.0,3.148,0,30,6791,342359.9,27.0,15,5.86
1786080083541,2639,v1,0.0247,0.3624,0.4963,1.7985,0.4917,0.0305,0.091,0.001805,0.599,1,6,93.76,0.623,1,5362,5.0,0.863,0,30,6531,339595.9,15.14,-1,6.95
1786080077312,2640,v1,0.0783,0.5844,0.3421,2.3711,0.7537,0.02746,0.1562,0.001286,0.703,1,32,21.65,0.65,1,0,14.361,14.361,1,30,6673,154949.8,100.0,13,5.14
1786080079450,2641,v1,0.0602,0.8478,0.2729,2.0174,0.2775,0.0206,0.1256,0.003736,0.702,1,29,52.14,0.799,1,2850,20.177,9.428,0,30,6043,286286.4,85.16,17,13.6
1786080081688,2642,v1,0.0265,0.4269,0.4204,1.1205,0.3788,0.0175,0.1113,0.002297,0.618,1,16,72.2,0.783,1,5382,15.0,0.008,0,30,5598,342914.8,0.06,-1,9.59
1786080083026,2643,v1,0.0541,0.9451,0.2432,1.5354,0.9776,0.03161,0.1316,0.001748,0.637,1,15,59.21,0.884,1,0,10.592,10.592,1,30,5826,107351.8,100.0,6,6.8
1786080079347,2644,v1,0.0388,0.3197,0.4513,1.173,0.3097,0.01331,0.2335,0.001715,0.619,1,25,58.2,0.402,1,561,17.252,15.613,0,30,6103,195546.0,94.3,16,6.77
1786080081560,2645,v1,0.0686,0.4927,0.1319,1.1061,0.7892,0.03144,0.063,0.001501,0.631,0,12,66.64,0.871,1,3670,11.0,5.243,0,30,5840,279560.6,32.76,15,6.16
1786080083672,2646,v1,0.0739,0.8847,0.2852,1.7804,0.5485,0.00713,0.0589,0.003077,0.659,0,5,59.88,0.319,1,1328,4.0,3.549,0,30,5967,270288.9,69.18,17,11.41
1786080085929,2647,v1,0.0111,0.7771,0.4884,1.149,0.2429,0.01499,0.1837,0.0024,0.581,0,9,80.91,0.896,1,3121,8.0,5.156,0,30,6749,281085.4,48.71,16,9.5
1786080079919,2648,v1,0.0567,0.8601,0.3934,2.3253,0.9802,0.00602,0.074,0.003383,0.611,1,22,55.51,0.868,1,963,17.083,14.232,0,30,6144,211375.6,89.25,16,13.02
1786080082379,2649,v1,0.0157,0.7399,0.1355,2.2728,0.8565,0.01315,0.0628,0.00344,0.68,0,18,99.52,0.683,1,0,17.0,17.0,0,30,6029,351789.5,0.0,-1,12.92
1786080083904,2650,v1,0.0694,0.804,0.1162,0.8418,0.5079,0.01518,0.1781,0.003101,0.628,1,27,48.27,0.375,1,538,10.413,9.457,1,30,6400,101221.2,100.0,5,12.41
1786080086390,2651,v1,0.0514,0.6936,0.2118,1.9729,0.4512,0.03012,0.1359,0.002553,0.607,1,7,55.82,0.749,1,6022,6.0,0.0,0,30,6108,352005.9,0.0,-1,9.97
1786080080178,2652,v1,0.0497,0.8565,0.2148,2.3418,0.6988,0.01961,0.137,0.003247,0.604,0,35,79.23,0.78,1,0,13.588,13.588,1,30,6849,132899.2,100.0,10,12.02
1786080081689,2653,v1,0.0206,0.6011,0.178,1.2442,0.3665,0.00992,0.1048,0.00265,0.667,1,5,86.43,0.498,1,3979,4.0,1.38,1,30,6134,159551.0,100.0,13,68.98
1786080083095,2654,v1,0.0783,0.226,0.345,1.9334,0.9622,0.0201,0.1283,0.001558,0.642,0,14,21.03,0.828,1,0,11.113,11.113,1,30,5880,108171.5,100.0,8,6.46
1786080085764,2655,v1,0.0696,0.4374,0.3388,2.0144,0.3465,0.01165,0.1321,0.003139,0.696,1,9,58.45,0.706,1,5948,8.0,0.0,0,30,6095,362894.3,0.0,-1,11.86
1786080082212,2656,v1,0.0614,0.5029,0.3261,2.2404,0.2241,0.0207,0.0699,0.003724,0.642,1,28,74.4,0.97,1,0,18.214,18.214,0,30,6032,222157.5,83.6,16,13.99
1786080083763,2657,v1,0.0626,0.9179,0.3512,1.9547,0.5759,0.03182,0.1811,0.00225,0.622,1,25,91.54,0.932,1,0,9.966,9.966,1,30,6417,92285.6,100.0,5,8.34
1786080085875,2658,v1,0.0784,0.9465,0.4456,2.1089,0.3043,0.01565,0.2414,0.003231,0.599,0,8,29.85,0.452,1,2019,7.0,5.378,0,30,6366,247311.5,66.7,15,12.39
1786080087992,2659,v1,0.034,0.3308,0.2747,1.9032,0.613,0.00329,0.0631,0.001326,0.588,1,32,67.34,0.4,1,0,19.835,19.835,0,30,7185,229517.3,92.15,17,5.46
1786080084602,2660,v1,0.0788,0.2367,0.1031,2.437,0.6795,0.00722,0.1005,0.00257,0.594,0,28,23.42,0.947,1,599,17.629,15.944,0,30,5911,190241.3,98.13,16,9.61
1786080086186,2661,v1,0.0192,0.9455,0.2551,2.2235,0.8672,0.02331,0.0752,0.002615,0.617,1,17,53.8,0.484,1,0,13.0,13.0,1,30,6074,138410.5,100.0,13,10.13
1786080088691,2662,v1,0.0309,0.2709,0.3331,1.3549,0.5584,0.01524,0.0969,0.00363,0.614,1,5,21.63,0.707,1,6378,4.0,0.008,0,30,6483,383365.5,0.18,-1,13.34
1786080090437,2663,v1,0.0633,0.659,0.2936,2.0087,0.7678,0.0297,0.0666,0.001634,0.682,1,8,93.4,0.367,1,2810,7.0,4.006,1,30,6649,175229.7,100.0,13,23.31
1786080085078,2664,v1,0.041,0.5487,0.1967,1.9552,0.735,0.02982,0.1513,0.002379,0.667,1,26,88.84,0.913,1,0,13.688,13.688,1,30,6181,135022.3,100.0,13,9.0
1786080086604,2665,v1,0.0577,0.2513,0.2584,2.2841,0.4224,0.03052,0.2493,0.001676,0.713,1,32,80.94,0.5,1,0,15.143,15.143,1,30,6349,144802.4,100.0,13,6.55
1786080088413,2666,v1,0.0316,0.5966,0.453,2.4859,0.366,0.03055,0.1669,0.001437,0.621,1,30,21.82,0.841,1,958,17.501,14.552,0,30,5861,190426.8,88.13,15,5.12
1786080090048,2667,v1,0.0179,0.4184,0.2359,1.7744,0.6571,0.02343,0.2333,0.00231,0.581,0,34,27.52,0.33,1,0,14.214,14.214,1,30,5877,131161.3,100.0,13,9.04
1786080085803,2668,v1,0.0711,0.3047,0.218,2.2258,0.5239,0.00954,0.0769,0.001597,0.658,1,22,56.92,0.427,1,695,13.166,11.493,1,30,5650,124342.5,100.0,13,5.89
1786080088206,2669,v1,0.0249,0.665,0.4952,1.0028,0.7349,0.00918,0.1029,0.001739,0.711,0,8,67.43,0.813,1,3487,7.0,4.006,0,30,5900,332466.5,0.0,-1,6.36
1786080090072,2670,v1,0.0718,0.2718,0.4523,2.4742,0.916,0.01109,0.2362,0.00298,0.623,1,17,68.97,0.388,1,0,15.699,15.699,0,30,6621,200690.2,94.0,15,12.05
1786080091875,2671,v1,0.0635,0.7478,0.1194,1.4262,0.6964,0.00337,0.0528,0.002534,0.608,0,10,78.38,0.963,1,3480,8.888,4.823,1,30,6124,144921.6,100.0,13,10.27
1786080088742,2672,v1,0.016,0.435,0.2379,2.4406,0.3334,0.01339,0.1099,0.002585,0.596,0,29,20.67,0.731,1,132,2.747,2.252,0,30,5692,333164.7,12.87,-1,10.1
1786080091591,2673,v1,0.0124,0.3039,0.1571,1.6602,0.1183,0.01118,0.2097,0.003024,0.648,0,30,52.69,0.587,1,0,0.0,0.0,0,30,6286,373517.4,0.0,-1,11.47
1786080093851,2674,v1,0.0796,0.9127,0.314,2.1261,0.5024,0.02968,0.0844,0.002807,0.629,1,13,43.92,0.549,1,4324,12.0,2.82,0,30,5848,307312.0,23.0,15,10.81
1786080095106,2675,v1,0.0377,0.4645,0.1019,2.4688,0.1778,0.02934,0.0507,0.00158,0.604,0,13,69.1,0.411,1,1158,11.216,9.316,1,30,6232,133574.9,100.0,10,24.25
1786080088474,2676,v1,0.0518,0.739,0.3184,0.8545,0.6565,0.01582,0.145,0.002192,0.601,0,16,96.84,0.873,1,0,9.138,9.138,1,30,5948,86039.4,100.0,5,7.99
1786080090139,2677,v1,0.0739,0.2842,0.4311,1.7491,0.4793,0.02977,0.1429,0.001629,0.646,0,11,42.39,0.307,1,615,8.469,7.72,1,30,6672,116570.0,100.0,6,6.37
1786080091850,2678,v1,0.0178,0.8387,0.1335,1.4671,0.8943,0.01313,0.1757,0.002593,0.682,1,18,34.93,0.784,1,0,13.0,13.0,1,30,6264,143977.2,100.0,13,10.36
1786080093698,2679,v1,0.067,0.7092,0.1088,0.8457,0.8886,0.00545,0.1531,0.002369,0.645,1,27,94.81,0.496,1,0,18.037,18.037,0,30,6575,204311.8,91.81,16,9.06
1786080090036,2680,v1,0.0743,0.4457,0.1596,1.6799,0.3834,0.00922,0.2172,0.001868,0.696,1,25,46.93,0.9,1,2292,18.699,11.358,0,30,6184,318755.5,88.38,17,7.7
1786080091679,2681,v1,0.0234,0.7239,0.4757,1.6119,0.5904,0.022,0.1501,0.003668,0.627,0,20,25.73,0.643,1,0,13.0,13.0,1,30,5863,136155.5,100.0,13,13.93
1786080093017,2682,v1,0.0663,0.3937,0.2976,2.4211,0.4363,0.01423,0.0807,0.003254,0.713,0,24,86.93,0.606,1,0,14.262,14.262,1,30,6402,153190.5,100.0,14,13.01
1786080095016,2683,v1,0.0709,0.706,0.2538,1.0932,0.997,0.0209,0.1291,0.003744,0.701,1,29,33.42,0.742,1,976,18.374,15.47,0,30,6827,226991.5,92.36,16,13.86
1786080090533,2684,v1,0.0708,0.3211,0.4613,1.1644,0.8934,0.0102,0.1423,0.003439,0.694,1,25,65.0,0.312,1,461,17.667,16.357,0,30,6755,220457.3,91.57,16,13.75
1786080093337,2685,v1,0.0705,0.9352,0.479,0.8422,0.8211,0.02223,0.1794,0.001507,0.673,1,11,94.0,0.483,1,3948,10.0,3.671,0,30,6332,308980.5,33.42,15,5.76
1786080095879,2686,v1,0.0148,0.2026,0.1832,2.2103,0.2079,0.01029,0.055,0.002246,0.586,1,4,21.4,0.861,1,6676,3.0,0.0,0,30,6713,402527.3,0.0,-1,8.65
1786080097057,2687,v1,0.0357,0.7832,0.1282,1.0627,0.9854,0.01579,0.2409,0.001327,0.693,0,32,58.8,0.905,1,0,14.375,14.375,1,30,6146,137607.8,100.0,13,5.16
1786080093598,2688,v1,0.0528,0.6341,0.2509,1.7073,0.3575,0.01726,0.1859,0.002987,0.604,1,14,74.07,0.838,1,6325,13.0,0.0,0,30,6576,384769.6,0.0,-1,10.63
1786080094846,2689,v1,0.0369,0.9338,0.4389,1.5706,0.4753,0.03119,0.2218,0.002639,0.629,1,21,52.63,0.831,1,0,12.56,12.56,1,30,6489,142294.6,100.0,13,10.03
1786080096296,2690,v1,0.0131,0.8111,0.2952,1.8553,0.2745,0.01523,0.1136,0.003391,0.587,1,13,42.81,0.775,1,5052,12.0,1.425,1,30,5968,156425.7,100.0,25,89.76
1786080097996,2691,v1,0.028,0.2817,0.3051,1.3673,0.2106,0.02216,0.134,0.003691,0.709,1,18,30.68,0.381,1,3024,17.0,7.28,0,30,5584,335947.5,11.94,-1,12.7
1786080092943,2692,v1,0.0494,0.4861,0.3685,1.1302,0.9148,0.0191,0.2395,0.001412,0.711,1,4,99.38,0.572,1,4531,3.0,0.708,1,30,5959,162606.3,100.0,13,57.76
1786080094693,2693,v1,0.0583,0.3931,0.4413,2.3141,0.8501,0.02572,0.1475,0.003729,0.68,0,6,72.64,0.809,1,0,5.0,5.0,0,30,6264,186819.7,84.58,16,14.59
1786080096257,2694,v1,0.0597,0.2473,0.3815,0.8464,0.7834,0.00306,0.2442,0.002475,0.602,0,24,56.06,0.543,1,0,17.035,17.035,0,30,6527,196481.7,99.67,16,9.62
1786080097513,2695,v1,0.0675,0.2782,0.3758,0.9252,0.1165,0.01187,0.0767,0.003754,0.712,0,26,25.84,0.598,1,0,14.617,14.617,1,30,6230,151362.8,100.0,14,13.6
1786080093975,2696,v1,0.0377,0.4539,0.1364,1.2106,0.5756,0.01591,0.1493,0.001862,0.602,0,24,54.47,0.789,1,0,11.936,11.936,1,30,6975,129390.8,100.0,9,7.03
1786080095408,2697,v1,0.0595,0.5798,0.1886,2.4878,0.7464,0.02563,0.0602,0.001832,0.677,0,24,61.12,0.458,1,0,13.36,13.36,1,30,5915,135085.8,100.0,13,6.37
1786080097306,2698,v1,0.0586,0.5233,0.1998,2.0239,0.707,0.01906,0.1794,0.001763,0.677,1,16,46.6,0.443,1,3248,15.0,6.9,0,30,6172,328461.9,38.69,17,6.37
1786080098171,2699,v1,0.0258,0.9362,0.3414,2.0554,0.5467,0.02541,0.067,0.002767,0.611,0,14,34.59,0.453,1,0,12.814,12.814,1,30,6173,133706.1,100.0,13,9.59
1786080104394,2700,v1,0.0616,0.8963,0.4555,1.7305,0.684,0.02913,0.1246,0.003726,0.7,1,30,54.38,0.819,1,0,12.203,12.203,1,30,7010,127315.0,100.0,8,13.81
1786080106543,2701,v1,0.0425,0.768,0.2216,0.8031,0.3416,0.00891,0.069,0.003192,0.64,1,6,56.52,0.408,1,2682,5.0,2.731,0,30,6000,308318.5,45.58,17,12.2
1786080109388,2702,v1,0.0112,0.7458,0.2583,1.8554,0.6804,0.01418,0.1484,0.001712,0.702,1,20,90.41,0.956,1,6763,19.0,0.0,0,30,6985,409910.6,0.0,-1,6.21
1786080111863,2703,v1,0.0467,0.3384,0.1015,1.9335,0.1333,0.01733,0.2438,0.001754,0.708,1,19,27.17,0.746,1,4205,18.0,5.349,0,30,6191,353662.0,29.72,18,7.12
1786080104956,2704,v1,0.0792,0.9973,0.1169,1.1047,0.4405,0.0107,0.1802,0.001974,0.639,1,4,73.74,0.477,1,3488,3.0,1.312,1,30,6239,156140.7,100.0,13,7.66
1786080107413,2705,v1,0.0595,0.6555,0.2929,2.2213,0.3075,0.00608,0.1939,0.001378,0.692,1,35,37.22,0.931,1,1902,23.132,16.211,0,30,6993,318327.1,86.6,18,5.65
1786080110434,2706,v1,0.0393,0.9009,0.2705,2.1669,0.2475,0.02007,0.1291,0.001458,0.602,0,8,59.94,0.896,1,4735,7.0,3.66,0,30,7169,362789.7,32.13,16,5.75
1786080111971,2707,v1,0.0683,0.3153,0.1284,1.3867,0.7115,0.02344,0.1771,0.00294,0.713,1,26,78.71,0.835,1,0,18.035,18.035,0,30,6428,199800.9,93.65,16,11.17
1786080106681,2708,v1,0.0383,0.4662,0.3466,2.4817,0.2598,0.00929,0.1422,0.003608,0.689,0,10,80.53,0.647,1,0,9.0,9.0,0,30,6966,370479.9,0.0,-1,13.45
1786080108643,2709,v1,0.0629,0.2546,0.4572,1.9775,0.9437,0.00731,0.2311,0.00147,0.664,0,28,30.29,0.698,1,0,18.551,18.551,0,30,5925,187403.4,88.23,17,5.16
1786080110986,2710,v1,0.0605,0.8564,0.232,0.9805,0.3399,0.01131,0.0635,0.003382,0.601,1,10,75.45,0.737,1,5889,9.0,0.352,0,30,6315,354712.8,3.52,-1,12.91
1786080112832,2711,v1,0.0702,0.6679,0.4635,1.8741,0.4537,0.03198,0.1967,0.002656,0.699,1,32,47.12,0.592,1,666,18.148,16.027,0,30,6158,186361.2,95.27,15,10.33
1786080106165,2712,v1,0.0623,0.3494,0.4527,1.7349,0.4479,0.01621,0.2426,0.002318,0.693,1,32,84.0,0.864,1,19,20.395,20.309,0,30,5592,220603.9,83.72,16,8.76
1786080108378,2713,v1,0.0635,0.2783,0.1267,1.6947,0.1386,0.00794,0.2475,0.001885,0.703,0,19,44.33,0.318,1,292,17.991,17.253,0,30,6534,319411.0,79.4,18,7.04
1786080110903,2714,v1,0.0567,0.9176,0.2323,1.3976,0.4186,0.02191,0.1819,0.001979,0.69,1,12,69.57,0.704,1,6083,11.0,0.321,0,30,6394,369576.1,2.59,-1,6.82
1786080112933,2715,v1,0.0352,0.2711,0.3209,1.5254,0.1103,0.01904,0.1621,0.001868,0.669,0,7,84.71,0.774,1,0,6.0,6.0,0,30,6290,282781.0,90.65,17,7.42
1786080106681,2716,v1,0.0368,0.3387,0.3624,1.5397,0.8065,0.01304,0.1766,0.003534,0.671,1,20,52.56,0.635,1,0,13.596,13.596,1,30,6272,143836.4,100.0,13,13.71
1786080108573,2717,v1,0.0436,0.5066,0.3371,2.3896,0.7981,0.00387,0.2241,0.002642,0.602,0,20,79.07,0.755,1,0,17.516,17.516,0,30,5843,182445.1,87.38,17,10.8
1786080110933,2718,v1,0.0369,0.4171,0.1942,2.3254,0.3086,0.0153,0.2195,0.001206,0.695,1,28,26.99,0.408,1,312,4.183,3.044,0,30,6124,363445.7,19.74,-1,4.75
1786080112602,2719,v1,0.0387,0.8716,0.1916,2.1335,0.3466,0.02321,0.2116,0.003632,0.703,0,28,22.04,0.888,1,461,14.011,13.051,1,30,6291,142780.3,100.0,13,18.92
1786080106879,2720,v1,0.0652,0.7961,0.1416,0.9738,0.1464,0.01477,0.0543,0.003769,0.583,0,30,41.62,0.7,1,0,11.254,11.254,1,30,6296,99743.9,100.0,4,13.28
1786080108552,2721,v1,0.064,0.7794,0.3593,2.238,0.8666,0.00487,0.071,0.002108,0.717,0,19,44.91,0.413,1,0,13.0,13.0,1,30,5806,127217.4,100.0,13,8.08
1786080110929,2722,v1,0.0288,0.5554,0.2463,2.3173,0.9057,0.02078,0.2149,0.001204,0.684,1,8,79.02,0.303,1,2581,7.0,4.005,0,30,6085,332972.5,23.65,19,5.21
1786080112528,2723,v1,0.0351,0.8421,0.4349,1.8505,0.3786,0.02689,0.0554,0.002724,0.642,0,25,88.24,0.449,1,0,13.088,13.088,1,30,6074,127407.2,100.0,13,10.39
1786080107545,2724,v1,0.0202,0.9678,0.2924,2.4512,0.779,0.0135,0.1482,0.002573,0.651,0,20,47.32,0.707,1,0,13.0,13.0,1,30,5791,130700.5,100.0,13,9.79
1786080109232,2725,v1,0.02,0.3592,0.1731,1.0318,0.3171,0.00425,0.1916,0.002311,0.624,1,33,33.87,0.813,1,0,14.95,14.95,1,30,7062,167993.7,100.0,13,9.01
1786080110958,2726,v1,0.0499,0.6132,0.2218,1.1824,0.872,0.01186,0.247,0.001265,0.657,1,14,64.69,0.347,1,0,12.559,12.559,1,30,6801,149745.2,100.0,12,5.03
1786080112831,2727,v1,0.0178,0.2527,0.4218,1.7006,0.3135,0.0056,0.1535,0.00157,0.69,0,14,60.25,0.954,1,3486,13.0,7.298,1,30,6872,178973.3,100.0,16,55.12
1786080113793,2728,v1,0.0251,0.4421,0.1477,1.7619,0.3541,0.02623,0.0909,0.002523,0.708,0,17,80.67,0.373,1,0,13.834,13.834,1,30,6202,149897.0,100.0,14,9.37
1786080115231,2729,v1,0.0773,0.9231,0.404,0.932,0.8282,0.02923,0.0905,0.002093,0.593,0,34,78.74,0.716,1,0,15.443,15.443,0,30,6184,143293.7,87.21,11,7.84
1786080116830,2730,v1,0.0668,0.7074,0.1287,2.3361,0.9279,0.01119,0.1624,0.001883,0.647,0,35,21.14,0.574,1,304,14.242,13.623,1,30,6347,135621.8,100.0,13,7.58
1786080118680,2731,v1,0.064,0.6051,0.223,1.3112,0.5265,0.01372,0.1263,0.002571,0.629,1,29,25.87,0.864,1,968,17.653,14.764,0,30,6275,206385.5,92.13,15,9.34
1786080114279,2732,v1,0.0725,0.2544,0.4736,1.2152,0.4963,0.02994,0.0572,0.003739,0.707,0,28,97.25,0.532,1,0,12.609,12.609,1,30,6275,125815.8,100.0,9,14.18
1786080115610,2733,v1,0.0778,0.606,0.231,1.533,0.6018,0.01208,0.1697,0.002202,0.701,1,12,71.47,0.383,1,2368,11.0,6.067,1,30,5428,126404.9,100.0,13,9.1
1786080117229,2734,v1,0.0755,0.9726,0.484,2.477,0.6775,0.01217,0.0917,0.001956,0.6,1,30,21.48,0.973,1,981,17.381,14.562,0,30,6340,208323.7,84.81,15,7.6
1786080118862,2735,v1,0.0366,0.3648,0.1084,0.8972,0.5689,0.01467,0.1637,0.003021,0.696,0,14,68.96,0.796,1,3080,12.994,7.051,1,30,5936,154374.6,100.0,14,15.35
1786080115987,2736,v1,0.0406,0.4698,0.3292,1.1862,0.3138,0.00418,0.2214,0.001636,0.702,0,29,92.57,0.509,1,0,7.557,7.557,0,30,6207,339155.4,35.27,19,6.44
1786080118582,2737,v1,0.0121,0.9543,0.1705,1.626,0.8548,0.0039,0.0757,0.002562,0.674,1,4,47.39,0.529,1,4650,3.0,0.768,0,30,6304,369993.4,0.0,-1,10.26
1786080120302,2738,v1,0.0321,0.2245,0.4624,0.8067,0.1897,0.02508,0.2332,0.002743,0.619,1,25,37.78,0.377,1,453,11.525,10.698,1,30,6725,119941.9,100.0,7,10.65
1786080122383,2739,v1,0.0339,0.4064,0.3787,1.9032,0.1768,0.01601,0.1755,0.00174,0.615,0,36,91.79,0.802,1,0,20.944,20.944,0,30,6368,243457.9,93.71,16,6.75
1786080115320,2740,v1,0.0438,0.8818,0.1127,1.7385,0.8442,0.00939,0.1402,0.003268,0.676,1,32,88.69,0.578,1,0,14.369,14.369,1,30,5764,128777.9,100.0,13,12.72
1786080117435,2741,v1,0.0492,0.791,0.2045,1.5759,0.1528,0.02329,0.1933,0.001748,0.651,0,36,49.89,0.785,1,0,20.755,20.755,0,30,6673,263159.1,84.79,16,7.24
1786080118932,2742,v1,0.0353,0.2045,0.1295,1.3619,0.243,0.01354,0.1353,0.002951,0.633,0,12,95.4,0.967,1,0,11.0,11.0,1,30,5978,144307.7,100.0,13,11.16
1786080120827,2743,v1,0.0491,0.9683,0.1714,1.1583,0.1814,0.01041,0.0884,0.002059,0.597,0,7,54.34,0.38,1,1308,6.0,5.218,1,30,6778,160916.0,100.0,13,8.85
1786080116446,2744,v1,0.0771,0.3698,0.4076,2.388,0.4364,0.03084,0.1258,0.0024,0.702,0,33,60.87,0.901,1,0,18.386,18.386,0,30,5908,181341.1,94.9,15,9.24
1786080118297,2745,v1,0.0389,0.8495,0.4549,1.4886,0.6959,0.01834,0.0715,0.003712,0.713,0,27,26.65,0.801,1,587,14.426,12.268,0,30,5505,249064.1,66.04,18,14.53
1786080120551,2746,v1,0.0618,0.2174,0.2617,0.8063,0.1808,0.00494,0.2212,0.00205,0.687,0,18,41.67,0.534,1,1181,17.0,14.037,0,30,6177,301558.9,70.29,17,7.9
1786080122106,2747,v1,0.0607,0.2958,0.3911,2.4562,0.5359,0.0301,0.0643,0.001756,0.682,0,4,58.42,0.319,1,1157,3.0,2.815,1,30,6273,142604.5,100.0,13,24.28
1786080116650,2748,v1,0.0336,0.494,0.4598,2.1731,0.4019,0.02457,0.1287,0.002814,0.708,0,21,67.23,0.785,1,0,13.501,13.501,1,30,5934,137932.4,100.0,13,11.12
1786080117871,2749,v1,0.05,0.9943,0.1711,1.3608,0.7,0.02051,0.1663,0.001636,0.615,1,14,23.71,0.738,1,0,10.206,10.206,1,30,5952,98656.6,100.0,6,6.22
1786080119230,2750,v1,0.0115,0.4375,0.1825,1.2987,0.3731,0.02647,0.1424,0.001865,0.642,1,30,35.25,0.938,1,0,14.367,14.367,1,30,6542,150408.5,100.0,13,7.08
1786080121042,2751,v1,0.011,0.9656,0.4379,2.4564,0.1258,0.01367,0.2209,0.001731,0.636,1,4,70.68,0.744,1,5313,3.0,0.458,1,30,6305,171354.4,100.0,24,85.76
1786080117315,2752,v1,0.0256,0.4167,0.3844,1.9649,0.5424,0.01461,0.2193,0.002798,0.664,0,18,33.26,0.935,1,0,13.842,13.842,1,30,6715,158360.9,100.0,14,11.54
1786080119095,2753,v1,0.0189,0.675,0.3517,1.0738,0.6178,0.02047,0.1102,0.002331,0.618,0,34,62.91,0.409,1,0,19.094,19.094,0,30,6311,190848.4,89.12,16,9.06
1786080121128,2754,v1,0.053,0.2765,0.2836,1.1861,0.6318,0.02659,0.1397,0.002476,0.659,1,5,47.15,0.371,1,2447,4.0,2.239,0,30,5603,229967.1,50.59,15,9.73
1786080123261,2755,v1,0.0241,0.866,0.1277,0.8543,0.1993,0.00635,0.1235,0.003389,0.632,1,21,80.98,0.309,1,0,5.58,5.58,0,30,5619,314144.2,29.34,19,12.07
1786080120816,2756,v1,0.0254,0.453,0.1542,0.8322,0.664,0.0206,0.2102,0.003382,0.62,0,22,73.14,0.379,1,0,13.0,13.0,1,30,6429,139050.3,100.0,13,12.55
1786080122587,2757,v1,0.0695,0.219,0.3067,1.6391,0.4356,0.00792,0.235,0.003089,0.663,0,24,28.46,0.802,1,0,14.126,14.126,1,30,7090,159901.7,100.0,13,11.23
1786080124076,2758,v1,0.0399,0.3303,0.2086,2.4343,0.7321,0.03052,0.2332,0.002597,0.641,0,11,48.44,0.593,1,2572,10.0,6.631,1,30,6257,152668.6,100.0,13,47.4
1786080125473,2759,v1,0.0242,0.5479,0.464,1.1811,0.5414,0.0238,0.19,0.002055,0.608,0,18,36.89,0.65,1,0,10.623,10.623,1,30,6073,107639.7,100.0,8,8.48
1786080121524,2760,v1,0.0688,0.4143,0.1163,1.1084,0.6473,0.00813,0.1895,0.002673,0.633,1,10,74.79,0.322,1,2518,9.0,5.606,1,30,6854,168193.3,100.0,13,10.46
1786080122762,2761,v1,0.0542,0.9205,0.34,1.3867,0.481,0.02998,0.1138,0.003467,0.596,0,26,79.31,0.993,1,0,6.981,6.981,1,30,5553,48886.7,100.0,5,13.06
1786080124903,2762,v1,0.0399,0.6267,0.2324,2.3447,0.2797,0.01314,0.0794,0.003016,0.633,0,7,62.8,0.665,1,2265,6.0,4.423,0,30,5861,273870.4,51.35,17,11.57
1786080126563,2763,v1,0.0664,0.2285,0.4424,0.9895,0.1338,0.01784,0.173,0.00247,0.678,0,15,23.23,0.474,1,0,13.0,13.0,1,30,6530,150932.1,100.0,13,9.74
1786080122997,2764,v1,0.0385,0.8314,0.171,2.3796,0.8451,0.02798,0.0854,0.002752,0.64,1,6,36.57,0.604,1,3983,5.0,1.602,1,30,5936,153468.7,100.0,13,71.31
1786080124725,2765,v1,0.0684,0.6358,0.222,2.1474,0.6486,0.02387,0.076,0.001582,0.711,0,9,95.71,0.884,1,0,8.0,8.0,1,30,6235,143124.5,100.0,13,6.09
1786080126009,2766,v1,0.0733,0.9193,0.479,1.5285,0.2784,0.00837,0.2082,0.001286,0.631,0,25,28.14,0.834,1,0,13.246,13.246,1,30,5623,123778.0,100.0,13,4.52
1786080127545,2767,v1,0.0415,0.4323,0.124,0.9568,0.9115,0.01092,0.1375,0.001893,0.661,0,22,85.84,0.459,1,0,13.0,13.0,1,30,6201,139944.4,100.0,13,7.18
1786080123032,2768,v1,0.0675,0.2418,0.4699,1.3038,0.795,0.0132,0.1552,0.001475,0.587,0,25,83.69,0.992,1,0,7.095,7.095,1,30,5826,53240.3,100.0,5,5.87
1786080124675,2769,v1,0.0118,0.7531,0.427,1.7802,0.4036,0.02632,0.141,0.001964,0.654,1,34,40.98,0.31,1,417,14.368,13.268,1,30,5770,127113.3,100.0,13,7.16
1786080126468,2770,v1,0.0595,0.773,0.1827,1.1929,0.1672,0.02593,0.1942,0.001828,0.718,0,9,83.82,0.851,1,0,8.0,8.0,0,30,5796,258336.1,84.6,16,7.35
1786080127964,2771,v1,0.0741,0.2851,0.2961,1.7985,0.4507,0.02875,0.2464,0.001499,0.628,0,14,56.78,0.543,1,0,9.642,9.642,1,30,6204,99320.1,100.0,7,5.74
1786080124331,2772,v1,0.0183,0.9292,0.2442,1.5637,0.44,0.02986,0.0505,0.003378,0.667,1,31,83.51,0.712,1,0,14.365,14.365,1,30,6205,140168.8,100.0,13,12.23
1786080125533,2773,v1,0.0476,0.9488,0.3693,1.7378,0.7061,0.02432,0.0791,0.001373,0.638,0,26,82.37,0.73,1,0,13.33,13.33,1,30,6074,135629.1,100.0,13,4.87
1786080127372,2774,v1,0.0416,0.5451,0.3606,2.0194,0.2945,0.02838,0.0722,0.002159,0.649,0,19,32.35,0.434,1,0,15.978,15.978,0,30,5949,171962.5,93.96,15,7.65
1786080128890,2775,v1,0.062,0.4071,0.1064,1.9104,0.4064,0.03172,0.1866,0.003125,0.718,1,30,60.64,0.311,1,0,14.408,14.408,1,30,6006,134993.7,100.0,13,11.42
1786080124778,2776,v1,0.0347,0.417,0.4504,1.6096,0.9193,0.0304,0.0883,0.003748,0.596,1,30,74.22,0.828,1,0,9.025,9.025,1,30,5994,68657.5,100.0,6,13.78
1786080126541,2777,v1,0.0155,0.9069,0.4923,2.2998,0.8777,0.03035,0.1425,0.002875,0.659,1,30,77.52,0.852,1,0,19.192,19.192,0,30,6246,195301.0,85.7,17,10.63
1786080128372,2778,v1,0.044,0.4171,0.4221,1.3078,0.592,0.02351,0.2262,0.00215,0.675,0,34,31.24,0.819,1,721,14.183,12.809,1,30,6813,146207.2,100.0,13,7.57
1786080130393,2779,v1,0.0546,0.2406,0.1586,1.7826,0.8224,0.00389,0.0672,0.003447,0.695,0,8,99.25,0.366,1,0,7.0,7.0,0,30,6071,279776.4,64.02,18,13.31
1786080125438,2780,v1,0.0434,0.3402,0.4061,1.9873,0.9224,0.02775,0.2476,0.002655,0.674,1,31,64.1,0.774,1,0,18.463,18.463,0,30,5347,163579.5,86.89,16,10.45
1786080127067,2781,v1,0.0304,0.4208,0.2709,1.4106,0.988,0.00464,0.2003,0.003263,0.714,0,30,94.13,0.98,1,0,16.308,16.308,1,30,6169,154300.7,100.0,15,12.19
1786080128859,2782,v1,0.0274,0.3883,0.2175,1.0012,0.2268,0.01291,0.1402,0.003459,0.701,0,35,81.05,0.829,1,0,15.564,15.564,1,30,6590,153650.8,100.0,14,12.34
1786080131280,2783,v1,0.0108,0.4465,0.3572,2.0301,0.2868,0.02313,0.1677,0.001421,0.715,1,36,99.83,0.747,1,0,0.0,0.0,0,30,6630,388814.6,0.0,-1,5.52
1786080128369,2784,v1,0.0159,0.9313,0.1936,0.908,0.576,0.00553,0.2394,0.002531,0.632,1,8,64.65,0.915,1,7014,7.0,0.0,1,30,7140,197498.0,0.0,-1,100.0
1786080129797,2785,v1,0.0176,0.4967,0.2227,1.19,0.3072,0.02712,0.1311,0.003377,0.71,0,36,53.2,0.501,1,0,15.668,15.668,1,30,6475,152448.8,100.0,14,12.93
1786080131012,2786,v1,0.0111,0.2329,0.2476,2.0775,0.6376,0.02242,0.0963,0.002291,0.614,1,5,40.75,0.397,1,2820,4.0,2.003,1,30,5695,149327.7,100.0,14,54.14
1786080132439,2787,v1,0.0669,0.7566,0.4051,1.456,0.3349,0.0179,0.2458,0.001345,0.587,1,6,65.69,0.988,1,1721,4.139,2.731,1,30,6159,78289.9,100.0,3,5.57
1786080129239,2788,v1,0.0531,0.2244,0.2255,1.0825,0.3877,0.01411,0.2084,0.001858,0.69,1,22,41.22,0.501,1,855,17.897,15.302,0,30,6075,269673.6,89.22,17,6.88
1786080130804,2789,v1,0.0337,0.7156,0.1695,1.7992,0.4155,0.02385,0.1078,0.003142,0.586,1,16,95.51,0.65,1,0,14.995,14.995,0,30,6101,172835.8,99.91,15,12.59
1786080132838,2790,v1,0.0143,0.8415,0.3827,1.4575,0.7843,0.01075,0.2147,0.003283,0.646,1,36,43.25,0.797,1,0,0.0,0.0,0,30,6298,385154.9,0.0,-1,12.04
1786080134395,2791,v1,0.013,0.5116,0.3914,0.9304,0.6236,0.02737,0.161,0.001652,0.608,0,5,28.22,0.916,1,4199,4.0,2.606,0,30,6063,302742.6,25.96,14,7.04
1786080129838,2792,v1,0.0231,0.6619,0.3472,2.2339,0.8885,0.00823,0.0796,0.001673,0.586,0,8,87.74,0.302,1,0,7.0,7.0,1,30,6584,143446.6,100.0,13,6.46
1786080131471,2793,v1,0.0274,0.4107,0.3861,1.6593,0.4095,0.00989,0.0638,0.00165,0.626,0,19,28.76,0.678,1,1327,17.773,13.942,0,30,5677,259698.3,68.12,17,6.02
1786080132833,2794,v1,0.0613,0.9065,0.1998,1.8502,0.4994,0.01733,0.0803,0.002627,0.718,0,31,88.05,0.391,1,0,14.284,14.284,1,30,6544,150819.2,100.0,13,10.16
1786080133810,2795,v1,0.04,0.6262,0.477,1.2679,0.9552,0.02892,0.189,0.001874,0.594,1,15,37.73,0.642,1,841,11.743,9.879,0,30,5444,151518.9,86.21,11,7.66
1786080130419,2796,v1,0.0382,0.9816,0.4426,2.0221,0.6857,0.00313,0.2236,0.003014,0.599,0,33,51.3,0.32,1,0,13.146,13.146,1,30,6464,132392.3,100.0,10,11.12
1786080131543,2797,v1,0.0248,0.2,0.2856,2.49,0.8901,0.01461,0.1658,0.00191,0.612,1,18,26.67,0.692,1,0,14.0,14.0,1,30,5944,145490.9,100.0,14,7.82
1786080133364,2798,v1,0.015,0.7528,0.3188,2.0206,0.8373,0.00549,0.2022,0.002631,0.597,0,24,82.93,0.97,1,0,0.0,0.0,0,30,6036,364879.8,0.0,-1,9.72
1786080134469,2799,v1,0.0134,0.5379,0.3561,1.0677,0.6013,0.03052,0.2075,0.003267,0.642,0,26,59.88,0.978,1,0,13.164,13.164,1,30,6398,130859.7,100.0,12,12.33
1786080140843,2800,v1,0.0179,0.5183,0.37,1.2766,0.3127,0.02511,0.2314,0.001387,0.65,0,35,66.5,0.402,1,0,19.862,19.862,0,30,6627,209727.6,85.14,17,5.39
1786080141988,2801,v1,0.0797,0.858,0.3672,1.057,0.8967,0.02397,0.0596,0.002438,0.648,1,30,83.25,0.574,1,0,10.696,10.696,1,30,5746,87841.4,100.0,8,9.22
1786080143329,2802,v1,0.0761,0.4286,0.248,1.5666,0.637,0.02963,0.1432,0.002562,0.675,1,14,67.0,0.663,1,0,10.784,10.784,1,30,6532,118203.8,100.0,8,10.06
1786080145076,2803,v1,0.0403,0.3063,0.1049,1.6968,0.5548,0.00822,0.1076,0.002799,0.646,0,4,20.54,1.0,1,3323,3.0,2.425,1,30,5820,146537.4,100.0,14,62.01
1786080141537,2804,v1,0.0341,0.6283,0.4332,1.9516,0.8285,0.0183,0.1164,0.00329,0.715,0,30,47.09,0.61,1,0,11.666,11.666,0,30,5716,261696.6,52.83,18,11.81
1786080143296,2805,v1,0.0181,0.556,0.3609,0.8606,0.7473,0.03168,0.0613,0.001791,0.652,0,17,86.88,0.657,1,0,15.549,15.549,0,30,6387,186728.5,85.63,15,6.83
1786080145632,2806,v1,0.0394,0.6353,0.3922,0.8227,0.4933,0.02605,0.0882,0.002207,0.632,1,6,55.41,0.856,1,5412,5.0,0.227,0,30,5736,327442.8,4.08,-1,8.4
1786080147461,2807,v1,0.0466,0.7107,0.2684,2.1116,0.4355,0.00896,0.2039,0.003064,0.589,0,24,95.61,0.932,1,0,17.115,17.115,0,30,6448,193793.8,89.45,16,12.22
1786080141927,2808,v1,0.0596,0.3898,0.3418,1.457,0.1134,0.02012,0.1628,0.001677,0.586,0,9,97.99,0.558,1,0,8.0,8.0,0,30,6796,186047.2,90.78,14,6.02
1786080143323,2809,v1,0.0744,0.7466,0.1913,1.5491,0.5745,0.00885,0.2179,0.002757,0.626,0,28,44.65,0.963,1,0,14.036,14.036,1,30,6318,136402.0,100.0,13,10.67
1786080145405,2810,v1,0.0478,0.3734,0.3463,1.4497,0.3886,0.01213,0.063,0.001665,0.618,1,30,27.08,0.435,1,653,18.04,16.268,0,30,6920,223197.8,84.1,16,6.47
1786080146984,2811,v1,0.0224,0.8124,0.458,1.7388,0.9566,0.03063,0.0557,0.001379,0.716,0,29,38.13,0.527,1,0,14.209,14.209,1,30,5668,130491.2,100.0,13,5.28
1786080142348,2812,v1,0.0602,0.4032,0.1638,0.8425,0.2049,0.01365,0.1655,0.002829,0.668,0,24,29.68,0.435,1,0,13.366,13.366,1,30,6140,141713.6,100.0,13,10.77
1786080143523,2813,v1,0.0578,0.285,0.3781,0.9555,0.7607,0.03074,0.1176,0.001806,0.591,1,28,63.69,0.535,1,0,7.55,7.55,1,30,7231,64809.2,100.0,5,7.26
1786080145295,2814,v1,0.0554,0.8167,0.2769,1.68,0.5732,0.02377,0.0896,0.002971,0.634,1,34,62.97,0.636,1,672,18.137,15.886,0,30,5946,179181.1,86.73,15,11.27
1786080147086,2815,v1,0.0388,0.286,0.3001,2.2065,0.4,0.02962,0.0521,0.00316,0.616,0,21,55.73,0.995,1,0,15.971,15.971,0,30,6619,187666.6,87.81,15,11.41
1786080143088,2816,v1,0.0471,0.3061,0.4043,1.332,0.2767,0.00302,0.2167,0.0023,0.581,1,20,72.94,0.835,1,0,16.197,16.197,0,30,6011,214837.6,90.42,15,8.45
1786080144765,2817,v1,0.0447,0.8484,0.2308,2.2341,0.1182,0.0175,0.2207,0.001742,0.627,1,34,61.84,0.39,1,637,14.187,12.653,1,30,6232,139555.6,100.0,13,6.42
1786080147149,2818,v1,0.0124,0.9573,0.4435,1.0892,0.4253,0.01039,0.0891,0.002689,0.665,1,33,32.29,0.443,1,0,0.0,0.0,0,30,6143,364646.5,0.0,-1,9.44
1786080149167,2819,v1,0.0516,0.7069,0.4734,1.3538,0.6099,0.01547,0.1578,0.003465,0.623,0,4,53.55,0.6,1,2508,3.0,2.548,0,30,5598,240175.2,49.04,15,12.95
1786080144451,2820,v1,0.072,0.6564,0.1059,2.141,0.1226,0.01077,0.2321,0.001675,0.644,1,13,24.62,0.984,1,5632,12.0,0.0,0,30,5741,346379.3,0.0,-1,6.58
1786080146702,2821,v1,0.0244,0.4209,0.1709,0.917,0.9706,0.00665,0.0932,0.003657,0.639,1,15,88.61,0.417,1,3008,14.0,6.021,0,30,5526,316382.7,12.66,-1,13.23
1786080148031,2822,v1,0.0719,0.405,0.1233,1.8017,0.2186,0.01875,0.1817,0.002776,0.647,0,12,59.78,0.37,1,1137,10.995,9.272,1,30,6107,139172.9,100.0,13,11.63
1786080149487,2823,v1,0.045,0.3606,0.1099,2.2124,0.3898,0.0318,0.2112,0.002212,0.627,0,33,79.6,0.791,1,0,14.357,14.357,1,30,5717,130656.1,100.0,13,8.1
1786080143833,2824,v1,0.0475,0.2125,0.3928,1.5682,0.3162,0.01439,0.2407,0.002669,0.692,1,15,33.56,0.914,1,0,13.728,13.728,1,30,5574,129006.9,100.0,13,9.83
1786080145715,2825,v1,0.0289,0.3641,0.2257,1.9599,0.8502,0.00653,0.232,0.00184,0.606,1,30,68.35,0.966,1,0,12.676,12.676,0,30,6231,285955.6,53.16,18,7.27
1786080147365,2826,v1,0.0579,0.7354,0.2985,2.4382,0.6904,0.00456,0.1199,0.001383,0.601,1,22,31.9,0.675,1,1214,10.661,8.68,1,30,6688,126913.4,100.0,7,5.86
1786080148964,2827,v1,0.0675,0.8754,0.4737,1.6733,0.8555,0.0266,0.0642,0.001713,0.606,0,34,88.53,0.499,1,0,7.944,7.944,1,30,6049,57168.2,100.0,5,6.35
1786080147193,2828,v1,0.078,0.8125,0.3748,1.7758,0.2442,0.01131,0.0623,0.002693,0.655,1,30,33.47,0.873,1,0,14.356,14.356,1,30,6103,134540.5,100.0,13,10.42
1786080150012,2829,v1,0.0602,0.8435,0.3086,1.7126,0.6945,0.00747,0.2168,0.001775,0.603,1,14,25.61,0.539,1,4386,13.0,5.037,0,30,7343,360988.4,38.75,16,7.03
1786080151457,2830,v1,0.0151,0.739,0.3328,2.4263,0.2746,0.03139,0.1134,0.001862,0.609,0,20,67.08,0.56,1,0,13.0,13.0,1,30,6188,145538.2,100.0,13,7.08
1786080153690,2831,v1,0.0307,0.701,0.3727,2.4115,0.2773,0.0063,0.15,0.001503,0.71,0,36,87.03,0.674,1,0,0.0,0.0,0,30,5420,318553.2,0.0,-1,6.09
1786080149099,2832,v1,0.0372,0.8423,0.1459,2.2593,0.758,0.00446,0.1776,0.001478,0.661,0,34,79.83,0.663,1,0,14.359,14.359,1,30,5587,127384.6,100.0,13,5.96
1786080150712,2833,v1,0.0539,0.2969,0.231,1.1054,0.779,0.03169,0.063,0.003771,0.586,1,6,97.27,0.496,1,2626,4.962,2.953,1,30,6662,106400.9,100.0,5,14.67
1786080152172,2834,v1,0.0405,0.2032,0.1608,1.2988,0.1009,0.00335,0.0778,0.001402,0.596,0,28,35.9,0.997,1,0,14.541,14.541,1,30,6193,142924.4,100.0,13,5.36
1786080153403,2835,v1,0.0341,0.3109,0.3085,1.9201,0.2708,0.02733,0.2317,0.003035,0.71,0,4,84.81,0.961,1,0,3.0,3.0,1,30,5837,137232.5,100.0,14,11.46
1786080149468,2836,v1,0.0494,0.8323,0.3888,0.9583,0.1851,0.0225,0.1518,0.002754,0.589,1,26,85.69,0.602,1,0,8.547,8.547,1,30,6211,75276.6,100.0,3,10.42
1786080151375,2837,v1,0.0367,0.7452,0.3907,1.2396,0.4979,0.02253,0.2195,0.003631,0.588,1,21,85.01,0.39,1,0,14.976,14.976,0,30,7437,189738.6,87.08,14,12.29
1786080153444,2838,v1,0.0743,0.4289,0.1523,2.0813,0.6835,0.02887,0.2163,0.003698,0.609,0,15,55.04,0.751,1,2679,14.0,8.802,0,30,6481,260231.5,55.95,15,13.61
1786080156190,2839,v1,0.0371,0.6308,0.2405,1.0581,0.8602,0.00838,0.1273,0.003072,0.68,0,35,94.46,0.598,1,0,10.84,10.84,0,30,6953,334718.8,48.9,19,10.92
1786080150311,2840,v1,0.0475,0.6968,0.1606,1.3571,0.9378,0.01876,0.1975,0.002127,0.671,0,31,21.36,0.354,1,0,14.346,14.346,1,30,6313,143622.4,100.0,13,7.98
1786080151735,2841,v1,0.027,0.59,0.4754,2.0951,0.9457,0.02992,0.2296,0.002867,0.711,0,7,48.01,0.883,1,3651,6.0,3.209,1,30,5342,144043.9,100.0,13,73.04
1786080154654,2842,v1,0.0189,0.9437,0.3517,1.5658,0.5748,0.02315,0.1568,0.002665,0.681,1,6,45.16,0.773,1,6430,5.0,0.0,0,30,6514,380442.2,0.0,-1,10.67
1786080156100,2843,v1,0.0509,0.4328,0.3569,1.0796,0.8732,0.0256,0.0751,0.003008,0.611,0,33,20.38,0.306,1,196,16.964,16.426,0,30,6046,163441.4,88.78,14,11.66
1786080150967,2844,v1,0.0363,0.6418,0.4445,1.2749,0.4759,0.02071,0.1158,0.001442,0.591,0,32,88.41,0.976,1,0,10.714,10.714,1,30,6403,96501.4,100.0,6,5.29
1786080152422,2845,v1,0.024,0.4559,0.4158,1.8221,0.7439,0.03011,0.2045,0.003083,0.651,0,21,31.29,0.403,1,0,16.758,16.758,0,30,5778,165254.3,85.33,16,11.23
1786080155329,2846,v1,0.0263,0.9143,0.4151,2.1659,0.6829,0.00363,0.1716,0.001835,0.688,1,21,64.84,0.35,1,0,0.0,0.0,0,30,7266,406655.2,0.0,-1,7.12
1786080157128,2847,v1,0.0286,0.7498,0.406,1.9303,0.2128,0.02092,0.1751,0.002952,0.69,0,10,42.55,0.358,1,1571,9.0,7.31,1,30,6677,159535.2,100.0,13,32.19
1786080151648,2848,v1,0.0125,0.5357,0.4964,1.7131,0.4716,0.02061,0.2431,0.003492,0.601,0,29,91.41,0.568,1,0,17.822,17.822,0,30,5793,171421.0,89.15,16,12.64
1786080153039,2849,v1,0.0683,0.4996,0.4951,1.4674,0.9879,0.02931,0.1914,0.003654,0.715,1,16,50.74,0.398,1,0,13.0,13.0,1,30,5674,121029.6,100.0,13,13.82
1786080154730,2850,v1,0.0377,0.5693,0.2162,1.1109,0.8185,0.01725,0.0717,0.003572,0.706,1,24,73.0,0.89,1,993,13.478,11.219,1,30,6400,142992.8,100.0,13,14.12
1786080157192,2851,v1,0.0316,0.5635,0.4321,1.7858,0.881,0.00442,0.119,0.003425,0.634,0,16,71.23,0.994,1,3272,15.0,8.342,0,30,6737,357706.9,42.34,19,13.46
1786080151770,2852,v1,0.0117,0.6292,0.1779,1.2803,0.809,0.02002,0.2336,0.003019,0.627,1,31,67.66,0.969,1,0,14.342,14.342,1,30,5745,124558.0,100.0,13,11.35
1786080154245,2853,v1,0.0463,0.6303,0.4317,2.2136,0.2396,0.01146,0.0978,0.002827,0.703,1,18,27.88,0.492,1,3505,17.0,6.388,0,30,5871,350183.0,17.16,-1,10.78
1786080155580,2854,v1,0.0237,0.9086,0.1694,2.4507,0.145,0.03164,0.1434,0.001996,0.625,1,34,40.18,0.637,1,1092,14.38,11.719,1,30,6303,148753.2,100.0,13,7.82
1786080157169,2855,v1,0.075,0.7764,0.318,1.7159,0.4375,0.01913,0.1778,0.001804,0.705,0,26,92.87,0.564,1,0,13.396,13.396,1,30,5586,122188.4,100.0,13,7.14
1786080156004,2856,v1,0.0717,0.8446,0.4881,1.2417,0.9041,0.01622,0.2276,0.003325,0.622,1,31,69.86,0.997,1,0,17.303,17.303,0,30,6679,181691.5,98.57,15,12.44
1786080157541,2857,v1,0.0577,0.2211,0.3221,0.9416,0.7974,0.00416,0.0663,0.003119,0.696,0,28,27.57,0.535,1,358,14.73,13.937,1,30,6177,144964.6,100.0,13,11.56
1786080160412,2858,v1,0.0179,0.9488,0.2426,0.9291,0.3915,0.00741,0.1888,0.001554,0.623,1,12,44.78,0.842,1,6456,11.0,0.0,0,30,6548,397229.0,0.0,-1,5.6
1786080161548,2859,v1,0.0694,0.9334,0.3155,1.1164,0.4656,0.01151,0.0663,0.003365,0.592,1,10,55.83,0.429,1,1236,6.486,4.515,1,30,5833,76323.2,100.0,4,12.74
1786080156239,2860,v1,0.0304,0.8754,0.4139,1.7994,0.7505,0.00554,0.1752,0.00184,0.609,0,35,93.5,0.382,1,0,14.544,14.544,1,30,5917,133271.4,100.0,13,7.01
1786080157829,2861,v1,0.0723,0.5112,0.2429,1.077,0.5702,0.02181,0.2173,0.001981,0.582,0,10,97.33,0.473,1,0,9.0,9.0,0,30,6399,174795.4,100.0,14,7.55
1786080159501,2862,v1,0.05,0.3916,0.2245,2.1519,0.1348,0.02673,0.1285,0.003021,0.589,1,24,74.76,0.94,1,0,15.796,15.796,0,30,6617,176523.5,89.85,14,11.53
1786080160970,2863,v1,0.0581,0.2724,0.345,0.8114,0.9072,0.00562,0.2457,0.001678,0.673,0,20,54.28,0.543,1,0,13.826,13.826,1,30,5820,139251.2,100.0,14,6.98
1786080158412,2864,v1,0.0166,0.5358,0.3411,2.1429,0.9013,0.02218,0.1138,0.003129,0.609,1,19,76.67,0.525,1,0,13.0,13.0,1,30,6717,144327.6,100.0,13,11.69
1786080159717,2865,v1,0.0724,0.4246,0.4019,1.2486,0.877,0.01447,0.1799,0.003285,0.651,0,26,83.08,0.872,1,0,11.079,11.079,1,30,6083,104667.7,100.0,7,13.15
1786080161239,2866,v1,0.047,0.3421,0.3602,1.9371,0.259,0.0212,0.0692,0.00262,0.689,0,32,43.38,0.305,1,0,15.085,15.085,1,30,6606,145719.2,100.0,13,9.85
1786080163178,2867,v1,0.0371,0.2825,0.1332,2.481,0.1003,0.00532,0.0578,0.001734,0.582,0,20,26.82,0.948,1,0,17.971,17.971,0,30,5914,282761.5,94.12,18,6.73
1786080159067,2868,v1,0.0646,0.9228,0.4203,1.4353,0.4746,0.01828,0.0522,0.003481,0.662,0,20,67.31,0.721,1,0,16.208,16.208,0,30,5807,175243.0,96.46,16,13.02
1786080160948,2869,v1,0.043,0.3826,0.1712,1.1719,0.8485,0.01145,0.19,0.001903,0.645,0,14,98.51,0.775,1,0,13.0,13.0,0,30,6857,205777.3,92.59,17,7.88
1786080162567,2870,v1,0.071,0.5977,0.2742,2.0927,0.9113,0.02392,0.1834,0.003099,0.619,0,29,62.64,0.75,1,0,12.694,12.694,1,30,6421,120973.3,100.0,7,11.43
1786080164611,2871,v1,0.012,0.5392,0.3634,1.1601,0.6499,0.02777,0.0882,0.001543,0.655,0,19,85.69,0.91,1,83,17.465,17.268,0,30,6911,231742.0,87.01,17,5.99
1786080159352,2872,v1,0.0685,0.6068,0.1571,1.5138,0.8237,0.01207,0.1969,0.001908,0.629,1,33,73.15,0.325,1,0,12.719,12.719,1,30,6459,115073.4,100.0,8,7.85
1786080160884,2873,v1,0.0336,0.268,0.2959,1.3429,0.8936,0.01979,0.0717,0.003431,0.657,1,19,71.72,0.715,1,0,13.635,13.635,1,30,6227,140546.3,100.0,13,12.93
1786080162439,2874,v1,0.0239,0.6209,0.2268,2.1576,0.1861,0.00373,0.135,0.003523,0.684,0,9,72.94,0.37,1,1392,8.0,6.588,1,30,6070,150915.5,100.0,14,33.74
1786080164074,2875,v1,0.0336,0.6467,0.2113,1.7626,0.7919,0.01262,0.24,0.003029,0.636,0,7,64.69,0.544,1,2737,6.0,4.306,1,30,6596,165114.4,100.0,13,49.04
1786080160592,2876,v1,0.0512,0.4149,0.3908,1.0038,0.1022,0.02484,0.1618,0.001889,0.594,0,14,43.21,0.779,1,1491,12.864,10.312,0,30,6608,208475.9,65.7,13,7.14
1786080162290,2877,v1,0.0469,0.9404,0.1687,1.2831,0.3204,0.01151,0.1672,0.002651,0.616,0,26,87.44,0.341,1,0,13.686,13.686,1,30,7025,148325.0,100.0,13,9.47
1786080164487,2878,v1,0.0666,0.7077,0.3544,1.1661,0.1905,0.0144,0.0606,0.003648,0.699,1,30,58.49,0.884,1,3241,20.739,8.46,0,30,6270,308318.5,85.25,17,13.78
1786080166486,2879,v1,0.0565,0.9374,0.1876,1.8784,0.6612,0.01785,0.1933,0.002724,0.681,1,23,24.07,0.42,1,620,18.062,16.426,0,30,7190,273164.1,88.42,17,10.7
1786080160618,2880,v1,0.0154,0.9273,0.4882,1.3162,0.2035,0.03,0.1073,0.002387,0.606,1,22,38.78,0.696,1,1012,10.074,8.33,1,30,6136,108574.0,100.0,8,25.07
1786080162303,2881,v1,0.0148,0.7007,0.2875,0.8763,0.8187,0.01823,0.1401,0.001591,0.72,0,17,55.76,0.659,1,0,13.083,13.083,1,30,6672,154530.8,100.0,13,6.4
1786080164745,2882,v1,0.0575,0.9406,0.1547,1.8287,0.1832,0.01824,0.169,0.001328,0.695,0,30,35.83,0.521,1,355,21.454,20.342,0,30,7088,321752.4,94.85,17,5.28
1786080166244,2883,v1,0.072,0.3124,0.3209,1.1828,0.124,0.00347,0.1476,0.002884,0.663,0,30,97.87,0.698,1,0,14.114,14.114,1,30,7201,156291.2,100.0,13,11.03
1786080163322,2884,v1,0.0156,0.4227,0.3832,1.8805,0.1692,0.02402,0.2375,0.002728,0.632,0,26,43.11,0.92,1,0,18.579,18.579,0,30,6202,206906.4,86.55,17,10.4
1786080165907,2885,v1,0.0183,0.66,0.4374,1.4074,0.8943,0.00871,0.2084,0.001795,0.66,1,7,95.01,0.685,1,4703,6.0,1.302,0,30,6083,359722.6,0.0,-1,7.33
1786080168399,2886,v1,0.0248,0.8569,0.1065,2.2002,0.6342,0.02782,0.2343,0.001494,0.72,1,35,74.75,0.628,1,0,1.189,1.189,0,30,6524,377859.0,5.01,-1,5.38
1786080169590,2887,v1,0.0285,0.3713,0.4487,1.9778,0.3628,0.02551,0.1384,0.003506,0.603,0,18,69.43,0.522,1,0,15.084,15.084,0,30,6036,167279.0,88.85,14,13.04
1786080165019,2888,v1,0.0283,0.5063,0.1261,1.8276,0.117,0.00624,0.2184,0.002878,0.657,0,8,20.98,0.489,1,2095,7.0,5.456,0,30,6910,402581.9,0.0,-1,10.91
1786080166388,2889,v1,0.0193,0.2796,0.1112,0.9349,0.28,0.01172,0.123,0.002997,0.6,1,17,66.56,0.649,1,0,13.0,13.0,1,30,5874,135841.0,100.0,13,11.22
1786080167512,2890,v1,0.0474,0.9376,0.1107,1.2273,0.6089,0.02973,0.1209,0.001348,0.65,1,24,98.25,0.498,1,0,11.474,11.474,1,30,5795,109085.6,100.0,8,5.14
1786080168896,2891,v1,0.0512,0.5288,0.3308,1.8059,0.6068,0.02308,0.0964,0.002102,0.677,0,23,67.11,0.51,1,0,13.208,13.208,1,30,6143,140404.6,100.0,13,7.68
1786080165341,2892,v1,0.0236,0.8431,0.3507,0.9735,0.648,0.00711,0.1535,0.003005,0.66,0,24,29.18,0.439,1,0,13.357,13.357,1,30,6375,139827.3,100.0,13,11.37
1786080167169,2893,v1,0.0566,0.7368,0.326,1.9086,0.6044,0.03181,0.1738,0.002558,0.641,0,13,57.7,0.868,1,2119,9.288,6.035,1,30,6712,118846.8,100.0,6,11.35
1786080168225,2894,v1,0.0394,0.7213,0.2887,2.2133,0.2605,0.02596,0.1318,0.001976,0.694,0,5,73.96,0.755,1,0,4.0,4.0,1,30,5900,136585.2,100.0,13,7.63
1786080169828,2895,v1,0.0222,0.8443,0.1253,0.9704,0.815,0.0261,0.163,0.001563,0.706,0,6,50.67,0.641,1,2019,5.0,3.984,0,30,5998,321015.9,28.82,19,6.07
1786080166241,2896,v1,0.0399,0.2796,0.2136,1.6558,0.9872,0.02049,0.2139,0.00212,0.712,0,17,95.59,0.517,1,0,13.804,13.804,1,30,5474,128081.2,100.0,14,8.24
1786080167384,2897,v1,0.0321,0.3706,0.3509,1.3263,0.4366,0.01777,0.0546,0.003615,0.631,1,33,42.37,0.413,1,0,14.126,14.126,1,30,5751,121508.8,100.0,13,13.37
1786080169377,2898,v1,0.0448,0.3732,0.4468,1.2199,0.8654,0.01587,0.2209,0.003286,0.693,1,12,21.73,0.484,1,3499,11.0,4.874,0,30,6484,325414.4,40.33,18,12.15
1786080170026,2899,v1,0.0302,0.9697,0.3086,2.1438,0.7556,0.0137,0.1511,0.002764,0.619,0,32,84.08,0.81,1,0,14.358,14.358,1,30,5951,134544.2,100.0,13,10.79
1786080175941,2900,v1,0.0561,0.8159,0.3649,1.3522,0.3747,0.01654,0.222,0.001278,0.639,0,34,37.23,0.889,1,0,14.323,14.323,1,30,6214,139953.0,100.0,13,4.57
1786080177387,2901,v1,0.0361,0.5529,0.3925,1.8415,0.785,0.00404,0.245,0.001832,0.631,1,20,73.58,0.677,1,0,13.0,13.0,1,30,5919,131454.2,100.0,13,7.03
1786080179374,2902,v1,0.0514,0.8218,0.2885,1.2783,0.9534,0.00897,0.2033,0.00194,0.622,0,20,24.78,0.72,1,461,16.618,15.522,0,30,6283,201124.6,85.98,16,7.29
1786080180743,2903,v1,0.023,0.8135,0.446,1.0004,0.5447,0.01921,0.0991,0.002135,0.622,0,33,80.68,0.488,1,0,18.296,18.296,0,30,5919,172120.1,91.04,15,8.06
1786080176805,2904,v1,0.0306,0.2377,0.2568,0.9229,0.112,0.00749,0.1318,0.002775,0.637,1,13,59.18,0.777,1,5598,12.0,0.0,1,30,5780,158006.8,100.0,20,84.41
1786080178452,2905,v1,0.0417,0.2489,0.3666,2.2079,0.8645,0.01121,0.0731,0.002983,0.623,1,18,44.6,0.306,1,0,13.445,13.445,1,30,6784,153819.1,100.0,13,11.1
1786080180711,2906,v1,0.0324,0.3339,0.1622,2.4422,0.799,0.02667,0.1766,0.003277,0.639,0,10,62.8,0.676,1,3107,9.0,5.342,0,30,6163,278862.5,40.73,17,12.74
1786080182357,2907,v1,0.0403,0.2764,0.1786,2.3733,0.7794,0.01785,0.0556,0.002318,0.64,0,8,60.17,0.652,1,2058,7.0,5.368,1,30,6403,155703.4,100.0,13,38.09
1786080177302,2908,v1,0.0244,0.882,0.15,1.8152,0.4629,0.02566,0.073,0.003694,0.597,1,21,93.69,0.336,1,0,16.221,16.221,0,30,5607,161471.4,92.42,15,13.3
1786080179540,2909,v1,0.012,0.7578,0.1496,1.7967,0.4686,0.0138,0.1675,0.003616,0.595,0,14,76.41,0.888,1,0,13.0,13.0,0,30,6263,284601.7,43.44,19,14.0
1786080180880,2910,v1,0.0507,0.3381,0.1281,2.1027,0.5129,0.01194,0.1931,0.001946,0.639,0,13,89.5,0.858,1,0,12.0,12.0,1,30,6312,146383.0,100.0,13,6.97
1786080182462,2911,v1,0.0105,0.5143,0.3744,2.0068,0.8659,0.00675,0.1119,0.003149,0.612,1,35,92.6,0.854,1,0,14.561,14.561,1,30,6314,146420.5,100.0,13,11.59
1786080177645,2912,v1,0.0423,0.6894,0.2063,1.7202,0.7285,0.02527,0.1594,0.003112,0.627,1,16,44.6,0.387,1,0,11.562,11.562,1,30,5935,110128.4,100.0,9,11.86
1786080180338,2913,v1,0.0744,0.7429,0.2988,1.2766,0.5329,0.0282,0.2476,0.001799,0.617,1,5,48.08,0.734,1,5820,4.0,0.48,0,30,6666,348900.2,10.18,-1,7.02
1786080181976,2914,v1,0.0517,0.297,0.3285,1.3962,0.2423,0.00846,0.1903,0.002448,0.677,1,17,23.77,0.809,1,0,13.83,13.83,1,30,6086,142460.9,100.0,14,9.22
1786080183907,2915,v1,0.0451,0.2618,0.4394,2.1307,0.4017,0.01525,0.2351,0.002955,0.649,0,11,71.25,0.648,1,0,10.0,10.0,1,30,7016,155516.4,100.0,13,10.55
1786080178411,2916,v1,0.0139,0.2124,0.3351,2.4121,0.1403,0.01052,0.0937,0.003636,0.648,0,14,70.93,0.895,1,3335,13.0,6.553,1,30,5966,154564.4,100.0,16,64.36
1786080179994,2917,v1,0.0138,0.5519,0.3316,1.7871,0.5462,0.00716,0.1214,0.002851,0.695,1,7,78.7,0.969,1,5877,6.0,0.0,1,30,5970,165768.7,0.0,-1,100.0
1786080182165,2918,v1,0.0681,0.9184,0.376,1.2284,0.9887,0.01248,0.2225,0.003081,0.676,1,24,33.16,0.753,1,1071,17.597,14.681,0,30,6896,238227.1,94.07,16,12.08
1786080183808,2919,v1,0.055,0.7404,0.4919,1.4268,0.595,0.02856,0.1827,0.003072,0.712,0,15,22.54,0.422,1,0,12.111,12.111,1,30,6085,126163.7,100.0,11,11.93
1786080178893,2920,v1,0.0591,0.6691,0.4185,1.8327,0.3192,0.00449,0.0916,0.001941,0.691,0,17,39.32,0.371,1,0,13.0,13.0,1,30,6498,150587.6,100.0,13,7.53
1786080180217,2921,v1,0.0631,0.5341,0.1806,1.5848,0.4049,0.02944,0.2187,0.002899,0.602,1,8,25.0,0.663,1,3189,6.112,2.13,1,30,5519,108857.2,100.0,4,13.52
1786080181892,2922,v1,0.029,0.6864,0.4279,1.2156,0.7145,0.01323,0.0671,0.003361,0.716,1,36,98.71,0.303,1,0,14.725,14.725,1,30,6566,147047.0,100.0,13,12.61
1786080183586,2923,v1,0.073,0.4745,0.4008,1.0227,0.8576,0.00786,0.1575,0.003107,0.603,0,5,54.15,0.87,1,3478,4.0,2.738,1,30,5591,130244.6,100.0,13,12.09
1786080179667,2924,v1,0.0684,0.2381,0.2575,1.9097,0.5727,0.01102,0.2146,0.003101,0.598,1,31,51.59,0.884,1,0,12.009,12.009,1,30,6650,104340.2,100.0,6,11.77
1786080180933,2925,v1,0.0685,0.834,0.378,2.0284,0.4361,0.00879,0.186,0.001335,0.594,0,13,47.21,0.362,1,668,9.163,8.03,1,30,5987,96008.5,100.0,4,5.13
1786080182526,2926,v1,0.0231,0.6029,0.4202,1.3977,0.894,0.0267,0.2196,0.001301,0.632,0,20,60.92,0.707,1,0,15.906,15.906,0,30,5805,173272.4,89.43,15,4.96
1786080185363,2927,v1,0.0212,0.8971,0.4844,1.8838,0.5758,0.00547,0.0866,0.003519,0.621,1,35,86.73,0.832,1,0,1.261,1.261,0,30,6186,361114.4,5.1,-1,12.72
1786080182882,2928,v1,0.0509,0.4778,0.1323,2.1608,0.7858,0.03011,0.1377,0.003724,0.644,1,27,69.15,0.42,1,0,11.831,11.831,1,30,6227,112424.9,100.0,9,13.39
1786080184428,2929,v1,0.0155,0.3436,0.1217,1.9049,0.5363,0.0101,0.2469,0.003047,0.613,0,17,47.19,0.987,1,0,14.0,14.0,1,30,5968,138361.6,100.0,14,11.51
1786080187314,2930,v1,0.0116,0.8747,0.2872,2.28,0.6872,0.0278,0.0789,0.003172,0.655,1,12,20.96,0.41,1,2926,11.0,5.961,0,30,6613,366400.9,8.83,-1,11.69
1786080188608,2931,v1,0.0479,0.966,0.3209,1.9078,0.5802,0.01698,0.2467,0.002019,0.626,1,24,79.47,0.303,1,0,12.529,12.529,1,30,5866,115643.5,100.0,11,8.05
1786080184770,2932,v1,0.069,0.9584,0.1232,1.2528,0.9038,0.00743,0.2477,0.002293,0.665,1,29,50.34,0.518,1,588,18.424,16.492,0,30,5916,198807.0,93.89,16,8.89
1786080186645,2933,v1,0.0761,0.9076,0.2422,2.3272,0.7273,0.01408,0.1878,0.001737,0.62,0,22,26.44,0.88,1,0,16.594,16.594,0,30,6401,186960.2,96.87,16,7.14
1786080189616,2934,v1,0.0163,0.9037,0.3124,1.3403,0.8361,0.02132,0.2006,0.002645,0.715,1,30,34.64,0.708,1,0,0.0,0.0,0,30,6618,379404.6,0.0,-1,10.28
1786080192193,2935,v1,0.0695,0.9744,0.2012,1.8198,0.5491,0.00468,0.2075,0.003319,0.639,0,9,42.16,0.35,1,2023,8.0,6.42,0,30,7863,341431.1,73.58,17,11.74
1786080186491,2936,v1,0.0477,0.6898,0.4588,1.4988,0.4652,0.00635,0.1031,0.001304,0.6,1,9,78.07,0.713,1,5517,8.0,0.762,0,30,6160,365766.4,9.27,-1,5.1
1786080187826,2937,v1,0.0136,0.7393,0.277,1.4957,0.4842,0.00857,0.0632,0.002999,0.617,0,8,52.65,0.462,1,1324,7.0,5.76,1,30,5437,129130.5,100.0,13,32.79
1786080190057,2938,v1,0.0544,0.201,0.2126,1.8327,0.198,0.00912,0.1111,0.002029,0.649,1,29,44.57,0.391,1,1935,20.431,13.758,0,30,6425,312896.1,86.95,17,7.84
1786080191891,2939,v1,0.0638,0.2429,0.2708,1.451,0.2218,0.03164,0.2467,0.002864,0.687,0,7,59.85,0.766,1,2896,6.0,4.143,1,30,6351,157737.9,100.0,13,18.28
1786080186613,2940,v1,0.06,0.3092,0.1284,1.6301,0.3808,0.00775,0.1886,0.002301,0.627,1,27,35.9,0.502,1,1518,18.806,14.133,0,30,6541,294700.3,97.8,17,8.36
1786080187846,2941,v1,0.0694,0.7375,0.153,0.9247,0.5437,0.0131,0.1987,0.001357,0.613,0,12,38.38,0.787,1,1674,8.895,6.026,1,30,5334,84424.5,100.0,5,5.47
1786080189756,2942,v1,0.0541,0.9747,0.2353,0.94,0.4933,0.03145,0.2025,0.001944,0.649,1,32,46.34,0.49,1,0,12.046,12.046,1,30,7543,125458.1,100.0,7,7.32
1786080191252,2943,v1,0.0726,0.7646,0.4127,2.2362,0.3171,0.02885,0.1705,0.00153,0.654,1,16,68.22,0.929,1,0,10.431,10.431,1,30,5947,102457.7,100.0,6,5.7
1786080187154,2944,v1,0.0157,0.7115,0.1626,1.4784,0.7134,0.02057,0.1721,0.002504,0.612,0,17,44.81,0.449,1,1513,16.0,12.463,0,30,6225,238278.1,67.07,17,8.47
1786080188736,2945,v1,0.0629,0.3592,0.1683,2.169,0.2928,0.01693,0.2464,0.001857,0.697,0,12,41.58,0.565,1,1737,11.0,8.433,1,30,6227,155230.9,100.0,14,27.32
1786080189862,2946,v1,0.0777,0.3941,0.3818,1.7626,0.5136,0.02505,0.2463,0.001994,0.594,1,14,71.02,0.857,1,0,6.803,6.803,1,30,5426,49472.7,100.0,4,7.87
1786080191865,2947,v1,0.0677,0.3233,0.4994,1.192,0.1065,0.02407,0.1312,0.0021,0.696,0,27,83.35,0.39,1,0,18.144,18.144,0,30,6074,240057.7,98.62,16,8.2
1786080187075,2948,v1,0.0236,0.9278,0.2627,0.9701,0.8397,0.00978,0.141,0.002541,0.588,0,36,25.84,0.945,1,541,13.178,12.133,1,30,6257,118816.6,100.0,8,10.15
1786080189037,2949,v1,0.0676,0.6584,0.3239,1.6136,0.6279,0.01057,0.0885,0.002094,0.692,1,29,86.45,0.802,1,0,19.651,19.651,0,30,6184,255075.9,87.47,17,7.62
1786080190725,2950,v1,0.0712,0.421,0.1214,1.2009,0.509,0.01759,0.191,0.003523,0.709,1,36,90.91,0.379,1,0,22.035,22.035,0,30,5708,234241.3,88.35,17,12.81
1786080192513,2951,v1,0.0678,0.362,0.4471,1.1311,0.2251,0.03105,0.2035,0.001475,0.587,0,7,72.94,0.469,1,1449,6.0,4.962,0,30,5626,172560.1,67.2,10,5.65
1786080187761,2952,v1,0.0772,0.7527,0.4287,0.8341,0.4304,0.00748,0.143,0.001855,0.692,0,11,30.9,0.847,1,2998,9.061,5.325,1,30,6230,125533.1,100.0,7,6.98
1786080189665,2953,v1,0.0612,0.6532,0.4026,0.9459,0.4084,0.02864,0.1768,0.003376,0.706,0,24,58.85,0.666,1,0,17.105,17.105,0,30,6232,180500.6,84.32,16,12.87
1786080191461,2954,v1,0.0494,0.3791,0.2547,1.2885,0.6766,0.00758,0.117,0.003342,0.707,1,24,79.12,0.484,1,0,14.299,14.299,1,30,6776,161635.2,100.0,14,12.91
1786080192798,2955,v1,0.0269,0.2615,0.1047,1.0416,0.8315,0.01207,0.2378,0.002299,0.633,0,4,87.37,0.592,1,0,3.0,3.0,1,30,6297,151246.7,100.0,14,8.91
1786080190629,2956,v1,0.0579,0.6555,0.2413,1.1067,0.9432,0.00529,0.0506,0.00358,0.706,0,22,27.99,0.718,1,482,13.0,12.062,1,30,6106,131644.5,100.0,13,13.58
1786080191885,2957,v1,0.0701,0.6473,0.4362,1.262,0.3946,0.01749,0.2481,0.003068,0.582,0,15,57.88,0.595,1,0,5.463,5.463,1,30,5973,41135.7,100.0,3,11.5
1786080193394,2958,v1,0.0134,0.578,0.4561,0.8692,0.8922,0.03088,0.0883,0.002534,0.708,0,24,92.51,0.653,1,0,13.359,13.359,1,30,5835,128825.2,100.0,13,9.73
1786080195262,2959,v1,0.0593,0.2168,0.2257,1.5067,0.2215,0.02329,0.1848,0.00315,0.71,1,34,21.08,0.557,1,1001,22.097,18.161,0,30,6139,255402.8,85.0,17,11.19
1786080193473,2960,v1,0.0288,0.4503,0.1301,1.9231,0.8508,0.0309,0.0637,0.001363,0.655,0,30,52.9,0.462,1,0,14.358,14.358,1,30,6753,153091.3,100.0,13,5.49
1786080195719,2961,v1,0.0486,0.7735,0.3453,1.8662,0.2691,0.0279,0.2467,0.002564,0.691,1,12,88.93,0.48,1,3384,11.0,4.734,0,30,6104,313010.0,37.61,17,9.78
1786080198065,2962,v1,0.0236,0.7867,0.3421,2.1679,0.5433,0.00773,0.0508,0.002232,0.594,1,7,89.67,0.553,1,4794,6.0,1.216,0,30,6082,350270.3,14.57,-1,8.32
1786080199814,2963,v1,0.0623,0.5946,0.4962,2.1358,0.2212,0.02353,0.0751,0.001381,0.63,0,23,40.93,0.359,1,0,12.303,12.303,1,30,6815,142016.9,100.0,8,5.17
1786080195319,2964,v1,0.0534,0.933,0.3299,1.5763,0.4134,0.02898,0.2313,0.001638,0.59,0,5,25.8,0.881,1,4408,4.0,2.8,0,30,7392,334517.1,37.98,14,6.47
1786080196730,2965,v1,0.067,0.6381,0.2579,2.1801,0.325,0.02657,0.193,0.00213,0.687,0,8,84.85,0.534,1,0,7.0,7.0,1,30,5813,130898.1,100.0,13,8.31
1786080199228,2966,v1,0.0127,0.4133,0.4736,1.1872,0.6249,0.00869,0.071,0.001573,0.608,1,33,34.96,0.489,1,46,0.887,0.693,0,30,5829,365768.3,3.87,-1,6.16
1786080200765,2967,v1,0.0187,0.4416,0.4605,2.0444,0.3059,0.00532,0.181,0.002394,0.694,1,8,41.72,0.875,1,6113,7.0,0.0,1,30,6217,175838.9,0.0,-1,100.0
1786080194895,2968,v1,0.0499,0.9335,0.1963,1.0685,0.9402,0.00827,0.0508,0.002107,0.694,1,27,60.3,0.367,1,422,15.287,13.722,0,30,5857,251593.7,74.64,19,8.96
1786080196358,2969,v1,0.032,0.3636,0.1253,1.2274,0.5522,0.02456,0.1643,0.003364,0.634,0,20,23.12,0.58,1,0,13.0,13.0,1,30,6233,139451.1,100.0,13,12.67
1786080197963,2970,v1,0.0319,0.6763,0.2782,0.9593,0.5127,0.02325,0.2192,0.002411,0.659,0,5,27.81,0.579,1,2303,4.0,3.274,1,30,6407,155660.0,100.0,13,41.75
1786080200119,2971,v1,0.0577,0.2803,0.2222,1.6121,0.5359,0.02656,0.2135,0.002058,0.695,1,5,76.18,0.379,1,3000,4.0,1.934,0,30,5860,281316.4,42.61,16,8.0
1786080195072,2972,v1,0.0707,0.9387,0.2115,2.0764,0.9985,0.02254,0.1801,0.003187,0.678,0,8,61.7,0.723,1,2116,7.0,5.118,1,30,5737,137667.8,100.0,13,14.94
1786080196660,2973,v1,0.0578,0.9651,0.376,2.0448,0.7212,0.01381,0.0715,0.002326,0.609,1,36,51.8,0.717,1,0,14.385,14.385,1,30,6410,142930.1,100.0,13,8.63
1786080199285,2974,v1,0.0313,0.5532,0.4224,1.5844,0.2519,0.02087,0.086,0.00236,0.66,1,13,98.63,0.601,1,5166,12.0,1.882,0,30,6301,353480.2,13.64,-1,9.16
1786080200715,2975,v1,0.0694,0.4254,0.3117,1.3723,0.3272,0.01253,0.205,0.002716,0.636,0,9,72.75,0.402,1,1129,7.52,6.447,1,30,6427,130221.3,100.0,7,10.28
1786080196055,2976,v1,0.0773,0.5118,0.2837,2.4563,0.4353,0.02638,0.1412,0.002939,0.619,1,4,95.29,0.563,1,5315,3.0,0.527,1,30,6504,176957.6,100.0,20,70.88
1786080198372,2977,v1,0.022,0.8678,0.3483,0.8389,0.9658,0.02075,0.1013,0.003284,0.592,0,8,56.11,0.854,1,4081,7.0,3.754,0,30,6437,302519.8,30.86,14,12.49
1786080201079,2978,v1,0.0134,0.7431,0.1921,1.5112,0.3016,0.00328,0.1866,0.00284,0.716,1,30,34.76,0.924,1,0,0.0,0.0,0,30,6068,345058.7,0.0,-1,11.57
1786080202825,2979,v1,0.0228,0.6083,0.4826,1.1607,0.4456,0.01273,0.2181,0.002663,0.657,0,24,61.16,0.867,1,0,16.301,16.301,0,30,6783,274102.7,82.01,19,10.07
1786080195905,2980,v1,0.0344,0.2284,0.4861,1.3541,0.31,0.01951,0.0911,0.002704,0.6,0,36,56.29,0.968,1,0,11.505,11.505,1,30,6104,95932.9,100.0,6,10.08
1786080197239,2981,v1,0.0622,0.6154,0.3886,2.4238,0.4332,0.00822,0.1166,0.00343,0.6,1,26,92.13,0.673,1,0,12.394,12.394,1,30,5604,113286.9,100.0,8,12.54
1786080198597,2982,v1,0.0371,0.4781,0.4342,2.1677,0.2664,0.02456,0.0691,0.002154,0.678,0,8,81.05,0.508,1,0,7.0,7.0,1,30,6371,143217.8,100.0,13,8.32
1786080200262,2983,v1,0.0591,0.95,0.2766,2.4417,0.9,0.01293,0.1655,0.002866,0.605,1,34,50.81,0.378,1,485,18.904,17.29,0,30,6214,190973.5,84.45,16,10.69
1786080197203,2984,v1,0.0625,0.3804,0.1126,1.3051,0.7338,0.0089,0.2456,0.003486,0.658,1,33,63.24,0.403,1,0,14.337,14.337,1,30,5870,134041.9,100.0,13,13.36
1786080198469,2985,v1,0.016,0.5224,0.3636,1.6697,0.5115,0.03041,0.215,0.001833,0.606,1,12,86.1,0.923,1,2761,9.884,4.952,1,30,6268,133369.2,100.0,9,48.85
1786080200036,2986,v1,0.0586,0.8413,0.1864,0.8831,0.7784,0.03143,0.1778,0.003283,0.634,0,23,27.33,0.934,1,466,11.288,10.519,1,30,6012,107288.9,100.0,8,12.38
1786080202022,2987,v1,0.0408,0.8854,0.4257,1.2959,0.2806,0.00713,0.2319,0.001715,0.611,0,35,76.36,0.787,1,0,20.234,20.234,0,30,6259,236949.9,89.2,16,6.49
1786080202127,2988,v1,0.0273,0.402,0.1114,1.1639,0.7162,0.01955,0.0844,0.002907,0.64,1,19,63.42,0.561,1,0,13.0,13.0,1,30,6749,146095.2,100.0,13,10.64
1786080203335,2989,v1,0.0618,0.6742,0.1691,1.5392,0.7117,0.01275,0.2368,0.002887,0.718,0,16,75.93,0.722,1,0,13.0,13.0,1,30,5865,130509.8,100.0,13,10.83
1786080204679,2990,v1,0.041,0.6155,0.336,2.2297,0.4443,0.01601,0.1115,0.002482,0.664,0,36,42.38,0.654,1,0,22.787,22.787,0,30,6301,255012.0,85.89,18,8.97
1786080205806,2991,v1,0.0567,0.3617,0.3516,0.9079,0.1668,0.01621,0.0591,0.002235,0.676,1,4,80.98,0.505,1,3324,3.0,1.272,1,30,5809,152387.0,100.0,13,15.11
1786080202145,2992,v1,0.0426,0.4533,0.1092,1.4087,0.3982,0.02403,0.2113,0.00347,0.581,0,32,32.17,0.708,1,0,11.212,11.212,1,30,5750,92334.6,100.0,5,12.96
1786080203540,2993,v1,0.0775,0.6702,0.3496,2.3731,0.5435,0.0299,0.2272,0.003018,0.701,1,31,46.23,0.569,1,0,13.176,13.176,1,30,7030,140718.6,100.0,9,11.69
1786080205256,2994,v1,0.0364,0.6841,0.3793,1.0765,0.427,0.02501,0.0678,0.003391,0.593,1,10,41.33,0.869,1,6446,9.0,0.0,0,30,6631,379903.9,0.0,-1,12.37
1786080206333,2995,v1,0.0611,0.6926,0.207,2.3288,0.8949,0.00996,0.1182,0.00261,0.685,1,34,57.87,0.981,1,0,14.361,14.361,1,30,5947,136450.6,100.0,13,9.74
1786080202778,2996,v1,0.0621,0.8233,0.2739,2.1514,0.8404,0.00603,0.1654,0.003717,0.617,1,31,22.47,0.67,1,0,14.346,14.346,1,30,6735,150970.4,100.0,13,14.06
1786080204382,2997,v1,0.0361,0.6095,0.3926,2.468,0.2549,0.00536,0.2158,0.003509,0.621,1,8,79.68,0.89,1,6308,7.0,0.034,1,30,6494,182477.1,100.0,26,99.58
1786080205200,2998,v1,0.0653,0.5263,0.4234,1.1991,0.4593,0.02179,0.1652,0.003352,0.703,1,23,92.04,0.792,1,0,17.149,17.149,0,30,5842,199416.9,87.42,16,12.44
1786080206342,2999,v1,0.0457,0.9969,0.3208,1.0777,0.6055,0.01263,0.0679,0.002653,0.633,1,28,28.93,0.888,1,994,14.031,11.674,1,30,6297,133230.9,100.0,13,10.54
1786080212757,3000,v1,0.0651,0.2627,0.3316,1.9164,0.7452,0.02407,0.0742,0.002435,0.71,1,18,79.86,0.644,1,0,16.751,16.751,0,30,5883,187997.8,94.84,16,8.91
1786080214188,3001,v1,0.0686,0.7313,0.259,2.3832,0.7293,0.03176,0.162,0.001585,0.583,0,21,99.82,0.904,1,0,6.869,6.869,1,30,8147,75003.9,100.0,4,6.19
1786080216236,3002,v1,0.0326,0.9367,0.108,1.4697,0.9721,0.02207,0.0562,0.002312,0.671,0,15,83.27,0.445,1,0,14.0,14.0,0,30,6869,230261.1,85.0,17,8.73
1786080218354,3003,v1,0.0182,0.5604,0.4786,2.2578,0.2305,0.01749,0.0816,0.002083,0.632,0,4,88.65,0.93,1,0,3.0,3.0,0,30,6016,271720.0,72.83,19,7.83
1786080213960,3004,v1,0.0324,0.95,0.4171,2.4597,0.7482,0.01589,0.1474,0.002197,0.669,0,36,90.03,0.854,1,0,14.61,14.61,0,30,6715,283218.0,62.16,18,8.82
1786080215455,3005,v1,0.0514,0.2537,0.1935,1.7401,0.7793,0.03024,0.2182,0.002418,0.662,1,17,39.63,0.453,1,0,11.159,11.159,1,30,6664,125052.4,100.0,9,8.82
1786080217746,3006,v1,0.0687,0.9514,0.289,1.2493,0.8377,0.03039,0.2171,0.003035,0.656,1,15,36.58,0.612,1,3750,14.0,5.345,0,30,6342,297039.6,34.76,15,11.97
1786080220906,3007,v1,0.0123,0.4759,0.1305,1.4615,0.2664,0.00612,0.2446,0.002417,0.655,1,12,65.25,0.977,1,6416,11.0,0.0,0,30,6573,367539.9,0.0,-1,9.25
1786080213868,3008,v1,0.0172,0.5285,0.4887,1.9576,0.8138,0.03154,0.2119,0.002036,0.692,0,23,77.24,0.768,1,0,13.196,13.196,1,30,7029,157014.3,100.0,13,7.47
1786080215241,3009,v1,0.0185,0.8207,0.4243,1.6405,0.128,0.00776,0.0972,0.003125,0.59,0,23,96.43,0.916,1,0,13.189,13.189,1,30,6206,141086.0,100.0,13,12.05
1786080216975,3010,v1,0.033,0.958,0.2056,2.2472,0.6149,0.00385,0.2127,0.002661,0.668,1,4,51.09,0.445,1,3393,3.0,1.413,1,30,6464,162803.7,100.0,13,57.46
1786080218550,3011,v1,0.063,0.5883,0.4016,1.7245,0.7858,0.01657,0.1092,0.002252,0.663,0,16,77.12,0.328,1,0,11.093,11.093,1,30,6229,114213.3,100.0,8,8.12
1786080214342,3012,v1,0.0202,0.4427,0.4789,1.3916,0.8958,0.0247,0.2292,0.002217,0.691,0,32,70.45,0.454,1,0,14.35,14.35,1,30,6864,150714.0,100.0,13,8.22
1786080216298,3013,v1,0.0799,0.4908,0.2812,1.0405,0.1141,0.01236,0.1525,0.002216,0.655,0,13,80.71,0.975,1,0,12.0,12.0,0,30,6408,254657.4,94.23,15,8.21
1786080217502,3014,v1,0.0425,0.2632,0.2201,1.9905,0.6037,0.02388,0.1677,0.002475,0.645,0,14,29.18,0.689,1,0,12.921,12.921,1,30,6334,144035.8,100.0,13,9.63
1786080220047,3015,v1,0.015,0.7619,0.2109,2.3944,0.2775,0.0256,0.1771,0.003485,0.639,0,34,34.64,0.818,1,1,13.298,13.294,0,30,6999,299769.9,59.19,19,12.82
1786080215003,3016,v1,0.0444,0.3937,0.3601,2.4694,0.1855,0.00836,0.239,0.002709,0.597,1,32,51.24,0.347,1,0,14.38,14.38,1,30,6539,135592.5,100.0,13,9.96
1786080216990,3017,v1,0.0449,0.2819,0.3837,1.2456,0.2793,0.02975,0.115,0.001231,0.626,0,14,60.4,0.867,1,3183,13.0,6.685,0,30,5648,262247.1,39.81,15,5.35
1786080220055,3018,v1,0.0135,0.9246,0.2337,1.3955,0.8702,0.01028,0.2275,0.00132,0.709,0,16,67.17,0.714,1,2926,15.0,9.614,0,30,7204,418384.6,0.0,-1,5.34
1786080222252,3019,v1,0.0784,0.3782,0.1466,1.3617,0.8861,0.01158,0.082,0.001726,0.675,1,28,67.46,0.954,1,0,18.306,18.306,0,30,7218,208699.2,94.68,16,6.77
1786080215253,3020,v1,0.0588,0.6752,0.2343,2.0662,0.901,0.02245,0.1165,0.002674,0.718,0,19,41.64,0.799,1,0,13.0,13.0,1,30,6081,141469.4,100.0,13,10.85
1786080217843,3021,v1,0.0232,0.4887,0.1992,1.3136,0.2524,0.01414,0.0609,0.003526,0.666,1,28,86.86,0.585,1,0,0.0,0.0,0,30,6298,353701.7,0.0,-1,12.89
1786080219379,3022,v1,0.0538,0.212,0.3853,1.9853,0.5747,0.00497,0.1636,0.003751,0.593,0,26,23.97,0.979,1,495,13.554,12.569,1,30,6310,136961.4,100.0,13,13.6
1786080221103,3023,v1,0.0352,0.2587,0.1345,2.4171,0.4968,0.02477,0.1173,0.003149,0.594,0,20,79.31,0.803,1,0,15.881,15.881,0,30,5654,163730.9,88.32,15,12.54
1786080215958,3024,v1,0.0608,0.2844,0.2616,2.3789,0.9401,0.00734,0.1442,0.001236,0.671,1,35,72.28,0.915,1,0,15.566,15.566,1,30,5770,138178.5,100.0,14,4.47
1786080217953,3025,v1,0.0691,0.654,0.1804,1.1063,0.2252,0.00677,0.1229,0.001727,0.587,0,12,69.77,0.41,1,1379,11.0,8.888,0,30,6003,255915.9,68.28,15,6.91
1786080220994,3026,v1,0.0198,0.5042,0.3381,2.0543,0.9419,0.00415,0.1089,0.002804,0.654,0,6,42.81,0.848,1,3430,5.0,3.469,0,30,6807,398314.5,0.0,-1,10.43
1786080222516,3027,v1,0.0652,0.4657,0.1977,2.0859,0.3632,0.0255,0.1318,0.001596,0.686,1,23,45.52,0.399,1,513,13.201,12.099,1,30,6266,147793.2,100.0,13,5.97
1786080220270,3028,v1,0.0729,0.3576,0.1714,1.2454,0.4803,0.00411,0.1612,0.002483,0.698,0,32,67.05,0.662,1,0,15.01,15.01,1,30,5274,117459.6,100.0,13,9.39
1786080222358,3029,v1,0.0145,0.9453,0.3581,2.0843,0.7297,0.01214,0.1509,0.003414,0.591,0,36,23.82,0.61,1,216,12.76,12.013,0,30,6307,263302.2,57.94,19,13.11
1786080224726,3030,v1,0.0483,0.6897,0.1714,1.3218,0.1216,0.01064,0.193,0.003148,0.603,0,14,71.89,0.698,1,2293,13.0,8.831,0,30,6303,291771.9,51.87,16,11.79
1786080226080,3031,v1,0.0176,0.9743,0.4311,2.0183,0.4438,0.00758,0.0668,0.001422,0.629,1,23,57.22,0.363,1,0,13.203,13.203,1,30,5678,131725.8,100.0,13,5.21
1786080221023,3032,v1,0.0723,0.6975,0.2392,1.5889,0.9615,0.01349,0.2273,0.002734,0.584,0,34,45.67,0.983,1,0,9.603,9.603,1,30,6755,74407.2,100.0,5,10.42
1786080223012,3033,v1,0.0718,0.9533,0.2412,1.6155,0.8149,0.01029,0.1752,0.001432,0.655,1,19,57.78,0.339,1,519,16.565,15.229,0,30,6583,223337.2,88.57,16,5.21
1786080224930,3034,v1,0.0344,0.3134,0.3217,0.999,0.5298,0.01937,0.1518,0.002577,0.603,0,11,30.21,0.75,1,2149,10.0,6.911,0,30,5675,228961.7,59.84,15,9.55
1786080226365,3035,v1,0.065,0.9118,0.1454,2.2408,0.4544,0.00609,0.1824,0.00272,0.674,1,25,93.62,0.48,1,0,13.534,13.534,1,30,6277,140663.5,100.0,13,10.51
1786080222146,3036,v1,0.0511,0.3344,0.3947,2.0354,0.7942,0.01642,0.245,0.002238,0.636,1,34,30.1,0.318,1,511,12.708,11.575,1,30,6205,117289.5,100.0,8,8.28
1786080224207,3037,v1,0.0438,0.4411,0.3162,0.8784,0.6053,0.00511,0.087,0.003627,0.637,1,35,57.96,0.9,1,1004,20.026,16.681,0,30,6763,243267.2,87.31,17,13.75
1786080225492,3038,v1,0.0721,0.9133,0.2956,1.2651,0.3703,0.02386,0.2467,0.003257,0.606,0,9,98.59,0.45,1,0,6.443,6.443,1,30,6442,88423.3,100.0,5,12.43
1786080227844,3039,v1,0.0726,0.3688,0.1287,1.902,0.7915,0.02179,0.2383,0.003459,0.617,1,6,59.17,0.722,1,5679,5.0,0.134,0,30,5933,323828.9,2.57,-1,13.3
1786080223160,3040,v1,0.0186,0.596,0.1589,1.4591,0.6488,0.02782,0.094,0.002276,0.694,1,29,66.78,0.571,1,0,14.18,14.18,1,30,6486,132095.3,100.0,13,8.94
1786080224748,3041,v1,0.0515,0.5938,0.3169,1.9525,0.7687,0.00845,0.2388,0.00233,0.659,1,19,64.03,0.644,1,0,12.839,12.839,1,30,6481,143586.7,100.0,13,8.93
1786080226647,3042,v1,0.0427,0.7972,0.2518,1.0969,0.3558,0.01525,0.128,0.001931,0.666,1,28,67.62,0.373,1,0,18.991,18.991,0,30,6409,249023.7,84.54,17,7.65
1786080229343,3043,v1,0.0166,0.6446,0.463,0.8559,0.707,0.0096,0.0507,0.0023,0.685,0,14,45.72,0.793,1,2989,13.0,7.14,0,30,5781,338561.8,0.0,-1,9.12
1786080223818,3044,v1,0.061,0.7153,0.4893,1.0956,0.3715,0.02555,0.2055,0.003184,0.639,1,22,78.47,0.862,1,0,15.521,15.521,0,30,5973,164491.7,91.99,14,12.0
1786080225496,3045,v1,0.0702,0.7377,0.4408,2.343,0.1789,0.00327,0.1659,0.003011,0.606,1,14,64.71,0.923,1,0,12.974,12.974,1,30,6844,157236.8,100.0,13,11.43
1786080227174,3046,v1,0.024,0.2939,0.3813,0.8728,0.8771,0.01252,0.1274,0.002825,0.593,1,19,73.34,0.37,1,0,13.0,13.0,1,30,6455,146178.5,100.0,13,11.0
1786080229559,3047,v1,0.0487,0.2881,0.467,0.9695,0.6409,0.01563,0.1014,0.002902,0.589,1,14,28.48,0.429,1,3367,13.0,6.086,0,30,6557,288128.0,40.81,14,10.89
1786080225472,3048,v1,0.0361,0.4794,0.3171,2.4968,0.567,0.01176,0.2367,0.001731,0.701,1,32,50.35,0.86,1,4,0.04,0.024,0,30,6172,382443.1,0.17,-1,6.45
1786080226994,3049,v1,0.0146,0.6087,0.4788,2.1126,0.5203,0.02522,0.1036,0.002867,0.671,0,6,58.5,0.526,1,2223,5.0,3.869,1,30,5983,147205.6,100.0,13,44.39
1786080228720,3050,v1,0.0487,0.336,0.1744,1.5285,0.8662,0.02824,0.0727,0.002302,0.61,1,20,60.18,0.813,1,929,15.283,12.708,0,30,5719,188985.2,93.56,14,9.16
1786080230235,3051,v1,0.0201,0.387,0.4335,1.3113,0.5952,0.02497,0.2384,0.001576,0.584,1,15,52.7,0.809,1,0,12.726,12.726,0,30,6547,150763.4,85.42,12,6.23
1786080225412,3052,v1,0.0102,0.2418,0.3079,0.975,0.8558,0.02275,0.0985,0.001854,0.599,0,6,78.28,0.8,1,0,5.0,5.0,0,30,6634,190489.3,84.2,15,7.3
1786080227113,3053,v1,0.0579,0.5691,0.3854,1.5062,0.7936,0.01344,0.1132,0.003023,0.7,0,27,42.17,0.877,1,0,18.929,18.929,0,30,5881,190369.7,94.01,17,11.36
1786080229230,3054,v1,0.07,0.4232,0.2696,2.1249,0.367,0.01468,0.0767,0.002273,0.679,0,5,71.75,0.587,1,0,4.0,4.0,0,30,6373,269246.2,94.87,16,8.25
1786080230541,3055,v1,0.06,0.733,0.2947,1.1251,0.8603,0.02556,0.2021,0.002316,0.618,1,32,66.46,0.938,1,0,11.752,11.752,1,30,6677,103154.9,100.0,5,8.79
1786080228779,3056,v1,0.0748,0.8744,0.1489,2.2315,0.465,0.01644,0.0893,0.003742,0.696,0,27,96.3,0.959,1,0,18.838,18.838,0,30,6343,254060.3,84.3,16,13.7
1786080230628,3057,v1,0.0449,0.7557,0.2588,0.9538,0.9596,0.02413,0.1205,0.002712,0.583,0,6,27.9,0.666,1,2620,5.0,3.677,0,30,6026,248889.6,53.77,14,10.24
1786080232263,3058,v1,0.0285,0.8304,0.1452,1.1113,0.9019,0.03042,0.1167,0.002666,0.586,1,7,30.38,0.6,1,3616,5.954,2.55,1,30,6478,139619.3,100.0,7,60.59
1786080233765,3059,v1,0.0786,0.9991,0.4505,2.3308,0.6782,0.02218,0.1809,0.003371,0.678,0,30,67.65,0.672,1,0,13.036,13.036,1,30,5811,114921.5,100.0,9,12.2
1786080228872,3060,v1,0.0668,0.3157,0.3093,1.5927,0.9031,0.02083,0.2311,0.002323,0.639,1,9,54.36,0.705,1,3484,7.646,2.701,1,30,5753,127953.6,100.0,7,9.7
1786080231649,3061,v1,0.0184,0.666,0.2545,1.0602,0.2596,0.01775,0.1507,0.003385,0.685,1,10,32.7,0.512,1,3760,9.0,3.741,0,30,6617,384328.6,0.0,-1,12.5
1786080232994,3062,v1,0.0465,0.59,0.1726,1.8619,0.6802,0.01498,0.0703,0.002002,0.668,1,25,39.99,0.839,1,994,13.524,11.2,1,30,5992,137849.2,100.0,13,7.74
1786080234411,3063,v1,0.0232,0.962,0.4414,1.9334,0.8145,0.02457,0.2173,0.002302,0.637,0,17,80.7,0.914,1,0,13.0,13.0,1,30,6082,139755.2,100.0,13,8.37
1786080231118,3064,v1,0.0316,0.7626,0.3197,1.9432,0.7434,0.00865,0.1834,0.001685,0.605,1,35,90.24,0.856,1,0,20.337,20.337,0,30,7396,233504.6,93.53,17,7.06
1786080233937,3065,v1,0.0114,0.3278,0.3865,1.0947,0.6202,0.01129,0.2245,0.001713,0.619,0,7,20.13,0.325,1,1426,6.0,5.087,0,30,6325,373454.0,1.43,-1,6.48
1786080235133,3066,v1,0.0295,0.3625,0.4,1.2074,0.7986,0.00726,0.0542,0.003594,0.719,1,34,81.8,0.843,1,0,16.027,16.027,1,30,5655,133016.6,100.0,14,13.1
1786080237334,3067,v1,0.0299,0.7553,0.41,0.923,0.9155,0.01953,0.2257,0.003461,0.692,1,23,24.7,0.855,1,1092,18.833,15.578,0,30,6769,260359.2,87.45,18,12.63
1786080231661,3068,v1,0.0647,0.7805,0.2245,1.5805,0.317,0.028,0.0577,0.003162,0.637,0,16,45.19,0.305,1,192,14.94,14.516,0,30,6154,179420.1,81.66,15,11.85
1786080233606,3069,v1,0.0169,0.7844,0.2092,1.3961,0.2303,0.01599,0.0539,0.003462,0.595,0,11,52.74,0.317,1,1516,10.0,8.01,0,30,6304,237340.5,64.22,17,13.07
1786080234981,3070,v1,0.0486,0.3466,0.4484,2.0684,0.5949,0.0232,0.1809,0.002748,0.718,1,15,33.15,0.732,1,0,13.853,13.853,1,30,6351,142808.9,100.0,14,10.68
1786080236641,3071,v1,0.0345,0.6087,0.196,1.5197,0.1968,0.03099,0.2008,0.002683,0.661,1,31,20.86,0.678,1,861,18.765,15.61,0,30,5517,187647.2,89.66,16,10.24
1786080232079,3072,v1,0.0196,0.766,0.4548,2.369,0.5279,0.03141,0.1714,0.003741,0.668,0,6,22.49,0.622,1,2913,5.0,3.571,1,30,6219,162024.8,100.0,13,54.45
1786080234233,3073,v1,0.0441,0.6709,0.1346,1.0007,0.8121,0.01813,0.1688,0.002111,0.598,1,14,21.75,0.379,1,3209,13.0,5.86,0,30,6008,278731.6,38.97,15,8.47
1786080235570,3074,v1,0.07,0.6424,0.4505,1.2537,0.2602,0.00579,0.2383,0.002708,0.641,0,8,45.12,0.895,1,1948,6.572,4.856,1,30,5775,115964.4,100.0,6,9.97
1786080237371,3075,v1,0.0734,0.4484,0.192,2.1679,0.492,0.02186,0.0927,0.003256,0.712,1,23,44.18,0.339,1,566,17.997,16.059,0,30,5635,248819.4,86.16,17,12.17
1786080232625,3076,v1,0.0582,0.836,0.3093,1.1099,0.2117,0.01358,0.1835,0.00304,0.606,0,25,21.7,0.403,1,292,12.045,11.555,1,30,6432,123594.8,100.0,7,11.55
1786080234496,3077,v1,0.0508,0.7496,0.186,1.0389,0.2691,0.00715,0.0952,0.00376,0.619,0,13,68.66,0.615,1,1799,12.0,8.738,0,30,5787,276438.7,61.05,16,13.77
1786080236248,3078,v1,0.0211,0.7688,0.2928,0.8252,0.1754,0.00467,0.2115,0.001535,0.658,1,35,60.6,0.685,1,850,14.572,12.538,1,30,6332,146851.2,100.0,13,6.02
1786080238423,3079,v1,0.0276,0.7421,0.4037,2.011,0.822,0.02904,0.1599,0.001848,0.705,0,18,24.8,0.508,1,2133,17.0,11.864,0,30,6406,292330.5,56.09,19,7.06
1786080233248,3080,v1,0.0791,0.4735,0.1149,2.1906,0.5763,0.00977,0.0895,0.001846,0.694,0,18,94.89,0.448,1,0,13.515,13.515,1,30,5972,145186.2,100.0,13,7.3
1786080235182,3081,v1,0.0503,0.7029,0.2951,2.4975,0.2796,0.01509,0.0975,0.003352,0.674,0,26,70.43,0.67,1,0,19.334,19.334,0,30,6335,280772.8,84.24,17,12.9
1786080237300,3082,v1,0.0386,0.438,0.3025,2.3955,0.7136,0.00855,0.1235,0.003407,0.595,1,5,34.12,0.349,1,2512,4.0,2.27,0,30,5882,261367.0,51.22,17,13.28
1786080238608,3083,v1,0.0703,0.6673,0.3311,1.4916,0.5788,0.01705,0.1262,0.003044,0.71,1,35,32.52,0.978,1,933,14.555,12.265,1,30,6550,140788.1,100.0,13,12.14
1786080236350,3084,v1,0.0686,0.4068,0.1653,2.3982,0.1713,0.0112,0.1316,0.001955,0.69,0,8,34.62,0.774,1,3669,7.0,4.222,1,30,6707,165112.2,100.0,14,58.68
1786080238333,3085,v1,0.0478,0.4725,0.2593,1.4733,0.8734,0.03037,0.2223,0.002311,0.712,0,25,70.91,0.826,1,0,18.262,18.262,0,30,5853,190075.8,86.44,17,8.87
1786080239535,3086,v1,0.0145,0.741,0.1041,1.4742,0.3222,0.0199,0.1645,0.001402,0.598,0,22,39.93,0.411,1,0,13.0,13.0,1,30,6065,138535.4,100.0,13,5.31
1786080240750,3087,v1,0.0335,0.7267,0.2229,1.9748,0.6233,0.00539,0.0681,0.00182,0.658,0,20,59.27,0.552,1,0,13.0,13.0,1,30,6024,135893.4,100.0,13,6.57
1786080236624,3088,v1,0.0579,0.8417,0.1293,2.4014,0.4303,0.02951,0.1119,0.002423,0.683,0,28,49.85,0.939,1,0,14.014,14.014,1,30,6653,149673.5,100.0,13,9.36
1786080238443,3089,v1,0.0449,0.8541,0.4498,0.8094,0.6196,0.00805,0.1145,0.003044,0.654,0,26,89.74,0.935,1,0,12.269,12.269,1,30,6492,123890.3,100.0,9,11.38
1786080239764,3090,v1,0.0188,0.5991,0.1938,1.8562,0.5486,0.02382,0.0931,0.00358,0.642,0,10,24.3,0.484,1,1972,9.0,6.756,1,30,6360,154329.0,100.0,13,41.31
1786080241268,3091,v1,0.0382,0.3893,0.1836,2.076,0.3469,0.02138,0.0854,0.003124,0.694,0,33,89.75,0.465,1,0,22.876,22.876,0,30,6055,279196.7,90.61,18,11.26
1786080239445,3092,v1,0.0456,0.8377,0.4588,1.2152,0.5746,0.00871,0.1518,0.003394,0.692,0,36,47.94,0.494,1,0,22.047,22.047,0,30,6597,297618.0,83.85,18,12.79
1786080240725,3093,v1,0.0638,0.6611,0.3626,2.0426,0.885,0.03118,0.1118,0.002969,0.716,1,17,52.68,0.631,1,0,13.0,13.0,1,30,6464,144505.2,100.0,13,11.17
1786080241594,3094,v1,0.063,0.6777,0.2646,1.7105,0.6926,0.02666,0.0758,0.003591,0.637,1,15,63.93,0.311,1,0,11.009,11.009,1,30,5340,97993.0,100.0,8,12.85
1786080242605,3095,v1,0.0553,0.8868,0.3709,2.3546,0.8172,0.02516,0.169,0.003548,0.639,0,16,99.95,0.937,1,0,15.0,15.0,0,30,6229,179084.5,97.84,16,13.36
1786080239247,3096,v1,0.063,0.533,0.1275,1.1415,0.9575,0.01749,0.2399,0.003384,0.664,0,4,82.93,0.622,1,0,3.0,3.0,1,30,5676,105803.8,100.0,8,12.63
1786080240585,3097,v1,0.0329,0.2182,0.4834,1.8318,0.128,0.02011,0.1701,0.003003,0.586,1,22,45.55,0.607,1,907,12.54,10.64,1,30,6420,141034.4,100.0,13,24.66
1786080242092,3098,v1,0.0797,0.2237,0.1109,1.4828,0.2883,0.03081,0.1654,0.003097,0.686,1,10,47.5,0.495,1,3367,9.0,4.082,0,30,6333,300751.2,41.27,16,11.54
1786080242875,3099,v1,0.0446,0.2759,0.107,1.8116,0.1189,0.01053,0.0945,0.002577,0.699,1,6,89.61,0.569,1,3966,5.0,1.43,1,30,5622,152014.6,100.0,14,74.21
1786080248772,3100,v1,0.0777,0.4575,0.357,1.9504,0.7203,0.0069,0.191,0.001529,0.582,1,32,50.82,0.745,1,0,10.0,10.0,1,30,6040,79618.3,100.0,4,6.41
1786080250439,3101,v1,0.0687,0.2425,0.2205,1.1285,0.9471,0.03028,0.1108,0.001517,0.653,0,8,81.24,0.419,1,0,7.0,7.0,0,30,6505,171214.2,97.01,15,5.35
1786080251962,3102,v1,0.0439,0.401,0.1279,2.2378,0.8505,0.03003,0.2256,0.003041,0.646,1,34,84.79,0.393,1,0,18.618,18.618,0,30,6096,183351.3,84.5,15,11.48
1786080253389,3103,v1,0.0272,0.8561,0.3052,2.0745,0.7512,0.02358,0.2424,0.002438,0.62,0,10,92.45,0.446,1,0,8.977,8.977,1,30,6418,123089.4,100.0,10,9.21
1786080249494,3104,v1,0.0428,0.6683,0.2739,2.3558,0.1428,0.02939,0.1916,0.002813,0.664,1,8,48.87,0.963,1,5817,7.0,0.0,1,30,5944,168038.5,0.0,-1,100.0
1786080251068,3105,v1,0.054,0.8582,0.414,2.0433,0.5301,0.02347,0.1657,0.003091,0.717,1,15,56.71,0.91,1,0,13.0,13.0,1,30,6310,143996.7,100.0,13,11.08
1786080252589,3106,v1,0.0491,0.569,0.2329,2.0598,0.4939,0.02166,0.25,0.002574,0.692,1,33,82.35,0.39,1,0,14.355,14.355,1,30,6126,133831.5,100.0,13,9.68
1786080254082,3107,v1,0.0661,0.4232,0.3865,1.7109,0.8903,0.02602,0.1913,0.002151,0.68,0,7,78.1,0.605,1,0,6.0,6.0,0,30,6127,177458.0,93.09,15,7.92
1786080250043,3108,v1,0.0301,0.2327,0.3839,1.7719,0.4904,0.00898,0.1053,0.003243,0.652,0,11,49.1,0.885,1,3704,10.0,4.86,1,30,5982,161035.8,100.0,14,68.64
1786080252720,3109,v1,0.0479,0.7145,0.1282,1.1837,0.3585,0.0048,0.0529,0.003294,0.677,0,10,67.82,0.982,1,4709,9.0,3.651,0,30,6356,345669.2,21.72,19,12.96
1786080254502,3110,v1,0.0241,0.2236,0.3773,1.8644,0.3492,0.02559,0.178,0.002756,0.648,1,17,78.16,0.556,1,1631,16.0,11.133,0,30,5580,230634.6,58.89,16,9.96
1786080255988,3111,v1,0.0464,0.443,0.3327,1.0368,0.9367,0.02115,0.0819,0.00131,0.583,1,5,56.82,0.604,1,3346,3.903,1.724,1,30,6121,118080.7,100.0,4,13.28
1786080250592,3112,v1,0.0574,0.5305,0.1227,2.4746,0.7893,0.02966,0.2322,0.002657,0.617,1,18,74.82,0.34,1,0,11.786,11.786,1,30,6100,117792.1,100.0,10,9.8
1786080252691,3113,v1,0.0655,0.2714,0.2003,2.0369,0.4544,0.00307,0.2438,0.001626,0.684,0,18,84.71,0.32,1,1137,17.0,13.968,0,30,5790,289188.9,69.97,18,6.58
1786080253887,3114,v1,0.0398,0.4444,0.2859,1.7205,0.571,0.01206,0.2461,0.002831,0.653,1,21,49.46,0.577,1,0,13.0,13.0,1,30,5858,131510.6,100.0,13,10.28
1786080255697,3115,v1,0.0345,0.2906,0.2133,0.9116,0.2799,0.02131,0.1583,0.00158,0.625,1,29,87.95,0.981,1,0,17.678,17.678,0,30,6407,191916.2,86.66,15,6.24
1786080252307,3116,v1,0.0329,0.2656,0.455,1.9491,0.7704,0.01622,0.1083,0.003504,0.651,1,12,20.04,0.759,1,5704,11.0,0.584,0,30,6265,363511.1,4.45,-1,13.22
1786080254716,3117,v1,0.0126,0.3864,0.1649,1.1586,0.6333,0.00464,0.2102,0.002178,0.711,1,24,62.5,0.96,1,0,0.0,0.0,0,30,5534,324163.1,0.0,-1,8.62
1786080256300,3118,v1,0.0404,0.3804,0.2075,2.0897,0.9811,0.0101,0.1187,0.002185,0.637,1,34,63.84,0.966,1,1173,14.854,12.028,1,30,6641,160554.3,100.0,13,8.52
1786080257847,3119,v1,0.0187,0.6215,0.1495,2.0338,0.8417,0.0296,0.2407,0.002526,0.699,0,31,69.8,0.632,1,0,14.354,14.354,1,30,6245,142778.6,100.0,13,9.11
1786080252593,3120,v1,0.0278,0.4931,0.1984,2.205,0.7377,0.02254,0.1457,0.002134,0.689,1,33,52.75,0.633,1,293,8.621,7.515,0,30,6055,322367.5,39.87,19,8.75
1786080254813,3121,v1,0.0628,0.8727,0.4273,1.3122,0.8539,0.01024,0.1463,0.001528,0.598,0,6,25.32,0.931,1,3895,5.0,3.088,0,30,6157,289743.7,31.3,15,6.25
1786080256873,3122,v1,0.07,0.8772,0.413,1.6443,0.1848,0.03135,0.153,0.001563,0.687,1,21,64.49,0.905,1,1093,15.881,13.239,0,30,6699,239936.8,84.38,15,6.08
1786080258427,3123,v1,0.0453,0.894,0.1758,1.2082,0.1797,0.0084,0.0879,0.003329,0.61,1,36,88.43,0.403,1,0,14.718,14.718,1,30,6458,144112.4,100.0,13,12.68
1786080252871,3124,v1,0.0436,0.7481,0.1034,1.8081,0.226,0.01281,0.1432,0.002943,0.587,0,26,39.8,0.398,1,0,17.396,17.396,0,30,6662,249222.9,98.69,16,11.06
1786080254101,3125,v1,0.0559,0.325,0.2862,1.5735,0.7232,0.03042,0.1209,0.001526,0.615,1,31,39.91,0.991,1,0,11.868,11.868,1,30,5586,93418.6,100.0,6,5.53
1786080255826,3126,v1,0.0403,0.2482,0.162,2.0699,0.3206,0.01087,0.0838,0.002627,0.628,1,10,89.49,0.896,1,6413,9.0,0.0,1,30,6568,183245.5,0.0,-1,100.0
1786080257287,3127,v1,0.055,0.2487,0.2843,1.8722,0.2132,0.02576,0.1554,0.001542,0.626,1,19,89.06,0.957,1,0,12.168,12.168,1,30,6391,139648.6,100.0,13,6.21
1786080256573,3128,v1,0.0101,0.6838,0.2956,1.8296,0.3276,0.00725,0.0572,0.002896,0.717,1,29,76.67,0.852,1,0,0.0,0.0,0,30,5881,339621.0,0.0,-1,11.34
1786080258656,3129,v1,0.0206,0.3512,0.3514,0.9263,0.5675,0.01749,0.0992,0.003168,0.629,0,15,72.22,0.586,1,2118,14.0,9.667,0,30,6141,256781.0,56.48,17,12.02
1786080259865,3130,v1,0.0745,0.3685,0.3212,2.0762,0.4208,0.03135,0.0805,0.003485,0.59,0,22,24.85,0.465,1,292,9.163,8.774,1,30,5589,81490.3,100.0,5,12.65
1786080261591,3131,v1,0.078,0.5673,0.3414,2.3231,0.6171,0.02811,0.2398,0.002246,0.604,1,13,63.67,0.354,1,2564,12.0,6.366,0,30,5612,225487.4,48.61,14,8.77
1786080256662,3132,v1,0.0234,0.2945,0.3174,1.6959,0.4651,0.01528,0.152,0.002736,0.605,1,6,78.77,0.304,1,2442,5.0,3.158,1,30,6723,165841.7,100.0,13,43.58
1786080257972,3133,v1,0.0696,0.3542,0.1402,0.8625,0.8079,0.02528,0.1831,0.0034,0.59,0,17,57.42,0.583,1,0,9.453,9.453,1,30,6058,89122.2,100.0,6,12.78
1786080260762,3134,v1,0.0471,0.8087,0.1713,1.3819,0.9456,0.03006,0.0588,0.001982,0.629,1,9,26.5,0.963,1,5969,8.0,0.0,0,30,6062,361780.3,0.0,-1,7.87
1786080262799,3135,v1,0.0634,0.8555,0.4113,1.712,0.5741,0.01656,0.1489,0.001815,0.607,0,9,27.11,0.926,1,2770,8.0,5.093,0,30,5797,250857.4,51.64,15,6.66
1786080258274,3136,v1,0.0696,0.4951,0.1596,1.1323,0.4973,0.00304,0.2014,0.003018,0.667,0,19,45.86,0.493,1,0,17.443,17.443,0,30,6015,258696.1,88.62,17,11.21
1786080259940,3137,v1,0.0421,0.3271,0.2836,1.1256,0.8815,0.00657,0.1523,0.00207,0.607,1,33,53.57,0.747,1,0,14.363,14.363,1,30,6285,142262.2,100.0,13,8.1
1786080261269,3138,v1,0.0766,0.2207,0.2867,1.7406,0.9377,0.01831,0.0593,0.00232,0.689,1,30,77.4,0.855,1,0,15.168,15.168,1,30,6158,138245.1,100.0,14,8.51
1786080263220,3139,v1,0.0156,0.2604,0.4279,1.4351,0.1769,0.01846,0.0741,0.001605,0.675,0,34,71.0,0.352,1,0,16.162,16.162,1,30,6209,155335.0,100.0,14,6.02
1786080259753,3140,v1,0.015,0.593,0.4585,1.3099,0.5363,0.01294,0.1396,0.002875,0.669,0,30,74.4,0.443,1,0,0.0,0.0,0,30,6742,388762.0,0.0,-1,10.86
1786080261214,3141,v1,0.0753,0.9001,0.1327,1.588,0.1876,0.01306,0.2128,0.002792,0.717,0,9,30.33,0.778,1,3268,8.0,4.657,1,30,6003,151246.8,100.0,13,17.74
1786080263167,3142,v1,0.021,0.8784,0.1049,0.8675,0.5605,0.02086,0.198,0.002599,0.655,0,36,81.25,0.828,1,0,20.834,20.834,0,30,5886,197754.4,88.27,18,9.29
1786080264925,3143,v1,0.0756,0.9176,0.2304,1.7036,0.2432,0.02477,0.1477,0.001965,0.7,0,25,84.65,0.491,1,0,13.538,13.538,1,30,7386,164551.8,100.0,13,7.38
1786080259937,3144,v1,0.0103,0.6069,0.2366,1.1515,0.561,0.03195,0.2293,0.002444,0.623,1,28,39.08,0.826,1,805,17.304,14.939,0,30,6233,203741.3,84.86,14,8.97
1786080261319,3145,v1,0.052,0.7037,0.4815,2.1804,0.4984,0.03178,0.1568,0.001316,0.629,0,6,99.49,0.784,1,0,5.0,5.0,0,30,5875,161579.1,96.5,15,5.16
1786080263541,3146,v1,0.0775,0.5785,0.1562,1.9407,0.2004,0.00965,0.1881,0.001712,0.613,1,16,50.45,0.4,1,2945,15.0,7.708,0,30,6221,326974.6,51.38,16,6.72
1786080266387,3147,v1,0.0346,0.8396,0.4493,1.6085,0.9255,0.03143,0.1788,0.003466,0.628,1,13,48.54,0.503,1,4807,12.0,3.61,0,30,7191,336118.8,28.56,15,12.77
1786080260468,3148,v1,0.0149,0.9842,0.3321,1.1833,0.1144,0.00388,0.2479,0.003733,0.659,1,21,88.31,0.972,1,0,13.0,13.0,1,30,6794,154675.5,100.0,13,14.59
1786080261549,3149,v1,0.0664,0.3817,0.3652,1.0425,0.9039,0.01829,0.0537,0.003611,0.637,0,25,81.87,0.461,1,0,16.786,16.786,0,30,5464,152899.9,90.14,15,12.63
1786080263332,3150,v1,0.0742,0.7716,0.1956,1.7797,0.7901,0.01707,0.1437,0.002144,0.698,0,33,68.79,0.467,1,0,14.367,14.367,1,30,6426,137120.6,100.0,13,8.78
1786080264908,3151,v1,0.0481,0.3526,0.2322,2.1463,0.3193,0.02681,0.2134,0.001836,0.61,1,22,91.31,0.765,1,0,13.0,13.0,1,30,6167,145385.2,100.0,13,6.92
1786080260946,3152,v1,0.0674,0.7414,0.3506,1.7699,0.9615,0.03174,0.0672,0.001873,0.686,0,18,58.52,0.305,1,0,12.799,12.799,1,30,6680,151662.9,100.0,13,7.32
1786080262490,3153,v1,0.026,0.7101,0.2277,2.4391,0.7274,0.0301,0.1309,0.001247,0.709,0,28,64.16,0.497,1,0,14.029,14.029,1,30,6243,137539.5,100.0,13,4.53
1786080263986,3154,v1,0.0107,0.3163,0.1824,1.2017,0.9003,0.01345,0.2312,0.003125,0.586,0,9,59.23,0.413,1,1470,8.0,6.627,1,30,6593,151964.4,100.0,13,31.9
1786080265791,3155,v1,0.0714,0.8206,0.2469,2.08,0.826,0.01235,0.2413,0.003269,0.663,1,4,22.6,0.748,1,6316,3.0,0.0,1,30,6382,186979.6,100.0,20,76.06
1786080264989,3156,v1,0.056,0.6831,0.3029,2.4122,0.4995,0.01626,0.1117,0.001951,0.631,1,19,24.54,0.707,1,1154,16.65,13.519,0,30,6360,244588.7,91.44,16,8.08
1786080266294,3157,v1,0.0136,0.9605,0.4659,2.2062,0.179,0.0306,0.1856,0.001941,0.637,1,24,36.84,0.854,1,913,13.307,11.048,1,30,5587,128966.5,100.0,13,23.21
1786080267569,3158,v1,0.0566,0.9975,0.2138,1.7327,0.2247,0.0044,0.1995,0.002238,0.619,1,23,25.76,0.537,1,616,12.982,11.46,1,30,5414,118243.4,100.0,13,8.59
1786080269335,3159,v1,0.0369,0.7088,0.2672,1.1921,0.1498,0.01629,0.0708,0.001567,0.647,1,21,62.35,0.653,1,0,12.88,12.88,1,30,7141,163101.2,100.0,13,5.9
1786080265415,3160,v1,0.0789,0.8635,0.3209,2.1392,0.2664,0.02856,0.0921,0.003174,0.68,1,4,29.7,0.436,1,4554,3.0,1.248,1,30,7853,191940.1,100.0,13,24.72
1786080268319,3161,v1,0.0101,0.4941,0.1529,1.422,0.1899,0.02998,0.1047,0.001782,0.584,1,6,87.53,0.802,1,6671,5.0,0.0,0,30,6721,413052.9,0.0,-1,6.68
1786080271069,3162,v1,0.0439,0.5557,0.3167,2.4715,0.6895,0.01646,0.1921,0.001443,0.582,1,10,96.86,0.899,1,6090,9.0,0.019,0,30,6187,382903.6,0.18,-1,5.35
1786080272560,3163,v1,0.0766,0.6352,0.3729,1.7466,0.7056,0.01938,0.1546,0.001739,0.638,0,11,88.04,0.448,1,0,10.0,10.0,0,30,5837,164294.9,84.41,15,6.75
1786080266363,3164,v1,0.0383,0.375,0.4791,1.4961,0.2114,0.02375,0.053,0.003727,0.638,1,12,94.32,0.612,1,4730,11.0,1.811,0,30,5898,308403.9,14.74,-1,13.68
1786080268697,3165,v1,0.0421,0.2517,0.2077,1.9653,0.217,0.01249,0.0688,0.003562,0.661,0,25,49.67,0.737,1,0,16.783,16.783,0,30,6465,315846.5,79.92,18,12.96
1786080270183,3166,v1,0.0701,0.8063,0.3206,1.1311,0.3512,0.02963,0.0571,0.00259,0.711,0,17,25.84,0.708,1,0,13.0,13.0,1,30,6233,142937.1,100.0,13,9.91
1786080271467,3167,v1,0.0392,0.551,0.1417,1.9063,0.9256,0.01615,0.2034,0.001632,0.68,0,16,20.97,0.479,1,0,13.357,13.357,1,30,5740,134291.4,100.0,13,6.83
1786080267261,3168,v1,0.0483,0.5465,0.3148,1.4026,0.8691,0.0139,0.0882,0.00289,0.673,1,30,48.47,0.929,1,947,19.464,16.156,0,30,5989,216887.5,94.41,17,10.4
1786080268820,3169,v1,0.0517,0.815,0.4778,2.298,0.7636,0.03148,0.0999,0.002668,0.682,1,31,50.23,0.662,1,735,18.236,15.676,0,30,5631,184783.4,94.84,16,10.34
1786080270929,3170,v1,0.0501,0.3697,0.248,2.3613,0.3936,0.02127,0.1136,0.003411,0.66,0,28,94.05,0.348,1,0,18.479,18.479,0,30,6928,243325.1,88.06,16,12.38
1786080272378,3171,v1,0.0375,0.7982,0.2859,1.1721,0.5051,0.01996,0.2247,0.002308,0.639,1,28,30.12,0.744,1,887,14.044,11.912,1,30,6183,136598.8,100.0,13,9.15
1786080267582,3172,v1,0.0489,0.5169,0.1677,1.2835,0.5395,0.02174,0.1793,0.003549,0.614,1,22,67.12,0.577,1,0,16.112,16.112,0,30,6338,182198.3,85.49,15,12.67
1786080269347,3173,v1,0.0517,0.7948,0.1481,2.1164,0.7855,0.0162,0.1987,0.001299,0.647,0,24,98.6,0.891,1,0,17.908,17.908,0,30,5991,192028.8,94.38,17,5.42
1786080270999,3174,v1,0.07,0.9486,0.434,1.2541,0.8507,0.01334,0.1912,0.002694,0.58,1,27,81.71,0.353,1,0,16.322,16.322,0,30,5964,166402.7,91.55,14,9.69
1786080273231,3175,v1,0.0389,0.4181,0.4864,2.3669,0.1076,0.01465,0.1516,0.002283,0.715,1,23,55.78,0.879,1,672,9.659,7.297,0,30,5776,332726.3,49.52,19,8.48
1786080268081,3176,v1,0.0564,0.4103,0.4911,1.551,0.5225,0.02663,0.0559,0.003479,0.582,0,21,74.97,0.899,1,0,13.545,13.545,0,30,6161,142502.1,88.93,12,12.9
1786080269490,3177,v1,0.0379,0.4462,0.2075,1.3179,0.4502,0.01186,0.0811,0.002487,0.687,0,7,67.27,0.405,1,1797,6.0,4.757,1,30,5889,149591.3,100.0,14,37.7
1786080271834,3178,v1,0.0485,0.2721,0.2646,0.8935,0.6506,0.01539,0.1027,0.001412,0.596,1,12,37.28,0.695,1,4764,11.0,2.238,0,30,6069,340525.6,18.57,-1,5.62
1786080273876,3179,v1,0.046,0.5474,0.1571,2.2614,0.453,0.02131,0.2123,0.001252,0.581,1,21,51.88,0.772,1,0,15.886,15.886,0,30,6702,188401.1,84.65,15,4.95
1786080268742,3180,v1,0.0458,0.5871,0.4718,1.0027,0.2961,0.01267,0.2237,0.002515,0.634,1,19,45.2,0.477,1,0,12.908,12.908,1,30,6717,152652.0,100.0,13,9.45
1786080270427,3181,v1,0.0498,0.4752,0.2856,2.3065,0.5473,0.02118,0.0742,0.001799,0.616,1,29,53.1,0.411,1,549,17.569,15.906,0,30,6017,191386.4,93.63,15,6.08
1786080271766,3182,v1,0.0131,0.9539,0.266,0.8364,0.2157,0.01462,0.0827,0.002491,0.691,0,5,55.15,0.762,1,3219,4.0,2.904,1,30,5935,150758.0,100.0,13,59.36
1786080273625,3183,v1,0.0214,0.2117,0.3504,1.632,0.7192,0.02733,0.1849,0.003712,0.588,0,31,98.18,0.972,1,0,16.098,16.098,0,30,6796,166844.2,84.31,13,13.39
1786080271422,3184,v1,0.0418,0.3217,0.2505,1.6211,0.149,0.00901,0.1825,0.002562,0.627,0,6,35.02,0.667,1,2511,5.0,3.754,1,30,6111,143295.8,100.0,13,47.28
1786080273568,3185,v1,0.0243,0.6832,0.2586,1.5156,0.5949,0.02919,0.2164,0.001639,0.62,0,4,24.17,0.883,1,2988,3.0,2.529,0,30,6358,264868.6,46.1,15,6.23
1786080275794,3186,v1,0.0565,0.5696,0.2036,1.4951,0.5508,0.00829,0.1553,0.001207,0.6,0,7,31.78,0.814,1,3811,6.0,3.523,0,30,6202,332646.5,37.17,16,4.47
1786080277175,3187,v1,0.0572,0.6021,0.2342,1.4645,0.4484,0.01926,0.1645,0.003338,0.64,0,31,45.44,0.804,1,0,11.917,11.917,1,30,6681,113198.3,100.0,7,11.91
1786080273747,3188,v1,0.0249,0.7238,0.2269,1.3079,0.2375,0.01981,0.1242,0.002532,0.622,1,18,69.82,0.488,1,0,16.697,16.697,0,30,5677,179382.5,93.89,16,9.41
1786080275201,3189,v1,0.0302,0.534,0.2806,2.1006,0.1051,0.01267,0.1439,0.001988,0.651,1,10,93.88,0.463,1,3588,9.0,3.001,1,30,5488,146508.5,100.0,13,69.22
1786080276538,3190,v1,0.0174,0.3658,0.2888,2.3358,0.6462,0.01592,0.1274,0.001918,0.627,1,31,52.29,0.98,1,0,15.34,15.34,1,30,5875,142215.1,100.0,14,7.74
1786080277421,3191,v1,0.0693,0.6997,0.4103,1.0626,0.7037,0.01733,0.2495,0.003284,0.608,1,21,33.52,0.637,1,0,9.49,9.49,1,30,5451,78128.4,100.0,5,12.31
1786080274083,3192,v1,0.0772,0.6459,0.1403,2.0374,0.9148,0.00718,0.1468,0.002312,0.657,0,27,49.14,0.712,1,0,13.848,13.848,1,30,5614,130278.4,100.0,13,8.67
1786080275555,3193,v1,0.046,0.5961,0.335,2.3465,0.7362,0.01011,0.1715,0.003142,0.633,0,30,55.33,0.758,1,0,18.975,18.975,0,30,6256,206987.9,84.27,17,11.89
1786080277425,3194,v1,0.0713,0.3836,0.1968,1.9957,0.8943,0.01786,0.1543,0.001789,0.664,1,14,77.14,0.388,1,2777,13.0,7.092,0,30,6256,290715.7,46.68,16,7.21
1786080278662,3195,v1,0.0713,0.2528,0.2573,0.9694,0.2552,0.02987,0.1977,0.002441,0.669,1,14,81.98,0.642,1,4443,13.0,3.011,0,30,5971,299934.3,23.45,15,9.86
1786080275408,3196,v1,0.0509,0.6087,0.2969,2.4397,0.1951,0.01611,0.2424,0.003095,0.717,1,29,80.18,0.991,1,0,19.618,19.618,0,30,6153,290271.9,90.21,19,12.66
1786080277006,3197,v1,0.0113,0.6355,0.1247,1.5833,0.219,0.02939,0.2264,0.002978,0.648,1,35,49.83,0.938,1,535,13.179,10.955,0,30,5533,251206.4,56.45,18,11.3
1786080277877,3198,v1,0.0786,0.88,0.4678,1.5586,0.23,0.02077,0.0936,0.003622,0.691,1,22,55.18,0.887,1,1373,12.517,9.928,1,30,7192,148666.1,100.0,13,13.33
1786080278901,3199,v1,0.0256,0.2171,0.3346,2.4125,0.613,0.00425,0.1283,0.001726,0.667,0,28,87.14,0.868,1,0,16.019,16.019,1,30,6246,152937.2,100.0,15,6.92
1786080286007,3200,v1,0.025,0.8851,0.1462,1.4025,0.2293,0.02698,0.2434,0.001666,0.707,1,20,21.49,0.437,1,1480,18.996,14.467,0,30,6421,347780.7,52.78,19,6.91
1786080288049,3201,v1,0.0543,0.4441,0.3551,0.9452,0.2242,0.00344,0.0763,0.001871,0.632,1,4,83.48,0.387,1,4278,3.0,1.294,1,30,7563,186478.5,100.0,13,20.36
1786080289542,3202,v1,0.0221,0.9972,0.1159,2.4691,0.7942,0.03037,0.1029,0.003303,0.61,0,18,77.04,0.992,1,0,12.907,12.907,1,30,6932,148789.3,100.0,13,11.99
1786080290948,3203,v1,0.0793,0.3709,0.1609,0.9243,0.4868,0.01933,0.2205,0.003184,0.67,0,26,80.69,0.415,1,0,13.509,13.509,1,30,6155,131155.8,100.0,13,12.56
1786080285988,3204,v1,0.0567,0.2621,0.3846,1.0758,0.9443,0.02641,0.0755,0.001323,0.662,1,17,48.89,0.656,1,0,12.805,12.805,1,30,6524,146338.7,100.0,13,5.76
1786080287207,3205,v1,0.0788,0.3435,0.4845,1.0225,0.9541,0.0192,0.0653,0.003334,0.625,0,36,51.42,0.69,1,0,10.931,10.931,1,30,5872,84317.8,100.0,4,12.16
1786080289471,3206,v1,0.0232,0.5788,0.1754,1.827,0.4355,0.01023,0.1211,0.003524,0.708,1,22,61.51,0.925,1,0,0.0,0.0,0,30,5581,309353.1,0.0,-1,12.24
1786080291091,3207,v1,0.0231,0.3071,0.3558,1.4158,0.5067,0.02481,0.0761,0.003154,0.605,0,17,23.79,0.813,1,337,15.173,14.469,0,30,6402,184574.5,87.33,14,11.95
1786080286664,3208,v1,0.0148,0.3723,0.1596,0.8219,0.5463,0.01369,0.1926,0.003225,0.719,1,16,66.87,0.578,1,4486,15.0,4.071,1,30,6448,177067.2,100.0,16,76.09
1786080289564,3209,v1,0.0109,0.4807,0.115,1.7163,0.1652,0.02011,0.1848,0.002333,0.655,1,4,59.95,0.767,1,6828,3.0,0.0,0,30,6879,410700.8,0.0,-1,9.2
1786080291051,3210,v1,0.0236,0.5813,0.4764,1.5261,0.2412,0.02663,0.0872,0.001281,0.668,0,31,31.47,0.877,1,0,19.412,19.412,0,30,5710,190025.0,92.06,17,4.85
1786080293353,3211,v1,0.0196,0.2613,0.3615,2.0963,0.1517,0.03178,0.1382,0.002033,0.711,0,33,48.35,0.837,1,0,12.759,12.759,0,30,6579,320686.0,52.94,18,8.5
1786080286927,3212,v1,0.052,0.2735,0.1193,1.7768,0.2828,0.0254,0.2446,0.003614,0.627,1,30,29.33,0.902,1,0,13.586,13.586,1,30,6754,141029.5,100.0,13,13.28
1786080288366,3213,v1,0.0616,0.6069,0.4376,1.8051,0.1516,0.02482,0.0602,0.003254,0.678,0,35,72.23,0.51,1,0,14.549,14.549,1,30,5352,118065.0,100.0,13,12.91
1786080289731,3214,v1,0.0645,0.692,0.147,1.6833,0.3012,0.02044,0.183,0.00273,0.719,0,29,45.88,0.691,1,0,14.207,14.207,1,30,5979,137119.0,100.0,13,10.72
1786080291475,3215,v1,0.0472,0.8511,0.4719,1.6615,0.8989,0.01567,0.0549,0.003277,0.599,0,34,21.98,0.382,1,202,17.882,17.386,0,30,7095,205809.5,94.1,15,11.91
1786080288669,3216,v1,0.0205,0.7986,0.1587,2.1774,0.1355,0.02738,0.1469,0.00145,0.702,0,4,89.72,0.562,1,0,3.0,3.0,0,30,6434,365643.5,25.39,19,5.27
1786080290182,3217,v1,0.0308,0.4562,0.4259,2.4946,0.571,0.01574,0.0639,0.002509,0.627,1,12,66.13,0.473,1,3374,11.0,5.164,1,30,6542,162719.6,100.0,13,57.4
1786080292618,3218,v1,0.0334,0.8373,0.4368,1.9216,0.8959,0.0131,0.1471,0.002228,0.66,1,13,33.66,0.788,1,5737,12.0,0.0,0,30,5903,337754.2,0.0,-1,8.74
1786080295351,3219,v1,0.0793,0.9489,0.121,0.9909,0.5583,0.00531,0.2413,0.002916,0.589,1,9,56.9,0.722,1,6387,8.0,0.0,0,30,6523,399299.7,6.47,-1,11.22
1786080288282,3220,v1,0.0676,0.4477,0.2291,2.4869,0.7013,0.01029,0.1976,0.002854,0.693,0,23,99.09,0.539,1,0,13.58,13.58,1,30,6399,143668.6,100.0,13,11.41
1786080289773,3221,v1,0.0422,0.7602,0.3842,1.6898,0.8602,0.01692,0.207,0.001824,0.687,0,22,81.66,0.482,1,0,18.085,18.085,0,30,5258,169021.4,87.45,17,7.59
1786080291059,3222,v1,0.0734,0.3174,0.4506,1.9211,0.4485,0.02892,0.0556,0.00246,0.624,0,32,52.69,0.493,1,0,10.996,10.996,1,30,6774,96292.8,100.0,5,9.45
1786080293471,3223,v1,0.0799,0.2679,0.4774,1.5629,0.6037,0.02276,0.2062,0.002745,0.603,1,12,49.97,0.498,1,4468,11.0,3.549,0,30,6801,319306.3,32.2,14,10.23
1786080289351,3224,v1,0.0306,0.5725,0.3391,1.2519,0.9513,0.02532,0.1262,0.001407,0.594,1,34,74.95,0.417,1,0,17.179,17.179,0,30,6704,180775.6,84.14,14,5.94
1786080291677,3225,v1,0.0309,0.5514,0.3398,1.955,0.4056,0.01063,0.2355,0.002333,0.673,0,35,98.26,0.876,1,0,8.893,8.893,0,30,6083,305269.0,36.59,19,8.86
1786080293279,3226,v1,0.0554,0.8095,0.251,1.3185,0.3611,0.01469,0.0516,0.00247,0.712,1,21,42.89,0.94,1,0,13.0,13.0,1,30,6391,145987.4,100.0,13,9.59
1786080295692,3227,v1,0.049,0.7516,0.3772,1.0515,0.1134,0.00563,0.1298,0.001857,0.617,1,9,92.92,0.537,1,3942,8.0,2.819,0,30,6181,325315.7,30.57,16,7.39
1786080293160,3228,v1,0.0696,0.5659,0.1,2.1339,0.2293,0.00392,0.2061,0.001591,0.698,1,15,68.92,0.94,1,0,13.62,13.62,1,30,6030,144786.7,100.0,13,6.48
1786080294685,3229,v1,0.0658,0.3409,0.234,0.8602,0.3667,0.02868,0.2392,0.001611,0.683,0,30,73.44,0.926,1,0,13.235,13.235,1,30,6092,121688.8,100.0,9,6.34
1786080296785,3230,v1,0.0221,0.5795,0.4191,1.6883,0.248,0.01355,0.2297,0.003184,0.605,0,13,65.49,0.606,1,1753,12.0,8.95,0,30,6005,260959.3,61.25,17,12.54
1786080298178,3231,v1,0.0314,0.2116,0.1666,1.2608,0.7447,0.00559,0.2287,0.003478,0.661,0,19,66.78,0.382,1,0,14.8,14.8,1,30,5702,142155.3,100.0,14,13.08
1786080294050,3232,v1,0.0487,0.2692,0.1351,1.5878,0.9775,0.03066,0.0686,0.003756,0.646,0,9,70.6,0.374,1,1271,8.0,6.724,0,30,6142,218059.2,69.54,15,14.12
1786080295803,3233,v1,0.0603,0.2276,0.4126,1.9388,0.9753,0.01651,0.1629,0.00223,0.661,0,22,21.13,0.99,1,755,16.821,14.926,0,30,6120,210558.1,83.35,16,8.38
1786080298245,3234,v1,0.077,0.4609,0.2044,1.9182,0.4292,0.03094,0.123,0.002542,0.706,0,15,51.34,0.77,1,2324,14.0,9.341,0,30,6196,296396.3,53.34,16,9.05
1786080300652,3235,v1,0.0314,0.6413,0.1861,2.3395,0.2397,0.01534,0.1301,0.001679,0.678,0,32,98.16,0.462,1,0,0.0,0.0,0,30,5800,347768.8,0.0,-1,6.16
1786080294224,3236,v1,0.0747,0.2559,0.1047,0.9089,0.7448,0.01109,0.1902,0.003222,0.61,0,22,56.07,0.491,1,0,9.705,9.705,1,30,6091,93543.9,100.0,5,12.95
1786080296158,3237,v1,0.0678,0.2723,0.3537,1.0056,0.2878,0.01227,0.1372,0.003,0.68,0,11,59.31,0.313,1,1167,10.0,8.283,0,30,5608,248667.4,70.38,16,11.66
1786080297904,3238,v1,0.0697,0.6802,0.3814,1.7502,0.7338,0.02292,0.1169,0.0016,0.652,0,18,41.78,0.52,1,0,11.831,11.831,1,30,5693,117049.8,100.0,10,6.45
1786080299435,3239,v1,0.0719,0.7254,0.4377,2.0489,0.8612,0.01275,0.1348,0.003312,0.584,0,36,49.98,0.904,1,0,18.168,18.168,0,30,5585,153400.0,98.87,15,12.62
1786080295476,3240,v1,0.0647,0.9691,0.1261,0.9139,0.5769,0.01195,0.0956,0.003196,0.66,1,30,79.05,0.69,1,0,13.887,13.887,1,30,5419,112794.2,100.0,13,12.07
1786080297190,3241,v1,0.0499,0.3668,0.4839,2.3854,0.3848,0.0284,0.1277,0.003286,0.713,1,35,72.4,0.636,1,582,15.132,13.418,1,30,5682,134281.2,100.0,13,12.53
1786080298727,3242,v1,0.0506,0.5012,0.2143,1.2204,0.9365,0.01061,0.1785,0.003549,0.683,0,26,57.81,0.613,1,0,18.821,18.821,0,30,5926,187697.8,84.18,17,13.03
1786080300513,3243,v1,0.0234,0.6438,0.4031,1.8751,0.4991,0.02459,0.1687,0.001503,0.661,0,19,21.06,0.58,1,902,17.639,14.95,0,30,5465,202077.8,71.3,17,5.95
1786080296405,3244,v1,0.011,0.9469,0.2558,2.2005,0.824,0.02826,0.1885,0.0025,0.71,1,11,34.62,0.604,1,3662,10.0,3.154,1,30,5486,142088.1,100.0,13,71.4
1786080298213,3245,v1,0.0518,0.3036,0.3795,0.9785,0.6293,0.03145,0.2383,0.003147,0.683,1,24,99.48,0.76,1,0,16.771,16.771,0,30,6655,187251.0,93.22,15,11.93
1786080300078,3246,v1,0.0315,0.4409,0.2803,1.3436,0.8232,0.03066,0.1228,0.003039,0.707,0,4,80.36,0.409,1,0,3.0,3.0,0,30,5552,188386.1,97.34,18,11.62
1786080301466,3247,v1,0.0116,0.8072,0.1516,2.014,0.9884,0.03008,0.0673,0.002649,0.622,0,27,98.84,0.932,1,0,18.887,18.887,0,30,5782,188865.6,85.06,17,9.7
1786080298046,3248,v1,0.0732,0.76,0.4175,2.4699,0.2932,0.02579,0.2109,0.003354,0.672,0,28,47.71,0.594,1,0,17.762,17.762,0,30,6583,240796.3,90.19,16,11.88
1786080299772,3249,v1,0.0575,0.7079,0.44,2.1309,0.7096,0.01487,0.136,0.003056,0.626,1,24,53.89,0.639,1,768,13.354,11.616,1,30,6269,146879.5,100.0,13,11.42
1786080302517,3250,v1,0.0149,0.5746,0.3338,1.3962,0.307,0.02346,0.2411,0.002377,0.654,1,17,93.36,0.959,1,6239,16.0,0.0,0,30,6483,416948.0,0.0,-1,9.27
1786080305315,3251,v1,0.0168,0.6407,0.1293,2.0639,0.2729,0.00557,0.242,0.003069,0.646,0,17,27.11,0.667,1,2293,16.0,10.813,0,30,6495,399650.1,0.0,-1,11.33
1786080298260,3252,v1,0.0366,0.8144,0.3433,2.291,0.4457,0.01804,0.1889,0.003497,0.643,1,28,97.04,0.559,1,0,18.592,18.592,0,30,6233,197310.5,85.23,17,12.82
1786080300207,3253,v1,0.0568,0.9089,0.2175,2.104,0.5453,0.01582,0.0638,0.001245,0.709,1,34,58.8,0.325,1,0,14.35,14.35,1,30,6768,159033.6,100.0,13,4.83
1786080302286,3254,v1,0.0186,0.9394,0.3998,1.8936,0.5296,0.03161,0.0742,0.002135,0.69,1,30,57.03,0.951,1,762,15.978,13.235,0,30,5904,262840.8,71.62,18,7.69
1786080303893,3255,v1,0.0774,0.4589,0.1001,2.3967,0.2257,0.01311,0.2115,0.002226,0.62,0,12,32.26,0.372,1,1532,11.0,8.367,0,30,5345,249135.2,61.51,16,8.08
1786080301491,3256,v1,0.0163,0.5792,0.1557,0.8527,0.2043,0.01944,0.1615,0.001857,0.703,1,15,82.02,0.966,1,5862,14.0,0.0,0,30,6021,361046.3,0.0,-1,7.22
1786080303057,3257,v1,0.0597,0.7949,0.1243,2.3739,0.8783,0.01925,0.2088,0.001668,0.686,0,5,78.72,0.794,1,0,4.0,4.0,1,30,6568,149276.0,100.0,13,6.68
1786080305732,3258,v1,0.0154,0.4258,0.2907,2.2393,0.603,0.00533,0.2246,0.002156,0.616,0,21,24.13,0.536,1,0,0.0,0.0,0,30,6435,360228.7,0.0,-1,8.87
1786080307712,3259,v1,0.0714,0.7281,0.399,2.4586,0.7016,0.00961,0.0988,0.001882,0.65,0,30,49.73,0.427,1,0,18.657,18.657,0,30,5998,173217.8,95.31,16,7.3
1786080301459,3260,v1,0.0759,0.4834,0.2073,0.9341,0.6966,0.02399,0.0568,0.002835,0.639,0,9,21.11,0.741,1,2678,7.935,5.133,1,30,5850,125173.2,100.0,8,9.76
1786080303236,3261,v1,0.0761,0.7292,0.2068,1.9985,0.782,0.00781,0.1632,0.002067,0.632,0,17,92.36,0.588,1,0,16.0,16.0,0,30,6471,199723.7,85.0,16,7.91
1786080305993,3262,v1,0.0296,0.5082,0.1388,1.155,0.3059,0.03003,0.0658,0.002236,0.603,1,10,71.31,0.867,1,6052,9.0,0.0,0,30,6167,357080.7,0.0,-1,8.03
1786080307534,3263,v1,0.0616,0.2357,0.4893,1.8882,0.609,0.00707,0.0801,0.00332,0.59,1,20,93.03,0.591,1,0,10.931,10.931,1,30,6109,112123.7,100.0,5,12.69
1786080303525,3264,v1,0.068,0.9412,0.2023,1.0118,0.698,0.00897,0.135,0.001316,0.621,1,13,60.52,0.447,1,3800,12.0,4.432,0,30,6117,284610.1,36.41,16,5.2
1786080305965,3265,v1,0.0404,0.8484,0.3505,2.3194,0.1038,0.01709,0.1011,0.003125,0.632,1,4,70.24,0.406,1,2853,3.0,1.589,0,30,6110,311861.2,47.76,17,11.54
1786080308703,3266,v1,0.0167,0.5563,0.4826,1.1468,0.3483,0.01306,0.2122,0.001853,0.625,1,14,57.69,0.424,1,3945,13.0,4.944,0,30,6518,350279.6,33.1,18,7.49
1786080310562,3267,v1,0.0649,0.3661,0.4747,1.2273,0.9896,0.01129,0.1843,0.001943,0.71,1,7,31.53,0.532,1,4107,6.0,2.075,1,30,6356,164712.0,100.0,14,17.92
1786080304849,3268,v1,0.0102,0.7537,0.4588,1.195,0.4925,0.00782,0.1579,0.002168,0.704,1,22,21.88,0.36,1,0,0.0,0.0,0,30,6206,371669.3,0.0,-1,7.99
1786080306563,3269,v1,0.0375,0.4561,0.335,1.2637,0.9351,0.01504,0.2374,0.002896,0.665,0,34,92.63,0.608,1,0,20.264,20.264,0,30,6305,200895.8,84.54,17,11.42
1786080307905,3270,v1,0.0338,0.9043,0.3645,1.3165,0.9992,0.00494,0.1978,0.003307,0.636,0,26,34.5,0.479,1,0,13.727,13.727,1,30,5756,124656.7,100.0,13,12.61
1786080310657,3271,v1,0.0602,0.5523,0.4587,2.0148,0.3477,0.02775,0.0677,0.002574,0.581,1,5,65.84,0.994,1,6521,4.0,0.0,0,30,6589,382889.7,0.0,-1,10.38
1786080304484,3272,v1,0.0753,0.7468,0.4612,1.4905,0.1303,0.0211,0.1088,0.001989,0.589,0,36,61.29,0.45,1,0,17.429,17.429,0,30,6193,164147.3,97.31,14,7.88
1786080305934,3273,v1,0.0627,0.8482,0.3393,1.9579,0.1676,0.02715,0.2289,0.002041,0.652,0,15,65.05,0.363,1,0,11.863,11.863,1,30,6775,133089.6,100.0,8,7.76
1786080307802,3274,v1,0.0262,0.464,0.3292,1.7267,0.5597,0.01081,0.239,0.002893,0.638,0,4,77.49,0.782,1,0,3.0,3.0,1,30,7172,153404.5,100.0,13,11.02
1786080309331,3275,v1,0.0532,0.8785,0.2842,1.5925,0.6767,0.02745,0.0862,0.0023,0.62,0,34,71.59,0.76,1,0,11.559,11.559,1,30,6162,99419.4,100.0,5,8.6
1786080305968,3276,v1,0.0409,0.83,0.1233,1.2739,0.7287,0.03146,0.1063,0.002567,0.621,0,19,46.9,0.729,1,0,9.476,9.476,1,30,7006,103935.1,100.0,6,9.31
1786080307605,3277,v1,0.0786,0.9052,0.4951,1.3023,0.7366,0.02503,0.1794,0.001238,0.639,0,5,63.78,0.464,1,1751,4.0,3.453,1,30,6433,101550.1,100.0,5,4.77
1786080310166,3278,v1,0.0279,0.893,0.2378,1.4336,0.3791,0.02288,0.0939,0.002713,0.685,0,12,29.88,0.818,1,3283,11.0,6.541,0,30,6817,337252.7,40.5,18,10.14
1786080311774,3279,v1,0.0245,0.4104,0.3825,2.1828,0.948,0.01752,0.1538,0.00185,0.677,1,8,58.16,0.712,1,5805,7.0,0.041,1,30,5917,173440.6,100.0,26,99.43
1786080308649,3280,v1,0.0252,0.4787,0.189,1.5019,0.3876,0.02107,0.237,0.001297,0.719,1,11,96.12,0.861,1,6176,10.0,0.0,0,30,6252,369004.8,0.0,-1,4.48
1786080310557,3281,v1,0.0403,0.3661,0.3809,1.0708,0.6472,0.02962,0.2118,0.003417,0.643,1,14,23.81,0.313,1,2108,13.0,7.979,0,30,5733,227584.4,58.23,15,13.73
1786080312722,3282,v1,0.0143,0.7962,0.2364,1.5008,0.9152,0.0285,0.1817,0.0023,0.618,1,5,77.8,0.696,1,4964,4.0,0.552,0,30,5814,329704.9,11.78,-1,8.1
1786080314465,3283,v1,0.07,0.6493,0.3192,2.1902,0.4629,0.01045,0.1727,0.001633,0.693,0,29,53.01,0.876,1,0,14.193,14.193,1,30,6904,156758.0,100.0,13,6.18
1786080309879,3284,v1,0.0253,0.5214,0.2701,1.0761,0.2339,0.01126,0.1571,0.003216,0.581,1,22,28.37,0.464,1,504,16.727,15.082,0,30,5440,176807.0,96.56,16,12.15
1786080311453,3285,v1,0.0186,0.4815,0.2717,1.05,0.735,0.00637,0.1597,0.003465,0.658,1,12,92.21,0.779,1,6169,11.0,0.0,1,30,6406,177408.5,0.0,-1,100.0
1786080313121,3286,v1,0.0531,0.8164,0.4004,2.4876,0.7383,0.0261,0.0553,0.002545,0.64,0,25,39.21,0.389,1,0,16.6,16.6,0,30,6302,183917.3,86.42,15,9.19
1786080314704,3287,v1,0.0428,0.8117,0.3416,1.9949,0.5123,0.03155,0.1192,0.00362,0.636,0,27,40.26,0.864,1,0,17.037,17.037,0,30,7052,198965.1,88.62,15,14.1
1786080310560,3288,v1,0.0576,0.4671,0.2094,1.1608,0.8261,0.00932,0.1147,0.003369,0.696,0,17,84.51,0.944,1,0,16.0,16.0,0,30,6289,232973.4,90.08,18,12.61
1786080312145,3289,v1,0.0235,0.3532,0.4001,2.3312,0.9658,0.0037,0.2315,0.002866,0.648,1,12,80.63,0.496,1,3533,11.0,3.965,1,30,5713,150043.2,100.0,15,67.99
1786080314240,3290,v1,0.0202,0.2345,0.2409,2.1456,0.7543,0.00958,0.0763,0.002695,0.599,1,26,20.26,0.699,1,471,9.18,7.6,0,30,6282,326577.3,45.66,19,10.65
1786080315041,3291,v1,0.0271,0.3753,0.3125,1.4734,0.957,0.01042,0.2447,0.003607,0.635,1,20,70.99,0.424,1,0,13.0,13.0,1,30,6240,137695.7,100.0,13,13.37
1786080311362,3292,v1,0.0679,0.9736,0.2868,1.4588,0.3382,0.01179,0.2284,0.001587,0.647,1,36,93.5,0.526,1,0,14.689,14.689,1,30,5766,129913.6,100.0,13,5.95
1786080313633,3293,v1,0.0184,0.3345,0.2224,0.9745,0.1501,0.01716,0.2145,0.00361,0.672,1,24,47.84,0.486,1,8,0.247,0.22,0,30,6209,370737.6,1.24,-1,13.16
1786080314800,3294,v1,0.0377,0.3106,0.2412,1.9951,0.4422,0.00625,0.1078,0.001474,0.703,0,24,69.83,0.408,1,0,14.804,14.804,1,30,5600,141334.2,100.0,14,6.14
1786080315739,3295,v1,0.0454,0.7434,0.2231,0.9463,0.336,0.00301,0.1982,0.001637,0.69,0,21,61.18,0.716,1,0,13.0,13.0,1,30,6879,146509.5,100.0,13,6.24
1786080312482,3296,v1,0.036,0.5778,0.2718,1.5776,0.641,0.02153,0.2016,0.00125,0.623,1,10,62.81,0.611,1,4369,9.0,2.164,1,30,5803,152992.5,100.0,13,77.12
1786080314678,3297,v1,0.0129,0.5065,0.4256,2.3134,0.2012,0.01974,0.1799,0.00335,0.666,0,29,90.41,0.596,1,0,0.0,0.0,0,30,5724,326946.9,0.0,-1,12.25
1786080315530,3298,v1,0.0645,0.6879,0.2438,1.052,0.7184,0.01774,0.1167,0.00357,0.597,1,11,95.31,0.38,1,83,6.847,6.718,1,30,6716,74205.8,100.0,6,12.75
1786080316414,3299,v1,0.0714,0.4028,0.1528,0.9439,0.1449,0.0188,0.1102,0.002223,0.584,1,25,58.54,0.641,1,876,15.851,13.25,0,30,5549,178589.9,87.61,14,7.88
1786080322629,3300,v1,0.0251,0.8072,0.4624,2.1672,0.4868,0.01831,0.1945,0.001855,0.632,0,36,51.16,0.931,1,0,20.149,20.149,0,30,6236,201904.4,90.61,17,7.15
1786080324748,3301,v1,0.0557,0.9577,0.3133,1.2257,0.4398,0.02323,0.0762,0.003449,0.624,0,14,36.63,0.446,1,2081,13.0,9.486,0,30,6806,238745.8,67.65,15,11.95
1786080326112,3302,v1,0.0318,0.3961,0.1883,0.9881,0.7224,0.03107,0.106,0.002141,0.604,1,22,39.33,0.624,1,994,9.736,8.055,1,30,6073,96108.5,100.0,7,8.5
1786080327851,3303,v1,0.0569,0.5786,0.3193,1.3927,0.975,0.02938,0.2184,0.001239,0.59,0,4,75.9,0.539,1,3033,3.0,2.59,1,30,7440,124913.3,100.0,5,10.46
1786080323287,3304,v1,0.0301,0.7455,0.4738,1.5917,0.438,0.02575,0.1799,0.002805,0.663,1,17,40.76,0.509,1,0,12.592,12.592,1,30,6581,141714.0,100.0,12,10.36
1786080324523,3305,v1,0.0726,0.6821,0.3265,1.6181,0.1528,0.01913,0.1042,0.001541,0.711,1,32,65.48,0.592,1,0,14.349,14.349,1,30,5582,127252.4,100.0,13,6.07
1786080327154,3306,v1,0.0168,0.808,0.3329,1.0959,0.1957,0.02014,0.1033,0.001234,0.706,0,15,52.37,0.626,1,2492,14.0,8.876,0,30,5927,344863.8,0.0,-1,4.93
1786080330048,3307,v1,0.0143,0.305,0.4837,1.5525,0.1545,0.018,0.1637,0.001273,0.653,0,21,36.04,0.98,1,0,6.128,6.128,0,30,6911,357956.9,30.27,19,4.62
1786080324069,3308,v1,0.0361,0.4722,0.2929,1.1406,0.789,0.01142,0.2393,0.001623,0.642,1,19,31.78,0.377,1,117,17.746,17.391,0,30,5779,195230.7,95.05,17,6.02
1786080326343,3309,v1,0.0204,0.7849,0.2443,1.8099,0.9126,0.02937,0.069,0.003629,0.631,0,10,23.63,0.968,1,3808,9.0,4.644,0,30,6330,304214.0,32.14,16,13.18
1786080327884,3310,v1,0.0234,0.7845,0.4196,1.6479,0.5382,0.00393,0.1599,0.00314,0.609,1,25,91.84,0.836,1,0,13.529,13.529,1,30,6526,147130.2,100.0,13,12.67
1786080330109,3311,v1,0.0408,0.9409,0.3613,0.9806,0.2883,0.02539,0.1404,0.00186,0.682,0,7,31.38,0.612,1,2674,6.0,4.296,0,30,6348,294869.2,49.91,16,7.34
1786080324242,3312,v1,0.0269,0.9165,0.473,2.2452,0.7224,0.02105,0.1944,0.003048,0.64,0,35,31.43,0.585,1,318,14.562,13.888,1,30,6432,154011.3,100.0,13,10.99
1786080326256,3313,v1,0.068,0.303,0.2004,1.4166,0.9229,0.02455,0.166,0.001234,0.665,0,11,36.12,0.357,1,1537,10.0,8.084,0,30,6499,245043.8,69.03,15,4.66
1786080327640,3314,v1,0.0708,0.9104,0.1786,1.6827,0.2642,0.02875,0.1245,0.003077,0.631,0,20,81.16,0.654,1,0,11.544,11.544,1,30,6111,123215.3,100.0,7,11.23
1786080329165,3315,v1,0.0781,0.854,0.2456,2.088,0.1209,0.01237,0.2176,0.002604,0.676,0,26,20.88,0.301,1,221,13.699,13.268,1,30,6340,142158.4,100.0,13,9.45
1786080324995,3316,v1,0.0389,0.764,0.2811,0.8523,0.8026,0.02033,0.1073,0.00165,0.633,0,23,20.64,0.582,1,427,16.849,15.748,0,30,5883,182347.0,99.22,16,5.95
1786080327088,3317,v1,0.0119,0.4455,0.3109,2.3268,0.4561,0.03062,0.0637,0.002018,0.596,0,14,58.31,0.669,1,2013,13.0,9.302,0,30,6151,240771.1,56.08,15,7.32
1786080329367,3318,v1,0.0275,0.5016,0.2207,1.5458,0.7576,0.01626,0.0628,0.002714,0.649,1,7,99.66,0.979,1,5444,6.0,0.0,0,30,5527,310574.1,0.0,-1,9.86
1786080331632,3319,v1,0.0119,0.9288,0.4218,1.4986,0.8632,0.01589,0.1277,0.003376,0.688,0,17,60.4,0.45,1,1583,16.0,11.837,0,30,5612,327775.3,0.0,-1,12.21
1786080325189,3320,v1,0.0666,0.2141,0.4324,1.7517,0.3305,0.03122,0.0749,0.003383,0.601,0,31,57.14,0.485,1,0,8.476,8.476,1,30,6956,66270.1,100.0,5,12.97
1786080326518,3321,v1,0.0118,0.6897,0.361,0.9838,0.8052,0.00838,0.2156,0.002539,0.631,1,34,69.05,0.752,1,0,14.36,14.36,1,30,5974,129086.7,100.0,13,9.81
1786080328220,3322,v1,0.0731,0.2849,0.2886,2.2198,0.2429,0.01499,0.0854,0.003241,0.686,0,5,43.58,0.952,1,4157,4.0,2.656,1,30,6268,153902.0,100.0,14,61.74
1786080329896,3323,v1,0.051,0.9229,0.3611,2.4582,0.2603,0.01316,0.1949,0.002384,0.638,1,35,94.58,0.749,1,0,14.576,14.576,1,30,6332,145564.9,100.0,13,8.78
1786080326221,3324,v1,0.011,0.834,0.1634,1.5698,0.1914,0.01957,0.2257,0.003211,0.685,1,29,51.95,0.696,1,827,14.202,12.192,1,30,6336,147267.2,100.0,13,14.33
1786080328558,3325,v1,0.0129,0.4391,0.3933,1.4173,0.5725,0.01566,0.2337,0.00212,0.689,1,35,54.27,0.603,1,0,0.0,0.0,0,30,5971,348820.0,0.0,-1,8.56
1786080330032,3326,v1,0.0646,0.4277,0.1263,1.6583,0.3292,0.01087,0.0502,0.001422,0.66,0,16,78.34,0.882,1,0,12.886,12.886,1,30,5681,128077.6,100.0,13,5.74
1786080331984,3327,v1,0.0635,0.896,0.1743,0.9064,0.5212,0.03096,0.2435,0.00293,0.634,1,21,38.89,0.658,1,838,15.409,13.58,0,30,7413,225372.4,92.95,14,10.83
1786080330978,3328,v1,0.0162,0.807,0.3172,1.8478,0.6283,0.01961,0.1932,0.002142,0.641,0,24,42.32,0.423,1,0,9.48,9.48,0,30,6486,309698.4,45.13,18,8.54
1786080332909,3329,v1,0.0557,0.4153,0.287,0.8988,0.7611,0.00524,0.0859,0.001209,0.696,0,7,98.08,0.786,1,0,6.0,6.0,0,30,6256,268159.4,85.36,18,5.27
1786080335801,3330,v1,0.0148,0.9482,0.1165,1.3068,0.9775,0.0109,0.207,0.003579,0.642,0,35,27.56,0.405,1,0,0.0,0.0,0,30,6815,363952.9,0.0,-1,13.07
1786080337547,3331,v1,0.0119,0.8392,0.4233,0.8229,0.8056,0.02097,0.0666,0.001905,0.643,1,20,67.78,0.697,1,0,13.0,13.0,1,30,7268,167862.9,100.0,13,7.5
1786080331908,3332,v1,0.0667,0.2491,0.2231,1.2116,0.2749,0.00795,0.1962,0.003431,0.686,1,23,48.9,0.483,1,1291,18.253,14.277,0,30,6441,316639.8,92.07,17,12.93
1786080333319,3333,v1,0.0603,0.2916,0.2808,1.4032,0.6828,0.02911,0.1248,0.003045,0.661,1,30,68.2,0.903,1,0,14.352,14.352,1,30,5946,133780.6,100.0,13,11.3
1786080334746,3334,v1,0.0465,0.8102,0.2514,1.0358,0.8307,0.01774,0.0842,0.003767,0.685,0,21,58.36,0.329,1,0,13.0,13.0,1,30,6966,149156.0,100.0,13,14.3
1786080336072,3335,v1,0.0758,0.956,0.1212,2.1177,0.9816,0.02169,0.184,0.002725,0.589,1,31,84.19,0.425,1,0,9.712,9.712,1,30,6407,79310.3,100.0,4,10.36
1786080332244,3336,v1,0.0669,0.5059,0.1704,1.7898,0.184,0.00556,0.1042,0.001264,0.7,1,8,29.98,0.705,1,6230,7.0,0.357,1,30,6619,191629.9,100.0,20,47.23
1786080334176,3337,v1,0.0404,0.7688,0.1264,1.2055,0.9831,0.00889,0.1243,0.00273,0.661,1,27,26.13,0.824,1,877,18.98,15.888,0,30,5911,224525.9,88.4,18,10.66
1786080335854,3338,v1,0.0677,0.3245,0.388,1.4247,0.762,0.01805,0.145,0.003388,0.656,0,13,83.63,0.564,1,0,12.0,12.0,0,30,6049,178941.4,93.16,15,12.48
1786080337195,3339,v1,0.0275,0.5849,0.4563,2.0,0.9474,0.01617,0.1546,0.002725,0.621,0,11,33.74,0.472,1,2051,10.0,7.103,1,30,5826,135902.1,100.0,13,43.17
1786080332310,3340,v1,0.0363,0.5725,0.1534,1.4069,0.8473,0.00547,0.187,0.003192,0.645,1,34,66.49,0.308,1,0,14.342,14.342,1,30,6207,144553.2,100.0,13,12.52
1786080333919,3341,v1,0.0417,0.6231,0.4058,1.1583,0.3414,0.0244,0.1299,0.002851,0.609,0,24,32.64,0.312,1,0,10.555,10.555,1,30,6294,107545.3,100.0,6,9.83
1786080335976,3342,v1,0.0489,0.5259,0.3234,1.0924,0.1513,0.00742,0.0736,0.003269,0.62,0,13,51.26,0.347,1,1647,12.0,9.248,0,30,6221,300368.9,67.49,16,12.3
1786080337774,3343,v1,0.0735,0.9715,0.3041,1.7488,0.303,0.02424,0.0622,0.002413,0.716,1,34,91.8,0.959,1,0,20.784,20.784,0,30,5761,225324.9,88.8,16,9.3
1786080333779,3344,v1,0.012,0.5154,0.2057,2.3734,0.7981,0.01302,0.1047,0.001732,0.655,1,6,66.77,0.791,1,6279,5.0,0.0,1,30,6327,181265.4,0.0,-1,100.0
1786080335526,3345,v1,0.0795,0.5744,0.3298,1.0134,0.7868,0.00616,0.0524,0.001259,0.683,1,32,55.71,0.413,1,0,18.836,18.836,0,30,6419,210636.0,91.63,16,4.88
1786080336967,3346,v1,0.0216,0.6063,0.1781,1.0142,0.4916,0.01977,0.2104,0.003619,0.614,0,27,73.57,0.358,1,0,13.85,13.85,1,30,6553,143967.8,100.0,13,13.78
1786080338490,3347,v1,0.0305,0.8545,0.4752,1.6038,0.8532,0.03157,0.2491,0.003548,0.606,1,15,88.36,0.513,1,0,13.324,13.324,0,30,6598,165751.1,89.75,13,12.9
1786080334093,3348,v1,0.0634,0.6679,0.2331,2.2433,0.8715,0.03024,0.2494,0.001242,0.712,1,15,30.8,0.342,1,0,13.0,13.0,1,30,6525,148437.0,100.0,13,5.04
1786080336574,3349,v1,0.0163,0.4944,0.1413,2.2404,0.6198,0.00712,0.1353,0.002251,0.674,0,20,82.59,0.976,1,0,19.0,19.0,0,30,6428,380452.2,0.0,-1,9.32
1786080338944,3350,v1,0.0416,0.4529,0.4956,2.3512,0.9105,0.02155,0.2004,0.002561,0.66,1,10,32.23,0.474,1,3962,9.0,3.192,0,30,6298,309374.2,31.13,17,10.4
1786080341361,3351,v1,0.0555,0.7227,0.3393,1.5836,0.4248,0.02081,0.2092,0.002406,0.662,0,6,22.9,0.517,1,2432,5.0,3.859,0,30,6473,272562.9,51.93,16,9.01
1786080334436,3352,v1,0.0531,0.3698,0.1982,2.2443,0.989,0.00392,0.218,0.002945,0.617,1,28,44.39,0.492,1,655,14.018,12.444,1,30,6199,143483.6,100.0,13,10.4
1786080335907,3353,v1,0.0576,0.8364,0.3288,2.155,0.6929,0.03143,0.1593,0.002335,0.646,0,16,31.17,0.474,1,0,10.545,10.545,1,30,6033,103255.0,100.0,8,8.39
1786080337744,3354,v1,0.0392,0.228,0.4373,2.161,0.3334,0.02891,0.1822,0.002127,0.707,0,14,31.71,0.481,1,1206,13.0,10.975,1,30,6768,170395.4,100.0,13,25.47
1786080339564,3355,v1,0.0469,0.2407,0.1808,2.3825,0.9431,0.02638,0.213,0.00143,0.609,0,13,41.29,0.604,1,2441,11.984,7.594,0,30,5658,248964.1,52.62,16,5.78
1786080338840,3356,v1,0.0732,0.7974,0.2166,1.1131,0.8261,0.01308,0.0801,0.003525,0.645,0,8,69.24,0.596,1,2860,7.0,4.668,0,30,6284,278219.7,49.46,16,12.46
1786080340746,3357,v1,0.0689,0.8236,0.1558,2.2735,0.9086,0.01087,0.0784,0.001302,0.616,1,35,33.22,0.478,1,627,19.047,17.106,0,30,6411,201827.0,84.63,16,5.3
1786080342196,3358,v1,0.0539,0.6306,0.4828,0.9809,0.102,0.01998,0.1077,0.002282,0.66,1,14,62.57,0.757,1,0,12.645,12.645,1,30,5827,131079.0,100.0,13,8.82
1786080344073,3359,v1,0.0761,0.4258,0.4231,0.9952,0.9689,0.02,0.0894,0.002962,0.61,0,8,66.87,0.583,1,2284,7.0,4.936,0,30,5664,215178.2,59.91,14,11.55
1786080340472,3360,v1,0.0162,0.4547,0.2952,1.5961,0.6505,0.00705,0.116,0.002345,0.649,0,26,89.86,0.653,1,0,0.0,0.0,0,30,6130,362804.8,0.0,-1,8.99
1786080342052,3361,v1,0.0274,0.5432,0.234,0.842,0.4533,0.02703,0.0984,0.002002,0.689,0,35,97.79,0.664,1,0,14.573,14.573,1,30,5692,131910.7,100.0,13,7.24
1786080343447,3362,v1,0.0331,0.3207,0.4013,1.5369,0.4604,0.0049,0.0526,0.001641,0.583,1,29,30.21,0.797,1,961,14.186,11.8,1,30,5923,134700.9,100.0,13,6.35
1786080345285,3363,v1,0.0214,0.9695,0.1162,0.9767,0.4383,0.01351,0.159,0.003196,0.602,0,15,65.66,0.533,1,1923,14.0,9.826,0,30,5751,242740.7,58.66,17,11.62
1786080340439,3364,v1,0.0365,0.4175,0.1706,2.2333,0.8326,0.01264,0.054,0.00138,0.686,1,29,54.37,0.914,1,1105,15.166,12.635,1,30,6823,151978.5,100.0,14,7.14
1786080342090,3365,v1,0.0169,0.3296,0.2398,1.5969,0.6823,0.01054,0.0913,0.003734,0.603,1,31,78.49,0.837,1,0,14.36,14.36,1,30,6484,144969.3,100.0,13,13.49
1786080343486,3366,v1,0.0367,0.3691,0.2693,0.9489,0.1297,0.01312,0.1723,0.001607,0.63,0,17,53.19,0.523,1,0,13.0,13.0,1,30,6071,137716.7,100.0,13,5.98
1786080345012,3367,v1,0.0137,0.7457,0.2985,1.9361,0.1538,0.0288,0.1327,0.002948,0.716,0,11,82.71,0.747,1,0,10.0,10.0,1,30,6014,139719.2,100.0,13,11.21
1786080341848,3368,v1,0.0103,0.7505,0.4349,0.8161,0.1692,0.00321,0.1271,0.00258,0.603,0,25,67.46,0.806,1,0,0.0,0.0,0,30,6177,365254.9,0.0,-1,9.99
1786080343281,3369,v1,0.0461,0.3788,0.2361,2.0923,0.6906,0.01853,0.0882,0.003586,0.694,1,25,55.39,0.337,1,486,13.973,12.84,1,30,6480,148247.1,100.0,13,17.25
1786080344738,3370,v1,0.0299,0.4868,0.2541,1.4108,0.9396,0.0147,0.2072,0.003148,0.654,1,36,26.59,0.968,1,984,14.746,12.19,1,30,6274,144853.0,100.0,13,11.64
1786080347415,3371,v1,0.0279,0.5535,0.1348,1.3634,0.8396,0.007,0.2159,0.002165,0.698,1,29,65.26,0.419,1,0,0.0,0.0,0,30,6538,393465.9,0.0,-1,8.64
1786080341943,3372,v1,0.0571,0.3833,0.3815,1.1358,0.577,0.02419,0.2235,0.003317,0.611,0,4,53.01,0.962,1,4158,3.0,2.281,0,30,5842,295105.6,26.2,15,12.22
1786080343477,3373,v1,0.0106,0.4457,0.3068,0.9355,0.353,0.01477,0.1197,0.003594,0.654,1,26,58.81,0.677,1,797,13.71,11.914,1,30,6575,144122.9,100.0,13,19.94
1786080344920,3374,v1,0.0376,0.9689,0.249,2.2104,0.4937,0.02704,0.1079,0.002726,0.636,1,19,95.42,0.497,1,0,16.388,16.388,0,30,5790,172818.1,84.82,16,10.67
1786080346477,3375,v1,0.027,0.8091,0.4634,1.6093,0.6009,0.03083,0.2167,0.003048,0.606,1,4,28.58,0.687,1,5513,3.0,0.0,1,30,5556,156385.7,0.0,-1,100.0
1786080341899,3376,v1,0.0381,0.3557,0.162,2.2896,0.5981,0.03111,0.1114,0.003601,0.672,0,29,84.51,0.747,1,0,14.342,14.342,1,30,6110,140690.6,100.0,13,13.13
1786080343165,3377,v1,0.0181,0.765,0.1364,1.9507,0.6356,0.02775,0.2367,0.002338,0.709,0,18,79.7,0.333,1,0,13.0,13.0,1,30,6046,131945.9,100.0,13,9.11
1786080344640,3378,v1,0.0417,0.8935,0.3909,1.6561,0.2201,0.03173,0.0621,0.003401,0.58,1,29,97.07,0.434,1,0,13.395,13.395,0,30,6898,132591.0,87.53,10,12.73
1786080346418,3379,v1,0.0487,0.9428,0.3945,1.3423,0.6147,0.02,0.1797,0.00126,0.683,1,27,53.55,0.415,1,644,13.753,12.392,1,30,6653,150718.3,100.0,13,5.17
1786080343283,3380,v1,0.0618,0.5259,0.4587,1.1129,0.4884,0.02259,0.0711,0.001899,0.6,0,29,84.07,0.649,1,0,7.655,7.655,1,30,7082,60453.9,100.0,4,6.74
1786080344573,3381,v1,0.0785,0.2687,0.3615,0.9136,0.7723,0.01036,0.1226,0.003157,0.706,1,30,21.23,0.41,1,0,14.83,14.83,1,30,6090,142762.3,100.0,13,11.99
1786080346434,3382,v1,0.0386,0.4954,0.1034,1.2473,0.1335,0.02295,0.2384,0.002173,0.608,1,35,86.22,0.382,1,0,18.176,18.176,0,30,6395,180016.0,84.78,15,8.26
1786080347958,3383,v1,0.074,0.6174,0.4308,1.9837,0.6683,0.01185,0.1059,0.002153,0.657,1,8,91.0,0.389,1,2720,7.0,3.791,1,30,6029,150782.2,100.0,13,14.15
1786080346271,3384,v1,0.0541,0.4977,0.3424,2.1974,0.7782,0.01753,0.0701,0.002628,0.657,1,19,76.14,0.559,1,0,16.924,16.924,0,30,6194,192680.3,98.2,17,9.44
1786080348623,3385,v1,0.0705,0.5171,0.2297,0.949,0.6334,0.00977,0.2454,0.001763,0.706,1,7,40.73,0.835,1,6118,6.0,0.0,0,30,6167,356351.6,0.0,-1,6.57
1786080350534,3386,v1,0.074,0.5199,0.1033,2.4647,0.1231,0.02084,0.2288,0.00209,0.611,0,7,54.55,0.654,1,3060,6.0,3.95,0,30,6046,287248.6,43.2,15,8.05
1786080351951,3387,v1,0.0521,0.6581,0.4534,2.4622,0.9235,0.00728,0.0598,0.003118,0.609,0,24,22.57,0.659,1,577,13.361,12.403,1,30,7259,152847.3,100.0,13,11.68
1786080347116,3388,v1,0.0604,0.7872,0.3058,1.2654,0.7197,0.02905,0.1978,0.001424,0.664,0,23,36.98,0.834,1,0,11.665,11.665,1,30,5862,110261.8,100.0,9,5.32
1786080348573,3389,v1,0.0539,0.4163,0.2631,1.9761,0.6141,0.02688,0.152,0.002669,0.674,1,4,48.52,0.955,1,6640,3.0,0.0,1,30,6700,190513.3,0.0,-1,100.0
1786080350212,3390,v1,0.0441,0.9207,0.2831,2.2133,0.273,0.01266,0.1766,0.001606,0.592,0,19,35.98,0.308,1,0,16.213,16.213,0,30,6127,213408.5,98.6,16,5.84
1786080351314,3391,v1,0.067,0.2498,0.4641,0.9609,0.7889,0.00698,0.1014,0.001976,0.632,0,22,51.13,0.643,1,0,9.766,9.766,1,30,6664,99930.9,100.0,6,7.86
1786080348115,3392,v1,0.0746,0.791,0.2852,1.6737,0.2595,0.00702,0.113,0.001762,0.581,1,9,47.89,0.586,1,4429,7.659,2.297,1,30,6610,157077.2,100.0,8,7.11
1786080349339,3393,v1,0.0303,0.3095,0.3215,1.4859,0.257,0.01322,0.245,0.002747,0.633,0,18,45.43,0.881,1,0,13.055,13.055,1,30,6463,144188.0,100.0,13,10.72
1786080351416,3394,v1,0.0117,0.4561,0.2519,1.9936,0.1486,0.01806,0.2449,0.003197,0.666,0,18,50.37,0.705,1,2708,17.0,9.741,0,30,5892,341008.4,0.0,-1,11.32
1786080352431,3395,v1,0.0164,0.4657,0.1568,1.0084,0.383,0.03181,0.0749,0.002706,0.588,1,31,42.67,0.316,1,425,15.736,14.626,0,30,6416,161426.7,87.7,12,10.35
1786080348585,3396,v1,0.078,0.6374,0.3503,2.3045,0.1718,0.00685,0.0623,0.0017,0.67,1,30,96.13,0.947,1,0,20.612,20.612,0,30,5849,253115.3,94.31,16,6.43
1786080349797,3397,v1,0.0145,0.9249,0.1472,1.5969,0.3048,0.0206,0.1515,0.003271,0.682,1,16,89.77,0.671,1,0,13.0,13.0,1,30,5363,124010.2,100.0,13,11.82
1786080350933,3398,v1,0.0686,0.4868,0.1212,2.2311,0.9797,0.02209,0.0926,0.002591,0.588,1,19,38.28,0.563,1,0,11.148,11.148,1,30,6161,113984.8,100.0,8,9.4
1786080352115,3399,v1,0.0329,0.2459,0.4604,0.9609,0.571,0.00448,0.2046,0.003104,0.609,1,26,72.06,0.376,1,0,13.7,13.7,1,30,6100,134971.7,100.0,13,11.1
1786080359741,3400,v1,0.0307,0.621,0.3898,2.3684,0.9553,0.00751,0.2304,0.002034,0.718,1,29,99.03,0.308,1,0,0.0,0.0,0,30,6740,392578.4,0.0,-1,8.56
1786080361983,3401,v1,0.0524,0.8987,0.4922,1.9579,0.4414,0.02005,0.1155,0.002968,0.65,1,13,32.59,0.612,1,5255,12.0,1.494,0,30,6212,346024.8,12.12,-1,11.28
1786080363804,3402,v1,0.0362,0.4311,0.1192,2.1201,0.5466,0.01585,0.2261,0.002949,0.639,0,28,44.27,0.431,1,0,19.258,19.258,0,30,6298,199249.9,91.12,18,11.19
1786080366040,3403,v1,0.0123,0.9149,0.2096,1.6607,0.5537,0.01687,0.0663,0.0034,0.638,0,28,54.05,0.758,1,0,0.718,0.718,0,30,5461,325617.3,3.57,-1,13.07
1786080359406,3404,v1,0.0616,0.3702,0.1979,2.1953,0.9955,0.0289,0.0772,0.001445,0.692,1,7,33.09,0.408,1,2723,6.0,3.14,1,30,5771,151176.4,100.0,13,50.65
1786080360736,3405,v1,0.0671,0.4005,0.3703,2.3428,0.9904,0.0274,0.0837,0.002064,0.588,0,19,20.16,0.891,1,0,7.015,7.015,1,30,6329,63905.2,100.0,5,7.51
1786080363546,3406,v1,0.01,0.4199,0.1105,0.8996,0.9059,0.02807,0.0898,0.001779,0.692,1,12,27.44,0.717,1,6631,11.0,0.0,0,30,6763,402038.3,0.0,-1,6.93
1786080364905,3407,v1,0.028,0.9412,0.1686,1.218,0.5581,0.01055,0.2295,0.003076,0.702,0,12,65.8,0.429,1,1740,11.0,8.246,1,30,5897,141817.7,100.0,13,38.41
1786080360318,3408,v1,0.0498,0.2246,0.3567,1.5851,0.8853,0.02496,0.128,0.003019,0.709,0,25,94.88,0.377,1,0,18.156,18.156,0,30,6679,217895.9,86.67,17,11.69
1786080361667,3409,v1,0.0202,0.8365,0.4304,1.701,0.172,0.021,0.1879,0.002154,0.645,0,19,71.69,0.804,1,0,13.0,13.0,1,30,5558,122328.0,100.0,13,7.63
1786080363971,3410,v1,0.0599,0.5453,0.1295,1.4283,0.1962,0.02199,0.1913,0.003527,0.669,0,14,68.0,0.936,1,4346,13.0,5.197,0,30,6400,338021.3,25.63,17,12.75
1786080365837,3411,v1,0.0667,0.4967,0.4169,2.3292,0.54,0.02161,0.2209,0.002143,0.651,1,13,92.5,0.336,1,2218,12.0,7.419,1,30,5962,151879.2,100.0,13,15.67
1786080360413,3412,v1,0.0173,0.7845,0.1538,0.9023,0.9934,0.01713,0.0662,0.003523,0.584,0,30,41.79,0.739,1,0,14.354,14.354,1,30,6662,151206.0,100.0,13,13.72
1786080362737,3413,v1,0.0178,0.35,0.3919,1.4556,0.2749,0.00771,0.1773,0.002154,0.663,0,28,86.05,0.368,1,0,0.0,0.0,0,30,5868,351420.9,0.0,-1,8.47
1786080364047,3414,v1,0.0426,0.5651,0.2183,1.7402,0.2075,0.0091,0.1385,0.003191,0.674,1,13,71.94,0.306,1,2514,12.0,6.786,1,30,6032,146594.0,100.0,13,50.22
1786080365759,3415,v1,0.0471,0.777,0.1041,0.8042,0.7995,0.0318,0.1481,0.003585,0.657,1,21,42.59,0.871,1,0,12.912,12.912,1,30,6201,132230.6,100.0,13,13.42
1786080361045,3416,v1,0.0594,0.3492,0.1942,1.6754,0.6618,0.02181,0.0644,0.00262,0.592,1,17,38.21,0.476,1,0,9.881,9.881,1,30,6223,98920.9,100.0,5,9.75
1786080363658,3417,v1,0.0105,0.241,0.2747,1.8953,0.2737,0.01255,0.1758,0.001627,0.712,1,33,45.17,0.593,1,0,0.0,0.0,0,30,6645,399231.8,0.0,-1,5.85
1786080365964,3418,v1,0.0673,0.795,0.3787,1.4321,0.8365,0.0198,0.1424,0.002808,0.697,1,15,21.82,0.688,1,4926,14.0,2.361,0,30,6141,333650.4,14.9,-1,10.89
1786080368575,3419,v1,0.0294,0.2174,0.1978,1.9468,0.6276,0.01027,0.1881,0.001416,0.714,1,33,51.8,0.467,1,0,0.0,0.0,0,30,6745,406796.5,0.0,-1,5.54
1786080361835,3420,v1,0.0728,0.5562,0.1626,2.1789,0.5577,0.01483,0.2424,0.002228,0.624,0,33,25.89,0.313,1,230,18.312,17.727,0,30,6852,193325.7,91.36,15,8.83
1786080363470,3421,v1,0.0166,0.772,0.3481,1.7616,0.3873,0.01244,0.2369,0.00234,0.626,1,29,75.13,0.536,1,0,14.206,14.206,1,30,6169,141821.9,100.0,13,8.67
1786080364682,3422,v1,0.0361,0.5066,0.3743,1.6883,0.6155,0.02283,0.0847,0.003517,0.666,1,14,87.04,0.396,1,0,13.0,13.0,1,30,6222,143074.9,100.0,13,13.37
1786080366840,3423,v1,0.0476,0.6263,0.1585,2.182,0.8146,0.0229,0.1344,0.001568,0.693,1,14,46.3,0.442,1,3353,13.0,5.05,0,30,5589,306392.3,33.86,18,5.92
1786080363488,3424,v1,0.0563,0.5915,0.2294,1.3372,0.5894,0.02446,0.1931,0.001428,0.626,0,7,42.53,0.805,1,4233,6.0,3.527,0,30,6916,306599.4,32.22,15,5.64
1786080365715,3425,v1,0.0203,0.3392,0.1291,1.9312,0.4052,0.01171,0.0911,0.001426,0.693,1,9,41.62,0.506,1,3430,8.0,2.79,0,30,5323,321925.8,0.0,-1,5.75
1786080367244,3426,v1,0.039,0.6579,0.4201,2.3653,0.399,0.02975,0.1802,0.002173,0.602,1,32,98.7,0.822,1,0,17.298,17.298,0,30,6378,179040.1,94.22,14,8.15
1786080368670,3427,v1,0.077,0.7631,0.4685,1.1455,0.5443,0.02665,0.1041,0.002243,0.72,1,8,84.24,0.317,1,2061,7.0,4.411,1,30,5655,134524.6,100.0,13,8.89
1786080367045,3428,v1,0.0426,0.6026,0.4283,1.9915,0.2315,0.01,0.1595,0.001561,0.675,0,27,88.23,0.326,1,0,13.858,13.858,1,30,6167,142431.8,100.0,13,6.13
1786080369470,3429,v1,0.0393,0.781,0.2204,1.6136,0.5424,0.0051,0.1484,0.002734,0.614,1,11,39.87,0.629,1,4574,10.0,1.896,0,30,5812,325990.4,17.86,-1,10.55
1786080370950,3430,v1,0.0506,0.5772,0.2707,1.1227,0.5921,0.00534,0.2143,0.001852,0.699,1,32,89.56,0.779,1,0,14.564,14.564,1,30,5809,131066.8,100.0,13,7.02
1786080373197,3431,v1,0.0613,0.384,0.1284,1.4192,0.4346,0.01951,0.2326,0.003343,0.646,1,16,62.2,0.459,1,3400,15.0,6.81,0,30,6520,322119.9,43.13,16,12.47
1786080367921,3432,v1,0.0199,0.6103,0.1778,1.9086,0.6949,0.01718,0.0885,0.003648,0.59,0,11,83.64,0.317,1,0,10.0,10.0,1,30,5880,126396.3,100.0,13,14.27
1786080369341,3433,v1,0.0424,0.4912,0.1282,1.2029,0.1668,0.02879,0.1484,0.003561,0.607,1,7,39.04,0.717,1,5278,6.0,0.462,1,30,5853,160914.2,100.0,22,86.3
1786080370888,3434,v1,0.0255,0.4358,0.2244,2.0785,0.3514,0.0296,0.1124,0.003555,0.595,1,33,50.39,0.596,1,0,14.363,14.363,1,30,5736,128753.4,100.0,13,14.1
1786080373779,3435,v1,0.0533,0.8139,0.4548,0.8237,0.2316,0.03012,0.0737,0.001991,0.64,1,7,77.06,0.966,1,6715,6.0,0.0,0,30,6803,376838.6,0.02,-1,7.54
1786080368678,3436,v1,0.0189,0.6263,0.1048,0.8905,0.4641,0.02176,0.2406,0.002559,0.675,1,13,95.38,0.311,1,2741,12.0,6.894,1,30,6647,164964.9,100.0,13,47.96
1786080370534,3437,v1,0.0525,0.8877,0.2526,1.6131,0.5704,0.02311,0.1691,0.002147,0.712,1,26,68.17,0.439,1,542,13.698,12.482,1,30,6368,143746.0,100.0,13,7.82
1786080372066,3438,v1,0.0319,0.5596,0.3855,2.3863,0.7168,0.02777,0.2438,0.001923,0.669,0,29,30.13,0.93,1,687,14.204,12.938,1,30,6895,160876.0,100.0,13,9.89
1786080373558,3439,v1,0.047,0.9158,0.3017,1.4939,0.3703,0.03009,0.1119,0.001716,0.718,0,6,46.15,0.504,1,1611,5.0,4.242,1,30,6426,154241.0,100.0,13,29.44
1786080368924,3440,v1,0.0103,0.9177,0.4029,2.1645,0.4048,0.01793,0.1168,0.001637,0.633,0,23,68.64,0.942,1,0,13.205,13.205,1,30,6682,143445.8,100.0,13,6.41
1786080370623,3441,v1,0.0557,0.56,0.4468,1.1019,0.4251,0.01709,0.1105,0.00325,0.655,0,21,41.74,0.307,1,0,12.946,12.946,1,30,5712,128522.2,100.0,13,12.57
1786080372001,3442,v1,0.0286,0.7835,0.1315,2.0705,0.8185,0.02291,0.2005,0.00287,0.629,0,21,57.86,0.917,1,0,13.0,13.0,1,30,6232,139047.0,100.0,13,10.53
1786080374155,3443,v1,0.0321,0.7796,0.136,2.4476,0.9074,0.02309,0.103,0.003042,0.665,1,31,85.18,0.403,1,0,19.714,19.714,0,30,7306,232945.3,87.24,18,11.7
1786080370727,3444,v1,0.0735,0.6798,0.1255,0.9047,0.1189,0.02068,0.1055,0.003248,0.689,1,15,89.67,0.368,1,3382,14.0,6.405,0,30,6540,321742.6,43.9,16,12.8
1786080372931,3445,v1,0.0191,0.6472,0.2739,2.1008,0.9507,0.02206,0.0944,0.002802,0.683,1,19,20.9,0.605,1,3632,18.0,6.044,0,30,5760,358914.7,1.46,-1,10.35
1786080374849,3446,v1,0.0706,0.4719,0.1116,2.0961,0.8929,0.00574,0.1842,0.003271,0.686,0,29,65.73,0.539,1,0,19.559,19.559,0,30,6420,260044.9,83.93,17,11.98
1786080376471,3447,v1,0.0104,0.9913,0.1002,1.074,0.9691,0.02124,0.1501,0.003106,0.591,1,21,34.24,0.982,1,0,13.0,13.0,1,30,6557,150893.5,100.0,13,11.64
1786080370985,3448,v1,0.0447,0.7711,0.2743,2.2992,0.6802,0.02357,0.2264,0.001912,0.58,1,17,25.71,0.47,1,598,14.73,13.242,0,30,6086,186814.6,93.08,14,7.0
1786080373171,3449,v1,0.0262,0.4502,0.2944,2.0349,0.8391,0.00503,0.0743,0.00274,0.666,1,28,95.82,0.544,1,0,0.0,0.0,0,30,5813,339896.0,0.0,-1,10.68
1786080375755,3450,v1,0.0219,0.6343,0.135,1.956,0.8251,0.01719,0.114,0.003493,0.65,0,20,86.42,0.482,1,1440,19.0,14.989,0,30,6516,345547.3,29.03,19,13.28
1786080378544,3451,v1,0.0724,0.5702,0.2368,2.3361,0.1121,0.02433,0.2445,0.001539,0.654,1,11,49.18,0.774,1,6083,10.0,0.168,0,30,6284,365890.5,1.64,-1,6.09
1786080371082,3452,v1,0.0468,0.6152,0.2332,1.4216,0.7232,0.02851,0.08,0.001691,0.629,1,23,64.14,0.564,1,763,11.006,9.626,1,30,6243,104482.8,100.0,7,6.71
1786080372822,3453,v1,0.0394,0.583,0.2205,1.6062,0.6086,0.02473,0.1609,0.003324,0.596,0,23,28.86,0.741,1,456,16.001,14.916,0,30,6257,183350.7,99.26,15,12.1
1786080375002,3454,v1,0.0717,0.274,0.2834,1.317,0.8406,0.00959,0.0528,0.002205,0.633,0,11,62.58,0.712,1,2745,10.0,6.556,0,30,6540,285232.8,55.83,16,8.64
1786080377943,3455,v1,0.0547,0.736,0.2647,2.3233,0.2203,0.02288,0.2119,0.002762,0.672,1,11,62.26,0.685,1,6123,10.0,0.319,0,30,6494,393857.3,2.77,-1,10.76
1786080375157,3456,v1,0.0183,0.8567,0.2456,1.2764,0.6391,0.00823,0.2291,0.0035,0.64,1,34,23.06,0.841,1,1022,14.369,11.46,1,30,5674,128872.6,100.0,13,13.45
1786080376876,3457,v1,0.0112,0.6807,0.2867,1.2846,0.6596,0.03166,0.1517,0.003336,0.635,1,8,96.15,0.804,1,6102,7.0,0.089,1,30,6340,170307.7,100.0,26,98.83
1786080378453,3458,v1,0.0732,0.5713,0.4325,2.4733,0.7356,0.01353,0.176,0.001872,0.654,0,26,55.17,0.442,1,0,11.426,11.426,1,30,5824,102523.0,100.0,7,7.81
1786080380117,3459,v1,0.0583,0.4362,0.2823,1.2782,0.1492,0.01693,0.184,0.001384,0.605,1,21,92.57,0.494,1,0,15.693,15.693,0,30,6015,184210.7,99.98,15,5.37
1786080376441,3460,v1,0.0223,0.8579,0.1573,1.6271,0.2896,0.00715,0.0521,0.001841,0.591,1,20,28.61,0.764,1,1107,18.776,15.116,0,30,5874,289864.9,80.22,18,7.0
1786080377843,3461,v1,0.0534,0.2943,0.2902,2.2075,0.4845,0.02055,0.0527,0.002781,0.614,0,26,91.41,0.998,1,0,13.687,13.687,1,30,5754,131902.7,100.0,13,10.98
1786080379333,3462,v1,0.0551,0.6011,0.4714,1.9488,0.5344,0.01276,0.1317,0.002232,0.666,1,23,94.7,0.663,1,0,13.2,13.2,1,30,5795,131666.5,100.0,13,8.11
1786080380897,3463,v1,0.0538,0.5446,0.1261,0.9012,0.4402,0.02387,0.1508,0.002494,0.642,0,6,29.05,0.589,1,2465,5.0,3.67,1,30,5627,134589.5,100.0,13,12.99
1786080377086,3464,v1,0.0409,0.953,0.1332,1.6979,0.2804,0.02644,0.1743,0.002522,0.712,1,34,67.73,0.557,1,0,21.833,21.833,0,30,6779,295469.9,84.81,17,10.1
1786080379798,3465,v1,0.0109,0.6813,0.227,0.8254,0.9589,0.00409,0.1299,0.002809,0.706,1,4,96.29,0.719,1,4918,3.0,0.427,0,30,5768,345307.4,0.0,-1,10.71
1786080382347,3466,v1,0.0258,0.4342,0.3235,1.4059,0.844,0.00709,0.0834,0.002918,0.671,0,31,53.93,0.427,1,0,0.926,0.926,0,30,6075,346560.7,4.04,-1,10.68
1786080384317,3467,v1,0.0728,0.3472,0.2345,2.203,0.2242,0.00684,0.1421,0.003302,0.703,1,23,46.79,0.816,1,1709,18.596,12.872,0,30,6046,315832.6,85.71,17,13.03
1786080376901,3468,v1,0.0474,0.8665,0.2776,2.4557,0.6961,0.01751,0.1291,0.002156,0.603,1,34,96.03,0.607,1,0,11.852,11.852,1,30,5970,107202.1,100.0,7,8.14
1786080379358,3469,v1,0.0174,0.4197,0.2154,1.1747,0.9337,0.01978,0.1588,0.001578,0.644,0,18,79.75,0.725,1,3165,17.0,9.018,0,30,6114,312845.8,38.6,19,6.15
1786080381121,3470,v1,0.0504,0.8502,0.3114,1.1957,0.2808,0.02641,0.224,0.003557,0.707,0,24,98.53,0.583,1,0,17.8,17.8,0,30,6141,237776.2,95.98,16,13.68
1786080383903,3471,v1,0.0525,0.4652,0.408,0.9472,0.6011,0.02649,0.1841,0.002568,0.643,1,4,49.35,0.743,1,6003,3.0,0.333,0,30,6797,370907.4,11.0,-1,9.52
1786080378712,3472,v1,0.0713,0.642,0.1565,2.1497,0.579,0.01741,0.0727,0.002437,0.664,0,21,26.27,0.556,1,0,13.0,13.0,1,30,5693,129452.2,100.0,13,9.63
1786080380293,3473,v1,0.0694,0.767,0.4847,1.9407,0.389,0.02156,0.2462,0.002891,0.712,0,34,45.14,0.59,1,0,14.32,14.32,1,30,5863,129104.4,100.0,13,10.64
1786080382674,3474,v1,0.0634,0.2242,0.3022,1.7914,0.8226,0.02294,0.0504,0.001577,0.62,1,14,87.98,0.967,1,5535,13.0,0.0,0,30,5659,357361.9,0.0,-1,5.88
1786080383789,3475,v1,0.072,0.6755,0.412,1.1573,0.932,0.01194,0.158,0.003371,0.694,1,27,47.04,0.596,1,680,13.847,12.076,1,30,5712,131550.2,100.0,13,12.68
1786080381054,3476,v1,0.015,0.6117,0.428,0.8788,0.7681,0.01376,0.1315,0.002172,0.652,0,4,59.24,0.927,1,3204,3.0,2.461,0,30,5985,362447.4,0.16,-1,8.39
1786080382763,3477,v1,0.0257,0.6943,0.1044,1.7938,0.7071,0.01269,0.0865,0.001777,0.657,1,18,67.22,0.754,1,0,13.0,13.0,1,30,6605,151517.2,100.0,13,7.09
1786080385091,3478,v1,0.0151,0.5947,0.2039,0.8851,0.9288,0.01054,0.2161,0.003672,0.717,0,33,65.19,0.311,1,0,0.0,0.0,0,30,6500,364057.3,0.0,-1,13.62
1786080386968,3479,v1,0.0565,0.6209,0.1245,1.219,0.4778,0.00365,0.2395,0.001463,0.598,1,22,61.79,0.978,1,1005,16.938,14.137,0,30,6216,256537.8,86.12,16,5.58
1786080380850,3480,v1,0.0577,0.5279,0.1934,2.1028,0.476,0.00961,0.1978,0.00219,0.58,1,13,26.12,0.776,1,4265,10.693,2.125,1,30,5964,136490.2,100.0,8,22.87
1786080382381,3481,v1,0.0102,0.4318,0.2353,2.2413,0.6476,0.01866,0.1222,0.003407,0.713,0,17,55.95,0.87,1,1265,16.0,12.584,1,30,5531,143777.2,100.0,16,35.04
1786080384692,3482,v1,0.0339,0.2514,0.3327,2.1577,0.6223,0.00443,0.2362,0.001861,0.649,0,14,71.99,0.92,1,4011,13.0,5.144,0,30,5764,360017.5,2.99,-1,7.62
1786080387000,3483,v1,0.0583,0.6083,0.2849,1.1172,0.8503,0.01904,0.2393,0.002534,0.699,1,5,65.68,0.663,1,6078,4.0,0.207,0,30,6479,380594.4,4.45,-1,9.97
1786080382593,3484,v1,0.0642,0.3616,0.1524,0.8352,0.1082,0.01034,0.12,0.001527,0.606,0,23,36.46,0.792,1,0,16.55,16.55,0,30,6471,240951.2,89.07,15,6.24
1786080383924,3485,v1,0.0595,0.8611,0.2329,1.236,0.7019,0.01736,0.1159,0.003684,0.675,1,10,34.51,0.946,1,5125,9.0,0.0,1,30,5308,145205.0,100.0,18,18.24
1786080385849,3486,v1,0.0735,0.3848,0.2071,0.8246,0.9225,0.03137,0.1165,0.001373,0.663,0,24,96.53,0.524,1,0,16.106,16.106,0,30,6587,183508.2,97.52,15,4.95
1786080386961,3487,v1,0.0531,0.8475,0.4662,1.0346,0.8102,0.01336,0.07,0.002606,0.598,1,24,58.96,0.748,1,950,6.646,5.544,1,30,6026,53452.3,100.0,5,10.02
1786080383205,3488,v1,0.0641,0.9091,0.4237,1.4383,0.5101,0.00342,0.0644,0.002784,0.594,0,8,72.49,0.383,1,1217,7.0,5.964,0,30,5979,232514.3,78.97,16,10.37
1786080384972,3489,v1,0.0652,0.3456,0.4602,2.0736,0.618,0.01296,0.2202,0.002673,0.581,0,13,79.34,0.468,1,0,12.0,12.0,0,30,6521,181266.1,99.98,15,10.6
1786080387008,3490,v1,0.0494,0.3043,0.4923,2.3467,0.5762,0.01911,0.1623,0.00189,0.684,1,22,99.13,0.583,1,0,17.858,17.858,0,30,6855,240487.5,83.88,17,7.29
1786080388939,3491,v1,0.0209,0.6558,0.12,1.7387,0.8625,0.00921,0.1024,0.003479,0.718,1,6,49.08,0.772,1,5885,5.0,0.527,0,30,6685,382239.6,0.0,-1,12.63
1786080386463,3492,v1,0.0356,0.3635,0.3089,2.368,0.4402,0.02926,0.1057,0.001601,0.712,0,32,93.27,0.843,1,0,19.968,19.968,0,30,6663,278767.8,84.85,18,6.06
1786080388178,3493,v1,0.0672,0.744,0.2606,1.3981,0.129,0.0032,0.221,0.002228,0.717,0,36,92.36,0.792,1,0,25.202,25.202,0,30,6643,307842.9,86.83,18,9.0
1786080389637,3494,v1,0.0712,0.5859,0.3762,2.4074,0.6207,0.00503,0.1153,0.002561,0.609,1,6,30.61,0.597,1,4060,5.0,1.64,0,30,6113,326998.7,32.98,16,9.03
1786080390393,3495,v1,0.0186,0.4502,0.3884,2.0958,0.2256,0.02176,0.2081,0.001361,0.608,1,10,59.93,0.386,1,3710,9.0,4.061,1,30,6845,174570.2,100.0,13,57.02
1786080386396,3496,v1,0.0483,0.5427,0.4885,2.3006,0.9087,0.02901,0.0867,0.002027,0.59,0,19,21.68,0.647,1,0,9.392,9.392,1,30,6045,88093.7,100.0,4,7.49
1786080387663,3497,v1,0.0524,0.8962,0.4842,2.1807,0.9642,0.03157,0.2004,0.003012,0.633,1,36,94.01,0.791,1,0,11.433,11.433,1,30,6987,103771.0,100.0,7,11.39
1786080388728,3498,v1,0.0787,0.8473,0.158,2.4223,0.321,0.00836,0.0827,0.002562,0.653,0,8,35.74,0.839,1,2439,7.0,4.818,1,30,5685,135196.2,100.0,13,21.78
1786080389514,3499,v1,0.0565,0.6833,0.348,1.4518,0.117,0.01005,0.0531,0.001379,0.606,0,29,28.88,0.868,1,497,13.336,12.381,1,30,6107,129042.6,100.0,13,5.35
1786080396924,3500,v1,0.0199,0.6114,0.3124,2.0796,0.9063,0.03051,0.2249,0.001648,0.644,0,32,88.81,0.772,1,0,19.265,19.265,0,30,6605,211783.6,83.99,17,6.45
1786080399411,3501,v1,0.069,0.8053,0.1391,2.0354,0.5452,0.00852,0.0644,0.002742,0.643,1,12,24.82,0.99,1,6011,11.0,0.0,0,30,6198,373003.3,0.0,-1,10.21
1786080401221,3502,v1,0.0408,0.5646,0.4974,2.0231,0.8764,0.0136,0.2329,0.001982,0.597,0,28,79.37,0.322,1,0,12.143,12.143,1,30,6728,119898.7,100.0,7,7.7
1786080402609,3503,v1,0.0697,0.2274,0.3995,1.8029,0.2495,0.02524,0.1124,0.002602,0.677,0,28,96.89,0.643,1,0,13.9,13.9,1,30,6184,134642.3,100.0,13,9.48
1786080397028,3504,v1,0.0338,0.3559,0.1789,1.8524,0.3324,0.02422,0.1035,0.002675,0.591,0,31,58.04,0.843,1,0,12.951,12.951,1,30,6037,113743.3,100.0,10,10.0
1786080398179,3505,v1,0.0473,0.2741,0.4204,1.3999,0.4367,0.02908,0.0627,0.003675,0.647,0,31,92.38,0.33,1,0,13.103,13.103,1,30,5670,111176.6,100.0,10,14.11
1786080400612,3506,v1,0.0105,0.8479,0.3209,0.8727,0.4913,0.01782,0.1729,0.001727,0.66,1,18,38.4,0.816,1,5674,17.0,0.0,0,30,5850,361329.0,0.0,-1,6.85
1786080402180,3507,v1,0.0231,0.6053,0.4731,2.1746,0.7341,0.02952,0.0698,0.002586,0.602,0,35,45.29,0.782,1,0,17.664,17.664,0,30,6238,169204.8,91.58,14,9.47
1786080397331,3508,v1,0.0319,0.9931,0.4205,1.8113,0.5235,0.02543,0.1322,0.002223,0.6,0,13,98.88,0.791,1,0,10.132,10.132,1,30,6248,111419.5,100.0,7,8.15
1786080399025,3509,v1,0.0686,0.2468,0.2761,1.023,0.926,0.01603,0.0802,0.00132,0.671,0,12,45.62,0.82,1,2208,10.215,7.143,1,30,6547,131988.6,100.0,9,4.6
1786080399998,3510,v1,0.069,0.8321,0.3825,2.1046,0.5029,0.01681,0.1611,0.002921,0.582,0,17,99.45,0.808,1,0,7.632,7.632,1,30,5749,63630.2,100.0,3,11.08
1786080401389,3511,v1,0.0227,0.5991,0.4501,0.8192,0.3695,0.01252,0.0507,0.002611,0.624,0,19,84.06,0.705,1,0,13.0,13.0,1,30,5608,123413.2,100.0,13,10.25
1786080398805,3512,v1,0.0137,0.8089,0.2161,1.6922,0.172,0.02561,0.217,0.001405,0.642,1,25,65.45,0.867,1,0,13.543,13.543,0,30,6428,248817.6,64.76,18,5.85
1786080399987,3513,v1,0.056,0.3178,0.2414,2.3213,0.3083,0.00822,0.1649,0.002687,0.702,0,35,43.2,0.613,1,0,15.3,15.3,1,30,5704,133158.6,100.0,13,10.45
1786080401502,3514,v1,0.0352,0.835,0.4852,2.4616,0.7124,0.03175,0.1169,0.002316,0.589,0,8,88.77,0.678,1,0,7.0,7.0,0,30,5717,150624.1,90.17,13,8.9
1786080403053,3515,v1,0.0203,0.2573,0.4624,0.8395,0.331,0.01181,0.0606,0.002745,0.61,0,24,79.77,0.701,1,0,13.366,13.366,1,30,6001,135024.6,100.0,13,10.25
1786080398853,3516,v1,0.0399,0.9423,0.4826,1.7207,0.8344,0.02616,0.0717,0.002227,0.581,1,21,21.46,0.596,1,855,14.135,11.993,0,30,5784,170956.8,85.04,13,7.92
1786080400431,3517,v1,0.0734,0.7922,0.4404,2.2669,0.3334,0.02417,0.0748,0.003288,0.665,0,4,60.52,0.81,1,3522,3.0,2.474,1,30,6768,173345.2,100.0,13,42.69
1786080402235,3518,v1,0.0791,0.8709,0.1524,2.0579,0.3841,0.02313,0.0891,0.002106,0.638,0,9,67.98,0.472,1,2255,7.984,5.956,1,30,6778,166790.2,100.0,13,8.96
1786080403670,3519,v1,0.063,0.4843,0.3763,2.4596,0.1196,0.01632,0.1472,0.002866,0.704,0,12,69.29,0.367,1,1160,11.0,9.241,1,30,6115,146117.8,100.0,13,28.09
1786080399254,3520,v1,0.0588,0.4693,0.2174,1.8446,0.4967,0.00461,0.0579,0.003113,0.654,0,30,95.71,0.814,1,0,14.35,14.35,1,30,6926,149475.0,100.0,13,12.29
1786080400738,3521,v1,0.0656,0.2463,0.18,1.3438,0.901,0.01141,0.2003,0.001956,0.662,1,21,92.98,0.917,1,0,13.545,13.545,1,30,6172,141989.0,100.0,13,7.18
1786080402495,3522,v1,0.0548,0.9436,0.2545,2.0322,0.1336,0.02102,0.172,0.001891,0.626,0,32,49.93,0.755,1,0,19.488,19.488,0,30,6120,234200.5,98.2,16,7.5
1786080405203,3523,v1,0.026,0.5279,0.2431,1.6145,0.6738,0.01305,0.0738,0.001508,0.677,1,27,98.5,0.979,1,0,2.179,2.179,0,30,6349,366209.6,10.61,-1,6.25
1786080399586,3524,v1,0.0505,0.971,0.4194,2.4805,0.3225,0.00667,0.1402,0.001819,0.613,1,21,51.13,0.822,1,0,12.886,12.886,1,30,5690,127743.3,100.0,13,6.24
1786080400835,3525,v1,0.0783,0.9672,0.4424,0.9541,0.754,0.02591,0.1651,0.00338,0.585,0,19,21.31,0.791,1,0,4.239,4.239,1,30,6039,25704.9,100.0,2,12.7
1786080402241,3526,v1,0.0788,0.9278,0.3797,1.3393,0.2915,0.00786,0.0799,0.002199,0.688,0,15,89.56,0.97,1,0,13.0,13.0,1,30,6470,150079.7,100.0,13,8.89
1786080404173,3527,v1,0.0443,0.9035,0.2493,1.6802,0.9688,0.00547,0.229,0.003359,0.587,1,28,95.23,0.844,1,0,17.955,17.955,0,30,7021,205082.9,87.07,16,12.82
1786080404830,3528,v1,0.0169,0.7413,0.2072,1.5503,0.652,0.02464,0.1915,0.002654,0.686,1,16,73.24,0.832,1,6057,15.0,0.576,0,30,6550,399581.1,0.8,-1,9.82
1786080407484,3529,v1,0.0231,0.3807,0.1363,2.383,0.2085,0.01019,0.1425,0.002881,0.665,0,27,53.02,0.642,1,0,0.0,0.0,0,30,6632,397124.9,0.0,-1,10.07
1786080409087,3530,v1,0.0651,0.5452,0.4239,1.8351,0.4746,0.02275,0.0813,0.001213,0.649,0,28,65.44,0.478,1,0,11.406,11.406,1,30,6695,116594.5,100.0,6,4.84
1786080410018,3531,v1,0.0681,0.7875,0.107,1.4315,0.5319,0.02969,0.094,0.003228,0.582,0,28,48.23,0.704,1,0,6.73,6.73,1,30,6545,46022.8,100.0,3,11.26
1786080404460,3532,v1,0.0213,0.7242,0.3693,1.0587,0.8366,0.01114,0.2344,0.002326,0.595,0,32,53.63,0.631,1,0,18.927,18.927,0,30,5709,175799.7,84.68,16,8.46
1786080405601,3533,v1,0.0623,0.2408,0.1508,1.7377,0.7733,0.02956,0.216,0.003386,0.593,1,20,26.03,0.801,1,0,9.264,9.264,1,30,5460,83390.9,100.0,6,12.01
1786080408322,3534,v1,0.0231,0.9758,0.3756,1.9383,0.9997,0.01445,0.2226,0.00273,0.686,0,22,38.37,0.722,1,0,0.535,0.535,0,30,6585,384656.4,2.88,-1,10.6
1786080410122,3535,v1,0.0287,0.6152,0.357,2.1182,0.3305,0.02881,0.1925,0.001937,0.701,0,30,59.35,0.362,1,0,14.355,14.355,1,30,8154,167525.9,100.0,13,7.65
1786080406280,3536,v1,0.0149,0.9332,0.4784,1.1336,0.5755,0.00993,0.2303,0.002893,0.686,1,21,94.7,0.511,1,0,0.0,0.0,0,30,6308,356214.7,0.0,-1,11.11
1786080407730,3537,v1,0.0176,0.6502,0.4153,1.4386,0.5217,0.02606,0.0719,0.002053,0.654,1,10,93.83,0.835,1,5774,9.0,0.0,1,30,5882,163474.6,0.0,-1,100.0
1786080409549,3538,v1,0.0299,0.4377,0.1296,2.3515,0.3234,0.02794,0.1878,0.001972,0.616,1,30,78.0,0.77,1,0,14.29,14.29,1,30,6610,149223.6,100.0,13,7.1
1786080411430,3539,v1,0.0405,0.3035,0.2242,0.9198,0.1839,0.01437,0.2122,0.003071,0.688,1,7,83.54,0.67,1,4745,6.0,1.347,1,30,6242,164035.0,100.0,14,70.91
1786080405663,3540,v1,0.0167,0.219,0.2338,1.7072,0.4241,0.02628,0.1313,0.003656,0.713,0,19,20.44,0.359,1,0,15.102,15.102,1,30,6669,165679.8,100.0,15,14.38
1786080407310,3541,v1,0.0407,0.9931,0.4851,1.7988,0.9149,0.02104,0.1708,0.00339,0.664,0,15,23.58,0.687,1,0,12.851,12.851,1,30,6158,138431.4,100.0,13,12.42
1786080408654,3542,v1,0.0284,0.7639,0.315,1.6362,0.4734,0.01926,0.1347,0.002935,0.614,0,11,94.55,0.651,1,0,10.0,10.0,1,30,5736,130960.7,100.0,13,11.35
1786080410039,3543,v1,0.0555,0.9052,0.4075,2.0042,0.3238,0.03197,0.1768,0.002679,0.592,0,21,30.64,0.667,1,0,8.695,8.695,1,30,7513,95996.9,100.0,5,10.54
1786080406111,3544,v1,0.0499,0.8719,0.1245,1.9955,0.5604,0.03147,0.1421,0.002493,0.686,1,23,55.13,0.937,1,869,13.195,11.116,1,30,5735,135642.0,100.0,13,9.73
1786080407403,3545,v1,0.0301,0.9159,0.2773,2.3076,0.6781,0.02449,0.1918,0.002409,0.696,0,25,79.42,0.328,1,0,13.521,13.521,1,30,5147,115568.2,100.0,13,9.21
1786080409176,3546,v1,0.0763,0.8098,0.4582,2.4073,0.1984,0.02743,0.2269,0.003648,0.647,0,35,91.17,0.406,1,0,18.218,18.218,0,30,6021,178636.0,97.54,15,13.85
1786080410736,3547,v1,0.0635,0.3614,0.4271,2.3326,0.4889,0.00606,0.2248,0.002138,0.675,0,7,87.54,0.892,1,0,6.0,6.0,1,30,7266,174563.9,100.0,13,8.3
1786080407259,3548,v1,0.0262,0.8692,0.2018,2.2894,0.3327,0.03176,0.2127,0.002092,0.699,0,30,92.62,0.586,1,0,20.212,20.212,0,30,5877,203486.9,88.55,18,8.01
1786080409793,3549,v1,0.0183,0.5778,0.3233,0.9706,0.7974,0.00506,0.1914,0.002743,0.68,1,29,58.36,0.995,1,0,0.0,0.0,0,30,6817,407589.3,0.0,-1,10.3
1786080411328,3550,v1,0.0557,0.7873,0.4139,1.2802,0.6035,0.02818,0.0577,0.003395,0.641,1,34,91.84,0.76,1,0,13.38,13.38,1,30,5852,118536.5,100.0,10,12.06
1786080413623,3551,v1,0.0505,0.4218,0.1325,2.1925,0.381,0.01663,0.2143,0.00313,0.664,1,12,86.62,0.554,1,3927,11.0,3.929,0,30,6301,335732.9,33.28,18,10.73
1786080407435,3552,v1,0.0304,0.3217,0.3716,2.3593,0.1074,0.01824,0.0773,0.002317,0.59,1,21,54.39,0.878,1,0,13.0,13.0,1,30,6380,142164.4,100.0,13,9.33
1786080409373,3553,v1,0.0413,0.897,0.2121,2.102,0.5692,0.02039,0.2065,0.003291,0.708,1,7,41.88,0.714,1,5938,6.0,1.056,1,30,7337,192101.4,100.0,24,84.56
1786080411598,3554,v1,0.0429,0.9723,0.2508,1.8918,0.4847,0.02063,0.0577,0.001515,0.683,0,5,26.55,0.654,1,2217,4.0,3.334,0,30,6708,320842.2,59.08,17,6.04
1786080414125,3555,v1,0.0306,0.7754,0.4776,1.995,0.3168,0.01808,0.0639,0.003168,0.714,1,31,90.96,0.397,1,0,2.716,2.716,0,30,6242,350514.8,12.17,-1,11.39
1786080412340,3556,v1,0.0564,0.613,0.126,2.3364,0.4012,0.02268,0.2454,0.0034,0.598,1,30,73.73,0.911,1,999,17.276,14.394,0,30,6540,206071.1,90.31,15,12.23
1786080415172,3557,v1,0.0118,0.6856,0.3173,1.5988,0.1921,0.01511,0.0542,0.003024,0.715,0,9,45.16,0.474,1,1737,8.0,6.304,0,30,6302,373793.8,0.0,-1,11.28
1786080416875,3558,v1,0.0112,0.9086,0.4112,1.4081,0.1296,0.02784,0.1676,0.001646,0.637,0,33,24.84,0.341,1,193,18.984,18.449,0,30,6388,203426.6,86.68,16,6.29
1786080418421,3559,v1,0.0222,0.4879,0.1637,0.873,0.6725,0.0202,0.1315,0.003317,0.609,0,16,61.63,0.614,1,0,12.148,12.148,1,30,6675,138026.2,100.0,11,12.27
1786080412649,3560,v1,0.0354,0.4021,0.435,1.1153,0.648,0.01937,0.1534,0.001533,0.594,0,32,88.23,0.652,1,0,17.181,17.181,0,30,6017,169169.6,91.55,14,6.75
1786080414827,3561,v1,0.0561,0.3065,0.3467,1.5062,0.1482,0.01028,0.203,0.003243,0.647,0,18,44.88,0.622,1,0,16.666,16.666,0,30,6445,249891.8,93.63,16,12.07
1786080416295,3562,v1,0.0201,0.5546,0.309,0.8075,0.32,0.01718,0.1118,0.001786,0.59,1,8,62.74,0.977,1,3582,6.914,2.776,1,30,6126,132919.8,100.0,7,62.16
1786080418059,3563,v1,0.0777,0.9683,0.1735,2.0217,0.2842,0.02955,0.1634,0.003521,0.671,0,18,49.94,0.847,1,0,15.863,15.863,0,30,6438,212626.7,96.71,16,13.23
1786080413581,3564,v1,0.0568,0.9886,0.4453,2.3188,0.8196,0.00978,0.138,0.003451,0.654,1,36,55.16,0.793,1,898,20.158,16.71,0,30,5859,192837.6,87.82,17,12.85
1786080415566,3565,v1,0.0483,0.2926,0.3589,1.0158,0.2224,0.01018,0.1221,0.002639,0.69,0,26,30.95,0.572,1,0,19.445,19.445,0,30,5922,267757.6,90.67,18,9.46
1786080416688,3566,v1,0.07,0.9513,0.1196,1.0891,0.4928,0.03137,0.1002,0.002758,0.593,1,27,58.36,0.969,1,933,7.927,6.618,1,30,5957,61896.3,100.0,4,9.82
1786080419816,3567,v1,0.0122,0.9847,0.3109,2.2501,0.2016,0.00499,0.1825,0.003341,0.612,1,28,86.25,0.77,1,0,0.0,0.0,0,30,7492,435435.3,0.0,-1,13.01
1786080413653,3568,v1,0.0752,0.7233,0.2072,1.8018,0.1913,0.02442,0.0518,0.002569,0.602,0,19,43.84,0.911,1,0,11.244,11.244,1,30,6177,114110.6,100.0,6,9.57
1786080415553,3569,v1,0.0167,0.2146,0.1281,2.2293,0.9616,0.02567,0.2369,0.002678,0.624,0,30,78.68,0.471,1,0,19.002,19.002,0,30,6378,210782.6,88.34,17,9.89
1786080417252,3570,v1,0.0687,0.4609,0.3755,1.0204,0.6621,0.01644,0.148,0.003497,0.689,0,28,82.62,0.598,1,0,17.88,17.88,0,30,6325,189913.1,85.62,16,12.27
1786080419687,3571,v1,0.0309,0.4458,0.3076,2.0906,0.6749,0.00608,0.1878,0.002804,0.688,1,16,61.67,0.841,1,5339,15.0,0.0,0,30,5576,346722.7,0.0,-1,10.58
1786080414512,3572,v1,0.0751,0.3428,0.4154,1.6679,0.3719,0.01194,0.089,0.002955,0.711,1,21,42.19,0.737,1,0,13.782,13.782,1,30,6523,151555.3,100.0,13,11.22
1786080416785,3573,v1,0.0531,0.5466,0.3204,2.4293,0.6378,0.02667,0.1906,0.00329,0.719,1,25,54.11,0.663,1,737,18.604,16.411,0,30,6719,261604.1,85.85,17,11.79
1786080419078,3574,v1,0.0784,0.4399,0.3281,2.3661,0.8197,0.01075,0.0622,0.002921,0.708,1,19,33.73,0.95,1,573,17.399,15.763,0,30,6179,261194.9,90.28,17,10.13
1786080421716,3575,v1,0.022,0.8425,0.2698,1.0733,0.4213,0.00694,0.0988,0.00369,0.582,0,12,28.79,0.786,1,3031,11.0,6.59,0,30,6442,299889.2,44.56,17,13.32
1786080416168,3576,v1,0.0399,0.2421,0.2529,0.9306,0.5297,0.01317,0.093,0.002211,0.653,1,24,51.2,0.505,1,691,18.096,16.048,0,30,6370,225114.0,85.67,17,8.63
1786080417713,3577,v1,0.0566,0.8483,0.2515,2.1925,0.805,0.01241,0.0528,0.003259,0.659,0,28,99.64,0.692,1,0,13.875,13.875,1,30,6679,147973.1,100.0,13,12.47
1786080419812,3578,v1,0.0341,0.4474,0.4214,1.2934,0.8665,0.00875,0.1761,0.001406,0.625,0,18,55.54,0.455,1,0,13.0,13.0,1,30,7025,145570.5,100.0,13,5.47
1786080422146,3579,v1,0.0307,0.3494,0.3346,1.1443,0.2552,0.00378,0.2201,0.003693,0.713,1,29,43.75,0.689,1,0,0.0,0.0,0,30,6226,366828.6,0.0,-1,13.64
1786080416291,3580,v1,0.0658,0.9753,0.3297,2.3428,0.612,0.00901,0.0763,0.002719,0.655,0,15,93.12,0.569,1,0,13.0,13.0,1,30,6522,144875.8,100.0,13,10.44
1786080417661,3581,v1,0.0198,0.661,0.1935,0.9806,0.7704,0.01184,0.1333,0.003158,0.667,0,35,23.43,0.378,1,255,14.56,13.958,1,30,5788,132454.3,100.0,13,11.14
1786080419795,3582,v1,0.0533,0.907,0.3524,1.4403,0.2554,0.01475,0.172,0.001718,0.627,1,32,99.37,0.369,1,0,18.324,18.324,0,30,6689,222610.6,92.17,15,7.3
1786080421232,3583,v1,0.0264,0.6664,0.3825,2.1725,0.7113,0.00523,0.2076,0.003636,0.702,1,10,31.05,0.838,1,5466,9.0,0.0,1,30,5654,154007.4,0.0,-1,100.0
1786080420150,3584,v1,0.065,0.6392,0.4393,0.9684,0.6376,0.01075,0.2246,0.002539,0.591,0,32,90.61,0.436,1,0,8.216,8.216,1,30,6167,62381.2,100.0,4,9.52
1786080422304,3585,v1,0.0209,0.6994,0.1223,1.1055,0.7578,0.0072,0.1511,0.003661,0.6,0,15,81.03,0.379,1,1603,14.0,10.875,0,30,6464,314349.8,43.42,18,13.17
1786080423843,3586,v1,0.0384,0.9159,0.3864,1.0442,0.6036,0.02485,0.2477,0.001648,0.609,1,22,71.71,0.385,1,0,15.275,15.275,0,30,6148,168342.4,86.71,14,6.1
1786080425862,3587,v1,0.0433,0.8637,0.2553,0.9216,0.1345,0.02402,0.143,0.003666,0.635,1,5,48.73,0.698,1,5161,4.0,0.858,0,30,6667,362814.8,18.93,-1,13.83
1786080421157,3588,v1,0.0742,0.5282,0.2035,1.1035,0.8808,0.01233,0.0614,0.002941,0.691,1,24,76.81,0.907,1,0,17.574,17.574,0,30,5909,176715.4,92.22,16,10.58
1786080422280,3589,v1,0.0501,0.6635,0.4848,2.226,0.8789,0.01149,0.2465,0.002807,0.72,0,14,90.29,0.729,1,0,13.0,13.0,1,30,5783,133697.9,100.0,13,10.25
1786080423807,3590,v1,0.0491,0.2176,0.1929,0.8694,0.7934,0.02231,0.2,0.001881,0.596,0,30,23.5,0.43,1,0,10.771,10.771,1,30,7470,102684.7,100.0,6,7.78
1786080424988,3591,v1,0.0234,0.705,0.3555,1.8378,0.9684,0.02223,0.1708,0.001586,0.6,0,21,98.36,0.547,1,0,16.04,16.04,0,30,6109,176077.4,88.12,15,6.25
1786080421749,3592,v1,0.0343,0.5587,0.4252,1.4814,0.5329,0.01387,0.2026,0.001342,0.709,1,22,58.78,0.401,1,590,13.346,12.009,1,30,6044,138143.0,100.0,13,14.63
1786080423289,3593,v1,0.0316,0.7399,0.4243,1.165,0.1866,0.00808,0.1074,0.001619,0.598,0,18,84.96,0.357,1,0,12.25,12.25,1,30,6919,142440.6,100.0,13,6.4
1786080424467,3594,v1,0.0559,0.5826,0.1859,2.3925,0.6083,0.0125,0.2341,0.001893,0.598,1,26,41.13,0.393,1,441,17.547,16.203,0,30,6028,198277.7,84.02,16,7.76
1786080425906,3595,v1,0.0124,0.3451,0.1024,1.9465,0.1402,0.00319,0.0858,0.002756,0.658,0,15,48.36,0.326,1,1365,14.0,11.099,1,30,5884,158489.9,100.0,17,32.66
1786080422348,3596,v1,0.0687,0.9625,0.2721,1.8118,0.7368,0.00545,0.1601,0.001903,0.596,1,7,94.53,0.346,1,2800,6.0,3.336,1,30,6385,157839.5,100.0,13,8.63
1786080423876,3597,v1,0.0681,0.7966,0.3555,1.6321,0.8908,0.02506,0.1348,0.002776,0.582,1,27,96.14,0.382,1,0,14.948,14.948,0,30,6340,151479.1,94.13,11,10.93
1786080425085,3598,v1,0.0245,0.5604,0.1907,2.3123,0.7515,0.00415,0.0915,0.001701,0.594,0,16,87.71,0.635,1,0,13.0,13.0,1,30,5842,130637.0,100.0,13,6.8
1786080426146,3599,v1,0.016,0.5948,0.2384,1.6698,0.8016,0.01963,0.2223,0.002642,0.671,1,16,63.27,0.308,1,0,13.0,13.0,1,30,6104,135207.8,100.0,13,9.44
1786080432439,3600,v1,0.0753,0.8726,0.1385,2.2521,0.1617,0.02239,0.1688,0.002521,0.615,1,25,62.06,0.613,1,917,16.62,13.676,0,30,5501,206998.6,85.9,15,9.45
1786080433712,3601,v1,0.0325,0.9145,0.1228,2.0142,0.2982,0.022,0.1142,0.001498,0.627,1,36,98.38,0.439,1,0,14.716,14.716,1,30,6207,137241.7,100.0,13,5.78
1786080435412,3602,v1,0.0259,0.4976,0.4081,0.9007,0.3462,0.01606,0.1208,0.001639,0.631,0,31,85.11,0.491,1,0,18.922,18.922,0,30,6419,206555.7,97.23,17,5.69
1786080436999,3603,v1,0.0368,0.4762,0.2282,0.8568,0.8117,0.0193,0.222,0.002064,0.66,0,29,49.0,0.733,1,0,14.198,14.198,1,30,6398,142491.6,100.0,13,7.96
1786080433302,3604,v1,0.0366,0.3136,0.4731,1.7841,0.9076,0.02826,0.1304,0.002708,0.63,1,12,46.62,0.356,1,2916,11.0,5.309,0,30,5781,248158.2,41.79,15,10.17
1786080434939,3605,v1,0.0173,0.3828,0.4425,0.8178,0.5527,0.02742,0.1546,0.002774,0.645,0,35,38.58,0.621,1,0,18.655,18.655,0,30,6053,175102.4,84.57,15,10.74
1786080437118,3606,v1,0.0631,0.5341,0.1467,2.488,0.9829,0.0236,0.0598,0.002161,0.698,0,13,46.6,0.644,1,3109,12.0,6.878,0,30,6228,300999.0,42.25,17,8.67
1786080439235,3607,v1,0.0521,0.4013,0.2803,2.0098,0.325,0.01249,0.1929,0.001947,0.693,1,35,87.75,0.508,1,0,24.604,24.604,0,30,6203,294215.5,93.14,18,7.35
1786080433087,3608,v1,0.06,0.6164,0.3913,1.0729,0.8002,0.01318,0.1651,0.002877,0.62,1,35,42.83,0.42,1,467,10.887,10.015,1,30,6446,95059.2,100.0,5,11.01
1786080435128,3609,v1,0.0371,0.7143,0.3515,1.5459,0.176,0.02272,0.0625,0.001769,0.696,1,7,92.84,0.337,1,2655,6.0,3.057,0,30,5468,294568.6,42.99,18,6.82
1786080436800,3610,v1,0.0656,0.6744,0.3056,1.0336,0.3339,0.02889,0.2315,0.00289,0.596,0,26,49.72,0.449,1,0,14.21,14.21,0,30,6051,135100.3,87.71,11,10.35
1786080439321,3611,v1,0.0204,0.7951,0.273,2.3977,0.8096,0.00824,0.0529,0.003134,0.665,1,8,90.05,0.864,1,6521,7.0,0.0,0,30,6674,374664.4,0.0,-1,11.37
1786080433948,3612,v1,0.0291,0.7642,0.4238,1.8315,0.2079,0.03126,0.2402,0.003603,0.688,0,6,79.52,0.755,1,0,5.0,5.0,0,30,5854,186543.0,83.99,17,12.76
1786080435692,3613,v1,0.0578,0.2862,0.4077,0.8059,0.1574,0.01889,0.1053,0.001689,0.673,0,36,91.01,0.753,1,0,20.797,20.797,0,30,6269,248258.1,87.72,16,6.8
1786080437105,3614,v1,0.067,0.5469,0.1298,2.146,0.9661,0.01495,0.1823,0.00162,0.627,1,27,55.64,0.523,1,661,13.854,12.351,1,30,6291,144508.7,100.0,13,6.26
1786080438933,3615,v1,0.0245,0.8321,0.1478,1.1329,0.67,0.02357,0.2169,0.002681,0.618,0,22,54.01,0.561,1,0,16.903,16.903,0,30,6202,188767.9,89.53,16,10.03
1786080434853,3616,v1,0.0385,0.6493,0.2864,2.1159,0.3344,0.01111,0.1435,0.003731,0.619,0,8,99.74,0.73,1,0,7.0,7.0,0,30,6103,244476.5,90.13,17,13.83
1786080436786,3617,v1,0.0529,0.8726,0.2489,1.4532,0.123,0.01145,0.1258,0.003341,0.597,0,29,20.92,0.811,1,1319,18.131,14.531,0,30,6587,267934.0,91.62,15,11.96
1786080438463,3618,v1,0.015,0.6988,0.3338,0.9397,0.8301,0.026,0.1095,0.003517,0.632,1,18,92.85,0.843,1,234,16.259,15.558,0,30,6024,190222.7,86.04,15,12.57
1786080439971,3619,v1,0.0473,0.4694,0.4053,2.0993,0.5916,0.02437,0.2242,0.00122,0.693,1,5,78.21,0.522,1,3487,4.0,1.679,1,30,6040,165188.3,100.0,13,59.8
1786080435086,3620,v1,0.017,0.9263,0.3946,2.1773,0.4343,0.01543,0.1868,0.002188,0.583,0,21,44.59,0.572,1,0,17.003,17.003,0,30,5695,177376.3,88.72,16,8.09
1786080436833,3621,v1,0.0265,0.4024,0.4762,1.5467,0.9726,0.01609,0.2183,0.003102,0.697,1,23,33.45,0.598,1,679,14.196,12.639,1,30,6517,149835.8,100.0,14,21.57
1786080438349,3622,v1,0.0336,0.6164,0.3153,1.3706,0.626,0.01075,0.2324,0.003095,0.675,0,33,81.66,0.639,1,0,14.38,14.38,1,30,5708,131427.0,100.0,13,11.46
1786080439990,3623,v1,0.025,0.881,0.1185,1.2944,0.8216,0.0313,0.1688,0.002677,0.681,0,26,94.28,0.747,1,0,18.481,18.481,0,30,6068,190244.1,89.74,17,9.9
1786080436373,3624,v1,0.0184,0.6764,0.238,1.4974,0.488,0.02005,0.0839,0.002684,0.584,1,9,80.82,0.463,1,3470,8.0,3.359,0,30,6106,285834.9,37.63,15,9.61
1786080438109,3625,v1,0.0212,0.8006,0.118,1.7074,0.9614,0.02083,0.0983,0.001553,0.637,1,12,24.92,0.591,1,4356,11.0,3.651,1,30,6631,168014.0,100.0,13,69.1
1786080439824,3626,v1,0.0168,0.7824,0.4633,1.7491,0.3934,0.02444,0.2043,0.003002,0.582,0,13,55.14,0.736,1,2420,10.707,7.334,1,30,7425,153949.8,100.0,7,41.39
1786080441198,3627,v1,0.0574,0.4783,0.3111,2.0391,0.134,0.00664,0.1998,0.00333,0.693,1,33,31.92,0.945,1,0,15.356,15.356,1,30,6200,136884.7,100.0,14,12.11
1786080440444,3628,v1,0.0101,0.9572,0.1512,1.8995,0.1462,0.00756,0.201,0.003177,0.612,1,20,39.85,0.685,1,5352,19.0,2.869,0,30,6699,412924.4,0.0,-1,12.27
1786080441721,3629,v1,0.0543,0.7909,0.2667,1.1981,0.6964,0.01247,0.1062,0.002544,0.689,0,11,77.92,0.432,1,1675,10.0,7.761,1,30,6135,147412.9,100.0,13,10.01
1786080443297,3630,v1,0.0792,0.9048,0.1658,2.2197,0.4352,0.01225,0.2315,0.001789,0.589,1,35,97.49,0.33,1,0,12.522,12.522,1,30,6287,118513.6,100.0,7,6.84
1786080444780,3631,v1,0.0464,0.7351,0.4521,1.8774,0.7222,0.02276,0.2087,0.001514,0.642,1,13,26.15,0.723,1,3101,10.224,3.706,1,30,5576,115600.1,100.0,8,55.33
1786080440976,3632,v1,0.06,0.3544,0.4733,1.2473,0.9928,0.00686,0.0532,0.002453,0.642,1,16,53.04,0.621,1,0,13.0,13.0,1,30,6240,139371.0,100.0,13,8.93
1786080442577,3633,v1,0.0472,0.9776,0.4146,2.1996,0.9437,0.00652,0.0977,0.003105,0.629,0,14,68.61,0.783,1,0,13.0,13.0,1,30,6387,141921.9,100.0,13,12.09
1786080444821,3634,v1,0.0692,0.9442,0.3404,0.9323,0.4054,0.03145,0.1779,0.002349,0.617,1,11,99.84,0.414,1,3422,10.0,4.671,0,30,6571,279644.5,43.1,14,9.01
1786080446290,3635,v1,0.0668,0.4896,0.2507,2.3529,0.4011,0.0076,0.1933,0.002332,0.608,1,20,39.08,0.86,1,0,13.0,13.0,1,30,6135,138526.1,100.0,13,8.72
1786080441374,3636,v1,0.0123,0.6408,0.334,1.8081,0.206,0.00968,0.1436,0.002894,0.641,0,34,72.68,0.635,1,0,14.365,14.365,1,30,5979,134235.6,100.0,13,11.51
1786080443574,3637,v1,0.0124,0.5519,0.287,1.0041,0.9483,0.00395,0.1727,0.003215,0.673,1,15,67.64,0.55,1,4009,14.0,2.851,0,30,5250,305089.6,0.0,-1,11.54
1786080445777,3638,v1,0.0342,0.6755,0.2351,2.4527,0.9533,0.00337,0.1153,0.002098,0.601,1,25,44.14,0.5,1,559,16.567,14.901,0,30,6811,281838.9,81.09,18,8.05
1786080448384,3639,v1,0.0126,0.7304,0.4889,2.2477,0.2811,0.01731,0.1817,0.003369,0.604,0,11,43.96,0.952,1,3890,10.0,5.016,0,30,6472,311841.7,31.41,18,12.56
1786080441969,3640,v1,0.0435,0.7386,0.3838,2.4266,0.2425,0.03003,0.106,0.002515,0.645,1,34,74.42,0.46,1,0,14.113,14.113,1,30,6207,139403.4,100.0,13,9.44
1786080443689,3641,v1,0.0416,0.5976,0.3491,1.3927,0.6876,0.02321,0.1555,0.002489,0.713,1,11,23.17,0.577,1,4648,10.0,2.373,1,30,6233,163855.5,100.0,13,78.02
1786080445655,3642,v1,0.0539,0.667,0.4728,1.524,0.3353,0.00982,0.2373,0.001437,0.666,0,6,34.05,0.583,1,2750,5.0,3.832,1,30,7120,177710.0,100.0,13,27.46
1786080447668,3643,v1,0.0314,0.2808,0.384,1.4243,0.4802,0.0225,0.1906,0.001975,0.686,1,33,30.02,0.308,1,488,19.675,18.221,0,30,6963,241112.7,85.14,17,7.11
1786080443067,3644,v1,0.0523,0.5832,0.4132,2.0544,0.5262,0.0057,0.2311,0.003576,0.589,1,32,64.33,0.31,1,0,14.154,14.154,1,30,6812,153301.5,100.0,13,13.26
1786080445616,3645,v1,0.0636,0.2138,0.2553,0.9269,0.2786,0.01265,0.1514,0.003664,0.667,1,8,47.07,0.505,1,3896,7.0,2.987,0,30,6970,343925.8,40.08,17,14.22
1786080447411,3646,v1,0.0425,0.266,0.2904,1.492,0.917,0.01188,0.1048,0.002527,0.687,0,9,59.25,0.607,1,3238,8.0,5.179,1,30,7029,172852.2,100.0,14,52.06
1786080449354,3647,v1,0.068,0.5821,0.4775,2.1675,0.9627,0.01607,0.1978,0.001775,0.714,1,13,34.36,0.925,1,6176,12.0,0.0,1,30,6336,178337.7,100.0,20,32.17
1786080443140,3648,v1,0.0552,0.6404,0.1531,1.6637,0.4996,0.02677,0.2216,0.001411,0.589,1,18,76.34,0.46,1,0,10.474,10.474,1,30,5930,103180.0,100.0,7,6.05
1786080444838,3649,v1,0.0174,0.7479,0.2399,0.974,0.4675,0.02175,0.2386,0.001219,0.584,1,31,43.48,0.764,1,931,16.799,14.105,0,30,5989,174742.1,86.44,14,4.69
1786080446381,3650,v1,0.035,0.9337,0.2513,2.2418,0.7605,0.01387,0.0738,0.003639,0.703,1,12,43.58,0.743,1,5908,11.0,0.063,1,30,6197,168395.1,100.0,25,99.48
1786080448804,3651,v1,0.0523,0.5199,0.1358,2.2963,0.6041,0.00519,0.1367,0.002335,0.71,0,20,75.75,0.974,1,1789,18.97,13.913,0,30,6287,337910.3,56.14,19,8.67
1786080443490,3652,v1,0.0465,0.227,0.2791,1.1011,0.5706,0.02836,0.2488,0.002228,0.617,0,22,98.29,0.305,1,0,10.311,10.311,1,30,5766,100104.3,100.0,7,8.52
1786080445668,3653,v1,0.0619,0.2317,0.3968,2.4872,0.2927,0.02057,0.085,0.003251,0.657,1,27,65.41,0.923,1,1712,18.032,12.944,0,30,6575,271065.1,84.37,16,11.47
1786080447016,3654,v1,0.0757,0.5683,0.1791,1.2137,0.1945,0.00999,0.1979,0.002538,0.613,0,24,67.52,0.779,1,0,10.947,10.947,1,30,5595,97778.2,100.0,5,9.38
1786080449372,3655,v1,0.0573,0.482,0.2774,1.9804,0.9633,0.00694,0.0721,0.003518,0.676,0,10,35.0,0.869,1,2845,9.0,5.947,0,30,6730,307315.1,48.57,17,13.42
1786080446778,3656,v1,0.0508,0.7465,0.4504,2.0433,0.5096,0.01638,0.0972,0.002479,0.604,0,36,69.04,0.376,1,0,11.811,11.811,1,30,6462,107048.9,100.0,5,9.5
1786080448340,3657,v1,0.0634,0.7407,0.2419,1.0841,0.7819,0.01993,0.2247,0.003025,0.619,1,22,98.49,0.881,1,0,12.944,12.944,1,30,6030,135137.4,100.0,13,11.29
1786080449925,3658,v1,0.0545,0.9206,0.4668,1.8747,0.3202,0.0237,0.2,0.00321,0.695,0,29,53.44,0.466,1,0,13.483,13.483,1,30,7067,150711.6,100.0,13,11.77
1786080451613,3659,v1,0.0566,0.3006,0.1089,2.3664,0.7323,0.01479,0.1666,0.002042,0.619,1,21,76.15,0.342,1,0,16.724,16.724,0,30,6168,189751.1,84.83,16,7.52
1786080448646,3660,v1,0.0541,0.8691,0.4897,2.094,0.5675,0.00576,0.2216,0.003564,0.694,1,22,69.22,0.726,1,0,13.0,13.0,1,30,6174,135139.0,100.0,13,13.56
1786080450182,3661,v1,0.0133,0.8092,0.1363,0.8555,0.5694,0.01666,0.0826,0.003323,0.693,0,23,55.19,0.491,1,0,13.199,13.199,1,30,6654,143740.5,100.0,13,12.79
1786080451909,3662,v1,0.0523,0.7481,0.3886,2.3648,0.3187,0.01346,0.0705,0.00134,0.652,0,34,61.93,0.874,1,0,14.367,14.367,1,30,6198,143301.1,100.0,13,5.57
1786080453433,3663,v1,0.0289,0.8294,0.4562,0.961,0.3325,0.02245,0.1285,0.002521,0.613,0,17,81.17,0.605,1,0,11.423,11.423,1,30,6218,117117.4,100.0,9,9.44
1786080450607,3664,v1,0.0303,0.5712,0.1106,2.3119,0.3503,0.01989,0.181,0.001507,0.597,0,11,91.94,0.755,1,0,10.0,10.0,0,30,7203,232734.7,93.82,16,5.82
1786080452725,3665,v1,0.0707,0.5166,0.3009,2.2024,0.6482,0.02061,0.1321,0.001343,0.678,1,30,40.12,0.314,1,367,18.155,17.124,0,30,6683,210569.4,84.05,16,5.12
1786080454227,3666,v1,0.0556,0.209,0.4082,0.9477,0.6433,0.01917,0.0816,0.003573,0.655,0,34,54.34,0.696,1,0,18.455,18.455,0,30,6681,189895.9,93.19,15,13.13
1786080456205,3667,v1,0.0646,0.7797,0.257,1.0441,0.6253,0.02072,0.2327,0.002402,0.711,0,8,41.21,0.53,1,2069,7.0,5.321,1,30,6258,146374.8,100.0,13,10.87
1786080450886,3668,v1,0.0432,0.485,0.4494,1.9229,0.4054,0.02546,0.2388,0.002713,0.71,0,26,89.66,0.935,1,0,18.887,18.887,0,30,6073,242721.2,94.63,17,10.72
1786080452748,3669,v1,0.0467,0.3471,0.299,1.4811,0.4887,0.01762,0.2335,0.003508,0.719,0,35,93.88,0.841,1,0,15.498,15.498,1,30,7080,152454.8,100.0,14,12.43
1786080454326,3670,v1,0.0745,0.7851,0.2218,2.2731,0.4824,0.02168,0.19,0.003261,0.644,1,22,30.42,0.592,1,1002,12.924,10.897,1,30,6855,148443.1,100.0,13,12.66
1786080456248,3671,v1,0.0559,0.8802,0.1625,1.6748,0.3791,0.02774,0.1005,0.002274,0.6,0,6,73.42,0.53,1,0,5.0,5.0,0,30,7047,189508.6,97.94,15,8.66
1786080451457,3672,v1,0.0454,0.7527,0.1268,1.0305,0.3229,0.03132,0.1766,0.002306,0.714,1,33,65.1,0.327,1,0,20.52,20.52,0,30,6548,246140.0,83.82,17,8.92
1786080453374,3673,v1,0.058,0.2108,0.4031,1.7246,0.9631,0.02141,0.0885,0.001705,0.605,1,36,57.67,0.728,1,0,18.158,18.158,0,30,6356,177811.2,99.74,15,6.81
1786080455370,3674,v1,0.0299,0.6628,0.151,1.6902,0.5819,0.02584,0.1662,0.00375,0.696,0,14,45.12,0.319,1,1069,13.0,11.022,0,30,6229,264185.1,70.75,19,13.32
1786080457458,3675,v1,0.0515,0.9785,0.2216,1.058,0.9172,0.00503,0.0785,0.002508,0.682,0,33,29.36,0.547,1,0,20.265,20.265,0,30,6650,226464.6,87.18,18,9.88
1786080451587,3676,v1,0.0208,0.7124,0.1631,1.9475,0.2855,0.01242,0.193,0.003538,0.609,0,17,60.79,0.406,1,0,13.0,13.0,1,30,6027,133196.5,100.0,13,12.96
1786080453898,3677,v1,0.0668,0.9988,0.3683,1.3667,0.4793,0.02393,0.2185,0.002424,0.712,0,36,92.02,0.645,1,0,19.831,19.831,0,30,7068,247777.7,89.32,16,9.15
1786080455824,3678,v1,0.029,0.254,0.238,0.8295,0.6586,0.02002,0.2123,0.002518,0.588,0,31,84.0,0.798,1,0,16.868,16.868,0,30,6384,172100.8,87.74,14,9.27
1786080457504,3679,v1,0.0574,0.346,0.1448,2.4823,0.788,0.02106,0.0867,0.003527,0.614,0,26,41.14,0.978,1,0,17.109,17.109,0,30,5938,173761.5,86.14,15,13.2
1786080453191,3680,v1,0.041,0.3285,0.1289,1.8739,0.2411,0.00733,0.1745,0.00357,0.641,1,6,78.02,0.424,1,3639,5.0,2.091,0,30,6371,345257.0,33.66,19,13.92
1786080454942,3681,v1,0.0471,0.39,0.2091,2.1225,0.8386,0.02178,0.2015,0.001519,0.717,1,12,79.89,0.444,1,3311,11.0,5.161,1,30,6328,164306.1,100.0,14,55.61
1786080456584,3682,v1,0.0393,0.7633,0.3875,1.7654,0.5147,0.02301,0.1038,0.003446,0.623,1,35,71.8,0.399,1,0,13.229,13.229,1,30,6762,133265.3,100.0,10,13.0
1786080459286,3683,v1,0.0207,0.5275,0.1104,2.1552,0.3951,0.00834,0.1191,0.003625,0.59,1,7,41.43,0.826,1,6641,6.0,0.0,0,30,6802,383599.7,0.0,-1,13.63
1786080454880,3684,v1,0.0745,0.8697,0.4138,1.2787,0.9986,0.03003,0.1602,0.003484,0.641,1,4,25.03,0.341,1,3171,3.0,1.52,0,30,6498,271188.1,43.82,14,12.47
1786080456996,3685,v1,0.0567,0.3617,0.2968,0.8682,0.689,0.02904,0.1244,0.002331,0.674,1,24,56.87,0.692,1,1014,16.357,13.736,0,30,6577,207253.5,84.49,15,8.29
1786080458631,3686,v1,0.0644,0.983,0.3802,1.9328,0.5982,0.01692,0.2071,0.002994,0.662,0,25,48.26,0.811,1,0,17.354,17.354,0,30,6298,188233.5,84.99,16,11.48
1786080459990,3687,v1,0.0328,0.6172,0.1657,1.4989,0.6761,0.01098,0.2194,0.00225,0.591,0,27,92.39,0.731,1,0,13.863,13.863,1,30,7037,149710.7,100.0,13,8.5
1786080455711,3688,v1,0.0336,0.5001,0.2231,2.1088,0.5747,0.01771,0.1887,0.003215,0.701,1,22,73.92,0.725,1,1014,13.712,11.334,1,30,6258,145007.9,100.0,13,27.2
1786080458416,3689,v1,0.0102,0.2918,0.3521,1.0565,0.5152,0.03169,0.1567,0.003424,0.71,0,14,58.99,0.928,1,3308,13.0,7.41,0,30,6810,364237.1,7.46,-1,12.72
1786080459753,3690,v1,0.0314,0.9481,0.1867,2.4766,0.9474,0.00385,0.2065,0.001948,0.606,0,20,42.87,0.84,1,0,13.0,13.0,1,30,6327,138763.6,100.0,13,7.24
1786080461794,3691,v1,0.0123,0.6064,0.3554,1.2539,0.9899,0.01161,0.0674,0.00331,0.649,0,18,58.28,0.32,1,1662,17.0,13.165,0,30,6857,369293.9,0.0,-1,12.5
1786080458469,3692,v1,0.066,0.9262,0.2108,1.0024,0.4648,0.02556,0.0671,0.001433,0.606,0,32,83.17,0.692,1,0,17.121,17.121,0,30,5774,159032.3,89.11,14,5.37
1786080460513,3693,v1,0.0123,0.6464,0.3765,1.0977,0.1582,0.00661,0.1488,0.002625,0.714,1,13,76.2,0.613,1,4944,12.0,1.231,0,30,5672,318568.1,0.0,-1,9.86
1786080461495,3694,v1,0.0442,0.593,0.1542,1.3619,0.5392,0.00575,0.0696,0.00294,0.588,1,24,55.89,0.454,1,492,13.365,12.206,1,30,6020,138685.5,100.0,13,11.35
1786080462791,3695,v1,0.0308,0.562,0.3676,1.442,0.3569,0.02717,0.1412,0.002066,0.588,0,6,43.43,0.744,1,3142,5.0,3.444,0,30,6122,255501.9,42.82,12,7.6
1786080459343,3696,v1,0.0138,0.5545,0.1697,1.1038,0.3217,0.02561,0.0957,0.001303,0.645,0,21,74.15,0.441,1,0,13.0,13.0,1,30,6085,134892.7,100.0,13,5.36
1786080460775,3697,v1,0.0668,0.4423,0.4345,1.9093,0.2961,0.02284,0.065,0.003168,0.672,1,10,52.59,0.685,1,4877,9.0,0.776,1,30,5505,147635.8,100.0,20,25.63
1786080462029,3698,v1,0.0781,0.7549,0.3938,2.2041,0.2539,0.01042,0.1885,0.002392,0.711,1,34,47.87,0.381,1,727,23.43,20.605,0,30,6431,288302.2,89.84,17,9.61
1786080462910,3699,v1,0.0785,0.5498,0.3173,1.3837,0.4383,0.00818,0.1394,0.003712,0.595,1,27,82.64,0.918,1,0,8.14,8.14,1,30,6829,72126.0,100.0,4,13.43
1786080469055,3700,v1,0.0191,0.2353,0.1928,1.9609,0.2388,0.01443,0.0924,0.003497,0.65,1,11,38.95,0.961,1,5509,10.0,0.0,1,30,5695,152832.0,0.0,-1,100.0
1786080471155,3701,v1,0.0688,0.4394,0.2464,2.2684,0.955,0.03024,0.1465,0.002474,0.684,1,9,26.19,0.55,1,4058,8.0,1.734,0,30,5293,276453.2,21.33,16,9.2
1786080472635,3702,v1,0.0396,0.3707,0.471,2.0736,0.4717,0.01104,0.0781,0.002042,0.617,0,8,72.58,0.599,1,2266,7.0,5.256,1,30,6603,154838.5,100.0,13,39.75
1786080474791,3703,v1,0.0759,0.872,0.1863,1.0174,0.7699,0.01348,0.16,0.00186,0.714,0,11,30.31,0.889,1,3476,10.0,4.96,0,30,5624,297103.9,32.35,17,6.9
1786080469819,3704,v1,0.0331,0.7646,0.3108,2.3615,0.356,0.02692,0.2022,0.001892,0.716,0,28,91.22,0.938,1,0,14.021,14.021,1,30,6359,138384.9,100.0,13,7.28
1786080471378,3705,v1,0.0307,0.5276,0.2034,2.1483,0.596,0.01528,0.1224,0.001708,0.713,0,31,88.83,0.313,1,0,15.274,15.274,1,30,6238,149200.2,100.0,14,6.93
1786080472905,3706,v1,0.046,0.3909,0.4882,1.8027,0.5178,0.02396,0.1679,0.002438,0.658,1,25,40.83,0.615,1,784,13.52,11.858,1,30,6703,154361.4,100.0,13,9.46
1786080474260,3707,v1,0.0435,0.3716,0.37,2.1316,0.3406,0.02204,0.1949,0.002154,0.631,0,25,84.24,0.41,1,0,12.311,12.311,1,30,6431,128482.7,100.0,9,8.63
1786080469995,3708,v1,0.0441,0.4012,0.4758,1.0919,0.7585,0.03149,0.2232,0.00169,0.624,1,33,98.68,0.794,1,0,11.239,11.239,1,30,5447,84696.1,100.0,7,6.99
1786080471787,3709,v1,0.0675,0.6973,0.2498,0.9773,0.9026,0.02617,0.0535,0.00235,0.686,0,8,58.02,0.542,1,2425,7.0,5.229,1,30,6949,140580.6,100.0,9,9.44
1786080472978,3710,v1,0.0622,0.9719,0.2531,1.529,0.5493,0.00475,0.0601,0.002827,0.648,0,32,26.0,0.596,1,0,12.768,12.768,1,30,5870,107089.7,100.0,8,10.92
1786080474471,3711,v1,0.0303,0.4705,0.4146,1.8891,0.9145,0.00337,0.0579,0.003358,0.702,0,23,54.26,0.51,1,0,14.959,14.959,1,30,6032,140602.2,100.0,14,12.17
1786080470647,3712,v1,0.0349,0.4512,0.3065,0.8878,0.6097,0.02957,0.1753,0.001723,0.655,0,23,70.17,0.567,1,0,11.15,11.15,1,30,6234,113448.4,100.0,8,7.17
1786080472235,3713,v1,0.064,0.8687,0.3665,1.4386,0.5454,0.01682,0.1253,0.002089,0.583,0,19,57.09,0.434,1,0,15.187,15.187,0,30,5935,165599.3,96.01,14,8.54
1786080474191,3714,v1,0.0174,0.3366,0.4799,1.7689,0.2321,0.01033,0.103,0.002171,0.6,0,33,41.54,0.994,1,0,20.145,20.145,0,30,6608,257097.8,84.38,18,8.81
1786080475882,3715,v1,0.0672,0.5753,0.1137,1.449,0.2167,0.0071,0.0607,0.001328,0.715,0,18,79.59,0.411,1,0,13.913,13.913,1,30,6257,147727.1,100.0,14,5.55
1786080471629,3716,v1,0.0371,0.8411,0.1679,2.1113,0.711,0.02497,0.0892,0.003296,0.662,1,33,80.38,0.713,1,0,19.598,19.598,0,30,6168,190099.6,89.06,17,12.03
1786080473761,3717,v1,0.0775,0.5095,0.4661,1.153,0.557,0.00637,0.1629,0.00226,0.656,0,11,59.5,1.0,1,3418,10.0,5.319,0,30,5988,285950.4,39.13,16,8.78
1786080475995,3718,v1,0.0341,0.804,0.2032,2.3797,0.7549,0.02636,0.0783,0.002875,0.67,1,4,80.97,0.525,1,4424,3.0,0.714,0,30,5842,319591.2,20.28,19,11.31
1786080478523,3719,v1,0.0154,0.7235,0.2902,1.5295,0.6527,0.00581,0.0725,0.002672,0.699,0,8,62.58,0.685,1,3300,7.0,4.303,0,30,6237,374559.1,0.0,-1,10.0
1786080472139,3720,v1,0.0131,0.3879,0.1587,1.7113,0.161,0.02583,0.112,0.003627,0.658,1,12,31.65,0.554,1,4757,11.0,3.256,1,30,6988,184054.0,100.0,14,74.14
1786080473661,3721,v1,0.0206,0.7628,0.2921,1.9617,0.316,0.02984,0.1356,0.001968,0.693,1,25,78.31,0.6,1,0,13.513,13.513,1,30,6269,143084.8,100.0,13,7.85
1786080475324,3722,v1,0.057,0.9085,0.2778,2.1608,0.3821,0.02068,0.1028,0.002414,0.627,1,6,52.75,0.756,1,6441,5.0,0.0,1,30,6508,178712.1,100.0,24,100.0
1786080477000,3723,v1,0.0115,0.8086,0.2097,1.8811,0.1716,0.01495,0.1004,0.003258,0.709,0,21,92.93,0.625,1,0,13.693,13.693,1,30,6805,156581.1,100.0,13,12.37
1786080472846,3724,v1,0.0108,0.7895,0.2887,1.8717,0.863,0.02428,0.1738,0.003656,0.622,0,25,82.57,0.666,1,0,18.859,18.859,0,30,6633,216463.7,84.2,18,13.27
1786080475353,3725,v1,0.0107,0.6471,0.1392,1.5928,0.666,0.00857,0.2158,0.003633,0.663,1,16,76.97,0.735,1,5754,15.0,0.0,0,30,6093,368475.8,0.0,-1,13.51
1786080476884,3726,v1,0.0558,0.3385,0.189,1.4421,0.2433,0.0239,0.213,0.002508,0.631,1,25,92.83,0.867,1,0,10.78,10.78,1,30,7008,113874.5,100.0,6,9.96
1786080478674,3727,v1,0.0769,0.6339,0.4904,1.1545,0.4032,0.02665,0.2234,0.002835,0.608,0,18,64.49,0.329,1,0,14.35,14.35,0,30,6822,182154.9,99.98,14,10.3
1786080476543,3728,v1,0.0375,0.9342,0.2717,1.988,0.8387,0.01002,0.1355,0.001651,0.709,0,27,41.06,0.951,1,0,13.877,13.877,1,30,6267,145419.7,100.0,13,6.27
1786080479344,3729,v1,0.0536,0.3048,0.3508,1.0785,0.767,0.00411,0.0502,0.001943,0.651,1,5,25.81,0.684,1,4877,4.0,0.804,0,30,6151,351980.5,17.46,-1,7.04
1786080481237,3730,v1,0.0491,0.4045,0.3025,1.7421,0.1531,0.00447,0.092,0.002975,0.633,1,35,80.98,0.777,1,0,23.552,23.552,0,30,6284,280028.9,88.34,17,11.19
1786080482698,3731,v1,0.0603,0.8924,0.2443,0.9013,0.7033,0.01628,0.1122,0.003644,0.6,0,17,25.97,0.544,1,0,14.932,14.932,0,30,6007,167762.9,98.24,15,13.97
1786080477125,3732,v1,0.0462,0.2325,0.3858,1.2515,0.696,0.02953,0.2425,0.003045,0.671,0,35,99.8,0.435,1,0,18.407,18.407,0,30,5786,170222.4,89.24,15,11.55
1786080478577,3733,v1,0.066,0.6766,0.4132,2.2271,0.5307,0.0149,0.1176,0.002568,0.586,1,31,76.4,0.832,1,0,17.33,17.33,0,30,5714,155541.9,99.91,15,10.68
1786080480390,3734,v1,0.0359,0.3404,0.1291,1.4218,0.6806,0.02003,0.0654,0.00369,0.674,0,9,24.94,0.818,1,3217,8.0,4.703,1,30,6034,157950.0,100.0,14,60.89
1786080481921,3735,v1,0.0127,0.8969,0.1125,2.2795,0.3773,0.01463,0.1478,0.001664,0.704,0,33,86.11,0.418,1,0,14.624,14.624,1,30,6392,146110.4,100.0,13,6.07
1786080478405,3736,v1,0.0302,0.9061,0.4702,1.7716,0.1026,0.02394,0.1256,0.00365,0.639,0,16,26.05,0.689,1,2527,15.0,9.143,0,30,5913,261859.8,48.54,16,13.77
1786080480407,3737,v1,0.0703,0.8672,0.4225,1.9323,0.3252,0.01472,0.139,0.001524,0.653,0,19,66.8,0.717,1,0,16.259,16.259,0,30,6174,244471.2,92.28,16,5.73
1786080482909,3738,v1,0.0543,0.5216,0.4132,1.2207,0.6007,0.00975,0.2497,0.002952,0.711,0,5,73.79,0.362,1,1730,4.0,3.485,0,30,6801,320969.3,66.06,18,10.91
1786080484933,3739,v1,0.0515,0.209,0.4067,1.3486,0.6846,0.00733,0.1742,0.002909,0.646,1,31,81.25,0.598,1,0,14.899,14.899,1,30,7228,163228.5,100.0,13,10.94
1786080478256,3740,v1,0.0692,0.8266,0.1684,1.2383,0.6585,0.00605,0.1802,0.001467,0.708,0,14,42.87,0.979,1,0,13.0,13.0,1,30,5808,126677.4,100.0,13,6.23
1786080480468,3741,v1,0.0379,0.7927,0.2229,2.3654,0.7292,0.02051,0.0973,0.002307,0.672,0,5,86.4,0.511,1,0,4.0,4.0,0,30,6848,261966.6,78.26,18,8.78
1786080482362,3742,v1,0.0434,0.8753,0.1889,2.0721,0.2612,0.01001,0.2185,0.002071,0.614,1,6,58.44,0.819,1,6731,5.0,0.0,1,30,6790,187297.9,0.0,-1,100.0
1786080483284,3743,v1,0.0769,0.8854,0.4888,1.3014,0.8166,0.01821,0.085,0.002782,0.602,1,20,27.07,0.36,1,0,5.019,5.019,1,30,5525,32378.2,100.0,3,10.33
1786080480173,3744,v1,0.0448,0.9168,0.4198,1.3908,0.9866,0.02939,0.1968,0.001867,0.601,0,4,70.18,0.956,1,3225,3.0,2.473,0,30,6159,269365.5,42.22,13,7.37
1786080482285,3745,v1,0.0311,0.5978,0.1189,2.1966,0.116,0.02103,0.1475,0.001485,0.679,0,29,48.74,0.692,1,0,12.538,12.538,0,30,5919,312963.5,54.61,18,5.58
1786080483590,3746,v1,0.0635,0.6519,0.1004,2.1701,0.7114,0.00418,0.1909,0.002453,0.699,1,24,32.57,0.957,1,1027,13.923,11.504,1,30,6230,148035.0,100.0,13,10.14
1786080485258,3747,v1,0.0416,0.7792,0.3294,1.6066,0.3673,0.02294,0.1269,0.003667,0.638,0,22,93.36,0.986,1,0,12.525,12.525,1,30,6288,135192.4,100.0,13,12.8
1786080481016,3748,v1,0.0619,0.6636,0.4355,1.9568,0.5751,0.0068,0.1699,0.003407,0.624,0,10,38.41,0.69,1,1736,8.056,6.381,1,30,7493,135102.9,100.0,7,13.39
1786080482580,3749,v1,0.0389,0.7136,0.3901,1.2036,0.8637,0.01887,0.177,0.001352,0.647,0,21,22.36,0.341,1,0,13.0,13.0,1,30,6081,135188.3,100.0,13,4.9
1786080484769,3750,v1,0.0458,0.8318,0.1944,2.1457,0.191,0.00968,0.1992,0.001722,0.691,1,24,28.99,0.777,1,397,5.435,3.991,0,30,5630,339993.3,27.63,19,6.82
1786080486516,3751,v1,0.0214,0.5212,0.4392,1.7156,0.7488,0.01436,0.1179,0.002043,0.629,1,32,24.93,0.882,1,0,14.285,14.285,1,30,5762,130661.1,100.0,13,8.45
1786080481283,3752,v1,0.0638,0.5022,0.4792,1.6344,0.2386,0.0219,0.1896,0.002474,0.591,0,23,40.84,0.373,1,0,10.305,10.305,1,30,6747,112000.6,100.0,5,9.52
1786080484351,3753,v1,0.0589,0.3216,0.171,1.2491,0.3849,0.01783,0.0626,0.00288,0.702,0,16,21.95,0.884,1,4339,15.0,7.11,0,30,7476,374264.8,33.31,17,11.06
1786080486793,3754,v1,0.0684,0.4962,0.4184,0.9346,0.226,0.02645,0.1555,0.002075,0.598,1,7,76.92,0.742,1,5130,6.0,0.824,0,30,6020,331740.9,13.22,-1,7.72
1786080488419,3755,v1,0.0456,0.9533,0.3138,1.2951,0.657,0.0243,0.162,0.001834,0.628,1,29,75.75,0.712,1,0,13.101,13.101,1,30,6162,123934.5,100.0,10,6.83
1786080484069,3756,v1,0.022,0.8258,0.3284,1.6943,0.3844,0.01933,0.1415,0.002719,0.581,1,29,84.46,0.615,1,0,11.399,11.399,1,30,6619,109448.4,100.0,7,10.67
1786080486458,3757,v1,0.0348,0.4635,0.2989,2.3951,0.3617,0.02181,0.051,0.003624,0.596,1,7,71.14,0.517,1,4074,6.0,2.101,0,30,6405,299785.8,31.99,16,13.58
1786080488402,3758,v1,0.0663,0.8804,0.2558,2.2339,0.8447,0.01583,0.1539,0.002692,0.627,0,33,58.96,0.433,1,0,18.659,18.659,0,30,6968,206545.4,84.28,16,10.15
1786080489884,3759,v1,0.0279,0.7615,0.2692,0.9633,0.9316,0.01671,0.0826,0.002494,0.601,0,5,93.37,0.587,1,0,4.0,4.0,1,30,6547,113953.2,100.0,8,10.1
1786080485678,3760,v1,0.0481,0.4028,0.3817,1.2748,0.3228,0.00314,0.0542,0.001651,0.619,1,25,84.52,0.683,1,0,18.327,18.327,0,30,6959,295133.5,99.11,17,6.41
1786080487618,3761,v1,0.0289,0.3534,0.2284,2.0898,0.3498,0.02724,0.0834,0.001347,0.631,0,32,46.86,0.629,1,0,18.615,18.615,0,30,5840,180985.4,87.86,16,5.38
1786080489072,3762,v1,0.0658,0.7064,0.4206,0.9437,0.7517,0.0211,0.2033,0.001281,0.595,0,18,82.39,0.612,1,0,13.35,13.35,0,30,6193,149306.6,90.77,12,5.36
1786080491631,3763,v1,0.0612,0.3322,0.323,1.4983,0.6687,0.01227,0.0522,0.003615,0.678,1,4,58.25,0.958,1,5857,3.0,0.0,0,30,5921,328907.9,0.0,-1,13.82
1786080485740,3764,v1,0.0519,0.8816,0.4165,1.9839,0.1958,0.0132,0.1861,0.002986,0.705,0,12,77.07,0.743,1,2492,11.0,7.279,1,30,6240,156854.3,100.0,13,45.13
1786080487298,3765,v1,0.0573,0.3799,0.2432,2.0626,0.7155,0.02287,0.1455,0.002429,0.688,1,33,83.28,0.895,1,0,19.109,19.109,0,30,5229,165795.7,92.17,16,9.83
1786080488734,3766,v1,0.0224,0.862,0.175,1.3233,0.2312,0.018,0.1734,0.003487,0.651,0,31,40.47,0.518,1,0,14.349,14.349,1,30,6216,139089.9,100.0,13,12.66
1786080490958,3767,v1,0.0368,0.8673,0.3687,1.6159,0.1631,0.0126,0.2204,0.002281,0.607,0,32,87.9,0.331,1,0,20.106,20.106,0,30,7133,271700.6,85.12,16,8.73
1786080487473,3768,v1,0.0567,0.5215,0.2582,1.8642,0.7191,0.01262,0.1938,0.001895,0.68,0,20,23.46,0.363,1,241,17.574,16.873,0,30,5542,210802.8,89.61,17,7.58
1786080488985,3769,v1,0.0635,0.3347,0.4974,1.2343,0.7732,0.02124,0.1447,0.003427,0.715,0,20,47.95,0.717,1,0,11.66,11.66,1,30,6895,128020.2,100.0,10,12.84
1786080490712,3770,v1,0.0765,0.987,0.3648,1.1096,0.9567,0.01299,0.1838,0.001275,0.7,0,35,92.8,0.719,1,0,14.58,14.58,1,30,6505,154471.7,100.0,13,5.46
1786080492506,3771,v1,0.0324,0.9346,0.2569,2.4908,0.5343,0.01163,0.2395,0.001368,0.591,1,23,22.85,0.524,1,653,13.197,11.818,1,30,6325,142729.8,100.0,13,15.15
1786080487582,3772,v1,0.0546,0.7993,0.2889,1.494,0.9769,0.02304,0.0531,0.002995,0.61,0,16,98.73,0.64,1,0,7.892,7.892,1,30,6556,75048.6,100.0,5,11.15
1786080489131,3773,v1,0.0363,0.5966,0.3308,2.1198,0.9453,0.01297,0.1102,0.003514,0.656,0,21,42.68,0.732,1,0,16.3,16.3,0,30,5751,206271.0,81.76,18,12.71
1786080490769,3774,v1,0.017,0.4364,0.2064,2.253,0.3801,0.03175,0.1408,0.003328,0.587,0,8,77.56,0.564,1,0,7.0,7.0,0,30,6269,169207.2,91.19,14,11.98
1786080492389,3775,v1,0.0775,0.6719,0.2503,2.4237,0.3917,0.01615,0.08,0.003189,0.717,0,22,97.91,0.312,1,0,13.0,13.0,1,30,5891,131720.4,100.0,13,12.31
1786080489044,3776,v1,0.0124,0.8086,0.2078,0.8713,0.6043,0.03049,0.1003,0.00239,0.678,1,19,99.92,0.737,1,1622,17.889,12.615,0,30,5810,243605.8,68.62,18,9.43
1786080491186,3777,v1,0.0558,0.8292,0.4313,2.1124,0.9881,0.01761,0.1753,0.00225,0.716,0,28,35.83,0.331,1,0,19.317,19.317,0,30,7226,228051.6,89.67,18,9.0
1786080492533,3778,v1,0.0791,0.3351,0.4513,1.0786,0.8094,0.03072,0.0527,0.003515,0.68,1,29,91.38,0.797,1,0,11.237,11.237,1,30,5834,99025.3,100.0,6,13.49
1786080494022,3779,v1,0.0515,0.6959,0.3702,0.868,0.253,0.02752,0.1993,0.00247,0.613,0,31,60.99,0.765,1,0,16.486,16.486,0,30,5870,150656.3,98.48,14,9.4
1786080490663,3780,v1,0.0712,0.2455,0.3932,0.9597,0.1298,0.00506,0.1242,0.001527,0.694,0,35,99.28,0.964,1,0,15.55,15.55,1,30,6079,151296.2,100.0,14,5.79
1786080492885,3781,v1,0.0629,0.4914,0.4383,2.2473,0.6917,0.01033,0.1153,0.00269,0.635,0,16,65.18,0.818,1,3226,15.0,7.658,0,30,5953,305803.4,36.67,16,9.71
1786080495280,3782,v1,0.0222,0.7398,0.399,2.0196,0.9531,0.01678,0.0794,0.001445,0.655,0,20,97.1,0.659,1,0,19.0,19.0,0,30,6317,344503.1,16.43,-1,6.21
1786080497120,3783,v1,0.0106,0.7043,0.2665,1.2256,0.7983,0.02528,0.1696,0.002546,0.648,1,36,77.9,0.346,1,0,16.127,16.127,0,30,6078,234416.8,65.97,18,10.17
1786080492177,3784,v1,0.0585,0.8373,0.1616,1.4204,0.6516,0.01314,0.1104,0.003419,0.7,1,10,39.69,0.469,1,3417,9.0,3.64,1,30,5917,147445.4,100.0,13,17.66
1786080493689,3785,v1,0.0745,0.5642,0.3361,1.2164,0.7679,0.01572,0.1813,0.002324,0.627,1,26,24.57,0.96,1,998,16.725,13.882,0,30,6148,197458.7,84.41,15,8.36
1786080495199,3786,v1,0.0523,0.7384,0.2113,1.7729,0.7576,0.00689,0.1386,0.003147,0.694,0,25,58.92,0.992,1,0,13.521,13.521,1,30,6644,148710.8,100.0,13,12.13
1786080497537,3787,v1,0.0312,0.8052,0.2477,1.7196,0.1962,0.0097,0.0662,0.00365,0.703,1,9,76.34,0.894,1,6150,8.0,0.0,0,30,6353,368518.5,0.0,-1,13.35
1786080493233,3788,v1,0.038,0.3115,0.1338,1.1126,0.5605,0.02816,0.1495,0.001935,0.64,0,22,60.84,0.783,1,0,13.0,13.0,1,30,6356,141428.5,100.0,13,7.43
1786080494679,3789,v1,0.0303,0.6146,0.4075,1.8935,0.9237,0.01716,0.222,0.003095,0.716,1,27,37.8,0.532,1,682,14.363,12.537,1,30,5726,133076.9,100.0,13,18.6
1786080496616,3790,v1,0.06,0.953,0.4675,1.9472,0.6846,0.0243,0.0888,0.003028,0.628,0,15,51.88,0.983,1,2667,14.0,7.98,0,30,5545,244992.3,46.77,15,11.22
1786080497894,3791,v1,0.0558,0.3684,0.3481,1.8826,0.6233,0.01309,0.0837,0.002182,0.63,0,11,97.99,0.564,1,0,10.0,10.0,0,30,5860,183306.1,90.68,16,7.66
1786080494251,3792,v1,0.0237,0.581,0.1744,1.4095,0.4678,0.0253,0.1528,0.002642,0.596,0,27,42.51,0.416,1,0,11.387,11.387,1,30,6743,113733.6,100.0,8,10.59
1786080495274,3793,v1,0.0643,0.8951,0.4036,2.3363,0.835,0.0263,0.0951,0.002789,0.621,0,28,40.1,0.774,1,0,13.435,13.435,1,30,5922,125662.5,100.0,12,10.27
1786080496911,3794,v1,0.0373,0.427,0.3199,1.9177,0.8884,0.01525,0.1967,0.002408,0.658,1,35,35.99,0.395,1,545,20.727,18.707,0,30,6049,208696.8,85.14,18,9.06
1786080498571,3795,v1,0.0574,0.6454,0.3861,1.5897,0.3297,0.0045,0.0555,0.002202,0.628,1,17,78.07,0.499,1,2189,16.0,9.914,0,30,5945,299524.6,53.7,16,8.6
1786080495012,3796,v1,0.0446,0.3336,0.4313,1.6342,0.1687,0.02158,0.2035,0.002414,0.65,1,28,56.47,0.788,1,1451,17.686,13.503,0,30,6530,257680.0,94.35,15,9.05
1786080496743,3797,v1,0.056,0.7002,0.141,0.8953,0.2839,0.02215,0.1403,0.003501,0.617,0,20,36.25,0.851,1,0,15.513,15.513,0,30,5993,166903.3,83.78,15,12.53
1786080497828,3798,v1,0.0365,0.484,0.1737,1.0509,0.417,0.02187,0.0732,0.001538,0.678,0,14,70.62,0.691,1,0,13.0,13.0,1,30,5632,129104.9,100.0,13,6.34
1786080499079,3799,v1,0.0326,0.3467,0.4164,1.894,0.4887,0.01647,0.0769,0.001275,0.651,0,7,59.5,0.371,1,1858,6.0,4.816,0,30,6309,302582.1,59.83,18,5.01
1786080504977,3800,v1,0.0588,0.8438,0.4037,1.9253,0.2066,0.02033,0.2196,0.003717,0.661,0,23,23.62,0.552,1,338,13.208,12.47,1,30,5445,122262.2,100.0,13,13.61
1786080506321,3801,v1,0.0103,0.3408,0.3968,1.869,0.8693,0.01749,0.0776,0.003641,0.671,1,12,83.34,0.447,1,2919,11.0,5.343,1,30,5923,148581.3,100.0,15,59.28
1786080507721,3802,v1,0.0293,0.3287,0.3686,1.2522,0.5193,0.01387,0.1082,0.003292,0.611,0,5,37.76,0.496,1,1731,4.0,3.407,1,30,5914,139362.2,100.0,13,38.05
1786080509411,3803,v1,0.0534,0.71,0.2693,1.001,0.8666,0.00674,0.0949,0.002453,0.647,0,11,50.34,0.708,1,1968,9.788,7.336,1,30,6594,136874.8,100.0,10,9.48
1786080505941,3804,v1,0.0192,0.9637,0.4282,0.9285,0.6798,0.03007,0.1567,0.001502,0.708,0,30,49.6,0.425,1,0,19.833,19.833,0,30,6270,208196.3,89.8,17,5.28
1786080507701,3805,v1,0.0458,0.4625,0.4572,2.0671,0.2595,0.00881,0.0509,0.001526,0.585,1,17,39.3,0.401,1,139,15.762,15.409,0,30,6047,211030.3,95.33,15,5.97
1786080509302,3806,v1,0.0572,0.3843,0.1658,1.9022,0.6352,0.0035,0.2203,0.002738,0.684,1,10,41.0,0.616,1,4091,9.0,1.881,1,30,5291,140192.2,100.0,14,77.3
1786080510886,3807,v1,0.0591,0.8642,0.144,1.199,0.3976,0.0104,0.1148,0.002136,0.691,0,33,26.76,0.461,1,0,14.387,14.387,1,30,6610,151903.2,100.0,13,8.71
1786080505830,3808,v1,0.0664,0.911,0.2206,1.3153,0.5285,0.011,0.0969,0.00121,0.593,1,32,48.61,0.665,1,0,10.331,10.331,1,30,5324,73900.8,100.0,7,4.58
1786080507876,3809,v1,0.0699,0.6397,0.3511,2.3352,0.1395,0.01696,0.0775,0.002626,0.673,1,27,49.02,0.59,1,1543,18.886,13.925,0,30,6371,287038.4,88.98,16,9.9
1786080509551,3810,v1,0.0499,0.3937,0.1681,0.905,0.3948,0.0177,0.1041,0.001631,0.612,1,34,79.31,0.542,1,0,17.997,17.997,0,30,6179,176268.5,84.65,15,5.99
1786080511024,3811,v1,0.0486,0.6782,0.3881,1.4824,0.4163,0.02727,0.1031,0.002515,0.715,0,8,45.6,0.878,1,2281,7.0,4.654,1,30,4963,125639.6,100.0,13,44.33
1786080506638,3812,v1,0.0449,0.7785,0.2273,1.506,0.7137,0.00523,0.1761,0.002463,0.591,1,29,81.5,0.679,1,0,14.207,14.207,1,30,5778,130408.9,100.0,13,9.43
1786080509362,3813,v1,0.0251,0.2737,0.1747,2.4041,0.9366,0.0253,0.2151,0.002165,0.674,1,8,77.41,0.58,1,4947,7.0,1.485,0,30,6373,366931.3,15.03,-1,9.05
1786080511655,3814,v1,0.0101,0.6528,0.4056,1.8535,0.4699,0.01745,0.2468,0.001416,0.665,0,7,28.67,0.846,1,3159,6.0,3.734,0,30,5624,346404.0,0.0,-1,4.96
1786080513400,3815,v1,0.0666,0.3097,0.4022,2.0112,0.6357,0.01365,0.1525,0.002039,0.699,1,34,43.65,0.543,1,707,15.031,13.132,1,30,6034,136693.2,100.0,13,8.57
1786080507616,3816,v1,0.0138,0.9053,0.3027,1.9798,0.4574,0.00736,0.1657,0.002437,0.705,1,25,65.95,0.852,1,0,13.531,13.531,1,30,7480,159397.8,100.0,13,9.2
1786080509236,3817,v1,0.0754,0.4282,0.3924,1.4161,0.1877,0.01316,0.1306,0.002762,0.683,1,24,77.24,0.734,1,0,13.365,13.365,1,30,6245,137404.6,100.0,13,10.7
1786080511048,3818,v1,0.0756,0.7532,0.4675,1.4978,0.8367,0.0044,0.1167,0.001715,0.708,1,24,68.69,0.812,1,0,18.196,18.196,0,30,5751,229641.7,88.52,17,6.4
1786080512498,3819,v1,0.0678,0.9381,0.3245,2.2197,0.9823,0.01276,0.1536,0.002201,0.633,1,4,69.82,0.841,1,6008,3.0,0.0,1,30,6055,170217.9,100.0,21,81.64
1786080507746,3820,v1,0.058,0.7278,0.2088,0.8056,0.9188,0.0318,0.071,0.00235,0.633,1,29,45.17,0.393,1,470,9.631,8.91,1,30,6498,82186.4,100.0,5,9.19
1786080509453,3821,v1,0.0677,0.2321,0.2809,2.0122,0.4818,0.00758,0.0874,0.002431,0.709,0,17,28.09,0.363,1,0,13.674,13.674,1,30,6744,148265.9,100.0,13,9.52
1786080512183,3822,v1,0.0236,0.5425,0.3046,2.1462,0.1671,0.01843,0.107,0.001706,0.71,1,11,67.2,0.937,1,6370,10.0,0.0,0,30,6475,390468.1,0.0,-1,6.32
1786080514790,3823,v1,0.0557,0.5415,0.2596,1.8543,0.7171,0.00837,0.0707,0.002261,0.68,0,8,57.59,0.587,1,2692,7.0,4.904,0,30,6517,328471.7,50.34,17,8.33
1786080509454,3824,v1,0.0134,0.2448,0.1692,1.6207,0.4914,0.01576,0.079,0.001932,0.717,0,17,83.54,0.854,1,0,16.0,16.0,0,30,5709,349258.8,0.0,-1,7.13
1786080511721,3825,v1,0.0476,0.889,0.2669,2.3949,0.7178,0.01275,0.1445,0.001964,0.708,0,21,92.96,0.909,1,0,13.055,13.055,0,30,6690,325487.6,65.47,18,8.01
1786080513642,3826,v1,0.0475,0.2725,0.1047,1.1865,0.8656,0.01617,0.227,0.0033,0.671,0,9,77.25,0.811,1,3802,8.0,4.601,1,30,6871,178603.8,100.0,13,35.76
1786080515006,3827,v1,0.0579,0.8643,0.3419,1.3583,0.7745,0.01063,0.0659,0.00312,0.695,1,31,31.09,0.901,1,0,14.363,14.363,1,30,5749,126271.6,100.0,13,11.25
1786080511524,3828,v1,0.0103,0.4276,0.3672,2.1284,0.2589,0.03199,0.0818,0.00186,0.662,1,11,84.82,0.897,1,5891,10.0,0.0,1,30,6013,166008.1,0.0,-1,100.0
1786080513105,3829,v1,0.0379,0.4822,0.4274,1.5789,0.5791,0.02498,0.0767,0.002842,0.707,0,9,58.19,0.716,1,2744,8.0,5.013,1,30,5634,138917.8,100.0,13,54.85
1786080514680,3830,v1,0.0696,0.243,0.458,2.3164,0.1023,0.01691,0.2401,0.003005,0.584,1,29,76.27,0.424,1,0,16.738,16.738,0,30,6449,186902.2,93.11,14,11.01
1786080516182,3831,v1,0.0756,0.2233,0.4034,1.2745,0.1319,0.0107,0.1662,0.002975,0.606,0,17,97.4,0.816,1,0,11.65,11.65,1,30,6623,131761.7,100.0,6,11.78
1786080513795,3832,v1,0.0344,0.8325,0.426,2.2134,0.2127,0.00696,0.2292,0.001251,0.615,1,36,27.09,0.806,1,2590,23.619,14.64,0,30,7176,315813.6,87.82,17,4.79
1786080515482,3833,v1,0.0128,0.4673,0.2413,1.8032,0.5144,0.02838,0.1632,0.001697,0.632,0,9,72.41,0.851,1,0,8.0,8.0,0,30,5754,184439.1,87.72,17,6.1
1786080517562,3834,v1,0.0399,0.896,0.2669,1.3264,0.115,0.02783,0.0966,0.00259,0.683,1,25,45.33,0.794,1,1922,18.428,12.623,0,30,6498,305713.1,95.29,17,9.66
1786080519350,3835,v1,0.0158,0.4291,0.4074,1.6137,0.9552,0.02392,0.0757,0.003757,0.621,1,30,84.6,0.348,1,0,14.372,14.372,1,30,7050,150689.4,100.0,13,14.37
1786080514078,3836,v1,0.0562,0.6194,0.4561,1.1583,0.6592,0.00926,0.2499,0.002012,0.603,1,16,67.95,0.812,1,832,15.0,13.127,0,30,6850,213086.8,86.34,15,7.58
1786080515512,3837,v1,0.0748,0.8758,0.4856,2.0587,0.3916,0.02854,0.107,0.002528,0.593,1,18,48.92,0.548,1,0,8.446,8.446,1,30,6753,85115.7,100.0,4,9.68
1786080517740,3838,v1,0.0618,0.5767,0.2611,2.0719,0.1809,0.00799,0.0964,0.003395,0.592,0,14,37.6,0.8,1,3134,13.0,7.398,0,30,6419,312894.2,47.57,16,12.06
1786080519448,3839,v1,0.058,0.71,0.3534,1.5057,0.5189,0.02291,0.2479,0.001792,0.657,1,4,34.38,0.356,1,2620,3.0,1.692,1,30,6040,153048.0,100.0,13,27.12
1786080514659,3840,v1,0.0596,0.4522,0.217,2.1565,0.1349,0.01751,0.0616,0.003666,0.674,1,26,45.72,0.968,1,970,13.692,11.409,1,30,6322,144937.5,100.0,13,13.14
1786080516620,3841,v1,0.0113,0.3701,0.2131,0.8102,0.2534,0.01885,0.1157,0.001434,0.626,0,13,90.76,0.7,1,0,12.0,12.0,0,30,6729,225252.0,86.69,18,5.68
1786080518156,3842,v1,0.0767,0.9344,0.3971,1.2296,0.7944,0.02264,0.2497,0.002516,0.684,0,17,50.82,0.909,1,0,12.815,12.815,1,30,6560,144819.4,100.0,13,9.95
1786080519897,3843,v1,0.0684,0.2568,0.2743,2.4066,0.8925,0.02832,0.0608,0.00216,0.589,1,16,39.83,0.781,1,831,14.289,12.411,0,30,6395,199459.5,84.86,14,8.04
1786080515463,3844,v1,0.0301,0.8093,0.3158,1.3283,0.3619,0.0252,0.1656,0.002912,0.695,0,27,53.18,0.766,1,0,13.852,13.852,1,30,6314,141583.3,100.0,13,12.05
1786080517267,3845,v1,0.016,0.3563,0.2557,2.4372,0.6726,0.03188,0.1524,0.002057,0.702,0,31,33.91,0.469,1,0,15.635,15.635,1,30,6852,164409.9,100.0,14,7.34
1786080519196,3846,v1,0.0631,0.2885,0.3959,2.1537,0.5534,0.00301,0.0884,0.002278,0.667,1,26,52.13,0.732,1,1716,19.101,13.203,0,30,6007,289023.8,83.82,17,9.46
1786080520742,3847,v1,0.0799,0.7253,0.3094,1.5461,0.1471,0.02797,0.0743,0.003527,0.62,0,18,51.08,0.902,1,0,14.704,14.704,0,30,6368,174420.7,87.74,14,13.08
1786080517344,3848,v1,0.0406,0.5054,0.1359,1.5638,0.5687,0.00957,0.0725,0.003005,0.675,1,31,46.42,0.44,1,0,14.944,14.944,1,30,7044,160036.4,100.0,13,10.79
1786080518805,3849,v1,0.0615,0.2585,0.1411,0.9724,0.6719,0.0075,0.2492,0.00208,0.619,1,36,75.72,0.333,1,0,14.52,14.52,1,30,6242,135134.2,100.0,13,7.75
1786080520294,3850,v1,0.0144,0.3798,0.4454,2.1704,0.6659,0.03076,0.1902,0.003391,0.648,1,26,69.19,0.627,1,0,18.412,18.412,0,30,6054,185206.6,84.29,16,12.04
1786080522364,3851,v1,0.0363,0.8512,0.1003,1.2222,0.8517,0.00462,0.2336,0.001357,0.635,1,22,35.23,0.57,1,571,15.036,13.263,0,30,6170,264065.0,73.94,18,5.07
1786080517569,3852,v1,0.0244,0.8257,0.2403,1.5463,0.3731,0.0229,0.1503,0.002613,0.618,0,29,33.47,0.589,1,0,18.064,18.064,0,30,5435,158427.9,85.86,16,9.66
1786080519451,3853,v1,0.0502,0.891,0.3271,1.0551,0.5207,0.01449,0.2494,0.002329,0.588,1,33,65.53,0.52,1,0,17.551,17.551,0,30,7149,194162.3,96.51,15,9.37
1786080521074,3854,v1,0.0628,0.5215,0.1872,0.8923,0.1416,0.02316,0.2287,0.003223,0.693,0,19,52.35,0.63,1,0,12.942,12.942,1,30,6836,150452.4,100.0,13,12.11
1786080522677,3855,v1,0.0338,0.2271,0.288,1.3773,0.5504,0.02619,0.0589,0.003296,0.597,0,24,36.77,0.685,1,0,11.846,11.846,1,30,7567,137394.4,100.0,8,12.53
1786080519393,3856,v1,0.061,0.6245,0.4012,2.087,0.8372,0.00503,0.229,0.002621,0.675,0,13,61.91,0.696,1,3234,12.0,6.634,0,30,6197,317918.6,38.8,18,9.39
1786080520927,3857,v1,0.0174,0.7069,0.2059,2.4823,0.6702,0.02396,0.2498,0.003534,0.704,1,15,74.67,0.774,1,0,13.333,13.333,1,30,6374,142842.9,100.0,13,13.6
1786080522926,3858,v1,0.0288,0.3471,0.4238,1.907,0.7064,0.00679,0.0766,0.002702,0.581,0,33,60.68,0.722,1,0,19.567,19.567,0,30,7229,223351.0,84.95,17,10.58
1786080524362,3859,v1,0.0196,0.3418,0.1532,1.6136,0.663,0.02016,0.1799,0.003376,0.671,0,11,88.72,0.574,1,0,10.0,10.0,1,30,6103,147291.3,100.0,14,13.17
1786080521732,3860,v1,0.0652,0.7438,0.2422,2.4992,0.7986,0.02213,0.2055,0.001995,0.707,1,4,68.8,0.584,1,4589,3.0,0.879,1,30,6544,177920.4,100.0,13,73.24
1786080522874,3861,v1,0.0658,0.9714,0.3177,2.0611,0.992,0.03107,0.102,0.00221,0.681,1,30,24.6,0.41,1,0,11.167,11.167,1,30,5865,97727.9,100.0,7,8.49
1786080524797,3862,v1,0.0194,0.7742,0.3785,1.1009,0.9422,0.03055,0.1167,0.002862,0.676,0,10,71.71,0.45,1,1600,9.0,7.028,0,30,5830,226483.4,60.88,17,10.43
1786080526323,3863,v1,0.0689,0.7749,0.2414,2.4186,0.5985,0.03068,0.1442,0.003658,0.641,0,29,86.34,0.961,1,0,12.377,12.377,1,30,6163,110125.3,100.0,8,14.1
1786080522169,3864,v1,0.0363,0.7858,0.1048,2.1234,0.8769,0.0101,0.0912,0.001244,0.59,0,17,69.77,0.992,1,0,13.0,13.0,1,30,6789,159393.8,100.0,13,5.02
1786080523952,3865,v1,0.0499,0.946,0.4644,2.3074,0.9169,0.02903,0.224,0.002138,0.709,0,16,64.06,0.744,1,0,13.0,13.0,1,30,6248,142637.1,100.0,13,7.83
1786080525776,3866,v1,0.0364,0.262,0.3403,1.7443,0.1542,0.01056,0.1963,0.00355,0.645,1,5,70.18,0.706,1,6542,4.0,0.0,1,30,6650,180058.5,0.0,-1,100.0
1786080526908,3867,v1,0.0699,0.2767,0.2208,1.1981,0.3264,0.02558,0.1618,0.002846,0.598,1,17,22.86,0.918,1,0,9.513,9.513,1,30,6122,94851.4,100.0,4,10.75
1786080523169,3868,v1,0.0325,0.9127,0.4333,1.8076,0.6884,0.01082,0.075,0.00217,0.593,0,29,84.46,0.88,1,0,18.359,18.359,0,30,6532,195246.5,91.59,16,7.96
1786080525888,3869,v1,0.0171,0.8158,0.1496,1.04,0.3037,0.01066,0.1376,0.001792,0.608,0,16,28.69,0.444,1,1381,15.0,12.072,0,30,6291,328831.9,39.14,19,7.11
1786080527303,3870,v1,0.0226,0.4719,0.4862,2.4789,0.9982,0.0101,0.0912,0.00338,0.608,1,17,28.37,0.303,1,0,13.0,13.0,1,30,6363,138540.1,100.0,13,12.37
1786080529539,3871,v1,0.0259,0.6606,0.3295,2.0984,0.134,0.01756,0.2293,0.002458,0.626,0,21,79.35,0.91,1,0,18.146,18.146,0,30,6106,261770.5,85.25,17,9.35
1786080524334,3872,v1,0.0506,0.6897,0.2189,2.4883,0.5451,0.00343,0.1134,0.003732,0.718,0,24,56.63,0.616,1,0,1.073,1.073,0,30,6087,346882.7,5.47,-1,14.05
1786080526124,3873,v1,0.0493,0.5239,0.3345,1.7187,0.1042,0.02804,0.1934,0.003582,0.637,0,24,28.51,0.805,1,499,12.879,11.947,1,30,6244,131243.6,100.0,13,13.37
1786080528311,3874,v1,0.0738,0.8168,0.2182,1.6267,0.9616,0.0121,0.1429,0.00222,0.628,1,24,49.37,0.838,1,1149,17.04,14.24,0,30,7285,239115.3,100.0,16,7.99
1786080530319,3875,v1,0.0182,0.5134,0.354,1.3978,0.5336,0.01658,0.2048,0.001863,0.619,0,30,31.7,0.709,1,0,19.645,19.645,0,30,6869,215043.7,84.05,17,6.81
1786080526166,3876,v1,0.0107,0.793,0.2767,1.967,0.587,0.01662,0.2107,0.001225,0.718,0,34,99.92,0.406,1,0,0.0,0.0,0,30,6818,424436.5,0.0,-1,4.94
1786080527579,3877,v1,0.0209,0.855,0.1146,0.9865,0.4968,0.01104,0.1495,0.001546,0.605,0,31,92.08,0.451,1,0,14.367,14.367,1,30,6132,137570.7,100.0,13,5.51
1786080530123,3878,v1,0.0406,0.762,0.1402,1.4236,0.753,0.01309,0.1362,0.001562,0.693,1,8,42.48,0.455,1,3540,7.0,2.847,0,30,6023,350942.6,24.04,19,6.09
1786080532597,3879,v1,0.0402,0.3579,0.4321,2.0027,0.3548,0.01203,0.2429,0.001922,0.689,1,7,70.88,0.638,1,4749,6.0,1.221,0,30,6028,330908.0,16.2,-1,7.23
1786080526260,3880,v1,0.0332,0.5435,0.1461,1.9779,0.662,0.01168,0.1715,0.003177,0.654,0,32,22.75,0.535,1,240,12.047,11.248,0,30,6381,291641.0,55.86,19,12.35
1786080527938,3881,v1,0.0208,0.7657,0.1408,1.1471,0.4941,0.01174,0.1045,0.002495,0.718,1,19,57.98,0.334,1,0,13.93,13.93,1,30,6369,146954.5,100.0,14,9.01
1786080530403,3882,v1,0.0591,0.7286,0.3196,1.0429,0.6546,0.0054,0.1136,0.002758,0.606,1,16,87.39,0.852,1,4872,15.0,3.111,0,30,6407,341051.4,20.74,15,11.11
1786080531807,3883,v1,0.0191,0.3607,0.2152,2.0032,0.6292,0.03096,0.1584,0.003536,0.675,0,29,60.39,0.834,1,0,14.477,14.477,1,30,6350,144627.9,100.0,13,13.57
1786080527162,3884,v1,0.0569,0.4151,0.2252,1.8604,0.7762,0.01,0.2154,0.002773,0.709,0,26,85.74,0.574,1,0,16.474,16.474,0,30,6235,286603.7,75.42,18,11.08
1786080528723,3885,v1,0.0463,0.8158,0.3159,1.6129,0.4504,0.02637,0.0778,0.002468,0.625,0,31,52.24,0.815,1,0,17.525,17.525,0,30,5929,169292.4,84.16,15,9.75
1786080530514,3886,v1,0.0528,0.9838,0.4514,1.2432,0.9193,0.00725,0.2232,0.001306,0.648,1,36,24.98,0.844,1,1032,14.73,12.325,1,30,6502,154325.6,100.0,13,4.29
1786080532498,3887,v1,0.0394,0.6712,0.2189,1.4133,0.1861,0.02343,0.203,0.003626,0.67,1,28,32.26,0.733,1,2082,19.127,12.316,0,30,6526,294424.6,84.05,16,13.73
1786080528554,3888,v1,0.0283,0.5655,0.3697,2.3104,0.8767,0.0088,0.1556,0.003452,0.71,0,15,29.42,0.412,1,23,14.0,13.955,1,30,6472,157645.3,100.0,14,13.07
1786080530589,3889,v1,0.0424,0.3498,0.4182,1.2239,0.7875,0.02414,0.056,0.002757,0.654,1,12,96.72,0.397,1,2030,10.133,7.101,1,30,7620,149080.0,100.0,9,11.69
1786080531887,3890,v1,0.0544,0.556,0.4385,1.8975,0.7172,0.03025,0.2004,0.001757,0.595,0,29,97.56,0.924,1,0,8.747,8.747,1,30,6425,67392.0,100.0,4,6.8
1786080533138,3891,v1,0.0429,0.5478,0.312,1.7772,0.7814,0.01775,0.2123,0.001979,0.676,0,22,30.37,0.928,1,0,13.0,13.0,1,30,6635,152732.4,100.0,13,7.67
1786080530196,3892,v1,0.048,0.847,0.2946,1.6869,0.9538,0.00716,0.0927,0.001678,0.642,0,16,47.41,0.888,1,3845,15.0,6.045,0,30,5724,318874.6,28.07,18,6.18
1786080531435,3893,v1,0.0664,0.3021,0.3327,2.3586,0.2637,0.02893,0.1548,0.002527,0.596,1,25,84.05,0.31,1,0,15.657,15.657,0,30,5553,145384.1,85.27,14,9.9
1786080532894,3894,v1,0.0603,0.582,0.2617,2.0518,0.8466,0.02174,0.1052,0.002895,0.681,0,28,46.37,0.439,1,0,18.122,18.122,0,30,6497,201107.4,90.68,16,11.11
1786080534217,3895,v1,0.0182,0.2592,0.3125,1.6423,0.8382,0.02954,0.2151,0.001283,0.703,0,19,80.02,0.878,1,0,18.0,18.0,0,30,6202,283476.4,57.45,19,5.13
1786080531797,3896,v1,0.0518,0.227,0.4662,2.3255,0.6399,0.03128,0.0781,0.002186,0.583,0,34,70.23,0.658,1,0,16.493,16.493,0,30,6141,153107.1,95.31,12,8.47
1786080533345,3897,v1,0.0168,0.5976,0.4032,2.1122,0.3713,0.03114,0.2327,0.003688,0.634,0,4,60.05,0.393,1,1314,3.0,2.788,0,30,6253,229745.9,69.36,16,13.69
1786080534311,3898,v1,0.0519,0.5752,0.3599,1.3446,0.5556,0.02261,0.2137,0.00227,0.654,1,29,44.82,0.863,1,1033,17.83,14.814,0,30,6478,215297.5,99.08,16,9.11
1786080534847,3899,v1,0.0377,0.7086,0.1665,2.2214,0.6476,0.02549,0.2172,0.001288,0.589,0,35,86.71,0.563,1,0,12.881,12.881,1,30,5779,111784.1,100.0,9,5.33
1786080541350,3900,v1,0.0628,0.3099,0.4077,2.2524,0.2075,0.01366,0.2458,0.003158,0.627,0,5,41.2,0.337,1,1212,4.0,3.568,0,30,5675,248535.3,76.09,16,11.26
1786080543982,3901,v1,0.0381,0.2898,0.1116,1.4138,0.4706,0.00357,0.0647,0.00155,0.652,1,34,73.22,0.42,1,602,16.301,14.067,0,30,6564,332753.5,66.91,19,6.43
1786080545986,3902,v1,0.0448,0.3708,0.1998,1.5024,0.3057,0.0171,0.1955,0.002568,0.592,0,10,66.28,0.727,1,2553,9.0,5.773,0,30,5663,235428.5,48.32,15,9.73
1786080547855,3903,v1,0.062,0.2771,0.3061,2.0081,0.1466,0.01882,0.1252,0.003123,0.598,1,32,57.89,0.395,1,531,17.74,16.226,0,30,6818,217327.2,100.0,15,11.62
1786080542977,3904,v1,0.0283,0.7989,0.2044,1.4112,0.7581,0.01719,0.1816,0.002966,0.718,0,32,31.06,0.702,1,0,0.0,0.0,0,30,6389,380916.0,0.0,-1,11.61
1786080544211,3905,v1,0.0425,0.4497,0.2787,1.0494,0.7625,0.01195,0.076,0.001918,0.658,0,23,78.96,0.398,1,0,13.189,13.189,1,30,6012,135209.3,100.0,13,7.68
1786080545621,3906,v1,0.0681,0.53,0.2637,1.8913,0.7393,0.01505,0.0922,0.003397,0.679,1,13,24.56,0.534,1,3580,12.0,4.491,1,30,5939,153885.5,100.0,13,18.76
1786080547165,3907,v1,0.043,0.4181,0.3987,0.8908,0.3806,0.02466,0.0955,0.001369,0.681,0,25,22.45,0.896,1,633,13.531,12.321,1,30,6153,137135.3,100.0,13,5.28
1786080542297,3908,v1,0.0246,0.3464,0.1797,1.1735,0.6624,0.02049,0.109,0.002702,0.652,1,27,89.86,0.628,1,0,13.938,13.938,1,30,6653,151977.7,100.0,13,10.31
1786080544344,3909,v1,0.0326,0.9097,0.4392,1.9023,0.3694,0.0174,0.0528,0.002939,0.68,1,32,77.0,0.311,1,661,17.269,14.71,0,30,6172,310112.6,68.62,18,11.24
1786080546211,3910,v1,0.0632,0.3152,0.1416,0.803,0.5329,0.02278,0.2159,0.001604,0.701,0,18,71.77,0.601,1,0,16.618,16.618,0,30,6909,221752.8,92.38,16,6.72
1786080547488,3911,v1,0.044,0.4817,0.3124,1.2613,0.1993,0.02311,0.2029,0.003241,0.674,1,20,56.4,0.62,1,0,13.0,13.0,1,30,6170,140833.7,100.0,13,12.45
1786080543057,3912,v1,0.0318,0.8608,0.3676,1.7134,0.5618,0.02465,0.1606,0.002632,0.68,1,9,87.7,0.966,1,6104,8.0,0.0,1,30,6219,175539.5,0.0,-1,100.0
1786080544406,3913,v1,0.0369,0.4212,0.151,1.8917,0.4973,0.02011,0.1386,0.001406,0.597,0,4,37.53,0.426,1,1922,3.0,2.685,1,30,6122,142737.0,100.0,13,34.94
1786080545916,3914,v1,0.0227,0.6995,0.1785,1.4639,0.276,0.01405,0.244,0.002581,0.645,0,17,31.78,0.69,1,0,13.0,13.0,1,30,6603,150681.9,100.0,13,9.83
1786080547489,3915,v1,0.0569,0.7404,0.4772,2.4655,0.5629,0.0051,0.231,0.00266,0.66,1,6,29.03,0.727,1,6707,5.0,0.0,1,30,6794,189770.3,0.0,-1,100.0
1786080543516,3916,v1,0.0428,0.6583,0.2309,2.1775,0.6422,0.02162,0.1606,0.002141,0.684,1,30,80.02,0.359,1,0,19.412,19.412,0,30,6159,205184.4,89.56,17,7.73
1786080546101,3917,v1,0.0388,0.2791,0.4723,1.9562,0.3612,0.02767,0.1412,0.002236,0.61,1,13,53.4,0.834,1,6005,12.0,0.0,0,30,6147,356802.9,0.0,-1,8.35
1786080548629,3918,v1,0.0633,0.5213,0.4416,1.4462,0.398,0.00968,0.0551,0.001327,0.694,0,15,33.63,0.683,1,2879,14.0,8.76,0,30,6723,354009.8,52.1,17,5.15
1786080550363,3919,v1,0.0756,0.65,0.3487,1.6841,0.1678,0.01149,0.2405,0.00161,0.613,1,27,52.65,0.419,1,845,16.926,14.46,0,30,6038,232224.4,85.73,15,6.33
1786080543923,3920,v1,0.0439,0.7332,0.2527,2.4692,0.9126,0.01249,0.0599,0.003732,0.668,1,16,69.46,0.327,1,0,13.0,13.0,1,30,6431,143080.1,100.0,13,14.76
1786080546342,3921,v1,0.0314,0.4928,0.4042,2.3787,0.5892,0.01036,0.099,0.003596,0.658,0,24,45.71,0.89,1,0,6.836,6.836,0,30,6353,345648.8,35.01,19,13.68
1786080547721,3922,v1,0.0551,0.2549,0.4827,2.1699,0.4519,0.02815,0.1507,0.001359,0.715,0,18,89.54,0.496,1,0,13.475,13.475,1,30,6146,142939.9,100.0,13,5.24
1786080550689,3923,v1,0.0232,0.6511,0.3081,2.3186,0.3793,0.01466,0.2068,0.002585,0.659,1,7,71.18,0.971,1,6617,6.0,0.0,0,30,6721,396460.4,0.0,-1,9.92
1786080544983,3924,v1,0.0367,0.3053,0.4747,1.7531,0.1721,0.03131,0.2062,0.003178,0.618,0,30,26.63,0.364,1,0,13.658,13.658,1,30,6600,140379.0,100.0,13,11.44
1786080547015,3925,v1,0.0499,0.6335,0.492,1.8018,0.3406,0.0173,0.0639,0.002594,0.608,1,12,78.2,0.413,1,3122,11.0,5.313,0,30,6221,276075.9,42.17,15,9.9
1786080548594,3926,v1,0.0286,0.3976,0.4104,1.4981,0.6405,0.02986,0.0857,0.002251,0.599,0,27,94.92,0.744,1,0,10.656,10.656,1,30,7074,116583.7,100.0,6,8.69
1786080550236,3927,v1,0.0396,0.6981,0.1857,1.6421,0.3276,0.00734,0.1925,0.002651,0.698,1,18,97.89,0.874,1,0,13.439,13.439,1,30,7042,154924.5,100.0,13,10.48
1786080550538,3928,v1,0.0135,0.2228,0.4105,1.065,0.2989,0.00599,0.0853,0.002239,0.653,0,33,46.38,0.306,1,0,0.0,0.0,0,30,6105,362691.6,0.0,-1,8.65
1786080551894,3929,v1,0.0342,0.954,0.1939,0.8423,0.6314,0.01545,0.2014,0.002331,0.668,0,25,80.88,0.7,1,0,13.513,13.513,1,30,6047,133684.2,100.0,13,8.58
1786080553662,3930,v1,0.0668,0.2674,0.228,0.9736,0.6527,0.00879,0.1898,0.001844,0.587,1,21,37.86,0.762,1,1012,15.702,13.139,0,30,6411,201783.0,100.0,15,7.66
1786080555274,3931,v1,0.0679,0.5274,0.2965,2.2646,0.5807,0.01891,0.2303,0.00319,0.707,1,27,83.19,0.975,1,0,13.754,13.754,1,30,6420,137705.7,100.0,13,12.26
1786080549883,3932,v1,0.0205,0.2782,0.3027,1.8672,0.1759,0.01195,0.0806,0.00357,0.602,1,32,84.21,0.364,1,0,22.195,22.195,0,30,5260,227119.4,86.07,18,13.76
1786080551422,3933,v1,0.0689,0.7066,0.4776,1.3712,0.6176,0.00942,0.0887,0.003399,0.711,1,10,90.4,0.605,1,3819,9.0,2.967,1,30,5875,147682.7,100.0,13,14.59
1786080554117,3934,v1,0.0203,0.3338,0.1293,1.3536,0.4697,0.00539,0.1732,0.003371,0.676,0,34,23.98,0.954,1,0,0.0,0.0,0,30,6395,357987.4,0.0,-1,12.65
1786080556697,3935,v1,0.0546,0.9319,0.1072,2.2982,0.7487,0.01576,0.0567,0.001843,0.687,1,15,56.51,0.377,1,2973,14.0,7.469,0,30,6536,343064.5,44.93,17,6.73
1786080550488,3936,v1,0.0318,0.2403,0.4949,2.4175,0.2563,0.03152,0.2246,0.002138,0.593,0,34,61.88,0.358,1,0,16.876,16.876,0,30,6345,166063.7,91.73,14,8.75
1786080551750,3937,v1,0.035,0.4011,0.4142,1.7058,0.9396,0.01892,0.2333,0.001469,0.69,0,27,70.63,0.986,1,0,14.471,14.471,1,30,5640,128145.0,100.0,13,5.35
1786080553273,3938,v1,0.0594,0.7332,0.1617,1.083,0.5603,0.01409,0.08,0.001685,0.636,1,25,84.68,0.328,1,0,13.104,13.104,1,30,5760,128892.1,100.0,13,6.94
1786080556136,3939,v1,0.0415,0.2316,0.1018,2.0831,0.9622,0.00302,0.1881,0.003414,0.704,0,17,24.69,0.683,1,2763,16.0,9.875,0,30,6724,383439.3,0.0,-1,12.98
1786080551000,3940,v1,0.0378,0.9975,0.4372,0.9826,0.9103,0.02986,0.2073,0.002937,0.702,0,31,81.82,0.653,1,0,18.765,18.765,0,30,5803,179189.3,92.31,16,11.36
1786080553412,3941,v1,0.0606,0.6775,0.456,1.8429,0.1407,0.01961,0.1425,0.001724,0.712,0,12,26.25,0.64,1,3016,11.0,6.682,0,30,6415,329864.7,45.42,17,6.83
1786080555307,3942,v1,0.0698,0.5696,0.1006,1.756,0.2032,0.03091,0.0588,0.001781,0.619,1,4,68.4,0.882,1,6374,3.0,0.0,1,30,6400,170977.5,100.0,19,41.48
1786080557221,3943,v1,0.045,0.6106,0.3917,1.1377,0.5427,0.02959,0.0693,0.002469,0.698,1,22,68.11,0.69,1,0,17.248,17.248,0,30,6270,198957.9,92.73,16,9.86
1786080552823,3944,v1,0.0403,0.558,0.3313,1.257,0.2785,0.01182,0.1491,0.002243,0.615,0,33,34.05,0.875,1,0,14.364,14.364,1,30,6932,159575.6,100.0,13,8.29
1786080554157,3945,v1,0.0381,0.5832,0.1588,1.8753,0.859,0.01198,0.1732,0.002812,0.701,0,25,84.16,0.315,1,0,14.19,14.19,1,30,6324,147998.6,100.0,13,11.08
1786080555907,3946,v1,0.0434,0.2158,0.2592,1.7803,0.4255,0.01314,0.1959,0.001888,0.581,1,10,26.14,0.681,1,3767,8.502,3.901,1,30,7339,140516.9,100.0,8,55.83
1786080557539,3947,v1,0.0247,0.772,0.1419,1.7534,0.1708,0.01379,0.084,0.003255,0.676,1,14,92.07,0.825,1,0,13.0,13.0,1,30,7244,163220.5,100.0,13,11.83
1786080553900,3948,v1,0.0197,0.2806,0.4708,1.6714,0.5039,0.01988,0.1633,0.002279,0.592,1,7,73.92,0.497,1,3782,6.0,2.537,0,30,6629,314845.1,35.67,15,8.63
1786080555490,3949,v1,0.0422,0.296,0.1089,2.4019,0.698,0.02922,0.1037,0.002301,0.654,0,6,77.12,0.734,1,0,5.0,5.0,1,30,6885,147447.3,100.0,13,8.7
1786080557410,3950,v1,0.063,0.4004,0.317,1.7355,0.801,0.02001,0.2346,0.00121,0.664,1,31,64.97,0.939,1,1000,18.245,15.294,0,30,6380,219123.0,93.31,16,4.98
1786080558894,3951,v1,0.0758,0.8018,0.2502,2.0899,0.3098,0.00756,0.2135,0.003044,0.636,0,19,26.03,0.715,1,0,12.56,12.56,1,30,5736,127552.3,100.0,13,11.65
1786080554465,3952,v1,0.0796,0.601,0.1709,0.8935,0.1274,0.02339,0.1772,0.00185,0.62,1,4,78.08,0.461,1,3644,3.0,1.34,0,30,6628,303988.4,43.91,15,7.85
1786080556533,3953,v1,0.0774,0.6205,0.2472,1.4226,0.839,0.02804,0.1792,0.003182,0.68,0,14,39.63,0.468,1,1566,13.0,10.199,0,30,6425,226127.8,67.87,15,12.02
1786080558376,3954,v1,0.0572,0.2722,0.4395,0.9128,0.9207,0.0189,0.1279,0.00298,0.587,1,29,76.64,0.738,1,0,16.226,16.226,0,30,6538,167681.9,100.0,14,11.41
1786080561142,3955,v1,0.0333,0.5255,0.203,1.641,0.9998,0.01712,0.1057,0.002626,0.691,1,4,56.58,0.941,1,6663,3.0,0.0,0,30,6711,382587.5,0.0,-1,10.31
1786080557429,3956,v1,0.0701,0.5126,0.1763,1.6048,0.1599,0.02869,0.1598,0.003391,0.664,0,12,40.15,0.728,1,2696,10.783,6.621,1,30,6055,139303.8,100.0,13,13.84
1786080559818,3957,v1,0.0418,0.8949,0.1077,2.0218,0.8061,0.01805,0.2048,0.003173,0.711,1,30,88.39,0.589,1,0,12.31,12.31,0,30,6638,292946.8,58.56,19,11.89
1786080561306,3958,v1,0.0519,0.3686,0.179,1.6172,0.3541,0.02862,0.18,0.003284,0.666,1,25,22.18,0.972,1,923,17.153,14.141,0,30,5627,195091.7,96.62,16,12.14
1786080563233,3959,v1,0.0416,0.5914,0.2545,1.7483,0.4505,0.01073,0.2492,0.001625,0.622,1,29,28.64,0.662,1,1058,14.181,12.061,1,30,7312,159742.7,100.0,13,6.35
1786080558118,3960,v1,0.0576,0.5574,0.4195,0.8557,0.1436,0.02634,0.1143,0.00199,0.719,1,35,25.34,0.529,1,711,14.314,12.585,1,30,6188,137091.5,100.0,13,7.66
1786080560228,3961,v1,0.0627,0.4572,0.3277,0.8779,0.5073,0.01751,0.2328,0.001606,0.698,0,23,29.18,0.817,1,610,17.292,15.755,0,30,6253,249542.4,90.86,16,6.22
1786080561404,3962,v1,0.0103,0.4852,0.4182,1.9548,0.1521,0.02335,0.1623,0.003098,0.604,0,29,48.39,0.669,1,0,14.183,14.183,1,30,5553,123188.6,100.0,13,11.56
1786080563135,3963,v1,0.0547,0.5731,0.4609,2.3321,0.4113,0.03119,0.2077,0.001983,0.656,0,21,76.25,0.441,1,0,12.782,12.782,1,30,6864,144482.7,100.0,13,7.27
1786080560209,3964,v1,0.0646,0.6355,0.4042,2.4809,0.423,0.01631,0.2109,0.003553,0.712,1,4,86.85,0.937,1,5997,3.0,0.0,0,30,6042,360258.9,0.0,-1,12.58
1786080561449,3965,v1,0.0402,0.7987,0.3807,2.0813,0.1605,0.02257,0.0862,0.002009,0.681,1,23,78.34,0.729,1,0,13.2,13.2,1,30,5997,137453.2,100.0,13,8.09
1786080564499,3966,v1,0.0155,0.3852,0.4384,2.2306,0.6935,0.02367,0.1353,0.001223,0.702,1,28,67.9,0.956,1,0,0.0,0.0,0,30,6509,388252.1,0.0,-1,4.82
1786080566296,3967,v1,0.0679,0.2415,0.2477,2.1097,0.2249,0.03062,0.2027,0.001601,0.716,1,11,50.12,0.768,1,6795,10.0,0.0,1,30,6906,196635.7,100.0,21,72.65
1786080560623,3968,v1,0.0341,0.6615,0.2638,2.4901,0.2867,0.00858,0.1939,0.003108,0.617,0,22,98.64,0.494,1,0,18.621,18.621,0,30,7361,301315.2,89.92,18,12.8
1786080563045,3969,v1,0.0554,0.5121,0.1503,1.8488,0.3579,0.0278,0.1516,0.001274,0.675,1,7,81.45,0.825,1,5516,6.0,0.0,0,30,5569,351689.2,0.0,-1,4.81
1786080564945,3970,v1,0.0725,0.364,0.3466,1.9398,0.6666,0.00772,0.0889,0.003754,0.591,1,26,63.14,0.467,1,0,16.862,16.862,0,30,6623,193657.1,88.12,15,13.68
1786080566908,3971,v1,0.0252,0.544,0.1976,1.8032,0.694,0.01991,0.0571,0.001257,0.649,0,12,33.44,0.526,1,1826,11.0,7.872,0,30,5335,224184.2,56.87,18,5.59
1786080560706,3972,v1,0.0688,0.4474,0.2858,1.7756,0.1465,0.01466,0.1102,0.003468,0.686,1,12,36.65,0.638,1,4999,11.0,1.615,1,30,6059,165366.8,100.0,19,21.24
1786080562065,3973,v1,0.0566,0.2493,0.1924,0.9752,0.765,0.00662,0.1432,0.002436,0.705,0,24,99.21,0.956,1,0,14.062,14.062,1,30,6098,138441.7,100.0,13,9.13
1786080563359,3974,v1,0.0214,0.9597,0.125,1.9029,0.9279,0.01929,0.105,0.00158,0.617,1,19,21.21,0.83,1,0,13.0,13.0,1,30,5941,130308.5,100.0,13,6.41
1786080565329,3975,v1,0.0488,0.3512,0.2759,2.0344,0.111,0.019,0.1336,0.001606,0.711,0,29,86.55,0.725,1,0,15.038,15.038,1,30,6474,142255.7,100.0,14,6.27
1786080561248,3976,v1,0.0586,0.8758,0.1783,2.0624,0.5965,0.02116,0.0906,0.003189,0.698,1,22,59.79,0.438,1,0,17.98,17.98,0,30,5987,235267.3,89.15,17,12.33
1786080562835,3977,v1,0.0331,0.8158,0.2663,1.7998,0.7674,0.03109,0.1383,0.002669,0.596,1,17,78.67,0.657,1,0,9.871,9.871,1,30,6444,100965.4,100.0,8,10.54
1786080564158,3978,v1,0.0615,0.6587,0.1103,1.9452,0.7615,0.019,0.1626,0.00269,0.697,0,10,33.02,0.304,1,1079,9.0,7.623,1,30,5610,127749.4,100.0,13,16.13
1786080566645,3979,v1,0.021,0.5729,0.1283,1.9115,0.9416,0.03066,0.1952,0.001735,0.687,1,17,43.16,0.382,1,2733,16.0,8.893,0,30,6323,307391.7,42.61,19,6.97
1786080563163,3980,v1,0.0755,0.8135,0.4763,2.0999,0.2582,0.02292,0.2457,0.001638,0.679,1,17,63.44,0.917,1,0,13.0,13.0,1,30,5681,128376.5,100.0,13,6.14
1786080564969,3981,v1,0.059,0.4211,0.4533,1.6943,0.2286,0.00507,0.1236,0.00307,0.602,0,5,33.65,0.647,1,2952,4.0,3.029,1,30,6155,149989.8,100.0,13,42.7
1786080566381,3982,v1,0.0656,0.4367,0.4005,1.7114,0.688,0.02221,0.1649,0.0018,0.689,0,18,52.38,0.403,1,0,13.0,13.0,1,30,6105,137922.8,100.0,13,6.99
1786080568298,3983,v1,0.0179,0.3458,0.3909,2.4077,0.556,0.02605,0.1882,0.002408,0.652,1,28,66.5,0.878,1,0,15.351,15.351,0,30,6071,250835.9,71.16,18,9.22
1786080565958,3984,v1,0.062,0.5223,0.4431,1.5417,0.6496,0.02569,0.1734,0.003508,0.62,0,4,20.04,0.683,1,2428,3.0,2.595,0,30,6046,231688.9,52.26,14,13.53
1786080567803,3985,v1,0.0612,0.7866,0.3653,1.1494,0.1205,0.01249,0.0582,0.001405,0.584,1,21,87.69,0.99,1,0,15.557,15.557,0,30,6423,182584.5,96.96,15,5.67
1786080569505,3986,v1,0.0186,0.3054,0.1689,2.4693,0.1883,0.01318,0.1154,0.003585,0.673,0,25,67.13,0.624,1,0,15.818,15.818,1,30,7001,176637.2,100.0,15,13.34
1786080570664,3987,v1,0.0452,0.9747,0.1768,1.6822,0.3594,0.01346,0.1007,0.001972,0.643,1,7,75.93,0.889,1,5490,6.0,0.0,1,30,5553,154198.7,0.0,-1,100.0
1786080567142,3988,v1,0.0122,0.8153,0.4759,1.2672,0.5263,0.02597,0.0975,0.001753,0.693,0,28,52.97,0.957,1,0,10.393,10.393,0,30,6456,294398.8,49.06,19,6.18
1786080569406,3989,v1,0.0113,0.8492,0.3397,1.8837,0.798,0.01536,0.1963,0.00226,0.714,0,6,36.5,0.46,1,2011,5.0,4.011,0,30,6159,353706.3,0.0,-1,8.52
1786080571253,3990,v1,0.0124,0.2976,0.1752,1.9202,0.1386,0.00762,0.1504,0.002741,0.603,0,34,63.34,0.953,1,0,0.0,0.0,0,30,5838,341441.6,0.0,-1,10.41
1786080572028,3991,v1,0.0751,0.6013,0.1803,2.4835,0.7908,0.0239,0.1734,0.001898,0.617,1,35,71.65,0.309,1,0,11.364,11.364,1,30,6179,97360.8,100.0,7,7.77
1786080567659,3992,v1,0.0744,0.4589,0.2349,1.8069,0.2384,0.02373,0.1156,0.002717,0.632,1,10,72.56,0.687,1,4278,8.551,1.87,1,30,5920,140307.8,100.0,8,12.09
1786080569228,3993,v1,0.0371,0.7169,0.1611,1.5804,0.4879,0.00525,0.1246,0.001434,0.616,0,30,43.55,0.936,1,0,14.355,14.355,1,30,6723,151673.6,100.0,13,5.38
1786080570842,3994,v1,0.0289,0.4945,0.1662,1.9701,0.6703,0.01279,0.2305,0.002325,0.657,0,32,28.95,0.306,1,0,11.567,11.567,0,30,5942,273101.8,54.03,19,8.52
1786080571874,3995,v1,0.0796,0.8339,0.4326,2.3662,0.7985,0.01729,0.094,0.003634,0.679,0,13,92.01,0.565,1,0,12.0,12.0,1,30,6281,142472.7,100.0,13,13.34
1786080569079,3996,v1,0.0199,0.8029,0.2055,1.0661,0.8656,0.02054,0.2273,0.002386,0.665,1,8,35.71,0.926,1,7679,7.0,0.0,1,30,7805,212246.7,0.0,-1,100.0
1786080570305,3997,v1,0.03,0.6178,0.3491,1.5986,0.1156,0.02675,0.1718,0.003672,0.628,1,7,63.24,0.53,1,4101,6.0,2.042,1,30,6360,160579.1,100.0,13,70.35
1786080571760,3998,v1,0.0747,0.4977,0.293,0.9017,0.4072,0.01395,0.1469,0.001713,0.685,1,36,42.39,0.981,1,2066,20.888,13.479,0,30,6249,245760.6,87.59,16,6.82
1786080572466,3999,v1,0.0578,0.2991,0.1351,2.1657,0.4534,0.02402,0.1099,0.002815,0.602,1,20,93.97,0.577,1,0,15.553,15.553,0,30,6038,165271.8,98.72,15,10.85
1786080578393,4000,v1,0.0562,0.9188,0.2564,1.6255,0.3811,0.0065,0.2005,0.001408,0.717,1,29,47.13,0.637,1,902,14.173,12.171,1,30,6598,150379.1,100.0,13,5.67
1786080580866,4001,v1,0.0161,0.5903,0.1405,1.0097,0.4963,0.01193,0.1424,0.001588,0.681,0,14,47.63,0.834,1,3036,13.0,7.421,0,30,6093,355872.9,0.0,-1,5.91
1786080582470,4002,v1,0.0621,0.2263,0.1682,0.932,0.1852,0.00852,0.1012,0.002698,0.717,0,20,41.7,0.558,1,0,13.988,13.988,1,30,6133,149140.7,100.0,14,9.7
1786080584873,4003,v1,0.0285,0.5537,0.3108,2.3831,0.7051,0.02871,0.1516,0.002632,0.62,1,8,22.04,0.728,1,6099,7.0,0.0,0,30,6202,367181.8,0.0,-1,10.21
1786080579398,4004,v1,0.0722,0.7091,0.3213,1.0438,0.5834,0.0072,0.2218,0.001568,0.667,0,7,34.36,0.703,1,3310,6.0,4.029,1,30,6769,159709.4,100.0,13,6.35
1786080581069,4005,v1,0.0723,0.4948,0.4561,1.3737,0.1036,0.02258,0.0721,0.003296,0.637,1,28,95.69,0.637,1,0,13.777,13.777,1,30,7781,167212.4,100.0,13,11.86
1786080582607,4006,v1,0.0455,0.5904,0.4921,1.2675,0.2277,0.00475,0.0813,0.001619,0.621,1,29,54.72,0.793,1,1104,14.128,11.749,1,30,6800,157053.4,100.0,13,6.16
1786080585349,4007,v1,0.0276,0.3716,0.1594,1.91,0.4864,0.01604,0.2408,0.001571,0.637,1,17,78.53,0.852,1,6288,16.0,0.0,0,30,6432,396574.3,0.0,-1,6.11
1786080580087,4008,v1,0.031,0.9948,0.3746,1.7799,0.2712,0.02607,0.1234,0.00373,0.674,0,4,71.58,0.741,1,0,3.0,3.0,0,30,6468,218106.7,84.12,17,14.52
1786080582307,4009,v1,0.0574,0.9402,0.1733,0.9052,0.6949,0.0107,0.0653,0.00336,0.702,0,17,82.12,0.873,1,2764,16.0,9.625,0,30,6405,319408.9,47.01,17,12.24
1786080584757,4010,v1,0.0563,0.4416,0.3953,2.2956,0.5591,0.02838,0.1882,0.002745,0.593,1,9,32.59,0.943,1,6321,8.0,0.0,0,30,6455,378948.6,0.0,-1,10.61
1786080586219,4011,v1,0.029,0.5092,0.3818,0.9828,0.8441,0.02456,0.2092,0.001532,0.608,1,16,87.56,0.563,1,0,10.954,10.954,1,30,5546,99436.4,100.0,8,5.79
1786080580558,4012,v1,0.0302,0.9146,0.4076,2.3843,0.492,0.0201,0.1966,0.003637,0.613,0,28,74.5,0.823,1,0,18.098,18.098,0,30,6972,217607.0,89.16,16,13.64
1786080582664,4013,v1,0.0305,0.5643,0.3613,1.3299,0.1652,0.01798,0.2152,0.00173,0.706,1,22,77.02,0.809,1,0,8.854,8.854,0,30,5636,310054.1,44.61,19,6.97
1786080584412,4014,v1,0.0716,0.3154,0.1712,1.7076,0.2781,0.03001,0.2038,0.003456,0.635,1,21,67.03,0.985,1,0,15.543,15.543,0,30,6772,180219.4,90.27,14,14.01
1786080586249,4015,v1,0.0631,0.5191,0.2464,1.6143,0.3311,0.00419,0.0705,0.001219,0.598,0,17,35.32,0.877,1,62,15.818,15.675,0,30,6176,236816.9,94.57,16,4.5
1786080580594,4016,v1,0.0438,0.5867,0.4092,1.9615,0.1089,0.02667,0.1234,0.003378,0.693,0,9,68.53,0.309,1,0,8.0,8.0,1,30,5887,132960.2,100.0,13,12.32
1786080582321,4017,v1,0.0238,0.4593,0.4691,1.0332,0.2746,0.01731,0.2333,0.002923,0.62,1,4,75.32,0.891,1,6151,3.0,0.0,1,30,6199,163409.2,0.0,-1,100.0
1786080583942,4018,v1,0.0221,0.3104,0.3812,1.8538,0.941,0.01878,0.2128,0.002597,0.678,1,24,58.31,0.74,1,998,14.185,11.966,1,30,6727,148932.9,100.0,14,24.29
1786080585244,4019,v1,0.0397,0.5441,0.2242,2.2356,0.156,0.01112,0.1099,0.002808,0.658,0,25,92.71,0.887,1,0,13.54,13.54,1,30,6047,139350.7,100.0,13,10.35
1786080581579,4020,v1,0.0783,0.225,0.4255,0.8724,0.4513,0.03042,0.2157,0.003698,0.661,0,19,79.12,0.72,1,0,14.98,14.98,0,30,6539,185065.3,90.42,14,13.32
1786080582538,4021,v1,0.0461,0.815,0.4299,2.1824,0.9601,0.00796,0.2425,0.001413,0.585,1,14,48.2,0.362,1,0,9.084,9.084,1,30,5567,80500.6,100.0,5,5.48
1786080584894,4022,v1,0.0762,0.4748,0.3194,0.8955,0.2797,0.02877,0.2263,0.002905,0.703,0,7,66.21,0.851,1,4518,6.0,3.318,0,30,6860,345476.3,29.22,16,11.63
1786080586440,4023,v1,0.0237,0.7087,0.1262,1.7674,0.3473,0.02666,0.0719,0.002894,0.71,1,30,37.32,0.9,1,0,14.358,14.358,1,30,6176,136815.6,100.0,13,10.8
1786080582227,4024,v1,0.0353,0.2863,0.1619,1.4499,0.652,0.00815,0.2058,0.00195,0.69,0,26,58.53,0.627,1,0,15.248,15.248,1,30,6518,159417.2,100.0,14,7.2
1786080583887,4025,v1,0.0136,0.3721,0.2397,1.7454,0.7863,0.01686,0.1983,0.002409,0.648,1,10,56.91,0.529,1,4591,9.0,2.246,1,30,6235,172345.6,100.0,14,77.19
1786080585429,4026,v1,0.076,0.8171,0.2177,2.3979,0.8818,0.02067,0.2302,0.003575,0.659,1,27,79.62,0.509,1,0,17.642,17.642,0,30,6526,198609.0,84.59,16,13.88
1786080586714,4027,v1,0.0737,0.8336,0.2683,2.0681,0.8649,0.01957,0.2175,0.003687,0.589,0,21,26.84,0.956,1,614,15.697,14.072,0,30,5454,166001.8,100.0,15,12.54
1786080587464,4028,v1,0.0667,0.7474,0.368,2.2263,0.7687,0.01872,0.178,0.002968,0.719,1,20,38.91,0.887,1,1106,17.665,14.461,0,30,6439,280232.0,91.34,17,11.28
1786080589024,4029,v1,0.0418,0.7578,0.4856,1.6009,0.8239,0.02681,0.0751,0.00185,0.674,0,5,75.53,0.465,1,0,4.0,4.0,0,30,6004,183223.6,85.38,16,7.45
1786080590543,4030,v1,0.0671,0.6123,0.4498,2.3631,0.6377,0.01044,0.196,0.00221,0.656,0,24,82.45,0.463,1,0,13.366,13.366,1,30,6806,154709.2,100.0,13,7.88
1786080592221,4031,v1,0.07,0.5579,0.1857,2.1305,0.7986,0.0148,0.2012,0.002804,0.679,1,25,69.54,0.579,1,0,17.847,17.847,0,30,5626,176021.3,92.98,16,10.15
1786080587441,4032,v1,0.0366,0.6195,0.3816,0.8196,0.1068,0.02522,0.1665,0.00262,0.58,1,12,52.57,0.571,1,1430,5.756,4.509,1,30,6580,63256.3,100.0,3,10.93
1786080588787,4033,v1,0.0185,0.7361,0.3348,1.6525,0.6116,0.02169,0.0802,0.001469,0.671,0,15,72.39,0.886,1,0,13.0,13.0,1,30,5925,127869.4,100.0,13,6.41
1786080590545,4034,v1,0.0793,0.9452,0.2708,0.8009,0.1693,0.02421,0.0822,0.002039,0.591,1,18,39.99,0.956,1,956,14.261,12.0,0,30,6200,196244.6,97.37,14,8.0
1786080592927,4035,v1,0.0178,0.2679,0.1117,1.5219,0.4236,0.00481,0.1548,0.003195,0.594,1,14,37.93,0.808,1,5802,13.0,0.578,0,30,6360,354672.0,0.04,-1,12.22
1786080588292,4036,v1,0.0593,0.4844,0.4702,1.708,0.7706,0.01237,0.114,0.00206,0.662,0,35,22.1,0.385,1,241,19.488,18.676,0,30,5572,176559.4,95.36,16,8.24
1786080589894,4037,v1,0.0182,0.3375,0.1064,2.4341,0.812,0.02842,0.0922,0.001578,0.596,0,35,49.95,0.555,1,0,14.56,14.56,1,30,6780,153648.4,100.0,13,6.17
1786080591145,4038,v1,0.0649,0.5119,0.1005,1.3002,0.7045,0.03044,0.1524,0.003521,0.637,0,6,86.56,0.711,1,0,5.0,5.0,1,30,6074,135823.5,100.0,13,13.12
1786080592783,4039,v1,0.0484,0.4355,0.2124,1.6367,0.6468,0.02313,0.1452,0.001957,0.707,0,29,87.85,0.654,1,0,14.933,14.933,1,30,6821,164262.9,100.0,13,7.7
1786080588896,4040,v1,0.0722,0.3333,0.153,2.1117,0.9428,0.01567,0.2001,0.001326,0.682,0,28,76.9,0.818,1,0,18.551,18.551,0,30,6011,188532.3,97.29,17,5.37
1786080590721,4041,v1,0.0787,0.7644,0.3523,1.758,0.2351,0.01404,0.0511,0.003036,0.712,0,25,77.41,0.389,1,0,18.398,18.398,0,30,5749,252308.0,82.47,16,11.88
1786080592491,4042,v1,0.0112,0.376,0.1569,1.4396,0.2023,0.0237,0.0586,0.002849,0.586,1,31,85.76,0.876,1,0,18.004,18.004,0,30,6277,177637.8,90.88,15,11.28
1786080594456,4043,v1,0.0501,0.7511,0.1216,1.0931,0.5884,0.00697,0.1917,0.001529,0.594,0,12,88.72,0.694,1,0,11.0,11.0,0,30,6340,193552.6,85.61,16,5.96
1786080589751,4044,v1,0.038,0.2285,0.3081,0.8646,0.4182,0.02606,0.0768,0.001356,0.611,1,16,59.14,0.359,1,0,12.776,12.776,1,30,7466,163583.4,100.0,13,5.32
1786080590862,4045,v1,0.0438,0.7383,0.2165,1.1938,0.1642,0.02218,0.1696,0.003541,0.617,0,27,37.59,0.921,1,0,12.001,12.001,1,30,6225,115655.0,100.0,7,13.64
1786080593274,4046,v1,0.0583,0.2057,0.3569,2.3025,0.5558,0.02579,0.1693,0.001592,0.598,0,14,79.51,0.99,1,4617,13.0,4.541,0,30,6142,322711.4,20.82,15,6.2
1786080596097,4047,v1,0.04,0.5903,0.4856,1.5247,0.6325,0.01519,0.1683,0.003692,0.662,1,12,66.83,0.672,1,4821,11.0,1.998,0,30,6117,339453.5,16.39,-1,13.7
1786080590105,4048,v1,0.0102,0.8336,0.2641,2.1594,0.9494,0.0242,0.1997,0.001507,0.646,0,31,21.67,0.637,1,0,14.335,14.335,1,30,6413,144772.0,100.0,13,5.94
1786080591617,4049,v1,0.042,0.3752,0.412,1.435,0.4993,0.00836,0.0663,0.002803,0.608,0,27,29.02,0.833,1,0,17.795,17.795,0,30,5849,178455.2,85.54,16,10.55
1786080594530,4050,v1,0.0108,0.7523,0.2702,2.1559,0.5097,0.01573,0.1388,0.001674,0.668,0,22,45.11,0.712,1,0,0.0,0.0,0,30,6511,398363.9,0.0,-1,7.06
1786080596433,4051,v1,0.0744,0.4301,0.4017,2.1698,0.874,0.00562,0.0601,0.002106,0.68,0,24,79.29,0.875,1,0,18.144,18.144,0,30,5895,219861.7,87.17,17,7.55
1786080590451,4052,v1,0.0766,0.8846,0.1707,0.8648,0.8924,0.02027,0.0865,0.001913,0.582,1,16,55.07,0.306,1,0,5.272,5.272,1,30,6867,43347.8,100.0,3,7.22
1786080592001,4053,v1,0.0578,0.2448,0.412,1.1815,0.8603,0.03186,0.1282,0.002496,0.597,0,28,97.74,0.612,1,0,14.454,14.454,0,30,6071,138521.1,87.35,12,9.83
1786080593496,4054,v1,0.0298,0.6936,0.388,2.1428,0.5979,0.01319,0.1239,0.002298,0.617,1,8,67.91,0.976,1,6347,7.0,0.0,1,30,6460,176694.0,0.0,-1,100.0
1786080595124,4055,v1,0.0302,0.5907,0.3361,1.0976,0.6141,0.0294,0.1578,0.002419,0.587,1,16,91.4,0.805,1,0,11.898,11.898,0,30,5994,129317.8,88.65,10,9.14
1786080595597,4056,v1,0.0546,0.3134,0.4942,2.1836,0.9562,0.00502,0.1477,0.003482,0.667,1,15,79.13,0.697,1,5393,14.0,1.747,0,30,6444,366552.5,10.38,-1,12.65
1786080597311,4057,v1,0.0238,0.3952,0.4759,1.9276,0.7454,0.02001,0.1375,0.001456,0.685,0,34,77.99,0.328,1,0,14.932,14.932,1,30,6172,142732.0,100.0,13,5.51
1786080599033,4058,v1,0.0103,0.4819,0.4839,1.28,0.8877,0.03061,0.0639,0.003653,0.592,0,10,60.52,0.369,1,1441,9.0,7.285,0,30,6063,174025.2,67.0,10,13.23
1786080600763,4059,v1,0.0545,0.7877,0.489,1.945,0.4207,0.03023,0.1145,0.001575,0.716,0,20,94.86,0.415,1,0,13.0,13.0,1,30,6328,146330.6,100.0,13,5.89
1786080594993,4060,v1,0.0188,0.744,0.3365,1.2732,0.9828,0.01945,0.0613,0.001989,0.67,0,7,99.76,0.981,1,0,6.0,6.0,1,30,5958,135709.9,100.0,13,7.54
1786080597179,4061,v1,0.0165,0.593,0.473,1.0686,0.3768,0.0251,0.1297,0.003106,0.671,0,26,24.49,0.865,1,725,19.206,17.252,0,30,6821,249077.6,90.12,17,11.88
1786080598803,4062,v1,0.0647,0.8566,0.2837,1.3051,0.4679,0.00521,0.0709,0.002301,0.677,1,16,40.78,0.569,1,0,13.0,13.0,1,30,6426,151193.5,100.0,13,8.76
1786080600503,4063,v1,0.0367,0.6997,0.4163,1.4649,0.6453,0.02253,0.0847,0.002041,0.589,1,11,37.83,0.778,1,1868,8.21,5.514,1,30,6343,101033.5,100.0,7,27.62
1786080596501,4064,v1,0.0454,0.4157,0.4612,1.6732,0.7392,0.01673,0.1089,0.002164,0.661,1,11,23.06,0.826,1,6308,10.0,0.331,1,30,6677,180274.4,100.0,22,96.81
1786080598377,4065,v1,0.0301,0.5547,0.1671,2.152,0.299,0.00708,0.103,0.001318,0.603,0,33,48.34,0.868,1,0,21.436,21.436,0,30,5195,250713.1,83.94,18,5.1
1786080599648,4066,v1,0.063,0.4573,0.4713,2.3953,0.3867,0.01845,0.1171,0.002404,0.605,0,29,77.7,0.6,1,0,11.37,11.37,1,30,6058,101975.7,100.0,5,8.95
1786080600727,4067,v1,0.0398,0.6033,0.4026,1.769,0.8962,0.0212,0.0945,0.001551,0.599,1,36,49.0,0.924,1,902,11.417,9.435,1,30,5432,88238.1,100.0,6,6.09
1786080596988,4068,v1,0.0713,0.3243,0.1914,1.0475,0.8755,0.01601,0.076,0.003545,0.631,1,11,47.7,0.403,1,2834,10.0,5.079,0,30,5952,244096.9,51.75,15,13.21
1786080598605,4069,v1,0.0327,0.9955,0.4674,1.949,0.1832,0.00899,0.1437,0.001598,0.601,1,7,93.35,0.331,1,2624,6.0,3.15,1,30,5592,147298.8,100.0,13,51.0
1786080601414,4070,v1,0.0263,0.5289,0.2206,1.8377,0.1422,0.00564,0.2311,0.002294,0.652,1,20,20.98,0.736,1,6415,19.0,0.622,0,30,6923,388076.0,0.0,-1,8.44
1786080603581,4071,v1,0.067,0.2182,0.2054,0.8051,0.4644,0.0253,0.2177,0.002865,0.644,1,9,53.77,0.367,1,3027,8.0,4.11,0,30,6363,272116.3,50.56,15,10.62
1786080597508,4072,v1,0.0646,0.51,0.3434,1.4167,0.1003,0.00458,0.2108,0.001595,0.62,0,17,38.29,0.334,1,0,13.0,13.0,1,30,6629,153432.4,100.0,13,6.14
1786080599209,4073,v1,0.0212,0.7799,0.3009,0.8329,0.3627,0.007,0.0602,0.003078,0.676,1,8,39.66,0.405,1,3323,7.0,3.389,1,30,6570,164156.6,100.0,13,57.09
1786080600546,4074,v1,0.0394,0.5871,0.2758,1.855,0.5962,0.02852,0.09,0.002365,0.581,1,20,52.78,0.374,1,0,9.834,9.834,1,30,6025,95101.0,100.0,6,8.93
1786080602403,4075,v1,0.0787,0.6168,0.1144,1.605,0.8818,0.02871,0.1211,0.001464,0.609,1,23,68.74,0.602,1,0,15.839,15.839,0,30,6449,183975.6,95.63,14,5.5
1786080598364,4076,v1,0.0586,0.7013,0.1319,1.8435,0.2049,0.01272,0.1952,0.002737,0.59,0,14,51.05,0.958,1,0,12.107,12.107,1,30,6620,132953.8,100.0,8,11.01
1786080600601,4077,v1,0.0382,0.3439,0.4469,2.4154,0.8702,0.0276,0.0556,0.001832,0.667,1,9,71.42,0.469,1,3919,8.0,3.023,0,30,6389,315174.0,32.29,17,6.92
1786080602068,4078,v1,0.067,0.5728,0.1138,2.309,0.8917,0.02905,0.0576,0.002005,0.655,1,28,57.54,0.926,1,957,14.019,11.611,1,30,5837,137139.5,100.0,13,7.88
1786080603375,4079,v1,0.042,0.8751,0.3101,1.3218,0.8626,0.02013,0.202,0.003228,0.689,1,8,97.1,0.738,1,4832,7.0,0.593,1,30,5409,146962.3,100.0,20,85.36
1786080599939,4080,v1,0.0431,0.664,0.4016,2.454,0.2925,0.00983,0.1156,0.002605,0.684,1,7,27.02,0.497,1,4051,6.0,1.987,0,30,6156,353547.5,18.45,-1,9.49
1786080601588,4081,v1,0.0393,0.4856,0.32,0.9176,0.5487,0.02786,0.1626,0.001248,0.676,0,19,91.79,0.556,1,0,16.425,16.425,0,30,6165,191274.1,84.8,16,5.04
1786080603582,4082,v1,0.0717,0.42,0.4131,2.2225,0.3492,0.01876,0.1585,0.003541,0.669,1,29,91.34,0.522,1,0,18.539,18.539,0,30,6579,234156.1,84.78,16,12.9
1786080605456,4083,v1,0.079,0.4901,0.4367,1.24,0.679,0.02527,0.1041,0.001887,0.698,0,4,40.2,0.508,1,2417,3.0,2.622,0,30,6430,265023.7,56.88,15,6.91
1786080603427,4084,v1,0.0727,0.3028,0.4445,0.8685,0.4563,0.0096,0.2301,0.002155,0.613,1,11,94.8,0.639,1,5116,10.0,1.002,0,30,5811,314209.4,19.94,-1,8.33
1786080604912,4085,v1,0.044,0.2228,0.1646,1.5586,0.7155,0.02912,0.1874,0.001557,0.7,0,30,70.13,0.525,1,0,15.023,15.023,1,30,6021,136129.4,100.0,13,5.63
1786080606580,4086,v1,0.0732,0.3477,0.4081,1.7271,0.764,0.01439,0.2261,0.001582,0.669,0,26,34.96,0.995,1,0,17.416,17.416,0,30,6744,210797.8,91.07,16,6.18
1786080607580,4087,v1,0.0398,0.9019,0.4526,1.1194,0.718,0.00903,0.1942,0.001729,0.639,0,10,32.5,0.346,1,1429,8.959,7.294,1,30,6104,135917.1,100.0,12,9.27
1786080602902,4088,v1,0.078,0.4714,0.3403,1.6521,0.6697,0.02173,0.1387,0.003488,0.584,1,32,85.97,0.575,1,0,7.559,7.559,1,30,6109,51747.5,100.0,4,12.41
1786080604491,4089,v1,0.0191,0.5671,0.1681,2.4223,0.535,0.00914,0.1506,0.003414,0.7,0,9,89.21,0.764,1,0,8.0,8.0,1,30,5900,145856.7,100.0,15,12.81
1786080605564,4090,v1,0.0755,0.9851,0.138,1.9509,0.6869,0.01541,0.2132,0.001383,0.647,1,20,97.58,0.562,1,0,13.0,13.0,1,30,5778,132244.0,100.0,13,5.07
1786080607854,4091,v1,0.0155,0.5414,0.4398,1.6646,0.7388,0.02495,0.1389,0.002015,0.717,1,11,43.71,0.398,1,3846,10.0,4.096,0,30,6636,381200.4,0.0,-1,7.9
1786080605126,4092,v1,0.0211,0.9439,0.2969,1.7813,0.2005,0.01489,0.2031,0.002458,0.719,0,15,84.6,0.481,1,0,14.0,14.0,0,30,7275,416074.4,0.0,-1,9.39
1786080606529,4093,v1,0.0579,0.4097,0.2469,1.9421,0.4771,0.00634,0.0891,0.003217,0.633,1,28,60.64,0.671,1,0,14.031,14.031,1,30,6367,142670.4,100.0,13,11.47
1786080608187,4094,v1,0.0671,0.8466,0.1052,1.0078,0.6453,0.01716,0.1804,0.002245,0.646,1,10,21.13,0.552,1,4380,9.0,2.564,0,30,6237,336840.6,24.79,16,8.71
1786080609431,4095,v1,0.0367,0.847,0.3218,2.1729,0.2246,0.00832,0.1181,0.002967,0.691,0,14,99.43,0.71,1,0,13.0,13.0,0,30,6202,364288.1,1.48,-1,11.71
1786080604935,4096,v1,0.0138,0.7573,0.1853,1.2706,0.1534,0.0183,0.0661,0.001566,0.61,1,30,36.72,0.656,1,1323,20.264,15.636,0,30,6121,252321.0,90.12,18,6.24
1786080606392,4097,v1,0.0524,0.2085,0.3441,1.1973,0.555,0.01909,0.1536,0.002316,0.716,0,29,37.57,0.336,1,0,14.76,14.76,1,30,6845,158719.5,100.0,13,8.88
1786080607322,4098,v1,0.0693,0.7332,0.2864,1.3769,0.2492,0.01304,0.0602,0.003734,0.678,0,14,58.92,0.626,1,0,12.906,12.906,1,30,5807,124189.8,100.0,13,14.14
1786080608979,4099,v1,0.0544,0.7647,0.2451,1.9412,0.9713,0.01494,0.1928,0.00331,0.716,1,19,73.84,0.513,1,2443,17.85,11.279,0,30,7082,298249.1,49.33,18,12.03
1786080615518,4100,v1,0.0352,0.23,0.1784,1.8678,0.4725,0.00481,0.0591,0.001593,0.593,0,25,84.33,0.801,1,0,14.393,14.393,1,30,5846,143850.7,100.0,14,6.31
1786080618063,4101,v1,0.0121,0.9827,0.3666,0.8257,0.4278,0.03171,0.2173,0.002978,0.714,1,25,67.9,0.86,1,0,2.084,2.084,0,30,6329,360243.4,10.57,-1,11.79
1786080619512,4102,v1,0.0476,0.6606,0.1545,1.8794,0.9034,0.02843,0.2216,0.002367,0.597,0,23,20.9,0.609,1,466,9.666,9.092,1,30,6362,93262.3,100.0,5,8.8
1786080621464,4103,v1,0.0641,0.2657,0.4598,2.1887,0.3464,0.01075,0.1518,0.003039,0.629,1,26,25.24,0.51,1,815,17.41,14.946,0,30,6232,246437.5,95.8,16,11.57
1786080616296,4104,v1,0.0685,0.8512,0.3712,1.322,0.8375,0.0083,0.1911,0.001233,0.587,0,10,81.22,0.95,1,0,9.0,9.0,0,30,5927,173059.4,100.0,15,4.47
1786080617754,4105,v1,0.0248,0.332,0.1164,0.957,0.5921,0.02916,0.2487,0.003127,0.595,0,22,92.66,0.417,1,0,10.517,10.517,1,30,5879,98144.5,100.0,7,11.7
1786080619323,4106,v1,0.0328,0.2877,0.4574,1.8262,0.8032,0.02483,0.0794,0.001701,0.604,1,22,91.73,0.986,1,0,15.821,15.821,0,30,6323,185215.4,99.04,15,6.22
1786080621497,4107,v1,0.0718,0.9809,0.1704,2.2232,0.297,0.00946,0.221,0.003249,0.711,0,34,32.15,0.368,1,0,23.731,23.731,0,30,6365,288167.4,92.92,18,12.25
1786080616596,4108,v1,0.0144,0.5538,0.1598,2.0011,0.3474,0.0303,0.2126,0.001839,0.71,1,33,90.52,0.48,1,0,14.971,14.971,1,30,5814,134211.6,100.0,13,7.88
1786080617974,4109,v1,0.06,0.294,0.4757,1.9393,0.8384,0.01833,0.2087,0.001219,0.686,0,35,52.26,0.35,1,0,14.75,14.75,1,30,5609,128982.3,100.0,13,4.49
1786080619725,4110,v1,0.0358,0.2621,0.2912,0.8326,0.2393,0.02273,0.12,0.001288,0.626,1,24,98.44,0.969,1,0,16.548,16.548,0,30,6454,184072.6,87.6,15,5.04
1786080621417,4111,v1,0.0666,0.4297,0.2225,1.8212,0.3264,0.02877,0.1862,0.001661,0.638,0,4,64.58,0.328,1,1737,3.0,2.742,1,30,6760,159767.3,100.0,13,18.58
1786080617469,4112,v1,0.0493,0.663,0.312,0.8088,0.9729,0.00623,0.1839,0.00307,0.707,0,20,49.79,0.692,1,0,13.0,13.0,1,30,5876,128189.1,100.0,13,11.59
1786080619052,4113,v1,0.0654,0.223,0.3279,2.2126,0.5039,0.02889,0.1485,0.003713,0.668,0,8,96.51,0.701,1,0,7.0,7.0,0,30,6210,186049.0,85.36,15,13.75
1786080620831,4114,v1,0.0673,0.4483,0.4869,1.8883,0.4689,0.01746,0.1106,0.002575,0.708,0,28,41.23,0.593,1,0,19.182,19.182,0,30,5918,229880.3,85.23,17,10.07
1786080622371,4115,v1,0.0351,0.5346,0.2492,1.8335,0.6981,0.03091,0.1015,0.001231,0.687,1,21,29.78,0.354,1,435,17.477,16.186,0,30,5962,191188.2,85.61,17,4.39
1786080618473,4116,v1,0.0492,0.92,0.1635,1.0934,0.8104,0.03197,0.1601,0.00295,0.701,1,17,38.39,0.719,1,3152,16.0,6.842,0,30,5749,279441.3,37.93,16,10.99
1786080619860,4117,v1,0.0171,0.4644,0.3916,0.833,0.6898,0.02536,0.1878,0.003003,0.6,1,35,27.87,0.753,1,769,11.119,9.562,1,30,5975,93352.0,100.0,7,11.58
1786080621110,4118,v1,0.0254,0.8531,0.3911,0.8703,0.3234,0.01918,0.182,0.002589,0.594,0,32,86.67,0.518,1,0,8.873,8.873,1,30,6399,68204.6,100.0,4,9.74
1786080622247,4119,v1,0.0361,0.6303,0.3118,1.1431,0.8471,0.02922,0.1824,0.002263,0.7,0,26,48.67,0.859,1,0,13.703,13.703,1,30,5715,132329.7,100.0,13,8.57
1786080619696,4120,v1,0.0325,0.7666,0.3136,2.3334,0.3209,0.01234,0.2198,0.001796,0.706,0,18,56.04,0.346,1,1391,17.0,13.621,0,30,6368,352133.9,1.01,-1,6.94
1786080620891,4121,v1,0.0727,0.8636,0.1072,0.9732,0.4204,0.01402,0.1568,0.003001,0.592,0,22,55.15,0.699,1,0,7.483,7.483,1,30,6400,73089.9,100.0,4,11.05
1786080622659,4122,v1,0.0295,0.5585,0.275,1.3415,0.5638,0.01996,0.1606,0.002115,0.678,0,12,98.16,0.758,1,0,11.0,11.0,0,30,6708,232705.3,91.22,18,8.63
1786080625567,4123,v1,0.0565,0.8226,0.3625,1.2609,0.828,0.01232,0.0884,0.001686,0.622,1,13,56.78,0.575,1,4558,12.0,3.876,0,30,6861,331900.9,30.26,16,6.6
1786080619477,4124,v1,0.0766,0.2543,0.3772,1.8817,0.3349,0.00472,0.2389,0.003516,0.692,1,4,67.05,0.5,1,4621,3.0,0.975,1,30,6926,177324.2,100.0,14,34.44
1786080620963,4125,v1,0.0315,0.8072,0.2107,2.3797,0.5677,0.01115,0.1354,0.003345,0.602,1,28,27.71,0.385,1,518,14.037,12.804,1,30,6403,144976.7,100.0,13,14.62
1786080622694,4126,v1,0.0386,0.4057,0.3267,2.052,0.3665,0.03095,0.1048,0.001765,0.646,1,18,59.25,0.821,1,1000,16.042,13.397,0,30,6200,209342.4,83.54,16,6.66
1786080624965,4127,v1,0.048,0.4525,0.1088,1.1063,0.9255,0.03128,0.169,0.002415,0.638,1,11,84.6,0.64,1,4801,10.0,1.228,0,30,5602,305369.9,12.23,-1,9.0
1786080623182,4128,v1,0.0772,0.6603,0.2234,1.2185,0.4812,0.00553,0.1167,0.002934,0.587,1,22,84.26,0.372,1,0,10.053,10.053,1,30,6045,95045.4,100.0,6,10.9
1786080624988,4129,v1,0.0757,0.2734,0.342,1.894,0.2063,0.01034,0.1272,0.002706,0.639,1,17,91.36,0.461,1,2,16.0,15.995,0,30,6192,242840.9,99.93,16,9.69
1786080626605,4130,v1,0.0532,0.5919,0.3417,2.445,0.2011,0.0111,0.0628,0.003645,0.665,1,13,58.81,0.724,1,5440,12.0,1.358,1,30,6424,177690.6,100.0,24,90.33
1786080629097,4131,v1,0.0345,0.8657,0.26,1.6293,0.8314,0.02992,0.1528,0.002254,0.706,0,15,66.02,0.915,1,4317,14.0,5.485,0,30,6275,314388.2,24.92,18,8.72
1786080625117,4132,v1,0.0257,0.8863,0.4318,1.7513,0.433,0.00788,0.0638,0.002366,0.717,0,7,20.87,0.683,1,3308,6.0,3.829,0,30,6179,363453.9,0.0,-1,8.92
1786080627822,4133,v1,0.0521,0.8533,0.2327,2.1019,0.9341,0.00451,0.0848,0.001943,0.716,0,7,93.05,0.456,1,0,6.0,6.0,0,30,6210,387164.7,3.22,-1,7.62
1786080630276,4134,v1,0.013,0.3999,0.1483,1.7433,0.7311,0.009,0.2026,0.001648,0.661,1,24,93.88,0.698,1,0,0.0,0.0,0,30,6286,386186.6,0.0,-1,6.01
1786080631692,4135,v1,0.0765,0.5624,0.3992,1.0605,0.9311,0.02076,0.0672,0.001803,0.591,0,8,70.36,0.629,1,0,4.165,4.165,1,30,6512,40681.4,100.0,3,6.83
1786080624300,4136,v1,0.0448,0.3028,0.4477,1.5321,0.6856,0.02563,0.073,0.001971,0.606,1,13,64.58,0.387,1,800,7.904,6.377,1,30,6412,84773.5,100.0,5,7.74
1786080625917,4137,v1,0.0731,0.4881,0.2661,1.9147,0.5292,0.02863,0.1711,0.002622,0.698,0,22,56.88,0.37,1,0,10.693,10.693,1,30,6221,110615.9,100.0,8,10.14
1786080627566,4138,v1,0.0777,0.3429,0.2634,1.4476,0.7232,0.03053,0.1628,0.002455,0.688,0,24,24.55,0.768,1,521,13.273,12.379,1,30,6915,151994.4,100.0,13,10.35
1786080628865,4139,v1,0.0503,0.7475,0.248,2.1896,0.8329,0.01433,0.1175,0.001272,0.617,0,7,95.87,0.627,1,0,6.0,6.0,1,30,6269,148762.0,100.0,13,4.59
1786080625046,4140,v1,0.0222,0.4023,0.3417,0.962,0.6033,0.01442,0.1002,0.003638,0.648,1,23,87.78,0.456,1,0,18.765,18.765,0,30,5913,193229.8,89.08,18,13.36
1786080626953,4141,v1,0.0585,0.4082,0.1938,1.3697,0.6916,0.01621,0.2162,0.002962,0.616,1,25,29.58,0.863,1,1046,16.791,13.875,0,30,6427,207259.2,89.71,15,11.02
1786080628302,4142,v1,0.0698,0.9836,0.2835,1.2303,0.6165,0.00399,0.1588,0.00149,0.635,0,31,42.78,0.528,1,0,14.302,14.302,1,30,5833,135337.1,100.0,13,5.73
1786080630989,4143,v1,0.0461,0.5874,0.4495,1.6128,0.3624,0.015,0.2334,0.00204,0.697,1,5,31.31,0.503,1,4716,4.0,1.015,0,30,6366,353243.3,21.14,18,8.26
1786080625609,4144,v1,0.0643,0.283,0.1341,2.2139,0.2438,0.00977,0.2015,0.00338,0.67,0,32,21.27,0.717,1,0,14.859,14.859,1,30,5295,119490.3,100.0,13,12.86
1786080627431,4145,v1,0.0304,0.9488,0.3527,1.0537,0.9532,0.03021,0.2151,0.001896,0.653,0,24,69.66,0.431,1,0,16.863,16.863,0,30,6697,193210.5,96.17,16,7.35
1786080630253,4146,v1,0.0611,0.4563,0.1639,1.5398,0.2166,0.01298,0.1354,0.001667,0.596,1,8,27.58,0.846,1,6869,7.0,0.0,0,30,6952,398873.4,0.0,-1,6.85
1786080631988,4147,v1,0.058,0.7381,0.1407,1.18,0.4648,0.02862,0.1764,0.003623,0.657,1,21,57.25,0.603,1,0,12.964,12.964,1,30,6861,151898.2,100.0,13,13.35
1786080628010,4148,v1,0.0275,0.248,0.2066,2.1559,0.2462,0.01773,0.1631,0.001209,0.611,0,9,67.7,0.756,1,2776,8.0,5.204,0,30,6021,300403.3,46.31,17,4.78
1786080630704,4149,v1,0.0157,0.8814,0.2779,1.9608,0.5747,0.01715,0.1518,0.001412,0.666,0,35,47.59,0.625,1,0,0.0,0.0,0,30,6883,380947.4,0.0,-1,5.08
1786080632160,4150,v1,0.0601,0.4545,0.3109,0.8976,0.9692,0.00389,0.2186,0.002544,0.693,1,35,22.67,0.633,1,809,15.015,12.786,1,30,5880,136156.3,100.0,13,10.24
1786080634635,4151,v1,0.0274,0.9968,0.2501,1.1959,0.699,0.02125,0.2488,0.003212,0.718,1,32,25.65,0.92,1,291,2.828,1.625,0,30,6085,340954.5,12.41,-1,12.39
1786080628292,4152,v1,0.0472,0.5329,0.2739,2.4073,0.8563,0.02016,0.1872,0.001975,0.708,1,31,55.87,0.687,1,1401,18.819,13.506,0,30,5948,270229.7,83.67,18,7.28
1786080630214,4153,v1,0.0753,0.4699,0.2836,2.174,0.8715,0.00366,0.2059,0.002443,0.688,0,22,99.86,0.942,1,0,13.758,13.758,1,30,7409,167703.3,100.0,13,9.33
1786080631800,4154,v1,0.0339,0.5119,0.1635,1.1659,0.1385,0.00981,0.1713,0.002926,0.586,0,25,87.3,0.319,1,0,13.266,13.266,1,30,6093,136193.2,100.0,13,10.95
1786080633495,4155,v1,0.041,0.9164,0.1004,2.4781,0.4137,0.00548,0.0641,0.003513,0.678,1,4,79.91,0.755,1,6115,3.0,0.0,1,30,6180,176146.9,0.0,-1,100.0
1786080630920,4156,v1,0.0637,0.5121,0.1455,2.4847,0.3697,0.02647,0.1858,0.003601,0.623,0,20,34.72,0.973,1,0,13.0,13.0,1,30,5956,133913.2,100.0,13,13.95
1786080632745,4157,v1,0.0464,0.2142,0.283,0.9065,0.2221,0.03102,0.1549,0.001308,0.597,0,4,60.34,0.966,1,4581,3.0,2.325,1,30,6814,157689.5,100.0,13,36.16
1786080634138,4158,v1,0.0773,0.4875,0.4821,2.0227,0.8687,0.03029,0.1395,0.003182,0.664,1,33,40.5,0.712,1,0,11.905,11.905,1,30,6054,106530.7,100.0,8,12.14
1786080635852,4159,v1,0.0149,0.7044,0.352,0.856,0.4392,0.02261,0.1803,0.00178,0.7,0,35,64.01,0.466,1,0,14.548,14.548,1,30,6331,144889.2,100.0,13,7.19
1786080631661,4160,v1,0.0281,0.337,0.2464,2.0322,0.9809,0.00964,0.1817,0.001852,0.689,1,10,50.26,0.432,1,2791,9.0,4.494,1,30,5668,150174.4,100.0,14,53.81
1786080633355,4161,v1,0.0695,0.3461,0.4317,0.8446,0.4194,0.01145,0.1349,0.002757,0.674,0,8,65.43,0.553,1,2560,7.0,4.935,1,30,6322,157935.1,100.0,13,9.92
1786080635679,4162,v1,0.0429,0.6822,0.3387,1.6295,0.9359,0.0268,0.1037,0.00298,0.653,1,7,78.03,0.361,1,3438,6.0,2.816,0,30,6588,291466.0,41.61,15,11.2
1786080637189,4163,v1,0.0183,0.8933,0.3497,2.4107,0.9827,0.02138,0.0589,0.002112,0.656,1,6,37.17,0.807,1,5562,5.0,0.434,1,30,6150,174356.4,100.0,25,91.98
1786080633050,4164,v1,0.0799,0.811,0.2772,2.0944,0.935,0.03168,0.1233,0.001335,0.671,0,36,91.85,0.511,1,0,18.437,18.437,0,30,5403,157760.3,84.68,15,5.33
1786080634771,4165,v1,0.0604,0.5571,0.4684,1.9366,0.4552,0.0175,0.1949,0.003057,0.582,1,26,42.52,0.703,1,902,16.032,13.642,0,30,6462,195654.4,88.16,14,11.22
1786080636743,4166,v1,0.0312,0.7669,0.2953,1.0654,0.1414,0.02029,0.186,0.003033,0.611,1,19,34.91,0.604,1,767,15.586,13.565,0,30,6178,197603.1,85.33,15,11.07
1786080638929,4167,v1,0.0467,0.9638,0.4166,1.2668,0.6529,0.01401,0.1871,0.001705,0.698,1,22,43.56,0.675,1,839,18.404,15.9,0,30,6381,268257.6,85.62,18,7.1
1786080634150,4168,v1,0.0628,0.5631,0.1598,2.3054,0.4185,0.00381,0.0967,0.00372,0.649,0,31,73.58,0.506,1,0,22.113,22.113,0,30,6020,270348.2,96.16,18,13.84
1786080636214,4169,v1,0.0507,0.3945,0.2771,1.5251,0.1262,0.01148,0.1683,0.003655,0.611,0,14,77.93,0.605,1,2043,13.0,8.931,0,30,5794,274225.0,53.71,16,13.89
1786080637816,4170,v1,0.0604,0.5574,0.4916,0.8681,0.7941,0.00486,0.2253,0.002674,0.605,0,35,96.76,0.635,1,0,18.462,18.462,0,30,5545,160905.5,89.72,15,10.73
1786080639823,4171,v1,0.0314,0.7442,0.1393,1.3419,0.4251,0.01846,0.1061,0.001625,0.628,1,20,97.68,0.822,1,0,17.061,17.061,0,30,6887,210302.2,84.72,16,6.2
1786080635802,4172,v1,0.019,0.4919,0.4351,2.3202,0.9547,0.01956,0.2242,0.001885,0.65,0,6,22.27,0.959,1,3070,5.0,3.352,0,30,5648,318759.5,14.68,-1,7.6
1786080638135,4173,v1,0.0242,0.3845,0.113,0.87,0.8481,0.01296,0.1536,0.002845,0.656,1,14,75.5,0.474,1,3726,13.0,4.687,0,30,6050,334749.5,17.12,-1,10.89
1786080640599,4174,v1,0.0105,0.3811,0.2293,1.4081,0.5157,0.01556,0.2372,0.003138,0.71,0,36,33.98,0.734,1,0,0.0,0.0,0,30,6367,367140.8,0.0,-1,12.02
1786080642102,4175,v1,0.0521,0.2121,0.1994,0.8566,0.5497,0.02979,0.1858,0.001604,0.687,1,22,42.0,0.7,1,1022,13.044,10.8,1,30,6167,141179.9,100.0,13,6.29
1786080636234,4176,v1,0.0616,0.4184,0.1366,1.536,0.4513,0.01565,0.2218,0.001326,0.712,0,7,82.42,0.561,1,1794,6.0,4.693,0,30,5548,276179.3,57.24,17,5.55
1786080637897,4177,v1,0.0669,0.7598,0.1436,2.0057,0.8089,0.0181,0.0901,0.001671,0.644,0,31,65.47,0.345,1,0,18.131,18.131,0,30,5534,170248.2,84.73,16,6.49
1786080639559,4178,v1,0.066,0.3527,0.402,1.6188,0.8484,0.02799,0.2001,0.002855,0.648,1,20,25.41,0.77,1,925,15.54,13.091,0,30,6166,207954.0,99.05,15,11.58
1786080641984,4179,v1,0.0522,0.9174,0.3291,2.0084,0.1308,0.01089,0.24,0.001793,0.604,1,14,33.14,0.64,1,4531,13.0,3.825,0,30,6588,345648.7,24.78,16,7.42
1786080636953,4180,v1,0.0234,0.2373,0.2427,1.4146,0.215,0.01024,0.0873,0.00279,0.65,0,8,96.51,0.366,1,0,7.0,7.0,1,30,6045,143382.7,100.0,14,10.09
1786080638333,4181,v1,0.0275,0.9473,0.4281,0.9992,0.6981,0.0276,0.178,0.003724,0.636,0,17,86.55,0.385,1,0,10.0,10.0,1,30,6211,104015.3,100.0,8,13.62
1786080640201,4182,v1,0.0525,0.2356,0.4821,1.6888,0.7961,0.00766,0.2109,0.003145,0.704,1,21,66.67,0.767,1,0,18.639,18.639,0,30,6009,242468.0,90.65,18,11.9
1786080642225,4183,v1,0.0632,0.5056,0.4706,1.4835,0.3397,0.00306,0.0763,0.001246,0.712,0,4,81.63,0.374,1,0,3.0,3.0,0,30,6611,314703.8,84.94,18,5.01
1786080637962,4184,v1,0.0429,0.7311,0.1779,0.9173,0.3278,0.01995,0.0601,0.001851,0.6,0,24,87.04,0.819,1,0,16.084,16.084,0,30,5802,147415.2,97.02,15,6.91
1786080640161,4185,v1,0.0427,0.8156,0.1097,2.1482,0.9584,0.02507,0.1634,0.001471,0.589,0,23,33.29,0.682,1,0,16.055,16.055,0,30,7052,195615.0,95.5,15,5.25
1786080641815,4186,v1,0.0481,0.3762,0.2352,1.3875,0.2934,0.02252,0.1251,0.001547,0.59,1,25,39.77,0.912,1,944,16.181,13.462,0,30,5810,188338.9,95.9,14,6.56
1786080643779,4187,v1,0.0531,0.6005,0.1771,2.1079,0.4377,0.02538,0.062,0.00231,0.596,0,6,26.47,0.76,1,3643,5.0,3.244,0,30,6299,285853.6,41.42,15,8.8
1786080639780,4188,v1,0.017,0.737,0.1523,1.9965,0.4643,0.02745,0.2496,0.003171,0.648,0,26,64.77,0.596,1,0,13.686,13.686,1,30,6512,146031.4,100.0,13,11.92
1786080642619,4189,v1,0.0649,0.9882,0.2595,1.3428,0.2363,0.00979,0.2309,0.001367,0.583,1,10,72.03,0.661,1,6438,9.0,0.524,0,30,6930,403320.6,5.83,-1,5.17
1786080643923,4190,v1,0.0735,0.3055,0.29,1.205,0.6394,0.01582,0.1327,0.001654,0.63,0,16,60.38,0.888,1,0,9.53,9.53,1,30,6096,93798.8,100.0,5,6.12
1786080644634,4191,v1,0.05,0.906,0.2556,1.4527,0.9629,0.01446,0.0625,0.003686,0.651,1,22,68.92,0.733,1,0,13.0,13.0,1,30,5752,130035.9,100.0,13,14.26
1786080641966,4192,v1,0.0457,0.4047,0.2047,0.9907,0.9942,0.01206,0.0943,0.003158,0.612,1,9,70.74,0.683,1,5678,8.0,0.441,0,30,6153,372118.8,4.73,-1,11.64
1786080643493,4193,v1,0.0682,0.27,0.2379,1.7285,0.7577,0.03084,0.1964,0.003725,0.586,1,36,39.79,0.374,1,456,17.205,15.913,0,30,6850,182520.3,96.05,13,13.81
1786080645518,4194,v1,0.0171,0.9478,0.1088,2.2087,0.5949,0.00934,0.1187,0.002764,0.704,0,30,93.77,0.399,1,0,0.0,0.0,0,30,6874,402518.7,0.0,-1,10.46
1786080646294,4195,v1,0.0651,0.347,0.3888,1.7906,0.5834,0.02858,0.1661,0.00121,0.678,0,33,50.66,0.49,1,0,18.045,18.045,0,30,6182,176801.3,88.2,15,4.45
1786080641851,4196,v1,0.0534,0.953,0.2013,2.4129,0.4778,0.00575,0.1472,0.003687,0.68,1,20,87.95,0.932,1,0,13.0,13.0,1,30,6237,138260.7,100.0,13,13.61
1786080643533,4197,v1,0.0698,0.5816,0.1795,1.5137,0.3215,0.02424,0.1274,0.001605,0.713,0,24,33.34,0.977,1,0,17.649,17.649,0,30,5826,230952.7,84.25,16,6.08
1786080644758,4198,v1,0.0643,0.2172,0.3581,1.4455,0.8904,0.00684,0.173,0.002692,0.711,1,8,51.41,0.739,1,6150,7.0,0.145,1,30,6397,180683.4,100.0,20,25.39
1786080646259,4199,v1,0.0222,0.5722,0.4868,1.6092,0.2344,0.03046,0.1648,0.003586,0.628,0,14,74.52,0.894,1,4558,13.0,5.742,0,30,7249,336473.2,32.82,15,13.45
1786080652854,4200,v1,0.0632,0.5577,0.1839,2.294,0.4268,0.01858,0.2052,0.001644,0.651,0,29,81.4,0.652,1,0,18.311,18.311,0,30,6458,235663.7,87.02,16,6.22
1786080653974,4201,v1,0.0346,0.8013,0.1494,1.0973,0.3401,0.01611,0.2402,0.001302,0.709,1,36,60.02,0.918,1,0,14.725,14.725,1,30,5989,130967.7,100.0,13,5.09
1786080655613,4202,v1,0.0182,0.7336,0.4866,1.1233,0.1203,0.01215,0.1419,0.003223,0.649,0,28,90.66,0.955,1,0,14.028,14.028,1,30,6040,137887.8,100.0,13,12.3
1786080657325,4203,v1,0.0644,0.4403,0.1922,1.5464,0.5248,0.01037,0.1034,0.001907,0.628,0,22,56.75,0.62,1,0,12.999,12.999,1,30,6743,151648.7,100.0,13,7.12
1786080653110,4204,v1,0.0224,0.4699,0.4771,1.2427,0.997,0.01079,0.061,0.001781,0.6,0,32,43.48,0.913,1,0,12.821,12.821,1,30,6180,117076.7,100.0,10,6.91
1786080654513,4205,v1,0.0653,0.7316,0.264,1.0343,0.7421,0.01568,0.0975,0.002857,0.651,0,10,47.69,0.517,1,1168,8.329,6.972,1,30,6194,115556.5,100.0,7,11.08
1786080655972,4206,v1,0.0747,0.7678,0.1898,2.3278,0.3048,0.0312,0.1303,0.001811,0.641,1,21,87.48,0.434,1,0,15.749,15.749,0,30,5810,164954.4,94.71,15,7.33
1786080657708,4207,v1,0.0614,0.7523,0.1284,1.2554,0.1725,0.01688,0.1295,0.003329,0.592,1,32,95.98,0.9,1,0,17.619,17.619,0,30,6326,189539.0,100.0,15,12.44
1786080653313,4208,v1,0.069,0.6359,0.4461,0.9603,0.423,0.00395,0.1873,0.00377,0.611,1,35,28.36,0.59,1,701,13.041,11.354,1,30,6045,114193.4,100.0,7,14.59
1786080655557,4209,v1,0.0562,0.4568,0.4166,1.7668,0.2972,0.01507,0.1132,0.002124,0.655,1,34,65.59,0.828,1,0,20.764,20.764,0,30,7342,287766.9,91.16,16,8.42
1786080656904,4210,v1,0.0606,0.4514,0.406,2.3264,0.9939,0.02732,0.1438,0.002798,0.628,1,24,29.48,0.716,1,852,11.137,9.386,1,30,5730,103560.9,100.0,7,10.73
1786080658601,4211,v1,0.0457,0.7864,0.3982,0.8189,0.9957,0.01113,0.0879,0.00215,0.594,0,17,34.16,0.423,1,0,15.027,15.027,0,30,6210,180785.4,97.32,15,8.33
1786080654308,4212,v1,0.0552,0.4996,0.4821,2.4817,0.9384,0.00618,0.2209,0.002081,0.632,0,12,96.38,0.303,1,0,11.0,11.0,0,30,5705,184513.2,92.81,17,7.77
1786080655864,4213,v1,0.0596,0.9472,0.1668,0.8052,0.8027,0.02543,0.1059,0.001215,0.704,0,13,94.12,0.657,1,0,12.0,12.0,0,30,5759,176823.2,94.34,16,4.78
1786080657456,4214,v1,0.0217,0.9677,0.3137,1.4211,0.7931,0.03035,0.2191,0.003727,0.685,0,13,75.93,0.716,1,2867,12.0,6.676,1,30,5605,136220.2,100.0,13,59.16
1786080658627,4215,v1,0.0113,0.6731,0.4942,1.0547,0.5314,0.02451,0.0911,0.001817,0.585,1,11,65.16,0.658,1,0,7.561,7.561,1,30,5551,69869.0,100.0,6,7.13
1786080655035,4216,v1,0.0193,0.7216,0.298,0.9895,0.151,0.00573,0.1573,0.003379,0.672,1,5,52.5,0.742,1,5348,4.0,0.344,1,30,5923,165793.8,100.0,24,92.47
1786080656369,4217,v1,0.0488,0.2105,0.4741,1.0417,0.1339,0.01133,0.1818,0.002874,0.61,1,6,47.85,0.687,1,5200,5.0,0.093,1,30,5370,144622.3,100.0,19,42.83
1786080658018,4218,v1,0.0339,0.9614,0.2942,1.2272,0.5005,0.01233,0.1044,0.002267,0.594,1,11,75.95,0.443,1,2153,8.279,5.039,1,30,6806,114165.3,100.0,6,10.43
1786080659630,4219,v1,0.0191,0.3656,0.3026,1.9397,0.6479,0.02962,0.0596,0.003225,0.661,0,36,45.24,0.747,1,0,14.737,14.737,1,30,5821,122116.5,100.0,13,12.42
1786080655384,4220,v1,0.0766,0.6179,0.4815,1.077,0.7333,0.02199,0.2383,0.002097,0.702,1,23,92.99,0.643,1,0,13.183,13.183,1,30,5976,133462.5,100.0,13,8.07
1786080657147,4221,v1,0.0306,0.3118,0.1301,1.522,0.4455,0.01002,0.2057,0.002368,0.601,1,12,94.7,0.884,1,6700,11.0,0.0,1,30,6887,188310.3,0.0,-1,100.0
1786080658491,4222,v1,0.078,0.2655,0.2429,1.9213,0.7383,0.03178,0.1036,0.003259,0.585,1,20,94.25,0.421,1,0,14.66,14.66,0,30,5741,146904.0,98.81,14,12.51
1786080660077,4223,v1,0.0609,0.4227,0.114,2.2631,0.9439,0.02141,0.0808,0.003303,0.604,1,17,62.2,0.647,1,0,15.315,15.315,0,30,6098,172154.7,86.2,15,12.25
1786080655744,4224,v1,0.0748,0.8066,0.3848,1.3096,0.7757,0.00648,0.242,0.002531,0.632,1,30,92.62,0.308,1,0,10.324,10.324,1,30,6548,90385.6,100.0,5,9.64
1786080657229,4225,v1,0.0605,0.732,0.3194,2.0132,0.8683,0.01062,0.2057,0.002514,0.593,0,30,89.29,0.968,1,0,11.57,11.57,1,30,5726,93547.7,100.0,6,9.34
1786080658909,4226,v1,0.067,0.3597,0.376,1.1689,0.4184,0.02767,0.1025,0.001352,0.709,1,19,96.01,0.736,1,0,16.325,16.325,0,30,6383,211790.0,85.1,16,4.89
1786080661145,4227,v1,0.0421,0.7208,0.1682,1.3323,0.3238,0.00359,0.245,0.001266,0.649,1,36,39.26,0.387,1,1003,18.53,14.313,0,30,6171,319654.9,68.73,18,4.89
1786080660142,4228,v1,0.0492,0.9348,0.1283,2.2511,0.6768,0.03054,0.1584,0.002328,0.716,1,12,92.28,0.715,1,4444,11.0,2.205,0,30,5690,324977.1,17.42,-1,9.37
1786080662253,4229,v1,0.0337,0.5597,0.2902,1.787,0.4709,0.03101,0.2389,0.002884,0.615,1,18,32.09,0.554,1,757,14.831,13.07,0,30,6589,210061.1,91.15,14,9.73
1786080663569,4230,v1,0.0534,0.2424,0.3808,1.9769,0.4416,0.03032,0.1786,0.002712,0.66,0,24,33.97,0.362,1,0,11.293,11.293,1,30,6309,114669.8,100.0,8,9.91
1786080665881,4231,v1,0.0264,0.8788,0.3933,1.3177,0.9786,0.0152,0.118,0.00163,0.678,0,22,87.01,0.851,1,0,8.666,8.666,0,30,5922,303752.7,45.19,19,6.42
1786080660690,4232,v1,0.0654,0.4931,0.3216,2.1584,0.8616,0.00613,0.065,0.00281,0.704,1,23,30.34,0.904,1,1058,18.691,15.502,0,30,6543,312802.3,85.93,18,10.71
1786080662363,4233,v1,0.0106,0.2757,0.3531,0.9386,0.842,0.02068,0.1854,0.002182,0.615,0,27,50.15,0.39,1,0,13.866,13.866,1,30,5768,131752.4,100.0,13,8.84
1786080663811,4234,v1,0.0218,0.3835,0.3033,1.7388,0.94,0.0279,0.2254,0.002182,0.701,0,13,35.37,0.794,1,2645,12.0,7.104,1,30,5540,139892.4,100.0,14,53.34
1786080665462,4235,v1,0.0383,0.3354,0.1554,0.8655,0.5253,0.01987,0.1616,0.002443,0.612,0,4,89.26,0.568,1,0,3.0,3.0,0,30,6079,173205.1,87.44,15,9.08
1786080661130,4236,v1,0.023,0.9604,0.4663,0.9981,0.519,0.00855,0.1102,0.003543,0.637,1,24,47.64,0.706,1,539,15.34,13.392,0,30,5838,271371.2,77.78,19,13.28
1786080662626,4237,v1,0.0694,0.8445,0.4655,1.5503,0.6563,0.00639,0.1859,0.001921,0.654,1,27,69.54,0.956,1,0,13.028,13.028,1,30,6638,129752.9,100.0,13,7.38
1786080665148,4238,v1,0.0105,0.6033,0.364,2.3512,0.3587,0.01555,0.0906,0.001728,0.609,1,18,32.03,0.734,1,5180,17.0,0.898,0,30,5618,344462.5,0.29,-1,6.6
1786080666424,4239,v1,0.014,0.2679,0.1804,1.7678,0.4635,0.00671,0.0549,0.003673,0.636,1,21,76.24,0.33,1,0,14.982,14.982,1,30,5730,138704.1,100.0,15,14.68
1786080661370,4240,v1,0.0142,0.8939,0.2924,1.2577,0.5829,0.0196,0.1757,0.003259,0.614,0,23,20.42,0.53,1,255,17.7,16.896,0,30,5299,179262.7,85.09,16,12.13
1786080663139,4241,v1,0.05,0.7892,0.4177,2.4082,0.3428,0.02124,0.0843,0.00215,0.682,1,26,31.35,0.877,1,1351,18.177,13.424,0,30,5453,244330.5,84.09,16,8.03
1786080664889,4242,v1,0.0661,0.6558,0.254,0.8834,0.3554,0.01086,0.064,0.002045,0.62,1,18,74.46,0.81,1,0,15.629,15.629,0,30,6115,193298.7,90.54,15,7.72
1786080666575,4243,v1,0.0753,0.3119,0.1317,1.7876,0.3847,0.01516,0.0804,0.002543,0.633,0,32,25.46,0.723,1,347,18.784,17.833,0,30,6516,233813.5,97.52,16,9.7
1786080662973,4244,v1,0.0238,0.4295,0.4189,1.7129,0.5862,0.01087,0.0592,0.003221,0.64,1,31,64.93,0.31,1,184,5.321,4.489,0,30,5775,339750.5,23.99,19,11.57
1786080664463,4245,v1,0.0622,0.4077,0.4891,1.5691,0.4802,0.0267,0.1384,0.003413,0.602,1,36,45.59,0.399,1,419,17.104,15.713,0,30,5742,146256.3,94.75,13,12.63
1786080665973,4246,v1,0.054,0.9351,0.4567,1.2156,0.4972,0.02143,0.152,0.002173,0.683,1,28,32.52,0.86,1,937,12.23,10.181,1,30,5849,113318.2,100.0,8,8.45
1786080667824,4247,v1,0.0422,0.4588,0.2803,1.0891,0.6692,0.02937,0.2379,0.002783,0.591,0,8,33.59,0.354,1,1089,7.0,6.091,0,30,6106,195649.6,71.91,13,11.01
1786080662482,4248,v1,0.0681,0.6858,0.3284,1.764,0.1427,0.00547,0.1154,0.001525,0.617,0,36,61.52,0.5,1,0,14.548,14.548,1,30,6078,135664.0,100.0,13,6.09
1786080664030,4249,v1,0.0173,0.8673,0.2225,1.0116,0.9895,0.02924,0.1933,0.003174,0.598,0,7,73.13,0.611,1,0,6.0,6.0,1,30,6431,110560.8,100.0,7,12.36
1786080666379,4250,v1,0.0392,0.5303,0.3637,1.8937,0.8711,0.02049,0.1328,0.001967,0.663,1,7,37.31,0.632,1,4396,6.0,1.786,0,30,6330,335919.5,25.03,17,7.66
1786080668008,4251,v1,0.0266,0.8157,0.3522,0.9903,0.5417,0.02411,0.2147,0.002986,0.674,1,21,65.4,0.661,1,0,12.917,12.917,1,30,5875,130969.6,100.0,13,10.88
1786080663719,4252,v1,0.0393,0.3105,0.2962,2.4374,0.2228,0.03027,0.0788,0.001502,0.61,1,13,53.88,0.401,1,3283,11.646,6.184,1,30,7318,174589.6,100.0,13,49.03
1786080666256,4253,v1,0.0175,0.2154,0.1831,1.3413,0.1047,0.03043,0.1957,0.003066,0.718,1,32,97.32,0.795,1,0,1.337,1.337,0,30,6268,366558.7,5.95,-1,11.47
1786080668626,4254,v1,0.0161,0.9707,0.4902,2.3401,0.7775,0.01417,0.0645,0.003341,0.646,1,17,91.34,0.783,1,5842,16.0,0.049,0,30,6175,371044.4,0.0,-1,12.42
1786080670345,4255,v1,0.0519,0.875,0.3519,1.8476,0.1781,0.00936,0.1906,0.00301,0.696,0,22,99.03,0.996,1,0,13.0,13.0,1,30,6172,139483.8,100.0,13,11.49
1786080667638,4256,v1,0.0753,0.8705,0.3144,0.9059,0.822,0.00909,0.1146,0.00345,0.678,0,14,95.15,0.375,1,0,13.0,13.0,0,30,5609,175252.1,94.64,16,13.12
1786080669968,4257,v1,0.0507,0.755,0.1161,2.3439,0.1667,0.02058,0.08,0.002813,0.71,0,35,81.99,0.696,1,0,23.96,23.96,0,30,6764,299596.4,88.05,18,10.33
1786080672281,4258,v1,0.016,0.7449,0.4756,2.3918,0.882,0.00387,0.0974,0.003177,0.712,1,28,93.63,0.585,1,0,0.0,0.0,0,30,5827,329559.4,0.0,-1,11.94
1786080673753,4259,v1,0.019,0.654,0.3096,2.2972,0.1448,0.01577,0.0948,0.001665,0.669,1,27,20.32,0.431,1,540,13.851,12.621,1,30,6275,135088.4,100.0,13,11.67
1786080668226,4260,v1,0.0311,0.8683,0.2763,1.5589,0.3767,0.01342,0.1075,0.003214,0.626,0,26,46.42,0.705,1,0,13.688,13.688,1,30,6332,142544.4,100.0,13,11.53
1786080669961,4261,v1,0.0487,0.3341,0.3664,1.9529,0.8973,0.02667,0.1883,0.002855,0.664,0,7,37.51,0.717,1,2500,6.0,4.546,1,30,7006,164446.8,100.0,13,43.02
1786080671578,4262,v1,0.0169,0.5617,0.3484,2.3736,0.2627,0.01599,0.2399,0.00194,0.7,1,20,29.44,0.805,1,0,14.14,14.14,1,30,6739,165195.9,100.0,14,7.88
1786080674061,4263,v1,0.0157,0.2332,0.2969,1.4081,0.1691,0.00516,0.0997,0.003075,0.6,1,35,87.08,0.624,1,0,4.655,4.655,0,30,6319,364030.2,19.26,-1,11.39
1786080668781,4264,v1,0.0562,0.7125,0.1656,1.6863,0.8197,0.0065,0.1337,0.002488,0.691,0,6,23.74,0.395,1,1279,5.0,4.376,1,30,6233,141576.1,100.0,13,21.08
1786080670534,4265,v1,0.0324,0.6868,0.3871,2.1221,0.2475,0.02638,0.1709,0.001852,0.633,1,30,97.02,0.624,1,0,17.819,17.819,0,30,5986,177587.8,91.19,15,7.4
1786080672032,4266,v1,0.0626,0.2321,0.1492,1.9197,0.4465,0.01819,0.2474,0.001344,0.615,0,17,86.84,0.473,1,0,11.229,11.229,1,30,5322,96589.0,100.0,7,5.32
1786080674144,4267,v1,0.0307,0.3545,0.4226,2.1883,0.609,0.01131,0.1392,0.002907,0.662,0,8,66.37,0.981,1,3148,7.0,4.137,0,30,5636,305425.4,27.98,19,12.24
1786080670366,4268,v1,0.0394,0.798,0.2762,1.638,0.2989,0.01122,0.1755,0.002303,0.668,0,5,43.66,0.718,1,2925,4.0,3.08,0,30,6423,335323.6,48.28,18,8.78
1786080671801,4269,v1,0.0656,0.3625,0.4747,2.3244,0.3927,0.00977,0.0861,0.003128,0.592,1,29,39.52,0.976,1,928,12.189,10.173,1,30,6057,110453.6,100.0,7,11.87
1786080673542,4270,v1,0.057,0.4719,0.2287,2.2288,0.9912,0.01361,0.1742,0.002326,0.673,1,29,58.28,0.499,1,0,19.115,19.115,0,30,6472,205133.9,89.15,17,8.47
1786080675583,4271,v1,0.0438,0.9726,0.4279,1.6324,0.628,0.03168,0.2044,0.003137,0.584,1,12,64.71,0.678,1,2929,10.899,5.254,0,30,5945,231734.5,41.67,11,12.58
1786080670034,4272,v1,0.0654,0.7179,0.3535,2.4069,0.3259,0.02865,0.106,0.001804,0.592,1,25,38.65,0.728,1,893,9.395,7.923,1,30,5815,79592.2,100.0,5,7.27
1786080671417,4273,v1,0.0209,0.6482,0.2301,1.9144,0.9571,0.02834,0.2253,0.00319,0.709,0,17,57.48,0.458,1,0,13.0,13.0,1,30,6483,143614.1,100.0,13,12.25
1786080672708,4274,v1,0.0437,0.3973,0.4888,2.2842,0.6908,0.0177,0.1816,0.002002,0.647,0,18,50.38,0.845,1,0,13.0,13.0,1,30,5849,135210.0,100.0,13,7.1
1786080674297,4275,v1,0.0296,0.7829,0.2773,1.2567,0.407,0.01135,0.1759,0.002414,0.702,1,18,21.88,0.651,1,0,13.0,13.0,1,30,6125,141350.8,100.0,13,8.73
1786080671646,4276,v1,0.0279,0.4559,0.2979,1.6772,0.11,0.00556,0.165,0.001458,0.711,1,11,72.81,0.519,1,4320,10.0,2.309,0,30,5691,339058.4,0.0,-1,5.78
1786080673858,4277,v1,0.0191,0.7871,0.2188,2.0527,0.149,0.01899,0.1293,0.002168,0.619,0,16,94.5,0.403,1,0,15.0,15.0,0,30,6699,306779.8,79.2,18,8.88
1786080676271,4278,v1,0.015,0.4441,0.407,2.2886,0.5529,0.0177,0.2381,0.003064,0.702,0,4,71.33,0.69,1,2145,3.0,2.643,0,30,6048,355537.6,0.0,-1,11.29
1786080677208,4279,v1,0.0342,0.6552,0.1802,2.4909,0.8633,0.01631,0.1722,0.002344,0.644,1,30,35.41,0.532,1,0,14.364,14.364,1,30,4897,109858.3,100.0,13,9.11
1786080672568,4280,v1,0.0409,0.6578,0.3535,1.7974,0.4981,0.03138,0.0876,0.00282,0.681,1,33,52.29,0.939,1,924,18.936,15.709,0,30,5872,202227.9,90.93,16,10.32
1786080674262,4281,v1,0.0386,0.7578,0.2935,2.1817,0.553,0.00957,0.1835,0.001205,0.619,0,7,84.09,0.781,1,0,6.0,6.0,1,30,6804,153710.7,100.0,13,4.59
1786080675838,4282,v1,0.0387,0.4827,0.2134,1.6292,0.7503,0.03114,0.1239,0.003177,0.679,1,6,47.09,0.54,1,3985,5.0,1.697,1,30,6131,162429.4,100.0,13,70.17
1786080677182,4283,v1,0.0233,0.9155,0.2908,1.586,0.88,0.02627,0.1879,0.003276,0.641,0,19,69.45,0.729,1,0,13.0,13.0,1,30,7190,163537.7,100.0,13,11.95
1786080676451,4284,v1,0.0322,0.264,0.383,1.3781,0.1519,0.00307,0.1052,0.001302,0.628,1,16,99.56,0.907,1,5457,15.0,0.0,0,30,5559,347489.5,0.0,-1,4.64
1786080677928,4285,v1,0.0781,0.9101,0.2848,1.2614,0.4099,0.0316,0.1697,0.00234,0.582,0,31,84.61,0.969,1,0,14.621,14.621,0,30,6145,131377.4,86.81,11,8.82
1786080679280,4286,v1,0.0614,0.9679,0.1532,1.9869,0.794,0.00466,0.1682,0.002401,0.616,0,6,56.02,0.734,1,2550,4.993,3.785,1,30,6410,155787.6,100.0,13,23.1
1786080681069,4287,v1,0.0431,0.3153,0.3119,1.7573,0.8802,0.00764,0.1865,0.002393,0.676,1,14,59.84,0.51,1,3693,13.0,4.546,0,30,5883,333417.6,24.62,19,9.48
1786080676425,4288,v1,0.0214,0.7206,0.237,1.0234,0.6128,0.02861,0.1213,0.001438,0.713,1,6,44.88,0.532,1,4273,5.0,1.718,1,30,6553,170447.2,100.0,13,67.69
1786080678107,4289,v1,0.048,0.3564,0.206,1.4704,0.36,0.00642,0.0932,0.00356,0.682,1,29,87.0,0.839,1,0,15.193,15.193,1,30,6502,147343.9,100.0,14,13.53
1786080679184,4290,v1,0.0232,0.5525,0.1329,1.9149,0.2242,0.02506,0.2183,0.002507,0.716,1,21,67.45,0.925,1,0,13.906,13.906,1,30,6181,148904.9,100.0,14,9.9
1786080680777,4291,v1,0.038,0.3396,0.2383,2.174,0.4185,0.0133,0.1554,0.001824,0.592,1,6,79.84,0.977,1,6472,5.0,0.0,1,30,6516,189382.7,0.0,-1,100.0
1786080676661,4292,v1,0.0342,0.2997,0.1188,2.205,0.1418,0.0259,0.0572,0.002871,0.669,1,7,87.34,0.404,1,3143,6.0,2.666,1,30,5747,155887.9,100.0,14,60.19
1786080678091,4293,v1,0.0512,0.2991,0.2304,2.2286,0.8333,0.0243,0.1477,0.001354,0.656,1,30,90.61,0.662,1,0,14.362,14.362,1,30,5722,128308.5,100.0,13,5.24
1786080679471,4294,v1,0.0778,0.4256,0.3522,1.0349,0.3652,0.01968,0.0631,0.001581,0.601,0,36,51.06,0.538,1,0,17.588,17.588,0,30,6857,182207.2,85.91,14,5.85
1786080681428,4295,v1,0.078,0.9395,0.4146,1.7597,0.6569,0.00737,0.2306,0.002089,0.655,1,8,50.8,0.566,1,4976,7.0,2.012,0,30,7088,393757.0,25.54,17,8.11
1786080677304,4296,v1,0.0321,0.3542,0.1653,0.8254,0.7626,0.02109,0.1268,0.001321,0.679,1,34,85.28,0.503,1,0,20.424,20.424,0,30,5573,189141.4,84.32,18,4.67
1786080678708,4297,v1,0.0553,0.397,0.1077,2.4529,0.9426,0.01773,0.0996,0.002667,0.615,0,15,37.67,0.387,1,1499,14.0,10.749,0,30,5733,218826.1,62.19,16,10.57
1786080680632,4298,v1,0.0718,0.9825,0.1329,1.5019,0.5244,0.00315,0.2103,0.00331,0.694,0,12,32.85,0.88,1,2564,11.0,6.63,0,30,5460,290846.4,43.7,18,12.69
1786080681309,4299,v1,0.0106,0.9789,0.2355,1.3156,0.3256,0.03006,0.0575,0.002716,0.622,1,34,62.47,0.784,1,0,13.966,13.966,1,30,5924,129856.5,100.0,12,10.33
1786080688529,4300,v1,0.0142,0.9393,0.2567,2.0387,0.7481,0.02213,0.1541,0.001905,0.704,0,11,68.27,0.554,1,2626,10.0,6.494,0,30,6093,370671.8,0.0,-1,6.81
1786080690082,4301,v1,0.0742,0.7546,0.1178,1.7731,0.5044,0.02907,0.0994,0.003403,0.635,0,22,35.68,0.719,1,0,15.923,15.923,0,30,5992,168929.3,91.56,15,11.98
1786080691531,4302,v1,0.0768,0.4139,0.4611,1.9235,0.578,0.00571,0.1094,0.002411,0.611,1,26,95.44,0.826,1,0,17.074,17.074,0,30,5829,173883.2,93.44,15,9.2
1786080693268,4303,v1,0.052,0.7603,0.1437,1.4432,0.5378,0.00958,0.1894,0.001351,0.644,0,21,59.22,0.804,1,0,13.0,13.0,1,30,6792,149429.9,100.0,13,5.34
1786080688933,4304,v1,0.0137,0.7673,0.1267,1.0722,0.3745,0.01446,0.2125,0.00258,0.616,0,13,89.52,0.954,1,0,12.0,12.0,0,30,6111,309783.5,33.12,19,10.05
1786080691171,4305,v1,0.0751,0.2328,0.3934,2.0599,0.8652,0.01955,0.1332,0.001938,0.703,1,12,40.13,0.512,1,3892,11.0,3.657,0,30,5966,320949.9,30.01,17,8.05
1786080694031,4306,v1,0.0323,0.7396,0.1211,0.9813,0.4277,0.03037,0.1981,0.003352,0.593,1,6,68.04,0.941,1,6865,5.0,0.0,0,30,6976,388007.0,0.0,-1,13.04
1786080696632,4307,v1,0.037,0.2905,0.4738,1.3407,0.8036,0.01538,0.1179,0.001462,0.709,0,33,37.14,0.742,1,0,15.598,15.598,0,30,6777,297958.0,64.45,18,6.05
1786080688819,4308,v1,0.0134,0.9863,0.2708,1.9165,0.5379,0.01926,0.1885,0.002346,0.689,1,10,89.8,0.654,1,4680,9.0,1.785,1,30,5958,156063.9,100.0,24,81.92
1786080691017,4309,v1,0.0421,0.8271,0.2052,1.5946,0.6867,0.00468,0.0855,0.002515,0.653,0,27,90.53,0.519,1,0,18.013,18.013,0,30,6779,286806.6,82.31,18,10.3
1786080692839,4310,v1,0.0523,0.5769,0.2545,1.1943,0.8838,0.01519,0.102,0.003226,0.681,1,29,64.71,0.456,1,582,18.84,16.962,0,30,6384,214576.5,88.78,16,12.55
1786080694097,4311,v1,0.0704,0.2361,0.2873,0.8844,0.5197,0.01519,0.1951,0.001269,0.615,0,30,34.14,0.437,1,0,11.127,11.127,1,30,6312,98830.1,100.0,6,4.63
1786080690297,4312,v1,0.0274,0.5003,0.337,1.4819,0.899,0.01465,0.1081,0.001372,0.663,0,9,60.13,0.791,1,2517,8.0,5.461,0,30,6012,299817.6,50.92,19,5.02
1786080691595,4313,v1,0.0512,0.9075,0.2863,2.3117,0.7771,0.00526,0.0576,0.002303,0.659,1,20,73.78,0.983,1,0,13.0,13.0,1,30,6653,156317.4,100.0,13,8.51
1786080694198,4314,v1,0.0704,0.8143,0.2288,1.9885,0.7627,0.01237,0.2232,0.002704,0.689,0,8,68.33,0.421,1,1774,7.0,5.739,0,30,7185,322578.6,66.33,17,10.42
1786080695946,4315,v1,0.0314,0.4896,0.1454,1.3075,0.6838,0.03188,0.2081,0.003074,0.606,0,35,86.75,0.415,1,0,14.308,14.308,1,30,6756,146471.2,100.0,13,10.95
1786080691045,4316,v1,0.0261,0.479,0.2304,1.9061,0.1007,0.00589,0.139,0.003138,0.705,0,24,54.98,0.761,1,0,0.0,0.0,0,30,6280,377171.5,0.0,-1,12.18
1786080692320,4317,v1,0.0782,0.8837,0.123,1.0708,0.1071,0.01708,0.1938,0.001603,0.589,0,16,46.17,0.303,1,0,9.69,9.69,1,30,5824,89797.6,100.0,4,5.72
1786080693562,4318,v1,0.0282,0.752,0.3514,1.928,0.3036,0.00757,0.1726,0.001338,0.647,0,24,33.66,0.738,1,0,13.356,13.356,1,30,5896,133432.8,100.0,13,5.66
1786080695103,4319,v1,0.0371,0.8535,0.3592,2.4481,0.2058,0.02646,0.1887,0.002898,0.596,1,14,21.24,0.985,1,0,11.287,11.287,1,30,5566,101994.6,100.0,8,9.86
1786080690989,4320,v1,0.043,0.4833,0.497,1.6077,0.8045,0.03185,0.1411,0.001756,0.648,0,10,25.73,0.847,1,2915,9.0,5.481,0,30,5887,261228.2,47.37,15,6.74
1786080693177,4321,v1,0.0192,0.4444,0.2053,0.89,0.8014,0.01089,0.1677,0.002286,0.712,0,6,76.7,0.522,1,0,5.0,5.0,0,30,5836,340688.8,0.0,-1,9.15
1786080695944,4322,v1,0.0658,0.7319,0.2293,2.026,0.3831,0.01734,0.2129,0.003006,0.64,1,10,71.71,0.894,1,6266,9.0,0.0,0,30,6436,377278.3,0.0,-1,10.46
1786080697944,4323,v1,0.0451,0.6144,0.2718,0.9172,0.5046,0.00343,0.1083,0.003584,0.603,1,34,92.45,0.843,1,0,19.198,19.198,0,30,6600,199419.6,92.74,16,12.79
1786080691292,4324,v1,0.0514,0.4114,0.4136,2.45,0.8777,0.01961,0.1514,0.002399,0.658,0,31,20.87,0.308,1,242,18.969,18.293,0,30,6471,210598.1,98.33,17,9.66
1786080692979,4325,v1,0.0511,0.3078,0.4304,2.2335,0.7427,0.03105,0.2147,0.003031,0.713,0,9,98.19,0.617,1,0,8.0,8.0,1,30,6210,145341.4,100.0,13,11.84
1786080694652,4326,v1,0.0404,0.7609,0.4482,2.1844,0.3466,0.01928,0.0854,0.001462,0.588,0,33,93.97,0.826,1,0,14.133,14.133,1,30,6655,147523.3,100.0,13,5.92
1786080696833,4327,v1,0.0396,0.3723,0.1624,1.0484,0.619,0.01297,0.0608,0.002898,0.686,0,28,67.83,0.876,1,0,15.652,15.652,0,30,6561,314352.8,72.36,18,10.84
1786080696826,4328,v1,0.0441,0.8709,0.4342,1.1753,0.1457,0.00466,0.1868,0.002444,0.643,0,16,62.7,0.474,1,1761,15.0,11.557,0,30,6910,351285.3,61.61,17,9.35
1786080698394,4329,v1,0.0501,0.7848,0.1542,1.1072,0.4865,0.01621,0.0826,0.001387,0.608,0,30,58.49,0.929,1,0,17.485,17.485,0,30,5756,165615.6,88.01,15,5.18
1786080699857,4330,v1,0.0476,0.569,0.1873,1.8847,0.9359,0.01691,0.2105,0.001393,0.718,1,24,48.0,0.819,1,957,14.21,11.938,1,30,6136,153121.4,100.0,14,5.44
1786080701496,4331,v1,0.0385,0.6167,0.1427,1.92,0.7556,0.02297,0.1697,0.003753,0.655,0,14,32.5,0.7,1,0,13.0,13.0,1,30,6010,128974.0,100.0,13,13.01
1786080696723,4332,v1,0.0577,0.8622,0.3395,1.9268,0.8451,0.02003,0.0933,0.002097,0.634,0,25,33.12,0.592,1,0,16.908,16.908,0,30,6958,187205.1,93.67,15,7.66
1786080698695,4333,v1,0.0515,0.4454,0.103,1.2479,0.2911,0.02285,0.0689,0.00191,0.655,0,13,29.69,0.514,1,1928,11.37,8.809,1,30,7467,162824.5,100.0,13,9.15
1786080700094,4334,v1,0.0251,0.6726,0.1776,0.9163,0.7086,0.01594,0.0771,0.002585,0.584,1,8,49.99,0.64,1,4564,7.0,1.486,1,30,5896,158077.3,100.0,13,80.97
1786080701755,4335,v1,0.0124,0.4057,0.249,1.7809,0.5083,0.0089,0.1846,0.003442,0.598,0,15,55.74,0.439,1,0,13.0,13.0,1,30,6864,158021.0,100.0,13,13.52
1786080697418,4336,v1,0.0365,0.7228,0.4367,0.8552,0.643,0.01448,0.0868,0.001838,0.713,1,9,29.7,0.501,1,3924,8.0,2.627,1,30,5923,158228.5,100.0,13,21.75
1786080699371,4337,v1,0.0204,0.3395,0.3491,2.36,0.7052,0.02514,0.1916,0.00182,0.658,0,5,79.68,0.723,1,2988,4.0,3.109,1,30,6759,171933.8,100.0,14,48.23
1786080700711,4338,v1,0.0746,0.4843,0.4285,2.206,0.9662,0.00507,0.1943,0.003271,0.586,0,17,81.4,0.528,1,0,9.799,9.799,1,30,5936,90106.0,100.0,5,12.38
1786080703557,4339,v1,0.0735,0.9141,0.4772,2.0943,0.7686,0.01743,0.1673,0.001206,0.632,1,12,61.18,0.738,1,5702,11.0,1.21,0,30,6509,373334.5,9.31,-1,4.76
1786080698256,4340,v1,0.0619,0.2062,0.4899,1.2491,0.6256,0.03131,0.1311,0.00271,0.717,1,35,90.9,0.798,1,0,18.93,18.93,0,30,5874,176294.7,90.3,16,10.57
1786080699307,4341,v1,0.0459,0.4579,0.468,0.9241,0.1951,0.01827,0.1388,0.001668,0.586,0,30,55.13,0.361,1,0,8.453,8.453,1,30,5667,57955.3,100.0,4,7.22
1786080700621,4342,v1,0.0659,0.8259,0.2965,1.1073,0.9968,0.01503,0.1734,0.003412,0.6,1,22,42.05,0.584,1,947,9.491,7.891,1,30,5956,90858.3,100.0,4,12.81
1786080702357,4343,v1,0.0334,0.8598,0.3665,0.9991,0.7105,0.02814,0.1296,0.002888,0.69,1,5,72.73,0.58,1,4405,4.0,1.224,1,30,6418,158352.3,100.0,13,72.37
1786080699240,4344,v1,0.0413,0.5589,0.2311,0.9103,0.8353,0.00661,0.1817,0.00287,0.643,1,9,67.41,0.432,1,3906,8.0,3.084,1,30,6494,164920.3,100.0,13,17.6
1786080701021,4345,v1,0.0186,0.2836,0.4184,1.7644,0.2403,0.01059,0.1675,0.003672,0.582,1,26,47.82,0.786,1,875,18.67,15.652,0,30,5894,220128.4,90.64,17,14.08
1786080702682,4346,v1,0.0205,0.9474,0.445,1.6965,0.365,0.00913,0.1928,0.00201,0.654,0,25,96.53,0.688,1,0,13.53,13.53,1,30,6530,141282.1,100.0,13,8.02
1786080704102,4347,v1,0.0335,0.9813,0.4906,2.1851,0.4279,0.02347,0.0988,0.003401,0.667,0,36,36.98,0.86,1,0,14.717,14.717,1,30,6207,137369.5,100.0,13,12.81
1786080699592,4348,v1,0.0693,0.8645,0.1247,1.4548,0.4607,0.02035,0.0745,0.001954,0.664,1,24,26.06,0.965,1,944,17.119,14.301,0,30,5961,241441.9,87.64,16,7.4
1786080701635,4349,v1,0.061,0.7054,0.1092,2.1479,0.6062,0.02305,0.0974,0.001612,0.646,1,10,87.99,0.652,1,5275,8.955,1.637,1,30,6586,163205.8,100.0,20,62.45
1786080703704,4350,v1,0.0525,0.7868,0.1924,1.8656,0.8861,0.00503,0.152,0.003178,0.641,1,17,37.88,0.375,1,2347,16.0,8.089,0,30,5007,253196.1,47.58,18,12.3
1786080705789,4351,v1,0.0482,0.6349,0.2506,0.9557,0.3654,0.00695,0.1076,0.001889,0.717,0,7,44.11,0.811,1,4093,6.0,3.449,1,30,6495,159398.0,100.0,14,24.67
1786080699898,4352,v1,0.0415,0.6762,0.3319,1.0368,0.5462,0.03128,0.2351,0.002183,0.714,1,17,38.47,0.555,1,0,12.853,12.853,1,30,5895,135299.5,100.0,13,8.92
1786080701955,4353,v1,0.0235,0.2266,0.1549,2.4718,0.2781,0.01835,0.0726,0.002214,0.615,1,34,52.68,0.912,1,1014,22.166,18.29,0,30,6197,272415.4,91.01,18,8.33
1786080703619,4354,v1,0.0706,0.8692,0.4322,1.6384,0.8818,0.01372,0.1788,0.002743,0.7,1,30,55.4,0.895,1,0,14.361,14.361,1,30,6434,143798.5,100.0,13,9.99
1786080706039,4355,v1,0.0454,0.6217,0.4261,1.3582,0.1214,0.01169,0.0531,0.002359,0.654,1,32,69.68,0.862,1,2631,21.801,13.541,0,30,7465,353926.7,86.63,16,9.04
1786080703953,4356,v1,0.0561,0.3129,0.3457,2.2063,0.5465,0.02588,0.0933,0.001852,0.613,0,4,73.11,0.875,1,0,3.0,3.0,0,30,6397,180926.5,99.58,15,7.55
1786080706192,4357,v1,0.0175,0.3823,0.1299,1.407,0.9901,0.01668,0.1757,0.00299,0.629,1,31,20.33,0.742,1,766,12.366,9.388,0,30,5985,284424.9,56.71,19,11.63
1786080709000,4358,v1,0.0532,0.7727,0.3689,1.1295,0.8947,0.00614,0.1959,0.001486,0.717,0,17,39.58,0.346,1,1314,16.0,13.274,0,30,6894,336172.5,60.11,19,5.28
1786080710981,4359,v1,0.0747,0.835,0.13,1.6854,0.5708,0.00968,0.0652,0.00251,0.681,1,28,54.08,0.419,1,6,19.2,19.175,0,30,5763,238107.7,91.72,17,9.44
1786080704366,4360,v1,0.0436,0.91,0.1513,1.2881,0.4895,0.01991,0.179,0.001285,0.632,0,26,42.24,0.703,1,0,17.31,17.31,0,30,5567,167319.0,84.24,15,5.1
1786080706235,4361,v1,0.014,0.5118,0.1638,1.8211,0.6304,0.03022,0.2444,0.001578,0.642,0,33,73.79,0.89,1,0,14.353,14.353,1,30,7252,148706.5,100.0,13,6.3
1786080707891,4362,v1,0.0414,0.9734,0.2198,1.0755,0.916,0.01771,0.2496,0.001413,0.656,1,19,58.2,0.91,1,0,13.0,13.0,1,30,5833,134887.7,100.0,13,4.92
1786080709589,4363,v1,0.0634,0.7882,0.4252,0.9367,0.3754,0.00663,0.106,0.002465,0.592,1,26,49.07,0.976,1,943,16.512,13.715,0,30,5890,188280.6,100.0,15,9.49
1786080705234,4364,v1,0.0142,0.2697,0.222,1.3734,0.5622,0.03144,0.09,0.003153,0.629,1,28,56.56,0.989,1,902,14.016,11.76,1,30,6037,134385.1,100.0,13,13.33
1786080706454,4365,v1,0.0451,0.8294,0.4865,2.0582,0.7801,0.00519,0.0726,0.002339,0.61,0,19,64.89,0.801,1,0,11.557,11.557,1,30,6331,122365.8,100.0,9,8.34
1786080708039,4366,v1,0.0654,0.2582,0.1335,1.6034,0.9487,0.02266,0.1024,0.00158,0.717,1,15,46.59,0.51,1,0,13.55,13.55,1,30,5752,131521.3,100.0,13,6.28
1786080709990,4367,v1,0.0616,0.5889,0.2001,2.4185,0.4146,0.01172,0.1211,0.003764,0.689,0,25,67.83,0.477,1,0,18.917,18.917,0,30,6107,264656.2,86.19,17,13.71
1786080705962,4368,v1,0.0588,0.6051,0.2989,2.2381,0.1076,0.01896,0.0853,0.00335,0.615,0,22,33.98,0.9,1,0,11.722,11.722,1,30,7497,136623.4,100.0,7,12.4
1786080707915,4369,v1,0.0273,0.3286,0.4384,1.5296,0.9742,0.01251,0.0588,0.002679,0.67,1,8,51.73,0.923,1,6964,7.0,0.0,1,30,7093,202443.9,0.0,-1,100.0
1786080710284,4370,v1,0.062,0.5752,0.4229,2.0976,0.3314,0.01193,0.1946,0.003262,0.615,1,9,44.61,0.978,1,6130,8.0,0.0,0,30,6300,371511.6,0.0,-1,11.81
1786080712928,4371,v1,0.0106,0.3946,0.2066,1.0507,0.4111,0.03052,0.158,0.002567,0.681,1,7,30.94,0.897,1,6022,6.0,0.0,0,30,6106,364093.7,0.0,-1,9.76
1786080706928,4372,v1,0.0273,0.601,0.4355,2.4122,0.2619,0.01505,0.1974,0.0029,0.606,0,28,50.08,0.546,1,0,14.04,14.04,1,30,6408,136697.0,100.0,13,11.5
1786080708430,4373,v1,0.068,0.352,0.1928,2.1317,0.7924,0.00589,0.2023,0.002121,0.684,1,14,39.71,0.644,1,2789,13.0,6.598,1,30,5818,149284.6,100.0,13,9.69
1786080710899,4374,v1,0.0603,0.8406,0.3311,1.8991,0.4531,0.01818,0.2141,0.001442,0.687,0,11,44.94,0.439,1,1577,10.0,8.036,0,30,6515,293187.5,67.91,17,5.51
1786080712344,4375,v1,0.0662,0.9814,0.2261,1.9909,0.7966,0.02181,0.2235,0.003414,0.607,0,13,48.98,0.755,1,2118,10.698,6.955,1,30,5912,119296.8,100.0,7,13.24
1786080708969,4376,v1,0.0387,0.2484,0.3714,1.9089,0.5412,0.00697,0.1415,0.001866,0.706,1,35,81.34,0.564,1,0,0.0,0.0,0,30,6201,365741.2,0.0,-1,7.9
1786080711521,4377,v1,0.0404,0.9923,0.3576,0.9169,0.7886,0.0095,0.2085,0.003481,0.638,0,12,82.98,0.709,1,2746,11.0,7.083,0,30,6572,284892.2,47.6,17,12.92
1786080713926,4378,v1,0.0591,0.4259,0.3489,1.9706,0.4017,0.02121,0.1142,0.002288,0.683,1,13,97.22,0.903,1,6136,12.0,0.0,0,30,6304,366829.7,0.0,-1,9.01
1786080715137,4379,v1,0.0427,0.7436,0.4902,0.8087,0.4688,0.02615,0.1123,0.003247,0.594,1,33,60.15,0.368,1,399,14.869,13.77,0,30,5933,132483.3,92.12,11,11.75
1786080708433,4380,v1,0.0766,0.2513,0.4295,2.2244,0.4201,0.02769,0.1554,0.002484,0.69,1,16,31.81,0.35,1,0,12.714,12.714,1,30,6237,139077.6,100.0,13,9.11
1786080711573,4381,v1,0.019,0.5453,0.1814,2.3225,0.3209,0.02693,0.1002,0.002047,0.708,1,7,71.06,0.68,1,6596,6.0,0.0,0,30,6674,386540.1,0.0,-1,7.79
1786080712834,4382,v1,0.0616,0.4741,0.4999,1.382,0.8199,0.01103,0.0619,0.003129,0.682,0,25,87.26,0.608,1,0,13.522,13.522,1,30,5824,131055.5,100.0,13,12.17
1786080714181,4383,v1,0.021,0.6352,0.3087,2.0104,0.4126,0.01552,0.1128,0.001743,0.693,0,8,55.92,0.743,1,2693,7.0,4.691,1,30,5909,148441.4,100.0,14,50.31
1786080712287,4384,v1,0.0557,0.8374,0.16,1.9196,0.6116,0.00828,0.0856,0.002028,0.685,0,33,91.82,0.553,1,0,23.132,23.132,0,30,6359,294958.7,89.8,18,7.6
1786080714160,4385,v1,0.0133,0.8364,0.3428,2.3909,0.3153,0.01948,0.239,0.001644,0.602,1,29,87.6,0.331,1,0,19.4,19.4,0,30,6141,208360.2,87.84,17,6.42
1786080715356,4386,v1,0.048,0.6921,0.1672,2.3298,0.2567,0.01016,0.2408,0.003337,0.654,0,22,56.06,0.649,1,0,13.0,13.0,1,30,6079,133506.0,100.0,13,12.98
1786080716440,4387,v1,0.0737,0.5227,0.2974,1.9647,0.5838,0.01033,0.135,0.002529,0.582,1,6,33.13,0.38,1,3226,4.994,2.537,1,30,6654,151176.3,100.0,7,13.66
1786080713360,4388,v1,0.0292,0.6941,0.3297,1.1724,0.137,0.01073,0.0775,0.002131,0.68,1,31,87.49,0.42,1,0,4.26,4.26,0,30,6122,338860.0,18.55,-1,7.92
1786080714745,4389,v1,0.0543,0.218,0.4824,1.1226,0.59,0.03109,0.1573,0.003555,0.657,0,27,45.41,0.471,1,0,13.858,13.858,1,30,6537,147271.3,100.0,13,13.91
1786080716022,4390,v1,0.015,0.3069,0.195,2.3149,0.4027,0.02703,0.1784,0.002533,0.693,1,36,69.17,0.387,1,0,16.562,16.562,1,30,5953,144423.4,100.0,15,9.59
1786080717505,4391,v1,0.0231,0.8495,0.355,1.3764,0.2132,0.01607,0.1722,0.003573,0.653,0,13,93.35,0.745,1,0,12.0,12.0,0,30,6098,272579.6,76.08,18,13.25
1786080713310,4392,v1,0.0246,0.8068,0.1377,1.8695,0.7429,0.02533,0.2298,0.003475,0.626,0,11,24.82,0.935,1,3895,10.0,4.918,1,30,6340,161343.0,100.0,13,68.41
1786080714461,4393,v1,0.0738,0.6006,0.4152,1.256,0.2457,0.01161,0.1281,0.002337,0.711,0,4,90.92,0.987,1,0,3.0,3.0,1,30,6150,137104.0,100.0,13,8.86
1786080716072,4394,v1,0.0549,0.7794,0.2935,2.0579,0.261,0.02042,0.1746,0.00315,0.663,0,22,55.13,0.664,1,0,17.149,17.149,0,30,5759,226886.4,90.68,16,12.12
1786080717068,4395,v1,0.0579,0.3099,0.3345,1.1275,0.9748,0.02882,0.0745,0.001966,0.65,0,22,43.34,0.744,1,0,10.507,10.507,1,30,6185,106973.4,100.0,7,7.26
1786080714239,4396,v1,0.0595,0.5778,0.1023,1.0422,0.5207,0.01154,0.1442,0.001407,0.598,1,36,43.99,0.673,1,947,12.99,10.966,1,30,6366,118887.9,100.0,8,5.55
1786080715704,4397,v1,0.0636,0.7681,0.1411,1.5742,0.6849,0.01209,0.0661,0.003175,0.651,1,22,99.12,0.7,1,0,13.0,13.0,1,30,6429,146036.7,100.0,13,10.78
1786080716691,4398,v1,0.0623,0.6592,0.3417,1.585,0.7018,0.01505,0.1204,0.00242,0.705,1,8,85.63,0.633,1,4800,7.0,0.857,1,30,5563,158914.8,100.0,19,16.5
1786080718169,4399,v1,0.0699,0.8178,0.2696,2.3605,0.2008,0.01268,0.108,0.002332,0.679,1,13,42.2,0.556,1,4630,12.0,2.533,0,30,6053,338960.5,19.0,-1,9.33
1786080725411,4400,v1,0.0323,0.374,0.1407,2.4606,0.6655,0.01395,0.0586,0.001422,0.677,0,19,24.66,0.469,1,2426,18.0,12.087,0,30,6754,412119.5,0.0,-1,5.58
1786080727160,4401,v1,0.0651,0.3954,0.435,0.9696,0.9444,0.01996,0.1118,0.001968,0.651,0,5,88.08,0.6,1,0,4.0,4.0,0,30,6099,176324.8,87.3,15,7.49
1786080728815,4402,v1,0.0627,0.5569,0.1996,1.506,0.7873,0.01049,0.1129,0.003574,0.681,1,5,86.08,0.988,1,5655,4.0,0.0,1,30,5729,162640.0,100.0,20,53.22
1786080730237,4403,v1,0.03,0.2516,0.4477,2.4439,0.9549,0.01556,0.2025,0.001313,0.598,0,18,80.95,0.587,1,0,12.322,12.322,1,30,6456,139434.0,100.0,11,5.45
1786080725370,4404,v1,0.0736,0.8536,0.4879,1.4214,0.1673,0.02114,0.1147,0.001856,0.591,1,23,42.35,0.608,1,912,15.206,13.092,0,30,6785,205320.3,100.0,14,7.35
1786080727311,4405,v1,0.0425,0.3559,0.1797,1.015,0.4362,0.02437,0.2088,0.002458,0.598,1,18,47.09,0.866,1,969,14.956,12.666,0,30,6512,212308.5,94.5,14,9.69
1786080728667,4406,v1,0.075,0.5895,0.435,1.0986,0.9546,0.0171,0.2424,0.003676,0.643,1,27,58.16,0.862,1,862,11.398,9.585,1,30,5892,100882.5,100.0,6,13.58
1786080730128,4407,v1,0.0682,0.8449,0.2038,0.938,0.6827,0.006,0.084,0.002449,0.59,1,16,91.23,0.601,1,470,15.0,13.644,0,30,5392,164201.9,86.52,15,9.64
1786080725463,4408,v1,0.0363,0.8199,0.2671,1.7161,0.8922,0.01587,0.0903,0.002909,0.592,0,6,65.51,0.4,1,1776,5.0,4.132,1,30,6233,150113.2,100.0,13,36.82
1786080727134,4409,v1,0.0506,0.5132,0.3314,2.4381,0.1703,0.03159,0.0591,0.002701,0.62,0,6,57.24,0.323,1,1110,5.0,4.455,1,30,6184,130246.5,100.0,8,26.7
1786080729112,4410,v1,0.0756,0.6443,0.1502,0.9422,0.841,0.02103,0.1738,0.00354,0.642,1,24,37.71,0.572,1,732,16.469,14.596,0,30,6921,211937.9,87.65,15,13.09
1786080730867,4411,v1,0.028,0.584,0.1871,0.9073,0.17,0.02225,0.2006,0.002581,0.645,0,21,66.63,0.712,1,0,17.426,17.426,0,30,6033,214886.4,83.85,17,9.46
1786080727092,4412,v1,0.0497,0.2886,0.3912,1.253,0.405,0.00314,0.2113,0.002002,0.702,1,20,59.54,0.766,1,2694,18.912,9.764,0,30,5809,328622.8,50.63,19,7.71
1786080729330,4413,v1,0.068,0.7244,0.2609,1.0463,0.2349,0.00521,0.2375,0.003659,0.699,1,11,36.29,0.856,1,5677,10.0,0.0,0,30,5892,335571.2,0.0,-1,13.49
1786080731157,4414,v1,0.0346,0.8345,0.4689,2.0587,0.1427,0.00523,0.2194,0.003319,0.629,0,24,72.34,0.311,1,0,16.488,16.488,0,30,5426,258357.9,76.34,18,13.25
1786080733531,4415,v1,0.0336,0.5294,0.4911,1.3674,0.7321,0.01246,0.2315,0.002534,0.651,1,8,26.98,0.589,1,4920,7.0,1.334,0,30,6197,340382.8,17.28,-1,9.36
1786080727212,4416,v1,0.0459,0.9577,0.1817,1.481,0.2608,0.02264,0.1616,0.00153,0.59,0,19,38.28,0.415,1,0,15.103,15.103,0,30,7306,197033.6,94.18,14,5.65
1786080728879,4417,v1,0.0787,0.3981,0.3168,1.2967,0.8146,0.0271,0.0625,0.002991,0.66,1,36,93.91,0.322,1,0,14.612,14.612,1,30,6511,148608.8,100.0,13,10.74
1786080730501,4418,v1,0.0713,0.7251,0.3304,1.744,0.3125,0.02158,0.1484,0.003636,0.695,1,36,86.52,0.497,1,0,14.711,14.711,1,30,7229,157914.8,100.0,13,13.68
1786080732354,4419,v1,0.0645,0.9062,0.2396,1.0621,0.2014,0.02024,0.2194,0.003604,0.693,1,21,54.19,0.379,1,593,16.804,15.017,0,30,5967,255380.1,85.83,16,13.19
1786080727163,4420,v1,0.0168,0.9969,0.4385,1.2807,0.7668,0.02519,0.0847,0.003451,0.589,0,20,99.61,0.451,1,0,9.079,9.079,1,30,6020,84104.3,100.0,5,12.62
1786080728866,4421,v1,0.0505,0.8598,0.1478,2.0758,0.1567,0.02936,0.117,0.002249,0.608,0,33,69.71,0.995,1,0,14.359,14.359,1,30,6499,148591.6,100.0,13,8.31
1786080730279,4422,v1,0.0761,0.8545,0.2859,2.0652,0.4987,0.03147,0.1476,0.002236,0.645,0,19,98.9,0.468,1,0,11.179,11.179,1,30,6460,122860.1,100.0,8,8.25
1786080732791,4423,v1,0.0437,0.5234,0.1136,1.6769,0.3156,0.00949,0.2408,0.002174,0.662,1,12,81.27,0.77,1,5306,11.0,0.778,0,30,5862,352464.6,5.02,-1,9.23
1786080728212,4424,v1,0.0293,0.7883,0.2596,1.7821,0.3633,0.02979,0.1929,0.002433,0.654,1,18,36.11,0.443,1,263,16.615,15.895,0,30,6099,202696.3,92.73,16,9.36
1786080729868,4425,v1,0.0572,0.5531,0.39,2.4229,0.8118,0.00615,0.1619,0.00171,0.6,1,32,43.79,0.883,1,927,18.741,15.635,0,30,5816,195640.2,90.06,16,6.38
1786080731370,4426,v1,0.0389,0.6314,0.3864,1.7984,0.8463,0.01098,0.135,0.002359,0.713,0,10,44.7,0.582,1,2750,9.0,5.82,1,30,6189,155850.5,100.0,14,50.33
1786080733202,4427,v1,0.0131,0.402,0.4571,0.808,0.6419,0.00397,0.2052,0.003552,0.639,0,4,60.85,0.338,1,1330,3.0,2.796,1,30,6583,159189.6,100.0,14,31.35
1786080732759,4428,v1,0.0548,0.8244,0.225,1.9479,0.3762,0.0213,0.074,0.00248,0.659,0,15,80.76,0.655,1,0,14.0,14.0,0,30,6822,246339.7,90.96,16,9.59
1786080735246,4429,v1,0.0383,0.5547,0.2617,0.9822,0.4322,0.0063,0.0826,0.002443,0.589,1,12,97.72,0.998,1,6031,11.0,0.0,0,30,6213,354325.6,0.0,-1,10.03
1786080736812,4430,v1,0.0706,0.6976,0.2633,1.5637,0.9498,0.02603,0.2268,0.001318,0.648,1,31,21.23,0.573,1,657,17.378,15.334,0,30,5760,180513.7,99.93,15,4.77
1786080738461,4431,v1,0.0675,0.761,0.1302,1.9318,0.2572,0.00548,0.1741,0.002707,0.623,1,5,98.15,0.691,1,6144,4.0,0.0,1,30,6224,174617.8,100.0,20,57.28
1786080733206,4432,v1,0.0556,0.9452,0.4494,1.3169,0.6772,0.02198,0.2034,0.002537,0.697,0,22,33.01,0.858,1,0,16.965,16.965,0,30,6461,193642.2,86.76,16,9.66
1786080734761,4433,v1,0.0348,0.3898,0.4109,1.0935,0.4324,0.01308,0.1084,0.00298,0.716,1,18,66.17,0.331,1,0,14.0,14.0,1,30,5959,142798.3,100.0,14,11.44
1786080736289,4434,v1,0.0666,0.2803,0.2627,1.7338,0.2855,0.00738,0.2494,0.001506,0.68,1,6,31.54,0.714,1,5348,5.0,0.86,1,30,6503,173330.2,100.0,19,54.48
1786080737807,4435,v1,0.0386,0.7272,0.3991,2.1772,0.7999,0.02998,0.0782,0.00196,0.619,0,30,75.56,0.577,1,0,17.186,17.186,0,30,6025,170625.6,100.0,15,7.29
1786080735180,4436,v1,0.0137,0.2846,0.4263,1.2553,0.5195,0.02809,0.1987,0.002176,0.605,1,7,22.52,0.68,1,7468,6.0,0.0,0,30,7575,434805.3,0.0,-1,8.81
1786080736432,4437,v1,0.0263,0.5626,0.2001,2.1127,0.4829,0.00869,0.2171,0.001961,0.697,1,31,44.46,0.646,1,0,15.368,15.368,1,30,5879,141104.6,100.0,14,7.48
1786080737876,4438,v1,0.0577,0.3282,0.3292,2.3751,0.153,0.03187,0.1744,0.002678,0.581,0,13,91.64,0.716,1,0,12.0,12.0,0,30,5991,160988.0,95.24,13,10.22
1786080739467,4439,v1,0.0565,0.9535,0.2158,0.8558,0.6714,0.02869,0.1834,0.003314,0.622,0,7,35.32,0.994,1,3491,5.971,3.583,1,30,5987,127803.8,100.0,6,12.48
1786080734468,4440,v1,0.0339,0.9857,0.3897,1.3919,0.6436,0.00405,0.1926,0.003762,0.69,1,16,93.6,0.935,1,0,13.0,13.0,1,30,6435,145155.7,100.0,13,14.06
1786080735904,4441,v1,0.0608,0.8027,0.4653,2.368,0.1564,0.03183,0.1222,0.001239,0.636,1,21,26.96,0.509,1,0,12.81,12.81,1,30,6058,134845.7,100.0,13,4.97
1786080737941,4442,v1,0.0418,0.9835,0.2696,1.9107,0.1197,0.02627,0.1156,0.002641,0.713,0,32,95.73,0.366,1,0,22.786,22.786,0,30,6313,288734.4,85.64,18,10.0
1786080740697,4443,v1,0.0219,0.723,0.1791,1.005,0.1955,0.02006,0.206,0.00348,0.706,1,32,57.07,0.956,1,0,0.0,0.0,0,30,6453,375686.2,0.0,-1,12.63
1786080735326,4444,v1,0.0248,0.7638,0.2231,1.3944,0.9231,0.02098,0.0854,0.001223,0.584,0,23,80.54,0.338,1,0,13.198,13.198,1,30,6282,145603.1,100.0,13,5.19
1786080736908,4445,v1,0.0173,0.5433,0.4882,1.9869,0.6183,0.01693,0.1707,0.002791,0.709,0,16,61.1,0.38,1,0,13.787,13.787,1,30,6191,140285.5,100.0,13,10.45
1786080738615,4446,v1,0.0428,0.3181,0.3829,2.3604,0.3108,0.01534,0.1394,0.003055,0.667,1,5,28.79,0.714,1,6880,4.0,0.0,1,30,6971,193612.4,0.0,-1,100.0
1786080740888,4447,v1,0.0479,0.5073,0.2974,1.7158,0.1687,0.00309,0.0746,0.002056,0.619,0,14,28.34,0.542,1,1990,13.0,9.23,0,30,5946,293695.4,55.58,17,7.52
1786080735939,4448,v1,0.0308,0.9136,0.2737,1.3254,0.5501,0.01638,0.1156,0.00197,0.665,1,36,81.06,0.822,1,0,20.799,20.799,0,30,6136,205833.0,87.87,17,7.43
1786080737521,4449,v1,0.0512,0.49,0.3983,1.4711,0.8858,0.01064,0.1708,0.001711,0.598,1,6,88.22,0.316,1,1891,4.948,3.463,1,30,6414,123328.2,100.0,5,13.84
1786080739299,4450,v1,0.0594,0.9064,0.1814,1.7681,0.1618,0.01257,0.0536,0.00357,0.681,0,6,81.44,0.634,1,0,5.0,5.0,1,30,6856,157445.4,100.0,13,13.61
1786080741487,4451,v1,0.0364,0.8819,0.4154,0.8629,0.8806,0.01118,0.1054,0.00285,0.675,0,15,44.29,0.809,1,3576,14.0,6.918,0,30,6308,305705.2,34.79,18,10.42
1786080737075,4452,v1,0.0313,0.4485,0.1974,0.8723,0.2192,0.02691,0.1626,0.003643,0.604,1,7,87.58,0.326,1,2475,6.0,3.615,0,30,6368,251976.6,56.53,15,13.63
1786080738624,4453,v1,0.0502,0.5296,0.1619,2.3377,0.3306,0.01776,0.1459,0.002885,0.671,0,34,34.13,0.61,1,0,14.374,14.374,1,30,6765,149673.5,100.0,13,11.26
1786080741106,4454,v1,0.0614,0.7295,0.4837,1.9491,0.5677,0.03046,0.1635,0.003054,0.71,0,8,51.6,0.859,1,3955,7.0,3.731,0,30,6188,324883.5,30.58,17,12.14
1786080743180,4455,v1,0.0327,0.4969,0.1301,2.3158,0.591,0.01335,0.2336,0.002882,0.641,1,24,97.1,0.905,1,0,12.762,12.762,0,30,6060,278838.9,62.83,19,11.12
1786080740175,4456,v1,0.0426,0.2077,0.4008,2.3941,0.8356,0.00572,0.2005,0.002152,0.64,0,8,28.47,0.461,1,1678,7.0,5.645,1,30,6280,160378.2,100.0,14,33.09
1786080741658,4457,v1,0.0749,0.7699,0.2757,2.2277,0.6773,0.0119,0.2314,0.003633,0.648,0,25,48.0,0.701,1,0,17.646,17.646,0,30,6174,186672.2,90.12,16,13.52
1786080743389,4458,v1,0.0243,0.7861,0.3092,2.3691,0.6698,0.03173,0.0723,0.00303,0.662,1,25,48.71,0.712,1,902,13.524,11.412,1,30,6111,136542.7,100.0,13,25.14
1786080744938,4459,v1,0.068,0.7547,0.3865,2.0784,0.3499,0.00772,0.0568,0.002069,0.716,0,13,68.5,0.329,1,1114,12.0,10.01,1,30,5729,133089.8,100.0,13,10.94
1786080741263,4460,v1,0.0719,0.2049,0.3916,1.4231,0.5148,0.01418,0.1797,0.00258,0.7,1,32,51.36,0.54,1,1008,20.375,16.683,0,30,6026,247287.0,85.08,16,9.66
1786080743447,4461,v1,0.0772,0.8014,0.2346,2.4235,0.3681,0.01104,0.1043,0.001676,0.685,0,29,32.18,0.935,1,974,20.123,17.133,0,30,6576,294593.3,85.01,17,6.42
1786080745276,4462,v1,0.044,0.9828,0.183,2.3238,0.5076,0.00533,0.1377,0.003614,0.603,0,33,35.97,0.607,1,0,20.664,20.664,0,30,5748,219748.6,87.68,17,12.68
1786080747683,4463,v1,0.0769,0.6565,0.3715,0.9708,0.2588,0.00378,0.2103,0.001222,0.66,1,4,45.4,0.377,1,3489,3.0,1.341,0,30,6337,355889.1,39.65,16,4.51
1786080741572,4464,v1,0.0678,0.68,0.4373,1.4877,0.923,0.0317,0.2035,0.002107,0.603,1,32,50.76,0.697,1,0,9.477,9.477,1,30,7238,86715.9,100.0,4,8.14
1786080743238,4465,v1,0.0263,0.831,0.2949,1.3332,0.6835,0.01366,0.1509,0.003254,0.69,0,32,23.69,0.64,1,0,14.366,14.366,1,30,6301,140709.6,100.0,13,11.89
1786080744605,4466,v1,0.0518,0.325,0.1575,1.3423,0.2046,0.02317,0.1397,0.001779,0.695,1,26,52.49,0.915,1,921,14.392,12.052,1,30,5869,132229.7,100.0,13,6.97
1786080746915,4467,v1,0.0134,0.3376,0.2681,1.0261,0.6303,0.02828,0.1914,0.002751,0.606,0,6,57.97,0.889,1,3816,5.0,3.091,0,30,6091,283514.8,31.53,14,9.83
1786080742860,4468,v1,0.0434,0.2099,0.2714,1.4585,0.2115,0.02761,0.2058,0.001317,0.693,0,36,77.83,0.329,1,0,15.436,15.436,1,30,5484,130331.5,100.0,13,5.31
1786080744428,4469,v1,0.0479,0.8663,0.4686,2.3908,0.4432,0.01805,0.2042,0.003402,0.647,1,29,91.74,0.893,1,0,18.303,18.303,0,30,6458,196374.0,87.7,16,12.51
1786080746071,4470,v1,0.0784,0.4605,0.1737,2.434,0.5128,0.02614,0.1256,0.003221,0.586,1,28,28.73,0.684,1,839,16.43,14.127,0,30,6525,195064.5,90.04,14,12.38
1786080748532,4471,v1,0.0724,0.525,0.1973,2.0052,0.5937,0.02511,0.232,0.002229,0.587,1,4,39.0,0.572,1,4848,3.0,0.551,0,30,5976,329084.7,17.52,-1,8.3
1786080743516,4472,v1,0.0765,0.4973,0.4081,1.5487,0.6139,0.00867,0.0724,0.003383,0.64,0,24,82.04,0.437,1,0,16.923,16.923,0,30,5818,176037.2,91.05,16,12.03
1786080745325,4473,v1,0.0622,0.6888,0.2341,1.4864,0.1013,0.01644,0.2328,0.003713,0.625,1,17,52.32,0.323,1,165,15.622,15.176,0,30,5911,227913.1,92.26,15,14.18
1786080747276,4474,v1,0.0669,0.3438,0.2742,1.1514,0.3928,0.01362,0.2157,0.002878,0.715,1,36,98.03,0.482,1,0,22.708,22.708,0,30,6521,281187.5,84.64,17,11.16
1786080748956,4475,v1,0.0515,0.7771,0.4295,2.2046,0.1854,0.00769,0.1458,0.001712,0.627,1,17,27.41,0.902,1,0,13.0,13.0,1,30,6896,146483.9,100.0,13,6.31
1786080745232,4476,v1,0.0186,0.7457,0.1872,2.0809,0.3983,0.02036,0.064,0.001915,0.703,0,33,86.36,0.466,1,0,0.0,0.0,0,30,5946,347753.0,0.0,-1,7.08
1786080747242,4477,v1,0.0724,0.7407,0.2721,2.4774,0.6764,0.00576,0.2317,0.002381,0.65,0,11,49.46,0.326,1,1125,10.0,8.476,0,30,6044,273815.6,80.38,17,8.88
1786080749148,4478,v1,0.0674,0.8888,0.3494,2.161,0.4719,0.02439,0.1436,0.001812,0.688,0,25,62.84,0.85,1,0,17.602,17.602,0,30,6567,228621.4,89.33,16,7.19
1786080750280,4479,v1,0.0728,0.5329,0.3898,0.8784,0.484,0.01497,0.1886,0.002753,0.651,0,27,43.34,0.631,1,0,13.74,13.74,1,30,6165,136700.6,100.0,13,9.83
1786080745597,4480,v1,0.0413,0.2101,0.4361,1.6963,0.1931,0.03154,0.2322,0.002075,0.687,1,15,56.01,0.322,1,2410,14.0,7.848,0,30,5632,264271.3,49.82,16,7.28
1786080747487,4481,v1,0.0697,0.4009,0.1185,1.0773,0.298,0.01355,0.2323,0.002847,0.67,0,28,57.41,0.58,1,0,18.954,18.954,0,30,6079,255661.1,89.68,16,10.31
1786080749336,4482,v1,0.0141,0.9849,0.4804,2.0523,0.7278,0.02022,0.1674,0.002422,0.595,1,31,26.41,0.445,1,636,18.18,16.284,0,30,6538,205182.0,86.2,15,10.02
1786080751396,4483,v1,0.0229,0.2123,0.1045,1.2522,0.4877,0.01421,0.2055,0.003314,0.649,0,17,71.15,0.516,1,1886,16.0,11.381,0,30,6001,344692.7,15.22,-1,11.15
1786080747917,4484,v1,0.0783,0.5959,0.3566,2.1645,0.5288,0.00854,0.0863,0.003159,0.71,1,9,31.56,0.525,1,4232,8.0,2.905,0,30,6828,356687.2,33.97,18,12.67
1786080749527,4485,v1,0.0403,0.6381,0.1113,1.8394,0.4475,0.02734,0.1717,0.003422,0.642,0,13,76.31,0.716,1,1577,11.169,8.284,1,30,5678,118836.4,100.0,10,37.76
1786080750950,4486,v1,0.0559,0.8983,0.3553,1.6889,0.2236,0.02152,0.1151,0.002833,0.592,0,36,69.4,0.492,1,0,17.858,17.858,0,30,6101,172584.0,91.97,14,11.05
1786080752310,4487,v1,0.0119,0.5847,0.2388,1.5772,0.9559,0.00738,0.1148,0.002909,0.619,0,25,37.71,0.832,1,0,13.535,13.535,1,30,6536,145694.0,100.0,13,11.28
1786080749036,4488,v1,0.0682,0.4262,0.3089,2.3487,0.5745,0.02904,0.0704,0.003444,0.677,1,11,30.79,0.334,1,2343,10.0,5.963,1,30,5990,152228.0,100.0,13,27.31
1786080750265,4489,v1,0.065,0.9795,0.3156,2.3223,0.9079,0.02545,0.0703,0.003659,0.683,1,36,59.81,0.545,1,627,14.737,12.909,1,30,5655,127173.7,100.0,13,13.21
1786080752346,4490,v1,0.0745,0.8515,0.1785,2.3526,0.1447,0.02938,0.1536,0.003576,0.581,1,14,20.44,0.927,1,5456,13.0,0.0,0,30,5733,327548.8,0.0,-1,14.08
1786080753330,4491,v1,0.0341,0.6165,0.303,1.3886,0.9633,0.02824,0.1414,0.001652,0.589,1,26,51.96,0.775,1,915,9.705,8.205,1,30,6124,87919.0,100.0,6,6.35
1786080750075,4492,v1,0.0651,0.3433,0.2892,2.3536,0.9518,0.01394,0.2308,0.003217,0.681,0,27,64.98,0.639,1,0,14.64,14.64,1,30,7516,168789.4,100.0,13,12.04
1786080751804,4493,v1,0.0599,0.9448,0.3173,2.4448,0.4703,0.01804,0.1792,0.001639,0.626,1,13,30.86,0.331,1,2741,11.979,6.589,1,30,6206,152370.9,100.0,13,17.89
1786080753179,4494,v1,0.0718,0.424,0.1837,1.7611,0.7238,0.02922,0.1202,0.002225,0.656,0,20,62.02,0.881,1,0,15.732,15.732,0,30,6441,175719.8,85.5,15,8.83
1786080754462,4495,v1,0.0275,0.3849,0.4509,0.972,0.1313,0.00492,0.1579,0.003408,0.65,1,14,73.5,0.935,1,6029,13.0,0.0,0,30,6315,350018.6,0.0,-1,12.92
1786080751325,4496,v1,0.0778,0.4603,0.1637,2.2611,0.6618,0.03046,0.0593,0.001928,0.678,1,11,99.39,0.693,1,5229,10.0,0.893,0,30,5850,337169.3,8.08,-1,7.4
1786080753560,4497,v1,0.0219,0.8283,0.3797,1.3761,0.8263,0.01522,0.0653,0.003666,0.667,1,17,89.37,0.339,1,2695,16.0,9.532,0,30,7059,370522.4,6.07,-1,14.21
1786080754587,4498,v1,0.0496,0.5876,0.4658,1.2531,0.6063,0.00791,0.2162,0.001366,0.629,0,25,39.36,0.631,1,0,17.602,17.602,0,30,7308,222945.4,89.99,16,5.84
1786080755238,4499,v1,0.0312,0.9523,0.2224,1.3297,0.8967,0.03024,0.234,0.001368,0.669,1,27,76.33,0.579,1,0,13.868,13.868,1,30,5827,132557.0,100.0,13,5.17
1786080762397,4500,v1,0.0641,0.7915,0.276,1.2244,0.7913,0.00505,0.189,0.002835,0.628,1,12,21.07,0.978,1,6401,11.0,0.0,1,30,6603,175559.0,100.0,17,11.18
1786080764600,4501,v1,0.0434,0.7626,0.3955,0.9318,0.293,0.02827,0.1405,0.001271,0.616,1,11,23.5,0.351,1,3042,10.0,5.264,0,30,6509,281265.5,46.41,14,5.05
1786080766001,4502,v1,0.0659,0.6485,0.3065,2.3348,0.9743,0.00697,0.101,0.002921,0.71,1,30,32.75,0.839,1,0,14.689,14.689,1,30,6412,148988.0,100.0,13,11.15
1786080768428,4503,v1,0.0241,0.4868,0.3718,0.8775,0.3446,0.02985,0.156,0.002964,0.626,1,9,68.92,0.549,1,4016,8.0,3.003,0,30,6575,301080.1,33.87,15,10.97
1786080763739,4504,v1,0.0145,0.8147,0.4326,1.0969,0.3445,0.01247,0.1574,0.002135,0.71,1,18,58.47,0.495,1,3724,17.0,6.007,0,30,5952,366780.1,0.0,-1,8.18
1786080766018,4505,v1,0.0753,0.6052,0.1362,2.032,0.9502,0.02975,0.2348,0.002096,0.656,1,13,51.81,0.534,1,4032,12.0,3.544,0,30,5860,301258.2,27.08,16,7.94
1786080768419,4506,v1,0.0655,0.9931,0.1659,1.8075,0.3898,0.00844,0.1655,0.003032,0.689,1,20,67.6,0.744,1,1013,17.877,15.267,0,30,7233,329530.2,85.17,17,11.6
1786080771081,4507,v1,0.0316,0.836,0.2212,2.0082,0.1387,0.02443,0.0527,0.002486,0.655,1,11,33.21,0.867,1,5993,10.0,0.0,0,30,6148,360893.2,0.0,-1,9.3
1786080764778,4508,v1,0.0294,0.7533,0.3347,1.6709,0.8735,0.00476,0.0945,0.001736,0.605,1,13,68.83,0.994,1,6844,12.0,0.0,0,30,6973,384441.6,0.0,-1,6.6
1786080766527,4509,v1,0.0532,0.7955,0.1468,2.003,0.3667,0.00974,0.0912,0.003762,0.615,1,35,43.25,0.995,1,1129,21.338,16.848,0,30,6048,241950.3,95.94,16,14.2
1786080769156,4510,v1,0.0118,0.316,0.4984,1.1259,0.4579,0.01593,0.1228,0.001685,0.663,0,5,69.06,0.942,1,4009,4.0,2.762,0,30,6519,392761.5,0.0,-1,6.55
1786080772082,4511,v1,0.0361,0.8703,0.1735,1.0436,0.729,0.00322,0.2219,0.002189,0.606,1,7,71.45,0.897,1,6517,6.0,0.0,0,30,6597,405273.4,0.0,-1,8.7
1786080763786,4512,v1,0.055,0.7401,0.2235,1.8142,0.7997,0.0073,0.2235,0.003063,0.614,1,16,95.94,0.811,1,0,10.238,10.238,1,30,5977,102105.7,100.0,7,11.39
1786080765473,4513,v1,0.0681,0.3786,0.2225,2.4636,0.4837,0.01811,0.1158,0.003366,0.631,1,13,99.06,0.889,1,6312,12.0,0.0,1,30,6558,189001.3,100.0,21,67.14
1786080766937,4514,v1,0.0358,0.3622,0.4846,1.4047,0.5328,0.01877,0.2423,0.002293,0.584,0,16,50.17,0.894,1,0,14.099,14.099,0,30,5407,149898.3,89.94,14,8.08
1786080769339,4515,v1,0.0257,0.9824,0.1419,2.3961,0.6088,0.01319,0.2331,0.001631,0.701,1,19,76.02,0.305,1,2787,18.0,9.994,0,30,6452,389739.9,0.0,-1,6.14
1786080764656,4516,v1,0.046,0.4825,0.1812,2.3135,0.2076,0.01839,0.2292,0.001817,0.659,1,18,55.43,0.652,1,0,13.0,13.0,1,30,6644,146968.2,100.0,13,6.77
1786080766820,4517,v1,0.0121,0.9619,0.4227,2.4521,0.9784,0.02275,0.0656,0.003325,0.677,1,11,63.6,0.439,1,3340,10.0,3.679,0,30,5467,329322.3,0.0,-1,11.89
1786080768416,4518,v1,0.0718,0.4966,0.1947,1.0191,0.7865,0.02842,0.183,0.001723,0.655,0,8,37.9,0.858,1,3909,7.0,3.82,1,30,6215,157866.7,100.0,13,6.34
1786080769724,4519,v1,0.0783,0.8686,0.1342,2.3076,0.1315,0.00409,0.0689,0.001318,0.685,0,15,23.76,0.345,1,0,13.0,13.0,1,30,6242,143295.5,100.0,13,5.01
1786080766182,4520,v1,0.0206,0.5688,0.4274,0.8341,0.9696,0.01086,0.2244,0.002653,0.648,1,12,62.16,0.956,1,6169,11.0,0.0,0,30,6361,361656.2,0.0,-1,10.45
1786080768334,4521,v1,0.0361,0.9206,0.1027,0.9293,0.3655,0.02512,0.0544,0.001683,0.606,0,14,60.89,1.0,1,3923,13.0,5.735,0,30,6078,286815.8,32.32,15,6.66
1786080769944,4522,v1,0.0699,0.8672,0.4619,1.6271,0.1011,0.02368,0.056,0.001603,0.702,1,5,26.48,0.469,1,3394,4.0,1.791,1,30,6184,155541.0,100.0,13,15.18
1786080772345,4523,v1,0.0437,0.6919,0.4035,2.4256,0.1182,0.02799,0.1293,0.003562,0.682,1,8,92.34,0.805,1,5449,7.0,0.0,0,30,5589,319614.0,0.0,-1,12.92
1786080765934,4524,v1,0.0591,0.9974,0.493,1.5561,0.2039,0.03192,0.0819,0.001823,0.69,0,4,63.78,0.898,1,3558,3.0,2.422,1,30,6191,159821.3,100.0,13,29.27
1786080767173,4525,v1,0.0583,0.5967,0.3685,2.2319,0.9663,0.02723,0.1446,0.00146,0.6,0,26,57.86,0.628,1,0,9.152,9.152,1,30,6447,82958.3,100.0,7,5.83
1786080769255,4526,v1,0.0763,0.3489,0.4689,2.0707,0.5141,0.02973,0.2419,0.002187,0.646,0,15,37.74,0.499,1,1216,14.0,11.708,0,30,6541,217638.3,75.76,14,8.39
1786080771704,4527,v1,0.0628,0.9288,0.1947,1.0875,0.1711,0.00757,0.1283,0.002219,0.68,0,5,27.26,0.585,1,2807,4.0,3.074,0,30,6130,320949.8,48.99,17,9.2
1786080770261,4528,v1,0.0234,0.9197,0.3841,2.3982,0.9277,0.0171,0.114,0.0027,0.623,1,27,41.05,0.949,1,879,13.858,11.517,1,30,5536,127333.1,100.0,13,18.15
1786080772037,4529,v1,0.0122,0.7251,0.473,2.1182,0.4596,0.01228,0.1177,0.002857,0.67,1,13,76.95,0.831,1,6157,12.0,0.0,1,30,6357,182145.2,0.0,-1,100.0
1786080773344,4530,v1,0.046,0.4078,0.2694,1.1803,0.7358,0.02151,0.1337,0.001934,0.617,1,29,92.73,0.459,1,0,13.925,13.925,1,30,6011,131716.2,100.0,13,7.04
1786080774987,4531,v1,0.0221,0.5967,0.4029,0.9084,0.9057,0.02495,0.1482,0.002326,0.675,1,12,28.97,0.536,1,4231,11.0,2.852,1,30,5873,155276.0,100.0,13,76.37
1786080772012,4532,v1,0.0639,0.8239,0.4272,1.9929,0.9672,0.0217,0.2118,0.003487,0.671,1,24,84.41,0.536,1,0,17.034,17.034,0,30,6387,189446.4,87.68,16,12.82
1786080773804,4533,v1,0.0117,0.7733,0.4678,2.178,0.9998,0.02342,0.2459,0.001256,0.627,1,25,98.55,0.714,1,0,19.043,19.043,0,30,6296,212221.6,87.04,18,5.18
1786080775391,4534,v1,0.0755,0.7494,0.4951,1.2116,0.5423,0.00964,0.0834,0.001762,0.626,1,35,51.99,0.761,1,949,18.161,15.361,0,30,6519,196951.5,84.03,15,7.16
1786080777616,4535,v1,0.0404,0.6087,0.1467,2.0942,0.4179,0.02258,0.1518,0.003459,0.662,0,9,35.68,0.942,1,3078,8.0,5.007,0,30,6348,322259.1,45.98,17,12.65
1786080771967,4536,v1,0.0439,0.5599,0.366,1.2203,0.7617,0.00432,0.2135,0.002126,0.609,1,31,35.95,0.691,1,0,14.367,14.367,1,30,5906,134059.1,100.0,13,8.06
1786080773157,4537,v1,0.0325,0.5525,0.3559,1.0437,0.2364,0.03162,0.1372,0.003644,0.625,0,10,25.26,0.397,1,762,8.193,7.202,1,30,5342,92263.1,100.0,7,20.14
1786080775351,4538,v1,0.0383,0.245,0.2303,1.9029,0.6483,0.02974,0.2066,0.003616,0.66,1,9,28.57,0.978,1,5616,8.0,0.0,0,30,5791,346999.5,0.0,-1,13.54
1786080776908,4539,v1,0.0588,0.4037,0.1569,1.0766,0.8075,0.009,0.2415,0.002645,0.637,1,33,98.2,0.995,1,0,14.372,14.372,1,30,5821,129870.7,100.0,13,9.69
1786080773303,4540,v1,0.0501,0.4748,0.1182,0.8835,0.1512,0.03088,0.2364,0.00377,0.652,1,21,23.04,0.554,1,608,16.082,14.325,0,30,5934,187865.0,89.24,15,13.25
1786080775693,4541,v1,0.0112,0.7306,0.1376,1.7374,0.9425,0.00864,0.0906,0.002308,0.7,1,6,65.03,0.894,1,6059,5.0,0.0,0,30,6134,356187.5,0.0,-1,8.69
1786080777367,4542,v1,0.0112,0.7426,0.3074,1.1534,0.3954,0.02941,0.1384,0.003138,0.718,0,20,34.29,0.781,1,0,13.0,13.0,1,30,6912,147969.1,100.0,13,11.98
1786080779183,4543,v1,0.0443,0.4047,0.1064,1.9162,0.6833,0.02746,0.2146,0.003687,0.583,0,31,75.42,0.544,1,0,16.912,16.912,0,30,6512,170837.6,88.64,14,14.6
1786080774276,4544,v1,0.0349,0.5223,0.3018,1.7249,0.1014,0.01626,0.0748,0.003292,0.608,0,32,67.48,0.404,1,0,20.191,20.191,0,30,6223,233709.2,84.01,16,12.24
1786080776717,4545,v1,0.0102,0.5129,0.4397,1.4417,0.5365,0.01352,0.1807,0.002053,0.66,0,11,92.17,0.35,1,0,10.0,10.0,0,30,5902,365704.8,0.0,-1,7.79
1786080778470,4546,v1,0.04,0.6939,0.1524,1.6978,0.5429,0.02039,0.1152,0.003596,0.683,1,12,57.61,0.346,1,2769,11.0,6.275,1,30,6734,164803.6,100.0,13,50.74
1786080780368,4547,v1,0.0757,0.4088,0.1995,1.6349,0.3007,0.03081,0.1967,0.003222,0.69,1,7,39.51,0.646,1,6010,6.0,0.293,1,30,6451,168153.5,100.0,19,19.69
1786080775205,4548,v1,0.0341,0.8671,0.1356,1.0774,0.7086,0.02798,0.0521,0.003257,0.599,0,13,28.7,0.686,1,3428,12.0,6.988,0,30,7115,281796.5,46.51,15,12.58
1786080776857,4549,v1,0.0113,0.7226,0.2402,1.5045,0.4692,0.02969,0.1521,0.00216,0.659,0,10,31.95,0.877,1,3798,9.0,4.576,1,30,6125,161191.8,100.0,13,66.68
1786080778207,4550,v1,0.0215,0.6264,0.3101,2.1275,0.2176,0.02608,0.0901,0.002768,0.585,0,24,74.4,0.634,1,0,12.559,12.559,1,30,5934,123637.3,100.0,11,10.08
1786080779794,4551,v1,0.076,0.5571,0.4072,1.8442,0.7915,0.02839,0.0533,0.001673,0.713,0,12,46.41,0.406,1,1121,10.598,9.04,1,30,6599,140327.9,100.0,10,7.06
1786080775913,4552,v1,0.0415,0.2199,0.1714,2.1704,0.7345,0.00714,0.137,0.001632,0.668,0,17,54.89,0.579,1,2057,16.0,10.507,0,30,5381,314880.6,12.12,-1,6.58
1786080777022,4553,v1,0.0711,0.9388,0.3328,1.0615,0.7419,0.0315,0.058,0.002598,0.586,0,8,69.42,0.734,1,0,3.605,3.605,1,30,6027,29773.9,100.0,2,9.81
1786080778644,4554,v1,0.0671,0.8484,0.4235,2.2585,0.198,0.02226,0.214,0.003532,0.618,0,9,65.68,0.54,1,1248,7.747,6.447,1,30,5906,123979.2,100.0,8,16.53
1786080779856,4555,v1,0.0723,0.8847,0.1517,2.1847,0.5214,0.0049,0.1752,0.003316,0.669,1,17,39.34,0.811,1,0,13.0,13.0,1,30,6022,126546.9,100.0,13,12.5
1786080777134,4556,v1,0.0378,0.4503,0.3706,1.3338,0.9203,0.00658,0.1734,0.001738,0.711,0,15,45.66,0.678,1,0,13.738,13.738,1,30,6208,143996.6,100.0,13,6.88
1786080778933,4557,v1,0.0593,0.5912,0.424,1.0926,0.5911,0.00343,0.0682,0.00189,0.615,1,22,93.9,0.501,1,0,12.995,12.995,1,30,6953,158180.0,100.0,13,7.41
1786080781329,4558,v1,0.0413,0.7625,0.2406,1.5492,0.8116,0.00334,0.0957,0.002293,0.66,1,9,57.08,0.373,1,3040,8.0,4.058,0,30,6270,354233.2,26.5,19,8.71
1786080784034,4559,v1,0.066,0.6665,0.3868,2.4318,0.904,0.01681,0.1004,0.001731,0.637,1,15,34.64,0.788,1,6245,14.0,0.483,0,30,6612,380730.1,3.31,-1,6.34
1786080779085,4560,v1,0.0674,0.2045,0.4058,1.4454,0.5545,0.00361,0.1261,0.00264,0.615,1,20,31.61,0.318,1,0,10.605,10.605,1,30,6224,106489.9,100.0,6,10.51
1786080780548,4561,v1,0.0677,0.9379,0.1199,2.1475,0.3138,0.0256,0.058,0.002892,0.684,1,14,88.25,0.513,1,0,12.475,12.475,1,30,6696,139271.9,100.0,13,10.83
1786080782156,4562,v1,0.0229,0.7025,0.1958,0.9473,0.4636,0.01988,0.2082,0.001538,0.636,1,6,53.05,0.419,1,3622,5.0,2.003,1,30,6081,157678.5,100.0,13,62.28
1786080783523,4563,v1,0.0208,0.6685,0.321,1.0753,0.4352,0.01388,0.1014,0.003214,0.605,1,33,45.28,0.706,1,0,14.366,14.366,1,30,6117,141422.1,100.0,13,12.03
1786080780093,4564,v1,0.0534,0.754,0.2215,1.7702,0.9893,0.01961,0.095,0.002274,0.583,0,35,44.76,0.993,1,0,17.871,17.871,0,30,6421,181913.7,96.05,15,8.6
1786080783212,4565,v1,0.0665,0.5676,0.1772,2.4276,0.1232,0.00575,0.0521,0.001243,0.597,1,6,21.31,0.577,1,5444,5.0,1.081,0,30,6987,371650.0,19.02,-1,4.62
1786080784421,4566,v1,0.0577,0.7324,0.1569,1.8031,0.923,0.02086,0.1744,0.003212,0.628,0,5,75.52,0.676,1,0,4.0,4.0,1,30,6132,103942.8,100.0,7,12.83
1786080785754,4567,v1,0.0752,0.2242,0.1286,0.8601,0.5786,0.02957,0.1346,0.002819,0.715,0,24,93.68,0.441,1,0,13.56,13.56,1,30,6369,139884.7,100.0,13,10.5
1786080781463,4568,v1,0.0602,0.5598,0.1246,1.766,0.8737,0.02672,0.0673,0.002998,0.647,0,21,90.31,0.357,1,0,16.463,16.463,0,30,6079,184463.0,98.24,16,11.01
1786080783462,4569,v1,0.0442,0.9316,0.1665,1.6066,0.9055,0.02418,0.1094,0.002076,0.585,0,10,49.0,0.657,1,2489,9.0,6.073,0,30,6075,252011.7,51.58,14,8.26
1786080785272,4570,v1,0.03,0.2021,0.2727,1.7676,0.9497,0.01423,0.1089,0.003198,0.592,0,23,43.03,0.573,1,0,13.198,13.198,1,30,6403,150071.8,100.0,13,11.48
1786080786577,4571,v1,0.0495,0.3358,0.4088,1.1615,0.565,0.01049,0.1334,0.002735,0.662,0,16,47.7,0.59,1,0,13.0,13.0,1,30,6177,143437.7,100.0,13,10.52
1786080781864,4572,v1,0.0669,0.2145,0.4737,2.0643,0.2949,0.01316,0.0804,0.002224,0.648,1,25,22.36,0.387,1,531,12.541,11.386,1,30,6067,123823.2,100.0,9,8.95
1786080783407,4573,v1,0.0386,0.2414,0.1574,1.6023,0.2418,0.01538,0.229,0.002793,0.656,1,33,92.08,0.941,1,0,15.164,15.164,1,30,5805,137461.2,100.0,14,9.96
1786080785740,4574,v1,0.0207,0.9936,0.111,0.8039,0.4529,0.0283,0.0519,0.003735,0.665,1,11,67.2,0.726,1,4737,10.0,2.017,0,30,6165,318994.6,17.13,-1,13.48
1786080787404,4575,v1,0.0412,0.4427,0.3738,1.7058,0.1073,0.01229,0.1108,0.002114,0.585,0,18,74.91,0.31,1,0,12.074,12.074,1,30,6156,130255.6,100.0,8,7.8
1786080783257,4576,v1,0.0692,0.2694,0.1656,1.0318,0.1221,0.01933,0.2476,0.003643,0.682,0,25,85.81,0.467,1,0,17.857,17.857,0,30,7253,283575.8,83.61,16,13.69
1786080785393,4577,v1,0.0727,0.7392,0.4259,1.8767,0.2598,0.00592,0.1393,0.003358,0.658,0,5,73.67,0.548,1,2121,4.0,3.294,0,30,6089,293543.1,62.17,17,12.73
1786080787680,4578,v1,0.0211,0.2264,0.4815,1.4543,0.2464,0.0074,0.2472,0.003117,0.609,1,12,22.1,0.851,1,5672,11.0,0.0,0,30,5878,342715.3,0.0,-1,12.25
1786080789093,4579,v1,0.0119,0.996,0.4538,0.9805,0.8601,0.01941,0.1335,0.001457,0.621,1,14,87.91,0.673,1,0,13.0,13.0,1,30,6399,149374.1,100.0,13,5.7
1786080782898,4580,v1,0.0625,0.9878,0.1968,1.1619,0.4226,0.0288,0.2046,0.001643,0.6,1,32,67.36,0.914,1,0,7.171,7.171,1,30,6145,47791.5,100.0,3,6.87
1786080785187,4581,v1,0.0589,0.725,0.1461,1.0595,0.3387,0.02904,0.0558,0.002479,0.635,1,6,80.05,0.46,1,3751,5.0,1.869,0,30,6074,288196.6,36.24,15,9.53
1786080786929,4582,v1,0.062,0.8349,0.4606,1.7548,0.2727,0.01402,0.205,0.002396,0.63,1,23,37.93,0.6,1,690,16.529,14.453,0,30,5749,216035.0,93.19,15,9.36
1786080787859,4583,v1,0.0631,0.9774,0.343,1.6277,0.6882,0.02831,0.237,0.003372,0.617,0,9,49.27,0.796,1,1006,6.3,5.2,1,30,5662,72179.0,100.0,5,13.21
1786080787067,4584,v1,0.0475,0.8418,0.1733,1.7818,0.9603,0.00603,0.1962,0.00325,0.68,1,18,24.84,0.547,1,4264,17.0,5.342,0,30,6590,382290.8,19.77,-1,12.17
1786080788210,4585,v1,0.0548,0.5709,0.3284,1.6398,0.4179,0.00435,0.0515,0.002195,0.622,0,10,65.57,0.367,1,1232,8.959,7.542,1,30,6191,144702.6,100.0,13,14.0
1786080789609,4586,v1,0.0762,0.7477,0.294,1.5769,0.4436,0.006,0.1402,0.003112,0.681,1,27,33.76,0.843,1,927,13.739,11.445,1,30,5966,137059.3,100.0,13,11.6
1786080790507,4587,v1,0.0221,0.8584,0.3619,2.3569,0.4064,0.02807,0.0838,0.002895,0.64,0,14,66.42,0.496,1,0,13.0,13.0,1,30,6565,149585.3,100.0,13,10.88
1786080787244,4588,v1,0.0341,0.7268,0.2386,1.5864,0.4201,0.00786,0.1336,0.003283,0.614,0,12,49.56,0.302,1,1441,11.0,8.887,0,30,6376,298243.1,67.19,17,12.17
1786080788449,4589,v1,0.036,0.754,0.3624,2.1103,0.3206,0.00644,0.077,0.003179,0.654,0,17,58.46,0.989,1,0,13.0,13.0,1,30,6646,152255.9,100.0,13,11.9
1786080790077,4590,v1,0.0731,0.2948,0.2608,1.9215,0.8496,0.01522,0.2464,0.003649,0.675,1,6,56.54,0.492,1,3503,5.0,1.994,0,30,5934,304111.4,35.64,16,13.52
1786080791200,4591,v1,0.019,0.8717,0.454,1.6207,0.1351,0.00586,0.1554,0.003081,0.712,0,17,70.2,0.414,1,0,13.0,13.0,1,30,6407,143715.7,100.0,13,11.03
1786080787866,4592,v1,0.0753,0.7255,0.2816,0.9097,0.1601,0.00715,0.1903,0.001293,0.704,1,16,68.83,0.764,1,0,13.0,13.0,1,30,5861,137672.0,100.0,13,4.28
1786080789389,4593,v1,0.0659,0.8923,0.1043,1.7238,0.8791,0.00838,0.0993,0.002985,0.691,1,7,35.64,0.504,1,4334,6.0,1.61,1,30,6031,164291.2,100.0,13,17.92
1786080790381,4594,v1,0.0596,0.8642,0.4031,0.9824,0.8533,0.02108,0.1977,0.00213,0.603,0,21,75.79,0.903,1,0,15.112,15.112,0,30,6676,182641.9,86.11,14,8.01
1786080791649,4595,v1,0.0538,0.4683,0.3852,1.6506,0.696,0.01449,0.1802,0.002509,0.66,0,32,96.36,0.395,1,0,19.139,19.139,0,30,5753,185644.9,84.38,17,9.73
1786080789335,4596,v1,0.016,0.6531,0.4035,0.8149,0.8593,0.00692,0.1057,0.001212,0.713,0,13,25.52,0.445,1,1900,12.0,8.746,0,30,5922,358073.2,0.0,-1,4.1
1786080791138,4597,v1,0.0128,0.3836,0.301,2.3535,0.9005,0.00369,0.1473,0.002399,0.655,0,22,83.58,0.692,1,0,0.0,0.0,0,30,6024,345841.4,0.0,-1,9.06
1786080792068,4598,v1,0.0199,0.4896,0.1838,2.2339,0.9377,0.01914,0.0876,0.002211,0.709,0,15,28.23,0.963,1,3581,14.0,6.682,1,30,6062,164451.6,100.0,15,64.09
1786080792632,4599,v1,0.0322,0.5921,0.1141,1.8703,0.2118,0.02226,0.121,0.003551,0.616,0,4,30.6,0.426,1,1800,3.0,2.695,1,30,5968,143829.7,100.0,13,39.34
1786080799057,4600,v1,0.0459,0.9927,0.4395,1.9221,0.2417,0.02778,0.215,0.003106,0.706,1,26,39.03,0.63,1,1497,18.925,13.623,0,30,5846,265596.8,88.41,17,12.56
1786080801301,4601,v1,0.0552,0.3853,0.2515,1.036,0.5633,0.01124,0.0832,0.002612,0.704,0,8,88.92,0.684,1,0,7.0,7.0,0,30,6374,273823.7,87.62,17,10.07
1786080802823,4602,v1,0.0723,0.3006,0.1822,1.5358,0.3244,0.00671,0.1199,0.002592,0.618,0,24,98.36,0.565,1,0,13.361,13.361,1,30,6436,148583.3,100.0,13,9.77
1786080805065,4603,v1,0.0356,0.6057,0.4077,2.2441,0.6808,0.02239,0.1204,0.003684,0.631,0,16,61.56,0.86,1,3291,15.0,8.2,0,30,6615,290130.2,40.44,16,13.42
1786080800337,4604,v1,0.0754,0.9749,0.4651,1.668,0.7589,0.00591,0.1551,0.003043,0.655,1,11,40.11,0.423,1,2847,10.0,5.157,0,30,6080,303630.0,48.48,17,11.61
1786080801611,4605,v1,0.0354,0.2512,0.2552,0.8614,0.7099,0.00418,0.2263,0.001306,0.597,0,28,89.59,0.417,1,0,14.005,14.005,1,30,5641,129830.8,100.0,13,4.91
1786080802960,4606,v1,0.01,0.2194,0.2036,2.4272,0.3885,0.00808,0.2233,0.002705,0.596,1,17,88.1,0.744,1,0,15.475,15.475,1,30,5342,133320.2,100.0,15,10.01
1786080804524,4607,v1,0.0784,0.8034,0.1223,0.8548,0.238,0.0146,0.2407,0.003666,0.588,0,15,77.12,0.428,1,0,11.398,11.398,1,30,6403,122146.2,100.0,6,14.49
1786080800078,4608,v1,0.0205,0.9439,0.17,2.0008,0.2319,0.02774,0.0513,0.002974,0.705,0,24,53.63,0.51,1,0,13.362,13.362,1,30,6652,150595.3,100.0,13,10.69
1786080801530,4609,v1,0.075,0.4168,0.1551,1.026,0.2337,0.0122,0.2323,0.002634,0.697,1,33,32.27,0.953,1,0,14.359,14.359,1,30,6172,133919.0,100.0,13,10.5
1786080802939,4610,v1,0.023,0.9187,0.2383,1.2402,0.3527,0.02949,0.0728,0.001555,0.582,1,26,98.77,0.625,1,0,14.217,14.217,0,30,6167,138843.0,87.09,11,5.98
1786080804972,4611,v1,0.032,0.4653,0.2675,1.5917,0.7451,0.02128,0.1811,0.003721,0.705,0,22,76.24,0.648,1,0,10.757,10.757,0,30,6018,269809.5,54.96,19,13.92
1786080801968,4612,v1,0.0615,0.9221,0.4253,2.3633,0.6615,0.00648,0.2148,0.001395,0.715,1,5,29.52,0.851,1,6091,4.0,0.0,0,30,6120,369652.1,0.0,-1,5.46
1786080803917,4613,v1,0.0552,0.5711,0.2372,2.055,0.7049,0.03095,0.2192,0.001937,0.584,0,14,79.79,0.593,1,0,13.0,13.0,0,30,7435,184320.2,93.11,14,8.12
1786080806648,4614,v1,0.0562,0.5252,0.2436,1.5463,0.4755,0.01201,0.2314,0.00176,0.703,0,15,68.33,0.661,1,2714,14.0,8.982,0,30,6646,349033.2,50.96,18,6.41
1786080808069,4615,v1,0.012,0.2643,0.1574,2.2511,0.3764,0.01001,0.1163,0.001293,0.642,1,19,85.47,0.662,1,0,15.595,15.595,1,30,6268,158220.4,100.0,15,10.29
1786080802391,4616,v1,0.0318,0.8402,0.189,0.8688,0.259,0.01302,0.2468,0.003285,0.71,1,24,96.0,0.734,1,0,0.0,0.0,0,30,6168,359615.3,0.0,-1,12.42
1786080804347,4617,v1,0.043,0.7712,0.1686,1.3261,0.936,0.03097,0.053,0.003306,0.711,0,5,23.87,0.524,1,2027,4.0,3.328,0,30,6101,244894.5,55.77,17,12.8
1786080805728,4618,v1,0.0149,0.8386,0.2062,1.3587,0.1422,0.00389,0.2173,0.001583,0.608,0,22,47.7,0.872,1,0,13.0,13.0,1,30,5872,136949.4,100.0,13,6.25
1786080807154,4619,v1,0.0484,0.7501,0.4342,2.0038,0.3347,0.01775,0.204,0.001355,0.678,1,15,50.87,0.376,1,0,12.943,12.943,1,30,6263,146797.2,100.0,13,4.98
1786080802071,4620,v1,0.0508,0.2167,0.1408,2.3767,0.323,0.01229,0.2323,0.003009,0.717,1,14,38.86,0.972,1,6001,13.0,0.0,1,30,6213,173947.8,0.0,-1,100.0
1786080803197,4621,v1,0.0181,0.4084,0.1508,1.3195,0.9074,0.00667,0.0729,0.003249,0.64,1,36,81.42,0.323,1,0,15.626,15.626,1,30,5501,122820.8,100.0,14,12.16
1786080804847,4622,v1,0.0618,0.2471,0.3012,1.296,0.1585,0.01599,0.0652,0.002372,0.586,0,7,81.17,0.465,1,1515,5.99,5.033,1,30,6414,140510.1,100.0,7,10.49
1786080807493,4623,v1,0.0216,0.5658,0.3755,2.2173,0.9176,0.00344,0.1579,0.001995,0.673,0,32,97.69,0.657,1,0,0.0,0.0,0,30,6405,388325.9,0.0,-1,7.34
1786080802481,4624,v1,0.0338,0.8826,0.2652,1.7943,0.7896,0.03001,0.0556,0.003419,0.684,1,16,42.95,0.566,1,0,12.874,12.874,1,30,6056,129728.1,100.0,13,13.26
1786080803942,4625,v1,0.0126,0.6381,0.1664,0.8746,0.8052,0.01033,0.1487,0.001341,0.703,1,17,93.12,0.493,1,0,14.116,14.116,1,30,6535,160611.6,100.0,14,5.14
1786080805469,4626,v1,0.066,0.7442,0.3345,1.1847,0.7219,0.02889,0.2308,0.001623,0.625,1,26,55.96,0.43,1,420,16.026,14.803,0,30,5680,167633.5,88.02,14,6.09
1786080807435,4627,v1,0.0201,0.8396,0.3831,2.3202,0.7209,0.01275,0.1135,0.002438,0.636,1,32,79.99,0.709,1,0,7.708,7.708,0,30,5420,265191.1,36.75,19,8.84
1786080808123,4628,v1,0.054,0.6267,0.4163,1.5921,0.3626,0.03109,0.1804,0.002182,0.637,1,9,85.34,0.612,1,6117,8.0,0.736,0,30,6861,398441.8,8.73,-1,8.48
1786080810531,4629,v1,0.0423,0.4722,0.2278,2.2875,0.8037,0.02544,0.19,0.002837,0.637,1,14,84.88,0.412,1,3819,13.0,4.979,0,30,6398,295718.1,32.96,16,10.22
1786080812719,4630,v1,0.0641,0.6803,0.1463,1.7246,0.827,0.00536,0.1942,0.001877,0.705,0,13,59.77,0.521,1,2366,12.0,7.866,0,30,5841,304556.0,51.0,18,6.78
1786080814318,4631,v1,0.0266,0.386,0.1911,1.5461,0.7263,0.01849,0.063,0.002038,0.639,1,29,32.79,0.638,1,753,14.194,12.541,1,30,6804,143653.8,100.0,13,8.88
1786080807337,4632,v1,0.0774,0.3557,0.4122,1.7815,0.1375,0.01689,0.1159,0.002333,0.583,0,35,49.21,0.847,1,0,17.591,17.591,0,30,6076,164025.2,89.5,14,8.69
1786080809139,4633,v1,0.0742,0.6682,0.4291,1.9058,0.1591,0.00519,0.1762,0.00311,0.609,1,34,65.55,0.843,1,0,20.662,20.662,0,30,6054,238743.8,95.33,15,10.98
1786080810747,4634,v1,0.0174,0.7958,0.219,1.4517,0.346,0.03139,0.1818,0.001677,0.699,0,8,31.0,0.557,1,2337,7.0,4.933,1,30,5710,143320.2,100.0,13,44.96
1786080811986,4635,v1,0.0143,0.9802,0.1165,2.283,0.2316,0.01208,0.0961,0.003744,0.603,1,21,59.09,0.486,1,0,13.0,13.0,1,30,5937,133747.9,100.0,13,14.17
1786080808031,4636,v1,0.0672,0.7642,0.2016,0.8192,0.4972,0.00876,0.2373,0.002952,0.58,1,33,71.97,0.527,1,642,17.697,15.686,0,30,6155,187786.5,100.0,15,11.24
1786080809306,4637,v1,0.0445,0.9222,0.4736,1.245,0.8332,0.01211,0.0968,0.003588,0.632,0,14,46.73,0.692,1,0,11.53,11.53,1,30,6542,126830.4,100.0,8,13.33
1786080812089,4638,v1,0.0141,0.6013,0.3084,2.4415,0.6928,0.0049,0.0678,0.001808,0.683,0,25,99.56,0.643,1,0,0.0,0.0,0,30,6338,360499.3,0.0,-1,6.89
1786080814014,4639,v1,0.0416,0.2682,0.29,2.3286,0.7628,0.02251,0.2253,0.00334,0.683,1,27,25.88,0.424,1,499,18.78,17.232,0,30,6569,224367.2,84.4,17,12.39
1786080809363,4640,v1,0.0329,0.5664,0.4864,1.7211,0.4168,0.01972,0.144,0.001645,0.6,1,18,57.67,0.773,1,0,15.243,15.243,0,30,5716,159643.7,94.67,15,6.04
1786080811331,4641,v1,0.0734,0.5637,0.3861,1.0529,0.6321,0.02965,0.1034,0.001676,0.639,0,15,32.45,0.651,1,1047,14.0,12.052,0,30,6577,219327.9,71.77,14,6.14
1786080812970,4642,v1,0.0533,0.7959,0.1976,1.1249,0.9632,0.02574,0.125,0.002785,0.688,0,27,99.43,0.52,1,0,13.868,13.868,1,30,5896,133356.5,100.0,13,10.23
1786080814532,4643,v1,0.0439,0.7519,0.2978,1.1065,0.678,0.01183,0.1446,0.002109,0.635,1,35,59.72,0.965,1,954,13.984,11.87,1,30,6705,136093.6,100.0,13,7.87
1786080809923,4644,v1,0.0322,0.5442,0.1144,0.9682,0.838,0.02763,0.1165,0.001347,0.646,1,30,32.76,0.894,1,0,14.347,14.347,1,30,6312,145991.7,100.0,13,5.21
1786080811210,4645,v1,0.0328,0.6361,0.2873,0.8766,0.7044,0.02332,0.1221,0.002849,0.647,1,4,39.21,0.946,1,5457,3.0,0.0,1,30,5500,147802.1,100.0,25,99.93
1786080813145,4646,v1,0.0709,0.2655,0.2744,1.9477,0.3057,0.01893,0.1669,0.002221,0.684,0,25,57.65,0.673,1,0,14.011,14.011,1,30,7405,168814.2,100.0,13,7.83
1786080814791,4647,v1,0.0366,0.2133,0.3684,2.4523,0.1229,0.01492,0.0846,0.001437,0.704,1,35,45.61,0.783,1,917,16.161,13.665,1,30,6141,150467.6,100.0,14,5.52
1786080810729,4648,v1,0.0304,0.8613,0.1226,1.0322,0.9288,0.0236,0.2145,0.003764,0.695,0,22,60.19,0.673,1,0,13.0,13.0,1,30,6771,140980.3,100.0,13,13.91
1786080812720,4649,v1,0.0268,0.781,0.4746,0.9794,0.4083,0.01833,0.2407,0.002293,0.639,0,10,57.45,0.366,1,1542,9.0,7.179,0,30,6043,234327.4,66.06,16,8.31
1786080814098,4650,v1,0.0686,0.5699,0.3799,1.0379,0.1074,0.02471,0.2341,0.003005,0.694,1,10,77.28,0.483,1,2294,8.522,5.131,1,30,6255,133820.0,100.0,8,11.75
1786080815358,4651,v1,0.0598,0.2399,0.1066,2.3535,0.5079,0.02248,0.0648,0.001496,0.715,0,24,60.01,0.626,1,0,14.107,14.107,1,30,5783,135371.8,100.0,13,5.41
1786080811458,4652,v1,0.0223,0.2828,0.2586,0.966,0.5167,0.01121,0.1161,0.00333,0.717,0,10,62.94,0.92,1,3947,9.0,4.747,1,30,6697,178331.7,100.0,15,65.7
1786080814314,4653,v1,0.0471,0.7683,0.1601,2.1609,0.9253,0.03099,0.1323,0.003177,0.651,1,8,50.79,0.926,1,6321,7.0,0.0,0,30,6469,375689.6,0.0,-1,12.06
1786080815463,4654,v1,0.0234,0.7775,0.1411,1.6115,0.9772,0.0236,0.1164,0.001553,0.696,1,14,70.46,0.35,1,0,13.0,13.0,1,30,6164,142966.9,100.0,13,6.23
1786080817195,4655,v1,0.0304,0.5721,0.2322,1.8221,0.4836,0.00894,0.0586,0.001966,0.627,1,31,33.69,0.987,1,0,14.362,14.362,1,30,6636,150932.5,100.0,13,7.58
1786080814120,4656,v1,0.0172,0.6138,0.2032,1.0064,0.9319,0.01472,0.2461,0.001797,0.58,1,21,81.08,0.706,1,0,10.873,10.873,1,30,5904,102715.8,100.0,8,6.89
1786080815652,4657,v1,0.0782,0.2856,0.4425,1.8084,0.6058,0.00521,0.1038,0.002024,0.67,0,9,85.36,0.321,1,0,8.0,8.0,0,30,6035,224158.0,93.14,16,8.37
1786080817162,4658,v1,0.0323,0.448,0.2012,1.5225,0.2537,0.02525,0.0988,0.00181,0.603,0,23,60.74,0.396,1,0,13.021,13.021,1,30,5841,129459.3,100.0,13,7.05
1786080818706,4659,v1,0.0597,0.3892,0.1305,1.244,0.488,0.00532,0.0782,0.002347,0.617,1,11,64.5,0.482,1,2854,9.565,4.57,1,30,5845,129590.5,100.0,9,9.34
1786080816416,4660,v1,0.0547,0.9842,0.2736,0.9856,0.6487,0.01332,0.1678,0.001359,0.591,0,26,90.97,0.326,1,0,16.569,16.569,0,30,7472,205966.4,97.35,15,5.51
1786080818076,4661,v1,0.0289,0.7965,0.449,2.4513,0.9641,0.01436,0.2418,0.001911,0.699,1,9,51.54,0.437,1,3203,8.0,3.848,1,30,6257,164856.7,100.0,13,55.57
1786080819568,4662,v1,0.0154,0.9299,0.3802,1.9254,0.6491,0.03145,0.1152,0.001765,0.629,0,31,73.09,0.895,1,0,17.87,17.87,0,30,6047,178140.1,84.13,15,6.95
1786080821107,4663,v1,0.0646,0.607,0.2145,2.0734,0.4636,0.0106,0.1684,0.003336,0.687,0,25,78.08,0.973,1,0,13.527,13.527,1,30,5534,126846.1,100.0,13,12.78
1786080817405,4664,v1,0.0457,0.8213,0.2128,1.5182,0.5754,0.00953,0.095,0.001346,0.682,0,10,85.6,0.673,1,0,9.0,9.0,0,30,6795,334605.1,83.28,19,5.03
1786080819389,4665,v1,0.0398,0.7656,0.3345,0.8182,0.1552,0.01515,0.0563,0.002504,0.582,0,36,62.64,0.507,1,0,18.056,18.056,0,30,7189,199040.2,96.81,15,9.15
1786080821229,4666,v1,0.0655,0.7332,0.2365,1.0477,0.7823,0.00915,0.1951,0.002476,0.584,0,5,95.88,0.827,1,0,4.0,4.0,0,30,6710,196863.2,100.0,15,8.84
1786080823619,4667,v1,0.0617,0.2449,0.4183,1.1923,0.5503,0.00497,0.2426,0.001409,0.623,1,4,32.13,0.824,1,6115,3.0,0.0,0,30,6140,380995.9,0.0,-1,5.36
1786080817347,4668,v1,0.0472,0.5307,0.4708,2.425,0.4242,0.0089,0.0656,0.001304,0.703,0,7,95.15,0.399,1,0,6.0,6.0,1,30,6318,141985.1,100.0,13,4.78
1786080818822,4669,v1,0.0494,0.4998,0.2738,1.6838,0.8635,0.01454,0.1288,0.002114,0.658,0,5,94.2,0.984,1,0,4.0,4.0,1,30,5177,121353.2,100.0,13,7.77
1786080821221,4670,v1,0.0391,0.6832,0.476,1.1889,0.6778,0.00588,0.1929,0.001834,0.687,1,5,42.49,0.739,1,5559,4.0,0.232,0,30,5940,324962.6,2.76,-1,7.63
1786080822540,4671,v1,0.0592,0.5769,0.3431,0.9306,0.4264,0.00361,0.1049,0.002607,0.602,0,9,97.33,0.522,1,0,6.625,6.625,1,30,6325,99933.8,100.0,5,8.57
1786080817788,4672,v1,0.0734,0.3653,0.1436,2.2005,0.5274,0.0155,0.109,0.002184,0.616,0,15,71.57,0.472,1,0,12.156,12.156,1,30,6094,121755.5,100.0,13,8.47
1786080819422,4673,v1,0.0559,0.4123,0.4448,1.9847,0.6916,0.02009,0.1758,0.002134,0.623,1,8,57.34,0.439,1,4015,7.0,2.479,1,30,6305,171121.8,100.0,13,66.65
1786080821301,4674,v1,0.0653,0.5356,0.406,1.2784,0.9604,0.01775,0.0708,0.003594,0.693,1,34,43.24,0.776,1,945,19.081,15.974,0,30,6463,205350.4,89.96,16,12.8
1786080823578,4675,v1,0.0176,0.6012,0.1617,1.4864,0.9714,0.00373,0.1611,0.002846,0.689,1,24,79.57,0.842,1,0,0.0,0.0,0,30,6123,353820.9,0.0,-1,11.3
1786080818991,4676,v1,0.0618,0.8992,0.2418,1.8142,0.1483,0.02071,0.0725,0.0018,0.581,1,25,28.86,0.624,1,914,16.178,14.002,0,30,7026,221276.1,95.77,14,6.7
1786080821196,4677,v1,0.0672,0.8476,0.4424,1.2664,0.3071,0.00632,0.1916,0.001694,0.656,0,11,89.81,0.871,1,0,10.0,10.0,0,30,7791,312767.0,87.41,16,6.84
1786080822633,4678,v1,0.0452,0.3762,0.1148,1.5947,0.1082,0.01385,0.0881,0.002548,0.657,1,27,79.07,0.725,1,0,14.319,14.319,1,30,6106,140369.4,100.0,13,9.81
1786080824097,4679,v1,0.08,0.2591,0.1559,1.584,0.4093,0.01978,0.1236,0.002831,0.637,1,21,56.42,0.764,1,0,11.181,11.181,1,30,6376,119132.9,100.0,7,10.37
1786080819469,4680,v1,0.0556,0.8028,0.3457,1.3826,0.9436,0.02835,0.1722,0.003147,0.689,0,15,98.13,0.693,1,0,14.0,14.0,0,30,5941,185205.1,85.85,16,10.84
1786080821283,4681,v1,0.011,0.2378,0.3194,1.6909,0.1618,0.00921,0.2177,0.003769,0.707,0,32,54.02,0.727,1,0,18.974,18.974,1,30,6348,162013.1,100.0,17,22.64
1786080822914,4682,v1,0.0266,0.2817,0.4553,2.3295,0.3027,0.0054,0.2247,0.003072,0.661,1,17,86.08,0.989,1,0,14.636,14.636,1,30,6450,156071.5,100.0,14,12.29
1786080824128,4683,v1,0.0753,0.9504,0.3903,2.2579,0.304,0.01619,0.2,0.003738,0.71,0,28,42.96,0.882,1,0,14.04,14.04,1,30,5957,133765.8,100.0,13,13.24
1786080821290,4684,v1,0.0576,0.8041,0.1892,0.9306,0.8904,0.00684,0.2449,0.001635,0.682,0,18,39.43,0.666,1,1608,17.0,12.994,0,30,6191,283942.0,63.48,17,5.99
1786080823141,4685,v1,0.0628,0.4403,0.3717,0.9232,0.5264,0.01568,0.1117,0.00135,0.709,1,35,97.37,0.597,1,0,21.093,21.093,0,30,5790,230174.4,86.86,16,5.3
1786080825435,4686,v1,0.0412,0.4894,0.1898,1.5333,0.9711,0.00574,0.2421,0.001668,0.707,0,14,27.46,0.766,1,2895,13.0,7.506,0,30,5916,355148.2,0.02,-1,6.39
1786080826377,4687,v1,0.0549,0.8372,0.4462,1.0894,0.4583,0.01034,0.0928,0.003697,0.692,1,35,83.53,0.98,1,0,14.562,14.562,1,30,5846,128813.5,100.0,13,14.28
1786080823490,4688,v1,0.0372,0.2065,0.3013,0.8794,0.4892,0.0307,0.146,0.003221,0.692,1,18,75.58,0.734,1,0,16.306,16.306,0,30,6572,195780.8,85.5,16,11.69
1786080825763,4689,v1,0.0148,0.8625,0.3505,1.4211,0.6724,0.00643,0.1189,0.002272,0.68,1,32,38.1,0.676,1,0,0.0,0.0,0,30,6382,380506.9,0.0,-1,9.1
1786080827395,4690,v1,0.0685,0.7923,0.2955,2.0595,0.3196,0.01299,0.059,0.003188,0.604,1,24,43.39,0.853,1,1040,16.798,13.947,0,30,6533,244251.3,94.2,15,11.59
1786080828728,4691,v1,0.0455,0.4922,0.2503,1.0195,0.243,0.00712,0.108,0.00129,0.616,1,35,71.44,0.794,1,0,21.364,21.364,0,30,6357,265965.8,91.08,16,5.08
1786080824697,4692,v1,0.0323,0.2987,0.309,2.0626,0.7836,0.02297,0.13,0.003006,0.717,1,16,69.13,0.461,1,0,14.103,14.103,1,30,5959,145095.4,100.0,13,11.75
1786080825829,4693,v1,0.0217,0.5678,0.1465,1.6733,0.9036,0.01728,0.1832,0.002262,0.62,1,29,92.59,0.861,1,0,14.191,14.191,1,30,6306,144833.1,100.0,13,8.34
1786080827435,4694,v1,0.0541,0.2776,0.1091,1.4866,0.1611,0.02834,0.1556,0.00347,0.622,0,20,81.94,0.438,1,0,15.42,15.42,0,30,6560,183851.5,94.07,15,12.87
1786080828821,4695,v1,0.0561,0.8196,0.2401,1.661,0.2905,0.00495,0.1261,0.001946,0.681,1,33,73.21,1.0,1,510,23.877,21.66,0,30,6314,306454.6,90.33,18,7.51
1786080825686,4696,v1,0.0237,0.4013,0.4241,2.1853,0.436,0.01013,0.0972,0.002628,0.719,0,16,33.41,0.923,1,0,15.0,15.0,1,30,7296,176111.0,100.0,15,10.03
1786080827117,4697,v1,0.0727,0.9162,0.4518,1.8522,0.9726,0.00743,0.2233,0.001667,0.583,0,13,56.99,0.832,1,1804,8.52,5.913,1,30,7076,93619.1,100.0,4,6.57
1786080828260,4698,v1,0.0708,0.2169,0.3564,1.96,0.9298,0.00611,0.1634,0.002233,0.655,0,13,92.37,0.523,1,0,12.0,12.0,0,30,6120,192366.1,99.23,17,8.66
1786080829715,4699,v1,0.013,0.4459,0.2057,1.9787,0.8765,0.02858,0.1393,0.002296,0.716,0,27,73.57,0.962,1,0,0.0,0.0,0,30,6716,381868.4,0.0,-1,8.81
1786080835868,4700,v1,0.0357,0.8368,0.4051,1.4797,0.7641,0.02902,0.2101,0.003606,0.642,1,6,82.45,0.344,1,2797,5.0,2.876,1,30,6683,147226.3,100.0,9,50.34
1786080838053,4701,v1,0.0619,0.7209,0.2501,2.2106,0.403,0.02149,0.1089,0.001669,0.675,0,13,38.87,0.685,1,2206,12.0,8.369,0,30,6197,293128.7,56.12,17,6.54
1786080839559,4702,v1,0.0237,0.4001,0.4889,0.8555,0.1191,0.02292,0.1778,0.002433,0.712,0,18,41.86,0.843,1,0,13.824,13.824,1,30,6813,163612.4,100.0,14,8.94
1786080840902,4703,v1,0.0528,0.3814,0.2602,1.9297,0.198,0.02634,0.2126,0.002641,0.595,1,27,97.33,0.941,1,0,16.276,16.276,0,30,6204,169684.7,89.59,14,10.01
1786080837662,4704,v1,0.0296,0.8945,0.4874,2.3932,0.7595,0.00756,0.0601,0.002984,0.699,1,31,79.47,0.455,1,0,0.0,0.0,0,30,6463,387410.5,0.0,-1,11.42
1786080839260,4705,v1,0.0172,0.6419,0.1679,2.3572,0.6085,0.02755,0.0691,0.002587,0.638,0,30,96.21,0.885,1,0,19.762,19.762,0,30,6667,219100.4,84.35,18,9.24
1786080840599,4706,v1,0.0537,0.482,0.2365,2.1653,0.8461,0.02511,0.1274,0.003244,0.675,1,20,58.07,0.883,1,0,13.0,13.0,1,30,6050,137547.4,100.0,13,12.68
1786080842400,4707,v1,0.053,0.3173,0.4429,2.1843,0.3431,0.01532,0.0749,0.002342,0.601,1,29,55.07,0.48,1,636,17.482,15.535,0,30,6063,195327.1,91.17,15,9.07
1786080837844,4708,v1,0.0536,0.6338,0.3742,1.1372,0.2973,0.017,0.1339,0.001468,0.594,1,14,78.97,0.529,1,3940,13.0,4.18,0,30,5917,296262.8,31.35,15,6.05
1786080839022,4709,v1,0.0377,0.9111,0.4192,1.5332,0.8941,0.02319,0.2355,0.002689,0.712,0,18,39.19,0.694,1,0,13.0,13.0,1,30,5796,132174.4,100.0,13,10.71
1786080840587,4710,v1,0.0394,0.511,0.4757,1.4639,0.7274,0.01751,0.2223,0.002165,0.607,1,19,78.73,0.712,1,0,11.287,11.287,1,30,7499,135211.5,100.0,8,8.17
1786080842329,4711,v1,0.0696,0.3782,0.2679,2.1848,0.6842,0.00766,0.1267,0.00299,0.582,0,36,29.19,0.71,1,0,18.721,18.721,0,30,6183,181122.8,92.69,15,11.39
1786080837924,4712,v1,0.0774,0.7911,0.273,1.0516,0.9819,0.01141,0.1897,0.002843,0.703,0,36,36.41,0.603,1,0,19.903,19.903,0,30,5729,179116.5,85.34,17,11.43
1786080840007,4713,v1,0.0782,0.5669,0.4677,1.6584,0.1025,0.00844,0.1401,0.001911,0.667,0,9,27.64,0.56,1,1724,8.0,6.143,0,30,5678,279567.3,61.73,16,8.26
1786080842196,4714,v1,0.0227,0.9139,0.3122,0.9925,0.6304,0.00746,0.1853,0.002246,0.657,1,4,76.89,0.527,1,3710,3.0,0.972,0,30,5533,329001.3,0.0,-1,8.78
1786080843583,4715,v1,0.0251,0.8374,0.297,1.0342,0.8552,0.02799,0.2249,0.001907,0.598,0,28,34.49,0.301,1,0,16.022,16.022,0,30,5849,157496.2,99.53,14,7.08
1786080838535,4716,v1,0.0295,0.5805,0.1409,1.4379,0.3724,0.01547,0.0847,0.001357,0.584,1,29,31.42,0.893,1,1054,17.739,14.829,0,30,6627,223794.9,92.56,16,4.99
1786080841023,4717,v1,0.064,0.5534,0.4773,2.1338,0.849,0.03053,0.2271,0.003128,0.676,1,5,53.41,0.881,1,6326,4.0,0.0,0,30,6404,378160.3,0.0,-1,11.87
1786080842544,4718,v1,0.0363,0.6096,0.1769,1.4767,0.98,0.00664,0.1322,0.003326,0.681,1,18,37.61,0.901,1,0,13.447,13.447,1,30,5551,127019.9,100.0,13,12.74
1786080844455,4719,v1,0.0523,0.6035,0.2581,2.2279,0.3441,0.00827,0.074,0.003436,0.66,0,12,98.48,0.346,1,0,11.0,11.0,0,30,5993,269260.8,83.93,17,12.92
1786080838379,4720,v1,0.0486,0.6753,0.4386,1.9136,0.4968,0.03045,0.1557,0.002992,0.594,0,18,63.26,0.687,1,0,8.104,8.104,1,30,5955,70822.6,100.0,6,11.35
1786080840119,4721,v1,0.0423,0.8593,0.1367,2.1859,0.7156,0.00406,0.1862,0.003208,0.665,1,36,34.93,0.632,1,657,14.72,13.017,1,30,6349,144623.5,100.0,13,12.44
1786080841486,4722,v1,0.0684,0.2198,0.3315,0.9216,0.8098,0.01461,0.1563,0.003478,0.681,1,32,51.05,0.661,1,836,18.715,15.869,0,30,6051,197739.3,87.96,16,12.73
1786080843160,4723,v1,0.0786,0.2915,0.3552,2.1763,0.5876,0.03188,0.1086,0.002546,0.633,0,15,75.04,0.408,1,568,14.0,12.785,0,30,5791,178289.3,79.31,14,9.67
1786080839998,4724,v1,0.0684,0.6978,0.4466,1.0165,0.2888,0.01111,0.2105,0.001864,0.644,1,9,42.83,0.726,1,5007,7.74,1.88,1,30,6885,154618.9,100.0,8,7.23
1786080841331,4725,v1,0.0766,0.3048,0.4771,1.1721,0.6374,0.02934,0.1442,0.002932,0.654,1,34,30.93,0.845,1,905,17.583,14.711,0,30,6059,175957.5,93.89,14,10.53
1786080843225,4726,v1,0.0694,0.4736,0.1621,1.0769,0.4192,0.02311,0.105,0.003548,0.716,1,26,44.14,0.408,1,735,18.169,15.703,0,30,5964,241267.9,92.54,16,12.84
1786080844815,4727,v1,0.037,0.3542,0.4787,2.2704,0.1317,0.00454,0.0576,0.002105,0.666,0,26,66.5,0.854,1,0,14.692,14.692,1,30,6240,150686.8,100.0,14,8.01
1786080843106,4728,v1,0.0151,0.9777,0.2307,0.8541,0.5785,0.01603,0.2013,0.002213,0.696,0,26,30.77,0.302,1,0,13.695,13.695,1,30,6331,138755.5,100.0,13,8.55
1786080844567,4729,v1,0.0136,0.9062,0.3784,2.4401,0.8798,0.01076,0.1336,0.001994,0.612,1,17,30.15,0.829,1,0,13.0,13.0,1,30,5503,125232.4,100.0,13,7.69
1786080846408,4730,v1,0.0795,0.3422,0.294,1.7988,0.7949,0.03162,0.1813,0.003006,0.63,0,35,68.81,0.897,1,0,17.616,17.616,0,30,6593,179940.1,89.57,14,11.28
1786080848520,4731,v1,0.0267,0.4288,0.4088,1.1433,0.3805,0.00945,0.1654,0.00336,0.669,1,25,90.9,0.489,1,0,1.866,1.866,0,30,5625,322326.1,9.45,-1,12.12
1786080844371,4732,v1,0.0336,0.3912,0.1448,1.3021,0.1144,0.01956,0.1498,0.003659,0.662,0,8,95.66,0.832,1,0,7.0,7.0,1,30,6098,137991.6,100.0,13,13.73
1786080846218,4733,v1,0.0621,0.28,0.2659,1.5365,0.6216,0.0175,0.2378,0.002762,0.662,0,17,49.5,0.313,1,480,16.0,14.914,0,30,6453,198864.2,79.62,16,10.49
1786080848065,4734,v1,0.0458,0.2422,0.2417,1.0022,0.3583,0.01525,0.0608,0.001614,0.686,1,32,78.08,0.617,1,0,21.86,21.86,0,30,5996,249020.8,83.66,17,6.37
1786080849371,4735,v1,0.0783,0.3015,0.2989,2.2645,0.3229,0.02361,0.0732,0.003424,0.592,1,36,63.17,0.301,1,342,12.135,11.464,1,30,6918,113105.3,100.0,6,12.76
1786080844913,4736,v1,0.069,0.9019,0.3794,1.772,0.8371,0.01039,0.2463,0.003548,0.582,0,4,97.22,0.608,1,0,3.0,3.0,0,30,6114,171022.7,99.97,15,13.54
1786080847096,4737,v1,0.0792,0.9782,0.3541,1.2373,0.9236,0.00901,0.1963,0.002378,0.61,0,10,77.11,0.962,1,3198,9.0,5.294,0,30,6166,282908.6,43.34,15,8.37
1786080848611,4738,v1,0.0327,0.2002,0.2891,2.4489,0.7625,0.01234,0.187,0.002937,0.599,0,32,26.42,0.619,1,0,14.681,14.681,1,30,6257,145848.1,100.0,13,11.51
1786080850329,4739,v1,0.0274,0.6368,0.3192,1.4374,0.4747,0.0218,0.2423,0.001459,0.634,1,27,87.16,0.428,1,0,13.696,13.696,1,30,5774,133529.5,100.0,13,5.63
1786080845496,4740,v1,0.0115,0.2864,0.1608,2.3877,0.9046,0.01489,0.2391,0.002475,0.598,1,36,78.95,0.716,1,0,15.461,15.461,1,30,6561,154242.7,100.0,13,9.22
1786080846839,4741,v1,0.0321,0.8386,0.4966,1.6061,0.2653,0.01945,0.1375,0.002838,0.642,1,15,76.93,0.913,1,0,12.875,12.875,1,30,6043,130714.6,100.0,13,10.81
1786080848459,4742,v1,0.0382,0.9921,0.4623,0.9214,0.6128,0.02522,0.1946,0.002718,0.684,0,21,24.86,0.619,1,345,17.09,16.097,0,30,5483,181867.3,91.41,16,10.4
1786080850190,4743,v1,0.0272,0.467,0.1129,2.2463,0.4597,0.02099,0.0602,0.001204,0.588,0,21,54.41,0.982,1,0,13.0,13.0,1,30,6659,149693.0,100.0,13,5.3
1786080846461,4744,v1,0.042,0.3335,0.4019,1.7212,0.1201,0.02931,0.1963,0.002999,0.704,0,32,54.82,0.719,1,0,14.455,14.455,1,30,7002,163336.6,100.0,13,10.97
1786080848228,4745,v1,0.0203,0.7524,0.2699,1.5395,0.3013,0.01526,0.246,0.002751,0.703,1,8,44.58,0.945,1,6651,7.0,0.0,1,30,6773,179573.8,0.0,-1,100.0
1786080850358,4746,v1,0.0346,0.7771,0.3802,1.5003,0.8239,0.02442,0.2389,0.001421,0.611,1,15,35.62,0.319,1,2364,14.0,8.549,0,30,6199,260187.2,57.72,15,5.73
1786080852114,4747,v1,0.0348,0.7655,0.2479,0.859,0.3986,0.02975,0.1788,0.003502,0.648,1,29,81.46,0.363,1,0,17.238,17.238,0,30,6824,197850.8,85.77,15,13.51
1786080846591,4748,v1,0.0792,0.5009,0.4051,1.7234,0.1026,0.02368,0.2137,0.003244,0.67,0,36,70.54,0.79,1,0,13.484,13.484,1,30,5594,113347.3,100.0,7,12.03
1786080848430,4749,v1,0.0427,0.7242,0.1272,1.4789,0.5933,0.0164,0.07,0.002377,0.665,1,30,63.8,0.347,1,0,14.386,14.386,1,30,7621,174955.0,100.0,13,9.2
1786080850566,4750,v1,0.0331,0.3188,0.2744,1.6143,0.7504,0.01685,0.1712,0.003638,0.696,1,36,58.49,0.744,1,406,8.084,6.213,0,30,5692,305194.5,34.97,19,13.7
1786080852140,4751,v1,0.0602,0.7371,0.4082,2.4489,0.3718,0.01555,0.1536,0.002819,0.637,1,32,21.13,0.832,1,0,14.383,14.383,1,30,6045,139689.7,100.0,13,10.9
1786080847942,4752,v1,0.0535,0.2022,0.4535,1.2117,0.501,0.00394,0.2003,0.001847,0.663,1,35,62.54,0.676,1,0,22.782,22.782,0,30,6185,262308.3,92.32,17,7.05
1786080849333,4753,v1,0.0744,0.5397,0.4664,1.0479,0.1252,0.01605,0.1821,0.002642,0.655,1,16,46.91,0.343,1,0,11.951,11.951,1,30,6739,132380.2,100.0,13,9.47
1786080850675,4754,v1,0.0784,0.8052,0.2007,2.3187,0.6174,0.02332,0.2103,0.003696,0.598,1,32,84.31,0.547,1,0,11.546,11.546,1,30,6026,100699.7,100.0,8,14.09
1786080852484,4755,v1,0.0288,0.6815,0.2655,2.0948,0.6045,0.01886,0.0956,0.002089,0.614,1,19,85.32,0.425,1,0,17.157,17.157,0,30,6122,192505.3,88.98,16,7.87
1786080851346,4756,v1,0.0656,0.9954,0.4496,2.1584,0.8704,0.00567,0.1154,0.001538,0.674,1,35,42.29,0.547,1,907,20.111,17.433,0,30,7130,263257.5,89.34,17,6.12
1786080852846,4757,v1,0.0281,0.3955,0.4929,1.7916,0.3928,0.02299,0.1419,0.003573,0.667,0,27,40.25,0.642,1,0,13.857,13.857,1,30,6678,151671.3,100.0,13,13.55
1786080854560,4758,v1,0.0677,0.5976,0.1615,1.7206,0.3637,0.02688,0.1485,0.003339,0.679,0,33,94.66,0.351,1,0,14.337,14.337,1,30,6267,136950.6,100.0,13,12.4
1786080856092,4759,v1,0.0577,0.6686,0.1251,1.0592,0.7391,0.00318,0.1754,0.002092,0.703,0,6,92.02,0.593,1,0,5.0,5.0,1,30,6033,132116.1,100.0,13,8.35
1786080851506,4760,v1,0.068,0.7051,0.4494,1.8992,0.7613,0.02179,0.2343,0.003228,0.699,0,15,90.98,0.735,1,0,12.869,12.869,1,30,6455,139027.1,100.0,13,11.48
1786080854385,4761,v1,0.0104,0.2875,0.1028,1.6086,0.3045,0.0038,0.158,0.003496,0.713,1,6,56.8,0.38,1,2819,5.0,2.768,0,30,6438,361791.0,0.0,-1,13.62
1786080855787,4762,v1,0.0138,0.8701,0.2673,1.2146,0.442,0.01287,0.0661,0.003382,0.581,0,4,77.56,0.402,1,1484,3.0,2.75,1,30,6002,140690.2,100.0,12,34.39
1786080858353,4763,v1,0.0334,0.9309,0.2373,2.0832,0.3883,0.01894,0.199,0.003361,0.683,0,13,69.88,0.862,1,3987,12.0,5.357,0,30,6259,344214.0,19.17,-1,12.51
1786080852347,4764,v1,0.052,0.6109,0.3963,2.2419,0.1706,0.02926,0.2122,0.002299,0.594,0,11,68.11,0.576,1,1622,9.357,7.252,1,30,6313,144099.0,100.0,8,32.79
1786080853815,4765,v1,0.0221,0.3847,0.4222,2.3118,0.9253,0.02738,0.1315,0.001214,0.698,0,31,25.81,0.648,1,0,15.136,15.136,1,30,6138,139921.6,100.0,13,5.21
1786080855481,4766,v1,0.0102,0.9809,0.4269,1.7561,0.4753,0.00668,0.0578,0.001657,0.679,1,5,79.16,0.308,1,2272,4.0,2.488,1,30,6046,149466.8,100.0,13,41.96
1786080856875,4767,v1,0.0393,0.8556,0.1461,2.4309,0.8873,0.01969,0.0564,0.00178,0.661,0,35,88.67,0.81,1,0,14.552,14.552,1,30,6041,133008.9,100.0,13,7.05
1786080853354,4768,v1,0.0339,0.8804,0.3922,0.9142,0.4862,0.02005,0.2171,0.00367,0.707,1,34,43.91,0.707,1,940,20.822,17.629,0,30,6877,263446.8,88.42,18,13.22
1786080854702,4769,v1,0.0103,0.5173,0.4445,1.7218,0.6235,0.02206,0.2478,0.002007,0.72,0,23,35.73,0.843,1,0,15.181,15.181,1,30,5268,131538.0,100.0,15,7.38
1786080856252,4770,v1,0.0569,0.4214,0.3243,1.2981,0.5632,0.02157,0.2204,0.002045,0.668,1,30,33.51,0.54,1,0,14.353,14.353,1,30,5898,133488.4,100.0,13,8.05
1786080858164,4771,v1,0.0491,0.2689,0.1215,1.5542,0.1829,0.01216,0.0847,0.00162,0.606,1,36,78.09,0.757,1,0,21.529,21.529,0,30,6120,253478.9,85.47,16,6.21
1786080854102,4772,v1,0.0235,0.6487,0.4354,1.251,0.6134,0.0222,0.1916,0.002634,0.593,0,15,84.64,0.535,1,0,10.922,10.922,1,30,6185,110876.2,100.0,8,10.33
1786080855614,4773,v1,0.0633,0.3406,0.3365,2.4817,0.7719,0.00842,0.0809,0.003378,0.711,0,14,88.42,0.579,1,0,13.0,13.0,1,30,6339,144223.6,100.0,13,12.37
1786080857850,4774,v1,0.0333,0.2831,0.1374,2.3222,0.5889,0.02852,0.145,0.002548,0.621,1,20,38.63,0.561,1,762,16.403,14.6,0,30,7183,237616.8,93.14,16,8.81
1786080860501,4775,v1,0.0208,0.9512,0.2281,2.1651,0.4846,0.00528,0.1591,0.001955,0.701,0,9,94.96,0.49,1,0,8.0,8.0,0,30,6403,364621.2,0.0,-1,7.73
1786080854726,4776,v1,0.0628,0.8066,0.1825,0.8922,0.2306,0.01867,0.2196,0.002522,0.669,0,22,26.51,0.912,1,844,13.0,11.452,1,30,6307,141704.6,100.0,13,9.64
1786080856228,4777,v1,0.0347,0.3762,0.4001,2.1084,0.6515,0.01686,0.2387,0.001555,0.677,0,33,88.71,0.729,1,0,14.832,14.832,1,30,5601,127265.5,100.0,13,6.14
1786080858587,4778,v1,0.0784,0.3633,0.2175,1.5119,0.2937,0.00921,0.0745,0.002201,0.599,1,5,52.07,0.77,1,5390,4.0,0.288,0,30,5868,337010.6,6.31,-1,8.79
1786080861100,4779,v1,0.0273,0.5469,0.2439,1.7528,0.3549,0.00901,0.063,0.002756,0.661,0,21,84.16,0.956,1,0,0.0,0.0,0,30,6487,395005.4,0.0,-1,10.21
1786080855614,4780,v1,0.0197,0.9411,0.4381,0.9808,0.7541,0.00347,0.1576,0.001776,0.608,0,23,60.56,0.899,1,0,13.027,13.027,0,30,5933,259011.4,65.28,19,6.93
1786080858612,4781,v1,0.0641,0.4015,0.4604,1.3232,0.9477,0.02395,0.0812,0.001891,0.619,1,10,37.11,0.91,1,6850,9.0,0.0,0,30,6977,404258.9,0.0,-1,7.14
1786080860394,4782,v1,0.0167,0.663,0.3716,0.8129,0.1055,0.02463,0.1974,0.001596,0.708,1,21,34.53,0.85,1,0,13.0,13.0,1,30,6943,166008.7,100.0,13,6.15
1786080861405,4783,v1,0.0503,0.8478,0.2584,1.607,0.6313,0.02726,0.1143,0.003443,0.623,0,26,47.32,0.341,1,0,12.628,12.628,1,30,5719,111594.8,100.0,10,12.61
1786080858562,4784,v1,0.0122,0.3834,0.2232,0.9353,0.2779,0.01755,0.0717,0.003061,0.686,1,36,52.38,0.924,1,1034,16.408,13.694,1,30,6919,161635.0,100.0,14,11.36
1786080860184,4785,v1,0.058,0.4424,0.4087,2.1426,0.1151,0.03199,0.2429,0.001488,0.692,0,27,66.6,0.33,1,0,13.862,13.862,1,30,6160,142739.1,100.0,13,5.93
1786080862121,4786,v1,0.0464,0.5497,0.226,1.9126,0.261,0.01649,0.1802,0.003082,0.707,1,31,44.25,0.459,1,1630,17.032,10.491,0,30,6163,320819.5,68.3,18,11.84
1786080863246,4787,v1,0.0731,0.8602,0.3251,1.9801,0.2156,0.03122,0.1356,0.003754,0.627,0,16,64.81,0.629,1,0,12.027,12.027,1,30,6482,127590.5,100.0,8,13.64
1786080859063,4788,v1,0.0713,0.6576,0.1884,1.7532,0.5819,0.02523,0.0606,0.003039,0.639,0,11,85.24,0.524,1,0,10.0,10.0,0,30,5634,164662.2,85.9,15,12.25
1786080860692,4789,v1,0.0111,0.6443,0.1328,0.8262,0.8116,0.0116,0.1894,0.001724,0.711,0,5,99.56,0.74,1,0,4.0,4.0,1,30,5831,142076.4,100.0,15,6.76
1786080862557,4790,v1,0.0785,0.8315,0.1705,1.8475,0.9295,0.00869,0.1887,0.001387,0.647,1,28,71.57,0.695,1,937,18.009,15.252,0,30,6317,217544.1,87.92,16,5.59
1786080863477,4791,v1,0.0331,0.3748,0.3857,0.9898,0.4812,0.01862,0.2446,0.001914,0.588,1,16,51.8,0.71,1,0,10.28,10.28,1,30,6700,112531.1,100.0,8,7.55
1786080860278,4792,v1,0.055,0.5647,0.3446,1.4246,0.6415,0.00442,0.161,0.001413,0.631,0,24,64.66,0.713,1,0,13.357,13.357,1,30,6384,142137.5,100.0,13,5.55
1786080861738,4793,v1,0.0736,0.5663,0.4171,0.9741,0.3118,0.02911,0.1349,0.001331,0.688,1,35,72.34,0.878,1,991,14.551,12.216,1,30,6380,150413.8,100.0,13,5.27
1786080863432,4794,v1,0.0604,0.7458,0.4393,2.4066,0.3947,0.02455,0.0599,0.002452,0.687,1,14,82.74,0.573,1,4647,13.0,2.207,0,30,5778,325375.9,15.27,-1,9.33
1786080864602,4795,v1,0.0479,0.9102,0.3546,2.3933,0.8656,0.01392,0.1468,0.002759,0.657,0,22,41.96,0.536,1,0,13.0,13.0,1,30,6499,140521.3,100.0,13,10.76
1786080861100,4796,v1,0.0711,0.9007,0.327,2.3687,0.3845,0.01427,0.1823,0.001492,0.709,0,33,91.1,0.997,1,0,21.922,21.922,0,30,6201,270255.5,86.17,17,5.29
1786080862464,4797,v1,0.0356,0.5781,0.2043,1.1632,0.1569,0.02298,0.151,0.002024,0.664,0,28,93.11,0.534,1,0,14.031,14.031,1,30,5681,123882.8,100.0,13,8.15
1786080863401,4798,v1,0.0582,0.9745,0.3278,1.6384,0.9565,0.02034,0.1551,0.002417,0.649,0,28,69.19,0.637,1,0,11.832,11.832,1,30,6485,119321.5,100.0,7,8.87
1786080865058,4799,v1,0.0103,0.7615,0.4018,2.1313,0.3112,0.02583,0.2115,0.00125,0.665,0,30,24.2,0.875,1,7,0.144,0.122,0,30,6342,379056.6,0.68,-1,5.14
1786080871354,4800,v1,0.0567,0.4741,0.3497,2.1069,0.9438,0.02086,0.2263,0.00255,0.636,0,4,87.89,0.947,1,0,3.0,3.0,0,30,6759,191668.7,99.51,16,9.65
1786080872606,4801,v1,0.0521,0.3403,0.3453,1.4724,0.199,0.03038,0.1668,0.002342,0.597,0,26,63.89,0.319,1,0,15.359,15.359,0,30,6172,162477.4,92.64,13,9.51
1786080874328,4802,v1,0.048,0.7841,0.3925,1.4172,0.9179,0.01244,0.0797,0.001467,0.669,1,33,30.61,0.75,1,868,19.587,16.712,0,30,6155,216668.0,85.09,17,5.43
1786080876617,4803,v1,0.0792,0.8386,0.1286,0.8041,0.5073,0.0252,0.1866,0.003284,0.641,1,12,25.95,0.372,1,3135,11.0,5.834,0,30,6930,278496.0,62.09,15,11.82
1786080872783,4804,v1,0.0146,0.2439,0.4379,1.9237,0.497,0.01335,0.1578,0.001617,0.635,0,28,60.75,0.924,1,0,0.0,0.0,0,30,6219,367601.3,0.0,-1,6.35
1786080873960,4805,v1,0.065,0.6675,0.1637,1.3198,0.5928,0.0086,0.1938,0.002064,0.583,0,36,51.13,0.79,1,0,11.127,11.127,1,30,6100,93398.3,100.0,6,8.43
1786080876735,4806,v1,0.0269,0.9792,0.4896,1.8559,0.9928,0.02232,0.1762,0.001631,0.585,1,4,39.1,0.666,1,5993,3.0,0.257,0,30,6583,375024.4,7.57,-1,5.92
1786080878004,4807,v1,0.051,0.7603,0.4222,0.8944,0.5524,0.0061,0.1971,0.002898,0.617,1,12,82.52,0.824,1,3333,9.612,3.2,1,30,5887,119819.1,100.0,7,10.74
1786080871994,4808,v1,0.0608,0.2034,0.1944,1.0136,0.2268,0.02413,0.2019,0.003433,0.666,1,21,96.43,0.508,1,0,12.999,12.999,1,30,6469,141837.0,100.0,13,13.12
1786080873355,4809,v1,0.0681,0.4769,0.4729,0.8674,0.7594,0.01949,0.1421,0.002139,0.588,0,29,25.95,0.382,1,302,6.462,6.254,1,30,6675,43031.7,100.0,3,8.48
1786080875931,4810,v1,0.0784,0.8591,0.2434,1.8886,0.2625,0.01445,0.2317,0.003505,0.678,1,14,98.09,0.752,1,6174,13.0,1.003,0,30,7011,383567.9,7.34,-1,13.21
1786080877728,4811,v1,0.0383,0.8417,0.2985,1.2874,0.5412,0.0255,0.1302,0.001677,0.68,0,26,62.19,0.645,1,0,18.329,18.329,0,30,6425,214139.5,84.19,17,6.23
1786080873004,4812,v1,0.0592,0.7307,0.1156,1.2774,0.6706,0.02176,0.0729,0.001356,0.621,0,19,32.56,0.53,1,0,13.0,13.0,1,30,6213,148226.4,100.0,13,5.1
1786080874291,4813,v1,0.0347,0.7138,0.2415,1.2929,0.235,0.00983,0.234,0.001684,0.716,1,18,22.92,0.886,1,0,13.54,13.54,1,30,5743,133236.8,100.0,13,6.32
1786080875748,4814,v1,0.0648,0.6572,0.3211,2.2549,0.5869,0.02594,0.0556,0.001827,0.582,1,10,54.17,0.949,1,2890,6.441,2.517,1,30,6083,100338.3,100.0,4,25.23
1786080877202,4815,v1,0.06,0.4231,0.3192,2.0193,0.518,0.02729,0.1065,0.00249,0.645,1,14,57.13,0.74,1,0,10.451,10.451,1,30,5732,101288.3,100.0,7,8.91
1786080874318,4816,v1,0.0156,0.3447,0.1099,2.3961,0.4662,0.01756,0.2228,0.002936,0.677,0,25,24.1,0.301,1,0,0.0,0.0,0,30,6494,380997.6,0.0,-1,11.33
1786080876238,4817,v1,0.0219,0.2079,0.3894,2.1744,0.8613,0.01527,0.2106,0.001764,0.58,0,6,25.23,0.468,1,1977,5.0,3.997,0,30,5964,237568.2,56.73,16,6.69
1786080877820,4818,v1,0.0229,0.4796,0.178,0.8149,0.2732,0.0126,0.1627,0.002078,0.608,0,14,92.0,0.733,1,0,13.0,13.0,1,30,6619,154365.5,100.0,13,8.08
1786080880400,4819,v1,0.0452,0.7933,0.2866,1.4284,0.899,0.01001,0.1502,0.001915,0.693,0,12,70.14,0.722,1,3380,11.0,6.262,0,30,6546,365742.0,34.68,19,7.41
1786080873847,4820,v1,0.0603,0.6907,0.1072,1.0077,0.9076,0.01493,0.1861,0.001736,0.586,0,7,75.86,0.513,1,1571,5.593,4.612,1,30,6477,119038.6,100.0,5,6.53
1786080875477,4821,v1,0.0211,0.7416,0.135,1.4608,0.2424,0.02838,0.1506,0.001619,0.632,1,9,73.21,0.691,1,5875,8.0,0.0,1,30,5948,174298.8,0.0,-1,100.0
1786080877239,4822,v1,0.0565,0.966,0.1724,1.8889,0.1913,0.02808,0.1621,0.002138,0.67,1,32,53.48,0.414,1,612,20.103,17.841,0,30,5666,228542.9,91.18,16,7.75
1786080878835,4823,v1,0.042,0.578,0.1009,2.4208,0.1034,0.01742,0.1812,0.002337,0.668,0,21,62.47,0.469,1,0,13.0,13.0,1,30,6515,151267.8,100.0,13,8.64
1786080875294,4824,v1,0.0719,0.8375,0.2254,0.876,0.2501,0.02752,0.0775,0.002397,0.655,1,5,46.32,0.4,1,2952,4.0,2.211,0,30,6671,274376.5,52.13,15,9.58
1786080876537,4825,v1,0.0501,0.8467,0.4856,2.2475,0.6739,0.0262,0.1708,0.003342,0.592,1,14,89.03,0.791,1,0,6.954,6.954,1,30,6809,68486.4,100.0,4,13.36
1786080877986,4826,v1,0.0474,0.2544,0.4824,1.6972,0.9355,0.01354,0.0658,0.003436,0.647,0,21,31.18,0.783,1,0,13.0,13.0,1,30,6453,148306.8,100.0,13,12.04
1786080879693,4827,v1,0.0213,0.8873,0.3018,2.3375,0.6087,0.02859,0.2358,0.00221,0.609,1,14,64.52,0.405,1,0,12.744,12.744,1,30,6067,135861.9,100.0,12,8.16
1786080878718,4828,v1,0.0446,0.6239,0.4753,1.8979,0.5712,0.00428,0.0691,0.002537,0.649,0,36,96.36,0.582,1,0,14.741,14.741,1,30,5845,127535.2,100.0,13,9.08
1786080880097,4829,v1,0.0592,0.9294,0.2459,2.2861,0.6702,0.00906,0.109,0.001923,0.663,0,26,83.8,0.812,1,0,13.704,13.704,1,30,5888,130873.6,100.0,13,6.76
1786080881518,4830,v1,0.0625,0.8559,0.4727,1.705,0.637,0.02989,0.2177,0.002395,0.611,0,19,48.38,0.901,1,0,6.313,6.313,1,30,6084,53338.8,100.0,4,8.93
1786080882494,4831,v1,0.0684,0.8198,0.3263,2.2729,0.3551,0.02991,0.1404,0.001979,0.591,1,13,81.55,0.632,1,183,6.764,6.404,1,30,6235,60090.4,100.0,4,7.39
1786080879921,4832,v1,0.0781,0.7037,0.1196,1.2975,0.1718,0.0133,0.0545,0.002569,0.663,0,19,89.28,0.507,1,0,16.241,16.241,0,30,6234,255073.6,91.6,16,9.45
1786080882460,4833,v1,0.0642,0.4659,0.1194,1.74,0.387,0.01634,0.0504,0.002502,0.623,1,9,99.6,0.712,1,5863,8.0,0.108,0,30,6072,372939.8,1.18,-1,9.98
1786080884081,4834,v1,0.018,0.3249,0.2443,1.6006,0.8838,0.02096,0.0776,0.001642,0.701,1,20,79.5,0.956,1,0,14.711,14.711,1,30,6091,145151.9,100.0,14,7.22
1786080885916,4835,v1,0.0473,0.6714,0.2543,1.9337,0.8561,0.00924,0.1437,0.001266,0.623,0,33,89.44,0.811,1,0,19.354,19.354,0,30,5952,197551.5,87.92,16,4.82
1786080880102,4836,v1,0.0235,0.4413,0.4515,0.8375,0.6072,0.01248,0.0753,0.003742,0.599,1,10,76.91,0.511,1,3785,9.0,3.365,1,30,6252,160568.8,100.0,13,67.29
1786080881856,4837,v1,0.0413,0.2693,0.1894,1.9369,0.6254,0.00365,0.2268,0.002054,0.687,0,31,81.2,0.731,1,0,15.817,15.817,1,30,6796,165926.6,100.0,14,7.87
1786080883536,4838,v1,0.0506,0.6461,0.2567,1.5545,0.7522,0.01958,0.1102,0.00343,0.654,0,31,49.1,0.987,1,0,18.306,18.306,0,30,5726,175221.5,85.52,16,13.27
1786080885039,4839,v1,0.0638,0.9014,0.1657,0.8924,0.3962,0.021,0.0652,0.003148,0.586,1,22,90.7,0.552,1,0,15.259,15.259,0,30,6538,175581.9,84.7,14,11.53
1786080881698,4840,v1,0.0404,0.2699,0.2417,2.2646,0.6126,0.01666,0.1721,0.003106,0.638,1,15,48.22,0.564,1,3953,14.0,4.702,0,30,6230,338648.3,30.02,18,11.64
1786080883635,4841,v1,0.0396,0.4518,0.4654,1.6485,0.313,0.02599,0.1221,0.002856,0.675,0,11,73.8,0.886,1,3509,10.0,6.186,1,30,7588,170327.9,100.0,13,53.14
1786080885193,4842,v1,0.0735,0.2168,0.1638,1.9242,0.6482,0.00375,0.1874,0.002654,0.708,0,32,55.87,0.788,1,0,15.378,15.378,1,30,6603,160244.9,100.0,14,9.8
1786080886566,4843,v1,0.054,0.5137,0.1826,1.467,0.1664,0.01495,0.0817,0.001953,0.625,0,21,82.49,0.74,1,0,12.059,12.059,1,30,6556,130463.2,100.0,8,7.41
1786080882267,4844,v1,0.0105,0.5207,0.3161,1.9117,0.5041,0.01469,0.0833,0.001459,0.684,0,24,28.69,0.985,1,0,0.0,0.0,0,30,5861,353413.5,0.0,-1,5.77
1786080884061,4845,v1,0.0106,0.8865,0.2799,1.5777,0.7644,0.02502,0.0652,0.001822,0.637,0,26,64.7,0.91,1,0,18.679,18.679,0,30,5999,201735.2,83.96,18,7.12
1786080885681,4846,v1,0.0439,0.5016,0.384,2.3443,0.1239,0.02163,0.0721,0.00299,0.673,0,14,89.67,0.895,1,0,13.0,13.0,1,30,6493,150010.2,100.0,13,11.6
1786080887981,4847,v1,0.0371,0.3608,0.1444,2.3623,0.5766,0.02083,0.0691,0.002176,0.677,0,12,75.62,0.816,1,3580,11.0,5.349,0,30,5842,331650.3,30.66,19,8.44
1786080881654,4848,v1,0.0691,0.7139,0.108,1.5426,0.8679,0.03005,0.1958,0.002415,0.592,0,18,56.28,0.537,1,0,7.064,7.064,1,30,6211,63720.9,100.0,4,9.42
1786080882656,4849,v1,0.0574,0.5839,0.3166,2.1882,0.3505,0.02598,0.1059,0.001826,0.592,0,32,68.83,0.566,1,0,10.907,10.907,1,30,5678,86448.4,100.0,5,7.29
1786080884180,4850,v1,0.0216,0.827,0.1451,1.1323,0.7926,0.02231,0.0563,0.002207,0.669,0,36,34.74,0.967,1,0,14.714,14.714,1,30,6489,143792.5,100.0,13,7.51
1786080885942,4851,v1,0.0117,0.3651,0.4295,2.3106,0.3452,0.01784,0.1617,0.003149,0.657,1,4,81.38,0.501,1,3769,3.0,1.157,1,30,6193,162786.1,100.0,14,65.96
1786080883911,4852,v1,0.0161,0.7505,0.3024,1.7239,0.6716,0.01098,0.2091,0.002313,0.677,0,16,73.04,0.578,1,0,15.0,15.0,0,30,6657,395498.9,0.0,-1,8.77
1786080885853,4853,v1,0.0709,0.4246,0.4203,2.1462,0.6742,0.01404,0.2307,0.002287,0.67,0,19,47.39,0.664,1,0,16.606,16.606,0,30,6689,200632.2,90.2,16,9.31
1786080887073,4854,v1,0.0436,0.2521,0.1449,1.8056,0.7509,0.02972,0.1589,0.003472,0.59,0,21,36.42,0.529,1,0,8.872,8.872,1,30,6276,84439.6,100.0,6,12.94
1786080888419,4855,v1,0.027,0.4064,0.4004,2.4445,0.1704,0.02407,0.1541,0.002124,0.711,1,36,48.36,0.662,1,862,15.576,13.048,1,30,5608,140200.3,100.0,14,7.31
1786080885547,4856,v1,0.0598,0.7801,0.1691,2.02,0.6788,0.02754,0.2334,0.003057,0.657,0,6,27.87,0.958,1,3979,5.0,3.115,0,30,6428,315595.6,32.75,16,10.7
1786080887830,4857,v1,0.0471,0.7429,0.4329,0.9118,0.6498,0.01053,0.117,0.00265,0.613,1,12,83.4,0.386,1,2698,11.0,6.095,0,30,6238,259959.2,52.6,16,9.57
1786080889694,4858,v1,0.0644,0.6385,0.185,0.9348,0.7764,0.00495,0.0963,0.003174,0.592,0,27,32.26,0.802,1,0,17.152,17.152,0,30,6359,188501.5,90.83,15,11.67
1786080891019,4859,v1,0.0579,0.7381,0.1426,1.1412,0.7019,0.01642,0.2136,0.003259,0.703,1,20,83.67,0.565,1,0,13.0,13.0,1,30,6162,138616.3,100.0,13,12.16
1786080887557,4860,v1,0.0634,0.6068,0.3953,0.9676,0.2064,0.01155,0.18,0.001539,0.592,0,24,23.05,0.329,1,245,16.196,15.619,0,30,6195,182752.7,100.0,15,5.99
1786080889660,4861,v1,0.0229,0.3077,0.1321,2.3993,0.7226,0.00815,0.206,0.001562,0.589,1,22,61.99,0.784,1,574,11.567,9.608,0,30,5662,267378.3,56.95,18,6.32
1786080891017,4862,v1,0.0241,0.2029,0.3045,1.9925,0.744,0.02468,0.1091,0.003694,0.648,1,22,83.48,0.996,1,0,13.578,13.578,1,30,6197,136719.1,100.0,13,13.43
1786080892477,4863,v1,0.0619,0.9467,0.3632,1.5816,0.184,0.01268,0.0741,0.00295,0.657,1,36,53.58,0.683,1,793,14.72,12.602,1,30,6076,138135.6,100.0,13,11.24
1786080888029,4864,v1,0.0559,0.7802,0.2136,0.9877,0.515,0.01053,0.1203,0.003174,0.716,1,27,67.27,0.332,1,0,13.867,13.867,1,30,6346,145824.3,100.0,13,11.63
1786080890246,4865,v1,0.0409,0.7091,0.3594,1.3306,0.5124,0.01109,0.0778,0.003014,0.651,0,16,65.18,0.413,1,2022,15.0,10.731,0,30,6429,309022.1,62.48,17,11.18
1786080891679,4866,v1,0.0116,0.889,0.4072,0.8101,0.8865,0.02261,0.0535,0.003704,0.602,0,19,47.11,0.645,1,0,11.308,11.308,1,30,5348,102206.4,100.0,9,13.95
1786080893564,4867,v1,0.0789,0.4971,0.1392,1.6722,0.2941,0.00826,0.1585,0.003288,0.628,1,7,45.36,0.92,1,6331,6.0,0.0,1,30,6455,175677.7,100.0,18,18.37
1786080888710,4868,v1,0.0415,0.6422,0.3128,1.1756,0.3447,0.00878,0.1991,0.003724,0.697,0,8,41.27,0.568,1,1818,7.0,5.482,1,30,6129,147005.9,100.0,13,31.18
1786080890151,4869,v1,0.0786,0.3709,0.3177,1.0401,0.7083,0.01495,0.0692,0.0029,0.649,0,26,55.05,0.874,1,0,13.687,13.687,1,30,5869,129954.3,100.0,13,10.9
1786080892087,4870,v1,0.0468,0.6342,0.1221,2.4881,0.3257,0.02381,0.1599,0.002923,0.64,1,35,78.22,0.903,1,0,19.611,19.611,0,30,5766,197433.3,90.96,16,10.77
1786080894804,4871,v1,0.0129,0.4424,0.443,1.7195,0.467,0.01955,0.1992,0.003651,0.651,0,22,93.67,0.392,1,0,0.648,0.648,0,30,6781,396000.5,3.37,-1,14.29
1786080890043,4872,v1,0.028,0.9228,0.1998,2.4809,0.4186,0.00849,0.2157,0.002458,0.637,0,14,59.06,0.495,1,2090,13.0,9.05,0,30,6000,357053.0,4.02,-1,8.83
1786080892382,4873,v1,0.0649,0.9089,0.4146,1.3615,0.8668,0.01957,0.1748,0.00257,0.589,1,6,38.35,0.811,1,5417,5.0,0.129,0,30,5648,329723.2,2.59,-1,10.15
1786080893988,4874,v1,0.0182,0.6463,0.4296,1.4876,0.2725,0.02233,0.167,0.00362,0.64,1,23,41.19,0.983,1,873,13.194,11.169,1,30,6036,137060.5,100.0,13,26.42
1786080895536,4875,v1,0.0729,0.7279,0.3783,1.3317,0.5354,0.01061,0.1318,0.002643,0.59,1,33,68.96,0.694,1,0,9.479,9.479,1,30,6975,81163.1,100.0,4,9.46
1786080890529,4876,v1,0.0614,0.7363,0.3576,1.4227,0.4013,0.01503,0.1909,0.002686,0.678,0,4,73.29,0.783,1,0,3.0,3.0,0,30,6263,258797.1,97.79,17,10.54
1786080892230,4877,v1,0.0303,0.6422,0.2898,1.8482,0.372,0.03185,0.1211,0.002948,0.592,1,35,95.62,0.744,1,0,17.088,17.088,0,30,5954,157271.8,97.38,14,10.97
1786080894431,4878,v1,0.0533,0.8614,0.3938,2.4279,0.3532,0.02522,0.1706,0.001743,0.656,1,27,47.18,0.957,1,1348,13.858,11.564,1,30,8444,182050.3,100.0,13,7.13
1786080896100,4879,v1,0.0689,0.6706,0.4894,1.6396,0.9684,0.01842,0.1052,0.00364,0.72,1,12,52.36,0.554,1,3771,11.0,4.285,1,30,6410,158053.9,100.0,13,17.1
1786080890584,4880,v1,0.0206,0.2581,0.346,1.1384,0.5704,0.00372,0.2268,0.001972,0.631,0,30,96.32,0.449,1,0,15.388,15.388,1,30,6131,150602.9,100.0,14,7.58
1786080892469,4881,v1,0.0739,0.7118,0.2458,1.8898,0.1716,0.01064,0.2194,0.003096,0.654,0,12,82.76,0.967,1,0,11.0,11.0,0,30,6063,269125.3,90.5,16,11.64
1786080894284,4882,v1,0.0154,0.6048,0.3252,0.8705,0.3163,0.02931,0.054,0.003453,0.617,0,19,31.06,0.603,1,325,15.065,14.289,0,30,5753,169823.0,92.43,14,13.19
1786080895854,4883,v1,0.0356,0.874,0.4955,0.8114,0.8699,0.01095,0.06,0.001355,0.627,1,23,29.93,0.477,1,676,17.162,15.133,0,30,5839,198330.6,88.03,16,5.34
1786080893609,4884,v1,0.0379,0.3564,0.2185,1.4355,0.753,0.01654,0.1958,0.001877,0.699,1,35,65.21,0.949,1,0,15.409,15.409,1,30,6394,154303.3,100.0,14,7.24
1786080895423,4885,v1,0.0573,0.4171,0.4047,1.5935,0.1137,0.01378,0.0586,0.002678,0.718,1,31,99.08,0.374,1,0,22.583,22.583,0,30,5881,269039.5,84.09,18,10.97
1786080896701,4886,v1,0.0297,0.3655,0.1002,0.8168,0.3485,0.015,0.2118,0.002308,0.676,0,11,82.53,0.596,1,2164,10.0,7.345,1,30,6649,167389.9,100.0,14,32.34
1786080898185,4887,v1,0.0706,0.4086,0.3691,1.7216,0.3637,0.01227,0.1034,0.003675,0.719,0,32,40.28,0.509,1,0,15.009,15.009,1,30,6243,145681.7,100.0,13,13.58
1786080895206,4888,v1,0.0304,0.9797,0.4519,1.5646,0.8537,0.01148,0.0882,0.003333,0.655,1,24,50.51,0.426,1,528,18.904,17.046,0,30,5830,202565.5,90.97,18,12.85
1786080896469,4889,v1,0.0178,0.9943,0.1212,2.048,0.9384,0.02947,0.1069,0.002161,0.715,0,17,42.53,0.96,1,0,13.0,13.0,1,30,6077,139502.0,100.0,13,8.34
1786080897741,4890,v1,0.0665,0.9621,0.2288,2.1379,0.8227,0.03104,0.1547,0.002548,0.608,1,33,22.93,0.845,1,859,17.371,14.554,0,30,5736,172788.5,92.57,14,10.09
1786080898774,4891,v1,0.0734,0.6894,0.3803,2.4643,0.2549,0.00942,0.1203,0.001847,0.708,1,15,24.03,0.419,1,0,13.0,13.0,1,30,6196,137953.1,100.0,13,7.17
1786080895807,4892,v1,0.0548,0.8925,0.3572,2.4942,0.2076,0.03175,0.1091,0.003199,0.621,0,30,48.47,0.435,1,0,16.841,16.841,0,30,5670,151008.5,91.28,14,12.12
1786080896702,4893,v1,0.0674,0.9692,0.3393,1.0878,0.2269,0.01055,0.2288,0.003687,0.692,1,15,76.82,0.629,1,0,13.0,13.0,1,30,6165,138602.7,100.0,13,13.79
1786080898334,4894,v1,0.0312,0.5083,0.1415,2.0862,0.9725,0.02006,0.0791,0.001293,0.657,1,30,58.32,0.483,1,0,14.368,14.368,1,30,6300,136063.4,100.0,13,4.81
1786080899143,4895,v1,0.0303,0.2333,0.4976,1.8694,0.7771,0.02437,0.1399,0.002226,0.595,0,22,23.06,0.708,1,647,11.693,10.71,1,30,6649,130529.1,100.0,10,17.61
1786080896541,4896,v1,0.0608,0.294,0.1373,1.0289,0.619,0.0037,0.1363,0.002531,0.632,1,17,39.09,0.963,1,0,13.0,13.0,1,30,5910,132167.8,100.0,13,9.44
1786080898106,4897,v1,0.0196,0.6735,0.3451,1.4873,0.1563,0.01085,0.1016,0.003236,0.712,1,36,57.64,0.747,1,890,15.368,12.892,1,30,6109,137652.8,100.0,13,11.93
1786080898979,4898,v1,0.0189,0.818,0.1964,1.5022,0.7279,0.02857,0.089,0.001825,0.667,0,7,73.41,0.731,1,2334,6.0,4.442,1,30,6050,143524.5,100.0,13,43.32
1786080899588,4899,v1,0.0309,0.3749,0.1784,2.3291,0.9484,0.02619,0.0844,0.002849,0.646,0,29,51.92,0.662,1,0,14.203,14.203,1,30,5939,135989.1,100.0,13,10.36
1786080905436,4900,v1,0.0214,0.9011,0.3044,2.1204,0.2617,0.02106,0.0835,0.001386,0.637,1,25,99.05,0.397,1,0,13.535,13.535,1,30,6762,149953.8,100.0,13,5.25
1786080906965,4901,v1,0.0241,0.9579,0.2015,1.7361,0.6691,0.01038,0.0628,0.003395,0.591,1,28,27.65,0.577,1,776,14.003,12.081,1,30,6131,136766.0,100.0,13,17.63
1786080908644,4902,v1,0.0325,0.3406,0.2385,0.8249,0.3733,0.01592,0.2494,0.003534,0.653,1,17,39.39,0.484,1,0,13.0,13.0,1,30,6943,158353.4,100.0,13,13.18
1786080910083,4903,v1,0.0778,0.7328,0.2886,2.0546,0.2399,0.02293,0.1751,0.002208,0.617,0,19,43.11,0.493,1,0,15.366,15.366,0,30,6281,171214.1,100.0,15,9.27
1786080906200,4904,v1,0.0532,0.9635,0.2265,1.5538,0.2017,0.01441,0.2377,0.00266,0.713,1,36,78.48,0.792,1,0,14.724,14.724,1,30,6671,155490.9,100.0,13,10.34
1786080907315,4905,v1,0.0711,0.8051,0.2817,1.4749,0.3833,0.00825,0.1894,0.002831,0.601,0,22,80.59,0.398,1,0,10.878,10.878,1,30,6134,109892.2,100.0,7,11.33
1786080908780,4906,v1,0.0692,0.2537,0.1283,0.8454,0.335,0.02501,0.0874,0.001673,0.671,0,25,79.71,0.511,1,0,13.522,13.522,1,30,5302,121114.0,100.0,13,6.77
1786080909903,4907,v1,0.0152,0.3685,0.2821,0.856,0.5272,0.00427,0.1259,0.002143,0.596,0,27,87.57,0.313,1,0,13.857,13.857,1,30,5969,134573.5,100.0,13,8.33
1786080906680,4908,v1,0.0543,0.22,0.4319,0.8842,0.2914,0.02429,0.091,0.001389,0.657,0,29,72.07,0.972,1,0,13.668,13.668,1,30,6107,128076.4,100.0,13,5.37
1786080908361,4909,v1,0.0786,0.6781,0.3384,1.662,0.9777,0.0298,0.1692,0.002112,0.588,0,31,91.5,0.487,1,0,15.196,15.196,0,30,7375,165656.9,90.34,11,8.6
1786080909744,4910,v1,0.0503,0.6161,0.2611,1.405,0.6498,0.02552,0.1902,0.002162,0.653,0,14,82.71,0.433,1,0,13.0,13.0,0,30,5824,169864.7,96.27,15,7.95
1786080911837,4911,v1,0.0558,0.6825,0.3086,1.0192,0.4862,0.00897,0.0907,0.00256,0.63,0,21,37.16,0.634,1,0,16.691,16.691,0,30,6926,206179.6,84.26,16,10.24
1786080908611,4912,v1,0.0319,0.2338,0.3399,2.1739,0.736,0.00919,0.2389,0.003294,0.653,1,6,52.57,0.954,1,6579,5.0,0.0,0,30,6688,384946.4,0.0,-1,12.57
1786080909860,4913,v1,0.011,0.9365,0.2767,0.8721,0.7349,0.01244,0.0544,0.003143,0.608,1,18,43.75,0.589,1,0,13.0,13.0,1,30,5971,128813.4,100.0,13,11.41
1786080911403,4914,v1,0.0765,0.7454,0.4757,0.8992,0.9467,0.01662,0.2332,0.002039,0.66,0,28,75.14,0.428,1,0,16.951,16.951,0,30,5810,163955.3,89.34,15,8.59
1786080913055,4915,v1,0.0501,0.5584,0.4571,1.0275,0.9032,0.03095,0.0948,0.002454,0.642,0,30,66.22,0.595,1,0,16.668,16.668,0,30,6006,158103.5,86.12,14,9.14
1786080907751,4916,v1,0.066,0.4708,0.1555,1.9797,0.1055,0.01453,0.0776,0.002623,0.661,1,12,73.98,0.635,1,4537,10.929,2.101,1,30,5808,141140.1,100.0,19,24.66
1786080909404,4917,v1,0.0138,0.5793,0.3813,1.8796,0.9156,0.0108,0.2444,0.0033,0.619,1,7,42.42,0.834,1,6030,6.0,0.0,1,30,6152,175881.8,0.0,-1,100.0
1786080911054,4918,v1,0.0314,0.8935,0.2275,0.8821,0.3394,0.02224,0.2004,0.002114,0.665,1,18,55.21,0.483,1,0,12.955,12.955,1,30,6038,134049.8,100.0,13,8.05
1786080912655,4919,v1,0.0135,0.9494,0.4733,1.0237,0.6482,0.01309,0.0518,0.002396,0.672,1,6,27.36,0.484,1,3547,5.0,1.968,1,30,5927,150895.6,100.0,13,63.98
1786080908976,4920,v1,0.071,0.6739,0.4862,1.3714,0.6399,0.01998,0.2485,0.003561,0.6,0,9,42.72,0.811,1,3217,8.0,4.409,0,30,5523,249490.8,39.08,14,13.24
1786080911405,4921,v1,0.0276,0.403,0.1639,2.3399,0.3133,0.0205,0.0874,0.002171,0.605,1,4,66.47,0.699,1,5683,3.0,0.376,0,30,6539,379445.0,10.75,-1,8.3
1786080914724,4922,v1,0.0325,0.3783,0.2947,2.4655,0.4836,0.00477,0.118,0.002004,0.626,1,17,32.37,0.733,1,6293,16.0,1.386,0,30,7134,448780.2,3.51,-1,7.74
1786080916575,4923,v1,0.0451,0.9863,0.3663,0.8758,0.4548,0.01081,0.1087,0.003341,0.588,0,19,23.69,0.83,1,571,15.445,14.16,0,30,6284,193312.9,89.88,15,12.7
1786080909223,4924,v1,0.0102,0.221,0.3714,1.887,0.6455,0.01872,0.1362,0.001769,0.669,0,22,67.14,0.544,1,0,15.818,15.818,1,30,6458,166949.3,100.0,16,6.89
1786080910944,4925,v1,0.0582,0.9151,0.3695,2.4736,0.9647,0.00744,0.0807,0.001599,0.691,0,22,28.34,0.52,1,0,13.0,13.0,1,30,6763,151210.4,100.0,13,6.21
1786080912729,4926,v1,0.0603,0.7744,0.1134,2.327,0.5685,0.02519,0.2374,0.003513,0.62,1,29,40.87,0.357,1,521,13.734,12.616,1,30,6968,149547.5,100.0,13,12.72
1786080914985,4927,v1,0.0215,0.2987,0.2111,0.9665,0.2445,0.00467,0.1792,0.00311,0.664,1,20,20.64,0.353,1,2143,19.0,10.991,0,30,5423,322862.7,0.0,-1,12.21
1786080912216,4928,v1,0.0578,0.2318,0.1477,1.3906,0.7721,0.00675,0.1904,0.001233,0.665,1,22,21.89,0.561,1,913,13.73,11.802,1,30,6705,160111.3,100.0,13,5.1
1786080913868,4929,v1,0.0594,0.3824,0.1323,1.8152,0.7641,0.01126,0.0824,0.001528,0.704,1,21,97.67,0.534,1,0,13.965,13.965,1,30,6480,151773.8,100.0,14,6.48
1786080915391,4930,v1,0.0211,0.4908,0.1833,2.4804,0.9985,0.01459,0.2429,0.001957,0.692,1,26,53.42,0.528,1,719,15.525,13.504,1,30,5739,134940.9,100.0,15,18.57
1786080917319,4931,v1,0.027,0.9047,0.4154,1.9618,0.6727,0.03104,0.0795,0.001927,0.713,0,27,49.96,0.865,1,0,19.272,19.272,0,30,6025,208190.9,88.24,17,7.65
1786080912962,4932,v1,0.0418,0.8202,0.1331,1.2624,0.5075,0.00697,0.1137,0.001497,0.647,1,34,97.68,0.59,1,0,14.379,14.379,1,30,5915,137456.3,100.0,13,5.82
1786080914658,4933,v1,0.0746,0.4162,0.4813,2.0902,0.684,0.01451,0.2372,0.00283,0.67,0,23,50.15,0.535,1,0,16.904,16.904,0,30,6019,182248.0,96.06,16,10.02
1786080916728,4934,v1,0.0791,0.7948,0.473,1.1714,0.2263,0.0245,0.064,0.00217,0.589,1,24,55.71,0.957,1,1100,15.0,12.554,0,30,7010,211721.8,92.03,13,8.73
1786080918358,4935,v1,0.0388,0.3969,0.1176,0.9848,0.8364,0.018,0.0866,0.002536,0.643,0,36,98.9,0.545,1,0,14.728,14.728,1,30,6506,146917.9,100.0,13,9.53
1786080914283,4936,v1,0.0215,0.9085,0.3662,0.8791,0.2101,0.02291,0.1426,0.001239,0.66,0,28,87.71,0.982,1,0,18.882,18.882,0,30,5910,199307.8,87.36,17,4.81
1786080915837,4937,v1,0.0629,0.887,0.357,1.1792,0.2287,0.00539,0.1069,0.002152,0.666,0,4,99.36,0.782,1,0,3.0,3.0,1,30,6491,148900.7,100.0,13,7.67
1786080919057,4938,v1,0.0141,0.651,0.129,2.3043,0.4965,0.02859,0.2414,0.001875,0.656,0,26,75.06,0.886,1,0,4.199,4.199,0,30,7049,379214.7,21.11,19,6.84
1786080921476,4939,v1,0.0651,0.3064,0.2619,1.3009,0.7816,0.03036,0.2218,0.00265,0.687,1,5,73.86,0.834,1,5745,4.0,0.222,0,30,6149,361629.2,5.12,-1,9.79
1786080914835,4940,v1,0.0204,0.8135,0.404,1.7983,0.4349,0.02065,0.1659,0.001755,0.63,1,18,43.21,0.399,1,0,13.0,13.0,1,30,6450,139928.3,100.0,13,6.85
1786080916276,4941,v1,0.024,0.9115,0.4067,1.0907,0.7523,0.02953,0.1147,0.002122,0.691,1,34,46.57,0.53,1,631,14.374,12.64,1,30,5579,132266.6,100.0,13,7.85
1786080918396,4942,v1,0.0658,0.3896,0.1982,1.5757,0.6469,0.01965,0.1995,0.003599,0.588,0,6,20.57,0.611,1,1878,5.0,4.08,0,30,6224,225446.4,66.15,15,12.6
1786080919709,4943,v1,0.0152,0.6184,0.4818,0.828,0.1104,0.03019,0.107,0.00287,0.673,0,4,76.22,0.897,1,0,3.0,3.0,1,30,6166,140029.5,100.0,13,11.77
1786080915628,4944,v1,0.0485,0.3398,0.3183,2.3264,0.1009,0.01232,0.0718,0.001711,0.655,1,5,88.32,0.732,1,5089,4.0,0.425,1,30,5727,160782.3,100.0,25,90.08
1786080917385,4945,v1,0.0536,0.8974,0.4653,1.3116,0.4274,0.00408,0.1415,0.002945,0.677,1,35,94.7,0.426,1,0,14.55,14.55,1,30,6145,135783.5,100.0,13,11.9
1786080919234,4946,v1,0.0506,0.6488,0.1662,1.9471,0.8071,0.01537,0.1145,0.001977,0.583,0,22,44.09,0.592,1,0,16.471,16.471,0,30,5878,171599.9,94.75,15,7.86
1786080921075,4947,v1,0.0368,0.5241,0.197,2.3302,0.1852,0.02698,0.2285,0.002766,0.674,0,11,30.56,0.954,1,3374,10.0,5.809,1,30,6627,170116.4,100.0,13,57.54
1786080917480,4948,v1,0.038,0.2701,0.4396,2.202,0.5988,0.01008,0.1138,0.002849,0.647,0,20,42.16,0.302,1,11,18.537,18.502,0,30,5681,205510.2,89.15,18,10.83
1786080919240,4949,v1,0.0285,0.9591,0.1469,2.3792,0.6328,0.02551,0.2304,0.003766,0.634,1,31,50.3,0.63,1,0,14.383,14.383,1,30,6333,144609.3,100.0,13,13.31
1786080920977,4950,v1,0.0533,0.2671,0.3154,0.9177,0.172,0.0069,0.1536,0.002928,0.689,1,25,68.26,0.726,1,0,14.415,14.415,1,30,6768,151595.1,100.0,14,11.29
1786080922457,4951,v1,0.0421,0.2828,0.2328,1.4512,0.1897,0.0076,0.1029,0.002874,0.661,1,12,68.28,0.507,1,3520,11.0,4.552,1,30,6214,162363.3,100.0,14,63.07
1786080918953,4952,v1,0.0255,0.793,0.4093,1.1037,0.3758,0.02961,0.1162,0.002701,0.616,0,19,76.9,0.778,1,0,10.612,10.612,1,30,5794,99766.9,100.0,7,9.75
1786080920045,4953,v1,0.046,0.997,0.356,2.0445,0.6481,0.02515,0.2415,0.003669,0.687,0,19,54.22,0.66,1,0,13.0,13.0,1,30,5677,133877.7,100.0,13,13.39
1786080921648,4954,v1,0.0683,0.4559,0.272,1.0024,0.9595,0.02931,0.1255,0.002649,0.704,1,33,43.51,0.905,1,0,14.325,14.325,1,30,6385,137074.7,100.0,13,10.31
1786080923210,4955,v1,0.0525,0.5359,0.2939,2.3596,0.3959,0.0278,0.181,0.002396,0.658,1,36,57.0,0.915,1,0,13.752,13.752,1,30,6232,125717.3,100.0,10,9.37
1786080920907,4956,v1,0.0348,0.6564,0.4447,0.9587,0.769,0.01979,0.1845,0.002603,0.694,1,7,37.06,0.568,1,4610,6.0,1.946,0,30,6926,355854.5,29.28,18,10.19
1786080922526,4957,v1,0.0785,0.4101,0.3611,1.4985,0.4112,0.03067,0.0986,0.002819,0.699,1,36,41.87,0.614,1,829,18.661,16.126,0,30,6649,205616.8,90.69,15,10.45
1786080924226,4958,v1,0.0228,0.7917,0.1807,1.2304,0.7687,0.01832,0.1176,0.003645,0.584,1,26,53.7,0.394,1,442,16.879,15.655,0,30,6603,199567.2,88.42,15,12.8
1786080926132,4959,v1,0.0439,0.319,0.1585,1.3659,0.5602,0.0153,0.2287,0.003443,0.644,0,6,99.94,0.304,1,0,5.0,5.0,0,30,7062,219666.6,86.05,16,12.16
1786080920300,4960,v1,0.0478,0.3542,0.1138,1.1874,0.4458,0.01358,0.2292,0.001837,0.617,1,12,74.9,0.759,1,2207,9.699,5.109,1,30,5380,112089.8,100.0,8,7.1
1786080922481,4961,v1,0.0144,0.4584,0.1993,2.2802,0.3315,0.0289,0.1235,0.003515,0.661,1,23,69.51,0.733,1,0,10.388,10.388,0,30,6433,276784.4,47.03,18,12.34
1786080925252,4962,v1,0.0599,0.6956,0.13,1.8891,0.3587,0.00498,0.1471,0.003218,0.687,1,7,81.0,0.413,1,3595,6.0,2.643,0,30,6561,349187.4,39.0,19,12.1
1786080927065,4963,v1,0.0223,0.9101,0.4387,1.9466,0.4106,0.03169,0.152,0.001479,0.676,1,29,64.29,0.71,1,0,19.051,19.051,0,30,6323,201693.0,84.89,17,6.23
1786080921780,4964,v1,0.0453,0.5057,0.166,1.594,0.62,0.02756,0.2403,0.003331,0.615,1,26,48.73,0.703,1,938,13.535,11.349,1,30,6252,139875.7,100.0,13,12.6
1786080923584,4965,v1,0.0554,0.5093,0.3924,1.828,0.1495,0.0275,0.0656,0.00263,0.626,0,6,88.12,0.923,1,0,5.0,5.0,0,30,6251,180524.1,99.85,15,9.74
1786080925323,4966,v1,0.0203,0.4291,0.1187,2.4126,0.3165,0.00344,0.0579,0.001773,0.66,1,29,56.09,0.722,1,0,16.119,16.119,1,30,6356,157338.4,100.0,15,7.44
1786080927726,4967,v1,0.0219,0.6417,0.4535,0.8261,0.6375,0.00909,0.0681,0.002835,0.692,0,23,99.17,0.924,1,0,0.0,0.0,0,30,5951,352261.4,0.0,-1,10.18
1786080923370,4968,v1,0.0489,0.6596,0.2739,1.3718,0.2886,0.0134,0.1891,0.002761,0.583,1,36,97.74,0.776,1,0,18.203,18.203,0,30,6331,178697.7,98.98,15,10.3
1786080925085,4969,v1,0.02,0.2012,0.416,1.7126,0.7183,0.01119,0.213,0.003466,0.694,1,24,62.05,0.742,1,986,16.136,13.352,1,30,6133,158282.4,100.0,15,27.52
1786080926448,4970,v1,0.054,0.4222,0.3045,1.3112,0.3025,0.01856,0.1385,0.001326,0.675,1,28,82.64,0.355,1,0,13.785,13.785,1,30,6254,126071.4,100.0,13,5.12
1786080928253,4971,v1,0.0541,0.7252,0.4256,1.1571,0.8107,0.01135,0.2251,0.00201,0.64,0,29,82.9,0.962,1,0,14.076,14.076,1,30,7474,164588.0,100.0,13,8.03
1786080924184,4972,v1,0.07,0.3201,0.4336,2.1382,0.503,0.01806,0.224,0.001273,0.59,0,9,45.44,0.612,1,1928,8.0,6.104,0,30,6159,236515.9,65.62,15,4.87
1786080925777,4973,v1,0.0188,0.3857,0.2602,2.0152,0.4124,0.0149,0.074,0.002944,0.6,0,30,52.79,0.665,1,0,19.646,19.646,0,30,5975,199039.6,86.72,17,11.63
1786080927758,4974,v1,0.0415,0.9135,0.1494,0.9246,0.8267,0.00942,0.2107,0.001982,0.632,1,32,50.4,0.913,1,923,19.401,16.262,0,30,6023,208535.3,84.43,17,7.6
1786080930352,4975,v1,0.0294,0.2345,0.144,1.0981,0.5265,0.02361,0.0896,0.002306,0.714,1,18,21.93,0.494,1,3274,17.0,7.627,0,30,6175,346194.7,22.7,19,8.32
1786080925555,4976,v1,0.0126,0.5325,0.1446,1.0333,0.1089,0.01257,0.1926,0.00364,0.686,0,31,80.9,0.624,1,0,0.0,0.0,0,30,6604,377125.2,0.0,-1,13.78
1786080927640,4977,v1,0.0343,0.9802,0.3056,2.022,0.3495,0.01347,0.0907,0.002942,0.65,0,23,83.19,0.944,1,0,18.598,18.598,0,30,6128,263895.8,88.96,18,10.79
1786080929712,4978,v1,0.0248,0.8438,0.2923,2.2318,0.877,0.01637,0.1062,0.002904,0.637,0,34,36.01,0.758,1,0,11.907,11.907,0,30,5762,263665.0,52.84,19,10.31
1786080931419,4979,v1,0.0283,0.7131,0.3515,1.5957,0.4721,0.02635,0.2092,0.001645,0.587,1,24,63.26,0.809,1,894,15.363,12.988,0,30,5939,181379.8,92.95,14,6.03
1786080925907,4980,v1,0.0449,0.2644,0.4496,2.2932,0.6798,0.01677,0.1965,0.002278,0.621,1,6,84.33,0.676,1,4473,5.0,0.879,0,30,5492,306665.1,16.72,-1,8.9
1786080928827,4981,v1,0.0174,0.2284,0.2765,2.2461,0.5092,0.01544,0.2181,0.002256,0.682,0,4,55.56,0.334,1,988,3.0,2.831,0,30,5891,348404.0,0.0,-1,9.56
1786080930351,4982,v1,0.0594,0.251,0.1699,1.6815,0.3009,0.02055,0.1118,0.002506,0.703,0,16,65.74,0.741,1,0,13.788,13.788,1,30,6394,153867.9,100.0,13,9.87
1786080931747,4983,v1,0.0566,0.7556,0.4437,1.7643,0.8577,0.02565,0.2446,0.002998,0.684,1,21,39.63,0.94,1,0,10.478,10.478,1,30,6542,112097.5,100.0,8,10.91
1786080929740,4984,v1,0.023,0.9071,0.4698,2.267,0.6535,0.02977,0.1245,0.001687,0.674,1,12,94.16,0.632,1,5181,11.0,2.358,0,30,6711,360453.5,17.9,-1,6.59
1786080931446,4985,v1,0.0279,0.7852,0.2741,1.1176,0.8348,0.01747,0.1567,0.002718,0.626,1,29,59.53,0.824,1,0,13.197,13.197,1,30,6676,135113.4,100.0,10,10.32
1786080933299,4986,v1,0.0169,0.3374,0.384,2.233,0.7076,0.00586,0.1343,0.00353,0.682,0,6,75.51,0.461,1,0,5.0,5.0,0,30,5733,341063.3,0.0,-1,13.55
1786080934203,4987,v1,0.0217,0.4429,0.4211,1.4321,0.5412,0.02033,0.244,0.002047,0.617,0,31,22.94,0.589,1,0,14.347,14.347,1,30,5429,120005.0,100.0,13,7.87
1786080929595,4988,v1,0.0578,0.3101,0.4779,2.0018,0.4171,0.02536,0.0657,0.003767,0.619,1,30,23.37,0.496,1,504,17.121,15.499,0,30,5953,170306.8,98.57,15,14.92
1786080930829,4989,v1,0.0375,0.7801,0.1111,2.3595,0.9473,0.02678,0.0859,0.002599,0.663,0,7,81.88,0.617,1,0,6.0,6.0,1,30,5621,118030.1,100.0,13,9.57
1786080932726,4990,v1,0.0234,0.6945,0.4841,1.503,0.9225,0.01077,0.2353,0.002452,0.639,1,23,89.38,0.795,1,0,17.289,17.289,0,30,7384,252019.6,83.61,18,9.02
1786080934799,4991,v1,0.0342,0.4523,0.3832,0.8656,0.8209,0.02189,0.122,0.003518,0.64,1,14,43.08,0.689,1,6359,13.0,0.0,0,30,6660,380372.4,0.0,-1,12.87
1786080929971,4992,v1,0.0517,0.9886,0.4567,1.3283,0.1346,0.01512,0.2278,0.003572,0.666,0,33,72.69,0.354,1,0,14.357,14.357,1,30,6434,144823.0,100.0,13,13.32
1786080931648,4993,v1,0.0474,0.8683,0.3857,1.3778,0.1778,0.03021,0.2276,0.00308,0.582,0,35,59.23,0.747,1,0,14.761,14.761,0,30,6267,131699.6,85.05,11,11.25
1786080933056,4994,v1,0.0772,0.3418,0.4459,0.8102,0.7547,0.01042,0.0841,0.003469,0.629,1,17,70.01,0.798,1,0,15.06,15.06,0,30,6532,188707.2,93.99,15,12.86
1786080934269,4995,v1,0.077,0.4494,0.3979,2.4103,0.376,0.00484,0.063,0.00214,0.61,0,28,57.24,0.447,1,0,17.868,17.868,0,30,5513,203004.6,98.12,16,7.91
1786080931585,4996,v1,0.0607,0.222,0.274,1.5866,0.4953,0.02251,0.0662,0.002485,0.615,1,14,64.53,0.858,1,6009,13.0,0.0,0,30,6208,371754.6,0.0,-1,9.34
1786080933414,4997,v1,0.0445,0.8999,0.4225,1.0109,0.5752,0.01988,0.1762,0.003002,0.714,1,17,29.74,0.481,1,3970,16.0,4.7,0,30,5907,326356.2,24.83,18,11.12
1786080934483,4998,v1,0.0671,0.7624,0.1757,1.5142,0.5799,0.0109,0.1278,0.002903,0.586,0,35,50.81,0.641,1,0,10.769,10.769,1,30,6300,91455.1,100.0,5,11.14
1786080935324,4999,v1,0.0196,0.2428,0.4259,1.0729,0.5169,0.02759,0.1959,0.001611,0.67,0,17,93.2,0.833,1,0,13.048,13.048,1,30,6541,148127.3,100.0,13,6.25
