timestamp,universe_id,model_version,w1_energy,w2_drought,w3_rebellion,w4_policy,w5_social,despair_rate,rebellion_sentence_weight,natural_death_rate_quarterly,threshold,intervention_type,intervention_quarter,intervention_threshold,intervention_coverage,intervention_applied,n_promoted,mean_despair_pre,mean_despair_post,drought_enabled,n_voyages_sampled,n_agents,total_gdp,peak_mutiny,collapse_quarter,final_mortality
1786080947251,0,v1,0.0244,0.4016,0.1583,1.3445,0.2247,0.02758,0.185,0.001818,0.648,0,35,54.01,0.839,1,0,14.563,14.563,1,50,11159,257872.7,100.0,13,6.99
1786080951746,1,v1,0.031,0.5492,0.3744,2.3111,0.1022,0.02022,0.1613,0.001329,0.695,1,5,51.65,0.976,1,10861,4.0,0.0,0,50,10916,634152.9,0.0,-1,5.45
1786080954691,2,v1,0.0573,0.2538,0.4747,2.3145,0.9613,0.01924,0.2217,0.003128,0.653,0,5,93.65,0.49,1,0,4.0,4.0,0,50,11328,332043.4,85.29,16,11.85
1786080956693,3,v1,0.0673,0.8448,0.3046,2.4431,0.5047,0.03115,0.2064,0.001256,0.616,0,27,63.35,0.328,1,0,10.436,10.436,1,50,9323,141576.7,100.0,5,4.68
1786080947862,4,v1,0.0355,0.9083,0.3054,1.2489,0.9824,0.02215,0.145,0.002335,0.686,0,10,50.91,0.678,1,4432,9.0,5.811,1,50,9928,255283.3,100.0,13,25.09
1786080950524,5,v1,0.0365,0.5012,0.4167,1.8092,0.2166,0.02016,0.1941,0.003757,0.638,0,15,88.42,0.391,1,0,14.0,14.0,0,50,9719,326106.2,89.4,16,13.31
1786080953097,6,v1,0.069,0.3305,0.2517,1.1612,0.2569,0.03072,0.1498,0.003734,0.691,1,6,92.31,0.53,1,7617,5.0,1.323,1,50,10514,282580.3,100.0,13,17.37
1786080955362,7,v1,0.0515,0.5129,0.2487,2.1709,0.7053,0.0253,0.054,0.001244,0.626,0,24,27.39,0.485,1,462,11.557,11.114,1,50,10029,191129.0,100.0,8,5.13
1786080948466,8,v1,0.0184,0.3979,0.3872,2.4333,0.737,0.02428,0.1796,0.002837,0.653,1,36,37.59,0.816,1,1544,14.816,12.303,1,50,9956,228062.3,100.0,13,10.76
1786080950687,9,v1,0.05,0.3705,0.2293,0.8228,0.7523,0.03014,0.0526,0.003657,0.581,1,28,86.39,0.923,1,0,13.308,13.308,0,50,10445,208051.0,85.55,10,13.67
1786080952956,10,v1,0.0554,0.3162,0.3899,2.0532,0.375,0.03012,0.1083,0.001547,0.618,0,5,37.78,0.754,1,4200,4.0,3.14,1,50,9834,215299.9,100.0,13,46.67
1786080955656,11,v1,0.0201,0.9731,0.4028,1.6983,0.8971,0.00759,0.1129,0.003329,0.59,1,10,33.91,0.443,1,5060,9.0,4.522,1,50,10478,266071.2,100.0,13,55.81
1786080948811,12,v1,0.0494,0.6075,0.4158,1.8972,0.3363,0.02504,0.2477,0.001816,0.693,0,27,57.26,0.38,1,0,13.855,13.855,1,50,10755,250943.1,100.0,13,7.07
1786080951211,13,v1,0.0753,0.5049,0.1124,1.4364,0.9791,0.02592,0.2473,0.003678,0.587,0,19,73.5,0.715,1,0,14.686,14.686,0,50,10006,261989.6,84.24,14,13.52
1786080954457,14,v1,0.0404,0.6808,0.3759,1.3207,0.1263,0.02516,0.2234,0.002027,0.697,0,9,97.75,0.918,1,0,8.0,8.0,0,50,10027,451058.1,86.75,17,7.89
1786080957214,15,v1,0.0236,0.9782,0.1714,1.5092,0.6496,0.0213,0.1317,0.003077,0.633,1,34,33.33,0.666,1,1230,19.809,17.252,0,50,10454,349771.2,83.83,16,11.52
1786080950338,16,v1,0.0644,0.3646,0.2836,1.2985,0.7464,0.02079,0.0937,0.002119,0.675,0,7,88.25,0.717,1,0,6.0,6.0,0,50,11628,332096.2,88.73,16,8.72
1786080952916,17,v1,0.0285,0.6246,0.3618,1.3219,0.9196,0.0052,0.1015,0.003544,0.625,0,25,59.38,0.965,1,0,19.01,19.01,0,50,9963,351966.9,93.39,19,13.14
1786080957191,18,v1,0.0266,0.3216,0.4127,1.0968,0.7747,0.01895,0.0585,0.002484,0.716,1,10,53.19,0.619,1,9138,9.0,1.172,0,50,10711,609004.4,4.58,-1,9.62
1786080960334,19,v1,0.0519,0.9012,0.2751,1.9226,0.8545,0.0155,0.2306,0.002005,0.7,1,32,79.15,0.623,1,0,20.265,20.265,0,50,10055,349191.2,86.09,18,7.73
1786080950695,20,v1,0.0384,0.7491,0.3121,1.7319,0.1092,0.01106,0.1433,0.002273,0.623,1,32,85.23,0.855,1,0,21.576,21.576,0,50,10312,450843.9,83.56,17,8.61
1786080952624,21,v1,0.0714,0.7037,0.3787,0.9322,0.798,0.01967,0.0922,0.002757,0.589,0,27,60.98,0.605,1,0,6.129,6.129,1,50,10946,70286.5,100.0,4,10.51
1786080956165,22,v1,0.0399,0.6857,0.4353,1.1577,0.7146,0.00818,0.2437,0.003172,0.694,0,10,82.47,0.459,1,0,9.0,9.0,0,50,10027,514205.0,57.08,19,11.29
1786080960575,23,v1,0.0618,0.2249,0.3206,0.987,0.5418,0.03185,0.1012,0.003443,0.719,1,9,86.77,0.511,1,7853,8.0,1.906,0,50,10611,575219.1,21.17,17,12.97
1786080951663,24,v1,0.0545,0.5961,0.1972,1.1351,0.8659,0.00474,0.1297,0.00166,0.708,1,14,65.96,0.336,1,3789,13.0,7.873,0,50,9825,543893.2,38.3,19,6.46
1786080954520,25,v1,0.0146,0.219,0.2105,0.8123,0.6051,0.02633,0.1049,0.001801,0.595,0,28,60.05,0.319,1,0,16.33,16.33,0,50,10518,285857.2,87.41,14,6.27
1786080958857,26,v1,0.0527,0.3808,0.3881,2.0069,0.648,0.03106,0.0682,0.003148,0.626,1,6,53.47,0.659,1,9281,5.0,0.65,0,50,10847,599005.7,12.74,-1,12.27
1786080961437,27,v1,0.0106,0.8622,0.4348,2.1704,0.1319,0.02352,0.2211,0.002345,0.616,0,4,73.89,0.767,1,5357,3.0,2.487,1,50,10489,258033.2,100.0,13,55.79
1786080958933,28,v1,0.0509,0.4009,0.2946,0.9679,0.9821,0.02176,0.0982,0.002304,0.668,1,33,51.39,0.852,1,1610,18.644,15.583,0,50,10489,336218.8,88.07,16,8.65
1786080961071,29,v1,0.049,0.7795,0.4616,1.1759,0.5765,0.02836,0.2377,0.002789,0.602,1,27,67.01,0.324,1,0,8.633,8.633,1,50,11100,127868.1,100.0,3,10.07
1786080965802,30,v1,0.0511,0.6522,0.2356,2.0823,0.9015,0.01071,0.1052,0.002705,0.702,1,6,65.02,0.393,1,5357,5.0,2.469,0,50,10716,586787.4,30.83,19,10.32
1786080969626,31,v1,0.0693,0.9843,0.1573,2.0534,0.184,0.02825,0.0867,0.002796,0.717,0,9,56.25,0.504,1,3488,8.0,5.991,0,50,10671,487919.3,56.38,16,10.6
1786080959004,32,v1,0.08,0.5425,0.2383,1.4542,0.4002,0.02389,0.1621,0.002756,0.646,1,33,22.01,0.304,1,0,12.035,12.035,1,50,11298,195554.4,100.0,6,9.9
1786080962177,33,v1,0.079,0.6262,0.3293,0.8207,0.4989,0.02601,0.1072,0.003116,0.638,1,26,56.26,0.511,1,1112,16.078,14.29,0,50,10692,312536.3,89.6,14,11.64
1786080964796,34,v1,0.0698,0.5246,0.4854,1.7716,0.1114,0.0118,0.182,0.003319,0.704,0,10,41.47,0.836,1,5630,8.999,4.752,1,50,9562,230020.4,100.0,13,33.06
1786080968356,35,v1,0.0504,0.3673,0.3974,0.9103,0.884,0.00715,0.1475,0.003638,0.716,1,24,58.25,0.645,1,928,15.153,13.228,0,50,10077,490383.6,77.05,19,12.98
1786080960621,36,v1,0.0507,0.5599,0.3424,0.8813,0.1658,0.02452,0.2142,0.001534,0.663,0,30,97.65,0.427,1,0,18.206,18.206,0,50,10250,347209.8,97.76,16,6.09
1786080963720,37,v1,0.0723,0.2648,0.2419,2.1406,0.4506,0.01152,0.1202,0.001691,0.634,1,5,42.86,0.318,1,5061,4.0,2.155,1,50,11040,284337.0,100.0,13,34.58
1786080966569,38,v1,0.0336,0.2429,0.1125,1.2919,0.1942,0.00791,0.248,0.001869,0.691,0,32,92.66,0.356,1,0,16.054,16.054,1,50,11047,251806.6,100.0,14,7.51
1786080969105,39,v1,0.0701,0.5954,0.3561,1.4149,0.9105,0.02786,0.1855,0.002222,0.62,0,24,44.52,0.905,1,0,15.705,15.705,0,50,10249,286200.3,88.44,14,8.21
1786080961057,40,v1,0.042,0.6109,0.1316,1.2257,0.6975,0.00494,0.2131,0.001751,0.594,1,31,50.0,0.421,1,1095,18.927,16.956,0,50,11006,351360.5,89.03,17,6.67
1786080965130,41,v1,0.0442,0.3043,0.163,1.2429,0.893,0.02649,0.1599,0.00167,0.717,0,6,43.41,0.854,1,5885,5.0,3.211,0,50,9957,534496.2,36.23,18,6.38
1786080968147,42,v1,0.0193,0.4048,0.305,1.5816,0.3988,0.00871,0.1543,0.003703,0.623,1,4,76.45,0.82,1,9732,3.0,0.215,1,50,10603,282516.1,100.0,25,93.87
1786080970782,43,v1,0.0604,0.46,0.4602,1.1733,0.2708,0.02681,0.0765,0.002645,0.676,1,19,75.44,0.927,1,0,12.38,12.38,1,50,10789,235239.9,100.0,13,9.9
1786080963477,44,v1,0.0364,0.6476,0.4192,1.9069,0.389,0.01744,0.2434,0.001987,0.634,1,33,85.51,0.901,1,0,14.36,14.36,1,50,10843,247562.3,100.0,13,7.82
1786080966021,45,v1,0.0326,0.4078,0.4183,1.6428,0.5127,0.00424,0.2202,0.001945,0.667,0,19,44.1,0.526,1,0,14.0,14.0,1,50,10132,243174.0,100.0,14,7.52
1786080969187,46,v1,0.0439,0.7082,0.1762,0.8989,0.2189,0.01798,0.1944,0.002758,0.689,0,26,65.62,0.782,1,0,19.215,19.215,0,50,10255,441807.5,85.59,17,9.97
1786080972285,47,v1,0.0422,0.2163,0.1166,1.5656,0.6742,0.00927,0.2231,0.002769,0.625,1,26,94.32,0.336,1,0,14.552,14.552,1,50,10543,245279.8,100.0,14,10.31
1786080964944,48,v1,0.0631,0.7234,0.1066,1.4025,0.1793,0.02287,0.0703,0.003632,0.667,1,35,63.44,0.917,1,664,20.875,19.291,0,50,10065,372605.6,86.69,16,13.08
1786080967858,49,v1,0.0142,0.3538,0.1989,1.6753,0.5516,0.02579,0.2429,0.003174,0.66,0,33,42.84,0.949,1,0,14.718,14.718,1,50,11526,258078.8,100.0,13,11.96
1786080970989,50,v1,0.0367,0.3085,0.4209,1.3333,0.1808,0.02505,0.1939,0.002714,0.684,0,26,39.85,0.31,1,0,18.6,18.6,0,50,10107,389150.1,94.73,17,10.35
1786080975316,51,v1,0.0207,0.3325,0.146,1.4463,0.7741,0.02303,0.2109,0.001394,0.598,1,8,51.55,0.64,1,8510,7.0,1.239,0,50,10444,559642.5,15.4,-1,5.29
1786080965106,52,v1,0.0539,0.439,0.3045,2.1519,0.6576,0.02911,0.0956,0.002485,0.618,0,24,25.28,0.827,1,767,16.165,15.1,0,50,10674,319911.3,99.64,15,9.52
1786080967299,53,v1,0.069,0.4406,0.3685,2.2691,0.8923,0.02645,0.1869,0.002366,0.585,1,29,30.79,0.691,1,1231,9.799,8.579,1,50,10351,130757.9,100.0,4,9.18
1786080970133,54,v1,0.0674,0.8572,0.3994,2.4543,0.5101,0.0047,0.2146,0.00349,0.698,0,28,63.1,0.75,1,0,14.034,14.034,1,50,10479,234802.9,100.0,13,12.45
1786080972868,55,v1,0.0624,0.2162,0.3142,0.9822,0.8478,0.01058,0.2497,0.002413,0.606,0,28,35.65,0.366,1,0,11.87,11.87,1,50,10512,190804.5,100.0,8,9.38
1786080971845,56,v1,0.0149,0.8495,0.1084,1.4555,0.6577,0.01866,0.1444,0.002083,0.588,1,34,67.59,0.631,1,0,19.404,19.404,0,50,10509,333204.9,88.69,16,8.37
1786080975100,57,v1,0.0447,0.9017,0.1434,1.6962,0.7318,0.01943,0.1065,0.002262,0.707,0,21,35.77,0.301,1,0,18.269,18.269,0,50,9820,352347.4,88.05,18,8.79
1786080977918,58,v1,0.0668,0.9045,0.4992,1.2381,0.6897,0.02276,0.0539,0.002665,0.665,1,33,64.35,0.891,1,0,17.882,17.882,0,50,11336,328284.5,85.45,15,10.24
1786080980634,59,v1,0.0604,0.867,0.3702,1.3648,0.5367,0.00593,0.1366,0.002852,0.65,0,36,71.02,0.356,1,0,13.323,13.323,1,50,11680,217749.6,100.0,8,10.58
1786080973520,60,v1,0.0679,0.2483,0.4501,1.9871,0.4258,0.00684,0.0502,0.001352,0.693,0,31,33.08,0.444,1,126,21.317,21.034,0,50,10489,475668.4,88.07,17,5.44
1786080976216,61,v1,0.0657,0.4784,0.4535,1.8171,0.7742,0.02856,0.1855,0.002562,0.658,0,22,92.66,0.439,1,0,15.927,15.927,0,50,9788,273904.5,93.02,15,9.78
1786080979183,62,v1,0.0321,0.4638,0.4414,0.9968,0.4551,0.03014,0.1077,0.002809,0.671,1,33,52.15,0.465,1,846,18.206,16.629,0,50,10609,319481.9,86.51,15,10.64
1786080982978,63,v1,0.0602,0.4071,0.271,1.4897,0.4034,0.01083,0.163,0.00296,0.689,0,14,27.21,0.814,1,4140,13.0,8.397,0,50,10309,529256.4,48.54,18,11.07
1786080975158,64,v1,0.0593,0.6516,0.1959,2.2389,0.7148,0.02363,0.2316,0.00153,0.716,1,9,24.45,0.6,1,7607,8.0,2.379,0,50,10981,629081.2,24.73,18,6.07
1786080977364,65,v1,0.079,0.808,0.1261,0.9572,0.5799,0.00315,0.1778,0.001575,0.662,1,8,77.5,0.664,1,4975,6.807,3.305,1,50,10049,200569.0,100.0,7,5.79
1786080979502,66,v1,0.0639,0.6178,0.2536,0.8963,0.6592,0.02596,0.1916,0.001351,0.591,0,11,59.73,0.585,1,0,5.708,5.708,1,50,12316,100369.6,100.0,4,5.06
1786080983333,67,v1,0.068,0.4822,0.4954,1.0166,0.1994,0.01428,0.1459,0.001604,0.708,0,35,95.66,0.558,1,0,22.488,22.488,0,50,11398,480078.0,97.3,17,6.48
1786080973874,68,v1,0.0292,0.2795,0.4653,1.0011,0.5727,0.02789,0.2416,0.002926,0.625,1,18,91.68,0.664,1,0,11.176,11.176,1,50,10346,190573.3,100.0,8,11.15
1786080977498,69,v1,0.018,0.9888,0.324,1.5296,0.7636,0.02552,0.2025,0.001667,0.585,0,8,57.31,0.783,1,5022,7.0,4.652,0,50,10821,450764.8,44.86,14,6.53
1786080980371,70,v1,0.0261,0.7042,0.2921,1.0034,0.1019,0.0188,0.1271,0.002027,0.585,0,30,34.67,0.424,1,0,17.075,17.075,0,50,10824,291683.1,93.08,15,7.83
1786080983468,71,v1,0.0759,0.6134,0.129,1.3824,0.2979,0.01195,0.1714,0.002523,0.625,0,28,74.6,0.572,1,0,17.44,17.44,0,50,10632,388199.8,91.02,15,9.73
1786080975351,72,v1,0.0566,0.5512,0.1713,2.3995,0.4574,0.01826,0.0836,0.00357,0.683,0,22,55.57,0.54,1,0,12.946,12.946,1,50,10082,223655.0,100.0,13,13.97
1786080977711,73,v1,0.0502,0.8039,0.2126,2.0684,0.1177,0.01099,0.1165,0.002147,0.617,0,11,73.58,0.315,1,0,9.709,9.709,1,50,10431,226355.9,100.0,13,8.08
1786080980022,74,v1,0.0741,0.5896,0.42,1.9192,0.9519,0.01866,0.0634,0.001651,0.607,0,16,43.33,0.415,1,0,9.428,9.428,1,50,10640,162993.5,100.0,8,6.33
1786080982070,75,v1,0.0357,0.6769,0.3199,1.6237,0.7987,0.02146,0.2384,0.002749,0.617,1,34,62.79,0.91,1,0,12.021,12.021,1,50,9787,175292.1,100.0,8,10.27
1786080978038,76,v1,0.028,0.8806,0.3127,1.9932,0.5405,0.01924,0.1398,0.002332,0.69,0,35,89.37,0.605,1,0,1.25,1.25,0,50,10520,623284.4,5.12,-1,9.09
1786080980225,77,v1,0.0617,0.3533,0.4393,2.2573,0.7673,0.0109,0.1051,0.001542,0.613,1,22,91.09,0.427,1,0,10.991,10.991,1,50,9834,181794.5,100.0,7,6.07
1786080983118,78,v1,0.0259,0.2706,0.4597,0.9831,0.2797,0.01917,0.1267,0.002331,0.586,0,34,77.6,0.599,1,0,17.145,17.145,0,50,10593,281264.1,86.65,14,9.16
1786080985343,79,v1,0.067,0.4179,0.3855,2.3234,0.2648,0.02591,0.1068,0.002974,0.71,0,16,25.04,0.734,1,0,12.907,12.907,1,50,10108,225982.4,100.0,13,11.06
1786080979529,80,v1,0.0599,0.2725,0.2807,0.9643,0.4706,0.01091,0.2379,0.002923,0.661,0,6,59.48,0.874,1,6831,5.0,2.933,0,50,10070,529594.7,27.46,17,10.68
1786080983683,81,v1,0.0235,0.9375,0.4883,1.8129,0.3484,0.00308,0.0655,0.002426,0.628,0,32,27.4,0.882,1,503,3.857,2.764,0,50,10505,591653.8,16.72,-1,9.43
1786080986017,82,v1,0.0597,0.555,0.191,2.2835,0.3286,0.00841,0.1031,0.003592,0.695,1,7,72.81,0.375,1,4357,6.0,3.274,1,50,9806,253261.3,100.0,14,52.65
1786080988764,83,v1,0.0538,0.9348,0.4091,1.5256,0.52,0.01102,0.0866,0.002097,0.671,0,23,30.3,0.545,1,612,17.703,16.629,0,50,9298,383538.4,84.79,17,8.37
1786080986023,84,v1,0.0695,0.7566,0.2582,0.8572,0.3648,0.0064,0.1116,0.002998,0.662,1,5,76.06,0.849,1,11658,4.0,0.0,0,50,11790,669907.4,0.25,-1,11.31
1786080988150,85,v1,0.0725,0.4685,0.4328,1.0567,0.4644,0.02246,0.2208,0.002661,0.654,1,14,33.64,0.879,1,0,9.954,9.954,1,50,10520,165664.1,100.0,5,9.59
1786080989995,86,v1,0.0348,0.3934,0.4814,1.1986,0.9307,0.01801,0.1472,0.003629,0.668,0,36,71.92,0.516,1,0,14.7,14.7,1,50,9551,214592.2,100.0,13,13.9
1786080992568,87,v1,0.0654,0.2179,0.2066,1.1539,0.7912,0.02436,0.1488,0.001672,0.622,1,33,52.18,0.86,1,1698,17.713,14.828,0,50,10904,346765.7,100.0,15,6.29
1786080986609,88,v1,0.0789,0.5735,0.1455,2.0112,0.198,0.01872,0.1841,0.001761,0.656,1,16,25.27,0.341,1,4877,15.0,8.02,0,50,10791,540681.4,49.98,16,6.99
1786080989860,89,v1,0.0712,0.5524,0.1168,2.4066,0.6538,0.00914,0.1012,0.001766,0.646,1,35,36.58,0.671,1,1749,20.407,17.468,0,50,12801,481295.7,84.16,16,6.82
1786080992540,90,v1,0.012,0.7802,0.2694,0.8266,0.7893,0.01958,0.175,0.003403,0.637,1,23,56.5,0.314,1,0,14.973,14.973,0,50,10714,415269.8,71.43,18,12.92
1786080994622,91,v1,0.0462,0.2018,0.105,1.6419,0.6307,0.02264,0.0994,0.002032,0.712,1,5,57.83,0.513,1,5429,4.0,1.669,0,50,9391,493243.6,35.28,18,7.85
1786080986392,92,v1,0.0673,0.2504,0.1714,1.6068,0.5266,0.00692,0.2396,0.002251,0.6,1,19,63.85,0.658,1,0,16.133,16.133,0,50,10975,321692.1,98.2,16,8.51
1786080989243,93,v1,0.0188,0.7486,0.2911,1.0261,0.3773,0.00971,0.1232,0.001888,0.597,1,35,58.43,0.987,1,0,20.565,20.565,0,50,10991,368516.3,86.76,17,6.98
1786080991748,94,v1,0.0432,0.5869,0.2518,1.1681,0.3952,0.02248,0.1822,0.002283,0.603,1,22,30.12,0.864,1,1657,15.854,13.259,0,50,10533,341920.0,99.79,15,8.83
1786080993977,95,v1,0.0765,0.4913,0.3169,1.0151,0.2499,0.01128,0.1358,0.001335,0.638,0,27,68.5,0.716,1,0,17.247,17.247,0,50,10632,391398.7,90.52,15,5.17
1786080987093,96,v1,0.0567,0.5005,0.4766,2.3968,0.5147,0.01565,0.0846,0.003452,0.626,1,26,51.76,0.601,1,1337,17.363,14.996,0,50,10576,340373.2,99.14,16,12.75
1786080989140,97,v1,0.0512,0.7977,0.1051,2.2659,0.4611,0.01958,0.0501,0.003716,0.673,0,26,97.11,0.488,1,0,13.705,13.705,1,50,10134,223620.7,100.0,13,13.93
1786080991244,98,v1,0.068,0.5071,0.1987,2.41,0.1257,0.01703,0.248,0.002936,0.658,1,6,72.65,0.64,1,8519,5.0,0.552,1,50,9702,264529.7,100.0,23,90.14
1786080993449,99,v1,0.0523,0.9532,0.3692,0.9241,0.167,0.0111,0.1967,0.001974,0.607,0,9,53.95,0.89,1,4722,7.981,5.381,1,50,11065,251924.4,100.0,13,7.87
1786081002474,100,v1,0.063,0.5832,0.2481,1.7477,0.7522,0.03078,0.0919,0.001928,0.697,1,29,22.89,0.711,1,1550,18.192,15.345,0,50,10346,341167.1,88.51,16,7.2
1786081005047,101,v1,0.0412,0.8315,0.4889,2.2736,0.3455,0.0146,0.225,0.001483,0.604,0,22,63.14,0.392,1,0,11.023,11.023,1,50,10417,193447.2,100.0,7,5.99
1786081007646,102,v1,0.0289,0.2427,0.3027,1.088,0.8142,0.01329,0.1971,0.001746,0.629,0,23,60.23,0.328,1,0,17.759,17.759,0,50,9830,309963.5,84.88,17,6.87
1786081010774,103,v1,0.0656,0.8711,0.4882,1.4762,0.4546,0.02586,0.0793,0.002264,0.584,0,13,40.45,0.536,1,2799,12.0,8.97,0,50,9484,327202.1,60.21,13,8.56
1786081002519,104,v1,0.0572,0.5592,0.4702,1.2374,0.1899,0.00773,0.1117,0.001986,0.646,1,20,31.1,0.79,1,0,12.509,12.509,1,50,10539,230186.3,100.0,13,7.55
1786081006446,105,v1,0.028,0.2153,0.1225,1.0836,0.8917,0.02897,0.0943,0.001244,0.686,1,16,45.75,0.623,1,7158,15.0,3.783,0,50,9764,550540.6,22.14,19,5.09
1786081009703,106,v1,0.0454,0.4655,0.115,2.0442,0.5156,0.00888,0.0531,0.003505,0.605,0,7,43.6,0.42,1,2913,6.0,4.831,0,50,10165,443526.6,62.5,17,12.94
1786081012024,107,v1,0.0723,0.4554,0.4323,1.1501,0.4149,0.03005,0.1428,0.002633,0.643,0,29,24.3,0.315,1,374,11.73,11.356,1,50,10511,186434.5,100.0,7,10.15
1786081003461,108,v1,0.0649,0.4346,0.3205,1.8909,0.7244,0.02377,0.0794,0.003495,0.689,0,23,68.84,0.899,1,0,13.201,13.201,1,50,10590,231479.9,100.0,13,13.13
1786081006177,109,v1,0.0102,0.3586,0.3742,1.5882,0.7799,0.03148,0.243,0.002261,0.712,0,30,63.99,0.946,1,0,15.843,15.843,1,50,11069,273183.2,100.0,14,8.64
1786081008268,110,v1,0.0664,0.85,0.395,1.62,0.293,0.0204,0.1832,0.002276,0.599,1,26,53.91,0.585,1,0,9.786,9.786,1,50,10664,151751.7,100.0,4,8.62
1786081012799,111,v1,0.0676,0.3353,0.2007,1.1452,0.4835,0.00992,0.1518,0.002715,0.595,1,13,57.17,0.854,1,10565,12.0,0.0,0,50,10910,636520.4,0.15,-1,10.23
1786081004106,112,v1,0.0576,0.2733,0.4659,1.4354,0.5398,0.0099,0.1416,0.002496,0.642,0,12,64.7,0.666,1,5393,11.0,6.385,1,50,10818,275479.3,100.0,13,13.39
1786081006920,113,v1,0.0739,0.2502,0.2172,1.1109,0.33,0.00907,0.1939,0.001837,0.62,1,4,52.65,0.648,1,9300,3.0,0.25,1,50,10210,268690.3,100.0,18,14.12
1786081009322,114,v1,0.0618,0.5191,0.3275,1.7143,0.3012,0.02533,0.2318,0.001561,0.683,0,29,75.38,0.903,1,0,13.449,13.449,1,50,10345,215460.8,100.0,13,6.14
1786081013970,115,v1,0.0185,0.697,0.16,1.3828,0.2136,0.01968,0.0717,0.001891,0.714,1,18,40.74,0.554,1,7723,17.0,3.866,0,50,10286,612616.0,0.0,-1,6.98
1786081004773,116,v1,0.0488,0.6485,0.4047,1.9287,0.4176,0.02982,0.0533,0.002785,0.686,1,22,26.86,0.67,1,1756,12.432,10.371,1,50,11275,245594.0,100.0,13,13.92
1786081007506,117,v1,0.0554,0.879,0.1841,1.1332,0.2523,0.02029,0.2409,0.003662,0.658,0,26,86.29,0.661,1,0,17.525,17.525,0,50,9940,358505.6,89.03,16,13.45
1786081012059,118,v1,0.0251,0.7145,0.3389,1.3931,0.8213,0.01891,0.0659,0.001296,0.719,0,26,97.84,0.407,1,0,0.0,0.0,0,50,10707,680424.6,0.0,-1,5.21
1786081015332,119,v1,0.0785,0.7677,0.4941,1.7861,0.2359,0.02516,0.114,0.001586,0.702,0,21,33.23,0.348,1,0,16.621,16.621,0,50,10136,396749.2,93.81,16,6.34
1786081005930,120,v1,0.0284,0.2338,0.2607,1.203,0.2348,0.03128,0.1841,0.001354,0.605,1,34,66.21,0.786,1,1896,17.131,14.229,0,50,11569,309579.0,84.27,14,5.0
1786081008386,121,v1,0.0211,0.299,0.1273,2.1628,0.8076,0.03151,0.0729,0.002317,0.584,1,28,66.93,0.756,1,0,14.029,14.029,1,50,10627,248396.1,100.0,13,8.85
1786081011107,122,v1,0.0737,0.6309,0.4669,1.2448,0.4003,0.02557,0.1314,0.002467,0.702,1,30,95.77,0.53,1,0,17.989,17.989,0,50,9587,300586.3,98.76,16,9.47
1786081014129,123,v1,0.0461,0.8777,0.2844,2.1389,0.677,0.02121,0.0586,0.002697,0.718,0,30,91.36,0.794,1,0,20.274,20.274,0,50,9684,395703.7,93.24,18,10.01
1786081005089,124,v1,0.0242,0.5354,0.3003,1.2235,0.2634,0.0294,0.1739,0.003633,0.592,1,28,67.46,0.619,1,0,11.761,11.761,1,50,9035,154303.4,100.0,8,13.59
1786081009031,125,v1,0.0126,0.9767,0.2622,0.9634,0.5992,0.00494,0.1747,0.003106,0.616,0,26,72.08,0.429,1,0,0.0,0.0,0,50,9858,578776.9,0.0,-1,11.33
1786081011571,126,v1,0.0183,0.8904,0.2413,1.0014,0.9308,0.01387,0.0832,0.001587,0.638,0,9,74.59,0.437,1,0,8.0,8.0,1,50,9769,223328.3,100.0,13,6.02
1786081014066,127,v1,0.0788,0.7243,0.4136,1.0874,0.2402,0.00511,0.1603,0.003484,0.609,0,35,99.14,0.597,1,0,12.158,12.158,1,50,11101,196545.9,100.0,5,12.66
1786081013940,128,v1,0.0474,0.7665,0.2351,2.4705,0.4863,0.00605,0.1306,0.002567,0.59,0,16,28.46,0.857,1,0,11.138,11.138,1,50,11046,205318.7,100.0,8,10.0
1786081016585,129,v1,0.0532,0.4896,0.4652,2.0356,0.4526,0.01191,0.117,0.002331,0.616,0,36,33.34,0.347,1,0,19.104,19.104,0,50,9921,296959.4,84.31,16,8.98
1786081020219,130,v1,0.0445,0.3886,0.48,2.0741,0.7645,0.0268,0.2218,0.001336,0.602,0,8,64.65,0.688,1,3426,7.0,5.237,0,50,9803,380724.3,54.88,14,5.06
1786081022838,131,v1,0.0295,0.4308,0.4436,1.4435,0.7012,0.00622,0.1054,0.00227,0.611,1,12,49.64,0.897,1,10602,11.0,0.0,1,50,10860,298897.3,0.0,-1,100.0
1786081016990,132,v1,0.0299,0.5216,0.2781,2.4815,0.3652,0.02442,0.1615,0.001547,0.606,0,5,54.64,0.879,1,5460,4.0,3.02,0,50,11205,501804.4,43.25,16,5.59
1786081019628,133,v1,0.054,0.4526,0.1127,1.304,0.6399,0.03199,0.0637,0.002014,0.614,1,9,44.75,0.391,1,2556,7.318,5.524,1,50,11214,193200.5,100.0,7,8.43
1786081021911,134,v1,0.0424,0.8889,0.4556,1.1862,0.441,0.02757,0.2313,0.003444,0.613,0,19,25.71,0.955,1,0,9.578,9.578,1,50,10127,146194.2,100.0,5,12.35
1786081024443,135,v1,0.0212,0.3477,0.4088,1.9036,0.5133,0.02779,0.1052,0.003681,0.618,0,23,39.78,0.799,1,0,16.447,16.447,0,50,10149,291457.9,90.93,15,14.65
1786081016125,136,v1,0.0448,0.5097,0.1697,1.1941,0.5324,0.03045,0.1164,0.002384,0.595,1,34,65.08,0.625,1,0,10.385,10.385,1,50,10736,155614.4,100.0,5,9.19
1786081019513,137,v1,0.0606,0.584,0.3735,1.8574,0.6231,0.02193,0.1217,0.001265,0.585,0,8,78.14,0.922,1,4633,7.0,4.43,0,50,9108,404667.3,43.19,14,5.45
1786081022354,138,v1,0.074,0.356,0.3051,1.9292,0.5113,0.01092,0.2177,0.003249,0.684,0,8,99.2,0.89,1,0,7.0,7.0,0,50,9540,385515.7,83.99,16,12.17
1786081025601,139,v1,0.0678,0.5994,0.4885,2.1852,0.3005,0.01412,0.1801,0.002206,0.642,1,19,80.0,0.548,1,0,16.262,16.262,0,50,11308,436905.7,92.07,16,8.83
1786081016970,140,v1,0.074,0.4278,0.4411,1.7931,0.2907,0.01955,0.0839,0.001786,0.691,0,35,93.49,0.699,1,0,14.574,14.574,1,50,10215,233358.1,100.0,13,7.19
1786081021032,141,v1,0.0518,0.6478,0.1869,2.4992,0.6033,0.00513,0.2022,0.002225,0.686,0,13,35.37,0.871,1,4972,12.0,7.038,0,50,10292,577255.9,27.06,19,8.41
1786081024240,142,v1,0.0526,0.6766,0.3841,2.2082,0.7595,0.03041,0.1563,0.00172,0.687,1,34,35.59,0.416,1,1007,19.105,17.202,0,50,10625,340987.6,89.35,16,6.71
1786081026532,143,v1,0.0309,0.8692,0.3905,2.2177,0.7185,0.0289,0.1186,0.003624,0.683,1,31,62.54,0.599,1,0,14.356,14.356,1,50,10321,231877.8,100.0,13,13.96
1786081018102,144,v1,0.0585,0.8389,0.2768,1.6579,0.5807,0.02789,0.2491,0.003609,0.676,1,21,47.89,0.881,1,1483,16.48,13.85,0,50,9884,335238.0,96.5,16,13.26
1786081020508,145,v1,0.0568,0.2238,0.4303,2.343,0.6501,0.02886,0.1071,0.003566,0.712,1,32,46.46,0.345,1,0,15.174,15.174,1,50,10659,250084.5,100.0,14,13.52
1786081023587,146,v1,0.0197,0.7813,0.3071,1.0766,0.8222,0.01263,0.1976,0.003584,0.669,1,16,55.92,0.655,1,0,13.0,13.0,1,50,11404,246751.1,100.0,13,13.55
1786081026483,147,v1,0.0175,0.4504,0.3024,1.0795,0.9979,0.02691,0.0823,0.002785,0.596,1,28,24.68,0.497,1,962,16.542,14.876,0,50,10231,283505.1,92.38,14,10.45
1786081018398,148,v1,0.0798,0.2583,0.2566,1.141,0.7548,0.00789,0.1048,0.002489,0.624,0,24,75.37,0.633,1,0,13.348,13.348,1,50,10677,235622.0,100.0,13,9.36
1786081021040,149,v1,0.0481,0.8175,0.3456,2.1753,0.7357,0.02324,0.2398,0.003289,0.706,0,15,86.02,0.986,1,0,13.0,13.0,1,50,10683,243981.8,100.0,13,12.4
1786081023516,150,v1,0.0484,0.618,0.1262,2.1916,0.9265,0.00755,0.2135,0.002221,0.669,0,21,22.64,0.637,1,0,13.0,13.0,1,50,10195,224187.0,100.0,13,8.91
1786081026293,151,v1,0.0358,0.7579,0.3636,1.7656,0.3241,0.02892,0.1627,0.003651,0.614,0,9,45.04,0.862,1,5028,7.992,4.901,1,50,10034,240856.8,100.0,13,58.36
1786081019071,152,v1,0.0223,0.8102,0.1837,1.5603,0.3417,0.02483,0.1105,0.003147,0.652,0,5,55.83,0.99,1,5252,4.0,2.915,1,50,9835,253618.4,100.0,13,59.83
1786081021555,153,v1,0.0649,0.5957,0.4459,1.2458,0.5829,0.01092,0.1546,0.002456,0.641,0,28,61.23,0.48,1,0,14.009,14.009,1,50,10409,237815.5,100.0,13,8.67
1786081024469,154,v1,0.0715,0.5106,0.2527,1.8488,0.2444,0.02929,0.0635,0.003552,0.583,1,23,57.34,0.476,1,1124,15.1,13.27,0,50,9912,285502.0,97.5,14,13.18
1786081027206,155,v1,0.0609,0.3275,0.4799,2.2388,0.5742,0.01467,0.0758,0.003428,0.634,1,8,76.66,0.618,1,6628,6.983,2.515,1,50,10644,258843.8,100.0,13,68.4
1786081026392,156,v1,0.043,0.3737,0.2577,1.7532,0.8944,0.01969,0.1537,0.003479,0.63,1,16,44.96,0.542,1,0,13.0,13.0,1,50,10453,239801.0,100.0,13,13.08
1786081028658,157,v1,0.0753,0.3638,0.2061,2.412,0.9967,0.02548,0.2359,0.00358,0.65,0,29,32.24,0.522,1,0,14.179,14.179,1,50,10022,225580.1,100.0,13,13.38
1786081032485,158,v1,0.0241,0.6417,0.2498,1.8831,0.9455,0.01863,0.2208,0.001674,0.6,1,13,86.6,0.439,1,5402,12.0,5.746,0,50,10571,471801.3,41.74,16,6.07
1786081034868,159,v1,0.0652,0.3458,0.4344,1.1472,0.8701,0.00484,0.054,0.002224,0.593,0,26,40.64,0.447,1,0,16.809,16.809,0,50,10114,293521.8,87.1,15,8.52
1786081028124,160,v1,0.023,0.6729,0.4231,1.8456,0.8343,0.0036,0.2013,0.003568,0.719,1,20,64.58,0.373,1,0,14.323,14.323,1,50,11548,273645.4,100.0,14,13.6
1786081030615,161,v1,0.0493,0.3466,0.4112,2.3087,0.6431,0.00716,0.1042,0.001848,0.632,1,23,73.24,0.576,1,0,13.234,13.234,1,50,10940,248775.0,100.0,13,7.0
1786081032699,162,v1,0.0523,0.9315,0.4882,1.5661,0.7878,0.02664,0.1309,0.001562,0.63,1,20,31.73,0.34,1,0,9.647,9.647,1,50,10112,159139.4,100.0,8,5.46
1786081036669,163,v1,0.0514,0.9916,0.4539,1.0239,0.8884,0.02954,0.1364,0.003229,0.718,1,14,76.09,0.722,1,9318,13.0,0.0,0,50,9701,554190.9,0.0,-1,12.49
1786081030310,164,v1,0.0186,0.8748,0.1314,1.4417,0.5967,0.00828,0.1295,0.001613,0.594,0,25,70.13,0.449,1,0,7.523,7.523,0,50,10372,551701.1,38.11,19,6.31
1786081032589,165,v1,0.0238,0.625,0.4929,1.5463,0.2062,0.01212,0.1787,0.002952,0.593,0,26,61.32,0.402,1,0,13.694,13.694,1,50,10540,239791.7,100.0,13,10.59
1786081036231,166,v1,0.0455,0.7755,0.4235,2.3627,0.7009,0.01493,0.2046,0.003216,0.591,0,15,59.37,0.549,1,4310,14.0,8.934,0,50,10689,444042.6,53.48,15,11.96
1786081040763,167,v1,0.0122,0.5354,0.4208,1.1623,0.4804,0.01231,0.1208,0.003189,0.666,0,33,73.86,0.592,1,0,0.0,0.0,0,50,11465,660273.9,0.0,-1,11.86
1786081029601,168,v1,0.0264,0.657,0.417,1.055,0.4118,0.0032,0.111,0.001488,0.712,0,7,69.08,0.711,1,0,6.0,6.0,1,50,10432,249746.1,100.0,14,6.03
1786081031725,169,v1,0.0571,0.7425,0.3169,1.2941,0.5584,0.01694,0.2092,0.002792,0.647,0,25,26.75,0.312,1,336,10.908,10.582,1,50,9704,164234.0,100.0,8,10.5
1786081034453,170,v1,0.0222,0.4734,0.2689,1.1138,0.6513,0.01673,0.1055,0.003761,0.594,0,31,83.41,0.415,1,0,18.273,18.273,0,50,10118,302112.3,86.88,16,13.75
1786081037046,171,v1,0.0658,0.5893,0.1239,1.7277,0.1152,0.03022,0.0589,0.001713,0.616,1,16,61.07,0.531,1,0,14.707,14.707,0,50,10380,290050.2,94.46,14,6.3
1786081029987,172,v1,0.0764,0.7004,0.1939,1.7967,0.7239,0.02175,0.0556,0.003369,0.602,1,8,57.79,0.513,1,3388,5.984,3.695,1,50,10607,165426.0,100.0,5,12.73
1786081034691,173,v1,0.0462,0.5767,0.3117,1.7364,0.8636,0.01062,0.1936,0.00121,0.672,1,11,41.79,0.799,1,11307,10.0,0.0,0,50,11439,672542.3,0.0,-1,4.66
1786081036900,174,v1,0.0405,0.9113,0.124,1.7472,0.7702,0.01139,0.0552,0.002466,0.582,0,15,62.74,0.57,1,0,12.733,12.733,1,50,9195,200809.2,100.0,13,8.97
1786081039395,175,v1,0.0299,0.5755,0.3414,2.4842,0.9393,0.02318,0.2455,0.003444,0.647,1,16,79.94,0.409,1,0,13.0,13.0,1,50,10233,230000.5,100.0,13,13.03
1786081030852,176,v1,0.051,0.3691,0.3663,1.9386,0.5543,0.02457,0.2161,0.002245,0.6,1,6,25.35,0.398,1,4834,4.998,2.814,1,50,11185,230329.0,100.0,6,48.51
1786081033628,177,v1,0.0562,0.5209,0.3573,2.3756,0.9086,0.00695,0.2381,0.001571,0.638,0,29,35.93,0.932,1,0,14.197,14.197,1,50,11181,241424.7,100.0,13,6.39
1786081038038,178,v1,0.0553,0.5224,0.1961,1.4794,0.1544,0.00512,0.1413,0.001604,0.684,1,18,45.57,0.807,1,9266,16.997,1.162,0,50,10245,605099.6,6.85,-1,6.5
1786081040497,179,v1,0.0607,0.5325,0.2161,2.3186,0.8934,0.01717,0.2445,0.001477,0.676,0,23,25.27,0.985,1,1063,13.12,12.018,1,50,10900,247421.4,100.0,13,5.72
1786081030956,180,v1,0.0698,0.3439,0.382,0.8098,0.7771,0.03069,0.1724,0.003739,0.666,1,31,63.16,0.774,1,0,14.071,14.071,1,50,9652,211764.7,100.0,13,13.41
1786081033901,181,v1,0.0616,0.2934,0.1195,1.8523,0.1566,0.00717,0.1544,0.003735,0.701,1,9,91.25,0.63,1,8793,8.0,0.721,1,50,9950,277845.7,100.0,21,85.69
1786081036424,182,v1,0.0487,0.5135,0.4977,2.2122,0.2031,0.02366,0.1394,0.002841,0.7,1,14,38.1,0.752,1,0,13.0,13.0,1,50,9992,226652.0,100.0,13,11.08
1786081039041,183,v1,0.053,0.7541,0.2965,1.3236,0.3361,0.02333,0.1203,0.002288,0.586,0,28,29.94,0.929,1,0,16.046,16.046,0,50,10768,291805.9,96.22,14,8.79
1786081038670,184,v1,0.065,0.9149,0.2656,1.5866,0.8778,0.02959,0.0592,0.003401,0.666,0,11,21.69,0.697,1,2977,9.799,7.641,1,50,11301,230397.0,100.0,10,12.36
1786081040692,185,v1,0.0198,0.695,0.2595,0.8057,0.1354,0.03194,0.2051,0.00319,0.605,0,27,47.35,0.539,1,0,12.141,12.141,1,50,9690,182560.6,100.0,10,11.9
1786081042789,186,v1,0.062,0.616,0.4036,1.1503,0.4593,0.01341,0.0539,0.001353,0.713,1,25,90.48,0.809,1,0,13.525,13.525,1,50,10938,245853.3,100.0,13,5.49
1786081044674,187,v1,0.0159,0.4165,0.3392,2.3004,0.8707,0.00829,0.246,0.001966,0.595,0,33,43.51,0.773,1,0,14.366,14.366,1,50,10191,232201.9,100.0,13,7.5
1786081040061,188,v1,0.0415,0.6087,0.4117,2.4844,0.729,0.00408,0.0614,0.003525,0.665,0,28,62.85,0.657,1,0,14.023,14.023,1,50,11660,249600.0,100.0,13,12.99
1786081043330,189,v1,0.0304,0.5881,0.4622,1.093,0.7034,0.01466,0.1187,0.003566,0.647,0,9,47.18,0.597,1,4060,8.0,5.878,0,50,11788,474725.6,55.57,17,13.12
1786081045793,190,v1,0.0478,0.3249,0.1648,1.843,0.349,0.01933,0.2203,0.002653,0.681,1,35,88.76,0.414,1,0,22.088,22.088,0,50,11101,459617.2,89.62,17,10.16
1786081047633,191,v1,0.0729,0.209,0.1137,2.3689,0.1557,0.01606,0.1803,0.003322,0.658,0,32,28.35,0.475,1,0,14.584,14.584,1,50,10417,230253.9,100.0,13,12.27
1786081040625,192,v1,0.0797,0.6376,0.2735,0.8273,0.3401,0.00834,0.1938,0.003064,0.677,0,11,94.84,0.378,1,0,9.397,9.397,1,50,11495,230005.7,100.0,8,11.51
1786081043450,193,v1,0.0345,0.6726,0.3867,2.2395,0.1127,0.00481,0.0935,0.003176,0.633,0,35,88.68,0.629,1,0,16.574,16.574,0,50,10067,518950.0,60.6,18,12.1
1786081045606,194,v1,0.0768,0.8503,0.2614,1.1489,0.1767,0.00641,0.1303,0.002788,0.595,1,34,66.7,0.794,1,0,18.528,18.528,0,50,10075,350922.7,99.68,15,10.57
1786081047653,195,v1,0.0481,0.9575,0.4751,0.8283,0.2047,0.01189,0.0968,0.003303,0.612,1,34,58.91,0.723,1,1228,18.225,15.8,0,50,10166,334661.7,88.12,15,11.63
1786081042681,196,v1,0.0683,0.872,0.2291,2.0482,0.5072,0.00348,0.1679,0.00246,0.715,0,7,82.17,0.616,1,0,6.0,6.0,0,50,10336,470841.4,87.97,18,9.59
1786081045701,197,v1,0.0116,0.3315,0.4573,2.1862,0.3269,0.01672,0.078,0.001739,0.656,0,19,46.46,0.834,1,5358,18.0,8.606,0,50,9402,549171.4,0.0,-1,6.39
1786081047653,198,v1,0.0626,0.2396,0.4624,2.2841,0.9988,0.02801,0.1078,0.00142,0.608,1,19,75.03,0.356,1,0,14.811,14.811,0,50,10085,270619.2,86.84,14,5.11
1786081049550,199,v1,0.0229,0.5415,0.1151,2.3452,0.7664,0.02267,0.1881,0.001533,0.702,0,12,94.16,0.372,1,0,11.0,11.0,0,50,10443,645723.9,0.0,-1,6.08
1786081058349,200,v1,0.0118,0.3285,0.174,2.0943,0.5715,0.00319,0.0594,0.003285,0.69,1,6,81.72,0.991,1,9866,5.0,0.0,0,50,10020,580476.3,0.0,-1,12.36
1786081060604,201,v1,0.0226,0.8909,0.3012,0.8376,0.9428,0.00435,0.2441,0.003167,0.719,1,15,43.45,0.47,1,0,13.0,13.0,1,50,10006,227407.0,100.0,13,11.62
1786081063781,202,v1,0.0691,0.4709,0.4078,1.6521,0.5766,0.01601,0.243,0.003119,0.642,1,4,41.34,0.315,1,4288,3.0,1.75,0,50,10388,443705.4,54.2,15,11.87
1786081065966,203,v1,0.0678,0.2611,0.2755,2.4104,0.6979,0.01327,0.1147,0.002393,0.607,1,31,37.53,0.636,1,0,11.802,11.802,1,50,9961,165833.7,100.0,7,8.83
1786081057005,204,v1,0.068,0.9687,0.438,1.8427,0.129,0.01718,0.1562,0.001441,0.611,1,19,52.16,0.751,1,0,11.447,11.447,1,50,10171,199717.8,100.0,7,5.22
1786081059569,205,v1,0.038,0.8858,0.2273,1.9745,0.7907,0.0316,0.228,0.002856,0.589,1,27,99.34,0.624,1,0,15.947,15.947,0,50,10149,264887.8,90.15,14,11.01
1786081061658,206,v1,0.0272,0.807,0.2585,2.4051,0.2137,0.02722,0.0687,0.001373,0.691,0,25,60.2,0.905,1,0,13.522,13.522,1,50,9656,219726.4,100.0,13,5.64
1786081064819,207,v1,0.0204,0.3043,0.4797,1.2433,0.9205,0.00537,0.1723,0.002618,0.593,0,20,68.12,0.776,1,0,18.009,18.009,0,50,11323,366542.4,83.85,18,10.02
1786081058168,208,v1,0.0655,0.6354,0.3007,2.403,0.1093,0.01966,0.1185,0.003738,0.649,1,20,20.59,0.37,1,0,12.526,12.526,1,50,11816,246774.3,100.0,13,14.26
1786081060639,209,v1,0.0603,0.6912,0.462,1.9329,0.2105,0.03011,0.1388,0.003568,0.667,1,26,76.43,0.362,1,0,16.692,16.692,0,50,10766,315227.3,84.33,15,13.42
1786081063234,210,v1,0.0206,0.3908,0.141,1.8435,0.6939,0.0063,0.2063,0.002364,0.643,1,18,28.65,0.537,1,0,14.201,14.201,1,50,11409,253588.3,100.0,14,9.19
1786081067445,211,v1,0.0221,0.5201,0.2247,1.19,0.7595,0.01495,0.1409,0.002821,0.68,0,10,36.88,0.675,1,4917,9.0,5.534,0,50,10187,582739.4,1.69,-1,10.71
1786081058974,212,v1,0.0717,0.9556,0.3998,1.5692,0.5562,0.00594,0.2019,0.001598,0.682,1,25,26.51,0.318,1,1007,18.265,16.415,0,50,10367,475008.1,88.35,17,6.13
1786081061453,213,v1,0.0254,0.426,0.3329,1.0676,0.3975,0.03179,0.2203,0.002377,0.633,0,9,66.7,0.669,1,5389,8.0,4.86,1,50,10480,257282.7,100.0,13,56.76
1786081063754,214,v1,0.0374,0.3802,0.1559,2.364,0.1508,0.00857,0.172,0.002587,0.679,0,30,73.53,0.511,1,0,15.121,15.121,1,50,10398,244266.2,100.0,13,10.01
1786081068763,215,v1,0.0254,0.2355,0.4989,1.9209,0.8615,0.02068,0.1298,0.001841,0.706,1,25,44.21,0.913,1,449,2.794,2.038,0,50,12267,691235.0,14.15,-1,6.9
1786081058815,216,v1,0.0599,0.3799,0.1974,1.2961,0.8546,0.02872,0.1769,0.001906,0.661,0,5,95.9,0.454,1,0,4.0,4.0,1,50,10752,181717.9,100.0,7,7.42
1786081061855,217,v1,0.0416,0.4229,0.3427,1.807,0.8438,0.00377,0.2365,0.002931,0.61,0,19,93.16,0.939,1,0,17.393,17.393,0,50,10747,332486.6,85.73,17,11.43
1786081065539,218,v1,0.073,0.6848,0.4328,1.2188,0.2697,0.0106,0.2328,0.002612,0.712,0,27,34.51,0.871,1,0,19.387,19.387,0,50,11600,493681.3,91.39,17,10.52
1786081068381,219,v1,0.0745,0.9521,0.1921,0.8971,0.3009,0.00572,0.2245,0.003414,0.618,0,26,31.29,0.72,1,0,17.473,17.473,0,50,10424,396156.9,99.62,16,12.78
1786081060302,220,v1,0.0446,0.7376,0.4007,1.9503,0.2324,0.02025,0.2211,0.001741,0.608,0,7,97.66,0.927,1,0,6.0,6.0,0,50,11622,323526.9,85.61,15,7.03
1786081062916,221,v1,0.0248,0.2801,0.2616,1.2668,0.1426,0.02742,0.1488,0.003283,0.64,1,27,53.28,0.725,1,1384,17.587,14.948,0,50,9953,335873.8,83.65,16,11.99
1786081066861,222,v1,0.0102,0.3446,0.1924,1.7256,0.8739,0.01248,0.2448,0.002342,0.68,0,25,35.51,0.823,1,0,0.0,0.0,0,50,9785,562081.4,0.0,-1,8.76
1786081068644,223,v1,0.0736,0.9305,0.4269,0.8589,0.6958,0.02289,0.1851,0.003496,0.598,0,23,41.02,0.512,1,0,5.36,5.36,1,50,10930,68637.1,100.0,3,13.6
1786081060524,224,v1,0.0134,0.2155,0.4668,0.969,0.5084,0.02289,0.1201,0.002861,0.613,1,33,94.02,0.582,1,0,18.104,18.104,0,50,10777,308986.5,89.84,15,10.0
1786081062956,225,v1,0.0234,0.4458,0.1873,1.226,0.9932,0.00604,0.2413,0.002812,0.701,1,13,37.87,0.415,1,4565,12.0,6.395,1,50,10130,261827.9,100.0,15,52.47
1786081065278,226,v1,0.0319,0.2394,0.4451,1.3528,0.8257,0.02941,0.2286,0.002786,0.612,0,35,22.45,0.43,1,348,17.139,16.528,0,50,9358,248505.0,91.72,14,10.21
1786081068936,227,v1,0.0432,0.2322,0.4108,1.2336,0.8276,0.01409,0.2444,0.001477,0.713,1,6,40.06,0.929,1,9953,5.0,0.0,0,50,10028,614711.8,0.0,-1,5.88
1786081069075,228,v1,0.0613,0.8328,0.3139,2.4255,0.3598,0.00969,0.213,0.003392,0.718,1,8,23.73,0.904,1,8875,7.0,0.0,0,50,9081,538902.9,0.0,-1,12.77
1786081072860,229,v1,0.0705,0.8675,0.232,2.1053,0.1454,0.01278,0.16,0.002615,0.623,1,10,73.17,0.504,1,5364,9.0,4.004,0,50,9865,509724.6,42.84,16,9.93
1786081075443,230,v1,0.045,0.6228,0.2066,0.932,0.121,0.02084,0.1614,0.002979,0.583,0,20,97.75,0.753,1,0,15.022,15.022,0,50,9847,267809.7,87.01,14,11.78
1786081077472,231,v1,0.0254,0.2409,0.4871,1.3684,0.2598,0.02603,0.2064,0.002066,0.592,0,17,42.41,0.489,1,0,10.105,10.105,1,50,9324,154984.4,100.0,6,8.18
1786081070556,232,v1,0.0319,0.5825,0.1257,0.9136,0.8187,0.00987,0.0583,0.002562,0.639,0,4,46.78,0.382,1,2385,3.0,2.778,0,50,10834,426738.5,69.63,18,9.59
1786081073294,233,v1,0.0391,0.267,0.2668,2.0905,0.4922,0.01906,0.2239,0.002573,0.68,0,35,77.6,0.58,1,0,19.187,19.187,0,50,9142,383007.5,78.03,17,10.0
1786081076315,234,v1,0.0273,0.693,0.4387,1.9972,0.1491,0.02958,0.1376,0.002076,0.628,1,10,56.0,0.962,1,8424,8.781,2.054,1,50,11417,263670.5,100.0,9,77.25
1786081079019,235,v1,0.0152,0.3682,0.1593,1.7455,0.3939,0.00546,0.0775,0.003698,0.613,1,22,42.64,0.706,1,1918,14.0,11.162,1,50,10198,243434.8,100.0,14,31.21
1786081070725,236,v1,0.0685,0.3695,0.1289,1.4794,0.3862,0.03105,0.1413,0.001944,0.669,0,26,40.61,0.378,1,0,13.668,13.668,1,50,10723,239835.1,100.0,13,7.31
1786081073809,237,v1,0.0475,0.6718,0.3673,0.9686,0.6211,0.0227,0.2256,0.002373,0.673,0,4,59.89,0.437,1,3064,3.0,2.691,0,50,9991,388765.7,60.0,16,9.62
1786081076543,238,v1,0.0668,0.6054,0.4419,1.7032,0.7533,0.0192,0.0602,0.002925,0.65,1,19,96.79,0.538,1,0,15.734,15.734,0,50,9867,281657.6,89.36,15,11.33
1786081079661,239,v1,0.0531,0.8153,0.3036,1.1683,0.3022,0.0285,0.1975,0.002772,0.684,1,4,26.75,0.776,1,9035,3.0,0.375,1,50,10440,287585.0,100.0,19,44.59
1786081073114,240,v1,0.0121,0.9023,0.2677,1.4017,0.99,0.00693,0.1965,0.003514,0.582,0,25,37.4,0.758,1,0,1.735,1.735,0,50,10031,566591.3,8.79,-1,12.96
1786081075799,241,v1,0.0143,0.3806,0.2443,1.3813,0.4698,0.01948,0.2146,0.001303,0.603,0,21,82.01,0.699,1,0,17.259,17.259,0,50,10330,328290.3,85.1,16,5.1
1786081078389,242,v1,0.0702,0.7682,0.144,2.1724,0.3793,0.02261,0.2355,0.00253,0.654,1,11,22.95,0.518,1,4910,9.23,4.106,1,50,9517,209130.3,100.0,8,16.52
1786081082299,243,v1,0.0643,0.2211,0.3624,1.4904,0.3175,0.00427,0.2379,0.001631,0.676,0,18,44.1,0.584,1,1359,17.0,15.063,0,50,10841,520733.7,74.58,17,6.72
1786081072996,244,v1,0.0642,0.5964,0.2772,1.4642,0.763,0.02809,0.1158,0.002074,0.659,1,16,43.87,0.896,1,3450,15.0,10.042,0,50,10784,398309.1,66.94,15,7.85
1786081075368,245,v1,0.0472,0.7781,0.3114,1.921,0.336,0.01848,0.1208,0.002999,0.685,1,33,51.25,0.565,1,0,14.359,14.359,1,50,10324,235015.4,100.0,13,11.12
1786081078369,246,v1,0.0444,0.7802,0.422,1.3884,0.3126,0.0051,0.25,0.003703,0.616,0,9,96.57,0.636,1,0,8.0,8.0,0,50,9450,370760.5,94.99,16,13.88
1786081081200,247,v1,0.0524,0.3957,0.2009,1.7867,0.1372,0.02123,0.1186,0.003189,0.681,0,32,50.01,0.464,1,0,14.345,14.345,1,50,10940,243477.0,100.0,13,12.1
1786081072224,248,v1,0.0746,0.3383,0.2272,2.02,0.6748,0.02693,0.1566,0.002771,0.591,0,34,31.2,0.409,1,0,8.697,8.697,1,50,9891,107144.3,100.0,5,10.39
1786081076212,249,v1,0.0556,0.7661,0.2232,0.9081,0.1371,0.00613,0.1291,0.001902,0.71,1,10,31.91,0.77,1,9301,9.0,0.269,0,50,9732,581133.6,2.54,-1,7.32
1786081078644,250,v1,0.0752,0.5551,0.1977,1.6951,0.7938,0.02251,0.1572,0.002627,0.678,1,20,45.73,0.716,1,0,11.024,11.024,1,50,9813,179607.8,100.0,8,9.71
1786081083295,251,v1,0.0454,0.9221,0.1995,0.9053,0.5292,0.02524,0.1594,0.002491,0.645,1,10,43.83,0.768,1,9172,9.0,0.753,0,50,10222,584979.3,7.47,-1,9.44
1786081073428,252,v1,0.0748,0.8775,0.2561,2.0266,0.744,0.02577,0.1661,0.002363,0.707,0,27,61.17,0.407,1,0,18.001,18.001,0,50,10068,312800.5,91.94,16,8.58
1786081075839,253,v1,0.0559,0.489,0.2927,0.9874,0.4993,0.0045,0.1328,0.002412,0.697,0,19,83.06,0.447,1,0,13.804,13.804,1,50,10352,246618.3,100.0,14,9.2
1786081080711,254,v1,0.0146,0.6215,0.4,2.0707,0.1548,0.02157,0.1301,0.001491,0.648,0,8,32.66,0.537,1,3957,7.0,5.214,0,50,11203,575782.2,33.61,19,6.23
1786081083471,255,v1,0.0762,0.3804,0.1906,1.7849,0.9685,0.00885,0.135,0.001262,0.68,1,16,37.23,0.35,1,0,13.247,13.247,1,50,10722,253701.2,100.0,13,4.77
1786081081664,256,v1,0.062,0.4024,0.3946,2.2573,0.7279,0.01152,0.2328,0.002917,0.624,0,8,31.82,0.513,1,3718,7.0,5.163,0,50,10311,426982.5,55.15,16,10.56
1786081083980,257,v1,0.0753,0.9986,0.1102,2.0014,0.794,0.00494,0.0894,0.003409,0.697,0,28,90.6,0.917,1,0,13.938,13.938,1,50,10037,221134.5,100.0,13,13.28
1786081086410,258,v1,0.0728,0.279,0.2996,1.6787,0.5852,0.03181,0.0547,0.001977,0.701,0,19,67.65,0.404,1,0,13.0,13.0,1,50,9747,224832.3,100.0,13,7.44
1786081089459,259,v1,0.05,0.432,0.1486,1.6254,0.2721,0.00454,0.2303,0.001969,0.586,1,7,25.33,0.853,1,9396,6.0,0.715,1,50,10772,293225.2,100.0,22,86.49
1786081083321,260,v1,0.0501,0.5351,0.1446,1.7471,0.5739,0.01297,0.1348,0.001648,0.59,1,9,39.41,0.838,1,9809,7.971,0.895,1,50,11211,295704.9,100.0,22,84.2
1786081085846,261,v1,0.0213,0.7812,0.4885,1.361,0.4434,0.00505,0.1861,0.001823,0.63,0,20,61.74,0.561,1,0,13.0,13.0,1,50,10362,221198.1,100.0,13,7.11
1786081088243,262,v1,0.0193,0.3889,0.1822,1.147,0.7577,0.00896,0.1871,0.002241,0.608,1,22,84.42,0.556,1,0,13.0,13.0,1,50,10510,231131.2,100.0,13,8.87
1786081092869,263,v1,0.0205,0.8406,0.4602,1.0294,0.5186,0.02426,0.1199,0.003239,0.606,1,11,62.01,0.807,1,9950,10.0,0.075,0,50,10371,613134.9,0.71,-1,12.23
1786081082868,264,v1,0.0509,0.7869,0.2095,0.9006,0.7246,0.00719,0.2366,0.003623,0.591,1,24,36.45,0.702,1,1178,10.115,8.835,1,50,10020,156118.5,100.0,5,13.99
1786081085803,265,v1,0.0394,0.6535,0.4209,2.3023,0.5686,0.02303,0.1772,0.001303,0.652,0,16,63.4,0.944,1,0,13.0,13.0,1,50,11948,267339.9,100.0,13,4.93
1786081088356,266,v1,0.0187,0.4618,0.4407,0.9442,0.3522,0.00405,0.0874,0.002001,0.705,1,21,56.17,0.777,1,0,14.798,14.798,1,50,10452,257438.6,100.0,14,7.94
1786081091023,267,v1,0.0447,0.6941,0.17,1.9348,0.3654,0.02141,0.1285,0.00363,0.672,0,21,60.81,0.679,1,0,13.0,13.0,1,50,9992,222079.1,100.0,13,13.16
1786081084476,268,v1,0.0153,0.382,0.409,1.0435,0.9759,0.01957,0.1229,0.003158,0.645,1,6,46.94,0.934,1,9302,5.0,0.0,1,50,9451,262125.1,0.0,-1,100.0
1786081086920,269,v1,0.0108,0.6269,0.141,2.2297,0.7548,0.02156,0.2096,0.00276,0.661,1,23,80.24,0.432,1,0,13.199,13.199,1,50,9985,229767.0,100.0,13,10.41
1786081089210,270,v1,0.0183,0.7671,0.2815,0.8014,0.9588,0.00343,0.1251,0.003624,0.704,0,29,30.35,0.623,1,0,14.926,14.926,1,50,9826,227869.4,100.0,13,13.46
1786081091709,271,v1,0.0359,0.5191,0.1664,2.2898,0.9127,0.01291,0.1055,0.003192,0.607,0,30,86.36,0.762,1,0,14.369,14.369,1,50,10013,224053.6,100.0,13,11.41
1786081085690,272,v1,0.0346,0.7886,0.4695,1.3548,0.6099,0.00792,0.0554,0.003368,0.615,0,31,69.67,0.959,1,0,12.87,12.87,1,50,11006,199919.7,100.0,9,12.63
1786081089484,273,v1,0.0596,0.4986,0.162,0.8319,0.4444,0.00737,0.059,0.002082,0.713,0,8,27.37,0.715,1,3862,7.0,5.055,0,50,10041,539587.4,54.16,18,7.76
1786081093503,274,v1,0.0182,0.5373,0.1713,2.1104,0.3072,0.01716,0.2056,0.002297,0.659,0,32,61.84,0.957,1,0,0.0,0.0,0,50,9142,550779.7,0.0,-1,9.08
1786081096252,275,v1,0.0138,0.3273,0.2791,1.892,0.3652,0.0033,0.2477,0.00281,0.715,0,23,50.87,0.924,1,0,17.663,17.663,1,50,10518,281918.1,100.0,17,16.49
1786081087713,276,v1,0.0276,0.2917,0.4977,2.414,0.1651,0.01145,0.1309,0.002609,0.646,0,31,73.09,0.845,1,0,15.279,15.279,0,50,10093,530531.8,64.87,19,9.9
1786081091261,277,v1,0.053,0.8306,0.128,1.2017,0.4078,0.00824,0.1255,0.003728,0.626,1,21,51.45,0.535,1,1060,17.169,15.411,0,50,11107,453184.7,95.62,16,14.14
1786081094190,278,v1,0.0465,0.2521,0.1079,1.6686,0.7812,0.02553,0.2267,0.001958,0.641,0,33,80.38,0.824,1,0,18.425,18.425,0,50,10814,321229.9,94.84,16,7.57
1786081096880,279,v1,0.0297,0.4718,0.4426,1.9955,0.6113,0.01135,0.2051,0.001776,0.694,1,8,35.22,0.566,1,8704,7.0,1.322,1,50,10881,284761.6,100.0,24,82.34
1786081087289,280,v1,0.0115,0.2582,0.272,1.6076,0.5396,0.01808,0.0923,0.002218,0.631,0,7,70.72,0.937,1,6109,6.0,3.611,1,50,10357,279459.7,100.0,14,63.12
1786081089941,281,v1,0.076,0.7271,0.3231,0.9377,0.6012,0.02399,0.1763,0.002431,0.705,0,32,73.43,0.457,1,0,18.364,18.364,0,50,10626,312166.8,87.32,16,9.63
1786081092797,282,v1,0.0748,0.4412,0.4499,2.1578,0.8319,0.01952,0.0969,0.001894,0.622,1,19,72.91,0.472,1,0,15.362,15.362,0,50,9655,272871.1,99.89,15,7.45
1786081095104,283,v1,0.0491,0.5311,0.1842,0.8922,0.9006,0.0181,0.122,0.002225,0.59,0,19,21.54,0.428,1,0,10.161,10.161,1,50,9541,154294.3,100.0,7,8.84
1786081094388,284,v1,0.0345,0.4002,0.3822,2.3769,0.4105,0.01491,0.0962,0.002743,0.69,1,19,30.39,0.419,1,4017,18.0,10.57,0,50,10203,561506.0,31.29,19,10.51
1786081096362,285,v1,0.072,0.5691,0.1199,1.2097,0.9042,0.02903,0.0805,0.002602,0.663,0,32,81.73,0.337,1,0,12.496,12.496,1,50,9956,187222.2,100.0,8,9.65
1786081098248,286,v1,0.0655,0.9155,0.3845,1.9568,0.8993,0.02956,0.2029,0.003308,0.642,0,35,60.7,0.429,1,0,10.991,10.991,1,50,9743,145659.8,100.0,5,12.92
1786081100490,287,v1,0.0577,0.812,0.1934,1.3501,0.1827,0.00989,0.2296,0.003004,0.713,1,4,62.53,0.535,1,6123,3.0,1.166,1,50,10119,258986.6,100.0,13,43.13
1786081093966,288,v1,0.0599,0.2902,0.4767,1.1896,0.3637,0.01668,0.0809,0.002836,0.67,0,32,91.77,0.482,1,0,14.351,14.351,1,50,9324,210074.6,100.0,13,10.94
1786081096331,289,v1,0.0397,0.7681,0.2332,1.0258,0.5959,0.0231,0.1498,0.001441,0.634,1,25,91.53,0.688,1,0,13.534,13.534,1,50,10417,232860.9,100.0,13,5.55
1786081099076,290,v1,0.072,0.6608,0.3246,0.9773,0.4783,0.01217,0.242,0.002209,0.684,1,19,53.65,0.501,1,1241,16.543,14.426,0,50,10029,403269.0,88.44,16,8.7
1786081101046,291,v1,0.0794,0.5525,0.2857,1.962,0.3271,0.02533,0.2306,0.003344,0.593,1,29,85.15,0.87,1,0,16.35,16.35,0,50,10816,284592.0,84.12,14,12.34
1786081094917,292,v1,0.0625,0.8152,0.254,2.246,0.95,0.01647,0.1334,0.002229,0.664,0,33,43.87,0.408,1,0,14.369,14.369,1,50,9865,228364.0,100.0,13,8.6
1786081097571,293,v1,0.0435,0.488,0.3829,2.2678,0.4738,0.03038,0.215,0.003294,0.667,1,4,99.35,0.955,1,10959,3.0,0.0,1,50,11057,307683.1,0.0,-1,100.0
1786081099284,294,v1,0.0595,0.8333,0.4481,1.2803,0.7753,0.03184,0.075,0.003002,0.67,1,31,25.01,0.504,1,0,11.271,11.271,1,50,10318,162368.4,100.0,6,11.79
1786081100969,295,v1,0.0647,0.6433,0.4356,1.2227,0.5036,0.02528,0.1336,0.003571,0.645,1,15,28.71,0.945,1,0,12.818,12.818,1,50,10197,221655.7,100.0,13,13.46
1786081095957,296,v1,0.0453,0.3554,0.3782,0.8524,0.3614,0.02495,0.1647,0.003011,0.636,1,11,98.58,0.958,1,3922,9.16,5.175,1,50,10140,196671.1,100.0,8,11.96
1786081099486,297,v1,0.0439,0.9186,0.4323,2.2869,0.7102,0.01712,0.2022,0.001281,0.667,1,13,54.35,0.989,1,9888,12.0,0.0,0,50,10054,594492.4,0.0,-1,5.1
1786081102373,298,v1,0.019,0.845,0.3865,1.6921,0.3571,0.01767,0.1944,0.001258,0.69,1,10,55.32,0.547,1,6937,9.0,3.34,0,50,11163,667547.0,0.0,-1,4.89
1786081103160,299,v1,0.0138,0.4651,0.399,1.1988,0.7469,0.02196,0.1473,0.003454,0.626,0,23,99.69,0.544,1,0,13.2,13.2,1,50,8758,195832.9,100.0,13,13.31
1786081111415,300,v1,0.0502,0.5424,0.2866,2.4997,0.2675,0.01033,0.1741,0.001801,0.676,0,36,28.68,0.854,1,0,24.966,24.966,0,50,10663,518772.4,94.5,18,7.08
1786081114023,301,v1,0.0792,0.2477,0.4179,2.4354,0.1193,0.0168,0.1458,0.00157,0.623,1,21,20.45,0.733,1,0,11.802,11.802,1,50,11500,231309.8,100.0,7,6.17
1786081116446,302,v1,0.0527,0.8523,0.4353,1.485,0.1957,0.01053,0.0764,0.001818,0.684,0,32,30.98,0.893,1,0,14.362,14.362,1,50,10255,223592.5,100.0,13,6.63
1786081119233,303,v1,0.0274,0.9261,0.1937,2.0714,0.9851,0.02507,0.1923,0.002544,0.653,0,13,60.09,0.467,1,3492,12.0,8.967,1,50,11862,289776.2,100.0,13,37.12
1786081111241,304,v1,0.0212,0.9932,0.2609,1.226,0.1857,0.00691,0.1174,0.00218,0.592,1,22,44.22,0.452,1,1393,13.0,11.338,1,50,11412,253783.1,100.0,13,20.33
1786081115255,305,v1,0.0108,0.2797,0.2706,1.6262,0.4826,0.01045,0.2282,0.003728,0.711,0,32,44.96,0.352,1,0,0.0,0.0,0,50,10392,570096.8,0.0,-1,14.19
1786081119165,306,v1,0.0258,0.6914,0.243,1.9341,0.328,0.02301,0.1311,0.00275,0.652,0,17,24.7,0.928,1,6046,16.0,7.416,0,50,10313,533870.1,33.91,18,10.37
1786081122180,307,v1,0.0106,0.2142,0.1958,1.5873,0.6829,0.01617,0.1264,0.00216,0.584,0,16,94.0,0.889,1,0,15.0,15.0,0,50,10735,352169.6,88.71,18,8.49
1786081112947,308,v1,0.0562,0.9355,0.1497,2.0726,0.5026,0.02206,0.0584,0.001603,0.62,0,9,33.11,0.877,1,4923,8.0,5.187,0,50,10631,474645.0,51.53,16,6.21
1786081115806,309,v1,0.0374,0.3843,0.3532,1.9593,0.2023,0.01493,0.1267,0.001838,0.641,1,34,35.28,0.731,1,1952,22.323,17.557,0,50,9576,434533.1,88.93,17,6.64
1786081118928,310,v1,0.0769,0.8452,0.3626,1.9675,0.183,0.00654,0.2428,0.003642,0.617,1,24,62.25,0.511,1,0,17.394,17.394,0,50,9862,400439.8,99.2,16,13.6
1786081121416,311,v1,0.0719,0.8683,0.352,1.153,0.1418,0.00844,0.1354,0.001276,0.717,0,23,58.85,0.414,1,0,13.205,13.205,1,50,10423,240544.9,100.0,13,5.11
1786081112837,312,v1,0.059,0.2012,0.1392,0.8574,0.191,0.00366,0.1794,0.002765,0.718,0,5,70.7,0.83,1,6794,4.0,2.836,1,50,11811,294477.2,100.0,14,27.42
1786081115630,313,v1,0.0631,0.4582,0.2559,1.0231,0.4881,0.02522,0.1121,0.001233,0.688,0,16,35.23,0.441,1,2609,15.0,11.653,0,50,10311,418871.5,64.0,16,4.86
1786081119928,314,v1,0.0364,0.5685,0.2761,2.379,0.4991,0.02078,0.1224,0.002065,0.621,1,7,34.28,0.672,1,7901,6.0,1.455,0,50,10564,568275.9,20.69,17,7.84
1786081122683,315,v1,0.014,0.3107,0.4303,1.2923,0.9094,0.01634,0.2357,0.002042,0.672,0,32,41.15,0.707,1,0,15.417,15.417,1,50,9955,238465.3,100.0,14,7.81
1786081112940,316,v1,0.0509,0.9567,0.3445,0.8821,0.582,0.02929,0.1028,0.002377,0.587,1,33,21.71,0.951,1,1598,15.016,12.558,0,50,10429,250996.1,85.52,11,8.99
1786081115131,317,v1,0.0622,0.9302,0.3182,1.0611,0.4042,0.0227,0.0883,0.002878,0.643,1,10,76.48,0.576,1,3957,7.417,3.716,1,50,9861,192311.7,100.0,5,10.66
1786081117665,318,v1,0.0195,0.4587,0.4434,1.3741,0.728,0.02747,0.1746,0.002265,0.645,0,28,65.93,0.519,1,0,17.661,17.661,0,50,10489,305961.7,84.73,15,7.84
1786081120204,319,v1,0.0426,0.4265,0.4485,1.2968,0.6883,0.01737,0.2457,0.002475,0.652,0,20,83.03,0.995,1,0,13.0,13.0,1,50,10500,241105.1,100.0,13,9.55
1786081113290,320,v1,0.0374,0.5149,0.178,0.9815,0.772,0.00328,0.1699,0.003267,0.697,0,5,56.25,0.426,1,3033,4.0,3.405,1,50,10341,265468.6,100.0,14,36.48
1786081115819,321,v1,0.045,0.6023,0.169,1.0527,0.537,0.00612,0.2429,0.003311,0.593,1,19,28.91,0.332,1,0,12.984,12.984,1,50,11739,252920.7,100.0,13,12.01
1786081120024,322,v1,0.0412,0.6167,0.223,1.1079,0.3254,0.00391,0.1853,0.003283,0.705,1,21,93.43,0.537,1,0,2.618,2.618,0,50,10604,580510.6,13.81,-1,12.36
1786081122670,323,v1,0.0389,0.7794,0.1128,1.3924,0.3407,0.02636,0.2052,0.001265,0.605,0,22,22.38,0.776,1,1142,12.998,11.746,1,50,10283,239320.7,100.0,13,4.65
1786081113236,324,v1,0.067,0.8442,0.454,2.1333,0.2343,0.02972,0.1411,0.002649,0.581,1,36,24.0,0.426,1,912,8.699,7.865,1,50,10434,108987.4,100.0,3,10.34
1786081116922,325,v1,0.0674,0.7926,0.3143,2.2913,0.7106,0.01888,0.2045,0.002537,0.705,1,18,27.84,0.967,1,3414,17.0,11.617,0,50,11267,513463.6,68.34,17,9.83
1786081120323,326,v1,0.0459,0.4466,0.2908,2.1464,0.293,0.01814,0.1097,0.001628,0.592,1,9,90.7,0.426,1,5427,8.0,3.578,0,50,9941,461900.5,38.1,15,6.19
1786081123845,327,v1,0.045,0.6439,0.3048,1.2143,0.4699,0.02021,0.2489,0.00133,0.665,0,15,53.92,0.693,1,4565,14.0,7.877,0,50,9122,437304.8,43.64,16,5.16
1786081122572,328,v1,0.051,0.5965,0.4465,1.5242,0.9651,0.02409,0.127,0.00163,0.613,0,33,87.86,0.849,1,0,17.503,17.503,0,50,10051,282220.4,95.12,14,6.16
1786081124805,329,v1,0.076,0.5909,0.2752,1.9834,0.9103,0.02701,0.0569,0.002577,0.613,1,15,68.4,0.357,1,0,9.335,9.335,1,50,9847,147517.4,100.0,5,10.15
1786081127011,330,v1,0.0444,0.6737,0.1986,2.1428,0.2388,0.01311,0.2354,0.003662,0.635,0,21,21.87,0.787,1,0,13.0,13.0,1,50,9159,201690.7,100.0,13,13.18
1786081129573,331,v1,0.0496,0.9745,0.113,0.8593,0.358,0.03071,0.2454,0.001415,0.719,0,7,85.56,0.637,1,0,6.0,6.0,1,50,11541,262200.8,100.0,13,5.81
1786081123458,332,v1,0.0436,0.5885,0.4986,1.1145,0.7466,0.00484,0.1706,0.002185,0.709,1,34,56.31,0.874,1,0,14.776,14.776,1,50,9486,215451.8,100.0,13,8.41
1786081125700,333,v1,0.0686,0.8412,0.145,1.3067,0.8433,0.03155,0.1574,0.002788,0.612,1,7,59.89,0.356,1,2252,5.042,3.803,1,50,11079,154186.2,100.0,4,10.3
1786081128972,334,v1,0.0705,0.5356,0.4966,1.0067,0.7121,0.03147,0.2071,0.002656,0.646,0,25,26.18,0.502,1,567,15.644,14.901,0,50,10925,297548.1,84.18,14,10.3
1786081132450,335,v1,0.0696,0.9767,0.3268,1.7379,0.3369,0.02098,0.0536,0.002842,0.707,0,6,59.1,0.525,1,3178,5.0,4.06,0,50,10273,466126.7,61.91,16,11.15
1786081124729,336,v1,0.0234,0.385,0.3767,1.99,0.4557,0.03055,0.1964,0.002948,0.649,1,14,92.42,0.763,1,0,13.0,13.0,1,50,10650,241863.8,100.0,13,10.61
1786081127460,337,v1,0.057,0.49,0.4257,1.8946,0.842,0.0293,0.1674,0.003384,0.716,1,21,42.68,0.49,1,865,17.126,15.593,0,50,10168,344863.4,85.26,16,12.0
1786081130204,338,v1,0.0305,0.5353,0.3802,1.441,0.6347,0.02956,0.157,0.002813,0.641,1,5,85.52,0.639,1,8908,4.0,0.439,1,50,10131,277957.8,100.0,25,90.2
1786081134303,339,v1,0.0605,0.3868,0.4982,1.1304,0.5984,0.02868,0.1462,0.00227,0.671,0,4,54.37,0.694,1,4683,3.0,2.564,0,50,10818,432751.3,51.29,15,8.45
1786081127281,340,v1,0.0341,0.4944,0.1876,1.0301,0.654,0.0139,0.1102,0.002839,0.604,1,7,46.28,0.808,1,10482,6.0,0.0,0,50,10654,633489.6,0.0,-1,10.88
1786081129462,341,v1,0.0404,0.8485,0.1086,2.363,0.4834,0.0235,0.2273,0.003279,0.63,1,27,63.79,0.857,1,0,13.857,13.857,1,50,9986,230205.9,100.0,13,12.01
1786081131817,342,v1,0.0669,0.4245,0.4626,1.2013,0.37,0.02633,0.172,0.003433,0.629,0,27,85.2,0.625,1,0,9.545,9.545,1,50,9704,125610.7,100.0,5,13.3
1786081134343,343,v1,0.0138,0.3704,0.3837,1.3639,0.7506,0.02474,0.157,0.003042,0.633,0,7,33.99,0.894,1,5979,6.0,3.542,1,50,9911,252110.2,100.0,13,65.75
1786081126377,344,v1,0.0303,0.2876,0.4369,1.1854,0.6911,0.01681,0.2358,0.002918,0.664,0,29,23.54,0.998,1,1142,19.251,17.232,0,50,10537,367823.8,84.74,17,11.66
1786081129055,345,v1,0.0254,0.7204,0.3195,2.2134,0.2748,0.02507,0.0912,0.003186,0.593,0,6,76.83,0.322,1,0,5.0,5.0,1,50,10511,236050.2,100.0,13,12.3
1786081131681,346,v1,0.0258,0.6914,0.1281,1.2241,0.7075,0.00621,0.2291,0.001467,0.652,0,15,77.45,0.541,1,0,13.0,13.0,1,50,10905,239553.7,100.0,13,5.97
1786081135505,347,v1,0.0433,0.996,0.4397,0.9506,0.9273,0.00551,0.2261,0.00177,0.703,1,25,23.3,0.397,1,793,13.927,12.423,0,50,10582,495387.4,65.77,18,6.56
1786081128330,348,v1,0.0109,0.2608,0.2724,1.691,0.6712,0.00602,0.0621,0.003677,0.651,1,22,79.0,0.689,1,0,0.0,0.0,0,50,11070,617732.9,0.0,-1,14.06
1786081131095,349,v1,0.0566,0.3081,0.1793,1.781,0.4596,0.02517,0.1979,0.001728,0.712,1,27,71.68,0.86,1,0,14.662,14.662,1,50,10389,248725.4,100.0,13,6.95
1786081134012,350,v1,0.0237,0.2756,0.486,1.6046,0.5499,0.0318,0.1157,0.002377,0.6,1,30,22.36,0.736,1,1627,15.642,13.053,0,50,10471,292540.5,86.14,13,9.31
1786081138773,351,v1,0.0173,0.6254,0.4136,0.9936,0.411,0.01855,0.1883,0.003362,0.615,1,11,21.71,0.739,1,9995,10.0,0.16,0,50,10511,559307.5,1.35,-1,13.16
1786081127383,352,v1,0.062,0.3141,0.2087,1.0966,0.7619,0.02741,0.1838,0.002605,0.6,1,5,75.66,0.743,1,8329,4.0,0.682,1,50,10132,266704.1,100.0,18,12.2
1786081131069,353,v1,0.0362,0.9404,0.2442,1.2263,0.9089,0.01116,0.2398,0.002966,0.607,1,14,24.22,0.575,1,6410,13.0,3.6,0,50,9223,470150.6,25.02,17,11.03
1786081133814,354,v1,0.0616,0.7714,0.1328,2.2237,0.5114,0.02875,0.117,0.00208,0.649,0,4,39.72,0.362,1,1971,3.0,2.818,1,50,10936,209986.9,100.0,8,24.73
1786081137168,355,v1,0.0624,0.6291,0.1945,1.5196,0.201,0.02161,0.0541,0.001908,0.601,0,6,54.45,0.944,1,5990,5.0,3.396,1,50,11313,279043.7,100.0,13,14.54
1786081133620,356,v1,0.0504,0.4804,0.2274,0.8728,0.8363,0.01017,0.0654,0.002495,0.715,1,24,63.46,0.408,1,0,19.083,19.083,0,50,10572,403140.6,91.14,18,9.39
1786081137917,357,v1,0.0213,0.8893,0.1367,0.8695,0.9247,0.03122,0.0624,0.002774,0.715,1,12,48.36,0.994,1,10341,11.0,0.0,0,50,10631,612722.5,0.0,-1,10.49
1786081140979,358,v1,0.065,0.3902,0.4595,1.2011,0.2207,0.01717,0.2183,0.001814,0.689,1,9,36.97,0.944,1,10085,8.0,0.0,1,50,10235,283895.6,100.0,18,10.9
1786081143606,359,v1,0.0361,0.4525,0.3233,2.1426,0.4607,0.00637,0.1187,0.00324,0.602,1,36,27.96,0.799,1,1597,14.712,12.339,1,50,11013,247537.5,100.0,13,12.19
1786081137518,360,v1,0.0513,0.3681,0.1273,1.755,0.9584,0.01462,0.1704,0.00215,0.623,0,16,21.69,0.905,1,7421,15.0,5.894,0,50,10957,591810.2,26.47,17,8.4
1786081140283,361,v1,0.0265,0.4867,0.1969,1.0395,0.6797,0.02214,0.1882,0.001726,0.642,1,33,40.86,0.45,1,962,19.377,17.436,0,50,10042,333057.5,83.86,17,6.48
1786081142660,362,v1,0.0447,0.3414,0.3324,2.021,0.8118,0.00826,0.1298,0.003334,0.597,1,16,34.08,0.839,1,0,13.0,13.0,1,50,9885,227029.1,100.0,13,12.18
1786081145888,363,v1,0.0356,0.3751,0.1112,1.4061,0.6946,0.02841,0.0928,0.001639,0.697,1,27,51.36,0.678,1,1583,19.016,15.952,0,50,10155,370367.1,86.63,17,6.14
1786081137153,364,v1,0.0689,0.5435,0.1956,2.3742,0.99,0.02394,0.1625,0.003516,0.592,0,18,53.28,0.473,1,0,9.291,9.291,1,50,9753,139587.4,100.0,4,12.67
1786081140080,365,v1,0.0356,0.8077,0.4131,0.8169,0.563,0.01802,0.2412,0.001417,0.705,1,22,97.51,0.39,1,0,15.813,15.813,0,50,9410,404393.1,77.48,18,5.29
1786081142637,366,v1,0.0704,0.3798,0.4043,2.2415,0.823,0.0277,0.2213,0.001847,0.696,0,30,83.46,0.852,1,0,14.359,14.359,1,50,10277,229486.1,100.0,13,7.25
1786081145725,367,v1,0.0604,0.4791,0.2558,1.5093,0.9608,0.00619,0.1189,0.001946,0.674,0,24,91.95,0.758,1,0,13.356,13.356,1,50,11775,262410.4,100.0,13,7.46
1786081139668,368,v1,0.0246,0.4164,0.4935,2.2279,0.2121,0.01229,0.1721,0.002653,0.59,1,9,42.71,0.305,1,3441,8.0,5.275,0,50,10322,462982.8,62.17,17,10.28
1786081141986,369,v1,0.0492,0.3712,0.2654,1.553,0.3521,0.02251,0.2125,0.001548,0.636,1,28,30.93,0.533,1,1084,14.035,12.505,1,50,10270,232962.2,100.0,13,5.97
1786081144604,370,v1,0.0297,0.5254,0.2075,1.2266,0.9989,0.00344,0.1803,0.003239,0.623,1,18,65.0,0.501,1,0,13.0,13.0,1,50,10080,223183.1,100.0,13,12.26
1786081147834,371,v1,0.0734,0.2773,0.3594,1.6905,0.131,0.01585,0.2347,0.002859,0.638,1,5,75.87,0.991,1,10482,4.0,0.0,1,50,10602,296362.4,100.0,19,23.58
1786081139092,372,v1,0.0413,0.3564,0.1496,2.0649,0.3588,0.00874,0.0594,0.003695,0.673,0,32,36.27,0.435,1,0,15.12,15.12,1,50,10377,239365.7,100.0,13,13.53
1786081141777,373,v1,0.0731,0.998,0.101,2.1598,0.5613,0.01521,0.1399,0.001777,0.612,1,34,90.89,0.945,1,0,18.471,18.471,0,50,10210,303464.1,94.67,15,6.69
1786081144656,374,v1,0.066,0.4225,0.2705,1.2777,0.1347,0.02296,0.1296,0.002996,0.635,1,17,52.06,0.301,1,777,15.014,13.763,0,50,9791,340004.7,98.6,15,11.23
1786081147798,375,v1,0.038,0.7936,0.489,2.3259,0.9479,0.00844,0.0518,0.003735,0.599,1,32,42.61,0.593,1,1088,19.077,16.872,0,50,10545,348664.5,95.93,17,14.14
1786081140744,376,v1,0.0601,0.678,0.1762,1.9258,0.6575,0.02402,0.1927,0.002365,0.593,0,29,30.24,0.655,1,0,16.85,16.85,0,50,11040,303743.6,96.07,14,8.84
1786081143583,377,v1,0.0644,0.3479,0.3392,1.8098,0.898,0.02612,0.0818,0.001237,0.668,0,31,88.18,0.91,1,0,18.068,18.068,0,50,10067,288297.4,96.54,16,4.98
1786081147425,378,v1,0.0462,0.6225,0.3946,2.4157,0.2286,0.02816,0.2484,0.001619,0.702,1,25,74.55,0.693,1,0,18.559,18.559,0,50,11361,470765.5,85.5,17,6.13
1786081151560,379,v1,0.0429,0.837,0.411,2.4743,0.4259,0.00301,0.0802,0.001897,0.634,0,7,34.53,0.61,1,4752,6.0,4.239,0,50,10935,565905.3,51.05,19,7.66
1786081142078,380,v1,0.032,0.8485,0.2007,1.3192,0.3015,0.01092,0.1251,0.003095,0.584,0,19,86.97,0.394,1,0,16.231,16.231,0,50,10338,314773.3,87.27,16,11.72
1786081144846,381,v1,0.0204,0.2332,0.1925,1.2287,0.895,0.00904,0.2435,0.00211,0.675,1,33,94.77,0.873,1,0,16.264,16.264,1,50,10265,251136.4,100.0,15,8.89
1786081147845,382,v1,0.0752,0.7461,0.2155,1.5904,0.544,0.01577,0.1405,0.003,0.588,1,17,76.98,0.443,1,0,15.0,15.0,0,50,10528,288294.6,100.0,15,11.1
1786081150382,383,v1,0.0174,0.7226,0.4053,2.3732,0.3466,0.03155,0.1884,0.001715,0.594,0,9,76.75,0.468,1,0,7.96,7.96,1,50,10291,236353.8,100.0,13,6.83
1786081148500,384,v1,0.0295,0.7993,0.3259,2.1168,0.4444,0.02608,0.1502,0.003301,0.717,1,16,32.8,0.343,1,4323,15.0,8.199,0,50,9991,555198.5,21.56,19,11.79
1786081151615,385,v1,0.0778,0.2613,0.4402,2.4442,0.5937,0.00365,0.2212,0.003192,0.675,0,21,86.04,0.529,1,0,17.541,17.541,0,50,9912,421954.3,84.15,17,11.94
1786081153673,386,v1,0.0629,0.6811,0.2543,2.3232,0.8401,0.01654,0.0661,0.002644,0.659,1,8,98.64,0.834,1,8826,7.0,0.394,1,50,9555,256469.5,100.0,23,94.73
1786081156812,387,v1,0.0138,0.9424,0.4356,1.88,0.765,0.01891,0.1783,0.001226,0.583,0,5,64.58,0.724,1,4992,4.0,3.034,0,50,10387,466120.7,46.62,16,5.07
1786081150486,388,v1,0.0344,0.8603,0.4757,1.8101,0.1846,0.00723,0.1786,0.002711,0.691,0,29,87.36,0.32,1,0,7.431,7.431,0,50,10012,540983.3,34.81,19,10.22
1786081152614,389,v1,0.0491,0.5706,0.2663,0.9078,0.1221,0.00781,0.1293,0.003331,0.671,0,21,52.27,0.547,1,0,13.0,13.0,1,50,9933,224487.7,100.0,13,12.65
1786081154681,390,v1,0.0235,0.7018,0.3365,1.3326,0.7984,0.00556,0.2305,0.001523,0.676,1,22,63.16,0.5,1,1378,13.0,11.135,1,50,9921,228250.5,100.0,13,19.56
1786081157621,391,v1,0.0304,0.841,0.1843,1.2489,0.8357,0.00812,0.208,0.001735,0.615,1,16,42.38,0.761,1,10111,15.0,0.0,0,50,10358,623084.0,0.0,-1,6.66
1786081151656,392,v1,0.0464,0.2666,0.3394,2.3259,0.1496,0.0181,0.0872,0.002761,0.709,1,9,78.86,0.88,1,10714,8.0,0.0,0,50,10955,650288.2,0.0,-1,10.65
1786081153821,393,v1,0.0279,0.8337,0.1405,1.3466,0.5784,0.03114,0.2482,0.001418,0.691,0,23,77.06,0.786,1,0,13.194,13.194,1,50,11083,246251.0,100.0,13,5.55
1786081155906,394,v1,0.0406,0.2248,0.1971,1.2425,0.7056,0.00868,0.1839,0.001282,0.588,1,21,64.11,0.721,1,0,16.557,16.557,0,50,9498,279062.0,93.3,16,4.49
1786081157644,395,v1,0.0541,0.2963,0.4944,1.4447,0.7142,0.0114,0.2427,0.003113,0.683,0,25,50.79,0.722,1,0,13.957,13.957,1,50,10865,249322.3,100.0,13,12.04
1786081151538,396,v1,0.0123,0.5819,0.23,1.9986,0.6034,0.00978,0.1751,0.00202,0.665,0,28,63.84,0.646,1,0,14.882,14.882,1,50,11719,258085.7,100.0,14,7.82
1786081153966,397,v1,0.023,0.4134,0.2782,1.4,0.2339,0.00442,0.2004,0.002722,0.659,0,8,42.86,0.577,1,4408,7.0,5.05,1,50,11493,279430.7,100.0,14,45.36
1786081156025,398,v1,0.0511,0.6345,0.327,2.3762,0.8905,0.02062,0.24,0.00329,0.649,0,24,72.04,0.454,1,0,12.636,12.636,1,50,11024,224571.8,100.0,11,12.32
1786081158521,399,v1,0.0278,0.643,0.3199,1.6727,0.2109,0.02286,0.1106,0.002598,0.701,1,25,48.35,0.414,1,715,10.793,9.44,0,50,10844,557390.0,50.31,18,9.62
1786081165570,400,v1,0.0748,0.477,0.4604,1.0833,0.8676,0.00646,0.183,0.003231,0.718,1,29,95.02,0.764,1,0,14.284,14.284,1,50,9956,223674.6,100.0,13,12.44
1786081169636,401,v1,0.0444,0.3508,0.3435,1.6935,0.6627,0.0084,0.1005,0.001604,0.604,1,13,21.04,0.539,1,6783,12.0,3.949,0,50,10323,560140.3,30.03,17,6.55
1786081172182,402,v1,0.0532,0.7036,0.3168,0.9075,0.5588,0.00735,0.0798,0.003682,0.617,0,14,96.13,0.421,1,0,12.873,12.873,1,50,11370,243709.1,100.0,13,14.21
1786081174397,403,v1,0.0531,0.963,0.306,1.2204,0.9344,0.01457,0.1611,0.001678,0.615,0,29,36.78,0.304,1,0,11.003,11.003,1,50,10440,163625.1,100.0,5,6.3
1786081167177,404,v1,0.0337,0.7378,0.2364,0.842,0.2193,0.02114,0.2382,0.001964,0.695,1,36,99.17,0.629,1,0,23.249,23.249,0,50,10915,465899.0,84.33,18,7.72
1786081171683,405,v1,0.0142,0.265,0.498,1.243,0.6686,0.01255,0.2326,0.002995,0.713,0,5,38.22,0.886,1,7652,4.0,2.584,0,50,10917,660203.0,0.0,-1,11.26
1786081174182,406,v1,0.0309,0.9767,0.2346,2.1433,0.3581,0.00403,0.0503,0.003577,0.626,0,27,81.79,0.86,1,0,13.86,13.86,1,50,10585,241886.8,100.0,13,13.22
1786081178771,407,v1,0.0334,0.7634,0.3726,1.672,0.645,0.01312,0.1652,0.003019,0.646,1,5,41.68,0.42,1,7001,4.0,1.692,0,50,12261,604801.9,35.81,18,10.95
1786081168815,408,v1,0.0629,0.4766,0.1069,1.1664,0.2984,0.01156,0.2222,0.002588,0.657,1,7,99.7,0.771,1,10217,6.0,0.296,0,50,10923,649736.3,4.54,-1,10.02
1786081173503,409,v1,0.017,0.9957,0.2437,1.8244,0.2906,0.0038,0.2113,0.002817,0.714,1,36,85.27,0.836,1,0,0.0,0.0,0,50,11492,667420.2,0.0,-1,10.69
1786081177701,410,v1,0.0539,0.9287,0.293,2.1508,0.779,0.0101,0.188,0.002214,0.596,1,8,65.37,0.848,1,9782,7.0,0.126,0,50,10126,584833.8,1.6,-1,8.56
1786081181264,411,v1,0.0237,0.9527,0.2188,1.5497,0.3774,0.0177,0.1637,0.001282,0.681,0,24,99.9,0.571,1,0,12.077,12.077,0,50,9739,497726.5,60.3,19,4.98
1786081167947,412,v1,0.0676,0.3051,0.2668,0.8528,0.6507,0.02956,0.1242,0.003504,0.663,1,26,84.22,0.48,1,0,16.485,16.485,0,50,10739,299699.7,88.56,15,13.16
1786081170101,413,v1,0.0108,0.9013,0.4908,1.2999,0.6499,0.01698,0.0965,0.001465,0.693,0,31,79.65,0.424,1,0,14.375,14.375,1,50,9564,208612.9,100.0,13,5.66
1786081174366,414,v1,0.0323,0.4806,0.3288,1.8618,0.1062,0.01672,0.2104,0.001823,0.691,1,5,61.23,0.523,1,7818,4.0,0.972,0,50,10400,577315.3,11.95,-1,7.12
1786081177366,415,v1,0.059,0.9151,0.493,1.1863,0.2672,0.01848,0.0525,0.001346,0.689,1,32,35.61,0.89,1,1768,20.075,16.429,0,50,9962,423560.9,87.71,16,4.97
1786081168612,416,v1,0.078,0.78,0.1623,1.9738,0.4327,0.01591,0.0516,0.001727,0.642,1,32,84.2,0.947,1,0,18.808,18.808,0,50,10641,390393.5,99.98,16,6.92
1786081170742,417,v1,0.0193,0.7267,0.1781,1.1028,0.508,0.00609,0.1003,0.003173,0.634,0,13,66.91,0.417,1,2325,12.0,9.433,1,50,9427,222633.0,100.0,13,34.85
1786081173519,418,v1,0.0355,0.9364,0.3016,2.4278,0.1021,0.01553,0.1507,0.001352,0.716,1,6,43.67,0.506,1,6030,5.0,2.163,1,50,10688,284506.2,100.0,13,58.92
1786081176493,419,v1,0.0797,0.3415,0.3159,0.8695,0.2032,0.02122,0.1111,0.003506,0.697,1,8,99.71,0.528,1,7228,7.0,2.501,1,50,11517,280892.9,100.0,13,13.45
1786081168574,420,v1,0.0286,0.6035,0.3735,1.3296,0.9993,0.01981,0.0931,0.002609,0.634,0,33,71.42,0.839,1,0,18.786,18.786,0,50,9251,281563.6,87.33,16,9.25
1786081172486,421,v1,0.043,0.5498,0.3592,1.0109,0.1011,0.00904,0.2072,0.001454,0.705,1,27,51.26,0.835,1,2880,11.896,6.01,0,50,10581,606182.4,53.3,18,5.71
1786081176810,422,v1,0.0236,0.5903,0.2644,2.2244,0.9795,0.00767,0.2064,0.002585,0.623,0,20,48.47,0.444,1,2437,19.0,15.009,0,50,10936,650551.6,0.6,-1,10.2
1786081180106,423,v1,0.0586,0.9865,0.2188,1.8431,0.1546,0.02248,0.2377,0.003658,0.619,0,29,24.26,0.6,1,1037,17.458,15.727,0,50,10352,351909.8,87.38,15,13.68
1786081169294,424,v1,0.0654,0.9974,0.2465,1.6836,0.2653,0.01595,0.1939,0.002222,0.61,0,16,98.2,0.373,1,0,12.783,12.783,1,50,10346,222152.6,100.0,13,8.55
1786081171696,425,v1,0.0381,0.4762,0.124,2.0946,0.3139,0.02759,0.1445,0.002904,0.671,0,32,93.64,0.454,1,0,14.355,14.355,1,50,10353,227503.8,100.0,13,10.73
1786081174020,426,v1,0.0457,0.8367,0.4759,1.0298,0.7709,0.00913,0.1101,0.003015,0.625,0,17,87.84,0.84,1,0,12.842,12.842,1,50,9927,222978.2,100.0,13,11.68
1786081176513,427,v1,0.021,0.6351,0.3528,1.6088,0.1936,0.02484,0.2039,0.002034,0.622,1,36,90.57,0.412,1,0,14.737,14.737,1,50,11196,256183.2,100.0,13,7.88
1786081177360,428,v1,0.0535,0.4241,0.4249,1.4699,0.2218,0.02978,0.1283,0.002566,0.627,0,7,90.05,0.813,1,0,6.0,6.0,1,50,10625,211811.2,100.0,8,10.0
1786081180446,429,v1,0.0552,0.392,0.1267,0.9629,0.8142,0.00952,0.084,0.002738,0.686,0,30,32.9,0.392,1,0,14.787,14.787,1,50,11335,252995.4,100.0,13,11.11
1786081183341,430,v1,0.0438,0.3132,0.1568,1.88,0.1341,0.02116,0.1621,0.001249,0.592,1,6,94.98,0.55,1,6565,5.0,1.816,1,50,10372,255801.7,100.0,13,65.62
1786081185569,431,v1,0.0482,0.3829,0.3023,1.5629,0.5016,0.02405,0.1877,0.001528,0.598,1,33,45.91,0.435,1,0,10.963,10.963,1,50,10321,159965.2,100.0,5,5.96
1786081180232,432,v1,0.0564,0.2633,0.102,0.9275,0.952,0.01569,0.2121,0.002454,0.7,1,29,89.86,0.654,1,0,19.297,19.297,0,50,10176,340715.5,93.85,17,9.25
1786081182957,433,v1,0.053,0.9502,0.2591,1.9237,0.5177,0.02965,0.1494,0.002224,0.692,0,9,85.48,0.97,1,0,8.0,8.0,0,50,10285,321442.3,84.89,16,8.88
1786081185767,434,v1,0.0725,0.6067,0.4855,2.0932,0.3109,0.01049,0.1552,0.003535,0.59,1,7,47.59,0.427,1,3512,5.397,3.429,1,50,10573,200564.9,100.0,5,15.97
1786081189214,435,v1,0.0734,0.4475,0.1083,1.5927,0.6834,0.00659,0.2434,0.002765,0.679,0,24,38.47,0.319,1,0,18.23,18.23,0,50,11283,456012.0,88.19,17,10.53
1786081180480,436,v1,0.0366,0.8683,0.3224,1.8588,0.7093,0.01532,0.0705,0.003179,0.67,0,20,77.24,0.774,1,0,13.0,13.0,1,50,10089,229008.3,100.0,13,11.56
1786081185035,437,v1,0.0283,0.9843,0.1922,1.3915,0.9117,0.01181,0.1261,0.002637,0.658,1,12,36.2,0.884,1,10344,11.0,0.0,0,50,10646,623515.6,0.0,-1,10.13
1786081189270,438,v1,0.0148,0.6755,0.2267,1.6705,0.3204,0.01685,0.221,0.00315,0.604,1,16,82.04,0.963,1,9848,15.0,0.0,0,50,10306,631368.4,0.0,-1,12.19
1786081192997,439,v1,0.0517,0.6092,0.4087,2.0939,0.7656,0.00781,0.0849,0.002563,0.699,1,27,98.66,0.678,1,0,14.62,14.62,0,50,9996,468678.7,66.35,18,10.03
1786081181285,440,v1,0.0709,0.9226,0.3329,2.1349,0.319,0.01156,0.2474,0.003338,0.704,1,6,69.29,0.598,1,8497,5.0,0.843,1,50,10391,272954.8,100.0,19,55.77
1786081185210,441,v1,0.0469,0.5649,0.2673,1.0458,0.2048,0.02342,0.0928,0.001513,0.719,0,16,25.36,0.336,1,2211,15.0,12.414,0,50,11369,532253.3,71.77,17,5.86
1786081187962,442,v1,0.0146,0.6852,0.3342,1.6451,0.7304,0.01843,0.0687,0.002723,0.644,1,26,60.01,0.693,1,0,13.692,13.692,1,50,10376,234305.6,100.0,13,10.57
1786081190648,443,v1,0.0274,0.777,0.4192,1.0605,0.3572,0.00366,0.2302,0.003216,0.603,0,27,49.31,0.915,1,0,13.842,13.842,1,50,10961,251446.6,100.0,13,11.65
1786081182006,444,v1,0.0649,0.8881,0.4026,1.2967,0.5924,0.00476,0.1755,0.001281,0.709,1,32,73.76,0.849,1,0,14.356,14.356,1,50,10175,233782.6,100.0,13,4.59
1786081185346,445,v1,0.0287,0.2353,0.1324,1.8466,0.5927,0.0203,0.0805,0.002436,0.676,1,31,26.26,0.55,1,1087,14.407,11.851,0,50,9783,444850.5,63.18,18,9.41
1786081187970,446,v1,0.0683,0.7622,0.3381,1.0266,0.226,0.02462,0.1701,0.001957,0.636,0,29,96.14,0.376,1,0,12.805,12.805,1,50,10688,203805.7,100.0,7,7.36
1786081191843,447,v1,0.0414,0.7101,0.2831,1.4857,0.8873,0.00459,0.1299,0.002545,0.585,1,10,33.07,0.762,1,9345,9.0,0.0,0,50,9593,552227.2,0.0,-1,10.19
1786081183696,448,v1,0.0115,0.3335,0.1018,1.085,0.686,0.01067,0.1446,0.002693,0.72,0,32,87.89,0.45,1,0,18.546,18.546,1,50,11227,297458.3,100.0,17,11.03
1786081187307,449,v1,0.05,0.2031,0.2391,2.3623,0.5827,0.01227,0.0759,0.002973,0.664,1,5,79.05,0.376,1,4693,4.0,2.099,0,50,10002,515592.4,45.63,18,11.56
1786081190117,450,v1,0.0462,0.5104,0.28,1.3553,0.3749,0.023,0.2075,0.002769,0.58,0,4,80.43,0.444,1,0,3.0,3.0,0,50,9961,265185.1,94.12,14,10.73
1786081192601,451,v1,0.0171,0.8472,0.1124,1.3892,0.3906,0.02645,0.1041,0.001472,0.631,1,21,99.17,0.877,1,0,13.0,13.0,1,50,9917,225558.8,100.0,13,5.94
1786081184546,452,v1,0.0547,0.3944,0.1244,1.0339,0.1556,0.00541,0.1594,0.002369,0.712,1,20,91.57,0.492,1,0,13.933,13.933,1,50,10218,242716.9,100.0,14,9.47
1786081187627,453,v1,0.0492,0.2545,0.3302,1.4175,0.264,0.01653,0.2323,0.003196,0.588,1,13,57.34,0.352,1,3860,12.0,7.04,0,50,9688,392470.0,58.68,15,11.96
1786081190705,454,v1,0.0485,0.8754,0.3444,2.1345,0.298,0.01405,0.1115,0.001624,0.647,1,6,31.69,0.321,1,4451,5.0,2.88,1,50,10568,265492.5,100.0,13,45.5
1786081194473,455,v1,0.0438,0.3321,0.4451,2.48,0.6212,0.01505,0.1851,0.003232,0.669,0,14,42.35,0.811,1,4885,13.0,7.299,0,50,9848,486178.4,41.11,18,12.48
1786081190587,456,v1,0.055,0.5161,0.3698,1.3026,0.5438,0.02677,0.0578,0.003469,0.709,0,17,74.05,0.975,1,5943,16.0,8.224,0,50,11292,523250.0,39.66,16,12.58
1786081193434,457,v1,0.0794,0.5196,0.1785,1.3641,0.5529,0.01907,0.1305,0.001327,0.685,1,17,58.3,0.976,1,1450,16.0,13.556,0,50,9678,364895.8,84.73,16,5.22
1786081196281,458,v1,0.0703,0.9215,0.2718,2.1142,0.2507,0.01651,0.2018,0.00302,0.58,0,8,88.43,0.462,1,0,7.0,7.0,0,50,9967,276151.5,100.0,15,11.12
1786081198320,459,v1,0.0727,0.4166,0.4259,1.5553,0.2424,0.0288,0.0687,0.002002,0.611,0,17,42.37,0.629,1,0,10.808,10.808,1,50,9586,169613.6,100.0,5,7.55
1786081193274,460,v1,0.029,0.8947,0.3631,1.6529,0.4279,0.01483,0.118,0.002856,0.605,1,17,86.59,0.695,1,3931,15.97,9.074,0,50,9552,423354.8,47.38,16,10.78
1786081196624,461,v1,0.0623,0.5998,0.4722,0.8665,0.1736,0.02187,0.1907,0.003668,0.72,0,34,98.97,0.947,1,0,21.861,21.861,0,50,10221,431324.4,93.11,16,13.45
1786081200931,462,v1,0.0454,0.5419,0.3058,0.9544,0.3122,0.00653,0.2066,0.002468,0.719,0,8,68.74,0.352,1,2340,7.0,5.853,0,50,10395,615368.3,12.59,-1,9.0
1786081203691,463,v1,0.0247,0.3704,0.2833,2.0016,0.365,0.00354,0.1635,0.002786,0.588,1,6,54.37,0.887,1,10596,5.0,0.0,1,50,10750,292779.5,0.0,-1,100.0
1786081194498,464,v1,0.0512,0.4049,0.1968,1.1335,0.5813,0.02992,0.1622,0.003593,0.655,0,18,34.4,0.364,1,0,15.321,15.321,0,50,11331,322715.1,84.68,15,13.8
1786081197441,465,v1,0.079,0.3928,0.3726,1.2391,0.8148,0.02472,0.1317,0.002449,0.615,0,9,43.48,0.483,1,2931,8.0,6.2,0,50,9970,351786.7,59.23,14,9.43
1786081200592,466,v1,0.0248,0.4948,0.176,1.7192,0.5888,0.01936,0.2043,0.002563,0.645,0,36,72.84,0.661,1,0,21.279,21.279,0,50,10540,367245.9,94.1,18,9.72
1786081205120,467,v1,0.0291,0.6572,0.3111,0.9145,0.6525,0.0049,0.0641,0.00285,0.695,1,13,63.79,0.756,1,9931,12.0,0.756,0,50,10952,645670.5,0.0,-1,10.63
1786081195323,468,v1,0.0241,0.281,0.4191,1.6015,0.2117,0.02269,0.1835,0.003633,0.616,1,11,30.56,0.408,1,3648,9.825,6.334,1,50,10749,239203.3,100.0,10,44.08
1786081197648,469,v1,0.0149,0.9021,0.1373,1.7709,0.9506,0.0207,0.2191,0.001373,0.649,0,18,37.38,0.504,1,0,13.0,13.0,1,50,10046,228031.9,100.0,13,5.25
1786081201021,470,v1,0.0708,0.592,0.1181,1.9411,0.8376,0.01685,0.1463,0.003552,0.639,0,29,35.69,0.568,1,0,17.867,17.867,0,50,11594,342569.8,87.98,16,13.1
1786081203775,471,v1,0.0588,0.7678,0.2319,2.4359,0.7909,0.01457,0.0915,0.002273,0.695,1,32,81.62,0.796,1,0,21.256,21.256,0,50,10019,411746.8,86.29,18,8.75
1786081197478,472,v1,0.0158,0.7401,0.1122,2.0851,0.3231,0.00755,0.0603,0.002476,0.677,0,29,53.21,0.653,1,0,0.0,0.0,0,50,10539,612698.6,0.0,-1,9.64
1786081199729,473,v1,0.0531,0.8911,0.1313,1.0406,0.4088,0.02642,0.2308,0.0029,0.609,0,26,60.04,0.893,1,0,10.862,10.862,1,50,10131,162880.4,100.0,5,11.64
1786081202086,474,v1,0.0504,0.9144,0.3692,1.9105,0.2958,0.0103,0.1511,0.002057,0.594,1,14,64.61,0.898,1,0,12.461,12.461,1,50,9753,210207.5,100.0,13,7.8
1786081205119,475,v1,0.0535,0.4363,0.3747,1.3835,0.3215,0.00908,0.1816,0.002033,0.662,0,23,84.06,0.91,1,0,17.919,17.919,0,50,9384,410451.9,88.75,16,7.89
1786081198842,476,v1,0.0416,0.8224,0.1041,0.9366,0.2906,0.01024,0.0864,0.002758,0.712,1,27,70.94,0.647,1,0,0.692,0.692,0,50,11436,657773.4,3.34,-1,10.93
1786081201595,477,v1,0.0451,0.7101,0.2157,2.2835,0.8247,0.01938,0.1881,0.001847,0.605,1,30,26.65,0.894,1,1686,17.82,14.936,0,50,10890,355026.1,94.81,15,6.91
1786081203917,478,v1,0.0676,0.9135,0.351,1.9787,0.3615,0.03198,0.0681,0.003153,0.619,0,4,59.07,0.805,1,4958,3.0,2.468,1,50,9412,218265.7,100.0,13,32.56
1786081206523,479,v1,0.0218,0.5554,0.4204,1.1152,0.9809,0.03055,0.1446,0.001995,0.663,0,24,57.56,0.991,1,0,17.093,17.093,0,50,9843,292267.0,89.05,15,7.57
1786081197424,480,v1,0.0583,0.2633,0.3077,1.352,0.2608,0.02426,0.2297,0.002837,0.68,1,22,94.62,0.877,1,0,13.0,13.0,1,50,10002,227656.7,100.0,13,10.38
1786081199992,481,v1,0.0676,0.2699,0.4119,2.1609,0.8238,0.0293,0.1601,0.003156,0.7,1,34,36.4,0.964,1,1981,14.361,11.449,1,50,10866,242373.0,100.0,13,12.12
1786081203419,482,v1,0.0374,0.5607,0.3967,1.279,0.5242,0.02233,0.2033,0.00347,0.598,0,10,71.77,0.606,1,3982,9.0,6.187,0,50,10232,402412.9,55.64,15,13.11
1786081205681,483,v1,0.0233,0.5092,0.4792,1.8407,0.4196,0.0089,0.0698,0.001812,0.613,0,9,60.69,0.737,1,4258,8.0,5.296,1,50,9599,244289.8,100.0,13,48.96
1786081201617,484,v1,0.0448,0.6212,0.1419,1.4761,0.9852,0.02869,0.1065,0.001428,0.683,0,17,93.47,0.704,1,0,16.0,16.0,0,50,10028,306363.6,85.17,16,5.83
1786081203926,485,v1,0.0254,0.6108,0.2236,1.623,0.8518,0.01245,0.2362,0.003077,0.687,0,27,37.44,0.46,1,0,14.541,14.541,1,50,9721,220313.6,100.0,13,11.73
1786081207832,486,v1,0.0484,0.8444,0.3715,2.3067,0.1737,0.02382,0.1737,0.00377,0.664,1,4,28.06,0.933,1,10892,3.0,0.0,0,50,11013,623485.7,0.0,-1,14.46
1786081211499,487,v1,0.0113,0.5863,0.3753,1.2045,0.2637,0.0051,0.1409,0.00345,0.688,1,17,39.61,0.941,1,9948,16.0,0.0,0,50,10548,617479.6,0.0,-1,13.23
1786081207492,488,v1,0.0494,0.801,0.3455,0.8806,0.4153,0.00787,0.1055,0.003314,0.639,0,12,75.04,0.733,1,0,11.0,11.0,0,50,10852,409765.8,98.73,17,12.3
1786081208987,489,v1,0.0689,0.9064,0.1395,1.0536,0.6443,0.02864,0.1191,0.002339,0.597,0,20,55.14,0.749,1,0,6.449,6.449,1,50,9895,85740.5,100.0,3,9.22
1786081211333,490,v1,0.0731,0.383,0.3666,1.3534,0.4749,0.02061,0.1056,0.002581,0.637,1,30,76.92,0.638,1,0,17.319,17.319,0,50,10260,296144.6,86.34,15,9.36
1786081213363,491,v1,0.0236,0.9403,0.2436,2.0653,0.2364,0.01563,0.1012,0.002197,0.649,0,28,35.4,0.928,1,0,14.014,14.014,1,50,11392,250367.0,100.0,13,8.36
1786081207274,492,v1,0.0408,0.8517,0.3899,2.176,0.3841,0.00784,0.2323,0.002456,0.644,1,17,46.82,0.528,1,0,13.0,13.0,1,50,10273,228798.1,100.0,13,9.22
1786081209623,493,v1,0.037,0.7621,0.1558,1.249,0.5304,0.01139,0.1492,0.002577,0.681,1,8,66.17,0.593,1,9399,7.0,0.789,1,50,10807,287711.8,100.0,25,89.78
1786081211826,494,v1,0.0775,0.5571,0.2311,1.7063,0.6614,0.02482,0.1316,0.001789,0.599,1,8,55.99,0.572,1,4959,6.691,3.6,1,50,11372,215162.5,100.0,6,6.94
1786081213615,495,v1,0.0643,0.7936,0.2045,2.3552,0.8046,0.01586,0.162,0.001808,0.582,0,30,58.39,0.986,1,0,17.354,17.354,0,50,9692,274904.1,84.02,15,6.78
1786081208597,496,v1,0.0776,0.9275,0.4303,2.181,0.836,0.02421,0.0824,0.003508,0.625,1,13,97.47,0.601,1,6707,12.0,3.212,0,50,9529,484197.4,25.47,15,13.03
1786081211575,497,v1,0.0256,0.7725,0.3718,2.2218,0.9849,0.01999,0.2201,0.002249,0.664,1,22,47.18,0.838,1,1302,14.683,12.216,0,50,10294,461908.8,70.23,18,8.55
1786081213659,498,v1,0.0322,0.8001,0.4656,1.7501,0.6835,0.02039,0.2407,0.002927,0.589,0,22,50.13,0.876,1,0,15.851,15.851,0,50,11370,313757.9,99.63,15,11.42
1786081214646,499,v1,0.0109,0.8776,0.3526,0.8809,0.5775,0.01264,0.0998,0.003342,0.637,1,26,82.91,0.635,1,0,13.701,13.701,1,50,10652,235179.1,100.0,13,12.34
1786081222349,500,v1,0.0745,0.3966,0.4706,2.3103,0.222,0.02877,0.0507,0.002533,0.67,1,25,29.76,0.987,1,1583,16.558,13.838,0,50,10153,372392.9,85.12,15,9.74
1786081225330,501,v1,0.0772,0.6751,0.2686,1.6493,0.3224,0.02373,0.0692,0.002813,0.705,0,26,60.27,0.76,1,0,18.285,18.285,0,50,10316,423262.3,89.87,16,11.02
1786081228193,502,v1,0.0752,0.6362,0.3749,1.5153,0.4272,0.02753,0.1926,0.00178,0.658,1,32,37.62,0.774,1,1520,17.614,14.985,0,50,10670,326880.9,84.07,15,6.52
1786081232408,503,v1,0.0137,0.3653,0.4254,0.9228,0.6705,0.00954,0.1396,0.003728,0.646,1,26,66.98,0.78,1,0,0.0,0.0,0,50,10409,585942.8,0.0,-1,13.9
1786081222522,504,v1,0.0341,0.7793,0.3731,1.3466,0.984,0.01977,0.0832,0.003026,0.601,1,35,59.65,0.849,1,0,18.112,18.112,0,50,9891,284419.9,87.34,15,11.91
1786081225303,505,v1,0.031,0.5237,0.3661,0.9091,0.1569,0.01138,0.1215,0.001891,0.587,1,17,29.33,0.806,1,1051,15.468,13.869,0,50,10141,325733.1,89.26,15,7.24
1786081228198,506,v1,0.0234,0.2728,0.1011,1.2458,0.5458,0.00693,0.187,0.003691,0.618,1,26,62.39,0.593,1,1305,14.479,12.764,1,50,11950,267457.8,100.0,13,21.21
1786081230772,507,v1,0.0468,0.4233,0.1228,1.3459,0.7682,0.02202,0.1324,0.002019,0.587,1,4,53.54,0.371,1,5345,3.0,1.367,1,50,9876,225755.9,100.0,9,45.2
1786081224576,508,v1,0.0184,0.5318,0.1248,1.2588,0.3836,0.01441,0.1659,0.001309,0.637,0,13,30.53,0.309,1,1916,12.0,9.936,0,50,9440,588548.0,2.35,-1,5.17
1786081226402,509,v1,0.0761,0.3191,0.1471,1.0437,0.5611,0.02776,0.0576,0.001686,0.591,0,15,60.8,0.444,1,0,8.201,8.201,1,50,9848,121039.4,100.0,4,6.43
1786081228709,510,v1,0.0173,0.2908,0.2013,2.1838,0.9786,0.02658,0.1021,0.003317,0.603,1,13,66.23,0.909,1,9113,12.0,0.0,1,50,9481,263079.3,0.0,-1,100.0
1786081230993,511,v1,0.058,0.5036,0.4239,1.0008,0.3541,0.02148,0.1029,0.003498,0.68,0,10,90.71,0.409,1,0,8.693,8.693,1,50,10604,207082.9,100.0,8,12.72
1786081223371,512,v1,0.0574,0.9781,0.4254,0.975,0.1659,0.02157,0.1495,0.002365,0.658,0,25,76.8,0.744,1,0,13.423,13.423,1,50,10242,223503.6,100.0,13,8.64
1786081225850,513,v1,0.0421,0.8556,0.1662,1.4066,0.6684,0.02975,0.1443,0.002163,0.705,0,4,38.17,0.304,1,1915,3.0,2.81,1,50,10150,242009.3,100.0,13,25.64
1786081228351,514,v1,0.0586,0.4885,0.3137,1.7864,0.2755,0.00851,0.2308,0.001757,0.703,1,31,37.9,0.684,1,0,14.928,14.928,1,50,10292,229895.7,100.0,13,6.97
1786081231120,515,v1,0.0763,0.5551,0.4694,1.4326,0.361,0.00594,0.1205,0.002065,0.655,1,10,35.06,0.99,1,10580,8.996,0.028,1,50,10835,294770.2,100.0,17,9.26
1786081224207,516,v1,0.0179,0.6679,0.2265,1.8213,0.3556,0.0111,0.1917,0.003718,0.677,1,25,60.86,0.303,1,592,13.94,13.008,1,50,9618,222932.2,100.0,13,19.52
1786081228331,517,v1,0.0138,0.3339,0.424,1.574,0.3558,0.00379,0.1451,0.002686,0.583,0,11,50.25,0.6,1,4440,10.0,6.385,0,50,10093,580110.4,0.04,-1,9.94
1786081230676,518,v1,0.0569,0.7228,0.2049,2.0755,0.6179,0.00581,0.2446,0.003195,0.668,0,21,37.97,0.519,1,0,13.0,13.0,1,50,10147,218006.3,100.0,13,12.35
1786081233552,519,v1,0.0723,0.3404,0.321,1.4779,0.2895,0.01271,0.1517,0.00268,0.627,0,36,25.03,0.563,1,1111,19.163,17.105,0,50,10354,352457.8,89.92,15,10.55
1786081225743,520,v1,0.0683,0.4592,0.3758,2.3129,0.1074,0.02874,0.1224,0.001478,0.712,1,27,48.1,0.649,1,3558,18.827,12.128,0,50,10498,496733.4,90.17,16,6.05
1786081228739,521,v1,0.0604,0.3894,0.2192,1.2837,0.6536,0.0082,0.1419,0.003732,0.626,1,4,20.5,0.741,1,10189,3.0,0.0,1,50,10323,292475.0,100.0,19,32.4
1786081231086,522,v1,0.0461,0.6101,0.2541,1.8203,0.4347,0.0063,0.1121,0.001262,0.713,0,34,53.89,0.923,1,0,15.353,15.353,1,50,9907,239515.9,100.0,14,4.87
1786081234095,523,v1,0.011,0.3994,0.3968,1.4764,0.6753,0.02391,0.1422,0.003547,0.629,1,35,97.05,0.843,1,0,20.136,20.136,0,50,10853,358608.8,84.38,17,13.2
1786081225809,524,v1,0.0236,0.9642,0.2604,1.9778,0.5823,0.03094,0.1968,0.001295,0.655,1,31,82.94,0.39,1,0,19.005,19.005,0,50,11021,349891.5,87.72,16,5.25
1786081228338,525,v1,0.0161,0.5086,0.3551,2.4111,0.5941,0.03039,0.2485,0.001883,0.627,1,27,31.73,0.717,1,1367,13.87,11.848,1,50,9696,213538.3,100.0,13,10.19
1786081230826,526,v1,0.0313,0.4453,0.4037,1.6196,0.6245,0.00594,0.0745,0.002054,0.631,1,28,93.78,0.598,1,0,13.967,13.967,1,50,10839,241447.9,100.0,13,7.9
1786081233547,527,v1,0.052,0.9869,0.1885,0.8394,0.4981,0.01736,0.1148,0.002498,0.647,0,11,76.2,0.346,1,0,9.163,9.163,1,50,11646,217773.7,100.0,8,9.8
1786081234230,528,v1,0.0514,0.5033,0.3827,1.0099,0.8701,0.02056,0.2327,0.001702,0.636,1,29,91.62,0.845,1,0,17.193,17.193,0,50,10437,299015.0,84.26,15,6.47
1786081236704,529,v1,0.0797,0.3628,0.4228,0.9514,0.5657,0.02269,0.0946,0.003475,0.682,1,30,61.55,0.78,1,0,14.333,14.333,1,50,10282,236394.4,100.0,13,12.87
1786081239154,530,v1,0.0739,0.7473,0.107,2.3367,0.7577,0.02889,0.0932,0.003407,0.684,0,17,30.08,0.404,1,0,13.0,13.0,1,50,10374,226904.6,100.0,13,13.24
1786081242808,531,v1,0.051,0.4303,0.1803,1.2099,0.5677,0.02718,0.052,0.001845,0.689,1,4,32.31,0.342,1,4560,3.0,1.607,0,50,9865,449392.1,47.94,16,7.24
1786081234452,532,v1,0.0321,0.8324,0.2573,2.2068,0.9293,0.01102,0.1643,0.001701,0.648,0,29,67.33,0.672,1,0,14.183,14.183,1,50,10464,238016.5,100.0,13,6.81
1786081237231,533,v1,0.0369,0.2096,0.4668,1.523,0.1828,0.02192,0.1963,0.001724,0.71,0,31,24.71,0.572,1,0,15.277,15.277,1,50,10946,258965.2,100.0,14,6.75
1786081239641,534,v1,0.0493,0.3505,0.3666,1.7058,0.7796,0.0273,0.0682,0.003527,0.617,0,22,64.54,0.834,1,0,9.669,9.669,1,50,11156,172104.8,100.0,6,13.11
1786081242330,535,v1,0.0391,0.2076,0.1317,2.0845,0.8562,0.00376,0.1293,0.001235,0.587,0,24,63.52,0.799,1,0,14.194,14.194,1,50,10284,251392.9,100.0,14,4.85
1786081235394,536,v1,0.0297,0.6687,0.1803,1.1485,0.1683,0.01842,0.2402,0.002106,0.596,0,18,57.46,0.998,1,0,15.62,15.62,0,50,10415,302739.8,90.29,15,7.94
1786081239374,537,v1,0.0453,0.9372,0.1428,2.4451,0.7516,0.00772,0.2216,0.001261,0.692,1,25,77.1,0.345,1,0,2.74,2.74,0,50,10058,581429.9,13.61,-1,4.74
1786081242212,538,v1,0.0339,0.7972,0.2837,2.2208,0.7088,0.01567,0.1307,0.001512,0.581,0,8,98.18,0.475,1,0,7.0,7.0,1,50,10556,218015.2,100.0,11,5.49
1786081245104,539,v1,0.0363,0.8164,0.4666,1.2248,0.3452,0.01376,0.0829,0.001754,0.623,1,26,75.45,0.686,1,0,17.79,17.79,0,50,9816,300603.4,90.55,16,7.06
1786081235343,540,v1,0.0247,0.2112,0.3243,2.0998,0.7414,0.01249,0.0774,0.002682,0.588,0,16,39.52,0.571,1,0,12.924,12.924,1,50,9579,214155.6,100.0,13,9.95
1786081239161,541,v1,0.0787,0.7766,0.3974,1.788,0.5457,0.00902,0.0834,0.003,0.627,1,6,77.76,0.541,1,6361,5.0,1.909,0,50,10460,534149.3,37.83,16,12.28
1786081243802,542,v1,0.0759,0.5744,0.339,0.8182,0.5548,0.00559,0.0617,0.003176,0.679,1,8,56.81,0.776,1,10362,7.0,0.177,0,50,10867,628015.3,3.61,-1,11.61
1786081247363,543,v1,0.0479,0.3512,0.2007,1.0193,0.8829,0.01822,0.1753,0.002273,0.71,0,25,26.82,0.561,1,571,19.086,18.148,0,50,10896,370116.2,86.33,18,8.46
1786081238216,544,v1,0.0667,0.969,0.3917,1.8725,0.9943,0.01302,0.0909,0.001282,0.597,0,7,68.41,0.492,1,4395,6.0,4.463,0,50,11538,444721.8,51.99,15,5.17
1786081240946,545,v1,0.0615,0.8087,0.1057,2.4225,0.6439,0.02672,0.0692,0.002421,0.583,1,25,20.69,0.532,1,1117,16.38,14.466,0,50,10027,320535.8,100.0,15,9.6
1786081244959,546,v1,0.0576,0.5473,0.1633,1.9427,0.7156,0.01319,0.2316,0.001917,0.713,0,18,26.95,0.61,1,2995,17.0,12.232,0,50,9726,493013.8,54.93,17,7.61
1786081248670,547,v1,0.067,0.4633,0.332,1.9676,0.1419,0.00746,0.0869,0.001697,0.716,0,20,32.44,0.974,1,0,18.107,18.107,0,50,10533,491054.8,85.88,18,6.26
1786081238880,548,v1,0.0736,0.6476,0.3929,2.4704,0.7446,0.03047,0.2173,0.003165,0.711,1,6,65.6,0.488,1,6684,5.0,1.542,0,50,9813,512199.9,25.92,16,12.34
1786081241238,549,v1,0.0422,0.8132,0.2332,1.3497,0.4735,0.02447,0.194,0.001577,0.649,1,26,41.14,0.749,1,1428,13.578,11.645,1,50,10310,229181.4,100.0,13,6.12
1786081245831,550,v1,0.0124,0.9795,0.3447,2.4233,0.8174,0.02943,0.1675,0.003084,0.709,1,20,87.36,0.991,1,9438,19.0,0.0,0,50,9972,595272.8,0.0,-1,11.03
1786081248716,551,v1,0.0374,0.7521,0.4456,2.137,0.241,0.01711,0.1599,0.00138,0.702,1,23,22.25,0.908,1,1609,13.201,11.124,1,50,10412,228157.2,100.0,13,20.9
1786081238090,552,v1,0.0294,0.5991,0.2628,2.3239,0.202,0.03002,0.2198,0.002104,0.654,0,18,87.53,0.455,1,0,13.0,13.0,1,50,10755,242912.1,100.0,13,7.75
1786081240295,553,v1,0.0249,0.2889,0.3238,2.0191,0.6229,0.02245,0.2041,0.003033,0.62,0,33,70.83,0.93,1,0,14.362,14.362,1,50,9222,206012.1,100.0,13,11.14
1786081242980,554,v1,0.0576,0.3156,0.3695,0.8291,0.8873,0.02599,0.0968,0.002516,0.619,1,9,47.84,0.802,1,4686,7.625,3.922,1,50,10150,193369.5,100.0,7,9.75
1786081246301,555,v1,0.0671,0.9258,0.3147,1.2039,0.7208,0.00957,0.2004,0.001629,0.592,1,20,33.13,0.449,1,1181,15.525,13.895,0,50,11519,365546.1,100.0,15,6.62
1786081247129,556,v1,0.0723,0.741,0.4272,0.8936,0.1743,0.01132,0.2223,0.001337,0.702,1,21,41.68,0.794,1,2585,17.285,12.741,0,50,10164,511881.7,96.15,17,5.43
1786081249708,557,v1,0.0206,0.983,0.2821,1.4646,0.896,0.01409,0.2414,0.003347,0.713,0,11,56.87,0.73,1,4955,10.0,6.267,1,50,10966,266126.3,100.0,13,53.14
1786081252389,558,v1,0.0468,0.896,0.1261,0.9776,0.2887,0.00983,0.0531,0.001607,0.709,0,32,77.96,0.97,1,0,14.315,14.315,1,50,10611,239753.0,100.0,13,6.55
1786081255081,559,v1,0.03,0.8094,0.291,1.8718,0.8636,0.00831,0.1511,0.00135,0.668,0,15,92.43,0.844,1,0,13.0,13.0,1,50,10655,239846.4,100.0,13,5.3
1786081248056,560,v1,0.032,0.8063,0.384,2.4118,0.7807,0.01401,0.198,0.002853,0.681,0,12,81.39,0.939,1,5070,11.0,6.496,0,50,10440,580319.5,20.73,19,10.44
1786081250960,561,v1,0.0711,0.4945,0.4993,1.4656,0.5403,0.01842,0.0517,0.002407,0.661,0,30,20.45,0.733,1,682,17.972,16.834,0,50,10217,312095.3,99.35,16,9.21
1786081253448,562,v1,0.0293,0.3786,0.228,1.3601,0.7333,0.00447,0.2191,0.003234,0.613,0,23,34.72,0.441,1,0,13.199,13.199,1,50,10012,221864.0,100.0,13,12.44
1786081257724,563,v1,0.049,0.6413,0.1793,1.4856,0.7253,0.01098,0.1751,0.002137,0.652,1,15,67.18,0.921,1,9793,14.0,0.0,0,50,10086,607739.3,0.0,-1,8.2
1786081249183,564,v1,0.0264,0.5934,0.4926,2.3854,0.5626,0.02926,0.2178,0.001565,0.698,1,20,29.08,0.871,1,1197,18.219,16.154,0,50,10588,386110.1,88.37,18,6.08
1786081253634,565,v1,0.0125,0.216,0.1982,1.9926,0.1705,0.01052,0.2196,0.001401,0.638,0,7,61.91,0.644,1,4457,6.0,4.215,0,50,10083,603959.5,0.0,-1,5.67
1786081257740,566,v1,0.0116,0.8942,0.4974,1.0562,0.1486,0.0131,0.2473,0.003413,0.704,1,9,56.65,0.582,1,6557,8.0,2.497,0,50,9792,584094.8,0.0,-1,12.16
1786081262039,567,v1,0.0136,0.5555,0.445,2.4127,0.1649,0.02267,0.0654,0.002613,0.665,1,15,27.7,0.754,1,10701,14.0,0.0,0,50,11097,638738.1,0.0,-1,9.44
1786081250009,568,v1,0.0531,0.8779,0.4151,0.9954,0.9317,0.01568,0.2155,0.003283,0.643,1,6,80.0,0.513,1,6741,5.0,1.817,1,50,10743,268423.3,100.0,13,12.59
1786081253086,569,v1,0.0607,0.9962,0.3327,2.2045,0.9635,0.02002,0.1302,0.002896,0.622,0,19,22.85,0.61,1,803,15.851,14.745,0,50,10428,327496.1,91.81,15,10.27
1786081256221,570,v1,0.0632,0.7656,0.4032,1.9674,0.7393,0.01135,0.1734,0.001532,0.705,0,5,72.73,0.991,1,0,4.0,4.0,0,50,10423,438416.3,84.48,17,6.09
1786081259187,571,v1,0.0707,0.663,0.1442,1.5703,0.8448,0.00556,0.2369,0.001795,0.62,0,6,40.6,0.613,1,3998,4.988,3.856,1,50,10685,256372.9,100.0,13,8.01
1786081250905,572,v1,0.048,0.2155,0.14,1.3185,0.4667,0.02349,0.1405,0.00122,0.719,1,13,29.76,0.522,1,7089,12.0,3.208,1,50,9800,262167.5,100.0,14,20.66
1786081253545,573,v1,0.0522,0.8717,0.4726,2.316,0.8902,0.01579,0.0975,0.00198,0.636,1,8,83.45,0.793,1,9600,7.0,0.249,1,50,10105,275669.2,100.0,25,96.82
1786081256032,574,v1,0.0745,0.4559,0.2116,1.9117,0.9784,0.03182,0.1819,0.002756,0.712,1,20,85.83,0.774,1,0,16.412,16.412,0,50,9537,279668.4,84.23,16,9.95
1786081258788,575,v1,0.0282,0.9955,0.4341,1.6247,0.3934,0.02201,0.2477,0.002012,0.61,0,10,58.15,0.99,1,6062,8.99,5.076,1,50,11016,278976.8,100.0,13,59.38
1786081251759,576,v1,0.0137,0.7404,0.3052,0.907,0.1402,0.00878,0.1925,0.002002,0.675,0,10,44.25,0.767,1,4656,9.0,5.531,1,50,9554,247289.5,100.0,13,53.39
1786081254760,577,v1,0.0206,0.5126,0.4107,2.4879,0.6643,0.01891,0.222,0.001446,0.707,1,13,50.54,0.69,1,10872,12.0,0.129,1,50,11192,300949.8,100.0,25,98.98
1786081257974,578,v1,0.0643,0.2237,0.4451,0.9504,0.4238,0.01748,0.1909,0.001317,0.651,1,20,61.17,0.521,1,1084,15.932,14.339,0,50,11081,346472.1,90.0,15,5.52
1786081260451,579,v1,0.0477,0.8539,0.1789,2.3439,0.299,0.03143,0.2457,0.003613,0.598,0,16,89.44,0.86,1,0,14.834,14.834,0,50,9937,259729.4,96.59,15,13.64
1786081252154,580,v1,0.0267,0.9385,0.2286,2.1324,0.2986,0.00852,0.058,0.003403,0.717,0,14,90.31,0.909,1,0,13.0,13.0,1,50,9709,213314.3,100.0,13,12.94
1786081254665,581,v1,0.0168,0.2669,0.4806,1.6699,0.9559,0.02232,0.1994,0.00227,0.609,1,16,81.93,0.476,1,0,13.0,13.0,1,50,10041,230125.0,100.0,13,8.62
1786081257522,582,v1,0.0107,0.8212,0.2593,1.7594,0.8524,0.02676,0.1768,0.002845,0.635,0,35,61.98,0.746,1,0,20.948,20.948,0,50,9841,323004.0,90.09,18,11.1
1786081259950,583,v1,0.0491,0.9719,0.2258,1.887,0.9809,0.03142,0.1925,0.003347,0.624,0,5,44.07,0.821,1,4168,4.0,3.163,1,50,10094,210179.4,100.0,6,44.97
1786081259919,584,v1,0.0147,0.5903,0.1165,1.5759,0.8182,0.01402,0.1974,0.003317,0.681,1,24,83.15,0.729,1,0,0.0,0.0,0,50,10036,576665.6,0.0,-1,12.69
1786081262005,585,v1,0.0376,0.5032,0.348,1.8146,0.973,0.0292,0.2156,0.002847,0.667,0,6,39.11,0.474,1,2348,5.0,4.271,1,50,9806,230665.0,100.0,13,33.02
1786081263927,586,v1,0.0279,0.4671,0.1778,1.2775,0.4219,0.01617,0.1924,0.001564,0.668,0,14,54.1,0.971,1,93,13.0,12.891,1,50,9533,213828.8,100.0,13,7.67
1786081265965,587,v1,0.0436,0.5183,0.1736,0.9486,0.483,0.01156,0.1449,0.003307,0.607,0,26,96.88,0.333,1,0,13.671,13.671,1,50,10563,238675.9,100.0,13,11.92
1786081260611,588,v1,0.0659,0.5078,0.2985,1.1429,0.7341,0.02303,0.1109,0.002221,0.628,1,8,64.6,0.317,1,2902,6.896,4.813,1,50,9843,179935.7,100.0,7,8.23
1786081262849,589,v1,0.0289,0.2877,0.4052,0.8749,0.1676,0.01645,0.2223,0.002742,0.616,1,15,31.76,0.497,1,0,11.911,11.911,1,50,10668,217039.0,100.0,9,10.47
1786081264455,590,v1,0.0723,0.3762,0.3128,2.3386,0.9825,0.02581,0.1403,0.001474,0.601,1,14,20.57,0.666,1,0,7.282,7.282,1,50,10510,110789.3,100.0,5,5.74
1786081266374,591,v1,0.0273,0.7262,0.1794,1.1355,0.9424,0.01293,0.1408,0.003753,0.629,0,31,22.0,0.778,1,0,14.352,14.352,1,50,9929,220355.7,100.0,13,14.1
1786081262107,592,v1,0.0522,0.3093,0.1518,1.818,0.8203,0.01173,0.2419,0.001579,0.6,1,34,96.49,0.424,1,0,18.917,18.917,0,50,10039,310977.5,85.45,16,6.37
1786081264314,593,v1,0.053,0.6693,0.1849,1.4994,0.4314,0.00561,0.1513,0.001928,0.718,0,19,63.93,0.833,1,0,13.699,13.699,1,50,11061,253077.9,100.0,13,7.52
1786081266591,594,v1,0.0523,0.955,0.3177,1.3378,0.7071,0.02139,0.2,0.003714,0.715,0,21,41.57,0.872,1,0,17.756,17.756,0,50,10985,343796.8,89.21,17,13.83
1786081268953,595,v1,0.0394,0.8238,0.1308,1.8399,0.9225,0.00683,0.1502,0.002758,0.693,1,30,20.29,0.515,1,794,5.04,3.339,0,50,11114,628533.0,23.62,19,10.49
1786081262339,596,v1,0.0776,0.9158,0.1618,2.2787,0.3611,0.00376,0.1308,0.001492,0.631,0,6,75.23,0.401,1,0,5.0,5.0,1,50,9646,217015.8,100.0,13,6.13
1786081265004,597,v1,0.0515,0.5861,0.2056,2.3445,0.7823,0.01489,0.1441,0.002762,0.639,1,26,86.04,0.924,1,0,18.19,18.19,0,50,11397,353892.9,84.18,17,10.2
1786081266912,598,v1,0.0277,0.827,0.3442,1.7515,0.8547,0.00831,0.0989,0.001589,0.619,0,5,82.14,0.812,1,0,4.0,4.0,0,50,9578,331803.8,93.08,18,6.41
1786081268948,599,v1,0.0786,0.8622,0.2259,1.4041,0.9992,0.02107,0.2307,0.003472,0.691,0,7,67.5,0.797,1,5073,6.0,4.016,0,50,10438,486326.7,44.31,16,12.91
1786081275851,600,v1,0.0275,0.373,0.2839,1.719,0.5681,0.0073,0.2434,0.003299,0.597,1,24,97.39,0.507,1,0,13.357,13.357,1,50,10323,216299.0,100.0,13,12.8
1786081279732,601,v1,0.0355,0.679,0.372,2.3035,0.7514,0.02242,0.1504,0.003116,0.715,0,17,71.24,0.555,1,3674,16.0,10.931,0,50,10693,555518.6,34.74,19,11.79
1786081281896,602,v1,0.0728,0.2979,0.115,1.7232,0.5559,0.03096,0.2049,0.00271,0.682,0,22,90.17,0.591,1,0,12.109,12.109,1,50,8966,188714.3,100.0,10,10.67
1786081284719,603,v1,0.0544,0.9135,0.3021,1.3434,0.2466,0.01202,0.087,0.002701,0.651,1,11,35.39,0.554,1,5544,9.219,4.15,1,50,10929,242139.0,100.0,8,13.6
1786081277232,604,v1,0.0257,0.7589,0.2656,2.2636,0.7876,0.01744,0.2416,0.002002,0.637,0,12,26.69,0.334,1,1593,11.0,9.487,0,50,9688,398007.5,65.54,18,8.08
1786081281523,605,v1,0.0273,0.4277,0.43,1.4881,0.9083,0.00651,0.0534,0.001693,0.689,1,5,23.91,0.391,1,5413,4.0,1.864,0,50,10205,621276.6,0.0,-1,6.59
1786081285235,606,v1,0.0145,0.6807,0.1802,1.3544,0.2021,0.0212,0.1393,0.002663,0.582,1,4,62.29,0.482,1,6943,3.0,0.935,0,50,10174,514566.3,28.3,16,10.18
1786081287942,607,v1,0.0412,0.5981,0.4906,1.1918,0.8592,0.01093,0.1765,0.001721,0.658,1,20,47.35,0.33,1,0,13.0,13.0,1,50,11078,255244.8,100.0,13,6.52
1786081277196,608,v1,0.0595,0.697,0.3171,0.8301,0.7223,0.01019,0.1538,0.001464,0.607,0,10,75.25,0.642,1,1961,7.005,5.655,1,50,10326,150628.6,100.0,5,6.28
1786081279404,609,v1,0.0346,0.2752,0.3685,1.3405,0.5888,0.02913,0.2152,0.001894,0.707,1,31,84.71,0.38,1,0,15.131,15.131,1,50,9491,221712.6,100.0,13,7.32
1786081281983,610,v1,0.058,0.7862,0.1033,2.4567,0.1772,0.02735,0.06,0.002949,0.617,1,20,81.3,0.959,1,0,15.806,15.806,0,50,10761,326571.9,86.79,15,11.49
1786081284456,611,v1,0.0602,0.9648,0.2072,2.3155,0.5674,0.02728,0.1825,0.003048,0.607,0,36,51.54,0.347,1,0,14.611,14.611,1,50,10183,226401.1,100.0,13,10.82
1786081277824,612,v1,0.0236,0.4947,0.3248,1.2111,0.5084,0.02726,0.1612,0.002744,0.597,0,36,85.38,0.31,1,0,13.06,13.06,1,50,11476,200437.5,100.0,7,10.47
1786081281863,613,v1,0.031,0.5457,0.2754,1.4788,0.2019,0.01048,0.1959,0.001763,0.666,0,36,62.98,0.917,1,0,12.844,12.844,0,50,10364,547690.1,51.35,19,6.93
1786081284823,614,v1,0.0686,0.4755,0.3876,1.8302,0.883,0.01753,0.0571,0.001659,0.623,1,18,66.07,0.58,1,0,15.505,15.505,0,50,11064,313661.4,87.9,15,6.33
1786081287451,615,v1,0.0566,0.7882,0.2018,2.3454,0.5918,0.02509,0.0558,0.003353,0.593,1,36,61.71,0.362,1,802,14.457,13.202,1,50,10301,233688.2,100.0,13,13.18
1786081278345,616,v1,0.0593,0.3898,0.2527,2.1485,0.243,0.00495,0.1792,0.001618,0.671,0,18,97.06,0.469,1,0,13.754,13.754,1,50,9586,231219.3,100.0,13,6.15
1786081280492,617,v1,0.063,0.9083,0.4185,2.4165,0.8556,0.02182,0.1718,0.00155,0.655,0,28,36.23,0.813,1,0,14.021,14.021,1,50,9667,212071.5,100.0,13,6.28
1786081283899,618,v1,0.0755,0.4848,0.4725,2.4207,0.6161,0.01113,0.2416,0.003766,0.626,1,14,74.75,0.499,1,5693,13.0,4.565,0,50,9183,464832.3,33.47,16,14.33
1786081288165,619,v1,0.02,0.3285,0.2481,1.8825,0.4535,0.02552,0.1163,0.002802,0.709,0,16,32.88,0.452,1,2738,15.0,11.324,0,50,10113,611302.9,0.0,-1,10.87
1786081279235,620,v1,0.0768,0.7825,0.2142,2.388,0.6292,0.01399,0.2278,0.00248,0.617,0,20,31.03,0.387,1,0,16.231,16.231,0,50,9954,293898.5,96.91,16,9.06
1786081281732,621,v1,0.0769,0.6036,0.2278,1.7198,0.3142,0.00399,0.2419,0.002856,0.598,0,29,58.34,0.976,1,0,18.129,18.129,0,50,9534,356046.2,95.63,15,10.59
1786081285559,622,v1,0.0463,0.4368,0.23,2.0292,0.535,0.00843,0.2262,0.001987,0.613,0,8,22.35,0.471,1,2694,7.0,5.805,0,50,11422,517859.8,65.8,17,7.65
1786081288443,623,v1,0.0733,0.6397,0.4479,2.034,0.4153,0.01763,0.1314,0.002666,0.706,1,7,23.2,0.674,1,8629,6.0,0.871,1,50,10244,280371.0,100.0,20,33.13
1786081281641,624,v1,0.011,0.5098,0.3181,1.0774,0.6302,0.00954,0.2048,0.00229,0.669,1,35,58.53,0.83,1,0,0.0,0.0,0,50,11257,644936.7,0.0,-1,9.09
1786081283898,625,v1,0.0371,0.8548,0.4101,0.8626,0.5339,0.02911,0.2428,0.00326,0.666,0,13,82.33,0.711,1,0,12.0,12.0,1,50,10565,241143.6,100.0,13,11.42
1786081287988,626,v1,0.0185,0.6744,0.148,1.6494,0.9058,0.02165,0.0654,0.003487,0.688,0,16,47.54,0.538,1,2737,15.0,11.206,0,50,9866,566113.4,0.0,-1,12.59
1786081290545,627,v1,0.0418,0.9769,0.1247,2.0723,0.5461,0.02534,0.0612,0.001877,0.712,1,14,58.45,0.502,1,0,13.0,13.0,1,50,10132,217940.3,100.0,13,7.32
1786081287576,628,v1,0.0237,0.7651,0.2526,2.0101,0.4643,0.0045,0.1648,0.001741,0.677,0,20,90.84,0.344,1,0,13.0,13.0,1,50,10191,228695.5,100.0,13,6.46
1786081291271,629,v1,0.0735,0.875,0.3472,1.9553,0.2526,0.02035,0.166,0.003607,0.705,1,34,36.05,0.38,1,1094,21.782,19.336,0,50,10883,460896.3,95.14,16,13.77
1786081294105,630,v1,0.0299,0.8934,0.4464,2.4507,0.4805,0.02318,0.1152,0.00169,0.712,1,28,57.21,0.804,1,0,14.025,14.025,1,50,9773,220079.2,100.0,13,6.66
1786081296043,631,v1,0.0405,0.5267,0.192,1.3918,0.3847,0.031,0.1902,0.003573,0.66,0,20,58.19,0.897,1,0,11.781,11.781,1,50,9305,184576.6,100.0,10,13.26
1786081288158,632,v1,0.0349,0.7652,0.3436,1.066,0.2732,0.02454,0.1226,0.001826,0.625,0,6,51.2,0.512,1,2704,5.0,4.18,1,50,9982,227056.5,100.0,13,27.49
1786081292262,633,v1,0.0117,0.21,0.1721,0.8893,0.9408,0.02664,0.2384,0.002203,0.693,1,15,23.39,0.614,1,7326,14.0,3.005,0,50,9616,584623.2,0.0,-1,8.09
1786081295034,634,v1,0.0496,0.5204,0.1012,2.0967,0.9505,0.0087,0.1998,0.001762,0.601,0,30,84.3,0.327,1,0,18.846,18.846,0,50,9011,291679.3,99.59,17,7.27
1786081299149,635,v1,0.0425,0.5184,0.1206,1.6289,0.4034,0.00702,0.221,0.00206,0.657,1,27,66.92,0.473,1,0,15.932,15.932,0,50,10978,533589.1,74.23,18,8.23
1786081290479,636,v1,0.0577,0.4505,0.3514,1.8713,0.5996,0.01449,0.1998,0.002501,0.597,0,20,65.65,0.681,1,0,15.728,15.728,0,50,9245,265313.6,85.16,15,9.62
1786081294398,637,v1,0.0755,0.7458,0.438,0.9651,0.7243,0.02322,0.0731,0.003316,0.705,1,15,55.75,0.395,1,5103,14.0,6.675,0,50,10261,500138.6,47.62,16,12.75
1786081298720,638,v1,0.0122,0.9896,0.218,1.3687,0.8823,0.00861,0.2362,0.002512,0.679,1,28,46.77,0.974,1,0,0.0,0.0,0,50,10000,575349.8,0.0,-1,9.57
1786081301265,639,v1,0.0474,0.9906,0.4027,1.8854,0.4763,0.02446,0.081,0.00122,0.618,1,31,95.98,0.612,1,0,11.887,11.887,1,50,10842,190721.9,100.0,7,4.86
1786081292349,640,v1,0.047,0.2613,0.3892,1.0738,0.2696,0.00729,0.0587,0.003685,0.698,0,6,81.3,0.845,1,0,5.0,5.0,0,50,10288,503179.9,78.53,19,14.03
1786081295051,641,v1,0.067,0.3985,0.1022,2.0531,0.9161,0.00359,0.1534,0.002857,0.6,1,19,33.49,0.504,1,0,13.0,13.0,1,50,11353,256434.2,100.0,13,10.32
1786081297809,642,v1,0.0622,0.7049,0.3136,2.1926,0.5449,0.00835,0.1549,0.003537,0.651,0,5,76.22,0.647,1,0,4.0,4.0,1,50,10786,238536.6,100.0,13,13.49
1786081300937,643,v1,0.0305,0.8437,0.3366,2.2198,0.5337,0.01863,0.2094,0.003754,0.664,1,36,92.15,0.327,1,0,16.796,16.796,0,50,9258,390622.5,69.27,18,14.41
1786081291719,644,v1,0.0369,0.8636,0.4907,2.3588,0.93,0.00943,0.2147,0.003281,0.585,0,5,97.14,0.427,1,0,4.0,4.0,1,50,10258,184831.3,100.0,8,12.64
1786081294254,645,v1,0.0248,0.7776,0.4974,0.9882,0.2044,0.01826,0.1621,0.001466,0.712,1,31,26.32,0.464,1,0,14.358,14.358,1,50,10208,239265.5,100.0,13,5.78
1786081297905,646,v1,0.0314,0.6814,0.2038,2.4598,0.1974,0.00627,0.1806,0.002269,0.585,0,6,31.99,0.579,1,4167,5.0,3.744,0,50,10049,518474.2,51.32,18,8.78
1786081300486,647,v1,0.0641,0.2898,0.1507,1.4234,0.3764,0.01003,0.0579,0.003192,0.628,0,9,50.14,0.352,1,2301,7.972,6.606,1,50,10370,223911.2,100.0,13,13.82
1786081292732,648,v1,0.0418,0.4497,0.2485,2.0943,0.5973,0.02978,0.2094,0.002077,0.595,1,31,85.47,0.582,1,0,14.007,14.007,1,50,12924,272667.2,100.0,13,7.8
1786081295130,649,v1,0.0645,0.4893,0.1139,1.1416,0.7213,0.01389,0.1649,0.002284,0.589,1,35,35.08,0.778,1,1610,11.097,9.352,1,50,10888,164596.0,100.0,4,8.73
1786081298406,650,v1,0.0714,0.6242,0.2959,1.6571,0.6883,0.00606,0.1498,0.002845,0.61,0,22,78.9,0.787,1,0,16.632,16.632,0,50,10822,325465.0,98.41,16,10.36
1786081301384,651,v1,0.0347,0.2282,0.2644,0.9058,0.8468,0.01971,0.0895,0.001817,0.691,0,29,42.82,0.456,1,0,19.598,19.598,0,50,10379,341455.5,89.61,17,6.9
1786081294372,652,v1,0.0521,0.8721,0.4586,1.0715,0.15,0.01352,0.0622,0.001968,0.604,0,18,92.05,0.42,1,0,15.261,15.261,0,50,10283,315177.1,92.86,15,7.56
1786081296985,653,v1,0.0744,0.334,0.3192,0.8767,0.7172,0.00301,0.226,0.002844,0.623,0,12,57.56,0.736,1,5443,11.0,6.146,1,50,10393,252301.2,100.0,13,10.81
1786081299858,654,v1,0.0637,0.2418,0.2806,1.8347,0.2447,0.01901,0.1906,0.001646,0.689,1,7,51.02,0.551,1,6316,6.0,2.269,1,50,10258,268600.5,100.0,13,53.61
1786081301985,655,v1,0.0672,0.8308,0.3036,1.7891,0.5089,0.03132,0.1092,0.00206,0.611,1,18,62.59,0.579,1,0,10.014,10.014,1,50,10195,169674.4,100.0,6,8.32
1786081299618,656,v1,0.0665,0.4904,0.3561,1.7103,0.9307,0.0046,0.1308,0.003449,0.606,1,34,48.9,0.885,1,1614,18.608,15.57,0,50,10987,339967.9,97.58,16,12.54
1786081302419,657,v1,0.0598,0.5485,0.463,1.2911,0.115,0.02903,0.185,0.002122,0.688,0,22,48.34,0.321,1,0,16.341,16.341,0,50,10028,340793.4,89.01,15,7.75
1786081305617,658,v1,0.043,0.6839,0.2889,2.1897,0.8256,0.00957,0.0947,0.002396,0.659,0,21,73.46,0.389,1,0,18.577,18.577,0,50,10504,349094.6,90.03,18,9.46
1786081308788,659,v1,0.034,0.9693,0.4734,1.9312,0.2337,0.01997,0.1312,0.003238,0.627,1,17,62.57,0.809,1,1541,15.799,13.485,0,50,11010,380113.3,85.28,15,11.93
1786081301794,660,v1,0.072,0.8601,0.4071,1.2263,0.9967,0.01325,0.0785,0.003187,0.614,0,33,28.68,0.903,1,0,11.32,11.32,1,50,10886,176355.3,100.0,5,11.88
1786081304553,661,v1,0.0786,0.742,0.451,1.662,0.501,0.00408,0.1233,0.002865,0.709,0,11,66.99,0.845,1,6319,10.0,4.864,1,50,10153,261152.0,100.0,13,12.38
1786081307081,662,v1,0.0614,0.4897,0.3713,2.4019,0.4808,0.00635,0.2125,0.002949,0.71,0,32,56.84,0.463,1,0,15.114,15.114,1,50,9967,231373.7,100.0,13,10.95
1786081311595,663,v1,0.014,0.8095,0.2523,1.8179,0.5663,0.02546,0.2029,0.001605,0.674,0,31,23.05,0.712,1,8,0.092,0.074,0,50,10051,604652.0,0.42,-1,6.44
1786081304640,664,v1,0.0787,0.87,0.268,1.306,0.7022,0.00336,0.2187,0.001709,0.652,1,29,45.4,0.893,1,1836,18.256,15.03,0,50,10864,426854.6,89.63,16,6.8
1786081306751,665,v1,0.0558,0.7092,0.1199,2.1581,0.7744,0.01404,0.126,0.003415,0.59,0,15,53.19,0.44,1,0,10.062,10.062,1,50,9564,149853.6,100.0,7,12.32
1786081310613,666,v1,0.0383,0.5097,0.212,1.9803,0.9786,0.0203,0.0728,0.002007,0.646,1,16,71.56,0.414,1,5263,15.0,7.479,0,50,10805,522904.6,42.32,17,7.3
1786081313290,667,v1,0.0241,0.3886,0.4738,1.0532,0.7992,0.02818,0.2361,0.002715,0.685,0,23,28.98,0.948,1,0,17.553,17.553,0,50,9303,281895.2,84.14,16,10.34
1786081304575,668,v1,0.0153,0.2287,0.3366,2.2284,0.5033,0.02707,0.2359,0.002131,0.703,0,26,63.23,0.35,1,0,15.758,15.758,1,50,10399,254831.1,100.0,15,8.45
1786081307320,669,v1,0.0159,0.6136,0.3323,2.0716,0.773,0.02638,0.1752,0.002196,0.609,1,20,82.66,0.466,1,0,16.231,16.231,0,50,9800,294961.3,84.03,15,8.0
1786081309900,670,v1,0.0333,0.5743,0.3974,0.9258,0.3285,0.01279,0.2154,0.001267,0.653,1,19,64.36,0.913,1,0,13.0,13.0,1,50,10391,232191.4,100.0,13,5.51
1786081312608,671,v1,0.0528,0.4738,0.3993,2.3133,0.6008,0.01986,0.1956,0.001259,0.661,1,35,36.66,0.581,1,1106,14.554,13.031,1,50,10908,253785.9,100.0,13,4.8
1786081304804,672,v1,0.0542,0.389,0.1786,1.5469,0.8888,0.0203,0.0846,0.00351,0.636,0,35,87.22,0.965,1,0,14.547,14.547,1,50,10164,226769.2,100.0,13,13.44
1786081309473,673,v1,0.0204,0.4087,0.4403,1.4441,0.3477,0.02712,0.0577,0.001243,0.711,0,5,60.06,0.878,1,6771,4.0,2.734,0,50,10749,622047.8,13.95,-1,4.84
1786081312277,674,v1,0.0658,0.9229,0.3945,2.2553,0.6926,0.02112,0.104,0.00335,0.601,1,35,40.9,0.349,1,757,18.015,16.586,0,50,10590,309767.9,100.0,15,12.47
1786081314645,675,v1,0.0771,0.4516,0.452,1.6065,0.8436,0.01704,0.1481,0.003376,0.588,1,5,75.58,0.714,1,4076,3.667,2.116,1,50,10640,154437.5,100.0,3,13.8
1786081305860,676,v1,0.0238,0.2663,0.1596,1.3685,0.5557,0.03153,0.1619,0.00335,0.679,1,11,25.36,0.618,1,6931,10.0,3.198,1,50,10519,267438.6,100.0,14,71.82
1786081308960,677,v1,0.0436,0.5149,0.3127,2.3947,0.126,0.0294,0.1535,0.001847,0.619,0,10,28.74,0.982,1,7184,9.0,4.424,1,50,11180,287231.0,100.0,13,67.6
1786081312931,678,v1,0.024,0.6188,0.3708,1.4032,0.7603,0.00593,0.117,0.002464,0.595,1,4,67.83,0.316,1,4562,3.0,1.713,0,50,10723,467731.2,49.37,18,9.44
1786081316588,679,v1,0.0712,0.5245,0.4965,1.4174,0.5703,0.01053,0.1007,0.002568,0.709,1,16,96.27,0.376,1,5323,15.0,6.839,0,50,10174,532648.6,41.38,17,9.37
1786081307808,680,v1,0.0597,0.2294,0.4322,1.109,0.143,0.01918,0.1013,0.0029,0.681,1,15,65.5,0.49,1,6538,14.0,4.213,0,50,9751,519960.4,26.51,17,10.85
1786081311500,681,v1,0.0426,0.2461,0.3428,2.2023,0.1236,0.01791,0.1719,0.003174,0.681,1,4,32.14,0.326,1,3737,3.0,1.853,0,50,9853,502525.0,52.47,18,11.81
1786081314049,682,v1,0.0778,0.828,0.4685,1.8548,0.8205,0.0118,0.1449,0.002216,0.689,1,32,54.12,0.38,1,0,14.376,14.376,1,50,10331,226286.1,100.0,13,8.16
1786081316514,683,v1,0.0176,0.6063,0.2051,2.2036,0.425,0.02849,0.2138,0.001533,0.606,0,24,51.31,0.71,1,0,16.778,16.778,0,50,9540,281807.3,86.61,15,6.09
1786081311690,684,v1,0.0758,0.5432,0.3884,1.0394,0.7263,0.00399,0.0863,0.001397,0.581,0,27,44.39,0.329,1,0,7.289,7.289,1,50,10753,88162.1,100.0,4,5.42
1786081315488,685,v1,0.0723,0.2041,0.2544,0.985,0.4813,0.01092,0.1067,0.002374,0.636,0,12,76.25,0.588,1,3562,11.0,8.041,0,50,11135,470896.6,62.24,15,9.56
1786081317742,686,v1,0.0594,0.3521,0.1282,1.6263,0.2027,0.02032,0.1177,0.003561,0.593,0,12,65.09,0.964,1,2898,8.991,6.344,1,50,10236,192077.9,100.0,5,13.35
1786081319632,687,v1,0.0273,0.2121,0.4997,1.0574,0.3321,0.00304,0.1095,0.003217,0.622,1,17,52.07,0.935,1,0,13.67,13.67,1,50,9949,234023.0,100.0,13,12.74
1786081314851,688,v1,0.0317,0.9324,0.3591,1.703,0.8862,0.03091,0.1922,0.002385,0.626,0,27,23.53,0.607,1,673,13.658,12.884,1,50,10645,240643.6,100.0,13,9.34
1786081318312,689,v1,0.0395,0.9203,0.2817,1.7078,0.8826,0.01064,0.1993,0.003453,0.598,1,13,84.32,0.829,1,9192,12.0,0.0,0,50,9567,548474.2,0.0,-1,12.78
1786081320521,690,v1,0.0617,0.9437,0.3905,2.4481,0.9934,0.02335,0.1219,0.001211,0.693,0,28,79.91,0.904,1,0,18.308,18.308,0,50,10491,328299.7,83.99,16,4.63
1786081322754,691,v1,0.0685,0.2332,0.2364,1.5357,0.7485,0.01584,0.1623,0.002686,0.615,0,32,61.26,0.531,1,0,17.833,17.833,0,50,11298,324208.4,87.61,15,10.06
1786081316985,692,v1,0.0699,0.4596,0.1845,1.2311,0.8892,0.00973,0.1955,0.002919,0.61,0,7,49.72,0.685,1,4672,6.0,4.188,0,50,10524,456239.6,52.07,16,11.44
1786081319394,693,v1,0.079,0.7469,0.3369,0.9483,0.4171,0.02752,0.1907,0.00293,0.665,1,27,66.64,0.843,1,1571,16.693,14.033,0,50,10495,337803.4,100.0,15,10.73
1786081321378,694,v1,0.0248,0.4434,0.2242,2.4097,0.9267,0.02137,0.1621,0.002923,0.645,1,26,66.98,0.635,1,0,19.6,19.6,0,50,9756,338034.8,93.86,18,10.74
1786081323426,695,v1,0.0163,0.6152,0.1171,1.3907,0.9825,0.01219,0.1329,0.003683,0.6,0,28,38.42,0.579,1,0,15.647,15.647,0,50,10393,405045.3,75.06,19,14.03
1786081316546,696,v1,0.0298,0.9661,0.3629,0.8859,0.2304,0.00352,0.2442,0.003723,0.587,1,30,81.05,0.974,1,0,14.319,14.319,1,50,10395,231950.3,100.0,13,13.82
1786081320291,697,v1,0.013,0.2142,0.3049,1.4632,0.779,0.01421,0.2124,0.002235,0.676,1,23,28.05,0.744,1,0,0.0,0.0,0,50,11220,653047.3,0.0,-1,9.06
1786081323276,698,v1,0.0477,0.2897,0.1125,1.0041,0.7431,0.00436,0.2465,0.002499,0.661,1,11,48.3,0.847,1,10682,10.0,0.0,0,50,10933,633939.7,0.0,-1,9.84
1786081324532,699,v1,0.0388,0.5771,0.4667,2.1629,0.5403,0.01359,0.2145,0.003249,0.601,1,27,82.57,0.535,1,0,17.695,17.695,0,50,9829,292268.3,84.2,16,12.12
1786081331956,700,v1,0.0334,0.7374,0.4925,1.335,0.1737,0.01993,0.0803,0.001944,0.594,0,23,39.6,0.541,1,0,15.583,15.583,0,50,10788,281633.7,89.17,14,7.42
1786081336158,701,v1,0.055,0.9683,0.4258,1.9192,0.2755,0.02898,0.1218,0.003506,0.61,1,11,23.41,0.786,1,10066,10.0,0.0,0,50,10437,620817.1,0.0,-1,13.27
1786081338777,702,v1,0.0334,0.3331,0.1467,1.5538,0.8389,0.01456,0.2212,0.001753,0.604,0,30,51.7,0.692,1,0,14.196,14.196,1,50,11038,239383.1,100.0,13,7.0
1786081341654,703,v1,0.0669,0.4715,0.1425,0.8932,0.2889,0.02201,0.1561,0.001239,0.677,1,23,26.67,0.872,1,1578,16.672,13.936,0,50,9793,393072.3,94.2,15,4.72
1786081333211,704,v1,0.061,0.9118,0.4854,1.1508,0.656,0.03176,0.1437,0.001295,0.648,0,5,49.68,0.516,1,3093,4.0,3.408,0,50,10501,394482.2,63.3,14,5.04
1786081335581,705,v1,0.0635,0.7336,0.4445,1.3236,0.2293,0.01501,0.0963,0.001516,0.697,1,35,33.57,0.613,1,1328,14.44,12.611,1,50,10879,239503.3,100.0,13,5.52
1786081339200,706,v1,0.0263,0.2606,0.1769,1.142,0.1945,0.0145,0.1284,0.002327,0.615,0,10,20.75,0.612,1,3796,9.0,6.191,0,50,9661,460489.8,52.52,17,9.09
1786081341410,707,v1,0.0709,0.8557,0.3708,1.4673,0.3323,0.01165,0.2047,0.002189,0.615,0,21,20.58,0.75,1,0,11.11,11.11,1,50,10607,191190.0,100.0,7,8.32
1786081335566,708,v1,0.026,0.8936,0.4929,2.1707,0.534,0.0189,0.112,0.001217,0.589,1,7,95.68,0.735,1,11790,6.0,0.339,0,50,12600,721299.0,5.33,-1,4.6
1786081339154,709,v1,0.0743,0.7468,0.3031,1.7776,0.1526,0.00826,0.1373,0.001355,0.653,0,28,77.61,0.325,1,0,19.191,19.191,0,50,10752,466647.8,87.57,16,5.2
1786081342784,710,v1,0.0572,0.3586,0.2155,1.0447,0.7262,0.01334,0.0998,0.002737,0.705,1,36,98.78,0.981,1,0,21.29,21.29,0,50,12158,468789.5,95.34,18,10.66
1786081345775,711,v1,0.0413,0.5364,0.2416,2.1469,0.9466,0.01825,0.2439,0.002951,0.659,1,19,67.81,0.871,1,1036,17.632,15.793,0,50,10754,383414.5,82.91,17,11.35
1786081335314,712,v1,0.0165,0.4238,0.4408,1.9063,0.1337,0.00314,0.0579,0.00169,0.695,0,24,70.94,0.903,1,0,0.0,0.0,0,50,10410,628387.3,0.0,-1,6.65
1786081337600,713,v1,0.0216,0.9128,0.3069,1.4919,0.1558,0.02621,0.1155,0.002725,0.687,0,32,90.66,0.524,1,0,14.355,14.355,1,50,10334,234622.8,100.0,13,10.33
1786081340328,714,v1,0.0534,0.4894,0.2868,2.396,0.523,0.01117,0.2461,0.003714,0.619,0,28,93.9,0.309,1,0,18.102,18.102,0,50,10936,337238.4,90.02,16,14.52
1786081345313,715,v1,0.0369,0.7998,0.4525,2.2648,0.7193,0.00832,0.0968,0.001405,0.702,1,27,78.54,0.497,1,0,0.0,0.0,0,50,11460,696231.5,0.0,-1,5.55
1786081335262,716,v1,0.0417,0.4854,0.3286,1.3411,0.5424,0.01059,0.169,0.003583,0.604,0,13,27.66,0.557,1,3537,12.0,8.79,0,50,11525,435807.6,57.84,16,13.32
1786081339405,717,v1,0.0482,0.3105,0.4152,1.204,0.2084,0.01158,0.0777,0.001495,0.703,1,7,69.84,0.841,1,10514,6.0,0.0,0,50,10619,648328.2,0.0,-1,6.1
1786081342967,718,v1,0.0692,0.5783,0.312,2.2721,0.6707,0.00423,0.1047,0.002611,0.633,0,8,76.54,0.539,1,3156,7.0,5.45,0,50,10355,496522.2,68.36,17,10.14
1786081345922,719,v1,0.0674,0.3976,0.4769,0.8457,0.336,0.02115,0.2366,0.001538,0.645,0,4,21.82,0.78,1,5765,3.0,2.498,1,50,11559,279919.9,100.0,13,6.93
1786081334407,720,v1,0.073,0.3515,0.4417,1.8523,0.2056,0.02949,0.1855,0.001808,0.642,1,19,69.1,0.345,1,0,10.391,10.391,1,50,10500,175270.0,100.0,5,6.89
1786081336740,721,v1,0.0447,0.3732,0.1525,2.4854,0.2424,0.02924,0.1654,0.003134,0.672,0,34,51.24,0.723,1,0,14.364,14.364,1,50,10336,232637.0,100.0,13,11.4
1786081340996,722,v1,0.049,0.8937,0.3666,1.2356,0.5722,0.01251,0.079,0.002982,0.584,1,10,61.94,0.893,1,10416,9.0,0.0,0,50,10689,644077.5,0.0,-1,11.62
1786081343400,723,v1,0.0212,0.5624,0.3637,2.356,0.5554,0.01913,0.0782,0.001324,0.671,1,32,79.93,0.971,1,0,14.391,14.391,1,50,10248,236651.2,100.0,13,5.24
1786081334878,724,v1,0.053,0.7392,0.2022,1.7719,0.4652,0.02298,0.1189,0.003686,0.614,0,27,88.06,0.505,1,0,11.149,11.149,1,50,10812,180815.0,100.0,7,13.52
1786081338675,725,v1,0.0313,0.9365,0.4175,1.205,0.5828,0.01573,0.1789,0.002995,0.714,1,18,80.67,0.395,1,4659,17.0,8.718,0,50,10055,548762.2,14.03,-1,11.19
1786081341554,726,v1,0.0237,0.2215,0.1432,1.1258,0.8791,0.02508,0.2284,0.003633,0.612,1,31,61.64,0.939,1,1618,17.749,14.854,0,50,10969,339736.4,88.89,15,13.9
1786081344290,727,v1,0.0293,0.8133,0.3526,1.448,0.5883,0.02292,0.1279,0.002894,0.624,0,13,22.52,0.558,1,3170,12.0,8.939,1,50,10735,261382.4,100.0,13,37.8
1786081345815,728,v1,0.0584,0.25,0.2481,1.3887,0.1435,0.02104,0.0923,0.00169,0.644,1,16,89.16,0.345,1,3413,15.0,10.143,0,50,10824,503967.1,59.59,15,7.15
1786081348516,729,v1,0.0396,0.7824,0.1343,2.1928,0.9973,0.01978,0.0538,0.002538,0.656,0,10,75.27,0.393,1,0,9.0,9.0,1,50,10292,228837.1,100.0,13,9.79
1786081351225,730,v1,0.0492,0.446,0.2607,2.1812,0.3458,0.02865,0.1937,0.002551,0.688,1,22,64.09,0.976,1,0,13.0,13.0,1,50,10698,232759.5,100.0,13,9.42
1786081354150,731,v1,0.0654,0.9581,0.3459,1.3825,0.7844,0.00892,0.0978,0.001737,0.719,0,34,86.76,0.805,1,0,14.353,14.353,1,50,12050,264650.4,100.0,13,6.97
1786081346145,732,v1,0.0221,0.4058,0.3087,1.3034,0.6659,0.02333,0.2135,0.003465,0.691,1,10,42.3,0.319,1,3592,9.0,5.632,0,50,9951,473417.0,42.93,19,13.21
1786081348863,733,v1,0.0139,0.3286,0.3912,1.6631,0.3917,0.00713,0.202,0.003643,0.702,0,28,46.97,0.823,1,0,17.444,17.444,1,50,10006,255676.0,100.0,16,16.91
1786081353369,734,v1,0.0697,0.754,0.171,2.2966,0.1905,0.00547,0.1973,0.003361,0.71,1,17,91.01,0.988,1,10125,16.0,0.0,0,50,10712,639028.7,0.0,-1,12.74
1786081357872,735,v1,0.0412,0.3728,0.1488,1.8568,0.9043,0.02904,0.1305,0.001363,0.648,1,5,93.36,0.988,1,10741,4.0,0.0,0,50,10805,641377.1,0.0,-1,5.53
1786081347368,736,v1,0.0257,0.3847,0.3557,1.4786,0.4436,0.01985,0.1102,0.003684,0.664,0,34,26.92,0.6,1,629,20.71,19.464,0,50,10576,366192.3,88.96,18,13.51
1786081350007,737,v1,0.0491,0.2939,0.2712,1.8239,0.8507,0.00856,0.162,0.002577,0.705,1,9,90.21,0.43,1,5767,8.0,3.409,1,50,10271,265030.1,100.0,14,61.77
1786081352185,738,v1,0.0697,0.4127,0.2807,1.0789,0.7337,0.03107,0.1279,0.003566,0.637,0,7,54.87,0.853,1,2598,5.377,4.235,1,50,9287,148419.6,100.0,5,13.56
1786081355534,739,v1,0.0201,0.3213,0.4403,2.4366,0.6681,0.03181,0.0628,0.003162,0.712,0,31,29.75,0.889,1,0,10.668,10.668,0,50,9948,460087.8,49.84,19,12.3
1786081347828,740,v1,0.0444,0.8422,0.2617,2.0464,0.5056,0.02101,0.1061,0.001405,0.614,0,28,75.77,0.452,1,0,17.629,17.629,0,50,10887,331806.2,98.74,16,5.37
1786081350158,741,v1,0.0516,0.5491,0.2271,1.7425,0.1539,0.01292,0.2038,0.001958,0.689,1,30,27.35,0.89,1,0,14.366,14.366,1,50,10203,232240.2,100.0,13,7.68
1786081352910,742,v1,0.0248,0.6053,0.2398,1.6618,0.1331,0.00719,0.1481,0.00158,0.679,0,23,52.15,0.674,1,0,13.88,13.88,1,50,10581,249527.4,100.0,13,6.11
1786081355600,743,v1,0.0122,0.7762,0.492,1.1801,0.4758,0.01879,0.0562,0.003393,0.683,1,15,61.31,0.437,1,0,13.0,13.0,1,50,10966,243955.0,100.0,13,12.52
1786081348560,744,v1,0.042,0.6993,0.2308,1.3288,0.8869,0.02988,0.1576,0.002153,0.643,0,10,40.06,0.549,1,2489,8.4,6.841,1,50,11346,211744.4,100.0,7,8.48
1786081350883,745,v1,0.0507,0.9346,0.2419,1.599,0.3838,0.00395,0.1236,0.003323,0.652,0,4,61.45,0.744,1,3996,3.0,2.577,1,50,9532,239360.1,100.0,13,44.96
1786081353949,746,v1,0.0716,0.7003,0.3843,1.6272,0.611,0.02413,0.1693,0.002637,0.703,0,20,82.15,0.578,1,0,16.474,16.474,0,50,10063,312209.2,86.46,16,10.26
1786081358000,747,v1,0.0276,0.9487,0.4336,1.834,0.2995,0.01529,0.2045,0.003357,0.695,0,25,96.99,0.968,1,0,1.03,1.03,0,50,9747,551390.2,5.13,-1,12.04
1786081349977,748,v1,0.0552,0.4029,0.2815,1.0071,0.202,0.00614,0.2354,0.003382,0.636,0,25,23.82,0.477,1,845,18.152,16.658,0,50,10015,422127.2,92.74,16,12.59
1786081352344,749,v1,0.0434,0.9738,0.3833,2.3826,0.243,0.02641,0.1612,0.00277,0.64,0,10,96.48,0.927,1,0,8.981,8.981,1,50,10084,221418.6,100.0,13,10.59
1786081354539,750,v1,0.0338,0.3442,0.1499,1.6523,0.9991,0.02242,0.2349,0.00193,0.59,0,12,91.65,0.85,1,0,9.59,9.59,1,50,10407,192691.9,100.0,7,7.21
1786081359014,751,v1,0.0229,0.217,0.1163,1.5712,0.8291,0.00648,0.0866,0.001567,0.658,1,32,49.44,0.496,1,0,0.0,0.0,0,50,9759,596840.9,0.0,-1,5.32
1786081351417,752,v1,0.0397,0.3303,0.1763,1.2778,0.932,0.00934,0.1253,0.003321,0.716,1,32,51.97,0.46,1,17,0.167,0.125,0,50,10498,612724.0,0.7,-1,12.25
1786081353818,753,v1,0.0455,0.5068,0.2399,1.8255,0.474,0.03028,0.1688,0.001314,0.666,0,31,46.74,0.889,1,0,14.376,14.376,1,50,9352,214145.2,100.0,13,5.38
1786081356792,754,v1,0.0219,0.3716,0.4218,2.3972,0.6987,0.00327,0.0656,0.002319,0.629,1,14,25.47,0.513,1,6838,13.0,5.167,1,50,11705,310859.7,100.0,14,63.84
1786081360653,755,v1,0.0259,0.7754,0.2982,1.1299,0.7581,0.01286,0.0648,0.00328,0.661,0,31,97.82,0.374,1,0,7.335,7.335,0,50,10690,587655.3,33.78,19,12.2
1786081357473,756,v1,0.0388,0.2316,0.2178,1.3545,0.1048,0.0273,0.1578,0.003123,0.636,0,26,91.44,0.794,1,0,13.283,13.283,1,50,10973,240707.1,100.0,13,12.07
1786081361996,757,v1,0.0128,0.4709,0.1069,1.8915,0.3251,0.00312,0.1228,0.002797,0.718,1,18,83.8,0.812,1,10225,17.0,0.145,0,50,10782,639758.3,0.0,-1,10.31
1786081366049,758,v1,0.0205,0.3664,0.3346,0.8664,0.3615,0.00467,0.2175,0.001783,0.612,0,17,87.88,0.376,1,0,16.0,16.0,0,50,10903,560794.9,40.68,19,7.67
1786081368302,759,v1,0.031,0.8942,0.3854,1.563,0.1921,0.00431,0.1028,0.002578,0.622,1,28,39.02,0.983,1,1450,14.038,11.794,1,50,9641,224755.7,100.0,13,11.92
1786081358942,760,v1,0.0661,0.7277,0.2209,2.2281,0.4244,0.00326,0.2234,0.002992,0.708,0,32,22.35,0.839,1,0,14.59,14.59,1,50,11024,253561.3,100.0,13,11.58
1786081361406,761,v1,0.068,0.7281,0.4235,1.1235,0.6977,0.01624,0.0691,0.002615,0.705,1,14,56.61,0.423,1,0,13.0,13.0,1,50,10065,228642.4,100.0,13,9.72
1786081365982,762,v1,0.0278,0.9075,0.1463,1.1457,0.953,0.01783,0.1855,0.002563,0.708,0,30,59.82,0.586,1,0,0.11,0.11,0,50,11515,679480.3,0.5,-1,9.07
1786081368556,763,v1,0.0795,0.763,0.4208,1.3658,0.9289,0.02854,0.1758,0.002964,0.601,0,11,90.77,0.532,1,0,10.0,10.0,0,50,11087,284628.8,96.55,14,10.76
1786081359531,764,v1,0.0488,0.9118,0.3562,1.8743,0.7956,0.01596,0.2174,0.003372,0.715,0,16,82.46,0.704,1,0,13.0,13.0,1,50,10495,226894.9,100.0,13,12.6
1786081362239,765,v1,0.0158,0.4829,0.3186,1.5498,0.8396,0.02217,0.0799,0.002982,0.593,1,30,76.09,0.672,1,0,13.809,13.809,1,50,11742,248002.1,100.0,12,11.76
1786081365154,766,v1,0.0794,0.7333,0.3651,1.3328,0.7738,0.01072,0.1519,0.001914,0.71,0,7,84.63,0.591,1,0,6.0,6.0,0,50,10378,395977.5,88.9,17,7.65
1786081368038,767,v1,0.0311,0.6789,0.3563,1.8074,0.4576,0.00606,0.1282,0.001567,0.692,0,9,21.51,0.515,1,3564,8.0,6.036,1,50,11023,273124.7,100.0,14,36.86
1786081361953,768,v1,0.0194,0.6605,0.2518,1.25,0.2901,0.01513,0.0912,0.002803,0.631,1,28,75.62,0.879,1,0,17.192,17.192,0,50,9948,400708.0,80.38,18,10.53
1786081364374,769,v1,0.0282,0.319,0.1795,1.1721,0.6575,0.02148,0.1798,0.002325,0.709,1,20,94.21,0.761,1,0,14.097,14.097,1,50,10518,253648.5,100.0,14,8.88
1786081367259,770,v1,0.0794,0.2023,0.4636,0.8117,0.8793,0.0316,0.1822,0.002004,0.659,1,26,33.26,0.356,1,656,16.233,15.193,0,50,10687,309388.0,92.7,14,7.44
1786081370996,771,v1,0.0485,0.4054,0.4411,1.8968,0.9872,0.00549,0.0692,0.00238,0.692,1,33,86.46,0.504,1,0,13.48,13.48,0,50,11491,505084.3,57.53,18,8.7
1786081362032,772,v1,0.0148,0.8153,0.4375,1.3141,0.1976,0.00851,0.0966,0.002658,0.599,1,12,34.55,0.475,1,5721,11.0,5.117,1,50,10973,275362.0,100.0,13,57.79
1786081366054,773,v1,0.0331,0.282,0.174,2.2984,0.3712,0.01607,0.0596,0.003407,0.679,0,7,83.12,0.544,1,0,6.0,6.0,0,50,11239,585717.4,47.04,19,13.14
1786081368287,774,v1,0.0688,0.221,0.2172,2.092,0.9719,0.03007,0.2198,0.002335,0.609,0,14,92.88,0.655,1,0,13.0,13.0,0,50,9306,253795.1,88.76,14,8.8
1786081371671,775,v1,0.0675,0.9248,0.1225,1.3739,0.9934,0.01909,0.1342,0.002172,0.694,0,5,29.57,0.506,1,2958,4.0,3.421,0,50,10291,413120.8,64.48,17,8.22
1786081362080,776,v1,0.0687,0.8492,0.2468,2.0485,0.9141,0.0288,0.1169,0.003702,0.608,1,29,82.02,0.349,1,0,10.654,10.654,1,50,9975,137928.8,100.0,4,13.32
1786081365036,777,v1,0.028,0.8338,0.3478,2.4132,0.9664,0.02788,0.0522,0.001771,0.658,1,30,85.7,0.454,1,0,18.728,18.728,0,50,11151,356587.3,85.13,16,6.73
1786081368092,778,v1,0.0222,0.2433,0.2849,2.2309,0.7242,0.02855,0.0658,0.001872,0.699,0,8,24.23,0.924,1,7727,7.0,3.507,1,50,11207,309044.0,100.0,15,71.81
1786081372272,779,v1,0.0211,0.5782,0.4512,1.5934,0.7143,0.00581,0.0701,0.001403,0.718,1,24,83.88,0.87,1,0,0.0,0.0,0,50,10300,621498.8,0.0,-1,5.62
1786081364273,780,v1,0.0256,0.3535,0.3367,0.8883,0.1926,0.0234,0.0719,0.001385,0.703,1,9,68.86,0.992,1,9846,8.0,0.0,1,50,9976,277931.5,0.0,-1,100.0
1786081366716,781,v1,0.0196,0.6098,0.4438,1.944,0.1586,0.03148,0.1276,0.0018,0.592,0,7,97.11,0.507,1,0,6.0,6.0,0,50,9925,239870.2,87.66,12,6.82
1786081369346,782,v1,0.0703,0.2674,0.2195,1.8435,0.1646,0.00837,0.0841,0.003341,0.703,1,18,70.55,0.319,1,0,13.9,13.9,1,50,10596,245374.2,100.0,14,12.62
1786081372827,783,v1,0.0347,0.2549,0.3334,1.6422,0.7005,0.01273,0.0763,0.003558,0.582,1,7,95.63,0.728,1,8989,6.0,0.0,0,50,9178,522599.2,0.0,-1,13.35
1786081372797,784,v1,0.0602,0.2348,0.424,0.8465,0.4355,0.01518,0.1418,0.003595,0.655,1,10,27.66,0.74,1,9012,9.0,1.197,0,50,10741,577974.6,13.25,-1,13.37
1786081374734,785,v1,0.0787,0.5655,0.308,1.579,0.941,0.02685,0.1843,0.001906,0.645,1,8,48.0,0.695,1,5097,6.542,3.195,1,50,10589,204746.5,100.0,6,8.37
1786081377714,786,v1,0.0292,0.5433,0.4321,2.257,0.4873,0.01274,0.1866,0.001915,0.587,1,17,82.93,0.601,1,4522,16.0,8.86,0,50,10440,485297.8,46.36,16,7.51
1786081379988,787,v1,0.0694,0.2658,0.4309,1.7689,0.2089,0.01333,0.0542,0.003065,0.587,0,9,77.33,0.317,1,0,8.0,8.0,0,50,10175,290954.6,99.71,15,11.26
1786081372269,788,v1,0.0639,0.2481,0.4011,2.1038,0.1119,0.02938,0.1567,0.003193,0.606,1,27,64.99,0.48,1,905,16.029,14.562,0,50,10696,293797.0,84.26,14,12.04
1786081375377,789,v1,0.0345,0.5902,0.3143,1.5836,0.4398,0.01543,0.206,0.001647,0.666,1,14,95.48,0.887,1,9856,13.0,0.0,0,50,10069,603886.2,0.0,-1,6.08
1786081377345,790,v1,0.0269,0.2447,0.3378,1.0025,0.8483,0.02514,0.0778,0.001447,0.643,1,4,39.37,0.793,1,9175,3.0,0.024,1,50,9280,270241.6,100.0,26,99.28
1786081380292,791,v1,0.0327,0.7732,0.3108,1.9528,0.5987,0.0124,0.0998,0.001724,0.64,1,15,47.58,0.358,1,3784,14.0,8.266,0,50,9489,483568.8,51.0,18,6.54
1786081373291,792,v1,0.077,0.5424,0.2785,0.8766,0.1768,0.00978,0.0801,0.002874,0.7,0,27,49.45,0.71,1,0,19.332,19.332,0,50,11644,496467.1,98.1,17,10.99
1786081375246,793,v1,0.0335,0.2894,0.2737,1.7439,0.2475,0.01792,0.0777,0.002336,0.599,0,26,98.06,0.544,1,0,17.161,17.161,0,50,10283,306530.3,93.1,15,8.94
1786081378900,794,v1,0.0398,0.453,0.1587,1.0157,0.6746,0.00955,0.1369,0.002707,0.714,1,9,76.91,0.369,1,5114,8.0,3.853,0,50,10072,601646.2,0.43,-1,10.62
1786081380339,795,v1,0.0568,0.5221,0.406,1.0146,0.8625,0.02371,0.0755,0.003717,0.596,0,26,24.03,0.474,1,399,7.845,7.598,1,50,10382,106494.9,100.0,5,13.94
1786081374402,796,v1,0.0664,0.5274,0.279,1.0965,0.2595,0.02698,0.167,0.001919,0.72,0,34,81.2,0.492,1,0,20.958,20.958,0,50,10463,413947.2,90.39,16,7.16
1786081377549,797,v1,0.055,0.999,0.3872,1.0014,0.6209,0.0033,0.0671,0.003492,0.63,1,14,78.84,0.476,1,7113,13.0,4.281,0,50,11090,576375.1,32.08,17,13.02
1786081379702,798,v1,0.067,0.4885,0.4803,0.8911,0.5831,0.00714,0.2107,0.003714,0.714,0,9,43.77,0.54,1,2727,8.0,6.374,1,50,10350,248654.7,100.0,13,13.95
1786081382229,799,v1,0.0206,0.6667,0.3182,2.4949,0.5352,0.02195,0.0665,0.001203,0.621,1,4,85.04,0.81,1,11191,3.0,0.0,0,50,11224,658797.0,0.0,-1,4.65
1786081390887,800,v1,0.0761,0.6935,0.48,1.9325,0.3818,0.02776,0.0584,0.001338,0.633,1,7,92.14,0.406,1,5319,6.0,2.724,0,50,9815,447219.9,43.7,15,4.97
1786081395416,801,v1,0.0759,0.2593,0.1247,1.8767,0.5788,0.00665,0.1405,0.003148,0.683,1,11,37.19,0.62,1,9689,10.0,1.355,0,50,11580,628333.1,12.7,-1,12.25
1786081398612,802,v1,0.0301,0.42,0.4098,1.426,0.5687,0.01674,0.146,0.002168,0.644,1,9,27.56,0.37,1,4242,8.0,4.651,0,50,10285,443401.1,50.38,17,7.7
1786081402234,803,v1,0.0676,0.3736,0.3747,1.963,0.5906,0.00531,0.1516,0.001608,0.688,0,34,94.05,0.827,1,0,23.455,23.455,0,50,10485,469698.8,85.79,18,5.8
1786081391865,804,v1,0.0211,0.3404,0.2323,1.1306,0.2399,0.00386,0.2117,0.00139,0.614,0,29,91.66,0.725,1,0,0.0,0.0,0,50,10097,614099.9,0.0,-1,5.3
1786081394596,805,v1,0.0777,0.461,0.3969,1.8144,0.9189,0.00362,0.1366,0.001461,0.679,0,32,81.57,0.919,1,0,19.331,19.331,0,50,10347,337311.4,84.24,17,5.5
1786081397457,806,v1,0.066,0.7742,0.4478,0.8511,0.1016,0.01596,0.2303,0.001325,0.705,0,13,54.45,0.522,1,3701,12.0,8.528,1,50,10840,264555.4,100.0,13,5.16
1786081399770,807,v1,0.0591,0.4246,0.1479,0.8239,0.2161,0.01233,0.1952,0.001578,0.582,0,25,35.76,0.56,1,0,11.622,11.622,1,50,10416,196142.9,100.0,6,5.61
1786081392033,808,v1,0.0492,0.708,0.4057,2.358,0.8177,0.00737,0.205,0.002961,0.62,0,14,77.12,0.656,1,4182,13.0,8.321,0,50,10241,471789.5,48.52,17,11.64
1786081395049,809,v1,0.0237,0.3042,0.2813,2.2567,0.6601,0.0169,0.2337,0.001441,0.667,1,10,40.09,0.804,1,11304,9.0,0.0,1,50,11457,318766.1,0.0,-1,100.0
1786081397964,810,v1,0.0569,0.3197,0.1959,0.8146,0.138,0.02666,0.1386,0.002899,0.631,1,19,94.59,0.328,1,0,15.042,15.042,0,50,10857,298614.5,93.25,14,11.26
1786081399945,811,v1,0.0787,0.7346,0.1751,1.3482,0.5243,0.02578,0.2456,0.002352,0.619,0,10,97.9,0.35,1,0,6.902,6.902,1,50,10302,134803.3,100.0,4,8.85
1786081393247,812,v1,0.016,0.2053,0.2786,0.8071,0.5263,0.00899,0.2087,0.00295,0.712,0,34,79.93,0.718,1,0,0.0,0.0,0,50,10131,585363.6,0.0,-1,11.11
1786081396680,813,v1,0.0384,0.4379,0.2786,2.0935,0.437,0.02633,0.0953,0.00372,0.689,1,18,85.58,0.901,1,5988,16.995,6.309,0,50,10130,532396.0,37.0,17,13.47
1786081399339,814,v1,0.0482,0.8094,0.335,2.2096,0.9546,0.01907,0.2499,0.003152,0.685,0,17,51.4,0.323,1,0,13.0,13.0,1,50,11513,260825.6,100.0,13,11.89
1786081402247,815,v1,0.0192,0.8914,0.3296,1.6663,0.2068,0.02237,0.1516,0.001737,0.691,0,9,80.36,0.815,1,4479,8.0,5.356,1,50,10313,256334.9,100.0,13,47.81
1786081392361,816,v1,0.0492,0.3351,0.4939,2.4923,0.7399,0.00455,0.1095,0.002412,0.694,1,8,47.82,0.383,1,4287,7.0,4.045,1,50,10331,262210.8,100.0,14,47.57
1786081395001,817,v1,0.0698,0.375,0.3838,1.8142,0.9417,0.01654,0.1684,0.00201,0.714,0,34,92.39,0.976,1,0,19.428,19.428,0,50,9409,303575.7,83.96,16,7.66
1786081397585,818,v1,0.0425,0.9593,0.3689,2.188,0.1416,0.00758,0.0838,0.003685,0.668,0,28,21.06,0.488,1,507,14.037,13.399,1,50,10565,236106.8,100.0,13,17.57
1786081401217,819,v1,0.0704,0.8777,0.1971,2.2243,0.6589,0.02226,0.2402,0.002547,0.67,0,12,47.37,0.479,1,3388,11.0,8.243,0,50,11407,484576.5,59.2,16,10.33
1786081393892,820,v1,0.068,0.3216,0.4254,2.4081,0.8382,0.00683,0.2157,0.001597,0.625,0,16,25.47,0.973,1,5723,15.0,7.72,0,50,10473,517749.3,36.85,16,6.55
1786081396790,821,v1,0.0188,0.951,0.3727,2.1834,0.7793,0.02026,0.0529,0.002133,0.671,1,9,44.84,0.925,1,10901,8.0,0.0,1,50,11075,311536.8,0.0,-1,100.0
1786081399167,822,v1,0.0526,0.9826,0.3817,1.9906,0.1843,0.01071,0.0814,0.003193,0.585,0,9,91.96,0.343,1,0,6.464,6.464,1,50,11116,186026.1,100.0,4,11.87
1786081401385,823,v1,0.077,0.97,0.3449,2.1907,0.5184,0.00821,0.1055,0.003514,0.619,1,31,91.46,0.59,1,0,12.153,12.153,1,50,9622,170928.4,100.0,5,12.67
1786081393107,824,v1,0.0242,0.3367,0.4497,2.311,0.2284,0.02729,0.1919,0.002073,0.588,0,13,77.43,0.963,1,0,10.18,10.18,1,50,10149,180774.2,100.0,8,7.96
1786081396202,825,v1,0.0298,0.3944,0.159,1.2784,0.7294,0.02137,0.1272,0.002201,0.636,1,17,56.92,0.492,1,5142,16.0,7.118,0,50,9604,464781.0,41.37,17,8.52
1786081398710,826,v1,0.0761,0.5379,0.4337,1.1618,0.1295,0.00993,0.134,0.003327,0.7,0,27,60.31,0.92,1,0,13.86,13.86,1,50,10933,247415.9,100.0,13,11.85
1786081401304,827,v1,0.0685,0.6259,0.2598,2.0283,0.6806,0.00555,0.0507,0.002632,0.683,0,13,86.03,0.603,1,0,12.0,12.0,1,50,10311,230344.8,100.0,13,10.27
1786081403803,828,v1,0.0718,0.6378,0.1815,0.9122,0.407,0.00344,0.1665,0.001465,0.648,1,29,49.84,0.39,1,2764,19.082,13.898,0,50,10847,486197.0,87.73,16,5.67
1786081406484,829,v1,0.0198,0.78,0.4721,2.3325,0.6153,0.01367,0.2211,0.001391,0.658,1,26,20.52,0.977,1,1623,13.702,11.465,1,50,10223,237754.8,100.0,13,17.9
1786081409301,830,v1,0.0617,0.2226,0.2961,2.3625,0.8816,0.02375,0.0566,0.001968,0.665,0,36,65.96,0.552,1,0,15.041,15.041,1,50,11991,262432.7,100.0,13,7.48
1786081412001,831,v1,0.0403,0.7344,0.3464,1.8721,0.9038,0.02532,0.1637,0.002733,0.697,1,12,74.64,0.483,1,6637,11.0,3.42,1,50,9914,264207.6,100.0,13,72.03
1786081403711,832,v1,0.0614,0.319,0.1994,0.8147,0.9382,0.00324,0.1654,0.003165,0.706,0,9,84.62,0.846,1,0,8.0,8.0,1,50,11621,272098.6,100.0,14,11.79
1786081406471,833,v1,0.0734,0.6752,0.1055,1.5466,0.1713,0.02674,0.2372,0.002953,0.637,0,33,90.34,0.438,1,0,12.058,12.058,1,50,10845,187132.3,100.0,6,11.2
1786081408841,834,v1,0.0179,0.4755,0.4907,2.0192,0.8167,0.03116,0.0569,0.001618,0.633,1,20,83.9,0.835,1,0,12.958,12.958,1,50,10031,228082.8,100.0,13,5.91
1786081412504,835,v1,0.0111,0.9079,0.3143,1.0442,0.4991,0.02877,0.0831,0.001508,0.684,0,28,65.82,0.548,1,0,7.235,7.235,0,50,9612,482821.8,35.71,19,5.93
1786081404926,836,v1,0.0624,0.5877,0.1056,1.9857,0.6616,0.02649,0.0839,0.002667,0.646,0,12,32.1,0.956,1,5854,10.726,5.583,1,50,10543,254143.6,100.0,13,16.86
1786081407356,837,v1,0.0618,0.8381,0.3447,1.9962,0.9279,0.01732,0.112,0.001398,0.682,0,11,28.2,0.66,1,3652,9.791,6.929,1,50,10278,221761.0,100.0,10,11.59
1786081410535,838,v1,0.0304,0.248,0.3109,1.0667,0.9187,0.00638,0.0557,0.001353,0.648,0,9,38.91,0.583,1,4979,8.0,5.273,1,50,11082,289858.7,100.0,14,48.34
1786081413481,839,v1,0.0618,0.3521,0.1783,1.9322,0.1182,0.01996,0.0514,0.001665,0.636,0,35,90.84,0.497,1,0,20.689,20.689,0,50,10421,415680.3,99.87,16,6.77
1786081404950,840,v1,0.0242,0.3109,0.4985,2.2827,0.3659,0.01103,0.1413,0.003029,0.582,0,27,98.69,0.811,1,0,13.853,13.853,1,50,10316,238189.8,100.0,13,11.08
1786081407379,841,v1,0.0123,0.5161,0.3533,0.8621,0.5074,0.01582,0.1824,0.002235,0.705,0,23,30.29,0.866,1,786,13.995,13.099,1,50,10917,245317.9,100.0,13,15.88
1786081410483,842,v1,0.0666,0.499,0.4193,2.2975,0.6196,0.01586,0.0678,0.003509,0.617,0,26,36.77,0.336,1,0,16.928,16.928,0,50,10674,315925.5,89.25,15,13.12
1786081412764,843,v1,0.0531,0.6982,0.4255,2.09,0.209,0.01784,0.0501,0.003184,0.672,0,33,92.83,0.534,1,0,14.228,14.228,1,50,9547,207256.9,100.0,13,11.82
1786081405531,844,v1,0.0654,0.3676,0.4065,1.0717,0.5078,0.03148,0.2265,0.002202,0.61,0,25,79.69,0.996,1,0,14.781,14.781,0,50,10171,243460.1,84.1,13,8.62
1786081409041,845,v1,0.0776,0.2684,0.2031,2.1211,0.4158,0.02006,0.0535,0.002619,0.639,1,10,30.77,0.497,1,5239,9.0,3.924,0,50,9526,449771.4,38.81,15,10.17
1786081413295,846,v1,0.0349,0.4542,0.1794,2.4643,0.9629,0.01173,0.0708,0.003115,0.696,1,27,22.85,0.728,1,0,0.0,0.0,0,50,9913,566500.4,0.0,-1,11.86
1786081417151,847,v1,0.0705,0.8481,0.3821,1.2144,0.2406,0.00475,0.1783,0.003484,0.633,1,5,21.29,0.68,1,7359,4.0,0.588,0,50,8759,471934.3,13.62,-1,13.02
1786081406781,848,v1,0.049,0.625,0.2389,0.9333,0.4382,0.01886,0.0565,0.001352,0.597,1,17,22.93,0.619,1,1313,14.959,12.967,0,50,10115,317996.5,98.83,15,5.43
1786081409107,849,v1,0.0228,0.4811,0.2443,2.229,0.5525,0.01916,0.1198,0.003023,0.682,0,34,67.17,0.651,1,0,15.318,15.318,1,50,10388,245264.4,100.0,14,11.17
1786081411858,850,v1,0.0318,0.8617,0.1605,1.4628,0.3066,0.00843,0.1985,0.00365,0.697,1,24,81.15,0.585,1,0,13.359,13.359,1,50,10604,233428.9,100.0,13,13.1
1786081415727,851,v1,0.0154,0.8671,0.197,1.6768,0.373,0.0312,0.1056,0.003531,0.618,0,11,60.84,0.975,1,6478,10.0,4.722,0,50,10154,479687.6,30.75,16,13.18
1786081406850,852,v1,0.0151,0.8716,0.4579,1.0082,0.4032,0.01906,0.1836,0.003157,0.626,1,6,51.85,0.518,1,6885,5.0,1.45,1,50,9846,257811.2,100.0,13,74.36
1786081409415,853,v1,0.0169,0.7413,0.3153,1.4324,0.6913,0.02697,0.1416,0.00312,0.614,0,36,99.1,0.376,1,0,18.504,18.504,0,50,10090,276652.1,89.88,15,11.69
1786081412868,854,v1,0.0496,0.9953,0.324,1.4984,0.5281,0.02107,0.2248,0.00319,0.656,0,22,87.97,0.846,1,0,17.081,17.081,0,50,10786,316207.1,89.22,16,11.86
1786081417234,855,v1,0.0409,0.7795,0.1719,1.8851,0.8212,0.01074,0.1817,0.003768,0.72,1,23,72.81,0.471,1,0,2.588,2.588,0,50,11031,618210.0,13.37,-1,13.69
1786081415654,856,v1,0.0707,0.7491,0.201,1.7756,0.9635,0.02275,0.1194,0.002277,0.587,1,25,96.99,0.348,1,0,15.974,15.974,0,50,10787,302569.4,91.06,14,8.45
1786081420003,857,v1,0.0151,0.9159,0.2437,1.8864,0.3483,0.02975,0.2237,0.001371,0.701,1,22,68.06,0.8,1,0,3.12,3.12,0,50,10309,572132.9,16.26,-1,5.34
1786081422332,858,v1,0.0351,0.6706,0.2875,1.2607,0.8196,0.01918,0.0846,0.003343,0.586,0,23,82.54,0.346,1,0,11.271,11.271,1,50,10512,190032.0,100.0,8,12.48
1786081427403,859,v1,0.0793,0.4259,0.2367,1.1089,0.6783,0.00527,0.1221,0.0017,0.62,1,15,85.35,0.942,1,12108,14.0,0.0,0,50,12405,713378.4,13.13,-1,6.7
1786081417904,860,v1,0.0225,0.8847,0.1675,2.2191,0.7438,0.01267,0.0969,0.001859,0.681,0,28,52.25,0.684,1,0,0.083,0.083,0,50,10632,616481.6,0.4,-1,7.1
1786081421375,861,v1,0.0634,0.9029,0.293,1.9182,0.2908,0.01383,0.2373,0.001262,0.657,1,27,38.3,0.829,1,3603,18.61,11.914,0,50,10474,488807.8,90.83,16,4.6
1786081423975,862,v1,0.0736,0.3251,0.2078,2.0855,0.7714,0.01782,0.1891,0.001502,0.648,0,32,39.85,0.886,1,0,12.885,12.885,1,50,11796,235297.1,100.0,9,5.6
1786081426408,863,v1,0.027,0.7165,0.2677,2.2375,0.7671,0.00434,0.2142,0.003452,0.67,0,24,31.54,0.899,1,0,13.75,13.75,1,50,10240,223845.4,100.0,13,13.17
1786081416506,864,v1,0.0525,0.8798,0.2178,0.9932,0.7208,0.01352,0.1012,0.003403,0.687,0,33,43.72,0.836,1,0,14.359,14.359,1,50,10642,243315.7,100.0,13,12.67
1786081419256,865,v1,0.0483,0.4464,0.2989,1.9886,0.8957,0.00468,0.1622,0.001556,0.607,1,13,34.64,0.851,1,10047,11.962,0.19,1,50,10411,289643.9,100.0,22,97.69
1786081421854,866,v1,0.0758,0.3758,0.3728,1.9213,0.1738,0.03127,0.1233,0.002903,0.621,0,16,56.94,0.871,1,0,14.18,14.18,0,50,10415,274304.2,84.26,14,11.1
1786081424212,867,v1,0.0601,0.5138,0.2767,2.1016,0.7802,0.02871,0.1585,0.001553,0.696,1,15,50.22,0.438,1,0,13.0,13.0,1,50,10278,231331.1,100.0,13,5.8
1786081417169,868,v1,0.0786,0.452,0.4417,1.2338,0.4113,0.01592,0.2294,0.002338,0.678,1,36,20.94,0.61,1,1111,14.696,13.02,1,50,10459,236619.2,100.0,13,8.53
1786081419620,869,v1,0.0596,0.8056,0.2361,0.9756,0.2951,0.02369,0.2012,0.003429,0.646,0,29,45.87,0.751,1,0,17.204,17.204,0,50,10183,279277.1,84.37,15,13.16
1786081422342,870,v1,0.0702,0.4312,0.2035,0.9693,0.3329,0.01312,0.2135,0.001644,0.653,1,11,87.01,0.623,1,8061,9.961,1.713,1,50,9936,251789.3,100.0,16,6.91
1786081424640,871,v1,0.0441,0.2036,0.4343,1.2917,0.4543,0.02041,0.2326,0.001402,0.581,1,8,46.37,0.446,1,2537,5.74,4.128,1,50,10409,160223.8,100.0,4,17.42
1786081419045,872,v1,0.0518,0.4839,0.3915,2.3384,0.6613,0.00355,0.0854,0.002599,0.667,1,33,36.02,0.957,1,0,15.026,15.026,1,50,10142,238155.9,100.0,13,9.69
1786081421390,873,v1,0.0719,0.6505,0.4954,2.38,0.5874,0.02223,0.2079,0.003192,0.636,0,29,96.01,0.9,1,0,17.037,17.037,0,50,9621,265650.9,97.85,15,12.4
1786081425453,874,v1,0.0275,0.6606,0.3007,1.4444,0.9426,0.0042,0.1445,0.002039,0.671,1,21,99.99,0.338,1,0,0.0,0.0,0,50,9724,573618.4,0.0,-1,8.04
1786081427712,875,v1,0.0328,0.5646,0.4308,1.4852,0.4863,0.00645,0.0983,0.002603,0.663,1,21,65.57,0.937,1,0,13.0,13.0,1,50,9689,220352.4,100.0,13,9.66
1786081420156,876,v1,0.0399,0.7931,0.2719,2.3807,0.8178,0.01173,0.1103,0.003366,0.588,0,34,72.66,0.966,1,0,12.921,12.921,1,50,10307,196461.8,100.0,9,12.69
1786081423814,877,v1,0.0352,0.2162,0.1783,1.3821,0.1656,0.0079,0.0804,0.002051,0.72,0,8,69.24,0.489,1,2584,7.0,5.612,0,50,9477,540071.8,0.0,-1,8.53
1786081426145,878,v1,0.0593,0.8586,0.1236,2.3594,0.6793,0.02762,0.1743,0.003476,0.603,1,36,51.48,0.349,1,763,12.295,11.256,1,50,10203,176243.2,100.0,7,12.79
1786081429062,879,v1,0.0406,0.7993,0.4427,1.2547,0.4022,0.01129,0.2268,0.002286,0.637,0,19,28.81,0.99,1,1026,16.794,15.222,0,50,9893,372105.3,84.84,16,8.74
1786081420720,880,v1,0.0328,0.6384,0.1455,1.6686,0.2189,0.02931,0.1531,0.002497,0.707,1,24,35.89,0.797,1,1502,13.353,11.209,1,50,9795,221045.9,100.0,13,24.14
1786081425081,881,v1,0.0216,0.7226,0.1232,2.2403,0.1573,0.02147,0.0748,0.003607,0.708,1,34,52.93,0.757,1,0,0.0,0.0,0,50,10537,604766.7,0.0,-1,13.31
1786081428815,882,v1,0.0158,0.2148,0.3361,1.4688,0.8255,0.02134,0.2294,0.003471,0.689,0,16,21.64,0.354,1,2398,15.0,11.813,0,50,10311,601197.8,0.01,-1,12.94
1786081431048,883,v1,0.0556,0.7353,0.3742,1.2916,0.9277,0.0206,0.1235,0.003675,0.658,0,36,82.5,0.544,1,0,13.52,13.52,1,50,10078,200187.7,100.0,10,12.73
1786081428869,884,v1,0.0397,0.4709,0.2266,1.531,0.7442,0.0098,0.1541,0.003469,0.711,0,17,74.07,0.71,1,5317,16.0,8.465,0,50,10443,582713.6,10.15,-1,13.38
1786081431232,885,v1,0.0714,0.9703,0.3638,1.7307,0.3917,0.01623,0.2251,0.002056,0.661,1,14,55.61,0.36,1,0,12.998,12.998,1,50,10573,241542.0,100.0,13,8.08
1786081435093,886,v1,0.0106,0.3008,0.4661,0.9177,0.962,0.00337,0.169,0.002126,0.631,0,19,86.79,0.366,1,0,18.0,18.0,0,50,10873,644432.3,0.0,-1,8.31
1786081436781,887,v1,0.0509,0.3596,0.1486,2.0223,0.847,0.02879,0.091,0.001894,0.611,0,29,76.39,0.875,1,0,14.169,14.169,1,50,9505,220859.4,100.0,13,6.94
1786081429506,888,v1,0.0653,0.3443,0.4832,1.1184,0.3329,0.00657,0.0698,0.002322,0.719,0,32,78.04,0.935,1,0,22.779,22.779,0,50,12128,554675.9,85.0,17,8.3
1786081431708,889,v1,0.0671,0.7833,0.4922,2.0032,0.4744,0.02099,0.1147,0.003489,0.675,1,33,49.75,0.443,1,0,14.354,14.354,1,50,10696,229507.3,100.0,13,13.29
1786081435561,890,v1,0.0755,0.9415,0.4224,2.1759,0.5866,0.00302,0.1815,0.00153,0.624,1,11,21.02,0.546,1,7009,10.0,3.773,0,50,11449,595320.7,32.89,16,5.99
1786081437608,891,v1,0.0345,0.4679,0.2594,2.4081,0.1784,0.01367,0.2352,0.002862,0.593,1,32,59.49,0.435,1,0,14.363,14.363,1,50,11011,250608.2,100.0,13,10.96
1786081429893,892,v1,0.0591,0.3048,0.2624,1.7967,0.5739,0.02322,0.0614,0.001333,0.621,0,24,39.91,0.748,1,0,16.267,16.267,0,50,10341,293558.0,92.76,15,4.62
1786081433446,893,v1,0.0578,0.9912,0.4267,2.3727,0.4863,0.01779,0.131,0.002304,0.671,1,17,88.43,0.971,1,9197,16.0,1.033,0,50,10208,612596.9,6.46,-1,8.9
1786081436098,894,v1,0.0733,0.5817,0.2447,2.4531,0.4255,0.0119,0.1449,0.001546,0.708,0,6,73.53,0.634,1,0,5.0,5.0,0,50,10828,481990.2,89.4,17,6.35
1786081438675,895,v1,0.0709,0.7749,0.4203,1.9303,0.8434,0.01881,0.1453,0.001971,0.69,1,12,84.44,0.526,1,6406,11.0,4.213,0,50,10627,544170.7,34.43,17,7.37
1786081431103,896,v1,0.0126,0.5754,0.2765,1.1681,0.3587,0.0185,0.1585,0.001977,0.621,1,28,22.04,0.942,1,1455,13.846,10.748,0,50,9708,444519.7,62.6,17,7.3
1786081433496,897,v1,0.0526,0.9802,0.3376,2.313,0.8237,0.01843,0.1829,0.0035,0.645,1,32,76.68,0.503,1,0,18.711,18.711,0,50,11053,333591.4,89.17,16,13.28
1786081435916,898,v1,0.0206,0.9345,0.2275,1.338,0.534,0.01582,0.1161,0.002166,0.588,1,5,46.45,0.543,1,8183,4.0,1.191,1,50,11765,302562.8,100.0,13,72.7
1786081437955,899,v1,0.0485,0.7548,0.4455,1.6315,0.937,0.02855,0.0944,0.002372,0.604,1,22,72.26,0.553,1,0,10.221,10.221,1,50,11224,176366.7,100.0,7,9.52
1786081448987,900,v1,0.0779,0.5439,0.3413,1.7568,0.3317,0.02715,0.1762,0.003425,0.667,1,25,25.68,0.433,1,1030,16.568,14.811,0,50,10452,338919.7,85.74,15,12.77
1786081451682,901,v1,0.0495,0.2055,0.3082,1.8076,0.1775,0.01587,0.1926,0.001517,0.609,0,6,80.96,0.347,1,0,5.0,5.0,1,50,10196,229615.8,100.0,13,5.88
1786081455513,902,v1,0.0159,0.3809,0.1178,1.1967,0.374,0.02947,0.1128,0.002493,0.649,1,21,22.14,0.987,1,1609,17.781,14.793,0,50,10048,378665.8,86.02,16,9.44
1786081458804,903,v1,0.0197,0.3747,0.1754,1.7282,0.6299,0.00819,0.2133,0.00132,0.666,1,26,57.81,0.329,1,0,15.535,15.535,1,50,10537,264939.5,100.0,15,5.33
1786081449119,904,v1,0.0428,0.3158,0.2258,1.5336,0.3824,0.01277,0.0753,0.003537,0.662,0,31,49.2,0.301,1,0,15.049,15.049,1,50,10383,235205.6,100.0,13,13.45
1786081452819,905,v1,0.0754,0.3676,0.1243,2.071,0.5086,0.00972,0.1933,0.002415,0.662,0,13,40.13,0.669,1,5721,12.0,6.796,1,50,11321,276831.3,100.0,13,11.23
1786081456178,906,v1,0.026,0.5613,0.2502,1.8051,0.4897,0.0162,0.2058,0.003724,0.64,1,12,72.85,0.903,1,9427,11.0,0.0,1,50,9826,275347.5,0.0,-1,100.0
1786081460678,907,v1,0.0724,0.589,0.449,2.2026,0.7808,0.01385,0.1717,0.003711,0.707,1,14,45.17,0.845,1,10460,13.0,0.0,0,50,10963,632818.6,0.0,-1,13.44
1786081452685,908,v1,0.023,0.6465,0.4199,1.6436,0.8272,0.01444,0.129,0.003421,0.675,1,7,56.36,0.741,1,9949,6.0,0.649,0,50,11400,649669.7,0.11,-1,13.0
1786081455892,909,v1,0.0378,0.7489,0.3017,1.8455,0.9286,0.01285,0.198,0.001303,0.62,1,14,32.8,0.416,1,0,13.0,13.0,1,50,10533,242905.0,100.0,13,5.05
1786081458702,910,v1,0.039,0.9017,0.1145,1.5155,0.779,0.02122,0.2158,0.002676,0.628,1,36,39.73,0.815,1,1556,13.355,11.157,1,50,10262,202458.5,100.0,10,9.77
1786081463451,911,v1,0.0632,0.5605,0.4477,1.2954,0.5239,0.02272,0.2272,0.002944,0.695,1,13,74.46,0.816,1,11145,12.0,0.0,0,50,11549,672856.6,0.0,-1,11.27
1786081450816,912,v1,0.0733,0.9153,0.3697,1.727,0.1573,0.03063,0.1905,0.002636,0.613,1,28,93.39,0.708,1,0,16.034,16.034,0,50,10347,270522.4,100.0,14,10.55
1786081454431,913,v1,0.048,0.7217,0.2127,2.4988,0.7206,0.02656,0.1084,0.003754,0.619,1,26,33.94,0.868,1,1564,17.235,14.379,0,50,10289,341681.6,97.19,16,14.25
1786081458713,914,v1,0.0428,0.8376,0.1642,1.0458,0.8683,0.02003,0.2398,0.00246,0.623,0,4,52.44,0.681,1,4517,3.0,2.578,0,50,10783,450848.3,56.61,16,9.53
1786081461287,915,v1,0.0665,0.831,0.1419,2.2989,0.6318,0.03163,0.2271,0.002011,0.68,1,4,61.52,0.983,1,9649,3.0,0.0,1,50,9713,264933.3,100.0,23,99.86
1786081451030,916,v1,0.0572,0.3719,0.2573,2.3035,0.3481,0.02324,0.1453,0.002474,0.67,1,23,33.64,0.996,1,1459,13.195,11.066,1,50,9419,214440.1,100.0,13,12.39
1786081454762,917,v1,0.0231,0.5281,0.1913,2.1119,0.7636,0.00639,0.235,0.001646,0.624,1,8,64.26,0.382,1,4513,7.0,3.985,1,50,10589,251819.5,100.0,13,46.38
1786081458774,918,v1,0.0561,0.7335,0.2923,1.0367,0.6808,0.01235,0.1461,0.001622,0.689,1,32,27.55,0.685,1,1556,19.723,16.877,0,50,11278,438022.0,91.93,17,6.51
1786081461776,919,v1,0.044,0.3558,0.4234,1.807,0.5832,0.01897,0.1309,0.003468,0.691,0,34,28.56,0.679,1,722,20.45,18.924,0,50,9679,368029.4,83.83,18,12.94
1786081453076,920,v1,0.0566,0.4075,0.3945,1.1786,0.6164,0.0096,0.0942,0.003146,0.701,0,28,44.12,0.441,1,0,19.338,19.338,0,50,10429,430720.6,92.54,17,11.9
1786081456731,921,v1,0.0475,0.2062,0.3037,0.8282,0.5359,0.0318,0.129,0.002088,0.707,0,26,28.44,0.527,1,715,14.17,13.346,1,50,10991,246594.2,100.0,13,8.19
1786081459158,922,v1,0.0246,0.7676,0.4447,1.8647,0.3722,0.02747,0.1223,0.001707,0.615,0,36,70.13,0.959,1,0,14.738,14.738,1,50,9683,222965.4,100.0,13,6.64
1786081461999,923,v1,0.0641,0.6272,0.1038,1.747,0.5559,0.02692,0.1497,0.002651,0.687,1,7,93.05,0.994,1,8872,6.0,0.0,1,50,9022,253185.3,100.0,20,55.74
1786081453086,924,v1,0.0553,0.6609,0.4251,2.4826,0.5957,0.01654,0.1145,0.001595,0.661,1,20,26.19,0.639,1,0,13.0,13.0,1,50,10058,226370.8,100.0,13,6.26
1786081457951,925,v1,0.0249,0.3998,0.3537,0.903,0.6076,0.00921,0.0598,0.002331,0.669,0,28,75.22,0.364,1,0,0.45,0.45,0,50,9056,542935.2,2.08,-1,9.07
1786081460634,926,v1,0.0691,0.329,0.2418,2.0458,0.8115,0.01607,0.2358,0.003658,0.643,1,27,42.83,0.962,1,1434,17.524,14.686,0,50,9633,326709.7,99.47,16,13.16
1786081463370,927,v1,0.0477,0.2539,0.2806,2.2743,0.6137,0.02433,0.0647,0.001324,0.685,1,5,64.23,0.908,1,9681,4.0,0.0,1,50,9732,267925.7,0.0,-1,100.0
1786081462614,928,v1,0.0467,0.5647,0.1362,1.8417,0.8892,0.01115,0.0808,0.00266,0.583,0,8,97.65,0.867,1,0,7.0,7.0,0,50,10279,302961.5,95.25,16,10.34
1786081465877,929,v1,0.0485,0.9644,0.1153,1.1835,0.1089,0.01081,0.0534,0.003543,0.687,1,27,46.21,0.45,1,2700,20.207,14.099,0,50,10052,495328.9,85.23,18,13.82
1786081469435,930,v1,0.0638,0.7242,0.2575,1.2193,0.7169,0.00458,0.2388,0.003396,0.647,1,24,33.29,0.754,1,1560,17.984,15.025,0,50,10225,430569.5,83.62,17,12.62
1786081472440,931,v1,0.0579,0.8082,0.48,1.5161,0.4673,0.00507,0.0535,0.003567,0.648,0,10,52.23,0.749,1,3967,9.0,5.8,0,50,8983,451720.0,48.72,17,13.76
1786081464236,932,v1,0.0251,0.8126,0.1799,1.0779,0.5166,0.00354,0.1536,0.003415,0.674,0,11,42.48,0.721,1,4788,10.0,6.318,1,50,10810,262352.8,100.0,13,53.41
1786081468364,933,v1,0.0524,0.8369,0.1583,1.5206,0.6642,0.00781,0.2411,0.001797,0.592,1,14,32.58,0.848,1,9570,13.0,0.664,0,50,10344,621456.1,4.42,-1,7.17
1786081471293,934,v1,0.0585,0.4649,0.4393,0.8581,0.8832,0.02316,0.2019,0.001319,0.589,0,4,20.95,0.84,1,3573,3.0,2.697,1,50,11834,147359.3,100.0,3,5.46
1786081475951,935,v1,0.0216,0.4921,0.402,1.8455,0.5225,0.00434,0.0919,0.003076,0.681,1,19,34.37,0.836,1,10724,18.0,0.0,0,50,11285,676629.3,0.0,-1,11.03
1786081465282,936,v1,0.019,0.6057,0.3354,1.39,0.816,0.0282,0.1612,0.003026,0.687,0,22,50.1,0.841,1,0,18.493,18.493,0,50,10139,331566.3,88.06,17,11.78
1786081469633,937,v1,0.0369,0.8632,0.2804,1.4859,0.6827,0.01433,0.0551,0.002338,0.706,1,5,51.41,0.531,1,6473,4.0,1.64,0,50,11078,604184.3,17.51,-1,9.07
1786081472055,938,v1,0.0275,0.3468,0.4935,1.5306,0.2284,0.00819,0.1343,0.002613,0.717,1,22,38.67,0.776,1,1736,14.953,11.947,1,50,9176,233510.6,100.0,15,28.45
1786081474782,939,v1,0.0353,0.4801,0.2012,1.0218,0.2056,0.02242,0.1957,0.003012,0.624,0,19,61.45,0.692,1,0,15.888,15.888,0,50,9541,274623.3,92.35,15,11.55
1786081467279,940,v1,0.0139,0.4614,0.4324,0.8952,0.8261,0.00918,0.0771,0.001341,0.693,0,16,77.84,0.55,1,0,15.0,15.0,0,50,10488,621902.2,0.0,-1,5.18
1786081470062,941,v1,0.0563,0.6104,0.191,2.2617,0.6693,0.01238,0.1357,0.002435,0.599,0,27,43.49,0.484,1,0,17.539,17.539,0,50,11394,351088.3,97.67,16,8.83
1786081472713,942,v1,0.0166,0.8022,0.1292,1.0948,0.9968,0.01984,0.1183,0.002022,0.632,1,18,47.41,0.357,1,0,13.0,13.0,1,50,10209,234910.2,100.0,13,7.69
1786081477091,943,v1,0.0325,0.2355,0.1324,2.4664,0.3434,0.02331,0.1134,0.001871,0.686,0,4,96.4,0.64,1,0,3.0,3.0,0,50,10816,557323.0,65.29,19,6.99
1786081465633,944,v1,0.0647,0.8779,0.282,1.0628,0.5758,0.03087,0.1894,0.002247,0.706,1,35,40.82,0.797,1,1239,14.576,12.435,1,50,8979,208708.8,100.0,13,8.55
1786081468074,945,v1,0.0589,0.2146,0.2916,1.2987,0.3039,0.01538,0.1045,0.001249,0.708,0,28,41.44,0.97,1,0,14.997,14.997,1,50,10932,262568.3,100.0,14,5.14
1786081470482,946,v1,0.0794,0.7398,0.3895,1.1722,0.6602,0.00305,0.1907,0.001892,0.701,1,19,34.96,0.416,1,0,13.0,13.0,1,50,9917,221868.7,100.0,13,7.78
1786081473414,947,v1,0.0375,0.6819,0.2552,0.8985,0.2296,0.0165,0.2365,0.002467,0.625,1,8,23.16,0.838,1,9610,7.0,0.0,1,50,9789,278045.1,100.0,19,46.55
1786081467394,948,v1,0.0368,0.708,0.3425,0.8506,0.672,0.02086,0.18,0.003235,0.708,0,23,50.71,0.846,1,0,17.228,17.228,0,50,10570,367427.5,81.98,17,11.66
1786081469484,949,v1,0.0743,0.9119,0.1297,1.6539,0.7633,0.02068,0.1092,0.00249,0.61,1,23,79.19,0.945,1,0,9.287,9.287,1,50,9985,143974.3,100.0,5,9.3
1786081472811,950,v1,0.0754,0.5182,0.2761,2.4575,0.5088,0.01421,0.2493,0.002084,0.668,0,36,38.07,0.583,1,0,21.32,21.32,0,50,10792,439532.7,96.1,16,8.1
1786081475334,951,v1,0.0721,0.969,0.2273,1.7282,0.8623,0.02436,0.1269,0.003264,0.659,0,19,28.77,0.942,1,0,10.728,10.728,1,50,10651,183971.3,100.0,8,11.98
1786081467912,952,v1,0.0439,0.2746,0.4259,1.4738,0.315,0.00925,0.1249,0.001235,0.628,1,22,80.83,0.575,1,0,17.462,17.462,0,50,9991,403781.2,83.77,16,5.04
1786081471885,953,v1,0.0325,0.2735,0.4164,1.9746,0.7674,0.00527,0.2076,0.001682,0.713,0,10,91.42,0.985,1,0,9.0,9.0,0,50,9647,594668.5,0.0,-1,6.41
1786081474811,954,v1,0.074,0.2799,0.3804,0.9524,0.9068,0.01474,0.1107,0.003467,0.611,0,31,90.13,0.493,1,0,17.152,17.152,0,50,10238,279162.9,95.01,14,13.46
1786081478047,955,v1,0.0133,0.7989,0.474,1.8285,0.7218,0.0143,0.1589,0.001632,0.586,0,20,60.02,0.57,1,0,17.066,17.066,0,50,10443,330220.7,85.7,16,6.37
1786081475721,956,v1,0.072,0.8863,0.1059,1.8883,0.5889,0.00452,0.1295,0.002858,0.6,0,13,43.65,0.711,1,4359,11.963,7.425,1,50,9959,247478.1,100.0,13,10.9
1786081478386,957,v1,0.012,0.4821,0.1765,2.2523,0.9928,0.02545,0.0927,0.003677,0.599,0,30,76.29,0.7,1,0,14.354,14.354,1,50,10812,243417.1,100.0,13,13.52
1786081481626,958,v1,0.0637,0.2019,0.2334,1.4858,0.8989,0.03185,0.0613,0.001271,0.664,0,7,46.52,0.411,1,3062,6.0,4.773,0,50,10052,392863.0,58.48,15,5.12
1786081485148,959,v1,0.072,0.5907,0.3003,1.9451,0.1966,0.02461,0.054,0.00321,0.685,1,9,92.32,0.621,1,7606,8.0,1.444,0,50,9526,517030.7,15.32,-1,12.01
1786081478154,960,v1,0.0187,0.4669,0.4822,2.0206,0.6925,0.00708,0.2457,0.003461,0.65,1,22,72.32,0.98,1,0,0.0,0.0,0,50,9530,565056.0,0.0,-1,12.52
1786081480311,961,v1,0.0658,0.2898,0.1962,2.36,0.774,0.03168,0.0698,0.001697,0.614,1,23,37.11,0.462,1,1000,10.259,9.238,1,50,10343,166261.5,100.0,7,6.37
1786081483423,962,v1,0.0579,0.4615,0.3967,1.2094,0.3655,0.0146,0.0888,0.002035,0.717,0,32,46.09,0.479,1,0,22.364,22.364,0,50,10658,485803.7,85.34,17,7.81
1786081486292,963,v1,0.0457,0.7662,0.1717,1.0825,0.8332,0.02369,0.057,0.001933,0.58,1,27,84.47,0.756,1,0,15.922,15.922,0,50,10594,273056.7,95.92,14,7.43
1786081478050,964,v1,0.0191,0.8275,0.3264,1.8352,0.4048,0.01441,0.1396,0.003513,0.58,0,20,33.18,0.83,1,0,12.922,12.922,1,50,9828,215629.6,100.0,13,13.27
1786081481384,965,v1,0.0492,0.52,0.1096,1.1119,0.288,0.00989,0.1988,0.002428,0.702,0,34,96.7,0.904,1,0,19.365,19.365,0,50,10115,509845.0,72.91,18,9.12
1786081484594,966,v1,0.0605,0.3602,0.1849,1.6012,0.3057,0.01656,0.0611,0.001375,0.593,1,13,77.34,0.899,1,10853,11.893,0.242,1,50,11359,304481.1,100.0,19,9.27
1786081488940,967,v1,0.0751,0.4212,0.2211,1.6524,0.8267,0.00673,0.0816,0.00315,0.679,1,8,42.66,0.577,1,8751,7.0,1.226,0,50,10823,592015.0,14.65,-1,11.88
1786081478805,968,v1,0.0534,0.7424,0.2801,1.6362,0.5107,0.02557,0.2126,0.002381,0.632,0,7,69.16,0.782,1,3926,6.0,4.343,1,50,9623,225266.9,100.0,13,23.71
1786081481413,969,v1,0.0246,0.6499,0.1964,1.7406,0.7978,0.0198,0.2108,0.002767,0.635,1,35,85.97,0.42,1,0,14.502,14.502,1,50,10573,235306.5,100.0,13,10.74
1786081484219,970,v1,0.0336,0.5987,0.4675,2.0889,0.3392,0.01851,0.2415,0.002322,0.609,1,21,79.57,0.324,1,0,16.373,16.373,0,50,10337,303187.2,86.52,15,8.83
1786081486691,971,v1,0.0731,0.2462,0.4831,1.4242,0.8476,0.01139,0.1504,0.002076,0.66,0,33,85.59,0.664,1,0,18.362,18.362,0,50,10104,296123.2,95.18,16,8.3
1786081481140,972,v1,0.0125,0.6016,0.4972,1.1375,0.4649,0.01267,0.0812,0.00185,0.598,1,15,75.97,0.649,1,8926,14.0,1.662,0,50,10379,610936.7,10.18,-1,6.94
1786081483428,973,v1,0.0663,0.7972,0.1914,2.3081,0.5677,0.01286,0.1871,0.003624,0.714,0,36,52.13,0.883,1,0,14.737,14.737,1,50,9945,220435.6,100.0,13,14.01
1786081486758,974,v1,0.0768,0.31,0.2091,1.3287,0.2976,0.01249,0.0779,0.001827,0.696,0,24,40.32,0.634,1,0,18.014,18.014,0,50,10245,441540.4,92.75,16,6.9
1786081490615,975,v1,0.0381,0.3125,0.2638,2.268,0.5234,0.00414,0.1683,0.001362,0.666,0,35,22.91,0.761,1,437,6.549,5.525,0,50,9594,534130.6,27.22,19,5.23
1786081480481,976,v1,0.0384,0.6307,0.2813,1.5211,0.3974,0.02158,0.0706,0.002817,0.705,0,16,86.69,0.886,1,0,13.0,13.0,1,50,11112,248713.5,100.0,13,10.91
1786081484635,977,v1,0.0216,0.3557,0.2931,2.0694,0.4926,0.02057,0.0731,0.002694,0.697,1,17,68.26,0.98,1,10307,16.0,0.0,0,50,10771,658380.7,0.0,-1,10.28
1786081487242,978,v1,0.0678,0.4488,0.1996,1.5056,0.4131,0.02541,0.1452,0.001602,0.585,0,24,89.22,0.506,1,0,15.365,15.365,0,50,9570,258812.5,99.85,14,5.88
1786081489442,979,v1,0.0379,0.9595,0.3595,1.1131,0.4364,0.00846,0.144,0.001594,0.636,0,29,28.87,0.888,1,880,14.202,13.097,1,50,10026,236658.7,100.0,13,6.04
1786081481046,980,v1,0.0536,0.6555,0.2289,2.0742,0.4705,0.01095,0.1931,0.001325,0.677,1,14,79.32,0.785,1,0,13.0,13.0,1,50,10464,238551.8,100.0,13,4.76
1786081483435,981,v1,0.0514,0.5959,0.2711,1.2737,0.7018,0.01798,0.1945,0.002004,0.622,0,6,51.0,0.502,1,3163,5.0,4.042,1,50,10004,219208.3,100.0,8,14.51
1786081486341,982,v1,0.0354,0.3578,0.2325,1.0795,0.5475,0.00958,0.2069,0.001541,0.666,1,11,85.47,0.443,1,6098,10.0,3.954,1,50,10252,276932.9,100.0,14,55.12
1786081488697,983,v1,0.0338,0.9904,0.4466,2.1562,0.3873,0.01991,0.0546,0.002032,0.644,1,14,99.43,0.922,1,0,13.0,13.0,1,50,10454,242930.5,100.0,13,7.53
1786081488438,984,v1,0.0188,0.4485,0.3211,1.0275,0.4185,0.01115,0.0957,0.003024,0.69,0,9,31.62,0.822,1,5375,8.0,4.711,1,50,10016,247642.8,100.0,14,60.09
1786081491174,985,v1,0.0612,0.555,0.2414,2.1953,0.858,0.00748,0.1533,0.002871,0.683,1,34,68.37,0.471,1,1188,22.083,19.617,0,50,11401,479516.5,89.47,18,10.67
1786081493249,986,v1,0.0296,0.3886,0.3494,1.1881,0.9104,0.02983,0.2409,0.003039,0.669,1,35,30.41,0.466,1,833,14.571,13.393,1,50,11219,246627.0,100.0,13,10.9
1786081495210,987,v1,0.0271,0.9851,0.2891,1.6193,0.8412,0.02193,0.1368,0.001583,0.6,0,13,88.64,0.562,1,0,10.934,10.934,1,50,11215,206951.6,100.0,8,5.85
1786081490827,988,v1,0.0185,0.7527,0.2549,1.0215,0.8704,0.00534,0.2032,0.003344,0.651,1,6,58.18,0.804,1,10137,5.0,0.0,0,50,10333,592586.4,0.0,-1,12.51
1786081492703,989,v1,0.0375,0.7817,0.3927,1.9763,0.2811,0.0189,0.1776,0.003104,0.715,1,29,64.2,0.756,1,0,14.197,14.197,1,50,10226,231106.8,100.0,13,11.94
1786081495385,990,v1,0.0206,0.3323,0.2583,0.9516,0.8922,0.01004,0.1956,0.001842,0.678,1,23,69.02,0.668,1,0,0.019,0.019,0,50,9735,570562.1,0.1,-1,7.01
1786081497371,991,v1,0.0208,0.37,0.236,2.4466,0.9664,0.02217,0.1947,0.002891,0.602,0,32,52.75,0.43,1,0,14.351,14.351,1,50,11413,247984.5,100.0,13,10.72
1786081489830,992,v1,0.0398,0.9925,0.1681,0.9032,0.2301,0.028,0.1791,0.001565,0.611,0,22,66.11,0.374,1,0,10.123,10.123,1,50,10933,182024.9,100.0,7,5.74
1786081492194,993,v1,0.0564,0.7308,0.1595,2.0999,0.4578,0.0272,0.0875,0.001597,0.697,0,24,88.14,0.798,1,0,17.753,17.753,0,50,9696,355354.4,83.77,16,6.36
1786081493852,994,v1,0.0595,0.8916,0.2947,0.8301,0.3629,0.02231,0.1336,0.00368,0.626,1,32,32.85,0.973,1,0,13.198,13.198,1,50,10620,213426.1,100.0,8,13.13
1786081497004,995,v1,0.0632,0.8221,0.288,0.8242,0.3535,0.02423,0.2306,0.001295,0.585,1,7,75.2,0.516,1,7062,6.0,2.348,0,50,11683,523925.6,35.92,14,5.12
1786081491364,996,v1,0.0663,0.6692,0.4643,2.1657,0.5993,0.01332,0.109,0.001996,0.61,0,32,81.58,0.999,1,0,17.658,17.658,0,50,9743,282891.6,84.48,15,7.26
1786081494559,997,v1,0.0522,0.9321,0.1465,2.0068,0.1126,0.00421,0.0567,0.003116,0.715,0,14,95.7,0.69,1,0,13.0,13.0,0,50,10352,570078.6,29.88,19,11.79
1786081496441,998,v1,0.0403,0.9923,0.4438,2.3013,0.9528,0.02468,0.1856,0.003059,0.681,1,25,96.63,0.542,1,0,18.244,18.244,0,50,10479,339329.5,84.61,17,11.55
1786081497893,999,v1,0.0295,0.28,0.3216,2.4971,0.1703,0.03022,0.2341,0.001434,0.58,0,32,73.95,0.816,1,0,16.849,16.849,0,50,10364,279463.7,84.19,14,5.11
1786081505500,1000,v1,0.0593,0.7875,0.4449,1.6066,0.5533,0.01598,0.1275,0.002445,0.603,1,30,78.16,0.637,1,0,17.192,17.192,0,50,11210,310214.0,100.0,15,9.28
1786081507909,1001,v1,0.0522,0.2239,0.2469,1.5934,0.4084,0.03168,0.224,0.001638,0.608,1,12,29.87,0.672,1,2457,8.696,6.512,1,50,10622,172975.5,100.0,6,10.07
1786081510350,1002,v1,0.0111,0.4404,0.1119,1.9921,0.815,0.0237,0.2401,0.003298,0.654,0,12,98.64,0.814,1,0,11.0,11.0,1,50,11167,256350.8,100.0,14,12.55
1786081513107,1003,v1,0.0615,0.6403,0.4784,2.1095,0.2352,0.01635,0.1872,0.002109,0.682,0,30,86.75,0.35,1,0,14.064,14.064,1,50,11632,245412.1,100.0,13,8.18
1786081505674,1004,v1,0.029,0.6063,0.3877,1.4009,0.2411,0.01307,0.1886,0.001642,0.638,0,25,89.99,0.396,1,0,13.521,13.521,1,50,10435,234177.9,100.0,13,6.02
1786081508476,1005,v1,0.03,0.6254,0.3138,0.9937,0.7911,0.01707,0.0975,0.003569,0.666,1,21,87.05,0.819,1,0,18.194,18.194,0,50,10534,340408.5,86.36,17,13.65
1786081510731,1006,v1,0.0472,0.579,0.3768,1.6768,0.6756,0.02441,0.2346,0.002892,0.621,0,4,98.77,0.717,1,0,3.0,3.0,1,50,9864,213456.1,100.0,13,11.16
1786081512821,1007,v1,0.0776,0.9804,0.2516,1.4926,0.8917,0.01634,0.0509,0.002024,0.626,0,18,82.91,0.986,1,0,7.983,7.983,1,50,10325,123637.4,100.0,5,7.47
1786081506598,1008,v1,0.0276,0.4598,0.4132,1.779,0.319,0.00949,0.1157,0.003522,0.695,0,11,54.96,0.797,1,6522,10.0,5.257,1,50,11431,286210.2,100.0,14,64.74
1786081510770,1009,v1,0.0738,0.2139,0.1194,2.1609,0.7094,0.01282,0.1537,0.002237,0.675,1,15,47.15,0.953,1,10233,14.0,0.0,0,50,10555,655322.3,0.0,-1,8.28
1786081514706,1010,v1,0.0513,0.4373,0.2876,1.76,0.3773,0.00907,0.158,0.001995,0.684,0,34,97.34,0.589,1,0,23.992,23.992,0,50,11944,530763.0,89.53,18,7.71
1786081517918,1011,v1,0.0711,0.5373,0.2244,2.3279,0.9384,0.02341,0.2432,0.003446,0.658,0,12,38.54,0.485,1,2487,11.0,8.649,0,50,9850,363467.1,69.39,16,12.56
1786081508306,1012,v1,0.0421,0.5439,0.4273,1.7909,0.3102,0.0119,0.2496,0.001415,0.643,0,5,40.01,0.819,1,6220,4.0,2.819,0,50,10589,577535.5,34.68,17,5.55
1786081510792,1013,v1,0.048,0.3319,0.4677,1.0104,0.2022,0.02149,0.1754,0.003295,0.625,0,34,97.54,0.54,1,0,12.489,12.489,1,50,11607,202986.3,100.0,6,11.83
1786081513281,1014,v1,0.0393,0.4844,0.1371,1.7219,0.8686,0.00729,0.2262,0.003241,0.581,1,29,72.98,0.989,1,1565,14.191,11.836,1,50,10238,227015.4,100.0,13,12.14
1786081516473,1015,v1,0.0274,0.2983,0.2414,2.1306,0.5309,0.03018,0.1665,0.001432,0.648,0,25,25.45,0.549,1,649,17.765,16.856,0,50,11559,369014.6,90.74,16,5.84
1786081507307,1016,v1,0.0762,0.6449,0.1468,2.2284,0.773,0.01979,0.096,0.003505,0.613,1,31,54.73,0.951,1,0,11.493,11.493,1,50,9748,153990.0,100.0,6,12.65
1786081509976,1017,v1,0.0508,0.5327,0.3898,2.3402,0.1015,0.03017,0.1325,0.003416,0.671,0,5,85.99,0.831,1,0,4.0,4.0,0,50,9703,350853.8,84.63,16,12.86
1786081512679,1018,v1,0.0215,0.3772,0.2103,1.207,0.139,0.02733,0.1111,0.002556,0.716,1,10,72.0,0.791,1,10802,9.0,0.151,1,50,11228,312898.8,100.0,26,98.47
1786081515120,1019,v1,0.0668,0.5022,0.2369,0.9547,0.6877,0.03021,0.245,0.001762,0.657,1,22,67.65,0.708,1,0,10.389,10.389,1,50,10576,166850.0,100.0,7,6.9
1786081508307,1020,v1,0.0777,0.7784,0.2829,2.0789,0.3436,0.0261,0.0546,0.002318,0.581,1,20,24.08,0.916,1,1644,14.688,12.244,0,50,10204,318518.2,100.0,14,8.98
1786081511055,1021,v1,0.0345,0.4922,0.4835,2.2176,0.2519,0.02189,0.0611,0.003166,0.613,1,20,75.56,0.41,1,0,15.933,15.933,0,50,10213,291438.5,90.04,15,11.97
1786081514272,1022,v1,0.0538,0.6431,0.1289,1.8235,0.2299,0.02228,0.1214,0.002276,0.679,0,24,57.57,0.984,1,0,18.13,18.13,0,50,10716,454498.3,88.29,16,8.4
1786081518326,1023,v1,0.025,0.7898,0.3371,2.4617,0.3138,0.0276,0.2415,0.002146,0.72,0,6,26.75,0.308,1,1701,5.0,4.489,0,50,10089,553078.6,26.73,19,8.06
1786081510014,1024,v1,0.0302,0.8993,0.2475,1.6005,0.2037,0.0165,0.1421,0.003022,0.67,0,15,52.36,0.779,1,4906,14.0,8.275,0,50,10714,547480.3,38.08,19,10.94
1786081513194,1025,v1,0.047,0.968,0.2065,1.9975,0.24,0.01807,0.1301,0.003466,0.604,1,28,33.58,0.307,1,781,17.707,16.468,0,50,12186,406780.8,99.86,16,13.06
1786081516166,1026,v1,0.059,0.3263,0.4802,0.9938,0.5062,0.02021,0.1102,0.00338,0.664,1,6,40.14,0.998,1,10260,5.0,0.0,1,50,10448,287034.5,100.0,18,17.67
1786081519146,1027,v1,0.0747,0.7424,0.3658,1.0897,0.5735,0.01453,0.1549,0.002423,0.705,1,33,43.79,0.458,1,781,19.568,17.899,0,50,9862,353750.2,89.2,16,9.17
1786081516292,1028,v1,0.0678,0.4948,0.302,1.4792,0.8777,0.02289,0.0952,0.00178,0.582,1,34,53.2,0.584,1,1329,17.09,14.869,0,50,10749,298397.1,92.0,14,6.7
1786081520044,1029,v1,0.062,0.7666,0.2106,1.6992,0.7234,0.03146,0.2404,0.001968,0.592,1,5,56.1,0.542,1,5585,4.0,1.563,0,50,9225,421077.3,36.74,14,7.34
1786081522757,1030,v1,0.0274,0.4497,0.3909,1.2729,0.2993,0.01069,0.2252,0.003157,0.699,0,21,52.79,0.952,1,0,13.892,13.892,1,50,11258,265766.9,100.0,14,12.25
1786081526661,1031,v1,0.0415,0.8854,0.3793,2.4647,0.1941,0.01461,0.1927,0.002727,0.707,0,22,35.75,0.888,1,0,11.366,11.366,0,50,10378,526261.3,55.62,18,10.13
1786081516262,1032,v1,0.0418,0.2452,0.3806,1.1781,0.5343,0.02623,0.0584,0.003145,0.712,0,30,79.98,0.556,1,0,14.898,14.898,1,50,9149,204725.7,100.0,13,11.83
1786081521152,1033,v1,0.0157,0.775,0.3518,1.9611,0.741,0.00576,0.1529,0.002559,0.704,0,30,25.83,0.691,1,0,0.0,0.0,0,50,11174,667345.5,0.0,-1,9.53
1786081523056,1034,v1,0.072,0.3982,0.3316,2.1679,0.7244,0.02117,0.2032,0.001599,0.611,0,27,26.44,0.87,1,1002,9.823,9.015,1,50,9641,136782.0,100.0,5,6.38
1786081525304,1035,v1,0.0578,0.7332,0.1233,1.5847,0.9732,0.01215,0.0519,0.003343,0.627,1,15,20.09,0.402,1,0,9.524,9.524,1,50,10417,160165.3,100.0,7,12.67
1786081518251,1036,v1,0.0517,0.4593,0.2742,1.9714,0.8253,0.00398,0.0942,0.002325,0.681,0,14,91.93,0.744,1,0,13.0,13.0,1,50,9879,226682.3,100.0,13,8.51
1786081522168,1037,v1,0.0627,0.6855,0.3496,2.0698,0.6907,0.02325,0.0664,0.003135,0.703,1,5,79.55,0.936,1,9182,4.0,0.0,0,50,9304,564936.5,0.0,-1,11.87
1786081524567,1038,v1,0.0204,0.6069,0.1135,2.2961,0.5992,0.01673,0.0524,0.002341,0.683,0,27,33.7,0.513,1,0,14.855,14.855,1,50,9854,224142.3,100.0,14,8.81
1786081528742,1039,v1,0.0251,0.4468,0.2108,2.2184,0.5202,0.00899,0.2291,0.003494,0.696,1,14,44.42,0.469,1,5832,13.0,4.778,0,50,9628,548669.0,0.0,-1,12.02
1786081520922,1040,v1,0.013,0.4182,0.439,1.9891,0.1701,0.01357,0.0687,0.003685,0.584,0,17,51.72,0.924,1,5477,16.0,8.107,0,50,10313,501479.1,37.69,18,13.56
1786081523306,1041,v1,0.071,0.8023,0.4385,2.3448,0.9954,0.00361,0.1731,0.002844,0.584,1,5,25.76,0.626,1,4218,3.908,2.197,1,50,9897,177139.0,100.0,4,27.17
1786081526062,1042,v1,0.0165,0.6943,0.3504,2.4597,0.1739,0.01613,0.167,0.002456,0.676,0,9,94.19,0.423,1,0,8.0,8.0,1,50,9900,221654.1,100.0,13,9.04
1786081528842,1043,v1,0.059,0.9707,0.3733,1.9223,0.301,0.015,0.0912,0.001652,0.588,0,23,74.75,0.871,1,0,16.047,16.047,0,50,10605,290852.3,99.27,15,6.57
1786081520432,1044,v1,0.0796,0.6293,0.171,1.029,0.5383,0.02968,0.1169,0.0014,0.62,0,26,27.33,0.584,1,542,8.008,7.676,1,50,9773,105964.9,100.0,5,5.52
1786081522763,1045,v1,0.0482,0.755,0.3794,1.3206,0.6186,0.01828,0.1633,0.003573,0.681,1,18,35.14,0.756,1,0,13.0,13.0,1,50,10196,227196.7,100.0,13,13.0
1786081525875,1046,v1,0.059,0.3915,0.2611,1.4975,0.2088,0.03177,0.1374,0.002173,0.636,0,32,56.01,0.5,1,0,17.157,17.157,0,50,10716,293575.1,91.05,14,8.18
1786081529030,1047,v1,0.0416,0.274,0.4561,1.3275,0.211,0.01084,0.1392,0.003411,0.62,1,17,86.65,0.312,1,1425,15.99,13.537,0,50,9806,417248.1,72.68,16,12.39
1786081521975,1048,v1,0.0189,0.4693,0.4924,2.403,0.8952,0.02765,0.2137,0.002271,0.627,1,4,94.88,0.461,1,5743,3.0,1.301,1,50,10211,256271.7,100.0,13,60.62
1786081524280,1049,v1,0.0682,0.6812,0.4429,1.0102,0.2851,0.01373,0.0689,0.001792,0.699,1,30,43.58,0.791,1,0,14.36,14.36,1,50,9653,220566.6,100.0,13,7.09
1786081527070,1050,v1,0.0444,0.6386,0.2561,1.7813,0.4736,0.01085,0.085,0.002372,0.607,0,17,53.46,0.471,1,0,13.0,13.0,1,50,10331,226959.3,100.0,13,9.13
1786081529771,1051,v1,0.0226,0.5556,0.3337,1.2332,0.9677,0.02827,0.1396,0.001677,0.6,0,29,31.15,0.889,1,0,16.194,16.194,0,50,10083,272126.6,85.92,14,6.58
1786081523068,1052,v1,0.0581,0.6545,0.157,1.3138,0.7693,0.01187,0.1811,0.001695,0.68,0,31,51.27,0.874,1,0,19.527,19.527,0,50,11948,382831.8,91.74,17,6.82
1786081526393,1053,v1,0.0619,0.2774,0.3308,1.5781,0.511,0.02342,0.0643,0.002046,0.602,1,33,94.32,0.786,1,0,17.368,17.368,0,50,10963,304121.5,91.52,14,7.84
1786081530321,1054,v1,0.0235,0.423,0.4711,1.1054,0.7286,0.00529,0.2436,0.002304,0.622,1,14,40.95,0.754,1,8357,13.0,1.296,0,50,9545,563374.4,7.14,-1,8.7
1786081532702,1055,v1,0.0107,0.8545,0.4262,1.8963,0.847,0.0128,0.1831,0.003035,0.713,0,13,69.89,0.893,1,5223,12.0,6.74,1,50,10270,254464.3,100.0,13,58.12
1786081529994,1056,v1,0.03,0.9136,0.3758,2.2292,0.3449,0.02386,0.2021,0.002944,0.691,0,15,75.51,0.312,1,2084,14.0,11.563,0,50,10718,513026.6,62.65,18,11.36
1786081532502,1057,v1,0.0341,0.7479,0.1131,1.5667,0.2399,0.02638,0.0566,0.001832,0.691,1,7,87.15,0.901,1,9733,6.0,0.0,1,50,9836,273092.7,0.0,-1,100.0
1786081534884,1058,v1,0.0649,0.5291,0.4092,1.0729,0.8265,0.0235,0.0746,0.001421,0.715,0,33,98.24,0.956,1,0,14.356,14.356,1,50,10744,244935.9,100.0,13,5.34
1786081538037,1059,v1,0.0478,0.7874,0.3793,1.7289,0.3419,0.02894,0.1816,0.002392,0.607,0,6,31.72,0.4,1,2724,5.0,4.195,0,50,10278,371981.0,66.01,14,8.88
1786081531159,1060,v1,0.0353,0.8742,0.4824,1.1405,0.8858,0.00306,0.1236,0.003008,0.689,0,35,36.94,0.343,1,0,0.027,0.027,0,50,9226,550157.8,0.11,-1,11.38
1786081534337,1061,v1,0.032,0.238,0.4263,1.5151,0.4254,0.00721,0.2226,0.001411,0.618,1,32,85.23,0.926,1,0,14.861,14.861,1,50,12297,286460.6,100.0,13,5.39
1786081537093,1062,v1,0.0215,0.9835,0.162,2.0993,0.1549,0.03199,0.2458,0.002716,0.655,0,30,62.24,0.738,1,0,19.475,19.475,0,50,10332,342490.7,88.38,17,9.91
1786081539861,1063,v1,0.0401,0.5888,0.3301,0.8379,0.5035,0.00644,0.0745,0.003404,0.62,0,6,49.06,0.714,1,5014,5.0,3.533,1,50,10444,256517.3,100.0,13,19.81
1786081532476,1064,v1,0.0435,0.9812,0.4019,1.9805,0.3809,0.00975,0.0893,0.001699,0.628,0,27,74.53,0.397,1,0,18.457,18.457,0,50,10123,407358.0,88.27,17,7.38
1786081536420,1065,v1,0.0586,0.455,0.3255,1.2446,0.4339,0.00407,0.0508,0.003322,0.676,0,5,55.23,0.767,1,6014,4.0,2.864,0,50,10739,575269.4,39.36,18,12.31
1786081539460,1066,v1,0.0189,0.6726,0.1563,1.3352,0.3026,0.02797,0.2031,0.003181,0.627,0,16,52.74,0.551,1,2750,15.0,11.403,0,50,10393,380556.4,62.41,15,11.36
1786081542165,1067,v1,0.0192,0.9226,0.2298,2.4042,0.9547,0.00517,0.0576,0.001882,0.601,1,27,70.87,0.44,1,0,13.86,13.86,1,50,9805,226633.1,100.0,13,7.01
1786081532531,1068,v1,0.0355,0.3511,0.1176,1.2479,0.1495,0.01547,0.1738,0.001792,0.623,1,24,39.1,0.95,1,1637,13.36,11.105,1,50,10003,229117.9,100.0,13,6.6
1786081535071,1069,v1,0.0695,0.5522,0.4999,2.3586,0.5856,0.02108,0.0795,0.001847,0.673,0,29,90.16,0.636,1,0,18.106,18.106,0,50,10009,307643.8,86.05,16,6.73
1786081537342,1070,v1,0.0341,0.3584,0.1641,1.5504,0.8274,0.02362,0.2371,0.001666,0.603,1,23,83.65,0.592,1,0,12.894,12.894,1,50,9865,218107.8,100.0,12,7.16
1786081540333,1071,v1,0.0703,0.5432,0.4252,2.3137,0.4725,0.03149,0.1516,0.003678,0.619,1,30,37.51,0.801,1,1544,16.888,14.105,0,50,10343,301498.2,95.07,14,13.71
1786081533099,1072,v1,0.0667,0.3902,0.4524,1.4561,0.8626,0.01447,0.2021,0.003376,0.617,1,24,24.25,0.31,1,652,16.239,15.136,0,50,10272,306772.1,94.73,15,12.69
1786081535486,1073,v1,0.0784,0.9283,0.158,1.7004,0.1325,0.02777,0.1844,0.003258,0.663,0,25,77.23,0.983,1,0,13.478,13.478,1,50,10502,239649.5,100.0,13,12.5
1786081538830,1074,v1,0.076,0.2471,0.1202,1.9383,0.4431,0.01985,0.2469,0.001228,0.675,0,25,85.72,0.424,1,0,17.456,17.456,0,50,11004,409726.7,86.68,16,5.08
1786081542066,1075,v1,0.0557,0.2426,0.2559,1.5441,0.444,0.02998,0.1609,0.001477,0.714,1,36,81.41,0.547,1,0,20.303,20.303,0,50,11022,383122.3,84.32,16,5.54
1786081533654,1076,v1,0.0119,0.8997,0.3036,1.5847,0.9094,0.00882,0.1843,0.003271,0.615,0,15,25.42,0.386,1,0,13.0,13.0,1,50,10555,234830.0,100.0,13,12.37
1786081537941,1077,v1,0.0192,0.3106,0.1615,2.3174,0.845,0.00979,0.1614,0.001752,0.66,1,20,71.38,0.39,1,4952,19.0,9.923,0,50,10739,646662.8,0.0,-1,6.94
1786081540477,1078,v1,0.014,0.8789,0.4315,1.9175,0.9005,0.02756,0.0787,0.001981,0.592,1,14,64.48,0.781,1,0,11.445,11.445,1,50,10625,200695.2,100.0,9,7.82
1786081543152,1079,v1,0.0125,0.2408,0.3076,1.7546,0.4457,0.00335,0.248,0.003718,0.62,0,35,37.97,0.823,1,0,16.565,16.565,1,50,10801,262540.9,100.0,15,14.24
1786081535995,1080,v1,0.0748,0.5842,0.4221,1.0635,0.4412,0.02019,0.066,0.002611,0.607,0,36,44.07,0.936,1,0,17.632,17.632,0,50,10267,278421.8,85.92,14,9.92
1786081538035,1081,v1,0.0675,0.8088,0.1105,1.621,0.7652,0.01849,0.1647,0.002868,0.628,0,4,97.86,0.432,1,0,3.0,3.0,1,50,9644,181809.2,100.0,8,10.7
1786081541308,1082,v1,0.0424,0.3027,0.2342,1.3049,0.7993,0.0157,0.0879,0.00123,0.631,1,20,69.61,0.561,1,0,16.947,16.947,0,50,11557,355051.6,93.62,16,5.23
1786081543407,1083,v1,0.0593,0.6958,0.1458,2.3103,0.738,0.02467,0.2084,0.00223,0.679,1,27,67.8,0.767,1,1434,13.857,11.775,1,50,10004,221785.1,100.0,13,8.43
1786081542927,1084,v1,0.0381,0.6866,0.3607,0.9372,0.3686,0.01075,0.196,0.003572,0.624,1,12,51.37,0.776,1,8895,11.0,0.588,0,50,9786,549797.9,5.08,-1,13.25
1786081546300,1085,v1,0.0239,0.658,0.1403,2.0955,0.3541,0.00745,0.2406,0.001424,0.699,1,18,73.1,0.332,1,4634,17.0,9.253,0,50,10418,609295.2,0.0,-1,5.7
1786081547899,1086,v1,0.0227,0.4508,0.204,1.4499,0.8676,0.02341,0.0873,0.002415,0.644,1,33,30.28,0.51,1,0,14.363,14.363,1,50,9990,221041.5,100.0,13,9.44
1786081550995,1087,v1,0.0269,0.2787,0.2405,1.9332,0.2296,0.01178,0.16,0.001941,0.707,0,21,76.32,0.559,1,0,0.071,0.071,0,50,9406,545256.4,0.37,-1,7.65
1786081543016,1088,v1,0.0413,0.4633,0.3934,1.5256,0.7797,0.00994,0.2334,0.003251,0.663,0,35,48.18,0.432,1,0,14.554,14.554,1,50,10594,235389.6,100.0,13,12.34
1786081545640,1089,v1,0.0164,0.7745,0.3741,1.705,0.8759,0.03163,0.182,0.003427,0.661,1,18,75.81,0.71,1,4713,16.495,8.528,0,50,10502,458176.4,52.5,16,12.86
1786081547617,1090,v1,0.0644,0.2818,0.2436,2.0846,0.2857,0.03182,0.1559,0.003288,0.708,0,25,93.18,0.897,1,0,13.816,13.816,1,50,10261,229543.2,100.0,13,12.08
1786081549708,1091,v1,0.0161,0.9896,0.2272,2.1473,0.5644,0.02649,0.1744,0.002019,0.644,0,11,89.61,0.617,1,0,10.0,10.0,1,50,11143,248208.6,100.0,13,7.75
1786081543316,1092,v1,0.0352,0.9464,0.3151,1.4533,0.3263,0.01794,0.2459,0.001309,0.691,0,18,86.95,0.331,1,0,13.0,13.0,1,50,9951,226205.8,100.0,13,5.05
1786081546654,1093,v1,0.0393,0.4275,0.4212,1.7809,0.5027,0.00697,0.2169,0.003395,0.711,1,25,43.93,0.442,1,0,0.0,0.0,0,50,10056,596981.9,0.0,-1,12.22
1786081549552,1094,v1,0.0737,0.2073,0.3324,1.313,0.787,0.02055,0.0508,0.001395,0.632,1,6,26.95,0.391,1,5138,5.0,2.591,0,50,10738,469630.1,47.11,15,5.66
1786081551259,1095,v1,0.0642,0.2658,0.2075,2.4941,0.9232,0.00618,0.1641,0.002725,0.671,0,27,81.44,0.898,1,0,14.648,14.648,1,50,10444,233997.9,100.0,13,10.61
1786081544646,1096,v1,0.0447,0.9403,0.2142,1.1816,0.3074,0.01252,0.2366,0.002898,0.608,0,27,93.06,0.402,1,0,13.795,13.795,1,50,10222,231091.2,100.0,13,11.11
1786081546276,1097,v1,0.0708,0.9979,0.4876,1.4296,0.2029,0.02482,0.0977,0.002471,0.662,0,14,25.22,0.479,1,0,10.807,10.807,1,50,9869,177649.8,100.0,5,9.03
1786081548075,1098,v1,0.0777,0.6326,0.4632,1.9313,0.8043,0.02423,0.0974,0.002184,0.7,1,24,87.91,0.512,1,0,13.362,13.362,1,50,10855,240233.0,100.0,13,8.41
1786081551206,1099,v1,0.0172,0.7961,0.1319,2.3254,0.7252,0.01052,0.1454,0.003666,0.692,0,33,38.94,0.437,1,0,0.0,0.0,0,50,10214,621555.2,0.0,-1,13.55
1786081560241,1100,v1,0.0227,0.4151,0.2991,1.304,0.1664,0.00511,0.0506,0.002084,0.586,1,7,32.2,0.676,1,7630,6.0,1.526,0,50,10362,594462.0,22.33,19,8.33
1786081564431,1101,v1,0.0178,0.9253,0.2545,1.4955,0.3762,0.00748,0.2088,0.002836,0.706,0,22,79.41,0.766,1,0,0.0,0.0,0,50,10922,659552.9,0.0,-1,10.26
1786081567856,1102,v1,0.063,0.3825,0.2404,2.0122,0.8321,0.00971,0.2374,0.001356,0.702,0,9,70.68,0.321,1,1806,8.0,6.885,0,50,9827,453192.2,71.43,18,5.54
1786081570494,1103,v1,0.0288,0.3359,0.1126,0.8014,0.1048,0.03017,0.1913,0.001792,0.665,1,27,84.48,0.65,1,0,18.062,18.062,0,50,10720,340512.4,86.91,16,7.14
1786081559939,1104,v1,0.0685,0.5839,0.121,2.1765,0.8767,0.03195,0.1131,0.001761,0.715,0,27,62.9,0.849,1,0,17.99,17.99,0,50,11643,355963.8,91.22,16,6.72
1786081562815,1105,v1,0.0323,0.3513,0.1409,2.2181,0.3043,0.01438,0.1731,0.002906,0.609,0,30,60.96,0.663,1,0,20.59,20.59,0,50,10124,421666.0,84.07,17,10.56
1786081564961,1106,v1,0.0421,0.5211,0.2301,1.3507,0.8753,0.02774,0.145,0.003274,0.599,1,24,53.16,0.975,1,1584,10.967,9.1,1,50,9951,175731.9,100.0,7,12.48
1786081569425,1107,v1,0.0566,0.7027,0.2986,1.9547,0.7344,0.01457,0.1363,0.003566,0.717,0,14,64.36,0.406,1,3508,13.0,9.735,0,50,12394,570570.1,62.27,18,13.3
1786081560027,1108,v1,0.0622,0.4375,0.1868,1.1725,0.5157,0.01244,0.0673,0.002949,0.696,0,32,80.6,0.762,1,0,14.693,14.693,1,50,11307,261338.1,100.0,13,11.35
1786081562592,1109,v1,0.0362,0.2431,0.2754,1.3886,0.8399,0.00828,0.0901,0.001334,0.583,1,25,82.16,0.633,1,0,17.39,17.39,0,50,10108,306243.7,84.09,16,5.34
1786081565002,1110,v1,0.0582,0.6109,0.3556,2.1392,0.9847,0.0163,0.1504,0.003502,0.684,0,24,90.27,0.478,1,0,13.362,13.362,1,50,10176,227228.7,100.0,13,13.1
1786081567497,1111,v1,0.0277,0.7867,0.1776,1.7075,0.5012,0.01293,0.0855,0.00162,0.689,1,36,48.94,0.527,1,1135,14.725,13.04,1,50,10421,239079.2,100.0,13,6.69
1786081560171,1112,v1,0.0755,0.3419,0.3448,1.3287,0.2117,0.00582,0.1247,0.002725,0.628,0,17,48.38,0.548,1,0,11.67,11.67,1,50,10259,199562.4,100.0,7,10.13
1786081562302,1113,v1,0.0666,0.974,0.2621,0.8373,0.1758,0.02301,0.0872,0.002198,0.621,1,28,52.08,0.437,1,852,11.306,10.332,1,50,10312,173398.4,100.0,5,8.11
1786081565369,1114,v1,0.074,0.5453,0.4748,1.7483,0.3437,0.00916,0.0848,0.00243,0.608,1,17,58.06,0.373,1,815,15.247,14.048,0,50,10582,380564.4,85.23,15,9.04
1786081569424,1115,v1,0.0246,0.225,0.4398,1.8116,0.9484,0.00629,0.1215,0.002097,0.673,0,15,96.92,0.827,1,0,14.0,14.0,0,50,9900,600134.2,0.0,-1,8.11
1786081561098,1116,v1,0.0554,0.7202,0.1231,1.8215,0.3266,0.01118,0.2029,0.001366,0.627,1,23,48.95,0.555,1,1241,13.209,11.672,1,50,10820,250461.2,100.0,13,5.39
1786081563590,1117,v1,0.0375,0.2462,0.4054,1.6569,0.3061,0.0294,0.1025,0.002859,0.69,0,14,21.84,0.824,1,3870,13.0,8.659,1,50,10176,246611.7,100.0,13,45.74
1786081567488,1118,v1,0.0288,0.3361,0.4482,1.8878,0.8754,0.01224,0.0971,0.003745,0.683,1,36,20.03,0.853,1,397,2.893,1.83,0,50,10357,560197.1,11.77,-1,13.58
1786081570174,1119,v1,0.0698,0.3846,0.1607,1.8654,0.1323,0.00778,0.0956,0.001394,0.704,0,8,38.23,0.701,1,4772,7.0,4.745,1,50,10693,281289.0,100.0,14,23.88
1786081561824,1120,v1,0.0157,0.2459,0.3745,1.2399,0.6857,0.01064,0.1173,0.003319,0.605,1,9,70.7,0.688,1,9499,8.0,0.415,1,50,10287,275377.5,100.0,25,95.49
1786081564795,1121,v1,0.0601,0.8451,0.3931,1.862,0.7592,0.00876,0.1408,0.001415,0.653,0,18,22.26,0.877,1,720,16.993,15.998,0,50,11128,387930.6,90.36,17,5.36
1786081567981,1122,v1,0.0373,0.9525,0.4734,1.2268,0.2359,0.00526,0.1195,0.001237,0.608,1,25,46.97,0.449,1,1634,18.045,15.029,0,50,10119,464578.3,92.98,16,5.3
1786081570229,1123,v1,0.0544,0.3841,0.4814,1.0887,0.7983,0.00871,0.157,0.003695,0.607,1,12,32.76,0.995,1,6267,9.387,2.477,1,50,9982,206897.5,100.0,7,14.13
1786081562930,1124,v1,0.0326,0.9814,0.4969,1.6148,0.1315,0.02489,0.2043,0.003011,0.701,0,23,57.01,0.696,1,0,18.612,18.612,0,50,10890,477414.7,86.78,18,11.34
1786081565250,1125,v1,0.074,0.467,0.1836,2.3924,0.2261,0.03115,0.0609,0.003176,0.701,1,36,28.12,0.853,1,1488,14.714,12.213,1,50,9812,223726.3,100.0,13,12.83
1786081567639,1126,v1,0.028,0.5947,0.4831,1.1716,0.7842,0.01157,0.2092,0.003452,0.688,0,22,50.57,0.84,1,0,13.0,13.0,1,50,10473,232334.5,100.0,13,12.42
1786081570863,1127,v1,0.0419,0.9717,0.3191,1.6727,0.9621,0.01399,0.1207,0.002995,0.622,1,4,99.07,0.399,1,4893,3.0,1.522,0,50,10016,444156.9,46.3,16,11.28
1786081569964,1128,v1,0.0739,0.4424,0.2801,0.895,0.9228,0.02744,0.2425,0.003,0.601,0,16,94.62,0.826,1,0,5.64,5.64,1,50,10843,78504.5,100.0,4,11.61
1786081572306,1129,v1,0.0786,0.4287,0.2948,0.8102,0.3008,0.00835,0.082,0.001608,0.595,1,29,59.12,0.632,1,0,10.814,10.814,1,50,10511,158264.3,100.0,4,5.8
1786081574692,1130,v1,0.0296,0.955,0.449,0.9393,0.918,0.0173,0.0727,0.002305,0.635,1,35,83.09,0.642,1,0,12.582,12.582,1,50,9840,180579.5,100.0,8,8.92
1786081576994,1131,v1,0.0636,0.4238,0.4186,1.5727,0.4852,0.01694,0.1589,0.002922,0.661,1,34,96.06,0.863,1,0,12.579,12.579,1,50,11272,200392.4,100.0,7,11.05
1786081574490,1132,v1,0.0104,0.8002,0.2314,1.9056,0.9508,0.01938,0.1126,0.003367,0.702,1,33,50.01,0.975,1,0,0.0,0.0,0,50,11224,642817.3,0.0,-1,12.4
1786081577290,1133,v1,0.0625,0.6499,0.3238,1.0161,0.2247,0.01094,0.1309,0.003442,0.612,1,35,63.93,0.359,1,0,18.692,18.692,0,50,10611,365781.4,87.84,15,12.75
1786081580321,1134,v1,0.045,0.3925,0.3992,2.1105,0.4675,0.03169,0.1679,0.001688,0.602,0,4,76.79,0.572,1,0,3.0,3.0,0,50,10436,273353.9,90.45,14,6.87
1786081582362,1135,v1,0.0389,0.7273,0.4512,0.9006,0.9525,0.00323,0.1638,0.002687,0.595,1,28,43.51,0.476,1,838,11.12,10.069,1,50,9496,157633.0,100.0,5,10.03
1786081573038,1136,v1,0.0769,0.5243,0.4648,1.7231,0.9655,0.02452,0.0831,0.00138,0.664,1,21,54.41,0.411,1,0,11.219,11.219,1,50,10421,199748.8,100.0,9,5.41
1786081576366,1137,v1,0.0597,0.2623,0.1113,1.593,0.9701,0.02606,0.0827,0.002602,0.619,0,26,43.17,0.849,1,0,16.549,16.549,0,50,11522,315534.9,95.92,15,9.53
1786081578948,1138,v1,0.0564,0.2595,0.2909,1.5765,0.2019,0.02482,0.1893,0.002172,0.62,1,16,43.74,0.671,1,222,14.866,14.558,0,50,10419,290486.7,97.18,15,8.14
1786081582839,1139,v1,0.0335,0.408,0.4534,0.8043,0.6866,0.01289,0.2127,0.001701,0.666,1,6,87.62,0.679,1,8098,5.0,0.661,0,50,9409,526051.1,11.79,-1,6.55
1786081573814,1140,v1,0.0779,0.4991,0.4862,2.4387,0.6272,0.00402,0.0515,0.003613,0.654,0,12,76.54,0.575,1,0,11.0,11.0,1,50,11164,249356.5,100.0,13,13.38
1786081576306,1141,v1,0.0427,0.4046,0.4006,1.1781,0.6561,0.01556,0.0509,0.002458,0.688,0,7,24.13,0.822,1,3984,6.0,4.353,1,50,9824,234818.0,100.0,13,35.11
1786081578853,1142,v1,0.0672,0.9074,0.4384,1.3497,0.5981,0.02699,0.0694,0.002933,0.625,0,16,52.39,0.354,1,0,14.339,14.339,0,50,9974,264851.4,87.03,14,11.14
1786081581894,1143,v1,0.0774,0.8325,0.2473,2.3705,0.6468,0.02719,0.0564,0.001698,0.644,0,23,55.65,0.693,1,0,16.286,16.286,0,50,11241,325379.8,86.15,15,6.85
1786081574846,1144,v1,0.0754,0.7828,0.2264,1.6797,0.3275,0.0095,0.2136,0.002374,0.594,1,18,81.62,0.956,1,0,15.457,15.457,0,50,11350,369171.7,86.86,15,8.9
1786081577486,1145,v1,0.0166,0.4896,0.4786,2.3667,0.9624,0.00347,0.0556,0.00238,0.61,0,6,27.65,0.43,1,2629,5.0,4.234,1,50,10444,247320.5,100.0,13,32.32
1786081580617,1146,v1,0.0469,0.5409,0.4829,1.4311,0.3522,0.02289,0.1674,0.00203,0.612,0,19,73.06,0.801,1,0,15.044,15.044,0,50,11169,299702.2,92.74,14,7.53
1786081582982,1147,v1,0.0374,0.8004,0.4179,1.5784,0.6106,0.0129,0.0665,0.003179,0.649,0,9,62.96,0.355,1,2522,8.0,6.523,1,50,10489,241758.2,100.0,13,33.87
1786081574880,1148,v1,0.0107,0.7198,0.3373,1.6072,0.969,0.02975,0.2421,0.002728,0.712,0,32,82.75,0.633,1,0,14.346,14.346,1,50,10515,243013.4,100.0,13,10.85
1786081577346,1149,v1,0.0539,0.3885,0.1667,2.1046,0.2483,0.01055,0.1606,0.00149,0.584,0,28,54.25,0.828,1,0,14.018,14.018,1,50,10265,227614.5,100.0,13,6.01
1786081581267,1150,v1,0.0618,0.8292,0.384,1.0595,0.7622,0.02982,0.2151,0.002998,0.685,0,6,39.24,0.8,1,5221,5.0,3.558,0,50,11048,473733.0,46.93,15,11.12
1786081585426,1151,v1,0.0372,0.2719,0.494,1.8299,0.3844,0.00321,0.2381,0.001654,0.661,0,27,97.46,0.51,1,0,10.399,10.399,0,50,10968,581415.8,50.43,19,6.2
1786081575346,1152,v1,0.0345,0.5164,0.2359,1.3582,0.5157,0.02886,0.1547,0.002513,0.619,1,19,73.24,0.711,1,0,11.995,11.995,1,50,10453,209743.2,100.0,10,9.52
1786081577791,1153,v1,0.0431,0.3668,0.1625,0.9796,0.7359,0.03083,0.2299,0.002014,0.662,0,27,51.2,0.78,1,0,12.579,12.579,1,50,10237,203119.3,100.0,10,8.0
1786081580674,1154,v1,0.0726,0.2843,0.2922,1.905,0.1623,0.02773,0.1546,0.002848,0.617,0,36,68.14,0.793,1,0,18.072,18.072,0,50,10490,288094.5,97.23,15,10.48
1786081584959,1155,v1,0.0226,0.3181,0.1614,1.9637,0.2088,0.01428,0.2011,0.002081,0.645,0,16,61.56,0.726,1,3986,15.0,9.943,0,50,10615,621783.9,13.81,-1,8.72
1786081580608,1156,v1,0.0325,0.7517,0.4228,2.3005,0.2822,0.02509,0.0654,0.003201,0.586,0,24,26.56,0.664,1,730,15.953,14.94,0,50,10705,312005.6,94.37,14,11.96
1786081583242,1157,v1,0.0294,0.7228,0.3605,1.5828,0.3327,0.00858,0.0726,0.002457,0.718,1,30,49.31,0.433,1,0,14.947,14.947,1,50,11363,256244.4,100.0,13,9.23
1786081586070,1158,v1,0.0672,0.7713,0.4944,1.5347,0.4044,0.00823,0.1067,0.003272,0.691,0,31,98.92,0.668,1,0,14.365,14.365,1,50,10209,234202.6,100.0,13,11.99
1786081588464,1159,v1,0.0557,0.7227,0.1875,1.5653,0.5061,0.00352,0.098,0.002868,0.609,1,16,41.85,0.389,1,0,13.0,13.0,1,50,10120,224200.1,100.0,13,11.02
1786081585088,1160,v1,0.0347,0.5795,0.3082,0.9751,0.5249,0.03048,0.0667,0.00319,0.623,0,33,21.14,0.518,1,0,11.482,11.482,1,50,12033,186571.8,100.0,7,12.08
1786081588291,1161,v1,0.0238,0.6823,0.351,1.5426,0.5599,0.01475,0.1575,0.00228,0.584,1,8,27.35,0.455,1,5645,6.987,3.619,1,50,11890,258630.4,100.0,8,52.36
1786081591476,1162,v1,0.0521,0.4039,0.2831,1.034,0.6092,0.00503,0.2043,0.002289,0.584,0,5,38.72,0.44,1,3116,4.0,3.378,0,50,10112,387232.2,63.77,15,8.81
1786081594414,1163,v1,0.0538,0.8958,0.2906,1.7676,0.5103,0.01037,0.1547,0.00134,0.611,1,32,59.61,0.785,1,0,18.514,18.514,0,50,9452,294371.6,85.42,16,5.43
1786081586725,1164,v1,0.0704,0.4117,0.1202,1.9109,0.697,0.00792,0.2102,0.00207,0.718,0,36,81.14,0.811,1,0,23.564,23.564,0,50,10216,467548.5,89.07,18,8.03
1786081589318,1165,v1,0.0535,0.2336,0.4522,1.9166,0.7824,0.02182,0.0796,0.001817,0.685,0,20,35.93,0.986,1,0,13.831,13.831,1,50,11011,253449.8,100.0,14,7.48
1786081591647,1166,v1,0.0178,0.5079,0.2105,1.7842,0.961,0.02965,0.1253,0.002491,0.583,0,28,55.72,0.591,1,0,12.285,12.285,1,50,10388,192114.9,100.0,9,9.49
1786081595009,1167,v1,0.0791,0.5197,0.427,1.6845,0.7208,0.02855,0.1099,0.001714,0.634,0,17,34.27,0.899,1,0,14.58,14.58,0,50,12359,333943.2,89.59,14,6.55
1786081586503,1168,v1,0.0499,0.4778,0.1796,1.8948,0.7756,0.02408,0.1677,0.003189,0.707,1,20,63.23,0.626,1,0,13.313,13.313,1,50,10348,244159.8,100.0,13,12.44
1786081589166,1169,v1,0.0372,0.6756,0.3703,1.9561,0.9189,0.01128,0.0649,0.001452,0.63,1,23,76.68,0.414,1,0,13.197,13.197,1,50,11371,257959.7,100.0,13,5.45
1786081593340,1170,v1,0.0123,0.6436,0.3696,1.7224,0.9328,0.0083,0.1296,0.002113,0.615,1,17,21.05,0.424,1,5078,16.0,7.424,0,50,9791,570467.9,0.0,-1,7.79
1786081596159,1171,v1,0.0275,0.256,0.4608,1.032,0.4158,0.02867,0.1452,0.003342,0.647,0,13,24.28,0.984,1,7724,12.0,4.211,1,50,10344,274513.2,100.0,13,80.63
1786081587921,1172,v1,0.0336,0.8398,0.1252,2.3074,0.158,0.02896,0.1094,0.001726,0.642,1,35,73.86,0.821,1,0,20.9,20.9,0,50,11506,402398.0,87.27,17,6.94
1786081591669,1173,v1,0.0323,0.737,0.468,2.2601,0.4241,0.01654,0.1962,0.00196,0.683,1,28,81.74,0.476,1,0,12.247,12.247,0,50,10418,528038.4,59.07,19,8.05
1786081594431,1174,v1,0.0753,0.3877,0.4423,2.4637,0.7412,0.00433,0.0969,0.003766,0.691,1,35,65.92,0.859,1,0,15.27,15.27,1,50,10232,239829.0,100.0,13,14.22
1786081597014,1175,v1,0.0533,0.7319,0.2277,1.086,0.4083,0.00974,0.0956,0.003064,0.607,1,29,82.15,0.978,1,0,14.192,14.192,1,50,10946,247415.5,100.0,13,11.83
1786081590138,1176,v1,0.0116,0.8021,0.2821,2.2883,0.5037,0.01335,0.1093,0.003616,0.642,0,35,59.6,0.93,1,0,0.0,0.0,0,50,10189,564858.5,0.0,-1,13.09
1786081594573,1177,v1,0.0366,0.3982,0.1908,1.7977,0.8424,0.00894,0.1807,0.003447,0.694,0,20,57.52,0.437,1,3317,19.0,13.424,0,50,10758,616324.9,0.0,-1,12.63
1786081597191,1178,v1,0.0693,0.3315,0.4818,2.2922,0.3421,0.00977,0.1001,0.002378,0.671,0,13,81.6,0.898,1,0,12.0,12.0,1,50,11486,255787.9,100.0,13,8.87
1786081599552,1179,v1,0.0251,0.4076,0.1921,0.8161,0.5192,0.02802,0.1475,0.002534,0.611,0,17,68.99,0.838,1,0,14.605,14.605,0,50,10616,287368.7,90.24,14,9.42
1786081589096,1180,v1,0.0525,0.4406,0.22,0.9516,0.363,0.01197,0.2052,0.002175,0.605,1,12,62.38,0.882,1,10070,10.939,0.31,1,50,10621,279090.1,100.0,17,8.29
1786081591213,1181,v1,0.0683,0.3435,0.1129,0.8331,0.6957,0.01369,0.0842,0.001901,0.589,1,6,88.92,0.419,1,2396,4.85,3.607,1,50,9738,149546.4,100.0,5,7.41
1786081594635,1182,v1,0.0722,0.4508,0.3546,1.9638,0.751,0.01046,0.2009,0.002165,0.679,0,17,92.09,0.866,1,0,16.0,16.0,0,50,11577,386287.6,92.78,17,8.69
1786081597078,1183,v1,0.0481,0.3357,0.1713,1.7838,0.4593,0.01493,0.1755,0.002849,0.628,1,22,76.32,0.978,1,0,13.0,13.0,1,50,10756,246138.5,100.0,13,11.12
1786081591439,1184,v1,0.0239,0.8981,0.4156,1.4811,0.6259,0.02113,0.2226,0.002031,0.625,0,11,65.04,0.319,1,2030,10.0,8.407,1,50,10403,243128.7,100.0,13,26.15
1786081594270,1185,v1,0.0247,0.319,0.4341,1.4013,0.2575,0.02911,0.1829,0.003172,0.583,1,34,72.65,0.322,1,0,14.874,14.874,0,50,10657,221276.1,87.72,11,11.5
1786081596924,1186,v1,0.06,0.6053,0.1602,1.1581,0.4751,0.01845,0.0978,0.003653,0.688,0,7,85.2,0.863,1,6418,6.0,3.361,1,50,9931,253321.1,100.0,13,16.74
1786081599150,1187,v1,0.0378,0.2259,0.121,1.6562,0.7757,0.00978,0.115,0.002793,0.712,0,22,68.58,0.637,1,0,14.76,14.76,1,50,9549,219944.9,100.0,14,10.54
1786081597688,1188,v1,0.0711,0.6355,0.2742,2.103,0.1375,0.0128,0.2481,0.003433,0.615,1,18,95.74,0.561,1,0,15.963,15.963,0,50,9606,372021.1,99.07,16,13.14
1786081599708,1189,v1,0.0267,0.6967,0.4035,1.5255,0.6541,0.01615,0.1244,0.001795,0.685,1,18,90.85,0.991,1,0,13.0,13.0,1,50,9956,228017.3,100.0,13,6.51
1786081601311,1190,v1,0.0463,0.5086,0.3077,1.3566,0.1259,0.03085,0.2131,0.002215,0.692,0,10,98.08,0.824,1,0,9.0,9.0,1,50,9093,195210.8,100.0,13,8.96
1786081602733,1191,v1,0.0658,0.3989,0.1913,1.5353,0.3639,0.02393,0.0941,0.003619,0.703,0,34,22.12,0.462,1,677,14.314,13.444,1,50,10756,240000.1,100.0,13,13.45
1786081598248,1192,v1,0.0771,0.7452,0.1283,2.0986,0.5505,0.023,0.1562,0.003237,0.715,1,7,37.83,0.615,1,7202,6.0,1.509,1,50,9802,259877.9,100.0,13,20.73
1786081600125,1193,v1,0.0554,0.6075,0.4119,1.8947,0.4653,0.01615,0.2427,0.003419,0.635,0,33,53.98,0.985,1,0,14.364,14.364,1,50,10534,226839.0,100.0,13,12.75
1786081602089,1194,v1,0.0774,0.2987,0.1741,2.4887,0.1116,0.01122,0.2251,0.002846,0.592,0,13,93.81,0.905,1,0,12.0,12.0,0,50,10593,427944.5,97.45,16,10.5
1786081603655,1195,v1,0.0187,0.5216,0.4069,1.8494,0.6818,0.00356,0.1228,0.002183,0.674,0,36,94.45,0.359,1,0,15.943,15.943,1,50,10652,260870.1,100.0,14,8.24
1786081599325,1196,v1,0.0454,0.8149,0.3718,0.943,0.7782,0.02859,0.1906,0.001329,0.677,1,21,59.15,0.797,1,0,10.937,10.937,1,50,11195,206524.9,100.0,8,5.15
1786081601162,1197,v1,0.0289,0.7469,0.2599,0.8804,0.7497,0.02481,0.1843,0.00127,0.617,0,15,33.33,0.809,1,0,12.889,12.889,1,50,10745,249007.0,100.0,13,5.22
1786081603509,1198,v1,0.0299,0.8814,0.3517,1.2219,0.5653,0.02474,0.1827,0.00175,0.604,1,8,71.64,0.857,1,9671,7.0,0.0,0,50,9803,571977.1,0.0,-1,6.84
1786081604516,1199,v1,0.023,0.3508,0.2328,1.8434,0.7298,0.03061,0.1712,0.001996,0.599,1,9,20.65,0.337,1,4199,8.0,4.566,1,50,9941,239623.0,100.0,12,47.07
1786081611611,1200,v1,0.0669,0.6404,0.2454,1.8556,0.3243,0.00967,0.2099,0.00121,0.628,0,29,44.98,0.601,1,0,14.141,14.141,1,50,10460,240134.9,100.0,13,4.57
1786081616018,1201,v1,0.0111,0.3081,0.2855,1.5442,0.7669,0.02126,0.1854,0.002521,0.663,1,14,59.38,0.769,1,9891,13.0,0.732,0,50,10830,640351.3,0.02,-1,9.82
1786081619303,1202,v1,0.0569,0.468,0.1603,2.2214,0.4723,0.00967,0.2309,0.002755,0.654,1,29,42.03,0.561,1,3822,19.966,12.066,0,50,10772,487734.4,88.32,17,10.76
1786081622111,1203,v1,0.0331,0.269,0.1302,1.7205,0.5497,0.01218,0.0873,0.001304,0.674,1,6,42.38,0.467,1,5981,5.0,2.106,1,50,10415,268054.8,100.0,14,60.13
1786081611823,1204,v1,0.0405,0.3925,0.2119,1.6871,0.5445,0.01794,0.1458,0.00323,0.593,1,35,27.1,0.635,1,1087,12.25,10.774,1,50,9932,177774.8,100.0,7,12.22
1786081615081,1205,v1,0.0601,0.3304,0.2409,1.9237,0.3884,0.02149,0.0852,0.003504,0.653,1,28,42.52,0.814,1,1992,17.688,14.446,0,50,11968,430865.6,85.41,15,13.38
1786081617350,1206,v1,0.0377,0.7137,0.2012,1.0958,0.2799,0.03086,0.1951,0.003315,0.641,1,31,63.9,0.531,1,0,14.125,14.125,1,50,9957,214695.3,100.0,13,12.44
1786081619840,1207,v1,0.0114,0.3465,0.354,1.6985,0.2481,0.00921,0.1824,0.003532,0.672,0,21,55.77,0.735,1,0,15.858,15.858,1,50,9928,245422.9,100.0,16,13.58
1786081612887,1208,v1,0.0434,0.7881,0.1837,1.1316,0.7806,0.00719,0.0531,0.002586,0.678,1,6,64.81,0.381,1,4833,5.0,2.54,1,50,9974,254659.4,100.0,13,33.78
1786081616471,1209,v1,0.0583,0.929,0.2421,1.1466,0.119,0.02411,0.0687,0.001579,0.683,0,13,51.16,0.838,1,4278,12.0,7.686,0,50,10100,487361.4,47.53,16,6.16
1786081620886,1210,v1,0.0332,0.8844,0.118,1.7663,0.3704,0.0068,0.0553,0.00258,0.667,1,22,54.07,0.78,1,182,2.307,1.98,0,50,11182,649014.0,12.03,-1,9.69
1786081623089,1211,v1,0.0106,0.844,0.1005,1.1676,0.1187,0.01541,0.2441,0.003642,0.594,1,27,95.17,0.648,1,0,13.86,13.86,1,50,9485,212236.1,100.0,13,13.92
1786081612947,1212,v1,0.0526,0.6626,0.4034,0.8546,0.6787,0.02632,0.158,0.001935,0.659,0,21,25.83,0.856,1,0,10.809,10.809,1,50,9823,172155.8,100.0,7,7.39
1786081615589,1213,v1,0.0315,0.2035,0.4778,1.6694,0.6165,0.02082,0.0554,0.002072,0.683,0,28,95.52,0.443,1,0,15.013,15.013,1,50,10717,258173.7,100.0,14,7.81
1786081619022,1214,v1,0.0234,0.8716,0.4477,2.13,0.7934,0.00689,0.1972,0.003397,0.607,1,18,87.97,0.31,1,4020,17.0,9.703,0,50,9937,511073.3,40.98,19,12.89
1786081621757,1215,v1,0.0742,0.3239,0.4434,2.2867,0.8734,0.01346,0.1273,0.002679,0.71,1,10,80.75,0.889,1,9234,9.0,0.0,1,50,9461,258062.1,100.0,20,54.92
1786081614259,1216,v1,0.048,0.6257,0.1518,0.8551,0.6113,0.00607,0.0775,0.002718,0.624,1,30,88.75,0.384,1,0,19.061,19.061,0,50,10103,316849.9,84.6,17,10.54
1786081616523,1217,v1,0.0518,0.5502,0.2789,2.0717,0.2985,0.00739,0.1945,0.003749,0.609,0,21,84.88,0.464,1,0,13.0,13.0,1,50,10537,236424.0,100.0,13,13.65
1786081620138,1218,v1,0.0342,0.5904,0.3463,1.8096,0.2746,0.01866,0.2496,0.003678,0.686,0,5,39.57,0.308,1,1887,4.0,3.624,0,50,10207,489188.6,61.86,18,14.35
1786081622593,1219,v1,0.0417,0.5966,0.1485,2.3116,0.3621,0.02377,0.1384,0.001322,0.689,1,18,68.15,0.795,1,0,13.0,13.0,1,50,11037,252011.6,100.0,13,5.17
1786081616147,1220,v1,0.0312,0.3248,0.2274,2.2981,0.7955,0.02427,0.0619,0.003422,0.608,1,6,78.18,0.379,1,6504,5.0,2.249,0,50,12042,533774.4,39.28,16,13.33
1786081618303,1221,v1,0.0128,0.9619,0.3444,1.9469,0.3036,0.01014,0.1725,0.003092,0.675,1,23,94.09,0.653,1,0,13.199,13.199,1,50,10190,229351.7,100.0,13,11.79
1786081621351,1222,v1,0.0663,0.3598,0.3716,1.894,0.5307,0.02505,0.0848,0.002677,0.654,0,18,29.17,0.623,1,865,15.698,14.606,0,50,11320,362577.2,92.47,15,10.2
1786081624325,1223,v1,0.0235,0.3473,0.2992,1.3082,0.137,0.02226,0.112,0.001506,0.591,0,25,58.37,0.463,1,0,16.316,16.316,0,50,10260,281474.3,89.48,15,6.11
1786081614961,1224,v1,0.0793,0.635,0.2437,2.1575,0.7444,0.00922,0.2187,0.002641,0.582,0,17,59.29,0.685,1,0,15.183,15.183,0,50,9982,279716.0,84.12,15,9.96
1786081618386,1225,v1,0.0388,0.6598,0.2086,0.8189,0.5158,0.00626,0.2465,0.003125,0.619,1,18,72.74,0.584,1,2068,16.996,13.688,0,50,11203,446058.0,76.17,17,11.66
1786081620504,1226,v1,0.0207,0.9322,0.3351,0.9179,0.9474,0.01311,0.0503,0.001573,0.584,1,18,95.32,0.603,1,0,10.356,10.356,1,50,10342,178395.2,100.0,8,5.91
1786081624186,1227,v1,0.0168,0.503,0.1094,2.0628,0.4363,0.03105,0.1668,0.002207,0.67,0,36,64.49,0.694,1,0,11.497,11.497,0,50,9839,440819.8,46.33,18,8.59
1786081624114,1228,v1,0.0258,0.3286,0.145,1.2758,0.4153,0.02689,0.1302,0.002097,0.679,0,18,59.9,0.774,1,2980,16.975,12.479,0,50,10267,419122.9,59.51,17,7.69
1786081627736,1229,v1,0.0315,0.731,0.2261,2.4839,0.3589,0.00989,0.1789,0.003342,0.687,0,18,50.13,0.435,1,2460,17.0,12.908,0,50,9520,550383.4,0.0,-1,11.99
1786081630233,1230,v1,0.0664,0.3588,0.2092,1.8133,0.3313,0.00616,0.0871,0.00345,0.609,1,20,53.97,0.656,1,0,13.0,13.0,1,50,10200,231396.1,100.0,13,12.75
1786081632784,1231,v1,0.0603,0.8992,0.2867,0.9881,0.2204,0.01341,0.2133,0.001636,0.688,0,24,45.59,0.812,1,0,13.355,13.355,1,50,11013,249721.9,100.0,13,6.46
1786081624817,1232,v1,0.0228,0.747,0.4608,1.64,0.9494,0.01466,0.2304,0.003683,0.582,0,20,92.35,0.878,1,0,10.306,10.306,1,50,10915,179266.6,100.0,7,13.13
1786081626872,1233,v1,0.0627,0.4593,0.4158,0.9785,0.6592,0.02266,0.1599,0.002981,0.593,1,29,74.43,0.804,1,0,7.321,7.321,1,50,10039,81281.2,100.0,3,11.6
1786081629124,1234,v1,0.0636,0.7722,0.2668,0.9303,0.8975,0.0314,0.0552,0.001725,0.626,0,31,34.37,0.592,1,0,8.696,8.696,1,50,11059,120711.8,100.0,5,6.21
1786081633087,1235,v1,0.0167,0.3565,0.3103,2.4819,0.6853,0.01652,0.0965,0.001562,0.646,0,14,38.22,0.737,1,4942,13.0,7.394,0,50,9887,598266.5,0.0,-1,5.95
1786081625543,1236,v1,0.0364,0.2231,0.2498,0.9627,0.5735,0.00619,0.1878,0.003298,0.634,1,25,79.27,0.911,1,0,14.188,14.188,1,50,9887,231623.9,100.0,13,12.27
1786081628089,1237,v1,0.0435,0.5565,0.3007,1.8547,0.4062,0.0102,0.06,0.001224,0.648,0,22,88.03,0.703,1,0,13.0,13.0,1,50,10420,231098.3,100.0,13,4.96
1786081630774,1238,v1,0.0245,0.6421,0.3792,1.6573,0.2914,0.00414,0.1418,0.002649,0.714,1,8,33.64,0.481,1,6844,7.0,2.141,1,50,10039,265961.1,100.0,14,72.33
1786081634001,1239,v1,0.0579,0.7365,0.2284,1.0943,0.3138,0.00589,0.1232,0.002952,0.712,1,10,49.93,0.957,1,11055,9.0,0.0,1,50,11361,298303.6,100.0,18,14.4
1786081627978,1240,v1,0.0201,0.7372,0.2092,0.8714,0.9162,0.00725,0.1116,0.00162,0.64,0,12,52.52,0.998,1,5112,11.0,6.357,0,50,10080,589673.9,4.51,-1,6.39
1786081630601,1241,v1,0.0301,0.2513,0.2751,1.6658,0.2728,0.02646,0.0682,0.002881,0.66,0,36,87.62,0.603,1,0,20.114,20.114,0,50,10061,321747.7,89.03,16,10.85
1786081633285,1242,v1,0.0115,0.2862,0.4122,1.6444,0.2497,0.01008,0.2163,0.0033,0.657,1,21,58.94,0.557,1,0,15.084,15.084,1,50,10085,245270.0,100.0,15,13.14
1786081635671,1243,v1,0.045,0.2105,0.1484,1.5175,0.8708,0.01135,0.2389,0.003558,0.71,0,24,38.44,0.474,1,0,14.946,14.946,1,50,9825,229553.4,100.0,14,12.87
1786081626799,1244,v1,0.0626,0.9112,0.103,1.1234,0.7,0.01889,0.1302,0.003583,0.665,1,14,97.94,0.591,1,0,10.786,10.786,1,50,10924,194989.0,100.0,8,13.41
1786081629127,1245,v1,0.0616,0.725,0.3786,1.4775,0.3418,0.0069,0.0776,0.001864,0.601,0,23,54.41,0.768,1,0,12.756,12.756,1,50,10212,224197.6,100.0,13,6.63
1786081631771,1246,v1,0.0547,0.8311,0.4257,1.1526,0.3412,0.01146,0.0991,0.003685,0.603,0,26,82.49,0.88,1,0,16.633,16.633,0,50,10312,284076.3,88.37,15,12.81
1786081634299,1247,v1,0.0729,0.269,0.155,0.8573,0.3345,0.03192,0.2458,0.003232,0.591,0,30,34.94,0.614,1,0,15.244,15.244,0,50,10621,254238.0,93.19,12,12.23
1786081628950,1248,v1,0.0605,0.2658,0.2674,1.0771,0.8391,0.00574,0.1903,0.002041,0.628,1,16,40.92,0.595,1,8166,15.0,2.116,0,50,9770,563470.9,11.85,-1,7.71
1786081632771,1249,v1,0.0596,0.8915,0.2194,1.2651,0.512,0.00783,0.139,0.001429,0.65,1,15,49.57,0.98,1,9870,14.0,0.0,0,50,10076,584696.5,0.0,-1,5.77
1786081634731,1250,v1,0.058,0.8308,0.3051,0.8658,0.278,0.01894,0.2433,0.001221,0.586,0,19,95.34,0.8,1,0,5.637,5.637,1,50,10475,71974.6,100.0,3,5.01
1786081638415,1251,v1,0.014,0.4675,0.4057,1.4128,0.4125,0.01645,0.1167,0.002597,0.62,1,29,42.15,0.619,1,1374,19.814,17.281,0,50,11473,408293.6,88.53,18,9.9
1786081629609,1252,v1,0.0222,0.7282,0.2045,1.8153,0.2065,0.00376,0.1198,0.003641,0.587,0,17,89.1,0.34,1,2208,16.0,12.982,0,50,10838,570132.5,34.78,19,13.51
1786081632089,1253,v1,0.0332,0.6108,0.4051,1.528,0.6565,0.02739,0.2079,0.001269,0.679,1,5,28.97,0.691,1,10248,4.0,0.0,1,50,10296,293083.2,0.0,-1,100.0
1786081636671,1254,v1,0.0787,0.4157,0.4749,2.4696,0.5162,0.00431,0.1725,0.002107,0.663,0,10,70.87,0.77,1,5828,9.0,5.315,0,50,11274,566303.7,44.83,17,8.16
1786081639153,1255,v1,0.0522,0.9994,0.3368,1.0023,0.3501,0.01167,0.0817,0.001853,0.673,1,31,66.89,0.449,1,0,14.357,14.357,1,50,11266,252708.9,100.0,13,7.49
1786081636449,1256,v1,0.0285,0.9355,0.127,2.3637,0.8004,0.01546,0.2249,0.003433,0.66,1,36,41.12,0.929,1,1608,14.718,12.288,1,50,10864,246135.4,100.0,13,12.43
1786081640251,1257,v1,0.0362,0.2606,0.2317,2.2615,0.3214,0.02058,0.0807,0.002639,0.697,1,36,36.49,0.866,1,2548,16.229,10.106,0,50,10898,531045.6,62.41,18,10.08
1786081642706,1258,v1,0.0164,0.2623,0.2046,1.5388,0.9132,0.02713,0.1598,0.003518,0.618,0,15,65.07,0.56,1,0,13.0,13.0,1,50,10706,241519.5,100.0,13,12.8
1786081646391,1259,v1,0.0389,0.2924,0.3805,1.9309,0.2459,0.01487,0.1197,0.003278,0.66,0,27,68.08,0.504,1,0,19.619,19.619,0,50,11534,497974.4,85.77,17,12.24
1786081636879,1260,v1,0.0117,0.8223,0.4388,1.1587,0.7912,0.02634,0.1774,0.003139,0.641,1,9,86.39,0.729,1,9675,8.0,0.777,1,50,11004,295963.5,100.0,24,91.47
1786081638961,1261,v1,0.0789,0.974,0.4946,2.3269,0.6818,0.01304,0.2393,0.002803,0.684,1,33,85.22,0.894,1,0,14.371,14.371,1,50,9273,215188.5,100.0,13,10.33
1786081642659,1262,v1,0.0264,0.4586,0.2126,2.4379,0.907,0.02244,0.123,0.001951,0.667,0,21,25.44,0.998,1,969,15.024,13.473,0,50,10818,455195.1,73.74,18,7.38
1786081645329,1263,v1,0.0339,0.2623,0.2639,1.6882,0.8678,0.01164,0.1934,0.002408,0.605,0,12,98.94,0.683,1,0,11.0,11.0,0,50,10516,335691.1,89.01,17,8.57
1786081638761,1264,v1,0.0146,0.5603,0.1674,1.7507,0.5021,0.0198,0.1375,0.002011,0.702,1,28,71.29,0.901,1,0,0.0,0.0,0,50,9800,576694.6,0.0,-1,7.74
1786081641207,1265,v1,0.0444,0.674,0.3309,1.5018,0.7546,0.00554,0.1559,0.00368,0.592,1,28,72.32,0.802,1,0,13.754,13.754,1,50,10698,236636.8,100.0,13,13.21
1786081644707,1266,v1,0.0521,0.7579,0.4609,1.0571,0.2562,0.01185,0.0841,0.003158,0.71,1,22,92.52,0.863,1,0,18.311,18.311,0,50,10625,478862.0,83.92,17,12.4
1786081647073,1267,v1,0.0554,0.4805,0.4068,1.7566,0.622,0.0126,0.0952,0.002283,0.624,1,24,89.78,0.431,1,0,13.348,13.348,1,50,9612,214316.9,100.0,13,8.83
1786081639675,1268,v1,0.0456,0.8881,0.1184,1.6183,0.844,0.0067,0.1034,0.003275,0.716,1,7,44.4,0.637,1,7904,6.0,1.184,0,50,10021,591847.0,0.0,-1,12.1
1786081642138,1269,v1,0.0233,0.6081,0.3002,1.6312,0.3758,0.00727,0.0557,0.00166,0.598,1,15,85.38,0.423,1,0,13.0,13.0,1,50,9722,224571.7,100.0,13,6.22
1786081644776,1270,v1,0.0648,0.5575,0.2066,1.5933,0.4484,0.02603,0.1865,0.002863,0.59,0,26,88.21,0.334,1,0,15.848,15.848,0,50,10062,264927.9,84.41,14,10.59
1786081647243,1271,v1,0.0194,0.4738,0.2613,1.9458,0.5297,0.03006,0.0523,0.002729,0.715,1,10,66.53,0.381,1,4677,9.0,4.794,1,50,10268,267017.4,100.0,14,52.16
1786081638728,1272,v1,0.0487,0.8986,0.4054,2.0772,0.9955,0.01045,0.0795,0.001848,0.659,1,20,49.69,0.677,1,0,13.0,13.0,1,50,9583,214022.3,100.0,13,7.37
1786081641788,1273,v1,0.0606,0.9737,0.1911,2.1284,0.7349,0.02855,0.2074,0.001939,0.663,1,17,74.42,0.536,1,0,15.993,15.993,0,50,10921,339690.6,99.89,16,7.68
1786081644878,1274,v1,0.0598,0.8376,0.3132,0.9148,0.5965,0.00987,0.202,0.00152,0.717,0,31,69.48,0.849,1,0,22.051,22.051,0,50,9647,436230.6,86.37,18,6.1
1786081647458,1275,v1,0.0756,0.5261,0.4432,1.1523,0.6881,0.02499,0.2159,0.001966,0.603,1,27,48.11,0.402,1,746,15.869,14.661,0,50,10198,293092.8,100.0,14,7.32
1786081641331,1276,v1,0.0121,0.3833,0.4696,1.5148,0.5307,0.02472,0.1783,0.003568,0.59,1,36,90.96,0.537,1,0,13.083,13.083,1,50,10450,196651.7,100.0,9,13.29
1786081643943,1277,v1,0.067,0.569,0.3269,1.1885,0.2605,0.01887,0.1983,0.003491,0.665,0,36,54.82,0.859,1,0,13.831,13.831,1,50,11157,228259.0,100.0,8,12.83
1786081646618,1278,v1,0.0341,0.6825,0.3538,2.0396,0.2906,0.02853,0.0605,0.001408,0.599,0,15,96.33,0.325,1,0,14.0,14.0,0,50,9871,267998.0,91.13,14,5.27
1786081650523,1279,v1,0.0204,0.8898,0.1189,1.7787,0.8451,0.01792,0.0931,0.001986,0.644,0,32,91.51,0.926,1,0,4.44,4.44,0,50,10966,574876.4,21.26,19,7.26
1786081642642,1280,v1,0.0136,0.7703,0.2615,2.2226,0.3092,0.02295,0.0838,0.003595,0.657,0,5,65.4,0.892,1,5429,4.0,2.88,1,50,9842,244004.0,100.0,13,61.56
1786081644978,1281,v1,0.0768,0.4939,0.1016,1.011,0.5087,0.01917,0.1087,0.002591,0.682,1,11,41.98,0.958,1,5806,9.038,3.451,1,50,10266,206438.8,100.0,8,9.75
1786081649051,1282,v1,0.0281,0.5783,0.2565,1.9852,0.2839,0.01066,0.0827,0.002127,0.654,0,19,83.45,0.827,1,0,17.993,17.993,0,50,10084,592774.8,12.39,-1,8.52
1786081651048,1283,v1,0.0156,0.6412,0.2882,1.8728,0.3778,0.02749,0.1524,0.001228,0.6,1,21,20.35,0.392,1,0,13.0,13.0,1,50,9586,215299.6,100.0,13,4.77
1786081649355,1284,v1,0.0649,0.8325,0.3459,2.047,0.6498,0.00638,0.1073,0.00241,0.649,1,24,25.98,0.301,1,767,17.792,16.58,0,50,11837,464870.3,94.62,17,9.47
1786081651842,1285,v1,0.0369,0.5189,0.4293,1.6204,0.196,0.0197,0.1845,0.002292,0.687,0,9,78.69,0.908,1,0,8.0,8.0,0,50,9520,431829.7,88.89,18,8.74
1786081653959,1286,v1,0.0406,0.5575,0.3806,1.003,0.3368,0.00855,0.1703,0.002385,0.592,1,23,99.33,0.588,1,0,16.47,16.47,0,50,10314,296962.5,89.98,15,8.94
1786081657620,1287,v1,0.0529,0.3418,0.4513,1.9147,0.9924,0.01684,0.2424,0.001286,0.704,1,6,72.71,0.982,1,10089,5.0,0.0,0,50,10157,606210.7,0.0,-1,4.74
1786081649172,1288,v1,0.0596,0.5091,0.1203,0.8153,0.227,0.00712,0.0698,0.00279,0.643,0,32,75.67,0.663,1,0,14.373,14.373,1,50,10416,236003.7,100.0,13,10.41
1786081652567,1289,v1,0.0395,0.6165,0.4305,2.0966,0.7939,0.02314,0.2107,0.001809,0.646,1,12,47.17,0.742,1,9778,11.0,0.0,0,50,9969,574430.4,0.0,-1,7.05
1786081655515,1290,v1,0.0422,0.7752,0.1275,1.8286,0.3342,0.00431,0.1345,0.003462,0.631,0,17,72.71,0.708,1,4614,16.0,9.095,0,50,9923,538752.3,48.85,19,13.34
1786081657700,1291,v1,0.0543,0.8174,0.4598,1.4187,0.212,0.00618,0.1256,0.00335,0.61,1,8,32.4,0.309,1,3255,6.821,4.762,1,50,11229,232994.0,100.0,7,13.88
1786081649892,1292,v1,0.0397,0.5247,0.3033,1.7699,0.5997,0.02549,0.1927,0.002942,0.639,1,15,24.93,0.525,1,0,11.655,11.655,1,50,10644,207444.2,100.0,10,11.01
1786081653376,1293,v1,0.0451,0.8125,0.3202,1.2066,0.5373,0.00454,0.0828,0.001772,0.613,1,11,94.37,0.475,1,6664,10.0,3.686,0,50,10749,589051.9,35.14,17,6.92
1786081655414,1294,v1,0.0517,0.5965,0.2606,1.8496,0.4394,0.00353,0.2112,0.001691,0.648,1,4,61.57,0.45,1,5318,3.0,1.438,1,50,10253,260383.1,100.0,13,55.17
1786081657187,1295,v1,0.0123,0.8925,0.294,1.1422,0.2364,0.00922,0.0584,0.001555,0.71,1,19,28.13,0.586,1,0,13.0,13.0,1,50,9678,216170.0,100.0,13,6.69
1786081651725,1296,v1,0.0224,0.4706,0.1751,2.1435,0.5872,0.0221,0.1285,0.002903,0.718,0,31,80.01,0.336,1,0,0.0,0.0,0,50,10455,605084.8,0.0,-1,10.75
1786081653908,1297,v1,0.0413,0.3513,0.4794,1.6403,0.4405,0.00864,0.2238,0.002699,0.693,1,32,40.26,0.475,1,0,15.336,15.336,1,50,11510,274083.8,100.0,14,10.27
1786081657668,1298,v1,0.0121,0.9391,0.1656,1.104,0.673,0.0118,0.1243,0.00207,0.622,1,36,61.74,0.639,1,0,0.0,0.0,0,50,10670,638401.8,0.0,-1,8.4
1786081658723,1299,v1,0.0557,0.2348,0.1354,2.0805,0.9808,0.01172,0.2368,0.002591,0.587,1,35,31.16,0.921,1,1513,14.562,12.226,1,50,10186,232831.3,100.0,13,10.28
1786081666176,1300,v1,0.0538,0.8298,0.1617,1.7758,0.3377,0.00789,0.1713,0.003182,0.651,0,36,91.38,0.429,1,0,23.557,23.557,0,50,9411,420602.2,86.14,17,12.56
1786081669747,1301,v1,0.0422,0.4432,0.172,1.9984,0.1077,0.02977,0.0786,0.002746,0.666,0,10,60.21,0.364,1,2700,9.0,7.201,0,50,10760,465446.8,70.69,17,10.01
1786081672043,1302,v1,0.0512,0.2337,0.2285,1.4442,0.2601,0.00906,0.1332,0.00361,0.659,1,28,64.45,0.453,1,867,14.726,13.38,1,50,10323,245616.7,100.0,13,13.25
1786081675229,1303,v1,0.0156,0.5301,0.2219,1.3713,0.5111,0.01238,0.2003,0.00352,0.607,1,20,90.69,0.742,1,1821,18.607,15.153,0,50,10703,426131.3,70.87,18,12.9
1786081667868,1304,v1,0.0777,0.7807,0.1396,2.354,0.4064,0.0147,0.098,0.001366,0.674,0,12,59.4,0.618,1,4381,11.0,7.427,0,50,11223,542700.5,55.75,16,5.37
1786081670860,1305,v1,0.0705,0.2047,0.2337,1.2865,0.7523,0.00467,0.2404,0.002444,0.611,1,19,29.78,0.672,1,1523,16.109,13.882,0,50,11409,378671.3,91.98,16,9.93
1786081674240,1306,v1,0.0746,0.9418,0.3432,1.5579,0.3861,0.03071,0.1222,0.00148,0.702,1,30,51.94,0.947,1,2480,17.869,13.726,0,50,11278,406901.6,90.64,15,5.74
1786081676976,1307,v1,0.0567,0.2734,0.2846,1.3699,0.9879,0.01056,0.1822,0.002005,0.589,1,34,87.71,0.322,1,0,17.942,17.942,0,50,10845,299743.5,86.94,15,7.94
1786081667360,1308,v1,0.063,0.3468,0.1588,1.5859,0.8289,0.02444,0.1401,0.001358,0.69,1,33,89.88,0.955,1,0,19.084,19.084,0,50,10487,316574.2,93.65,16,5.42
1786081670789,1309,v1,0.0523,0.5192,0.3717,1.4054,0.645,0.00922,0.2447,0.002781,0.702,0,8,34.73,0.415,1,3001,7.0,5.54,0,50,10446,501321.4,61.87,18,10.65
1786081673832,1310,v1,0.0517,0.6236,0.3095,0.8117,0.4565,0.01015,0.0878,0.002324,0.655,0,27,46.14,0.619,1,0,18.091,18.091,0,50,10375,373165.3,93.48,16,8.65
1786081676341,1311,v1,0.0337,0.9182,0.2722,2.4735,0.8288,0.02777,0.1779,0.002734,0.709,1,14,62.83,0.932,1,0,13.0,13.0,1,50,10727,242615.5,100.0,13,10.3
1786081667121,1312,v1,0.0346,0.4115,0.3613,1.5985,0.4752,0.01462,0.1171,0.003718,0.621,0,36,36.36,0.873,1,0,14.716,14.716,1,50,9693,213036.4,100.0,13,13.68
1786081670027,1313,v1,0.0149,0.2006,0.3582,2.0461,0.5253,0.02059,0.0743,0.002514,0.667,1,13,66.01,0.307,1,4835,12.0,6.502,1,50,10877,283456.2,100.0,15,51.0
1786081672324,1314,v1,0.0211,0.4181,0.3312,1.3546,0.8397,0.01529,0.2037,0.001226,0.617,0,8,64.63,0.571,1,3148,7.0,5.327,1,50,9481,221971.0,100.0,13,36.47
1786081674806,1315,v1,0.0133,0.3956,0.3862,1.2134,0.4988,0.01796,0.1004,0.003191,0.655,0,9,96.6,0.464,1,0,8.0,8.0,1,50,11600,249122.0,100.0,13,12.78
1786081668760,1316,v1,0.0661,0.3879,0.104,1.4982,0.149,0.01005,0.1297,0.003151,0.64,1,22,55.59,0.419,1,1583,17.386,14.494,0,50,10219,483712.1,92.32,16,11.72
1786081671060,1317,v1,0.0518,0.8313,0.4797,1.0842,0.1193,0.00443,0.1625,0.001799,0.605,0,35,66.51,0.628,1,0,12.154,12.154,1,50,10366,184923.4,100.0,4,7.0
1786081673386,1318,v1,0.0419,0.2275,0.4126,2.1505,0.5407,0.00737,0.1044,0.00317,0.683,0,9,50.58,0.326,1,1673,8.0,6.967,1,50,9989,238127.1,100.0,14,26.55
1786081675638,1319,v1,0.0668,0.6667,0.1138,1.0219,0.1695,0.02457,0.0918,0.001368,0.583,0,25,21.56,0.533,1,515,9.741,9.362,1,50,10484,161669.1,100.0,5,5.41
1786081669775,1320,v1,0.0192,0.2383,0.2024,1.6981,0.3852,0.02337,0.0681,0.002947,0.647,1,31,76.76,0.485,1,31,16.127,16.058,0,50,11828,481571.5,73.45,18,10.82
1786081673660,1321,v1,0.0344,0.9671,0.1587,1.282,0.5555,0.00752,0.0878,0.002148,0.662,1,28,69.72,0.697,1,0,7.067,7.067,0,50,10915,592734.4,34.15,19,8.1
1786081677726,1322,v1,0.0704,0.5877,0.3868,1.1292,0.1039,0.01967,0.2187,0.002805,0.685,1,14,98.26,0.627,1,7360,13.0,3.827,0,50,10776,571272.8,28.84,16,9.99
1786081680544,1323,v1,0.0262,0.5344,0.1506,1.4149,0.9356,0.02452,0.1981,0.002449,0.707,1,24,42.06,0.386,1,919,13.838,12.624,1,50,10960,246466.5,100.0,13,17.4
1786081668990,1324,v1,0.0417,0.9146,0.2077,2.3879,0.3199,0.00628,0.1008,0.003021,0.595,1,34,59.22,0.933,1,1936,14.36,11.539,1,50,10857,255396.9,100.0,13,11.4
1786081671208,1325,v1,0.071,0.8216,0.1819,1.4549,0.5674,0.02396,0.2299,0.00169,0.624,0,29,77.67,0.841,1,0,10.978,10.978,1,50,10179,164269.5,100.0,7,6.25
1786081673704,1326,v1,0.0274,0.5101,0.1988,1.4363,0.8779,0.01566,0.0571,0.00309,0.584,0,4,21.66,0.553,1,3253,3.0,2.683,1,50,10385,244480.0,100.0,13,39.59
1786081676537,1327,v1,0.0144,0.6196,0.2955,1.707,0.7035,0.03043,0.0999,0.001727,0.613,0,13,99.91,0.844,1,0,12.0,12.0,0,50,10856,305180.8,88.69,14,6.99
1786081678800,1328,v1,0.0464,0.9799,0.2204,1.0017,0.1013,0.00873,0.0877,0.003686,0.61,0,33,83.04,0.48,1,0,21.246,21.246,0,50,10685,422223.8,87.16,16,14.37
1786081681096,1329,v1,0.0487,0.43,0.1195,2.3891,0.782,0.02061,0.1701,0.002405,0.694,1,13,88.11,0.659,1,7799,12.0,1.799,1,50,9412,264595.1,100.0,24,86.34
1786081684271,1330,v1,0.0559,0.9304,0.4146,1.5189,0.6939,0.0291,0.0959,0.001406,0.706,1,32,71.6,0.803,1,0,18.814,18.814,0,50,10537,327916.7,90.41,16,5.58
1786081686451,1331,v1,0.0795,0.2837,0.3658,0.9224,0.6514,0.01182,0.0927,0.00248,0.63,0,5,71.66,0.754,1,0,4.0,4.0,1,50,10836,156982.4,100.0,5,9.86
1786081678652,1332,v1,0.0255,0.3288,0.2951,1.3836,0.7332,0.01314,0.1446,0.00131,0.713,0,28,47.26,0.993,1,0,15.703,15.703,1,50,9709,243972.4,100.0,14,5.57
1786081682627,1333,v1,0.0386,0.2957,0.4499,1.5024,0.5079,0.00695,0.2146,0.002453,0.694,0,28,66.41,0.313,1,0,8.062,8.062,0,50,10324,561299.0,37.2,19,9.35
1786081685179,1334,v1,0.0391,0.2156,0.4162,1.5047,0.2117,0.00503,0.1631,0.002846,0.612,1,22,32.8,0.335,1,803,13.195,12.059,1,50,9835,225469.7,100.0,13,10.23
1786081687619,1335,v1,0.0609,0.6263,0.263,2.322,0.8326,0.02312,0.2135,0.00225,0.677,0,30,82.17,0.784,1,0,14.364,14.364,1,50,10050,229219.9,100.0,13,8.56
1786081679163,1336,v1,0.0342,0.2014,0.3171,0.8548,0.6187,0.01026,0.0865,0.003211,0.653,0,20,50.94,0.468,1,0,13.696,13.696,1,50,10525,234905.2,100.0,13,12.19
1786081681721,1337,v1,0.0767,0.9426,0.2306,1.0229,0.6361,0.02734,0.0739,0.002129,0.678,0,5,50.45,0.595,1,2959,4.0,3.402,1,50,9984,222526.6,100.0,9,8.91
1786081684707,1338,v1,0.0379,0.2357,0.1956,0.9182,0.1116,0.02788,0.0942,0.002046,0.716,0,24,28.46,0.503,1,449,14.343,13.804,1,50,10691,250155.4,100.0,14,8.02
1786081688482,1339,v1,0.049,0.2955,0.4757,1.2554,0.2627,0.00548,0.2022,0.002614,0.621,0,5,51.68,0.804,1,5674,4.0,2.884,0,50,10265,517434.5,40.82,17,9.87
1786081679446,1340,v1,0.0273,0.7937,0.3996,1.1734,0.6717,0.02567,0.0882,0.001418,0.595,0,27,27.11,0.437,1,0,9.057,9.057,1,50,10311,126884.3,100.0,5,5.11
1786081681772,1341,v1,0.0275,0.5788,0.3591,1.9691,0.3258,0.01367,0.1406,0.003151,0.589,1,21,57.1,0.935,1,0,13.0,13.0,1,50,9780,213616.0,100.0,13,11.83
1786081684842,1342,v1,0.0378,0.2598,0.1136,1.3863,0.8806,0.02706,0.1552,0.002571,0.69,0,30,92.2,0.958,1,0,19.319,19.319,0,50,9821,321096.5,88.27,17,9.7
1786081687566,1343,v1,0.0776,0.3228,0.333,0.8141,0.5089,0.00816,0.067,0.001406,0.701,0,5,49.54,0.648,1,5315,4.0,2.983,1,50,10504,256003.6,100.0,13,6.47
1786081680648,1344,v1,0.0146,0.6786,0.2967,2.1728,0.9706,0.00845,0.1886,0.002797,0.663,1,17,47.89,0.856,1,0,13.197,13.197,1,50,11016,250633.9,100.0,13,10.58
1786081683471,1345,v1,0.0578,0.3947,0.4956,2.0106,0.3427,0.01369,0.2132,0.001671,0.628,1,26,84.62,0.797,1,0,17.423,17.423,0,50,10727,377842.0,91.35,16,6.26
1786081687319,1346,v1,0.0436,0.628,0.4504,2.0001,0.6192,0.02888,0.086,0.001536,0.638,0,10,26.03,0.521,1,2910,9.0,7.11,0,50,10922,398460.0,63.09,15,5.82
1786081689802,1347,v1,0.0504,0.3272,0.1643,2.0722,0.2009,0.02244,0.1944,0.002605,0.684,0,32,66.31,0.657,1,0,14.875,14.875,1,50,10136,237726.6,100.0,13,10.02
1786081680815,1348,v1,0.0383,0.9718,0.2976,1.5209,0.6463,0.01616,0.241,0.003122,0.58,1,17,41.19,0.927,1,0,8.379,8.379,1,50,10795,141495.5,100.0,4,11.52
1786081683915,1349,v1,0.0246,0.2772,0.4821,2.3745,0.7651,0.01648,0.2364,0.002668,0.617,0,26,69.58,0.437,1,0,18.473,18.473,0,50,10776,342811.0,86.52,17,10.07
1786081686457,1350,v1,0.047,0.8539,0.3106,0.9731,0.5254,0.01421,0.1992,0.002463,0.6,0,35,49.54,0.304,1,0,18.018,18.018,0,50,9945,279282.1,99.75,15,9.85
1786081688675,1351,v1,0.0749,0.6965,0.3051,1.7984,0.8416,0.02802,0.141,0.00238,0.605,0,28,79.79,0.403,1,0,10.364,10.364,1,50,9782,141486.1,100.0,4,8.88
1786081684265,1352,v1,0.0718,0.9739,0.3088,1.8344,0.703,0.01234,0.1796,0.001454,0.708,0,33,92.0,0.835,1,0,20.978,20.978,0,50,10428,431118.9,85.1,17,5.87
1786081687413,1353,v1,0.0446,0.7794,0.4823,1.6654,0.1341,0.02698,0.071,0.002222,0.661,1,25,84.1,0.963,1,0,16.986,16.986,0,50,10235,316068.5,94.21,15,8.67
1786081690525,1354,v1,0.0551,0.6281,0.1129,2.3283,0.8519,0.01407,0.1078,0.001273,0.684,1,25,85.58,0.565,1,0,19.189,19.189,0,50,11089,377513.0,87.53,18,4.7
1786081695466,1355,v1,0.0105,0.6447,0.3364,1.0042,0.8235,0.02628,0.1906,0.002238,0.703,0,16,65.62,0.865,1,6064,15.0,8.127,0,50,11842,677137.8,0.8,-1,8.25
1786081691123,1356,v1,0.0351,0.4709,0.4044,2.4051,0.7222,0.01238,0.183,0.002007,0.674,1,22,64.77,0.833,1,0,8.824,8.824,0,50,10188,485050.5,45.56,19,8.05
1786081694986,1357,v1,0.0286,0.6491,0.1828,2.466,0.7215,0.03039,0.1674,0.002297,0.695,1,20,34.15,0.806,1,4081,18.385,11.229,0,50,11086,492602.2,61.72,18,8.37
1786081697565,1358,v1,0.0301,0.4236,0.4701,1.4156,0.652,0.02339,0.2477,0.001841,0.689,0,35,84.28,0.901,1,0,20.378,20.378,0,50,8925,300840.7,86.09,17,7.1
1786081700060,1359,v1,0.0138,0.3972,0.3771,2.3428,0.4111,0.01733,0.0774,0.002431,0.588,1,10,94.43,0.802,1,8992,9.0,0.455,1,50,9690,275369.8,100.0,25,95.48
1786081690955,1360,v1,0.0513,0.8446,0.2136,2.4011,0.8789,0.00953,0.1041,0.001813,0.693,1,29,80.45,0.474,1,0,14.179,14.179,1,50,10588,240887.0,100.0,13,6.76
1786081695428,1361,v1,0.0129,0.8188,0.2985,1.9303,0.7553,0.02321,0.1496,0.001302,0.687,1,15,39.03,0.562,1,6981,14.0,4.309,0,50,10262,634948.8,0.0,-1,5.19
1786081699161,1362,v1,0.0211,0.7781,0.2984,1.4845,0.7689,0.00302,0.1697,0.002637,0.622,0,5,96.11,0.695,1,0,4.0,4.0,0,50,9821,582927.3,0.0,-1,10.11
1786081702602,1363,v1,0.0506,0.4904,0.1608,2.3512,0.3187,0.0195,0.2468,0.002387,0.639,0,19,29.57,0.455,1,0,16.509,16.509,0,50,11201,411114.9,88.08,16,9.0
1786081693327,1364,v1,0.0554,0.4621,0.2626,2.0396,0.5082,0.01763,0.1174,0.00346,0.64,1,7,20.78,0.845,1,10676,6.0,0.0,0,50,10906,621180.0,0.0,-1,13.08
1786081695462,1365,v1,0.062,0.7987,0.3177,1.6142,0.8411,0.02407,0.1942,0.001402,0.592,1,10,51.04,0.975,1,1706,5.986,5.038,1,50,10649,117256.2,100.0,5,5.27
1786081698002,1366,v1,0.0153,0.7074,0.157,0.8541,0.8022,0.01003,0.2398,0.002622,0.706,0,35,59.78,0.809,1,0,15.265,15.265,1,50,10365,247842.0,100.0,13,9.66
1786081700815,1367,v1,0.0457,0.5733,0.3637,1.9181,0.6125,0.00804,0.1722,0.001456,0.632,0,20,33.97,0.821,1,0,17.382,17.382,0,50,10807,329610.4,84.28,17,5.86
1786081693353,1368,v1,0.0408,0.5384,0.1194,1.5089,0.4622,0.01261,0.2276,0.002195,0.706,1,34,73.9,0.468,1,0,13.163,13.163,0,50,10660,554584.1,53.59,19,8.41
1786081695884,1369,v1,0.027,0.8136,0.1944,1.1541,0.362,0.01809,0.1793,0.002363,0.68,0,32,30.16,0.641,1,0,14.342,14.342,1,50,10859,247511.9,100.0,13,9.46
1786081698622,1370,v1,0.0475,0.5757,0.2009,1.6337,0.8454,0.00771,0.0597,0.002878,0.65,1,7,62.79,0.682,1,8647,6.0,1.012,1,50,10592,291959.2,100.0,23,84.81
1786081701320,1371,v1,0.038,0.4784,0.1074,1.8637,0.9813,0.01009,0.1366,0.002268,0.629,0,35,47.0,0.643,1,0,20.692,20.692,0,50,10259,328194.4,84.45,18,8.7
1786081692723,1372,v1,0.0757,0.8684,0.1953,1.9632,0.3746,0.012,0.136,0.003423,0.664,1,14,30.96,0.718,1,0,13.0,13.0,1,50,10886,247805.8,100.0,13,13.15
1786081695125,1373,v1,0.0684,0.4898,0.2315,1.6025,0.5531,0.01379,0.121,0.001254,0.688,1,25,31.07,0.728,1,1682,12.872,10.708,1,50,10141,220927.3,100.0,13,4.77
1786081698207,1374,v1,0.042,0.2625,0.2295,1.0084,0.8978,0.00666,0.2042,0.001719,0.671,1,26,85.95,0.828,1,0,18.597,18.597,0,50,10058,363692.0,89.09,18,6.91
1786081700618,1375,v1,0.0394,0.5671,0.3933,1.0776,0.4403,0.01423,0.1886,0.001794,0.704,1,16,39.74,0.394,1,0,13.0,13.0,1,50,10497,244802.6,100.0,13,6.56
1786081693159,1376,v1,0.0706,0.5366,0.2039,1.6751,0.8449,0.01428,0.2449,0.003674,0.599,0,35,65.65,0.335,1,0,11.486,11.486,1,50,10893,165592.4,100.0,5,13.12
1786081697000,1377,v1,0.0202,0.785,0.4875,1.4289,0.9861,0.00358,0.2257,0.002196,0.7,1,8,42.72,0.369,1,5025,7.0,3.236,0,50,9478,569174.5,0.0,-1,8.48
1786081701081,1378,v1,0.0511,0.876,0.4937,1.1382,0.5744,0.00534,0.1058,0.00261,0.684,0,12,55.81,0.762,1,6266,11.0,5.801,0,50,11180,568092.7,36.27,18,9.87
1786081703393,1379,v1,0.0735,0.9354,0.4105,2.4549,0.3516,0.01502,0.1268,0.002409,0.605,1,13,23.53,0.399,1,3839,9.92,5.72,1,50,9924,196081.3,100.0,5,12.53
1786081699583,1380,v1,0.031,0.4455,0.2183,2.3366,0.6636,0.0196,0.1739,0.002736,0.678,0,26,62.57,0.393,1,0,10.245,10.245,0,50,10197,463325.1,50.52,19,10.26
1786081701331,1381,v1,0.0615,0.847,0.1851,1.0957,0.5904,0.03092,0.1143,0.00252,0.604,1,19,44.57,0.335,1,0,6.851,6.851,1,50,9498,95317.2,100.0,4,9.55
1786081703771,1382,v1,0.0211,0.903,0.348,2.1203,0.8877,0.01282,0.2016,0.003305,0.689,0,6,62.74,0.562,1,4346,5.0,3.659,1,50,9879,244468.6,100.0,13,51.57
1786081706311,1383,v1,0.0474,0.2823,0.1417,2.2871,0.6088,0.00857,0.2456,0.002712,0.683,0,5,37.27,0.55,1,4228,4.0,3.222,1,50,10995,269010.7,100.0,14,45.46
1786081703210,1384,v1,0.013,0.5658,0.4032,2.1878,0.1801,0.01616,0.0638,0.00131,0.67,0,27,40.88,0.972,1,0,14.63,14.63,1,50,9684,232914.8,100.0,13,5.08
1786081705196,1385,v1,0.0668,0.2784,0.3959,0.9214,0.7725,0.00361,0.1979,0.001955,0.594,1,20,24.62,0.667,1,0,10.125,10.125,1,50,10184,167538.0,100.0,7,7.59
1786081707412,1386,v1,0.0515,0.9475,0.1109,2.0963,0.9102,0.02108,0.1939,0.003376,0.633,0,28,71.59,0.398,1,0,17.946,17.946,0,50,9527,281085.8,85.45,16,12.43
1786081710141,1387,v1,0.0138,0.4966,0.4187,1.9916,0.597,0.01801,0.2336,0.001416,0.616,0,25,24.79,0.676,1,546,15.859,14.986,0,50,10925,424811.8,72.36,18,5.39
1786081703740,1388,v1,0.0456,0.6086,0.2763,1.8685,0.2857,0.03,0.1418,0.001275,0.69,1,28,83.39,0.489,1,0,14.03,14.03,1,50,10270,232691.1,100.0,13,5.19
1786081706047,1389,v1,0.0553,0.9982,0.432,1.3526,0.1732,0.01907,0.2066,0.003059,0.643,0,25,75.62,0.472,1,0,11.681,11.681,1,50,11489,215788.5,100.0,6,11.83
1786081708362,1390,v1,0.0446,0.8073,0.4918,2.4763,0.4882,0.01482,0.2228,0.003126,0.626,0,24,93.8,0.581,1,0,17.587,17.587,0,50,9846,307128.0,92.33,16,11.77
1786081710296,1391,v1,0.067,0.6493,0.1734,2.4581,0.9937,0.00464,0.2143,0.00122,0.658,1,36,76.0,0.518,1,929,14.726,13.218,1,50,9407,215604.4,100.0,13,5.06
1786081704580,1392,v1,0.0483,0.5754,0.2457,0.9679,0.397,0.02963,0.212,0.003367,0.688,1,31,70.92,0.738,1,0,18.215,18.215,0,50,10191,290435.6,88.08,16,12.86
1786081706873,1393,v1,0.0413,0.2503,0.2884,1.4598,0.7146,0.01286,0.1484,0.001319,0.671,0,36,45.3,0.407,1,0,15.466,15.466,1,50,10495,243563.1,100.0,13,5.05
1786081709443,1394,v1,0.0622,0.4534,0.4998,2.4339,0.2412,0.01218,0.2064,0.001726,0.601,1,25,54.53,0.659,1,1537,16.772,14.083,0,50,9883,387819.9,89.53,15,6.14
1786081711676,1395,v1,0.0431,0.2345,0.2715,2.3599,0.7159,0.0241,0.0872,0.002272,0.696,0,14,39.44,0.669,1,4477,13.0,7.779,0,50,9708,489082.9,47.01,18,8.64
1786081704798,1396,v1,0.0537,0.4724,0.2527,2.3748,0.1727,0.02241,0.0525,0.001345,0.62,1,19,73.36,0.354,1,0,12.998,12.998,1,50,9459,216649.5,100.0,13,5.33
1786081707270,1397,v1,0.0563,0.6177,0.4291,2.4567,0.6612,0.02789,0.0999,0.001776,0.624,1,18,59.13,0.711,1,1289,15.159,13.127,0,50,9780,327164.9,91.0,15,6.56
1786081709639,1398,v1,0.0205,0.5833,0.2323,1.5745,0.1463,0.01656,0.1189,0.001336,0.586,0,16,87.27,0.452,1,0,13.0,13.0,1,50,11966,268487.8,100.0,13,5.31
1786081711824,1399,v1,0.0383,0.7165,0.3034,2.3812,0.2397,0.01711,0.2322,0.001369,0.685,0,23,45.92,0.679,1,0,15.131,15.131,0,50,10665,558542.9,77.21,19,4.97
1786081720703,1400,v1,0.0343,0.2345,0.372,2.0091,0.4181,0.02372,0.1937,0.001323,0.703,1,18,59.37,0.935,1,10150,17.0,0.007,0,50,10376,657519.1,0.04,-1,5.32
1786081724316,1401,v1,0.0375,0.784,0.4816,1.4127,0.4688,0.00939,0.2459,0.001998,0.583,1,16,61.75,0.629,1,3688,15.0,9.775,0,50,10899,439375.0,54.72,15,7.62
1786081726629,1402,v1,0.0326,0.6678,0.495,2.3248,0.8065,0.01823,0.1133,0.002346,0.639,0,27,85.85,0.521,1,0,13.861,13.861,1,50,10989,242920.4,100.0,13,9.25
1786081729055,1403,v1,0.0167,0.5541,0.1072,2.1838,0.5226,0.02838,0.1714,0.002709,0.599,0,32,82.99,0.733,1,0,18.275,18.275,0,50,9980,286521.2,84.7,15,10.48
1786081719574,1404,v1,0.0797,0.3871,0.1176,2.2262,0.9474,0.01736,0.1114,0.00314,0.692,1,7,99.33,0.306,1,4015,6.0,3.546,1,50,10001,245799.0,100.0,13,17.92
1786081722199,1405,v1,0.0573,0.6306,0.3098,1.2304,0.1068,0.00805,0.1864,0.001481,0.648,0,29,96.03,0.885,1,0,14.196,14.196,1,50,10309,222882.4,100.0,13,5.41
1786081724365,1406,v1,0.0585,0.6786,0.2456,1.2107,0.5678,0.02105,0.2,0.002472,0.593,1,9,38.98,0.422,1,2834,6.541,4.443,1,50,10319,153116.9,100.0,5,9.13
1786081727428,1407,v1,0.0555,0.8213,0.4279,2.1012,0.2712,0.01224,0.0547,0.003164,0.675,0,32,93.27,0.759,1,0,22.414,22.414,0,50,11106,469236.4,84.25,17,11.57
1786081720354,1408,v1,0.0121,0.9784,0.1494,2.3092,0.3083,0.01677,0.1706,0.002982,0.594,0,23,67.28,0.948,1,0,13.201,13.201,1,50,10816,241167.6,100.0,13,10.91
1786081724289,1409,v1,0.0619,0.5767,0.267,2.1958,0.4721,0.01762,0.2225,0.002066,0.711,1,17,29.96,0.774,1,9503,16.0,0.0,0,50,9847,599285.1,0.0,-1,8.48
1786081726899,1410,v1,0.0229,0.7076,0.1652,2.3,0.9232,0.00482,0.1716,0.003342,0.598,1,7,81.12,0.511,1,7011,6.0,1.979,1,50,10671,282106.0,100.0,13,71.31
1786081729551,1411,v1,0.0775,0.779,0.1536,1.8736,0.1048,0.00604,0.1273,0.002725,0.681,0,12,85.7,0.918,1,0,11.0,11.0,1,50,10811,246772.9,100.0,13,10.17
1786081720601,1412,v1,0.0109,0.7973,0.4638,1.1418,0.2277,0.02055,0.2433,0.003458,0.644,0,6,93.02,0.672,1,0,5.0,5.0,1,50,10596,234447.5,100.0,13,12.88
1786081723566,1413,v1,0.0318,0.3849,0.3512,1.4139,0.521,0.01684,0.1367,0.001348,0.662,1,32,64.07,0.825,1,1717,20.199,16.83,0,50,10675,395341.0,85.02,18,5.26
1786081728164,1414,v1,0.0151,0.2946,0.1885,1.8814,0.9618,0.01446,0.0894,0.002762,0.652,1,17,34.45,0.392,1,5197,16.0,7.979,0,50,10833,639271.3,0.0,-1,10.58
1786081730813,1415,v1,0.0251,0.2803,0.1122,1.6692,0.3665,0.01413,0.0729,0.002455,0.697,1,29,52.67,0.661,1,1582,16.048,13.432,1,50,10315,260308.8,100.0,15,15.4
1786081723099,1416,v1,0.015,0.4784,0.1833,1.6949,0.4477,0.00618,0.1017,0.001547,0.588,1,19,97.28,0.91,1,10625,18.0,0.0,0,50,10956,661270.1,0.0,-1,6.09
1786081727357,1417,v1,0.018,0.6674,0.301,2.246,0.2742,0.02202,0.1961,0.002911,0.653,1,30,37.6,0.945,1,1034,4.241,2.011,0,50,11076,621074.1,19.56,-1,10.77
1786081729618,1418,v1,0.0653,0.9725,0.1395,1.6979,0.5063,0.02382,0.2088,0.002941,0.627,1,23,62.75,0.37,1,714,13.057,12.053,1,50,9759,224077.6,100.0,13,11.56
1786081733800,1419,v1,0.0442,0.5253,0.4844,2.2105,0.7556,0.01195,0.0512,0.002988,0.705,0,10,65.21,0.651,1,3539,9.0,6.459,0,50,10044,561767.1,31.36,19,11.5
1786081723290,1420,v1,0.0214,0.4654,0.2479,2.4385,0.4753,0.0079,0.2112,0.001903,0.668,1,12,67.69,0.435,1,5201,11.0,5.071,0,50,9859,575714.2,0.0,-1,7.23
1786081725485,1421,v1,0.0701,0.6977,0.352,1.9468,0.7755,0.02308,0.1103,0.001493,0.595,0,29,93.29,0.981,1,0,8.735,8.735,1,50,11024,120897.5,100.0,6,5.84
1786081728128,1422,v1,0.0406,0.946,0.1345,2.3351,0.1619,0.00473,0.1105,0.003473,0.688,0,11,30.46,0.466,1,2481,10.0,7.988,1,50,10231,240228.2,100.0,13,35.28
1786081730757,1423,v1,0.0677,0.6902,0.376,2.3363,0.2045,0.02739,0.0821,0.001275,0.647,0,31,45.58,0.622,1,0,13.685,13.685,1,50,11022,228488.9,100.0,13,4.81
1786081722756,1424,v1,0.0543,0.3507,0.2468,1.0293,0.8677,0.01696,0.1112,0.001489,0.705,1,36,76.68,0.861,1,0,20.308,20.308,0,50,10593,354818.4,84.05,17,5.5
1786081726459,1425,v1,0.0266,0.9357,0.3873,1.3357,0.8317,0.02946,0.1098,0.003754,0.69,0,13,52.5,0.773,1,5169,12.0,6.586,0,50,9966,482064.9,39.77,18,14.34
1786081729948,1426,v1,0.0361,0.8965,0.4979,1.4112,0.8748,0.00404,0.1227,0.001925,0.673,0,12,71.34,0.337,1,0,11.0,11.0,0,50,9524,520726.8,30.88,19,7.14
1786081732075,1427,v1,0.0408,0.6176,0.2666,1.6654,0.5991,0.02683,0.2216,0.001271,0.595,1,17,47.42,0.328,1,0,8.937,8.937,1,50,9987,135515.9,100.0,5,4.7
1786081730226,1428,v1,0.0622,0.2038,0.3692,1.017,0.6246,0.02953,0.0782,0.001319,0.59,0,7,87.28,0.471,1,0,4.848,4.848,1,50,10362,122750.0,100.0,4,5.15
1786081732586,1429,v1,0.0686,0.4721,0.3087,1.0269,0.1221,0.02307,0.2179,0.003012,0.673,0,19,98.76,0.647,1,0,13.0,13.0,1,50,10275,223414.8,100.0,13,11.44
1786081736899,1430,v1,0.0634,0.6229,0.1738,2.3144,0.2465,0.02982,0.1225,0.0023,0.713,0,9,60.82,0.84,1,6860,8.0,4.092,0,50,10753,575014.7,29.39,17,9.36
1786081739254,1431,v1,0.0386,0.9782,0.1863,2.0182,0.7457,0.02348,0.1409,0.001316,0.596,1,15,36.58,0.382,1,0,13.0,13.0,1,50,10418,242022.6,100.0,13,4.93
1786081732496,1432,v1,0.0725,0.4478,0.4069,2.2857,0.5526,0.0249,0.1656,0.001431,0.693,1,30,47.02,0.498,1,0,14.371,14.371,1,50,10311,242784.0,100.0,13,5.52
1786081735403,1433,v1,0.0202,0.8721,0.2995,1.4567,0.7309,0.01947,0.0671,0.00177,0.617,0,9,48.39,0.31,1,1957,8.0,6.863,0,50,10479,358399.9,73.56,16,6.72
1786081737707,1434,v1,0.0688,0.902,0.3279,2.2092,0.9979,0.00826,0.1939,0.003321,0.629,0,9,85.16,0.506,1,0,7.46,7.46,1,50,10025,168840.1,100.0,7,12.43
1786081740630,1435,v1,0.0768,0.6298,0.4962,1.2398,0.5924,0.03081,0.1443,0.001716,0.599,0,16,66.14,0.366,1,0,12.098,12.098,0,50,11042,237984.2,86.9,11,6.93
1786081733236,1436,v1,0.0662,0.3282,0.2375,1.2131,0.2316,0.01315,0.2236,0.002695,0.636,0,35,37.11,0.982,1,0,20.366,20.366,0,50,9633,372355.2,100.0,16,9.39
1786081735370,1437,v1,0.0424,0.9184,0.3162,1.1487,0.5924,0.02723,0.104,0.002087,0.587,0,11,92.59,0.702,1,0,5.526,5.526,1,50,10883,87406.5,100.0,4,8.26
1786081737892,1438,v1,0.0784,0.39,0.4772,0.8074,0.7857,0.0102,0.0657,0.002899,0.65,1,28,55.77,0.411,1,0,13.753,13.753,1,50,10043,220013.8,100.0,13,11.26
1786081740826,1439,v1,0.0275,0.8983,0.2349,1.6155,0.5721,0.01345,0.0643,0.001605,0.598,0,6,38.87,0.812,1,6320,5.0,3.124,1,50,10185,268718.9,100.0,13,64.75
1786081733849,1440,v1,0.0129,0.7946,0.3043,2.1547,0.9061,0.00672,0.0529,0.002312,0.587,0,33,61.15,0.755,1,0,14.36,14.36,1,50,10735,235804.1,100.0,13,8.44
1786081736891,1441,v1,0.0225,0.6097,0.3021,1.1242,0.2516,0.02668,0.1977,0.003335,0.644,1,25,20.26,0.743,1,1625,17.598,14.653,0,50,10512,366133.2,84.28,16,12.6
1786081739413,1442,v1,0.0544,0.6854,0.1689,1.7107,0.9417,0.00789,0.0884,0.003661,0.616,0,6,84.28,0.348,1,0,5.0,5.0,1,50,10849,244651.7,100.0,13,13.75
1786081741924,1443,v1,0.036,0.8406,0.4945,0.8237,0.5545,0.00563,0.2426,0.003487,0.693,0,5,22.12,0.405,1,2713,4.0,3.456,1,50,10114,240357.4,100.0,13,24.84
1786081736272,1444,v1,0.0363,0.9676,0.2376,2.0448,0.4526,0.02685,0.0981,0.003099,0.634,1,13,75.34,0.524,1,7922,12.0,2.9,0,50,10836,566651.0,20.14,17,11.79
1786081739303,1445,v1,0.0699,0.4208,0.3228,1.0463,0.1961,0.03191,0.204,0.002905,0.698,0,18,94.82,0.79,1,0,15.574,15.574,0,50,10571,327693.1,89.14,15,11.46
1786081741998,1446,v1,0.05,0.975,0.217,2.1736,0.6426,0.00504,0.0923,0.00177,0.589,0,20,48.42,0.749,1,0,17.032,17.032,0,50,9930,310011.9,95.99,16,6.45
1786081744863,1447,v1,0.0456,0.5958,0.4746,1.7221,0.2078,0.0056,0.0734,0.003451,0.652,0,6,60.63,0.353,1,2854,5.0,4.175,1,50,10564,248982.6,100.0,13,36.81
1786081735262,1448,v1,0.0659,0.2625,0.4906,1.989,0.2873,0.01469,0.1819,0.003131,0.664,1,4,34.77,0.484,1,6558,3.0,1.021,1,50,10048,264354.4,100.0,13,67.46
1786081737702,1449,v1,0.0114,0.4279,0.1408,1.6689,0.2308,0.02959,0.1015,0.002617,0.611,1,7,60.12,0.395,1,4538,6.0,3.224,1,50,9968,245568.9,100.0,13,51.46
1786081742676,1450,v1,0.0294,0.9243,0.4589,1.7231,0.3067,0.00605,0.1057,0.001386,0.678,0,28,49.77,0.441,1,0,0.237,0.237,0,50,10875,631758.1,1.13,-1,5.57
1786081745474,1451,v1,0.0635,0.5488,0.4679,1.9084,0.781,0.02062,0.0866,0.002339,0.637,1,28,21.24,0.777,1,1816,13.048,10.849,1,50,11286,233851.8,100.0,11,8.41
1786081738985,1452,v1,0.0132,0.5475,0.1719,0.8695,0.2008,0.02019,0.0602,0.002616,0.689,0,4,91.61,0.588,1,0,3.0,3.0,0,50,11060,648986.5,0.0,-1,10.06
1786081741475,1453,v1,0.0608,0.9013,0.337,1.756,0.6169,0.02048,0.0797,0.001547,0.659,1,35,42.35,0.353,1,771,12.725,11.783,1,50,10808,204697.3,100.0,8,6.34
1786081744168,1454,v1,0.0307,0.8494,0.1523,2.2133,0.8679,0.02841,0.2131,0.001371,0.594,1,21,58.15,0.507,1,0,10.422,10.422,1,50,10980,183235.9,100.0,7,5.52
1786081746445,1455,v1,0.0678,0.6788,0.2337,1.9761,0.3699,0.00907,0.1819,0.003484,0.638,0,25,31.4,0.407,1,0,13.525,13.525,1,50,9816,220665.1,100.0,13,13.16
1786081744036,1456,v1,0.0575,0.9746,0.3178,1.2341,0.5471,0.01793,0.2427,0.002188,0.629,1,10,33.07,0.543,1,6981,9.0,2.809,0,50,10333,565336.0,28.99,16,7.94
1786081746545,1457,v1,0.0349,0.9678,0.4093,1.3354,0.7791,0.00443,0.0899,0.001314,0.717,1,11,98.06,0.757,1,8495,10.0,1.654,1,50,10302,271878.8,100.0,24,84.33
1786081750615,1458,v1,0.0559,0.5612,0.3721,1.3714,0.1905,0.02481,0.2484,0.002677,0.711,1,16,81.44,0.823,1,9618,15.0,0.0,0,50,10030,594075.1,0.0,-1,10.66
1786081753630,1459,v1,0.0782,0.5522,0.4646,1.8396,0.3964,0.01255,0.0875,0.003204,0.631,0,31,91.0,0.315,1,0,17.7,17.7,0,50,10381,317971.7,87.31,15,12.33
1786081746032,1460,v1,0.0469,0.9652,0.2016,2.4798,0.1235,0.0286,0.0828,0.003688,0.691,1,10,77.35,0.757,1,10309,9.0,0.0,0,50,10684,624084.0,0.0,-1,13.83
1786081750219,1461,v1,0.0228,0.773,0.4157,1.3674,0.9002,0.00559,0.1213,0.001911,0.704,0,23,76.03,0.944,1,0,0.0,0.0,0,50,10564,613162.9,0.0,-1,7.29
1786081752473,1462,v1,0.0647,0.9431,0.18,1.9411,0.7238,0.02954,0.1944,0.002772,0.692,1,21,39.66,0.793,1,1372,16.628,13.859,0,50,8596,294284.7,89.2,16,10.21
1786081754731,1463,v1,0.041,0.8917,0.4722,2.0615,0.6887,0.02657,0.2493,0.003712,0.673,0,26,44.27,0.777,1,0,13.685,13.685,1,50,9441,215726.7,100.0,13,14.23
1786081744434,1464,v1,0.0233,0.9899,0.3125,2.1724,0.4561,0.01929,0.0809,0.003054,0.6,1,23,30.46,0.873,1,1482,13.189,11.088,1,50,9799,224503.9,100.0,13,25.58
1786081747286,1465,v1,0.034,0.9508,0.178,2.2704,0.5713,0.03018,0.1127,0.0027,0.589,0,35,26.67,0.926,1,0,17.942,17.942,0,50,10184,283867.3,97.56,15,10.23
1786081750275,1466,v1,0.0423,0.6887,0.3503,2.4,0.159,0.02019,0.2468,0.00312,0.62,0,36,61.8,0.518,1,0,19.769,19.769,0,50,10766,373050.5,84.05,15,11.48
1786081752658,1467,v1,0.0416,0.5807,0.3543,0.8354,0.8592,0.00544,0.0958,0.002243,0.61,1,11,41.28,0.417,1,3771,8.901,5.378,1,50,10676,202210.1,100.0,7,8.7
1786081745190,1468,v1,0.0253,0.9009,0.4389,1.3564,0.9272,0.00423,0.1599,0.003249,0.658,0,29,56.08,0.731,1,0,14.19,14.19,1,50,9997,227236.3,100.0,13,12.22
1786081749804,1469,v1,0.057,0.6168,0.4819,2.1735,0.1997,0.01114,0.1674,0.002816,0.583,1,12,45.41,0.79,1,9924,11.0,0.0,0,50,10214,613349.9,0.0,-1,10.31
1786081752234,1470,v1,0.0293,0.6125,0.2357,1.6162,0.553,0.00949,0.1593,0.003129,0.633,1,16,29.9,0.545,1,0,13.0,13.0,1,50,10423,230012.8,100.0,13,12.15
1786081756827,1471,v1,0.0679,0.7384,0.1583,1.8705,0.548,0.00618,0.0732,0.003397,0.587,1,11,28.39,0.823,1,11078,10.0,0.0,0,50,11429,661528.5,0.0,-1,12.97
1786081748622,1472,v1,0.0795,0.4559,0.1314,2.2514,0.652,0.02332,0.1919,0.001415,0.648,1,30,30.41,0.54,1,1287,17.927,15.666,0,50,10523,343891.3,98.15,16,5.19
1786081752418,1473,v1,0.035,0.22,0.2315,2.4608,0.29,0.0208,0.1229,0.003179,0.705,1,23,51.77,0.774,1,844,10.223,8.543,0,50,10299,555711.7,51.72,19,11.75
1786081755214,1474,v1,0.0241,0.7198,0.4656,2.0928,0.123,0.02236,0.0643,0.002101,0.699,0,11,65.72,0.709,1,4058,10.0,6.858,1,50,10541,253232.7,100.0,13,44.09
1786081759759,1475,v1,0.0277,0.8482,0.1017,1.0024,0.1097,0.01817,0.162,0.003066,0.586,1,15,72.44,0.914,1,10657,14.0,0.0,0,50,11161,635688.7,0.0,-1,12.34
1786081749060,1476,v1,0.0245,0.7499,0.2064,2.4053,0.5777,0.004,0.0569,0.003383,0.622,1,24,91.74,0.517,1,0,13.364,13.364,1,50,10592,233329.8,100.0,13,12.68
1786081752010,1477,v1,0.0578,0.4375,0.3614,1.9268,0.2938,0.01126,0.1436,0.001882,0.707,1,33,94.34,0.96,1,0,23.753,23.753,0,50,8563,411766.1,91.0,18,7.45
1786081755101,1478,v1,0.0638,0.6335,0.1825,1.7381,0.6883,0.02117,0.1944,0.00136,0.719,0,35,36.09,0.417,1,0,20.485,20.485,0,50,10718,374679.1,84.49,17,5.3
1786081759425,1479,v1,0.0193,0.3964,0.1078,1.9294,0.4985,0.02586,0.0506,0.002563,0.61,1,13,47.24,0.863,1,10188,12.0,0.0,0,50,10523,630814.9,0.0,-1,9.77
1786081749421,1480,v1,0.0506,0.8343,0.4702,2.2074,0.1932,0.03005,0.1835,0.003727,0.618,0,12,77.95,0.313,1,1346,9.611,8.34,1,50,9929,192257.7,100.0,6,26.14
1786081752252,1481,v1,0.0672,0.615,0.4181,2.3826,0.7857,0.02755,0.0995,0.002006,0.689,0,4,87.08,0.878,1,0,3.0,3.0,0,50,10457,332226.6,87.96,16,7.69
1786081756517,1482,v1,0.0428,0.7132,0.2533,1.2589,0.2856,0.00357,0.0768,0.00374,0.653,1,11,50.6,0.605,1,9010,10.0,0.975,0,50,10335,588605.6,8.4,-1,13.54
1786081759305,1483,v1,0.0334,0.4001,0.1867,2.0698,0.8778,0.02834,0.1379,0.002139,0.702,1,7,50.7,0.615,1,8381,6.0,1.487,1,50,11287,299597.6,100.0,14,77.23
1786081756656,1484,v1,0.0766,0.6042,0.4403,2.1001,0.1972,0.02245,0.1227,0.002305,0.643,1,9,98.27,0.993,1,8332,7.766,1.713,1,50,11219,276931.4,100.0,13,11.75
1786081758960,1485,v1,0.0601,0.7441,0.2956,2.2307,0.6595,0.00947,0.0989,0.00171,0.685,0,15,50.16,0.455,1,0,13.0,13.0,1,50,9703,215088.7,100.0,13,6.87
1786081760809,1486,v1,0.029,0.6489,0.2882,0.8298,0.6496,0.01885,0.1801,0.001729,0.599,0,21,55.9,0.639,1,0,10.302,10.302,1,50,9149,157702.1,100.0,7,7.36
1786081762984,1487,v1,0.027,0.4146,0.4135,0.9028,0.5128,0.01029,0.1573,0.003318,0.669,1,27,64.52,0.332,1,0,14.256,14.256,1,50,10902,247377.4,100.0,13,12.11
1786081756546,1488,v1,0.0741,0.4038,0.4296,1.9041,0.9151,0.00681,0.0838,0.002243,0.651,1,14,32.26,0.878,1,0,10.707,10.707,1,50,9988,175561.9,100.0,8,8.56
1786081760808,1489,v1,0.0316,0.4288,0.2699,1.6247,0.3353,0.0215,0.0861,0.001442,0.598,1,11,42.83,0.734,1,9962,10.0,0.866,0,50,11066,637123.0,7.37,-1,5.31
1786081763386,1490,v1,0.0477,0.6987,0.2478,1.0007,0.2747,0.02752,0.2056,0.001551,0.711,0,12,67.41,0.367,1,2598,11.0,8.474,0,50,9427,462954.2,64.44,17,6.23
1786081765011,1491,v1,0.0727,0.429,0.4383,2.2172,0.2568,0.01342,0.1205,0.003746,0.589,1,30,67.39,0.648,1,0,12.3,12.3,1,50,9783,177498.4,100.0,6,13.27
1786081758405,1492,v1,0.0707,0.2398,0.492,0.9514,0.2421,0.01779,0.0619,0.002202,0.683,0,11,39.13,0.346,1,1980,9.999,8.487,1,50,10715,256432.9,100.0,13,8.65
1786081760753,1493,v1,0.075,0.6351,0.3039,1.1151,0.8055,0.03077,0.0806,0.001638,0.685,1,29,93.33,0.504,1,0,17.101,17.101,0,50,10199,289031.4,91.93,15,6.49
1786081763298,1494,v1,0.074,0.8295,0.185,2.1135,0.16,0.02983,0.0672,0.001249,0.657,1,22,36.15,0.885,1,1795,16.345,13.512,0,50,10585,414845.8,90.41,15,5.07
1786081765362,1495,v1,0.054,0.4196,0.1806,1.145,0.7313,0.01845,0.1773,0.003359,0.702,0,9,59.62,0.355,1,3345,8.0,6.307,1,50,12169,285086.2,100.0,13,13.76
1786081759915,1496,v1,0.0272,0.4097,0.221,1.8113,0.4796,0.01137,0.14,0.00252,0.717,0,31,47.1,0.691,1,0,15.942,15.942,1,50,9711,228815.2,100.0,14,10.06
1786081761780,1497,v1,0.0461,0.9541,0.3363,2.4156,0.6682,0.01915,0.2155,0.002927,0.586,0,29,72.21,0.75,1,0,11.808,11.808,1,50,9781,165084.5,100.0,7,10.6
1786081764747,1498,v1,0.0296,0.6765,0.3268,1.7328,0.4474,0.01842,0.2187,0.003374,0.628,1,8,26.2,0.81,1,9509,7.0,0.0,0,50,9744,579153.6,0.0,-1,12.58
1786081765923,1499,v1,0.0616,0.8391,0.2459,0.9301,0.6315,0.0068,0.0803,0.001265,0.586,1,7,53.19,0.803,1,5915,5.116,1.725,1,50,10547,174447.1,100.0,4,4.85
1786081774028,1500,v1,0.0792,0.509,0.4982,1.3642,0.123,0.02502,0.1922,0.002096,0.636,0,8,24.73,0.63,1,4828,7.0,4.777,0,50,11003,460915.4,51.63,15,7.86
1786081777242,1501,v1,0.0212,0.8289,0.1257,1.8777,0.9271,0.02303,0.1864,0.0022,0.585,1,31,37.83,0.719,1,1678,18.08,15.097,0,50,10840,347987.4,85.55,15,8.73
1786081779438,1502,v1,0.0152,0.7575,0.1059,1.645,0.1579,0.01207,0.1324,0.001817,0.673,1,17,61.47,0.984,1,0,13.0,13.0,1,50,9469,214987.0,100.0,13,7.33
1786081781875,1503,v1,0.0632,0.411,0.3047,1.9388,0.2301,0.02583,0.247,0.002247,0.602,1,31,75.84,0.726,1,0,16.907,16.907,0,50,10298,283131.4,89.94,14,9.14
1786081773579,1504,v1,0.0719,0.9591,0.47,1.9131,0.6862,0.02705,0.1003,0.003162,0.619,0,29,23.45,0.689,1,804,16.729,15.44,0,50,10004,290430.3,92.25,14,12.41
1786081775862,1505,v1,0.0654,0.2699,0.228,1.1069,0.1818,0.01869,0.2177,0.003152,0.627,0,15,77.54,0.86,1,0,12.343,12.343,1,50,10874,229385.8,100.0,13,12.39
1786081778262,1506,v1,0.0402,0.7351,0.4464,2.16,0.39,0.03032,0.1116,0.003283,0.633,0,14,74.34,0.827,1,0,12.905,12.905,1,50,10496,238325.8,100.0,13,12.44
1786081781782,1507,v1,0.0164,0.3763,0.4075,2.2429,0.7313,0.02602,0.1432,0.002904,0.644,0,17,65.87,0.711,1,5088,16.0,8.318,0,50,9729,465344.2,37.38,18,10.84
1786081773758,1508,v1,0.0455,0.7922,0.2867,2.2001,0.3424,0.02933,0.1366,0.003529,0.689,1,30,89.71,0.519,1,0,14.361,14.361,1,50,9271,209688.5,100.0,13,13.08
1786081776736,1509,v1,0.0556,0.4154,0.4367,1.0071,0.4818,0.02441,0.0768,0.001452,0.655,0,5,65.38,0.429,1,2848,4.0,3.429,0,50,10030,371887.5,61.3,15,5.84
1786081779283,1510,v1,0.0155,0.6306,0.2475,1.8056,0.6036,0.03147,0.1235,0.002236,0.66,0,12,21.9,0.371,1,2258,11.0,8.986,1,50,10359,245695.8,100.0,13,29.52
1786081781937,1511,v1,0.048,0.5174,0.322,1.9377,0.2928,0.00806,0.1895,0.001502,0.583,1,35,38.84,0.635,1,1146,19.567,17.142,0,50,9658,344555.8,84.94,16,5.79
1786081774597,1512,v1,0.0382,0.3752,0.4855,0.8115,0.1283,0.01698,0.2149,0.003441,0.694,1,24,56.92,0.862,1,1618,13.458,11.249,1,50,10523,236106.8,100.0,13,12.07
1786081777280,1513,v1,0.0163,0.6701,0.4772,0.923,0.4223,0.00977,0.1584,0.001425,0.659,1,21,24.18,0.609,1,0,13.0,13.0,1,50,11170,255676.8,100.0,13,5.32
1786081780082,1514,v1,0.0634,0.5878,0.3116,2.302,0.7357,0.00363,0.187,0.001989,0.657,0,22,68.21,0.856,1,0,17.836,17.836,0,50,10445,418009.4,87.21,17,7.51
1786081782410,1515,v1,0.0629,0.5382,0.1828,1.1216,0.2474,0.02343,0.2288,0.003187,0.613,0,36,25.46,0.757,1,817,12.299,11.48,1,50,11202,187219.8,100.0,5,11.55
1786081775180,1516,v1,0.0675,0.8093,0.1946,1.79,0.5519,0.02891,0.1917,0.001581,0.642,0,21,86.69,0.674,1,0,10.902,10.902,1,50,10680,191360.2,100.0,8,6.49
1786081777773,1517,v1,0.0304,0.4051,0.1426,0.9032,0.3796,0.02035,0.0794,0.00306,0.593,0,20,55.99,0.742,1,0,15.759,15.759,0,50,11211,303273.3,85.18,15,11.21
1786081780792,1518,v1,0.0706,0.2787,0.3342,2.1641,0.1475,0.00325,0.0623,0.002522,0.633,0,8,83.02,0.532,1,0,7.0,7.0,0,50,10279,450952.4,91.59,16,9.34
1786081783641,1519,v1,0.0674,0.5986,0.4724,0.9965,0.8158,0.01058,0.1678,0.001553,0.704,0,32,51.05,0.716,1,0,18.986,18.986,0,50,10495,327460.5,84.75,16,6.14
1786081775320,1520,v1,0.0545,0.7012,0.3698,1.2578,0.9027,0.03081,0.0717,0.00161,0.586,1,17,75.42,0.315,1,0,6.485,6.485,1,50,10351,92366.8,100.0,3,6.21
1786081778777,1521,v1,0.0272,0.9435,0.2758,2.0844,0.7122,0.01392,0.1871,0.003147,0.604,0,13,53.15,0.605,1,4863,12.0,7.479,0,50,11181,490058.2,48.23,17,11.55
1786081781120,1522,v1,0.0415,0.2811,0.443,1.6185,0.8784,0.01571,0.1303,0.002542,0.71,0,24,26.44,0.906,1,936,14.255,13.033,1,50,9823,225928.6,100.0,14,9.65
1786081783628,1523,v1,0.0272,0.3319,0.294,2.0179,0.1154,0.01812,0.2436,0.002425,0.66,1,11,25.98,0.524,1,7410,10.0,2.572,1,50,10242,275059.2,100.0,14,76.57
1786081775897,1524,v1,0.0725,0.2884,0.3443,1.9619,0.8611,0.00737,0.1645,0.002156,0.665,0,30,76.46,0.756,1,0,14.847,14.847,1,50,10075,233163.3,100.0,13,8.44
1786081778010,1525,v1,0.076,0.3607,0.3471,2.0711,0.9434,0.01774,0.2161,0.00332,0.597,1,36,78.85,0.992,1,0,11.203,11.203,1,50,10410,154645.1,100.0,5,12.03
1786081781073,1526,v1,0.0592,0.5894,0.4375,1.4342,0.2288,0.01922,0.1463,0.003454,0.683,1,32,43.24,0.774,1,1694,20.722,16.89,0,50,9908,407155.8,89.74,16,13.06
1786081783466,1527,v1,0.0121,0.4394,0.1882,2.3334,0.2219,0.00436,0.0534,0.002972,0.586,0,34,61.81,0.765,1,0,14.834,14.834,1,50,10235,237565.1,100.0,13,11.16
1786081785234,1528,v1,0.0278,0.7054,0.1759,0.9864,0.6054,0.02772,0.1761,0.003173,0.671,1,4,67.49,0.449,1,6434,3.0,1.212,1,50,10897,280877.7,100.0,13,64.37
1786081788520,1529,v1,0.0238,0.3178,0.2338,1.7441,0.4398,0.02431,0.1292,0.003477,0.653,0,4,59.4,0.334,1,2430,3.0,2.766,0,50,10456,413082.7,65.67,18,12.59
1786081791189,1530,v1,0.0478,0.906,0.3469,2.3975,0.2084,0.01412,0.2192,0.001223,0.653,0,12,46.93,0.824,1,4719,10.962,6.733,1,50,10174,268373.3,100.0,13,49.29
1786081795573,1531,v1,0.0189,0.8821,0.3898,1.0382,0.9477,0.01147,0.2127,0.002498,0.693,0,18,45.43,0.366,1,1958,17.0,13.96,0,50,10082,591725.9,0.0,-1,9.44
1786081785813,1532,v1,0.0573,0.3376,0.1185,1.4428,0.7571,0.02296,0.223,0.00127,0.647,1,31,98.55,0.472,1,0,18.033,18.033,0,50,10530,313856.4,96.61,16,4.88
1786081788553,1533,v1,0.0365,0.9747,0.1717,1.5508,0.9637,0.00362,0.1569,0.003535,0.62,1,11,92.33,0.868,1,10522,10.0,0.0,1,50,10912,290063.2,100.0,26,99.79
1786081793062,1534,v1,0.0265,0.328,0.3643,0.8966,0.4975,0.02267,0.1793,0.002144,0.581,1,13,45.05,0.682,1,6736,11.987,4.881,0,50,11670,498532.2,40.73,12,7.99
1786081796867,1535,v1,0.06,0.9717,0.4687,1.0438,0.5438,0.01793,0.0875,0.003455,0.692,0,15,69.61,0.918,1,5932,14.0,7.1,0,50,10849,525151.6,37.68,16,13.1
1786081787917,1536,v1,0.0194,0.4795,0.3442,2.2302,0.9878,0.00577,0.142,0.002273,0.631,0,28,87.73,0.696,1,0,0.0,0.0,0,50,10160,596724.0,0.0,-1,8.04
1786081790678,1537,v1,0.0654,0.9598,0.4168,1.3497,0.8687,0.01829,0.1701,0.003035,0.622,1,18,20.21,0.448,1,892,15.206,13.77,0,50,9772,300769.1,100.0,15,11.08
1786081793056,1538,v1,0.0543,0.3024,0.464,2.3858,0.5487,0.02845,0.1814,0.002337,0.591,1,9,68.13,0.345,1,1944,6.454,4.979,1,50,9946,153465.5,100.0,4,27.28
1786081795285,1539,v1,0.0564,0.887,0.4815,1.0184,0.9192,0.0235,0.0904,0.002782,0.682,0,17,58.48,0.317,1,0,11.086,11.086,1,50,10227,187101.1,100.0,8,10.33
1786081786487,1540,v1,0.0607,0.6195,0.3357,1.7418,0.2118,0.02617,0.1511,0.003713,0.708,0,16,65.57,0.602,1,0,13.0,13.0,1,50,10415,232336.9,100.0,13,14.02
1786081790768,1541,v1,0.0787,0.7051,0.2049,2.4521,0.2496,0.02085,0.2114,0.002002,0.655,1,8,59.21,0.905,1,10079,7.0,0.0,0,50,10199,622026.0,0.0,-1,7.47
1786081793466,1542,v1,0.0442,0.3363,0.4672,1.2066,0.1584,0.00995,0.0599,0.001505,0.683,0,34,84.46,0.73,1,0,15.094,15.094,1,50,10765,256571.2,100.0,13,5.88
1786081795890,1543,v1,0.0427,0.7307,0.1712,1.6004,0.5372,0.02727,0.1772,0.003024,0.699,0,4,81.61,0.93,1,0,3.0,3.0,1,50,10595,235156.0,100.0,13,11.21
1786081789194,1544,v1,0.0145,0.8035,0.3311,1.5518,0.3597,0.02774,0.0568,0.003126,0.608,1,8,61.45,0.858,1,10858,7.0,0.0,0,50,11102,631822.1,0.0,-1,11.46
1786081791327,1545,v1,0.0561,0.5229,0.1447,2.429,0.8934,0.024,0.065,0.001371,0.596,1,23,52.6,0.469,1,0,11.614,11.614,1,50,9831,192313.1,100.0,10,5.32
1786081793605,1546,v1,0.0787,0.4217,0.2999,2.098,0.8265,0.01885,0.0695,0.002164,0.586,0,9,61.86,0.843,1,254,5.797,5.65,1,50,10607,102139.4,100.0,4,8.43
1786081796104,1547,v1,0.0144,0.5517,0.4774,1.7831,0.8776,0.02804,0.1576,0.002864,0.584,1,25,49.23,0.499,1,1227,11.493,10.093,1,50,10679,191849.6,100.0,7,19.2
1786081787732,1548,v1,0.044,0.3954,0.4381,2.1365,0.4989,0.01084,0.139,0.002988,0.656,1,23,95.81,0.886,1,0,13.394,13.394,1,50,10786,252106.4,100.0,13,11.25
1786081790367,1549,v1,0.0604,0.8189,0.17,2.2458,0.8642,0.02126,0.2001,0.003237,0.697,0,8,83.09,0.378,1,0,7.0,7.0,1,50,10493,239001.0,100.0,13,11.63
1786081793259,1550,v1,0.0111,0.6491,0.2265,1.5964,0.9554,0.03185,0.1334,0.002948,0.605,1,32,49.8,0.77,1,1630,17.216,14.339,0,50,10546,312320.5,88.08,14,11.05
1786081796407,1551,v1,0.0733,0.4085,0.2373,2.1082,0.3572,0.00638,0.246,0.00262,0.696,0,25,38.82,0.525,1,0,18.906,18.906,0,50,10248,482732.2,84.95,17,9.87
1786081788646,1552,v1,0.0177,0.9553,0.4329,1.3859,0.5302,0.00983,0.1658,0.003326,0.599,1,20,68.91,0.392,1,0,18.197,18.197,0,50,10570,353866.5,83.93,18,12.39
1786081790868,1553,v1,0.0359,0.5865,0.4432,1.9912,0.6172,0.02673,0.2166,0.003327,0.609,0,17,54.78,0.358,1,0,10.281,10.281,1,50,10164,163379.3,100.0,7,12.5
1786081793451,1554,v1,0.0728,0.3584,0.4771,1.6925,0.8216,0.03158,0.1757,0.001461,0.653,1,30,58.99,0.351,1,0,11.274,11.274,1,50,11191,178497.1,100.0,7,5.6
1786081795965,1555,v1,0.0517,0.9202,0.4128,1.2071,0.3768,0.01118,0.2301,0.002497,0.704,1,20,68.71,0.892,1,0,13.0,13.0,1,50,10762,245961.1,100.0,13,9.12
1786081799871,1556,v1,0.0122,0.3345,0.3443,1.0904,0.8807,0.00428,0.1907,0.003148,0.678,1,15,95.29,0.798,1,8519,14.0,1.102,0,50,9657,567597.3,0.0,-1,11.67
1786081802191,1557,v1,0.0252,0.9432,0.1864,0.9824,0.1845,0.01756,0.051,0.001685,0.674,1,20,46.53,0.697,1,0,13.0,13.0,1,50,9702,220221.2,100.0,13,6.56
1786081804587,1558,v1,0.0345,0.8047,0.282,0.9481,0.3917,0.01722,0.0758,0.002774,0.642,0,23,86.98,0.955,1,0,13.199,13.199,1,50,11014,237594.2,100.0,13,11.11
1786081807735,1559,v1,0.052,0.9677,0.4834,1.8958,0.4947,0.01356,0.1887,0.002253,0.675,1,23,83.49,0.479,1,0,18.081,18.081,0,50,9895,410195.8,89.28,17,8.73
1786081800467,1560,v1,0.0229,0.9854,0.1172,1.1555,0.3161,0.01859,0.137,0.002829,0.689,0,8,75.58,0.571,1,0,7.0,7.0,0,50,11023,607315.7,26.39,19,10.72
1786081802805,1561,v1,0.0743,0.4283,0.1341,0.8348,0.4714,0.01527,0.0709,0.001747,0.623,1,36,68.2,0.42,1,0,12.343,12.343,1,50,10351,182297.5,100.0,5,6.41
1786081805724,1562,v1,0.0557,0.8753,0.208,0.8714,0.7517,0.00686,0.2217,0.0016,0.612,1,31,81.1,0.889,1,0,18.239,18.239,0,50,10257,292940.8,94.62,16,6.17
1786081808059,1563,v1,0.0146,0.6985,0.4587,0.8573,0.2132,0.00944,0.0854,0.002376,0.655,0,26,75.6,0.605,1,0,13.699,13.699,1,50,9658,217662.8,100.0,13,8.97
1786081801718,1564,v1,0.0114,0.8165,0.1455,1.6298,0.2301,0.00662,0.0606,0.001965,0.689,1,33,63.03,0.789,1,0,0.0,0.0,0,50,11956,712798.3,0.0,-1,7.44
1786081804326,1565,v1,0.0125,0.4806,0.2631,1.6624,0.5369,0.02532,0.1104,0.00221,0.604,1,9,75.27,0.661,1,8631,8.0,1.018,1,50,10073,273146.8,100.0,24,88.32
1786081807871,1566,v1,0.0331,0.2763,0.3219,1.5992,0.8112,0.01189,0.1895,0.001549,0.686,0,30,39.12,0.995,1,0,10.331,10.331,0,50,9926,469910.8,47.97,19,6.44
1786081810687,1567,v1,0.0701,0.4962,0.1278,1.7544,0.8769,0.01165,0.1007,0.002972,0.671,1,36,42.37,0.388,1,958,14.719,13.313,1,50,11004,249412.3,100.0,13,10.75
1786081800242,1568,v1,0.021,0.4893,0.4924,1.9286,0.2391,0.02988,0.1117,0.001778,0.626,1,15,23.88,0.438,1,0,12.143,12.143,1,50,11828,236413.6,100.0,11,7.17
1786081804342,1569,v1,0.0155,0.4575,0.2096,1.2105,0.1149,0.0114,0.1852,0.003726,0.684,0,32,34.15,0.728,1,0,0.0,0.0,0,50,10570,610443.1,0.0,-1,14.39
1786081806696,1570,v1,0.064,0.2811,0.2431,1.248,0.5804,0.03076,0.1816,0.002901,0.649,1,22,76.25,0.484,1,0,15.843,15.843,0,50,9877,277208.0,100.0,15,11.09
1786081809619,1571,v1,0.0405,0.5776,0.1635,0.871,0.2045,0.01257,0.2095,0.001339,0.59,0,4,88.97,0.986,1,0,3.0,3.0,0,50,9799,291161.8,90.0,15,4.96
1786081800132,1572,v1,0.0587,0.8277,0.3898,1.0917,0.8252,0.02674,0.069,0.003737,0.669,1,32,62.75,0.701,1,0,11.708,11.708,1,50,9842,169398.6,100.0,7,13.87
1786081804464,1573,v1,0.0272,0.2217,0.2781,1.9275,0.8153,0.00312,0.241,0.001375,0.682,1,12,33.77,0.419,1,6125,11.0,4.511,0,50,10540,610347.8,0.0,-1,5.5
1786081808683,1574,v1,0.0205,0.2848,0.3336,1.8711,0.5339,0.02941,0.1997,0.003152,0.639,1,14,97.7,0.893,1,9794,13.0,0.0,0,50,10190,573595.2,0.0,-1,11.84
1786081810961,1575,v1,0.0553,0.4368,0.3196,1.9634,0.3537,0.00831,0.2346,0.001751,0.63,0,19,44.27,0.452,1,0,13.0,13.0,1,50,10401,237091.4,100.0,13,7.06
1786081800931,1576,v1,0.0586,0.5946,0.1337,2.0843,0.8696,0.00412,0.1669,0.002937,0.664,0,27,73.66,0.901,1,0,13.869,13.869,1,50,9548,212595.8,100.0,13,11.45
1786081803304,1577,v1,0.0241,0.9068,0.1493,1.3722,0.3635,0.01212,0.1021,0.003025,0.648,0,19,69.44,0.565,1,0,13.0,13.0,1,50,9888,224026.4,100.0,13,11.7
1786081805903,1578,v1,0.0581,0.8146,0.4418,2.422,0.463,0.03079,0.1162,0.001372,0.662,1,22,75.0,0.563,1,0,13.0,13.0,1,50,10400,240305.6,100.0,13,5.19
1786081808392,1579,v1,0.0581,0.2511,0.2821,0.8459,0.5051,0.02313,0.1036,0.002555,0.671,0,27,66.01,0.439,1,0,13.855,13.855,1,50,10030,232455.1,100.0,13,10.2
1786081801550,1580,v1,0.0282,0.6383,0.1306,1.0522,0.4696,0.00637,0.065,0.001607,0.691,0,32,41.88,0.907,1,0,14.901,14.901,1,50,10164,242840.1,100.0,13,6.15
1786081804226,1581,v1,0.0713,0.8161,0.2595,0.9212,0.6025,0.03021,0.2229,0.002673,0.687,1,27,96.01,0.788,1,0,17.043,17.043,0,50,9785,286553.9,88.67,15,10.48
1786081806419,1582,v1,0.0242,0.5088,0.2403,1.6776,0.8408,0.02561,0.2105,0.001954,0.619,0,5,49.35,0.5,1,3177,4.0,3.327,1,50,9524,229063.1,100.0,13,38.86
1786081810161,1583,v1,0.0651,0.4203,0.4939,0.9347,0.7834,0.02188,0.0917,0.002149,0.632,0,12,75.88,0.491,1,3141,11.0,8.286,0,50,10667,394365.5,69.34,15,8.45
1786081811063,1584,v1,0.0146,0.966,0.3849,1.9344,0.4702,0.02888,0.2482,0.002667,0.591,1,9,46.29,0.55,1,4143,7.924,5.004,1,50,11556,223575.4,100.0,8,43.16
1786081813506,1585,v1,0.0679,0.7539,0.3438,0.9357,0.4051,0.02163,0.0868,0.002509,0.67,1,27,86.77,0.504,1,0,17.333,17.333,0,50,11131,310867.9,95.45,15,10.02
1786081815744,1586,v1,0.0743,0.4273,0.4088,1.5238,0.9585,0.01268,0.1444,0.003278,0.588,1,26,69.35,0.761,1,0,16.531,16.531,0,50,10013,279507.8,99.9,15,12.5
1786081819505,1587,v1,0.0211,0.6138,0.462,1.2984,0.4744,0.00589,0.1575,0.00194,0.619,0,16,74.98,0.648,1,0,15.0,15.0,0,50,11952,616703.8,40.44,19,7.44
1786081811481,1588,v1,0.0187,0.5505,0.1813,1.8523,0.4491,0.02277,0.1986,0.002666,0.613,0,11,73.61,0.663,1,3973,10.0,6.858,1,50,10387,247222.9,100.0,13,45.49
1786081813921,1589,v1,0.0149,0.35,0.1186,2.3116,0.3531,0.01129,0.1537,0.003252,0.644,1,7,95.57,0.746,1,11152,6.0,0.0,1,50,11366,320571.6,0.0,-1,100.0
1786081815989,1590,v1,0.0212,0.9192,0.1184,1.8333,0.1986,0.01861,0.1906,0.003431,0.599,0,26,61.64,0.614,1,0,13.629,13.629,1,50,10857,243560.3,100.0,13,13.44
1786081819187,1591,v1,0.0163,0.6538,0.1627,1.6989,0.3609,0.00625,0.1376,0.002196,0.707,0,36,88.18,0.454,1,0,0.0,0.0,0,50,9432,560613.5,0.0,-1,8.48
1786081811991,1592,v1,0.0399,0.3726,0.2359,1.4163,0.4509,0.0233,0.1433,0.001374,0.69,0,16,36.61,0.33,1,0,13.577,13.577,1,50,10020,227015.8,100.0,13,5.17
1786081813894,1593,v1,0.0393,0.6602,0.4052,2.0605,0.8336,0.01255,0.0998,0.002203,0.682,0,33,65.13,0.535,1,0,14.368,14.368,1,50,10224,226336.5,100.0,13,8.3
1786081816089,1594,v1,0.0313,0.7101,0.2211,2.0044,0.8761,0.02151,0.2494,0.001447,0.598,0,36,64.97,0.8,1,0,18.609,18.609,0,50,9955,291237.7,90.43,15,5.99
1786081818307,1595,v1,0.0147,0.8528,0.3072,0.8923,0.6376,0.02992,0.0516,0.002036,0.633,1,33,42.04,0.835,1,1455,17.8,14.999,0,50,9786,294002.4,87.36,14,7.88
1786081812373,1596,v1,0.0762,0.6271,0.2207,1.3405,0.4001,0.02911,0.2273,0.001263,0.6,1,25,39.62,0.987,1,1770,6.219,5.207,1,50,10968,83384.3,100.0,3,4.43
1786081814467,1597,v1,0.0715,0.8061,0.3722,1.2635,0.3833,0.02967,0.2086,0.001371,0.661,0,22,24.8,0.321,1,298,15.763,15.341,0,50,9884,286953.5,98.19,15,5.57
1786081816504,1598,v1,0.0289,0.2934,0.4745,2.1687,0.5183,0.00741,0.1376,0.002254,0.607,1,22,44.65,0.709,1,1906,13.148,10.619,1,50,10411,233262.0,100.0,13,26.35
1786081819634,1599,v1,0.0293,0.4345,0.4457,1.2452,0.6476,0.00493,0.085,0.001443,0.654,0,29,22.94,0.467,1,205,9.632,9.271,0,50,10694,517025.6,45.11,19,5.87
1786081827061,1600,v1,0.0331,0.9306,0.3402,2.1984,0.9872,0.03135,0.2333,0.002532,0.681,1,30,85.28,0.872,1,0,14.37,14.37,1,50,11005,243570.5,100.0,13,9.97
1786081830062,1601,v1,0.0267,0.3705,0.3777,1.3968,0.5948,0.02314,0.2187,0.002346,0.674,1,30,82.1,0.786,1,0,19.61,19.61,0,50,11061,376956.2,92.72,18,8.72
1786081833309,1602,v1,0.0609,0.6508,0.2717,0.9187,0.2536,0.01739,0.0964,0.00316,0.622,0,14,27.7,0.47,1,2284,13.0,10.41,0,50,10112,370135.7,71.11,15,12.32
1786081836387,1603,v1,0.0366,0.6834,0.1257,1.3025,0.6598,0.02881,0.1312,0.002531,0.669,1,36,66.28,0.321,1,766,19.49,18.041,0,50,11210,360729.0,88.54,16,9.63
1786081828158,1604,v1,0.07,0.6544,0.2047,1.6445,0.7851,0.01953,0.0639,0.002978,0.633,0,16,77.93,0.952,1,2861,15.0,11.228,0,50,10344,367790.3,60.65,15,11.7
1786081831552,1605,v1,0.0271,0.6675,0.2937,1.6938,0.9531,0.02147,0.1943,0.001925,0.611,0,21,27.35,0.81,1,0,16.76,16.76,0,50,12120,361549.1,85.83,16,7.39
1786081834206,1606,v1,0.0137,0.2549,0.4717,1.6977,0.6817,0.02304,0.1667,0.003422,0.669,1,8,65.41,0.792,1,10434,7.0,0.165,1,50,10951,299841.5,100.0,26,97.97
1786081836901,1607,v1,0.0723,0.7557,0.4344,2.2262,0.2642,0.03199,0.1342,0.001838,0.702,1,9,27.87,0.502,1,5964,8.0,3.208,1,50,10115,265004.2,100.0,13,23.64
1786081828243,1608,v1,0.0187,0.9622,0.4175,2.1131,0.9617,0.02461,0.2426,0.00258,0.628,1,10,83.81,0.906,1,9659,9.0,0.0,1,50,9903,277941.0,0.0,-1,100.0
1786081830613,1609,v1,0.0452,0.851,0.2304,2.4486,0.2134,0.01883,0.2483,0.001269,0.597,0,25,56.95,0.344,1,0,11.836,11.836,1,50,10657,205851.8,100.0,7,5.03
1786081834425,1610,v1,0.0294,0.2805,0.2437,1.0506,0.4508,0.00392,0.0693,0.003508,0.702,1,36,87.79,0.473,1,0,0.0,0.0,0,50,10026,591854.8,0.0,-1,13.59
1786081837316,1611,v1,0.0441,0.9147,0.371,1.4719,0.5251,0.029,0.1353,0.003236,0.701,0,21,76.94,0.523,1,0,17.207,17.207,0,50,9832,303028.1,95.87,17,12.64
1786081829859,1612,v1,0.018,0.6788,0.1253,2.1028,0.1504,0.00631,0.2087,0.003212,0.638,1,19,26.75,0.882,1,8614,18.0,0.0,0,50,9136,547709.0,0.0,-1,12.48
1786081832257,1613,v1,0.0769,0.8108,0.1042,0.8895,0.1094,0.02638,0.0673,0.00373,0.622,1,28,87.19,0.971,1,0,13.076,13.076,1,50,10083,205476.8,100.0,13,13.89
1786081835231,1614,v1,0.0119,0.2558,0.1812,1.3065,0.1046,0.0079,0.1574,0.002717,0.671,0,15,27.55,0.582,1,3155,14.0,10.351,1,50,10772,277974.4,100.0,17,37.99
1786081839709,1615,v1,0.0171,0.3057,0.4484,2.4632,0.3361,0.00439,0.241,0.003679,0.631,0,7,29.05,0.608,1,4599,6.0,4.264,0,50,10837,623754.9,0.0,-1,13.87
1786081829366,1616,v1,0.0435,0.4663,0.4958,1.0949,0.9361,0.02835,0.058,0.003155,0.59,0,29,44.89,0.558,1,0,13.462,13.462,0,50,10061,199742.0,87.01,10,11.62
1786081831652,1617,v1,0.0294,0.214,0.3391,2.3032,0.6018,0.02564,0.1551,0.003277,0.63,0,29,31.16,0.519,1,0,13.915,13.915,1,50,10325,219430.4,100.0,13,12.31
1786081836082,1618,v1,0.0161,0.3137,0.2521,1.8845,0.604,0.02161,0.1325,0.002019,0.704,1,31,89.88,0.98,1,0,0.0,0.0,0,50,10574,625520.5,0.0,-1,7.59
1786081838093,1619,v1,0.0435,0.765,0.3223,1.1941,0.705,0.02191,0.1424,0.003736,0.584,0,30,20.34,0.631,1,0,10.147,10.147,1,50,9744,132693.0,100.0,5,13.86
1786081830215,1620,v1,0.0597,0.3832,0.2691,1.4804,0.9294,0.00796,0.0762,0.003079,0.693,0,8,70.4,0.861,1,0,7.0,7.0,0,50,10083,333026.2,84.05,18,12.02
1786081832467,1621,v1,0.0341,0.8512,0.4573,2.0556,0.9317,0.02946,0.0614,0.003307,0.591,0,31,43.83,0.411,1,0,11.465,11.465,1,50,9877,160204.4,100.0,7,12.0
1786081834984,1622,v1,0.0692,0.9716,0.341,0.9452,0.1582,0.00647,0.1922,0.00201,0.645,0,26,30.18,0.721,1,827,13.678,12.74,1,50,10670,234982.7,100.0,13,7.61
1786081838665,1623,v1,0.0381,0.8786,0.2945,2.291,0.4509,0.02324,0.1764,0.001525,0.624,1,10,27.71,0.343,1,4801,9.0,4.577,0,50,9873,448409.0,43.5,16,6.1
1786081830424,1624,v1,0.0401,0.3839,0.3738,2.4298,0.7392,0.02865,0.109,0.001605,0.617,1,27,94.69,0.439,1,0,12.027,12.027,1,50,11249,205572.1,100.0,9,5.88
1786081834187,1625,v1,0.0548,0.3996,0.4996,1.9486,0.5919,0.03129,0.0694,0.003178,0.667,1,12,98.34,0.378,1,5201,11.0,5.334,0,50,10461,469389.4,44.06,15,12.07
1786081838373,1626,v1,0.0325,0.6583,0.1451,1.7804,0.8355,0.01574,0.0665,0.001492,0.677,0,26,55.34,0.707,1,0,12.407,12.407,0,50,11460,519869.6,61.14,19,6.01
1786081842256,1627,v1,0.0772,0.9295,0.1403,1.8384,0.2435,0.01318,0.081,0.00306,0.61,1,11,49.11,0.799,1,9462,10.0,0.0,0,50,9736,567676.1,0.0,-1,10.99
1786081839342,1628,v1,0.048,0.8784,0.3239,1.68,0.8139,0.02907,0.191,0.003307,0.675,0,30,87.23,0.942,1,0,13.486,13.486,1,50,10462,214990.8,100.0,11,11.86
1786081842152,1629,v1,0.0498,0.2222,0.23,2.0676,0.8754,0.0257,0.0727,0.002764,0.585,0,8,50.61,0.98,1,3257,6.314,4.802,1,50,10997,177437.9,100.0,6,37.36
1786081844278,1630,v1,0.0446,0.9673,0.4787,1.0707,0.2799,0.02197,0.108,0.003073,0.619,1,33,41.46,0.633,1,0,10.461,10.461,1,50,9955,145161.4,100.0,5,11.39
1786081846916,1631,v1,0.0675,0.8607,0.1868,0.89,0.3857,0.02485,0.2037,0.001337,0.644,0,27,34.48,0.475,1,0,13.841,13.841,1,50,10461,245579.5,100.0,13,4.89
1786081840145,1632,v1,0.0373,0.3776,0.2665,1.9523,0.6572,0.025,0.1076,0.003666,0.605,0,25,64.83,0.544,1,0,16.501,16.501,0,50,9446,261194.2,83.88,15,14.05
1786081842812,1633,v1,0.0254,0.7796,0.3853,1.7733,0.1511,0.02266,0.1936,0.001419,0.629,0,5,28.72,0.772,1,4640,4.0,3.096,1,50,10337,253000.5,100.0,13,48.34
1786081846681,1634,v1,0.0225,0.2726,0.241,1.6863,0.7631,0.02773,0.085,0.001822,0.632,1,7,70.55,0.474,1,6262,6.0,2.181,0,50,9941,480337.7,30.94,16,6.96
1786081849165,1635,v1,0.0398,0.7229,0.1345,0.9364,0.4702,0.01001,0.2186,0.001417,0.624,0,29,54.77,0.457,1,0,14.194,14.194,1,50,9882,226292.9,100.0,13,5.44
1786081842779,1636,v1,0.0297,0.6896,0.2728,2.2682,0.2173,0.02312,0.1458,0.003667,0.692,1,26,94.13,0.511,1,0,10.392,10.392,0,50,12416,607027.2,48.31,18,14.27
1786081845391,1637,v1,0.0518,0.4866,0.2888,1.8088,0.5404,0.00511,0.1364,0.00171,0.629,0,29,31.11,0.59,1,0,14.183,14.183,1,50,11631,255524.4,100.0,13,6.62
1786081848018,1638,v1,0.0775,0.6569,0.1799,1.0813,0.7783,0.02232,0.1774,0.002586,0.615,1,31,99.38,0.562,1,0,17.279,17.279,0,50,9732,272987.5,98.64,15,9.92
1786081850445,1639,v1,0.0127,0.8944,0.4818,1.4833,0.7088,0.03095,0.2162,0.003742,0.654,0,27,57.77,0.545,1,0,13.864,13.864,1,50,9312,205809.3,100.0,13,14.11
1786081842485,1640,v1,0.0417,0.9666,0.2348,1.3191,0.4322,0.02314,0.2426,0.001836,0.64,1,18,52.8,0.722,1,1803,16.068,13.201,0,50,10396,381021.4,93.15,16,7.22
1786081845072,1641,v1,0.0477,0.5473,0.4333,1.9251,0.8049,0.01671,0.2442,0.001527,0.628,1,24,49.01,0.507,1,999,13.361,11.992,1,50,10028,236868.5,100.0,13,6.16
1786081847579,1642,v1,0.0508,0.246,0.4735,0.8182,0.1549,0.00511,0.2196,0.002324,0.615,0,29,40.4,0.352,1,0,14.2,14.2,1,50,9841,223865.8,100.0,13,8.93
1786081849778,1643,v1,0.0204,0.5021,0.1955,1.0527,0.1073,0.0055,0.1245,0.002135,0.622,1,24,83.22,0.433,1,0,13.352,13.352,1,50,9455,215943.2,100.0,13,8.8
1786081843632,1644,v1,0.0125,0.7299,0.1114,1.5936,0.8101,0.00616,0.0893,0.001924,0.701,0,23,96.62,0.329,1,0,0.0,0.0,0,50,9588,571527.1,0.0,-1,7.29
1786081846351,1645,v1,0.0415,0.5869,0.4879,2.007,0.9767,0.00857,0.1387,0.001592,0.66,1,17,66.07,0.367,1,0,13.0,13.0,1,50,10650,241624.4,100.0,13,6.09
1786081849016,1646,v1,0.0704,0.5523,0.4478,1.1191,0.1069,0.02727,0.1983,0.003492,0.659,0,7,68.7,0.47,1,0,5.955,5.955,1,50,11280,217288.4,100.0,7,13.29
1786081853943,1647,v1,0.0745,0.3494,0.3603,1.5882,0.8412,0.02206,0.0888,0.001306,0.683,1,11,22.51,0.864,1,10366,10.0,0.0,0,50,10505,637061.0,0.0,-1,5.1
1786081842821,1648,v1,0.0127,0.9913,0.4858,1.039,0.325,0.03176,0.0832,0.003672,0.647,0,29,90.47,0.965,1,0,13.838,13.838,1,50,10321,227629.8,100.0,12,13.57
1786081845367,1649,v1,0.068,0.7379,0.1076,1.042,0.8122,0.01036,0.2482,0.003169,0.68,0,27,60.48,0.419,1,0,18.299,18.299,0,50,9936,303243.0,83.99,16,11.7
1786081848196,1650,v1,0.0482,0.8603,0.1272,2.305,0.2252,0.02895,0.2153,0.00224,0.682,0,36,90.75,0.546,1,0,14.71,14.71,1,50,11185,250625.2,100.0,13,8.78
1786081852606,1651,v1,0.0683,0.9752,0.3935,2.1017,0.8993,0.01203,0.1921,0.00142,0.636,1,15,24.13,0.523,1,6209,14.0,5.328,0,50,10224,545613.2,37.1,16,5.47
1786081845227,1652,v1,0.0397,0.7035,0.4924,2.0041,0.2862,0.01372,0.051,0.001738,0.67,0,25,38.07,0.823,1,0,13.533,13.533,1,50,9798,221391.7,100.0,13,6.59
1786081846934,1653,v1,0.0542,0.7773,0.3522,1.0372,0.2768,0.02827,0.2349,0.003215,0.583,0,13,36.89,0.696,1,0,4.894,4.894,1,50,9196,53532.6,100.0,3,12.02
1786081850590,1654,v1,0.0227,0.6861,0.4476,1.2025,0.9267,0.0171,0.1212,0.001617,0.622,0,15,52.15,0.518,1,3856,14.0,9.464,0,50,10430,437120.9,52.44,16,6.43
1786081853518,1655,v1,0.0218,0.7387,0.3506,2.0254,0.9088,0.02495,0.1686,0.002764,0.597,0,13,86.04,0.325,1,0,11.283,11.283,1,50,10627,216484.0,100.0,10,10.54
1786081850404,1656,v1,0.0787,0.2285,0.269,1.1281,0.8082,0.02995,0.1948,0.001443,0.602,1,22,28.86,0.727,1,1741,14.891,12.347,0,50,10376,326531.4,96.63,14,5.21
1786081853417,1657,v1,0.0752,0.2499,0.4428,1.6389,0.5398,0.0303,0.1076,0.003273,0.666,0,33,74.25,0.598,1,0,17.62,17.62,0,50,9860,263175.8,97.99,15,12.31
1786081856418,1658,v1,0.077,0.238,0.3037,1.183,0.2546,0.0194,0.1966,0.00199,0.647,1,16,21.52,0.532,1,669,15.0,14.018,0,50,10500,365583.0,89.37,15,7.55
1786081859255,1659,v1,0.0708,0.4699,0.4148,2.2892,0.5624,0.02764,0.1354,0.001495,0.641,1,26,99.23,0.862,1,0,16.486,16.486,0,50,10884,308627.5,97.74,15,5.66
1786081854263,1660,v1,0.0276,0.4224,0.2246,2.0117,0.5893,0.00747,0.1348,0.002231,0.634,0,30,35.18,0.996,1,143,2.53,2.202,0,50,10063,557640.6,11.48,-1,8.78
1786081856937,1661,v1,0.0369,0.7172,0.436,1.1295,0.6101,0.01699,0.0767,0.002729,0.644,0,24,33.42,0.921,1,0,17.323,17.323,0,50,10524,312800.9,87.36,16,10.13
1786081860084,1662,v1,0.0687,0.2304,0.2876,2.2319,0.5713,0.01541,0.1139,0.001254,0.648,1,4,64.0,0.602,1,8583,3.0,0.704,1,50,11266,300949.7,100.0,13,77.31
1786081862403,1663,v1,0.0699,0.9878,0.1261,1.8241,0.9089,0.01342,0.2042,0.001594,0.666,1,25,31.02,0.827,1,1544,13.454,11.361,1,50,10187,230806.9,100.0,13,5.88
1786081853207,1664,v1,0.0619,0.9914,0.4918,2.2103,0.7279,0.02502,0.1315,0.001632,0.661,0,27,75.84,0.944,1,0,11.224,11.224,1,50,10256,179140.3,100.0,8,5.96
1786081857565,1665,v1,0.0208,0.9333,0.3764,1.875,0.1561,0.01976,0.183,0.001451,0.636,1,4,34.06,0.472,1,7310,3.0,1.0,0,50,11006,586293.1,29.41,18,5.62
1786081861151,1666,v1,0.0111,0.9853,0.3022,1.4534,0.8445,0.02967,0.1018,0.001904,0.661,0,5,56.64,0.638,1,4847,4.0,3.012,0,50,9894,474767.8,34.8,18,6.98
1786081864229,1667,v1,0.0245,0.3165,0.4998,2.2856,0.2832,0.02777,0.2121,0.002371,0.624,1,4,31.67,0.884,1,9971,3.0,0.0,1,50,10046,271897.5,0.0,-1,100.0
1786081854616,1668,v1,0.064,0.3302,0.2812,2.0264,0.2206,0.01129,0.136,0.002463,0.593,0,10,39.28,0.98,1,6821,8.993,4.759,1,50,11529,284362.5,100.0,13,23.97
1786081858706,1669,v1,0.0172,0.7013,0.1477,0.8012,0.8867,0.01395,0.2375,0.003543,0.697,0,32,57.53,0.77,1,0,0.064,0.064,0,50,10391,590067.9,0.3,-1,13.06
1786081861356,1670,v1,0.0156,0.9434,0.4651,1.7754,0.4721,0.02062,0.1111,0.00236,0.639,1,34,94.19,0.654,1,0,14.367,14.367,1,50,10737,236370.9,100.0,13,9.28
1786081864449,1671,v1,0.0618,0.7067,0.4082,1.115,0.5067,0.01793,0.0792,0.002239,0.654,1,9,71.5,0.464,1,7290,8.0,2.715,1,50,11236,271574.1,100.0,13,9.03
1786081856278,1672,v1,0.0573,0.6361,0.4233,2.4421,0.5252,0.00593,0.1172,0.003714,0.674,1,12,55.63,0.353,1,4522,11.0,6.086,1,50,10532,259081.6,100.0,13,52.41
1786081858355,1673,v1,0.0799,0.2336,0.3254,1.6564,0.1376,0.00463,0.0903,0.003203,0.67,1,28,97.65,0.3,1,0,14.994,14.994,1,50,8764,209787.5,100.0,14,12.09
1786081860424,1674,v1,0.0556,0.9294,0.2314,2.122,0.9661,0.02294,0.2379,0.003234,0.586,1,28,82.9,0.729,1,0,10.102,10.102,1,50,10277,149949.6,100.0,8,12.11
1786081862809,1675,v1,0.0133,0.4943,0.3819,1.8202,0.7758,0.0215,0.0694,0.002098,0.694,0,15,40.53,0.374,1,0,13.642,13.642,1,50,10361,239759.8,100.0,13,8.43
1786081856594,1676,v1,0.0219,0.7689,0.2958,2.1163,0.1545,0.02658,0.1451,0.003581,0.59,1,30,89.41,0.565,1,0,17.259,17.259,0,50,9405,256348.9,84.75,15,13.42
1786081859027,1677,v1,0.0263,0.9083,0.3403,2.081,0.6289,0.01215,0.2281,0.00236,0.645,0,21,78.18,0.348,1,0,13.0,13.0,1,50,10072,226489.2,100.0,13,8.24
1786081861481,1678,v1,0.058,0.3979,0.3744,1.682,0.1841,0.01916,0.2418,0.001319,0.584,0,31,39.9,0.533,1,0,11.954,11.954,1,50,10997,186481.9,100.0,6,5.08
1786081864013,1679,v1,0.0239,0.677,0.113,1.3581,0.9816,0.0077,0.0532,0.001695,0.634,1,36,54.28,0.439,1,957,14.73,13.182,1,50,9616,217569.4,100.0,13,6.7
1786081858710,1680,v1,0.021,0.565,0.4725,1.152,0.9096,0.00482,0.0667,0.002668,0.686,0,6,71.62,0.364,1,0,5.0,5.0,0,50,10158,614424.5,0.0,-1,9.81
1786081861364,1681,v1,0.0118,0.8094,0.4277,2.3084,0.2169,0.01752,0.1987,0.002153,0.691,1,6,55.57,0.532,1,6942,5.0,1.517,1,50,10079,271852.1,100.0,13,71.96
1786081865573,1682,v1,0.0462,0.6898,0.4177,1.6576,0.2026,0.00987,0.2286,0.003761,0.593,1,12,52.87,0.715,1,9838,11.0,0.326,0,50,10594,608315.0,2.66,-1,13.71
1786081867947,1683,v1,0.0496,0.5292,0.3792,2.2589,0.2964,0.00602,0.1492,0.001971,0.63,0,27,55.74,0.804,1,0,13.864,13.864,1,50,11196,244330.3,100.0,13,7.86
1786081862467,1684,v1,0.0581,0.9037,0.3698,1.126,0.5081,0.01063,0.2176,0.00299,0.703,1,7,79.55,0.623,1,6868,6.0,1.469,1,50,9264,247695.5,100.0,13,16.5
1786081866139,1685,v1,0.0554,0.9118,0.3043,0.8078,0.7593,0.03105,0.2106,0.003474,0.664,1,8,55.41,0.381,1,4460,7.0,4.062,0,50,10876,447256.0,54.23,15,12.89
1786081868299,1686,v1,0.0536,0.8909,0.1512,1.0076,0.6874,0.01929,0.1957,0.002575,0.703,1,14,64.31,0.477,1,0,12.949,12.949,1,50,10640,238084.3,100.0,13,9.99
1786081870910,1687,v1,0.0329,0.7791,0.1483,0.8667,0.8076,0.02148,0.0826,0.001717,0.621,1,23,61.35,0.653,1,1325,16.68,14.515,0,50,10496,351318.8,93.94,15,6.55
1786081865526,1688,v1,0.0776,0.7909,0.4637,2.0457,0.6862,0.01063,0.176,0.001839,0.618,1,27,78.26,0.488,1,0,17.264,17.264,0,50,9567,280722.0,93.7,15,7.07
1786081867969,1689,v1,0.0698,0.7592,0.3056,2.1772,0.426,0.00427,0.2387,0.001625,0.605,1,18,85.6,0.327,1,0,12.943,12.943,1,50,11188,255233.1,100.0,13,6.02
1786081869992,1690,v1,0.0696,0.2141,0.2793,2.4177,0.2378,0.01083,0.0829,0.002675,0.681,0,19,95.69,0.302,1,0,13.858,13.858,1,50,10138,233725.2,100.0,14,10.35
1786081871986,1691,v1,0.0257,0.4709,0.2826,1.5488,0.2406,0.01061,0.0736,0.003395,0.6,1,33,64.11,0.74,1,0,14.368,14.368,1,50,11061,246127.0,100.0,13,12.55
1786081866458,1692,v1,0.0455,0.9593,0.2684,1.0532,0.5216,0.02778,0.1886,0.001319,0.65,1,27,31.8,0.751,1,1633,17.071,14.187,0,50,9916,326974.4,88.99,15,5.08
1786081869068,1693,v1,0.0617,0.816,0.1625,2.3731,0.5461,0.02298,0.0642,0.003553,0.663,0,32,20.31,0.612,1,507,18.77,17.899,0,50,10805,346639.3,89.99,16,13.4
1786081872230,1694,v1,0.0137,0.9001,0.4573,2.38,0.9814,0.02612,0.136,0.003282,0.702,0,31,44.77,0.663,1,0,0.0,0.0,0,50,10329,610067.4,0.0,-1,11.7
1786081874603,1695,v1,0.0426,0.883,0.1106,1.836,0.8772,0.00759,0.1825,0.002258,0.713,0,21,81.11,0.465,1,0,1.731,1.731,0,50,10518,596669.8,9.11,-1,8.7
1786081866390,1696,v1,0.0654,0.624,0.412,1.0291,0.4359,0.02186,0.1415,0.00314,0.592,1,28,63.58,0.602,1,1213,6.54,5.758,1,50,10784,73087.4,100.0,4,11.82
1786081869794,1697,v1,0.0207,0.2258,0.2936,2.1017,0.7025,0.01372,0.1358,0.002677,0.655,0,28,61.11,0.328,1,0,0.0,0.0,0,50,10319,624814.1,0.0,-1,10.61
1786081872700,1698,v1,0.0441,0.526,0.3433,2.1517,0.5701,0.00564,0.1415,0.003056,0.645,0,5,50.27,0.693,1,5768,4.0,2.91,0,50,10743,565199.1,37.56,18,11.58
1786081875006,1699,v1,0.0285,0.7249,0.4562,2.4338,0.1782,0.02001,0.0897,0.003,0.719,0,31,35.64,0.332,1,25,4.078,4.021,0,50,10542,595698.4,18.27,-1,11.1
1786081882273,1700,v1,0.0257,0.9386,0.3695,1.9746,0.3254,0.03154,0.1869,0.001881,0.586,1,4,73.6,0.536,1,7167,3.0,0.861,1,50,10113,247613.3,100.0,13,73.3
1786081885698,1701,v1,0.0402,0.3714,0.2866,1.1833,0.2669,0.01253,0.0655,0.002789,0.71,1,23,24.4,0.815,1,1259,12.154,9.508,0,50,9633,513750.0,58.56,18,10.83
1786081888045,1702,v1,0.078,0.4436,0.3809,1.2588,0.7169,0.02387,0.1879,0.002764,0.684,1,30,91.61,0.799,1,0,12.189,12.189,1,50,10026,179494.9,100.0,8,10.75
1786081891866,1703,v1,0.0652,0.5535,0.4321,1.3067,0.1522,0.01064,0.1138,0.003474,0.62,1,16,59.45,0.515,1,4613,15.0,8.638,0,50,11518,549541.5,51.62,15,13.54
1786081883303,1704,v1,0.032,0.2218,0.1809,1.7937,0.6732,0.01589,0.0646,0.001925,0.683,1,33,63.42,0.75,1,0,16.116,16.116,1,50,11321,280328.2,100.0,14,7.27
1786081885376,1705,v1,0.0563,0.807,0.4717,1.0515,0.8624,0.02615,0.1962,0.002159,0.6,1,15,23.5,0.777,1,0,8.232,8.232,1,50,10421,132240.6,100.0,4,8.89
1786081888200,1706,v1,0.0712,0.5889,0.2001,1.825,0.1748,0.02411,0.0529,0.002439,0.653,0,7,80.76,0.498,1,0,6.0,6.0,0,50,10123,369686.3,90.34,15,9.34
1786081890493,1707,v1,0.0713,0.5196,0.1405,2.2314,0.8444,0.03069,0.2047,0.003279,0.618,1,16,66.28,0.9,1,0,8.929,8.929,1,50,10796,150544.9,100.0,5,12.51
1786081883699,1708,v1,0.0648,0.8791,0.4337,2.4643,0.6968,0.02632,0.1545,0.002248,0.652,1,24,27.23,0.448,1,856,16.522,15.046,0,50,10023,322537.4,87.32,15,9.51
1786081887315,1709,v1,0.0373,0.3373,0.1776,1.9869,0.1545,0.02357,0.0561,0.00188,0.674,0,19,26.8,0.61,1,1027,17.661,16.063,0,50,10485,485650.9,75.58,17,7.39
1786081890576,1710,v1,0.0374,0.7123,0.2618,1.4119,0.1527,0.00676,0.1279,0.002254,0.592,1,24,84.95,0.359,1,0,17.897,17.897,0,50,10618,451105.1,92.92,16,8.78
1786081893654,1711,v1,0.0384,0.6656,0.148,2.4055,0.3131,0.01818,0.0597,0.001408,0.595,1,25,77.04,0.489,1,0,17.524,17.524,0,50,10952,345141.0,87.18,16,5.49
1786081884103,1712,v1,0.0389,0.9984,0.2308,1.2681,0.1484,0.02581,0.1501,0.001292,0.653,1,5,23.28,0.677,1,9523,4.0,0.257,1,50,10229,289733.1,100.0,25,93.79
1786081887813,1713,v1,0.0437,0.2774,0.3779,2.024,0.5733,0.01555,0.2205,0.001941,0.706,0,28,33.0,0.386,1,0,14.916,14.916,0,50,11105,506609.1,64.88,18,7.13
1786081890161,1714,v1,0.0748,0.6339,0.4135,1.6204,0.4163,0.01352,0.0623,0.002573,0.584,0,24,43.32,0.892,1,0,9.766,9.766,1,50,10925,162127.9,100.0,4,9.62
1786081894679,1715,v1,0.0231,0.2079,0.2413,2.2664,0.3421,0.00541,0.1444,0.002749,0.628,1,15,33.92,0.344,1,4149,14.0,8.322,0,50,10648,609380.4,0.0,-1,10.5
1786081885148,1716,v1,0.0574,0.5537,0.2539,1.3327,0.8438,0.01519,0.1554,0.001524,0.646,1,9,31.85,0.87,1,10236,8.0,0.0,1,50,10375,286048.7,100.0,19,13.04
1786081887347,1717,v1,0.077,0.3918,0.4205,1.2037,0.7086,0.03048,0.2372,0.001953,0.69,1,30,70.38,0.68,1,0,13.852,13.852,1,50,9733,213359.0,100.0,13,7.67
1786081889587,1718,v1,0.0436,0.6128,0.2677,1.2848,0.5824,0.00526,0.2331,0.003462,0.622,0,5,81.94,0.827,1,0,4.0,4.0,1,50,10093,225870.8,100.0,13,12.77
1786081893420,1719,v1,0.0466,0.5445,0.3188,1.966,0.4006,0.00583,0.0542,0.002225,0.65,0,31,31.49,0.541,1,34,21.917,21.838,0,50,10851,496986.2,83.99,18,8.14
1786081885147,1720,v1,0.0132,0.6407,0.1448,0.8191,0.4583,0.02466,0.1875,0.003524,0.623,1,17,94.14,0.763,1,0,13.0,13.0,1,50,10370,238214.6,100.0,13,13.06
1786081887513,1721,v1,0.0119,0.4656,0.1371,1.467,0.2727,0.02696,0.2152,0.002424,0.715,1,30,26.67,0.451,1,0,16.281,16.281,1,50,10379,254511.4,100.0,15,9.56
1786081890066,1722,v1,0.0418,0.8692,0.1643,1.7874,0.3722,0.02655,0.1865,0.003006,0.61,0,31,51.18,1.0,1,0,17.425,17.425,0,50,10105,278821.4,88.36,15,11.42
1786081894775,1723,v1,0.0147,0.6334,0.2065,2.0,0.4841,0.00898,0.0798,0.001727,0.668,1,7,80.6,0.303,1,3975,6.0,3.825,0,50,11090,645237.8,0.0,-1,7.09
1786081887270,1724,v1,0.0282,0.5217,0.3433,1.052,0.3718,0.01996,0.0518,0.002101,0.696,0,34,79.87,0.345,1,0,17.735,17.735,0,50,10586,483204.0,71.28,18,8.33
1786081889853,1725,v1,0.0419,0.5067,0.4174,1.387,0.9906,0.03191,0.0676,0.001389,0.646,0,13,24.04,0.72,1,2723,11.542,9.095,1,50,11136,234074.5,100.0,11,5.84
1786081892756,1726,v1,0.0435,0.8982,0.1746,1.8118,0.3057,0.02476,0.1705,0.003717,0.654,0,32,57.75,0.647,1,0,14.361,14.361,1,50,11376,262249.4,100.0,13,13.89
1786081895978,1727,v1,0.0597,0.8142,0.3897,1.8359,0.6768,0.02888,0.2327,0.00218,0.642,1,33,22.83,0.303,1,710,17.809,16.61,0,50,11224,321334.2,86.52,15,8.46
1786081894288,1728,v1,0.0774,0.252,0.3485,0.9582,0.6264,0.01305,0.1503,0.001594,0.623,0,29,97.17,0.724,1,0,17.036,17.036,0,50,11082,318774.7,99.06,15,6.51
1786081897401,1729,v1,0.0666,0.3325,0.1142,0.9577,0.2355,0.01435,0.2282,0.002206,0.584,0,24,58.89,0.382,1,0,16.119,16.119,0,50,10232,289850.2,98.18,15,8.64
1786081900011,1730,v1,0.0509,0.8354,0.328,1.1934,0.4317,0.02486,0.1813,0.002185,0.648,1,26,41.56,0.912,1,1713,11.65,9.727,1,50,10899,201739.3,100.0,7,8.26
1786081903244,1731,v1,0.0549,0.414,0.2607,1.5022,0.284,0.00684,0.0645,0.001629,0.629,1,27,73.13,0.516,1,0,18.969,18.969,0,50,10459,451524.7,98.4,17,6.11
1786081895595,1732,v1,0.0244,0.4219,0.2498,1.0581,0.5743,0.02631,0.2087,0.003697,0.688,0,4,59.79,0.522,1,4361,3.0,2.59,1,50,10744,258636.6,100.0,13,49.31
1786081899495,1733,v1,0.0499,0.3146,0.1423,1.6675,0.3868,0.00805,0.1892,0.002995,0.616,1,13,41.85,0.326,1,4982,12.0,6.262,0,50,10803,533434.8,43.94,16,11.62
1786081902372,1734,v1,0.0705,0.2865,0.4014,1.436,0.1812,0.01948,0.1591,0.001241,0.7,0,5,31.72,0.509,1,3628,4.0,3.311,1,50,10577,251169.6,100.0,13,10.67
1786081905127,1735,v1,0.0409,0.3242,0.3715,2.2053,0.8362,0.0314,0.1135,0.002386,0.694,1,21,74.29,0.936,1,0,17.384,17.384,0,50,9998,322968.2,84.28,17,9.23
1786081896597,1736,v1,0.047,0.287,0.3147,2.3292,0.518,0.02018,0.0593,0.002776,0.601,0,18,64.92,0.718,1,0,15.608,15.608,0,50,9991,291435.9,90.09,15,10.05
1786081899809,1737,v1,0.0525,0.8957,0.1835,1.2108,0.8518,0.02425,0.2102,0.001553,0.638,1,29,30.92,0.638,1,1285,17.377,15.273,0,50,11005,345777.6,87.8,15,6.22
1786081903187,1738,v1,0.0627,0.4194,0.4302,1.4121,0.3639,0.0193,0.0867,0.003635,0.703,0,34,23.92,0.626,1,772,21.281,19.783,0,50,10988,443575.0,98.04,17,13.27
1786081906118,1739,v1,0.0628,0.9187,0.3672,1.2693,0.6754,0.0102,0.0948,0.00211,0.606,0,11,90.23,0.717,1,0,10.0,10.0,0,50,10487,311187.2,88.97,15,7.9
1786081897015,1740,v1,0.0308,0.3363,0.4475,1.2175,0.8465,0.02114,0.0974,0.002709,0.694,1,26,76.62,0.832,1,0,14.287,14.287,1,50,10078,234647.0,100.0,13,10.79
1786081899508,1741,v1,0.0305,0.8553,0.1566,2.4107,0.1517,0.02025,0.1288,0.00306,0.624,0,30,21.5,0.772,1,0,14.368,14.368,1,50,10328,237425.4,100.0,13,11.72
1786081902164,1742,v1,0.0335,0.6332,0.1422,0.9848,0.9044,0.02876,0.1435,0.003761,0.66,0,18,80.25,0.54,1,0,12.452,12.452,1,50,10894,229579.9,100.0,12,13.99
1786081905545,1743,v1,0.0182,0.3952,0.4351,1.9901,0.399,0.02081,0.0963,0.001422,0.582,0,10,31.59,0.855,1,4955,9.0,5.243,0,50,9358,416291.4,39.16,15,5.61
1786081900061,1744,v1,0.0139,0.5801,0.2279,2.1918,0.5987,0.0093,0.1605,0.00242,0.699,0,14,35.69,0.873,1,7192,13.0,5.342,0,50,10660,622923.7,0.0,-1,9.11
1786081903082,1745,v1,0.0493,0.8277,0.2874,1.0615,0.97,0.00947,0.1352,0.003134,0.701,0,10,92.98,0.796,1,0,9.0,9.0,0,50,10470,355688.5,93.73,18,11.72
1786081905828,1746,v1,0.0205,0.8569,0.1864,1.5799,0.2839,0.026,0.1756,0.001369,0.621,0,20,91.92,0.504,1,0,13.0,13.0,1,50,11140,253633.7,100.0,13,5.37
1786081908459,1747,v1,0.048,0.7406,0.1948,1.8466,0.5181,0.01414,0.1435,0.003719,0.6,1,13,69.96,0.563,1,6340,11.969,4.281,1,50,10320,259999.4,100.0,13,24.85
1786081898635,1748,v1,0.0568,0.5803,0.3407,1.5813,0.8932,0.02499,0.0994,0.003635,0.663,1,20,61.31,0.821,1,0,13.0,13.0,1,50,10726,238643.1,100.0,13,13.18
1786081901389,1749,v1,0.0749,0.8165,0.4636,1.224,0.8695,0.02258,0.1258,0.002036,0.594,1,24,98.95,0.671,1,0,15.367,15.367,0,50,10328,280595.9,99.99,14,7.58
1786081903941,1750,v1,0.0374,0.9293,0.2928,2.0921,0.7957,0.00474,0.1081,0.001324,0.623,1,34,57.43,0.885,1,0,14.371,14.371,1,50,9977,227222.2,100.0,13,5.12
1786081908645,1751,v1,0.0494,0.4992,0.3652,1.1691,0.7827,0.00605,0.1384,0.003493,0.664,1,10,84.27,0.707,1,10137,9.0,1.14,0,50,11976,670560.0,11.0,-1,12.93
1786081900587,1752,v1,0.0605,0.6659,0.1433,1.5516,0.1749,0.02234,0.1774,0.001869,0.683,0,32,58.98,0.874,1,0,20.9,20.9,0,50,12955,517657.6,86.57,16,6.72
1786081903846,1753,v1,0.0464,0.9768,0.3916,1.5839,0.8795,0.01382,0.2151,0.003081,0.658,0,34,49.93,0.865,1,0,19.562,19.562,0,50,10412,332192.8,87.04,17,11.26
1786081906452,1754,v1,0.0377,0.8176,0.4866,1.0592,0.1403,0.01503,0.1727,0.002923,0.593,0,27,80.74,0.457,1,0,16.67,16.67,0,50,10670,288831.1,99.58,15,11.45
1786081910667,1755,v1,0.0155,0.7928,0.122,1.3917,0.491,0.02943,0.059,0.001386,0.683,0,11,98.21,0.397,1,0,10.0,10.0,0,50,10501,493255.2,43.75,18,5.47
1786081906512,1756,v1,0.0672,0.9499,0.4778,1.2125,0.9275,0.00535,0.1265,0.003263,0.599,0,5,93.0,0.611,1,0,4.0,4.0,0,50,10414,291667.8,84.61,15,12.59
1786081910743,1757,v1,0.0579,0.3956,0.1564,1.3018,0.6338,0.01083,0.0501,0.002176,0.642,1,5,70.56,0.393,1,5849,4.0,1.731,0,50,10407,536682.3,39.73,17,8.44
1786081913405,1758,v1,0.0796,0.8811,0.1294,1.9687,0.8323,0.01213,0.0844,0.001528,0.713,0,15,72.24,0.816,1,0,13.0,13.0,1,50,10895,251188.7,100.0,13,6.19
1786081916288,1759,v1,0.0331,0.7744,0.2797,1.2942,0.9093,0.02062,0.1499,0.001946,0.678,0,23,63.64,0.588,1,0,13.198,13.198,1,50,11468,257952.9,100.0,13,7.69
1786081910214,1760,v1,0.0546,0.3722,0.4984,2.4662,0.9777,0.00853,0.2432,0.003401,0.672,1,11,81.59,0.711,1,8360,10.0,1.589,0,50,10277,566116.7,14.78,-1,12.54
1786081912534,1761,v1,0.0184,0.2008,0.2503,1.2855,0.8702,0.0273,0.201,0.001341,0.59,0,30,64.67,0.776,1,0,13.312,13.312,1,50,9914,213535.4,100.0,10,5.46
1786081916733,1762,v1,0.0289,0.5041,0.3215,0.8745,0.4939,0.0155,0.2115,0.001567,0.667,1,7,76.38,0.897,1,10342,6.0,0.0,0,50,10443,625013.4,0.0,-1,6.29
1786081920011,1763,v1,0.0439,0.8751,0.4006,1.2502,0.6071,0.00927,0.0801,0.003326,0.718,1,11,94.96,0.798,1,10922,10.0,0.0,1,50,11291,294258.4,100.0,19,40.83
1786081908936,1764,v1,0.0284,0.3916,0.2974,2.0477,0.2684,0.02527,0.227,0.001666,0.596,0,24,67.31,0.452,1,0,11.304,11.304,1,50,10543,193258.4,100.0,8,6.47
1786081913058,1765,v1,0.0576,0.3687,0.3136,1.7871,0.97,0.00346,0.1433,0.002956,0.632,0,12,46.4,0.847,1,5190,11.0,6.308,0,50,10292,494976.1,40.86,17,11.48
1786081916896,1766,v1,0.0242,0.5896,0.441,1.9684,0.988,0.01535,0.2157,0.001861,0.653,0,15,45.29,0.773,1,4745,14.0,8.413,0,50,10471,551468.4,27.82,18,7.2
1786081919746,1767,v1,0.0563,0.3061,0.3583,1.3746,0.4475,0.02578,0.1743,0.003661,0.582,1,36,94.05,0.42,1,0,16.823,16.823,0,50,10814,271969.0,91.28,13,14.1
1786081909741,1768,v1,0.0476,0.2434,0.4104,1.9399,0.5887,0.00912,0.1676,0.00195,0.625,0,14,80.24,0.888,1,0,13.0,13.0,1,50,10882,245435.8,100.0,13,7.88
1786081912646,1769,v1,0.0739,0.7256,0.3701,1.5838,0.6185,0.00925,0.1194,0.001207,0.692,1,9,47.77,0.479,1,5773,8.0,3.417,1,50,10173,259816.3,100.0,13,6.03
1786081916055,1770,v1,0.0618,0.6486,0.1425,1.6548,0.8074,0.00967,0.0751,0.001696,0.715,0,6,95.85,0.468,1,0,5.0,5.0,0,50,10340,475299.1,84.83,18,6.48
1786081920153,1771,v1,0.0503,0.7364,0.2757,1.8952,0.4334,0.00717,0.0982,0.002535,0.703,1,33,34.95,0.821,1,2031,12.48,7.888,0,50,10847,584332.6,48.38,18,9.85
1786081911750,1772,v1,0.0369,0.5149,0.2937,1.9767,0.4864,0.02538,0.1174,0.003391,0.708,1,23,35.43,0.835,1,1424,13.575,11.507,1,50,9915,232748.0,100.0,13,26.49
1786081914669,1773,v1,0.0232,0.2668,0.3512,1.8961,0.6882,0.01243,0.1515,0.002449,0.686,1,35,86.49,0.906,1,0,16.574,16.574,1,50,11081,266952.0,100.0,15,9.13
1786081916835,1774,v1,0.0413,0.4065,0.3489,1.9329,0.8787,0.0317,0.1877,0.001374,0.593,0,29,26.27,0.855,1,1165,11.239,10.199,1,50,10579,179167.4,100.0,6,5.04
1786081919519,1775,v1,0.0365,0.2795,0.3837,1.3381,0.2655,0.02863,0.1103,0.003149,0.667,1,27,79.7,0.738,1,0,13.867,13.867,1,50,11277,245533.8,100.0,13,11.24
1786081912537,1776,v1,0.0521,0.4522,0.2946,1.0005,0.3013,0.03032,0.1376,0.002118,0.669,0,26,44.46,0.561,1,0,13.694,13.694,1,50,10388,235012.3,100.0,13,8.24
1786081915087,1777,v1,0.0549,0.3673,0.2556,1.4468,0.134,0.01165,0.0998,0.001234,0.716,1,6,39.04,0.85,1,9979,5.0,0.0,1,50,10031,282861.1,100.0,22,94.51
1786081917846,1778,v1,0.0616,0.2964,0.293,1.4703,0.2486,0.0153,0.1552,0.001543,0.679,0,13,29.88,0.972,1,4831,11.971,6.961,1,50,9831,244695.2,100.0,13,15.41
1786081920858,1779,v1,0.0532,0.5972,0.3537,1.3782,0.5573,0.02188,0.2231,0.00132,0.649,0,9,60.49,0.432,1,2640,8.0,6.433,0,50,10230,393307.6,68.08,15,5.43
1786081913512,1780,v1,0.0254,0.5252,0.2084,0.8462,0.954,0.01244,0.2002,0.003001,0.614,1,19,71.06,0.897,1,0,12.993,12.993,1,50,9482,210062.4,100.0,13,11.39
1786081916870,1781,v1,0.0792,0.4117,0.1798,1.9149,0.174,0.02907,0.1733,0.002569,0.719,0,6,45.67,0.604,1,3002,5.0,4.094,0,50,10070,463353.5,62.5,16,10.41
1786081919531,1782,v1,0.064,0.2367,0.1024,1.4545,0.7613,0.02438,0.2299,0.001508,0.704,1,21,43.74,0.504,1,0,13.882,13.882,1,50,10429,236608.6,100.0,14,6.24
1786081922298,1783,v1,0.0724,0.3703,0.2257,2.2846,0.9737,0.01394,0.0967,0.001258,0.675,0,34,80.59,0.852,1,0,19.611,19.611,0,50,10111,321877.8,84.57,17,4.86
1786081919088,1784,v1,0.0685,0.2618,0.2381,1.1455,0.2886,0.00891,0.199,0.001881,0.673,1,17,56.31,0.586,1,0,13.01,13.01,1,50,10180,224331.4,100.0,13,7.47
1786081921865,1785,v1,0.0524,0.2984,0.1614,1.5576,0.9557,0.00778,0.2027,0.002708,0.662,0,30,30.69,0.704,1,0,15.223,15.223,1,50,11594,272433.9,100.0,14,9.84
1786081923996,1786,v1,0.0278,0.367,0.3678,2.3426,0.1771,0.01013,0.104,0.002966,0.672,0,24,92.86,0.836,1,0,14.243,14.243,1,50,10339,236995.7,100.0,14,11.82
1786081927363,1787,v1,0.0318,0.5224,0.1513,1.9702,0.551,0.02047,0.1349,0.002565,0.69,0,23,93.78,0.424,1,0,6.78,6.78,0,50,10421,567626.1,35.0,19,9.75
1786081922895,1788,v1,0.0286,0.7581,0.1481,1.0598,0.2291,0.02302,0.2088,0.001494,0.71,1,5,85.2,0.438,1,7207,4.0,1.402,1,50,11164,292966.7,100.0,13,66.6
1786081925132,1789,v1,0.0667,0.3015,0.4444,2.3456,0.4821,0.02338,0.0994,0.002627,0.635,0,6,99.73,0.778,1,0,5.0,5.0,0,50,10403,292652.1,85.14,15,10.3
1786081927203,1790,v1,0.0575,0.2276,0.4372,1.5739,0.9138,0.03199,0.248,0.003146,0.652,0,22,79.9,0.442,1,0,10.621,10.621,1,50,10955,186050.7,100.0,6,11.5
1786081929785,1791,v1,0.0383,0.3748,0.1219,2.4066,0.7425,0.00913,0.0535,0.003063,0.681,1,11,55.64,0.38,1,4761,10.0,5.119,0,50,10041,569454.8,6.26,-1,11.48
1786081922907,1792,v1,0.0521,0.8479,0.2291,1.5475,0.5912,0.01682,0.2044,0.001493,0.594,1,22,66.0,0.671,1,0,9.451,9.451,1,50,10765,157228.5,100.0,5,6.03
1786081925039,1793,v1,0.0745,0.4757,0.3828,1.3021,0.3641,0.00771,0.0795,0.001328,0.604,1,5,90.62,0.505,1,4179,3.992,2.384,1,50,10453,202367.2,100.0,4,6.38
1786081927330,1794,v1,0.0652,0.9041,0.4597,2.1228,0.7707,0.01677,0.1785,0.002778,0.636,0,29,88.48,0.311,1,0,17.731,17.731,0,50,10259,301672.1,96.27,16,10.53
1786081929014,1795,v1,0.0713,0.5751,0.2977,1.9842,0.5826,0.0133,0.1813,0.003129,0.711,0,34,95.46,0.592,1,0,14.335,14.335,1,50,10009,222136.7,100.0,13,12.13
1786081923719,1796,v1,0.0408,0.5482,0.2531,1.8219,0.9751,0.01704,0.2021,0.002103,0.619,1,6,71.67,0.482,1,7080,5.0,1.573,1,50,10419,273748.3,100.0,13,71.2
1786081925917,1797,v1,0.059,0.433,0.4271,0.8393,0.6958,0.03151,0.0726,0.002418,0.588,1,20,44.84,0.571,1,1262,11.389,9.975,0,50,10479,239321.1,85.21,10,9.52
1786081927999,1798,v1,0.0508,0.4076,0.2007,1.169,0.4843,0.01411,0.2167,0.002237,0.675,0,33,86.12,0.642,1,0,14.37,14.37,1,50,11059,242198.0,100.0,13,8.17
1786081929728,1799,v1,0.044,0.2565,0.2251,1.2636,0.7623,0.01623,0.1263,0.002215,0.624,1,4,36.9,0.746,1,8768,3.0,0.383,1,50,10129,280559.0,100.0,23,88.44
1786081936798,1800,v1,0.063,0.3814,0.3818,2.368,0.215,0.01346,0.1114,0.00207,0.72,1,29,81.83,0.347,1,0,14.88,14.88,1,50,9987,232946.7,100.0,13,7.57
1786081941187,1801,v1,0.0148,0.3859,0.2714,1.4627,0.172,0.0062,0.1495,0.002345,0.619,1,7,36.22,0.785,1,10385,6.0,0.0,0,50,10524,587709.6,0.0,-1,9.32
1786081943749,1802,v1,0.0615,0.6872,0.395,1.2691,0.1068,0.00767,0.0864,0.003369,0.677,0,33,54.44,0.603,1,0,14.36,14.36,1,50,10981,240711.5,100.0,13,12.74
1786081946551,1803,v1,0.0219,0.2536,0.11,1.8958,0.8281,0.02298,0.0592,0.002653,0.64,0,22,31.48,0.87,1,0,18.462,18.462,0,50,10545,349485.7,87.83,17,10.02
1786081939007,1804,v1,0.0249,0.325,0.3501,1.4937,0.5865,0.02347,0.0888,0.003539,0.702,0,22,26.43,0.458,1,302,13.429,12.929,0,50,11088,483736.8,69.28,19,13.47
1786081943684,1805,v1,0.0194,0.256,0.2847,0.8644,0.4715,0.00914,0.0878,0.002345,0.674,1,17,58.92,0.774,1,10635,16.0,0.0,0,50,11056,666608.3,0.0,-1,9.18
1786081946993,1806,v1,0.0739,0.3188,0.3666,1.0218,0.2838,0.00691,0.1017,0.001944,0.671,0,33,69.38,0.936,1,0,21.233,21.233,0,50,10669,453948.1,87.98,16,7.58
1786081949646,1807,v1,0.0718,0.2989,0.2087,1.2636,0.1496,0.01214,0.1494,0.003596,0.648,0,32,93.49,0.705,1,0,20.809,20.809,0,50,9015,367922.5,92.62,16,12.87
1786081938908,1808,v1,0.0553,0.6843,0.1843,2.3851,0.9246,0.02935,0.1209,0.003068,0.718,0,34,70.49,0.412,1,0,20.023,20.023,0,50,11082,356040.2,83.87,17,11.55
1786081943309,1809,v1,0.0155,0.2277,0.2738,0.9939,0.7311,0.01317,0.1664,0.002783,0.697,1,31,50.88,0.917,1,0,0.0,0.0,0,50,10561,614200.0,0.0,-1,10.22
1786081945885,1810,v1,0.0753,0.8378,0.1638,2.4874,0.9474,0.00636,0.1289,0.001626,0.651,0,24,90.63,0.516,1,0,17.664,17.664,0,50,9767,308295.9,88.93,16,6.33
1786081948573,1811,v1,0.0639,0.5474,0.2851,1.6219,0.4403,0.01155,0.1438,0.002426,0.631,0,26,69.35,0.425,1,0,12.959,12.959,1,50,11317,233044.8,100.0,13,9.3
1786081939140,1812,v1,0.0787,0.7519,0.3929,0.9429,0.2283,0.02529,0.1869,0.001545,0.685,0,20,28.75,0.765,1,744,15.834,14.81,0,50,10278,368359.6,88.22,15,5.96
1786081941525,1813,v1,0.0621,0.2404,0.4728,1.2483,0.8548,0.02978,0.2015,0.002625,0.699,0,14,27.25,0.578,1,0,10.995,10.995,1,50,10731,196750.0,100.0,8,10.11
1786081945989,1814,v1,0.0184,0.2882,0.2521,1.0096,0.747,0.00611,0.1049,0.001936,0.629,1,13,69.26,0.623,1,8055,12.0,2.64,0,50,10581,620032.1,0.0,-1,7.71
1786081948410,1815,v1,0.0176,0.9038,0.3672,1.4549,0.6606,0.02499,0.1915,0.003669,0.691,0,34,43.08,0.922,1,0,14.353,14.353,1,50,9981,222209.3,100.0,13,13.83
1786081939633,1816,v1,0.0636,0.2023,0.1037,0.9638,0.5088,0.00725,0.1921,0.003433,0.611,1,26,41.82,0.447,1,859,17.437,15.805,0,50,9985,336592.5,91.03,16,13.56
1786081943987,1817,v1,0.0553,0.5994,0.3593,0.9269,0.8662,0.02272,0.2024,0.002287,0.624,1,14,27.65,0.904,1,10256,13.0,0.0,0,50,10542,628885.5,0.0,-1,8.25
1786081947405,1818,v1,0.0587,0.7617,0.2388,1.8351,0.1345,0.01084,0.1922,0.002678,0.615,1,21,62.38,0.572,1,1731,16.673,13.696,0,50,10201,454561.9,96.24,16,10.03
1786081950014,1819,v1,0.0426,0.3479,0.287,2.2629,0.8469,0.01766,0.1648,0.002002,0.595,0,7,85.13,0.543,1,0,6.0,6.0,0,50,9798,286983.8,92.74,16,7.82
1786081941377,1820,v1,0.0736,0.9205,0.3067,1.6807,0.3731,0.01746,0.212,0.001616,0.677,1,12,98.1,0.792,1,9689,11.0,0.0,0,50,9865,584973.9,0.0,-1,6.03
1786081943651,1821,v1,0.0742,0.5143,0.4295,2.2918,0.2454,0.01787,0.1776,0.003155,0.668,0,32,33.2,0.841,1,0,12.854,12.854,1,50,9738,190420.7,100.0,7,12.23
1786081946125,1822,v1,0.0349,0.7396,0.3662,1.8475,0.7081,0.02414,0.0971,0.001318,0.689,0,4,79.29,0.988,1,0,3.0,3.0,0,50,9448,309914.8,88.54,17,5.15
1786081948756,1823,v1,0.0213,0.3834,0.1533,1.002,0.3375,0.02754,0.1029,0.001581,0.703,0,28,70.21,0.705,1,0,14.651,14.651,1,50,10427,243907.9,100.0,13,6.22
1786081942229,1824,v1,0.0158,0.5915,0.2596,1.76,0.5269,0.01888,0.1072,0.00253,0.634,1,8,62.23,0.991,1,10298,7.0,0.0,0,50,10482,635976.5,0.0,-1,9.65
1786081945034,1825,v1,0.0786,0.9931,0.4917,1.8082,0.6997,0.02248,0.1287,0.002526,0.623,0,26,26.8,0.915,1,0,16.445,16.445,0,50,10634,295399.7,98.11,15,9.38
1786081949167,1826,v1,0.05,0.892,0.2074,1.0621,0.8158,0.01648,0.0948,0.001262,0.667,0,14,35.78,0.955,1,5779,13.0,7.275,0,50,11271,547255.0,41.06,17,4.6
1786081951417,1827,v1,0.0771,0.5831,0.3955,2.2328,0.9711,0.02025,0.1617,0.003292,0.692,1,21,26.23,0.587,1,0,13.0,13.0,1,50,9353,212566.6,100.0,13,12.48
1786081950020,1828,v1,0.0524,0.4411,0.1163,1.2748,0.6938,0.02404,0.0838,0.003183,0.6,1,18,85.33,0.898,1,0,15.126,15.126,0,50,10886,297213.1,98.24,15,12.09
1786081953032,1829,v1,0.0266,0.8411,0.2139,1.108,0.8767,0.01547,0.0548,0.002581,0.63,1,6,90.13,0.303,1,3888,5.0,3.148,1,50,10605,269022.1,100.0,13,43.19
1786081955044,1830,v1,0.0577,0.8567,0.1317,1.6332,0.9618,0.02611,0.0591,0.002762,0.626,0,21,56.49,0.572,1,0,11.038,11.038,1,50,9870,184943.1,100.0,8,10.24
1786081959279,1831,v1,0.0303,0.4926,0.3265,0.949,0.6233,0.00636,0.2302,0.001392,0.603,1,5,97.05,0.742,1,8860,4.0,0.514,0,50,10223,571541.5,11.08,-1,5.52
1786081952060,1832,v1,0.0148,0.8008,0.4102,0.9959,0.3648,0.01392,0.0725,0.001529,0.615,0,30,52.64,0.979,1,0,20.069,20.069,0,50,10513,366165.3,89.8,18,5.89
1786081955883,1833,v1,0.0659,0.2765,0.3415,1.3755,0.8263,0.02432,0.17,0.001255,0.7,0,14,68.64,0.919,1,6039,13.0,6.545,0,50,10467,537845.0,35.97,16,4.97
1786081960005,1834,v1,0.0104,0.8732,0.1286,2.3014,0.9271,0.01334,0.2156,0.003764,0.688,1,20,27.61,0.648,1,8462,19.0,1.371,0,50,9816,577047.8,0.0,-1,14.03
1786081964563,1835,v1,0.0294,0.2221,0.2965,1.5844,0.3979,0.02652,0.1719,0.001204,0.709,0,14,26.79,0.682,1,3858,13.0,9.017,0,50,10845,556418.4,50.62,19,5.27
1786081952748,1836,v1,0.0388,0.9204,0.3481,0.8323,0.4108,0.02163,0.1792,0.002324,0.707,0,4,42.68,0.756,1,5557,3.0,2.488,1,50,10920,276724.8,100.0,13,35.56
1786081954743,1837,v1,0.0786,0.3772,0.2364,1.0011,0.3965,0.00732,0.083,0.0026,0.582,0,20,90.52,0.654,1,0,9.328,9.328,1,50,10471,157845.8,100.0,6,9.61
1786081957722,1838,v1,0.0647,0.7343,0.2604,2.1718,0.332,0.01814,0.1299,0.002827,0.593,1,6,44.49,0.94,1,9564,5.0,0.015,1,50,9739,258944.2,100.0,20,76.49
1786081960020,1839,v1,0.0153,0.7461,0.2707,2.0174,0.4417,0.01873,0.1938,0.003294,0.675,1,33,83.57,0.566,1,0,14.358,14.358,1,50,9630,206419.2,100.0,13,12.42
1786081952960,1840,v1,0.0578,0.8233,0.4908,2.308,0.9159,0.01586,0.066,0.00178,0.651,0,7,88.79,0.433,1,0,6.0,6.0,1,50,11085,249066.1,100.0,13,6.91
1786081955691,1841,v1,0.0765,0.5705,0.2858,1.7891,0.4984,0.02551,0.2365,0.002445,0.686,1,8,77.79,0.806,1,9336,7.0,0.501,1,50,10211,279672.8,100.0,19,13.98
1786081958373,1842,v1,0.05,0.3127,0.4321,1.4691,0.3707,0.01945,0.0608,0.002831,0.719,1,22,92.77,0.587,1,0,13.785,13.785,1,50,10781,255064.3,100.0,13,10.8
1786081960862,1843,v1,0.054,0.7602,0.2944,1.4699,0.555,0.026,0.148,0.002471,0.658,1,8,99.17,0.488,1,3611,6.892,4.213,1,50,9607,190887.1,100.0,7,15.17
1786081953115,1844,v1,0.047,0.7988,0.2636,1.9975,0.2479,0.02491,0.0897,0.002077,0.609,1,18,71.72,0.793,1,0,10.995,10.995,1,50,9876,178747.2,100.0,6,8.29
1786081955453,1845,v1,0.0519,0.567,0.4552,0.9865,0.7172,0.01956,0.1536,0.001727,0.624,0,35,63.49,0.829,1,0,11.865,11.865,1,50,10756,179868.1,100.0,7,6.49
1786081958308,1846,v1,0.0287,0.3513,0.4297,1.4233,0.4552,0.01115,0.2098,0.002246,0.652,0,30,30.76,0.662,1,16,20.041,20.005,0,50,9633,354572.9,89.86,18,9.0
1786081963504,1847,v1,0.0775,0.9246,0.2106,2.1277,0.8601,0.00848,0.2251,0.002115,0.664,1,11,59.35,0.738,1,11174,10.0,0.0,0,50,11405,645047.5,0.0,-1,7.7
1786081954304,1848,v1,0.0401,0.9224,0.4999,2.2104,0.8683,0.03073,0.1255,0.002902,0.672,1,27,48.89,0.451,1,1066,17.881,15.926,0,50,10387,342799.1,88.47,16,10.77
1786081956909,1849,v1,0.0519,0.9899,0.2681,1.3253,0.5514,0.00556,0.0894,0.003322,0.591,1,6,62.65,0.928,1,6528,4.772,1.597,1,50,10307,200495.2,100.0,4,16.41
1786081959695,1850,v1,0.041,0.2151,0.1486,1.8229,0.4124,0.02628,0.1929,0.003062,0.64,1,10,99.37,0.948,1,10184,9.0,0.0,1,50,10477,286547.4,0.0,-1,100.0
1786081964440,1851,v1,0.0449,0.309,0.3531,1.9351,0.2001,0.00901,0.2453,0.001302,0.648,1,9,59.55,0.545,1,7429,8.0,2.415,0,50,10756,610156.4,25.66,18,4.66
1786081955424,1852,v1,0.0341,0.2639,0.2994,1.6054,0.3822,0.03052,0.1907,0.00258,0.673,0,19,75.36,0.919,1,0,16.437,16.437,0,50,11407,331286.3,87.29,16,9.98
1786081960135,1853,v1,0.011,0.7242,0.4146,2.3304,0.7493,0.00848,0.0979,0.002693,0.682,0,10,51.43,0.5,1,2898,9.0,7.181,0,50,11430,663912.5,0.0,-1,10.09
1786081963318,1854,v1,0.0144,0.2199,0.453,1.1839,0.6897,0.01307,0.0505,0.001767,0.592,1,5,71.34,0.428,1,6418,4.0,1.615,1,50,10831,282435.1,100.0,13,62.36
1786081966724,1855,v1,0.0509,0.9076,0.3268,1.3947,0.8765,0.01794,0.2468,0.001479,0.601,0,7,37.4,0.618,1,3566,6.0,4.544,0,50,9892,386295.3,63.13,15,5.87
1786081964241,1856,v1,0.0556,0.9256,0.4538,1.2319,0.6586,0.00916,0.0942,0.002604,0.668,0,16,53.8,0.423,1,2748,15.0,11.741,0,50,11371,513606.0,65.03,17,9.21
1786081967000,1857,v1,0.05,0.8115,0.4562,1.2642,0.3196,0.02091,0.1295,0.001415,0.601,1,21,58.33,0.791,1,1628,15.287,12.803,0,50,10222,331805.2,90.22,14,5.53
1786081969475,1858,v1,0.0341,0.9301,0.4116,2.1897,0.644,0.02473,0.0729,0.00249,0.621,0,31,70.03,0.914,1,0,14.351,14.351,1,50,10168,236849.9,100.0,13,9.82
1786081972038,1859,v1,0.0545,0.3063,0.4696,1.9275,0.4396,0.01718,0.1352,0.002754,0.638,1,26,62.52,0.659,1,0,17.268,17.268,0,50,10067,287685.4,86.14,15,10.4
1786081963881,1860,v1,0.0539,0.437,0.1654,1.8302,0.7949,0.01152,0.225,0.003283,0.639,0,35,70.86,0.708,1,0,19.868,19.868,0,50,10112,328928.5,87.43,17,12.36
1786081966346,1861,v1,0.0248,0.9308,0.1463,1.2871,0.6944,0.0168,0.0894,0.002998,0.652,0,7,39.38,0.589,1,3753,6.0,4.384,1,50,9453,227202.1,100.0,13,47.05
1786081968983,1862,v1,0.0671,0.6079,0.4735,2.1579,0.8021,0.00759,0.1939,0.002234,0.624,0,9,50.11,0.373,1,1235,7.741,7.066,1,50,11166,197462.3,100.0,7,8.62
1786081972236,1863,v1,0.0362,0.9192,0.3443,2.1297,0.2975,0.00916,0.1831,0.003605,0.624,0,5,97.15,0.765,1,0,4.0,4.0,0,50,11076,472570.5,83.33,17,13.67
1786081964452,1864,v1,0.0691,0.9921,0.2452,1.671,0.6363,0.0307,0.2322,0.002775,0.685,1,33,70.24,0.54,1,0,18.282,18.282,0,50,9856,281666.9,90.93,15,10.16
1786081967178,1865,v1,0.0337,0.6251,0.1746,0.8539,0.9545,0.0209,0.1259,0.001724,0.597,1,17,48.9,0.34,1,783,15.125,13.972,0,50,10464,321107.8,87.27,15,6.74
1786081969782,1866,v1,0.0279,0.3521,0.1555,0.879,0.2556,0.01286,0.1302,0.003313,0.706,1,29,39.76,0.703,1,1306,15.76,13.522,1,50,9977,236937.9,100.0,14,12.47
1786081973206,1867,v1,0.0673,0.2731,0.4635,1.6929,0.3404,0.00992,0.1618,0.001391,0.611,1,31,52.94,0.857,1,1711,17.711,14.852,0,50,10950,399515.7,86.93,15,5.4
1786081968584,1868,v1,0.0264,0.5203,0.1317,2.1258,0.5811,0.01481,0.158,0.002005,0.654,0,16,97.27,0.846,1,0,15.0,15.0,0,50,10376,562830.6,28.91,19,7.63
1786081972793,1869,v1,0.034,0.6014,0.4597,1.4393,0.4956,0.00428,0.2311,0.002156,0.697,0,31,97.91,0.939,1,0,0.002,0.002,0,50,10364,611600.7,0.01,-1,8.63
1786081976996,1870,v1,0.0492,0.8697,0.2472,1.3968,0.4553,0.02319,0.1208,0.003251,0.604,1,4,32.53,0.824,1,10055,3.0,0.0,0,50,10141,589331.6,0.0,-1,12.16
1786081979615,1871,v1,0.0729,0.6138,0.308,1.3265,0.7067,0.02803,0.1168,0.001363,0.708,1,20,96.28,0.333,1,0,16.531,16.531,0,50,10260,309427.6,84.4,16,5.45
1786081968719,1872,v1,0.0745,0.9907,0.2451,0.9564,0.9248,0.02562,0.1108,0.002284,0.587,0,9,71.93,0.471,1,3650,8.0,5.882,0,50,10528,397311.7,59.51,13,8.64
1786081971536,1873,v1,0.0179,0.4601,0.1239,2.2446,0.2944,0.03063,0.2334,0.00137,0.614,1,26,25.4,0.609,1,1390,17.561,15.13,0,50,10273,343693.2,86.53,16,5.19
1786081974197,1874,v1,0.0585,0.4916,0.4513,1.9153,0.1704,0.01385,0.1875,0.003633,0.709,0,8,42.85,0.658,1,4631,7.0,4.813,1,50,10883,259434.1,100.0,13,50.72
1786081976737,1875,v1,0.0303,0.5745,0.1544,2.1164,0.5793,0.00337,0.2348,0.00282,0.652,1,9,58.56,0.912,1,9639,8.0,0.0,1,50,9835,277830.6,0.0,-1,100.0
1786081968838,1876,v1,0.0483,0.6346,0.2253,0.8399,0.6433,0.00604,0.1706,0.002385,0.659,1,13,20.92,0.86,1,9295,12.0,0.0,1,50,9574,256487.9,100.0,17,9.01
1786081971209,1877,v1,0.0448,0.6285,0.3787,1.2639,0.7923,0.02318,0.1547,0.001827,0.624,1,30,75.32,0.838,1,0,12.061,12.061,1,50,10750,183194.5,100.0,7,7.51
1786081975223,1878,v1,0.033,0.796,0.4017,1.4899,0.6902,0.0175,0.2341,0.001537,0.714,0,34,44.91,0.58,1,0,8.689,8.689,0,50,10781,587176.1,37.66,19,5.92
1786081978202,1879,v1,0.051,0.3019,0.1281,1.0101,0.4366,0.01164,0.2412,0.002895,0.637,0,29,49.83,0.678,1,0,18.472,18.472,0,50,10462,370702.0,94.76,16,10.87
1786081970289,1880,v1,0.0757,0.7045,0.3954,1.4086,0.6289,0.02082,0.2114,0.001261,0.645,0,16,67.25,0.496,1,164,15.0,14.786,0,50,10134,296175.9,95.49,15,4.69
1786081973150,1881,v1,0.0292,0.532,0.2054,1.168,0.8464,0.02854,0.1687,0.002152,0.667,1,5,56.86,0.866,1,10906,4.0,0.0,1,50,11011,301581.8,0.0,-1,100.0
1786081975413,1882,v1,0.0256,0.4242,0.4999,1.5377,0.796,0.00774,0.1901,0.00241,0.604,1,20,22.33,0.526,1,0,13.0,13.0,1,50,10092,224346.3,100.0,13,9.27
1786081977582,1883,v1,0.0453,0.4854,0.3852,1.5413,0.7133,0.0241,0.1715,0.001825,0.698,0,22,97.91,0.685,1,0,13.0,13.0,1,50,9874,228707.8,100.0,13,6.64
1786081976358,1884,v1,0.0548,0.5913,0.4211,2.4547,0.4127,0.00678,0.1108,0.001781,0.661,1,33,30.27,0.651,1,1925,22.372,17.934,0,50,9963,449107.0,90.75,17,6.48
1786081978968,1885,v1,0.0142,0.8506,0.2987,2.1146,0.6693,0.00764,0.2282,0.00217,0.718,0,23,54.73,0.619,1,0,14.164,14.164,1,50,11891,279409.0,100.0,14,8.43
1786081981446,1886,v1,0.0534,0.7367,0.4883,1.6087,0.3234,0.01826,0.1337,0.003222,0.683,0,19,45.74,0.865,1,0,16.948,16.948,0,50,10197,415412.1,97.7,17,12.13
1786081983676,1887,v1,0.0417,0.8685,0.2864,1.5172,0.3342,0.01155,0.1111,0.001661,0.645,0,25,26.34,0.605,1,754,13.534,12.742,1,50,11261,261376.3,100.0,13,6.35
1786081976383,1888,v1,0.0352,0.2914,0.2364,2.3941,0.8568,0.01243,0.1671,0.001227,0.617,0,8,49.42,0.342,1,2367,7.0,5.758,1,50,9612,245503.1,100.0,14,28.56
1786081978948,1889,v1,0.035,0.4089,0.3487,2.1165,0.5315,0.02053,0.0673,0.001432,0.66,0,10,88.46,0.387,1,0,9.0,9.0,0,50,10021,342923.1,84.32,17,5.58
1786081981181,1890,v1,0.0268,0.8475,0.2483,0.8539,0.3241,0.01041,0.1252,0.002009,0.584,1,34,21.69,0.82,1,1958,12.624,10.255,1,50,11109,210816.7,100.0,9,7.28
1786081984315,1891,v1,0.0104,0.4017,0.2726,2.1547,0.615,0.01061,0.0928,0.001862,0.694,1,5,25.12,0.386,1,4582,4.0,2.221,0,50,10382,623325.4,0.0,-1,7.58
1786081976641,1892,v1,0.0567,0.6792,0.4006,1.9302,0.9663,0.00585,0.1809,0.002425,0.622,0,10,93.37,0.779,1,0,9.0,9.0,1,50,10092,232962.4,100.0,13,9.27
1786081978854,1893,v1,0.0403,0.3031,0.4287,1.9757,0.3898,0.02933,0.1787,0.002398,0.635,1,19,53.81,0.925,1,0,11.043,11.043,1,50,10485,188976.8,100.0,8,9.62
1786081981448,1894,v1,0.0716,0.9177,0.4032,2.2659,0.2465,0.01747,0.1613,0.00254,0.692,1,12,65.26,0.487,1,7993,11.0,3.146,1,50,11538,294599.3,100.0,13,18.65
1786081984288,1895,v1,0.0477,0.4546,0.2365,2.2893,0.4883,0.01774,0.1773,0.001714,0.646,0,4,62.66,0.709,1,5447,3.0,2.458,0,50,10099,527651.7,44.82,17,6.72
1786081979517,1896,v1,0.0703,0.4059,0.4045,0.9184,0.174,0.02376,0.096,0.001551,0.664,1,24,34.36,0.766,1,1594,12.7,10.765,1,50,10747,236467.3,100.0,13,5.92
1786081981442,1897,v1,0.051,0.3778,0.3813,1.1905,0.8725,0.0151,0.0801,0.002286,0.586,0,20,95.1,0.673,1,0,8.863,8.863,1,50,10587,142624.2,100.0,5,8.87
1786081983402,1898,v1,0.0266,0.949,0.2749,1.81,0.6126,0.00742,0.0939,0.002155,0.597,0,26,80.0,0.969,1,0,13.697,13.697,1,50,9731,218225.7,100.0,13,8.28
1786081984630,1899,v1,0.0661,0.3241,0.2168,2.1674,0.8624,0.022,0.0773,0.001819,0.592,1,32,54.78,0.604,1,0,14.099,14.099,1,50,9963,222351.0,100.0,13,6.79
1786081993387,1900,v1,0.0501,0.276,0.3536,1.406,0.1552,0.02234,0.1914,0.001338,0.636,0,10,48.79,0.919,1,5913,9.0,5.256,0,50,11192,534383.3,39.52,15,5.18
1786081995864,1901,v1,0.0101,0.4618,0.1266,1.7655,0.8816,0.01064,0.1918,0.001914,0.687,1,5,89.63,0.87,1,9989,4.0,0.0,1,50,10064,278291.3,0.0,-1,100.0
1786081998245,1902,v1,0.0101,0.5645,0.4143,1.2206,0.4067,0.00669,0.2217,0.00308,0.647,1,18,79.82,0.463,1,0,13.0,13.0,1,50,9853,212901.5,100.0,13,12.02
1786082000713,1903,v1,0.0455,0.8265,0.2605,2.4094,0.5497,0.00815,0.2491,0.00214,0.663,1,6,55.73,0.943,1,9919,5.0,0.0,1,50,10017,281662.1,0.0,-1,100.0
1786081992203,1904,v1,0.0568,0.7828,0.1888,1.0537,0.5364,0.0284,0.1167,0.003497,0.614,0,30,80.47,0.367,1,0,9.844,9.844,1,50,10453,137601.7,100.0,4,12.6
1786081995289,1905,v1,0.0702,0.3074,0.138,1.9638,0.7244,0.00967,0.121,0.001677,0.707,1,8,70.39,0.442,1,5883,7.0,2.992,1,50,10395,275880.2,100.0,14,27.2
1786081998240,1906,v1,0.0212,0.9209,0.42,1.3691,0.6182,0.01677,0.212,0.003156,0.593,1,32,55.24,0.91,1,1705,18.204,15.156,0,50,11175,332532.8,95.63,16,11.7
1786082000785,1907,v1,0.0219,0.9723,0.2263,2.0742,0.8166,0.02121,0.1274,0.003564,0.647,1,9,87.88,0.692,1,10488,8.0,0.0,1,50,10761,294286.3,0.0,-1,100.0
1786081993188,1908,v1,0.0672,0.6444,0.493,2.0064,0.867,0.00721,0.2278,0.00335,0.68,1,25,86.32,0.516,1,0,13.522,13.522,1,50,10498,234312.7,100.0,13,12.39
1786081995538,1909,v1,0.0691,0.7614,0.2357,1.8021,0.3403,0.00448,0.0638,0.002633,0.702,0,11,61.74,0.332,1,1986,10.0,8.349,1,50,9896,226380.9,100.0,13,14.61
1786081998382,1910,v1,0.0492,0.2511,0.1784,2.408,0.2907,0.02182,0.2226,0.002359,0.624,0,18,42.74,0.607,1,0,16.106,16.106,0,50,10578,364710.3,89.37,16,8.94
1786082000785,1911,v1,0.0766,0.6255,0.4483,1.9322,0.2747,0.02419,0.2156,0.003136,0.709,1,36,68.66,0.501,1,0,14.707,14.707,1,50,10937,247459.2,100.0,13,11.91
1786081994117,1912,v1,0.0496,0.3733,0.3179,1.9334,0.798,0.02394,0.0651,0.001812,0.64,1,20,88.45,0.612,1,0,16.277,16.277,0,50,10657,314578.9,95.81,16,6.8
1786081996766,1913,v1,0.0788,0.4973,0.4194,1.7597,0.1545,0.02939,0.1213,0.001987,0.63,0,29,48.84,0.87,1,0,16.701,16.701,0,50,10119,277285.7,91.32,14,7.55
1786081998971,1914,v1,0.0736,0.409,0.4499,1.7102,0.5601,0.02882,0.1191,0.001709,0.637,1,29,75.17,0.829,1,0,10.411,10.411,1,50,10371,150663.1,100.0,5,6.51
1786082003097,1915,v1,0.0237,0.8349,0.3281,1.2177,0.4867,0.00324,0.1289,0.003067,0.623,1,27,22.99,0.458,1,577,7.258,6.067,0,50,10475,542239.3,36.1,19,11.75
1786081994773,1916,v1,0.0152,0.9287,0.1806,2.0229,0.6115,0.02492,0.2198,0.001853,0.609,1,20,98.16,0.644,1,0,17.412,17.412,0,50,10544,338993.7,85.69,17,7.38
1786081998943,1917,v1,0.0668,0.3369,0.1235,2.1479,0.6583,0.00376,0.0668,0.00305,0.677,0,10,69.02,0.733,1,5752,9.0,5.352,0,50,11334,564283.6,41.92,18,11.58
1786082001292,1918,v1,0.0617,0.7386,0.3827,1.0625,0.4283,0.02559,0.1134,0.003396,0.692,0,19,47.77,0.972,1,0,11.353,11.353,1,50,10690,199283.2,100.0,8,12.84
1786082003864,1919,v1,0.075,0.2647,0.145,0.9278,0.4741,0.02133,0.1387,0.002705,0.663,1,21,90.09,0.592,1,0,13.0,13.0,1,50,9863,221631.5,100.0,13,11.19
1786081996112,1920,v1,0.0326,0.3036,0.3283,1.7801,0.929,0.01963,0.0943,0.002037,0.68,0,12,59.57,0.763,1,5597,11.0,6.156,0,50,10618,559142.7,33.79,18,7.81
1786081998748,1921,v1,0.0298,0.445,0.2046,0.9336,0.2359,0.021,0.1687,0.003416,0.634,1,22,53.51,0.662,1,1671,13.0,10.845,1,50,10824,240021.5,100.0,13,12.99
1786082001784,1922,v1,0.0136,0.7635,0.4866,2.0887,0.9533,0.03173,0.2434,0.003099,0.607,1,20,56.41,0.748,1,1464,14.978,12.858,0,50,10916,331973.0,86.79,14,11.84
1786082005244,1923,v1,0.0617,0.49,0.3973,1.8723,0.6907,0.003,0.2062,0.001341,0.645,1,36,64.79,0.629,1,2557,20.176,15.013,0,50,10575,392750.7,88.68,17,5.44
1786081995789,1924,v1,0.0253,0.537,0.2304,2.2704,0.4899,0.00968,0.2217,0.003498,0.681,1,28,28.81,0.764,1,1602,14.828,12.56,1,50,11355,255996.9,100.0,13,18.9
1786081998471,1925,v1,0.0657,0.3085,0.4812,1.5205,0.851,0.01544,0.2225,0.001335,0.683,0,21,55.81,0.471,1,0,16.866,16.866,0,50,9969,300263.3,88.44,16,5.04
1786082001354,1926,v1,0.0381,0.9636,0.2315,1.356,0.7877,0.02152,0.0585,0.002268,0.606,0,5,89.23,0.701,1,0,4.0,4.0,0,50,10765,313363.8,86.73,15,9.02
1786082004000,1927,v1,0.0112,0.5167,0.4831,1.7703,0.6773,0.02233,0.1379,0.003227,0.678,0,34,72.11,0.378,1,0,14.352,14.352,1,50,9695,213647.5,100.0,13,12.39
1786082004269,1928,v1,0.0269,0.6543,0.1193,1.2935,0.6065,0.00312,0.1207,0.001827,0.612,0,13,70.85,0.476,1,3433,12.0,8.582,1,50,10269,245375.0,100.0,13,38.79
1786082008503,1929,v1,0.0585,0.6849,0.462,1.7909,0.1471,0.02353,0.094,0.002464,0.664,0,11,39.54,0.867,1,7334,10.0,4.453,0,50,10840,571392.2,29.17,16,9.16
1786082011022,1930,v1,0.0376,0.4576,0.32,1.4552,0.3748,0.01969,0.2174,0.002534,0.606,1,33,75.81,0.617,1,0,11.965,11.965,1,50,10418,183740.6,100.0,7,9.15
1786082015591,1931,v1,0.0763,0.4302,0.1173,2.1346,0.3962,0.00857,0.1198,0.002076,0.64,1,12,72.18,0.74,1,8806,11.0,1.717,0,50,10689,587420.1,13.76,-1,8.44
1786082005230,1932,v1,0.0468,0.5707,0.1537,1.0102,0.7475,0.02142,0.0916,0.002519,0.658,1,22,43.86,0.948,1,1484,17.034,14.268,0,50,9556,343679.9,88.33,16,9.87
1786082007811,1933,v1,0.0278,0.8528,0.1216,1.1903,0.7874,0.01414,0.1107,0.002633,0.627,0,19,44.78,0.813,1,0,13.0,13.0,1,50,11730,254268.9,100.0,13,9.55
1786082010546,1934,v1,0.0233,0.971,0.3994,1.3233,0.8565,0.00402,0.0527,0.001716,0.717,1,17,40.73,0.454,1,0,13.0,13.0,1,50,10316,232523.0,100.0,13,6.49
1786082015483,1935,v1,0.0115,0.4509,0.3352,1.338,0.7421,0.02554,0.1445,0.002551,0.719,1,27,33.46,0.497,1,0,0.0,0.0,0,50,11646,684578.5,0.0,-1,9.96
1786082005516,1936,v1,0.0251,0.8854,0.2078,1.0687,0.435,0.01139,0.0928,0.002853,0.594,1,18,54.8,0.399,1,327,16.773,16.185,0,50,9518,304704.8,93.94,16,11.06
1786082009857,1937,v1,0.0654,0.5662,0.4587,1.6834,0.6065,0.02247,0.0575,0.002027,0.619,1,11,59.38,0.728,1,10498,10.0,0.0,0,50,10738,605424.6,0.0,-1,8.05
1786082012528,1938,v1,0.0712,0.6468,0.2415,1.9368,0.5765,0.0203,0.0969,0.003568,0.641,0,34,27.87,0.659,1,606,11.662,11.041,1,50,10698,175946.4,100.0,6,13.75
1786082015372,1939,v1,0.047,0.4725,0.2733,1.1726,0.2678,0.0281,0.086,0.003663,0.673,0,29,56.48,0.985,1,0,17.998,17.998,0,50,9787,293443.1,86.19,16,13.98
1786082006573,1940,v1,0.0334,0.5859,0.2088,1.5699,0.7968,0.01609,0.2396,0.002225,0.678,1,21,51.81,0.987,1,0,13.0,13.0,1,50,10616,231546.4,100.0,13,8.43
1786082009540,1941,v1,0.0646,0.4352,0.1199,1.5845,0.5411,0.01776,0.157,0.003654,0.66,0,23,88.88,0.984,1,0,17.223,17.223,0,50,10802,341407.1,89.26,16,13.46
1786082013984,1942,v1,0.0183,0.3539,0.4867,2.127,0.7252,0.01109,0.0639,0.001677,0.687,1,31,75.69,0.852,1,0,0.0,0.0,0,50,10283,614489.3,0.0,-1,6.4
1786082016324,1943,v1,0.0745,0.8192,0.4683,1.3123,0.8213,0.01803,0.1206,0.002308,0.65,0,7,23.95,0.318,1,2169,6.0,5.089,1,50,9653,202235.4,100.0,13,8.29
1786082007837,1944,v1,0.0392,0.9717,0.2676,2.02,0.1518,0.02406,0.1997,0.003669,0.7,1,28,57.94,0.301,1,2053,20.558,16.073,0,50,10587,485330.5,87.62,18,13.6
1786082010751,1945,v1,0.0637,0.9838,0.106,2.4945,0.9824,0.00676,0.1912,0.001879,0.621,0,31,38.82,0.427,1,0,19.048,19.048,0,50,10179,329056.2,84.69,17,7.35
1786082013672,1946,v1,0.0321,0.3662,0.2378,2.0664,0.1134,0.00464,0.1327,0.003239,0.643,0,28,70.07,0.349,1,0,15.016,15.016,1,50,11160,255917.1,100.0,14,11.6
1786082015835,1947,v1,0.0534,0.882,0.3651,1.5182,0.4698,0.02027,0.0718,0.003494,0.615,0,23,34.37,0.539,1,0,9.169,9.169,1,50,10138,139243.2,100.0,5,12.72
1786082008102,1948,v1,0.069,0.8495,0.4572,1.3887,0.3476,0.009,0.2088,0.001953,0.664,0,5,21.82,0.802,1,5826,4.0,2.958,1,50,11281,280262.5,100.0,13,11.72
1786082010129,1949,v1,0.0405,0.2684,0.4135,1.4143,0.6347,0.02545,0.0665,0.002592,0.584,0,14,36.54,0.941,1,0,6.943,6.943,1,50,10840,105793.0,100.0,5,9.93
1786082012973,1950,v1,0.0371,0.6868,0.2316,1.0145,0.6724,0.02455,0.1519,0.00183,0.679,1,34,88.98,0.72,1,0,14.363,14.363,1,50,10249,237505.5,100.0,13,7.14
1786082015748,1951,v1,0.0602,0.5562,0.1995,2.4278,0.9131,0.00916,0.1736,0.002788,0.6,1,18,66.79,0.633,1,0,16.329,16.329,0,50,9828,302667.9,86.65,16,10.29
1786082009582,1952,v1,0.0627,0.9134,0.2024,1.1542,0.8125,0.01593,0.2461,0.002041,0.701,0,12,40.32,0.413,1,3613,11.0,8.064,0,50,11325,505335.7,59.92,17,7.85
1786082013617,1953,v1,0.0436,0.7061,0.3134,1.3156,0.7044,0.02654,0.234,0.003718,0.58,1,9,71.34,0.549,1,6917,8.0,2.409,0,50,10208,485164.8,26.99,14,13.81
1786082016165,1954,v1,0.0488,0.6742,0.1249,1.4022,0.1395,0.03,0.2409,0.002398,0.65,0,22,53.75,0.46,1,0,16.382,16.382,0,50,10383,324726.8,92.74,15,8.58
1786082018241,1955,v1,0.069,0.805,0.2817,0.9953,0.9673,0.02935,0.2393,0.002746,0.651,1,24,21.61,0.797,1,1609,8.56,7.138,1,50,10245,130694.7,100.0,6,10.24
1786082018123,1956,v1,0.0407,0.3605,0.4619,1.6699,0.7742,0.00692,0.1868,0.00371,0.607,0,16,86.81,0.79,1,0,11.221,11.221,1,50,10264,187807.2,100.0,9,13.85
1786082021176,1957,v1,0.0527,0.9046,0.2112,1.6703,0.9736,0.01861,0.1799,0.002399,0.654,0,27,47.08,0.688,1,0,18.122,18.122,0,50,10571,326084.8,93.59,16,9.24
1786082023623,1958,v1,0.0254,0.5513,0.4793,0.8213,0.5383,0.00935,0.0639,0.00312,0.625,0,23,71.83,0.647,1,0,13.202,13.202,1,50,10293,226019.4,100.0,13,11.74
1786082026312,1959,v1,0.0467,0.3176,0.4703,1.0067,0.5582,0.00518,0.248,0.003419,0.719,0,6,63.52,0.995,1,6596,5.0,3.011,1,50,10120,266417.7,100.0,14,47.72
1786082018918,1960,v1,0.0799,0.3511,0.4174,1.6408,0.8673,0.03184,0.2338,0.00234,0.58,1,32,48.4,0.779,1,1504,14.392,12.018,0,50,9661,229894.6,89.63,10,8.75
1786082021635,1961,v1,0.0249,0.4287,0.3917,1.0184,0.8123,0.02805,0.0915,0.003207,0.614,1,29,83.07,0.432,1,0,16.494,16.494,0,50,10199,274848.8,86.53,14,12.18
1786082025887,1962,v1,0.0447,0.5341,0.1307,1.5284,0.4659,0.02176,0.1188,0.001405,0.708,1,5,22.39,0.384,1,5412,4.0,1.966,0,50,10719,571924.5,43.41,18,5.55
1786082030322,1963,v1,0.0256,0.9294,0.1689,2.005,0.3363,0.00992,0.186,0.001231,0.68,0,29,66.49,0.492,1,0,0.0,0.0,0,50,11098,672380.9,0.0,-1,4.8
1786082019975,1964,v1,0.0738,0.2308,0.3916,2.0859,0.5886,0.01755,0.1875,0.003386,0.597,1,29,51.83,0.318,1,595,16.911,15.84,0,50,10269,297680.9,97.36,15,12.94
1786082024322,1965,v1,0.0222,0.8651,0.251,1.0541,0.3913,0.01847,0.1878,0.002159,0.671,1,6,96.64,0.686,1,9395,5.0,0.858,0,50,11475,648349.9,8.44,-1,8.7
1786082028812,1966,v1,0.0419,0.9512,0.4488,1.64,0.5251,0.00951,0.1853,0.001724,0.715,1,5,96.73,0.54,1,7671,4.0,1.094,0,50,10629,646199.2,3.49,-1,6.77
1786082031564,1967,v1,0.0519,0.8442,0.1288,2.118,0.6492,0.00928,0.1003,0.002802,0.719,1,20,32.67,0.956,1,0,13.0,13.0,1,50,10643,234425.8,100.0,13,10.46
1786082021663,1968,v1,0.016,0.67,0.1421,0.8192,0.1021,0.02176,0.1318,0.002811,0.653,1,4,42.55,0.637,1,8803,3.0,0.288,0,50,9823,562410.4,6.57,-1,10.56
1786082026025,1969,v1,0.0171,0.7405,0.1122,0.8595,0.9026,0.00385,0.1826,0.002473,0.628,1,16,79.58,0.456,1,6359,15.0,5.542,0,50,10460,609569.7,0.0,-1,9.27
1786082028512,1970,v1,0.0481,0.3747,0.2891,1.4251,0.5585,0.02141,0.1395,0.001709,0.638,1,32,71.93,0.614,1,1326,18.18,15.64,0,50,9978,319165.5,83.93,15,6.93
1786082031045,1971,v1,0.0709,0.4734,0.1118,2.2989,0.5057,0.02008,0.2171,0.003724,0.597,0,35,81.32,0.662,1,0,13.673,13.673,1,50,10178,216294.9,100.0,13,14.12
1786082020767,1972,v1,0.045,0.2791,0.1141,1.2491,0.5053,0.0247,0.1157,0.003484,0.669,0,36,58.53,0.666,1,0,19.546,19.546,0,50,10219,308090.0,91.69,16,12.84
1786082025278,1973,v1,0.012,0.8866,0.1604,1.5043,0.314,0.00712,0.0624,0.002976,0.694,0,26,28.08,0.348,1,0,0.0,0.0,0,50,11040,613295.2,0.0,-1,11.62
1786082027809,1974,v1,0.023,0.9233,0.3426,1.1875,0.1132,0.02639,0.0587,0.003061,0.6,0,22,71.35,0.597,1,0,10.156,10.156,1,50,11364,175565.9,100.0,6,11.4
1786082031329,1975,v1,0.0194,0.701,0.4001,2.3006,0.3725,0.02065,0.1753,0.002151,0.651,0,30,56.48,0.727,1,0,10.423,10.423,0,50,10323,494024.4,46.05,18,8.62
1786082022235,1976,v1,0.0746,0.3426,0.2668,2.2012,0.1159,0.03048,0.2121,0.003644,0.662,1,6,63.09,0.498,1,6255,5.0,1.742,0,50,9759,487623.3,29.31,15,13.57
1786082025035,1977,v1,0.0248,0.8626,0.4989,1.7406,0.124,0.0202,0.2288,0.002809,0.712,1,34,46.73,0.667,1,1942,14.352,11.636,1,50,11241,262793.5,100.0,13,10.63
1786082028499,1978,v1,0.0261,0.2139,0.4452,1.5586,0.9251,0.02282,0.0901,0.003646,0.594,0,12,72.01,0.846,1,6123,11.0,5.104,0,50,9746,445362.3,31.4,15,13.7
1786082031646,1979,v1,0.0693,0.6078,0.3497,2.2156,0.9475,0.01632,0.0804,0.002382,0.659,1,10,68.04,0.875,1,9710,9.0,0.144,1,50,10083,285944.7,100.0,20,31.39
1786082021651,1980,v1,0.0619,0.5406,0.1006,2.0991,0.9644,0.02407,0.1046,0.001322,0.627,1,35,68.64,0.879,1,1532,13.055,11.05,1,50,10246,201576.6,100.0,9,5.2
1786082023761,1981,v1,0.0436,0.9883,0.3959,1.093,0.3127,0.01342,0.1736,0.002294,0.59,0,22,47.5,0.969,1,0,6.802,6.802,1,50,10858,101285.1,100.0,4,8.4
1786082026272,1982,v1,0.0566,0.2908,0.4292,2.1894,0.6059,0.02423,0.1033,0.002394,0.72,1,23,23.33,0.88,1,1607,14.052,11.837,1,50,10617,236182.1,100.0,14,9.38
1786082028832,1983,v1,0.0424,0.5883,0.1871,1.3036,0.1823,0.01882,0.2495,0.002563,0.677,1,17,28.07,0.61,1,0,13.0,13.0,1,50,11089,252370.1,100.0,13,9.76
1786082029683,1984,v1,0.0189,0.4717,0.4041,1.0607,0.7201,0.01538,0.1973,0.001835,0.659,1,33,97.52,0.694,1,0,14.367,14.367,1,50,10646,238911.4,100.0,13,7.37
1786082032146,1985,v1,0.0511,0.9134,0.36,2.1372,0.4984,0.02053,0.0697,0.001779,0.671,0,4,67.58,0.966,1,6463,3.0,2.339,1,50,9836,259965.7,100.0,13,68.29
1786082034995,1986,v1,0.0456,0.2734,0.1713,1.8251,0.1024,0.01969,0.1005,0.003034,0.7,0,33,54.36,0.963,1,0,23.446,23.446,0,50,11096,519444.5,85.05,18,11.25
1786082038608,1987,v1,0.0281,0.9795,0.194,2.245,0.6619,0.0032,0.2232,0.001703,0.692,0,33,25.25,0.743,1,0,0.0,0.0,0,50,10876,663458.1,0.0,-1,6.36
1786082031819,1988,v1,0.0189,0.4346,0.4714,1.2793,0.5933,0.02331,0.1304,0.002729,0.605,0,12,20.45,0.55,1,2042,9.491,7.644,1,50,9719,181846.0,100.0,8,29.66
1786082034389,1989,v1,0.0787,0.773,0.3061,2.1585,0.6477,0.01552,0.0861,0.002592,0.701,0,32,48.44,0.338,1,0,20.375,20.375,0,50,10879,415570.1,93.94,17,9.89
1786082038161,1990,v1,0.0331,0.9474,0.2693,1.6929,0.9523,0.01583,0.0919,0.001436,0.623,1,16,32.25,0.912,1,10507,15.0,0.0,0,50,10735,655537.6,0.0,-1,5.52
1786082039828,1991,v1,0.0782,0.5079,0.1105,1.5397,0.392,0.0137,0.1815,0.003728,0.616,0,13,96.31,0.501,1,0,12.0,12.0,0,50,9713,308521.5,92.36,15,13.96
1786082034080,1992,v1,0.0336,0.7539,0.1261,2.3346,0.6439,0.00518,0.1558,0.002194,0.615,0,34,93.85,0.389,1,0,11.11,11.11,0,50,9914,506363.0,49.15,19,8.03
1786082037013,1993,v1,0.0756,0.6921,0.2774,0.957,0.678,0.02016,0.1301,0.002618,0.634,1,9,26.95,0.566,1,7383,8.0,1.948,0,50,9969,493832.0,30.66,15,9.81
1786082039954,1994,v1,0.0286,0.6759,0.3234,2.4279,0.5312,0.01471,0.0817,0.001905,0.706,0,27,98.65,0.474,1,0,0.0,0.0,0,50,9564,558229.0,0.0,-1,7.12
1786082041147,1995,v1,0.0586,0.7191,0.3947,2.2394,0.607,0.02911,0.0795,0.003573,0.695,0,32,29.37,0.824,1,0,18.525,18.525,0,50,10077,289939.1,83.93,16,13.85
1786082033807,1996,v1,0.0611,0.6646,0.3526,1.0084,0.2663,0.02137,0.2438,0.003069,0.66,1,35,27.33,0.474,1,829,14.059,12.864,1,50,10683,228950.8,100.0,13,11.39
1786082035538,1997,v1,0.0331,0.6675,0.2372,1.4391,0.9386,0.01799,0.2453,0.001653,0.585,1,14,97.86,0.676,1,0,9.723,9.723,1,50,9873,154496.9,100.0,6,6.41
1786082038644,1998,v1,0.0427,0.8002,0.486,1.2369,0.4717,0.01129,0.1881,0.002995,0.602,0,9,70.82,0.776,1,5747,8.0,4.95,0,50,11575,502520.0,43.9,15,11.21
1786082040184,1999,v1,0.0451,0.2238,0.4374,2.1576,0.966,0.01629,0.2091,0.002601,0.625,0,4,99.19,0.585,1,0,3.0,3.0,1,50,9750,197349.0,100.0,10,10.25
1786082049421,2000,v1,0.053,0.4833,0.1773,2.4073,0.8483,0.00832,0.1729,0.00279,0.63,0,11,23.68,0.603,1,3888,10.0,6.784,0,50,9918,477694.4,53.7,17,10.01
1786082051725,2001,v1,0.0546,0.2686,0.3013,2.4783,0.5016,0.02409,0.1778,0.001493,0.71,0,30,71.83,0.88,1,0,15.077,15.077,1,50,10281,249841.2,100.0,13,5.89
1786082054180,2002,v1,0.0235,0.9762,0.3715,1.3591,0.3197,0.01131,0.1526,0.001481,0.689,1,11,94.18,0.701,1,8899,10.0,1.126,1,50,10178,278059.0,100.0,24,89.41
1786082057016,2003,v1,0.065,0.8606,0.2574,2.1603,0.8654,0.01282,0.1805,0.003225,0.631,0,22,59.48,0.865,1,0,16.776,16.776,0,50,10346,311718.2,90.55,16,12.12
1786082049067,2004,v1,0.0303,0.5374,0.4981,1.2856,0.7601,0.01752,0.1746,0.001742,0.622,1,16,53.83,0.862,1,0,12.836,12.836,1,50,10000,223504.5,100.0,13,6.71
1786082051781,2005,v1,0.042,0.7333,0.3863,0.9119,0.9813,0.02978,0.0588,0.00269,0.63,1,21,55.93,0.349,1,816,15.115,13.923,0,50,10800,310654.0,85.6,14,10.17
1786082053954,2006,v1,0.0596,0.9806,0.481,2.182,0.9546,0.02957,0.0619,0.002929,0.611,1,9,37.18,0.791,1,3906,5.802,3.044,1,50,10279,147989.6,100.0,4,26.43
1786082058175,2007,v1,0.0773,0.744,0.2506,2.4924,0.9684,0.0132,0.1442,0.002326,0.614,1,10,42.7,0.791,1,9507,9.0,0.757,0,50,10586,611953.4,7.66,-1,8.56
1786082049765,2008,v1,0.0282,0.3735,0.3936,2.1196,0.6283,0.022,0.1371,0.001399,0.708,1,13,36.85,0.949,1,10580,12.0,0.0,1,50,10739,294307.6,0.0,-1,100.0
1786082052629,2009,v1,0.0374,0.4376,0.3336,1.5216,0.8469,0.01217,0.0832,0.001884,0.65,1,8,49.57,0.492,1,7209,7.0,2.422,1,50,11177,281345.8,100.0,13,67.62
1786082055505,2010,v1,0.0478,0.8046,0.3996,2.3467,0.8122,0.02908,0.1331,0.00297,0.626,1,33,37.27,0.65,1,1302,17.697,15.253,0,50,10287,311498.6,84.07,15,11.29
1786082059832,2011,v1,0.0299,0.6072,0.4879,1.7755,0.8025,0.00491,0.1228,0.001441,0.704,0,14,56.46,0.672,1,4360,13.0,8.328,0,50,10450,607072.8,0.0,-1,5.67
1786082050390,2012,v1,0.0742,0.968,0.1923,2.4413,0.5112,0.02058,0.062,0.002373,0.639,1,32,82.93,0.649,1,0,18.314,18.314,0,50,10741,312502.0,99.03,16,9.11
1786082053531,2013,v1,0.0544,0.8689,0.1317,2.3196,0.4239,0.01397,0.0885,0.001616,0.639,1,36,76.18,0.546,1,0,21.413,21.413,0,50,10102,402795.5,84.22,16,6.25
1786082057347,2014,v1,0.0721,0.7117,0.3068,1.4674,0.1673,0.01819,0.0722,0.002358,0.698,0,15,45.83,0.751,1,3853,14.0,9.439,0,50,10491,515435.7,55.46,17,9.24
1786082059856,2015,v1,0.0116,0.6951,0.1109,0.8637,0.9907,0.01383,0.0798,0.001229,0.718,0,36,97.46,0.303,1,0,16.179,16.179,1,50,9807,232386.4,100.0,14,5.05
1786082051286,2016,v1,0.0341,0.9068,0.484,2.3131,0.2311,0.0313,0.2359,0.001587,0.69,1,12,70.34,0.587,1,7563,11.0,3.543,1,50,11347,286605.7,100.0,13,69.92
1786082053659,2017,v1,0.0199,0.2493,0.376,2.3723,0.7295,0.01492,0.2207,0.002935,0.623,1,35,61.19,0.958,1,1515,15.242,12.814,1,50,10386,236794.8,100.0,13,11.27
1786082056066,2018,v1,0.0681,0.6511,0.2609,2.071,0.8721,0.02154,0.1309,0.003294,0.606,0,28,90.46,0.855,1,0,16.967,16.967,0,50,10034,274518.8,90.45,15,12.48
1786082058985,2019,v1,0.0726,0.5077,0.2631,1.7995,0.266,0.02166,0.1626,0.002893,0.584,1,26,73.86,0.78,1,0,16.006,16.006,0,50,10354,282635.3,87.64,14,10.57
1786082051289,2020,v1,0.0423,0.3564,0.3699,1.6953,0.7762,0.03103,0.0871,0.001572,0.653,0,35,91.18,0.905,1,0,13.223,13.223,1,50,10432,205602.5,100.0,9,5.85
1786082053692,2021,v1,0.0352,0.4359,0.1936,1.0988,0.389,0.02444,0.117,0.003727,0.705,0,31,42.47,0.358,1,0,20.706,20.706,0,50,8811,338100.7,86.04,17,13.71
1786082056215,2022,v1,0.0133,0.3848,0.4404,2.0964,0.9972,0.02861,0.1803,0.003659,0.585,0,17,37.78,0.388,1,0,14.12,14.12,0,50,10646,269413.5,95.87,14,13.59
1786082061060,2023,v1,0.0157,0.5418,0.1766,1.0018,0.4292,0.01659,0.156,0.001388,0.644,0,19,33.55,0.966,1,5345,18.0,9.751,0,50,10631,616457.4,11.13,-1,5.36
1786082052636,2024,v1,0.0753,0.6974,0.3665,1.2574,0.8767,0.00633,0.0915,0.002765,0.608,1,30,29.01,0.836,1,1722,17.553,14.599,0,50,11020,355252.9,89.01,15,10.29
1786082055025,2025,v1,0.0716,0.3223,0.4676,2.4181,0.4482,0.02757,0.1641,0.002909,0.673,0,18,37.81,0.56,1,0,13.0,13.0,1,50,10107,233969.6,100.0,13,10.74
1786082057666,2026,v1,0.0441,0.5224,0.1297,1.57,0.4586,0.02362,0.23,0.003234,0.61,1,24,23.63,0.715,1,1222,16.291,14.263,0,50,10517,330019.7,88.37,15,12.35
1786082060146,2027,v1,0.0458,0.8926,0.122,1.0887,0.7105,0.02527,0.0536,0.00161,0.678,1,19,49.02,0.32,1,0,13.0,13.0,1,50,10665,243582.2,100.0,13,6.39
1786082059953,2028,v1,0.0109,0.5133,0.1523,1.0249,0.8221,0.00764,0.2336,0.00159,0.632,0,24,26.57,0.499,1,596,13.364,12.624,1,50,9368,212972.3,100.0,13,11.94
1786082062741,2029,v1,0.0735,0.6217,0.238,1.2874,0.3763,0.01831,0.1427,0.001212,0.679,1,9,49.26,0.396,1,4722,8.0,4.212,1,50,10070,245459.0,100.0,13,4.79
1786082065020,2030,v1,0.0715,0.9194,0.216,2.0497,0.4328,0.03045,0.2312,0.003259,0.609,0,7,47.28,0.551,1,1506,4.839,4.249,1,50,10416,132386.5,100.0,4,12.49
1786082067429,2031,v1,0.0213,0.6065,0.36,1.812,0.6358,0.0093,0.0779,0.002696,0.647,0,36,41.86,0.478,1,0,14.721,14.721,1,50,9832,222198.6,100.0,13,10.19
1786082062038,2032,v1,0.056,0.3762,0.2778,0.8957,0.7391,0.01594,0.1494,0.002884,0.719,1,27,88.11,0.926,1,0,19.254,19.254,0,50,11048,395118.1,86.4,18,11.07
1786082065192,2033,v1,0.0543,0.8003,0.1033,1.1418,0.5603,0.02577,0.0724,0.002775,0.598,1,6,58.69,0.529,1,7423,5.0,1.556,1,50,10913,253792.9,100.0,13,13.07
1786082068197,2034,v1,0.054,0.6585,0.3575,1.0767,0.5663,0.02577,0.136,0.003405,0.659,1,8,47.52,0.422,1,6331,7.0,3.089,1,50,11601,279763.3,100.0,13,14.54
1786082070590,2035,v1,0.0615,0.8713,0.3315,1.9297,0.6132,0.01058,0.1083,0.001513,0.636,1,32,32.16,0.377,1,640,18.962,17.623,0,50,9376,303567.9,94.0,16,5.61
1786082062374,2036,v1,0.0445,0.5463,0.1771,2.3468,0.8099,0.01995,0.0954,0.002311,0.685,0,11,58.45,0.381,1,1958,10.0,8.331,1,50,9610,227086.2,100.0,13,27.99
1786082065975,2037,v1,0.0318,0.7152,0.3402,2.4629,0.6502,0.0319,0.0627,0.002114,0.62,1,5,61.81,0.413,1,4780,4.0,2.036,0,50,9810,409947.2,43.72,15,8.58
1786082069873,2038,v1,0.0198,0.6368,0.4798,1.5837,0.7454,0.02523,0.061,0.001679,0.65,0,13,68.98,0.731,1,5631,12.0,6.162,0,50,9829,460198.8,35.4,17,6.16
1786082072288,2039,v1,0.0781,0.8265,0.2642,1.2137,0.9887,0.02923,0.1809,0.001996,0.719,1,31,26.91,0.447,1,0,14.342,14.342,1,50,10392,240526.6,100.0,13,7.64
1786082063016,2040,v1,0.0532,0.9188,0.4815,1.7697,0.214,0.01353,0.1371,0.001752,0.606,0,22,99.02,0.78,1,0,10.238,10.238,1,50,11031,183429.9,100.0,5,6.63
1786082065396,2041,v1,0.0309,0.4144,0.4735,2.3697,0.8353,0.03146,0.162,0.003178,0.63,1,31,92.65,0.362,1,0,12.451,12.451,1,50,10749,195951.4,100.0,9,11.67
1786082067844,2042,v1,0.0601,0.6212,0.463,2.4893,0.8961,0.01445,0.2395,0.003249,0.651,0,14,36.14,0.466,1,0,11.017,11.017,1,50,10427,182836.9,100.0,8,11.87
1786082070521,2043,v1,0.0319,0.4406,0.3827,0.9013,0.9773,0.00492,0.1868,0.003096,0.638,0,25,53.29,0.962,1,0,18.88,18.88,0,50,10551,355183.1,86.46,17,11.66
1786082064471,2044,v1,0.0315,0.2478,0.4977,1.2272,0.3359,0.00956,0.1802,0.003493,0.667,0,26,45.11,0.779,1,0,15.409,15.409,0,50,10180,490216.9,75.03,19,13.04
1786082068059,2045,v1,0.0628,0.5217,0.4732,0.8728,0.3283,0.02697,0.2325,0.001351,0.606,0,11,63.49,0.437,1,3065,10.0,7.654,0,50,10600,373422.4,66.05,13,5.4
1786082070377,2046,v1,0.0532,0.8318,0.3649,1.515,0.4244,0.00445,0.0536,0.002375,0.633,0,19,20.51,0.666,1,0,13.0,13.0,1,50,9535,219206.5,100.0,13,8.2
1786082072744,2047,v1,0.0744,0.7938,0.3953,1.0561,0.3385,0.01112,0.0516,0.001709,0.708,0,23,25.48,0.638,1,562,12.442,11.845,1,50,9963,207466.9,100.0,13,6.5
1786082064905,2048,v1,0.0418,0.5084,0.2045,0.843,0.1591,0.02411,0.1563,0.001517,0.657,1,6,61.24,0.988,1,10959,5.0,0.0,1,50,11046,302830.4,100.0,20,53.86
1786082069766,2049,v1,0.0172,0.6623,0.4284,0.949,0.7996,0.02207,0.1845,0.003166,0.696,0,30,92.08,0.669,1,0,1.047,1.047,0,50,11659,650278.0,4.82,-1,12.07
1786082072546,2050,v1,0.034,0.8439,0.2708,2.4017,0.3752,0.0158,0.2012,0.003572,0.605,1,30,89.51,0.999,1,0,18.672,18.672,0,50,10997,339149.9,93.54,16,13.47
1786082075085,2051,v1,0.0216,0.4095,0.1641,2.2078,0.981,0.01127,0.1921,0.002917,0.585,1,30,47.58,0.51,1,0,14.365,14.365,1,50,10012,224367.9,100.0,13,11.2
1786082065928,2052,v1,0.0317,0.6817,0.324,1.0754,0.4759,0.02407,0.111,0.001901,0.713,1,24,47.19,0.844,1,1796,19.211,16.065,0,50,11369,503553.1,92.29,18,7.41
1786082070047,2053,v1,0.0366,0.6588,0.1222,1.2056,0.122,0.00799,0.1568,0.003023,0.688,0,24,32.82,0.957,1,0,2.924,2.924,0,50,10494,602463.8,14.87,-1,11.42
1786082072452,2054,v1,0.0612,0.9879,0.1978,1.1499,0.6984,0.02618,0.0528,0.001918,0.592,1,27,77.26,0.92,1,0,9.011,9.011,1,50,11740,148092.2,100.0,4,7.68
1786082075287,2055,v1,0.0756,0.7183,0.3845,1.3505,0.7498,0.02439,0.1439,0.002958,0.643,1,30,82.55,0.603,1,0,17.196,17.196,0,50,10398,298126.7,100.0,15,11.13
1786082071089,2056,v1,0.0571,0.9125,0.3187,0.9694,0.1702,0.0218,0.1085,0.003111,0.652,0,21,60.4,0.81,1,0,16.074,16.074,0,50,11163,369374.8,88.62,15,12.89
1786082074175,2057,v1,0.0284,0.5694,0.3198,0.9381,0.2533,0.01154,0.1164,0.002636,0.596,1,31,39.94,0.587,1,1151,18.333,16.057,0,50,9929,315355.4,87.23,16,10.02
1786082078275,2058,v1,0.0157,0.6543,0.153,1.986,0.3255,0.01579,0.2016,0.003153,0.717,0,6,80.66,0.708,1,0,5.0,5.0,0,50,9722,542899.6,0.0,-1,12.11
1786082080832,2059,v1,0.0202,0.7128,0.3389,1.5626,0.8329,0.02862,0.075,0.003053,0.707,1,12,39.46,0.85,1,10094,11.0,0.0,1,50,10416,295095.9,0.0,-1,100.0
1786082074935,2060,v1,0.0427,0.341,0.2079,1.4927,0.3582,0.01869,0.1509,0.001455,0.671,0,8,80.33,0.618,1,0,7.0,7.0,0,50,11241,456265.6,84.05,17,5.51
1786082079196,2061,v1,0.0135,0.4055,0.4845,1.5918,0.9789,0.00815,0.1763,0.002813,0.68,1,31,48.48,0.513,1,0,0.0,0.0,0,50,10278,603728.5,0.0,-1,11.04
1786082081527,2062,v1,0.014,0.2566,0.2523,2.1099,0.9997,0.02755,0.1263,0.003552,0.618,1,9,53.86,0.504,1,6525,8.0,2.228,1,50,9304,231328.9,100.0,13,75.95
1786082084221,2063,v1,0.0496,0.319,0.4722,2.4796,0.604,0.00496,0.0759,0.002111,0.586,1,36,54.84,0.787,1,0,19.352,19.352,0,50,9413,277064.0,88.13,16,8.12
1786082074728,2064,v1,0.0243,0.4561,0.4445,1.2555,0.9803,0.03021,0.1426,0.002039,0.598,0,27,60.93,0.508,1,0,14.715,14.715,0,50,9923,239989.6,92.33,12,7.61
1786082077339,2065,v1,0.014,0.4255,0.4011,1.0278,0.2089,0.00359,0.1961,0.003461,0.692,1,30,64.46,0.854,1,0,16.603,16.603,1,50,10013,249607.5,100.0,15,13.43
1786082079796,2066,v1,0.0281,0.9675,0.3329,1.4231,0.4536,0.01462,0.169,0.003125,0.66,1,34,96.28,0.683,1,0,14.362,14.362,1,50,10601,235791.7,100.0,13,11.89
1786082083936,2067,v1,0.0202,0.2306,0.345,2.0157,0.2873,0.02578,0.2303,0.002281,0.588,1,12,95.58,0.605,1,7512,11.0,3.233,0,50,10903,545284.4,24.89,15,8.46
1786082075615,2068,v1,0.0572,0.364,0.3036,2.3822,0.8633,0.02376,0.0568,0.002388,0.625,0,6,37.05,0.582,1,3513,5.0,3.978,1,50,10435,250590.5,100.0,13,40.06
1786082077986,2069,v1,0.0342,0.6229,0.3989,0.9037,0.9005,0.00936,0.2219,0.003144,0.67,1,15,36.6,0.866,1,0,13.0,13.0,1,50,9855,223492.3,100.0,13,11.6
1786082081715,2070,v1,0.0262,0.2465,0.2802,2.4939,0.9579,0.01131,0.1711,0.003375,0.665,0,18,57.7,0.769,1,4811,17.0,8.828,0,50,9338,535554.4,0.0,-1,13.15
1786082085988,2071,v1,0.0769,0.3029,0.3001,1.4012,0.1102,0.02155,0.2336,0.002514,0.677,1,8,20.64,0.839,1,10091,7.0,0.0,0,50,10271,616663.2,0.0,-1,9.76
1786082076129,2072,v1,0.0681,0.9791,0.2229,1.023,0.9086,0.01946,0.0885,0.003654,0.657,1,18,50.03,0.388,1,0,12.001,12.001,1,50,10398,209922.9,100.0,10,12.81
1786082078798,2073,v1,0.0618,0.746,0.4932,0.8195,0.7295,0.00509,0.2368,0.002484,0.608,1,31,76.31,0.913,1,1598,17.576,14.643,0,50,10207,317754.2,85.14,15,9.28
1786082083558,2074,v1,0.0266,0.8474,0.1607,1.0132,0.8332,0.02284,0.2297,0.001821,0.711,1,6,65.4,0.942,1,11209,5.0,0.0,0,50,11326,652456.5,0.0,-1,6.9
1786082086513,2075,v1,0.0187,0.4078,0.1348,2.2797,0.4364,0.00985,0.2131,0.001684,0.679,1,20,37.32,0.619,1,0,14.941,14.941,1,50,10716,263203.2,100.0,15,6.72
1786082078189,2076,v1,0.0648,0.5534,0.3418,1.3741,0.5956,0.01156,0.155,0.001704,0.672,0,32,50.6,0.604,1,0,14.35,14.35,1,50,10177,227534.6,100.0,13,6.87
1786082082291,2077,v1,0.0282,0.4229,0.2981,1.5019,0.3728,0.02476,0.1707,0.002667,0.661,1,11,45.15,0.624,1,7969,10.0,2.108,0,50,10370,565470.5,17.73,-1,10.16
1786082084511,2078,v1,0.0637,0.9584,0.3595,1.2607,0.8053,0.00987,0.2215,0.003122,0.62,0,7,52.64,0.47,1,1433,5.37,4.8,1,50,10229,153059.2,100.0,5,11.96
1786082087228,2079,v1,0.0661,0.6924,0.2281,2.1618,0.2704,0.01948,0.0546,0.003258,0.611,0,23,38.91,0.596,1,0,16.335,16.335,0,50,10049,300920.8,87.83,15,12.01
1786082079336,2080,v1,0.0746,0.7966,0.2168,1.672,0.9351,0.02459,0.1541,0.001683,0.707,0,26,64.72,0.65,1,0,17.8,17.8,0,50,10111,317028.8,90.95,16,6.7
1786082082583,2081,v1,0.0268,0.8247,0.2954,2.4295,0.8989,0.03054,0.1319,0.002635,0.695,1,26,64.24,0.442,1,0,16.555,16.555,0,50,10514,390777.2,76.18,18,10.41
1786082084937,2082,v1,0.0125,0.6707,0.1031,1.0965,0.16,0.02203,0.1815,0.001701,0.632,1,31,98.98,0.389,1,0,14.367,14.367,1,50,9747,219954.9,100.0,13,6.21
1786082087331,2083,v1,0.0491,0.476,0.4739,1.8699,0.5768,0.02226,0.2196,0.002012,0.585,0,28,44.61,0.723,1,0,16.028,16.028,0,50,9310,247720.2,96.46,14,7.85
1786082085117,2084,v1,0.0363,0.5928,0.2726,1.9537,0.4547,0.0093,0.1307,0.003767,0.629,0,20,70.12,0.548,1,0,18.419,18.419,0,50,10850,461692.8,87.89,18,13.35
1786082087587,2085,v1,0.0617,0.8094,0.2532,2.4822,0.8698,0.03116,0.1998,0.001217,0.646,1,6,36.06,0.693,1,7964,4.994,0.984,1,50,9995,264668.7,100.0,23,81.31
1786082090978,2086,v1,0.0463,0.5174,0.2048,1.3916,0.8997,0.01992,0.1491,0.003593,0.672,1,5,24.88,0.6,1,7361,4.0,1.201,0,50,10666,573663.3,25.61,17,13.37
1786082094671,2087,v1,0.0115,0.3606,0.4892,1.7348,0.9845,0.02267,0.2092,0.002177,0.665,1,10,58.83,0.714,1,10590,9.0,0.024,0,50,10830,651256.9,0.1,-1,8.05
1786082088305,2088,v1,0.0304,0.7344,0.3086,1.3481,0.2539,0.02789,0.1019,0.00211,0.604,1,10,82.35,0.501,1,7142,9.0,2.885,0,50,10719,533490.7,29.04,15,8.27
1786082090878,2089,v1,0.035,0.2616,0.3727,1.3116,0.3248,0.0078,0.194,0.001399,0.598,0,31,88.41,0.908,1,0,18.467,18.467,0,50,10920,332712.9,86.58,16,5.42
1786082093481,2090,v1,0.0251,0.654,0.2029,2.0204,0.6365,0.02653,0.06,0.002933,0.649,0,27,42.85,0.554,1,0,18.538,18.538,0,50,10967,347812.4,83.98,16,11.12
1786082095175,2091,v1,0.0609,0.221,0.3564,2.198,0.827,0.02645,0.1851,0.002265,0.596,1,18,71.64,0.535,1,0,9.243,9.243,1,50,10847,156273.8,100.0,5,8.34
1786082087537,2092,v1,0.0778,0.2246,0.1655,1.5171,0.6745,0.01576,0.1938,0.002929,0.6,1,10,69.76,0.44,1,3451,6.896,4.268,1,50,11203,180019.4,100.0,5,11.49
1786082090006,2093,v1,0.0648,0.861,0.3539,1.014,0.6131,0.00596,0.1959,0.002357,0.671,1,28,43.07,0.842,1,2021,18.31,14.296,0,50,9888,401610.1,92.71,16,9.06
1786082093340,2094,v1,0.0713,0.5489,0.1628,2.0791,0.2741,0.0261,0.1583,0.002731,0.719,1,12,43.86,0.338,1,4636,11.0,6.122,0,50,10771,541450.3,46.29,17,10.09
1786082095280,2095,v1,0.0684,0.4269,0.2167,2.0869,0.8378,0.00991,0.1481,0.002812,0.706,0,12,74.43,0.703,1,0,11.0,11.0,1,50,10819,248906.7,100.0,13,10.37
1786082088891,2096,v1,0.0324,0.3017,0.3506,1.7828,0.3652,0.01796,0.1736,0.003023,0.683,0,16,99.99,0.371,1,0,13.93,13.93,1,50,10471,241915.4,100.0,14,11.45
1786082090879,2097,v1,0.0222,0.2497,0.36,1.0104,0.6482,0.00329,0.1596,0.003483,0.665,0,35,53.68,0.328,1,0,16.268,16.268,1,50,9901,239837.6,100.0,14,13.67
1786082092900,2098,v1,0.0467,0.7477,0.1626,1.9303,0.492,0.02021,0.092,0.002127,0.658,1,16,62.05,0.947,1,0,13.0,13.0,1,50,10008,227555.7,100.0,13,8.34
1786082095823,2099,v1,0.0531,0.836,0.3962,1.8016,0.456,0.03089,0.1683,0.002652,0.591,1,11,43.6,0.851,1,9757,10.0,0.0,0,50,10005,582926.6,0.0,-1,10.36
1786082102501,2100,v1,0.053,0.2105,0.1066,0.8484,0.9716,0.02582,0.2121,0.002116,0.592,1,22,20.57,0.869,1,1844,8.084,6.506,1,50,9866,122876.1,100.0,6,8.57
1786082104815,2101,v1,0.0554,0.2122,0.1994,1.8429,0.6343,0.03193,0.0718,0.002326,0.664,0,12,69.12,0.415,1,0,11.0,11.0,1,50,10272,236409.3,100.0,13,9.16
1786082107482,2102,v1,0.0477,0.3081,0.3275,1.2473,0.7482,0.01219,0.0677,0.003579,0.686,1,27,46.13,0.658,1,1253,18.954,16.262,0,50,9580,357789.6,86.12,17,13.28
1786082109696,2103,v1,0.0401,0.3547,0.3268,1.652,0.3287,0.01643,0.2246,0.002843,0.619,1,35,79.65,0.945,1,0,14.562,14.562,1,50,9837,228043.8,100.0,13,10.73
1786082104849,2104,v1,0.0616,0.3084,0.1422,1.4447,0.6399,0.00497,0.2237,0.001773,0.706,0,26,62.37,0.375,1,0,14.936,14.936,0,50,10414,538207.6,69.69,18,6.84
1786082108410,2105,v1,0.08,0.4427,0.4496,2.0162,0.4282,0.0229,0.0606,0.002811,0.704,1,6,71.06,0.633,1,6909,5.0,1.378,0,50,9649,516638.7,23.96,16,9.96
1786082110827,2106,v1,0.053,0.9305,0.234,1.4356,0.1787,0.02613,0.1753,0.002315,0.645,0,10,76.42,0.733,1,0,8.399,8.399,1,50,11070,211992.9,100.0,7,8.9
1786082113712,2107,v1,0.036,0.2635,0.243,1.4519,0.3845,0.00732,0.1481,0.001646,0.588,0,28,29.59,0.719,1,0,18.286,18.286,0,50,10088,319919.2,93.74,16,6.62
1786082104529,2108,v1,0.0186,0.7942,0.4059,1.4532,0.7258,0.00932,0.1878,0.003696,0.583,0,22,97.95,0.567,1,0,17.9,17.9,0,50,9894,318827.2,89.34,17,13.7
1786082107260,2109,v1,0.0345,0.5263,0.2312,1.3516,0.1094,0.02177,0.2485,0.001218,0.656,0,9,65.0,0.755,1,4279,8.0,5.666,1,50,11094,284394.2,100.0,13,41.73
1786082109704,2110,v1,0.0274,0.4867,0.4342,0.9853,0.8673,0.03123,0.1746,0.003191,0.677,1,10,50.75,0.414,1,5865,9.0,3.831,1,50,10496,262242.9,100.0,13,62.44
1786082112124,2111,v1,0.0329,0.492,0.1876,2.0967,0.9866,0.03172,0.1419,0.003295,0.645,1,32,97.83,0.814,1,0,13.48,13.48,1,50,10723,214755.0,100.0,11,12.74
1786082105601,2112,v1,0.047,0.5081,0.3573,1.189,0.1219,0.00787,0.1996,0.002628,0.608,0,27,25.86,0.326,1,823,18.424,17.124,0,50,11232,454069.0,83.89,16,9.54
1786082108217,2113,v1,0.0529,0.4259,0.4899,1.4176,0.9533,0.01861,0.1628,0.00265,0.682,0,32,45.0,0.727,1,0,19.003,19.003,0,50,9900,318528.7,94.32,16,9.93
1786082110835,2114,v1,0.0329,0.9508,0.3829,2.3812,0.9915,0.00597,0.1777,0.001907,0.681,1,10,47.72,0.315,1,3930,9.0,5.642,1,50,10715,260812.9,100.0,13,41.95
1786082113259,2115,v1,0.0586,0.2475,0.3615,1.6466,0.5533,0.02877,0.144,0.003161,0.583,0,15,93.99,0.354,1,0,13.177,13.177,0,50,9713,232953.8,92.54,12,12.31
1786082105132,2116,v1,0.0636,0.2587,0.1304,1.7132,0.4136,0.02093,0.2383,0.002117,0.72,0,13,46.51,0.326,1,1946,12.0,9.862,1,50,9359,228235.1,100.0,14,10.6
1786082107697,2117,v1,0.0475,0.6775,0.4394,1.9183,0.3004,0.02669,0.1439,0.002552,0.675,0,11,81.94,0.592,1,0,10.0,10.0,1,50,10995,239781.3,100.0,13,9.71
1786082110470,2118,v1,0.0195,0.665,0.322,1.033,0.3533,0.0146,0.1515,0.002795,0.581,0,24,63.94,0.84,1,0,16.495,16.495,0,50,10495,309513.7,87.55,15,10.56
1786082113200,2119,v1,0.0405,0.4905,0.2884,1.4274,0.2477,0.01021,0.2276,0.002889,0.692,1,24,84.22,0.915,1,0,14.095,14.095,1,50,10237,241565.8,100.0,13,10.97
1786082106246,2120,v1,0.0576,0.3597,0.1786,2.2223,0.4344,0.02964,0.1158,0.002172,0.591,0,17,57.92,0.657,1,0,14.521,14.521,0,50,10449,283207.6,88.01,14,8.32
1786082108951,2121,v1,0.022,0.878,0.1502,2.2213,0.6458,0.01,0.081,0.00224,0.629,1,7,37.5,0.803,1,10428,6.0,0.0,1,50,10567,290023.7,0.0,-1,100.0
1786082111296,2122,v1,0.0375,0.9736,0.4611,1.7769,0.9532,0.01358,0.2289,0.001455,0.653,0,15,76.72,0.703,1,0,13.0,13.0,1,50,10094,222070.1,100.0,13,5.58
1786082115937,2123,v1,0.0337,0.5047,0.1062,2.4303,0.5985,0.00794,0.054,0.00294,0.672,1,33,49.16,0.603,1,130,0.693,0.384,0,50,11113,601700.3,2.87,-1,11.26
1786082106665,2124,v1,0.01,0.4775,0.4273,0.9207,0.1788,0.00889,0.1558,0.002047,0.581,1,26,41.55,0.55,1,1208,13.689,12.141,1,50,11147,253126.0,100.0,13,14.28
1786082109361,2125,v1,0.0316,0.6954,0.3376,1.7865,0.5228,0.02987,0.0637,0.001927,0.619,1,7,97.69,0.981,1,10219,6.0,0.0,1,50,10338,284575.6,0.0,-1,100.0
1786082111937,2126,v1,0.0108,0.9811,0.3526,1.0039,0.5816,0.0316,0.1224,0.001508,0.68,1,28,87.08,0.453,1,0,14.027,14.027,1,50,10988,255113.5,100.0,13,6.03
1786082114867,2127,v1,0.0152,0.4829,0.1398,1.1006,0.7066,0.01175,0.1882,0.003008,0.581,0,36,90.89,0.932,1,0,20.702,20.702,0,50,10535,336905.2,87.59,17,11.58
1786082113948,2128,v1,0.0175,0.3213,0.4569,2.2682,0.4319,0.03053,0.2373,0.001343,0.652,0,9,27.18,0.725,1,3803,8.0,5.738,0,50,10194,438005.2,54.16,17,5.07
1786082116874,2129,v1,0.0261,0.2175,0.2949,0.9752,0.2996,0.01326,0.1294,0.002979,0.62,0,25,43.72,0.335,1,0,18.291,18.291,0,50,11321,363170.8,86.83,17,10.94
1786082120387,2130,v1,0.0546,0.5688,0.4389,1.4866,0.2231,0.0313,0.1675,0.001922,0.687,0,7,40.81,0.363,1,2172,6.0,5.167,0,50,10552,385549.3,71.82,15,7.61
1786082122714,2131,v1,0.0762,0.3815,0.4295,2.0893,0.1583,0.02256,0.0784,0.003708,0.702,0,19,28.76,0.483,1,0,13.0,13.0,1,50,10077,222853.4,100.0,13,13.8
1786082116060,2132,v1,0.0188,0.3017,0.3915,2.0216,0.6484,0.00613,0.2215,0.001412,0.677,0,9,80.62,0.577,1,4344,8.0,5.476,1,50,10447,268329.8,100.0,15,45.26
1786082118583,2133,v1,0.0191,0.5208,0.1453,1.1711,0.9015,0.02479,0.2477,0.001593,0.694,1,11,42.06,0.481,1,6142,10.0,3.849,1,50,10128,266706.4,100.0,13,63.71
1786082121204,2134,v1,0.0737,0.8117,0.1935,2.3836,0.587,0.02162,0.1883,0.001914,0.649,0,21,98.49,0.85,1,0,13.0,13.0,1,50,10333,236992.4,100.0,13,7.89
1786082125636,2135,v1,0.0425,0.2283,0.1184,2.3785,0.7551,0.01665,0.1386,0.001715,0.706,0,9,43.52,0.924,1,7666,8.0,3.587,0,50,10563,646601.0,7.72,-1,6.73
1786082116400,2136,v1,0.0617,0.3886,0.4783,1.5824,0.2516,0.0248,0.1037,0.0021,0.709,0,30,65.83,0.596,1,0,14.373,14.373,1,50,10406,232125.1,100.0,13,7.95
1786082120497,2137,v1,0.0157,0.8386,0.3348,1.8445,0.4438,0.00626,0.2068,0.003272,0.609,0,7,81.35,0.384,1,2569,6.0,4.993,0,50,10416,610233.2,0.0,-1,12.34
1786082123393,2138,v1,0.0206,0.2668,0.4923,1.7906,0.8503,0.02837,0.1369,0.001742,0.636,0,16,96.79,0.774,1,0,15.0,15.0,0,50,10016,298775.1,86.97,15,7.22
1786082125818,2139,v1,0.0613,0.4382,0.2777,1.3449,0.9957,0.02451,0.1857,0.001735,0.675,0,9,30.23,0.588,1,3353,8.0,5.807,1,50,9300,215874.2,100.0,13,10.25
1786082117324,2140,v1,0.029,0.3499,0.3028,2.123,0.1103,0.02273,0.0532,0.001821,0.616,1,32,62.18,0.755,1,1364,19.451,16.731,0,50,10191,371989.4,87.78,16,7.08
1786082120246,2141,v1,0.0519,0.9675,0.1796,1.0083,0.9052,0.01444,0.1169,0.001739,0.695,0,20,73.39,0.576,1,0,17.652,17.652,0,50,10088,327260.7,84.35,17,6.47
1786082122987,2142,v1,0.0388,0.792,0.2746,1.9273,0.5061,0.0183,0.2043,0.002035,0.599,0,17,96.26,0.953,1,0,12.708,12.708,1,50,11529,241093.8,100.0,13,8.03
1786082127596,2143,v1,0.0433,0.5634,0.4563,0.8339,0.1249,0.0147,0.1037,0.003448,0.713,1,16,21.06,0.995,1,10092,15.0,0.0,0,50,10630,620216.5,0.0,-1,12.89
1786082118078,2144,v1,0.0344,0.5351,0.3283,1.7834,0.5207,0.02249,0.0828,0.0031,0.718,1,18,81.51,0.925,1,0,13.814,13.814,1,50,11899,278716.0,100.0,14,11.86
1786082120150,2145,v1,0.0767,0.6939,0.3509,2.3417,0.8679,0.02374,0.0782,0.00199,0.633,1,26,36.74,0.825,1,1571,10.221,8.574,1,50,10133,154415.3,100.0,5,7.37
1786082122393,2146,v1,0.0117,0.4435,0.3859,2.2218,0.4306,0.013,0.1523,0.003444,0.601,1,30,68.13,0.836,1,0,14.365,14.365,1,50,9295,208119.4,100.0,13,12.43
1786082126795,2147,v1,0.0188,0.4732,0.3551,2.1258,0.3503,0.00387,0.1298,0.001566,0.651,1,33,88.67,0.558,1,0,0.0,0.0,0,50,10885,662548.9,0.0,-1,5.91
1786082119072,2148,v1,0.0766,0.885,0.3445,2.3583,0.5818,0.00744,0.2086,0.002223,0.705,1,34,32.19,0.393,1,1111,22.357,20.04,0,50,11353,473735.2,88.07,17,8.61
1786082123496,2149,v1,0.0515,0.363,0.1966,1.9482,0.1297,0.00785,0.1254,0.003719,0.676,0,11,88.34,0.699,1,4859,10.0,6.411,0,50,11251,590271.6,43.64,18,14.34
1786082126034,2150,v1,0.0531,0.7249,0.328,1.9401,0.1829,0.01246,0.0906,0.002083,0.609,0,35,91.9,0.512,1,0,13.236,13.236,1,50,10896,205591.3,100.0,7,7.87
1786082130579,2151,v1,0.0426,0.4695,0.3116,2.1117,0.9499,0.01693,0.2447,0.003639,0.627,1,5,49.28,0.898,1,10376,4.0,0.0,0,50,10541,611714.3,0.0,-1,13.31
1786082118612,2152,v1,0.0528,0.7936,0.4631,2.4114,0.9555,0.02387,0.0941,0.002718,0.705,1,19,45.55,0.313,1,0,13.0,13.0,1,50,10327,232839.9,100.0,13,10.24
1786082122792,2153,v1,0.0301,0.2167,0.4465,1.5245,0.2246,0.01994,0.0673,0.002316,0.702,1,35,95.47,0.315,1,0,13.229,13.229,0,50,11183,585143.3,50.27,18,9.24
1786082126743,2154,v1,0.0324,0.3198,0.1679,1.2278,0.3451,0.02885,0.0713,0.002183,0.685,1,10,31.95,0.698,1,9498,9.0,0.024,0,50,9714,571802.5,0.21,-1,8.7
1786082130971,2155,v1,0.0175,0.8838,0.2579,1.7129,0.9057,0.01866,0.2347,0.003412,0.665,0,13,83.28,0.449,1,0,12.0,12.0,0,50,9975,557580.8,0.0,-1,12.71
1786082125999,2156,v1,0.0284,0.5883,0.4944,1.2421,0.2721,0.01,0.2294,0.002947,0.62,1,28,36.87,0.66,1,1441,14.024,11.964,1,50,10563,238586.8,100.0,13,11.42
1786082128356,2157,v1,0.0733,0.996,0.2562,2.0081,0.5987,0.01686,0.132,0.001625,0.595,0,6,94.48,0.546,1,0,4.37,4.37,1,50,10575,90668.9,100.0,4,6.68
1786082130745,2158,v1,0.0327,0.9527,0.3563,1.9205,0.7063,0.01017,0.1526,0.001769,0.705,1,15,38.31,0.809,1,0,13.0,13.0,1,50,10368,236566.6,100.0,13,7.33
1786082135283,2159,v1,0.0791,0.5852,0.4589,1.5524,0.2641,0.01138,0.1126,0.002863,0.695,1,5,92.26,0.654,1,10367,4.0,0.387,0,50,11620,630225.9,8.86,-1,10.77
1786082129368,2160,v1,0.0403,0.4832,0.3143,1.411,0.957,0.00722,0.1606,0.002497,0.649,0,19,67.37,0.95,1,1394,17.892,15.553,0,50,9961,368335.0,71.9,18,9.71
1786082132560,2161,v1,0.0792,0.7308,0.1387,2.0674,0.8459,0.00854,0.2336,0.003123,0.636,0,4,76.64,0.41,1,0,3.0,3.0,0,50,10931,325489.1,88.33,16,11.76
1786082135022,2162,v1,0.0384,0.9202,0.2867,2.1127,0.2855,0.01484,0.2068,0.002244,0.617,1,12,80.37,0.378,1,4535,10.632,5.706,1,50,10359,244571.7,100.0,13,49.79
1786082138095,2163,v1,0.0198,0.616,0.2877,0.8183,0.917,0.02465,0.1122,0.00259,0.655,0,13,86.16,0.512,1,0,12.0,12.0,0,50,11309,369140.0,87.66,17,9.58
1786082129488,2164,v1,0.0112,0.2774,0.4725,2.0447,0.376,0.01675,0.2407,0.00192,0.612,0,6,32.05,0.743,1,3779,5.0,3.801,1,50,9555,228716.5,100.0,13,44.36
1786082132224,2165,v1,0.03,0.5075,0.2731,2.1945,0.1755,0.00613,0.151,0.001222,0.58,1,32,64.69,0.825,1,0,14.36,14.36,1,50,10431,235295.8,100.0,13,4.84
1786082134886,2166,v1,0.0482,0.6104,0.4004,1.6638,0.3852,0.02035,0.2486,0.003557,0.59,0,9,90.86,0.706,1,0,8.0,8.0,0,50,10190,277729.7,92.25,14,12.89
1786082137445,2167,v1,0.04,0.2577,0.3905,1.2442,0.5789,0.01381,0.1681,0.001226,0.649,1,26,60.68,0.739,1,1913,13.926,11.594,1,50,11593,263547.3,100.0,13,4.16
1786082130967,2168,v1,0.0182,0.619,0.1696,2.4892,0.179,0.01626,0.0847,0.003439,0.586,0,22,44.69,0.971,1,0,18.393,18.393,0,50,10847,401267.6,88.83,17,13.16
1786082134653,2169,v1,0.069,0.3867,0.1562,1.2433,0.3333,0.01788,0.2327,0.002557,0.693,0,13,21.86,0.32,1,2230,12.0,9.956,0,50,11228,496151.4,73.87,16,9.43
1786082137817,2170,v1,0.0436,0.5371,0.3223,1.8232,0.3543,0.00954,0.1995,0.003303,0.631,0,26,32.5,0.864,1,951,19.041,17.341,0,50,10723,461170.9,93.82,17,12.0
1786082142820,2171,v1,0.0239,0.2851,0.2498,2.2118,0.9317,0.01806,0.149,0.001244,0.634,1,8,31.55,0.842,1,11086,7.0,0.0,0,50,11193,646174.8,0.0,-1,4.79
1786082130854,2172,v1,0.0243,0.9897,0.1374,2.1851,0.7786,0.02744,0.1671,0.002204,0.717,1,17,72.97,0.81,1,0,13.0,13.0,1,50,10281,221960.3,100.0,13,8.05
1786082133580,2173,v1,0.0726,0.8138,0.2105,1.4423,0.6763,0.0278,0.1944,0.002697,0.637,0,33,26.26,0.333,1,374,17.71,17.136,0,50,11076,315168.6,100.0,15,10.57
1786082136701,2174,v1,0.0636,0.2961,0.3143,1.8138,0.5052,0.01555,0.0899,0.001691,0.644,0,12,79.48,0.874,1,0,11.0,11.0,0,50,10797,321234.1,84.3,16,6.69
1786082139584,2175,v1,0.07,0.2042,0.1037,0.9125,0.4191,0.01044,0.0827,0.003076,0.6,1,20,52.8,0.674,1,1285,15.683,13.679,0,50,10562,342211.7,83.87,15,11.45
1786082134856,2176,v1,0.0757,0.3424,0.2698,2.0163,0.3484,0.00344,0.2378,0.001849,0.71,0,34,60.15,0.863,1,0,23.72,23.72,0,50,10748,508680.4,85.23,17,6.92
1786082137229,2177,v1,0.0478,0.2544,0.2547,1.7248,0.1687,0.02575,0.1668,0.00162,0.645,1,23,43.72,0.671,1,1251,12.069,10.582,1,50,10388,210958.1,100.0,9,5.99
1786082139482,2178,v1,0.0548,0.5203,0.4954,1.7602,0.9869,0.00461,0.1515,0.003032,0.617,0,17,55.76,0.4,1,0,10.863,10.863,1,50,10800,189670.3,100.0,8,11.62
1786082143111,2179,v1,0.056,0.5717,0.4711,2.3489,0.3329,0.00522,0.1029,0.003175,0.67,0,24,78.73,0.905,1,0,18.719,18.719,0,50,10631,458341.3,85.3,17,12.0
1786082134935,2180,v1,0.077,0.8109,0.231,2.1956,0.9972,0.02474,0.0604,0.002965,0.677,0,32,56.43,0.598,1,0,18.25,18.25,0,50,11561,325885.2,86.46,15,11.26
1786082137173,2181,v1,0.0159,0.3654,0.2725,1.1447,0.4227,0.03061,0.0557,0.002968,0.62,0,28,82.17,0.546,1,0,12.897,12.897,1,50,10371,203474.7,100.0,10,11.07
1786082141220,2182,v1,0.0258,0.244,0.3397,1.5418,0.7114,0.01991,0.0726,0.002486,0.624,0,5,23.09,0.973,1,7678,4.0,2.494,0,50,10304,549061.2,23.16,17,9.93
1786082143435,2183,v1,0.0401,0.9366,0.3601,2.2555,0.5413,0.01377,0.1923,0.00226,0.595,1,28,76.48,0.471,1,0,11.858,11.858,1,50,10393,186422.0,100.0,8,9.08
1786082140714,2184,v1,0.0244,0.4063,0.152,2.0533,0.1611,0.00997,0.1706,0.003286,0.685,1,27,44.53,0.997,1,0,0.0,0.0,0,50,11173,626558.1,0.0,-1,11.92
1786082143052,2185,v1,0.0616,0.8438,0.3717,1.9579,0.9294,0.02378,0.1399,0.003341,0.619,1,19,85.4,0.845,1,0,15.312,15.312,0,50,9793,276380.3,98.59,15,12.91
1786082146269,2186,v1,0.0202,0.9223,0.1679,2.1057,0.3729,0.01298,0.0609,0.001501,0.607,1,11,58.41,0.943,1,9548,10.0,0.0,0,50,9684,587007.5,0.0,-1,5.66
1786082148744,2187,v1,0.0771,0.7899,0.1406,2.02,0.6686,0.0148,0.0869,0.001287,0.657,1,20,56.78,0.392,1,780,16.473,15.215,0,50,10397,341453.5,84.55,16,5.0
1786082142793,2188,v1,0.049,0.3797,0.2823,1.0694,0.6837,0.01462,0.1844,0.001617,0.651,1,13,33.62,0.689,1,8614,12.0,2.041,0,50,10591,593264.9,15.63,-1,6.26
1786082144893,2189,v1,0.0398,0.6441,0.1589,1.3878,0.2421,0.03066,0.2012,0.002144,0.609,0,31,94.12,0.773,1,0,14.31,14.31,1,50,10332,240703.0,100.0,13,8.23
1786082147174,2190,v1,0.0636,0.6685,0.3251,2.233,0.5251,0.00935,0.1833,0.001278,0.6,0,36,45.63,0.585,1,0,19.071,19.071,0,50,10366,313739.7,93.45,16,4.9
1786082148976,2191,v1,0.0598,0.6959,0.444,1.0086,0.6498,0.02147,0.0819,0.001765,0.622,0,22,53.71,0.693,1,0,10.488,10.488,1,50,11129,195018.3,100.0,8,7.04
1786082142164,2192,v1,0.0704,0.2028,0.4488,1.8926,0.1245,0.02656,0.2497,0.002917,0.704,0,15,72.05,0.585,1,2947,14.0,10.26,0,50,9875,448387.0,62.26,16,10.75
1786082144611,2193,v1,0.0484,0.4392,0.192,1.9244,0.709,0.00951,0.1887,0.00373,0.662,1,15,93.39,0.903,1,0,13.774,13.774,1,50,10989,266497.4,100.0,13,13.46
1786082146319,2194,v1,0.0531,0.6187,0.3354,1.432,0.8534,0.02783,0.0578,0.001709,0.616,0,17,30.89,0.589,1,0,10.719,10.719,1,50,10016,176454.3,100.0,8,6.62
1786082148550,2195,v1,0.0473,0.2487,0.1962,1.3867,0.1564,0.01104,0.1429,0.002549,0.661,0,26,56.43,0.582,1,0,14.667,14.667,1,50,11090,259516.7,100.0,14,9.27
1786082143142,2196,v1,0.0677,0.927,0.2934,1.8183,0.4005,0.01966,0.0875,0.001219,0.638,0,19,72.51,0.892,1,0,15.944,15.944,0,50,10590,311274.2,94.17,15,4.69
1786082145256,2197,v1,0.0533,0.6329,0.2804,1.7221,0.647,0.02888,0.1727,0.003177,0.64,1,12,30.12,0.638,1,4736,9.46,4.453,1,50,10250,197368.2,100.0,8,18.88
1786082148379,2198,v1,0.0182,0.2473,0.2273,2.2116,0.3205,0.00784,0.0523,0.003296,0.6,1,16,40.49,0.656,1,7677,15.0,3.062,0,50,10141,592810.7,0.0,-1,12.46
1786082149772,2199,v1,0.0756,0.2361,0.2324,0.919,0.3606,0.01883,0.2201,0.001325,0.654,0,32,24.66,0.763,1,0,12.241,12.241,1,50,10303,187002.3,100.0,7,5.55
1786082157677,2200,v1,0.0642,0.4526,0.198,1.2404,0.9673,0.0291,0.2228,0.002228,0.669,0,5,31.13,0.52,1,2913,4.0,3.454,0,50,10757,409526.8,66.34,15,8.77
1786082160105,2201,v1,0.043,0.9798,0.1495,1.5532,0.552,0.02562,0.1033,0.00168,0.714,1,6,60.6,0.433,1,6158,5.0,1.769,1,50,9623,259133.1,100.0,13,66.91
1786082164117,2202,v1,0.0115,0.2172,0.2056,2.4629,0.434,0.01685,0.1318,0.002898,0.586,0,11,95.18,0.743,1,0,10.0,10.0,0,50,11411,562600.4,40.31,19,11.23
1786082166201,2203,v1,0.0556,0.4506,0.3175,1.2458,0.8403,0.02734,0.2388,0.002755,0.7,1,25,74.88,0.795,1,0,13.523,13.523,1,50,9485,221102.5,100.0,13,10.66
1786082157276,2204,v1,0.0747,0.3122,0.1086,1.1444,0.3299,0.00506,0.1476,0.002839,0.597,1,6,54.19,0.843,1,5522,4.866,1.805,1,50,9138,190700.8,100.0,5,11.32
1786082161047,2205,v1,0.049,0.5984,0.403,1.5108,0.5041,0.00627,0.1951,0.001301,0.654,1,12,77.44,0.758,1,8488,11.0,1.219,0,50,9683,554511.6,9.74,-1,5.41
1786082164604,2206,v1,0.0308,0.9222,0.4323,1.1036,0.2314,0.00801,0.0897,0.001395,0.651,0,8,88.26,0.467,1,0,7.0,7.0,0,50,10515,504259.7,73.51,18,5.22
1786082167379,2207,v1,0.0604,0.7973,0.1752,2.4649,0.7931,0.02703,0.2427,0.00197,0.68,0,17,91.88,0.972,1,0,13.0,13.0,1,50,10816,232239.3,100.0,13,7.15
1786082158391,2208,v1,0.024,0.6146,0.3141,1.6025,0.2632,0.02937,0.1201,0.003227,0.708,0,6,41.86,0.626,1,5527,5.0,3.533,1,50,11491,276821.3,100.0,13,55.13
1786082162795,2209,v1,0.0443,0.3776,0.188,1.4961,0.787,0.02947,0.2455,0.002342,0.698,1,17,60.63,0.593,1,9001,16.0,2.717,0,50,11258,678301.4,14.88,-1,8.85
1786082165236,2210,v1,0.0518,0.8981,0.1366,1.0105,0.989,0.02388,0.0778,0.002985,0.72,0,33,35.14,0.516,1,0,14.354,14.354,1,50,10287,234905.7,100.0,13,10.93
1786082168216,2211,v1,0.0636,0.4261,0.1874,1.6901,0.6869,0.00323,0.091,0.002095,0.582,1,11,35.62,0.667,1,7829,9.963,2.493,1,50,10690,289736.9,100.0,13,11.28
1786082158214,2212,v1,0.0656,0.8445,0.4676,0.9975,0.7065,0.02081,0.0666,0.002251,0.597,0,4,23.24,0.728,1,3818,3.0,2.623,1,50,10188,139183.3,100.0,3,8.59
1786082162647,2213,v1,0.0525,0.3818,0.1666,2.1238,0.868,0.02347,0.1103,0.001813,0.64,1,15,86.58,0.739,1,10119,14.0,0.559,0,50,10827,649386.9,3.55,-1,6.8
1786082164853,2214,v1,0.0493,0.5789,0.4831,2.0534,0.5542,0.03063,0.0954,0.001408,0.699,1,15,68.67,0.697,1,0,12.107,12.107,1,50,9509,201037.1,100.0,11,5.48
1786082167322,2215,v1,0.0714,0.7744,0.239,1.7401,0.5077,0.02542,0.0681,0.003355,0.596,1,35,61.27,0.346,1,0,17.587,17.587,0,50,9374,254999.3,89.3,14,12.97
1786082159867,2216,v1,0.0363,0.5218,0.158,1.3324,0.4252,0.02118,0.1944,0.0024,0.626,1,21,52.67,0.915,1,1653,16.647,13.938,0,50,10589,369184.3,84.09,16,9.62
1786082162494,2217,v1,0.0527,0.9744,0.3021,0.9186,0.7127,0.02205,0.1683,0.001584,0.615,1,32,48.03,0.786,1,1589,17.459,14.618,0,50,10131,307842.5,98.19,15,5.85
1786082165175,2218,v1,0.0463,0.2275,0.4266,0.9708,0.2746,0.01464,0.1815,0.003252,0.703,1,11,72.4,0.379,1,5080,10.0,4.971,1,50,10422,275750.3,100.0,14,14.34
1786082167957,2219,v1,0.0479,0.4179,0.2752,2.1217,0.7589,0.0145,0.1766,0.001526,0.639,0,22,33.57,0.486,1,0,17.329,17.329,0,50,9565,300120.3,90.97,16,5.85
1786082160377,2220,v1,0.0154,0.3558,0.2868,2.4716,0.6184,0.02558,0.0925,0.002322,0.646,1,22,89.68,0.867,1,0,15.161,15.161,0,50,10419,404552.9,76.05,19,8.74
1786082164082,2221,v1,0.0653,0.5755,0.1631,2.4359,0.2515,0.01337,0.2079,0.001784,0.64,1,30,50.96,0.717,1,5174,20.171,9.765,0,50,10829,510371.4,94.18,16,7.26
1786082167561,2222,v1,0.0649,0.2334,0.1546,1.9778,0.9432,0.0143,0.1841,0.001354,0.604,0,8,83.42,0.351,1,3100,7.0,5.605,0,50,11223,439554.7,65.7,15,5.27
1786082170351,2223,v1,0.077,0.25,0.243,2.0227,0.8652,0.02975,0.1097,0.00243,0.612,0,31,59.53,0.414,1,0,17.074,17.074,0,50,10596,286356.2,93.92,14,9.22
1786082160500,2224,v1,0.0216,0.2058,0.2094,0.8958,0.6553,0.0317,0.1239,0.002782,0.599,0,22,21.63,0.578,1,812,13.968,13.049,0,50,11137,283062.7,89.52,12,10.5
1786082164373,2225,v1,0.0228,0.7983,0.4921,1.2976,0.1268,0.00699,0.1375,0.003187,0.622,1,20,98.09,0.36,1,489,18.813,17.953,0,50,11481,536199.8,86.06,19,12.29
1786082166711,2226,v1,0.0146,0.2924,0.4741,1.3817,0.693,0.01006,0.1476,0.003761,0.673,1,28,60.79,0.944,1,0,15.965,15.965,1,50,10233,252018.7,100.0,15,14.43
1786082170408,2227,v1,0.0141,0.2101,0.2705,1.748,0.9238,0.03103,0.0727,0.001883,0.674,0,7,55.01,0.453,1,2910,6.0,4.851,0,50,10247,484316.0,43.51,18,7.18
1786082169831,2228,v1,0.0197,0.9191,0.218,0.9435,0.5951,0.02496,0.1236,0.002455,0.638,1,28,79.08,0.416,1,0,18.144,18.144,0,50,10699,330697.6,85.96,16,9.05
1786082172561,2229,v1,0.0279,0.6382,0.121,0.8797,0.3437,0.00914,0.0871,0.002911,0.609,1,5,48.19,0.993,1,9740,4.0,0.0,1,50,9833,270069.1,0.0,-1,100.0
1786082176478,2230,v1,0.0166,0.6406,0.2188,2.491,0.7338,0.01916,0.0786,0.002312,0.592,0,8,37.16,0.796,1,5425,7.0,4.282,0,50,10125,477828.6,39.5,18,9.2
1786082178966,2231,v1,0.0453,0.6469,0.4147,1.7965,0.1678,0.02941,0.1219,0.002066,0.61,1,12,36.55,0.502,1,5106,10.389,5.081,1,50,10575,256867.4,100.0,8,53.12
1786082170667,2232,v1,0.0738,0.7306,0.1723,1.8308,0.76,0.02726,0.2135,0.002998,0.677,1,24,65.28,0.445,1,0,17.009,17.009,0,50,10639,310725.9,94.21,16,11.03
1786082174960,2233,v1,0.0274,0.4649,0.133,1.2675,0.8745,0.01408,0.1694,0.003525,0.69,1,32,59.71,0.717,1,580,5.917,4.527,0,50,10498,569387.0,27.03,19,13.09
1786082177562,2234,v1,0.0254,0.5106,0.2437,2.0241,0.3458,0.00619,0.0922,0.001966,0.621,0,36,88.58,0.896,1,0,14.716,14.716,1,50,10009,228419.6,100.0,13,7.39
1786082180876,2235,v1,0.0596,0.314,0.1622,1.921,0.4324,0.00861,0.2318,0.002127,0.58,0,4,45.23,0.431,1,2244,3.0,2.775,0,50,10052,397660.9,71.25,15,7.97
1786082170652,2236,v1,0.0625,0.3309,0.2071,1.8885,0.3757,0.01564,0.0577,0.00194,0.596,0,5,93.63,0.658,1,0,4.0,4.0,1,50,10040,174018.1,100.0,5,7.57
1786082173657,2237,v1,0.0383,0.23,0.2382,2.2713,0.7945,0.02059,0.2484,0.002821,0.646,1,35,97.89,0.58,1,0,19.889,19.889,0,50,10219,319945.9,84.15,17,10.43
1786082178587,2238,v1,0.0317,0.822,0.4516,2.0653,0.6284,0.0153,0.1701,0.003248,0.636,1,16,62.0,0.961,1,10890,15.0,0.0,0,50,11432,664118.7,0.0,-1,12.39
1786082182084,2239,v1,0.0506,0.5506,0.3007,0.9591,0.6678,0.01668,0.0583,0.002157,0.634,0,4,30.11,0.7,1,4101,3.0,2.602,0,50,10379,417145.5,55.58,15,7.93
1786082172336,2240,v1,0.0715,0.9023,0.4284,0.9471,0.1331,0.02152,0.1589,0.003329,0.659,1,36,49.87,0.552,1,2508,19.125,14.116,0,50,10790,367036.0,84.06,15,12.01
1786082176781,2241,v1,0.0225,0.3262,0.2152,1.8108,0.644,0.01433,0.0508,0.003024,0.713,0,8,58.99,0.453,1,3445,7.0,5.42,0,50,11112,641073.1,0.0,-1,11.38
1786082179533,2242,v1,0.0706,0.9715,0.1493,1.1767,0.3849,0.02839,0.131,0.001587,0.651,1,24,97.51,0.433,1,0,16.257,16.257,0,50,9842,277512.1,91.47,15,6.78
1786082182536,2243,v1,0.0321,0.412,0.1147,1.6133,0.3302,0.01223,0.0748,0.002186,0.663,1,12,77.95,0.706,1,10017,11.0,0.0,1,50,10265,283056.2,0.0,-1,100.0
1786082172506,2244,v1,0.0389,0.2165,0.2601,1.0909,0.8001,0.00381,0.1379,0.003255,0.592,0,14,64.46,0.631,1,0,13.0,13.0,1,50,10769,243379.6,100.0,13,12.42
1786082174714,2245,v1,0.0487,0.7167,0.2771,0.9285,0.6514,0.01524,0.2463,0.003005,0.634,0,14,56.71,0.603,1,0,12.943,12.943,1,50,9858,211198.2,100.0,13,11.64
1786082177576,2246,v1,0.046,0.5297,0.1767,1.8949,0.2852,0.02135,0.124,0.003476,0.616,0,35,98.84,0.587,1,0,18.673,18.673,0,50,10305,309103.5,89.17,15,13.29
1786082180315,2247,v1,0.0227,0.7691,0.1287,2.368,0.7047,0.0104,0.1386,0.002717,0.678,0,4,86.63,0.878,1,0,3.0,3.0,1,50,11263,251427.5,100.0,13,10.18
1786082174101,2248,v1,0.0216,0.2987,0.4479,1.0139,0.4213,0.02128,0.2366,0.002478,0.664,0,24,85.0,0.625,1,0,18.593,18.593,0,50,10781,343842.7,96.97,18,9.67
1786082177020,2249,v1,0.0264,0.3645,0.4745,1.8953,0.3232,0.02505,0.1044,0.003565,0.63,1,27,21.64,0.596,1,1073,17.657,15.691,0,50,10496,334166.6,84.32,16,13.28
1786082179531,2250,v1,0.0125,0.3756,0.2333,1.1245,0.5047,0.00355,0.0638,0.002818,0.596,0,28,20.69,0.615,1,673,14.02,13.191,1,50,10389,230058.5,100.0,13,14.19
1786082182649,2251,v1,0.0127,0.4921,0.4636,1.8576,0.662,0.00489,0.1396,0.001263,0.67,1,33,68.12,0.718,1,0,15.942,15.942,1,50,10730,262008.1,100.0,14,4.99
1786082174703,2252,v1,0.0153,0.481,0.4635,0.835,0.5616,0.01483,0.1367,0.001804,0.668,0,6,55.42,0.983,1,5711,5.0,3.375,1,50,10640,272050.7,100.0,13,57.14
1786082178838,2253,v1,0.0135,0.6915,0.157,1.5417,0.1342,0.01029,0.1488,0.002831,0.616,0,26,86.05,0.507,1,0,0.0,0.0,0,50,10382,575923.3,0.0,-1,10.77
1786082181714,2254,v1,0.0765,0.905,0.2116,1.5274,0.8148,0.00552,0.1124,0.003379,0.624,1,32,54.77,0.796,1,1442,18.458,15.413,0,50,9625,305086.2,87.04,16,12.7
1786082184479,2255,v1,0.0378,0.4358,0.1019,1.262,0.7045,0.02197,0.2442,0.002642,0.695,1,29,91.38,0.576,1,0,14.976,14.976,1,50,10802,253338.2,100.0,13,9.89
1786082182427,2256,v1,0.0677,0.6219,0.391,1.6881,0.2395,0.01941,0.2302,0.001218,0.589,1,8,39.05,0.79,1,6074,5.425,1.867,1,50,10840,201289.5,100.0,4,8.46
1786082186245,2257,v1,0.0506,0.465,0.194,1.117,0.9167,0.02412,0.0704,0.003444,0.66,1,15,31.82,0.678,1,7546,14.0,2.126,0,50,9309,477104.7,14.8,-1,12.69
1786082190092,2258,v1,0.0223,0.7374,0.355,2.0293,0.3103,0.00633,0.1477,0.003042,0.72,1,9,66.99,0.846,1,9578,8.0,0.0,0,50,9827,578704.9,0.0,-1,11.58
1786082192714,2259,v1,0.0597,0.6231,0.1146,1.3824,0.1959,0.00904,0.1267,0.002996,0.712,0,29,66.22,0.954,1,0,14.813,14.813,1,50,10180,236439.9,100.0,13,11.67
1786082185814,2260,v1,0.0613,0.3742,0.1496,1.7896,0.5337,0.01398,0.2015,0.002346,0.711,1,11,94.02,0.785,1,11066,10.0,0.0,0,50,11319,673040.0,0.0,-1,8.83
1786082190196,2261,v1,0.035,0.7632,0.2479,1.9605,0.9283,0.00767,0.2024,0.001715,0.649,0,16,37.3,0.456,1,2999,15.0,11.618,0,50,11839,613753.9,44.03,19,6.29
1786082192897,2262,v1,0.0502,0.4384,0.2815,1.6922,0.4233,0.01526,0.0934,0.002284,0.607,0,12,80.98,0.954,1,0,11.0,11.0,0,50,9553,284373.2,94.71,15,9.02
1786082195016,2263,v1,0.0576,0.6205,0.2101,2.333,0.4015,0.00686,0.0626,0.002857,0.698,1,21,98.23,0.788,1,0,13.726,13.726,1,50,9387,223227.2,100.0,13,11.27
1786082184228,2264,v1,0.0455,0.4428,0.2701,1.362,0.114,0.01018,0.1625,0.002924,0.703,0,19,89.52,0.626,1,0,13.759,13.759,1,50,10363,236798.3,100.0,13,10.8
1786082186605,2265,v1,0.0439,0.8892,0.1352,1.1885,0.1722,0.02544,0.1717,0.002432,0.593,0,29,47.22,0.563,1,0,11.367,11.367,1,50,9882,157328.8,100.0,5,9.23
1786082188847,2266,v1,0.0404,0.444,0.2042,1.0827,0.4717,0.00892,0.1577,0.003521,0.602,1,13,71.61,0.346,1,2419,10.272,7.143,1,50,9661,186368.0,100.0,8,13.28
1786082191382,2267,v1,0.0232,0.5595,0.2395,1.5206,0.2975,0.01252,0.1691,0.002096,0.655,0,6,64.52,0.669,1,4678,5.0,3.725,1,50,11126,280722.8,100.0,13,46.97
1786082185665,2268,v1,0.0304,0.4772,0.1112,1.3517,0.2133,0.02106,0.2151,0.002424,0.676,1,19,44.66,0.476,1,0,13.0,13.0,1,50,11193,250789.2,100.0,13,9.02
1786082187776,2269,v1,0.0459,0.7736,0.121,1.1661,0.883,0.0224,0.2124,0.00209,0.63,0,35,88.99,0.962,1,0,12.208,12.208,1,50,9928,174712.8,100.0,7,7.73
1786082190953,2270,v1,0.0648,0.4438,0.3036,1.6089,0.2089,0.0107,0.2193,0.002271,0.703,1,23,46.71,0.385,1,1135,18.213,15.784,0,50,8966,418320.9,89.77,17,8.65
1786082194338,2271,v1,0.0581,0.6447,0.4676,1.3456,0.3503,0.0037,0.1673,0.001684,0.676,0,20,41.08,0.441,1,0,17.643,17.643,0,50,10569,464028.4,91.46,17,6.11
1786082186016,2272,v1,0.0794,0.7613,0.4398,1.9322,0.5368,0.03171,0.1767,0.002156,0.673,1,24,55.07,0.475,1,0,16.311,16.311,0,50,9620,272961.2,86.33,15,8.31
1786082189384,2273,v1,0.027,0.888,0.4112,1.5699,0.7429,0.01402,0.126,0.00288,0.642,0,15,23.0,0.624,1,4025,14.0,9.046,0,50,10170,466192.6,49.11,18,10.55
1786082192069,2274,v1,0.0276,0.5849,0.3315,0.9929,0.5163,0.01453,0.2077,0.001331,0.712,0,21,90.96,0.9,1,0,13.567,13.567,1,50,10738,240700.4,100.0,13,5.21
1786082194706,2275,v1,0.0528,0.3194,0.363,2.3788,0.2343,0.00507,0.054,0.00162,0.681,1,33,71.17,0.954,1,0,15.108,15.108,1,50,10392,241460.1,100.0,13,6.24
1786082186698,2276,v1,0.0212,0.6054,0.113,1.0426,0.6426,0.02218,0.1714,0.002025,0.658,1,29,95.36,0.752,1,0,14.212,14.212,1,50,9901,224643.6,100.0,13,7.68
1786082190437,2277,v1,0.0537,0.2684,0.3745,1.8985,0.8018,0.00564,0.1829,0.001422,0.672,0,7,26.09,0.653,1,3895,6.0,4.539,0,50,10752,549651.6,55.18,18,5.52
1786082192947,2278,v1,0.0504,0.4222,0.1081,2.4821,0.8881,0.0113,0.0521,0.001761,0.701,0,29,91.23,0.597,1,0,14.786,14.786,1,50,10404,236828.1,100.0,13,7.17
1786082195044,2279,v1,0.016,0.44,0.2512,1.2322,0.3607,0.00887,0.0711,0.001384,0.663,0,33,43.72,0.579,1,0,15.268,15.268,1,50,9129,211016.8,100.0,14,5.01
1786082187309,2280,v1,0.0788,0.4472,0.2207,2.3272,0.9132,0.01747,0.0783,0.001689,0.653,0,20,53.95,0.466,1,0,10.484,10.484,1,50,9713,166775.2,100.0,8,6.64
1786082190155,2281,v1,0.0233,0.8798,0.4469,1.6643,0.8043,0.02161,0.1416,0.003266,0.635,1,20,66.26,0.5,1,0,17.218,17.218,0,50,10526,328637.6,87.68,17,12.25
1786082192214,2282,v1,0.0527,0.7642,0.4455,1.3013,0.386,0.01578,0.2482,0.003564,0.615,0,20,34.36,0.519,1,0,9.427,9.427,1,50,9569,142499.0,100.0,5,13.54
1786082196216,2283,v1,0.0763,0.8425,0.3276,1.5642,0.8367,0.02578,0.1622,0.001239,0.674,0,4,45.92,0.993,1,7435,3.0,2.287,0,50,10481,565223.3,25.62,16,4.88
1786082195772,2284,v1,0.0559,0.7591,0.4149,0.9102,0.6982,0.00483,0.0998,0.003104,0.671,0,11,50.82,0.829,1,4957,10.0,6.268,0,50,10954,547331.7,46.98,17,11.52
1786082198786,2285,v1,0.0243,0.8719,0.2633,1.6564,0.8601,0.01195,0.1891,0.003258,0.64,1,21,72.74,0.941,1,795,8.685,7.12,0,50,10116,498667.0,42.6,18,12.31
1786082200813,2286,v1,0.0149,0.2323,0.2635,1.3287,0.9264,0.00577,0.099,0.003549,0.623,1,14,96.74,0.436,1,4922,13.0,5.99,1,50,9562,252252.6,100.0,15,60.24
1786082202965,2287,v1,0.0372,0.7519,0.2547,1.8181,0.628,0.0264,0.1433,0.002373,0.661,0,26,98.0,0.821,1,0,17.885,17.885,0,50,9616,292434.8,91.64,16,9.1
1786082197077,2288,v1,0.069,0.2591,0.2321,0.9194,0.7999,0.0101,0.0797,0.002162,0.714,1,11,56.1,0.337,1,4567,10.0,5.428,0,50,10219,506558.2,45.98,17,8.49
1786082199223,2289,v1,0.0523,0.7028,0.1669,1.4849,0.4202,0.02608,0.1187,0.00364,0.626,1,17,76.53,0.566,1,0,15.309,15.309,0,50,10512,292631.3,86.5,15,14.0
1786082201437,2290,v1,0.017,0.368,0.4517,1.3223,0.5992,0.00704,0.197,0.002775,0.697,1,28,58.22,0.746,1,0,16.063,16.063,1,50,11015,278227.6,100.0,15,10.17
1786082203660,2291,v1,0.031,0.5651,0.1175,1.4268,0.8458,0.0182,0.0893,0.003169,0.619,0,5,61.27,0.895,1,7105,4.0,2.658,1,50,10726,278875.2,100.0,13,71.14
1786082197287,2292,v1,0.0642,0.2219,0.282,2.2615,0.6373,0.01345,0.0711,0.002075,0.597,1,25,31.0,0.466,1,1123,13.522,12.165,1,50,11613,258136.0,100.0,13,7.66
1786082199621,2293,v1,0.0671,0.3271,0.1242,1.6382,0.8889,0.01503,0.1514,0.002055,0.708,0,6,33.29,0.43,1,3631,5.0,3.991,1,50,10905,264593.0,100.0,13,16.34
1786082201678,2294,v1,0.0195,0.259,0.2622,1.8737,0.1968,0.02648,0.1351,0.003409,0.646,0,12,98.16,0.748,1,0,11.0,11.0,1,50,10663,244083.4,100.0,13,12.56
1786082204061,2295,v1,0.0123,0.7801,0.4288,0.8899,0.9155,0.02896,0.1969,0.003251,0.69,1,36,62.12,0.979,1,0,13.914,13.914,0,50,10072,415855.0,57.36,17,12.66
1786082199321,2296,v1,0.0148,0.2827,0.4813,1.8859,0.1609,0.00698,0.1397,0.002122,0.702,0,6,35.69,0.69,1,5043,5.0,3.568,0,50,10682,602231.1,0.0,-1,8.71
1786082201874,2297,v1,0.0556,0.3981,0.1235,1.0894,0.2987,0.01845,0.1697,0.003178,0.658,1,7,83.75,0.382,1,4211,6.0,3.391,0,50,9861,463687.1,47.53,16,12.13
1786082204520,2298,v1,0.0574,0.5525,0.4027,1.0637,0.4922,0.00326,0.249,0.002982,0.591,1,9,22.86,0.912,1,9435,8.0,0.0,0,50,9660,542197.7,0.0,-1,10.98
1786082206227,2299,v1,0.0685,0.9409,0.203,1.9929,0.167,0.00448,0.1626,0.003758,0.611,1,14,82.5,0.393,1,5639,13.0,5.629,0,50,10472,524220.0,36.54,16,14.13
1786082213541,2300,v1,0.0607,0.7609,0.1466,2.0668,0.8128,0.02898,0.2046,0.001723,0.659,1,4,34.14,0.721,1,9810,3.0,0.022,1,50,9936,276792.1,100.0,24,99.28
1786082216428,2301,v1,0.0546,0.7993,0.3599,0.8885,0.7078,0.01423,0.1436,0.002465,0.616,0,32,45.83,0.651,1,0,17.825,17.825,0,50,10561,306563.5,86.46,15,8.95
1786082218761,2302,v1,0.0756,0.8842,0.2865,1.1478,0.6899,0.02813,0.1247,0.00168,0.718,0,10,76.22,0.461,1,0,8.943,8.943,1,50,10504,229755.7,100.0,13,6.69
1786082221516,2303,v1,0.035,0.368,0.1599,1.1045,0.8764,0.01728,0.1998,0.003202,0.628,0,24,39.65,0.792,1,0,17.626,17.626,0,50,10266,307310.2,94.06,16,12.38
1786082213761,2304,v1,0.0609,0.5547,0.3305,1.0085,0.3816,0.02001,0.0569,0.001788,0.604,1,36,80.85,0.854,1,0,10.534,10.534,1,50,10210,142604.0,100.0,4,6.67
1786082216356,2305,v1,0.0592,0.4861,0.4091,1.0906,0.5994,0.02478,0.1916,0.001295,0.716,0,12,58.72,0.731,1,3861,11.0,7.46,1,50,9953,249460.0,100.0,13,5.53
1786082218612,2306,v1,0.0401,0.6927,0.1069,2.4068,0.3505,0.03134,0.1835,0.002028,0.697,0,13,39.12,0.393,1,2041,12.0,9.767,1,50,9364,216668.5,100.0,13,28.61
1786082222884,2307,v1,0.028,0.87,0.3515,1.0792,0.8923,0.02025,0.1217,0.00364,0.651,0,9,52.91,0.896,1,6721,8.0,4.525,0,50,11930,552182.5,35.86,17,13.68
1786082214430,2308,v1,0.0775,0.4455,0.4139,2.0933,0.9402,0.0276,0.1383,0.002552,0.696,1,33,84.86,0.897,1,0,13.261,13.261,1,50,10114,199697.5,100.0,10,9.75
1786082216673,2309,v1,0.0769,0.2482,0.3062,1.1459,0.3366,0.03172,0.0833,0.003131,0.581,1,33,97.65,0.825,1,0,14.462,14.462,0,50,10273,214998.9,84.14,11,11.65
1786082221001,2310,v1,0.0477,0.3014,0.3441,1.3816,0.3468,0.00427,0.0989,0.003611,0.646,1,16,30.2,0.971,1,10240,15.0,0.0,0,50,10802,655467.3,0.0,-1,13.22
1786082226144,2311,v1,0.0629,0.9686,0.2499,2.1168,0.8506,0.02334,0.0868,0.001273,0.701,1,14,68.11,0.753,1,10498,13.0,0.0,0,50,10681,628029.7,0.0,-1,5.26
1786082215038,2312,v1,0.0799,0.9521,0.1548,1.2162,0.1147,0.02636,0.1881,0.001875,0.609,1,17,91.62,0.855,1,0,11.764,11.764,1,50,10150,206775.4,100.0,7,7.18
1786082217469,2313,v1,0.0415,0.5285,0.1333,2.4679,0.5365,0.02092,0.0769,0.003512,0.581,0,8,59.75,0.872,1,3840,6.912,4.98,1,50,10195,196207.3,100.0,7,46.98
1786082220247,2314,v1,0.0584,0.413,0.4187,1.2151,0.5101,0.01751,0.0662,0.001383,0.627,1,11,48.35,0.751,1,6129,8.085,2.686,1,50,10901,204378.4,100.0,5,6.57
1786082222939,2315,v1,0.0416,0.2373,0.4589,0.8521,0.766,0.02732,0.0536,0.00196,0.605,1,29,43.48,0.632,1,1465,15.798,13.461,0,50,10468,297621.8,91.33,13,7.9
1786082216165,2316,v1,0.0132,0.2325,0.2818,2.4082,0.507,0.006,0.1288,0.003574,0.709,1,33,52.04,0.738,1,0,19.426,19.426,1,50,10322,285665.1,100.0,18,18.0
1786082218552,2317,v1,0.0415,0.4693,0.4968,1.592,0.9096,0.00578,0.0943,0.002234,0.691,1,17,53.98,0.585,1,0,13.852,13.852,1,50,10426,241188.6,100.0,14,8.72
1786082220870,2318,v1,0.0554,0.9782,0.3653,1.646,0.1932,0.00319,0.1248,0.002458,0.686,0,22,21.63,0.343,1,433,13.0,12.497,1,50,9936,222485.3,100.0,13,9.24
1786082223610,2319,v1,0.0656,0.2598,0.1737,1.6417,0.1803,0.00545,0.2022,0.001452,0.694,1,33,73.44,0.778,1,0,15.322,15.322,1,50,11034,258469.6,100.0,14,5.88
1786082216221,2320,v1,0.0244,0.7654,0.3314,0.8733,0.2788,0.0192,0.205,0.00222,0.593,1,15,30.54,0.688,1,0,12.828,12.828,1,50,10847,241556.6,100.0,13,8.47
1786082219096,2321,v1,0.0389,0.9432,0.2125,1.6602,0.269,0.00389,0.0855,0.002196,0.602,0,32,27.53,0.337,1,1088,22.249,19.843,0,50,9743,448421.7,91.92,17,8.56
1786082222676,2322,v1,0.0436,0.6626,0.4986,1.9511,0.6098,0.0032,0.192,0.001298,0.611,1,34,37.85,0.804,1,1684,19.699,16.734,0,50,11568,401646.7,83.81,17,5.07
1786082224993,2323,v1,0.0509,0.6639,0.2482,2.4064,0.6652,0.02702,0.0949,0.00316,0.595,1,23,59.77,0.812,1,0,15.723,15.723,0,50,9332,252271.4,92.92,14,11.97
1786082217166,2324,v1,0.0724,0.3351,0.4975,1.406,0.1084,0.02596,0.1503,0.002485,0.61,1,17,25.52,0.753,1,1586,14.195,11.885,0,50,9981,302722.2,100.0,14,9.03
1786082220742,2325,v1,0.0502,0.6821,0.1672,1.369,0.6132,0.01139,0.2429,0.001265,0.683,0,11,70.35,0.426,1,2551,10.0,7.983,0,50,10239,505989.9,62.55,18,4.95
1786082223846,2326,v1,0.0499,0.5176,0.4347,1.5469,0.2433,0.01364,0.2161,0.002792,0.638,0,33,70.69,0.54,1,0,19.902,19.902,0,50,10423,396474.2,85.7,16,10.38
1786082226617,2327,v1,0.0205,0.6657,0.3697,2.254,0.601,0.0047,0.1664,0.002868,0.632,0,14,82.0,0.511,1,0,13.0,13.0,1,50,11501,255778.5,100.0,13,11.17
1786082225071,2328,v1,0.0196,0.6303,0.3692,1.3356,0.804,0.02298,0.195,0.0015,0.691,1,11,48.1,0.632,1,7071,10.0,2.769,1,50,9920,262768.8,100.0,13,73.96
1786082230041,2329,v1,0.0155,0.5601,0.4092,2.0355,0.957,0.00539,0.224,0.002261,0.644,1,15,46.8,0.846,1,10618,14.0,0.0,0,50,10974,652217.3,0.0,-1,8.4
1786082233003,2330,v1,0.0212,0.7461,0.1088,1.8522,0.3945,0.0201,0.145,0.002627,0.616,1,11,74.25,0.88,1,10461,10.0,0.0,1,50,10760,305267.5,0.0,-1,100.0
1786082235371,2331,v1,0.0754,0.9729,0.3783,1.624,0.2296,0.02641,0.2293,0.002594,0.675,0,28,49.09,0.677,1,0,13.851,13.851,1,50,9639,209021.6,100.0,13,9.9
1786082225716,2332,v1,0.0468,0.6981,0.3496,2.1669,0.6534,0.02636,0.0748,0.002528,0.592,1,22,20.36,0.513,1,1311,10.009,8.623,1,50,10046,166376.2,100.0,5,15.12
1786082229693,2333,v1,0.045,0.5351,0.1572,2.4675,0.1994,0.02864,0.1271,0.001713,0.647,0,8,24.64,0.788,1,5589,7.0,4.28,0,50,10399,508916.1,40.87,16,6.64
1786082232651,2334,v1,0.0409,0.6925,0.3935,2.0598,0.2117,0.02444,0.2287,0.002386,0.604,1,18,39.16,0.521,1,0,12.899,12.899,1,50,11201,254092.7,100.0,13,8.58
1786082235171,2335,v1,0.036,0.6821,0.1089,1.3071,0.1507,0.0127,0.2387,0.003705,0.629,1,7,96.92,0.99,1,9655,6.0,0.0,1,50,9852,280241.1,0.0,-1,100.0
1786082227287,2336,v1,0.0293,0.4959,0.2614,1.9643,0.6923,0.01534,0.144,0.001603,0.66,0,12,33.86,0.996,1,8013,11.0,4.546,1,50,11385,302067.8,100.0,13,73.6
1786082230019,2337,v1,0.0542,0.3668,0.1563,2.2933,0.9714,0.02461,0.1149,0.001908,0.6,0,28,84.07,0.406,1,0,13.915,13.915,1,50,10783,238176.5,100.0,13,7.15
1786082234213,2338,v1,0.0168,0.366,0.1281,2.3792,0.6505,0.005,0.0895,0.002797,0.609,1,5,82.79,0.983,1,9957,4.0,0.0,0,50,10076,585249.9,0.0,-1,10.23
1786082236891,2339,v1,0.0702,0.8985,0.1336,2.1609,0.2439,0.01644,0.1401,0.002093,0.64,0,19,79.08,0.411,1,0,13.0,13.0,1,50,10866,242839.9,100.0,13,8.3
1786082227881,2340,v1,0.0446,0.5633,0.2357,0.9062,0.9152,0.0237,0.238,0.003365,0.657,1,29,56.51,0.907,1,0,14.189,14.189,1,50,12163,268495.5,100.0,13,12.73
1786082230371,2341,v1,0.0334,0.2298,0.1214,1.525,0.9615,0.02543,0.1089,0.003519,0.69,0,21,57.58,0.437,1,0,14.0,14.0,1,50,10268,245884.4,100.0,14,13.11
1786082233215,2342,v1,0.0173,0.2453,0.3151,1.5656,0.2001,0.02014,0.2304,0.002594,0.624,1,35,42.87,0.618,1,1165,20.317,17.852,0,50,10351,361915.1,83.76,17,9.83
1786082235529,2343,v1,0.0348,0.9022,0.4953,2.2692,0.5378,0.02874,0.0719,0.001734,0.599,0,31,78.38,0.784,1,0,11.75,11.75,1,50,10594,179276.6,100.0,8,6.43
1786082228640,2344,v1,0.0228,0.5377,0.2616,2.2616,0.2596,0.00419,0.1758,0.003725,0.663,1,29,32.14,0.569,1,1326,15.186,13.13,1,50,10766,248457.6,100.0,14,15.34
1786082231138,2345,v1,0.016,0.316,0.4671,1.5303,0.6666,0.02802,0.2102,0.002305,0.639,0,34,95.5,0.909,1,0,14.361,14.361,1,50,11343,252011.1,100.0,13,8.79
1786082233488,2346,v1,0.0519,0.5187,0.2611,2.157,0.7514,0.02496,0.0909,0.00182,0.632,0,21,21.58,0.909,1,0,10.532,10.532,1,50,10093,182067.3,100.0,8,7.05
1786082236032,2347,v1,0.0457,0.5721,0.4612,2.1698,0.8254,0.02004,0.2058,0.001219,0.615,1,34,45.12,0.944,1,1980,14.376,11.394,1,50,9955,242343.6,100.0,13,5.2
1786082229329,2348,v1,0.0433,0.858,0.3871,2.2872,0.2653,0.03154,0.2472,0.003574,0.647,1,14,50.53,0.869,1,0,12.904,12.904,1,50,11097,243470.9,100.0,13,13.25
1786082232132,2349,v1,0.0329,0.7471,0.1829,1.625,0.2381,0.03079,0.0672,0.002605,0.65,0,14,54.41,0.456,1,0,12.9,12.9,1,50,10858,245942.3,100.0,13,9.51
1786082234625,2350,v1,0.0762,0.9765,0.4428,2.2363,0.8591,0.01655,0.1346,0.002096,0.634,0,19,94.04,0.994,1,0,12.883,12.883,1,50,10155,230791.3,100.0,13,8.02
1786082237710,2351,v1,0.0242,0.8587,0.2583,0.9926,0.3769,0.02144,0.195,0.002792,0.644,1,22,40.65,0.804,1,1720,17.675,14.7,0,50,10745,383876.8,89.94,16,10.32
1786082230567,2352,v1,0.0794,0.2204,0.2731,1.5408,0.9975,0.00503,0.2349,0.003058,0.712,1,20,77.38,0.927,1,0,17.768,17.768,0,50,10471,399101.0,94.34,17,11.38
1786082233762,2353,v1,0.078,0.9532,0.2314,2.3244,0.2551,0.01656,0.0662,0.002575,0.698,0,30,23.7,0.506,1,2042,20.671,16.593,0,50,10364,458184.7,83.7,17,9.48
1786082236965,2354,v1,0.056,0.9576,0.3456,1.8146,0.9689,0.02122,0.1534,0.002575,0.717,0,11,42.72,0.882,1,6982,10.0,4.561,1,50,10545,274477.6,100.0,13,18.62
1786082241133,2355,v1,0.0749,0.9665,0.2307,1.2492,0.161,0.0257,0.132,0.002502,0.687,0,12,32.23,0.565,1,4839,11.0,6.993,0,50,11196,531370.3,51.88,16,9.99
1786082238532,2356,v1,0.0178,0.3801,0.1543,1.8355,0.5091,0.01278,0.0897,0.003577,0.716,1,11,81.4,0.883,1,10535,10.0,0.05,1,50,10960,294680.9,100.0,26,99.61
1786082241819,2357,v1,0.0292,0.5418,0.2738,1.7356,0.6958,0.01938,0.1097,0.00278,0.631,0,16,99.08,0.72,1,0,14.994,14.994,0,50,11311,350771.3,87.35,16,10.49
1786082244324,2358,v1,0.0125,0.9358,0.3818,2.4178,0.6988,0.02734,0.1741,0.002547,0.586,0,21,89.18,0.591,1,0,12.149,12.149,1,50,10607,217898.6,100.0,11,9.31
1786082248076,2359,v1,0.0236,0.7372,0.1467,1.1147,0.5464,0.00993,0.088,0.001709,0.608,1,13,61.7,0.493,1,6280,12.0,4.2,0,50,9852,555003.4,26.74,19,6.97
1786082238343,2360,v1,0.0672,0.4941,0.4537,0.8132,0.4333,0.0253,0.1644,0.003132,0.613,0,16,79.09,0.677,1,0,9.521,9.521,1,50,9778,145806.2,100.0,4,12.09
1786082242176,2361,v1,0.0499,0.2647,0.3923,1.3161,0.8934,0.01982,0.1512,0.00207,0.665,1,6,96.0,0.488,1,6100,5.0,1.971,0,50,10164,473930.0,33.08,16,7.65
1786082244567,2362,v1,0.0602,0.3414,0.4936,0.9805,0.689,0.0146,0.2257,0.003708,0.665,0,29,37.29,0.6,1,0,14.191,14.191,1,50,10136,222406.5,100.0,13,14.28
1786082247623,2363,v1,0.0753,0.586,0.2654,2.0873,0.9572,0.01145,0.0767,0.00161,0.674,1,22,58.55,0.71,1,1390,17.324,14.963,0,50,10448,371854.4,89.77,16,6.14
1786082239704,2364,v1,0.0143,0.5722,0.3469,1.6225,0.6179,0.01894,0.1431,0.002189,0.709,0,13,41.99,0.841,1,5638,12.0,6.665,1,50,10863,281576.5,100.0,14,57.33
1786082242182,2365,v1,0.0137,0.3759,0.4987,2.1574,0.2968,0.01017,0.0904,0.001887,0.643,0,21,66.02,0.971,1,0,14.0,14.0,1,50,9894,227315.1,100.0,14,7.02
1786082245623,2366,v1,0.0175,0.6617,0.3814,2.4876,0.6743,0.01599,0.1742,0.002145,0.613,0,23,34.44,0.606,1,0,11.763,11.763,0,50,9958,458318.7,57.77,18,8.17
1786082248646,2367,v1,0.0714,0.4844,0.1441,0.9627,0.6717,0.01975,0.1681,0.00189,0.673,1,20,27.53,0.852,1,1655,16.448,13.691,0,50,10112,350943.5,89.56,16,6.52
1786082241626,2368,v1,0.0429,0.4243,0.1048,1.6008,0.8233,0.00306,0.0941,0.001554,0.649,0,5,27.62,0.858,1,6345,4.0,2.759,0,50,10294,590335.7,27.85,19,6.3
1786082245457,2369,v1,0.0264,0.3851,0.1517,1.7954,0.1115,0.01084,0.2311,0.002022,0.612,0,8,37.65,0.411,1,2964,7.0,5.556,0,50,10429,519451.3,63.12,18,8.21
1786082247817,2370,v1,0.0724,0.5783,0.1344,1.8359,0.2744,0.00372,0.1312,0.00131,0.718,0,36,79.27,0.77,1,0,15.49,15.49,1,50,10249,236502.0,100.0,13,5.42
1786082250532,2371,v1,0.0147,0.97,0.1157,1.4938,0.7556,0.02103,0.2339,0.002795,0.671,1,7,59.15,0.659,1,9040,6.0,0.643,1,50,10297,272713.7,100.0,24,90.61
1786082240527,2372,v1,0.0521,0.5796,0.1094,1.1602,0.6323,0.03095,0.1439,0.002349,0.633,0,13,79.83,0.806,1,5441,11.953,6.248,1,50,9800,245217.2,100.0,13,9.01
1786082244214,2373,v1,0.066,0.6514,0.3955,2.0849,0.8792,0.02478,0.0756,0.001888,0.657,1,16,64.98,0.842,1,5634,15.0,6.202,0,50,9876,489806.5,41.35,15,7.23
1786082247189,2374,v1,0.0255,0.2848,0.1437,0.8906,0.5729,0.02453,0.1984,0.003728,0.629,1,9,70.5,0.889,1,10494,8.0,0.0,1,50,10812,291853.5,0.0,-1,100.0
1786082249753,2375,v1,0.0564,0.5274,0.171,2.2169,0.6706,0.00561,0.1776,0.001538,0.658,0,11,85.61,0.333,1,0,10.0,10.0,1,50,11031,252391.8,100.0,13,6.08
1786082241547,2376,v1,0.0426,0.4452,0.4197,0.8568,0.431,0.01663,0.1104,0.003735,0.71,0,8,89.17,0.387,1,0,7.0,7.0,1,50,11323,241864.2,100.0,13,13.47
1786082245938,2377,v1,0.0539,0.9099,0.4786,1.6766,0.5741,0.0042,0.2246,0.002864,0.689,1,17,61.37,0.637,1,9763,16.0,1.71,0,50,11459,683817.8,9.44,-1,11.04
1786082249519,2378,v1,0.0621,0.5452,0.3113,1.6783,0.5768,0.01477,0.0503,0.003069,0.702,0,20,39.07,0.434,1,0,17.531,17.531,0,50,10672,426303.8,88.17,17,11.52
1786082253038,2379,v1,0.0653,0.8168,0.3945,1.3418,0.6178,0.00324,0.2124,0.003291,0.643,0,5,32.85,0.742,1,4752,4.0,3.106,0,50,10765,526030.8,52.16,17,12.37
1786082245557,2380,v1,0.0128,0.9149,0.1083,1.7384,0.8922,0.03016,0.1931,0.002187,0.66,0,29,55.53,0.664,1,0,11.414,11.414,0,50,10854,483159.1,53.04,19,8.68
1786082249528,2381,v1,0.0729,0.8108,0.1035,2.0548,0.3854,0.01664,0.2015,0.003739,0.686,1,14,68.97,0.733,1,8362,13.0,1.326,0,50,9804,542488.3,8.87,-1,14.02
1786082252172,2382,v1,0.0232,0.4701,0.2548,1.1281,0.7624,0.01939,0.1252,0.00325,0.677,0,30,95.19,0.847,1,0,14.364,14.364,1,50,12076,272087.7,100.0,13,12.4
1786082254619,2383,v1,0.0339,0.5533,0.3101,1.983,0.2813,0.02887,0.1636,0.003153,0.66,1,24,38.53,0.932,1,1636,13.294,11.184,1,50,10977,251452.1,100.0,13,26.14
1786082251326,2384,v1,0.0611,0.5808,0.4273,0.9674,0.6471,0.00675,0.1109,0.003157,0.668,0,24,32.3,0.962,1,0,17.851,17.851,0,50,10852,361607.0,99.66,17,12.13
1786082253895,2385,v1,0.0537,0.7684,0.1008,1.0214,0.4877,0.0157,0.2251,0.002185,0.606,1,32,50.69,0.512,1,1302,17.798,15.47,0,50,10603,306715.2,86.89,15,8.37
1786082256095,2386,v1,0.0586,0.872,0.4755,2.3945,0.9445,0.02118,0.1334,0.00177,0.635,1,26,99.66,0.353,1,0,11.238,11.238,1,50,12117,201921.8,100.0,7,7.42
1786082258851,2387,v1,0.0181,0.6737,0.2478,2.2273,0.707,0.01817,0.1498,0.002545,0.63,0,22,46.21,0.788,1,0,9.73,9.73,0,50,10919,523195.7,46.55,18,9.55
1786082251709,2388,v1,0.0599,0.6489,0.2729,1.9197,0.764,0.01011,0.1903,0.001561,0.633,1,30,79.08,0.538,1,0,18.349,18.349,0,50,10390,322986.0,87.92,16,5.62
1786082253557,2389,v1,0.037,0.2147,0.4876,1.2515,0.4378,0.0272,0.1088,0.002871,0.582,0,27,86.59,0.401,1,0,7.883,7.883,1,50,10159,100560.4,100.0,5,10.82
1786082255603,2390,v1,0.0434,0.77,0.2433,1.1827,0.3811,0.01195,0.1054,0.001505,0.603,0,22,89.99,0.329,1,0,13.0,13.0,1,50,9921,226956.2,100.0,13,5.76
1786082257569,2391,v1,0.0511,0.2632,0.4461,2.2828,0.9195,0.02423,0.062,0.002974,0.68,1,26,32.05,0.358,1,717,14.375,13.272,1,50,10019,238707.3,100.0,13,11.62
1786082253594,2392,v1,0.0165,0.9232,0.1404,1.4624,0.505,0.00345,0.0687,0.00355,0.627,0,33,99.71,0.874,1,0,0.0,0.0,0,50,10010,581065.6,0.0,-1,12.89
1786082255607,2393,v1,0.0283,0.509,0.1184,1.8729,0.514,0.02115,0.1456,0.002655,0.612,0,5,33.72,0.884,1,4334,4.0,3.073,1,50,9444,234289.7,100.0,13,52.21
1786082258337,2394,v1,0.0422,0.6602,0.3385,1.0723,0.9154,0.01886,0.1224,0.002189,0.633,0,4,22.23,0.918,1,5927,3.0,2.399,0,50,9929,455686.5,36.83,16,8.36
1786082260104,2395,v1,0.0552,0.3329,0.178,1.3287,0.7743,0.02444,0.0522,0.002403,0.702,1,20,84.66,0.713,1,0,17.225,17.225,0,50,10793,333769.4,85.98,16,9.14
1786082253825,2396,v1,0.0697,0.99,0.1442,1.9277,0.5416,0.01247,0.0675,0.003463,0.636,0,11,40.61,0.325,1,2594,10.0,8.068,0,50,11104,472651.5,67.81,16,13.52
1786082257125,2397,v1,0.0433,0.6711,0.4154,1.221,0.6804,0.02333,0.1133,0.001425,0.676,0,15,29.67,0.571,1,4771,14.0,9.028,0,50,11747,483471.6,52.37,16,5.55
1786082258965,2398,v1,0.0748,0.3987,0.1222,1.7696,0.2594,0.02471,0.0521,0.003241,0.616,1,13,42.51,0.81,1,7559,10.386,1.74,1,50,10019,220486.8,100.0,7,14.03
1786082260374,2399,v1,0.0149,0.9555,0.2363,2.2603,0.612,0.01703,0.1053,0.002357,0.7,0,20,60.64,0.861,1,0,13.0,13.0,1,50,11239,246189.3,100.0,13,9.23
1786082267523,2400,v1,0.0415,0.5554,0.2144,1.9802,0.3087,0.0188,0.0884,0.003428,0.65,1,27,72.58,0.746,1,0,13.833,13.833,1,50,11273,250706.2,100.0,13,13.48
1786082271067,2401,v1,0.0544,0.8898,0.3903,0.9367,0.7793,0.02259,0.1671,0.003526,0.595,0,7,37.99,0.466,1,2692,6.0,5.04,0,50,11436,385055.7,71.14,14,13.04
1786082274744,2402,v1,0.0537,0.8884,0.3708,2.2405,0.8042,0.00912,0.1718,0.002047,0.615,1,8,92.61,0.329,1,4873,7.0,3.766,0,50,10703,492151.8,46.82,16,7.75
1786082277035,2403,v1,0.0256,0.4939,0.4743,0.9829,0.6907,0.02414,0.1518,0.003211,0.673,1,36,38.62,0.667,1,1191,14.755,12.716,1,50,9524,211206.7,100.0,13,11.58
1786082268017,2404,v1,0.0755,0.767,0.4763,1.7027,0.5791,0.00453,0.2339,0.003241,0.627,1,34,60.04,0.718,1,1364,18.525,15.422,0,50,9024,310138.1,92.95,15,12.29
1786082272793,2405,v1,0.0214,0.7719,0.1709,2.4972,0.7173,0.00516,0.1203,0.001888,0.665,1,32,27.58,0.671,1,0,0.0,0.0,0,50,11337,664946.5,0.0,-1,7.31
1786082275123,2406,v1,0.0459,0.4989,0.3705,0.9006,0.3712,0.00893,0.1953,0.003405,0.596,1,31,58.38,0.592,1,0,13.182,13.182,1,50,10415,200699.3,100.0,9,12.67
1786082278012,2407,v1,0.0216,0.4546,0.2289,1.3104,0.343,0.02777,0.2325,0.001233,0.607,0,16,32.51,0.964,1,637,14.836,14.044,0,50,10667,309912.6,87.97,15,4.79
1786082269596,2408,v1,0.0639,0.9703,0.252,1.0268,0.3766,0.01897,0.1804,0.00314,0.655,0,15,29.45,0.404,1,2304,14.0,11.22,0,50,10369,435774.5,73.91,16,11.11
1786082273456,2409,v1,0.0299,0.5936,0.4574,0.9161,0.2163,0.00712,0.1004,0.002089,0.647,0,27,78.17,0.446,1,0,17.889,17.889,0,50,11860,543637.0,79.13,17,7.98
1786082275561,2410,v1,0.0406,0.4754,0.2259,1.4404,0.2808,0.00728,0.1085,0.003471,0.624,0,6,96.26,0.474,1,0,5.0,5.0,1,50,9388,209842.9,100.0,13,13.41
1786082277906,2411,v1,0.0765,0.7926,0.3555,1.2443,0.965,0.02477,0.1174,0.002612,0.661,0,11,66.0,0.457,1,1767,9.099,7.716,1,50,10504,206708.5,100.0,8,10.1
1786082271660,2412,v1,0.0275,0.7981,0.3319,1.3319,0.9338,0.0082,0.1194,0.001519,0.698,1,4,35.25,0.374,1,5265,3.0,1.673,0,50,11951,713292.3,0.51,-1,5.51
1786082273696,2413,v1,0.0492,0.2442,0.3919,1.941,0.1953,0.02686,0.2324,0.002113,0.589,1,36,87.04,0.59,1,0,13.075,13.075,1,50,9260,168520.7,100.0,7,7.56
1786082276777,2414,v1,0.0272,0.7015,0.283,0.8915,0.4277,0.0174,0.2122,0.002004,0.614,1,36,47.14,0.619,1,1273,19.254,16.9,0,50,11058,355102.8,85.47,16,7.46
1786082281485,2415,v1,0.0469,0.8586,0.1791,2.0328,0.5191,0.01293,0.1023,0.001415,0.627,1,15,60.73,0.444,1,7726,14.0,4.696,0,50,11856,649275.2,31.06,17,5.46
1786082271647,2416,v1,0.0385,0.6749,0.2582,2.4006,0.5765,0.00498,0.1128,0.003077,0.601,1,17,57.27,0.848,1,10203,16.0,0.0,0,50,10705,663928.1,0.0,-1,11.21
1786082274031,2417,v1,0.0718,0.342,0.2131,1.0658,0.9656,0.03015,0.0773,0.001271,0.691,0,21,98.67,0.327,1,0,11.668,11.668,1,50,10823,223538.3,100.0,10,5.23
1786082277285,2418,v1,0.0688,0.2084,0.4053,2.0271,0.3033,0.02283,0.1116,0.002699,0.71,0,20,50.27,0.776,1,0,16.753,16.753,0,50,10341,409872.2,88.81,16,10.44
1786082281884,2419,v1,0.0225,0.2152,0.128,2.4534,0.1773,0.01268,0.1655,0.001505,0.699,0,15,50.79,0.318,1,1829,14.0,11.962,0,50,10999,659243.6,0.0,-1,5.78
1786082269945,2420,v1,0.0613,0.3248,0.3718,1.0325,0.5361,0.01265,0.2145,0.002901,0.649,1,21,52.9,0.857,1,0,13.0,13.0,1,50,9556,212984.0,100.0,13,11.02
1786082272498,2421,v1,0.0316,0.6306,0.4691,1.0624,0.4769,0.00726,0.2025,0.002792,0.705,0,28,62.55,0.67,1,0,14.316,14.316,1,50,10642,237412.4,100.0,13,10.54
1786082275540,2422,v1,0.0465,0.6646,0.1677,1.5055,0.2735,0.02183,0.0517,0.001377,0.707,0,5,87.26,0.627,1,0,4.0,4.0,1,50,12105,264074.0,100.0,13,5.25
1786082278166,2423,v1,0.0186,0.5216,0.2335,1.5506,0.1609,0.02525,0.1271,0.002217,0.689,1,7,28.14,0.989,1,10815,6.0,0.0,1,50,10971,311328.1,0.0,-1,100.0
1786082272465,2424,v1,0.0189,0.6456,0.1478,2.2266,0.8242,0.01753,0.2292,0.002106,0.637,0,14,48.68,0.506,1,3415,13.0,9.11,0,50,9911,628287.5,0.0,-1,7.62
1786082274989,2425,v1,0.0194,0.3644,0.3018,1.2467,0.2432,0.02753,0.1939,0.003233,0.585,1,12,60.94,0.923,1,5483,9.812,3.886,1,50,10215,215356.7,100.0,8,61.22
1786082277634,2426,v1,0.024,0.654,0.3997,0.838,0.9014,0.00304,0.2468,0.003017,0.717,1,16,36.13,0.542,1,0,13.757,13.757,1,50,10983,256172.4,100.0,13,11.58
1786082280137,2427,v1,0.0667,0.873,0.1307,1.0141,0.9263,0.00878,0.2106,0.001239,0.588,1,36,92.41,0.92,1,0,18.246,18.246,0,50,10113,290469.1,92.54,15,5.03
1786082280499,2428,v1,0.0373,0.2357,0.4678,2.1255,0.804,0.02495,0.1986,0.002866,0.681,0,15,92.3,0.616,1,0,14.0,14.0,0,50,10816,342988.8,85.13,17,10.97
1786082284502,2429,v1,0.0737,0.5995,0.3145,1.8179,0.6639,0.0277,0.1529,0.003174,0.584,1,13,98.68,0.473,1,4407,11.853,6.796,0,50,10855,409656.5,51.57,12,11.72
1786082286701,2430,v1,0.0754,0.5529,0.187,1.3065,0.6262,0.02477,0.1961,0.002301,0.588,0,13,85.38,0.497,1,1170,7.798,6.711,1,50,11098,145447.6,100.0,4,8.88
1786082290959,2431,v1,0.0566,0.9193,0.3802,1.7399,0.7175,0.00989,0.0687,0.003687,0.689,1,6,91.95,0.912,1,10588,5.0,0.0,0,50,10799,617546.1,0.0,-1,14.09
1786082281519,2432,v1,0.0643,0.7804,0.2344,0.8077,0.9708,0.03037,0.0559,0.001413,0.632,1,31,52.85,0.744,1,1392,17.025,14.678,0,50,10495,316380.8,91.2,14,5.5
1786082283956,2433,v1,0.0508,0.624,0.3073,1.9022,0.169,0.00955,0.0596,0.001356,0.618,0,15,43.78,0.732,1,0,12.882,12.882,1,50,10402,230122.9,100.0,13,5.5
1786082286312,2434,v1,0.0611,0.5962,0.409,1.8317,0.5842,0.02372,0.1259,0.003743,0.677,1,28,61.74,0.402,1,0,12.338,12.338,1,50,10121,184509.5,100.0,9,14.4
1786082289059,2435,v1,0.0232,0.331,0.2804,2.4482,0.1133,0.00782,0.2478,0.003715,0.678,0,26,65.63,0.455,1,0,15.581,15.581,1,50,10742,259070.8,100.0,15,14.01
1786082282192,2436,v1,0.0138,0.7901,0.3957,0.9362,0.5173,0.02048,0.2004,0.003257,0.612,1,28,39.16,0.494,1,1112,17.495,15.425,0,50,10246,333334.6,85.31,15,12.85
1786082285929,2437,v1,0.0294,0.7161,0.1994,1.1125,0.5917,0.01859,0.2421,0.002558,0.583,0,8,62.78,0.927,1,7160,7.0,3.684,0,50,10989,515054.0,33.48,15,9.59
1786082288061,2438,v1,0.0686,0.7361,0.1887,1.9777,0.8476,0.02896,0.1165,0.003082,0.62,0,29,69.69,0.706,1,0,12.034,12.034,1,50,9447,177353.0,100.0,9,11.53
1786082290505,2439,v1,0.0378,0.5568,0.2259,2.3836,0.9371,0.03128,0.2235,0.00166,0.71,0,13,86.81,0.484,1,0,12.0,12.0,1,50,10328,233331.8,100.0,13,6.48
1786082282492,2440,v1,0.0664,0.2085,0.2001,1.6913,0.5955,0.00448,0.1278,0.002146,0.618,0,10,55.2,0.347,1,1786,9.0,7.734,1,50,10066,243201.0,100.0,13,9.21
1786082285138,2441,v1,0.0455,0.915,0.2543,0.8994,0.7447,0.02976,0.1077,0.00305,0.618,0,36,62.31,0.583,1,0,17.623,17.623,0,50,10231,258770.2,86.18,14,11.76
1786082288019,2442,v1,0.0144,0.217,0.3936,2.1265,0.8995,0.02307,0.0877,0.003627,0.584,1,10,85.2,0.563,1,8321,9.0,2.31,1,50,11567,295422.5,100.0,13,77.85
1786082290483,2443,v1,0.0575,0.7739,0.2181,2.0719,0.3308,0.01556,0.1759,0.002821,0.639,0,7,92.56,0.472,1,0,6.0,6.0,1,50,10245,230436.5,100.0,13,10.79
1786082285389,2444,v1,0.0362,0.9939,0.2917,1.3225,0.5992,0.01315,0.1119,0.001414,0.679,1,9,39.78,0.752,1,10880,8.0,0.0,0,50,11005,646740.8,0.0,-1,5.52
1786082288667,2445,v1,0.0598,0.2968,0.2587,0.9073,0.1689,0.03164,0.1632,0.002521,0.698,0,36,59.56,0.942,1,0,19.483,19.483,0,50,11413,368981.1,94.38,15,9.93
1786082291327,2446,v1,0.0315,0.7524,0.4899,1.5816,0.3254,0.01879,0.2106,0.003153,0.645,1,28,33.12,0.471,1,835,14.022,12.769,1,50,10031,225105.3,100.0,13,12.28
1786082295057,2447,v1,0.064,0.9249,0.4455,1.5714,0.2727,0.01137,0.1481,0.002235,0.695,0,11,31.61,0.377,1,2198,10.0,8.385,0,50,11137,527254.1,69.81,17,8.63
1786082285315,2448,v1,0.0135,0.9414,0.4849,1.719,0.6128,0.02836,0.206,0.0024,0.682,1,29,91.75,0.814,1,0,16.885,16.885,0,50,10633,399720.6,79.55,19,9.2
1786082289055,2449,v1,0.0299,0.8952,0.3402,2.0131,0.5571,0.02649,0.2076,0.003434,0.654,1,25,55.18,0.738,1,1669,18.065,15.262,0,50,11607,381275.0,93.69,17,12.66
1786082291202,2450,v1,0.0531,0.6324,0.151,0.9995,0.2764,0.01466,0.0939,0.001671,0.614,1,31,67.48,0.338,1,0,12.432,12.432,1,50,9852,182885.0,100.0,7,6.43
1786082295612,2451,v1,0.0461,0.2514,0.4486,1.4625,0.5407,0.00387,0.0926,0.001329,0.7,0,17,49.24,0.765,1,4657,16.0,9.958,0,50,11032,609141.7,32.08,19,5.47
1786082287197,2452,v1,0.0102,0.8213,0.2562,0.8752,0.6899,0.01706,0.0597,0.003218,0.699,1,30,89.29,0.968,1,0,0.0,0.0,0,50,10704,609357.2,0.0,-1,12.57
1786082289590,2453,v1,0.0688,0.4386,0.3903,1.4723,0.8195,0.02967,0.0677,0.003428,0.599,0,18,56.64,0.762,1,0,13.923,13.923,0,50,10283,250902.1,91.15,13,13.12
1786082292817,2454,v1,0.0647,0.2361,0.2211,0.8934,0.2157,0.01062,0.122,0.003181,0.669,0,18,84.17,0.776,1,31,16.562,16.515,0,50,10452,450524.3,90.55,16,11.54
1786082295899,2455,v1,0.0705,0.9437,0.2832,1.7387,0.9524,0.01314,0.1951,0.002146,0.692,0,19,40.75,0.798,1,0,16.926,16.926,0,50,10408,315083.3,84.72,16,8.14
1786082293896,2456,v1,0.016,0.3357,0.2069,1.2293,0.3269,0.02152,0.1898,0.002227,0.596,1,14,32.96,0.915,1,9221,13.0,0.0,0,50,9490,581926.5,0.0,-1,8.37
1786082297287,2457,v1,0.0107,0.8597,0.2155,1.5441,0.5574,0.03108,0.1969,0.001743,0.598,0,15,76.25,0.867,1,3033,13.902,10.547,0,50,11102,399606.0,63.58,14,6.69
1786082299957,2458,v1,0.0192,0.7222,0.4976,1.3525,0.5394,0.02799,0.0835,0.003284,0.701,1,26,34.5,0.95,1,1674,13.698,11.455,1,50,10972,253847.9,100.0,13,20.63
1786082302662,2459,v1,0.0144,0.2483,0.1936,2.2567,0.8238,0.03161,0.2014,0.003329,0.7,0,14,67.01,0.391,1,2926,13.0,9.827,1,50,10580,274118.3,100.0,15,37.81
1786082293969,2460,v1,0.0184,0.8646,0.1887,1.093,0.7137,0.00901,0.1407,0.003431,0.64,0,11,57.62,0.717,1,5110,10.0,5.847,1,50,10192,254620.7,100.0,13,58.09
1786082296295,2461,v1,0.0339,0.7119,0.2296,1.156,0.2926,0.02276,0.1019,0.002732,0.591,0,33,81.06,0.825,1,0,12.597,12.597,1,50,10279,197082.0,100.0,8,9.79
1786082298600,2462,v1,0.0511,0.9754,0.3258,1.1195,0.9424,0.01718,0.2365,0.003163,0.622,1,35,29.08,0.685,1,1253,11.439,9.934,1,50,10528,165836.8,100.0,5,12.29
1786082302363,2463,v1,0.0459,0.8114,0.1745,1.5762,0.882,0.00781,0.1782,0.001813,0.712,0,17,28.24,0.912,1,5551,16.0,7.545,0,50,9465,560079.2,8.32,-1,7.04
1786082294587,2464,v1,0.031,0.6777,0.3659,2.2317,0.395,0.03141,0.2119,0.002824,0.683,1,4,94.38,0.419,1,5226,3.0,1.381,1,50,9764,245081.1,100.0,13,59.22
1786082297394,2465,v1,0.0504,0.7488,0.2336,2.3489,0.8483,0.03055,0.2408,0.001757,0.636,0,6,98.83,0.648,1,0,5.0,5.0,0,50,10181,296176.7,90.06,15,6.88
1786082299774,2466,v1,0.0254,0.6372,0.2182,2.4338,0.596,0.01148,0.15,0.003136,0.67,1,30,37.58,0.911,1,0,14.83,14.83,1,50,10060,227597.9,100.0,13,12.5
1786082304443,2467,v1,0.0298,0.4615,0.191,1.6937,0.6879,0.00465,0.2185,0.00299,0.715,0,10,82.77,0.953,1,0,9.0,9.0,0,50,10789,588157.5,0.0,-1,11.68
1786082295170,2468,v1,0.0456,0.9293,0.4938,1.3573,0.4502,0.02256,0.236,0.00344,0.66,1,24,54.1,0.364,1,0,16.914,16.914,0,50,9915,284297.3,92.36,16,12.95
1786082298008,2469,v1,0.0787,0.7929,0.4538,0.8331,0.5378,0.01049,0.238,0.003533,0.641,0,25,82.65,0.501,1,0,16.717,16.717,0,50,10231,288899.6,87.83,15,13.56
1786082300556,2470,v1,0.0204,0.3832,0.2839,1.4621,0.3872,0.01823,0.2106,0.00245,0.704,1,16,68.46,0.422,1,0,14.4,14.4,1,50,10060,242416.7,100.0,14,9.12
1786082303303,2471,v1,0.0565,0.2119,0.1407,0.8487,0.6359,0.03069,0.0898,0.002066,0.701,1,27,44.6,0.752,1,1759,13.957,11.597,1,50,10868,246600.9,100.0,13,7.86
1786082298438,2472,v1,0.07,0.9698,0.2194,1.6946,0.3614,0.01348,0.2153,0.00253,0.586,0,29,60.5,0.302,1,0,17.022,17.022,0,50,9846,276761.8,100.0,15,9.47
1786082301496,2473,v1,0.0747,0.3547,0.1843,1.4156,0.3792,0.01223,0.1234,0.003168,0.617,0,6,84.41,0.421,1,0,5.0,5.0,0,50,10504,339956.8,95.29,15,12.28
1786082304018,2474,v1,0.0413,0.7559,0.2784,1.975,0.9302,0.01771,0.1165,0.003603,0.6,1,12,73.7,0.96,1,4959,10.202,5.01,1,50,10884,230432.1,100.0,9,54.28
1786082306438,2475,v1,0.049,0.4402,0.4058,1.9102,0.9065,0.02403,0.1303,0.002203,0.672,1,24,31.74,0.468,1,1050,13.358,11.929,1,50,10245,238003.5,100.0,13,8.38
1786082300580,2476,v1,0.0349,0.5271,0.2258,1.23,0.1138,0.00685,0.1694,0.003385,0.583,1,16,80.0,0.434,1,5244,15.0,7.407,0,50,10878,532746.4,43.38,16,12.62
1786082303156,2477,v1,0.0725,0.9724,0.3384,1.9929,0.7472,0.0312,0.0972,0.002372,0.715,1,20,79.88,0.652,1,0,13.0,13.0,1,50,10233,234864.8,100.0,13,9.2
1786082305629,2478,v1,0.0464,0.7188,0.2015,1.8926,0.7631,0.03169,0.1479,0.001479,0.703,0,31,80.57,0.821,1,0,14.38,14.38,1,50,9436,215512.3,100.0,13,5.73
1786082307807,2479,v1,0.0354,0.5564,0.4431,1.1169,0.8491,0.00919,0.1113,0.003069,0.592,0,35,92.77,0.388,1,0,14.411,14.411,1,50,10196,234234.9,100.0,13,11.74
1786082299932,2480,v1,0.0176,0.3072,0.1273,2.0027,0.7699,0.02973,0.1135,0.002604,0.594,0,31,37.5,0.727,1,0,17.271,17.271,0,50,10560,299893.5,84.17,14,9.98
1786082302340,2481,v1,0.0533,0.8221,0.3728,0.8109,0.2595,0.03179,0.0558,0.00223,0.694,1,21,62.17,0.817,1,0,12.993,12.993,1,50,9752,220839.6,100.0,13,8.86
1786082305445,2482,v1,0.0322,0.7406,0.3757,1.7955,0.5899,0.02083,0.1916,0.003187,0.623,0,9,53.29,0.404,1,2981,8.0,6.421,1,50,11589,272884.5,100.0,13,34.54
1786082308243,2483,v1,0.0324,0.7207,0.1617,1.5552,0.5197,0.01036,0.0653,0.002352,0.612,1,13,31.12,0.76,1,9681,12.0,1.513,1,50,11383,296914.9,100.0,24,88.43
1786082305738,2484,v1,0.0777,0.5373,0.4122,1.3952,0.506,0.01193,0.2033,0.003764,0.661,0,20,61.02,0.548,1,0,11.279,11.279,1,50,11045,216172.0,100.0,8,13.69
1786082308331,2485,v1,0.0597,0.9341,0.3961,1.187,0.9619,0.01655,0.154,0.001429,0.701,0,7,95.44,0.739,1,0,6.0,6.0,0,50,10342,325445.5,84.26,17,5.57
1786082310628,2486,v1,0.0717,0.8423,0.1633,1.9723,0.6129,0.01691,0.2402,0.003122,0.637,1,23,57.29,0.558,1,1013,16.901,15.137,0,50,10349,331895.6,86.84,16,11.89
1786082313353,2487,v1,0.0329,0.5405,0.2503,1.5505,0.1958,0.01434,0.2011,0.001535,0.623,0,32,81.14,0.78,1,0,21.606,21.606,0,50,10648,460311.4,86.97,17,6.19
1786082306406,2488,v1,0.0364,0.8409,0.38,1.3923,0.6315,0.00873,0.1776,0.003358,0.605,0,5,97.29,0.46,1,0,4.0,4.0,0,50,9362,284265.5,95.64,16,12.47
1786082308928,2489,v1,0.0592,0.5321,0.3491,0.8703,0.9359,0.02528,0.0906,0.001214,0.64,0,20,91.82,0.36,1,0,15.524,15.524,0,50,10816,307273.3,100.0,15,4.9
1786082311300,2490,v1,0.0275,0.2235,0.248,1.1064,0.3403,0.01028,0.1509,0.003708,0.72,1,15,53.44,0.999,1,9886,14.0,0.0,1,50,10424,293240.2,0.0,-1,100.0
1786082313143,2491,v1,0.0163,0.4231,0.2953,0.8429,0.9921,0.0158,0.2349,0.001406,0.595,1,14,24.52,0.812,1,0,13.0,13.0,1,50,9748,223227.2,100.0,13,5.65
1786082308513,2492,v1,0.035,0.3673,0.2084,2.2515,0.8596,0.01655,0.2094,0.002244,0.717,0,6,33.21,0.673,1,4217,5.0,3.741,0,50,10180,591302.9,0.33,-1,8.67
1786082311818,2493,v1,0.0193,0.6027,0.4271,2.154,0.2061,0.01294,0.1048,0.003373,0.635,1,8,31.51,0.915,1,9326,7.0,0.0,0,50,9551,537888.8,0.0,-1,12.9
1786082313882,2494,v1,0.0592,0.6646,0.4053,2.218,0.6677,0.01565,0.1522,0.002731,0.582,0,30,91.61,0.834,1,0,17.159,17.159,0,50,10528,298127.8,99.21,15,10.0
1786082314893,2495,v1,0.0434,0.2512,0.2253,2.451,0.3255,0.02948,0.1457,0.003632,0.597,1,16,20.16,0.729,1,0,12.999,12.999,1,50,10147,223970.6,100.0,13,13.68
1786082307616,2496,v1,0.0467,0.8263,0.3824,2.1217,0.8987,0.00803,0.0868,0.002207,0.615,1,21,44.88,0.912,1,0,13.0,13.0,1,50,9880,221628.6,100.0,13,8.67
1786082310227,2497,v1,0.0361,0.7042,0.4756,2.0183,0.4301,0.02021,0.0533,0.001312,0.681,1,32,70.18,0.724,1,1699,20.606,17.033,0,50,10062,428594.6,89.59,18,5.43
1786082313715,2498,v1,0.0283,0.5863,0.4051,1.8321,0.8653,0.00764,0.1053,0.001466,0.649,0,17,66.63,0.849,1,4516,16.0,9.974,0,50,10752,622756.7,12.79,-1,5.53
1786082314803,2499,v1,0.0397,0.903,0.357,0.8339,0.8942,0.01019,0.1233,0.001715,0.592,0,29,55.32,0.426,1,0,11.613,11.613,1,50,10771,187131.1,100.0,7,7.12
1786082321897,2500,v1,0.047,0.7743,0.432,1.0761,0.8273,0.00957,0.0711,0.001394,0.662,0,24,25.1,0.322,1,272,13.362,13.035,1,50,9650,218244.9,100.0,13,5.62
1786082324338,2501,v1,0.0112,0.6964,0.45,1.8279,0.9652,0.03079,0.0759,0.001849,0.683,1,20,90.73,0.89,1,0,13.0,13.0,1,50,9969,222358.3,100.0,13,7.61
1786082326727,2502,v1,0.0255,0.5019,0.3654,1.7341,0.5637,0.00918,0.1771,0.002927,0.597,1,31,88.45,0.465,1,0,19.718,19.718,0,50,9242,289296.4,97.1,18,10.94
1786082329776,2503,v1,0.0534,0.3757,0.2109,1.2532,0.2089,0.00334,0.1832,0.003597,0.581,0,24,70.17,0.333,1,0,17.369,17.369,0,50,10259,410230.2,86.64,16,13.09
1786082322546,2504,v1,0.03,0.8508,0.2436,1.1968,0.4473,0.02811,0.1716,0.001386,0.69,1,34,81.1,0.345,1,0,14.361,14.361,1,50,9391,215590.3,100.0,13,5.19
1786082325342,2505,v1,0.0672,0.8454,0.1973,1.1227,0.3122,0.02924,0.0629,0.003473,0.687,1,33,25.14,0.441,1,867,18.744,16.858,0,50,9571,324303.6,97.01,16,13.89
1786082327653,2506,v1,0.0356,0.4276,0.3015,1.7477,0.7865,0.02828,0.2078,0.003091,0.654,1,13,37.5,0.528,1,5440,12.0,5.014,1,50,9677,239413.8,100.0,13,62.99
1786082330114,2507,v1,0.0739,0.631,0.2417,1.6124,0.4539,0.01454,0.1095,0.002236,0.633,0,29,33.38,0.949,1,0,17.812,17.812,0,50,9626,283750.0,98.9,16,8.33
1786082324141,2508,v1,0.0673,0.5818,0.2269,2.074,0.282,0.02429,0.2024,0.003072,0.71,0,19,43.61,0.669,1,0,16.91,16.91,0,50,10874,463397.6,93.36,17,11.5
1786082326438,2509,v1,0.0371,0.9948,0.1634,1.8956,0.6263,0.01185,0.0824,0.002438,0.64,0,14,42.26,0.97,1,0,13.0,13.0,1,50,10035,230403.0,100.0,13,9.32
1786082328858,2510,v1,0.0248,0.326,0.2607,2.2884,0.5035,0.01896,0.1781,0.002891,0.674,0,23,38.23,0.745,1,0,14.017,14.017,1,50,10272,246211.0,100.0,14,11.04
1786082331121,2511,v1,0.0664,0.549,0.1747,1.1789,0.5477,0.02731,0.0991,0.001462,0.604,0,36,21.66,0.975,1,847,8.782,8.222,1,50,10680,107216.1,100.0,5,5.35
1786082323745,2512,v1,0.0767,0.7546,0.3753,1.6312,0.8946,0.00938,0.1314,0.002418,0.666,1,26,22.09,0.621,1,1280,10.842,9.472,1,50,10484,171792.8,100.0,6,8.9
1786082326417,2513,v1,0.0358,0.9583,0.2569,1.7315,0.9016,0.02471,0.1496,0.001495,0.651,1,11,79.24,0.407,1,5380,10.0,5.036,1,50,10993,287188.1,100.0,13,52.28
1786082329846,2514,v1,0.0494,0.347,0.1135,1.1878,0.1293,0.0272,0.1466,0.003477,0.655,1,6,49.24,0.699,1,7751,5.0,0.889,0,50,9588,487838.8,17.14,-1,13.11
1786082334077,2515,v1,0.0265,0.227,0.2415,1.7597,0.169,0.01091,0.2468,0.00204,0.619,1,12,50.91,0.467,1,6772,11.0,3.776,0,50,10546,586527.2,26.3,19,7.78
1786082324678,2516,v1,0.056,0.2326,0.1619,1.3559,0.7944,0.0045,0.0662,0.003235,0.619,1,14,42.78,0.66,1,3198,11.712,7.601,1,50,10536,230193.1,100.0,10,11.92
1786082328989,2517,v1,0.0338,0.75,0.1995,1.1767,0.4493,0.01147,0.2078,0.002375,0.68,1,20,67.01,0.318,1,3677,19.0,12.563,0,50,11354,651141.4,25.01,19,9.23
1786082331517,2518,v1,0.062,0.9134,0.419,1.3361,0.2097,0.0195,0.2356,0.003723,0.591,1,19,92.58,0.641,1,0,14.762,14.762,0,50,10169,265688.8,85.66,14,14.14
1786082334398,2519,v1,0.0327,0.5271,0.4071,1.551,0.6193,0.02639,0.1806,0.002616,0.624,1,8,97.76,0.781,1,8923,7.0,0.73,1,50,10142,282327.1,100.0,24,90.8
1786082326810,2520,v1,0.0193,0.5603,0.1875,1.7696,0.9469,0.00854,0.2192,0.00189,0.659,1,6,80.79,0.57,1,7172,5.0,1.576,0,50,10572,621891.4,0.0,-1,7.0
1786082329114,2521,v1,0.0534,0.4808,0.122,2.0711,0.1924,0.01471,0.2391,0.002092,0.633,0,34,73.65,0.823,1,0,14.373,14.373,1,50,10297,228981.0,100.0,13,7.99
1786082331735,2522,v1,0.0276,0.7586,0.3755,0.986,0.4914,0.00881,0.1784,0.003731,0.698,0,27,83.85,0.541,1,0,13.859,13.859,1,50,10434,227629.8,100.0,13,14.13
1786082334496,2523,v1,0.0513,0.7176,0.3172,0.8582,0.8994,0.02414,0.1108,0.003104,0.679,0,16,87.9,0.786,1,0,13.0,13.0,1,50,11477,256583.9,100.0,13,11.98
1786082325707,2524,v1,0.052,0.9056,0.4264,1.9158,0.5407,0.01715,0.2283,0.003555,0.704,0,19,81.99,0.929,1,0,13.0,13.0,1,50,9934,223331.0,100.0,13,13.26
1786082327977,2525,v1,0.0493,0.3878,0.4911,1.8919,0.2331,0.0275,0.1939,0.003616,0.663,1,35,85.87,0.308,1,0,14.559,14.559,1,50,10027,221259.6,100.0,13,13.86
1786082330834,2526,v1,0.0505,0.8727,0.2503,1.442,0.804,0.02847,0.0792,0.002485,0.693,0,10,84.8,0.89,1,0,9.0,9.0,0,50,9788,304714.7,96.21,17,9.76
1786082333340,2527,v1,0.0436,0.8237,0.13,2.3038,0.6768,0.02631,0.2434,0.003631,0.679,1,14,98.56,0.767,1,0,13.0,13.0,1,50,10394,233226.8,100.0,13,13.83
1786082334976,2528,v1,0.0369,0.7944,0.4135,2.2529,0.3666,0.01047,0.1084,0.003758,0.672,1,16,53.99,0.607,1,7432,15.0,4.06,0,50,10782,619857.3,20.0,19,14.05
1786082337716,2529,v1,0.0484,0.3894,0.1579,1.8596,0.3105,0.02126,0.1603,0.003411,0.586,0,29,32.33,0.405,1,0,17.009,17.009,0,50,10276,290153.9,99.13,15,12.9
1786082340609,2530,v1,0.0689,0.7362,0.4505,1.2093,0.4132,0.01179,0.2317,0.003293,0.639,0,23,45.5,0.565,1,0,16.617,16.617,0,50,10229,306265.7,94.01,15,12.44
1786082343046,2531,v1,0.0184,0.6053,0.146,0.9082,0.583,0.02426,0.1232,0.003534,0.614,0,27,84.89,0.698,1,0,17.59,17.59,0,50,9744,289468.5,85.25,16,13.39
1786082334326,2532,v1,0.0375,0.4046,0.1753,1.2549,0.4636,0.0045,0.1723,0.003138,0.585,0,36,97.04,0.728,1,0,19.617,19.617,0,50,11501,349457.2,93.57,16,11.39
1786082337077,2533,v1,0.0249,0.811,0.3257,1.8515,0.3606,0.02006,0.2306,0.003724,0.635,0,5,46.93,0.69,1,4272,4.0,3.185,1,50,10635,250578.3,100.0,13,49.01
1786082340865,2534,v1,0.0578,0.637,0.3825,1.6792,0.1679,0.01411,0.2407,0.003565,0.697,1,18,49.07,0.6,1,4036,17.0,9.948,0,50,10306,499242.7,53.9,17,12.61
1786082343667,2535,v1,0.0613,0.8198,0.4487,2.0178,0.989,0.02559,0.2129,0.002391,0.617,0,22,68.28,0.563,1,0,15.598,15.598,0,50,10311,282562.0,93.59,14,9.24
1786082334699,2536,v1,0.0553,0.2239,0.2265,1.8796,0.3441,0.03002,0.057,0.001365,0.67,1,36,30.13,0.73,1,1684,19.026,15.752,0,50,10142,323638.8,96.78,16,5.2
1786082337717,2537,v1,0.0457,0.2567,0.1516,2.1165,0.1827,0.01935,0.2142,0.003759,0.592,1,21,74.1,0.772,1,1482,16.199,13.64,0,50,10006,359517.4,91.74,15,13.83
1786082340537,2538,v1,0.0687,0.2232,0.4339,0.8705,0.3236,0.02515,0.072,0.001986,0.594,1,21,89.79,0.99,1,0,13.793,13.793,0,50,10923,263421.3,95.03,12,7.16
1786082342859,2539,v1,0.0252,0.9541,0.3822,2.0285,0.4722,0.00444,0.1207,0.003,0.639,0,24,97.74,0.507,1,0,13.354,13.354,1,50,10312,235179.7,100.0,13,11.37
1786082337075,2540,v1,0.0726,0.5051,0.1009,1.6613,0.1117,0.02512,0.2459,0.003569,0.653,1,30,55.45,0.737,1,3439,18.456,11.653,0,50,10543,429189.9,89.4,15,13.29
1786082340114,2541,v1,0.0525,0.7498,0.2275,1.3888,0.5232,0.0184,0.2405,0.002263,0.639,0,22,89.39,0.506,1,0,16.54,16.54,0,50,10878,323412.4,93.23,15,8.46
1786082344275,2542,v1,0.0473,0.329,0.2699,1.3897,0.2554,0.00845,0.1236,0.002138,0.641,1,9,83.57,0.887,1,9691,8.0,0.0,0,50,9856,585581.0,0.0,-1,8.52
1786082346696,2543,v1,0.0798,0.7998,0.4046,2.1791,0.5672,0.00513,0.1433,0.003214,0.605,0,17,25.89,0.873,1,0,12.616,12.616,1,50,9850,217388.8,100.0,13,12.63
1786082338848,2544,v1,0.0119,0.427,0.1857,1.2811,0.7712,0.01019,0.1186,0.002791,0.643,1,34,61.03,0.991,1,0,0.0,0.0,0,50,10516,609469.1,0.0,-1,10.23
1786082342973,2545,v1,0.0237,0.8511,0.2455,2.1494,0.5813,0.00547,0.0783,0.002751,0.632,1,20,31.43,0.956,1,9732,19.0,0.0,0,50,10249,619072.5,0.0,-1,10.52
1786082345910,2546,v1,0.0385,0.4717,0.1903,1.3479,0.1194,0.00754,0.105,0.0036,0.71,0,18,57.07,0.802,1,0,13.817,13.817,1,50,10518,247335.6,100.0,14,13.99
1786082349149,2547,v1,0.0661,0.2161,0.1799,0.9515,0.1998,0.01301,0.1563,0.001478,0.612,0,11,34.01,0.322,1,1953,10.0,8.377,0,50,9761,399740.7,67.03,15,5.81
1786082338134,2548,v1,0.0324,0.5167,0.4843,2.4898,0.6728,0.0241,0.1212,0.003732,0.611,0,26,23.29,0.472,1,448,17.061,16.386,0,50,10875,319324.5,92.62,15,13.76
1786082340456,2549,v1,0.0627,0.619,0.3206,2.3185,0.5436,0.027,0.2277,0.002211,0.711,0,17,69.34,0.42,1,0,13.0,13.0,1,50,10106,234965.3,100.0,13,8.77
1786082343325,2550,v1,0.0116,0.3518,0.198,1.4458,0.8864,0.02441,0.1148,0.002243,0.674,1,30,74.43,0.446,1,0,15.317,15.317,1,50,11334,262959.4,100.0,14,8.43
1786082346057,2551,v1,0.0252,0.5067,0.3019,0.9351,0.629,0.01511,0.1127,0.003172,0.632,0,22,57.71,0.779,1,0,13.0,13.0,1,50,10754,237613.7,100.0,13,11.98
1786082340090,2552,v1,0.025,0.2898,0.2758,1.5876,0.7764,0.01964,0.0556,0.003661,0.618,1,11,81.45,0.95,1,9330,10.0,0.0,0,50,9645,560780.9,0.0,-1,13.11
1786082342842,2553,v1,0.0484,0.5131,0.1082,1.8566,0.666,0.01832,0.249,0.002467,0.585,1,22,27.69,0.6,1,1402,16.138,13.93,0,50,10708,348976.6,87.29,15,9.39
1786082345878,2554,v1,0.036,0.7209,0.2289,1.5763,0.7532,0.01832,0.1619,0.002296,0.621,0,8,77.23,0.542,1,0,7.0,7.0,1,50,10756,222636.2,100.0,12,8.51
1786082348847,2555,v1,0.0126,0.3367,0.2142,0.8322,0.6578,0.02726,0.1052,0.001329,0.601,1,19,83.03,0.856,1,0,12.745,12.745,1,50,11631,255213.9,100.0,12,4.94
1786082346664,2556,v1,0.077,0.3186,0.473,1.998,0.3168,0.02204,0.2401,0.001298,0.667,1,33,41.81,0.398,1,807,18.839,17.189,0,50,9561,358140.6,93.57,15,4.92
1786082348916,2557,v1,0.0229,0.4627,0.3913,1.1029,0.5168,0.03035,0.2425,0.001678,0.687,1,18,91.47,0.516,1,0,13.0,13.0,1,50,9341,210269.9,100.0,13,6.7
1786082351488,2558,v1,0.0573,0.4683,0.4201,2.206,0.8449,0.02355,0.2025,0.002271,0.651,0,26,39.93,0.815,1,0,11.98,11.98,1,50,11390,212576.9,100.0,8,8.87
1786082354491,2559,v1,0.0206,0.5583,0.3474,2.1048,0.6247,0.03192,0.0819,0.003191,0.67,1,33,22.06,0.773,1,1594,19.62,16.337,0,50,10411,361166.1,89.02,17,11.7
1786082347957,2560,v1,0.0292,0.648,0.1484,1.1889,0.2392,0.00844,0.2418,0.001309,0.619,0,28,37.55,0.307,1,0,17.431,17.431,0,50,10203,509415.2,78.5,18,5.83
1786082352422,2561,v1,0.0461,0.5569,0.2728,1.9639,0.8175,0.00741,0.082,0.002492,0.678,1,8,34.78,0.818,1,10466,7.0,0.0,0,50,10654,604512.8,0.0,-1,9.4
1786082355241,2562,v1,0.057,0.2378,0.479,1.6303,0.5099,0.01624,0.124,0.003194,0.603,0,27,27.91,0.556,1,0,16.702,16.702,0,50,10492,292301.5,100.0,15,11.74
1786082357874,2563,v1,0.0158,0.7479,0.3928,1.7857,0.6308,0.02105,0.1275,0.003196,0.633,0,20,39.91,0.315,1,11,18.01,17.99,0,50,9487,319141.9,83.43,18,11.69
1786082349009,2564,v1,0.063,0.9632,0.2362,1.3609,0.9064,0.01348,0.1963,0.002129,0.637,1,7,69.98,0.364,1,5982,6.0,2.769,0,50,11250,549233.6,42.44,16,8.05
1786082351693,2565,v1,0.0455,0.9431,0.2906,1.8281,0.5987,0.02215,0.0568,0.003735,0.648,0,31,85.74,0.322,1,0,18.534,18.534,0,50,9785,301708.9,89.83,16,14.03
1786082354338,2566,v1,0.0509,0.771,0.3125,1.152,0.8719,0.02285,0.1489,0.002152,0.659,0,15,53.69,0.859,1,0,13.0,13.0,1,50,11135,249052.3,100.0,13,8.31
1786082356715,2567,v1,0.0721,0.6939,0.3531,1.7094,0.254,0.00844,0.0634,0.001532,0.67,1,21,48.67,0.366,1,0,13.0,13.0,1,50,9948,228603.2,100.0,13,6.24
1786082350662,2568,v1,0.0586,0.8467,0.319,0.9061,0.6118,0.02728,0.1615,0.003459,0.636,1,15,94.89,0.878,1,6304,14.0,4.739,0,50,10002,482710.2,33.85,14,12.94
1786082353134,2569,v1,0.0481,0.5075,0.1123,1.1771,0.5815,0.02162,0.2104,0.002871,0.664,1,34,31.28,0.488,1,1366,14.359,12.414,1,50,11135,262255.0,100.0,13,11.09
1786082355446,2570,v1,0.0481,0.8478,0.1375,2.4363,0.4701,0.00561,0.0989,0.002743,0.653,0,31,40.28,0.883,1,0,14.352,14.352,1,50,10316,227402.3,100.0,13,10.79
1786082358791,2571,v1,0.0676,0.8114,0.3485,1.5187,0.3555,0.00805,0.0792,0.002546,0.622,0,7,28.8,0.934,1,6857,6.0,3.624,1,50,11710,290277.5,100.0,13,13.05
1786082349398,2572,v1,0.069,0.9858,0.3683,1.3205,0.2936,0.00868,0.1243,0.001301,0.584,0,25,30.06,0.476,1,0,9.848,9.848,1,50,10124,149653.9,100.0,4,5.13
1786082352070,2573,v1,0.0568,0.8024,0.1295,2.2463,0.6384,0.02308,0.2213,0.002282,0.686,1,19,47.88,0.587,1,0,13.0,13.0,1,50,10247,230495.2,100.0,13,8.48
1786082356386,2574,v1,0.0343,0.9869,0.419,2.2784,0.4076,0.00321,0.2,0.002907,0.673,1,13,36.57,0.68,1,8610,12.0,1.939,0,50,10596,642237.9,0.0,-1,10.6
1786082359057,2575,v1,0.076,0.639,0.3182,1.5785,0.9198,0.02634,0.1009,0.002614,0.66,0,35,84.39,0.622,1,0,18.064,18.064,0,50,9668,267390.5,94.24,15,9.58
1786082354003,2576,v1,0.0532,0.6901,0.1075,1.312,0.9684,0.02641,0.1761,0.002759,0.675,1,5,21.64,0.931,1,11072,4.0,0.0,0,50,11185,626402.3,0.0,-1,10.45
1786082356685,2577,v1,0.0775,0.8383,0.2933,1.3618,0.5797,0.03073,0.2125,0.001258,0.67,1,32,88.1,0.84,1,0,17.56,17.56,0,50,10197,295387.0,97.45,15,4.8
1786082359658,2578,v1,0.0599,0.4955,0.4668,1.4254,0.1907,0.01028,0.111,0.001909,0.624,0,26,75.94,0.989,1,0,17.512,17.512,0,50,10313,398614.0,98.15,16,7.51
1786082363559,2579,v1,0.0271,0.3387,0.4619,1.9364,0.7759,0.0066,0.2066,0.003731,0.703,0,16,73.62,0.361,1,2724,15.0,11.47,0,50,10613,628156.8,0.0,-1,13.7
1786082352637,2580,v1,0.0371,0.5072,0.165,1.2904,0.1739,0.02174,0.1497,0.002619,0.671,1,22,95.06,0.989,1,0,13.0,13.0,1,50,10499,234055.7,100.0,13,10.14
1786082356754,2581,v1,0.047,0.9457,0.1673,1.7568,0.119,0.02614,0.1061,0.002497,0.626,1,15,31.18,0.747,1,9158,14.0,1.902,0,50,10997,618292.5,11.42,-1,9.97
1786082359439,2582,v1,0.0468,0.2148,0.4844,1.8528,0.2774,0.02567,0.1896,0.003612,0.584,0,29,38.57,0.341,1,0,16.022,16.022,0,50,11142,287377.6,96.0,13,12.82
1786082361600,2583,v1,0.0668,0.675,0.4688,2.3254,0.9765,0.01797,0.2243,0.001364,0.693,1,33,42.46,0.415,1,0,14.351,14.351,1,50,10025,225515.2,100.0,13,5.23
1786082357754,2584,v1,0.066,0.8321,0.339,1.1462,0.6114,0.01538,0.172,0.003267,0.6,0,33,39.6,0.382,1,0,17.719,17.719,0,50,10261,289930.0,100.0,15,12.87
1786082360265,2585,v1,0.0146,0.4398,0.1202,0.9256,0.2443,0.01294,0.1505,0.003224,0.618,0,6,21.32,0.799,1,5601,5.0,3.288,1,50,9994,260199.6,100.0,13,62.14
1786082363540,2586,v1,0.0685,0.5613,0.1536,1.4945,0.7454,0.00382,0.1747,0.002145,0.688,0,10,83.17,0.354,1,0,9.0,9.0,0,50,11196,473576.8,90.31,17,7.98
1786082365821,2587,v1,0.0694,0.678,0.4736,1.1909,0.1094,0.02826,0.1281,0.00175,0.598,0,15,66.05,0.54,1,0,12.357,12.357,0,50,10833,247637.3,85.75,11,6.6
1786082361310,2588,v1,0.0385,0.2652,0.1789,0.9352,0.9089,0.01025,0.183,0.002212,0.72,0,9,24.37,0.988,1,5166,8.0,4.753,0,50,9728,553609.8,15.35,-1,8.43
1786082363367,2589,v1,0.0513,0.3953,0.3554,2.1895,0.4194,0.0196,0.1365,0.001566,0.582,1,23,52.41,0.693,1,1311,10.122,8.825,1,50,10444,168524.6,100.0,6,5.8
1786082365578,2590,v1,0.0436,0.5055,0.1317,1.5336,0.1693,0.012,0.1646,0.001272,0.715,1,31,20.49,0.734,1,0,15.062,15.062,1,50,10980,246422.8,100.0,13,5.1
1786082367137,2591,v1,0.0635,0.7697,0.383,1.628,0.5284,0.02016,0.1015,0.003596,0.698,1,20,66.02,0.892,1,0,13.0,13.0,1,50,10093,227707.7,100.0,13,13.46
1786082361346,2592,v1,0.0741,0.3384,0.1503,1.2332,0.8188,0.00795,0.127,0.003,0.691,1,5,91.31,0.686,1,9077,4.0,0.305,1,50,9961,261295.3,100.0,18,19.95
1786082363432,2593,v1,0.0125,0.6059,0.2608,1.0252,0.5283,0.02101,0.0874,0.00236,0.617,1,36,66.65,0.371,1,813,14.662,13.363,1,50,9915,219786.1,100.0,13,8.91
1786082365724,2594,v1,0.0346,0.9846,0.342,2.1482,0.8552,0.01283,0.0521,0.002353,0.624,0,12,60.42,0.686,1,5029,11.0,6.743,1,50,10927,273342.8,100.0,13,52.03
1786082367520,2595,v1,0.0743,0.2168,0.4296,2.3334,0.5737,0.02664,0.0738,0.002451,0.691,0,19,58.77,0.461,1,0,16.195,16.195,0,50,10080,300642.0,99.74,16,9.17
1786082361656,2596,v1,0.0787,0.241,0.1535,1.9889,0.5203,0.02468,0.0779,0.003523,0.69,1,23,87.1,0.644,1,0,17.054,17.054,0,50,9867,320041.4,86.99,16,12.55
1786082365551,2597,v1,0.0114,0.512,0.1965,1.8968,0.7708,0.00776,0.1851,0.002709,0.605,1,11,55.37,0.536,1,6724,10.0,3.583,0,50,10768,644508.1,0.0,-1,10.85
1786082367472,2598,v1,0.0601,0.5797,0.3588,2.1029,0.1436,0.03068,0.1721,0.001219,0.611,0,13,88.96,0.795,1,0,12.0,12.0,0,50,10706,283543.7,91.73,14,4.56
1786082368822,2599,v1,0.0601,0.719,0.4793,2.3339,0.8499,0.00688,0.2104,0.001548,0.712,1,19,32.08,0.33,1,1989,18.0,14.344,0,50,10071,498664.9,66.69,18,5.9
1786082376766,2600,v1,0.0558,0.2579,0.1071,0.9794,0.1503,0.00301,0.053,0.001245,0.633,0,5,57.19,0.375,1,1883,4.0,3.62,0,50,9976,485040.4,70.08,17,4.99
1786082379403,2601,v1,0.0671,0.7483,0.454,0.9303,0.865,0.00716,0.1461,0.001531,0.675,0,21,77.61,0.575,1,0,13.0,13.0,1,50,10691,250025.6,100.0,13,6.15
1786082382213,2602,v1,0.0401,0.8054,0.146,2.4264,0.5624,0.01172,0.1013,0.001474,0.587,1,11,22.51,0.429,1,5469,10.0,4.776,1,50,10596,269042.0,100.0,13,54.71
1786082385719,2603,v1,0.0356,0.4443,0.2118,1.8659,0.1213,0.02332,0.176,0.003202,0.689,0,10,68.22,0.566,1,3055,9.0,6.945,0,50,10695,529186.9,62.05,18,11.75
1786082376630,2604,v1,0.0711,0.4387,0.4195,2.0763,0.2077,0.0301,0.189,0.001619,0.656,0,8,81.53,0.716,1,0,6.943,6.943,1,50,11024,220543.9,100.0,8,6.41
1786082379014,2605,v1,0.073,0.5508,0.3582,2.1621,0.7988,0.01637,0.1748,0.001304,0.693,0,23,54.21,0.986,1,0,12.813,12.813,1,50,9986,209911.1,100.0,13,5.26
1786082382097,2606,v1,0.0659,0.7702,0.1849,1.4197,0.5325,0.02583,0.0502,0.003234,0.702,0,32,50.52,0.752,1,0,19.051,19.051,0,50,10439,319208.0,91.86,16,12.51
1786082384545,2607,v1,0.0723,0.6051,0.4437,2.353,0.8038,0.00562,0.1106,0.00221,0.658,0,13,61.6,0.342,1,2213,12.0,9.866,1,50,10651,252277.9,100.0,13,9.8
1786082377591,2608,v1,0.0462,0.2951,0.154,1.4362,0.6431,0.02738,0.23,0.002414,0.684,0,11,54.99,0.373,1,1719,10.0,8.507,0,50,9443,336667.9,73.11,16,9.47
1786082379998,2609,v1,0.0541,0.7336,0.4861,2.4751,0.48,0.01672,0.1871,0.001865,0.643,0,10,76.87,0.399,1,2755,8.966,6.988,1,50,9934,233027.5,100.0,13,33.47
1786082382176,2610,v1,0.0778,0.6833,0.4439,1.4684,0.1094,0.02617,0.0657,0.002785,0.627,0,25,79.01,0.542,1,0,11.011,11.011,1,50,10054,173577.2,100.0,4,10.27
1786082385890,2611,v1,0.0482,0.8618,0.4393,1.0529,0.3573,0.00921,0.2142,0.00201,0.702,1,18,65.86,0.462,1,5243,17.0,8.281,0,50,10609,573056.6,43.13,18,8.17
1786082379341,2612,v1,0.0114,0.6833,0.2929,2.1028,0.1405,0.01091,0.1739,0.002635,0.601,1,16,22.07,0.74,1,9152,15.0,1.087,0,50,10254,638491.6,0.0,-1,9.98
1786082382049,2613,v1,0.0316,0.2349,0.1059,1.4814,0.1354,0.02588,0.217,0.003331,0.654,0,20,90.94,0.326,1,0,13.519,13.519,1,50,10922,242868.8,100.0,13,12.59
1786082386097,2614,v1,0.0125,0.2065,0.495,1.5639,0.6457,0.01236,0.0623,0.002276,0.67,1,32,63.36,0.832,1,0,0.0,0.0,0,50,10096,597045.1,0.0,-1,8.75
1786082388717,2615,v1,0.0498,0.9886,0.3436,1.2233,0.9581,0.02048,0.242,0.002453,0.634,0,16,52.94,0.372,1,0,12.831,12.831,1,50,10574,235221.1,100.0,13,9.42
1786082378726,2616,v1,0.0634,0.2512,0.2411,2.1528,0.3382,0.0176,0.0583,0.002421,0.596,0,29,93.39,0.635,1,0,17.49,17.49,0,50,10652,307334.9,90.6,15,9.18
1786082381852,2617,v1,0.0604,0.4753,0.2704,2.268,0.5062,0.02576,0.1449,0.003193,0.707,1,4,87.08,0.935,1,11014,3.0,0.0,1,50,11138,304136.5,0.0,-1,100.0
1786082384846,2618,v1,0.0468,0.3612,0.3838,2.0833,0.5238,0.02692,0.1069,0.002911,0.636,1,9,83.86,0.477,1,6608,8.0,3.289,1,50,11466,284244.8,100.0,13,63.34
1786082389337,2619,v1,0.0683,0.2068,0.4855,2.3661,0.643,0.03019,0.1706,0.002492,0.679,1,10,35.75,0.694,1,8281,9.0,1.579,0,50,10262,574237.7,16.85,-1,9.34
1786082378476,2620,v1,0.0257,0.4011,0.2108,0.9143,0.3808,0.02987,0.1475,0.003334,0.679,0,22,45.96,0.748,1,0,13.0,13.0,1,50,9327,205525.2,100.0,13,12.78
1786082381769,2621,v1,0.0525,0.4376,0.2522,2.411,0.1842,0.01106,0.1777,0.00234,0.704,1,21,79.22,0.861,1,0,16.366,16.366,0,50,9744,482848.1,85.63,19,8.99
1786082384780,2622,v1,0.0551,0.6581,0.3489,1.1052,0.2489,0.00592,0.1617,0.001322,0.714,1,10,32.14,0.731,1,10295,9.0,0.365,1,50,10873,305745.2,100.0,18,11.91
1786082387137,2623,v1,0.0789,0.2312,0.1326,2.2604,0.417,0.00838,0.0744,0.003246,0.652,1,33,24.05,0.991,1,0,15.003,15.003,1,50,10070,236539.9,100.0,13,12.24
1786082380185,2624,v1,0.044,0.3964,0.4389,0.8614,0.6548,0.00851,0.1576,0.001327,0.596,1,25,21.39,0.372,1,819,16.908,15.573,0,50,10627,337387.3,93.12,15,5.29
1786082382526,2625,v1,0.0387,0.6426,0.4436,1.9083,0.7711,0.00416,0.208,0.003711,0.59,0,27,33.29,0.549,1,0,13.846,13.846,1,50,10249,223647.9,100.0,13,13.76
1786082384988,2626,v1,0.0232,0.889,0.2821,1.3863,0.5376,0.01964,0.1281,0.003112,0.718,0,5,70.43,0.798,1,6464,4.0,2.735,1,50,10350,261017.2,100.0,13,68.09
1786082388150,2627,v1,0.0626,0.6709,0.2907,2.0485,0.2526,0.01622,0.134,0.002585,0.602,1,12,66.35,0.687,1,9186,9.737,1.28,1,50,11552,273805.9,100.0,7,21.3
1786082387543,2628,v1,0.0427,0.5257,0.1008,2.0199,0.8062,0.02883,0.175,0.001927,0.595,1,29,59.53,0.979,1,0,11.77,11.77,1,50,10891,186848.5,100.0,7,7.95
1786082390693,2629,v1,0.0461,0.2586,0.1422,2.4116,0.8834,0.02495,0.2452,0.001446,0.618,0,29,55.81,0.807,1,0,17.647,17.647,0,50,10582,316767.3,84.17,15,5.74
1786082393570,2630,v1,0.0447,0.5931,0.1976,1.1204,0.7164,0.02746,0.0519,0.001441,0.703,1,34,32.25,0.447,1,891,19.856,17.961,0,50,9743,334494.6,89.17,17,6.22
1786082395649,2631,v1,0.0782,0.4922,0.3626,1.2214,0.1929,0.01093,0.1202,0.002993,0.608,0,31,84.06,0.971,1,0,11.725,11.725,1,50,9702,162711.1,100.0,4,11.02
1786082390186,2632,v1,0.0767,0.8473,0.2182,1.1727,0.9437,0.02963,0.0632,0.001891,0.6,1,5,23.19,0.338,1,4631,4.0,2.159,0,50,10134,408296.2,52.62,14,6.99
1786082393411,2633,v1,0.0158,0.8959,0.1291,1.6997,0.2451,0.0307,0.223,0.002397,0.685,1,21,66.96,0.568,1,0,9.413,9.413,0,50,10077,483753.6,45.87,18,9.16
1786082395887,2634,v1,0.0628,0.3245,0.1102,0.8699,0.5732,0.02546,0.1262,0.003202,0.622,0,31,22.55,0.32,1,0,11.77,11.77,1,50,10458,174616.5,100.0,7,12.08
1786082399477,2635,v1,0.0288,0.7195,0.4812,2.1698,0.7098,0.01187,0.1389,0.003586,0.63,1,19,21.48,0.541,1,3656,18.0,11.167,0,50,10289,461371.6,52.36,18,13.68
1786082389974,2636,v1,0.0168,0.676,0.2766,0.9724,0.2596,0.03138,0.213,0.001224,0.703,0,16,27.38,0.39,1,0,13.0,13.0,1,50,10133,234311.2,100.0,13,5.06
1786082393968,2637,v1,0.0447,0.8606,0.1183,2.3749,0.175,0.00637,0.0673,0.001743,0.678,1,4,68.36,0.436,1,4691,3.0,1.536,0,50,9677,567553.7,15.41,-1,6.64
1786082397204,2638,v1,0.0508,0.8753,0.2664,1.4144,0.4085,0.01896,0.1003,0.001428,0.616,0,25,35.82,0.669,1,0,16.921,16.921,0,50,11404,336640.3,94.28,15,5.41
1786082401350,2639,v1,0.0397,0.5448,0.4867,2.03,0.9075,0.01527,0.1487,0.001537,0.675,0,9,60.13,0.947,1,6076,8.0,4.318,0,50,10009,530154.9,32.87,18,6.06
1786082390687,2640,v1,0.0525,0.9623,0.1148,2.2437,0.9818,0.03022,0.0518,0.003715,0.615,0,23,50.37,0.772,1,0,16.29,16.29,0,50,10199,287877.0,87.0,15,14.0
1786082392896,2641,v1,0.074,0.9706,0.4483,1.1559,0.5175,0.0192,0.2016,0.00249,0.608,1,18,45.81,0.668,1,0,7.595,7.595,1,50,11798,130105.5,100.0,3,9.71
1786082395674,2642,v1,0.0199,0.3173,0.3762,1.9768,0.2048,0.02741,0.1114,0.003513,0.599,1,35,78.18,0.355,1,0,17.905,17.905,0,50,10791,304912.0,96.09,15,13.83
1786082399521,2643,v1,0.0758,0.2646,0.1588,2.4256,0.2247,0.02481,0.2168,0.002396,0.645,0,5,20.43,0.807,1,5126,4.0,2.962,0,50,9967,500246.1,44.98,16,9.1
1786082391267,2644,v1,0.075,0.4823,0.4568,2.1834,0.4262,0.02545,0.1134,0.001761,0.71,0,36,95.05,0.697,1,0,14.73,14.73,1,50,10456,230450.3,100.0,13,6.81
1786082393669,2645,v1,0.0161,0.5584,0.3558,1.6017,0.4347,0.01083,0.0695,0.003387,0.6,0,27,96.78,0.579,1,0,13.865,13.865,1,50,9946,213386.6,100.0,13,12.93
1786082398202,2646,v1,0.0231,0.4773,0.2365,2.1997,0.4895,0.02665,0.2145,0.001464,0.711,1,10,74.05,0.792,1,9888,9.0,0.0,0,50,10018,577167.3,0.0,-1,5.53
1786082400874,2647,v1,0.014,0.4756,0.3769,0.985,0.6388,0.00672,0.1108,0.003393,0.61,0,24,51.35,0.523,1,0,13.357,13.357,1,50,10628,234478.9,100.0,13,13.15
1786082391944,2648,v1,0.0319,0.6815,0.2446,2.145,0.6889,0.01848,0.1972,0.001628,0.681,0,34,75.13,0.918,1,0,14.352,14.352,1,50,9880,220368.8,100.0,13,6.38
1786082394646,2649,v1,0.0792,0.8388,0.4448,2.3599,0.6364,0.01597,0.0757,0.003433,0.716,0,20,29.76,0.313,1,0,13.0,13.0,1,50,10972,245072.2,100.0,13,13.03
1786082397236,2650,v1,0.0799,0.4619,0.4758,2.1366,0.3832,0.02499,0.1484,0.00275,0.667,0,27,64.58,0.556,1,0,13.756,13.756,1,50,10993,244401.1,100.0,13,10.78
1786082401068,2651,v1,0.0101,0.4958,0.1526,2.4649,0.3812,0.02084,0.1838,0.002505,0.588,0,11,40.8,0.369,1,2686,10.0,7.886,0,50,10417,470804.7,46.75,19,9.88
1786082393098,2652,v1,0.0259,0.6401,0.3348,0.9258,0.7468,0.01614,0.0578,0.003145,0.603,0,32,32.7,0.73,1,0,18.037,18.037,0,50,11540,324397.9,91.28,15,12.0
1786082397293,2653,v1,0.057,0.8605,0.4113,1.7456,0.465,0.02129,0.0512,0.002264,0.661,1,8,20.81,0.406,1,5261,7.0,3.341,0,50,10204,497696.5,40.33,16,8.71
1786082400052,2654,v1,0.0523,0.3568,0.338,1.1497,0.5955,0.02695,0.101,0.002641,0.646,0,6,30.81,0.963,1,5012,5.0,3.439,1,50,9787,243267.4,100.0,13,16.14
1786082402551,2655,v1,0.0396,0.957,0.2042,0.8119,0.9544,0.0226,0.2332,0.002069,0.593,0,27,20.41,0.619,1,779,9.758,9.168,1,50,10833,150594.8,100.0,5,8.24
1786082398821,2656,v1,0.0665,0.3519,0.116,1.9845,0.678,0.01045,0.2276,0.001263,0.675,1,15,85.86,0.829,1,0,13.578,13.578,1,50,9090,215179.4,100.0,13,5.18
1786082401423,2657,v1,0.0453,0.4953,0.2219,1.9684,0.7086,0.01903,0.2181,0.001752,0.648,0,28,64.14,0.311,1,0,14.016,14.016,1,50,10664,245088.6,100.0,13,6.53
1786082406072,2658,v1,0.0457,0.7163,0.4109,0.806,0.4535,0.00723,0.1126,0.00214,0.635,1,6,41.63,0.895,1,10956,5.0,0.0,0,50,11081,653333.9,0.0,-1,8.51
1786082408584,2659,v1,0.0328,0.2134,0.1757,2.1289,0.1056,0.00398,0.0806,0.003402,0.617,0,16,70.0,0.455,1,0,14.0,14.0,1,50,10484,245490.5,100.0,14,12.89
1786082402702,2660,v1,0.0236,0.5536,0.3804,2.394,0.4035,0.0298,0.1119,0.002479,0.649,0,6,28.32,0.467,1,3332,5.0,4.02,1,50,10349,251277.2,100.0,13,38.94
1786082405498,2661,v1,0.0712,0.4017,0.4844,1.9519,0.985,0.02172,0.2152,0.001315,0.646,0,13,92.7,0.56,1,0,11.984,11.984,0,50,10137,298865.2,87.34,15,5.01
1786082408495,2662,v1,0.0167,0.2573,0.1871,1.3391,0.5102,0.00775,0.0985,0.001944,0.706,1,16,62.52,0.948,1,8951,15.0,1.467,1,50,10199,277359.2,100.0,25,92.16
1786082410859,2663,v1,0.023,0.7063,0.2181,2.2522,0.9152,0.01866,0.1551,0.002689,0.639,0,36,30.74,0.607,1,0,14.713,14.713,1,50,9979,230574.2,100.0,13,10.32
1786082403479,2664,v1,0.0156,0.476,0.3663,1.7389,0.949,0.01707,0.183,0.001512,0.609,1,34,51.99,0.494,1,1211,14.365,12.533,1,50,9956,227714.3,100.0,13,5.85
1786082406042,2665,v1,0.0752,0.701,0.3015,1.0195,0.1855,0.0181,0.1265,0.001368,0.704,1,10,82.08,0.921,1,9139,9.0,0.0,1,50,9247,242978.4,100.0,17,5.86
1786082408413,2666,v1,0.0492,0.9718,0.1948,2.0056,0.8027,0.0191,0.0928,0.00322,0.645,1,18,25.51,0.55,1,0,11.888,11.888,1,50,10173,204225.1,100.0,10,11.89
1786082410892,2667,v1,0.0309,0.4504,0.4974,1.3154,0.2529,0.00555,0.0798,0.002182,0.706,0,10,87.78,0.377,1,0,9.0,9.0,1,50,10458,245774.7,100.0,14,8.19
1786082404576,2668,v1,0.0266,0.7597,0.3046,1.506,0.5899,0.02656,0.1617,0.001714,0.621,1,18,62.66,0.641,1,0,15.538,15.538,0,50,10311,297675.3,87.43,15,6.54
1786082409145,2669,v1,0.0227,0.8895,0.447,2.173,0.3773,0.02089,0.2357,0.001932,0.72,0,28,42.99,0.405,1,0,0.0,0.0,0,50,11122,660448.1,0.0,-1,7.3
1786082411482,2670,v1,0.0145,0.9068,0.4273,2.2913,0.3199,0.00485,0.0902,0.003717,0.685,0,25,37.89,0.902,1,0,13.528,13.528,1,50,9633,221175.2,100.0,13,14.39
1786082414631,2671,v1,0.0524,0.5454,0.2204,2.4848,0.882,0.01797,0.0541,0.002277,0.615,0,31,29.12,0.923,1,1190,18.408,16.404,0,50,10306,324022.4,86.22,16,8.7
1786082404721,2672,v1,0.0239,0.7493,0.395,2.4767,0.4575,0.01208,0.2139,0.003765,0.707,1,27,32.17,0.447,1,1001,14.347,12.794,1,50,10110,225574.4,100.0,13,20.49
1786082408988,2673,v1,0.0129,0.9264,0.2655,1.6286,0.1257,0.01247,0.0847,0.002903,0.679,1,26,92.57,0.682,1,0,0.0,0.0,0,50,10076,591085.2,0.0,-1,11.17
1786082411333,2674,v1,0.0335,0.835,0.4954,1.6458,0.8305,0.01381,0.169,0.003725,0.662,1,20,78.92,0.775,1,0,13.0,13.0,1,50,10178,226903.3,100.0,13,13.81
1786082415962,2675,v1,0.0178,0.8827,0.3168,1.8142,0.5982,0.00926,0.0707,0.002448,0.718,0,20,49.13,0.673,1,4288,19.0,12.127,0,50,11119,638112.8,0.0,-1,9.45
1786082407268,2676,v1,0.0708,0.9366,0.2124,1.5349,0.9099,0.01154,0.081,0.0024,0.664,1,10,75.98,0.972,1,10406,9.0,0.0,0,50,10625,618591.1,0.0,-1,8.72
1786082410153,2677,v1,0.0234,0.4415,0.2551,2.1377,0.2039,0.02266,0.0767,0.001661,0.595,1,13,22.6,0.665,1,7188,11.945,3.715,1,50,10671,275168.7,100.0,13,70.74
1786082414973,2678,v1,0.0223,0.9166,0.3328,1.2465,0.6227,0.01966,0.2323,0.002254,0.706,1,29,54.22,0.506,1,251,1.257,0.756,0,50,11542,692708.9,5.85,-1,8.53
1786082418138,2679,v1,0.0721,0.9804,0.4496,2.3433,0.3488,0.01103,0.168,0.001734,0.716,1,16,39.78,0.314,1,3402,15.0,9.732,0,50,9938,520324.4,58.02,17,6.86
1786082406212,2680,v1,0.0424,0.6019,0.2124,0.8109,0.1185,0.02564,0.1672,0.002074,0.716,1,15,69.45,0.978,1,0,13.0,13.0,1,50,10641,240959.9,100.0,13,7.94
1786082409901,2681,v1,0.0342,0.934,0.3892,2.3198,0.1875,0.01053,0.2494,0.001511,0.611,1,16,92.62,0.478,1,5394,15.0,6.283,0,50,9524,531747.2,38.1,18,6.08
1786082412541,2682,v1,0.0705,0.2955,0.2422,2.3627,0.8391,0.02999,0.06,0.003164,0.622,0,14,84.55,0.524,1,0,9.992,9.992,1,50,10635,164162.6,100.0,7,12.05
1786082415348,2683,v1,0.0436,0.4337,0.2084,1.505,0.6331,0.01034,0.1426,0.001733,0.664,1,25,23.78,0.545,1,1347,13.842,11.989,1,50,10407,244521.0,100.0,13,6.88
1786082411898,2684,v1,0.023,0.5108,0.1326,1.5993,0.8892,0.02118,0.0761,0.002415,0.62,0,23,65.9,0.925,1,0,13.201,13.201,1,50,11090,252108.0,100.0,13,9.27
1786082414360,2685,v1,0.0411,0.5872,0.3149,2.1549,0.2341,0.01148,0.091,0.002785,0.645,0,18,62.17,0.794,1,0,12.991,12.991,1,50,10199,230585.7,100.0,13,10.87
1786082417195,2686,v1,0.059,0.302,0.1458,1.8017,0.9969,0.02149,0.2159,0.002835,0.698,0,25,36.5,0.98,1,0,18.123,18.123,0,50,10959,347646.0,85.65,17,10.83
1786082419289,2687,v1,0.0241,0.8972,0.2501,1.6923,0.6752,0.00525,0.1004,0.001543,0.617,1,24,76.78,0.333,1,0,13.365,13.365,1,50,10349,229710.7,100.0,13,6.16
1786082414537,2688,v1,0.0267,0.203,0.1501,2.2679,0.4906,0.01877,0.071,0.002458,0.622,1,30,37.72,0.364,1,659,19.764,18.39,0,50,10101,349468.3,90.53,17,8.98
1786082416775,2689,v1,0.0585,0.7932,0.2819,2.2606,0.169,0.01091,0.1194,0.002188,0.719,1,23,88.25,0.54,1,0,13.199,13.199,1,50,10065,223539.9,100.0,13,8.45
1786082418977,2690,v1,0.048,0.4302,0.265,1.2232,0.2287,0.00644,0.1251,0.001715,0.596,0,7,65.13,0.933,1,6180,6.0,3.325,1,50,9339,249899.8,100.0,13,32.84
1786082420764,2691,v1,0.0156,0.7729,0.475,1.4528,0.4444,0.01001,0.0838,0.002924,0.657,0,26,57.84,0.43,1,0,13.701,13.701,1,50,9880,219609.6,100.0,13,11.01
1786082415932,2692,v1,0.0543,0.5973,0.2591,2.1233,0.4257,0.01134,0.1181,0.002034,0.683,1,27,31.19,0.721,1,4782,19.883,10.541,0,50,10929,560112.3,87.46,18,7.77
1786082418366,2693,v1,0.0451,0.874,0.1725,1.0549,0.9312,0.02678,0.2428,0.00376,0.652,0,27,28.72,0.905,1,0,17.436,17.436,0,50,10639,315303.8,97.68,16,14.36
1786082421271,2694,v1,0.0112,0.3321,0.4076,2.2417,0.6094,0.02217,0.201,0.00318,0.583,1,16,27.39,0.925,1,7500,15.0,3.695,0,50,10433,562398.9,24.64,15,12.26
1786082423496,2695,v1,0.0783,0.5564,0.1556,1.6168,0.5444,0.01336,0.2155,0.001951,0.607,1,6,88.06,0.969,1,10312,5.0,0.0,0,50,10400,601062.9,0.0,-1,7.54
1786082418423,2696,v1,0.0386,0.9304,0.1949,2.0889,0.9119,0.01549,0.1684,0.003754,0.618,0,14,37.39,0.771,1,5474,13.0,6.926,0,50,10392,471340.5,40.34,17,13.95
1786082420569,2697,v1,0.0624,0.4803,0.3923,2.1257,0.4445,0.03073,0.1154,0.002201,0.667,1,24,46.34,0.874,1,1483,16.45,13.646,0,50,9028,301426.1,85.85,15,8.21
1786082422014,2698,v1,0.0351,0.8714,0.2047,2.0719,0.8778,0.02969,0.1699,0.001381,0.63,1,28,95.89,0.74,1,0,17.694,17.694,0,50,9606,291419.0,99.86,16,5.51
1786082423406,2699,v1,0.0797,0.3246,0.174,0.8204,0.3684,0.02044,0.0827,0.001561,0.649,1,21,64.73,0.636,1,0,15.679,15.679,0,50,10266,286217.6,94.32,15,6.22
1786082431653,2700,v1,0.0175,0.9433,0.4886,2.4306,0.6584,0.00806,0.1189,0.002571,0.601,1,9,35.17,0.483,1,4978,8.0,3.693,0,50,9404,555349.8,1.21,-1,9.68
1786082436090,2701,v1,0.031,0.6498,0.4181,1.866,0.9104,0.00462,0.2487,0.002411,0.662,0,11,66.64,0.977,1,6986,10.0,4.559,0,50,10560,617144.2,0.0,-1,9.44
1786082439161,2702,v1,0.0153,0.9217,0.2245,1.5685,0.1595,0.01394,0.1986,0.001359,0.587,0,30,80.29,0.322,1,0,20.261,20.261,0,50,10447,379901.7,89.87,17,5.25
1786082442980,2703,v1,0.0731,0.5641,0.4593,1.1637,0.3942,0.02796,0.1196,0.003507,0.715,0,12,27.44,0.639,1,4657,11.0,7.044,0,50,11022,490091.1,55.68,16,13.42
1786082430901,2704,v1,0.0526,0.3312,0.2116,1.2483,0.179,0.01332,0.1321,0.003513,0.583,1,25,43.48,0.719,1,1459,11.229,9.501,1,50,10160,175495.0,100.0,5,12.81
1786082433492,2705,v1,0.0744,0.6616,0.1373,1.9125,0.7351,0.01145,0.1161,0.002813,0.716,0,12,54.74,0.715,1,3709,11.0,7.714,1,50,10507,248002.8,100.0,13,19.74
1786082436426,2706,v1,0.045,0.4854,0.4663,2.2661,0.2994,0.02544,0.2074,0.003514,0.613,1,30,48.18,0.742,1,1618,17.071,14.252,0,50,10734,330359.5,98.77,15,13.28
1786082438929,2707,v1,0.0393,0.2157,0.1469,0.8353,0.7549,0.01957,0.2036,0.002324,0.612,0,8,67.3,0.401,1,2324,6.995,5.874,1,50,10530,199949.4,100.0,8,12.17
1786082432102,2708,v1,0.0646,0.3608,0.2244,1.3641,0.5292,0.03053,0.2447,0.001546,0.662,0,30,73.08,0.977,1,0,17.238,17.238,0,50,10361,290814.6,94.87,15,5.98
1786082435092,2709,v1,0.0293,0.7435,0.457,2.1746,0.7634,0.01889,0.2047,0.002384,0.585,0,25,46.69,0.823,1,0,16.538,16.538,0,50,9964,288369.7,84.26,15,8.67
1786082439100,2710,v1,0.0249,0.4967,0.1953,1.0902,0.5834,0.00395,0.2332,0.002598,0.651,0,14,42.25,0.321,1,1766,13.0,11.032,0,50,10206,597191.7,0.0,-1,9.84
1786082442152,2711,v1,0.0449,0.7572,0.1084,2.4874,0.7547,0.0306,0.0737,0.003607,0.601,0,14,46.85,0.365,1,2519,13.0,9.821,0,50,9137,332522.7,60.69,15,14.22
1786082432125,2712,v1,0.0547,0.3723,0.4102,2.3013,0.7575,0.0039,0.0701,0.002858,0.688,0,7,99.64,0.691,1,0,6.0,6.0,1,50,9909,233873.7,100.0,14,10.96
1786082434615,2713,v1,0.0685,0.7081,0.157,1.3329,0.211,0.01667,0.1827,0.003342,0.662,0,34,48.68,0.41,1,0,14.357,14.357,1,50,10820,251243.2,100.0,13,12.6
1786082437050,2714,v1,0.016,0.9016,0.1237,2.1292,0.9923,0.01094,0.147,0.002937,0.595,0,26,78.61,0.81,1,0,13.691,13.691,1,50,10078,228873.8,100.0,13,10.93
1786082440666,2715,v1,0.0412,0.7602,0.3028,0.9845,0.4053,0.00896,0.1863,0.003567,0.678,0,31,94.06,0.395,1,0,19.481,19.481,0,50,11793,534326.9,80.55,18,13.52
1786082434210,2716,v1,0.0235,0.5256,0.2988,1.6519,0.2649,0.00763,0.2212,0.003649,0.686,0,27,36.32,0.625,1,0,0.0,0.0,0,50,9591,551641.6,0.0,-1,13.96
1786082437807,2717,v1,0.0534,0.4745,0.1203,2.2138,0.8447,0.03072,0.2055,0.001289,0.638,0,5,25.87,0.479,1,3853,4.0,3.297,0,50,11021,445612.4,60.22,15,5.27
1786082440791,2718,v1,0.0267,0.5635,0.1954,0.9067,0.6439,0.01756,0.2317,0.00186,0.659,1,31,60.57,0.425,1,863,19.947,18.191,0,50,10303,362850.3,86.46,18,7.54
1786082442834,2719,v1,0.0734,0.5987,0.2157,1.0235,0.4769,0.02474,0.1418,0.003192,0.599,1,34,30.0,0.568,1,1307,8.027,6.907,1,50,10421,92195.5,100.0,3,11.91
1786082433681,2720,v1,0.0561,0.3135,0.2852,1.8138,0.302,0.02123,0.2329,0.003034,0.674,0,23,78.86,0.832,1,0,17.3,17.3,0,50,10117,384147.0,89.63,16,10.92
1786082436257,2721,v1,0.0167,0.8707,0.4817,1.231,0.2966,0.02773,0.1867,0.00208,0.605,0,4,62.02,0.761,1,5623,3.0,2.44,1,50,10091,247659.6,100.0,12,59.45
1786082438439,2722,v1,0.0257,0.3774,0.4658,2.4927,0.6076,0.01375,0.0644,0.001866,0.599,0,18,41.35,0.825,1,0,13.0,13.0,1,50,9557,207364.1,100.0,13,7.51
1786082440859,2723,v1,0.0102,0.3657,0.1095,0.9877,0.5588,0.01977,0.211,0.003727,0.605,0,33,66.95,0.675,1,0,14.377,14.377,1,50,10137,224785.2,100.0,13,14.07
1786082433665,2724,v1,0.0628,0.2994,0.4296,0.8313,0.4418,0.02339,0.0574,0.0024,0.582,1,10,32.37,0.869,1,1813,5.087,4.254,1,50,11036,98331.3,100.0,4,9.27
1786082435689,2725,v1,0.0441,0.726,0.3003,0.8692,0.4443,0.02439,0.2428,0.001883,0.592,1,17,96.63,0.506,1,0,6.382,6.382,1,50,10751,92710.4,100.0,4,7.58
1786082439360,2726,v1,0.0528,0.5178,0.1168,1.7892,0.9561,0.01806,0.0954,0.003467,0.701,0,5,59.03,0.475,1,2709,4.0,3.486,0,50,10691,446209.6,65.9,18,13.24
1786082442065,2727,v1,0.0414,0.6795,0.1536,1.6115,0.4935,0.03046,0.2213,0.003171,0.616,0,20,21.88,0.814,1,0,10.402,10.402,1,50,12136,194623.7,100.0,7,12.37
1786082442281,2728,v1,0.0195,0.4449,0.4659,2.0467,0.9886,0.0066,0.2128,0.001769,0.61,0,6,60.02,0.349,1,2082,5.0,4.377,1,50,10110,238839.7,100.0,13,26.48
1786082444894,2729,v1,0.0441,0.3735,0.4073,1.0721,0.9491,0.01923,0.1632,0.003709,0.657,0,33,90.14,0.976,1,0,14.316,14.316,1,50,10763,236258.8,100.0,13,13.7
1786082447954,2730,v1,0.0486,0.2787,0.4957,1.9026,0.1443,0.02282,0.0513,0.001239,0.619,1,20,65.39,0.923,1,1748,15.615,12.986,0,50,10550,365677.0,89.5,15,5.19
1786082450315,2731,v1,0.0701,0.4474,0.2445,2.3538,0.2554,0.02126,0.1022,0.001421,0.665,1,31,57.73,0.8,1,0,14.361,14.361,1,50,10001,230202.8,100.0,13,5.25
1786082443979,2732,v1,0.0792,0.2747,0.2056,2.2481,0.8469,0.01173,0.2406,0.003589,0.694,0,34,89.85,0.927,1,0,15.141,15.141,1,50,10840,256690.8,100.0,13,13.6
1786082446805,2733,v1,0.0673,0.5783,0.3182,2.091,0.9016,0.02348,0.2446,0.001792,0.635,0,30,89.85,0.373,1,0,17.271,17.271,0,50,10224,299068.4,90.14,15,7.19
1786082451141,2734,v1,0.0336,0.7309,0.4158,1.3279,0.7316,0.02881,0.1065,0.003614,0.638,1,9,25.59,0.943,1,10285,8.0,0.0,0,50,10579,590610.9,0.0,-1,13.79
1786082455012,2735,v1,0.0724,0.6782,0.2977,2.4811,0.5696,0.02917,0.2122,0.00164,0.645,1,10,82.74,0.865,1,9002,9.0,0.358,0,50,9514,576363.7,3.43,-1,6.23
1786082444543,2736,v1,0.0152,0.7577,0.1426,1.108,0.967,0.02189,0.2312,0.003449,0.587,1,6,46.23,0.397,1,5486,5.0,2.12,1,50,9706,239357.6,100.0,12,63.13
1786082447054,2737,v1,0.0332,0.46,0.2743,2.0725,0.3619,0.01607,0.14,0.003014,0.715,0,35,77.46,0.896,1,0,15.576,15.576,1,50,10641,256883.4,100.0,14,11.58
1786082449593,2738,v1,0.059,0.4516,0.4092,1.4502,0.892,0.02092,0.1752,0.001802,0.602,0,4,73.82,0.903,1,0,3.0,3.0,0,50,9797,262500.9,97.08,15,6.97
1786082452885,2739,v1,0.0691,0.8715,0.412,0.9879,0.2387,0.02058,0.197,0.001767,0.682,0,9,58.24,0.349,1,2222,8.0,6.702,0,50,10413,421319.0,73.47,15,6.65
1786082444926,2740,v1,0.0106,0.9282,0.4464,1.5229,0.4809,0.02743,0.2349,0.003049,0.594,0,33,62.51,0.499,1,0,12.301,12.301,1,50,10072,184657.6,100.0,9,12.07
1786082447373,2741,v1,0.0656,0.7869,0.3654,1.8707,0.5551,0.02018,0.1506,0.003349,0.657,0,24,80.77,0.958,1,0,13.349,13.349,1,50,9899,214416.2,100.0,13,13.08
1786082450660,2742,v1,0.0542,0.517,0.2046,1.1251,0.4055,0.00624,0.2189,0.002833,0.669,0,4,87.5,0.477,1,0,3.0,3.0,0,50,10370,467228.9,97.83,18,10.59
1786082454180,2743,v1,0.0252,0.7958,0.1074,2.0398,0.8374,0.0188,0.0628,0.001907,0.603,0,6,63.97,0.439,1,3156,5.0,4.086,0,50,10464,414752.8,60.83,17,7.39
1786082446295,2744,v1,0.0103,0.9652,0.1662,2.3773,0.5092,0.02911,0.0887,0.00152,0.676,0,4,64.72,0.948,1,5281,3.0,2.493,1,50,10451,274824.2,100.0,13,53.72
1786082449100,2745,v1,0.0338,0.6663,0.4774,1.0552,0.9975,0.00815,0.2211,0.001744,0.624,0,31,87.38,0.87,1,0,19.02,19.02,0,50,9806,311428.2,86.85,17,7.02
1786082453047,2746,v1,0.0318,0.9165,0.4197,1.65,0.9953,0.00932,0.2138,0.002516,0.615,0,8,78.0,0.962,1,7097,7.0,3.447,0,50,10133,541296.3,25.08,18,9.36
1786082456775,2747,v1,0.0451,0.4653,0.301,1.8974,0.653,0.00662,0.099,0.002559,0.64,1,22,45.37,0.775,1,1641,18.499,15.563,0,50,10800,492245.6,85.06,18,9.83
1786082446454,2748,v1,0.0522,0.9303,0.3642,1.947,0.2092,0.01201,0.1757,0.001255,0.641,1,16,49.81,0.64,1,0,12.896,12.896,1,50,10285,224310.4,100.0,13,4.59
1786082449218,2749,v1,0.0349,0.9863,0.3598,1.1354,0.4481,0.00443,0.1921,0.002877,0.661,0,26,20.94,0.553,1,644,13.688,12.966,1,50,11038,252846.9,100.0,13,10.61
1786082453911,2750,v1,0.0139,0.3006,0.3628,1.7084,0.6811,0.00991,0.0522,0.001526,0.715,1,25,82.28,0.343,1,0,0.0,0.0,0,50,10564,619734.1,0.0,-1,5.82
1786082458178,2751,v1,0.0708,0.7469,0.3412,2.473,0.6597,0.01585,0.0889,0.003155,0.643,0,11,49.02,0.799,1,6472,10.0,5.126,0,50,10962,548437.1,32.5,16,11.81
1786082447905,2752,v1,0.064,0.3933,0.371,1.0656,0.2376,0.01482,0.1861,0.001295,0.699,1,27,50.55,0.906,1,3840,19.226,11.364,0,50,9837,487033.6,97.86,17,5.39
1786082451270,2753,v1,0.0191,0.7285,0.4814,1.7569,0.527,0.02103,0.107,0.00356,0.603,0,8,39.41,0.794,1,4576,7.0,4.586,0,50,9719,402778.0,46.56,15,13.52
1786082453880,2754,v1,0.0635,0.3684,0.4875,1.4959,0.3524,0.01484,0.1512,0.002737,0.643,1,31,62.97,0.958,1,0,14.362,14.362,1,50,9878,227071.7,100.0,13,10.42
1786082456331,2755,v1,0.0153,0.762,0.2795,1.4094,0.9367,0.01327,0.1444,0.003263,0.631,1,20,59.83,0.825,1,0,13.0,13.0,1,50,10289,231396.0,100.0,13,11.79
1786082454806,2756,v1,0.0612,0.6827,0.1841,1.42,0.9195,0.00424,0.2407,0.002984,0.678,0,8,47.03,0.658,1,3697,7.0,5.195,0,50,10451,518263.5,55.61,18,11.2
1786082458023,2757,v1,0.0497,0.8389,0.1185,1.3407,0.1624,0.02448,0.1642,0.003059,0.589,0,34,27.09,0.48,1,0,17.404,17.404,0,50,10958,287610.1,89.24,14,11.12
1786082461066,2758,v1,0.0395,0.5136,0.3251,1.6397,0.4705,0.00408,0.1713,0.002803,0.611,0,36,37.02,0.664,1,0,21.194,21.194,0,50,10404,401715.2,87.91,17,9.93
1786082464905,2759,v1,0.0794,0.6701,0.4789,2.0831,0.156,0.01577,0.2466,0.001266,0.683,1,22,31.27,0.792,1,2761,17.227,12.503,0,50,10376,506622.5,87.66,16,5.15
1786082457739,2760,v1,0.0276,0.2489,0.1552,0.9816,0.2958,0.02053,0.2283,0.001799,0.703,0,14,83.08,0.822,1,0,13.0,13.0,0,50,10640,560332.7,41.39,19,6.84
1786082460810,2761,v1,0.056,0.2851,0.3849,2.4066,0.2173,0.02655,0.1668,0.002007,0.621,1,22,87.46,0.322,1,0,15.916,15.916,0,50,11346,308536.2,94.73,15,8.55
1786082463593,2762,v1,0.0367,0.6291,0.1065,1.7077,0.4715,0.00613,0.2395,0.003036,0.596,1,20,66.61,0.331,1,0,17.63,17.63,0,50,10408,378129.4,90.4,17,10.94
1786082465896,2763,v1,0.0674,0.7531,0.3539,0.9414,0.8143,0.02363,0.1982,0.00352,0.66,1,32,22.09,0.852,1,0,11.967,11.967,1,50,10265,171352.1,100.0,6,13.05
1786082459804,2764,v1,0.0133,0.3332,0.1123,1.616,0.6761,0.02767,0.1453,0.002534,0.691,1,14,20.73,0.955,1,11068,13.0,0.0,0,50,11445,676424.9,0.0,-1,9.58
1786082463993,2765,v1,0.0188,0.3923,0.1935,0.8451,0.8465,0.0089,0.1039,0.002089,0.665,0,22,69.76,0.541,1,0,0.0,0.0,0,50,10516,596599.1,0.0,-1,8.19
1786082466394,2766,v1,0.0691,0.8701,0.3767,1.7679,0.3519,0.00702,0.1058,0.002278,0.631,0,10,79.23,0.555,1,0,8.222,8.222,1,50,10427,200713.2,100.0,7,8.7
1786082469026,2767,v1,0.0547,0.9741,0.4357,1.7173,0.1876,0.01378,0.1214,0.002037,0.691,1,16,90.33,0.304,1,0,13.0,13.0,1,50,10231,227999.3,100.0,13,7.76
1786082458710,2768,v1,0.0669,0.3126,0.1702,1.9878,0.2078,0.00606,0.1481,0.002384,0.611,0,5,60.03,0.646,1,5235,4.0,2.998,1,50,10565,266604.8,100.0,13,40.86
1786082462052,2769,v1,0.0194,0.4273,0.1363,2.1134,0.9207,0.02741,0.2317,0.002047,0.665,0,19,69.97,0.495,1,2952,18.0,13.13,0,50,10058,422786.0,61.51,19,7.21
1786082464696,2770,v1,0.0282,0.4495,0.4559,1.0895,0.9395,0.02954,0.0705,0.001767,0.612,1,8,87.36,0.968,1,5271,6.393,3.008,1,50,11048,203359.8,100.0,6,51.77
1786082467669,2771,v1,0.0799,0.513,0.4909,1.9176,0.2401,0.00957,0.1283,0.001345,0.647,0,23,28.08,0.961,1,1277,17.141,15.123,0,50,9840,421978.2,100.0,16,5.28
1786082460418,2772,v1,0.0401,0.9816,0.1245,1.7723,0.3128,0.02129,0.1942,0.001798,0.693,0,34,35.81,0.469,1,0,22.594,22.594,0,50,10243,445293.2,86.84,17,6.88
1786082463333,2773,v1,0.0316,0.7746,0.2332,0.9775,0.8069,0.03178,0.1779,0.003629,0.644,0,30,82.12,0.431,1,0,17.316,17.316,0,50,11793,316261.9,86.51,15,13.66
1786082468025,2774,v1,0.0506,0.7858,0.102,1.8918,0.5761,0.02801,0.2371,0.001454,0.68,1,10,63.95,0.765,1,9395,9.0,1.082,0,50,10820,629299.9,10.12,-1,5.71
1786082471861,2775,v1,0.0138,0.4579,0.3443,1.9421,0.3311,0.01157,0.1947,0.0017,0.696,1,23,58.23,0.859,1,0,0.0,0.0,0,50,9811,577461.3,0.0,-1,6.76
1786082459998,2776,v1,0.0602,0.2664,0.2254,1.1091,0.2682,0.03157,0.1031,0.002917,0.584,0,25,86.28,0.713,1,0,7.825,7.825,1,50,11111,118121.1,100.0,5,11.21
1786082462613,2777,v1,0.0423,0.3367,0.169,1.2833,0.5796,0.01775,0.1236,0.003076,0.642,0,13,94.41,0.815,1,0,12.0,12.0,0,50,9198,285859.1,92.99,16,10.99
1786082465012,2778,v1,0.0583,0.3624,0.3892,1.1727,0.1255,0.0274,0.0594,0.003419,0.639,1,31,87.43,0.857,1,0,12.366,12.366,1,50,10319,189013.6,100.0,6,12.4
1786082467318,2779,v1,0.0158,0.9331,0.1296,1.9771,0.426,0.03079,0.0969,0.003172,0.63,1,29,37.71,0.353,1,712,14.204,13.074,1,50,9704,222269.3,100.0,13,12.78
1786082463204,2780,v1,0.064,0.5942,0.1101,2.4735,0.6611,0.00508,0.1346,0.00216,0.698,0,18,54.97,0.878,1,6842,17.0,7.287,0,50,10977,631266.9,24.27,19,8.16
1786082466652,2781,v1,0.0233,0.8868,0.3191,2.0994,0.7913,0.02226,0.1466,0.001794,0.592,1,25,45.05,0.465,1,1027,16.763,15.16,0,50,11067,338841.8,88.82,15,6.44
1786082469300,2782,v1,0.0571,0.5383,0.1231,1.6453,0.5022,0.02418,0.1525,0.002265,0.691,1,8,23.87,0.521,1,6056,7.0,2.699,1,50,10010,260276.7,100.0,13,43.4
1786082471359,2783,v1,0.0451,0.5579,0.387,2.2032,0.8672,0.00378,0.1189,0.003302,0.601,0,16,77.38,0.409,1,0,11.39,11.39,1,50,10072,188710.1,100.0,10,12.48
1786082469951,2784,v1,0.0357,0.3679,0.4165,2.4349,0.9971,0.00551,0.2228,0.001503,0.691,0,5,26.58,0.567,1,4768,4.0,3.124,0,50,10948,657033.2,0.0,-1,6.0
1786082472238,2785,v1,0.0386,0.845,0.1442,1.5203,0.9045,0.02982,0.2399,0.001292,0.671,0,5,67.5,0.441,1,0,4.0,4.0,1,50,9886,224601.1,100.0,13,5.03
1786082474845,2786,v1,0.0421,0.7461,0.3958,1.2993,0.4635,0.0095,0.1009,0.002632,0.649,0,33,53.71,0.777,1,0,20.641,20.641,0,50,10496,390626.7,88.96,17,10.51
1786082477321,2787,v1,0.0569,0.8096,0.3573,1.5822,0.9583,0.00688,0.0525,0.002755,0.641,1,29,75.6,0.405,1,0,18.813,18.813,0,50,10408,319866.6,84.73,17,10.36
1786082469338,2788,v1,0.0307,0.4924,0.2432,1.1986,0.416,0.02018,0.2482,0.003431,0.657,0,14,39.05,0.587,1,0,13.0,13.0,1,50,10658,237688.7,100.0,13,12.29
1786082471700,2789,v1,0.0126,0.2596,0.2557,2.4323,0.5938,0.01047,0.0718,0.00291,0.703,1,9,55.12,0.398,1,5784,8.0,3.255,1,50,9987,270205.5,100.0,18,64.6
1786082473888,2790,v1,0.0241,0.6149,0.2878,2.2565,0.7193,0.00515,0.1596,0.00179,0.635,1,29,43.64,0.555,1,1171,14.198,12.595,1,50,10787,245057.4,100.0,13,9.84
1786082477478,2791,v1,0.0227,0.287,0.4807,2.4491,0.2974,0.00507,0.2325,0.00165,0.675,1,21,21.65,0.417,1,0,0.0,0.0,0,50,10491,606362.7,0.0,-1,6.87
1786082470438,2792,v1,0.0788,0.9231,0.1766,1.9973,0.974,0.02015,0.0674,0.002584,0.704,0,13,68.0,0.378,1,2074,12.0,10.04,1,50,10896,241257.7,100.0,13,9.98
1786082472658,2793,v1,0.0106,0.6742,0.2997,0.9281,0.5916,0.00633,0.14,0.002825,0.592,1,32,33.89,0.879,1,0,14.371,14.371,1,50,10322,236219.6,100.0,13,10.66
1786082474856,2794,v1,0.0538,0.8841,0.3313,1.6678,0.1199,0.03151,0.1279,0.00264,0.693,1,10,94.77,0.658,1,9020,9.0,0.326,1,50,9586,265546.4,100.0,20,46.92
1786082477198,2795,v1,0.0362,0.4014,0.4029,1.836,0.7892,0.03107,0.0756,0.002501,0.618,0,36,43.83,0.8,1,0,17.818,17.818,0,50,10498,286770.0,90.8,14,9.75
1786082471116,2796,v1,0.0568,0.9496,0.4655,0.8666,0.1424,0.02458,0.1813,0.003503,0.617,0,19,52.38,0.984,1,0,14.63,14.63,0,50,10245,273867.6,87.71,14,12.83
1786082473883,2797,v1,0.0443,0.9036,0.3079,0.9513,0.1847,0.00576,0.0853,0.002875,0.673,0,30,30.79,0.828,1,0,21.956,21.956,0,50,10614,510470.7,89.34,18,11.14
1786082476375,2798,v1,0.0707,0.9599,0.2771,1.1654,0.1626,0.02043,0.159,0.001583,0.689,1,8,60.11,0.993,1,11106,7.0,0.0,1,50,11222,293989.7,100.0,17,6.66
1786082477994,2799,v1,0.0629,0.7939,0.2193,1.4405,0.9827,0.01311,0.148,0.001836,0.67,0,30,57.43,0.62,1,0,12.889,12.889,1,50,11051,209855.9,100.0,8,6.98
1786082486391,2800,v1,0.0465,0.7696,0.4446,1.7885,0.9649,0.01758,0.1495,0.001295,0.623,0,9,31.84,0.611,1,4237,8.0,5.417,0,50,9955,422239.1,52.78,16,5.17
1786082487784,2801,v1,0.0763,0.9019,0.4185,0.8751,0.7864,0.00767,0.1525,0.001975,0.585,0,36,34.22,0.519,1,0,6.295,6.295,1,50,9749,47190.9,100.0,2,7.3
1786082490232,2802,v1,0.062,0.5222,0.4563,0.8991,0.1393,0.01589,0.1204,0.003474,0.583,0,10,76.86,0.461,1,0,9.0,9.0,0,50,9760,252891.0,100.0,14,13.45
1786082493745,2803,v1,0.0616,0.8919,0.1877,1.9062,0.2226,0.01336,0.2054,0.002948,0.618,1,5,69.98,0.984,1,8823,4.0,0.0,0,50,8909,506125.9,0.0,-1,11.01
1786082486115,2804,v1,0.0309,0.8256,0.3436,1.7773,0.3288,0.0111,0.1893,0.001724,0.595,1,34,66.48,0.901,1,1927,14.307,11.449,1,50,10183,239013.5,100.0,13,6.7
1786082489072,2805,v1,0.0233,0.5196,0.2133,1.6375,0.4076,0.02728,0.2378,0.002243,0.668,0,29,55.68,0.893,1,0,19.74,19.74,0,50,10792,357195.6,88.12,18,8.86
1786082491768,2806,v1,0.0665,0.4211,0.1487,1.6038,0.1437,0.00703,0.2262,0.001797,0.635,1,15,83.74,0.468,1,0,13.0,13.0,1,50,11504,254210.6,100.0,13,6.79
1786082495597,2807,v1,0.0287,0.9163,0.3172,1.5441,0.1368,0.02806,0.2166,0.00189,0.664,0,7,38.19,0.525,1,4384,6.0,4.352,0,50,10778,503940.4,50.3,16,7.82
1786082486759,2808,v1,0.0151,0.5885,0.1495,0.9779,0.8475,0.02076,0.1666,0.002356,0.586,1,29,87.29,0.726,1,0,17.238,17.238,0,50,9807,275324.0,86.69,15,8.68
1786082489683,2809,v1,0.0389,0.7916,0.4096,1.0342,0.5742,0.00643,0.119,0.003604,0.634,1,13,64.11,0.547,1,8529,12.0,3.114,1,50,12039,300402.0,100.0,13,14.57
1786082493191,2810,v1,0.0408,0.3968,0.4942,0.9723,0.633,0.03155,0.1342,0.00295,0.703,0,9,66.03,0.613,1,4277,8.0,5.551,0,50,10715,447792.4,49.93,16,11.16
1786082495515,2811,v1,0.0312,0.9139,0.323,1.1164,0.6208,0.02516,0.1589,0.002174,0.65,1,33,78.87,0.514,1,0,14.365,14.365,1,50,10105,234868.9,100.0,13,8.04
1786082487101,2812,v1,0.0164,0.2417,0.1086,1.507,0.2374,0.01042,0.1335,0.003641,0.68,0,27,42.21,0.823,1,0,16.799,16.799,1,50,10132,258789.3,100.0,16,13.59
1786082489482,2813,v1,0.0529,0.8789,0.4199,1.0013,0.1261,0.01711,0.1236,0.002682,0.692,1,33,86.64,0.771,1,0,14.371,14.371,1,50,9782,220097.5,100.0,13,10.74
1786082492165,2814,v1,0.0594,0.2222,0.3901,1.7713,0.7931,0.01199,0.246,0.003679,0.581,1,34,69.11,0.868,1,0,17.858,17.858,0,50,10206,281348.7,100.0,15,13.94
1786082494813,2815,v1,0.0178,0.929,0.4369,1.3867,0.1178,0.03178,0.107,0.001569,0.642,0,20,57.26,0.936,1,0,12.988,12.988,1,50,10498,244217.6,100.0,13,5.86
1786082487433,2816,v1,0.0272,0.8186,0.4158,2.1435,0.4531,0.00549,0.1438,0.003155,0.682,0,9,64.53,0.522,1,3411,8.0,5.759,1,50,9368,232741.8,100.0,13,44.53
1786082489913,2817,v1,0.0415,0.8316,0.3639,1.8205,0.3012,0.00496,0.0953,0.002492,0.713,1,31,65.37,0.373,1,0,14.376,14.376,1,50,10359,240769.4,100.0,13,9.42
1786082493060,2818,v1,0.0542,0.7303,0.352,0.8695,0.118,0.01558,0.0641,0.00148,0.675,1,20,82.73,0.611,1,0,16.849,16.849,0,50,10437,460658.3,91.74,16,5.19
1786082495479,2819,v1,0.0155,0.5006,0.4692,1.1128,0.5859,0.01972,0.1259,0.001984,0.678,1,15,22.46,0.699,1,0,13.0,13.0,1,50,10256,234324.4,100.0,13,7.7
1786082490358,2820,v1,0.0152,0.8849,0.2027,1.5095,0.7487,0.00318,0.2425,0.003467,0.604,0,11,23.42,0.672,1,4650,10.0,6.6,0,50,11336,669405.9,0.0,-1,12.92
1786082494605,2821,v1,0.0503,0.5695,0.1713,2.4474,0.8908,0.0147,0.122,0.002485,0.646,1,14,57.17,0.702,1,8628,13.0,2.259,0,50,10794,611889.5,15.48,-1,9.24
1786082497237,2822,v1,0.0689,0.8174,0.3998,1.292,0.7667,0.02567,0.1911,0.002415,0.655,1,33,99.85,0.388,1,0,17.907,17.907,0,50,9757,278157.2,84.87,15,9.55
1786082499691,2823,v1,0.0416,0.8876,0.4553,1.3162,0.7419,0.02463,0.0615,0.003662,0.662,0,33,99.14,0.83,1,0,18.371,18.371,0,50,10199,295827.8,95.56,16,13.35
1786082490764,2824,v1,0.0672,0.2334,0.2298,2.4678,0.1141,0.02622,0.1038,0.001496,0.586,1,11,84.9,0.792,1,10333,10.0,0.0,0,50,10478,609896.5,0.0,-1,5.84
1786082493234,2825,v1,0.0256,0.6927,0.3149,0.8435,0.3236,0.01471,0.1625,0.001254,0.666,1,11,53.27,0.462,1,5786,10.0,4.71,1,50,11080,289483.3,100.0,13,48.91
1786082496052,2826,v1,0.067,0.8638,0.176,1.9274,0.3276,0.00505,0.1504,0.001686,0.592,0,10,65.0,0.556,1,3591,8.915,6.415,1,50,10210,253674.5,100.0,13,8.24
1786082499443,2827,v1,0.0546,0.5093,0.3413,1.9811,0.9968,0.02328,0.1151,0.001559,0.671,1,12,45.67,0.403,1,4378,11.0,5.979,0,50,9777,431004.8,47.96,16,5.91
1786082497060,2828,v1,0.0667,0.373,0.17,1.6257,0.8619,0.00318,0.2366,0.00322,0.709,1,32,98.43,0.463,1,0,15.344,15.344,1,50,10187,242838.4,100.0,14,12.43
1786082499334,2829,v1,0.0458,0.6492,0.2706,1.2735,0.9192,0.00909,0.1511,0.001257,0.692,0,9,86.84,0.368,1,0,8.0,8.0,1,50,9602,212262.0,100.0,13,5.54
1786082502252,2830,v1,0.0626,0.7535,0.3284,0.8333,0.5599,0.01099,0.1393,0.002558,0.714,1,9,60.56,0.98,1,9836,8.0,0.0,1,50,10048,263347.7,100.0,17,12.93
1786082504374,2831,v1,0.0709,0.9573,0.1001,2.1535,0.7967,0.00883,0.0983,0.003025,0.607,1,14,85.08,0.855,1,0,10.751,10.751,1,50,10033,180544.6,100.0,8,12.11
1786082497835,2832,v1,0.0237,0.6969,0.2516,0.9338,0.8315,0.02117,0.1315,0.002292,0.641,1,14,47.22,0.938,1,0,13.0,13.0,1,50,10877,234447.7,100.0,13,9.0
1786082501151,2833,v1,0.0737,0.7593,0.1381,2.2512,0.9843,0.00875,0.1246,0.002041,0.69,1,25,96.36,0.439,1,0,18.614,18.614,0,50,10151,356856.7,94.29,17,7.46
1786082505540,2834,v1,0.0662,0.5789,0.1477,2.3068,0.8488,0.02066,0.2426,0.001994,0.614,1,11,57.4,0.997,1,10163,10.0,0.0,0,50,10366,608177.0,0.0,-1,7.23
1786082508143,2835,v1,0.0212,0.2881,0.2637,2.2758,0.3772,0.02827,0.1423,0.002262,0.586,0,5,87.26,0.825,1,0,4.0,4.0,1,50,10298,233580.5,100.0,13,8.79
1786082498739,2836,v1,0.0769,0.6254,0.3649,1.5563,0.6611,0.02886,0.0537,0.001365,0.684,0,29,98.32,0.814,1,0,17.5,17.5,0,50,9306,278081.9,91.73,15,5.68
1786082501309,2837,v1,0.0798,0.7067,0.4931,2.0903,0.9774,0.00642,0.2035,0.003503,0.674,1,17,50.28,0.59,1,0,12.993,12.993,1,50,11197,242870.7,100.0,13,12.3
1786082505682,2838,v1,0.017,0.3965,0.1388,2.3154,0.4277,0.03002,0.1414,0.001822,0.621,1,13,73.34,0.682,1,9024,12.0,1.323,0,50,10342,571066.9,9.44,-1,6.87
1786082508261,2839,v1,0.0677,0.204,0.2364,1.6383,0.9338,0.0138,0.1843,0.001227,0.706,1,25,74.41,0.523,1,0,14.34,14.34,1,50,9443,218799.0,100.0,14,4.61
1786082499192,2840,v1,0.0273,0.6551,0.4938,1.111,0.3751,0.01841,0.2419,0.001849,0.709,1,19,38.86,0.387,1,0,13.0,13.0,1,50,10116,219923.7,100.0,13,7.36
1786082501557,2841,v1,0.0763,0.8579,0.4885,2.1999,0.9443,0.01507,0.0979,0.001599,0.682,1,21,74.92,0.428,1,0,11.135,11.135,1,50,10135,188976.3,100.0,7,6.14
1786082504283,2842,v1,0.054,0.9,0.2188,1.0258,0.595,0.01788,0.1641,0.001332,0.719,1,30,39.05,0.892,1,0,14.359,14.359,1,50,10700,242591.6,100.0,13,5.41
1786082506568,2843,v1,0.0296,0.2542,0.1112,1.6321,0.2598,0.0194,0.2244,0.002799,0.612,1,22,96.06,0.47,1,0,13.0,13.0,1,50,9486,205191.9,100.0,13,10.52
1786082499528,2844,v1,0.0624,0.2829,0.4085,2.2615,0.7165,0.00442,0.1893,0.001872,0.675,1,31,22.26,0.402,1,0,15.097,15.097,1,50,9922,227537.4,100.0,13,7.24
1786082502229,2845,v1,0.0287,0.2492,0.1381,2.2562,0.9083,0.0165,0.0708,0.003286,0.594,0,14,54.52,0.723,1,432,13.0,12.523,1,50,10383,241085.3,100.0,13,16.22
1786082505586,2846,v1,0.0703,0.6952,0.3319,2.4084,0.9627,0.00556,0.2463,0.001891,0.657,0,18,71.12,0.512,1,599,17.0,16.137,0,50,10745,367442.7,85.65,17,7.37
1786082508921,2847,v1,0.0723,0.82,0.2284,1.4345,0.5274,0.01853,0.1902,0.002032,0.6,1,22,39.57,0.888,1,1701,15.694,13.055,0,50,10444,327297.0,95.96,14,7.55
1786082503119,2848,v1,0.0723,0.591,0.4818,1.9099,0.3775,0.01935,0.0649,0.003733,0.661,0,5,69.74,0.456,1,0,4.0,4.0,0,50,10145,337161.7,95.9,15,13.76
1786082505381,2849,v1,0.0109,0.713,0.1277,2.1652,0.3216,0.02558,0.2039,0.002457,0.621,0,8,78.98,0.93,1,0,7.0,7.0,1,50,9785,217587.9,100.0,13,9.63
1786082508938,2850,v1,0.0144,0.7006,0.4805,1.9706,0.8453,0.01769,0.0794,0.002093,0.614,0,19,33.25,0.603,1,1076,17.958,16.263,0,50,10587,388390.2,75.58,18,8.52
1786082512053,2851,v1,0.0415,0.5938,0.3316,2.1876,0.1989,0.0168,0.0652,0.002489,0.616,1,33,84.28,0.723,1,0,20.244,20.244,0,50,9561,376650.8,90.03,16,9.86
1786082503549,2852,v1,0.039,0.8457,0.4337,0.8288,0.7333,0.02257,0.1776,0.003532,0.654,1,6,91.85,0.727,1,10187,5.0,0.0,1,50,10381,293535.8,100.0,19,36.35
1786082506203,2853,v1,0.0468,0.209,0.2028,2.0953,0.1681,0.02975,0.1118,0.002374,0.657,1,9,71.07,0.356,1,4728,8.0,4.118,1,50,9925,244359.3,100.0,13,53.5
1786082511029,2854,v1,0.0687,0.2681,0.2154,1.3846,0.1732,0.03025,0.0728,0.003056,0.647,1,5,56.56,0.873,1,10441,4.0,0.0,0,50,10573,601987.1,0.0,-1,11.75
1786082514731,2855,v1,0.0383,0.3618,0.3533,1.772,0.4668,0.01171,0.2,0.003598,0.706,0,15,79.16,0.336,1,2143,14.0,11.272,0,50,9897,518870.2,39.44,19,13.37
1786082507657,2856,v1,0.0743,0.5108,0.1636,1.684,0.9111,0.00398,0.1713,0.002031,0.633,1,20,69.42,0.344,1,0,10.611,10.611,1,50,10491,182509.3,100.0,7,8.05
1786082510040,2857,v1,0.0151,0.6807,0.4985,1.6936,0.9143,0.01093,0.1773,0.002124,0.674,1,8,80.45,0.346,1,3900,7.0,4.158,1,50,9757,239543.8,100.0,13,45.72
1786082512781,2858,v1,0.0111,0.3735,0.3039,2.28,0.199,0.03108,0.2344,0.001986,0.7,0,27,95.88,0.326,1,0,15.48,15.48,1,50,10447,253668.6,100.0,14,7.26
1786082514734,2859,v1,0.0554,0.9755,0.3773,1.0477,0.6238,0.01069,0.0965,0.001701,0.582,0,14,69.64,0.445,1,0,5.532,5.532,1,50,10242,69234.7,100.0,3,6.49
1786082510739,2860,v1,0.0734,0.3156,0.1452,1.9114,0.1458,0.02545,0.0839,0.002619,0.709,1,4,40.37,0.648,1,8379,3.0,0.76,1,50,11309,289913.0,100.0,14,49.82
1786082513402,2861,v1,0.0674,0.4089,0.4812,2.0749,0.7767,0.0206,0.1567,0.002919,0.645,1,31,73.92,0.522,1,0,14.343,14.343,1,50,10437,236180.6,100.0,13,11.14
1786082517871,2862,v1,0.025,0.4892,0.3778,1.6889,0.7177,0.01243,0.0946,0.003213,0.629,1,18,86.84,0.774,1,10293,17.0,0.02,0,50,10890,645929.0,0.12,-1,11.81
1786082520706,2863,v1,0.0189,0.2942,0.2846,1.0977,0.8455,0.01492,0.1736,0.001841,0.643,0,24,74.6,0.507,1,0,13.908,13.908,1,50,11026,253839.2,100.0,13,7.31
1786082512225,2864,v1,0.0202,0.8423,0.4559,2.1745,0.5608,0.02272,0.2246,0.001786,0.611,0,31,78.02,0.37,1,0,18.492,18.492,0,50,10387,315221.3,87.79,16,6.85
1786082516262,2865,v1,0.0791,0.2091,0.1989,1.4993,0.8752,0.01236,0.0618,0.001323,0.679,1,5,52.81,0.796,1,8345,4.0,0.378,0,50,9276,540861.7,8.66,-1,5.62
1786082518947,2866,v1,0.04,0.36,0.3891,1.1316,0.2241,0.01521,0.2466,0.001239,0.659,0,6,86.41,0.721,1,0,5.0,5.0,1,50,10919,244217.9,100.0,13,4.95
1786082521490,2867,v1,0.0259,0.3445,0.2403,2.1832,0.9142,0.02204,0.1317,0.003713,0.642,0,14,37.01,0.861,1,1648,13.0,11.221,1,50,10722,252967.1,100.0,13,27.63
1786082512366,2868,v1,0.0708,0.2666,0.1356,1.965,0.9076,0.01424,0.1497,0.003447,0.707,1,14,30.0,0.988,1,6601,13.0,3.995,1,50,9965,263354.3,100.0,13,14.84
1786082514865,2869,v1,0.0133,0.3206,0.3709,2.2403,0.4033,0.03033,0.0672,0.003311,0.704,1,24,64.81,0.369,1,0,14.935,14.935,1,50,10358,248936.0,100.0,14,12.78
1786082517499,2870,v1,0.0456,0.3153,0.338,1.5299,0.8404,0.02338,0.1481,0.003714,0.642,1,9,73.81,0.397,1,5378,8.0,3.559,1,50,9969,245172.8,100.0,13,55.27
1786082521617,2871,v1,0.0437,0.5993,0.4324,1.968,0.9325,0.00693,0.1174,0.003055,0.637,1,6,83.76,0.434,1,5492,5.0,2.494,0,50,11120,542153.8,45.73,18,11.46
1786082512552,2872,v1,0.0544,0.2849,0.4992,1.7714,0.9875,0.02141,0.1618,0.003104,0.616,0,33,58.52,0.911,1,0,12.548,12.548,1,50,10660,192704.5,100.0,9,11.78
1786082514838,2873,v1,0.0479,0.6044,0.3536,0.8645,0.7983,0.01598,0.2342,0.001383,0.642,1,25,75.05,0.861,1,0,13.384,13.384,1,50,9904,214488.0,100.0,13,5.56
1786082517551,2874,v1,0.0356,0.8322,0.2034,1.9525,0.8715,0.02754,0.0559,0.001737,0.658,0,27,90.49,0.788,1,0,13.857,13.857,1,50,10932,246630.6,100.0,13,6.86
1786082522005,2875,v1,0.0381,0.3153,0.2458,2.0526,0.6655,0.00365,0.1133,0.002155,0.664,1,14,90.78,0.547,1,8381,13.0,2.696,0,50,10891,600366.5,2.31,-1,8.44
1786082515583,2876,v1,0.0222,0.5922,0.1822,2.0986,0.1527,0.00313,0.2221,0.002527,0.611,1,8,58.77,0.72,1,10060,7.0,0.0,1,50,10262,292703.7,0.0,-1,100.0
1786082517991,2877,v1,0.0545,0.4275,0.2285,2.1918,0.6508,0.02045,0.0719,0.002724,0.679,0,12,93.23,0.439,1,0,11.0,11.0,1,50,10244,228349.0,100.0,13,9.94
1786082520384,2878,v1,0.049,0.2208,0.3834,2.0244,0.1107,0.01221,0.0711,0.002967,0.65,0,18,80.58,0.373,1,0,13.712,13.712,1,50,9844,221886.2,100.0,13,11.21
1786082522700,2879,v1,0.0102,0.9342,0.4117,1.9558,0.1691,0.02329,0.225,0.001674,0.676,0,13,98.06,0.532,1,0,12.0,12.0,1,50,10169,227245.9,100.0,13,6.3
1786082518350,2880,v1,0.0116,0.6336,0.3254,0.9422,0.9808,0.03081,0.0699,0.001844,0.609,0,27,72.93,0.397,1,0,15.781,15.781,0,50,10876,274113.1,84.7,13,7.16
1786082520487,2881,v1,0.0656,0.8403,0.2044,2.2828,0.8282,0.0286,0.2312,0.002751,0.673,1,24,20.56,0.828,1,1610,11.906,9.925,1,50,10297,193426.3,100.0,9,10.23
1786082522767,2882,v1,0.0275,0.9203,0.2236,2.2045,0.3447,0.01338,0.1842,0.002621,0.611,0,12,88.74,0.394,1,0,11.0,11.0,1,50,10135,228263.9,100.0,13,10.1
1786082524807,2883,v1,0.0178,0.8093,0.1934,1.0224,0.1635,0.01336,0.1688,0.001907,0.698,0,19,82.36,0.938,1,0,13.0,13.0,1,50,10132,226369.9,100.0,13,7.3
1786082518570,2884,v1,0.0718,0.6169,0.2739,1.1324,0.6207,0.01011,0.185,0.002396,0.655,0,5,93.11,0.616,1,0,4.0,4.0,1,50,10169,191018.3,100.0,7,9.22
1786082521425,2885,v1,0.0661,0.653,0.3106,0.8096,0.3582,0.01592,0.239,0.001545,0.711,1,32,63.01,0.948,1,0,14.359,14.359,1,50,11703,259903.8,100.0,13,6.08
1786082523715,2886,v1,0.0227,0.7248,0.2295,2.0042,0.5651,0.0069,0.1844,0.001684,0.714,1,23,94.18,0.494,1,0,14.194,14.194,1,50,10163,242043.9,100.0,14,6.61
1786082525738,2887,v1,0.0292,0.668,0.2852,1.65,0.6992,0.00745,0.0869,0.002448,0.606,1,32,34.63,0.946,1,0,14.373,14.373,1,50,10491,237013.6,100.0,13,9.06
1786082523710,2888,v1,0.072,0.9773,0.1751,2.4531,0.5224,0.01351,0.1912,0.003018,0.69,1,35,29.24,0.381,1,702,14.579,13.446,1,50,9906,230871.9,100.0,13,11.23
1786082525789,2889,v1,0.0309,0.913,0.1272,1.4435,0.8621,0.01983,0.0952,0.003228,0.706,1,20,46.9,0.657,1,0,13.0,13.0,1,50,10596,240470.3,100.0,13,12.8
1786082527760,2890,v1,0.0615,0.5835,0.2589,1.4798,0.8231,0.01393,0.1183,0.002365,0.592,1,24,28.3,0.451,1,940,16.292,14.796,0,50,10775,321731.5,83.94,15,9.38
1786082530058,2891,v1,0.0668,0.9972,0.373,1.6301,0.2976,0.0146,0.0671,0.003421,0.718,0,26,49.95,0.478,1,0,19.221,19.221,0,50,10420,463222.9,91.31,17,12.83
1786082524189,2892,v1,0.0151,0.9006,0.3774,1.0305,0.1867,0.02886,0.0701,0.002468,0.717,1,30,83.34,0.763,1,0,14.372,14.372,1,50,9625,208685.8,100.0,13,9.59
1786082526206,2893,v1,0.0768,0.524,0.4519,1.1577,0.9808,0.02832,0.2065,0.00162,0.679,0,19,97.39,0.997,1,0,10.295,10.295,1,50,10279,174707.3,100.0,6,6.34
1786082529208,2894,v1,0.0475,0.4459,0.151,2.3901,0.6476,0.01579,0.1641,0.002773,0.615,1,12,61.25,0.931,1,11034,11.0,0.0,0,50,11351,671457.9,0.0,-1,10.4
1786082531196,2895,v1,0.0571,0.913,0.4279,1.6424,0.4327,0.0131,0.2237,0.00287,0.656,0,13,27.78,0.817,1,5628,12.0,6.501,1,50,10571,257336.0,100.0,13,12.59
1786082524958,2896,v1,0.0755,0.4275,0.4437,2.3236,0.3819,0.00462,0.2074,0.00279,0.68,0,9,25.19,0.614,1,3544,8.0,5.906,1,50,10410,250480.2,100.0,13,26.07
1786082528091,2897,v1,0.0407,0.4716,0.1987,2.0894,0.7799,0.02353,0.23,0.002959,0.612,1,6,83.91,0.739,1,8924,5.0,0.707,0,50,10533,583199.8,12.89,-1,10.75
1786082529731,2898,v1,0.0399,0.5878,0.3424,0.9467,0.296,0.0108,0.0975,0.001455,0.717,0,12,70.29,0.318,1,1883,11.0,9.321,1,50,10244,251867.9,100.0,13,7.66
1786082531387,2899,v1,0.065,0.4566,0.1239,1.2652,0.8076,0.02986,0.2278,0.001484,0.657,0,27,52.05,0.41,1,0,12.943,12.943,1,50,10663,210309.8,100.0,11,5.82
1786082538432,2900,v1,0.0152,0.3616,0.2794,2.3038,0.5011,0.01053,0.0678,0.0017,0.589,0,32,75.51,0.638,1,0,14.349,14.349,1,50,9673,225838.4,100.0,13,6.05
1786082541417,2901,v1,0.0612,0.8375,0.1047,2.3293,0.6879,0.018,0.1346,0.002319,0.6,0,22,34.0,0.566,1,0,16.428,16.428,0,50,10295,298725.1,93.37,15,8.89
1786082544085,2902,v1,0.0224,0.2142,0.2827,0.8275,0.4556,0.01272,0.1447,0.003276,0.603,1,11,53.59,0.613,1,7980,10.0,2.15,1,50,10480,288361.0,100.0,13,81.38
1786082546533,2903,v1,0.0529,0.4707,0.1738,1.0735,0.4269,0.01438,0.0993,0.002181,0.598,0,21,55.22,0.786,1,0,13.0,13.0,1,50,10103,222776.5,100.0,13,8.33
1786082539624,2904,v1,0.0368,0.9357,0.3297,0.8202,0.7389,0.00703,0.1615,0.003219,0.715,0,9,37.14,0.53,1,3892,8.0,5.69,1,50,10347,249330.5,100.0,13,12.84
1786082542219,2905,v1,0.0287,0.6274,0.3912,1.5036,0.4123,0.02812,0.2248,0.001324,0.647,0,22,79.64,0.399,1,0,12.276,12.276,1,50,10450,217988.5,100.0,11,5.16
1786082544438,2906,v1,0.0305,0.7583,0.4509,2.0969,0.637,0.01668,0.064,0.003302,0.608,0,25,42.71,0.579,1,0,13.512,13.512,1,50,10343,226568.5,100.0,13,12.19
1786082547180,2907,v1,0.0653,0.3409,0.371,1.6639,0.9635,0.01672,0.1047,0.001321,0.586,0,36,69.94,0.961,1,0,18.179,18.179,0,50,10363,294954.4,99.14,15,5.22
1786082541870,2908,v1,0.0166,0.5042,0.228,1.5829,0.6958,0.01213,0.0769,0.001276,0.653,0,6,55.04,0.802,1,4452,5.0,3.708,0,50,10416,599237.8,0.0,-1,5.0
1786082546023,2909,v1,0.0217,0.8918,0.2464,0.8596,0.5357,0.01271,0.0613,0.003064,0.717,0,27,65.3,0.464,1,0,0.0,0.0,0,50,10347,592697.4,0.0,-1,11.96
1786082548598,2910,v1,0.0443,0.9723,0.19,2.3066,0.1535,0.01523,0.1568,0.002722,0.611,0,24,94.87,0.807,1,0,13.358,13.358,1,50,10535,240264.8,100.0,13,10.59
1786082551216,2911,v1,0.0473,0.4837,0.2091,2.2952,0.7102,0.00441,0.1157,0.00274,0.705,0,30,97.63,0.953,1,0,15.147,15.147,1,50,10539,246510.8,100.0,13,10.49
1786082541687,2912,v1,0.0331,0.8778,0.3531,1.1518,0.4873,0.01714,0.1904,0.00142,0.662,0,16,88.25,0.312,1,2203,15.0,12.443,0,50,11465,478959.7,67.77,18,5.71
1786082544987,2913,v1,0.0418,0.3059,0.1305,1.9273,0.6115,0.01387,0.0531,0.002314,0.581,1,17,41.72,0.306,1,599,16.0,15.096,0,50,11024,342176.4,84.24,16,9.37
1786082547254,2914,v1,0.0371,0.4131,0.2166,2.3112,0.7515,0.02258,0.2398,0.003708,0.719,0,15,53.8,0.574,1,0,13.79,13.79,1,50,10129,235109.0,100.0,13,13.71
1786082549840,2915,v1,0.0658,0.9891,0.2851,1.7364,0.7485,0.00595,0.0965,0.003023,0.705,0,18,26.37,0.839,1,0,13.0,13.0,1,50,10578,226144.9,100.0,13,10.64
1786082540711,2916,v1,0.0777,0.3732,0.4015,1.778,0.744,0.02749,0.0777,0.002598,0.59,1,20,22.4,0.381,1,0,6.546,6.546,1,50,10231,92166.1,100.0,3,9.96
1786082544044,2917,v1,0.022,0.3476,0.2735,1.2372,0.2112,0.01092,0.1175,0.003507,0.591,0,9,94.57,0.921,1,0,8.0,8.0,0,50,11796,395717.0,86.61,17,12.73
1786082548676,2918,v1,0.0279,0.5025,0.266,2.1057,0.4957,0.01322,0.1206,0.002458,0.671,0,12,71.31,0.716,1,5368,11.0,6.408,0,50,10812,600678.4,13.73,-1,9.66
1786082551146,2919,v1,0.0698,0.6775,0.4832,2.1806,0.1191,0.0034,0.0725,0.002171,0.594,1,14,73.78,0.352,1,0,11.131,11.131,1,50,10640,194252.9,100.0,5,8.84
1786082543644,2920,v1,0.0157,0.232,0.1581,1.0725,0.7041,0.01299,0.1257,0.002257,0.667,1,14,43.98,0.496,1,5595,13.0,5.71,0,50,10279,604543.2,0.0,-1,8.37
1786082546850,2921,v1,0.0444,0.8792,0.4697,1.555,0.8194,0.0034,0.1655,0.002455,0.666,0,25,79.49,0.828,1,0,19.13,19.13,0,50,10395,360819.4,91.86,18,9.5
1786082549861,2922,v1,0.0698,0.8067,0.1883,2.4893,0.4897,0.03038,0.0828,0.001676,0.592,0,18,76.85,0.447,1,0,14.876,14.876,0,50,11354,306948.4,92.43,14,6.47
1786082554329,2923,v1,0.0632,0.2492,0.4016,1.0245,0.9252,0.0262,0.0683,0.001369,0.705,1,5,91.19,0.71,1,10652,4.0,0.0,0,50,10714,662423.3,0.0,-1,5.25
1786082542604,2924,v1,0.0408,0.8759,0.1605,1.7985,0.6446,0.00354,0.1903,0.001757,0.614,1,11,72.49,0.507,1,6242,10.0,3.873,1,50,10363,271399.2,100.0,13,63.94
1786082545369,2925,v1,0.0682,0.5088,0.2581,1.47,0.8441,0.01886,0.0649,0.001978,0.663,0,32,20.25,0.9,1,788,18.39,17.104,0,50,10592,327739.7,98.7,16,7.57
1786082549780,2926,v1,0.0647,0.7572,0.1062,2.2777,0.9459,0.0132,0.065,0.001535,0.632,1,7,52.28,0.589,1,7462,6.0,1.95,0,50,11159,586350.9,28.3,16,5.87
1786082553119,2927,v1,0.0598,0.908,0.1532,2.1457,0.6601,0.01106,0.1873,0.00307,0.703,1,33,29.57,0.946,1,2444,23.014,16.942,0,50,9809,454282.8,87.54,18,11.33
1786082549448,2928,v1,0.0535,0.2397,0.1182,1.0698,0.2627,0.01203,0.1609,0.00349,0.617,0,15,54.66,0.665,1,0,13.0,13.0,1,50,10164,235327.4,100.0,13,13.0
1786082551849,2929,v1,0.0204,0.8542,0.4378,1.1966,0.3016,0.01007,0.1374,0.002839,0.71,1,33,37.21,0.948,1,0,14.359,14.359,1,50,10141,232262.4,100.0,13,10.49
1786082555632,2930,v1,0.051,0.282,0.4408,1.1954,0.2306,0.00904,0.1305,0.002917,0.635,0,31,65.55,0.499,1,0,20.024,20.024,0,50,10715,430082.3,86.5,16,10.56
1786082558021,2931,v1,0.0516,0.38,0.4946,1.1366,0.7906,0.01224,0.0796,0.003198,0.635,0,20,84.6,0.651,1,0,16.252,16.252,0,50,9307,279542.9,93.07,16,12.38
1786082550584,2932,v1,0.0683,0.6677,0.2354,1.1332,0.2084,0.02824,0.0605,0.002589,0.682,1,15,41.77,0.524,1,0,12.952,12.952,1,50,11046,256062.4,100.0,13,9.67
1786082553639,2933,v1,0.0611,0.6559,0.2043,2.4012,0.5406,0.01518,0.1423,0.00247,0.667,1,29,38.13,0.937,1,3823,19.349,10.967,0,50,9854,452096.2,90.12,16,9.46
1786082557181,2934,v1,0.0753,0.2017,0.4966,1.6449,0.5738,0.00657,0.0957,0.003215,0.67,0,15,89.22,0.457,1,0,14.0,14.0,0,50,10459,400332.0,91.89,16,12.3
1786082561940,2935,v1,0.0394,0.5928,0.4921,2.3317,0.4784,0.00876,0.0878,0.003729,0.71,1,4,78.25,0.534,1,8837,3.0,0.659,0,50,11443,635266.4,3.03,-1,13.14
1786082553535,2936,v1,0.0197,0.8804,0.4968,1.4209,0.1771,0.02747,0.0811,0.002738,0.681,1,21,84.46,0.358,1,0,18.144,18.144,0,50,10330,360367.3,91.52,18,10.17
1786082557504,2937,v1,0.0445,0.7148,0.4953,2.1839,0.4446,0.02205,0.0674,0.002035,0.71,1,29,68.46,0.633,1,0,19.908,19.908,0,50,11122,457166.3,84.65,17,7.42
1786082560303,2938,v1,0.038,0.5522,0.4738,2.0182,0.4627,0.02832,0.2289,0.003408,0.587,0,18,89.34,0.393,1,0,13.436,13.436,0,50,11044,262530.4,90.71,11,12.95
1786082562438,2939,v1,0.0734,0.3393,0.3608,2.0018,0.7507,0.0286,0.1364,0.001886,0.633,1,18,85.97,0.37,1,0,8.539,8.539,1,50,9924,125592.6,100.0,6,7.49
1786082555530,2940,v1,0.0784,0.2162,0.3975,2.4311,0.773,0.00507,0.0993,0.003677,0.711,0,16,49.29,0.635,1,3150,15.0,10.834,0,50,10369,503041.6,65.6,18,13.55
1786082560033,2941,v1,0.0114,0.8324,0.1271,2.0365,0.7157,0.00613,0.061,0.002859,0.686,1,8,38.69,0.422,1,5868,7.0,2.957,0,50,10362,580802.2,0.0,-1,11.07
1786082562644,2942,v1,0.0308,0.4993,0.1611,1.683,0.6859,0.00639,0.1527,0.001822,0.605,0,26,95.06,0.931,1,0,13.679,13.679,1,50,9778,218445.5,100.0,13,6.85
1786082567068,2943,v1,0.0221,0.7007,0.2113,1.8768,0.9841,0.0094,0.0859,0.003768,0.647,1,10,36.02,0.491,1,5567,9.0,3.962,0,50,10234,589953.4,0.0,-1,13.85
1786082555594,2944,v1,0.0621,0.8249,0.2466,1.4552,0.4682,0.00606,0.1012,0.002005,0.589,0,26,21.23,0.859,1,853,17.312,15.945,0,50,9886,313195.3,99.12,16,7.23
1786082558234,2945,v1,0.0578,0.598,0.2163,1.721,0.9819,0.0269,0.1609,0.003128,0.68,1,14,72.91,0.969,1,0,13.0,13.0,1,50,11255,256837.5,100.0,13,11.82
1786082562497,2946,v1,0.0761,0.5069,0.2083,2.0662,0.1513,0.00368,0.1064,0.001909,0.602,0,7,26.37,0.616,1,3900,6.0,4.444,0,50,10133,490659.4,58.9,16,7.49
1786082566216,2947,v1,0.0677,0.2916,0.2941,1.5767,0.9033,0.02605,0.1874,0.001297,0.595,1,11,76.46,0.61,1,7160,10.0,2.71,0,50,9964,516375.2,27.06,14,5.03
1786082557587,2948,v1,0.0241,0.2946,0.3181,2.2213,0.7471,0.01993,0.2394,0.002,0.666,1,26,52.91,0.541,1,665,11.357,10.022,0,50,10374,513575.9,57.16,19,8.17
1786082560121,2949,v1,0.063,0.3676,0.2722,2.0844,0.7738,0.02651,0.2382,0.003342,0.629,0,34,90.68,0.44,1,0,12.212,12.212,1,50,10499,187585.7,100.0,8,12.25
1786082562482,2950,v1,0.0739,0.7798,0.2522,2.0935,0.732,0.00522,0.2022,0.001462,0.587,1,17,55.3,0.456,1,0,10.28,10.28,1,50,10208,163572.7,100.0,4,5.31
1786082565429,2951,v1,0.0494,0.616,0.3264,2.2113,0.9211,0.01432,0.1353,0.001423,0.707,0,33,52.0,0.905,1,0,14.516,14.516,1,50,11149,251571.0,100.0,13,5.35
1786082558338,2952,v1,0.0464,0.2137,0.3192,1.0661,0.1193,0.01859,0.2136,0.002148,0.619,0,11,52.66,0.492,1,2510,9.523,7.749,1,50,11577,242233.9,100.0,13,9.97
1786082561745,2953,v1,0.0396,0.3445,0.2081,2.4795,0.7104,0.01953,0.0514,0.003541,0.665,1,25,74.18,0.447,1,0,18.86,18.86,0,50,10603,349477.7,88.17,18,13.78
1786082564148,2954,v1,0.0632,0.2044,0.4899,2.1319,0.2853,0.01518,0.1508,0.003067,0.591,1,27,57.26,0.792,1,0,11.428,11.428,1,50,9999,175562.6,100.0,5,11.65
1786082566971,2955,v1,0.0337,0.5595,0.2797,0.9674,0.959,0.02114,0.085,0.001237,0.707,0,4,55.37,0.681,1,3916,3.0,2.629,1,50,10608,269339.9,100.0,13,40.13
1786082561511,2956,v1,0.0411,0.7227,0.2862,0.8066,0.876,0.00453,0.2017,0.002128,0.661,1,29,77.55,0.323,1,0,14.206,14.206,1,50,10633,230108.2,100.0,13,8.03
1786082564254,2957,v1,0.0523,0.6765,0.1416,1.4575,0.4915,0.00549,0.236,0.00127,0.69,1,25,61.02,0.489,1,1165,13.518,12.011,1,50,10702,242700.2,100.0,13,5.14
1786082566386,2958,v1,0.0471,0.9045,0.29,2.1558,0.2803,0.03073,0.0672,0.00295,0.621,0,19,88.33,0.809,1,0,11.175,11.175,1,50,10174,187693.1,100.0,6,11.15
1786082569126,2959,v1,0.0775,0.6545,0.4423,0.8013,0.6737,0.02262,0.234,0.003078,0.62,0,21,86.94,0.856,1,0,14.976,14.976,0,50,9446,248678.0,85.55,14,10.88
1786082565541,2960,v1,0.0565,0.7213,0.4629,1.3383,0.2865,0.01592,0.1744,0.00322,0.665,0,4,67.49,0.749,1,4462,3.0,2.554,1,50,10138,235409.6,100.0,13,29.28
1786082568638,2961,v1,0.0456,0.8792,0.3017,2.1062,0.5347,0.00889,0.0919,0.002897,0.641,0,4,87.66,0.892,1,0,3.0,3.0,0,50,10123,401444.8,85.89,17,10.85
1786082573190,2962,v1,0.0722,0.3498,0.374,1.2316,0.4529,0.00636,0.1176,0.003259,0.693,1,8,46.57,0.863,1,10382,7.0,0.0,0,50,10600,628590.3,0.0,-1,11.69
1786082575735,2963,v1,0.0676,0.2243,0.2014,1.5041,0.1327,0.00601,0.0836,0.002837,0.626,1,28,53.27,0.515,1,992,13.931,12.529,1,50,10563,226934.1,100.0,13,10.92
1786082566201,2964,v1,0.0213,0.2751,0.1887,2.4412,0.179,0.02276,0.1157,0.003628,0.585,1,26,59.46,0.844,1,1538,17.586,14.675,0,50,10113,342803.9,89.93,16,13.51
1786082570934,2965,v1,0.0216,0.6509,0.4412,1.052,0.9314,0.00444,0.2278,0.001765,0.685,1,33,27.83,0.444,1,0,0.0,0.0,0,50,10822,625154.1,0.0,-1,6.65
1786082574121,2966,v1,0.0766,0.8056,0.3998,1.133,0.4565,0.00586,0.1001,0.00278,0.697,0,18,61.62,0.328,1,41,16.814,16.749,0,50,9935,419493.0,93.85,17,10.7
1786082576200,2967,v1,0.0336,0.4,0.217,0.8142,0.3084,0.02181,0.1242,0.001737,0.594,0,23,83.12,0.593,1,0,10.178,10.178,1,50,9890,158237.1,100.0,7,6.56
1786082568290,2968,v1,0.0484,0.9595,0.2123,1.7958,0.208,0.00404,0.1743,0.003301,0.587,0,21,21.12,0.572,1,0,12.687,12.687,1,50,9914,217690.3,100.0,13,12.7
1786082570861,2969,v1,0.0499,0.9625,0.1483,0.9423,0.765,0.00943,0.1533,0.003347,0.66,1,33,74.0,0.362,1,0,14.355,14.355,1,50,10954,244010.9,100.0,13,12.47
1786082573317,2970,v1,0.0547,0.8231,0.321,1.8297,0.6972,0.02828,0.0691,0.003768,0.611,1,16,38.07,0.396,1,192,14.787,14.492,0,50,9650,274568.8,95.78,14,14.05
1786082576015,2971,v1,0.0239,0.6108,0.2238,1.89,0.4073,0.01552,0.1438,0.001369,0.672,1,11,20.53,0.802,1,10389,10.0,0.0,1,50,10524,284642.4,0.0,-1,100.0
1786082569267,2972,v1,0.0793,0.6747,0.4814,0.8485,0.7413,0.00988,0.0994,0.002765,0.644,1,34,38.81,0.797,1,1694,11.016,8.949,1,50,9810,149121.4,100.0,5,10.15
1786082573198,2973,v1,0.0261,0.212,0.23,2.0261,0.4881,0.00733,0.1831,0.001272,0.611,1,18,89.37,0.772,1,9259,17.0,0.0,0,50,9442,575971.5,0.0,-1,4.86
1786082575597,2974,v1,0.0797,0.8495,0.4735,2.3822,0.6043,0.03198,0.1634,0.003236,0.657,0,26,61.55,0.471,1,0,13.687,13.687,1,50,10749,236289.9,100.0,13,12.42
1786082577826,2975,v1,0.0535,0.4396,0.1601,1.6906,0.6276,0.02547,0.1108,0.00172,0.597,1,17,98.63,0.874,1,0,10.368,10.368,1,50,10276,169753.8,100.0,7,6.9
1786082570660,2976,v1,0.0554,0.4403,0.1706,1.6553,0.8824,0.0291,0.0605,0.003186,0.693,1,18,40.56,0.606,1,1052,16.33,14.615,0,50,10377,352319.9,86.65,16,12.67
1786082573714,2977,v1,0.0538,0.6912,0.3926,0.9714,0.9099,0.01363,0.1959,0.003051,0.676,0,26,82.65,0.591,1,0,17.897,17.897,0,50,10565,319643.1,92.63,16,11.84
1786082576140,2978,v1,0.0732,0.2091,0.4779,1.738,0.337,0.02779,0.2083,0.003298,0.632,1,20,48.36,0.588,1,0,12.336,12.336,1,50,10522,221212.1,100.0,13,12.62
1786082579095,2979,v1,0.0774,0.85,0.1818,1.2806,0.5298,0.00593,0.1464,0.003511,0.689,0,35,79.82,0.455,1,0,22.251,22.251,0,50,10646,447321.9,94.32,17,13.34
1786082570651,2980,v1,0.0334,0.3684,0.3525,0.9345,0.9721,0.0199,0.0916,0.00258,0.588,0,30,48.75,0.338,1,0,16.455,16.455,0,50,9042,232486.1,86.83,14,9.81
1786082572832,2981,v1,0.0125,0.8291,0.494,1.0901,0.6898,0.02875,0.1394,0.002008,0.592,1,35,56.49,0.952,1,1606,9.632,8.095,1,50,10559,136099.9,100.0,7,7.25
1786082575458,2982,v1,0.0267,0.508,0.2439,1.6274,0.9258,0.02038,0.101,0.001293,0.625,1,36,85.72,0.404,1,0,14.612,14.612,1,50,10650,233932.5,100.0,13,5.33
1786082578246,2983,v1,0.0182,0.2425,0.2208,1.8822,0.5136,0.02818,0.0812,0.001404,0.696,0,14,85.44,0.526,1,2946,13.0,9.945,1,50,10778,266730.1,100.0,14,31.68
1786082572575,2984,v1,0.0366,0.2262,0.326,2.2009,0.6159,0.02596,0.2483,0.002315,0.652,1,28,95.21,0.468,1,0,18.119,18.119,0,50,9871,301396.3,90.99,16,9.34
1786082575882,2985,v1,0.0199,0.6823,0.2725,0.9831,0.7097,0.0242,0.2233,0.002046,0.687,0,33,26.11,0.529,1,0,18.561,18.561,0,50,10426,395275.0,83.25,18,7.87
1786082579450,2986,v1,0.051,0.9257,0.4237,1.5916,0.1173,0.01075,0.066,0.00335,0.678,0,15,58.42,0.729,1,5708,14.0,7.212,0,50,10549,559657.9,38.08,18,12.28
1786082582730,2987,v1,0.0783,0.4246,0.17,1.2871,0.364,0.00571,0.192,0.002319,0.686,1,17,93.04,0.716,1,9321,16.0,0.051,0,50,9693,593365.7,0.32,-1,8.67
1786082578627,2988,v1,0.0153,0.8593,0.4667,1.7505,0.8093,0.02715,0.2003,0.003736,0.643,0,28,59.68,0.592,1,0,14.037,14.037,1,50,10928,236845.1,100.0,13,13.42
1786082581735,2989,v1,0.0506,0.7002,0.4055,2.4624,0.8669,0.00403,0.1226,0.002729,0.647,1,19,31.0,0.81,1,3453,17.902,11.666,0,50,10399,456105.9,65.24,18,9.84
1786082584261,2990,v1,0.0136,0.3569,0.3461,2.3119,0.4925,0.03026,0.1981,0.001924,0.625,0,23,21.76,0.338,1,319,17.438,17.007,0,50,11776,374846.0,86.68,16,6.84
1786082586205,2991,v1,0.0473,0.7773,0.2863,2.2655,0.7519,0.02422,0.2103,0.002729,0.687,0,20,65.5,0.603,1,0,17.22,17.22,0,50,10367,328145.0,86.25,16,10.23
1786082580599,2992,v1,0.0695,0.9179,0.1057,1.6809,0.2917,0.02203,0.0789,0.003421,0.666,1,10,74.71,0.894,1,9990,9.0,0.0,0,50,10302,582246.5,0.0,-1,12.69
1786082582788,2993,v1,0.0747,0.8563,0.1661,1.4634,0.3875,0.01218,0.1008,0.003275,0.612,0,4,98.5,0.972,1,0,3.0,3.0,0,50,10300,319203.4,89.88,15,12.86
1786082585744,2994,v1,0.0541,0.7354,0.2068,1.3661,0.8766,0.0031,0.1593,0.003042,0.704,1,6,90.37,0.821,1,9750,5.0,0.474,0,50,10919,637012.0,3.64,-1,10.98
1786082588060,2995,v1,0.0189,0.6857,0.3989,1.5354,0.8492,0.02519,0.1028,0.002721,0.7,1,24,35.79,0.946,1,212,2.052,1.651,0,50,10945,625487.4,10.49,-1,10.53
1786082579817,2996,v1,0.0665,0.6333,0.2496,1.8192,0.6953,0.02938,0.1704,0.001651,0.688,0,8,87.23,0.468,1,0,7.0,7.0,1,50,10287,194996.4,100.0,9,6.17
1786082582146,2997,v1,0.0438,0.9244,0.3879,1.6183,0.1502,0.02972,0.2237,0.003319,0.635,0,18,44.01,0.622,1,0,15.107,15.107,0,50,10749,299884.7,83.93,14,12.56
1786082585141,2998,v1,0.0162,0.6857,0.3651,1.9765,0.6919,0.0046,0.2064,0.001582,0.611,1,7,49.32,0.75,1,10244,6.0,0.0,0,50,10330,630439.9,0.0,-1,6.15
1786082587560,2999,v1,0.0189,0.9047,0.4743,2.3374,0.7066,0.00599,0.1321,0.002401,0.659,0,9,27.76,0.368,1,2058,8.0,6.778,0,50,10282,619742.6,0.0,-1,9.5
1786082597019,3000,v1,0.0333,0.7548,0.3137,2.1574,0.7746,0.01813,0.1749,0.001799,0.644,1,8,67.28,0.753,1,8737,7.0,0.693,0,50,9820,583394.4,8.22,-1,7.1
1786082599996,3001,v1,0.0772,0.4872,0.2166,1.5846,0.1791,0.02808,0.2304,0.002453,0.655,1,32,55.59,0.859,1,1525,17.848,15.049,0,50,10479,366837.3,98.18,15,9.55
1786082603219,3002,v1,0.0705,0.5922,0.3464,2.1396,0.1513,0.01532,0.2144,0.002881,0.702,0,32,96.39,0.951,1,0,22.255,22.255,0,50,10737,476599.8,88.75,17,10.72
1786082605885,3003,v1,0.0561,0.2094,0.3865,1.7556,0.3889,0.00778,0.2037,0.001219,0.582,0,32,67.83,0.546,1,0,17.764,17.764,0,50,9990,300852.7,86.04,15,4.72
1786082598291,3004,v1,0.051,0.4218,0.446,1.8205,0.2729,0.00977,0.0851,0.00212,0.69,0,15,50.22,0.944,1,6424,14.0,7.282,0,50,11825,611658.8,37.48,18,8.3
1786082601013,3005,v1,0.068,0.3022,0.2411,1.2369,0.8781,0.02178,0.2295,0.003576,0.601,0,29,34.88,0.499,1,0,16.62,16.62,0,50,10708,293659.3,92.28,14,12.81
1786082603787,3006,v1,0.0781,0.5202,0.1062,0.971,0.9029,0.02709,0.1594,0.00146,0.687,0,11,65.34,0.85,1,5728,9.987,5.49,1,50,10345,252972.7,100.0,13,5.92
1786082606439,3007,v1,0.0379,0.3311,0.4593,1.8426,0.5917,0.00503,0.2459,0.002597,0.671,1,29,20.68,0.927,1,1755,14.953,12.43,1,50,11068,262339.1,100.0,13,13.16
1786082598493,3008,v1,0.0134,0.6016,0.196,0.8608,0.9339,0.02749,0.1648,0.001695,0.719,0,21,95.83,0.743,1,0,0.989,0.989,0,50,10706,607719.8,5.22,-1,5.98
1786082602271,3009,v1,0.0734,0.711,0.3341,1.1,0.2837,0.02503,0.1431,0.003059,0.684,1,6,89.46,0.455,1,5514,5.0,2.231,0,50,10116,517937.7,43.34,16,11.79
1786082604863,3010,v1,0.0188,0.3295,0.4128,1.6192,0.4813,0.01954,0.1673,0.002918,0.7,1,32,88.0,0.802,1,0,15.765,15.765,1,50,11366,260987.6,100.0,14,10.47
1786082607467,3011,v1,0.0575,0.5941,0.1961,1.3814,0.599,0.0218,0.0561,0.003246,0.584,0,30,75.01,0.912,1,0,16.787,16.787,0,50,9862,266051.4,90.05,14,12.33
1786082597557,3012,v1,0.0746,0.4249,0.3023,1.1143,0.3144,0.01467,0.0628,0.002303,0.68,1,21,86.31,0.37,1,0,12.904,12.904,1,50,11479,247173.8,100.0,13,8.76
1786082600320,3013,v1,0.0741,0.9865,0.2477,1.8849,0.6498,0.0152,0.0577,0.002936,0.673,0,31,57.19,0.525,1,0,18.565,18.565,0,50,10699,353047.3,89.03,16,11.24
1786082602728,3014,v1,0.0282,0.987,0.1716,2.4971,0.7119,0.0072,0.215,0.003136,0.72,1,27,57.72,0.483,1,974,14.237,12.825,1,50,10577,246110.7,100.0,13,15.68
1786082605772,3015,v1,0.041,0.6558,0.4234,2.1601,0.22,0.02991,0.079,0.002014,0.717,0,8,26.24,0.72,1,6258,7.0,4.234,1,50,11476,287201.9,100.0,13,59.04
1786082599541,3016,v1,0.0211,0.545,0.3328,0.8202,0.3993,0.0106,0.1477,0.001414,0.642,0,4,61.48,0.668,1,4117,3.0,2.571,0,50,9641,560705.8,11.1,-1,5.81
1786082603470,3017,v1,0.0197,0.7345,0.2653,1.6025,0.9319,0.01922,0.0619,0.002702,0.666,1,34,69.99,0.668,1,11,3.971,3.946,0,50,10521,610553.6,17.38,-1,10.57
1786082606529,3018,v1,0.0181,0.7165,0.1389,2.293,0.7385,0.02163,0.1801,0.002404,0.678,0,6,67.76,0.875,1,6636,5.0,3.297,1,50,11812,284561.3,100.0,13,60.56
1786082609141,3019,v1,0.0375,0.6388,0.3453,1.7728,0.6602,0.01254,0.0817,0.002012,0.69,1,28,90.77,0.953,1,0,14.026,14.026,1,50,10928,237971.3,100.0,13,7.93
1786082599264,3020,v1,0.0395,0.5238,0.3196,0.8812,0.7425,0.00935,0.1928,0.002,0.647,1,8,92.14,0.903,1,11699,7.0,0.0,1,50,11860,316694.5,100.0,19,36.73
1786082603758,3021,v1,0.0773,0.5495,0.1838,1.5753,0.8695,0.01171,0.2337,0.002466,0.719,1,8,91.24,0.581,1,8787,7.0,1.431,0,50,11219,617067.2,18.06,-1,9.25
1786082605988,3022,v1,0.0467,0.8306,0.2111,1.5515,0.4216,0.0276,0.2347,0.001277,0.713,1,22,58.91,0.647,1,1513,13.0,10.954,1,50,9889,221375.7,100.0,13,5.25
1786082608320,3023,v1,0.066,0.929,0.2621,1.6726,0.6248,0.01194,0.2471,0.001346,0.666,0,18,60.73,0.589,1,0,11.366,11.366,1,50,10206,193701.1,100.0,8,5.15
1786082598993,3024,v1,0.0388,0.9817,0.2962,1.978,0.1628,0.03101,0.1849,0.001525,0.585,1,33,72.27,0.717,1,0,10.755,10.755,1,50,10669,154334.2,100.0,5,5.91
1786082602245,3025,v1,0.0218,0.6342,0.3482,1.5599,0.8716,0.02205,0.1335,0.001644,0.615,1,33,39.0,0.883,1,1790,18.707,15.706,0,50,11663,380559.9,84.86,16,6.47
1786082604861,3026,v1,0.0659,0.2389,0.3467,2.4955,0.7976,0.0094,0.2253,0.001921,0.656,1,5,68.78,0.989,1,10750,4.0,0.0,1,50,10836,313114.8,0.0,-1,100.0
1786082607446,3027,v1,0.0167,0.2556,0.3077,2.0081,0.871,0.02616,0.1051,0.00311,0.704,0,35,37.51,0.572,1,0,16.304,16.304,1,50,10467,252362.6,100.0,14,11.9
1786082609095,3028,v1,0.0568,0.7408,0.414,1.1735,0.8901,0.02721,0.2158,0.003147,0.686,0,24,24.47,0.898,1,907,17.028,15.627,0,50,10337,336911.1,99.87,16,11.54
1786082612422,3029,v1,0.0396,0.4599,0.4168,1.9414,0.4803,0.00564,0.2043,0.003281,0.622,0,28,44.37,0.384,1,0,18.997,18.997,0,50,9970,368186.8,90.29,17,12.38
1786082614906,3030,v1,0.0362,0.6089,0.1889,1.9712,0.9337,0.01618,0.0855,0.0021,0.652,1,31,20.15,0.912,1,0,14.355,14.355,1,50,10959,241574.0,100.0,13,8.3
1786082617577,3031,v1,0.0374,0.9046,0.301,1.9561,0.5899,0.00685,0.1249,0.003442,0.72,0,18,60.98,0.949,1,0,13.0,13.0,1,50,11312,251490.2,100.0,13,12.92
1786082608790,3032,v1,0.0732,0.3411,0.3117,1.7482,0.6263,0.02166,0.0786,0.001696,0.607,0,22,31.13,0.445,1,0,7.975,7.975,1,50,9727,113447.4,100.0,4,6.37
1786082611772,3033,v1,0.0375,0.344,0.3931,1.8222,0.547,0.01596,0.1012,0.001264,0.676,0,8,89.6,0.682,1,0,7.0,7.0,0,50,9691,354647.5,86.84,18,4.73
1786082614711,3034,v1,0.0592,0.7065,0.4013,1.6012,0.9702,0.01749,0.0903,0.001687,0.589,0,26,98.6,0.827,1,0,16.329,16.329,0,50,10522,286547.7,95.28,14,6.57
1786082616955,3035,v1,0.0204,0.568,0.4537,1.3295,0.9285,0.02182,0.0505,0.002781,0.675,0,23,43.79,0.996,1,0,13.204,13.204,1,50,9762,219283.5,100.0,13,10.34
1786082610467,3036,v1,0.0276,0.5332,0.3379,1.8199,0.2727,0.0193,0.0548,0.003253,0.64,1,13,85.32,0.881,1,9845,12.0,0.0,1,50,10230,275683.0,0.0,-1,100.0
1786082612842,3037,v1,0.0139,0.4975,0.2233,1.6407,0.61,0.01741,0.0647,0.002303,0.687,0,13,92.43,0.394,1,0,12.0,12.0,1,50,10515,254764.1,100.0,14,8.61
1786082615382,3038,v1,0.0154,0.3459,0.3318,1.3847,0.7996,0.03013,0.0516,0.002491,0.628,1,35,22.26,0.31,1,620,14.577,13.677,1,50,10802,246693.6,100.0,13,9.44
1786082617677,3039,v1,0.0298,0.5759,0.4994,1.0686,0.6715,0.01812,0.1885,0.002446,0.621,0,18,90.22,0.74,1,0,12.053,12.053,1,50,9216,188627.4,100.0,10,9.34
1786082610533,3040,v1,0.0689,0.3472,0.229,2.3994,0.3352,0.02862,0.1737,0.002391,0.628,1,27,96.09,0.71,1,0,13.826,13.826,1,50,10261,233497.3,100.0,13,8.99
1786082614500,3041,v1,0.0282,0.7341,0.2311,1.5935,0.6108,0.00458,0.1916,0.002338,0.632,0,16,35.13,0.425,1,2527,15.0,11.477,0,50,9628,557981.0,0.08,-1,8.94
1786082616959,3042,v1,0.0521,0.8634,0.1623,1.4575,0.4945,0.01862,0.1995,0.002045,0.684,1,36,21.11,0.783,1,1595,14.715,12.293,1,50,10328,228047.9,100.0,13,7.74
1786082621374,3043,v1,0.031,0.4553,0.3817,1.9454,0.4631,0.00651,0.1546,0.003285,0.69,0,28,82.65,0.834,1,0,0.0,0.0,0,50,9628,551040.3,0.0,-1,12.01
1786082612481,3044,v1,0.0553,0.5404,0.1399,2.3155,0.1586,0.02665,0.182,0.003579,0.707,1,35,85.62,0.876,1,0,23.35,23.35,0,50,11218,479510.9,92.19,17,13.56
1786082616390,3045,v1,0.0315,0.741,0.2977,1.4505,0.6699,0.03111,0.1228,0.002842,0.626,1,12,30.02,0.454,1,6737,11.0,4.001,0,50,10909,524564.5,34.07,15,10.98
1786082619055,3046,v1,0.0169,0.7757,0.3751,1.7095,0.431,0.02293,0.0913,0.002634,0.598,0,26,35.29,0.854,1,0,12.443,12.443,1,50,10407,198716.0,100.0,10,10.49
1786082623856,3047,v1,0.0132,0.5922,0.157,1.7357,0.5004,0.02346,0.2129,0.001635,0.71,1,21,54.63,0.387,1,0,0.0,0.0,0,50,11436,651492.0,0.0,-1,6.33
1786082612261,3048,v1,0.0731,0.241,0.1405,2.0121,0.3358,0.00377,0.1955,0.002378,0.595,1,10,36.46,0.584,1,8366,9.0,1.534,1,50,10284,275837.9,100.0,19,13.65
1786082614885,3049,v1,0.0447,0.8076,0.4175,2.1145,0.4243,0.00567,0.1519,0.00371,0.621,1,27,45.02,0.785,1,1712,13.44,11.142,1,50,10913,236797.6,100.0,13,13.8
1786082617086,3050,v1,0.0695,0.373,0.3764,1.3949,0.2645,0.01002,0.2222,0.003546,0.614,0,15,65.24,0.586,1,0,10.757,10.757,1,50,10460,190306.9,100.0,5,13.16
1786082621414,3051,v1,0.0503,0.2604,0.1327,1.6146,0.8334,0.00819,0.2321,0.003313,0.609,1,15,48.83,0.607,1,7092,14.0,3.806,0,50,10184,529588.9,26.07,17,12.1
1786082612596,3052,v1,0.0617,0.5182,0.17,2.0334,0.2253,0.0041,0.1983,0.001569,0.656,0,24,46.26,0.346,1,0,13.36,13.36,1,50,11411,253732.8,100.0,13,6.45
1786082614965,3053,v1,0.0468,0.9755,0.4907,1.9276,0.1673,0.0232,0.1087,0.002409,0.675,0,18,35.42,0.418,1,0,12.756,12.756,1,50,10438,228140.0,100.0,13,9.33
1786082618069,3054,v1,0.038,0.8897,0.4729,1.8689,0.6472,0.01793,0.2247,0.001536,0.687,0,7,21.68,0.942,1,6129,6.0,3.578,1,50,10203,265092.9,100.0,13,62.87
1786082620865,3055,v1,0.0148,0.9107,0.4456,1.139,0.7381,0.02141,0.1741,0.001943,0.602,1,21,59.63,0.519,1,0,11.489,11.489,1,50,11586,215344.8,100.0,9,7.43
1786082621736,3056,v1,0.0415,0.5926,0.244,2.4938,0.2592,0.01465,0.2321,0.002501,0.629,0,17,23.73,0.931,1,6872,16.0,6.043,0,50,10033,543098.1,25.28,18,9.34
1786082624307,3057,v1,0.0633,0.6666,0.2541,0.8358,0.6604,0.03076,0.1193,0.002056,0.67,1,35,86.22,0.81,1,0,18.246,18.246,0,50,9650,280847.7,85.91,15,7.9
1786082628858,3058,v1,0.0138,0.2497,0.3413,1.1575,0.1766,0.01156,0.1893,0.001439,0.629,1,33,72.35,0.837,1,0,1.496,1.496,0,50,11043,657086.7,6.39,-1,5.62
1786082632098,3059,v1,0.0373,0.7137,0.4886,1.7061,0.4138,0.02221,0.2409,0.002226,0.644,0,13,79.03,0.339,1,2372,12.0,9.494,0,50,9720,362716.8,70.63,16,8.61
1786082620972,3060,v1,0.06,0.7767,0.4092,2.4811,0.7915,0.02359,0.086,0.002679,0.702,0,16,74.44,0.835,1,0,13.0,13.0,1,50,10275,232565.5,100.0,13,10.45
1786082625538,3061,v1,0.0102,0.6264,0.3475,0.8197,0.1844,0.00708,0.2182,0.002053,0.624,0,30,68.19,0.806,1,0,0.0,0.0,0,50,10978,642047.2,0.0,-1,7.29
1786082628877,3062,v1,0.0663,0.5912,0.4859,1.1627,0.5422,0.00542,0.0846,0.002307,0.717,1,19,56.96,0.376,1,969,17.85,16.134,0,50,10607,499450.2,76.33,18,9.08
1786082631871,3063,v1,0.0586,0.9358,0.2048,2.0002,0.7631,0.00596,0.0874,0.001797,0.637,1,5,99.56,0.664,1,10154,4.0,0.202,1,50,10760,306019.1,100.0,23,93.25
1786082622494,3064,v1,0.074,0.8601,0.1825,1.26,0.9174,0.01498,0.212,0.001543,0.649,1,27,70.09,0.479,1,871,17.321,15.812,0,50,10384,325974.8,94.61,15,6.31
1786082626469,3065,v1,0.025,0.3348,0.3669,0.8251,0.9216,0.02662,0.2177,0.002015,0.693,1,6,91.18,0.487,1,6374,5.0,1.813,0,50,10097,504479.4,32.43,18,7.7
1786082628829,3066,v1,0.0753,0.9661,0.339,1.813,0.3876,0.00497,0.1482,0.001999,0.605,0,14,55.88,0.596,1,0,12.9,12.9,1,50,10275,234992.6,100.0,13,7.45
1786082631637,3067,v1,0.0577,0.9031,0.2829,1.0841,0.8738,0.02871,0.1198,0.002347,0.633,1,29,74.49,0.822,1,0,16.815,16.815,0,50,10582,281222.1,95.13,14,8.75
1786082624322,3068,v1,0.0691,0.5211,0.2315,2.0066,0.6453,0.03189,0.1915,0.003379,0.676,0,20,78.68,0.672,1,0,13.0,13.0,1,50,10884,249902.6,100.0,13,13.13
1786082626766,3069,v1,0.0682,0.4068,0.3818,1.8375,0.7563,0.01824,0.1517,0.002684,0.638,1,18,92.48,0.852,1,0,13.0,13.0,1,50,9988,230902.7,100.0,13,10.55
1786082629498,3070,v1,0.0651,0.2833,0.2025,1.9579,0.8269,0.00757,0.0905,0.002149,0.62,0,7,92.6,0.606,1,0,6.0,6.0,0,50,10136,304893.0,85.79,16,7.96
1786082632244,3071,v1,0.027,0.9575,0.3511,2.2576,0.9411,0.03186,0.0735,0.002884,0.59,1,31,60.73,0.617,1,0,16.517,16.517,0,50,10329,264626.5,86.39,13,10.45
1786082624906,3072,v1,0.0354,0.9392,0.2235,1.0765,0.6501,0.01007,0.2092,0.002167,0.69,0,4,99.92,0.981,1,0,3.0,3.0,1,50,10904,243809.1,100.0,13,8.24
1786082627373,3073,v1,0.059,0.4554,0.3443,1.2674,0.3954,0.02341,0.0938,0.002684,0.638,1,33,46.2,0.61,1,0,14.233,14.233,1,50,10140,225775.5,100.0,13,10.17
1786082629557,3074,v1,0.0228,0.9242,0.1955,1.4081,0.4823,0.00819,0.1556,0.003486,0.72,0,4,83.48,0.495,1,0,3.0,3.0,1,50,9966,228053.7,100.0,13,12.28
1786082632442,3075,v1,0.0369,0.8107,0.4281,1.864,0.8314,0.02905,0.1817,0.001834,0.604,0,33,94.47,0.693,1,0,17.071,17.071,0,50,10562,283997.1,85.13,14,6.67
1786082625544,3076,v1,0.0105,0.7746,0.4268,1.2549,0.3036,0.02614,0.2497,0.001706,0.703,1,35,59.58,0.664,1,1315,14.544,12.579,1,50,10167,223847.6,100.0,13,6.77
1786082627834,3077,v1,0.0407,0.441,0.1877,1.7295,0.3535,0.01888,0.1795,0.003442,0.635,0,26,44.16,0.448,1,0,13.7,13.7,1,50,9943,222425.0,100.0,13,12.45
1786082631034,3078,v1,0.0194,0.2707,0.3676,0.9686,0.4226,0.03079,0.1325,0.00293,0.704,0,18,75.3,0.364,1,2646,17.0,12.679,0,50,9664,447025.5,55.03,18,10.99
1786082633523,3079,v1,0.078,0.2795,0.3348,1.7125,0.9574,0.0096,0.0621,0.001339,0.682,1,32,86.87,0.534,1,0,15.043,15.043,1,50,10492,254600.7,100.0,13,5.44
1786082627450,3080,v1,0.0301,0.7847,0.495,1.8192,0.4669,0.03013,0.1329,0.002432,0.633,1,8,33.69,0.769,1,10778,7.0,0.001,1,50,10978,315789.6,100.0,27,99.99
1786082631021,3081,v1,0.0447,0.9284,0.4173,1.2817,0.1555,0.01947,0.0558,0.002739,0.717,0,26,63.42,0.32,1,0,19.592,19.592,0,50,11190,508226.1,83.39,18,10.79
1786082633679,3082,v1,0.073,0.8888,0.3866,1.9473,0.7346,0.00945,0.0874,0.003639,0.7,1,4,40.73,0.603,1,7902,3.0,0.757,1,50,10709,285491.0,100.0,13,31.12
1786082636243,3083,v1,0.0105,0.572,0.4642,1.8485,0.2174,0.01433,0.1421,0.003437,0.66,1,7,37.61,0.745,1,9556,6.0,0.683,1,50,11032,282642.7,100.0,24,90.07
1786082634709,3084,v1,0.0237,0.2498,0.2778,1.7955,0.979,0.00381,0.1635,0.001835,0.597,1,31,33.76,0.549,1,0,15.288,15.288,1,50,10201,248536.2,100.0,14,6.92
1786082637157,3085,v1,0.0698,0.5075,0.2919,2.4518,0.8625,0.01226,0.1269,0.002747,0.589,1,17,77.93,0.48,1,0,15.458,15.458,0,50,10767,316959.8,89.88,15,10.25
1786082639095,3086,v1,0.0192,0.7243,0.1885,2.1729,0.9363,0.02336,0.1044,0.001555,0.657,0,7,93.78,0.56,1,0,6.0,6.0,1,50,10227,230296.3,100.0,13,6.21
1786082642141,3087,v1,0.0369,0.7582,0.3473,1.1871,0.4001,0.00803,0.0752,0.001377,0.605,1,16,62.57,0.754,1,9447,15.0,1.198,0,50,10483,649815.9,7.35,-1,5.57
1786082635107,3088,v1,0.0135,0.5516,0.3883,2.1967,0.4966,0.00563,0.2148,0.001529,0.614,0,18,72.7,0.965,1,0,13.0,13.0,1,50,10751,235573.0,100.0,13,5.9
1786082637552,3089,v1,0.066,0.396,0.4134,1.0048,0.8482,0.02558,0.1545,0.001979,0.644,1,20,27.17,0.995,1,1868,15.441,12.718,0,50,10878,356618.3,97.76,15,7.5
1786082639464,3090,v1,0.0324,0.6656,0.2639,1.8953,0.7362,0.014,0.2259,0.001612,0.619,1,25,34.35,0.434,1,892,13.527,12.194,1,50,9265,215486.1,100.0,13,15.13
1786082641344,3091,v1,0.0761,0.496,0.2842,1.6384,0.2382,0.02161,0.1396,0.002266,0.582,0,34,31.93,0.808,1,0,10.527,10.527,1,50,10585,153603.3,100.0,3,8.34
1786082635449,3092,v1,0.0353,0.3566,0.3238,1.0017,0.9484,0.0113,0.2334,0.003649,0.666,1,4,38.76,0.659,1,9080,3.0,0.157,1,50,9687,265848.2,100.0,25,95.48
1786082638909,3093,v1,0.0444,0.4144,0.3382,1.5281,0.675,0.0087,0.1811,0.002658,0.678,1,5,64.13,0.849,1,10215,4.0,0.0,0,50,10352,615741.7,0.0,-1,10.28
1786082642014,3094,v1,0.0634,0.4979,0.1373,1.7839,0.8957,0.01301,0.0827,0.002519,0.707,1,4,63.31,0.769,1,10304,3.0,0.0,0,50,10373,584410.4,0.0,-1,9.11
1786082643964,3095,v1,0.0521,0.9928,0.1987,1.5013,0.3554,0.01149,0.1352,0.002028,0.709,0,36,62.09,0.3,1,0,23.548,23.548,0,50,10070,480667.5,89.13,18,7.95
1786082635931,3096,v1,0.0598,0.7661,0.2054,1.2405,0.8514,0.01612,0.0536,0.00126,0.649,0,21,22.17,0.5,1,0,13.0,13.0,1,50,9819,223591.7,100.0,13,5.24
1786082638830,3097,v1,0.0184,0.6114,0.3661,1.109,0.6053,0.01495,0.0536,0.003284,0.64,1,35,29.03,0.606,1,1155,16.522,14.137,0,50,11082,446313.4,69.51,18,12.07
1786082642017,3098,v1,0.0206,0.7813,0.1196,2.2588,0.4854,0.01507,0.0872,0.00126,0.656,0,4,28.0,0.518,1,3638,3.0,2.64,0,50,10142,630584.3,0.0,-1,4.63
1786082643876,3099,v1,0.0272,0.9888,0.4095,0.9253,0.1945,0.01072,0.1588,0.00286,0.627,1,33,40.65,0.926,1,1679,21.703,17.745,0,50,9889,429791.8,90.03,17,10.97
1786082651067,3100,v1,0.0364,0.2221,0.4565,1.688,0.5452,0.00588,0.1212,0.001252,0.697,0,21,34.06,0.548,1,0,14.596,14.596,1,50,10288,252323.2,100.0,14,5.19
1786082653046,3101,v1,0.0577,0.9419,0.2502,1.2012,0.8002,0.01636,0.1281,0.001344,0.587,0,18,77.92,0.927,1,0,5.956,5.956,1,50,10418,79989.1,100.0,3,5.13
1786082655517,3102,v1,0.0157,0.8803,0.3599,2.346,0.6532,0.02221,0.1672,0.002355,0.63,0,30,36.8,0.662,1,0,14.353,14.353,1,50,10650,240779.5,100.0,13,8.83
1786082659758,3103,v1,0.0355,0.806,0.1336,1.022,0.8586,0.00368,0.157,0.002586,0.633,1,9,72.3,0.655,1,8828,8.0,1.346,0,50,10840,617827.9,14.47,-1,9.81
1786082652482,3104,v1,0.0498,0.9108,0.1964,1.2149,0.1696,0.03057,0.1945,0.001694,0.683,0,29,31.5,0.7,1,0,18.159,18.159,0,50,10893,364614.6,91.23,16,6.48
1786082654823,3105,v1,0.0418,0.6238,0.3817,2.0759,0.734,0.00851,0.1388,0.003745,0.695,1,30,63.58,0.373,1,0,14.804,14.804,1,50,10347,237395.5,100.0,13,13.71
1786082657404,3106,v1,0.0739,0.4513,0.1362,2.4547,0.5017,0.01257,0.1232,0.002996,0.595,1,34,51.51,0.365,1,0,18.365,18.365,0,50,10221,300303.4,93.42,15,11.19
1786082659559,3107,v1,0.0537,0.8676,0.3716,2.4358,0.81,0.00683,0.1819,0.003683,0.717,0,34,53.86,0.957,1,0,14.359,14.359,1,50,9696,216579.7,100.0,13,13.64
1786082652489,3108,v1,0.0722,0.6717,0.4173,2.3845,0.4915,0.01593,0.1221,0.002257,0.589,0,9,65.13,0.727,1,3819,7.75,5.516,1,50,10454,213798.1,100.0,8,10.62
1786082654713,3109,v1,0.0376,0.4757,0.4266,1.306,0.106,0.02805,0.1221,0.002399,0.587,0,36,60.02,0.706,1,0,11.865,11.865,1,50,10945,177072.6,100.0,5,9.57
1786082658470,3110,v1,0.0767,0.5121,0.1279,1.2238,0.5289,0.01047,0.22,0.003364,0.713,0,28,26.43,0.626,1,2076,19.769,16.184,0,50,11503,530002.1,88.58,17,12.36
1786082663024,3111,v1,0.0164,0.3682,0.2059,2.4673,0.1996,0.00611,0.1299,0.003563,0.684,0,5,93.13,0.739,1,0,4.0,4.0,0,50,11123,622132.9,0.0,-1,13.42
1786082652946,3112,v1,0.0163,0.5998,0.3662,2.1204,0.8359,0.02974,0.1819,0.003459,0.64,1,33,66.4,0.49,1,0,19.107,19.107,0,50,9810,303655.2,85.57,16,13.04
1786082655932,3113,v1,0.0736,0.27,0.392,0.8166,0.1632,0.00327,0.2126,0.001756,0.589,0,36,80.75,0.934,1,0,18.976,18.976,0,50,10346,373324.2,100.0,15,7.04
1786082658733,3114,v1,0.0184,0.3064,0.3957,1.7966,0.1859,0.02962,0.1765,0.003466,0.68,0,36,57.68,0.582,1,0,21.259,21.259,0,50,9779,336379.0,85.36,18,13.01
1786082661347,3115,v1,0.0639,0.9722,0.1918,2.2714,0.6283,0.00362,0.1093,0.003669,0.673,0,25,40.2,0.707,1,0,13.536,13.536,1,50,10939,239070.2,100.0,13,13.45
1786082652917,3116,v1,0.0205,0.3008,0.3568,1.4767,0.3563,0.02822,0.2163,0.00306,0.583,0,29,88.64,0.938,1,0,10.074,10.074,1,50,9937,135676.6,100.0,6,11.65
1786082656757,3117,v1,0.0176,0.9715,0.2097,0.8701,0.2899,0.02333,0.2287,0.002205,0.657,0,10,29.8,0.787,1,5967,9.0,4.734,0,50,9985,548282.7,26.64,19,8.68
1786082659402,3118,v1,0.0612,0.7047,0.3416,0.8037,0.9215,0.01693,0.1184,0.002664,0.702,0,14,87.71,0.789,1,0,13.0,13.0,0,50,10386,323452.4,87.41,17,9.89
1786082663759,3119,v1,0.0276,0.7521,0.4357,1.0047,0.5377,0.02199,0.2038,0.002979,0.709,1,6,58.36,0.911,1,9553,5.0,0.0,0,50,9696,570842.7,0.0,-1,11.07
1786082654049,3120,v1,0.0173,0.5189,0.4827,2.4454,0.5723,0.02388,0.0807,0.001281,0.634,1,5,69.98,0.9,1,9650,4.0,0.0,1,50,9701,268149.5,0.0,-1,100.0
1786082656587,3121,v1,0.0314,0.9096,0.1286,2.3457,0.1566,0.02156,0.1088,0.002927,0.619,0,7,63.02,0.604,1,4735,6.0,4.156,1,50,10477,261372.0,100.0,13,52.37
1786082659039,3122,v1,0.0324,0.9379,0.2075,1.89,0.9485,0.01363,0.0721,0.003478,0.65,1,35,65.66,0.977,1,0,14.549,14.549,1,50,10667,237629.8,100.0,13,12.55
1786082661406,3123,v1,0.0775,0.8606,0.3444,1.5792,0.8414,0.0293,0.06,0.00191,0.715,1,26,43.76,0.767,1,1536,13.248,10.995,1,50,9367,204473.4,100.0,13,7.45
1786082656247,3124,v1,0.0471,0.69,0.2876,2.1926,0.3297,0.02856,0.1932,0.003721,0.71,1,16,39.07,0.933,1,9676,15.0,0.0,0,50,10247,584794.2,0.0,-1,14.27
1786082658604,3125,v1,0.0745,0.415,0.3771,2.1574,0.1108,0.02077,0.1874,0.002392,0.67,0,32,87.66,0.447,1,0,14.387,14.387,1,50,9808,226315.1,100.0,13,8.81
1786082661398,3126,v1,0.0784,0.453,0.311,2.0151,0.3962,0.01555,0.0721,0.001316,0.691,1,26,80.67,0.578,1,0,13.705,13.705,1,50,11023,255265.4,100.0,13,5.13
1786082663678,3127,v1,0.0599,0.4661,0.1144,1.052,0.3589,0.02239,0.2149,0.001475,0.609,0,34,41.52,0.39,1,0,12.463,12.463,1,50,10063,186234.7,100.0,6,6.08
1786082663391,3128,v1,0.0427,0.763,0.2739,1.592,0.9483,0.01283,0.1238,0.003092,0.63,0,20,91.6,0.486,1,0,12.889,12.889,1,50,11189,245691.9,100.0,13,11.66
1786082666796,3129,v1,0.0572,0.7007,0.3039,1.6642,0.1896,0.01813,0.2217,0.002789,0.706,0,36,98.82,0.734,1,0,23.646,23.646,0,50,10748,485512.4,91.08,17,10.71
1786082669598,3130,v1,0.0381,0.9437,0.4983,1.9742,0.9035,0.00348,0.0982,0.002581,0.586,1,13,56.05,0.426,1,3631,11.28,7.115,1,50,10624,234625.0,100.0,10,39.73
1786082671968,3131,v1,0.0589,0.6611,0.4406,1.0621,0.4514,0.00674,0.2119,0.001608,0.715,0,5,64.44,0.478,1,2986,4.0,3.394,1,50,9919,234951.8,100.0,13,13.1
1786082663623,3132,v1,0.0142,0.9779,0.4948,0.8293,0.6434,0.01562,0.0707,0.002628,0.696,1,18,95.54,0.931,1,0,13.0,13.0,1,50,10194,219864.4,100.0,13,10.2
1786082666295,3133,v1,0.0376,0.4085,0.172,2.4875,0.5868,0.0079,0.1815,0.001947,0.596,0,23,82.25,0.633,1,0,18.547,18.547,0,50,9839,330052.4,87.3,17,7.67
1786082669264,3134,v1,0.0319,0.7276,0.2059,2.4322,0.6391,0.02093,0.0634,0.001543,0.698,1,8,56.1,0.868,1,10530,7.0,0.0,1,50,10646,302181.5,0.0,-1,100.0
1786082672467,3135,v1,0.0165,0.8976,0.4496,1.9989,0.7376,0.01665,0.1865,0.00271,0.619,0,5,28.65,0.815,1,4306,4.0,3.137,0,50,10085,457727.2,51.36,18,10.03
1786082664537,3136,v1,0.0213,0.5481,0.2593,2.2222,0.346,0.02242,0.2214,0.00189,0.709,1,16,30.49,0.304,1,0,13.744,13.744,1,50,10857,245895.9,100.0,13,7.47
1786082668626,3137,v1,0.0209,0.3178,0.4544,1.4925,0.5484,0.01133,0.1786,0.001817,0.662,0,14,65.0,0.847,1,4880,13.0,7.425,0,50,9871,605779.7,0.0,-1,7.13
1786082671423,3138,v1,0.0558,0.7395,0.401,2.1846,0.8161,0.02973,0.2025,0.002604,0.668,0,31,49.86,0.654,1,0,14.356,14.356,1,50,10812,249427.5,100.0,13,9.68
1786082673997,3139,v1,0.0392,0.5732,0.2968,1.63,0.2287,0.01247,0.1447,0.002653,0.715,0,25,37.28,0.479,1,0,14.256,14.256,1,50,10695,248197.4,100.0,13,10.05
1786082665452,3140,v1,0.059,0.4131,0.2229,2.4562,0.7852,0.00564,0.1617,0.002643,0.593,0,12,64.94,0.991,1,6726,11.0,5.073,1,50,10511,270681.4,100.0,13,69.44
1786082668276,3141,v1,0.0478,0.619,0.3103,1.1532,0.6036,0.00332,0.2113,0.001323,0.626,0,22,79.49,0.524,1,0,17.598,17.598,0,50,10890,345849.1,91.74,17,5.27
1786082671504,3142,v1,0.0527,0.5492,0.1055,1.8439,0.7826,0.01338,0.1443,0.002939,0.615,1,13,74.58,0.435,1,5969,11.917,5.225,1,50,11058,272063.5,100.0,13,16.88
1786082674424,3143,v1,0.0454,0.2987,0.2274,1.4766,0.7109,0.02769,0.1183,0.00316,0.585,1,17,49.58,0.909,1,1611,14.221,11.952,0,50,10468,308512.2,96.72,14,11.78
1786082666895,3144,v1,0.0561,0.3334,0.225,1.1436,0.9098,0.00376,0.0627,0.002196,0.696,0,26,87.86,0.968,1,0,19.323,19.323,0,50,10922,435791.0,88.57,18,8.01
1786082670947,3145,v1,0.0123,0.687,0.4482,1.6741,0.9385,0.01812,0.0867,0.003445,0.704,1,21,94.74,0.637,1,0,0.0,0.0,0,50,9712,559783.4,0.0,-1,13.08
1786082673747,3146,v1,0.0661,0.7023,0.2664,1.1398,0.9586,0.02677,0.1551,0.002455,0.643,1,32,64.58,0.492,1,1070,17.53,15.535,0,50,10014,299466.1,98.39,15,9.42
1786082677023,3147,v1,0.012,0.6989,0.179,2.1113,0.3536,0.02992,0.1924,0.002288,0.634,1,23,69.53,0.851,1,0,18.727,18.727,0,50,11727,388136.7,89.34,18,8.68
1786082668388,3148,v1,0.0369,0.8849,0.2712,1.2257,0.2875,0.00307,0.1016,0.001536,0.654,1,9,67.27,0.596,1,8066,8.0,1.569,0,50,10176,615669.8,10.48,-1,6.19
1786082672630,3149,v1,0.0685,0.4379,0.3283,1.3676,0.9023,0.01489,0.1863,0.003242,0.713,1,13,77.15,0.808,1,10051,12.0,0.0,0,50,10416,627425.8,0.0,-1,11.63
1786082675873,3150,v1,0.0106,0.9559,0.1425,2.3119,0.4543,0.0227,0.0981,0.002292,0.602,0,28,24.91,0.404,1,365,18.954,18.261,0,50,9739,350109.6,85.85,17,9.18
1786082679724,3151,v1,0.0717,0.6902,0.1528,2.2238,0.4627,0.02908,0.2182,0.002097,0.602,1,6,45.16,0.509,1,7956,5.0,1.238,0,50,10678,549937.3,23.75,15,7.99
1786082668808,3152,v1,0.0394,0.9236,0.12,1.7379,0.6612,0.00309,0.1804,0.003026,0.689,0,36,88.42,0.998,1,0,0.0,0.0,0,50,9835,567460.3,0.0,-1,11.35
1786082671185,3153,v1,0.0729,0.683,0.141,1.5324,0.3776,0.0307,0.2374,0.001737,0.691,0,11,87.56,0.625,1,0,9.438,9.438,1,50,10120,205933.3,100.0,8,6.7
1786082674424,3154,v1,0.0748,0.7768,0.1772,1.2129,0.2119,0.02669,0.2078,0.003045,0.67,0,32,55.2,0.384,1,0,18.365,18.365,0,50,11053,366117.4,89.07,15,10.97
1786082677237,3155,v1,0.0109,0.9052,0.3271,1.7107,0.1786,0.02899,0.2329,0.001501,0.69,0,5,36.1,0.635,1,3955,4.0,3.242,1,50,10492,261732.8,100.0,13,41.37
1786082675512,3156,v1,0.0702,0.6773,0.489,0.9589,0.3853,0.00963,0.1617,0.001625,0.602,0,16,50.28,0.805,1,0,15.0,15.0,0,50,9630,272273.7,100.0,15,6.48
1786082679586,3157,v1,0.0443,0.6188,0.245,1.2562,0.4543,0.00519,0.0738,0.002559,0.586,1,4,98.73,0.992,1,9752,3.0,0.0,0,50,9822,563443.7,0.0,-1,9.58
1786082682361,3158,v1,0.0663,0.4299,0.1808,2.3402,0.1238,0.01449,0.0851,0.001786,0.713,1,21,82.57,0.551,1,0,13.526,13.526,1,50,10857,249153.2,100.0,13,7.06
1786082685627,3159,v1,0.0563,0.9326,0.2797,1.082,0.9264,0.0266,0.1014,0.003055,0.633,0,13,48.11,0.683,1,3427,12.0,8.359,0,50,9720,371854.6,61.64,15,11.69
1786082675992,3160,v1,0.0199,0.8344,0.4141,2.0536,0.8387,0.00698,0.2047,0.003128,0.69,1,9,64.61,0.592,1,6330,8.0,2.475,1,50,9381,250312.7,100.0,13,72.45
1786082678988,3161,v1,0.0667,0.2646,0.4478,2.4633,0.6311,0.01347,0.0747,0.00234,0.691,1,27,84.02,0.859,1,0,18.616,18.616,0,50,10845,427848.4,84.02,17,9.04
1786082682239,3162,v1,0.0638,0.2648,0.3397,1.827,0.4495,0.01368,0.1365,0.001558,0.694,1,25,98.03,0.991,1,0,18.509,18.509,0,50,9756,436737.5,86.21,17,5.93
1786082684832,3163,v1,0.0625,0.4331,0.3922,2.1048,0.989,0.0229,0.1597,0.001462,0.72,0,27,62.12,0.99,1,0,18.62,18.62,0,50,9556,317829.4,89.14,17,5.39
1786082677485,3164,v1,0.0628,0.5899,0.3543,1.3802,0.6528,0.02765,0.2032,0.003565,0.582,1,30,44.23,0.999,1,1603,14.691,12.176,0,50,10210,253947.8,87.83,11,12.8
1786082680108,3165,v1,0.0628,0.728,0.1241,1.8993,0.22,0.02631,0.1027,0.003398,0.606,0,30,83.1,0.995,1,0,17.114,17.114,0,50,9983,282467.5,98.25,15,12.93
1786082682690,3166,v1,0.0797,0.5599,0.3897,1.6073,0.452,0.00791,0.2496,0.001269,0.596,1,18,50.88,0.886,1,1610,15.335,12.805,0,50,9888,339429.6,83.36,15,5.05
1786082685321,3167,v1,0.0713,0.3532,0.4578,2.2032,0.4268,0.02284,0.2394,0.003664,0.656,1,36,25.75,0.478,1,817,18.455,16.596,0,50,9191,263968.5,86.75,15,13.67
1786082678057,3168,v1,0.0646,0.5105,0.4525,0.9632,0.8425,0.01346,0.1504,0.002831,0.682,1,6,37.78,0.578,1,7088,5.0,1.273,1,50,9651,255217.3,100.0,13,11.14
1786082681482,3169,v1,0.0585,0.4198,0.1011,1.9953,0.6512,0.0155,0.2165,0.003532,0.6,1,16,84.4,0.781,1,6840,15.0,3.387,0,50,9349,512270.9,22.21,15,13.72
1786082684550,3170,v1,0.0713,0.6869,0.2385,1.1575,0.4498,0.0278,0.1682,0.003559,0.698,1,24,54.46,0.374,1,900,16.944,15.472,0,50,11179,380296.8,84.35,15,13.35
1786082686938,3171,v1,0.0741,0.6934,0.2885,1.2453,0.2086,0.02597,0.2008,0.003748,0.646,1,11,46.79,0.672,1,5265,7.983,3.356,1,50,10366,193048.2,100.0,6,14.56
1786082680776,3172,v1,0.0688,0.449,0.1439,1.7406,0.2375,0.03002,0.0659,0.001952,0.626,0,30,87.85,0.967,1,0,17.182,17.182,0,50,11145,321032.8,99.69,15,7.22
1786082683425,3173,v1,0.0533,0.5749,0.1264,1.1368,0.7071,0.03146,0.1668,0.003746,0.685,1,18,68.58,0.847,1,0,15.824,15.824,0,50,9686,275901.9,94.49,15,14.38
1786082686220,3174,v1,0.044,0.8735,0.3435,1.9576,0.6163,0.03122,0.0575,0.003614,0.609,0,26,79.19,0.365,1,0,15.942,15.942,0,50,9806,268802.9,86.72,14,13.33
1786082688058,3175,v1,0.0789,0.2938,0.3677,2.1827,0.2976,0.00416,0.1903,0.001771,0.581,0,11,71.14,0.303,1,857,8.008,7.36,1,50,10763,190834.9,100.0,5,7.17
1786082682643,3176,v1,0.0153,0.6514,0.2382,1.9727,0.5798,0.02393,0.0773,0.001597,0.641,1,7,63.13,0.944,1,9946,6.0,0.0,0,50,10029,585892.7,0.0,-1,6.01
1786082686749,3177,v1,0.0109,0.7224,0.3981,1.2277,0.811,0.02067,0.131,0.003645,0.718,0,17,78.87,0.683,1,4500,16.0,9.072,0,50,9646,543669.8,0.0,-1,13.39
1786082688387,3178,v1,0.0735,0.2404,0.4229,1.8571,0.2803,0.00873,0.1089,0.002342,0.651,0,21,58.26,0.743,1,0,13.0,13.0,1,50,9874,221139.9,100.0,13,9.42
1786082691215,3179,v1,0.0164,0.6716,0.321,1.8793,0.5486,0.01571,0.0702,0.002356,0.611,0,4,98.5,0.92,1,0,3.0,3.0,0,50,11485,413465.0,82.39,18,9.19
1786082683997,3180,v1,0.0539,0.5548,0.1317,1.9524,0.3314,0.00447,0.19,0.00291,0.598,0,6,67.79,0.483,1,2541,5.0,4.253,0,50,10352,479787.1,69.69,16,10.82
1786082686454,3181,v1,0.075,0.6099,0.1443,0.8917,0.8483,0.01634,0.054,0.001801,0.712,1,14,32.88,0.587,1,0,13.0,13.0,1,50,9820,218175.4,100.0,13,6.8
1786082688185,3182,v1,0.0223,0.6967,0.3371,1.8325,0.8112,0.01875,0.1584,0.002979,0.594,1,29,90.39,0.689,1,0,12.332,12.332,1,50,10774,199787.2,100.0,9,11.49
1786082691439,3183,v1,0.0445,0.7213,0.2826,1.8623,0.1463,0.00619,0.0837,0.001846,0.674,0,31,27.62,0.833,1,1035,14.841,12.581,0,50,10834,588561.0,63.01,19,6.65
1786082687968,3184,v1,0.0156,0.4525,0.442,2.4892,0.6514,0.01953,0.0679,0.003121,0.705,1,10,20.15,0.868,1,10535,9.0,0.279,1,50,11158,298373.1,100.0,25,97.23
1786082689704,3185,v1,0.0666,0.875,0.1305,1.7313,0.5218,0.01315,0.2142,0.003436,0.587,0,17,86.78,0.389,1,0,11.071,11.071,1,50,11071,203485.0,100.0,8,13.03
1786082691825,3186,v1,0.0221,0.7763,0.2967,1.9528,0.6621,0.00534,0.1062,0.002284,0.694,1,35,79.78,0.499,1,0,15.101,15.101,1,50,9971,228350.4,100.0,13,8.16
1786082693972,3187,v1,0.0521,0.3933,0.3347,2.4344,0.5918,0.02356,0.2032,0.0019,0.632,1,8,46.53,0.672,1,7816,7.0,1.528,1,50,10134,277913.6,100.0,13,79.65
1786082689081,3188,v1,0.0523,0.4584,0.1345,1.2706,0.4796,0.0247,0.2063,0.00203,0.68,0,9,38.96,0.622,1,4701,8.0,5.35,0,50,10814,509164.3,48.58,16,7.53
1786082691751,3189,v1,0.0269,0.8236,0.3637,1.657,0.8195,0.01218,0.2436,0.002788,0.643,0,29,44.6,0.676,1,0,16.751,16.751,0,50,10343,404962.7,80.44,19,10.84
1786082695167,3190,v1,0.055,0.3842,0.2488,1.1635,0.1169,0.00349,0.1167,0.001309,0.608,1,7,57.81,0.302,1,4597,6.0,3.328,0,50,10397,528168.9,49.13,16,5.18
1786082696744,3191,v1,0.0736,0.4353,0.3331,2.3984,0.197,0.01201,0.056,0.002491,0.627,1,9,72.71,0.886,1,8103,7.686,1.785,1,50,11074,270168.9,100.0,7,46.61
1786082688870,3192,v1,0.0522,0.2562,0.2564,1.8224,0.929,0.02819,0.0615,0.003068,0.592,0,14,61.94,0.489,1,3077,13.0,9.337,0,50,9625,370466.8,58.35,14,11.49
1786082691559,3193,v1,0.0572,0.794,0.2888,1.0893,0.9707,0.00581,0.0727,0.002545,0.638,1,29,50.5,0.417,1,1066,18.585,16.713,0,50,11294,359869.2,96.91,17,9.76
1786082694006,3194,v1,0.0431,0.5928,0.2972,1.062,0.1846,0.0268,0.0695,0.003544,0.679,0,10,87.27,0.853,1,0,9.0,9.0,0,50,10475,347032.0,84.33,16,13.37
1786082695836,3195,v1,0.0375,0.4359,0.1018,2.4335,0.1636,0.01982,0.1701,0.00129,0.652,1,32,73.99,0.646,1,0,14.485,14.485,1,50,10432,243094.5,100.0,13,5.31
1786082689748,3196,v1,0.0648,0.3645,0.3953,2.4946,0.2491,0.00379,0.2482,0.00195,0.671,0,13,85.79,0.433,1,0,12.0,12.0,0,50,10324,493805.8,83.87,17,7.87
1786082691661,3197,v1,0.0662,0.3348,0.1845,0.8732,0.7579,0.01137,0.2029,0.003148,0.595,1,16,36.46,0.378,1,0,10.656,10.656,1,50,10297,178264.4,100.0,6,12.08
1786082695343,3198,v1,0.0263,0.5734,0.368,1.7806,0.1312,0.00903,0.1628,0.001705,0.627,1,36,71.7,0.936,1,23,14.975,14.921,0,50,11787,590944.7,57.97,19,6.9
1786082697494,3199,v1,0.0217,0.7894,0.1958,1.7664,0.4751,0.01691,0.2383,0.002245,0.699,0,21,49.11,0.508,1,0,0.0,0.0,0,50,10262,607841.0,0.0,-1,8.7
1786082704593,3200,v1,0.0675,0.4091,0.4027,0.9067,0.4152,0.02599,0.0585,0.00122,0.683,1,31,68.25,0.45,1,0,17.976,17.976,0,50,10293,307969.1,95.42,15,4.96
1786082708925,3201,v1,0.0218,0.847,0.4039,1.8203,0.5173,0.01208,0.2121,0.002277,0.669,1,26,36.06,0.791,1,0,0.0,0.0,0,50,10764,628590.3,0.0,-1,8.69
1786082713005,3202,v1,0.0115,0.5082,0.1748,1.7967,0.666,0.02007,0.2377,0.002224,0.648,0,33,20.89,0.306,1,27,1.071,1.016,0,50,10650,624222.9,4.73,-1,8.15
1786082715695,3203,v1,0.0747,0.3384,0.4189,2.301,0.8746,0.00846,0.0821,0.001397,0.692,0,28,97.2,0.973,1,0,14.686,14.686,1,50,10638,252106.4,100.0,13,5.87
1786082706670,3204,v1,0.0326,0.2381,0.4194,2.0472,0.2785,0.00605,0.1643,0.002819,0.652,0,21,43.28,0.602,1,0,7.4,7.4,0,50,10890,600812.5,38.67,19,11.57
1786082709578,3205,v1,0.0431,0.9695,0.1162,1.7492,0.9001,0.01487,0.1742,0.003703,0.603,0,25,38.34,0.497,1,0,17.396,17.396,0,50,10894,317172.3,84.27,16,13.5
1786082712801,3206,v1,0.0393,0.4076,0.3388,2.3353,0.4493,0.02332,0.1523,0.003632,0.615,1,10,76.16,0.329,1,3950,9.0,5.303,0,50,9930,414112.5,53.24,15,13.27
1786082715249,3207,v1,0.0611,0.7153,0.167,0.8838,0.4685,0.01303,0.0922,0.003395,0.613,0,36,20.52,0.869,1,1106,11.889,10.826,1,50,11250,182744.3,100.0,5,12.36
1786082706225,3208,v1,0.0319,0.2493,0.4184,2.1612,0.7947,0.00763,0.1809,0.003059,0.613,0,8,82.01,0.349,1,0,7.0,7.0,0,50,10386,331485.1,85.7,17,11.27
1786082708590,3209,v1,0.0744,0.4743,0.211,1.8182,0.8049,0.01464,0.14,0.002812,0.592,0,24,94.68,0.947,1,0,16.187,16.187,0,50,10122,289112.9,100.0,15,10.49
1786082711358,3210,v1,0.0794,0.8503,0.3211,2.4511,0.893,0.0151,0.2298,0.002418,0.61,1,31,39.42,0.567,1,1284,17.797,15.357,0,50,9984,302076.2,91.01,15,8.98
1786082714622,3211,v1,0.074,0.2786,0.2762,1.2042,0.3022,0.00908,0.1644,0.002481,0.674,1,21,77.94,0.87,1,0,16.918,16.918,0,50,10251,433251.6,87.03,16,9.78
1786082707136,3212,v1,0.0678,0.7873,0.1157,1.5885,0.6368,0.02959,0.111,0.003721,0.705,1,16,52.77,0.406,1,5461,15.0,6.205,0,50,9862,497737.6,36.6,16,14.0
1786082709844,3213,v1,0.0154,0.5824,0.1542,2.3342,0.7992,0.01777,0.0623,0.002174,0.583,1,4,23.99,0.483,1,5808,3.0,1.364,1,50,10730,273321.5,100.0,13,58.36
1786082712464,3214,v1,0.0204,0.8162,0.236,1.4827,0.1849,0.02538,0.0712,0.002547,0.713,1,12,55.4,0.314,1,4677,11.0,5.903,1,50,10383,247317.5,100.0,13,51.41
1786082714905,3215,v1,0.0315,0.7778,0.2072,0.9821,0.1595,0.02657,0.2109,0.002621,0.602,0,34,45.59,0.586,1,0,17.578,17.578,0,50,9754,268551.8,93.24,14,9.82
1786082707175,3216,v1,0.0341,0.4088,0.1621,2.2753,0.9337,0.02123,0.221,0.002346,0.645,0,29,86.19,0.656,1,0,19.295,19.295,0,50,10262,346251.6,86.84,17,8.87
1786082709553,3217,v1,0.0568,0.6667,0.236,1.598,0.2731,0.00662,0.1809,0.001677,0.585,0,12,46.13,0.32,1,1144,9.639,8.618,1,50,10259,197488.1,100.0,7,6.33
1786082713300,3218,v1,0.0693,0.6223,0.1344,1.3553,0.3596,0.02418,0.223,0.002246,0.609,0,11,77.22,0.973,1,7329,10.0,4.31,0,50,10553,524394.0,27.96,15,8.86
1786082715477,3219,v1,0.043,0.5898,0.4021,2.2298,0.2021,0.02378,0.198,0.001602,0.585,0,30,28.96,0.388,1,0,11.623,11.623,1,50,9914,168410.1,100.0,5,6.7
1786082708049,3220,v1,0.063,0.3315,0.331,1.1696,0.2577,0.01827,0.0862,0.001439,0.634,1,27,87.85,0.884,1,0,17.127,17.127,0,50,11401,360943.7,90.65,15,5.51
1786082710194,3221,v1,0.0371,0.4282,0.4383,1.6205,0.4884,0.02494,0.1716,0.001347,0.651,1,32,37.6,0.535,1,0,14.358,14.358,1,50,9428,213394.9,100.0,13,5.84
1786082712637,3222,v1,0.0444,0.8063,0.3712,1.2613,0.8825,0.01086,0.2045,0.003554,0.697,0,33,57.23,0.483,1,0,14.353,14.353,1,50,11119,240773.5,100.0,13,12.98
1786082715087,3223,v1,0.073,0.4981,0.3634,1.5834,0.6043,0.02267,0.21,0.00238,0.682,1,19,62.0,0.325,1,0,13.0,13.0,1,50,10972,242147.5,100.0,13,9.32
1786082708366,3224,v1,0.0438,0.6504,0.3397,0.8185,0.1516,0.01342,0.0838,0.001281,0.583,0,29,93.17,0.68,1,0,16.93,16.93,0,50,11027,309126.1,97.53,15,4.99
1786082711310,3225,v1,0.048,0.586,0.2522,1.6022,0.178,0.02733,0.2044,0.001622,0.678,1,25,90.46,0.505,1,0,17.68,17.68,0,50,10318,369667.0,88.17,16,6.15
1786082715598,3226,v1,0.0154,0.6398,0.2271,1.213,0.734,0.01706,0.0889,0.003328,0.708,1,22,31.64,0.969,1,0,0.0,0.0,0,50,11022,638095.5,0.0,-1,12.45
1786082718272,3227,v1,0.0351,0.8655,0.3945,2.4767,0.6925,0.02901,0.0708,0.003728,0.631,0,28,67.19,0.708,1,0,14.013,14.013,1,50,11178,248755.3,100.0,13,14.08
1786082717786,3228,v1,0.0272,0.4709,0.4258,1.7021,0.3061,0.01048,0.1523,0.001428,0.687,1,25,99.74,0.663,1,0,14.51,14.51,1,50,10919,274539.9,100.0,14,5.55
1786082720408,3229,v1,0.0179,0.9306,0.4125,1.6118,0.2724,0.01436,0.2451,0.003155,0.685,1,34,71.57,0.3,1,0,14.364,14.364,1,50,10527,237673.9,100.0,13,12.8
1786082723673,3230,v1,0.0494,0.8342,0.3914,0.8339,0.3065,0.00571,0.1025,0.001925,0.66,0,15,92.44,0.943,1,0,14.0,14.0,0,50,10335,450686.2,85.69,17,7.37
1786082727626,3231,v1,0.066,0.3238,0.3756,1.7969,0.6741,0.0047,0.1677,0.0029,0.685,1,17,30.7,0.739,1,7998,16.0,2.552,0,50,9961,589062.7,14.28,-1,11.07
1786082718129,3232,v1,0.037,0.529,0.1626,1.0314,0.8246,0.00431,0.0976,0.002918,0.621,0,20,39.58,0.655,1,0,13.0,13.0,1,50,10725,250664.5,100.0,13,11.27
1786082720344,3233,v1,0.0743,0.5888,0.3811,1.1314,0.7521,0.02146,0.2235,0.003581,0.581,0,11,66.77,0.871,1,0,5.232,5.232,1,50,11800,83962.8,100.0,4,13.47
1786082725396,3234,v1,0.0501,0.5347,0.1072,1.7032,0.7045,0.00603,0.0607,0.003071,0.646,1,9,80.74,0.993,1,11834,8.0,0.0,0,50,12116,690927.1,0.0,-1,10.73
1786082727720,3235,v1,0.0214,0.3138,0.3731,1.0841,0.2809,0.02234,0.0969,0.00139,0.686,1,16,38.14,0.996,1,0,13.997,13.997,1,50,9883,240951.2,100.0,14,5.35
1786082719059,3236,v1,0.0187,0.6034,0.3952,2.0282,0.2477,0.00957,0.0843,0.001337,0.607,0,12,83.71,0.823,1,0,11.0,11.0,1,50,10855,240761.5,100.0,13,5.39
1786082721813,3237,v1,0.063,0.4134,0.3492,1.2992,0.771,0.0076,0.1918,0.002454,0.708,0,36,45.22,0.992,1,0,15.323,15.323,1,50,11253,250840.3,100.0,13,9.29
1786082724239,3238,v1,0.0331,0.7667,0.3163,1.3344,0.8817,0.02768,0.0571,0.001711,0.714,1,23,72.83,0.91,1,0,13.208,13.208,1,50,10227,237162.5,100.0,13,6.71
1786082726904,3239,v1,0.027,0.4944,0.1691,2.2496,0.3798,0.02883,0.1084,0.001581,0.609,0,24,68.13,0.676,1,0,16.755,16.755,0,50,10010,299247.2,84.46,15,5.85
1786082720211,3240,v1,0.0342,0.6887,0.1095,0.9112,0.8633,0.00484,0.0914,0.002193,0.641,0,11,98.01,0.82,1,0,10.0,10.0,0,50,9767,432139.8,62.43,18,8.45
1786082723756,3241,v1,0.0505,0.7039,0.4374,1.227,0.2491,0.00585,0.0962,0.003559,0.719,1,15,63.94,0.496,1,5713,14.0,5.151,0,50,9502,517204.2,24.32,19,13.34
1786082727201,3242,v1,0.0475,0.2813,0.2278,1.5064,0.2724,0.02824,0.0938,0.002155,0.711,1,33,29.38,0.556,1,1421,21.882,18.525,0,50,9792,428692.2,90.89,17,8.48
1786082729475,3243,v1,0.0139,0.784,0.1656,1.6212,0.4428,0.02817,0.2299,0.003367,0.637,0,13,64.41,0.686,1,4715,12.0,6.67,1,50,9211,238106.9,100.0,13,58.9
1786082719900,3244,v1,0.079,0.5721,0.3215,1.7479,0.3032,0.02466,0.1927,0.0036,0.617,0,21,77.49,0.828,1,0,15.5,15.5,0,50,10041,275475.3,95.65,14,13.44
1786082722813,3245,v1,0.0776,0.7918,0.2721,2.3611,0.151,0.02518,0.0629,0.003625,0.629,0,30,26.08,0.568,1,580,17.553,16.547,0,50,10354,342897.7,93.03,15,13.68
1786082725636,3246,v1,0.044,0.8352,0.467,0.9259,0.9047,0.02541,0.1395,0.002464,0.657,1,31,20.93,0.562,1,1330,17.809,15.452,0,50,10801,325681.0,90.72,15,9.85
1786082728195,3247,v1,0.0407,0.757,0.1331,2.3516,0.963,0.0287,0.1835,0.003553,0.644,0,30,76.79,0.557,1,0,18.595,18.595,0,50,9512,292926.8,92.36,16,12.98
1786082720862,3248,v1,0.0379,0.5553,0.2227,1.2698,0.5599,0.00587,0.1032,0.00216,0.663,1,10,46.0,0.623,1,8471,9.0,1.713,1,50,10643,284858.0,100.0,20,82.15
1786082725534,3249,v1,0.019,0.5873,0.3026,1.1059,0.7188,0.00344,0.0863,0.002456,0.664,0,9,39.62,0.873,1,6800,8.0,4.366,0,50,11443,636666.6,0.0,-1,9.31
1786082728031,3250,v1,0.0275,0.4295,0.4987,1.4353,0.6253,0.0073,0.2334,0.001451,0.697,0,23,58.02,0.379,1,0,14.017,14.017,1,50,10976,252700.7,100.0,14,6.13
1786082730507,3251,v1,0.0101,0.5704,0.1095,0.9203,0.842,0.01365,0.2088,0.003366,0.674,0,13,70.01,0.412,1,2576,12.0,9.297,1,50,9925,231595.5,100.0,13,36.36
1786082721463,3252,v1,0.0182,0.6861,0.4099,1.1438,0.5643,0.02919,0.1657,0.003496,0.645,0,18,42.2,0.761,1,0,13.0,13.0,1,50,10566,240193.6,100.0,13,13.28
1786082723832,3253,v1,0.0128,0.8973,0.4919,1.1261,0.3676,0.01695,0.2028,0.001352,0.694,0,35,94.57,0.944,1,0,14.551,14.551,1,50,10311,236653.2,100.0,13,5.08
1786082726680,3254,v1,0.0461,0.5938,0.1179,2.173,0.6061,0.01706,0.0547,0.001555,0.71,0,18,85.6,0.96,1,0,13.53,13.53,1,50,10596,244787.1,100.0,13,5.88
1786082731303,3255,v1,0.0256,0.2302,0.4708,1.9952,0.186,0.03015,0.0696,0.00264,0.637,1,5,99.48,0.748,1,10507,4.0,0.0,0,50,10595,631159.2,0.0,-1,9.64
1786082731858,3256,v1,0.0162,0.8372,0.3533,1.1916,0.4998,0.00625,0.2482,0.002449,0.614,0,29,39.58,0.401,1,0,0.002,0.002,0,50,10604,628833.5,0.01,-1,9.9
1786082736178,3257,v1,0.0548,0.4812,0.13,1.855,0.5977,0.00865,0.0983,0.001962,0.632,1,4,60.18,0.712,1,9212,3.0,0.548,0,50,11340,638373.0,15.74,-1,7.75
1786082738717,3258,v1,0.0443,0.5369,0.2794,1.1063,0.1206,0.01987,0.2057,0.002952,0.697,0,14,86.17,0.691,1,0,13.0,13.0,1,50,10730,243797.4,100.0,13,11.37
1786082743171,3259,v1,0.0502,0.7323,0.3444,2.1339,0.4759,0.01435,0.0966,0.003555,0.692,1,4,85.05,0.685,1,10312,3.0,0.17,0,50,11055,618790.9,5.04,-1,13.38
1786082730894,3260,v1,0.0397,0.4115,0.1319,2.0705,0.7981,0.00404,0.153,0.002295,0.679,0,29,81.38,0.583,1,0,15.199,15.199,1,50,10208,241635.1,100.0,14,8.18
1786082735327,3261,v1,0.0296,0.5099,0.3182,1.4866,0.7586,0.01733,0.1967,0.001279,0.702,1,9,55.07,0.436,1,6350,8.0,2.975,0,50,10206,623355.8,6.4,-1,4.95
1786082737653,3262,v1,0.0689,0.313,0.4429,1.0241,0.8642,0.02679,0.193,0.001758,0.69,1,22,81.89,0.712,1,0,10.983,10.983,1,50,10329,182940.2,100.0,7,6.53
1786082739952,3263,v1,0.0633,0.6041,0.3803,2.1761,0.5652,0.00764,0.2174,0.002862,0.604,1,24,43.95,0.368,1,799,10.612,9.726,1,50,10274,169410.8,100.0,6,10.77
1786082731757,3264,v1,0.0589,0.7069,0.2679,2.2476,0.252,0.00878,0.1439,0.002241,0.71,1,14,42.1,0.915,1,990,13.0,11.732,1,50,10450,237932.3,100.0,13,17.07
1786082734129,3265,v1,0.0346,0.4905,0.1361,1.216,0.3531,0.01813,0.063,0.002268,0.665,0,19,32.75,0.301,1,0,13.0,13.0,1,50,10548,237859.6,100.0,13,8.86
1786082736405,3266,v1,0.046,0.2284,0.4638,1.1051,0.3846,0.01808,0.0844,0.001647,0.584,0,24,29.61,0.64,1,0,8.63,8.63,1,50,11600,140807.5,100.0,6,6.66
1786082740347,3267,v1,0.0231,0.3512,0.3396,2.2673,0.3102,0.01269,0.216,0.002036,0.654,0,16,57.47,0.408,1,2257,15.0,11.931,0,50,9882,575835.2,4.92,-1,8.23
1786082732228,3268,v1,0.0797,0.7542,0.3451,2.4431,0.6041,0.0053,0.1706,0.001922,0.645,1,19,27.47,0.767,1,0,12.804,12.804,1,50,10530,235693.8,100.0,13,6.99
1786082734934,3269,v1,0.0399,0.8963,0.3513,1.2174,0.9268,0.022,0.2488,0.00218,0.63,1,12,81.41,0.701,1,5421,9.76,4.072,1,50,10737,217270.3,100.0,7,9.46
1786082737442,3270,v1,0.0642,0.329,0.4951,1.6313,0.1548,0.00469,0.2341,0.001642,0.701,0,28,50.25,0.313,1,0,15.03,15.03,1,50,10344,252683.9,100.0,14,6.58
1786082739995,3271,v1,0.0612,0.294,0.2212,2.2993,0.8666,0.01455,0.2039,0.002064,0.635,0,5,83.61,0.401,1,0,4.0,4.0,1,50,10917,243986.5,100.0,13,8.02
1786082733289,3272,v1,0.0558,0.2809,0.1704,2.0076,0.1134,0.01987,0.0944,0.002995,0.611,0,28,47.33,0.322,1,0,17.501,17.501,0,50,10023,352042.5,87.44,15,10.95
1786082735629,3273,v1,0.0641,0.8039,0.1912,1.3959,0.534,0.01962,0.0545,0.003162,0.639,0,32,78.42,0.454,1,0,11.92,11.92,1,50,10324,169270.3,100.0,6,11.53
1786082738236,3274,v1,0.0158,0.7736,0.2807,2.3766,0.9625,0.0117,0.1447,0.001556,0.583,0,12,28.6,0.524,1,3315,11.0,8.225,1,50,10929,265391.7,100.0,13,34.82
1786082741034,3275,v1,0.0359,0.652,0.2662,0.8069,0.6138,0.00759,0.0776,0.003374,0.651,1,30,39.26,0.333,1,573,19.941,18.696,0,50,10023,359731.0,85.95,18,12.53
1786082734755,3276,v1,0.0574,0.8049,0.3262,1.7089,0.5365,0.02786,0.0944,0.003462,0.706,0,13,43.37,0.784,1,4524,12.0,6.99,0,50,9398,449302.4,44.45,16,12.43
1786082738629,3277,v1,0.0427,0.8467,0.3323,2.3069,0.5116,0.0045,0.1402,0.002724,0.666,0,26,27.88,0.432,1,387,9.447,8.754,0,50,10666,562981.0,45.31,19,10.24
1786082740432,3278,v1,0.0733,0.9986,0.2859,2.1597,0.8372,0.03089,0.0623,0.001315,0.61,0,12,43.61,0.625,1,0,6.577,6.577,1,50,9597,97039.4,100.0,5,4.75
1786082744460,3279,v1,0.0282,0.3428,0.3831,2.3011,0.2193,0.02743,0.1683,0.003686,0.719,1,11,79.67,0.744,1,9102,10.0,0.641,0,50,10100,595776.0,1.18,-1,13.69
1786082735076,3280,v1,0.0373,0.9083,0.1998,1.96,0.1707,0.00784,0.1611,0.003405,0.594,0,23,91.15,0.481,1,0,17.867,17.867,0,50,10311,429586.9,86.81,16,12.43
1786082738383,3281,v1,0.0735,0.7758,0.2812,1.6067,0.3185,0.00981,0.1786,0.001931,0.633,0,29,29.09,0.464,1,1556,18.409,15.862,0,50,10955,441387.7,85.19,16,7.29
1786082740987,3282,v1,0.0252,0.2444,0.3159,1.5952,0.6368,0.02079,0.2451,0.002183,0.693,1,10,39.48,0.986,1,10151,9.0,0.0,1,50,10339,281535.1,0.0,-1,100.0
1786082743456,3283,v1,0.0234,0.2442,0.2783,2.3554,0.7157,0.02705,0.1618,0.003449,0.619,0,35,78.73,0.706,1,0,14.564,14.564,1,50,10568,236045.0,100.0,13,12.84
1786082743104,3284,v1,0.0595,0.8109,0.1797,2.4439,0.2354,0.0164,0.054,0.003195,0.633,1,11,89.26,0.753,1,7172,9.682,2.386,1,50,10157,240319.1,100.0,13,76.3
1786082745357,3285,v1,0.0256,0.433,0.3088,1.5199,0.5134,0.02488,0.1105,0.003698,0.71,0,28,88.44,0.442,1,0,14.888,14.888,1,50,10971,252638.8,100.0,14,14.01
1786082747426,3286,v1,0.0369,0.3211,0.3217,1.0492,0.6916,0.02277,0.2024,0.002818,0.646,0,33,56.16,0.706,1,0,14.366,14.366,1,50,10629,240586.9,100.0,13,10.42
1786082751034,3287,v1,0.0113,0.3985,0.42,1.1971,0.5902,0.01368,0.2148,0.001249,0.672,1,8,68.9,0.747,1,9043,7.0,0.892,0,50,10460,618576.3,0.0,-1,4.89
1786082743851,3288,v1,0.0634,0.3494,0.3701,2.1395,0.7405,0.01044,0.2321,0.003633,0.631,0,27,49.4,0.74,1,0,17.616,17.616,0,50,10965,337747.7,88.22,16,13.83
1786082746976,3289,v1,0.0436,0.8987,0.1973,2.2907,0.8424,0.00737,0.0911,0.003598,0.677,1,8,59.44,0.809,1,9813,7.0,0.0,0,50,10067,578542.3,0.0,-1,13.75
1786082749070,3290,v1,0.0758,0.98,0.1176,2.0944,0.7882,0.01466,0.2474,0.001565,0.633,0,7,96.09,0.312,1,0,6.0,6.0,1,50,10544,210292.8,100.0,9,6.23
1786082751209,3291,v1,0.0587,0.2218,0.3224,1.7846,0.3463,0.01947,0.1918,0.002781,0.634,0,32,29.45,0.832,1,0,18.253,18.253,0,50,10417,300768.9,96.95,16,10.43
1786082744067,3292,v1,0.0723,0.7174,0.3172,1.5867,0.2685,0.01341,0.1737,0.002468,0.617,1,27,33.29,0.929,1,1666,11.73,9.862,1,50,10934,194329.6,100.0,5,9.19
1786082747153,3293,v1,0.0377,0.8515,0.2774,1.8049,0.9207,0.00669,0.0543,0.003111,0.713,1,30,49.86,0.353,1,100,0.776,0.531,0,50,10103,565810.8,3.47,-1,11.29
1786082749157,3294,v1,0.0132,0.605,0.3955,1.1781,0.4667,0.01853,0.1163,0.002586,0.66,1,35,47.71,0.868,1,1421,14.582,12.309,1,50,9850,223238.1,100.0,13,9.73
1786082751603,3295,v1,0.0539,0.9266,0.4762,1.7297,0.1105,0.00919,0.1918,0.001487,0.669,1,31,66.63,0.657,1,4194,21.722,12.598,0,50,10750,546795.4,88.88,17,5.74
1786082744510,3296,v1,0.0197,0.4362,0.3932,1.5618,0.625,0.02907,0.2361,0.001379,0.688,1,7,80.65,0.355,1,4848,6.0,2.854,1,50,9306,239105.4,100.0,13,55.02
1786082746484,3297,v1,0.0752,0.4569,0.4415,2.3935,0.6035,0.02133,0.1853,0.001225,0.663,0,25,86.23,0.839,1,0,11.735,11.735,1,50,10013,191900.5,100.0,7,4.67
1786082748265,3298,v1,0.0698,0.2657,0.4786,1.9231,0.224,0.03197,0.1825,0.001872,0.707,0,13,92.13,0.378,1,0,11.692,11.692,1,50,9161,202175.3,100.0,13,7.03
1786082750516,3299,v1,0.0158,0.4359,0.1521,2.2755,0.7061,0.02263,0.1563,0.001513,0.709,0,6,86.07,0.444,1,0,5.0,5.0,1,50,10795,252202.7,100.0,15,5.65
1786082758590,3300,v1,0.0447,0.2737,0.3653,1.1875,0.9329,0.01538,0.0953,0.002324,0.581,0,22,59.31,0.806,1,0,15.465,15.465,0,50,10046,282995.1,90.21,14,8.78
1786082761481,3301,v1,0.0676,0.6503,0.188,1.212,0.2455,0.01828,0.1075,0.002927,0.71,0,20,95.33,0.517,1,0,17.154,17.154,0,50,9016,381164.2,84.55,16,10.74
1786082764088,3302,v1,0.0481,0.8809,0.4147,2.1826,0.3343,0.00849,0.227,0.0021,0.692,0,33,74.61,0.339,1,0,14.37,14.37,1,50,11169,244234.8,100.0,13,8.17
1786082767022,3303,v1,0.0647,0.9226,0.4162,2.3868,0.8081,0.02992,0.2401,0.001489,0.699,1,7,48.34,0.707,1,9124,6.0,1.152,1,50,11393,302006.1,100.0,23,81.74
1786082759767,3304,v1,0.0395,0.9534,0.4784,0.9496,0.8837,0.01682,0.1562,0.003711,0.589,0,17,98.88,0.351,1,0,14.388,14.388,0,50,11107,294374.3,84.18,14,14.12
1786082764039,3305,v1,0.0313,0.9141,0.2961,1.4004,0.1467,0.03155,0.2411,0.001537,0.631,1,14,44.14,0.973,1,10163,13.0,0.0,0,50,10386,636771.1,0.0,-1,6.04
1786082766737,3306,v1,0.0111,0.7972,0.2382,2.1598,0.3979,0.02917,0.0725,0.002323,0.715,1,20,79.49,0.479,1,0,13.0,13.0,1,50,11299,251949.7,100.0,13,8.55
1786082770136,3307,v1,0.0438,0.6252,0.1304,1.3406,0.5185,0.02915,0.2025,0.003483,0.581,1,13,90.82,0.313,1,3805,12.0,7.851,0,50,11481,411675.9,60.02,13,13.0
1786082760874,3308,v1,0.0315,0.882,0.247,1.3066,0.9019,0.00778,0.0604,0.002498,0.595,1,8,89.34,0.495,1,6012,7.0,2.496,0,50,9517,509271.6,31.87,18,9.68
1786082763088,3309,v1,0.0769,0.3954,0.2501,1.1065,0.5298,0.02707,0.0767,0.003056,0.614,0,25,55.03,0.637,1,0,9.832,9.832,1,50,10228,149203.3,100.0,6,11.56
1786082765494,3310,v1,0.0431,0.5432,0.2011,1.6443,0.9652,0.02878,0.1104,0.001213,0.591,1,13,40.24,0.393,1,3065,9.328,5.969,1,50,10504,179586.1,100.0,5,6.71
1786082768030,3311,v1,0.0206,0.9355,0.2713,1.3098,0.4827,0.02657,0.1308,0.003303,0.696,0,34,72.62,0.592,1,0,14.361,14.361,1,50,10033,224384.7,100.0,13,12.46
1786082762133,3312,v1,0.0465,0.9694,0.3985,0.9165,0.2286,0.01535,0.1704,0.002429,0.666,1,8,29.04,0.977,1,10061,7.0,0.0,0,50,10218,585536.1,0.0,-1,9.45
1786082764483,3313,v1,0.0713,0.897,0.2036,2.4102,0.1935,0.02824,0.0637,0.001813,0.589,0,24,89.03,0.972,1,0,15.672,15.672,0,50,9507,255968.6,87.42,14,6.5
1786082767924,3314,v1,0.0755,0.2997,0.4362,1.8568,0.9347,0.02309,0.1525,0.001272,0.685,0,12,46.92,0.485,1,3632,11.0,7.758,0,50,10225,421714.7,63.99,16,5.05
1786082772156,3315,v1,0.0147,0.2712,0.4333,1.3915,0.8574,0.00859,0.067,0.002085,0.614,1,4,31.28,0.828,1,10047,3.0,0.0,0,50,10109,599264.1,0.0,-1,8.14
1786082761972,3316,v1,0.0471,0.4671,0.1585,1.3386,0.3382,0.0293,0.1951,0.002258,0.692,0,28,94.36,0.387,1,0,18.353,18.353,0,50,11454,387182.2,94.73,16,8.83
1786082764628,3317,v1,0.0726,0.7979,0.1443,1.5739,0.6939,0.01533,0.0641,0.00224,0.704,1,4,35.08,0.482,1,5837,3.0,1.306,1,50,10418,267498.8,100.0,13,11.42
1786082767325,3318,v1,0.0257,0.3572,0.3365,1.4084,0.9288,0.01551,0.2267,0.003095,0.637,1,33,72.48,0.783,1,0,20.442,20.442,0,50,9662,330823.9,88.25,18,10.95
1786082770183,3319,v1,0.0548,0.3598,0.2554,1.5706,0.606,0.01235,0.2099,0.002433,0.621,0,10,57.98,0.919,1,3353,8.391,6.124,1,50,10579,218230.1,100.0,8,10.04
1786082761825,3320,v1,0.0728,0.9835,0.1877,1.501,0.2707,0.01188,0.2127,0.003077,0.642,0,25,33.76,0.344,1,0,12.225,12.225,1,50,12296,235862.5,100.0,7,12.3
1786082765484,3321,v1,0.0607,0.855,0.1936,1.2161,0.1617,0.01088,0.2202,0.002868,0.598,0,10,26.48,0.95,1,5245,9.0,5.489,0,50,10754,519615.6,43.16,15,10.43
1786082768107,3322,v1,0.0102,0.8928,0.3365,2.2966,0.811,0.02025,0.2354,0.003501,0.603,0,34,22.63,0.38,1,361,14.361,13.892,1,50,10678,239316.5,100.0,13,13.24
1786082771420,3323,v1,0.0401,0.8659,0.2706,2.3203,0.39,0.02756,0.107,0.001494,0.6,1,19,98.6,0.434,1,0,15.224,15.224,0,50,11527,310493.4,95.5,15,5.68
1786082764292,3324,v1,0.0721,0.3687,0.187,1.6265,0.4012,0.02645,0.1267,0.002726,0.68,1,7,49.49,0.901,1,11006,6.0,0.0,0,50,11178,651740.7,0.0,-1,10.59
1786082768082,3325,v1,0.0176,0.4157,0.1783,1.8562,0.2084,0.01171,0.1688,0.003459,0.625,1,9,95.3,0.553,1,8045,8.0,1.386,0,50,10017,581568.1,0.36,-1,13.32
1786082770503,3326,v1,0.0645,0.6639,0.1452,1.0039,0.8348,0.00662,0.0929,0.00132,0.582,0,12,33.6,0.645,1,1244,8.709,7.689,1,50,11145,169921.9,100.0,7,5.22
1786082772971,3327,v1,0.0325,0.9632,0.378,1.7532,0.8027,0.0169,0.2123,0.00353,0.67,0,32,51.01,0.427,1,0,14.355,14.355,1,50,9325,200618.3,100.0,13,12.93
1786082770912,3328,v1,0.0512,0.8312,0.3347,1.6611,0.7392,0.01875,0.1396,0.001422,0.699,0,25,35.05,0.843,1,0,18.614,18.614,0,50,10413,348482.8,84.25,17,5.71
1786082774156,3329,v1,0.0494,0.35,0.3526,2.4663,0.8494,0.01196,0.2092,0.001955,0.6,0,11,27.73,0.758,1,6043,10.0,5.618,1,50,11242,287434.1,100.0,13,58.18
1786082777461,3330,v1,0.031,0.3647,0.1826,1.521,0.5804,0.02634,0.2464,0.002724,0.62,1,21,52.39,0.703,1,1888,16.303,13.653,0,50,12135,406967.0,94.53,15,10.13
1786082779628,3331,v1,0.0517,0.2282,0.3776,1.1806,0.601,0.01532,0.0908,0.002357,0.622,1,31,52.75,0.576,1,0,12.636,12.636,1,50,9809,187362.4,100.0,7,8.53
1786082770967,3332,v1,0.0617,0.8373,0.3981,1.8394,0.386,0.02941,0.1464,0.002766,0.635,0,34,66.04,0.593,1,0,11.69,11.69,1,50,9624,164714.7,100.0,5,10.91
1786082774695,3333,v1,0.0392,0.4348,0.3298,1.9557,0.1962,0.01905,0.1265,0.002241,0.614,1,5,96.24,0.473,1,6303,4.0,1.421,0,50,9877,518040.7,29.68,16,8.07
1786082777862,3334,v1,0.0246,0.7868,0.3918,2.3099,0.6438,0.02833,0.1927,0.002051,0.686,0,26,22.32,0.488,1,487,13.701,13.187,1,50,11540,255747.3,100.0,13,11.78
1786082780304,3335,v1,0.0369,0.6044,0.3957,1.7989,0.6752,0.02393,0.1248,0.001633,0.717,0,34,66.76,0.748,1,0,14.36,14.36,1,50,9826,229133.6,100.0,13,6.38
1786082773728,3336,v1,0.0292,0.9529,0.3277,1.1201,0.7485,0.02626,0.0775,0.00217,0.586,1,35,74.28,0.668,1,1489,16.786,14.021,0,50,9660,267043.6,91.95,13,8.27
1786082776397,3337,v1,0.056,0.3734,0.1728,2.1887,0.302,0.02354,0.0693,0.003494,0.623,0,9,98.75,0.479,1,0,8.0,8.0,0,50,10060,302951.2,94.01,15,13.12
1786082779133,3338,v1,0.0665,0.263,0.1638,1.425,0.4259,0.02259,0.203,0.0017,0.582,0,14,94.87,0.332,1,0,13.0,13.0,0,50,10717,295283.9,85.46,14,6.36
1786082781526,3339,v1,0.0704,0.6148,0.1184,1.4632,0.3898,0.02829,0.147,0.00206,0.716,1,15,83.26,0.423,1,0,12.382,12.382,1,50,10013,214459.4,100.0,13,7.71
1786082774183,3340,v1,0.0261,0.8521,0.3466,1.3284,0.9311,0.02555,0.0513,0.001213,0.617,1,23,50.99,0.779,1,0,11.302,11.302,1,50,10920,204116.5,100.0,9,4.82
1786082776883,3341,v1,0.0178,0.3726,0.3877,2.2517,0.5944,0.02203,0.1123,0.00271,0.685,1,5,99.16,0.325,1,4953,4.0,2.082,1,50,10427,266301.2,100.0,14,53.29
1786082779674,3342,v1,0.0225,0.692,0.4654,1.0821,0.1963,0.01285,0.1898,0.003489,0.604,1,9,76.83,0.341,1,4056,7.975,4.83,1,50,10612,249480.9,100.0,13,47.8
1786082782804,3343,v1,0.0358,0.4026,0.2882,1.8553,0.2853,0.01284,0.2398,0.002979,0.674,1,35,79.12,0.89,1,0,15.281,15.281,1,50,10787,241932.3,100.0,13,11.07
1786082775405,3344,v1,0.0369,0.8095,0.2856,1.4918,0.9986,0.02343,0.1409,0.001226,0.639,1,23,86.4,0.325,1,0,16.844,16.844,0,50,10443,316087.0,84.15,16,4.8
1786082778785,3345,v1,0.0744,0.2464,0.2022,1.3595,0.1391,0.01062,0.1711,0.001544,0.624,1,26,88.18,0.777,1,0,17.761,17.761,0,50,10823,428258.1,94.91,15,5.97
1786082783139,3346,v1,0.0281,0.7619,0.2379,1.6748,0.9469,0.00321,0.0898,0.001287,0.682,0,27,45.93,0.536,1,0,0.0,0.0,0,50,9795,577999.4,0.0,-1,4.85
1786082785637,3347,v1,0.0285,0.6566,0.3465,2.4333,0.2071,0.01339,0.1935,0.001517,0.661,0,28,51.18,0.86,1,0,14.02,14.02,1,50,10450,233719.0,100.0,13,5.57
1786082775174,3348,v1,0.0491,0.9367,0.3922,1.0414,0.7715,0.02579,0.1048,0.002739,0.623,0,9,43.34,0.98,1,798,7.629,7.128,1,50,9800,137036.7,100.0,7,10.54
1786082779080,3349,v1,0.0472,0.8225,0.4786,2.1757,0.5613,0.00523,0.0617,0.003615,0.674,1,4,53.15,0.614,1,7066,3.0,0.88,0,50,10111,567643.6,18.4,-1,14.1
1786082781656,3350,v1,0.0297,0.7952,0.4824,2.1638,0.2586,0.02371,0.2157,0.002688,0.697,0,36,67.75,0.526,1,0,14.718,14.718,1,50,9997,221994.0,100.0,13,10.62
1786082784192,3351,v1,0.0748,0.7372,0.4293,1.8692,0.9469,0.02013,0.1602,0.003733,0.651,1,27,77.98,0.739,1,0,13.166,13.166,1,50,10318,220197.7,100.0,13,13.88
1786082776245,3352,v1,0.0226,0.5478,0.4831,1.8386,0.3305,0.006,0.1032,0.002815,0.713,0,11,57.46,0.347,1,2534,10.0,7.846,1,50,9656,244451.7,100.0,14,34.7
1786082780446,3353,v1,0.0156,0.562,0.2483,1.6072,0.4341,0.01199,0.2181,0.003589,0.671,0,15,23.65,0.432,1,2431,14.0,11.217,0,50,11020,634461.1,0.0,-1,13.02
1786082784929,3354,v1,0.0148,0.8124,0.4443,1.2109,0.4752,0.00402,0.1965,0.002625,0.676,0,18,77.08,0.464,1,3003,17.0,12.437,0,50,10348,607460.0,0.0,-1,10.07
1786082787382,3355,v1,0.0529,0.9623,0.4617,1.3895,0.9421,0.02903,0.1589,0.002826,0.673,1,25,78.13,0.345,1,0,16.915,16.915,0,50,9957,279828.6,93.02,15,11.04
1786082785505,3356,v1,0.0333,0.8036,0.3207,1.644,0.4705,0.02429,0.2426,0.002358,0.657,1,17,77.26,0.973,1,9391,16.0,2.457,0,50,11489,655677.9,15.36,-1,8.85
1786082789804,3357,v1,0.0328,0.7892,0.2886,2.4304,0.6904,0.02644,0.0669,0.001283,0.695,0,10,39.26,0.741,1,4454,9.0,6.242,0,50,11453,606423.1,36.17,19,5.18
1786082792938,3358,v1,0.0327,0.8063,0.3555,1.2489,0.1122,0.02634,0.0601,0.002763,0.654,1,28,22.13,0.774,1,2382,17.955,13.626,0,50,10761,399860.0,87.89,15,10.44
1786082795846,3359,v1,0.0661,0.594,0.2107,1.2971,0.9888,0.02888,0.2147,0.002487,0.605,0,24,90.81,0.709,1,0,15.468,15.468,0,50,10261,276682.2,86.8,14,10.15
1786082785233,3360,v1,0.0157,0.2092,0.2304,2.2701,0.5104,0.00474,0.21,0.002572,0.623,1,30,61.97,0.874,1,0,0.0,0.0,0,50,9667,567075.7,0.0,-1,10.18
1786082787236,3361,v1,0.0708,0.9324,0.4529,1.8162,0.85,0.01395,0.1012,0.002952,0.647,1,29,95.05,0.528,1,0,12.522,12.522,1,50,9597,174808.0,100.0,9,11.11
1786082789766,3362,v1,0.046,0.8996,0.4103,2.1558,0.3596,0.02867,0.2345,0.002543,0.641,0,28,72.22,0.862,1,0,13.86,13.86,1,50,10594,233831.0,100.0,13,9.63
1786082793064,3363,v1,0.0795,0.8089,0.3322,1.5481,0.2703,0.01913,0.1509,0.002908,0.692,0,33,23.25,0.328,1,524,20.799,19.882,0,50,11591,466951.4,83.75,16,10.97
1786082784586,3364,v1,0.0683,0.8318,0.1546,1.8526,0.6807,0.0146,0.1238,0.002141,0.598,1,35,59.44,0.975,1,1503,11.581,9.766,1,50,10136,167442.1,100.0,6,8.18
1786082787263,3365,v1,0.0344,0.332,0.3938,0.9423,0.9776,0.00923,0.1329,0.002935,0.638,0,20,30.15,0.453,1,0,17.489,17.489,0,50,9493,304424.5,87.82,17,11.05
1786082790574,3366,v1,0.0565,0.9735,0.3859,1.0396,0.8376,0.02382,0.1891,0.00354,0.603,0,13,55.35,0.502,1,3989,12.0,8.123,0,50,10729,430189.9,56.74,14,13.35
1786082792970,3367,v1,0.0712,0.6614,0.3696,1.9532,0.6786,0.00996,0.1478,0.003693,0.71,0,21,40.74,0.437,1,0,12.988,12.988,1,50,10214,228427.2,100.0,13,13.99
1786082785961,3368,v1,0.0309,0.4199,0.383,1.0359,0.7208,0.01419,0.0991,0.002585,0.719,0,19,63.27,0.908,1,0,13.984,13.984,1,50,9958,237707.4,100.0,14,10.06
1786082788666,3369,v1,0.0136,0.7598,0.27,1.6307,0.9391,0.01156,0.1452,0.001949,0.636,1,5,72.37,0.97,1,9673,4.0,0.0,1,50,9744,272466.0,0.0,-1,100.0
1786082791580,3370,v1,0.032,0.2719,0.137,0.9265,0.7945,0.01301,0.1868,0.001861,0.59,1,6,54.44,0.601,1,8446,5.0,0.973,1,50,10589,278276.7,100.0,23,81.9
1786082795888,3371,v1,0.0122,0.6805,0.1545,1.9756,0.2606,0.01826,0.2253,0.003704,0.701,1,16,48.91,0.343,1,3841,15.0,9.062,0,50,10271,594891.6,0.0,-1,14.44
1786082787455,3372,v1,0.0331,0.4063,0.2851,1.2128,0.8042,0.01911,0.1434,0.003499,0.676,0,22,70.83,0.408,1,0,12.939,12.939,1,50,10924,238223.3,100.0,13,13.37
1786082789999,3373,v1,0.077,0.2449,0.4157,1.018,0.1714,0.02697,0.1911,0.003076,0.586,1,29,20.71,0.608,1,1336,14.165,12.297,0,50,10906,260842.3,88.49,11,11.49
1786082792736,3374,v1,0.0345,0.887,0.3649,2.4063,0.8896,0.0282,0.1233,0.002582,0.639,1,34,87.39,0.652,1,0,19.0,19.0,0,50,10530,314596.8,88.15,16,9.65
1786082794933,3375,v1,0.0327,0.8618,0.2776,0.9874,0.8371,0.02876,0.1453,0.002791,0.628,0,20,98.47,0.814,1,0,10.825,10.825,1,50,9990,181238.5,100.0,7,10.51
1786082789465,3376,v1,0.0139,0.8213,0.2014,1.1802,0.1258,0.03075,0.224,0.00149,0.662,1,4,51.25,0.594,1,7291,3.0,0.897,1,50,10449,274014.4,100.0,13,71.82
1786082791969,3377,v1,0.0485,0.4304,0.4975,2.1605,0.3767,0.01125,0.2238,0.001917,0.652,1,21,76.48,0.665,1,0,12.944,12.944,1,50,11029,244966.7,100.0,13,7.38
1786082795182,3378,v1,0.0519,0.7898,0.2785,1.161,0.7763,0.01392,0.172,0.002817,0.616,1,8,61.43,0.421,1,5391,7.0,2.82,0,50,9204,432934.9,38.15,16,10.83
1786082796995,3379,v1,0.0636,0.6818,0.4354,1.7137,0.4884,0.03095,0.168,0.003522,0.624,0,14,69.99,0.585,1,0,8.301,8.301,1,50,9365,113152.8,100.0,4,13.38
1786082790760,3380,v1,0.0585,0.9893,0.1006,2.0906,0.7306,0.01513,0.0582,0.002917,0.656,0,15,70.9,0.842,1,0,13.0,13.0,1,50,10092,225349.4,100.0,13,10.95
1786082793429,3381,v1,0.0723,0.2234,0.4197,2.2529,0.545,0.02224,0.1732,0.003605,0.647,1,12,61.26,0.361,1,3416,9.538,6.16,1,50,10893,219837.3,100.0,7,15.9
1786082796244,3382,v1,0.0456,0.3674,0.3652,0.8451,0.5253,0.01492,0.2349,0.002227,0.691,0,20,93.79,0.445,1,0,17.449,17.449,0,50,9514,339643.3,88.63,17,8.71
1786082799715,3383,v1,0.0502,0.4899,0.2879,0.9142,0.1541,0.01818,0.1778,0.002524,0.619,0,9,53.16,0.764,1,5537,8.0,4.934,0,50,11071,492784.0,41.5,15,10.13
1786082798014,3384,v1,0.0169,0.2005,0.1708,2.461,0.8164,0.00604,0.156,0.001699,0.613,1,9,21.47,0.32,1,4708,8.0,4.322,0,50,10360,619937.2,0.0,-1,6.28
1786082800584,3385,v1,0.0393,0.7115,0.4494,0.9084,0.7474,0.01301,0.1811,0.00305,0.581,0,32,85.43,0.911,1,0,17.102,17.102,0,50,11703,300511.1,89.33,14,11.38
1786082802409,3386,v1,0.0719,0.3677,0.3033,1.0041,0.7434,0.01774,0.0867,0.002793,0.626,0,25,37.57,0.872,1,0,10.367,10.367,1,50,10088,156307.4,100.0,6,10.04
1786082804240,3387,v1,0.0598,0.7185,0.1426,2.4669,0.7722,0.02206,0.2226,0.00308,0.711,0,30,65.8,0.856,1,0,14.353,14.353,1,50,11007,237168.0,100.0,13,11.92
1786082796555,3388,v1,0.0559,0.6039,0.4859,2.3832,0.8962,0.03062,0.1381,0.001407,0.617,1,18,47.9,0.464,1,0,9.548,9.548,1,50,10300,159745.8,100.0,6,5.6
1786082798622,3389,v1,0.0587,0.6987,0.1992,1.4532,0.7587,0.02415,0.1881,0.001715,0.65,1,28,48.27,0.731,1,1436,11.511,9.838,1,50,10170,175360.9,100.0,7,6.83
1786082800773,3390,v1,0.0514,0.5775,0.401,2.3809,0.1309,0.0173,0.1016,0.001647,0.641,1,19,50.29,0.968,1,0,13.0,13.0,1,50,10012,223392.8,100.0,13,6.56
1786082803706,3391,v1,0.0174,0.7362,0.4297,1.5838,0.9415,0.03126,0.1026,0.00144,0.659,0,11,42.19,0.858,1,6240,10.0,5.081,0,50,10315,513981.7,33.53,17,5.81
1786082799400,3392,v1,0.0227,0.2818,0.2937,0.9573,0.5435,0.02137,0.2288,0.002057,0.691,0,20,83.95,0.563,1,0,18.738,18.738,0,50,11324,525447.9,46.46,18,8.3
1786082802354,3393,v1,0.0246,0.5921,0.4161,2.3907,0.9263,0.02071,0.0659,0.003107,0.668,0,35,47.49,0.364,1,0,15.953,15.953,0,50,10870,445131.6,69.06,18,11.67
1786082805266,3394,v1,0.0193,0.8131,0.2187,2.1893,0.7331,0.00536,0.0988,0.001891,0.608,0,23,89.0,0.898,1,0,0.0,0.0,0,50,11041,652795.8,0.0,-1,7.03
1786082806466,3395,v1,0.0181,0.2396,0.4827,2.2824,0.9138,0.00428,0.088,0.003317,0.61,0,4,63.94,0.99,1,6464,3.0,2.404,1,50,10950,277062.6,100.0,14,64.56
1786082798670,3396,v1,0.0666,0.7303,0.3103,1.7881,0.746,0.02269,0.0635,0.00275,0.614,1,6,24.73,0.45,1,5581,4.999,2.197,1,50,10098,231880.4,100.0,6,15.51
1786082802204,3397,v1,0.0237,0.7179,0.4703,2.3084,0.9142,0.02036,0.1726,0.001881,0.666,1,21,26.13,0.38,1,630,12.43,11.342,0,50,11285,496736.1,62.67,19,7.46
1786082803815,3398,v1,0.0295,0.5732,0.4273,0.9692,0.3891,0.00785,0.2254,0.002383,0.63,0,23,32.69,0.533,1,0,13.203,13.203,1,50,9657,222537.3,100.0,13,8.53
1786082805258,3399,v1,0.0629,0.8007,0.3009,2.424,0.5787,0.01238,0.0559,0.001784,0.607,1,16,93.73,0.401,1,0,11.268,11.268,1,50,10182,190427.2,100.0,8,6.7
1786082813647,3400,v1,0.0159,0.265,0.4864,1.1318,0.6199,0.02672,0.1337,0.001972,0.675,1,9,66.25,0.975,1,10762,8.0,0.0,1,50,10951,297982.9,0.0,-1,100.0
1786082816588,3401,v1,0.0189,0.716,0.1468,1.0114,0.4462,0.0157,0.2171,0.001998,0.604,0,25,50.95,0.582,1,0,18.079,18.079,0,50,10836,340845.7,87.69,16,7.46
1786082819995,3402,v1,0.0682,0.9287,0.2656,0.98,0.1467,0.01618,0.1391,0.002865,0.681,0,24,20.35,0.885,1,1983,17.807,14.774,0,50,11072,480690.0,89.25,16,11.0
1786082823001,3403,v1,0.0183,0.3814,0.113,1.2171,0.6042,0.02509,0.2484,0.002171,0.635,0,16,90.11,0.535,1,0,15.0,15.0,0,50,10901,340097.1,90.85,17,8.49
1786082813941,3404,v1,0.0517,0.8794,0.445,1.8899,0.2824,0.02961,0.2233,0.003728,0.696,0,36,36.13,0.569,1,0,14.704,14.704,1,50,10711,237758.4,100.0,13,14.13
1786082816713,3405,v1,0.053,0.7904,0.2852,1.775,0.8824,0.03127,0.0631,0.00297,0.675,1,28,85.83,0.507,1,0,17.765,17.765,0,50,9421,276333.7,91.69,16,11.07
1786082819686,3406,v1,0.0529,0.4185,0.4823,0.8467,0.4925,0.01714,0.0505,0.002308,0.703,1,33,58.48,0.366,1,769,20.94,19.212,0,50,9878,404677.0,88.2,17,9.18
1786082822083,3407,v1,0.0584,0.3893,0.2332,2.4062,0.169,0.00726,0.2341,0.003375,0.625,0,28,89.29,0.462,1,0,14.025,14.025,1,50,10884,242961.8,100.0,13,12.61
1786082814778,3408,v1,0.059,0.3525,0.3688,2.4083,0.5212,0.02449,0.0692,0.002722,0.588,0,30,95.52,0.717,1,0,16.752,16.752,0,50,9879,258388.6,89.37,14,10.76
1786082817476,3409,v1,0.0711,0.9265,0.2263,1.4611,0.5268,0.01923,0.1467,0.002777,0.668,0,24,45.53,0.63,1,0,16.861,16.861,0,50,9750,285371.5,92.6,15,10.07
1786082819775,3410,v1,0.0168,0.8335,0.2339,1.4677,0.5468,0.03167,0.1415,0.002675,0.626,1,21,65.55,0.591,1,0,12.393,12.393,1,50,10108,219413.7,100.0,12,9.85
1786082822022,3411,v1,0.0644,0.3846,0.4777,1.69,0.238,0.0075,0.176,0.002948,0.622,1,32,53.15,0.461,1,0,14.36,14.36,1,50,10217,237904.1,100.0,13,11.08
1786082815230,3412,v1,0.0759,0.6521,0.4208,2.2692,0.4032,0.00454,0.1342,0.003079,0.611,1,16,21.63,0.769,1,0,12.453,12.453,1,50,10806,229188.0,100.0,13,11.69
1786082817684,3413,v1,0.0344,0.5684,0.3547,1.808,0.7641,0.00577,0.0897,0.001509,0.715,1,16,59.57,0.715,1,0,13.997,13.997,1,50,10148,245948.0,100.0,14,6.17
1786082820072,3414,v1,0.0279,0.3869,0.1407,2.4147,0.9189,0.00887,0.2055,0.003721,0.695,0,29,33.82,0.705,1,0,16.161,16.161,1,50,10809,261831.0,100.0,15,14.52
1786082822218,3415,v1,0.0562,0.5667,0.1701,1.3851,0.6,0.02478,0.2032,0.002812,0.597,0,35,44.85,0.376,1,0,10.784,10.784,1,50,10326,146567.3,100.0,4,10.64
1786082815797,3416,v1,0.0409,0.2751,0.4051,2.1967,0.1141,0.0288,0.0544,0.002875,0.702,0,29,35.87,0.732,1,0,15.12,15.12,1,50,10469,240975.4,100.0,14,10.56
1786082819700,3417,v1,0.0104,0.4425,0.1507,1.7976,0.8536,0.03075,0.1452,0.003232,0.717,0,19,60.42,0.602,1,3774,18.0,11.143,0,50,9346,527530.8,0.21,-1,11.64
1786082823925,3418,v1,0.0137,0.508,0.4354,1.1337,0.114,0.0071,0.0846,0.001702,0.649,0,12,21.21,0.388,1,2493,11.0,8.743,0,50,10140,589550.9,0.0,-1,6.85
1786082826395,3419,v1,0.0481,0.3533,0.3142,1.4605,0.7479,0.0282,0.0529,0.002815,0.696,1,35,87.9,0.976,1,0,14.55,14.55,1,50,10654,239953.0,100.0,13,10.64
1786082816214,3420,v1,0.0625,0.429,0.4835,1.5151,0.6773,0.01998,0.1515,0.001703,0.715,1,36,37.46,0.946,1,1522,14.705,12.285,1,50,9781,224783.9,100.0,13,6.89
1786082819489,3421,v1,0.0793,0.2651,0.1244,1.6686,0.5763,0.01763,0.1909,0.003656,0.712,1,21,29.98,0.443,1,861,17.275,15.684,0,50,9993,418480.3,84.51,16,13.63
1786082823210,3422,v1,0.0185,0.2913,0.1764,1.2358,0.6126,0.00615,0.171,0.001865,0.647,1,25,84.07,0.8,1,0,0.0,0.0,0,50,9692,577206.6,0.0,-1,7.22
1786082826684,3423,v1,0.0484,0.2537,0.1619,1.9148,0.4059,0.02283,0.1636,0.003197,0.705,1,30,22.01,0.885,1,4659,20.488,9.638,0,50,9994,473086.8,87.61,17,12.14
1786082817356,3424,v1,0.0784,0.7209,0.4657,2.3585,0.2476,0.02786,0.176,0.002635,0.629,1,10,20.92,0.701,1,6688,7.816,2.523,1,50,10903,233806.3,100.0,5,14.77
1786082819797,3425,v1,0.0551,0.3365,0.1052,2.3789,0.5005,0.02372,0.1663,0.001613,0.717,0,22,23.09,0.771,1,855,14.0,12.912,1,50,9768,239549.2,100.0,14,15.01
1786082822143,3426,v1,0.0273,0.5158,0.2803,1.1571,0.157,0.01581,0.0662,0.003456,0.623,1,12,27.27,0.648,1,7213,11.0,2.739,1,50,9967,262419.5,100.0,13,78.42
1786082824912,3427,v1,0.0542,0.5354,0.11,1.9264,0.2921,0.02104,0.215,0.00134,0.618,0,8,37.94,0.785,1,3730,6.959,5.203,1,50,10734,228526.5,100.0,8,37.54
1786082825181,3428,v1,0.0601,0.7849,0.1015,2.1963,0.5638,0.00321,0.1766,0.001962,0.625,0,26,43.7,0.706,1,0,13.689,13.689,1,50,9905,221530.4,100.0,13,7.52
1786082827604,3429,v1,0.0289,0.9538,0.1478,1.3808,0.2724,0.02503,0.0785,0.003332,0.693,1,35,69.0,0.638,1,0,14.565,14.565,1,50,9640,214087.5,100.0,13,12.18
1786082830816,3430,v1,0.0665,0.4345,0.3355,1.1182,0.8835,0.01547,0.2056,0.003241,0.648,0,6,24.95,0.445,1,2876,5.0,4.114,0,50,9876,362460.4,69.58,16,12.22
1786082835016,3431,v1,0.0403,0.3495,0.1949,1.7376,0.5623,0.01159,0.0636,0.00216,0.701,1,33,76.5,0.951,1,0,6.383,6.383,0,50,10842,598890.5,27.48,19,7.98
1786082826288,3432,v1,0.0557,0.5989,0.321,1.6955,0.6624,0.01904,0.0905,0.001678,0.616,0,36,52.91,0.917,1,0,18.5,18.5,0,50,10535,306597.2,87.4,15,6.47
1786082830030,3433,v1,0.0547,0.5287,0.1679,2.0313,0.8808,0.02245,0.1277,0.002937,0.615,0,7,74.53,0.959,1,5928,6.0,3.652,0,50,10275,464273.3,36.89,15,10.97
1786082834568,3434,v1,0.0111,0.6231,0.3451,1.7725,0.1566,0.01058,0.0789,0.003168,0.717,0,31,78.42,0.358,1,0,0.0,0.0,0,50,10770,628250.5,0.0,-1,11.74
1786082837076,3435,v1,0.0143,0.4624,0.4502,2.4957,0.7188,0.01708,0.0608,0.002634,0.623,1,29,31.74,0.884,1,1563,14.195,11.973,1,50,10646,244086.7,100.0,13,12.24
1786082826714,3436,v1,0.0737,0.6167,0.2412,1.5505,0.6205,0.01382,0.1024,0.001789,0.63,0,31,21.22,0.304,1,339,17.788,17.251,0,50,10505,316464.9,90.45,15,6.88
1786082830603,3437,v1,0.0193,0.8293,0.3986,0.8301,0.6573,0.01227,0.2397,0.003,0.642,1,10,53.91,0.334,1,4081,9.0,5.197,0,50,9909,473203.5,31.67,18,10.98
1786082833541,3438,v1,0.0292,0.3633,0.1015,2.1817,0.4775,0.02538,0.1449,0.002615,0.7,0,34,93.43,0.74,1,0,15.36,15.36,1,50,10677,250922.1,100.0,14,9.97
1786082837915,3439,v1,0.0405,0.8877,0.3947,1.4256,0.8642,0.02174,0.2341,0.001508,0.667,0,7,26.19,0.823,1,6784,6.0,3.557,0,50,11203,515507.1,35.66,17,5.78
1786082827654,3440,v1,0.0315,0.9712,0.2878,1.6999,0.8394,0.00557,0.1732,0.002023,0.619,0,34,33.81,0.664,1,0,18.805,18.805,0,50,11074,389337.9,84.75,18,7.81
1786082830103,3441,v1,0.0698,0.7032,0.3955,2.1867,0.3057,0.02523,0.0765,0.002167,0.59,0,24,86.62,0.696,1,0,10.447,10.447,1,50,10113,164476.4,100.0,4,8.72
1786082832792,3442,v1,0.0603,0.6336,0.362,1.8342,0.1515,0.01621,0.1675,0.00297,0.639,0,17,95.31,0.692,1,0,15.713,15.713,0,50,9723,373692.2,84.25,15,11.28
1786082835260,3443,v1,0.0232,0.7382,0.1077,1.2063,0.7742,0.02164,0.2322,0.002156,0.647,0,10,54.94,0.778,1,4815,9.0,5.737,1,50,10515,251140.5,100.0,13,50.83
1786082830383,3444,v1,0.0138,0.3795,0.1606,2.1162,0.2075,0.0046,0.1976,0.003423,0.616,1,21,26.84,0.711,1,0,0.0,0.0,0,50,11105,656005.3,0.0,-1,13.25
1786082834222,3445,v1,0.0758,0.9249,0.1292,0.9885,0.5754,0.01878,0.1281,0.003534,0.668,1,7,35.82,0.372,1,5130,6.0,3.015,0,50,10553,516164.7,42.45,16,13.43
1786082837041,3446,v1,0.0324,0.2569,0.3659,0.8263,0.4789,0.0141,0.2,0.003206,0.631,0,24,64.76,0.716,1,0,17.555,17.555,0,50,10419,313837.0,90.26,16,11.79
1786082840696,3447,v1,0.0579,0.88,0.2388,1.854,0.1113,0.00853,0.1667,0.002817,0.68,1,28,29.06,0.577,1,3485,20.636,12.61,0,50,9916,506870.9,83.1,18,10.64
1786082829743,3448,v1,0.0534,0.4783,0.4102,2.357,0.1262,0.01333,0.2139,0.002347,0.652,1,33,69.87,0.937,1,0,14.304,14.304,1,50,10549,239336.0,100.0,13,9.07
1786082832765,3449,v1,0.0685,0.8242,0.152,1.081,0.2976,0.01456,0.1533,0.001251,0.648,0,17,75.58,0.945,1,56,15.997,15.921,0,50,10422,391335.0,99.06,16,5.07
1786082835422,3450,v1,0.0666,0.5056,0.4652,1.9791,0.225,0.01449,0.2199,0.001538,0.645,0,11,61.4,0.52,1,2474,9.914,7.819,1,50,9585,230898.4,100.0,13,8.53
1786082838768,3451,v1,0.0683,0.5371,0.3276,2.4562,0.8658,0.0153,0.1673,0.00352,0.656,0,14,86.62,0.945,1,0,13.0,13.0,0,50,10696,326519.7,88.69,16,13.54
1786082830834,3452,v1,0.0588,0.7441,0.3523,1.1354,0.832,0.02833,0.2255,0.002458,0.629,0,9,83.62,0.501,1,3299,8.0,6.079,0,50,10530,391585.3,59.89,14,9.17
1786082833358,3453,v1,0.0476,0.8145,0.3179,1.802,0.3978,0.0043,0.1948,0.003155,0.605,0,18,34.65,0.41,1,0,12.891,12.891,1,50,10603,231935.5,100.0,13,11.47
1786082836054,3454,v1,0.046,0.6127,0.3224,1.9806,0.6236,0.01911,0.1745,0.003491,0.714,0,34,77.35,0.967,1,0,14.369,14.369,1,50,10494,236517.3,100.0,13,12.97
1786082838621,3455,v1,0.0635,0.2455,0.3314,1.4806,0.636,0.01089,0.093,0.002053,0.612,0,12,57.64,0.497,1,1588,8.774,7.367,1,50,10387,173734.8,100.0,6,8.01
1786082838791,3456,v1,0.055,0.3847,0.1617,2.0853,0.5883,0.00776,0.105,0.001236,0.595,0,34,56.57,0.466,1,0,19.113,19.113,0,50,9705,289671.7,90.77,16,4.83
1786082842353,3457,v1,0.0404,0.6497,0.4561,1.3584,0.1676,0.0209,0.103,0.003511,0.706,0,13,25.47,0.478,1,3654,12.0,8.367,0,50,10531,516884.2,55.4,17,13.37
1786082845297,3458,v1,0.0748,0.6188,0.1343,2.1775,0.1608,0.00328,0.0657,0.003543,0.582,1,24,69.11,0.379,1,0,17.29,17.29,0,50,10016,383259.3,96.36,16,13.96
1786082848034,3459,v1,0.0444,0.9223,0.3201,2.3652,0.4879,0.00408,0.0624,0.001691,0.602,1,5,95.94,0.825,1,9858,4.0,0.0,1,50,9930,272674.7,0.0,-1,100.0
1786082839139,3460,v1,0.0322,0.6166,0.4092,2.1908,0.5918,0.0144,0.1293,0.001516,0.667,1,25,66.26,0.541,1,1104,13.526,12.081,1,50,10600,239156.7,100.0,13,13.71
1786082841714,3461,v1,0.0533,0.3021,0.3632,2.0085,0.2571,0.02371,0.2274,0.001956,0.703,0,23,37.99,0.344,1,0,13.823,13.823,1,50,10858,251286.6,100.0,13,7.93
1786082844053,3462,v1,0.025,0.7238,0.4338,2.1984,0.8455,0.01231,0.2434,0.003038,0.657,0,30,74.63,0.904,1,0,14.371,14.371,1,50,10173,222494.9,100.0,13,11.31
1786082846589,3463,v1,0.0738,0.2747,0.1168,1.2387,0.969,0.01605,0.2227,0.002722,0.712,1,17,61.57,0.41,1,0,13.947,13.947,1,50,10222,241768.5,100.0,14,10.18
1786082840967,3464,v1,0.026,0.3001,0.2716,1.1437,0.5961,0.01568,0.0545,0.001702,0.601,0,29,24.0,0.637,1,732,18.089,16.92,0,50,10523,332904.0,86.55,16,6.8
1786082843644,3465,v1,0.0296,0.7619,0.3125,2.3035,0.4806,0.00473,0.0643,0.002404,0.687,1,10,78.74,0.427,1,5872,9.0,3.583,1,50,9981,263387.0,100.0,14,64.14
1786082847564,3466,v1,0.0142,0.7801,0.2973,1.4753,0.6728,0.02269,0.0608,0.003374,0.704,0,32,52.7,0.432,1,0,0.0,0.0,0,50,10073,593654.9,0.0,-1,12.47
1786082850091,3467,v1,0.012,0.9616,0.2362,2.1598,0.7945,0.02422,0.1,0.002472,0.657,0,10,48.27,0.675,1,3274,9.0,6.586,1,50,9732,231788.3,100.0,13,40.76
1786082841620,3468,v1,0.0576,0.7609,0.259,2.2711,0.4595,0.00818,0.055,0.002529,0.615,1,23,92.95,0.922,1,0,17.24,17.24,0,50,9887,365868.1,90.27,16,9.69
1786082844942,3469,v1,0.0534,0.922,0.1743,2.0111,0.8624,0.02949,0.2123,0.00279,0.686,0,15,50.67,0.78,1,4914,14.0,7.602,0,50,9591,408840.0,41.16,16,10.71
1786082847618,3470,v1,0.0207,0.2681,0.1843,0.8486,0.3032,0.01987,0.1122,0.003036,0.625,0,18,76.45,0.312,1,570,16.526,15.552,0,50,9235,304263.2,81.33,16,11.45
1786082850665,3471,v1,0.0117,0.6118,0.4313,2.2076,0.5222,0.02021,0.1454,0.002554,0.712,0,29,78.55,0.408,1,0,15.217,15.217,1,50,11536,270219.7,100.0,14,9.82
1786082841905,3472,v1,0.019,0.4884,0.2162,0.9749,0.9263,0.0194,0.1601,0.003418,0.702,0,28,45.82,0.993,1,0,15.003,15.003,1,50,10508,247737.4,100.0,14,12.87
1786082844419,3473,v1,0.0266,0.308,0.3424,1.3614,0.5988,0.00464,0.1586,0.001923,0.643,1,33,85.65,0.733,1,0,15.369,15.369,1,50,10052,238283.5,100.0,14,7.6
1786082846696,3474,v1,0.0793,0.315,0.214,1.3725,0.451,0.02297,0.1027,0.002753,0.655,1,24,42.91,0.533,1,1098,13.295,11.696,1,50,9600,215100.2,100.0,13,10.11
1786082849967,3475,v1,0.0297,0.4872,0.1614,1.4984,0.3879,0.01337,0.1413,0.002254,0.613,0,25,27.18,0.95,1,897,18.261,16.846,0,50,10830,382143.7,83.85,17,8.61
1786082844347,3476,v1,0.0494,0.7791,0.4481,1.8584,0.6479,0.0315,0.0557,0.001882,0.705,1,15,33.78,0.844,1,10143,14.0,0.0,0,50,10409,644383.2,0.0,-1,7.41
1786082847436,3477,v1,0.0324,0.2824,0.1126,1.5434,0.3937,0.00914,0.1544,0.002777,0.613,0,26,34.55,0.619,1,0,19.259,19.259,0,50,9615,414636.3,86.96,18,10.79
1786082850082,3478,v1,0.0791,0.2743,0.2431,1.3839,0.1258,0.02151,0.2405,0.002033,0.586,1,23,70.47,0.625,1,1126,15.235,13.39,0,50,9596,285732.9,95.29,14,8.23
1786082852391,3479,v1,0.0269,0.7912,0.1151,1.1867,0.8471,0.01214,0.0619,0.00368,0.624,0,32,55.91,0.879,1,0,14.384,14.384,1,50,10278,235927.0,100.0,13,13.74
1786082844799,3480,v1,0.0214,0.3383,0.3561,0.9289,0.1813,0.0292,0.0919,0.0031,0.638,0,20,37.1,0.974,1,0,15.842,15.842,0,50,11121,319594.4,88.4,15,11.53
1786082847796,3481,v1,0.0275,0.7786,0.2474,1.4651,0.506,0.00324,0.1004,0.001425,0.586,1,29,74.27,0.866,1,0,19.684,19.684,0,50,9569,326072.6,85.04,18,5.6
1786082850605,3482,v1,0.0313,0.9594,0.3665,2.2346,0.8878,0.01522,0.0931,0.002948,0.584,1,34,84.26,0.469,1,0,18.555,18.555,0,50,9979,293237.9,84.17,15,11.91
1786082854378,3483,v1,0.0685,0.5416,0.2877,1.7571,0.9689,0.00957,0.1716,0.002029,0.605,1,12,71.48,0.886,1,9948,11.0,0.0,0,50,10172,591251.9,0.0,-1,8.13
1786082851737,3484,v1,0.031,0.2801,0.437,2.0407,0.9258,0.02608,0.2255,0.003217,0.695,0,7,55.99,0.989,1,8508,6.0,2.909,0,50,11210,609010.8,18.83,-1,11.75
1786082854557,3485,v1,0.0545,0.7027,0.3281,1.1873,0.2896,0.03119,0.1968,0.002145,0.7,1,34,84.65,0.371,1,0,18.63,18.63,0,50,10995,337384.0,87.16,15,8.4
1786082856470,3486,v1,0.0259,0.5919,0.1825,1.8066,0.3875,0.0264,0.1781,0.002977,0.682,0,15,79.22,0.35,1,0,13.0,13.0,1,50,10072,231922.5,100.0,13,10.78
1786082858677,3487,v1,0.0199,0.5523,0.3665,1.1046,0.1515,0.0124,0.0792,0.002249,0.718,0,14,39.42,0.66,1,3479,13.0,9.385,1,50,10909,256768.8,100.0,14,38.87
1786082851212,3488,v1,0.0514,0.6351,0.4139,2.1408,0.2049,0.02491,0.1388,0.002402,0.619,0,13,72.28,0.803,1,5395,12.0,6.299,1,50,9757,240513.3,100.0,13,60.42
1786082853513,3489,v1,0.0192,0.7399,0.2246,2.4372,0.2596,0.00456,0.2022,0.002013,0.663,0,16,87.82,0.447,1,0,13.845,13.845,1,50,10219,244962.7,100.0,14,7.93
1786082855942,3490,v1,0.018,0.2879,0.2442,1.1485,0.1695,0.00386,0.0848,0.003333,0.679,0,18,47.26,0.699,1,0,15.967,15.967,1,50,10725,277591.5,100.0,16,12.65
1786082858414,3491,v1,0.0738,0.3543,0.1996,1.5808,0.1888,0.01845,0.1836,0.001435,0.61,0,17,80.21,0.66,1,0,15.001,15.001,0,50,10498,330348.3,99.87,15,5.24
1786082853012,3492,v1,0.0175,0.8065,0.2315,0.9362,0.723,0.0262,0.1094,0.00328,0.657,0,14,21.67,0.955,1,0,13.0,13.0,1,50,10389,231162.8,100.0,13,12.47
1786082855243,3493,v1,0.0553,0.6935,0.1696,1.4923,0.296,0.02986,0.1579,0.00314,0.613,1,12,58.75,0.92,1,7707,8.878,1.447,1,50,10377,221764.5,100.0,5,17.4
1786082857283,3494,v1,0.0347,0.208,0.3874,1.5929,0.8757,0.01956,0.0866,0.002706,0.672,0,32,64.5,0.892,1,0,15.336,15.336,1,50,10084,242948.0,100.0,14,10.13
1786082859343,3495,v1,0.0144,0.6529,0.1935,1.2317,0.4844,0.03123,0.1855,0.001287,0.618,1,7,27.47,0.913,1,11515,6.0,0.0,1,50,11591,331304.1,0.0,-1,100.0
1786082854587,3496,v1,0.0667,0.4936,0.103,2.1449,0.1008,0.00899,0.215,0.00155,0.611,0,29,73.95,0.342,1,0,19.705,19.705,0,50,11011,467901.3,86.78,16,6.18
1786082857780,3497,v1,0.0139,0.806,0.3494,2.1233,0.9814,0.02304,0.2186,0.003708,0.669,0,9,87.99,0.991,1,0,8.0,8.0,0,50,10479,559349.5,15.45,-1,13.58
1786082859585,3498,v1,0.0556,0.2101,0.4478,1.5208,0.6955,0.00507,0.0725,0.001561,0.66,0,10,68.84,0.93,1,6205,9.0,4.789,1,50,10456,263579.7,100.0,14,24.33
1786082860857,3499,v1,0.0286,0.2838,0.4973,1.3143,0.4034,0.03077,0.0628,0.002772,0.612,1,28,63.75,0.573,1,987,15.551,13.94,0,50,10168,277988.3,90.76,13,10.16
1786082868161,3500,v1,0.0655,0.4264,0.2243,0.8957,0.7665,0.03073,0.0559,0.003735,0.639,0,16,25.38,0.981,1,646,14.443,13.662,0,50,10548,291512.1,88.82,14,14.51
1786082870478,3501,v1,0.0268,0.6263,0.1942,1.5201,0.8158,0.00301,0.1947,0.00352,0.685,0,28,54.5,0.452,1,0,14.711,14.711,1,50,10368,237733.2,100.0,13,13.52
1786082873325,3502,v1,0.0668,0.5879,0.3191,1.6118,0.7666,0.01433,0.1675,0.00229,0.694,0,6,47.53,0.807,1,4611,5.0,3.678,1,50,10591,265087.2,100.0,13,12.41
1786082875644,3503,v1,0.0647,0.9494,0.3217,1.0439,0.9066,0.00724,0.1102,0.00284,0.616,1,23,28.48,0.33,1,782,9.953,9.22,1,50,11119,164774.4,100.0,4,10.44
1786082870194,3504,v1,0.0364,0.4448,0.2952,1.8204,0.298,0.00323,0.1965,0.003153,0.65,0,24,28.75,0.881,1,202,7.121,6.736,0,50,10201,558344.3,36.49,19,11.95
1786082873698,3505,v1,0.0258,0.3879,0.3675,1.4852,0.8572,0.0085,0.1798,0.003012,0.634,0,33,66.29,0.486,1,0,6.498,6.498,0,50,9527,488936.4,30.34,19,11.81
1786082875928,3506,v1,0.0457,0.9004,0.1478,2.1438,0.3977,0.02388,0.0787,0.002568,0.606,1,15,41.4,0.639,1,0,10.315,10.315,1,50,10288,171415.8,100.0,7,9.93
1786082880045,3507,v1,0.0198,0.3953,0.496,0.9184,0.5748,0.03173,0.169,0.002067,0.712,1,12,73.47,0.367,1,4685,11.0,6.349,0,50,11332,516279.5,49.71,18,7.68
1786082869045,3508,v1,0.0654,0.2342,0.3628,0.8128,0.3777,0.01026,0.2211,0.001983,0.697,1,23,60.77,0.434,1,0,13.816,13.816,1,50,9586,226409.5,100.0,13,7.78
1786082872131,3509,v1,0.0267,0.4679,0.3796,1.8427,0.6767,0.01842,0.0985,0.003404,0.63,1,30,51.56,0.381,1,723,19.345,17.971,0,50,11135,361879.4,91.26,17,12.13
1786082874256,3510,v1,0.0689,0.5047,0.3098,2.3691,0.543,0.02035,0.1132,0.002942,0.602,1,30,79.72,0.844,1,0,10.678,10.678,1,50,11074,165761.1,100.0,6,11.2
1786082876581,3511,v1,0.0568,0.6336,0.434,1.3728,0.204,0.02731,0.0818,0.003264,0.618,0,17,90.65,0.645,1,0,14.44,14.44,0,50,9676,258242.9,86.4,14,12.15
1786082869750,3512,v1,0.0716,0.6357,0.3399,2.1022,0.3554,0.01734,0.1077,0.003619,0.593,0,31,24.93,0.865,1,740,17.315,15.973,0,50,9346,262792.2,98.72,15,13.66
1786082872050,3513,v1,0.0588,0.5292,0.4073,1.2235,0.2145,0.02517,0.0593,0.002126,0.644,0,7,86.55,0.556,1,0,5.953,5.953,1,50,10752,186204.4,100.0,7,8.11
1786082876083,3514,v1,0.0351,0.3116,0.4467,1.0769,0.1628,0.00857,0.2101,0.002584,0.699,1,7,72.8,0.658,1,7913,6.0,1.104,0,50,9837,584619.8,4.97,-1,9.49
1786082879199,3515,v1,0.0723,0.9077,0.3257,1.1618,0.7596,0.02984,0.1033,0.001469,0.611,1,16,86.94,0.354,1,0,13.936,13.936,0,50,12484,322390.6,98.4,14,5.72
1786082870487,3516,v1,0.0117,0.5822,0.3329,1.1156,0.9226,0.02459,0.0756,0.001961,0.602,0,19,24.22,0.422,1,503,15.333,14.661,0,50,10204,293506.1,85.7,14,7.23
1786082873179,3517,v1,0.0225,0.3485,0.2484,1.3207,0.419,0.02278,0.1844,0.002379,0.676,1,6,32.34,0.469,1,6008,5.0,2.063,1,50,10343,266490.2,100.0,14,62.55
1786082875338,3518,v1,0.0147,0.6208,0.1437,1.8531,0.2537,0.01164,0.2349,0.003518,0.596,1,35,55.04,0.536,1,0,14.553,14.553,1,50,9698,216616.5,100.0,13,13.05
1786082878234,3519,v1,0.0285,0.8,0.2137,0.8387,0.9047,0.01317,0.0565,0.00295,0.719,1,7,92.28,0.593,1,7003,6.0,1.928,1,50,10487,274476.3,100.0,13,71.18
1786082870922,3520,v1,0.0769,0.5826,0.3874,1.0035,0.6788,0.02003,0.103,0.002198,0.668,1,13,92.71,0.846,1,9930,12.0,0.0,1,50,10197,269912.0,100.0,16,8.6
1786082875413,3521,v1,0.0238,0.2474,0.2701,1.0322,0.1646,0.00848,0.0559,0.001305,0.64,1,11,68.93,0.914,1,10549,10.0,0.0,0,50,10680,621387.2,0.0,-1,4.63
1786082878855,3522,v1,0.0508,0.7788,0.2,1.9281,0.9654,0.02342,0.0695,0.002369,0.718,0,6,48.61,0.585,1,3717,5.0,3.822,0,50,9582,459354.9,54.15,18,8.93
1786082881578,3523,v1,0.033,0.4997,0.4306,1.7377,0.9797,0.02489,0.1311,0.001578,0.663,0,36,75.91,0.412,1,0,14.707,14.707,1,50,10291,229985.4,100.0,13,6.3
1786082871673,3524,v1,0.0404,0.2671,0.4119,1.1773,0.4153,0.01732,0.1085,0.001625,0.607,0,30,33.25,0.585,1,0,17.379,17.379,0,50,9938,289930.3,84.47,15,5.67
1786082874238,3525,v1,0.0305,0.2025,0.3177,1.5093,0.6676,0.00521,0.1795,0.001803,0.676,0,12,92.65,0.378,1,0,11.0,11.0,1,50,10937,279238.5,100.0,15,6.63
1786082878685,3526,v1,0.017,0.6782,0.3382,1.9372,0.1686,0.01564,0.0742,0.00288,0.682,0,25,78.33,0.645,1,0,0.0,0.0,0,50,11060,626548.1,0.0,-1,11.35
1786082881549,3527,v1,0.0101,0.2209,0.1267,1.1239,0.4777,0.02974,0.0961,0.002294,0.649,0,14,34.34,0.474,1,2080,13.0,10.827,1,50,10847,265275.7,100.0,13,26.88
1786082878821,3528,v1,0.0389,0.5516,0.3144,0.8178,0.4053,0.02517,0.1515,0.002501,0.654,1,21,60.51,0.995,1,0,13.0,13.0,1,50,10849,250678.9,100.0,13,9.36
1786082883336,3529,v1,0.0605,0.2274,0.1675,2.147,0.7062,0.02409,0.0776,0.0016,0.706,1,4,69.13,0.835,1,9916,3.0,0.0,0,50,9968,568986.1,0.0,-1,5.95
1786082886527,3530,v1,0.0375,0.3187,0.1834,0.9124,0.5566,0.00574,0.1968,0.00261,0.591,1,29,62.55,0.348,1,693,18.562,17.27,0,50,10656,350917.9,97.02,17,9.97
1786082889517,3531,v1,0.0769,0.9067,0.2078,1.3473,0.1137,0.02247,0.1409,0.003651,0.706,0,25,42.41,0.479,1,0,18.096,18.096,0,50,10587,445054.7,88.42,16,13.4
1786082880262,3532,v1,0.0413,0.3666,0.4581,1.7652,0.6288,0.006,0.2005,0.00371,0.676,1,12,88.92,0.455,1,6255,11.0,3.843,1,50,9995,265614.8,100.0,14,69.99
1786082884532,3533,v1,0.0259,0.3733,0.3761,2.1593,0.67,0.01405,0.2182,0.003245,0.625,0,17,33.59,0.946,1,7017,16.0,6.64,0,50,11018,586244.3,29.66,19,11.87
1786082886592,3534,v1,0.071,0.9448,0.4671,1.6164,0.6651,0.01379,0.1762,0.001703,0.587,1,10,89.37,0.997,1,0,4.942,4.942,1,50,10276,73407.3,100.0,3,6.7
1786082889292,3535,v1,0.0532,0.4977,0.3907,1.8792,0.504,0.00527,0.1831,0.001831,0.688,1,25,51.86,0.65,1,1702,14.395,12.066,1,50,10872,254319.5,100.0,14,7.11
1786082881537,3536,v1,0.0537,0.8318,0.4781,0.9683,0.5851,0.01398,0.1981,0.001612,0.678,0,16,23.85,0.851,1,0,13.0,13.0,1,50,10579,240160.3,100.0,13,6.22
1786082885785,3537,v1,0.0642,0.234,0.2512,1.8802,0.8379,0.01332,0.0581,0.003424,0.7,0,4,55.92,0.964,1,6377,3.0,2.413,0,50,10968,545935.7,36.32,17,12.45
1786082888357,3538,v1,0.0233,0.9339,0.1504,1.7057,0.5807,0.01213,0.1196,0.003682,0.658,0,35,77.52,0.834,1,0,14.57,14.57,1,50,10184,235093.8,100.0,13,13.17
1786082890975,3539,v1,0.0465,0.2523,0.3717,0.8064,0.5247,0.02773,0.0992,0.002643,0.62,0,20,44.43,0.343,1,0,14.839,14.839,0,50,9788,260113.9,84.23,14,9.88
1786082883081,3540,v1,0.0233,0.7648,0.115,1.1493,0.891,0.02806,0.2459,0.001236,0.601,0,29,97.41,0.497,1,0,16.801,16.801,0,50,11304,316908.7,93.59,14,4.84
1786082885389,3541,v1,0.0326,0.7254,0.4933,2.0408,0.6535,0.02362,0.2247,0.002886,0.632,1,29,68.77,0.359,1,0,14.107,14.107,1,50,9726,217514.4,100.0,13,10.98
1786082889557,3542,v1,0.015,0.5095,0.2241,2.3294,0.7947,0.02289,0.0575,0.002429,0.672,0,14,65.85,0.343,1,2299,13.0,10.344,0,50,9835,589410.2,0.48,-1,9.23
1786082893907,3543,v1,0.0714,0.4133,0.165,1.4877,0.229,0.01832,0.2427,0.003671,0.598,0,6,45.8,0.771,1,6125,5.0,3.273,0,50,10842,513850.3,42.45,15,14.02
1786082883780,3544,v1,0.0569,0.336,0.1151,1.1147,0.4215,0.00949,0.2083,0.001837,0.581,1,27,23.84,0.31,1,731,17.04,15.78,0,50,10296,316441.1,88.12,15,6.74
1786082886322,3545,v1,0.0408,0.9396,0.4955,1.8712,0.4787,0.01496,0.0776,0.002662,0.698,1,15,34.19,0.796,1,0,13.0,13.0,1,50,10751,244609.0,100.0,13,10.36
1786082889226,3546,v1,0.0191,0.6972,0.3267,2.4565,0.9334,0.0183,0.1217,0.003553,0.656,1,7,92.21,0.321,1,4710,6.0,3.414,1,50,11165,276417.6,100.0,13,51.11
1786082891897,3547,v1,0.0619,0.4754,0.2603,1.6175,0.4192,0.02911,0.1341,0.003625,0.661,1,4,25.54,0.349,1,4034,3.0,1.822,1,50,10390,231769.8,100.0,13,32.64
1786082885071,3548,v1,0.0616,0.3845,0.2453,1.9675,0.8446,0.0122,0.1613,0.002411,0.596,1,7,40.64,0.55,1,6677,6.0,1.948,1,50,10042,261834.5,100.0,13,41.03
1786082889469,3549,v1,0.0113,0.8245,0.2588,2.2802,0.2389,0.02022,0.2449,0.002372,0.625,1,24,74.29,0.952,1,0,1.903,1.903,0,50,10722,598562.2,9.72,-1,9.02
1786082892180,3550,v1,0.0333,0.2877,0.3911,1.5113,0.1754,0.01736,0.0803,0.003401,0.626,1,7,63.54,0.601,1,7037,6.0,1.692,1,50,10002,255683.3,100.0,13,75.2
1786082896901,3551,v1,0.026,0.7264,0.3964,1.4199,0.1774,0.00766,0.1518,0.002963,0.67,1,33,48.96,0.587,1,0,0.0,0.0,0,50,10969,658741.7,0.0,-1,10.68
1786082885129,3552,v1,0.0194,0.7633,0.1248,1.1921,0.7647,0.00686,0.1056,0.001414,0.681,0,35,48.63,0.457,1,0,14.557,14.557,1,50,9409,213632.1,100.0,13,5.9
1786082887802,3553,v1,0.0758,0.6455,0.2421,1.9293,0.9049,0.00546,0.1612,0.001936,0.581,0,31,61.35,0.351,1,0,13.603,13.603,1,50,11031,231844.6,100.0,13,7.32
1786082890339,3554,v1,0.0188,0.7743,0.1463,1.9352,0.9291,0.02837,0.1702,0.002792,0.714,1,32,63.67,0.352,1,0,14.366,14.366,1,50,10281,232129.4,100.0,13,10.82
1786082893931,3555,v1,0.0226,0.2542,0.3583,1.7989,0.7641,0.02035,0.1852,0.002479,0.655,0,26,64.48,0.36,1,0,18.438,18.438,0,50,11328,391106.1,88.9,18,9.46
1786082892985,3556,v1,0.0406,0.3316,0.4845,2.1386,0.5923,0.01433,0.2314,0.003684,0.715,0,9,52.49,0.454,1,3062,8.0,6.297,1,50,11127,272035.3,100.0,14,37.98
1786082895729,3557,v1,0.059,0.4478,0.1255,2.313,0.3136,0.01481,0.1095,0.00332,0.694,0,27,39.42,0.819,1,0,14.406,14.406,1,50,10828,239734.3,100.0,13,12.79
1786082898570,3558,v1,0.0645,0.4942,0.1727,0.9331,0.7359,0.00949,0.0625,0.001543,0.627,0,31,31.34,0.718,1,0,14.364,14.364,1,50,11426,268804.6,100.0,13,5.63
1786082901213,3559,v1,0.0158,0.7851,0.1272,2.1802,0.9609,0.02658,0.2393,0.003655,0.623,1,13,53.78,0.777,1,10418,12.0,0.0,1,50,10892,299698.3,0.0,-1,100.0
1786082893737,3560,v1,0.0202,0.846,0.1025,2.163,0.5244,0.02625,0.241,0.001669,0.617,1,21,42.2,0.938,1,0,13.0,13.0,1,50,10406,241763.9,100.0,13,6.64
1786082896585,3561,v1,0.0778,0.5541,0.3064,1.7311,0.3302,0.00517,0.0817,0.003343,0.641,1,23,90.75,0.938,1,0,17.324,17.324,0,50,9203,369403.7,87.62,16,12.4
1786082899036,3562,v1,0.0377,0.9384,0.241,0.9718,0.8745,0.02814,0.1329,0.002677,0.612,0,17,69.56,0.796,1,0,14.618,14.618,0,50,9986,277513.5,90.48,14,10.24
1786082901372,3563,v1,0.0787,0.5119,0.343,1.1148,0.753,0.00975,0.1626,0.003529,0.71,1,15,50.63,0.747,1,0,13.0,13.0,1,50,9875,219609.4,100.0,13,13.23
1786082894903,3564,v1,0.0527,0.2282,0.3975,1.1379,0.6886,0.02408,0.1632,0.002106,0.634,1,31,39.31,0.319,1,722,17.339,16.146,0,50,11140,317226.7,84.74,15,8.42
1786082897993,3565,v1,0.0246,0.4817,0.205,2.4769,0.542,0.02481,0.196,0.00167,0.679,0,29,58.71,0.314,1,0,14.99,14.99,1,50,12141,262163.0,100.0,14,6.33
1786082900505,3566,v1,0.0713,0.9388,0.4448,1.9365,0.8929,0.03196,0.1789,0.002658,0.693,0,35,23.64,0.71,1,818,14.559,13.531,1,50,10713,241825.6,100.0,13,9.7
1786082903478,3567,v1,0.0769,0.262,0.3007,1.2236,0.2624,0.01195,0.1382,0.001962,0.611,0,17,87.38,0.792,1,0,15.089,15.089,0,50,10417,356976.6,91.1,15,7.73
1786082895103,3568,v1,0.0652,0.4441,0.4464,2.263,0.3438,0.02717,0.1274,0.002844,0.715,1,22,56.01,0.976,1,0,13.0,13.0,1,50,10085,231115.1,100.0,13,10.93
1786082897926,3569,v1,0.0515,0.8471,0.292,1.9533,0.388,0.01675,0.196,0.003302,0.599,0,25,74.02,0.493,1,0,16.786,16.786,0,50,10535,305001.8,90.05,15,12.34
1786082901669,3570,v1,0.0202,0.3539,0.2495,2.2376,0.7243,0.00574,0.0645,0.001301,0.673,0,6,91.0,0.38,1,0,5.0,5.0,0,50,9299,554824.5,0.0,-1,5.55
1786082904350,3571,v1,0.0123,0.2431,0.2207,0.9745,0.6168,0.00834,0.2033,0.002506,0.609,0,16,30.76,0.801,1,0,13.969,13.969,1,50,10085,241012.9,100.0,14,9.46
1786082897511,3572,v1,0.0551,0.9237,0.2849,2.0333,0.8019,0.0225,0.1477,0.001231,0.641,0,10,65.41,0.453,1,3330,9.0,6.81,1,50,10762,261746.5,100.0,13,11.32
1786082899959,3573,v1,0.0697,0.9464,0.2681,2.2504,0.8794,0.0168,0.1282,0.001908,0.656,0,14,86.99,0.477,1,0,13.0,13.0,1,50,10438,238936.1,100.0,13,7.02
1786082904139,3574,v1,0.0102,0.8302,0.1617,1.1226,0.7884,0.00598,0.165,0.001818,0.714,0,11,39.46,0.937,1,4649,10.0,6.18,0,50,9898,593446.9,0.0,-1,6.15
1786082906927,3575,v1,0.033,0.5859,0.4454,0.9504,0.228,0.02188,0.1879,0.001244,0.714,0,17,20.42,0.372,1,0,13.0,13.0,1,50,11196,248026.4,100.0,13,4.72
1786082899124,3576,v1,0.0121,0.8162,0.2579,1.5698,0.1889,0.00561,0.2284,0.003578,0.672,0,24,65.42,0.383,1,0,0.0,0.0,0,50,9665,557962.5,0.0,-1,13.47
1786082903328,3577,v1,0.0476,0.668,0.1634,1.6361,0.1955,0.01528,0.1683,0.001554,0.606,1,11,83.77,0.468,1,6325,10.0,3.718,0,50,10227,547760.0,34.67,16,5.9
1786082905858,3578,v1,0.0134,0.2884,0.3555,2.3486,0.358,0.02548,0.2096,0.002071,0.62,1,19,38.66,0.548,1,0,13.0,13.0,1,50,11023,234874.2,100.0,13,7.96
1786082908300,3579,v1,0.0748,0.2756,0.2966,2.4882,0.5082,0.02431,0.1226,0.001814,0.636,0,10,87.21,0.479,1,0,9.0,9.0,0,50,9678,271129.7,84.04,15,7.29
1786082901156,3580,v1,0.0159,0.28,0.249,2.0565,0.4915,0.0271,0.1768,0.003678,0.674,1,29,92.31,0.309,1,0,6.268,6.268,0,50,9754,482969.8,30.4,19,14.24
1786082903535,3581,v1,0.0199,0.2906,0.3115,1.5681,0.8303,0.01643,0.1756,0.00354,0.665,1,18,52.78,0.308,1,0,13.732,13.732,1,50,9725,227890.6,100.0,13,13.15
1786082905970,3582,v1,0.0527,0.715,0.3271,2.024,0.8515,0.02388,0.1495,0.002552,0.656,0,34,75.69,0.386,1,0,14.36,14.36,1,50,10675,232734.3,100.0,13,10.23
1786082908307,3583,v1,0.0596,0.4012,0.2104,1.3816,0.444,0.02164,0.1741,0.00301,0.667,1,36,39.79,0.881,1,1628,12.722,10.631,1,50,10966,203572.0,100.0,8,11.54
1786082904863,3584,v1,0.0741,0.7497,0.1467,1.5615,0.8029,0.01212,0.0918,0.003663,0.616,1,34,49.14,0.625,1,1426,18.308,15.504,0,50,10404,306029.8,90.65,15,13.8
1786082907629,3585,v1,0.0378,0.2712,0.2306,1.5899,0.3213,0.02058,0.1048,0.001474,0.611,0,27,55.5,0.497,1,0,17.269,17.269,0,50,10473,312256.0,91.71,15,5.64
1786082910105,3586,v1,0.0282,0.5649,0.374,1.4251,0.2213,0.01695,0.2174,0.003331,0.625,0,32,71.83,0.412,1,0,19.611,19.611,0,50,11025,369248.7,88.33,17,12.45
1786082913732,3587,v1,0.0113,0.7197,0.3098,0.9012,0.223,0.01729,0.0589,0.002683,0.615,1,9,76.52,0.954,1,10334,8.0,0.0,0,50,10570,624187.9,0.0,-1,10.19
1786082906499,3588,v1,0.0141,0.4416,0.1267,1.7638,0.3001,0.0238,0.2062,0.002128,0.664,0,30,70.22,0.738,1,0,5.329,5.329,0,50,10170,558295.8,25.34,19,7.67
1786082910144,3589,v1,0.0539,0.8401,0.3118,2.2918,0.6154,0.01686,0.0856,0.003503,0.62,1,5,56.88,0.894,1,10366,4.0,0.0,0,50,10515,583913.9,0.0,-1,12.87
1786082912363,3590,v1,0.0277,0.4109,0.2225,1.4857,0.1801,0.02226,0.1928,0.00211,0.601,1,13,26.89,0.352,1,3886,11.416,7.046,1,50,10778,235121.4,100.0,13,42.5
1786082914982,3591,v1,0.0299,0.9228,0.373,1.2332,0.2745,0.00449,0.1836,0.002933,0.666,0,32,42.66,0.525,1,0,0.005,0.005,0,50,10426,623892.7,0.02,-1,10.98
1786082906920,3592,v1,0.0663,0.9099,0.2017,0.9683,0.9582,0.01641,0.1953,0.003664,0.587,0,16,66.96,0.351,1,0,14.875,14.875,0,50,10105,277527.9,97.25,15,13.54
1786082909064,3593,v1,0.0759,0.7839,0.3423,1.8735,0.9467,0.02661,0.0529,0.001901,0.676,1,31,80.15,0.517,1,0,14.09,14.09,1,50,9519,219187.2,100.0,13,7.54
1786082911069,3594,v1,0.0383,0.4558,0.3435,0.9549,0.6472,0.0129,0.2361,0.00262,0.67,1,29,88.09,0.326,1,0,14.188,14.188,1,50,11182,254227.4,100.0,13,10.53
1786082913180,3595,v1,0.0124,0.3511,0.2915,1.6321,0.7991,0.00642,0.1584,0.002361,0.682,0,28,97.7,0.797,1,0,17.258,17.258,1,50,10154,266080.3,100.0,16,10.2
1786082908144,3596,v1,0.0183,0.8716,0.4934,2.006,0.7865,0.02571,0.1681,0.001253,0.592,0,12,73.41,0.883,1,4419,11.0,6.874,0,50,9769,424034.4,51.41,15,4.87
1786082910550,3597,v1,0.0398,0.2374,0.3381,1.9756,0.3333,0.01058,0.0804,0.003408,0.607,1,23,59.96,0.525,1,1111,17.336,15.241,0,50,9852,401464.2,91.22,16,13.26
1786082914026,3598,v1,0.0602,0.8871,0.3303,0.9556,0.2263,0.01495,0.0851,0.002641,0.616,1,11,60.13,0.822,1,9412,10.0,0.525,0,50,10221,574375.1,4.48,-1,10.39
1786082915139,3599,v1,0.0213,0.2661,0.4794,1.2832,0.4812,0.00927,0.0752,0.002035,0.634,0,6,87.63,0.346,1,0,5.0,5.0,1,50,10497,250264.3,100.0,14,7.79
1786082922194,3600,v1,0.0492,0.2448,0.3405,2.0769,0.3311,0.0191,0.1211,0.00176,0.591,1,34,26.15,0.397,1,1160,11.684,10.361,1,50,10778,190360.3,100.0,6,6.39
1786082924820,3601,v1,0.0101,0.3101,0.2763,0.9083,0.2439,0.01056,0.0622,0.003279,0.711,1,18,36.68,0.325,1,0,17.0,17.0,1,50,10160,272661.6,100.0,17,12.68
1786082927197,3602,v1,0.0762,0.2314,0.3627,2.23,0.5745,0.02645,0.1553,0.002221,0.648,0,17,59.45,0.963,1,0,15.039,15.039,0,50,10270,291859.3,96.08,15,8.08
1786082929819,3603,v1,0.0754,0.6055,0.3163,0.9598,0.2955,0.00735,0.0761,0.003679,0.702,0,13,93.57,0.991,1,0,12.0,12.0,1,50,10814,244272.0,100.0,13,13.87
1786082923054,3604,v1,0.0667,0.2863,0.3743,0.9805,0.7929,0.00546,0.1207,0.001748,0.715,0,7,20.27,0.897,1,4894,6.0,4.144,1,50,10645,260595.6,100.0,14,10.9
1786082925949,3605,v1,0.0425,0.8632,0.4352,1.6232,0.1449,0.01755,0.1703,0.001702,0.607,0,29,66.55,0.816,1,0,17.196,17.196,0,50,10297,294353.1,83.93,15,6.56
1786082928622,3606,v1,0.0193,0.7468,0.3759,1.7822,0.9727,0.0161,0.1195,0.003559,0.678,1,7,56.37,0.768,1,10368,6.0,0.0,1,50,10584,284287.5,0.0,-1,100.0
1786082931500,3607,v1,0.0543,0.7903,0.3157,0.9663,0.6344,0.01098,0.172,0.002091,0.671,1,35,74.47,0.436,1,0,19.867,19.867,0,50,10534,335991.9,84.69,17,8.33
1786082923511,3608,v1,0.0325,0.9535,0.2265,0.891,0.6133,0.03002,0.1244,0.003229,0.66,1,14,37.65,0.658,1,0,13.0,13.0,1,50,11011,249697.6,100.0,13,12.22
1786082925760,3609,v1,0.0535,0.9755,0.2529,1.7471,0.5045,0.00659,0.0502,0.002109,0.589,1,33,75.46,0.787,1,0,12.638,12.638,1,50,9949,188878.5,100.0,7,8.29
1786082929250,3610,v1,0.0544,0.9484,0.4432,0.8187,0.5963,0.0208,0.0713,0.001498,0.596,0,12,37.34,0.8,1,4744,11.0,6.639,0,50,9970,413610.6,51.53,14,5.74
1786082931518,3611,v1,0.037,0.7715,0.2091,2.3161,0.7037,0.02996,0.1317,0.001352,0.664,1,23,31.64,0.883,1,1617,13.125,11.006,1,50,10173,237318.8,100.0,13,20.7
1786082924686,3612,v1,0.0724,0.2834,0.4459,0.9558,0.1724,0.00569,0.1264,0.002868,0.665,0,29,56.82,0.524,1,0,19.72,19.72,0,50,10262,451671.9,89.0,16,10.5
1786082927159,3613,v1,0.0518,0.4856,0.2517,1.0056,0.2258,0.02947,0.1558,0.002126,0.631,0,28,97.42,0.893,1,0,16.483,16.483,0,50,11169,308247.8,91.09,14,8.34
1786082929597,3614,v1,0.0202,0.5782,0.1821,0.9628,0.6865,0.02785,0.0872,0.003731,0.688,0,18,61.09,0.488,1,0,13.0,13.0,1,50,10164,227675.2,100.0,13,13.55
1786082932406,3615,v1,0.0729,0.9979,0.2106,1.8338,0.5353,0.01829,0.1037,0.001852,0.615,0,19,54.17,0.888,1,0,12.57,12.57,1,50,11481,239263.4,100.0,13,7.33
1786082924729,3616,v1,0.0272,0.2987,0.4577,2.1443,0.7092,0.00658,0.0793,0.003127,0.625,0,10,61.9,0.63,1,4208,9.0,6.048,1,50,10278,254965.9,100.0,14,48.7
1786082929200,3617,v1,0.0467,0.2601,0.2962,1.6629,0.7684,0.01179,0.166,0.002132,0.661,1,13,58.68,0.765,1,9505,12.0,1.122,0,50,10759,649891.2,7.98,-1,8.37
1786082931565,3618,v1,0.0208,0.2138,0.3471,1.5164,0.498,0.00432,0.1814,0.003428,0.63,0,7,76.03,0.736,1,0,6.0,6.0,1,50,10456,256387.9,100.0,14,12.61
1786082934358,3619,v1,0.0318,0.7338,0.4912,1.2493,0.6845,0.00384,0.0537,0.002287,0.686,0,12,61.32,0.963,1,7405,11.0,4.537,1,50,10572,281340.5,100.0,13,74.11
1786082925764,3620,v1,0.0541,0.9904,0.1485,1.9124,0.5819,0.01508,0.1071,0.002604,0.684,1,26,90.51,0.409,1,0,18.756,18.756,0,50,10387,415104.8,85.77,17,9.63
1786082928477,3621,v1,0.04,0.2068,0.1469,0.8392,0.6515,0.00957,0.1504,0.001683,0.668,0,18,82.18,0.663,1,0,13.952,13.952,1,50,10511,254699.9,100.0,14,6.8
1786082930988,3622,v1,0.0759,0.5947,0.394,1.8032,0.2609,0.01096,0.1176,0.002909,0.702,0,14,72.22,0.309,1,0,12.809,12.809,1,50,10243,225244.6,100.0,13,10.61
1786082933579,3623,v1,0.064,0.3614,0.3869,1.6492,0.6118,0.0174,0.0834,0.002756,0.645,0,13,28.47,0.607,1,2893,10.803,8.313,1,50,11582,231352.2,100.0,9,10.86
1786082925980,3624,v1,0.0357,0.6066,0.2162,1.7131,0.5514,0.01324,0.1079,0.001232,0.584,1,19,46.39,0.686,1,0,12.787,12.787,1,50,10389,234867.3,100.0,13,4.7
1786082928452,3625,v1,0.0565,0.6906,0.2168,1.1938,0.385,0.02018,0.1142,0.001244,0.643,0,34,75.71,0.813,1,0,12.286,12.286,1,50,10890,205359.5,100.0,7,5.08
1786082931253,3626,v1,0.0224,0.2344,0.4651,2.0151,0.6404,0.00815,0.1053,0.003551,0.64,1,18,84.96,0.623,1,0,13.948,13.948,1,50,11862,268375.1,100.0,14,13.68
1786082935009,3627,v1,0.0421,0.8545,0.292,1.7172,0.6613,0.02367,0.0884,0.001424,0.64,0,15,36.68,0.938,1,5356,14.0,7.648,0,50,10323,456618.7,41.68,16,5.42
1786082933471,3628,v1,0.0127,0.2531,0.2384,1.307,0.6013,0.01148,0.1463,0.001942,0.718,0,12,27.74,0.641,1,3532,11.0,7.911,1,50,10512,282353.2,100.0,17,41.72
1786082935954,3629,v1,0.0736,0.3553,0.4592,1.9727,0.2672,0.02742,0.2049,0.001838,0.684,0,12,75.49,0.84,1,0,10.508,10.508,1,50,10647,227793.8,100.0,13,6.73
1786082938879,3630,v1,0.0616,0.6279,0.3802,1.2836,0.7939,0.02036,0.1476,0.001552,0.653,1,23,84.89,0.386,1,0,16.49,16.49,0,50,10161,296624.7,91.12,15,6.38
1786082941341,3631,v1,0.0343,0.7038,0.4066,1.9328,0.1584,0.01534,0.1838,0.001723,0.65,0,35,21.26,0.64,1,718,14.55,13.582,1,50,9778,223728.3,100.0,13,6.58
1786082934480,3632,v1,0.0123,0.7214,0.1747,1.4392,0.9883,0.00738,0.2343,0.001758,0.696,0,14,89.8,0.613,1,0,13.0,13.0,1,50,8982,209793.2,100.0,14,6.82
1786082936602,3633,v1,0.0784,0.2168,0.2289,2.008,0.6667,0.0287,0.1436,0.002115,0.602,1,30,72.63,0.32,1,0,8.801,8.801,1,50,9278,97088.8,100.0,5,8.26
1786082939274,3634,v1,0.056,0.4425,0.1228,1.1015,0.1105,0.02849,0.2057,0.003707,0.591,0,8,32.24,0.593,1,1769,6.439,5.601,1,50,10819,192532.8,100.0,6,14.15
1786082941793,3635,v1,0.0721,0.3967,0.3461,1.937,0.4465,0.01341,0.233,0.002781,0.706,0,9,21.89,0.549,1,3657,8.0,5.818,1,50,10260,252889.0,100.0,13,21.71
1786082935163,3636,v1,0.065,0.5412,0.2001,1.5911,0.1225,0.01498,0.2037,0.002243,0.647,1,26,34.31,0.353,1,620,13.703,12.795,1,50,9815,224042.0,100.0,13,8.95
1786082937667,3637,v1,0.0223,0.9538,0.4056,1.0705,0.2207,0.01796,0.1193,0.002468,0.614,1,16,35.66,0.459,1,0,13.0,13.0,1,50,10536,230050.1,100.0,13,9.35
1786082942127,3638,v1,0.0403,0.6495,0.3252,2.3949,0.6601,0.02651,0.2029,0.002063,0.685,1,7,60.21,0.988,1,9906,6.0,0.0,0,50,10026,576652.5,0.0,-1,7.99
1786082945717,3639,v1,0.0695,0.9772,0.3041,1.8155,0.8444,0.00314,0.1106,0.002792,0.692,0,18,63.18,0.456,1,1685,17.0,14.424,0,50,10285,472635.0,76.23,17,10.62
1786082936050,3640,v1,0.0353,0.9726,0.4718,1.4907,0.5238,0.01448,0.1636,0.002753,0.704,1,21,22.47,0.481,1,0,13.0,13.0,1,50,10306,227083.2,100.0,13,10.61
1786082938571,3641,v1,0.0143,0.9241,0.3892,2.3575,0.9657,0.01374,0.1563,0.002023,0.581,1,15,87.76,0.775,1,0,13.0,13.0,1,50,10033,223963.8,100.0,13,7.16
1786082940589,3642,v1,0.0666,0.8631,0.4232,0.8675,0.2899,0.02297,0.0527,0.003475,0.594,0,10,35.53,0.999,1,0,4.403,4.403,1,50,11054,64201.2,100.0,3,13.06
1786082943599,3643,v1,0.0216,0.9457,0.2549,2.4957,0.3907,0.00623,0.1954,0.003545,0.698,0,13,41.76,0.487,1,3371,12.0,8.885,1,50,11291,270337.0,100.0,13,40.08
1786082936950,3644,v1,0.0331,0.6938,0.3381,2.1922,0.8066,0.02504,0.0795,0.001846,0.643,1,19,64.38,0.506,1,0,13.0,13.0,1,50,11004,246101.0,100.0,13,6.91
1786082939681,3645,v1,0.0574,0.9711,0.4061,1.9511,0.7822,0.02703,0.1643,0.002906,0.691,0,28,87.74,0.382,1,0,17.68,17.68,0,50,10039,305901.0,84.26,16,11.16
1786082943537,3646,v1,0.0749,0.7302,0.4727,2.114,0.6052,0.00804,0.2435,0.001255,0.713,0,27,20.16,0.598,1,1936,19.446,16.079,0,50,10539,485984.2,92.9,17,4.68
1786082946328,3647,v1,0.0709,0.7616,0.3972,2.3801,0.5531,0.0128,0.0695,0.00361,0.622,0,7,92.36,0.939,1,0,6.0,6.0,0,50,11679,332310.8,88.76,15,14.14
1786082939068,3648,v1,0.0188,0.3363,0.3301,1.486,0.122,0.00626,0.2206,0.002035,0.657,1,34,75.62,0.497,1,0,0.0,0.0,0,50,9919,569140.1,0.0,-1,8.41
1786082941511,3649,v1,0.0572,0.3843,0.4507,0.8968,0.693,0.01024,0.1191,0.003747,0.717,0,14,59.3,0.615,1,3012,13.0,9.459,1,50,9842,221293.1,100.0,13,13.87
1786082944840,3650,v1,0.0547,0.6521,0.3412,0.8511,0.2485,0.00551,0.1511,0.003593,0.655,1,25,73.05,0.526,1,0,18.682,18.682,0,50,10195,449743.5,85.12,17,13.41
1786082947275,3651,v1,0.0597,0.3885,0.2677,0.9686,0.735,0.01205,0.235,0.003256,0.612,0,32,73.91,0.932,1,0,13.963,13.963,1,50,10285,225890.9,100.0,13,12.29
1786082938016,3652,v1,0.0329,0.2307,0.4774,1.8594,0.1438,0.01809,0.2222,0.003502,0.587,1,17,95.86,0.474,1,0,15.008,15.008,0,50,10159,283326.2,98.8,15,13.06
1786082940641,3653,v1,0.0619,0.7253,0.4048,0.9529,0.8977,0.0173,0.2117,0.002458,0.625,1,23,57.16,0.491,1,978,10.003,9.067,1,50,10813,167772.3,100.0,6,9.21
1786082943356,3654,v1,0.011,0.4513,0.3782,1.8518,0.4191,0.025,0.1783,0.002015,0.611,0,30,27.5,0.521,1,0,14.351,14.351,1,50,10242,230309.8,100.0,13,7.77
1786082945619,3655,v1,0.0329,0.68,0.3742,1.1072,0.845,0.01447,0.1992,0.001818,0.634,0,32,51.28,0.796,1,0,14.349,14.349,1,50,9558,218919.0,100.0,13,7.24
1786082944214,3656,v1,0.0623,0.7415,0.3425,1.5451,0.6011,0.01655,0.1688,0.003638,0.634,0,17,54.55,0.666,1,0,10.224,10.224,1,50,10421,168139.9,100.0,7,14.03
1786082946903,3657,v1,0.0169,0.9842,0.1781,2.2419,0.1303,0.00324,0.1141,0.001972,0.631,1,8,20.36,0.713,1,7875,7.0,1.507,1,50,10157,268054.4,100.0,13,79.98
1786082950276,3658,v1,0.0382,0.6393,0.1663,1.5036,0.2126,0.01253,0.2428,0.001909,0.594,1,23,46.31,0.987,1,1581,17.148,14.349,0,50,10002,423506.1,87.14,16,7.19
1786082952703,3659,v1,0.0497,0.7348,0.2834,1.6218,0.1849,0.02438,0.185,0.001727,0.632,1,21,26.72,0.468,1,1091,15.974,14.113,0,50,9597,303703.4,86.78,15,6.36
1786082945188,3660,v1,0.035,0.684,0.3236,1.2031,0.7231,0.01695,0.1428,0.001493,0.64,1,8,34.96,0.904,1,10275,7.0,0.0,1,50,10387,290821.2,100.0,25,99.97
1786082947844,3661,v1,0.0203,0.9605,0.2837,1.0201,0.4809,0.01405,0.1214,0.002314,0.633,0,29,69.74,0.586,1,0,14.193,14.193,1,50,10790,244445.7,100.0,13,8.89
1786082951820,3662,v1,0.027,0.9982,0.461,1.5065,0.4753,0.0216,0.1646,0.001554,0.678,0,7,20.4,0.757,1,4962,6.0,4.095,0,50,10518,503548.0,44.55,18,6.15
1786082954307,3663,v1,0.019,0.6374,0.2577,1.626,0.3602,0.01894,0.1213,0.003399,0.655,0,17,70.81,0.863,1,0,13.0,13.0,1,50,10449,230917.1,100.0,13,13.27
1786082947169,3664,v1,0.0236,0.418,0.1196,1.5816,0.3891,0.03176,0.0882,0.002374,0.669,0,27,94.35,0.691,1,0,18.828,18.828,0,50,10199,331055.5,92.0,17,8.75
1786082950716,3665,v1,0.0359,0.8702,0.3484,1.0087,0.2271,0.01436,0.1298,0.003668,0.634,1,13,55.47,0.348,1,4693,12.0,6.251,0,50,10214,472510.6,48.64,17,13.96
1786082953428,3666,v1,0.0417,0.9622,0.3084,2.0158,0.3996,0.02321,0.0973,0.002327,0.636,1,20,49.02,0.665,1,0,12.949,12.949,1,50,10368,232360.6,100.0,13,8.59
1786082955839,3667,v1,0.0558,0.4233,0.1966,2.3899,0.7857,0.01859,0.2233,0.001659,0.635,1,31,46.94,0.866,1,0,13.449,13.449,1,50,10271,216279.8,100.0,11,6.5
1786082949482,3668,v1,0.0132,0.3883,0.304,2.3846,0.5432,0.01914,0.2152,0.00314,0.597,0,31,47.97,0.997,1,0,19.958,19.958,0,50,10468,350462.6,84.57,18,11.82
1786082952326,3669,v1,0.0698,0.5467,0.1145,2.1388,0.5079,0.00452,0.0709,0.002932,0.581,0,35,30.92,0.67,1,0,18.85,18.85,0,50,10414,336810.5,99.27,16,10.65
1786082955358,3670,v1,0.0319,0.9342,0.2563,1.6595,0.5757,0.01783,0.1678,0.001887,0.632,0,13,80.91,0.733,1,0,12.0,12.0,0,50,11399,353303.4,85.98,16,7.09
1786082957849,3671,v1,0.0781,0.9512,0.248,1.4921,0.9663,0.0046,0.1574,0.003351,0.635,1,16,70.86,0.63,1,0,10.304,10.304,1,50,11250,181400.2,100.0,5,12.36
1786082949765,3672,v1,0.0276,0.607,0.4987,1.004,0.8678,0.02145,0.1087,0.00186,0.678,0,26,53.1,0.771,1,0,18.659,18.659,0,50,9354,301200.5,91.79,17,6.99
1786082952583,3673,v1,0.0779,0.3313,0.3089,1.0206,0.6169,0.01255,0.1718,0.002134,0.646,0,6,45.47,0.588,1,3253,5.0,3.905,0,50,9021,398033.0,60.34,16,8.65
1786082954991,3674,v1,0.0431,0.9426,0.3944,1.4618,0.1365,0.01596,0.0906,0.003748,0.654,1,22,29.22,0.601,1,1636,12.837,10.584,1,50,10030,221487.5,100.0,13,13.92
1786082957489,3675,v1,0.0126,0.3455,0.3606,2.0596,0.5365,0.03149,0.0523,0.002257,0.652,1,30,60.74,0.405,1,0,14.367,14.367,1,50,10117,235031.8,100.0,13,8.68
1786082949983,3676,v1,0.0683,0.2363,0.1968,1.9274,0.9643,0.00946,0.19,0.00251,0.619,0,24,35.47,0.308,1,0,10.324,10.324,1,50,10322,165538.0,100.0,7,9.75
1786082953215,3677,v1,0.0554,0.6593,0.4492,1.0259,0.775,0.02681,0.0767,0.003615,0.611,0,9,38.49,0.766,1,4272,8.0,5.456,0,50,10380,401184.9,56.28,14,13.45
1786082955748,3678,v1,0.0687,0.5467,0.1368,0.8753,0.8426,0.00751,0.1451,0.001661,0.697,1,16,86.57,0.714,1,0,13.0,13.0,1,50,10399,238602.5,100.0,13,6.34
1786082958453,3679,v1,0.0183,0.5341,0.4916,1.112,0.8476,0.03156,0.1219,0.002778,0.702,1,12,73.47,0.881,1,9321,11.0,0.0,1,50,9612,274844.9,0.0,-1,100.0
1786082950748,3680,v1,0.0162,0.7939,0.4981,2.1026,0.8508,0.00817,0.2347,0.001203,0.606,1,19,59.23,0.389,1,0,13.0,13.0,1,50,11414,254220.4,100.0,13,5.11
1786082953688,3681,v1,0.0587,0.893,0.3353,2.3049,0.9079,0.01113,0.2077,0.00344,0.585,0,4,24.82,0.822,1,4915,3.0,2.539,1,50,10768,273179.9,100.0,13,52.93
1786082955922,3682,v1,0.0599,0.8341,0.3239,1.0779,0.8397,0.00568,0.1417,0.001404,0.584,0,8,95.88,0.323,1,0,6.744,6.744,1,50,10188,175112.3,100.0,7,5.61
1786082960124,3683,v1,0.0452,0.6215,0.458,2.4947,0.6044,0.0087,0.115,0.002246,0.623,1,13,22.1,0.567,1,8613,12.0,2.433,0,50,11087,617230.8,17.29,-1,8.36
1786082956725,3684,v1,0.0722,0.2854,0.2572,1.9346,0.4787,0.02215,0.1536,0.001837,0.669,0,5,80.33,0.301,1,0,4.0,4.0,0,50,11490,365197.3,85.32,16,6.96
1786082958906,3685,v1,0.0398,0.5453,0.3812,1.7768,0.1046,0.0152,0.1721,0.001425,0.584,1,36,79.46,0.841,1,0,13.653,13.653,1,50,10081,212960.4,100.0,8,5.62
1786082961195,3686,v1,0.0109,0.6202,0.194,2.4358,0.7985,0.02575,0.1309,0.003234,0.598,0,36,51.75,0.409,1,0,19.939,19.939,0,50,9799,301749.3,86.85,16,12.07
1786082963516,3687,v1,0.0672,0.9112,0.1944,2.2096,0.7252,0.02187,0.176,0.00166,0.594,0,20,29.66,0.9,1,1092,15.527,13.999,0,50,9860,307310.3,100.0,15,6.31
1786082957091,3688,v1,0.0729,0.6637,0.1856,1.5029,0.8045,0.02405,0.1125,0.002779,0.698,0,35,79.29,0.46,1,0,14.561,14.561,1,50,9780,220276.8,100.0,13,10.46
1786082960490,3689,v1,0.0264,0.8547,0.4254,0.8756,0.685,0.01945,0.1565,0.002257,0.703,0,29,62.99,0.404,1,0,11.944,11.944,0,50,10086,463754.7,57.09,19,8.45
1786082963268,3690,v1,0.0155,0.9637,0.457,1.492,0.6984,0.02787,0.1066,0.002185,0.682,0,34,76.61,0.437,1,0,15.08,15.08,0,50,11181,443748.2,64.77,17,8.47
1786082965761,3691,v1,0.0304,0.3079,0.3015,1.1438,0.1065,0.01473,0.1268,0.003165,0.705,1,34,34.86,0.701,1,1276,10.134,7.053,0,50,10744,576324.2,41.07,19,11.8
1786082958839,3692,v1,0.0767,0.9756,0.2809,1.9893,0.7269,0.01323,0.1647,0.00154,0.706,0,9,41.01,0.331,1,1976,7.959,6.761,1,50,10016,224326.6,100.0,13,8.06
1786082960958,3693,v1,0.0237,0.408,0.2252,0.8016,0.7936,0.01082,0.2345,0.003303,0.585,1,23,58.27,0.614,1,1352,13.208,11.35,1,50,10158,230347.3,100.0,13,12.55
1786082962743,3694,v1,0.0694,0.8401,0.3731,0.9135,0.2598,0.02759,0.2128,0.003663,0.631,1,32,48.04,0.485,1,0,9.604,9.604,1,50,10476,129289.2,100.0,4,13.97
1786082964841,3695,v1,0.056,0.6702,0.4429,2.4094,0.5102,0.01515,0.1151,0.002709,0.686,0,4,96.78,0.698,1,0,3.0,3.0,1,50,12426,274553.9,100.0,13,10.37
1786082960998,3696,v1,0.0333,0.4933,0.4787,1.4037,0.1476,0.00737,0.1587,0.003421,0.612,1,18,22.28,0.503,1,2136,17.0,13.141,0,50,10042,480990.3,69.29,17,13.59
1786082964145,3697,v1,0.0305,0.8949,0.4429,1.9999,0.128,0.02779,0.1371,0.002931,0.698,1,14,98.25,0.468,1,5163,13.0,6.196,0,50,10267,526863.2,40.36,18,11.34
1786082965747,3698,v1,0.0576,0.7423,0.2119,2.1754,0.2626,0.00505,0.1947,0.001237,0.593,1,35,24.35,0.827,1,2491,21.583,15.577,0,50,9371,402366.1,88.16,16,4.91
1786082966988,3699,v1,0.0406,0.3266,0.179,0.9246,0.3431,0.02436,0.126,0.003037,0.638,0,33,26.55,0.811,1,698,18.147,16.913,0,50,9991,302801.3,90.86,15,11.34
1786082975711,3700,v1,0.0257,0.4738,0.1633,2.0935,0.6282,0.00412,0.2448,0.00287,0.678,1,11,32.83,0.811,1,9069,10.0,0.519,0,50,9840,574899.6,0.0,-1,10.57
1786082978352,3701,v1,0.031,0.3635,0.4934,1.633,0.3123,0.02379,0.2368,0.003032,0.599,0,35,21.19,0.66,1,760,17.588,16.425,0,50,11187,318150.5,89.5,14,11.43
1786082981074,3702,v1,0.0122,0.2654,0.1634,2.4482,0.994,0.02832,0.1711,0.001994,0.658,1,33,59.31,0.881,1,0,16.266,16.266,1,50,10832,268184.4,100.0,15,7.24
1786082984992,3703,v1,0.0466,0.9694,0.4193,2.0159,0.6426,0.01741,0.2051,0.002204,0.702,1,13,72.85,0.339,1,4857,12.0,6.094,0,50,10118,528877.9,44.62,18,8.19
1786082974757,3704,v1,0.065,0.9355,0.1551,1.2032,0.4142,0.02154,0.2234,0.003134,0.649,0,34,59.78,0.448,1,0,18.363,18.363,0,50,9620,279233.0,91.69,15,11.43
1786082978172,3705,v1,0.0212,0.3457,0.4218,2.2277,0.3853,0.00816,0.091,0.003245,0.584,0,30,30.9,0.865,1,0,19.693,19.693,0,50,11778,396349.1,88.03,18,12.65
1786082980719,3706,v1,0.037,0.6048,0.3049,2.0818,0.7131,0.02746,0.1988,0.00203,0.605,0,25,94.09,0.907,1,0,16.356,16.356,0,50,9944,280536.4,99.77,15,7.66
1786082983401,3707,v1,0.0568,0.2874,0.1132,1.3665,0.6206,0.01745,0.2339,0.003229,0.636,0,11,65.07,0.659,1,3454,10.0,7.236,1,50,10327,244921.3,100.0,13,13.28
1786082975418,3708,v1,0.0467,0.2348,0.1722,1.4383,0.7496,0.01159,0.2192,0.001296,0.71,1,20,46.25,0.57,1,0,14.05,14.05,1,50,10180,248219.0,100.0,14,5.42
1786082978060,3709,v1,0.0402,0.4247,0.3451,1.8744,0.9409,0.02851,0.1819,0.002428,0.635,0,23,84.16,0.302,1,0,16.297,16.297,0,50,10273,285001.4,86.5,15,9.13
1786082980509,3710,v1,0.0136,0.8629,0.2753,1.9858,0.2686,0.02207,0.1279,0.002049,0.666,1,12,20.58,0.821,1,10238,11.0,0.0,1,50,10480,291009.3,0.0,-1,100.0
1786082982513,3711,v1,0.0779,0.5822,0.2068,0.8222,0.9136,0.03161,0.1528,0.003481,0.602,1,15,31.75,0.477,1,0,8.905,8.905,1,50,9470,121085.4,100.0,3,12.58
1786082975922,3712,v1,0.0443,0.7917,0.3494,1.0003,0.9119,0.02336,0.1597,0.001642,0.706,1,18,36.6,0.634,1,0,12.923,12.923,1,50,10753,234632.2,100.0,13,6.62
1786082978315,3713,v1,0.066,0.8517,0.4748,2.2692,0.8219,0.00806,0.1504,0.003104,0.669,1,20,30.4,0.97,1,0,13.0,13.0,1,50,10849,240426.9,100.0,13,12.18
1786082980658,3714,v1,0.0327,0.8859,0.2655,1.7069,0.1538,0.02992,0.2165,0.002215,0.614,1,26,84.42,0.444,1,0,12.243,12.243,1,50,10125,191978.6,100.0,8,8.71
1786082983312,3715,v1,0.0732,0.9761,0.432,2.3152,0.5597,0.01382,0.1956,0.002699,0.696,1,15,33.52,0.375,1,0,13.0,13.0,1,50,10574,240033.4,100.0,13,10.37
1786082977085,3716,v1,0.0168,0.744,0.1907,1.5613,0.8994,0.01814,0.0676,0.002153,0.617,1,31,93.75,0.31,1,0,15.634,15.634,0,50,10091,391450.9,68.76,17,8.13
1786082980011,3717,v1,0.0738,0.5601,0.1268,2.3757,0.7302,0.01437,0.0833,0.002855,0.625,1,8,33.28,0.93,1,10326,7.0,0.0,1,50,10551,288236.6,100.0,20,54.6
1786082983010,3718,v1,0.0408,0.8585,0.3685,1.4731,0.4678,0.02025,0.1687,0.001245,0.624,1,17,28.47,0.943,1,1053,15.485,13.966,0,50,10626,352253.7,89.87,15,4.75
1786082986242,3719,v1,0.0625,0.6927,0.3789,1.7645,0.1892,0.01684,0.2493,0.001566,0.601,0,18,29.47,0.778,1,836,15.293,14.216,0,50,10437,343785.0,88.56,15,5.64
1786082977038,3720,v1,0.0233,0.9349,0.4063,2.238,0.5838,0.00318,0.1996,0.002591,0.68,0,30,37.59,0.431,1,0,14.352,14.352,1,50,11029,235713.3,100.0,13,10.13
1786082979241,3721,v1,0.0422,0.2338,0.3038,1.6302,0.6124,0.02122,0.0661,0.001461,0.584,1,19,78.41,0.715,1,0,10.168,10.168,1,50,10458,175130.5,100.0,7,6.2
1786082981993,3722,v1,0.0625,0.5596,0.4662,1.6014,0.2743,0.01993,0.0908,0.002219,0.635,1,21,74.03,0.597,1,0,12.949,12.949,1,50,11050,242185.9,100.0,13,8.49
1786082986369,3723,v1,0.0135,0.4805,0.2228,2.4791,0.5583,0.01018,0.0574,0.003668,0.601,1,12,54.31,0.853,1,10528,11.0,0.0,0,50,10947,619142.3,0.0,-1,13.2
1786082979525,3724,v1,0.043,0.8103,0.1853,1.7037,0.8688,0.00363,0.2418,0.003522,0.717,0,28,40.53,0.528,1,0,0.0,0.0,0,50,10608,609649.1,0.0,-1,12.89
1786082981830,3725,v1,0.0229,0.7094,0.2878,2.1185,0.154,0.03072,0.1058,0.002988,0.643,1,33,73.53,0.927,1,0,14.297,14.297,1,50,9907,217601.5,100.0,13,11.79
1786082984812,3726,v1,0.058,0.9797,0.3223,1.5133,0.9561,0.02121,0.191,0.001891,0.706,1,9,97.42,0.825,1,10339,8.0,0.0,1,50,10502,288592.8,100.0,19,21.08
1786082987639,3727,v1,0.0675,0.6154,0.3258,1.8791,0.5839,0.00346,0.1993,0.001328,0.68,0,21,76.13,0.583,1,0,13.0,13.0,1,50,10609,234944.9,100.0,13,5.09
1786082986717,3728,v1,0.0646,0.5481,0.3952,1.8735,0.3436,0.0085,0.0817,0.003653,0.598,0,15,56.81,0.593,1,3158,14.0,10.2,0,50,10518,447575.8,61.61,15,13.06
1786082989374,3729,v1,0.079,0.4404,0.4159,1.951,0.5369,0.02159,0.0636,0.003763,0.702,1,15,53.87,0.442,1,0,13.0,13.0,1,50,10569,237490.2,100.0,13,14.07
1786082992346,3730,v1,0.0242,0.8816,0.133,2.3599,0.1044,0.03092,0.1552,0.002516,0.586,1,34,56.81,0.72,1,0,17.829,17.829,0,50,9978,275399.9,85.37,14,9.69
1786082994892,3731,v1,0.0108,0.4901,0.4898,2.4541,0.6461,0.03036,0.0743,0.001938,0.641,0,20,67.31,0.935,1,0,13.0,13.0,1,50,11035,241682.2,100.0,13,7.85
1786082986354,3732,v1,0.0629,0.2978,0.4651,0.853,0.9195,0.0247,0.1128,0.002751,0.637,0,16,92.24,0.403,1,0,14.696,14.696,0,50,9497,267592.2,94.41,14,10.4
1786082988906,3733,v1,0.0194,0.3523,0.1491,1.6954,0.2596,0.01842,0.0813,0.001321,0.707,1,20,68.98,0.487,1,0,14.888,14.888,1,50,9832,235205.6,100.0,15,5.29
1786082991790,3734,v1,0.0166,0.7711,0.1363,2.0066,0.3566,0.00559,0.1945,0.001933,0.64,1,34,29.67,0.805,1,2000,14.351,11.467,1,50,10614,247222.7,100.0,13,7.48
1786082995062,3735,v1,0.0645,0.9005,0.1541,2.1019,0.2912,0.02217,0.1305,0.003044,0.702,0,35,44.95,0.881,1,0,22.337,22.337,0,50,10866,455713.5,85.08,17,11.07
1786082987008,3736,v1,0.0762,0.8985,0.2434,1.6564,0.8221,0.01137,0.1971,0.002007,0.666,1,14,54.31,0.365,1,0,12.95,12.95,1,50,10204,229411.4,100.0,13,8.09
1786082989476,3737,v1,0.0401,0.2769,0.3248,0.8284,0.1226,0.01497,0.2255,0.003055,0.602,0,14,22.73,0.441,1,0,11.032,11.032,1,50,10454,185263.4,100.0,6,11.42
1786082993719,3738,v1,0.0168,0.6286,0.2226,1.3073,0.8157,0.01003,0.0688,0.002975,0.703,1,23,52.71,0.839,1,0,0.0,0.0,0,50,9993,583819.1,0.0,-1,10.77
1786082996554,3739,v1,0.0131,0.3291,0.132,1.7918,0.2919,0.00395,0.1434,0.001545,0.664,1,34,62.69,0.615,1,1487,17.903,15.175,1,50,10366,281826.6,100.0,16,6.69
1786082988350,3740,v1,0.0225,0.2791,0.4954,2.2762,0.9361,0.0178,0.0794,0.00372,0.684,1,30,94.51,0.643,1,0,15.994,15.994,1,50,9747,229239.1,100.0,14,14.08
1786082990584,3741,v1,0.0228,0.8724,0.3122,2.2031,0.7866,0.00959,0.1816,0.002541,0.651,1,31,85.99,0.981,1,0,14.352,14.352,1,50,10295,238469.4,100.0,13,9.33
1786082992986,3742,v1,0.0411,0.5263,0.4571,1.7836,0.2731,0.01191,0.0875,0.002199,0.664,0,17,66.32,0.475,1,0,13.0,13.0,1,50,9757,224219.2,100.0,13,8.35
1786082995775,3743,v1,0.0629,0.7632,0.2492,2.0838,0.8673,0.01196,0.1162,0.002303,0.678,1,32,76.39,0.985,1,0,19.663,19.663,0,50,10133,326253.1,90.75,17,8.86
1786082989560,3744,v1,0.0728,0.2101,0.1974,2.4571,0.9665,0.03195,0.079,0.002926,0.674,0,32,89.64,0.303,1,0,12.752,12.752,1,50,11441,210456.1,100.0,9,11.5
1786082992110,3745,v1,0.0255,0.7648,0.1774,0.9766,0.6108,0.01867,0.2069,0.001681,0.663,1,4,46.32,0.894,1,9029,3.0,0.0,1,50,9075,257109.9,0.0,-1,100.0
1786082996795,3746,v1,0.0477,0.6425,0.348,1.1592,0.173,0.01517,0.2319,0.003446,0.628,1,14,86.78,0.833,1,10582,13.0,0.0,0,50,11080,627113.9,0.0,-1,13.34
1786082999169,3747,v1,0.0636,0.6597,0.2527,2.1833,0.3996,0.01721,0.08,0.001274,0.581,1,23,91.19,0.992,1,0,10.758,10.758,1,50,10750,187449.5,100.0,7,4.85
1786082991602,3748,v1,0.0772,0.8334,0.2783,1.0271,0.8248,0.0137,0.2172,0.003077,0.629,1,4,77.92,0.491,1,6487,3.0,1.321,0,50,11707,524016.7,37.83,15,11.24
1786082994750,3749,v1,0.0798,0.3352,0.1723,1.9577,0.177,0.03113,0.139,0.001522,0.692,1,6,63.14,0.84,1,9960,5.0,0.0,1,50,10024,287800.8,100.0,20,35.33
1786082997378,3750,v1,0.0124,0.7985,0.4318,1.5114,0.2215,0.03194,0.1909,0.001719,0.615,0,33,54.18,0.737,1,0,17.019,17.019,0,50,10173,275397.8,85.52,14,6.83
1786083000256,3751,v1,0.0276,0.7519,0.2097,1.4648,0.4141,0.02126,0.1112,0.003015,0.632,0,20,80.54,0.545,1,0,12.951,12.951,1,50,11378,261299.0,100.0,13,11.35
1786082992257,3752,v1,0.0634,0.6092,0.2287,1.2705,0.33,0.01552,0.1254,0.003587,0.636,0,16,23.28,0.808,1,4418,15.0,9.374,0,50,10792,487609.8,56.71,16,14.09
1786082994790,3753,v1,0.0477,0.4635,0.4047,1.4876,0.8584,0.00654,0.0664,0.00121,0.583,0,32,99.87,0.431,1,0,12.067,12.067,1,50,10857,189718.5,100.0,7,4.76
1786082997628,3754,v1,0.0685,0.2896,0.1151,2.3229,0.4938,0.00335,0.1085,0.003374,0.581,1,24,24.97,0.819,1,1815,13.367,11.197,1,50,11933,265170.7,100.0,13,12.42
1786083000588,3755,v1,0.0126,0.2092,0.3912,1.7329,0.1142,0.01024,0.2404,0.002549,0.591,1,5,23.6,0.434,1,6456,4.0,1.403,1,50,10035,259300.4,100.0,14,68.55
1786082998457,3756,v1,0.0124,0.5002,0.4281,1.6805,0.5664,0.03186,0.1744,0.001855,0.603,0,12,23.87,0.964,1,6280,11.0,5.64,1,50,10788,260111.1,100.0,13,62.4
1786083000904,3757,v1,0.0633,0.254,0.4573,1.4429,0.8805,0.01225,0.118,0.001592,0.652,0,28,91.15,0.753,1,0,11.938,11.938,1,50,10503,191680.3,100.0,8,6.11
1786083003442,3758,v1,0.0209,0.5399,0.1242,1.0388,0.9507,0.03156,0.1199,0.001807,0.657,0,15,27.5,0.869,1,0,13.0,13.0,1,50,10718,240569.5,100.0,13,6.88
1786083007123,3759,v1,0.0765,0.8741,0.193,1.2808,0.7509,0.0247,0.1968,0.002889,0.664,1,21,49.21,0.829,1,1868,16.046,13.465,0,50,12250,389839.5,89.2,15,11.29
1786082998453,3760,v1,0.0794,0.2334,0.1577,1.6817,0.2174,0.02366,0.1008,0.002929,0.589,1,27,79.68,0.338,1,0,11.748,11.748,1,50,10223,181085.3,100.0,4,11.43
1786083001375,3761,v1,0.0279,0.7521,0.4684,1.3286,0.7611,0.01662,0.1835,0.002786,0.655,0,25,33.9,0.681,1,0,18.802,18.802,0,50,10279,346101.7,84.32,18,10.88
1786083005601,3762,v1,0.0701,0.4542,0.3477,1.6046,0.2825,0.00688,0.1003,0.001657,0.702,1,16,47.19,0.725,1,9561,15.0,0.654,0,50,10240,640983.6,4.03,-1,6.61
1786083009470,3763,v1,0.0687,0.4642,0.2769,1.4193,0.3173,0.00456,0.0605,0.001337,0.59,1,11,79.91,0.415,1,4992,10.0,5.123,0,50,10392,503950.1,46.39,15,5.19
1786083000118,3764,v1,0.074,0.888,0.317,1.2662,0.1254,0.0061,0.1737,0.003299,0.698,0,24,31.42,0.544,1,0,18.399,18.399,0,50,10038,441010.1,83.84,17,12.29
1786083002812,3765,v1,0.0414,0.3983,0.2951,2.0827,0.6579,0.00378,0.1305,0.003421,0.711,1,11,47.92,0.779,1,9135,10.0,0.227,1,50,9686,269404.4,100.0,26,98.02
1786083004979,3766,v1,0.0513,0.2923,0.3191,0.9166,0.8181,0.02828,0.0576,0.001367,0.588,1,31,22.4,0.803,1,0,8.648,8.648,1,50,10381,110430.0,100.0,4,5.19
1786083007056,3767,v1,0.0711,0.5967,0.479,0.8112,0.4006,0.01593,0.0881,0.001362,0.718,1,27,69.71,0.994,1,0,13.867,13.867,1,50,9153,210350.6,100.0,13,5.07
1786083001403,3768,v1,0.0773,0.7044,0.3437,2.2099,0.1603,0.02341,0.0966,0.00187,0.717,0,7,23.1,0.431,1,3294,6.0,4.738,0,50,10563,526918.5,62.58,16,7.27
1786083003965,3769,v1,0.0584,0.2894,0.211,2.0884,0.3404,0.02705,0.1624,0.003547,0.654,0,14,83.39,0.536,1,0,12.067,12.067,1,50,10704,212639.0,100.0,10,13.27
1786083007617,3770,v1,0.054,0.2572,0.4714,1.5089,0.6802,0.00445,0.1608,0.001466,0.628,1,6,88.51,0.353,1,4477,5.0,2.682,0,50,9728,480022.3,50.84,17,5.84
1786083011694,3771,v1,0.0171,0.8602,0.3807,1.0469,0.4728,0.02676,0.1047,0.002381,0.646,1,10,39.32,0.467,1,6763,9.0,3.096,0,50,10505,519960.6,31.9,17,8.83
1786083002870,3772,v1,0.0175,0.2556,0.4578,2.2863,0.7633,0.02939,0.1366,0.002138,0.589,1,31,31.32,0.876,1,1602,16.68,13.93,0,50,10254,299199.7,84.21,14,7.97
1786083007067,3773,v1,0.0308,0.6472,0.1832,2.2131,0.3124,0.03028,0.057,0.003528,0.614,1,13,65.05,0.427,1,6697,12.0,4.649,0,50,11371,521026.2,35.81,16,12.72
1786083009248,3774,v1,0.0639,0.3028,0.3064,1.5984,0.1846,0.0234,0.1555,0.002472,0.61,0,23,34.6,0.353,1,0,11.022,11.022,1,50,9947,172786.3,100.0,6,9.1
1786083011496,3775,v1,0.0193,0.4072,0.2918,1.9892,0.1134,0.01896,0.0719,0.003678,0.648,1,15,76.53,0.912,1,0,13.123,13.123,1,50,8902,201943.9,100.0,13,14.02
1786083003540,3776,v1,0.0341,0.8391,0.2193,1.3536,0.6509,0.00883,0.1726,0.003455,0.682,0,5,90.98,0.908,1,0,4.0,4.0,1,50,11379,246154.6,100.0,13,12.74
1786083005699,3777,v1,0.0642,0.2726,0.225,1.5201,0.812,0.02803,0.2499,0.002897,0.592,1,18,65.93,0.776,1,0,9.841,9.841,1,50,10391,157521.7,100.0,7,11.14
1786083009943,3778,v1,0.0122,0.5055,0.1216,1.3865,0.3491,0.01853,0.1082,0.001515,0.687,0,18,85.45,0.987,1,0,17.0,17.0,0,50,10272,613747.0,0.0,-1,5.95
1786083012433,3779,v1,0.0461,0.7828,0.2702,1.2511,0.2446,0.00555,0.0659,0.003099,0.679,0,17,86.69,0.695,1,0,13.0,13.0,1,50,10374,228878.7,100.0,13,11.52
1786083003747,3780,v1,0.071,0.2975,0.3279,2.3081,0.9943,0.03139,0.1228,0.002144,0.709,1,28,97.73,0.958,1,0,14.036,14.036,1,50,10096,228036.4,100.0,13,7.9
1786083007612,3781,v1,0.0227,0.2824,0.2076,2.4409,0.2702,0.00384,0.1024,0.003179,0.607,0,31,73.67,0.686,1,0,0.0,0.0,0,50,9357,539249.7,0.0,-1,11.69
1786083010526,3782,v1,0.0124,0.7338,0.4818,2.2499,0.5041,0.021,0.0899,0.003631,0.609,0,25,57.25,0.446,1,0,18.76,18.76,0,50,10072,322980.1,83.86,17,13.76
1786083013058,3783,v1,0.037,0.3874,0.3455,2.4623,0.7799,0.01501,0.1755,0.001786,0.645,0,24,26.82,0.534,1,0,13.472,13.472,1,50,10475,246423.8,100.0,13,7.11
1786083009732,3784,v1,0.0286,0.3043,0.3295,1.3012,0.5633,0.02673,0.1291,0.002468,0.638,1,25,81.99,0.337,1,0,13.526,13.526,1,50,9150,209183.7,100.0,13,9.16
1786083013289,3785,v1,0.0627,0.6355,0.2147,2.4006,0.1238,0.02676,0.1959,0.001834,0.705,1,27,77.33,0.475,1,0,19.545,19.545,0,50,11173,495057.5,84.49,17,7.17
1786083016710,3786,v1,0.0386,0.3592,0.232,2.1792,0.5679,0.00767,0.0635,0.003114,0.6,1,7,61.56,0.632,1,10575,6.0,0.327,0,50,11415,632159.5,4.72,-1,12.06
1786083020280,3787,v1,0.0509,0.4317,0.3015,1.4842,0.4091,0.02036,0.1462,0.001452,0.641,1,6,33.74,0.64,1,9645,5.0,0.701,0,50,11304,641609.9,13.96,-1,5.41
1786083011251,3788,v1,0.0508,0.3549,0.3879,1.4576,0.6244,0.015,0.1807,0.002439,0.672,1,26,31.88,0.608,1,1105,18.253,16.167,0,50,10182,360931.7,91.07,17,9.1
1786083013555,3789,v1,0.0502,0.8074,0.1145,1.913,0.2532,0.01508,0.1223,0.001307,0.649,1,7,40.76,0.977,1,10180,6.0,0.0,1,50,10258,292867.7,0.0,-1,100.0
1786083015998,3790,v1,0.0568,0.3061,0.2109,1.1843,0.9232,0.00448,0.2196,0.003443,0.639,1,4,85.3,0.941,1,10886,3.0,0.0,1,50,10993,298093.5,100.0,20,43.63
1786083019909,3791,v1,0.0121,0.2035,0.2668,0.9682,0.6925,0.00444,0.1228,0.002477,0.69,0,9,44.46,0.306,1,2062,8.0,6.917,0,50,11645,678782.6,0.0,-1,9.03
1786083012334,3792,v1,0.0464,0.5013,0.3422,1.0208,0.1405,0.00638,0.0951,0.00131,0.596,1,17,36.07,0.806,1,0,11.927,11.927,1,50,9942,204380.8,100.0,8,5.19
1786083014347,3793,v1,0.0293,0.5918,0.3244,2.3616,0.4193,0.02591,0.0784,0.002714,0.637,1,11,30.09,0.458,1,6814,10.0,3.471,1,50,10709,282993.0,100.0,13,68.92
1786083016145,3794,v1,0.0533,0.8496,0.3604,1.3484,0.8883,0.02771,0.0832,0.002537,0.593,1,29,48.55,0.505,1,1058,7.456,6.691,1,50,10928,90843.9,100.0,4,9.55
1786083019743,3795,v1,0.0192,0.2381,0.1896,1.1641,0.5871,0.01546,0.2085,0.002112,0.611,1,18,48.4,0.912,1,8943,17.0,2.3,0,50,10722,632534.3,13.53,-1,7.91
1786083014240,3796,v1,0.0728,0.3369,0.2412,1.382,0.6942,0.01938,0.2137,0.002163,0.61,0,25,34.34,0.314,1,0,16.34,16.34,0,50,10808,298259.9,99.47,15,7.93
1786083016214,3797,v1,0.0777,0.8047,0.1306,1.2554,0.9436,0.0214,0.1578,0.001721,0.643,0,27,78.18,0.869,1,0,10.96,10.96,1,50,10343,166352.1,100.0,6,6.27
1786083018326,3798,v1,0.0444,0.9272,0.2523,2.0684,0.4798,0.01946,0.2002,0.001934,0.621,0,23,26.53,0.624,1,555,13.197,12.59,1,50,10525,244491.5,100.0,13,9.58
1786083020388,3799,v1,0.0492,0.6952,0.2124,1.8305,0.5631,0.02461,0.0734,0.002127,0.596,1,6,68.73,0.506,1,7885,5.0,1.505,1,50,11389,285762.8,100.0,13,72.65
1786083027803,3800,v1,0.0748,0.596,0.3712,1.9944,0.8346,0.02247,0.0981,0.003519,0.678,1,18,59.17,0.766,1,1337,15.923,13.747,0,50,10215,342179.0,84.07,15,12.82
1786083031127,3801,v1,0.0423,0.7917,0.1232,2.4315,0.8111,0.00695,0.1818,0.003639,0.628,1,31,46.11,0.35,1,1115,18.179,15.543,0,50,10506,441800.9,80.92,18,14.6
1786083033513,3802,v1,0.0691,0.5532,0.1831,0.8549,0.8281,0.01146,0.1547,0.001992,0.698,1,15,57.21,0.786,1,0,13.0,13.0,1,50,10499,242408.7,100.0,13,7.8
1786083036054,3803,v1,0.0136,0.6058,0.1871,1.8842,0.6238,0.00482,0.1645,0.00334,0.654,1,9,65.34,0.555,1,6487,8.0,2.604,1,50,9902,261046.7,100.0,14,71.36
1786083029740,3804,v1,0.0344,0.3718,0.382,2.2633,0.7673,0.00625,0.064,0.0024,0.589,1,10,88.6,0.617,1,8734,9.0,0.976,0,50,9988,566503.9,9.38,-1,8.6
1786083033535,3805,v1,0.0487,0.6475,0.2535,1.686,0.5447,0.01785,0.138,0.002424,0.702,0,7,26.98,0.919,1,6860,6.0,3.296,0,50,10274,563537.2,27.43,18,9.03
1786083036163,3806,v1,0.0441,0.4683,0.416,2.3417,0.1086,0.02638,0.1797,0.001592,0.597,0,30,77.88,0.897,1,0,12.704,12.704,1,50,10790,198900.2,100.0,6,6.18
1786083039044,3807,v1,0.035,0.9813,0.3742,2.1354,0.3446,0.02076,0.182,0.001711,0.672,0,23,94.52,0.84,1,0,13.202,13.202,1,50,10211,226334.4,100.0,13,6.69
1786083028954,3808,v1,0.0752,0.9715,0.2337,2.1261,0.9405,0.02162,0.1692,0.003318,0.716,1,13,68.09,0.879,1,9990,12.0,0.0,1,50,10400,284713.5,100.0,18,26.83
1786083031053,3809,v1,0.0757,0.9097,0.4883,1.3746,0.3484,0.01332,0.1871,0.003698,0.645,1,31,96.83,0.696,1,0,13.175,13.175,1,50,9773,200841.5,100.0,8,13.85
1786083033088,3810,v1,0.0534,0.7306,0.3587,1.4749,0.2644,0.00859,0.194,0.002693,0.59,0,11,37.31,0.767,1,1962,7.48,5.75,1,50,9307,158272.8,100.0,4,10.8
1786083036543,3811,v1,0.0165,0.3762,0.4256,1.6623,0.8167,0.01462,0.0614,0.003329,0.611,0,32,80.33,0.454,1,0,17.936,17.936,0,50,10831,405354.5,79.04,18,12.82
1786083029917,3812,v1,0.0752,0.3221,0.3916,1.4067,0.6176,0.0102,0.1011,0.001375,0.678,1,27,96.81,0.324,1,0,17.909,17.909,0,50,10845,385629.2,88.85,16,5.1
1786083032156,3813,v1,0.0348,0.7963,0.3091,1.7441,0.4419,0.00309,0.1253,0.00328,0.656,0,16,47.87,0.768,1,0,13.0,13.0,1,50,10107,222165.9,100.0,13,12.83
1786083034289,3814,v1,0.0416,0.3151,0.3353,1.9552,0.787,0.021,0.1244,0.002517,0.61,1,27,95.33,0.487,1,0,11.287,11.287,1,50,10078,173255.0,100.0,8,9.36
1786083036920,3815,v1,0.0247,0.5049,0.4388,1.1171,0.6377,0.01162,0.0976,0.002413,0.709,0,7,31.02,0.917,1,4690,6.0,4.058,1,50,9823,247799.4,100.0,14,53.54
1786083029649,3816,v1,0.0745,0.3101,0.2922,1.1618,0.7982,0.0291,0.0521,0.00122,0.655,1,9,55.51,0.696,1,4793,7.01,3.231,1,50,10240,184659.5,100.0,5,4.89
1786083031854,3817,v1,0.0648,0.9681,0.4163,1.0268,0.7148,0.01954,0.089,0.002801,0.681,1,30,84.14,0.93,1,0,12.958,12.958,1,50,9826,189288.3,100.0,9,10.55
1786083034761,3818,v1,0.0207,0.6271,0.2919,2.3653,0.2296,0.01143,0.1903,0.002133,0.717,0,12,70.91,0.874,1,7066,11.0,5.065,1,50,10985,282952.3,100.0,15,68.59
1786083037887,3819,v1,0.0737,0.7763,0.4299,1.581,0.9082,0.01895,0.2169,0.001788,0.714,1,19,57.0,0.319,1,868,16.789,15.478,0,50,11405,376770.7,83.84,16,6.84
1786083030249,3820,v1,0.0201,0.485,0.3176,1.2084,0.6233,0.00564,0.1487,0.003434,0.622,0,16,95.72,0.85,1,0,13.0,13.0,1,50,10396,236527.0,100.0,13,12.71
1786083033227,3821,v1,0.0226,0.8655,0.2877,1.4881,0.6351,0.00331,0.1988,0.002759,0.587,0,25,66.83,0.983,1,0,14.908,14.908,0,50,10277,432182.9,72.5,18,10.79
1786083037617,3822,v1,0.0209,0.2006,0.4891,1.991,0.6109,0.00512,0.0696,0.00124,0.688,0,18,57.9,0.814,1,5396,17.0,8.908,0,50,10207,619232.9,0.0,-1,4.73
1786083040420,3823,v1,0.041,0.7765,0.361,2.0749,0.5802,0.01018,0.208,0.002536,0.683,0,22,87.06,0.846,1,0,13.0,13.0,1,50,10956,245337.2,100.0,13,9.27
1786083030922,3824,v1,0.0433,0.8446,0.2709,1.0543,0.5098,0.02043,0.0534,0.001529,0.671,1,30,84.87,0.802,1,0,14.367,14.367,1,50,10376,245174.6,100.0,13,6.12
1786083035178,3825,v1,0.0691,0.9009,0.3248,1.4819,0.5737,0.02863,0.0679,0.002313,0.719,1,6,32.51,0.779,1,9300,5.0,0.52,0,50,10503,573684.2,8.99,-1,9.04
1786083038085,3826,v1,0.0577,0.7441,0.2273,0.9259,0.1231,0.02841,0.187,0.002464,0.698,0,25,47.29,0.661,1,0,17.891,17.891,0,50,9841,393855.8,85.68,16,8.82
1786083042516,3827,v1,0.0151,0.8187,0.2307,1.4906,0.3236,0.02243,0.1921,0.001979,0.678,0,31,99.29,0.933,1,0,0.223,0.223,0,50,10459,611086.6,1.02,-1,7.44
1786083039595,3828,v1,0.0466,0.3382,0.1322,1.8905,0.1366,0.00363,0.0556,0.003098,0.587,1,26,44.07,0.307,1,688,13.696,12.727,1,50,10469,236083.5,100.0,13,12.13
1786083042101,3829,v1,0.0441,0.475,0.4304,2.4564,0.699,0.0089,0.2252,0.002297,0.606,0,6,78.51,0.798,1,0,5.0,5.0,1,50,10264,229581.9,100.0,13,8.91
1786083045159,3830,v1,0.0312,0.9841,0.1015,1.9441,0.4071,0.03152,0.1513,0.002923,0.609,1,27,77.78,0.723,1,0,16.955,16.955,0,50,9968,284275.1,86.56,15,10.8
1786083047730,3831,v1,0.0276,0.2718,0.4332,1.8649,0.391,0.01502,0.2341,0.002476,0.709,0,7,31.12,0.414,1,2751,6.0,4.932,1,50,10474,265165.6,100.0,15,33.65
1786083041497,3832,v1,0.045,0.8608,0.4922,1.3986,0.1903,0.02947,0.119,0.001904,0.599,1,4,24.98,0.378,1,5307,3.0,1.531,0,50,10906,467081.2,43.48,12,7.42
1786083043891,3833,v1,0.0372,0.2828,0.2421,1.571,0.7996,0.01684,0.1357,0.001526,0.705,1,18,67.81,0.674,1,0,13.994,13.994,1,50,9712,230841.3,100.0,14,5.7
1786083048236,3834,v1,0.024,0.4619,0.2085,1.4755,0.4462,0.01259,0.2185,0.001371,0.648,1,15,83.74,0.846,1,9886,14.0,0.0,0,50,10075,612488.4,0.0,-1,5.36
1786083052867,3835,v1,0.0125,0.7903,0.3189,1.3989,0.2965,0.02185,0.1031,0.002137,0.694,0,28,31.22,0.915,1,0,0.0,0.0,0,50,10708,675356.8,0.0,-1,8.26
1786083042643,3836,v1,0.0196,0.9188,0.3247,2.496,0.8203,0.01784,0.0814,0.002597,0.642,0,8,92.86,0.402,1,0,7.0,7.0,0,50,10858,646046.0,0.95,-1,9.82
1786083045429,3837,v1,0.0359,0.243,0.122,0.814,0.1075,0.00957,0.1823,0.003256,0.709,1,22,64.37,0.704,1,1948,14.664,11.74,1,50,10474,259954.7,100.0,14,12.13
1786083047746,3838,v1,0.0549,0.6516,0.4435,2.151,0.1168,0.02198,0.1552,0.002771,0.71,1,20,53.44,0.889,1,0,13.0,13.0,1,50,9491,215276.5,100.0,13,9.89
1786083050720,3839,v1,0.034,0.3091,0.2987,2.4473,0.7915,0.02494,0.2105,0.001706,0.59,0,26,93.96,0.608,1,0,16.434,16.434,0,50,10782,304300.2,91.42,15,6.7
1786083042862,3840,v1,0.0343,0.7338,0.2066,1.2514,0.327,0.00458,0.1839,0.002901,0.609,1,11,89.03,0.493,1,6415,10.0,3.804,0,50,10656,575728.9,33.3,18,10.77
1786083045378,3841,v1,0.0644,0.2773,0.3673,2.4816,0.7772,0.0204,0.2275,0.003281,0.706,1,16,54.31,0.991,1,0,13.92,13.92,1,50,9952,230388.1,100.0,14,12.45
1786083047914,3842,v1,0.0771,0.5574,0.4761,1.0492,0.6336,0.01134,0.1681,0.001506,0.671,0,23,68.92,0.319,1,0,13.097,13.097,1,50,10564,238344.4,100.0,13,5.83
1786083050282,3843,v1,0.0629,0.7189,0.4011,2.319,0.4495,0.03192,0.1453,0.003577,0.615,1,4,34.84,0.325,1,4012,3.0,1.812,1,50,10247,225189.0,100.0,5,47.85
1786083043212,3844,v1,0.0473,0.8125,0.4395,1.344,0.3043,0.00742,0.1494,0.002772,0.617,0,5,22.17,0.54,1,3080,4.0,3.385,0,50,10133,458052.2,64.21,16,11.43
1786083045802,3845,v1,0.0782,0.8167,0.3098,1.9529,0.564,0.02732,0.0969,0.002613,0.657,1,11,85.32,0.972,1,5460,8.856,3.491,1,50,10410,203506.0,100.0,7,10.58
1786083048258,3846,v1,0.0155,0.7101,0.1817,2.176,0.3495,0.01671,0.1019,0.002348,0.634,1,26,48.15,0.572,1,1171,13.704,11.987,1,50,9849,220938.3,100.0,13,18.93
1786083051604,3847,v1,0.0786,0.7619,0.1572,1.6476,0.2261,0.00904,0.2289,0.002772,0.596,0,14,88.3,0.45,1,0,13.0,13.0,0,50,10787,381517.0,85.79,15,10.2
1786083045251,3848,v1,0.0785,0.3319,0.1264,2.4896,0.1963,0.023,0.2005,0.001916,0.703,0,7,26.82,0.743,1,3987,6.0,4.497,0,50,10729,533830.6,52.63,17,7.03
1786083047689,3849,v1,0.0668,0.3643,0.4898,1.9717,0.9241,0.02529,0.1377,0.001619,0.692,1,17,35.49,0.528,1,0,13.0,13.0,1,50,10690,239001.7,100.0,13,6.37
1786083051962,3850,v1,0.0774,0.5046,0.3099,1.7985,0.549,0.00785,0.0505,0.001722,0.697,0,11,67.7,0.989,1,5527,10.0,5.465,0,50,9910,524763.9,37.22,17,6.0
1786083056338,3851,v1,0.0174,0.306,0.161,2.3779,0.464,0.02383,0.1426,0.001306,0.646,0,11,51.28,0.612,1,4758,10.0,6.451,0,50,10843,544119.3,31.48,19,4.96
1786083045422,3852,v1,0.0566,0.2959,0.4556,1.1176,0.9277,0.01391,0.1982,0.001313,0.714,0,11,91.08,0.453,1,0,10.0,10.0,1,50,9175,222757.1,100.0,14,5.11
1786083048067,3853,v1,0.0144,0.8771,0.2607,1.0507,0.3461,0.00949,0.2128,0.003013,0.682,1,8,62.87,0.871,1,10679,7.0,0.0,1,50,10912,302197.2,0.0,-1,100.0
1786083052470,3854,v1,0.0117,0.3583,0.3494,1.7216,0.3497,0.01706,0.2395,0.002375,0.63,1,20,47.35,0.333,1,3984,19.0,11.274,0,50,10283,637882.2,0.0,-1,9.16
1786083055396,3855,v1,0.0209,0.9318,0.2287,0.9836,0.9235,0.01827,0.2235,0.002477,0.581,0,4,33.72,0.564,1,4674,3.0,2.564,1,50,10787,261088.4,100.0,13,49.05
1786083052066,3856,v1,0.0413,0.7997,0.2149,0.9458,0.318,0.02266,0.1824,0.002966,0.652,1,11,54.81,0.351,1,4361,10.0,5.596,0,50,10198,457851.7,48.27,16,11.38
1786083054542,3857,v1,0.0546,0.3956,0.2344,1.5083,0.2985,0.01374,0.2458,0.003511,0.646,1,25,84.06,0.671,1,0,13.518,13.518,1,50,10484,240230.3,100.0,13,13.06
1786083058904,3858,v1,0.0338,0.8288,0.402,2.4441,0.9616,0.01474,0.0618,0.001877,0.674,0,17,25.17,0.742,1,5811,16.0,8.107,0,50,10641,597459.8,20.39,19,7.66
1786083061592,3859,v1,0.0374,0.8885,0.3263,2.4923,0.3236,0.01775,0.0843,0.003246,0.637,1,10,99.98,0.693,1,9301,9.0,0.284,1,50,9894,268687.3,100.0,25,97.22
1786083054436,3860,v1,0.0383,0.6328,0.4583,0.9955,0.5309,0.00335,0.1686,0.002809,0.658,0,8,89.39,0.814,1,0,7.0,7.0,0,50,10626,443072.4,89.67,18,11.06
1786083057110,3861,v1,0.0418,0.4715,0.1178,1.393,0.9588,0.02065,0.1934,0.002267,0.676,1,16,43.78,0.776,1,0,13.0,13.0,1,50,10319,232400.3,100.0,13,8.55
1786083061004,3862,v1,0.0358,0.6648,0.3306,2.402,0.4086,0.00362,0.2053,0.00149,0.687,1,17,67.91,0.332,1,4153,16.0,8.927,0,50,9621,576544.4,0.59,-1,5.93
1786083063301,3863,v1,0.0156,0.233,0.2344,1.1529,0.6238,0.02728,0.1676,0.002775,0.583,0,30,93.18,0.684,1,0,11.865,11.865,1,50,10314,178242.6,100.0,8,10.64
1786083054837,3864,v1,0.0458,0.3743,0.1802,2.1382,0.3728,0.02744,0.2067,0.001849,0.683,0,20,61.65,0.508,1,0,17.405,17.405,0,50,9910,383149.9,84.88,17,7.42
1786083057506,3865,v1,0.0204,0.7942,0.392,2.394,0.7699,0.02673,0.1685,0.002921,0.654,0,7,31.39,0.827,1,6151,6.0,3.437,1,50,9754,250230.0,100.0,13,67.82
1786083059702,3866,v1,0.0635,0.6646,0.3485,1.4727,0.6554,0.02202,0.2425,0.003423,0.629,0,29,75.41,0.327,1,0,11.588,11.588,1,50,10019,169287.0,100.0,7,12.8
1786083061982,3867,v1,0.0477,0.8374,0.1912,1.5483,0.537,0.01805,0.2112,0.002274,0.642,1,27,76.91,0.379,1,0,13.866,13.866,1,50,9617,216780.7,100.0,13,8.64
1786083055320,3868,v1,0.0519,0.3833,0.4044,2.0799,0.8542,0.02853,0.2411,0.001313,0.596,0,27,50.5,0.468,1,0,16.089,16.089,0,50,10773,296233.8,85.3,14,4.95
1786083057951,3869,v1,0.0543,0.3496,0.4669,1.9706,0.1975,0.01426,0.0731,0.002512,0.584,0,27,78.28,0.936,1,0,13.211,13.211,1,50,10732,233672.3,100.0,13,9.49
1786083060457,3870,v1,0.0546,0.5226,0.4344,2.115,0.1179,0.01241,0.1872,0.003195,0.655,1,22,55.49,0.618,1,1706,12.781,10.625,1,50,10805,240786.7,100.0,13,13.94
1786083064327,3871,v1,0.0572,0.283,0.3454,1.074,0.7111,0.02647,0.1747,0.00137,0.683,0,11,82.37,0.993,1,6886,10.0,4.213,0,50,9669,522935.5,27.68,16,5.69
1786083056590,3872,v1,0.0693,0.7641,0.1146,1.0251,0.1827,0.03159,0.1031,0.002049,0.688,0,35,22.08,0.381,1,389,19.165,18.504,0,50,10801,375943.7,90.51,15,7.84
1786083058863,3873,v1,0.054,0.7743,0.4929,1.0408,0.8963,0.01399,0.1287,0.002575,0.581,0,33,39.4,0.43,1,0,8.266,8.266,1,50,11330,108905.1,100.0,3,9.55
1786083061654,3874,v1,0.0102,0.9359,0.392,2.2886,0.732,0.00968,0.119,0.002101,0.658,0,6,36.63,0.736,1,5666,5.0,3.4,1,50,10722,269505.2,100.0,13,56.9
1786083064137,3875,v1,0.0355,0.4704,0.3085,2.0794,0.9154,0.01711,0.1097,0.003398,0.712,1,31,62.55,0.472,1,0,15.367,15.367,1,50,10274,244669.3,100.0,14,12.7
1786083058668,3876,v1,0.0311,0.5357,0.4855,1.4209,0.3241,0.02087,0.2128,0.002704,0.665,1,23,94.52,0.804,1,0,13.206,13.206,1,50,10614,245908.8,100.0,13,10.56
1786083061936,3877,v1,0.0447,0.6562,0.2273,0.9772,0.7115,0.02796,0.1215,0.001621,0.717,1,28,43.78,0.565,1,1344,18.972,16.461,0,50,10500,368393.9,90.72,17,6.3
1786083064403,3878,v1,0.0595,0.967,0.2021,2.2972,0.7888,0.02429,0.0514,0.002903,0.627,0,25,71.04,0.316,1,0,13.527,13.527,1,50,9618,213979.9,100.0,13,11.04
1786083066814,3879,v1,0.0302,0.2752,0.2423,2.433,0.5615,0.00859,0.2222,0.001376,0.589,1,23,37.98,0.723,1,1328,13.463,11.765,1,50,10659,240966.5,100.0,13,17.32
1786083061032,3880,v1,0.0264,0.4427,0.1641,1.1752,0.1716,0.02312,0.2324,0.003617,0.671,1,15,97.37,0.892,1,9706,14.0,0.0,0,50,10222,609751.6,0.0,-1,13.46
1786083063510,3881,v1,0.0286,0.4352,0.3989,1.6073,0.1299,0.00381,0.2306,0.002489,0.632,0,33,48.71,0.379,1,0,14.355,14.355,1,50,10090,235646.0,100.0,13,9.52
1786083066096,3882,v1,0.0687,0.6703,0.3127,2.0885,0.6337,0.00483,0.0948,0.002163,0.588,0,36,93.29,0.632,1,0,19.029,19.029,0,50,9779,295484.5,99.99,16,8.58
1786083069817,3883,v1,0.0106,0.2518,0.2437,1.1072,0.2276,0.00727,0.1324,0.002781,0.615,0,24,52.12,0.701,1,0,0.0,0.0,0,50,10436,584208.9,0.0,-1,10.44
1786083066018,3884,v1,0.0287,0.7533,0.2441,1.8145,0.8716,0.02157,0.1301,0.003246,0.68,0,36,67.29,0.384,1,0,12.097,12.097,0,50,10631,447473.7,49.94,18,12.6
1786083069245,3885,v1,0.074,0.3763,0.4731,2.3947,0.371,0.02372,0.1354,0.002093,0.685,0,12,35.95,0.79,1,4960,11.0,6.433,0,50,10016,497991.9,42.49,16,8.47
1786083073120,3886,v1,0.0339,0.2366,0.2281,0.8121,0.4101,0.02542,0.0735,0.003582,0.669,1,9,90.39,0.719,1,11353,8.0,0.0,0,50,11681,671969.4,0.0,-1,13.04
1786083074753,3887,v1,0.0737,0.5296,0.2749,2.0011,0.2998,0.01446,0.2115,0.001826,0.593,1,30,35.23,0.941,1,1709,17.306,14.4,0,50,10656,354410.7,88.59,15,7.08
1786083064944,3888,v1,0.079,0.5677,0.2035,1.2091,0.3527,0.0038,0.1944,0.003616,0.6,1,17,39.18,0.8,1,0,10.529,10.529,1,50,10565,185257.8,100.0,4,13.22
1786083067272,3889,v1,0.0287,0.3215,0.4212,2.3706,0.2,0.0055,0.0658,0.003044,0.7,0,5,40.36,0.484,1,2524,4.0,3.487,1,50,9982,251590.7,100.0,15,34.4
1786083069938,3890,v1,0.0227,0.8904,0.1875,0.888,0.5746,0.02867,0.1452,0.002702,0.641,0,19,72.52,0.624,1,0,16.101,16.101,0,50,10260,308983.6,85.4,15,10.28
1786083071971,3891,v1,0.018,0.7194,0.4268,1.8255,0.5161,0.0307,0.1831,0.002026,0.692,1,18,89.07,0.484,1,0,13.0,13.0,1,50,10354,231092.6,100.0,13,7.48
1786083066979,3892,v1,0.0247,0.6165,0.4983,2.3645,0.4368,0.03133,0.1271,0.001432,0.694,0,27,62.55,0.77,1,0,17.655,17.655,0,50,11086,392549.4,78.75,18,5.57
1786083069216,3893,v1,0.0155,0.6682,0.4541,2.017,0.2306,0.01555,0.0943,0.002384,0.648,0,24,21.3,0.84,1,899,13.361,12.334,1,50,10390,236580.8,100.0,13,17.84
1786083071346,3894,v1,0.0744,0.4006,0.4658,0.8112,0.9066,0.02867,0.1335,0.002186,0.677,1,33,74.94,0.377,1,0,11.608,11.608,1,50,10962,190173.7,100.0,7,8.78
1786083073116,3895,v1,0.0249,0.5343,0.171,2.2878,0.116,0.01459,0.0745,0.00359,0.588,0,29,78.36,0.555,1,0,14.205,14.205,1,50,10280,228116.4,100.0,13,12.95
1786083067006,3896,v1,0.0787,0.7453,0.3411,2.201,0.8475,0.00351,0.142,0.002754,0.597,1,27,92.58,0.727,1,0,17.515,17.515,0,50,10249,306356.9,99.55,16,10.56
1786083071041,3897,v1,0.0774,0.4435,0.2345,2.2296,0.1858,0.00735,0.076,0.003222,0.591,1,12,21.3,0.687,1,10081,11.0,0.0,0,50,10453,610984.1,0.0,-1,11.91
1786083072806,3898,v1,0.0393,0.4309,0.2263,0.8662,0.1872,0.00817,0.2438,0.003633,0.587,1,26,61.46,0.306,1,0,11.185,11.185,1,50,10873,184673.5,100.0,6,13.16
1786083074538,3899,v1,0.0399,0.434,0.4204,1.7438,0.9831,0.00852,0.1782,0.00343,0.595,0,18,36.46,0.6,1,0,16.325,16.325,0,50,11124,337267.8,86.16,16,13.0
1786083081905,3900,v1,0.0342,0.4461,0.4345,2.2471,0.5859,0.03065,0.0836,0.002956,0.611,0,32,63.93,0.563,1,0,17.42,17.42,0,50,10098,277308.4,97.58,15,11.2
1786083084695,3901,v1,0.0568,0.8291,0.371,1.843,0.8684,0.00593,0.2291,0.001677,0.581,1,33,43.85,0.859,1,1683,18.455,15.455,0,50,10870,352001.4,98.28,16,6.68
1786083088685,3902,v1,0.0343,0.6272,0.3378,0.9247,0.1329,0.00884,0.2296,0.002939,0.707,1,14,43.8,0.932,1,9801,13.0,0.0,0,50,10212,585499.9,0.0,-1,11.41
1786083091492,3903,v1,0.0786,0.2836,0.1265,1.5005,0.3435,0.00929,0.0661,0.00129,0.718,0,29,84.77,0.879,1,0,14.698,14.698,1,50,10910,243398.7,100.0,13,5.0
1786083082787,3904,v1,0.0541,0.7163,0.4375,1.1798,0.3518,0.02644,0.0982,0.002364,0.639,0,22,93.45,0.409,1,0,15.748,15.748,0,50,11137,310266.0,94.28,15,9.16
1786083086108,3905,v1,0.0547,0.8867,0.195,2.2036,0.4953,0.02342,0.072,0.001746,0.632,1,21,20.85,0.837,1,1760,16.347,13.664,0,50,11041,388016.5,94.51,15,6.9
1786083088200,3906,v1,0.0574,0.2765,0.1087,1.9249,0.3087,0.01998,0.0952,0.003593,0.6,1,31,87.41,0.33,1,0,11.857,11.857,1,50,10071,176296.0,100.0,6,13.43
1786083090629,3907,v1,0.0732,0.5946,0.1131,1.7578,0.6047,0.02096,0.1926,0.002985,0.625,0,21,90.39,0.684,1,0,16.043,16.043,0,50,10332,297059.7,88.92,15,11.24
1786083084565,3908,v1,0.0136,0.5526,0.1893,2.4927,0.2819,0.00892,0.2477,0.003428,0.607,0,16,25.02,0.646,1,4617,15.0,8.859,0,50,10334,589474.4,0.0,-1,12.88
1786083087699,3909,v1,0.0619,0.669,0.4773,1.7204,0.9933,0.02344,0.1705,0.001225,0.71,1,9,65.68,0.889,1,10317,8.0,0.185,1,50,10665,292315.2,100.0,19,35.56
1786083090302,3910,v1,0.0258,0.4615,0.2221,2.4757,0.7492,0.02021,0.0805,0.003505,0.599,0,21,91.4,0.567,1,0,17.388,17.388,0,50,9713,296695.2,85.59,17,12.83
1786083092986,3911,v1,0.0132,0.2867,0.3818,2.4508,0.1494,0.00413,0.1408,0.00231,0.628,1,19,44.86,0.658,1,0,15.309,15.309,1,50,10652,268616.9,100.0,15,10.56
1786083083829,3912,v1,0.0735,0.7119,0.3492,1.8233,0.6389,0.02439,0.1263,0.001489,0.66,1,21,27.32,0.51,1,1021,16.303,14.512,0,50,9488,312302.6,94.73,15,6.02
1786083086782,3913,v1,0.0298,0.8698,0.3809,2.3218,0.7277,0.01156,0.1717,0.001373,0.654,0,27,46.33,0.892,1,0,12.064,12.064,0,50,9704,449932.0,56.68,18,5.19
1786083089574,3914,v1,0.0405,0.225,0.3029,2.458,0.9885,0.01623,0.2186,0.002097,0.623,0,24,98.46,0.677,1,0,17.651,17.651,0,50,10304,316052.4,89.99,16,8.04
1786083092383,3915,v1,0.0671,0.5626,0.3179,1.3755,0.333,0.00725,0.2155,0.002653,0.698,1,8,86.12,0.618,1,7085,7.0,1.726,1,50,9580,256048.5,100.0,13,15.07
1786083085629,3916,v1,0.0432,0.8827,0.2075,1.9072,0.1645,0.00467,0.1647,0.001224,0.648,0,33,40.44,0.916,1,0,18.355,18.355,0,50,11302,603077.9,71.83,18,4.39
1786083088045,3917,v1,0.0797,0.5007,0.4331,2.333,0.1555,0.03081,0.1371,0.002962,0.611,1,25,83.31,0.49,1,0,15.618,15.618,0,50,9518,251573.0,87.64,14,10.77
1786083090036,3918,v1,0.0675,0.4038,0.3521,0.879,0.399,0.02521,0.2184,0.003518,0.589,1,20,84.1,0.347,1,0,8.523,8.523,1,50,9940,125057.6,100.0,4,13.01
1786083092319,3919,v1,0.0395,0.5756,0.4992,1.1484,0.6033,0.01098,0.105,0.002767,0.61,1,18,35.65,0.574,1,0,10.197,10.197,1,50,10311,169267.7,100.0,6,10.37
1786083084437,3920,v1,0.0728,0.4539,0.3528,1.5092,0.1944,0.00698,0.1438,0.001983,0.716,0,21,58.14,0.994,1,0,13.646,13.646,1,50,10099,230279.3,100.0,13,8.4
1786083088505,3921,v1,0.0622,0.3274,0.1254,2.0284,0.3356,0.02297,0.2276,0.002207,0.704,1,9,71.92,0.409,1,6322,8.0,3.242,0,50,10829,591650.8,36.57,18,8.48
1786083092587,3922,v1,0.0118,0.4321,0.2777,2.2935,0.1374,0.02386,0.1903,0.001778,0.673,1,10,50.86,0.747,1,9631,9.0,0.0,0,50,9782,583594.7,0.0,-1,7.15
1786083095400,3923,v1,0.0376,0.9348,0.2298,1.6034,0.9883,0.01842,0.1139,0.002445,0.649,1,35,53.57,0.866,1,1412,19.932,16.923,0,50,10128,343724.7,85.9,17,9.69
1786083085391,3924,v1,0.0216,0.8205,0.1829,1.1668,0.7788,0.01231,0.0723,0.001811,0.634,0,24,48.71,0.725,1,0,13.361,13.361,1,50,10673,239986.7,100.0,13,6.81
1786083088440,3925,v1,0.0281,0.4288,0.3349,1.6402,0.8749,0.02464,0.1349,0.001378,0.699,0,20,91.53,0.464,1,0,18.573,18.573,0,50,10192,402074.1,76.74,18,5.09
1786083092637,3926,v1,0.0258,0.4448,0.215,1.8028,0.8749,0.01399,0.0955,0.002961,0.701,1,6,29.64,0.573,1,8003,5.0,1.114,0,50,10442,582503.2,0.0,-1,11.03
1786083095016,3927,v1,0.0127,0.5,0.3056,1.2103,0.1039,0.02731,0.2298,0.00277,0.637,1,15,59.48,0.34,1,0,13.0,13.0,1,50,10144,222697.6,100.0,13,10.68
1786083093800,3928,v1,0.013,0.6355,0.2544,2.3253,0.4205,0.0191,0.1757,0.002913,0.593,0,12,89.07,0.945,1,0,11.0,11.0,1,50,9688,220096.0,100.0,13,10.71
1786083096315,3929,v1,0.0666,0.577,0.113,2.4395,0.3886,0.00594,0.1235,0.001628,0.6,1,14,65.16,0.314,1,0,13.0,13.0,1,50,9797,219450.8,100.0,13,6.09
1786083099184,3930,v1,0.0593,0.3428,0.2356,2.0994,0.7353,0.01268,0.1418,0.001994,0.585,0,10,24.94,0.915,1,6655,8.975,4.679,1,50,11044,279644.9,100.0,13,35.04
1786083101446,3931,v1,0.0523,0.8124,0.2651,1.7566,0.2815,0.00379,0.2337,0.001768,0.675,1,29,70.99,0.831,1,0,14.208,14.208,1,50,9775,224968.8,100.0,13,6.92
1786083094438,3932,v1,0.0101,0.3209,0.4753,0.9986,0.157,0.012,0.1442,0.002317,0.636,1,30,25.83,0.568,1,0,14.819,14.819,1,50,9233,213498.6,100.0,13,9.69
1786083096888,3933,v1,0.0495,0.8103,0.3397,1.4573,0.7327,0.01668,0.0756,0.002918,0.597,1,19,23.41,0.366,1,748,15.358,14.112,0,50,9619,290667.0,99.01,15,10.85
1786083100946,3934,v1,0.0296,0.9208,0.3424,1.9639,0.2964,0.0126,0.1732,0.001885,0.719,1,33,79.66,0.317,1,0,0.0,0.0,0,50,9278,555559.0,0.0,-1,6.78
1786083103221,3935,v1,0.0527,0.2408,0.3314,1.4987,0.272,0.02408,0.1848,0.002961,0.687,1,23,39.49,0.999,1,1457,13.771,11.572,1,50,9579,226404.7,100.0,13,10.62
1786083095103,3936,v1,0.0111,0.8427,0.3904,1.1561,0.4103,0.02148,0.0671,0.003642,0.675,0,12,55.42,0.375,1,2096,11.0,9.011,1,50,9856,232609.5,100.0,13,32.72
1786083098109,3937,v1,0.0535,0.3285,0.451,1.4181,0.8573,0.01373,0.0601,0.002884,0.618,1,27,52.32,0.521,1,1093,17.091,15.097,0,50,10030,317874.3,89.73,15,11.03
1786083100490,3938,v1,0.0786,0.5613,0.4234,1.4726,0.4588,0.03053,0.0514,0.001535,0.68,1,33,45.81,0.712,1,0,14.245,14.245,1,50,9248,210928.5,100.0,13,6.43
1786083105055,3939,v1,0.045,0.7481,0.2245,1.3554,0.7343,0.0072,0.092,0.002957,0.71,1,29,86.67,0.601,1,0,6.511,6.511,0,50,11547,612324.7,31.0,19,11.02
1786083095896,3940,v1,0.0177,0.5212,0.2543,1.0055,0.5308,0.02621,0.1645,0.00336,0.645,1,14,62.07,0.306,1,0,13.0,13.0,1,50,10181,230118.6,100.0,13,12.58
1786083100307,3941,v1,0.0119,0.9027,0.2592,2.4444,0.1786,0.01649,0.1698,0.003251,0.619,1,31,69.96,0.328,1,0,0.0,0.0,0,50,10896,629808.3,0.0,-1,12.26
1786083103640,3942,v1,0.0746,0.3835,0.2538,1.0451,0.3809,0.02305,0.179,0.001292,0.686,1,30,20.66,0.677,1,2420,17.876,13.737,0,50,10882,400416.4,94.83,15,5.13
1786083106112,3943,v1,0.0149,0.5113,0.2207,1.7471,0.344,0.0066,0.0947,0.003724,0.622,1,20,46.74,0.705,1,0,13.0,13.0,1,50,10198,230295.2,100.0,13,14.05
1786083096816,3944,v1,0.0172,0.3538,0.4987,0.9652,0.8522,0.03103,0.2436,0.002372,0.648,0,7,90.33,0.486,1,0,6.0,6.0,0,50,10029,283812.6,89.22,14,8.72
1786083099734,3945,v1,0.076,0.2558,0.4891,1.6286,0.3334,0.00863,0.2086,0.002843,0.71,0,21,97.44,0.414,1,0,17.532,17.532,0,50,9996,445616.0,86.03,17,10.64
1786083104898,3946,v1,0.0126,0.3752,0.185,0.8069,0.3711,0.02284,0.0653,0.002713,0.7,1,21,70.94,0.399,1,0,0.0,0.0,0,50,11653,673082.9,0.0,-1,10.34
1786083107509,3947,v1,0.0188,0.2116,0.4418,1.6281,0.8941,0.01475,0.1388,0.00368,0.601,1,4,59.01,0.538,1,7256,3.0,0.869,1,50,10327,258284.1,100.0,13,74.9
1786083098423,3948,v1,0.0344,0.335,0.4481,1.0047,0.9072,0.03141,0.1135,0.002433,0.649,0,31,69.73,0.382,1,0,14.203,14.203,1,50,10153,225779.9,100.0,13,9.11
1786083101148,3949,v1,0.0338,0.226,0.1778,2.4006,0.1691,0.01649,0.2119,0.003276,0.609,0,14,63.76,0.851,1,3793,13.0,9.125,1,50,11201,265385.7,100.0,13,43.13
1786083104383,3950,v1,0.0403,0.6956,0.4085,1.0574,0.5381,0.03088,0.1244,0.003551,0.652,1,33,57.25,0.854,1,1605,17.507,14.604,0,50,10841,299623.4,94.03,14,13.68
1786083106864,3951,v1,0.0238,0.9044,0.1419,0.9932,0.144,0.03063,0.1681,0.001943,0.616,1,15,86.83,0.725,1,0,12.829,12.829,1,50,9633,210035.1,100.0,13,7.8
1786083099994,3952,v1,0.0285,0.9065,0.1533,1.53,0.9119,0.02361,0.1107,0.002308,0.652,0,14,35.74,0.798,1,4656,13.0,8.008,0,50,10595,454570.1,47.58,17,9.11
1786083102490,3953,v1,0.068,0.6144,0.1319,2.1627,0.6613,0.01742,0.1243,0.001873,0.603,1,32,51.23,0.637,1,0,11.685,11.685,1,50,10814,179482.6,100.0,6,7.47
1786083105078,3954,v1,0.0259,0.4965,0.3545,2.1929,0.1642,0.03196,0.0817,0.001625,0.614,1,17,81.36,0.393,1,0,13.0,13.0,1,50,9847,227508.7,100.0,13,6.4
1786083107520,3955,v1,0.0234,0.7947,0.2504,0.8272,0.2925,0.02947,0.1978,0.002799,0.685,0,26,39.05,0.577,1,0,13.7,13.7,1,50,10388,224062.7,100.0,13,10.96
1786083105653,3956,v1,0.0753,0.8626,0.3829,1.1334,0.974,0.02975,0.2091,0.001523,0.672,0,13,39.61,0.688,1,4775,12.0,7.337,0,50,10450,458868.0,52.9,15,6.19
1786083110970,3957,v1,0.0551,0.2372,0.2809,2.0935,0.3314,0.0053,0.2417,0.001768,0.697,1,10,61.52,0.776,1,11621,9.0,0.0,0,50,11819,680241.6,0.0,-1,7.06
1786083115835,3958,v1,0.015,0.261,0.349,1.2468,0.6859,0.01741,0.2471,0.003053,0.654,1,5,69.66,0.838,1,11955,4.0,0.0,0,50,12109,679220.4,0.0,-1,11.41
1786083119617,3959,v1,0.0363,0.7098,0.3147,2.1447,0.6913,0.01005,0.1737,0.002213,0.662,1,16,53.66,0.827,1,9602,15.0,0.0,0,50,9918,618299.0,0.0,-1,8.34
1786083106363,3960,v1,0.0612,0.2786,0.2731,1.6222,0.3066,0.02756,0.1333,0.001807,0.672,0,23,61.76,0.502,1,0,11.807,11.807,1,50,10114,195658.3,100.0,8,7.29
1786083108834,3961,v1,0.0385,0.8995,0.2149,2.4467,0.734,0.01623,0.1271,0.003628,0.63,1,32,38.39,0.98,1,0,14.357,14.357,1,50,10009,222324.4,100.0,13,13.89
1786083111687,3962,v1,0.0616,0.2992,0.2927,1.6728,0.7124,0.02513,0.1162,0.002967,0.664,1,29,25.51,0.995,1,1569,17.632,14.806,0,50,10529,332474.0,90.89,15,11.1
1786083114065,3963,v1,0.0598,0.3704,0.3992,1.1135,0.5863,0.0172,0.1556,0.002939,0.693,1,21,30.62,0.865,1,0,12.218,12.218,1,50,10780,221566.8,100.0,11,10.83
1786083108412,3964,v1,0.0473,0.2155,0.1043,1.9823,0.7771,0.00373,0.1259,0.003083,0.616,1,12,33.67,0.339,1,4059,11.0,6.321,1,50,9860,243326.1,100.0,13,49.28
1786083110593,3965,v1,0.053,0.5873,0.3548,0.9976,0.4211,0.01862,0.195,0.003754,0.614,0,29,73.48,0.585,1,0,10.75,10.75,1,50,10340,148966.7,100.0,5,13.94
1786083113317,3966,v1,0.0569,0.9325,0.1023,1.4227,0.2124,0.02517,0.1121,0.003732,0.617,0,22,89.28,0.657,1,0,15.924,15.924,0,50,9960,274857.8,91.8,15,13.47
1786083115996,3967,v1,0.0244,0.3649,0.2309,1.6379,0.3513,0.02932,0.1202,0.003737,0.629,1,18,95.94,0.327,1,0,15.963,15.963,0,50,10220,293603.4,86.43,15,14.06
1786083109325,3968,v1,0.0132,0.8121,0.4892,2.4683,0.8681,0.03114,0.0802,0.00162,0.63,0,18,97.47,0.856,1,0,13.0,13.0,1,50,10083,225976.6,100.0,13,6.95
1786083111722,3969,v1,0.0153,0.8742,0.148,2.0589,0.8292,0.01613,0.2496,0.002467,0.659,0,13,76.33,0.303,1,1991,12.0,10.008,1,50,10293,236021.3,100.0,13,27.31
1786083114208,3970,v1,0.0286,0.2899,0.2425,2.3083,0.6572,0.02382,0.0798,0.002932,0.66,0,23,57.58,0.586,1,0,13.867,13.867,1,50,11058,255265.6,100.0,13,10.24
1786083116958,3971,v1,0.0759,0.4319,0.447,0.8084,0.4341,0.02013,0.2033,0.003362,0.688,1,24,85.62,0.721,1,0,16.708,16.708,0,50,10462,314101.5,91.98,15,13.04
1786083111898,3972,v1,0.0522,0.9292,0.2949,2.2485,0.2261,0.00748,0.2222,0.001413,0.672,0,4,56.67,0.835,1,6195,3.0,2.403,0,50,10417,582773.6,35.18,18,5.44
1786083114207,3973,v1,0.0535,0.5392,0.1312,0.8543,0.6072,0.03119,0.1515,0.003109,0.695,1,25,22.29,0.676,1,1251,13.535,11.724,1,50,9968,226574.7,100.0,13,11.54
1786083118589,3974,v1,0.0518,0.648,0.4288,1.341,0.702,0.01243,0.0695,0.002623,0.64,1,8,69.94,0.593,1,8797,7.0,1.153,0,50,10720,572058.2,14.42,-1,10.19
1786083121323,3975,v1,0.0188,0.4869,0.2916,1.3,0.7395,0.01521,0.1991,0.002313,0.602,0,13,38.45,0.349,1,2065,12.0,9.809,0,50,9710,373538.5,69.26,17,9.2
1786083111035,3976,v1,0.0477,0.295,0.153,2.1879,0.671,0.00953,0.183,0.0025,0.679,1,31,98.35,0.381,1,0,15.372,15.372,1,50,10529,252431.9,100.0,14,9.45
1786083113706,3977,v1,0.0549,0.9616,0.2453,2.4196,0.1362,0.01424,0.2033,0.003148,0.637,1,15,90.81,0.662,1,0,13.0,13.0,1,50,11520,256534.2,100.0,13,11.75
1786083116050,3978,v1,0.0598,0.9056,0.3301,1.5582,0.5748,0.03151,0.1701,0.003352,0.681,0,21,47.2,0.448,1,0,12.518,12.518,1,50,10388,214186.5,100.0,13,12.76
1786083118660,3979,v1,0.0127,0.5049,0.1535,2.1572,0.3246,0.0292,0.119,0.003052,0.669,1,10,66.3,0.896,1,9895,9.0,0.0,1,50,10172,284910.1,0.0,-1,100.0
1786083111666,3980,v1,0.0142,0.4105,0.3789,1.4036,0.2615,0.02082,0.1919,0.001947,0.617,0,8,55.13,0.948,1,5306,7.0,4.41,1,50,10358,253162.9,100.0,13,55.33
1786083114282,3981,v1,0.0682,0.6621,0.1846,2.3367,0.9114,0.00736,0.2266,0.001902,0.631,1,20,88.97,0.909,1,0,16.838,16.838,0,50,10336,320961.2,91.49,16,7.35
1786083117383,3982,v1,0.0443,0.9922,0.4362,1.8881,0.4844,0.01336,0.2176,0.001488,0.68,1,34,24.82,0.5,1,1160,21.682,19.07,0,50,10074,425894.0,85.47,17,5.98
1786083121033,3983,v1,0.0624,0.4163,0.4253,1.139,0.9685,0.03093,0.1369,0.002954,0.609,1,11,44.54,0.549,1,6215,10.0,3.713,0,50,10203,464756.7,32.66,13,11.27
1786083118413,3984,v1,0.0231,0.2252,0.4648,2.209,0.786,0.0098,0.2014,0.003712,0.651,0,32,99.5,0.8,1,0,0.9,0.9,0,50,8843,509455.8,3.92,-1,14.31
1786083120893,3985,v1,0.0535,0.8463,0.3562,1.8775,0.9357,0.01447,0.159,0.003108,0.719,1,31,81.68,0.574,1,0,19.894,19.894,0,50,9665,332954.6,87.13,18,11.45
1786083122550,3986,v1,0.0597,0.2836,0.1231,1.6498,0.6166,0.01337,0.1889,0.001837,0.652,0,19,41.61,0.52,1,0,12.459,12.459,1,50,10702,225788.4,100.0,11,7.05
1786083124584,3987,v1,0.0395,0.7395,0.2289,2.37,0.7263,0.03064,0.0634,0.001554,0.667,1,34,70.12,0.629,1,0,14.378,14.378,1,50,9873,228761.1,100.0,13,5.92
1786083119192,3988,v1,0.0173,0.4354,0.1481,2.0275,0.9069,0.01836,0.1652,0.00264,0.695,0,29,80.93,0.614,1,0,15.948,15.948,1,50,10246,249909.2,100.0,14,9.71
1786083121598,3989,v1,0.0613,0.583,0.1766,1.1732,0.4513,0.00835,0.1852,0.002571,0.611,1,23,79.21,0.95,1,0,16.858,16.858,0,50,10157,317266.3,99.92,16,10.02
1786083124485,3990,v1,0.0619,0.9038,0.2755,1.9359,0.6293,0.01956,0.0582,0.001655,0.587,1,10,97.55,0.487,1,6491,9.0,3.33,0,50,10472,494353.6,35.63,15,6.4
1786083125446,3991,v1,0.0465,0.5514,0.4186,0.8539,0.3863,0.02935,0.2185,0.002631,0.584,0,35,65.84,0.387,1,0,6.853,6.853,1,50,9559,61826.9,100.0,4,9.83
1786083120288,3992,v1,0.0141,0.8917,0.3955,1.9731,0.8316,0.01821,0.1159,0.002518,0.642,1,11,25.96,0.513,1,7297,10.0,2.723,1,50,10305,265880.9,100.0,13,75.49
1786083122254,3993,v1,0.0239,0.9962,0.1195,1.4194,0.2176,0.02805,0.1536,0.002812,0.657,0,27,66.99,0.81,1,0,13.849,13.849,1,50,10557,241334.1,100.0,13,10.01
1786083124556,3994,v1,0.0216,0.9762,0.4042,0.8205,0.2032,0.01923,0.1626,0.001392,0.65,1,33,81.72,0.611,1,0,20.189,20.189,0,50,10289,343897.2,90.63,17,5.36
1786083127118,3995,v1,0.0647,0.3641,0.1338,1.6996,0.7947,0.0162,0.1796,0.001638,0.624,1,6,67.85,0.79,1,10230,5.0,0.267,0,50,10898,647073.5,5.0,-1,6.25
1786083121662,3996,v1,0.0649,0.6369,0.3131,1.5214,0.8639,0.01423,0.1305,0.00176,0.719,1,34,48.15,0.68,1,2030,14.363,11.545,1,50,11006,248342.1,100.0,13,7.13
1786083124128,3997,v1,0.0543,0.2465,0.3044,1.682,0.7252,0.01304,0.0503,0.003404,0.594,0,13,81.8,0.619,1,3166,12.0,8.828,0,50,10394,385423.4,60.41,15,12.8
1786083125573,3998,v1,0.0145,0.6925,0.3138,1.1975,0.1757,0.0044,0.2014,0.001895,0.613,1,18,61.07,0.388,1,0,13.0,13.0,1,50,10601,246110.3,100.0,13,7.63
1786083127158,3999,v1,0.028,0.3894,0.1703,0.8718,0.563,0.02923,0.2134,0.002677,0.699,0,11,47.08,0.338,1,1761,10.0,8.632,1,50,10595,241579.7,100.0,13,23.58
1786083135282,4000,v1,0.0428,0.5314,0.4915,2.3024,0.4321,0.00435,0.1035,0.00208,0.664,0,4,64.91,0.337,1,1763,3.0,2.825,0,50,10156,525876.2,67.37,19,7.86
1786083139049,4001,v1,0.0654,0.6771,0.2891,0.9457,0.9505,0.01866,0.0842,0.002468,0.614,1,7,66.85,0.705,1,8011,6.0,0.948,0,50,9646,537843.8,15.53,-1,9.34
1786083141809,4002,v1,0.0479,0.2068,0.2725,1.7524,0.8716,0.02121,0.101,0.002338,0.689,1,30,28.14,0.334,1,677,19.224,17.853,0,50,10097,336994.6,84.13,17,8.73
1786083146042,4003,v1,0.0328,0.2772,0.1203,2.2705,0.7397,0.01598,0.1351,0.00281,0.689,0,34,78.57,0.813,1,0,0.027,0.027,0,50,10311,618466.4,0.11,-1,10.73
1786083134938,4004,v1,0.078,0.4992,0.4977,2.1061,0.4818,0.02259,0.2444,0.002101,0.666,0,26,21.37,0.723,1,748,17.079,15.852,0,50,9536,292285.3,92.41,15,7.82
1786083138131,4005,v1,0.0648,0.3548,0.4176,1.3753,0.2846,0.01148,0.1616,0.00255,0.69,0,34,78.01,0.306,1,0,21.902,21.902,0,50,10300,437561.7,83.4,16,9.17
1786083140424,4006,v1,0.0478,0.8779,0.3477,1.6017,0.189,0.01959,0.1675,0.002001,0.681,1,24,94.03,0.557,1,0,13.365,13.365,1,50,10640,246751.5,100.0,13,7.69
1786083142685,4007,v1,0.0484,0.4821,0.1097,2.1658,0.7523,0.0297,0.1632,0.00226,0.686,0,9,88.38,0.571,1,0,8.0,8.0,1,50,10263,229866.5,100.0,13,8.95
1786083136806,4008,v1,0.0145,0.4569,0.4251,2.1958,0.5672,0.02207,0.1471,0.003752,0.663,1,5,92.98,0.618,1,7635,4.0,0.895,0,50,9996,583104.8,0.0,-1,14.14
1786083139355,4009,v1,0.0292,0.4464,0.1017,1.7757,0.8072,0.0031,0.1499,0.001892,0.612,1,35,26.28,0.957,1,1629,14.918,12.522,1,50,10630,256101.1,100.0,13,6.8
1786083143078,4010,v1,0.0128,0.8065,0.1525,1.0316,0.1903,0.02903,0.1068,0.00286,0.708,0,14,72.22,0.332,1,1585,13.0,11.163,0,50,9870,557585.9,0.0,-1,11.28
1786083147155,4011,v1,0.0223,0.6779,0.3185,2.3601,0.1646,0.00486,0.1126,0.003403,0.617,1,18,49.37,0.596,1,7229,17.0,4.598,0,50,10522,650440.8,0.0,-1,12.55
1786083136332,4012,v1,0.0327,0.7223,0.3076,2.4132,0.5297,0.00462,0.0893,0.003069,0.634,1,9,70.19,0.37,1,4497,8.0,4.576,1,50,10747,267947.9,100.0,13,49.44
1786083138716,4013,v1,0.0638,0.9924,0.4888,2.1061,0.3731,0.00759,0.081,0.001306,0.63,1,17,97.9,0.35,1,0,11.537,11.537,1,50,10808,209687.5,100.0,8,5.31
1786083141265,4014,v1,0.0732,0.9244,0.4101,1.6102,0.8358,0.0073,0.2366,0.001747,0.685,0,24,91.24,0.805,1,0,17.795,17.795,0,50,9624,311363.1,84.43,16,7.3
1786083143551,4015,v1,0.0297,0.7885,0.468,1.544,0.3179,0.00588,0.2324,0.002347,0.623,0,18,62.53,0.482,1,0,13.0,13.0,1,50,9931,229196.0,100.0,13,8.88
1786083136533,4016,v1,0.0125,0.621,0.3917,0.9337,0.6251,0.0292,0.1318,0.001875,0.628,1,30,81.76,0.587,1,0,17.485,17.485,0,50,9507,275381.9,86.53,15,7.21
1786083140367,4017,v1,0.0294,0.8263,0.228,1.4678,0.4334,0.01937,0.2086,0.003071,0.601,1,13,22.26,0.756,1,9290,12.0,1.203,0,50,10714,568214.2,9.39,-1,11.87
1786083144657,4018,v1,0.0248,0.2071,0.2461,1.1488,0.914,0.01729,0.064,0.002585,0.678,1,8,55.5,0.652,1,9482,7.0,0.706,0,50,10740,622422.1,2.86,-1,9.63
1786083147168,4019,v1,0.077,0.623,0.4252,1.6443,0.2684,0.00361,0.1442,0.002678,0.653,0,16,56.39,0.539,1,0,13.0,13.0,1,50,10802,237749.0,100.0,13,9.84
1786083137154,4020,v1,0.0577,0.5445,0.1099,0.8116,0.54,0.01741,0.0677,0.002826,0.65,0,8,47.07,0.862,1,7093,7.0,3.58,1,50,10574,271180.7,100.0,13,11.95
1786083139771,4021,v1,0.0265,0.9758,0.2031,1.8693,0.8674,0.01599,0.0786,0.002493,0.694,1,4,47.97,0.833,1,9972,3.0,0.144,1,50,10558,299572.3,100.0,26,95.76
1786083142282,4022,v1,0.0733,0.6951,0.3958,1.1773,0.1967,0.01908,0.2224,0.002767,0.654,1,17,91.15,0.508,1,0,10.888,10.888,1,50,11227,208712.2,100.0,6,10.55
1786083144554,4023,v1,0.0477,0.9805,0.4051,2.3658,0.5061,0.01419,0.1814,0.001588,0.625,1,25,91.05,0.379,1,0,13.525,13.525,1,50,9099,209020.0,100.0,13,5.92
1786083137727,4024,v1,0.0134,0.7074,0.2877,1.6131,0.7356,0.026,0.2181,0.00286,0.655,0,27,58.83,0.713,1,0,13.856,13.856,1,50,11422,259469.6,100.0,13,10.69
1786083141512,4025,v1,0.052,0.6258,0.3323,1.0532,0.8142,0.00961,0.0633,0.002022,0.69,0,16,56.11,0.987,1,6038,15.0,6.798,0,50,9822,546345.7,31.23,18,7.09
1786083144259,4026,v1,0.0596,0.6171,0.3532,1.5037,0.6912,0.02315,0.2267,0.002099,0.707,0,27,67.99,0.731,1,0,13.855,13.855,1,50,11193,251545.1,100.0,13,8.06
1786083147241,4027,v1,0.0455,0.3623,0.2508,2.1446,0.5375,0.00591,0.2142,0.003542,0.649,0,31,35.42,0.444,1,0,21.86,21.86,0,50,10613,459739.5,90.82,18,12.97
1786083147018,4028,v1,0.0486,0.9225,0.3191,1.4241,0.3977,0.0124,0.0834,0.003326,0.611,0,6,29.44,0.761,1,4022,5.0,3.841,0,50,10577,454114.7,55.47,16,12.81
1786083150274,4029,v1,0.0122,0.8496,0.4028,2.4144,0.8402,0.01878,0.2427,0.003123,0.609,0,13,77.01,0.403,1,0,12.0,12.0,0,50,10165,428197.3,63.05,19,11.61
1786083152778,4030,v1,0.0437,0.8042,0.4312,2.0429,0.5239,0.01847,0.182,0.001961,0.698,0,20,47.02,0.315,1,0,13.0,13.0,1,50,10247,237295.6,100.0,13,7.17
1786083155709,4031,v1,0.0177,0.2397,0.2626,1.3639,0.628,0.03031,0.1025,0.003066,0.6,0,20,97.66,0.6,1,0,14.483,14.483,0,50,11558,293912.7,86.52,13,11.31
1786083146950,4032,v1,0.0227,0.7186,0.1563,1.2251,0.4187,0.0245,0.1694,0.002802,0.685,0,30,51.94,0.682,1,0,14.362,14.362,1,50,10830,241976.2,100.0,13,11.24
1786083150728,4033,v1,0.055,0.8528,0.1969,1.3327,0.5001,0.00901,0.2318,0.00329,0.676,0,6,65.34,0.64,1,3888,5.0,3.897,0,50,10774,514151.2,58.76,18,12.86
1786083153214,4034,v1,0.0497,0.228,0.2506,1.6101,0.5789,0.02557,0.209,0.002199,0.67,0,19,84.21,0.992,1,0,16.604,16.604,0,50,9085,275226.0,90.29,16,8.23
1786083155013,4035,v1,0.0669,0.8895,0.1675,1.3875,0.6898,0.02156,0.2394,0.003507,0.616,1,31,22.99,0.705,1,0,10.64,10.64,1,50,9954,147470.9,100.0,6,12.93
1786083147505,4036,v1,0.0397,0.5293,0.2226,1.4261,0.5588,0.00472,0.1687,0.00349,0.62,0,35,36.12,0.946,1,0,14.57,14.57,1,50,10487,229741.7,100.0,13,13.36
1786083150470,4037,v1,0.0212,0.4494,0.1522,1.1882,0.8343,0.00796,0.233,0.002029,0.663,0,5,73.24,0.821,1,0,4.0,4.0,1,50,10730,256528.0,100.0,14,7.88
1786083153404,4038,v1,0.0117,0.8678,0.2597,2.0016,0.2503,0.00901,0.1221,0.001549,0.63,1,12,38.05,0.589,1,8350,11.0,2.472,1,50,10956,286597.5,100.0,13,78.98
1786083155437,4039,v1,0.0391,0.7265,0.1008,1.4064,0.8349,0.02951,0.2467,0.003514,0.6,0,5,94.81,0.313,1,0,4.0,4.0,1,50,10428,176855.5,100.0,7,13.1
1786083150636,4040,v1,0.0277,0.9104,0.1247,1.1619,0.5115,0.01819,0.0757,0.001552,0.682,0,27,45.64,0.572,1,0,8.6,8.6,0,50,11057,596182.6,42.51,19,6.22
1786083154347,4041,v1,0.0512,0.3854,0.3112,1.812,0.9219,0.01285,0.2296,0.001766,0.582,1,4,94.25,0.32,1,4491,3.0,1.777,0,50,11075,441859.6,50.48,15,7.02
1786083157193,4042,v1,0.0345,0.3652,0.4003,1.4387,0.6875,0.01981,0.2282,0.003294,0.606,1,29,46.64,0.385,1,781,17.074,15.684,0,50,10484,308182.0,91.21,15,12.95
1786083160907,4043,v1,0.0178,0.3657,0.4345,2.0299,0.5558,0.01591,0.1392,0.002252,0.717,0,13,78.42,0.651,1,0,12.0,12.0,0,50,9252,557217.6,0.0,-1,8.65
1786083151890,4044,v1,0.0383,0.3962,0.2875,1.5624,0.1018,0.00977,0.1794,0.002478,0.595,1,14,28.35,0.874,1,9606,13.0,0.0,0,50,9922,553255.5,0.0,-1,9.75
1786083154301,4045,v1,0.0145,0.6787,0.4455,1.5996,0.3272,0.02933,0.1338,0.002732,0.601,1,32,85.53,0.772,1,0,12.898,12.898,1,50,10958,209471.8,100.0,8,10.59
1786083156753,4046,v1,0.0365,0.2673,0.3827,1.1687,0.7892,0.02159,0.2403,0.003741,0.637,0,6,40.7,0.422,1,3189,5.0,4.013,1,50,9894,209165.3,100.0,10,42.43
1786083159934,4047,v1,0.0712,0.6612,0.497,2.2274,0.6638,0.00654,0.1068,0.00235,0.707,0,9,65.65,0.5,1,3182,8.0,5.989,0,50,9671,504517.1,64.33,18,8.65
1786083151828,4048,v1,0.0416,0.7133,0.4863,2.1606,0.3206,0.02324,0.1076,0.002453,0.71,0,15,34.89,0.507,1,2994,14.0,10.377,0,50,10269,492187.2,59.43,17,9.58
1786083155534,4049,v1,0.0623,0.5752,0.284,1.3509,0.3126,0.00364,0.0833,0.002259,0.644,1,12,67.69,0.774,1,9360,11.0,0.0,0,50,9581,556488.2,0.0,-1,8.22
1786083159674,4050,v1,0.0733,0.9872,0.4385,0.9874,0.6952,0.01602,0.0898,0.003239,0.595,1,14,46.58,0.965,1,9241,13.0,0.0,0,50,9670,554891.0,6.75,-1,12.66
1786083162435,4051,v1,0.0132,0.2286,0.1833,1.7929,0.4933,0.01043,0.0583,0.003771,0.591,0,15,42.23,0.623,1,0,14.0,14.0,1,50,10881,247295.9,100.0,14,14.4
1786083153158,4052,v1,0.0295,0.2419,0.3887,1.3777,0.8527,0.01587,0.0928,0.00162,0.682,1,10,81.82,0.742,1,9474,9.0,0.248,0,50,9881,586447.7,1.71,-1,6.4
1786083155928,4053,v1,0.0793,0.2287,0.1784,1.8478,0.4007,0.02743,0.1751,0.003058,0.665,0,35,24.49,0.341,1,260,18.499,18.016,0,50,9869,295206.3,90.57,15,11.89
1786083158580,4054,v1,0.0409,0.629,0.4672,1.13,0.4383,0.00353,0.2099,0.001505,0.658,0,22,26.03,0.576,1,0,13.0,13.0,1,50,10356,229020.6,100.0,13,6.14
1786083162879,4055,v1,0.0226,0.8211,0.1661,1.8825,0.857,0.02747,0.0515,0.001968,0.681,1,17,59.0,0.702,1,9817,16.0,0.219,0,50,10295,599794.8,0.82,-1,7.73
1786083158228,4056,v1,0.075,0.5642,0.4693,0.968,0.128,0.00362,0.0791,0.002872,0.611,0,21,69.49,0.75,1,0,11.229,11.229,1,50,10212,189893.6,100.0,4,11.0
1786083161752,4057,v1,0.063,0.9534,0.2892,1.3836,0.9491,0.01775,0.1674,0.002821,0.636,1,10,68.33,0.318,1,3690,9.0,5.661,0,50,10199,395567.4,58.66,15,10.76
1786083164528,4058,v1,0.0696,0.395,0.1443,1.8073,0.472,0.00677,0.1734,0.002656,0.585,1,32,60.51,0.374,1,0,12.93,12.93,1,50,11232,210433.0,100.0,8,9.58
1786083166459,4059,v1,0.0566,0.3878,0.1302,1.9337,0.1807,0.03194,0.0566,0.002946,0.628,0,25,79.4,0.9,1,0,13.027,13.027,1,50,9420,204331.2,100.0,13,11.18
1786083158940,4060,v1,0.0147,0.7051,0.1694,0.9478,0.6662,0.03025,0.2406,0.002662,0.657,1,17,39.6,0.65,1,0,13.0,13.0,1,50,10120,225295.6,100.0,13,10.42
1786083162105,4061,v1,0.0313,0.3624,0.2872,2.4841,0.138,0.02988,0.0723,0.003325,0.634,1,23,83.7,0.355,1,0,16.889,16.889,0,50,10985,327356.5,87.87,15,12.28
1786083164939,4062,v1,0.0375,0.979,0.2016,1.4097,0.6807,0.01916,0.2217,0.003635,0.644,1,16,72.49,0.984,1,0,13.0,13.0,1,50,10901,242683.6,100.0,13,13.27
1786083167377,4063,v1,0.0249,0.9862,0.103,2.2723,0.6489,0.02914,0.0555,0.002324,0.635,0,25,47.39,0.886,1,0,13.48,13.48,1,50,10230,230101.7,100.0,13,9.93
1786083159568,4064,v1,0.0359,0.8573,0.2858,1.6649,0.6976,0.02725,0.2169,0.003702,0.708,1,12,47.71,0.415,1,4466,11.0,5.946,1,50,10094,248005.9,100.0,13,53.58
1786083162176,4065,v1,0.0103,0.379,0.1479,0.8454,0.9172,0.02879,0.2383,0.002144,0.658,1,25,85.64,0.63,1,0,13.519,13.519,1,50,10553,244222.4,100.0,13,7.82
1786083165170,4066,v1,0.0529,0.5548,0.3297,0.9871,0.877,0.02092,0.1172,0.001215,0.713,1,26,70.15,0.683,1,0,18.548,18.548,0,50,10545,325062.1,88.03,17,4.73
1786083167514,4067,v1,0.0558,0.332,0.263,1.2761,0.2939,0.03099,0.1713,0.001796,0.63,0,16,20.36,0.864,1,0,12.567,12.567,1,50,10064,213405.8,100.0,13,7.13
1786083165456,4068,v1,0.0302,0.5019,0.2396,2.4926,0.7041,0.01563,0.1681,0.002359,0.7,0,27,89.41,0.486,1,0,0.0,0.0,0,50,10906,636493.0,0.0,-1,9.2
1786083167888,4069,v1,0.0684,0.2647,0.4852,2.2489,0.1343,0.02095,0.187,0.001626,0.677,1,27,58.29,0.926,1,0,13.604,13.604,1,50,10190,226869.0,100.0,13,6.49
1786083170973,4070,v1,0.0368,0.9061,0.2162,2.1963,0.3114,0.01435,0.0564,0.001249,0.613,1,9,77.82,0.772,1,11246,8.0,0.0,1,50,11355,300974.7,0.0,-1,100.0
1786083173529,4071,v1,0.0149,0.2369,0.1272,1.4315,0.6212,0.00319,0.1632,0.00253,0.618,1,30,57.45,0.613,1,0,16.203,16.203,1,50,10686,258186.9,100.0,15,10.18
1786083164442,4072,v1,0.0708,0.4861,0.2423,1.3965,0.838,0.01911,0.0742,0.001962,0.597,0,13,41.43,0.836,1,3629,9.331,5.614,1,50,9993,176638.5,100.0,4,7.6
1786083166843,4073,v1,0.0469,0.3714,0.4559,2.1955,0.1224,0.00384,0.0829,0.001441,0.714,0,32,24.03,0.302,1,0,15.191,15.191,1,50,10647,252538.3,100.0,14,5.6
1786083169312,4074,v1,0.0786,0.5077,0.4733,1.4841,0.3861,0.02445,0.0571,0.002646,0.626,0,10,87.87,0.6,1,0,9.0,9.0,0,50,10325,280149.0,89.91,14,9.95
1786083171635,4075,v1,0.0205,0.6593,0.2509,0.8852,0.1392,0.00594,0.1776,0.00347,0.687,0,18,81.33,0.359,1,0,13.442,13.442,1,50,10174,225949.0,100.0,13,13.15
1786083166092,4076,v1,0.0586,0.9529,0.166,2.2936,0.6127,0.02635,0.0944,0.002034,0.582,0,24,90.66,0.389,1,0,15.706,15.706,0,50,11210,308279.8,88.85,14,7.9
1786083169651,4077,v1,0.0742,0.9056,0.4847,1.9965,0.9768,0.02391,0.1187,0.001274,0.62,0,7,43.89,0.617,1,3816,6.0,4.465,0,50,10010,406241.1,56.66,14,4.84
1786083173494,4078,v1,0.0204,0.6679,0.4371,2.2376,0.3063,0.01603,0.0706,0.002757,0.676,1,13,95.79,0.791,1,9481,12.0,0.0,0,50,9794,573272.0,0.0,-1,10.36
1786083177034,4079,v1,0.0232,0.7383,0.3293,1.8495,0.4538,0.00655,0.2134,0.001314,0.698,1,35,50.08,0.947,1,0,0.0,0.0,0,50,10254,633859.9,0.0,-1,5.13
1786083165974,4080,v1,0.0443,0.9845,0.3493,2.2649,0.8993,0.01209,0.0536,0.003306,0.583,0,25,42.27,0.427,1,0,10.246,10.246,1,50,10069,157077.4,100.0,5,12.29
1786083168732,4081,v1,0.0705,0.8605,0.3421,0.9283,0.2363,0.01438,0.1134,0.001358,0.689,0,33,45.21,0.368,1,0,14.364,14.364,1,50,10986,255702.4,100.0,13,5.36
1786083171034,4082,v1,0.0578,0.6533,0.4298,1.7785,0.3747,0.01889,0.1181,0.002782,0.705,1,16,40.95,0.384,1,0,13.0,13.0,1,50,9673,217430.0,100.0,13,10.56
1786083174974,4083,v1,0.014,0.7162,0.2323,2.0254,0.9565,0.00882,0.1317,0.001766,0.694,0,34,96.26,0.531,1,0,0.0,0.0,0,50,10287,637696.3,0.0,-1,6.45
1786083170563,4084,v1,0.0489,0.6876,0.1714,1.0894,0.8814,0.01984,0.1732,0.002191,0.699,0,6,41.94,0.42,1,3220,5.0,4.061,0,50,10393,454804.1,64.99,18,8.32
1786083173065,4085,v1,0.0536,0.2872,0.2231,2.0206,0.1686,0.03069,0.127,0.003022,0.644,1,33,64.1,0.308,1,0,14.358,14.358,1,50,10965,242647.2,100.0,13,11.66
1786083175821,4086,v1,0.035,0.6982,0.2434,1.4561,0.5635,0.02635,0.1083,0.002364,0.642,1,27,77.81,0.503,1,0,17.716,17.716,0,50,11647,350752.3,84.33,16,9.31
1786083178104,4087,v1,0.0692,0.5438,0.1593,2.1873,0.8455,0.01529,0.1779,0.001727,0.627,0,35,23.98,0.493,1,499,18.792,17.903,0,50,9882,302172.1,85.4,16,6.73
1786083170677,4088,v1,0.0444,0.8613,0.4885,1.269,0.5108,0.01689,0.1445,0.001575,0.706,0,9,75.85,0.88,1,4973,7.999,5.074,1,50,10345,259874.9,100.0,13,26.25
1786083174056,4089,v1,0.0503,0.2307,0.3836,1.1036,0.48,0.00918,0.1651,0.00146,0.618,0,5,49.92,0.703,1,5169,4.0,2.972,0,50,10126,482419.8,42.07,16,5.89
1786083175959,4090,v1,0.0769,0.6378,0.1327,1.4614,0.399,0.01859,0.2122,0.003118,0.58,1,31,22.96,0.93,1,0,8.986,8.986,1,50,10208,111412.0,100.0,3,11.56
1786083178363,4091,v1,0.0337,0.4336,0.3455,2.2556,0.5679,0.01526,0.1954,0.003406,0.705,1,10,33.27,0.465,1,6328,9.0,3.769,1,50,11225,283977.1,100.0,14,63.55
1786083172222,4092,v1,0.0731,0.4748,0.3416,2.0632,0.1271,0.02307,0.1789,0.00163,0.705,1,32,51.92,0.654,1,2451,21.587,15.942,0,50,9707,433379.3,91.68,16,6.47
1786083174415,4093,v1,0.0401,0.6398,0.3285,1.5414,0.855,0.02287,0.0637,0.001615,0.63,1,17,65.61,0.95,1,0,13.0,13.0,1,50,10507,238395.0,100.0,13,6.1
1786083176734,4094,v1,0.0392,0.9975,0.3281,1.241,0.8744,0.00724,0.1628,0.00165,0.595,1,35,71.98,0.961,1,0,18.958,18.958,0,50,10186,308756.5,86.05,16,6.21
1786083178877,4095,v1,0.0196,0.2164,0.1315,1.5497,0.6973,0.00445,0.1935,0.003477,0.657,1,34,63.28,0.314,1,696,16.977,15.705,1,50,10567,263583.2,100.0,15,13.84
1786083174409,4096,v1,0.0561,0.9399,0.158,0.9957,0.9433,0.01421,0.1829,0.001974,0.602,1,15,41.49,0.513,1,0,9.118,9.118,1,50,11030,161627.0,100.0,4,7.82
1786083177087,4097,v1,0.0585,0.9008,0.2652,2.2357,0.4745,0.02045,0.1782,0.002641,0.706,1,20,93.73,0.689,1,0,17.462,17.462,0,50,10202,415716.5,86.52,17,10.51
1786083179424,4098,v1,0.0619,0.9141,0.4008,1.5121,0.1681,0.02211,0.0885,0.001485,0.713,0,8,57.72,0.403,1,3412,7.0,5.392,0,50,10703,533857.0,65.58,17,5.41
1786083181121,4099,v1,0.0773,0.4145,0.4964,1.446,0.3786,0.01465,0.0576,0.001362,0.693,0,23,42.27,0.456,1,0,17.344,17.344,0,50,11016,429366.1,90.09,16,5.34
1786083187920,4100,v1,0.0627,0.4866,0.2044,1.8206,0.4018,0.00823,0.1857,0.003412,0.676,1,15,32.31,0.31,1,0,13.0,13.0,1,50,10682,228216.6,100.0,13,12.68
1786083191836,4101,v1,0.0577,0.7485,0.1396,1.422,0.3044,0.01319,0.1602,0.002403,0.72,1,6,41.69,0.964,1,9345,5.0,0.0,0,50,9445,546800.6,0.0,-1,9.11
1786083194455,4102,v1,0.0572,0.3529,0.2544,2.1832,0.257,0.01086,0.083,0.002934,0.602,0,19,36.58,0.436,1,0,13.0,13.0,1,50,11213,253991.6,100.0,13,10.87
1786083196981,4103,v1,0.0436,0.3423,0.1217,0.982,0.5457,0.02385,0.2298,0.001926,0.59,0,15,94.2,0.748,1,0,14.0,14.0,0,50,9885,271414.4,87.76,14,7.7
1786083188883,4104,v1,0.0351,0.8353,0.1129,1.4726,0.7288,0.02186,0.0913,0.00219,0.616,0,36,90.29,0.366,1,0,19.157,19.157,0,50,10322,299783.5,83.93,16,8.43
1786083192578,4105,v1,0.0421,0.9792,0.325,2.2075,0.1442,0.024,0.077,0.003571,0.628,0,4,39.8,0.901,1,5501,3.0,2.485,0,50,10793,520273.2,45.07,16,13.41
1786083195449,4106,v1,0.0555,0.841,0.2653,0.9604,0.666,0.00419,0.1207,0.003347,0.68,0,6,51.71,0.734,1,6233,5.0,3.277,1,50,11057,271602.8,100.0,13,20.39
1786083198985,4107,v1,0.0671,0.459,0.1247,1.0075,0.5565,0.01462,0.2405,0.001671,0.667,0,11,47.91,0.387,1,2781,10.0,7.867,0,50,10603,469546.6,64.77,16,6.23
1786083189764,4108,v1,0.0319,0.5786,0.493,1.9585,0.1294,0.02576,0.0693,0.003376,0.688,0,11,61.18,0.495,1,2368,10.0,8.016,0,50,9893,471775.6,63.19,17,13.11
1786083192949,4109,v1,0.0666,0.8933,0.4238,1.1821,0.3025,0.00396,0.1909,0.003264,0.687,1,28,51.51,0.341,1,2183,20.175,15.143,0,50,9759,463881.8,90.99,17,12.25
1786083195574,4110,v1,0.012,0.9884,0.488,1.0147,0.1948,0.02335,0.0648,0.001528,0.669,0,21,75.36,0.377,1,0,13.0,13.0,1,50,10800,237500.2,100.0,13,6.01
1786083197895,4111,v1,0.0713,0.6063,0.1522,1.7675,0.2297,0.02989,0.1325,0.001939,0.619,0,29,57.0,0.418,1,0,11.974,11.974,1,50,10067,176004.6,100.0,6,7.6
1786083190198,4112,v1,0.0772,0.2566,0.4749,1.3402,0.6663,0.02255,0.1586,0.003239,0.682,0,23,31.75,0.4,1,0,16.578,16.578,0,50,10393,304849.2,93.85,15,11.78
1786083193351,4113,v1,0.0421,0.4721,0.3425,0.9416,0.8227,0.02133,0.246,0.002421,0.615,1,20,38.42,0.614,1,1461,15.555,13.463,0,50,11259,359471.6,97.49,15,9.25
1786083195728,4114,v1,0.0754,0.8934,0.4194,0.9619,0.7681,0.02066,0.0603,0.002752,0.602,0,27,32.06,0.503,1,0,15.869,15.869,0,50,9738,255247.4,99.93,14,10.47
1786083199825,4115,v1,0.0468,0.9117,0.2868,1.5165,0.5305,0.01845,0.1516,0.001356,0.665,0,10,36.74,0.727,1,5320,9.0,5.287,0,50,10127,535565.0,46.07,17,4.89
1786083190510,4116,v1,0.0394,0.2069,0.3026,1.7852,0.3772,0.01274,0.1096,0.002073,0.667,1,34,47.51,0.609,1,1719,15.058,12.352,1,50,10304,242236.7,100.0,13,8.51
1786083192731,4117,v1,0.0127,0.2476,0.3317,2.4855,0.2669,0.02374,0.0852,0.001431,0.715,1,4,79.39,0.587,1,7717,3.0,0.588,1,50,9638,265295.2,100.0,23,82.26
1786083197330,4118,v1,0.0407,0.4184,0.3755,2.2022,0.1966,0.01222,0.1315,0.002147,0.662,1,10,78.16,0.95,1,10567,9.0,0.0,0,50,10771,633845.8,0.0,-1,8.44
1786083199935,4119,v1,0.0438,0.9052,0.164,1.1216,0.1953,0.02094,0.2394,0.003273,0.663,0,25,74.69,0.421,1,0,13.524,13.524,1,50,10416,228597.2,100.0,13,12.4
1786083191263,4120,v1,0.0413,0.3723,0.3845,1.4623,0.3987,0.00397,0.0847,0.001328,0.706,1,34,34.55,0.364,1,1004,15.273,13.708,1,50,10212,237150.4,100.0,14,5.02
1786083193595,4121,v1,0.0134,0.2622,0.2002,1.22,0.2145,0.0142,0.2353,0.003232,0.605,0,32,88.02,0.823,1,0,14.389,14.389,1,50,10607,238815.7,100.0,13,12.03
1786083196232,4122,v1,0.0469,0.4229,0.4504,1.2251,0.1328,0.0241,0.0691,0.003313,0.668,0,36,36.89,0.677,1,0,20.272,20.272,0,50,9682,349429.4,91.59,16,12.55
1786083199115,4123,v1,0.0485,0.8355,0.2454,2.136,0.7669,0.03159,0.1766,0.002827,0.686,1,19,27.58,0.623,1,0,13.0,13.0,1,50,11407,251689.0,100.0,13,10.74
1786083192070,4124,v1,0.0119,0.2413,0.32,1.2586,0.5428,0.00444,0.0818,0.00189,0.717,1,12,48.7,0.309,1,4588,11.0,5.907,1,50,10128,283466.4,100.0,18,52.27
1786083195846,4125,v1,0.0105,0.4345,0.153,2.1282,0.7326,0.02994,0.0745,0.003565,0.703,1,17,71.38,0.905,1,9560,16.0,0.0,0,50,10166,578031.9,0.0,-1,13.65
1786083199710,4126,v1,0.0574,0.7387,0.3689,1.0308,0.7836,0.03103,0.0571,0.002645,0.689,1,14,65.01,0.449,1,5143,13.0,6.336,0,50,10394,468660.8,45.02,16,9.72
1786083202440,4127,v1,0.0156,0.299,0.1252,2.4686,0.7634,0.01505,0.1686,0.001531,0.699,0,19,24.79,0.356,1,0,16.0,16.0,1,50,10012,264903.5,100.0,16,7.22
1786083201525,4128,v1,0.0756,0.2618,0.1554,1.0239,0.2258,0.02604,0.1941,0.001269,0.693,1,16,88.26,0.937,1,6406,15.0,5.612,0,50,10425,543304.1,37.41,15,5.12
1786083204370,4129,v1,0.0347,0.4125,0.1738,1.1467,0.892,0.02255,0.2469,0.001441,0.703,0,24,83.79,0.787,1,0,18.759,18.759,0,50,10122,350748.1,86.64,17,5.59
1786083206903,4130,v1,0.0157,0.7429,0.3839,1.8774,0.5511,0.02606,0.1707,0.003224,0.664,0,28,46.68,0.643,1,0,14.04,14.04,1,50,10420,234626.2,100.0,13,12.72
1786083209931,4131,v1,0.0224,0.2821,0.2141,0.8626,0.3628,0.00449,0.191,0.001896,0.719,1,5,90.99,0.665,1,9423,4.0,0.371,1,50,10465,284253.1,100.0,25,91.54
1786083202941,4132,v1,0.0272,0.9245,0.3043,1.8179,0.1398,0.02056,0.0881,0.002965,0.711,1,23,45.86,0.609,1,385,4.822,4.082,0,50,10721,610313.0,24.86,19,10.78
1786083205366,4133,v1,0.0293,0.3154,0.1122,0.9115,0.1252,0.02154,0.1619,0.003543,0.687,0,21,46.2,0.429,1,0,13.728,13.728,1,50,10346,239356.4,100.0,13,13.81
1786083208006,4134,v1,0.0147,0.2788,0.2466,1.5123,0.1336,0.02387,0.1678,0.002729,0.704,0,5,37.73,0.412,1,3236,4.0,3.342,1,50,9949,260383.7,100.0,15,39.98
1786083210273,4135,v1,0.0671,0.3394,0.4103,1.8044,0.8009,0.02263,0.1431,0.002293,0.601,0,16,32.83,0.36,1,0,8.85,8.85,1,50,11759,155842.3,100.0,7,8.58
1786083202317,4136,v1,0.0604,0.7356,0.3593,2.1044,0.1504,0.02306,0.1815,0.001395,0.653,1,15,35.76,0.839,1,0,12.808,12.808,1,50,10804,235575.6,100.0,13,5.38
1786083205124,4137,v1,0.021,0.3904,0.2288,0.8129,0.3602,0.01332,0.1707,0.001708,0.652,0,7,83.53,0.923,1,0,6.0,6.0,1,50,10689,236094.7,100.0,13,6.25
1786083207437,4138,v1,0.022,0.5161,0.2032,1.9105,0.3426,0.01331,0.1734,0.00178,0.624,0,15,61.83,0.474,1,0,13.0,13.0,1,50,10380,235705.2,100.0,13,7.32
1786083210248,4139,v1,0.0106,0.7394,0.3784,2.0211,0.3862,0.01689,0.2101,0.001881,0.717,0,10,51.28,0.685,1,3795,9.0,6.578,1,50,11170,268613.9,100.0,14,39.44
1786083202776,4140,v1,0.0128,0.4591,0.2371,2.0546,0.1888,0.025,0.2359,0.003265,0.597,0,22,91.6,0.366,1,0,13.0,13.0,1,50,9607,214186.8,100.0,13,12.27
1786083206402,4141,v1,0.0482,0.5859,0.4775,1.3012,0.8489,0.00388,0.1949,0.00346,0.716,0,30,66.62,0.601,1,0,13.651,13.651,0,50,11210,530739.2,61.7,19,12.59
1786083209087,4142,v1,0.0789,0.4003,0.4532,1.8615,0.9538,0.01793,0.1925,0.001711,0.627,0,15,72.17,0.601,1,0,9.104,9.104,1,50,10174,145717.4,100.0,5,6.86
1786083211397,4143,v1,0.0341,0.3659,0.3279,1.6376,0.3366,0.01286,0.1699,0.002886,0.596,0,9,64.69,0.651,1,2595,7.87,6.286,1,50,10063,198820.6,100.0,8,35.03
1786083205525,4144,v1,0.0255,0.2538,0.4655,2.4476,0.4071,0.01721,0.1106,0.003262,0.689,1,32,96.19,0.634,1,0,0.0,0.0,0,50,10662,591323.5,0.0,-1,11.88
1786083208679,4145,v1,0.0427,0.2709,0.3444,1.899,0.1237,0.02203,0.1207,0.001448,0.694,0,25,64.76,0.994,1,0,18.81,18.81,0,50,9369,416349.9,86.74,17,5.61
1786083211488,4146,v1,0.0362,0.5457,0.1476,1.7878,0.623,0.03109,0.2423,0.00263,0.603,0,5,66.15,0.674,1,4241,4.0,3.206,1,50,10785,262814.5,100.0,13,45.85
1786083213973,4147,v1,0.0141,0.3359,0.4974,0.9365,0.8753,0.0121,0.2209,0.003172,0.591,0,20,27.05,0.774,1,0,11.475,11.475,1,50,10839,208240.8,100.0,10,12.29
1786083204225,4148,v1,0.0687,0.3215,0.4129,0.8591,0.7067,0.0238,0.0633,0.001699,0.583,1,18,25.05,0.343,1,747,12.77,11.847,0,50,10526,261050.9,88.68,11,6.92
1786083206546,4149,v1,0.066,0.5799,0.1137,1.1517,0.2255,0.0175,0.1414,0.002487,0.697,1,27,58.65,0.624,1,1458,13.867,11.754,1,50,10070,225992.0,100.0,13,8.98
1786083209567,4150,v1,0.0595,0.8186,0.2451,1.5013,0.6998,0.0236,0.1212,0.002172,0.605,1,25,67.87,0.93,1,1574,16.034,13.486,0,50,10334,332712.3,92.18,14,8.02
1786083212535,4151,v1,0.0634,0.3842,0.3827,1.1199,0.7334,0.02686,0.1347,0.001433,0.671,1,31,95.66,0.653,1,0,17.553,17.553,0,50,10718,299873.2,84.12,15,5.39
1786083205250,4152,v1,0.0433,0.2005,0.1039,1.857,0.5286,0.02749,0.0837,0.003748,0.617,0,15,33.97,0.586,1,0,11.643,11.643,1,50,9462,178139.4,100.0,9,13.47
1786083209332,4153,v1,0.0281,0.6359,0.129,1.5259,0.1363,0.00384,0.1979,0.003231,0.663,1,16,22.66,0.533,1,6321,15.0,5.459,0,50,10420,626279.1,0.0,-1,11.78
1786083211467,4154,v1,0.0349,0.3158,0.3721,1.1425,0.2677,0.03069,0.2152,0.003724,0.581,0,19,93.27,0.901,1,0,7.834,7.834,1,50,9463,111388.0,100.0,6,13.85
1786083214194,4155,v1,0.0746,0.8277,0.3758,0.8866,0.3206,0.00739,0.1344,0.002296,0.64,1,27,20.94,0.86,1,1710,13.733,11.432,1,50,10749,236365.5,100.0,13,8.73
1786083215375,4156,v1,0.0762,0.421,0.2268,1.2588,0.5743,0.00445,0.1403,0.001927,0.591,1,14,74.11,0.872,1,10034,13.0,0.0,0,50,10304,615443.5,0.0,-1,7.35
1786083217893,4157,v1,0.016,0.5161,0.2018,2.4147,0.864,0.02871,0.1159,0.003761,0.614,0,28,56.71,0.742,1,0,18.56,18.56,0,50,9742,308924.9,88.6,16,14.23
1786083220628,4158,v1,0.0272,0.3817,0.1435,0.9614,0.8659,0.03138,0.1019,0.002264,0.718,1,33,63.83,0.915,1,0,15.153,15.153,1,50,11810,270523.1,100.0,13,8.32
1786083223385,4159,v1,0.0186,0.5552,0.4105,2.4243,0.751,0.00849,0.0643,0.002745,0.67,1,11,32.15,0.588,1,7381,10.0,2.779,1,50,10511,272482.6,100.0,14,75.16
1786083215089,4160,v1,0.0715,0.4695,0.395,0.9412,0.5248,0.02635,0.1085,0.00236,0.627,0,9,42.12,0.512,1,3925,8.0,5.739,0,50,10627,415759.3,54.21,14,9.16
1786083216786,4161,v1,0.0442,0.8997,0.4961,1.0689,0.5393,0.02232,0.1356,0.001295,0.593,1,28,26.77,0.996,1,1563,7.167,6.001,1,50,9803,77232.1,100.0,3,4.84
1786083220179,4162,v1,0.0105,0.2408,0.2839,1.091,0.5028,0.02741,0.0934,0.003514,0.676,1,33,23.22,0.685,1,703,9.876,8.245,0,50,9928,477598.4,43.86,19,12.78
1786083222651,4163,v1,0.0355,0.9263,0.2686,2.4384,0.616,0.0089,0.2085,0.00316,0.638,1,9,57.57,0.398,1,5539,8.0,3.311,1,50,9706,251479.6,100.0,13,63.57
1786083215369,4164,v1,0.0514,0.2043,0.2407,2.483,0.8138,0.01822,0.206,0.003433,0.69,1,20,86.69,0.867,1,0,18.047,18.047,0,50,10393,329969.0,85.39,17,12.41
1786083217730,4165,v1,0.0162,0.9921,0.392,1.1311,0.1314,0.02475,0.2444,0.00317,0.694,1,22,63.03,0.802,1,0,13.0,13.0,1,50,10529,235465.2,100.0,13,11.76
1786083220303,4166,v1,0.0576,0.6499,0.2514,1.9738,0.8353,0.02867,0.1435,0.002989,0.615,0,18,49.8,0.584,1,0,15.17,15.17,0,50,9969,278875.1,99.31,15,10.85
1786083223228,4167,v1,0.0391,0.4003,0.225,1.9874,0.8954,0.02807,0.1315,0.002118,0.707,0,8,99.94,0.413,1,0,7.0,7.0,0,50,10299,337301.8,84.29,17,8.81
1786083215487,4168,v1,0.0503,0.8197,0.2648,1.8892,0.7373,0.01065,0.2191,0.003612,0.618,1,28,75.98,0.371,1,0,18.299,18.299,0,50,9740,299659.7,94.23,16,13.01
1786083218175,4169,v1,0.0364,0.6647,0.4359,1.9467,0.1238,0.01404,0.1143,0.00156,0.716,1,5,67.34,0.838,1,9951,4.0,0.254,1,50,10685,305874.7,100.0,25,93.98
1786083220787,4170,v1,0.0236,0.4008,0.3315,2.3502,0.6349,0.00972,0.0573,0.002651,0.698,0,15,77.44,0.844,1,0,14.0,14.0,1,50,10483,255161.2,100.0,14,11.34
1786083223316,4171,v1,0.0743,0.5462,0.2318,2.3066,0.8673,0.01409,0.1486,0.003613,0.699,1,19,86.76,0.34,1,0,13.0,13.0,1,50,9953,228212.7,100.0,13,13.77
1786083216500,4172,v1,0.0264,0.887,0.3066,2.3485,0.8117,0.01665,0.0573,0.001309,0.608,0,27,96.22,0.698,1,0,18.748,18.748,0,50,10717,343348.3,88.73,17,5.15
1786083218981,4173,v1,0.0446,0.9971,0.3561,1.6144,0.4297,0.01104,0.2219,0.00157,0.665,0,11,69.16,0.52,1,3294,10.0,7.398,1,50,10278,239346.6,100.0,13,16.44
1786083222803,4174,v1,0.0427,0.627,0.4272,2.3941,0.1454,0.01057,0.1567,0.001424,0.671,0,20,69.53,0.707,1,479,18.439,17.662,0,50,10785,523979.4,80.75,18,5.83
1786083225531,4175,v1,0.0449,0.3463,0.4227,1.518,0.3516,0.02622,0.1241,0.003613,0.692,0,36,33.9,0.462,1,0,14.734,14.734,1,50,11661,249413.3,100.0,13,13.3
1786083217014,4176,v1,0.0196,0.4761,0.2221,0.8008,0.6202,0.0229,0.1309,0.002985,0.661,0,30,43.55,0.506,1,0,14.348,14.348,1,50,10484,234434.0,100.0,13,11.2
1786083220777,4177,v1,0.0644,0.692,0.2737,1.02,0.2591,0.01301,0.097,0.002161,0.692,1,5,36.72,0.371,1,5203,4.0,2.033,0,50,10677,545277.9,48.55,17,8.58
1786083223334,4178,v1,0.041,0.85,0.3643,2.0202,0.4326,0.02061,0.2489,0.002664,0.623,0,32,38.17,0.978,1,0,14.355,14.355,1,50,10043,228177.5,100.0,13,9.94
1786083225691,4179,v1,0.0744,0.4995,0.4654,1.4069,0.8932,0.02555,0.0891,0.001991,0.704,0,36,72.31,0.411,1,0,13.805,13.805,1,50,9960,208648.8,100.0,11,7.81
1786083217705,4180,v1,0.0329,0.5347,0.1693,1.1388,0.3006,0.00945,0.1861,0.003747,0.627,0,5,42.56,0.308,1,2034,4.0,3.597,1,50,10249,240897.9,100.0,13,31.0
1786083220884,4181,v1,0.0416,0.5577,0.2253,1.6483,0.3695,0.01766,0.2455,0.002325,0.58,0,14,38.91,0.687,1,4693,13.0,7.72,0,50,10080,443411.4,44.34,15,8.79
1786083222905,4182,v1,0.0571,0.5501,0.4253,1.5754,0.7778,0.02341,0.1523,0.002843,0.586,0,25,39.23,0.428,1,0,6.973,6.973,1,50,9613,87212.9,100.0,4,10.85
1786083225630,4183,v1,0.0294,0.6668,0.4079,2.357,0.8954,0.0106,0.2261,0.003111,0.658,0,24,92.19,0.772,1,0,13.354,13.354,1,50,11342,256203.6,100.0,13,11.9
1786083226499,4184,v1,0.0149,0.79,0.3099,0.8642,0.5087,0.01469,0.1783,0.00263,0.619,0,15,80.84,0.818,1,5776,14.0,6.383,0,50,9458,474743.8,31.75,18,9.74
1786083228725,4185,v1,0.0507,0.9508,0.1691,1.9198,0.4558,0.03171,0.2025,0.003557,0.611,0,35,96.7,0.719,1,0,17.91,17.91,0,50,10127,285929.3,96.91,15,12.62
1786083230683,4186,v1,0.0161,0.3277,0.1484,2.3561,0.3534,0.01798,0.0847,0.003526,0.658,1,4,98.72,0.792,1,10144,3.0,0.0,1,50,10252,277925.4,0.0,-1,100.0
1786083232581,4187,v1,0.0465,0.6098,0.1077,1.6424,0.7221,0.01769,0.0728,0.001658,0.595,1,11,62.5,0.892,1,5210,9.625,4.462,1,50,10248,222975.6,100.0,9,46.32
1786083226432,4188,v1,0.0345,0.8158,0.2062,1.5409,0.7858,0.03174,0.0814,0.003706,0.641,1,24,24.09,0.521,1,1070,16.645,14.833,0,50,10586,339308.4,90.3,15,13.72
1786083228180,4189,v1,0.0759,0.9328,0.3185,2.3405,0.7593,0.00954,0.1172,0.00137,0.593,0,28,69.11,0.335,1,0,9.487,9.487,1,50,10063,128269.9,100.0,4,5.14
1786083230099,4190,v1,0.0426,0.8277,0.2164,2.2863,0.3791,0.01208,0.0953,0.003643,0.637,1,7,27.61,0.337,1,4142,6.0,3.639,1,50,10763,259686.0,100.0,13,47.56
1786083232107,4191,v1,0.0142,0.7209,0.2852,1.7108,0.8558,0.01219,0.2109,0.002911,0.612,0,21,73.08,0.711,1,0,13.0,13.0,1,50,10274,228038.1,100.0,13,11.41
1786083227304,4192,v1,0.0341,0.747,0.3133,1.7855,0.9544,0.03173,0.0687,0.003254,0.679,0,6,25.6,0.731,1,3760,5.0,3.868,0,50,10109,405504.4,56.0,16,11.88
1786083229416,4193,v1,0.0719,0.6022,0.2305,1.9575,0.4535,0.00426,0.0697,0.002837,0.661,1,10,71.56,0.6,1,6673,8.883,2.786,1,50,10084,256710.6,100.0,13,17.36
1786083231972,4194,v1,0.0766,0.2718,0.4449,1.4723,0.7741,0.02023,0.1923,0.001513,0.666,1,13,22.93,0.611,1,8268,11.999,3.094,1,50,11337,289381.2,100.0,13,6.28
1786083233430,4195,v1,0.0623,0.5904,0.3903,0.8278,0.1105,0.02424,0.2008,0.001539,0.598,0,18,88.64,0.755,1,0,9.573,9.573,1,50,10530,161433.4,100.0,3,5.88
1786083227351,4196,v1,0.0508,0.359,0.3386,1.324,0.3465,0.00623,0.2121,0.003565,0.689,1,30,84.32,0.781,1,0,15.258,15.258,1,50,11722,261763.1,100.0,14,13.19
1786083229143,4197,v1,0.0564,0.3966,0.189,1.1373,0.8192,0.02335,0.1764,0.001614,0.603,1,21,20.18,0.536,1,0,9.722,9.722,1,50,9761,152848.0,100.0,6,5.74
1786083231621,4198,v1,0.0356,0.2492,0.4906,2.1238,0.8148,0.00666,0.1948,0.002561,0.597,0,18,98.67,0.573,1,0,17.0,17.0,0,50,11083,340422.0,84.39,17,9.47
1786083233521,4199,v1,0.0467,0.3311,0.4285,2.314,0.7952,0.00897,0.1771,0.002663,0.596,0,4,88.08,0.929,1,0,3.0,3.0,0,50,11030,324399.9,84.26,16,10.11
1786083241030,4200,v1,0.0429,0.9847,0.2885,1.5544,0.8333,0.01039,0.223,0.002246,0.632,1,22,49.39,0.948,1,1719,17.367,14.478,0,50,10748,398752.1,83.83,16,8.47
1786083243396,4201,v1,0.0511,0.9309,0.1273,0.9495,0.3506,0.01002,0.2096,0.003559,0.703,0,15,26.02,0.325,1,0,13.0,13.0,1,50,9513,213437.2,100.0,13,13.16
1786083246146,4202,v1,0.0593,0.3184,0.483,2.3984,0.6904,0.0178,0.1678,0.001951,0.626,0,35,93.09,0.661,1,0,14.283,14.283,1,50,11513,249546.7,100.0,13,7.35
1786083248500,4203,v1,0.0492,0.9067,0.147,1.1,0.9698,0.01216,0.1385,0.002066,0.707,1,20,72.43,0.737,1,0,13.0,13.0,1,50,9946,219836.4,100.0,13,8.35
1786083240967,4204,v1,0.0425,0.6118,0.4478,1.32,0.8217,0.02825,0.2471,0.001454,0.69,0,21,97.32,0.955,1,0,13.0,13.0,1,50,9597,216429.7,100.0,13,5.8
1786083244893,4205,v1,0.0108,0.606,0.3316,2.1999,0.3917,0.01327,0.145,0.003404,0.625,1,21,63.77,0.466,1,0,0.0,0.0,0,50,9787,577928.1,0.0,-1,12.96
1786083247825,4206,v1,0.0719,0.7329,0.4688,1.8139,0.5739,0.02372,0.1746,0.003767,0.631,1,28,73.28,0.716,1,0,16.666,16.666,0,50,11388,312653.1,95.23,14,14.3
1786083251685,4207,v1,0.0191,0.6642,0.1427,2.3811,0.3554,0.01805,0.1709,0.001594,0.651,1,7,41.71,0.898,1,9994,6.0,0.0,0,50,10089,603249.5,0.0,-1,6.36
1786083242200,4208,v1,0.069,0.7249,0.1056,1.4708,0.305,0.02225,0.054,0.001215,0.624,0,32,31.84,0.439,1,0,17.69,17.69,0,50,10896,319319.3,84.56,15,4.71
1786083246169,4209,v1,0.0127,0.6582,0.3469,1.8591,0.188,0.01632,0.128,0.002958,0.663,1,22,36.31,0.774,1,6,0.061,0.05,0,50,10324,577921.0,0.33,-1,11.26
1786083248977,4210,v1,0.0229,0.4556,0.2054,2.3984,0.4531,0.01411,0.0782,0.001774,0.617,1,12,20.02,0.801,1,10958,11.0,0.0,1,50,11201,315703.2,0.0,-1,100.0
1786083253386,4211,v1,0.0241,0.327,0.4317,2.3106,0.7713,0.00789,0.1057,0.003504,0.633,0,11,46.35,0.3,1,2415,10.0,8.094,0,50,10506,578842.2,25.42,19,13.21
1786083241988,4212,v1,0.0689,0.4551,0.4064,2.2636,0.26,0.02869,0.2417,0.001799,0.587,1,21,47.8,0.541,1,0,7.553,7.553,1,50,10152,113723.8,100.0,5,6.58
1786083244756,4213,v1,0.053,0.8092,0.4252,1.9172,0.5642,0.0171,0.1018,0.001887,0.681,1,21,91.56,0.761,1,0,17.141,17.141,0,50,9746,324863.6,84.09,16,7.45
1786083247232,4214,v1,0.0455,0.7645,0.1148,1.6503,0.3192,0.03,0.1795,0.001279,0.638,0,21,92.89,0.339,1,0,13.0,13.0,1,50,10491,241418.8,100.0,13,4.82
1786083251149,4215,v1,0.0404,0.2314,0.3148,1.8098,0.141,0.00707,0.0798,0.003448,0.681,1,20,37.8,0.553,1,3937,19.0,11.062,0,50,10117,539275.7,40.5,19,13.25
1786083243004,4216,v1,0.0266,0.987,0.1434,1.6568,0.559,0.01496,0.05,0.001217,0.628,1,18,27.18,0.311,1,0,13.0,13.0,1,50,10567,245208.5,100.0,13,4.67
1786083245418,4217,v1,0.0374,0.5366,0.3491,1.2021,0.1733,0.02627,0.2197,0.003018,0.66,0,33,24.89,0.584,1,0,14.356,14.356,1,50,10123,231509.2,100.0,13,11.75
1786083248184,4218,v1,0.0433,0.507,0.1779,1.0928,0.4893,0.01938,0.2115,0.001268,0.668,1,34,82.68,0.605,1,0,19.783,19.783,0,50,10245,325708.0,85.67,17,4.8
1786083250632,4219,v1,0.0726,0.8979,0.266,2.0484,0.4147,0.02014,0.0708,0.003768,0.689,1,25,84.62,0.541,1,0,13.522,13.522,1,50,10762,231333.8,100.0,13,14.11
1786083243606,4220,v1,0.0453,0.584,0.1491,2.2166,0.4334,0.01338,0.1249,0.001562,0.623,0,17,82.63,0.66,1,0,13.0,13.0,1,50,12025,266817.0,100.0,13,6.22
1786083247436,4221,v1,0.0644,0.4946,0.1147,1.5223,0.1346,0.00496,0.211,0.003062,0.665,0,25,30.53,0.858,1,0,19.209,19.209,0,50,11189,518924.7,96.2,18,12.0
1786083250058,4222,v1,0.0145,0.4041,0.2797,1.4509,0.829,0.02122,0.1478,0.00135,0.611,0,33,82.24,0.997,1,0,14.349,14.349,1,50,11051,237534.5,100.0,13,5.11
1786083253079,4223,v1,0.0606,0.712,0.485,1.7598,0.6925,0.00863,0.0852,0.003758,0.604,1,25,86.06,0.351,1,0,17.021,17.021,0,50,11377,320204.5,95.78,15,14.15
1786083243785,4224,v1,0.0653,0.4645,0.185,1.5399,0.4739,0.00637,0.2088,0.002634,0.621,0,17,50.0,0.59,1,0,13.0,13.0,1,50,9816,227263.8,100.0,13,9.94
1786083248184,4225,v1,0.0381,0.512,0.2154,1.6948,0.3535,0.02258,0.1094,0.003442,0.632,1,15,86.83,0.655,1,8513,14.0,2.532,0,50,10881,593999.7,15.46,-1,12.49
1786083251227,4226,v1,0.0658,0.2096,0.3251,1.0734,0.4672,0.00999,0.0899,0.00205,0.687,0,31,65.57,0.412,1,0,20.252,20.252,0,50,10159,409427.5,95.6,16,7.88
1786083254817,4227,v1,0.069,0.5058,0.319,2.3906,0.7871,0.02756,0.1832,0.003132,0.592,0,8,51.32,0.942,1,6526,7.0,3.731,0,50,10218,470610.1,30.03,14,12.16
1786083251497,4228,v1,0.0453,0.4362,0.3646,2.3661,0.4659,0.01269,0.1964,0.002501,0.622,1,18,56.63,0.343,1,0,13.0,13.0,1,50,10653,243020.3,100.0,13,9.95
1786083254051,4229,v1,0.0269,0.7263,0.3622,2.2261,0.7405,0.00395,0.1191,0.001454,0.639,0,23,75.15,0.897,1,0,13.198,13.198,1,50,9444,212878.7,100.0,13,5.15
1786083257304,4230,v1,0.0388,0.362,0.3003,1.8879,0.8662,0.02568,0.1839,0.001966,0.695,1,26,25.01,0.614,1,1350,18.504,16.081,0,50,10729,369229.2,89.33,17,7.5
1786083259560,4231,v1,0.0406,0.718,0.3094,2.2037,0.3502,0.01189,0.1931,0.003582,0.596,0,21,87.97,0.852,1,0,10.956,10.956,1,50,10111,183383.4,100.0,8,13.11
1786083254291,4232,v1,0.0662,0.4865,0.2672,0.9679,0.22,0.00706,0.1894,0.001372,0.593,0,27,20.24,0.863,1,1025,16.675,15.214,0,50,10606,384327.2,98.29,15,5.61
1786083256810,4233,v1,0.0684,0.5708,0.2443,2.0897,0.4012,0.02002,0.2102,0.002923,0.609,1,31,49.82,0.708,1,0,12.11,12.11,1,50,10860,183663.6,100.0,5,11.3
1786083259543,4234,v1,0.0234,0.2907,0.3896,0.8045,0.4983,0.01424,0.0639,0.00248,0.694,1,24,49.91,0.739,1,1489,14.308,12.124,1,50,10216,246132.1,100.0,14,9.96
1786083262542,4235,v1,0.0678,0.3416,0.1267,2.0032,0.5066,0.02273,0.1171,0.003393,0.646,1,6,21.39,0.987,1,10904,5.0,0.0,1,50,11084,309392.2,100.0,21,78.97
1786083253999,4236,v1,0.0391,0.7947,0.4637,2.0574,0.4555,0.02792,0.1368,0.001343,0.615,1,15,63.3,0.364,1,0,10.125,10.125,1,50,10026,168357.6,100.0,8,5.19
1786083256792,4237,v1,0.0248,0.315,0.2337,1.1636,0.6802,0.01003,0.0685,0.002737,0.629,0,29,23.65,0.946,1,858,15.111,14.06,1,50,11481,255430.1,100.0,14,10.43
1786083259158,4238,v1,0.0395,0.5924,0.4761,1.9586,0.7871,0.02536,0.2448,0.001923,0.604,1,18,54.64,0.991,1,0,10.982,10.982,1,50,9454,171874.4,100.0,8,7.38
1786083261889,4239,v1,0.0299,0.9646,0.1749,1.8704,0.302,0.00589,0.1772,0.002162,0.617,0,10,59.03,0.463,1,2448,9.0,7.301,1,50,10280,241271.9,100.0,13,30.74
1786083256156,4240,v1,0.07,0.9253,0.3,2.1902,0.1182,0.02255,0.1024,0.001847,0.664,0,31,25.49,0.835,1,1987,19.926,16.2,0,50,10103,422625.4,96.56,16,7.11
1786083259583,4241,v1,0.0635,0.7161,0.2002,1.7456,0.7731,0.00381,0.1344,0.002068,0.707,0,10,89.41,0.886,1,0,9.0,9.0,0,50,10526,508281.4,74.53,18,7.88
1786083263903,4242,v1,0.0755,0.599,0.1667,1.7774,0.7171,0.01164,0.227,0.001905,0.669,0,10,41.19,0.839,1,6919,9.0,4.376,0,50,10663,548771.3,28.81,17,7.75
1786083266519,4243,v1,0.0415,0.969,0.4346,2.4834,0.5376,0.02579,0.0763,0.002548,0.642,0,20,67.98,0.477,1,0,12.884,12.884,1,50,10597,237136.2,100.0,13,9.89
1786083256261,4244,v1,0.0151,0.5287,0.2189,1.0737,0.1473,0.00604,0.195,0.002972,0.662,1,31,79.36,0.45,1,0,15.08,15.08,1,50,10323,241534.7,100.0,13,11.25
1786083261156,4245,v1,0.0169,0.2657,0.2108,1.8278,0.2938,0.0115,0.2413,0.002319,0.65,0,13,58.26,0.938,1,5437,12.0,7.074,0,50,11341,645131.7,0.0,-1,8.75
1786083264922,4246,v1,0.0698,0.6972,0.2576,1.0574,0.4175,0.01542,0.0674,0.003264,0.716,1,29,26.96,0.361,1,2470,20.087,14.772,0,50,10507,478805.6,85.53,17,11.91
1786083267970,4247,v1,0.0523,0.4808,0.4782,0.9252,0.2784,0.02252,0.0711,0.002597,0.691,1,33,88.88,0.577,1,0,19.497,19.497,0,50,10567,375559.6,84.9,16,10.42
1786083256524,4248,v1,0.0189,0.4093,0.1772,0.9131,0.5939,0.03137,0.1486,0.001516,0.607,1,29,37.09,0.363,1,737,12.252,11.311,1,50,9988,180656.5,100.0,9,6.0
1786083259448,4249,v1,0.0701,0.929,0.1959,1.8839,0.8448,0.00323,0.1803,0.00126,0.647,0,23,75.62,0.745,1,0,17.724,17.724,0,50,10202,333081.7,85.75,17,5.11
1786083262535,4250,v1,0.0724,0.4221,0.4732,1.3789,0.2033,0.01357,0.1811,0.002123,0.636,1,8,55.93,0.519,1,6535,6.993,2.706,1,50,10824,274706.1,100.0,13,9.74
1786083265218,4251,v1,0.0799,0.2639,0.4565,2.292,0.9736,0.02909,0.1549,0.003486,0.676,0,30,33.46,0.595,1,0,14.361,14.361,1,50,10750,242521.2,100.0,13,12.53
1786083257988,4252,v1,0.0785,0.6737,0.1764,1.8198,0.6639,0.02069,0.2257,0.00349,0.715,0,34,58.66,0.798,1,0,14.354,14.354,1,50,9807,223227.4,100.0,13,13.49
1786083261864,4253,v1,0.024,0.2829,0.3771,1.2497,0.9102,0.02513,0.1302,0.003109,0.703,0,25,76.64,0.385,1,0,14.064,14.064,0,50,11627,473352.6,68.33,19,11.71
1786083265103,4254,v1,0.0718,0.5948,0.4258,0.9652,0.3512,0.02811,0.195,0.002134,0.633,0,5,98.57,0.618,1,0,4.0,4.0,0,50,11017,295143.0,85.35,14,7.99
1786083268761,4255,v1,0.0215,0.9399,0.3967,1.8386,0.5287,0.01045,0.1847,0.003367,0.704,1,13,60.53,0.523,1,5522,12.0,4.869,0,50,9683,567997.6,0.0,-1,12.64
1786083262540,4256,v1,0.0493,0.8589,0.1289,1.7979,0.9179,0.0282,0.2467,0.002696,0.585,0,6,62.08,0.504,1,2191,4.981,4.332,1,50,10272,152096.2,100.0,5,20.51
1786083265182,4257,v1,0.0368,0.3401,0.1091,0.9163,0.2878,0.01604,0.2345,0.003453,0.606,1,20,59.53,0.712,1,0,16.18,16.18,0,50,9407,276496.0,93.37,15,12.77
1786083267704,4258,v1,0.0191,0.8179,0.1702,0.897,0.4533,0.0111,0.1275,0.00134,0.676,1,20,98.52,0.925,1,0,13.0,13.0,1,50,10110,226270.0,100.0,13,5.18
1786083270010,4259,v1,0.0602,0.4791,0.186,2.4381,0.8348,0.03172,0.1335,0.002666,0.612,1,31,92.92,0.762,1,0,11.831,11.831,1,50,10228,176561.0,100.0,6,9.8
1786083265286,4260,v1,0.0643,0.8075,0.4854,1.2986,0.7697,0.00329,0.0603,0.003448,0.594,0,7,75.07,0.53,1,0,6.0,6.0,0,50,9978,297989.9,92.33,15,12.62
1786083267774,4261,v1,0.0518,0.6742,0.1571,1.9742,0.1733,0.01323,0.1999,0.002517,0.679,1,28,23.92,0.729,1,1417,14.025,11.878,1,50,9819,222685.6,100.0,13,9.66
1786083271754,4262,v1,0.0563,0.9863,0.2844,1.4893,0.6395,0.00645,0.1557,0.003211,0.702,1,28,22.47,0.873,1,4994,20.05,10.533,0,50,11799,546550.0,89.8,18,12.19
1786083276021,4263,v1,0.0707,0.7417,0.1537,1.8454,0.8736,0.01946,0.1768,0.002954,0.626,1,9,37.35,0.609,1,7899,8.0,2.137,0,50,11019,588896.3,24.14,16,11.17
1786083266389,4264,v1,0.0631,0.785,0.3458,1.8029,0.8695,0.00591,0.233,0.001656,0.67,1,13,47.76,0.797,1,8312,11.514,2.413,1,50,11051,272697.1,100.0,12,10.73
1786083268745,4265,v1,0.0778,0.2142,0.3352,1.2524,0.509,0.03123,0.2489,0.003033,0.581,1,5,31.59,0.609,1,1969,3.876,3.19,1,50,11312,102360.6,100.0,4,11.28
1786083272964,4266,v1,0.027,0.5929,0.1595,2.1042,0.8618,0.02026,0.0538,0.002936,0.706,1,25,70.02,0.534,1,0,0.0,0.0,0,50,9610,555036.8,0.0,-1,10.95
1786083275612,4267,v1,0.0664,0.4875,0.4066,1.6837,0.2246,0.02524,0.2187,0.003613,0.668,0,35,79.87,0.549,1,0,18.595,18.595,0,50,9995,315898.8,88.06,15,14.75
1786083268242,4268,v1,0.0568,0.8348,0.212,1.8382,0.3853,0.01196,0.2443,0.00336,0.64,0,32,27.3,0.911,1,0,13.274,13.274,1,50,10317,205523.7,100.0,9,12.11
1786083272789,4269,v1,0.0578,0.2174,0.313,1.0575,0.7748,0.02341,0.0905,0.002733,0.681,1,7,32.24,0.51,1,8479,6.0,1.432,0,50,11293,585857.0,20.16,17,10.31
1786083275422,4270,v1,0.0605,0.2504,0.3065,2.4607,0.8808,0.00522,0.169,0.001336,0.592,0,21,47.78,0.732,1,0,16.888,16.888,0,50,9630,298935.5,88.8,16,5.12
1786083277840,4271,v1,0.0409,0.2779,0.2284,1.7592,0.6752,0.00986,0.1858,0.002917,0.597,1,12,52.1,0.94,1,9462,11.0,0.0,1,50,9793,276512.4,0.0,-1,100.0
1786083271022,4272,v1,0.0141,0.5109,0.4605,2.2586,0.7748,0.01487,0.1049,0.001328,0.604,0,32,57.86,0.969,1,0,17.986,17.986,0,50,11202,401505.0,81.47,18,5.18
1786083274951,4273,v1,0.0173,0.8313,0.426,1.7748,0.5957,0.02309,0.1093,0.003522,0.611,0,9,40.18,0.917,1,6905,8.0,4.0,0,50,10700,540208.1,28.99,16,13.26
1786083277101,4274,v1,0.0591,0.2577,0.3133,1.4837,0.3821,0.01646,0.1714,0.002757,0.64,0,15,48.99,0.598,1,0,10.392,10.392,1,50,10166,175802.3,100.0,7,9.94
1786083279700,4275,v1,0.0651,0.2518,0.4679,0.8293,0.8814,0.02907,0.1104,0.0019,0.71,0,16,98.52,0.512,1,0,15.0,15.0,0,50,9753,288503.9,87.38,15,7.31
1786083270932,4276,v1,0.058,0.7345,0.2137,2.1432,0.9743,0.0132,0.188,0.003216,0.664,1,22,34.89,0.354,1,741,13.0,11.948,1,50,9792,221019.6,100.0,13,11.66
1786083273387,4277,v1,0.024,0.4089,0.4989,1.28,0.4008,0.01971,0.059,0.003687,0.65,0,23,54.72,0.599,1,0,13.198,13.198,1,50,10722,245377.0,100.0,13,13.78
1786083276185,4278,v1,0.0607,0.8754,0.1494,1.5669,0.4452,0.03123,0.0867,0.002223,0.668,0,20,51.67,0.737,1,0,15.839,15.839,0,50,10845,303622.2,87.37,15,8.49
1786083278351,4279,v1,0.0412,0.8401,0.4786,1.751,0.7469,0.00528,0.1675,0.001309,0.593,1,16,55.39,0.868,1,0,10.496,10.496,1,50,9946,172016.7,100.0,6,5.14
1786083272158,4280,v1,0.0698,0.736,0.1322,1.0157,0.8191,0.02158,0.058,0.00337,0.668,1,21,82.94,0.631,1,0,13.0,13.0,1,50,9774,207454.3,100.0,13,12.65
1786083274379,4281,v1,0.0303,0.3012,0.33,1.8131,0.3178,0.00837,0.0675,0.001562,0.591,1,23,65.66,0.76,1,0,13.202,13.202,1,50,10300,230853.3,100.0,13,5.88
1786083277535,4282,v1,0.0336,0.2813,0.1531,2.1262,0.348,0.01728,0.1998,0.001825,0.618,0,27,90.62,0.768,1,0,18.543,18.543,0,50,10715,359635.5,86.73,17,6.94
1786083279517,4283,v1,0.0764,0.65,0.1109,1.7813,0.9584,0.03074,0.1196,0.002138,0.667,1,25,30.0,0.585,1,1306,11.321,9.787,1,50,9950,183701.2,100.0,8,8.02
1786083272905,4284,v1,0.0383,0.7305,0.1298,1.6407,0.9097,0.02446,0.078,0.003207,0.612,0,23,75.45,0.597,1,0,10.767,10.767,1,50,10174,176067.5,100.0,8,11.47
1786083275843,4285,v1,0.0462,0.4631,0.3776,1.6612,0.8089,0.0207,0.1389,0.001231,0.712,1,23,75.64,0.46,1,0,18.229,18.229,0,50,10169,332387.0,84.25,17,4.36
1786083277800,4286,v1,0.0776,0.712,0.391,1.2685,0.6828,0.02469,0.0542,0.001612,0.58,0,10,57.67,0.627,1,0,4.269,4.269,1,50,10928,64011.5,100.0,3,6.24
1786083280495,4287,v1,0.0643,0.3568,0.3542,1.9963,0.9641,0.02916,0.0867,0.001366,0.621,1,19,41.09,0.322,1,742,15.347,14.266,0,50,10705,334561.1,99.7,15,5.19
1786083278739,4288,v1,0.0774,0.4493,0.2825,1.7572,0.8597,0.02237,0.2302,0.002305,0.672,1,20,45.12,0.909,1,0,13.0,13.0,1,50,11026,245076.3,100.0,13,8.51
1786083280739,4289,v1,0.0448,0.7697,0.334,1.0837,0.8219,0.01969,0.1735,0.001273,0.695,1,23,40.15,0.413,1,728,13.192,12.196,1,50,9782,217660.7,100.0,13,4.99
1786083282421,4290,v1,0.0717,0.6953,0.2098,0.9778,0.452,0.02548,0.0785,0.00161,0.63,1,29,86.2,0.905,1,0,17.001,17.001,0,50,10200,293365.7,99.66,15,6.72
1786083284686,4291,v1,0.0656,0.8661,0.2739,1.004,0.1722,0.01968,0.2194,0.00194,0.72,1,30,97.86,0.659,1,0,20.804,20.804,0,50,10968,490908.2,86.12,17,7.58
1786083279214,4292,v1,0.0536,0.7356,0.372,1.9013,0.8251,0.02812,0.1807,0.002125,0.607,1,13,71.66,0.383,1,2456,8.748,6.172,1,50,10654,163617.4,100.0,5,8.12
1786083282038,4293,v1,0.0121,0.3235,0.3573,1.0427,0.6263,0.00749,0.1682,0.001406,0.63,0,12,29.24,0.765,1,4161,11.0,6.976,0,50,9439,571220.2,0.43,-1,5.35
1786083284943,4294,v1,0.0324,0.2857,0.4308,1.0503,0.1143,0.00356,0.1428,0.003417,0.689,1,10,53.78,0.525,1,6856,9.0,3.214,0,50,10969,643976.9,0.0,-1,12.14
1786083286932,4295,v1,0.0249,0.7494,0.2379,1.274,0.221,0.02504,0.223,0.001365,0.649,0,16,76.91,0.98,1,5943,15.0,7.239,0,50,10155,503367.1,35.43,17,5.24
1786083280725,4296,v1,0.0316,0.3561,0.2538,1.7614,0.9015,0.01188,0.075,0.002293,0.718,1,13,81.35,0.423,1,5108,12.0,5.845,1,50,10233,266252.4,100.0,15,55.43
1786083282562,4297,v1,0.0385,0.9688,0.4141,2.4726,0.3478,0.02744,0.094,0.001516,0.666,0,33,39.02,0.805,1,0,19.574,19.574,0,50,10365,323940.5,85.53,17,6.07
1786083284488,4298,v1,0.0505,0.5646,0.4838,1.2821,0.9165,0.01124,0.1835,0.001615,0.645,1,24,25.83,0.431,1,901,17.243,15.699,0,50,10384,339846.7,85.46,16,6.02
1786083286296,4299,v1,0.0208,0.206,0.4371,2.1506,0.1676,0.02096,0.0913,0.002175,0.649,0,26,92.56,0.519,1,0,19.3,19.3,0,50,10136,418548.8,88.22,18,8.69
1786083293755,4300,v1,0.0772,0.9842,0.2475,2.2067,0.5424,0.02717,0.1244,0.001258,0.639,0,11,85.97,0.368,1,0,8.704,8.704,1,50,10736,190149.1,100.0,7,4.86
1786083296013,4301,v1,0.0636,0.9485,0.2813,2.371,0.9272,0.03043,0.0995,0.001811,0.597,1,28,72.37,0.429,1,0,9.014,9.014,1,50,10210,122090.8,100.0,6,7.2
1786083298137,4302,v1,0.0165,0.3965,0.2411,1.7484,0.5789,0.02441,0.0608,0.001708,0.695,0,36,52.52,0.69,1,0,15.755,15.755,1,50,9472,229433.9,100.0,14,6.59
1786083300656,4303,v1,0.0457,0.5348,0.4943,1.3149,0.1497,0.02769,0.2333,0.001325,0.599,1,29,59.22,0.972,1,0,15.293,15.293,0,50,9777,241483.2,89.18,12,5.26
1786083294943,4304,v1,0.0411,0.7944,0.3219,2.2632,0.1627,0.00429,0.2245,0.002497,0.678,0,12,59.08,0.394,1,2521,11.0,8.93,1,50,11278,269407.8,100.0,13,30.35
1786083297106,4305,v1,0.0661,0.4914,0.1927,0.8115,0.3436,0.02673,0.1074,0.001931,0.659,0,17,82.77,0.568,1,0,12.619,12.619,1,50,9992,225228.8,100.0,13,7.69
1786083301489,4306,v1,0.0585,0.4766,0.3905,1.4964,0.7578,0.00363,0.0892,0.002112,0.598,0,14,44.69,0.821,1,6945,13.0,6.105,0,50,11409,564463.4,36.35,16,8.41
1786083303909,4307,v1,0.0739,0.7132,0.331,1.33,0.422,0.01743,0.2244,0.003672,0.704,1,15,32.46,0.413,1,0,12.337,12.337,1,50,11099,228890.9,100.0,13,13.64
1786083295439,4308,v1,0.0407,0.6689,0.311,0.8807,0.1977,0.01898,0.2382,0.001206,0.653,1,11,32.5,0.77,1,9113,10.0,0.0,1,50,9212,260064.1,100.0,18,10.31
1786083298900,4309,v1,0.0462,0.6595,0.2697,2.496,0.165,0.01174,0.232,0.003384,0.581,1,30,59.07,0.883,1,3815,19.271,11.765,0,50,11427,461919.3,84.72,16,13.28
1786083301430,4310,v1,0.0529,0.4275,0.2715,1.6279,0.2493,0.02948,0.1512,0.003426,0.627,1,34,87.42,0.839,1,0,13.624,13.624,1,50,11246,236748.6,100.0,13,12.69
1786083303841,4311,v1,0.0625,0.7304,0.4619,1.6025,0.9325,0.00472,0.2227,0.001812,0.72,1,12,61.74,0.393,1,5113,11.0,4.715,1,50,9126,232750.3,100.0,13,10.29
1786083297888,4312,v1,0.0204,0.8388,0.46,2.4111,0.4426,0.00666,0.0679,0.002979,0.625,1,9,20.82,0.939,1,10545,8.0,0.0,0,50,10787,643615.0,0.0,-1,10.41
1786083300281,4313,v1,0.0166,0.2848,0.4923,1.07,0.8321,0.02197,0.0699,0.001284,0.641,0,33,34.96,0.796,1,0,14.358,14.358,1,50,10718,239430.0,100.0,13,5.28
1786083304490,4314,v1,0.058,0.818,0.2165,0.9236,0.3342,0.00493,0.0687,0.002939,0.616,1,11,98.58,0.879,1,11032,10.0,0.0,0,50,11369,641749.8,0.0,-1,11.27
1786083309063,4315,v1,0.0173,0.9266,0.1947,1.6836,0.2821,0.02184,0.1073,0.003479,0.69,1,26,81.69,0.498,1,0,0.0,0.0,0,50,11031,633638.2,0.0,-1,12.98
1786083298179,4316,v1,0.0652,0.8411,0.3972,2.2367,0.1683,0.00352,0.2341,0.002837,0.651,1,6,59.65,0.857,1,10112,5.0,0.0,0,50,10241,624162.4,0.0,-1,11.13
1786083300737,4317,v1,0.0593,0.9889,0.1136,2.0165,0.4496,0.01523,0.2222,0.003519,0.694,0,18,88.4,0.479,1,0,13.0,13.0,1,50,11397,261660.2,100.0,13,12.74
1786083304480,4318,v1,0.0172,0.734,0.2306,1.9481,0.2546,0.01752,0.1323,0.002899,0.647,0,8,94.16,0.734,1,0,7.0,7.0,0,50,10694,615787.4,15.76,-1,11.21
1786083307113,4319,v1,0.0478,0.8951,0.4386,2.3847,0.3525,0.02743,0.1954,0.003096,0.616,0,12,79.52,0.771,1,0,11.0,11.0,0,50,10891,302441.7,84.12,15,11.5
1786083298862,4320,v1,0.0264,0.7698,0.2937,0.9879,0.3021,0.0058,0.1431,0.00353,0.633,1,17,37.96,0.776,1,9870,16.0,0.663,0,50,10890,638260.9,2.33,-1,12.95
1786083302119,4321,v1,0.0426,0.2551,0.2257,0.9957,0.5358,0.00454,0.0543,0.003242,0.631,1,16,31.43,0.401,1,4182,15.0,8.319,0,50,9905,508379.3,51.56,18,12.14
1786083305581,4322,v1,0.0394,0.8336,0.333,1.1425,0.9888,0.01458,0.2277,0.003613,0.662,0,6,49.09,0.618,1,4251,5.0,3.753,0,50,10413,456028.0,52.97,17,13.62
1786083309751,4323,v1,0.0446,0.2716,0.1534,1.6137,0.2425,0.00658,0.1309,0.003103,0.708,1,8,48.87,0.716,1,10078,7.0,0.065,0,50,10377,570256.4,0.39,-1,11.33
1786083297549,4324,v1,0.029,0.5887,0.1776,1.5942,0.5654,0.00312,0.234,0.003164,0.637,0,25,31.24,0.314,1,0,13.532,13.532,1,50,11031,240616.5,100.0,13,11.49
1786083300061,4325,v1,0.0712,0.8595,0.3241,1.8347,0.4639,0.01307,0.2183,0.002454,0.706,1,29,66.67,0.519,1,1094,14.194,12.763,1,50,11507,250097.5,100.0,13,9.72
1786083302727,4326,v1,0.0654,0.2132,0.4227,2.2617,0.6679,0.01687,0.1372,0.002032,0.67,1,36,48.93,0.766,1,1735,15.347,12.819,1,50,11215,266279.2,100.0,13,7.87
1786083305198,4327,v1,0.0564,0.6146,0.1124,1.0101,0.5607,0.00773,0.1821,0.001226,0.666,0,9,94.4,0.43,1,0,8.0,8.0,1,50,10533,241185.0,100.0,13,4.79
1786083303562,4328,v1,0.0359,0.7161,0.3123,1.6755,0.1425,0.01014,0.2487,0.003381,0.617,1,36,22.92,0.341,1,710,14.711,13.544,1,50,9939,221923.1,100.0,13,12.28
1786083306770,4329,v1,0.0717,0.3583,0.3618,1.7751,0.3178,0.01172,0.2104,0.002447,0.71,0,18,33.08,0.338,1,661,16.842,15.828,0,50,10153,464290.5,80.19,17,9.09
1786083311311,4330,v1,0.0529,0.5056,0.4665,1.6974,0.9548,0.00712,0.1171,0.002429,0.629,1,16,49.24,0.833,1,9847,15.0,0.0,0,50,10168,588761.7,0.0,-1,8.75
1786083313523,4331,v1,0.0397,0.6412,0.3688,1.4801,0.577,0.0114,0.1612,0.003767,0.584,1,33,75.77,0.939,1,0,14.215,14.215,1,50,10257,223390.8,100.0,13,13.41
1786083307731,4332,v1,0.061,0.5422,0.151,2.3887,0.1136,0.01085,0.0663,0.002043,0.637,1,27,35.02,0.41,1,2118,19.224,15.222,0,50,10794,488864.5,90.09,16,7.12
1786083309830,4333,v1,0.0597,0.3124,0.3324,1.5553,0.8422,0.01471,0.1917,0.003221,0.59,1,26,96.1,0.397,1,0,10.948,10.948,1,50,10129,161621.5,100.0,5,12.07
1786083312603,4334,v1,0.0502,0.5797,0.1358,1.8679,0.1779,0.03091,0.1086,0.003132,0.694,0,9,90.56,0.932,1,0,8.0,8.0,1,50,9868,221876.7,100.0,13,12.16
1786083315196,4335,v1,0.0541,0.6419,0.3429,1.4759,0.4613,0.02333,0.1644,0.002133,0.719,0,34,40.97,0.883,1,0,14.299,14.299,1,50,10919,243391.7,100.0,13,8.22
1786083307349,4336,v1,0.0683,0.8911,0.3622,2.3241,0.4335,0.03002,0.1761,0.001398,0.691,0,22,85.21,0.384,1,0,16.507,16.507,0,50,9909,305651.7,84.81,15,5.36
1786083311033,4337,v1,0.0491,0.7723,0.3443,1.5817,0.3071,0.02157,0.093,0.001498,0.687,0,19,84.89,0.601,1,0,16.924,16.924,0,50,10958,426996.4,85.19,16,5.69
1786083315586,4338,v1,0.0185,0.2007,0.4105,2.1158,0.2871,0.00744,0.1381,0.003042,0.718,1,7,78.1,0.824,1,9810,6.0,0.519,0,50,10940,634365.4,0.0,-1,11.32
1786083318239,4339,v1,0.0315,0.9991,0.1399,1.7655,0.6284,0.00488,0.0897,0.001893,0.696,1,35,59.59,0.504,1,0,14.562,14.562,1,50,10227,232477.6,100.0,13,7.27
1786083310151,4340,v1,0.0122,0.492,0.1675,1.4959,0.5893,0.00741,0.0883,0.002243,0.598,0,24,80.08,0.533,1,0,0.0,0.0,0,50,10568,611628.8,0.0,-1,8.87
1786083312853,4341,v1,0.0139,0.5706,0.4799,2.004,0.4662,0.03061,0.247,0.003498,0.596,1,29,30.96,0.839,1,1610,11.837,9.961,1,50,11119,197372.7,100.0,8,15.29
1786083316169,4342,v1,0.0599,0.6963,0.3618,1.2209,0.4326,0.00718,0.1227,0.001466,0.66,0,11,79.15,0.421,1,2248,10.0,8.014,0,50,9199,423508.4,66.48,16,5.83
1786083318791,4343,v1,0.0223,0.6354,0.1951,1.663,0.6827,0.03006,0.096,0.002481,0.691,1,28,20.13,0.784,1,1527,14.032,11.908,1,50,10653,245730.5,100.0,13,10.5
1786083312506,4344,v1,0.0143,0.9603,0.2605,1.9666,0.2198,0.01395,0.0831,0.002138,0.618,1,6,94.68,0.455,1,6657,5.0,1.911,0,50,10888,595602.5,9.63,-1,8.15
1786083315283,4345,v1,0.0597,0.3207,0.3427,2.312,0.5129,0.02717,0.1353,0.002557,0.634,0,30,42.67,0.827,1,0,17.287,17.287,0,50,9887,273413.5,83.73,15,9.84
1786083318056,4346,v1,0.0347,0.5301,0.2584,1.7227,0.6155,0.02461,0.0775,0.001493,0.614,1,13,79.62,0.508,1,6916,12.0,3.569,1,50,10045,265915.2,100.0,13,71.97
1786083320721,4347,v1,0.0341,0.8197,0.2512,2.1886,0.8892,0.0166,0.2237,0.002806,0.585,0,31,26.79,0.316,1,224,18.374,17.949,0,50,9344,283721.3,83.84,16,10.51
1786083312011,4348,v1,0.0499,0.999,0.1088,2.4707,0.3036,0.02308,0.2057,0.002494,0.594,0,20,27.76,0.427,1,0,10.443,10.443,1,50,10711,182714.3,100.0,6,9.5
1786083315148,4349,v1,0.0521,0.4474,0.3338,1.3354,0.4925,0.00559,0.1736,0.00246,0.665,0,36,46.64,0.721,1,0,23.105,23.105,0,50,9956,435164.5,87.82,17,9.7
1786083317818,4350,v1,0.0674,0.9994,0.3394,1.5948,0.8067,0.01769,0.2176,0.001232,0.603,0,26,45.82,0.952,1,0,16.501,16.501,0,50,9786,283205.0,99.48,15,4.77
1786083320716,4351,v1,0.0537,0.6931,0.204,2.4699,0.5974,0.02233,0.1117,0.001518,0.691,0,8,21.65,0.866,1,5032,7.0,4.61,1,50,10640,264292.7,100.0,13,50.86
1786083314485,4352,v1,0.0243,0.6978,0.3121,1.9709,0.5711,0.01959,0.1123,0.003407,0.635,1,16,85.64,0.649,1,7653,15.0,3.212,0,50,10280,545943.1,18.04,-1,13.02
1786083316410,4353,v1,0.0741,0.3035,0.3897,0.8447,0.7848,0.0124,0.0511,0.001629,0.587,1,34,80.63,0.506,1,0,7.087,7.087,1,50,10260,75795.8,100.0,3,6.18
1786083319180,4354,v1,0.0408,0.3722,0.2425,1.2467,0.6753,0.00409,0.1715,0.00377,0.6,1,30,67.92,0.976,1,0,18.744,18.744,0,50,10051,319278.0,95.23,17,13.87
1786083321707,4355,v1,0.0212,0.3621,0.1913,1.6716,0.149,0.02464,0.1602,0.002963,0.715,1,13,38.15,0.347,1,3516,12.0,7.402,1,50,9504,249633.5,100.0,14,45.15
1786083318047,4356,v1,0.0616,0.4368,0.4677,1.4934,0.4828,0.01623,0.15,0.001679,0.704,0,12,44.19,0.921,1,5996,11.0,5.371,0,50,9789,528363.9,32.76,17,6.74
1786083320596,4357,v1,0.0441,0.2858,0.2672,1.6514,0.7211,0.00618,0.0791,0.001407,0.645,0,4,92.03,0.313,1,0,3.0,3.0,1,50,9984,238652.5,100.0,14,5.55
1786083323383,4358,v1,0.0587,0.5068,0.4078,0.9093,0.5903,0.0216,0.1258,0.003575,0.629,0,30,80.14,0.899,1,0,17.198,17.198,0,50,10898,299343.7,100.0,15,13.37
1786083326375,4359,v1,0.0196,0.4471,0.351,0.9111,0.7414,0.02763,0.1342,0.001353,0.641,1,32,22.22,0.731,1,1637,18.146,15.163,0,50,10261,338777.2,86.06,15,5.09
1786083320317,4360,v1,0.0579,0.3552,0.2647,1.9117,0.212,0.013,0.164,0.00122,0.706,1,11,46.6,0.375,1,4954,10.0,5.552,0,50,11289,584253.4,47.35,18,4.76
1786083324436,4361,v1,0.0235,0.2312,0.4262,2.0094,0.6527,0.00836,0.068,0.002518,0.614,0,6,29.91,0.85,1,5015,5.0,3.712,0,50,11853,599107.9,39.11,19,10.13
1786083328178,4362,v1,0.029,0.6228,0.1948,1.7364,0.3121,0.01124,0.2202,0.002122,0.634,1,7,53.18,0.432,1,4105,6.0,3.098,0,50,8588,494851.9,30.58,19,7.62
1786083330384,4363,v1,0.011,0.6219,0.3385,2.2622,0.8064,0.00425,0.2322,0.003091,0.69,1,30,75.76,0.413,1,0,16.944,16.944,1,50,9728,244695.4,100.0,15,12.4
1786083321513,4364,v1,0.0181,0.8305,0.1263,2.2417,0.9674,0.00589,0.1213,0.001859,0.598,1,6,34.12,0.7,1,9288,5.0,0.425,1,50,10240,283562.6,100.0,24,92.13
1786083324360,4365,v1,0.0637,0.5752,0.2999,2.0436,0.9195,0.02443,0.1447,0.001782,0.593,1,31,24.87,0.724,1,1612,17.125,14.254,0,50,10024,314919.3,94.06,14,6.56
1786083328839,4366,v1,0.0216,0.937,0.3071,1.1842,0.2862,0.01353,0.1248,0.001862,0.716,0,12,46.24,0.75,1,5808,11.0,5.614,0,50,9900,585257.3,0.0,-1,7.73
1786083332865,4367,v1,0.0197,0.3144,0.2587,1.3327,0.536,0.0064,0.1821,0.002139,0.642,1,9,45.58,0.721,1,10043,8.0,0.0,0,50,10215,617835.3,0.0,-1,8.02
1786083322189,4368,v1,0.0662,0.6692,0.2566,1.6087,0.6496,0.0188,0.0987,0.002763,0.627,0,20,66.77,0.707,1,0,15.768,15.768,0,50,10029,279371.7,86.08,15,10.58
1786083325465,4369,v1,0.0417,0.8469,0.3215,0.9304,0.2205,0.00691,0.0892,0.002755,0.623,0,36,38.87,0.839,1,0,23.018,23.018,0,50,10353,456963.9,84.57,17,10.06
1786083327697,4370,v1,0.032,0.4786,0.4054,1.0694,0.1193,0.02461,0.0524,0.001269,0.641,1,35,71.14,0.397,1,0,14.545,14.545,1,50,10055,227786.0,100.0,13,4.68
1786083332123,4371,v1,0.0229,0.684,0.2957,2.2897,0.3299,0.024,0.1252,0.001713,0.707,1,20,36.78,0.562,1,7265,19.0,4.59,0,50,9892,604059.7,2.94,-1,7.04
1786083323743,4372,v1,0.0344,0.6836,0.4723,1.6052,0.5167,0.01687,0.1641,0.00263,0.611,1,9,87.24,0.433,1,4666,7.987,4.193,1,50,10064,234504.3,100.0,13,52.64
1786083326482,4373,v1,0.0794,0.3691,0.3867,1.5705,0.5065,0.00752,0.1306,0.003228,0.692,0,17,90.03,0.739,1,0,13.12,13.12,1,50,11092,250431.0,100.0,13,12.43
1786083329199,4374,v1,0.0125,0.5886,0.1869,0.9992,0.654,0.0212,0.0937,0.002611,0.583,0,35,24.26,0.342,1,280,17.993,17.533,0,50,10531,292365.8,85.35,14,10.47
1786083332340,4375,v1,0.0625,0.5876,0.2178,2.179,0.6188,0.03102,0.0509,0.003102,0.715,1,12,96.75,0.851,1,10716,11.0,0.087,1,50,11166,305967.5,100.0,20,91.84
1786083325271,4376,v1,0.0636,0.2444,0.2828,1.3163,0.1546,0.0252,0.2068,0.002919,0.714,1,4,29.07,0.629,1,10172,3.0,0.306,1,50,11434,313144.0,100.0,20,51.49
1786083329033,4377,v1,0.068,0.2684,0.3838,0.8371,0.3164,0.00645,0.1357,0.002606,0.601,1,11,80.99,0.334,1,4778,10.0,5.123,0,50,10058,462490.1,47.28,15,9.56
1786083331423,4378,v1,0.033,0.7911,0.1312,1.0268,0.8613,0.02763,0.0683,0.00153,0.602,1,30,87.18,0.935,1,0,11.692,11.692,1,50,10410,173266.7,100.0,7,5.56
1786083333623,4379,v1,0.0791,0.579,0.2691,1.6556,0.4748,0.00791,0.1589,0.002358,0.658,0,36,81.26,0.584,1,0,14.597,14.597,1,50,9827,226974.0,100.0,13,8.79
1786083326194,4380,v1,0.0196,0.8186,0.2158,1.1985,0.9512,0.02517,0.101,0.001371,0.651,1,14,33.18,0.378,1,5370,13.0,5.661,0,50,9688,462336.9,39.88,17,5.44
1786083328991,4381,v1,0.0772,0.8703,0.2423,2.2322,0.5555,0.02291,0.1355,0.003493,0.672,0,34,70.3,0.638,1,0,18.715,18.715,0,50,10654,311750.1,94.78,16,13.46
1786083333151,4382,v1,0.0615,0.4384,0.4265,1.3235,0.5088,0.0089,0.1999,0.001868,0.604,1,6,22.29,0.865,1,10046,5.0,0.0,0,50,10151,603658.0,0.0,-1,7.52
1786083336870,4383,v1,0.0137,0.5572,0.394,1.2695,0.9837,0.00732,0.1146,0.003484,0.618,0,18,29.32,0.664,1,3722,17.0,11.367,0,50,10542,620307.6,0.0,-1,13.4
1786083329478,4384,v1,0.0184,0.2647,0.4789,0.9578,0.3571,0.0114,0.2498,0.002934,0.675,1,31,21.06,0.696,1,0,15.644,15.644,1,50,10481,250344.0,100.0,14,10.94
1786083332301,4385,v1,0.0215,0.7438,0.1544,1.5278,0.631,0.02629,0.1677,0.002363,0.718,1,32,95.86,0.617,1,0,14.354,14.354,1,50,11493,251736.3,100.0,13,8.91
1786083334285,4386,v1,0.0762,0.7866,0.4297,1.0797,0.4302,0.02551,0.2427,0.002548,0.626,0,5,91.82,0.48,1,0,3.735,3.735,1,50,10605,131745.6,100.0,3,9.69
1786083336265,4387,v1,0.0675,0.7587,0.4187,1.5382,0.913,0.02158,0.1917,0.003686,0.674,0,25,80.7,0.534,1,0,12.709,12.709,1,50,10770,212134.9,100.0,11,13.58
1786083334150,4388,v1,0.0662,0.5578,0.3976,1.0591,0.6661,0.00519,0.077,0.001314,0.65,0,16,89.88,0.814,1,0,15.0,15.0,0,50,10516,338559.6,91.21,16,5.25
1786083337313,4389,v1,0.0283,0.3934,0.2002,1.8884,0.8157,0.00805,0.0773,0.003065,0.643,1,7,91.61,0.436,1,5440,6.0,2.593,0,50,9773,575762.0,4.58,-1,12.15
1786083338859,4390,v1,0.0178,0.6577,0.1585,1.1439,0.715,0.02862,0.0947,0.001423,0.679,0,32,78.78,0.677,1,0,14.365,14.365,1,50,10625,240567.7,100.0,13,5.65
1786083340925,4391,v1,0.0407,0.3652,0.1094,1.8248,0.7646,0.02545,0.1075,0.001923,0.628,1,9,21.89,0.571,1,8452,8.0,1.286,1,50,10228,279127.8,100.0,24,85.16
1786083335111,4392,v1,0.0274,0.3637,0.1603,1.8598,0.9194,0.01199,0.1706,0.002004,0.689,1,10,26.94,0.734,1,8176,9.0,1.462,1,50,9931,281311.5,100.0,23,84.93
1786083338505,4393,v1,0.0726,0.3515,0.4706,1.5824,0.2128,0.01692,0.076,0.001755,0.708,1,7,81.55,0.914,1,10733,6.0,0.0,0,50,10852,631480.5,0.0,-1,6.8
1786083340460,4394,v1,0.0191,0.8108,0.4319,1.6614,0.5662,0.01292,0.0541,0.002628,0.598,0,8,29.34,0.306,1,1461,7.0,6.235,0,50,9739,352185.0,71.37,17,9.56
1786083341695,4395,v1,0.0138,0.2369,0.383,1.3288,0.3658,0.00803,0.1264,0.003254,0.701,0,23,29.87,0.987,1,820,16.887,15.585,1,50,9973,264447.5,100.0,16,21.01
1786083335593,4396,v1,0.0283,0.7342,0.2175,1.4802,0.9652,0.02621,0.1828,0.003043,0.644,1,19,91.15,0.328,1,0,16.9,16.9,0,50,10079,306462.0,94.56,17,11.97
1786083338421,4397,v1,0.0425,0.8163,0.4276,2.0959,0.1989,0.0081,0.0814,0.001914,0.643,0,34,57.14,0.826,1,0,23.199,23.199,0,50,11187,507546.2,87.95,17,6.97
1786083339754,4398,v1,0.0768,0.6133,0.422,1.8145,0.4117,0.02058,0.1282,0.003455,0.612,1,25,66.76,0.798,1,0,10.624,10.624,1,50,11002,182054.7,100.0,7,12.92
1786083341853,4399,v1,0.0116,0.8538,0.1177,2.3687,0.8776,0.0095,0.1797,0.003252,0.609,0,10,31.72,0.395,1,2884,9.0,6.79,0,50,9447,535787.6,0.0,-1,12.29
1786083348994,4400,v1,0.0496,0.3536,0.3037,1.1465,0.5428,0.03147,0.0577,0.003116,0.59,1,18,65.91,0.836,1,0,12.624,12.624,0,50,10582,233836.7,89.92,11,11.52
1786083351486,4401,v1,0.079,0.8183,0.162,0.9003,0.1887,0.01412,0.0569,0.002431,0.687,1,5,98.12,0.93,1,9469,4.0,0.005,1,50,9565,252854.3,100.0,17,11.08
1786083354270,4402,v1,0.0646,0.3657,0.2443,2.491,0.2479,0.02811,0.197,0.002644,0.601,0,17,31.13,0.953,1,0,14.987,14.987,0,50,10386,298932.6,99.65,15,10.92
1786083356860,4403,v1,0.0105,0.579,0.1117,2.0206,0.811,0.01262,0.1188,0.001485,0.591,0,12,59.03,0.339,1,2675,11.0,8.676,1,50,10532,258749.8,100.0,13,30.51
1786083350335,4404,v1,0.0468,0.3126,0.2275,1.2551,0.6709,0.00538,0.1588,0.003289,0.707,0,16,87.39,0.436,1,0,14.0,14.0,1,50,11689,265688.5,100.0,14,12.37
1786083353175,4405,v1,0.0405,0.9424,0.277,1.5232,0.5949,0.01379,0.1945,0.003618,0.596,1,9,83.78,0.915,1,10420,7.999,0.036,1,50,10769,287861.3,100.0,23,90.71
1786083355654,4406,v1,0.0178,0.234,0.3578,2.194,0.7398,0.01254,0.1873,0.001495,0.623,0,19,65.9,0.907,1,0,13.932,13.932,1,50,10437,244475.6,100.0,14,5.95
1786083358175,4407,v1,0.0355,0.9906,0.3521,1.2468,0.9042,0.03005,0.1233,0.00248,0.621,0,26,34.79,0.427,1,0,16.066,16.066,0,50,10015,268756.8,88.4,14,9.63
1786083350613,4408,v1,0.0778,0.4333,0.4507,1.9856,0.9048,0.02423,0.0881,0.001616,0.695,0,17,39.84,0.789,1,0,12.889,12.889,1,50,10192,227178.3,100.0,13,6.42
1786083353131,4409,v1,0.0457,0.9397,0.1009,2.3619,0.2943,0.01606,0.1817,0.001294,0.668,1,24,34.89,0.385,1,769,13.361,12.391,1,50,10818,243660.7,100.0,13,11.92
1786083356613,4410,v1,0.031,0.857,0.1608,2.2427,0.9936,0.01133,0.1928,0.001397,0.656,1,30,78.4,0.981,1,0,4.366,4.366,0,50,9732,562895.1,20.21,19,5.69
1786083360061,4411,v1,0.0603,0.5993,0.1463,1.4743,0.9657,0.02832,0.1976,0.001698,0.72,1,4,94.2,0.439,1,4914,3.0,1.481,0,50,9752,480456.4,42.24,17,6.4
1786083351100,4412,v1,0.0742,0.465,0.445,2.1104,0.4748,0.00707,0.0717,0.001234,0.59,0,19,89.59,0.709,1,0,10.167,10.167,1,50,10792,183193.9,100.0,5,4.7
1786083353970,4413,v1,0.0564,0.6082,0.1535,2.0817,0.9057,0.02607,0.0801,0.00144,0.699,1,29,74.41,0.898,1,0,18.832,18.832,0,50,10742,348469.6,87.72,17,5.76
1786083356591,4414,v1,0.0588,0.893,0.2737,0.837,0.9893,0.02558,0.1652,0.002276,0.591,1,34,76.5,0.951,1,1555,16.613,14.03,0,50,10731,294797.5,90.72,13,9.03
1786083359531,4415,v1,0.0424,0.9757,0.3516,1.9436,0.5368,0.0115,0.061,0.002213,0.7,1,29,54.4,0.503,1,0,14.2,14.2,1,50,11299,250089.3,100.0,13,8.72
1786083352905,4416,v1,0.0217,0.3617,0.153,1.2842,0.493,0.03124,0.1146,0.002417,0.602,0,10,57.66,0.958,1,6821,9.0,4.318,0,50,10400,509768.7,30.34,15,9.0
1786083355239,4417,v1,0.0374,0.9311,0.1522,1.0661,0.5759,0.01737,0.1195,0.00262,0.637,1,18,35.92,0.555,1,0,12.899,12.899,1,50,10405,235116.1,100.0,13,9.22
1786083359510,4418,v1,0.0193,0.6979,0.3607,1.9615,0.9223,0.02964,0.1537,0.001489,0.716,1,19,64.56,0.397,1,4559,18.0,9.779,0,50,10243,573791.1,11.06,-1,5.58
1786083361858,4419,v1,0.0314,0.2732,0.3553,2.2308,0.3763,0.02337,0.163,0.002232,0.598,1,33,93.76,0.309,1,0,13.372,13.372,1,50,10663,215631.6,100.0,11,8.14
1786083352094,4420,v1,0.0296,0.2989,0.1996,1.0996,0.9794,0.00478,0.1571,0.003414,0.626,1,13,26.64,0.916,1,9346,12.0,0.0,1,50,9736,276193.4,100.0,25,100.0
1786083354769,4421,v1,0.0724,0.3779,0.1544,2.4824,0.8297,0.02048,0.2341,0.001609,0.596,0,36,33.32,0.459,1,0,18.216,18.216,0,50,10143,285618.9,96.88,15,6.35
1786083357685,4422,v1,0.0324,0.7293,0.2811,2.1114,0.8346,0.0307,0.0808,0.0028,0.676,1,33,24.18,0.841,1,1628,19.375,16.077,0,50,10374,342262.4,87.14,16,10.32
1786083361574,4423,v1,0.0121,0.3063,0.2074,1.7089,0.4586,0.00472,0.2153,0.002627,0.708,1,26,93.49,0.63,1,0,0.0,0.0,0,50,9320,558389.0,0.0,-1,10.24
1786083353478,4424,v1,0.0302,0.8055,0.2155,2.3712,0.2464,0.02713,0.058,0.002645,0.646,0,35,28.71,0.71,1,0,20.298,20.298,0,50,10577,341727.5,88.77,16,10.13
1786083355884,4425,v1,0.0653,0.6112,0.16,2.4165,0.9625,0.00994,0.1505,0.001893,0.632,0,4,51.62,0.558,1,3122,3.0,2.681,1,50,9843,238922.6,100.0,13,36.5
1786083359263,4426,v1,0.0369,0.9083,0.469,2.1294,0.5079,0.01467,0.2468,0.002961,0.675,1,32,48.89,0.542,1,2398,20.845,15.672,0,50,10796,459525.2,85.46,18,11.35
1786083362232,4427,v1,0.0641,0.5196,0.4591,2.1063,0.6787,0.00798,0.155,0.002163,0.628,0,23,56.53,0.469,1,0,17.146,17.146,0,50,10682,317619.5,87.14,16,8.28
1786083360294,4428,v1,0.0755,0.202,0.1957,1.2309,0.5961,0.03144,0.174,0.00215,0.644,1,24,64.68,0.813,1,0,15.796,15.796,0,50,9667,270785.8,90.63,14,8.42
1786083362910,4429,v1,0.0128,0.618,0.1297,1.925,0.5487,0.02926,0.0598,0.001384,0.677,0,16,70.4,0.443,1,0,13.0,13.0,1,50,10345,230330.2,100.0,13,5.64
1786083365502,4430,v1,0.0225,0.3668,0.4737,0.8694,0.3557,0.0118,0.1915,0.003279,0.609,0,36,83.15,0.751,1,0,19.549,19.549,0,50,9291,278429.3,92.53,16,12.21
1786083367556,4431,v1,0.0523,0.8238,0.4088,1.326,0.7785,0.00433,0.238,0.001571,0.623,0,4,96.24,0.794,1,0,3.0,3.0,1,50,9220,164693.5,100.0,7,6.23
1786083361482,4432,v1,0.0377,0.8902,0.4933,1.4712,0.6351,0.02322,0.0875,0.001446,0.656,0,6,93.18,0.675,1,0,5.0,5.0,0,50,10162,310133.2,87.62,16,5.46
1786083364369,4433,v1,0.0656,0.419,0.3264,1.0831,0.9729,0.00704,0.1266,0.002235,0.711,0,29,85.81,0.483,1,0,14.689,14.689,1,50,10951,252159.8,100.0,13,8.85
1786083366868,4434,v1,0.034,0.5316,0.1491,1.8053,0.3922,0.01177,0.1965,0.003766,0.708,0,31,85.75,0.502,1,0,15.324,15.324,1,50,11279,262489.4,100.0,14,14.19
1786083370230,4435,v1,0.0351,0.5416,0.3428,2.4308,0.4244,0.02338,0.1159,0.00295,0.689,0,17,51.81,0.414,1,2239,16.0,12.777,0,50,10202,460638.3,66.24,18,11.31
1786083364824,4436,v1,0.0466,0.7,0.4956,1.1859,0.6687,0.01851,0.2396,0.00364,0.682,1,8,45.62,0.536,1,7155,7.0,2.414,0,50,11210,546426.9,30.19,17,13.68
1786083367465,4437,v1,0.0766,0.3126,0.1231,1.1975,0.7706,0.02918,0.0583,0.003402,0.706,0,6,59.95,0.926,1,5624,5.0,3.272,1,50,9921,252307.9,100.0,13,18.55
1786083370048,4438,v1,0.046,0.7106,0.4351,1.2161,0.3066,0.0229,0.2085,0.002909,0.711,0,18,50.43,0.536,1,0,13.0,13.0,1,50,11157,245582.2,100.0,13,11.21
1786083372701,4439,v1,0.0352,0.4027,0.3603,2.0934,0.7235,0.02799,0.0572,0.001673,0.6,1,25,72.78,0.578,1,0,13.404,13.404,1,50,10894,244384.0,100.0,13,6.74
1786083364802,4440,v1,0.0656,0.2702,0.4006,1.4247,0.8048,0.00479,0.1163,0.002065,0.586,0,9,26.65,0.789,1,6166,8.0,4.277,0,50,10089,481993.3,32.57,15,7.64
1786083368130,4441,v1,0.0484,0.8245,0.1231,1.7763,0.3813,0.0118,0.1257,0.003574,0.623,0,13,26.92,0.86,1,6222,12.0,5.334,0,50,9729,524631.8,30.0,17,13.65
1786083370988,4442,v1,0.0404,0.7646,0.2137,2.1475,0.7191,0.01428,0.1598,0.003734,0.645,1,27,51.51,0.317,1,637,19.017,17.712,0,50,10162,337553.2,83.97,17,13.87
1786083374482,4443,v1,0.0361,0.7163,0.3546,2.4007,0.8217,0.01177,0.1257,0.002989,0.594,0,15,56.03,0.739,1,4182,14.0,8.585,0,50,9659,411794.2,51.02,17,11.05
1786083365112,4444,v1,0.0294,0.9406,0.4459,2.1239,0.7484,0.02842,0.0824,0.002161,0.676,1,25,59.84,0.901,1,0,18.311,18.311,0,50,10131,332577.0,86.77,17,8.09
1786083367554,4445,v1,0.022,0.8445,0.1802,1.2891,0.2792,0.01682,0.1204,0.003723,0.655,0,5,26.48,0.621,1,4413,4.0,3.127,1,50,10269,248399.8,100.0,13,51.39
1786083371356,4446,v1,0.0478,0.8919,0.1803,1.8437,0.5099,0.021,0.1123,0.001411,0.681,1,6,97.65,0.454,1,5554,5.0,2.214,0,50,10042,524069.9,38.12,17,5.49
1786083373855,4447,v1,0.0434,0.9109,0.3516,2.3746,0.4076,0.02162,0.1077,0.003348,0.618,1,36,74.87,0.532,1,0,18.74,18.74,0,50,9335,276131.9,93.53,15,12.4
1786083367579,4448,v1,0.0477,0.7957,0.4748,1.8516,0.5007,0.02397,0.1087,0.002546,0.611,1,8,94.13,0.951,1,11285,7.0,0.0,0,50,11492,645862.4,0.0,-1,9.65
1786083370673,4449,v1,0.0695,0.2963,0.3176,1.792,0.2621,0.01243,0.1145,0.003034,0.631,1,23,43.06,0.898,1,1971,16.967,13.723,0,50,10972,466160.7,100.0,16,11.93
1786083373413,4450,v1,0.0231,0.6415,0.2674,0.8546,0.9756,0.01027,0.0798,0.001617,0.703,1,26,37.94,0.786,1,1557,14.124,11.804,1,50,9737,230097.6,100.0,13,6.03
1786083375769,4451,v1,0.0567,0.8051,0.4668,2.3576,0.326,0.02075,0.0791,0.002785,0.582,1,16,70.21,0.831,1,0,9.175,9.175,1,50,10534,150011.2,100.0,4,10.12
1786083366055,4452,v1,0.0507,0.9446,0.1266,1.6298,0.6691,0.00469,0.1765,0.00342,0.654,1,34,79.27,0.394,1,0,14.344,14.344,1,50,10603,238033.0,100.0,13,12.74
1786083369729,4453,v1,0.0429,0.4437,0.1514,1.987,0.412,0.02776,0.1309,0.001739,0.655,0,7,35.89,0.642,1,4418,6.0,4.32,0,50,10640,449453.7,49.2,16,6.88
1786083372145,4454,v1,0.061,0.346,0.353,1.7302,0.5701,0.01659,0.1424,0.003179,0.699,1,26,50.39,0.875,1,1593,14.331,11.943,1,50,10269,232601.3,100.0,13,12.26
1786083374663,4455,v1,0.0668,0.6035,0.1906,2.0228,0.4943,0.01613,0.0716,0.001294,0.612,0,27,63.5,0.914,1,0,13.8,13.8,1,50,10751,245887.6,100.0,13,5.08
1786083370977,4456,v1,0.0373,0.2519,0.1979,1.3047,0.3501,0.02663,0.1626,0.002036,0.646,1,21,77.89,0.847,1,0,16.655,16.655,0,50,10886,330500.1,85.06,16,7.9
1786083374104,4457,v1,0.0442,0.7926,0.4201,1.3104,0.8788,0.02065,0.089,0.002267,0.618,1,20,28.32,0.742,1,1558,15.555,13.182,0,50,10551,338327.6,98.07,15,8.65
1786083376651,4458,v1,0.0561,0.5399,0.4338,1.7674,0.8484,0.00506,0.0968,0.001453,0.606,1,23,59.51,0.637,1,0,11.193,11.193,1,50,11273,200168.1,100.0,6,5.71
1786083379019,4459,v1,0.0125,0.4878,0.2188,2.2862,0.7606,0.03061,0.195,0.002589,0.692,1,18,46.77,0.42,1,0,13.476,13.476,1,50,9876,230601.8,100.0,13,9.54
1786083373420,4460,v1,0.0187,0.5605,0.1155,0.8401,0.8912,0.0272,0.0727,0.002905,0.719,1,30,25.58,0.306,1,0,14.947,14.947,1,50,10925,244012.9,100.0,13,11.29
1786083376102,4461,v1,0.0237,0.7937,0.1232,2.323,0.1649,0.02216,0.1513,0.001582,0.653,0,5,24.53,0.31,1,2117,4.0,3.586,1,50,10297,244428.4,100.0,13,25.81
1786083378447,4462,v1,0.0668,0.739,0.415,2.3245,0.8896,0.00474,0.1276,0.002176,0.701,0,21,31.9,0.355,1,0,13.0,13.0,1,50,10230,234074.8,100.0,13,8.16
1786083381171,4463,v1,0.0375,0.8806,0.3536,2.1139,0.9014,0.03144,0.0897,0.002785,0.718,1,5,58.4,0.442,1,5607,4.0,1.933,1,50,10963,279833.5,100.0,13,56.31
1786083376381,4464,v1,0.0184,0.7651,0.2204,1.3375,0.7491,0.0143,0.0608,0.002669,0.603,0,9,77.09,0.35,1,0,8.0,8.0,0,50,11647,383579.9,89.49,18,9.94
1786083378704,4465,v1,0.013,0.6271,0.3133,1.7953,0.5959,0.01903,0.0768,0.003544,0.582,1,15,83.26,0.971,1,0,12.975,12.975,1,50,10277,232496.7,100.0,13,12.55
1786083381395,4466,v1,0.0634,0.9079,0.3546,2.1143,0.6805,0.01625,0.0674,0.003158,0.65,0,33,21.04,0.592,1,698,18.749,17.487,0,50,10155,322734.1,84.79,16,11.84
1786083383990,4467,v1,0.0326,0.227,0.1563,0.9368,0.8612,0.00406,0.1449,0.00236,0.584,1,30,61.91,0.581,1,0,14.357,14.357,1,50,11120,245581.2,100.0,13,8.81
1786083376945,4468,v1,0.0737,0.9589,0.124,1.0553,0.8165,0.01838,0.0989,0.003107,0.606,0,9,32.09,0.396,1,995,6.249,5.619,1,50,9705,138628.7,100.0,4,11.61
1786083380289,4469,v1,0.0718,0.6028,0.1386,1.8981,0.2076,0.01849,0.2253,0.002892,0.654,0,4,98.74,0.687,1,0,3.0,3.0,0,50,11265,427022.0,86.0,16,11.11
1786083383674,4470,v1,0.0424,0.3713,0.4902,1.7647,0.1343,0.02123,0.0865,0.001456,0.704,0,19,47.92,0.939,1,58,17.854,17.765,0,50,10729,469649.9,95.89,18,5.56
1786083386387,4471,v1,0.0134,0.5738,0.3701,2.4505,0.1091,0.01771,0.1976,0.003423,0.624,1,10,85.3,0.816,1,10650,9.0,0.0,1,50,10989,295614.0,0.0,-1,100.0
1786083378033,4472,v1,0.0621,0.5908,0.455,1.2772,0.9719,0.01121,0.2483,0.003331,0.607,1,9,51.51,0.615,1,4567,6.362,2.994,1,50,10389,170035.3,100.0,5,12.33
1786083382508,4473,v1,0.0172,0.773,0.2723,2.4657,0.446,0.02141,0.215,0.002687,0.666,0,10,27.96,0.94,1,7551,9.0,4.256,0,50,11416,679469.2,0.01,-1,10.38
1786083385165,4474,v1,0.0411,0.532,0.2451,1.6003,0.6234,0.02401,0.0911,0.00373,0.583,1,19,21.48,0.681,1,1287,14.944,12.972,0,50,10340,312884.1,90.09,14,13.65
1786083387566,4475,v1,0.0144,0.772,0.3802,2.0206,0.4522,0.03107,0.2047,0.002478,0.665,0,28,97.22,0.715,1,0,14.03,14.03,1,50,10570,237865.0,100.0,13,9.37
1786083379068,4476,v1,0.057,0.5403,0.2215,2.2874,0.401,0.00751,0.1929,0.002296,0.652,0,20,20.5,0.664,1,747,17.71,16.394,0,50,9278,423318.6,92.88,17,8.59
1786083381566,4477,v1,0.0569,0.8818,0.2927,1.6063,0.8757,0.02197,0.1737,0.00162,0.71,1,22,61.98,0.587,1,1370,13.0,11.238,1,50,10453,240391.8,100.0,13,6.24
1786083384631,4478,v1,0.0551,0.5488,0.3406,1.5767,0.8589,0.02459,0.2331,0.003629,0.589,1,10,68.94,0.325,1,3769,9.0,5.547,0,50,10154,377227.0,58.21,14,14.33
1786083387982,4479,v1,0.0579,0.9589,0.4576,1.5829,0.4008,0.00592,0.0932,0.002254,0.637,0,33,25.14,0.602,1,676,20.975,19.79,0,50,11524,474481.7,96.64,17,8.7
1786083380030,4480,v1,0.0717,0.497,0.2842,1.1534,0.1584,0.01736,0.1109,0.002895,0.644,1,24,31.16,0.843,1,2003,16.725,13.561,0,50,11220,438706.4,89.68,15,10.48
1786083382685,4481,v1,0.0198,0.4883,0.1839,0.8532,0.741,0.01981,0.0502,0.001847,0.587,1,34,66.54,0.559,1,0,17.952,17.952,0,50,10290,288074.2,88.67,15,6.91
1786083385853,4482,v1,0.0753,0.3112,0.302,0.9099,0.4475,0.00732,0.1457,0.001322,0.695,1,33,22.02,0.733,1,2048,21.621,17.206,0,50,10216,459612.0,89.17,16,5.18
1786083389047,4483,v1,0.0786,0.8776,0.1549,1.1212,0.6473,0.00339,0.219,0.001686,0.712,0,26,63.65,0.496,1,0,19.207,19.207,0,50,10180,467391.2,93.38,18,6.2
1786083383182,4484,v1,0.0639,0.6845,0.4448,1.9082,0.6684,0.0245,0.1362,0.00271,0.673,0,23,64.34,0.799,1,0,16.846,16.846,0,50,12943,365691.2,99.1,16,10.13
1786083386835,4485,v1,0.0326,0.4735,0.3874,1.9165,0.15,0.0172,0.1455,0.003719,0.692,0,17,70.95,0.502,1,3606,16.0,10.736,0,50,10170,526714.9,39.38,19,13.92
1786083389454,4486,v1,0.0687,0.3004,0.3422,2.3079,0.6079,0.02832,0.0547,0.003244,0.686,1,4,59.59,0.446,1,6476,3.0,1.243,1,50,11177,289349.5,100.0,13,63.4
1786083391432,4487,v1,0.0502,0.4165,0.4823,1.3158,0.6997,0.02621,0.2279,0.002658,0.6,0,25,68.71,0.302,1,0,15.458,15.458,0,50,10169,257915.3,98.54,14,9.96
1786083384668,4488,v1,0.0636,0.4833,0.1702,1.8523,0.1861,0.02882,0.1896,0.002183,0.641,1,4,88.63,0.705,1,9978,3.0,0.174,1,50,10659,291889.8,100.0,22,83.08
1786083387584,4489,v1,0.0192,0.7731,0.2197,2.2738,0.7694,0.02751,0.0975,0.002533,0.63,0,23,20.9,0.856,1,937,18.072,16.561,0,50,10472,368050.4,84.8,16,9.49
1786083389934,4490,v1,0.0218,0.711,0.1036,1.7986,0.7698,0.00336,0.1489,0.002075,0.717,1,28,37.79,0.944,1,1613,15.695,13.104,1,50,10278,255641.5,100.0,14,16.22
1786083392018,4491,v1,0.0342,0.747,0.3832,1.3118,0.6238,0.00655,0.1363,0.00302,0.599,1,22,89.01,0.867,1,0,17.422,17.422,0,50,10037,315505.0,94.85,17,11.17
1786083387421,4492,v1,0.0596,0.8636,0.1542,2.4718,0.7819,0.02889,0.2136,0.003055,0.63,0,17,52.27,0.819,1,0,15.731,15.731,0,50,11726,336166.3,94.55,15,11.38
1786083389678,4493,v1,0.0185,0.6749,0.1665,2.1494,0.7101,0.00582,0.0779,0.001409,0.677,1,22,52.07,0.618,1,1402,13.761,11.802,1,50,10168,242769.0,100.0,13,18.87
1786083391498,4494,v1,0.0513,0.3445,0.2828,0.8849,0.6283,0.01586,0.2379,0.00295,0.656,0,5,99.91,0.617,1,0,4.0,4.0,1,50,10077,227435.6,100.0,13,11.37
1786083392725,4495,v1,0.0148,0.5352,0.4967,2.0386,0.9113,0.02935,0.1053,0.001654,0.693,0,15,40.15,0.532,1,0,13.0,13.0,1,50,10032,224276.0,100.0,13,6.56
1786083389480,4496,v1,0.0242,0.3292,0.4882,1.6964,0.5105,0.01021,0.0946,0.001857,0.583,1,9,92.56,0.561,1,7214,8.0,2.533,1,50,10710,283685.1,100.0,13,70.78
1786083391548,4497,v1,0.054,0.9259,0.1961,1.5089,0.2294,0.00761,0.0597,0.001674,0.699,1,22,72.89,0.437,1,0,13.0,13.0,1,50,11588,258602.0,100.0,13,6.81
1786083392959,4498,v1,0.0502,0.9557,0.1149,2.0186,0.936,0.01817,0.1378,0.001718,0.581,1,26,23.3,0.391,1,827,16.728,15.426,0,50,11044,340984.2,84.91,15,6.76
1786083394811,4499,v1,0.064,0.7712,0.2863,2.4614,0.6197,0.00891,0.2346,0.002035,0.709,1,19,67.08,0.364,1,2915,18.0,12.648,0,50,10163,526321.9,61.46,18,7.77
1786083401747,4500,v1,0.0695,0.2249,0.2229,1.6971,0.8496,0.01752,0.1857,0.002634,0.63,1,32,89.77,0.745,1,0,18.006,18.006,0,50,10842,320576.3,90.79,15,10.56
1786083404514,4501,v1,0.0513,0.8318,0.3917,1.9195,0.1114,0.01743,0.1732,0.002331,0.619,0,17,34.53,0.647,1,0,15.899,15.899,0,50,9661,385604.2,98.06,16,9.1
1786083407187,4502,v1,0.0674,0.8035,0.3466,2.4567,0.5678,0.02948,0.1142,0.002741,0.651,0,24,33.03,0.754,1,0,16.602,16.602,0,50,10042,289791.0,90.13,15,10.13
1786083410175,4503,v1,0.0599,0.5056,0.3303,1.1724,0.107,0.00608,0.0673,0.002969,0.611,0,13,85.28,0.923,1,0,12.0,12.0,0,50,10109,405336.8,97.41,16,11.16
1786083402241,4504,v1,0.0463,0.6108,0.3184,1.0891,0.1352,0.02222,0.158,0.002786,0.635,1,21,65.62,0.703,1,0,15.949,15.949,0,50,10071,293501.1,86.09,15,10.66
1786083406828,4505,v1,0.012,0.6541,0.2869,0.8788,0.8652,0.02151,0.0503,0.002418,0.693,1,23,57.57,0.356,1,0,0.002,0.002,0,50,11496,634494.8,0.01,-1,9.22
1786083409436,4506,v1,0.0337,0.7743,0.451,2.257,0.1251,0.00997,0.0929,0.001548,0.605,1,9,76.37,0.861,1,10383,8.0,0.0,1,50,10511,303507.2,0.0,-1,100.0
1786083412147,4507,v1,0.0786,0.9641,0.1048,0.8318,0.8757,0.01377,0.2374,0.001955,0.645,1,17,69.19,0.639,1,0,15.733,15.733,0,50,9839,290817.8,94.69,15,7.58
1786083403160,4508,v1,0.0361,0.8457,0.2773,1.769,0.8461,0.02228,0.1123,0.003118,0.681,1,8,46.31,0.431,1,6559,7.0,2.727,1,50,10964,270725.3,100.0,13,65.52
1786083405151,4509,v1,0.0794,0.4339,0.4582,1.1039,0.7937,0.01973,0.1677,0.00194,0.687,1,17,80.53,0.486,1,0,12.972,12.972,1,50,9329,206618.4,100.0,13,7.5
1786083408128,4510,v1,0.0595,0.4702,0.3863,2.2615,0.677,0.02297,0.1061,0.003691,0.652,0,17,65.48,0.654,1,180,15.976,15.738,0,50,11269,335998.5,94.91,16,13.96
1786083410716,4511,v1,0.0469,0.577,0.4696,2.354,0.6423,0.01836,0.2436,0.00355,0.655,0,32,71.37,0.728,1,0,18.993,18.993,0,50,9561,296859.3,90.18,16,13.96
1786083403760,4512,v1,0.055,0.7217,0.1888,1.5772,0.4955,0.00819,0.0777,0.003637,0.674,1,6,92.01,0.373,1,5347,5.0,2.373,1,50,10344,263849.2,100.0,13,42.5
1786083406340,4513,v1,0.0501,0.6425,0.4916,1.3088,0.6412,0.0147,0.2342,0.001784,0.663,0,24,46.21,0.694,1,0,13.367,13.367,1,50,10708,241553.4,100.0,13,6.89
1786083408494,4514,v1,0.0434,0.6101,0.3431,1.8971,0.1387,0.01682,0.0602,0.003117,0.656,0,32,86.15,0.992,1,0,14.369,14.369,1,50,9962,224697.1,100.0,13,11.71
1786083410836,4515,v1,0.078,0.7163,0.4856,1.7191,0.8369,0.01688,0.1077,0.003444,0.637,0,11,88.75,0.901,1,0,8.666,8.666,1,50,9998,166735.2,100.0,7,13.07
1786083403470,4516,v1,0.0634,0.9311,0.4176,1.6412,0.7963,0.02873,0.1559,0.003556,0.595,1,34,42.26,0.487,1,1096,7.086,6.246,1,50,10389,70759.3,100.0,4,13.5
1786083407486,4517,v1,0.0239,0.8206,0.1271,1.6038,0.5665,0.00926,0.2132,0.001519,0.613,0,5,79.67,0.655,1,4006,4.0,3.291,0,50,11374,594402.2,35.38,19,5.71
1786083411505,4518,v1,0.0775,0.3971,0.437,2.455,0.441,0.0247,0.1319,0.003092,0.659,0,5,53.67,0.713,1,5476,4.0,2.954,0,50,10597,492950.3,43.81,15,11.75
1786083414207,4519,v1,0.0376,0.2818,0.381,2.165,0.5072,0.02459,0.0509,0.001869,0.637,1,8,91.15,0.773,1,10378,7.0,0.0,1,50,10504,290020.9,0.0,-1,100.0
1786083404226,4520,v1,0.0475,0.5919,0.2568,0.956,0.6122,0.02296,0.1595,0.001884,0.636,0,13,95.47,0.536,1,0,10.423,10.423,1,50,9781,173493.6,100.0,8,7.39
1786083407260,4521,v1,0.064,0.6188,0.3847,1.2185,0.1195,0.02107,0.146,0.002874,0.679,0,26,56.75,0.805,1,0,17.876,17.876,0,50,11057,426295.7,85.4,15,10.89
1786083409744,4522,v1,0.0287,0.8813,0.2846,0.9511,0.1152,0.02085,0.234,0.00307,0.716,1,22,31.05,0.438,1,1234,13.0,11.334,1,50,10279,227269.2,100.0,13,19.93
1786083412092,4523,v1,0.0564,0.5627,0.3849,1.5148,0.6293,0.01855,0.1537,0.001779,0.585,0,13,90.09,0.565,1,0,6.6,6.6,1,50,10423,104958.6,100.0,4,6.74
1786083404993,4524,v1,0.0623,0.5572,0.2629,2.0344,0.873,0.00637,0.1618,0.002866,0.707,0,35,58.65,0.63,1,0,15.427,15.427,1,50,10266,243736.8,100.0,14,10.68
1786083409329,4525,v1,0.0196,0.6507,0.1353,1.8083,0.9659,0.01045,0.2151,0.00298,0.67,0,6,69.31,0.886,1,5057,5.0,3.541,0,50,10556,591783.5,0.0,-1,11.35
1786083412125,4526,v1,0.0151,0.5752,0.2145,1.8129,0.6131,0.02414,0.2038,0.002079,0.688,1,28,22.04,0.606,1,1314,14.202,12.339,1,50,10495,246183.0,100.0,13,8.99
1786083414641,4527,v1,0.025,0.7071,0.1274,1.0407,0.3055,0.01483,0.0625,0.002757,0.616,0,31,66.97,0.475,1,0,14.361,14.361,1,50,11239,244257.3,100.0,13,10.9
1786083413167,4528,v1,0.0312,0.7172,0.489,2.0565,0.6902,0.01461,0.1428,0.002734,0.711,1,19,56.67,0.404,1,0,13.0,13.0,1,50,9950,224695.3,100.0,13,10.03
1786083416257,4529,v1,0.0349,0.4262,0.4209,1.0946,0.4733,0.02574,0.0524,0.002312,0.719,0,8,86.99,0.854,1,0,7.0,7.0,0,50,10208,351641.0,90.59,18,8.68
1786083420130,4530,v1,0.0726,0.9423,0.2682,1.232,0.3953,0.02486,0.1053,0.002977,0.643,1,14,97.15,0.43,1,5095,13.0,6.806,0,50,11097,455851.3,52.15,15,10.89
1786083422685,4531,v1,0.011,0.245,0.3668,1.1063,0.4055,0.02216,0.1378,0.002877,0.693,1,12,24.93,0.563,1,6255,11.0,3.854,1,50,9932,263339.9,100.0,15,68.72
1786083414125,4532,v1,0.0164,0.4646,0.4423,0.8276,0.5748,0.028,0.1168,0.002234,0.657,1,29,37.2,0.445,1,1091,14.172,12.591,1,50,10301,225447.2,100.0,13,8.35
1786083416416,4533,v1,0.0538,0.7461,0.432,1.4889,0.4601,0.02403,0.0933,0.002098,0.6,0,4,66.22,0.374,1,2655,3.0,2.731,1,50,9946,162603.6,100.0,5,17.9
1786083419332,4534,v1,0.0671,0.9058,0.1576,1.7488,0.4854,0.0112,0.2011,0.002839,0.61,0,25,99.76,0.666,1,0,17.191,17.191,0,50,10466,301797.9,99.73,16,10.38
1786083421892,4535,v1,0.053,0.7018,0.4254,2.3122,0.8062,0.00758,0.2339,0.00197,0.618,1,28,40.02,0.623,1,1135,18.244,15.901,0,50,9220,314727.6,92.82,16,7.3
1786083415488,4536,v1,0.0706,0.5189,0.1253,1.1366,0.2565,0.01673,0.2329,0.002871,0.696,0,33,24.9,0.868,1,940,21.622,19.803,0,50,10923,478161.4,95.28,16,11.11
1786083417728,4537,v1,0.0436,0.8518,0.4424,0.8765,0.2495,0.01697,0.1492,0.002661,0.71,0,15,97.69,0.903,1,0,13.0,13.0,1,50,10055,232679.5,100.0,13,10.1
1786083422305,4538,v1,0.0346,0.4871,0.2273,2.1074,0.2024,0.00721,0.0554,0.001448,0.683,1,5,92.08,0.946,1,10027,4.0,0.0,0,50,10092,584157.7,0.0,-1,5.67
1786083426484,4539,v1,0.0157,0.6369,0.2622,1.9041,0.6595,0.00584,0.0531,0.001947,0.629,0,34,42.13,0.697,1,0,0.0,0.0,0,50,10763,643091.8,0.0,-1,7.45
1786083414934,4540,v1,0.0214,0.4086,0.3097,1.0052,0.3049,0.02908,0.2045,0.001287,0.687,1,35,49.03,0.353,1,694,14.556,13.499,1,50,9823,231023.7,100.0,13,4.82
1786083417416,4541,v1,0.0734,0.8046,0.3791,1.2739,0.6166,0.02751,0.1801,0.001249,0.583,0,27,72.36,0.395,1,0,14.408,14.408,0,50,9612,219831.6,85.69,11,4.73
1786083422307,4542,v1,0.0213,0.6097,0.4793,0.8694,0.6027,0.00417,0.0526,0.001625,0.713,0,11,32.34,0.947,1,5663,10.0,5.976,0,50,11471,666906.9,0.0,-1,6.26
1786083426437,4543,v1,0.0156,0.3409,0.3796,1.2829,0.9113,0.01001,0.2478,0.002182,0.663,0,24,69.26,0.925,1,0,0.0,0.0,0,50,10525,631544.2,0.0,-1,8.69
1786083417622,4544,v1,0.0123,0.2355,0.4104,1.0621,0.975,0.0041,0.0717,0.001847,0.697,0,10,63.27,0.735,1,5901,9.0,5.014,0,50,10549,620210.1,0.0,-1,7.17
1786083420507,4545,v1,0.0618,0.2589,0.2036,1.6764,0.2546,0.00583,0.1458,0.002497,0.634,1,14,34.86,0.402,1,2844,12.515,8.981,1,50,10810,245012.7,100.0,13,9.06
1786083423261,4546,v1,0.0629,0.8161,0.4505,2.1079,0.2541,0.0265,0.2448,0.003572,0.582,1,35,57.12,0.996,1,1644,16.478,13.754,0,50,11136,293134.8,89.65,12,13.46
1786083426415,4547,v1,0.0561,0.953,0.2211,0.947,0.3819,0.02608,0.1298,0.003731,0.713,0,31,77.37,0.358,1,0,19.695,19.695,0,50,11446,411808.7,85.21,16,13.95
1786083419480,4548,v1,0.0284,0.8387,0.3114,2.3826,0.3019,0.01156,0.1917,0.001627,0.663,1,15,80.5,0.717,1,9012,14.0,2.507,0,50,11249,645090.6,2.7,-1,6.76
1786083423244,4549,v1,0.0265,0.3796,0.2051,0.8578,0.2864,0.00369,0.0689,0.002374,0.63,1,21,77.54,0.493,1,0,7.661,7.661,0,50,10381,578460.0,40.3,19,9.58
1786083427391,4550,v1,0.0189,0.3387,0.2135,1.9474,0.6467,0.02201,0.0992,0.002082,0.693,0,35,36.52,0.641,1,0,0.414,0.414,0,50,10296,602434.9,1.71,-1,7.96
1786083429646,4551,v1,0.0746,0.8052,0.115,0.8461,0.3981,0.0227,0.2129,0.002806,0.62,0,31,40.82,0.767,1,0,17.165,17.165,0,50,9694,265011.8,95.46,14,10.7
1786083418337,4552,v1,0.0222,0.465,0.1888,1.6112,0.3548,0.03161,0.1176,0.003762,0.605,0,24,57.3,0.39,1,0,16.166,16.166,0,50,11270,305605.1,84.77,14,14.2
1786083421242,4553,v1,0.0116,0.9123,0.2276,1.4412,0.5847,0.01463,0.2432,0.003577,0.679,0,21,86.79,0.432,1,0,13.0,13.0,1,50,11991,262280.3,100.0,13,13.41
1786083424586,4554,v1,0.0316,0.2861,0.3848,1.1515,0.659,0.02414,0.1388,0.003657,0.598,0,14,63.76,0.576,1,3931,13.0,8.587,0,50,10271,399518.7,51.06,14,13.88
1786083426685,4555,v1,0.0702,0.9539,0.3131,1.5639,0.1369,0.01648,0.2364,0.002619,0.617,1,24,78.82,0.503,1,0,11.278,11.278,1,50,10297,187006.8,100.0,6,9.77
1786083425043,4556,v1,0.0372,0.3823,0.3118,1.4028,0.5685,0.00418,0.1684,0.003018,0.702,1,20,90.73,0.77,1,0,13.982,13.982,1,50,10919,262909.5,100.0,14,11.52
1786083426981,4557,v1,0.0755,0.2651,0.4841,1.1786,0.9919,0.01394,0.2476,0.001293,0.61,0,27,21.94,0.787,1,700,7.39,7.02,1,50,10475,90702.5,100.0,4,5.27
1786083428974,4558,v1,0.0323,0.4915,0.4419,2.3573,0.146,0.02358,0.2406,0.003403,0.622,1,36,55.65,0.988,1,0,14.315,14.315,1,50,9469,201980.3,100.0,13,12.69
1786083433016,4559,v1,0.0288,0.6447,0.2738,0.8985,0.4158,0.02843,0.1359,0.003266,0.622,0,13,22.17,0.796,1,5759,12.0,6.576,0,50,11040,481571.2,39.19,15,12.06
1786083425864,4560,v1,0.0241,0.6801,0.4581,2.1777,0.2827,0.00471,0.2356,0.001408,0.583,0,24,25.29,0.504,1,566,13.366,12.738,1,50,10506,245110.8,100.0,13,11.0
1786083428018,4561,v1,0.0504,0.392,0.4358,1.8562,0.5823,0.0272,0.212,0.002588,0.615,1,16,55.79,0.677,1,0,10.604,10.604,1,50,9929,176861.4,100.0,8,10.19
1786083431886,4562,v1,0.0164,0.6929,0.2455,1.34,0.67,0.00725,0.1821,0.002044,0.638,0,27,27.92,0.778,1,0,0.0,0.0,0,50,10006,597960.9,0.0,-1,8.28
1786083435471,4563,v1,0.0145,0.3138,0.4747,0.8093,0.2227,0.02915,0.0695,0.002846,0.642,1,10,84.24,0.364,1,4718,9.0,4.815,0,50,10426,451083.6,48.48,15,11.18
1786083429639,4564,v1,0.0336,0.3182,0.4546,2.1747,0.5996,0.01931,0.1445,0.002535,0.639,0,18,44.43,0.894,1,1386,16.686,14.352,0,50,9301,338954.9,71.56,16,9.85
1786083432624,4565,v1,0.0543,0.9556,0.2915,2.4833,0.4693,0.03098,0.2404,0.001511,0.609,1,18,38.89,0.466,1,1021,14.829,13.361,0,50,10442,310176.6,91.04,14,5.97
1786083435156,4566,v1,0.0469,0.7086,0.3446,2.4922,0.1441,0.02432,0.1077,0.00159,0.702,0,8,34.11,0.401,1,2842,7.0,5.557,1,50,9960,244782.5,100.0,13,33.06
1786083439325,4567,v1,0.0382,0.9993,0.2141,2.0801,0.6693,0.01401,0.0794,0.003483,0.626,1,8,69.72,0.589,1,8888,7.0,1.264,0,50,11092,600891.4,15.16,-1,13.01
1786083430417,4568,v1,0.0574,0.7065,0.2041,1.6616,0.9222,0.00765,0.1637,0.003293,0.677,1,13,62.22,0.968,1,10154,12.0,0.0,1,50,10574,282060.1,100.0,19,19.08
1786083432712,4569,v1,0.0179,0.2553,0.1552,2.1945,0.1931,0.031,0.2142,0.00368,0.669,0,17,28.85,0.334,1,0,13.867,13.867,1,50,9765,222914.5,100.0,14,13.38
1786083435386,4570,v1,0.0174,0.88,0.354,0.9239,0.1896,0.01608,0.1064,0.002557,0.587,1,8,25.67,0.997,1,8891,6.997,0.869,1,50,10336,274923.3,100.0,24,88.66
1786083438243,4571,v1,0.0243,0.5388,0.2801,0.9752,0.7591,0.01367,0.1948,0.002916,0.624,0,34,66.34,0.922,1,0,19.883,19.883,0,50,10428,350780.5,84.06,17,11.17
1786083430803,4572,v1,0.0647,0.6786,0.4147,1.5041,0.6391,0.01567,0.0681,0.00196,0.606,1,22,28.66,0.403,1,737,15.879,14.577,0,50,9299,277904.3,96.58,15,7.91
1786083433549,4573,v1,0.0691,0.8767,0.3169,2.1523,0.5892,0.02203,0.057,0.002115,0.705,0,9,29.62,0.771,1,5774,8.0,4.557,1,50,10231,270117.9,100.0,13,16.81
1786083437393,4574,v1,0.0115,0.403,0.3405,2.3423,0.1664,0.02016,0.1668,0.002534,0.628,1,26,36.68,0.686,1,66,0.521,0.381,0,50,10173,600403.5,2.6,-1,9.67
1786083439905,4575,v1,0.0571,0.8637,0.4373,1.0622,0.7434,0.02648,0.1509,0.002708,0.654,1,34,26.46,0.53,1,1226,14.313,12.494,1,50,10499,236970.8,100.0,13,9.96
1786083433424,4576,v1,0.0479,0.7777,0.2104,2.4147,0.5294,0.02257,0.2053,0.001472,0.718,0,4,69.26,0.801,1,6040,3.0,2.497,0,50,12066,617630.8,42.11,18,6.07
1786083435728,4577,v1,0.0317,0.488,0.1642,1.2038,0.6531,0.01275,0.0901,0.003763,0.689,1,21,87.99,0.419,1,0,13.627,13.627,1,50,10119,234690.6,100.0,13,14.53
1786083439149,4578,v1,0.051,0.8399,0.4937,2.3948,0.1049,0.01269,0.124,0.001328,0.635,0,19,76.08,0.855,1,0,16.664,16.664,0,50,11008,481149.0,91.61,16,5.11
1786083441409,4579,v1,0.0178,0.5941,0.2912,1.8004,0.5144,0.02937,0.155,0.001485,0.652,1,4,42.66,0.994,1,9614,3.0,0.0,1,50,9653,276026.7,0.0,-1,100.0
1786083433293,4580,v1,0.0581,0.7881,0.4893,1.7265,0.6831,0.02701,0.065,0.002933,0.616,1,4,33.59,0.619,1,8739,3.0,0.244,1,50,9589,262729.9,100.0,20,69.05
1786083435947,4581,v1,0.0356,0.9536,0.4241,0.9714,0.932,0.01399,0.2292,0.001538,0.617,1,18,57.93,0.632,1,0,11.146,11.146,1,50,11737,216160.4,100.0,8,5.98
1786083439099,4582,v1,0.068,0.4528,0.3015,2.0761,0.5041,0.00894,0.0851,0.002721,0.601,0,5,44.59,0.533,1,2792,4.0,3.412,0,50,9601,396812.3,69.33,16,10.49
1786083441390,4583,v1,0.0463,0.5846,0.2296,0.8493,0.2905,0.0309,0.1341,0.003144,0.717,1,28,28.7,0.522,1,955,14.046,12.685,1,50,10621,237329.8,100.0,13,12.04
1786083435868,4584,v1,0.0368,0.9778,0.464,1.9675,0.6025,0.03047,0.1907,0.002106,0.693,1,21,20.36,0.546,1,0,13.0,13.0,1,50,9749,225582.9,100.0,13,8.03
1786083439988,4585,v1,0.0167,0.9194,0.3979,2.1922,0.8209,0.00919,0.1315,0.00191,0.689,1,13,49.2,0.838,1,10329,12.0,0.0,0,50,10557,629185.3,0.0,-1,7.29
1786083442579,4586,v1,0.0607,0.5943,0.1964,1.3047,0.3898,0.00697,0.2106,0.002212,0.594,0,4,62.19,0.478,1,2533,3.0,2.749,0,50,10164,427796.1,73.83,16,8.38
1786083445028,4587,v1,0.0212,0.804,0.3338,1.8369,0.7173,0.02154,0.1033,0.003473,0.612,0,26,29.43,0.987,1,0,18.015,18.015,0,50,11213,355303.2,84.52,16,12.98
1786083439788,4588,v1,0.0176,0.5025,0.2107,0.8833,0.4273,0.02928,0.1321,0.001892,0.656,0,11,34.17,0.935,1,5223,10.0,6.225,0,50,11268,507638.0,45.5,17,7.54
1786083442165,4589,v1,0.0128,0.5046,0.4952,2.2512,0.7104,0.01651,0.2126,0.003152,0.68,1,14,38.31,0.901,1,7212,13.0,3.386,1,50,10174,273110.1,100.0,13,77.26
1786083445341,4590,v1,0.0113,0.9898,0.3938,0.8987,0.309,0.01953,0.2076,0.001893,0.677,1,24,72.72,0.492,1,0,0.0,0.0,0,50,10223,603621.9,0.0,-1,7.4
1786083447264,4591,v1,0.0285,0.4299,0.2302,0.8397,0.958,0.01855,0.234,0.003269,0.659,1,24,81.88,0.467,1,0,13.362,13.362,1,50,11454,256477.9,100.0,13,11.76
1786083441355,4592,v1,0.0116,0.4463,0.1939,1.0251,0.4756,0.01324,0.2343,0.00155,0.7,1,6,64.42,0.918,1,10824,5.0,0.0,1,50,10904,310130.6,0.0,-1,100.0
1786083443620,4593,v1,0.0506,0.5583,0.4334,1.5533,0.3234,0.01991,0.1243,0.003476,0.695,1,27,87.7,0.692,1,0,18.79,18.79,0,50,9976,395880.8,86.67,17,13.11
1786083446524,4594,v1,0.0111,0.4747,0.2553,1.582,0.8495,0.01754,0.1481,0.002941,0.696,0,10,54.67,0.482,1,2497,9.0,7.203,0,50,10007,599803.0,0.0,-1,11.06
1786083448036,4595,v1,0.0643,0.328,0.4661,2.3179,0.4714,0.02018,0.1843,0.001309,0.687,1,23,25.36,0.422,1,806,13.391,12.348,1,50,10493,242042.4,100.0,13,4.93
1786083442002,4596,v1,0.0516,0.5722,0.2205,2.4796,0.1338,0.01072,0.1987,0.002477,0.596,0,12,44.97,0.651,1,3792,11.0,7.4,1,50,9750,246582.5,100.0,13,45.74
1786083443967,4597,v1,0.0768,0.724,0.4518,1.6837,0.7659,0.00818,0.2004,0.001244,0.701,0,17,32.27,0.903,1,0,13.0,13.0,1,50,10233,238758.4,100.0,13,4.88
1786083445567,4598,v1,0.019,0.2893,0.1107,1.1847,0.3646,0.0298,0.0518,0.001362,0.629,0,34,49.68,0.333,1,0,14.349,14.349,1,50,10413,238817.0,100.0,13,5.39
1786083448307,4599,v1,0.0361,0.9078,0.2645,2.1563,0.2007,0.01477,0.1869,0.002967,0.656,1,10,94.66,0.882,1,10974,9.0,0.0,0,50,11269,632398.2,0.0,-1,11.08
1786083454568,4600,v1,0.0221,0.6362,0.4865,1.0491,0.2667,0.02482,0.072,0.002207,0.592,1,35,77.74,0.852,1,0,10.224,10.224,1,50,10172,137867.5,100.0,7,9.14
1786083457787,4601,v1,0.0563,0.4447,0.499,1.5276,0.7639,0.01591,0.1362,0.001882,0.597,0,17,75.17,0.669,1,0,14.757,14.757,0,50,12217,335320.5,93.72,14,7.3
1786083460845,4602,v1,0.016,0.8722,0.2134,1.3561,0.4664,0.01409,0.1801,0.002037,0.584,0,16,30.31,0.535,1,2605,15.0,11.507,0,50,10008,380937.5,62.76,16,8.19
1786083465084,4603,v1,0.0212,0.5673,0.116,1.1168,0.9371,0.00927,0.2114,0.001336,0.689,0,20,28.24,0.818,1,4669,19.0,11.357,0,50,10654,641284.8,0.0,-1,5.3
1786083455780,4604,v1,0.0203,0.7793,0.155,2.2857,0.7482,0.0261,0.1214,0.001737,0.583,1,30,61.67,0.929,1,0,14.348,14.348,1,50,10153,234320.2,100.0,13,6.79
1786083458156,4605,v1,0.0157,0.222,0.4046,1.6515,0.8618,0.01613,0.1002,0.003509,0.641,1,9,29.61,0.438,1,5578,8.0,3.26,1,50,9679,254167.1,100.0,14,64.54
1786083460843,4606,v1,0.0257,0.554,0.2354,0.916,0.6322,0.01907,0.1723,0.002011,0.64,1,13,28.12,0.58,1,8498,12.0,2.136,1,50,10592,291797.2,100.0,20,70.69
1786083463128,4607,v1,0.0133,0.6587,0.2545,1.1946,0.5015,0.02015,0.1042,0.002378,0.604,1,34,80.52,0.947,1,0,14.338,14.338,1,50,10464,238168.6,100.0,13,9.17
1786083457648,4608,v1,0.0278,0.9273,0.2638,2.3297,0.2656,0.01096,0.0576,0.001816,0.638,0,24,30.41,0.327,1,0,10.978,10.978,0,50,10563,556235.6,53.95,19,6.57
1786083460717,4609,v1,0.0752,0.5651,0.3949,2.4022,0.542,0.02727,0.1332,0.003388,0.656,1,7,74.55,0.974,1,10628,6.0,0.0,1,50,10852,310941.8,100.0,20,74.51
1786083463596,4610,v1,0.0209,0.8609,0.2045,2.2375,0.1659,0.02048,0.1691,0.00249,0.61,0,18,62.21,0.981,1,1978,16.955,13.828,0,50,9859,394629.2,66.69,17,9.12
1786083466677,4611,v1,0.0324,0.7636,0.1512,1.4654,0.4184,0.02529,0.1786,0.003071,0.656,1,34,83.06,0.755,1,0,19.699,19.699,0,50,11001,341804.4,87.35,17,11.64
1786083456911,4612,v1,0.0221,0.6763,0.4321,1.4196,0.3061,0.00725,0.0954,0.002532,0.677,1,31,78.11,0.627,1,0,14.37,14.37,1,50,9997,230822.4,100.0,13,9.87
1786083459848,4613,v1,0.0732,0.6902,0.3239,0.912,0.8213,0.00474,0.1358,0.002953,0.622,1,34,89.94,0.439,1,0,18.671,18.671,0,50,11316,334216.4,99.75,16,11.59
1786083462692,4614,v1,0.0256,0.5352,0.3091,1.0473,0.9528,0.01768,0.1118,0.001496,0.671,1,31,73.26,0.927,1,0,19.212,19.212,0,50,10108,343634.4,87.85,18,5.81
1786083465421,4615,v1,0.0369,0.8168,0.1481,1.3103,0.8841,0.01389,0.2387,0.001801,0.64,1,9,73.86,0.687,1,8336,8.0,1.412,1,50,10285,276619.9,100.0,20,80.96
1786083457312,4616,v1,0.068,0.5844,0.4505,1.4557,0.7762,0.0138,0.0788,0.002625,0.631,0,11,77.52,0.492,1,2986,9.882,7.409,1,50,9921,237155.8,100.0,13,10.46
1786083461221,4617,v1,0.03,0.3509,0.1277,1.2069,0.7299,0.01013,0.2031,0.003555,0.671,1,14,72.02,0.577,1,7974,13.0,2.017,0,50,9903,581034.4,0.11,-1,13.67
1786083465485,4618,v1,0.0592,0.4872,0.3778,2.1972,0.359,0.01485,0.0941,0.001842,0.634,1,16,41.78,0.998,1,9604,15.0,0.821,0,50,10455,605296.4,5.47,-1,7.32
1786083467801,4619,v1,0.0757,0.4934,0.4164,2.0285,0.176,0.01507,0.2102,0.002861,0.603,1,34,48.43,0.725,1,1692,12.597,10.195,1,50,9745,187223.3,100.0,6,10.6
1786083459509,4620,v1,0.0157,0.8279,0.3683,1.3691,0.7728,0.00988,0.1841,0.003002,0.64,0,33,25.79,0.878,1,0,0.003,0.003,0,50,10394,619536.7,0.01,-1,11.11
1786083461936,4621,v1,0.0296,0.9776,0.2251,0.8791,0.8879,0.00919,0.1187,0.001915,0.61,0,18,76.41,0.736,1,0,13.0,13.0,1,50,10267,235079.2,100.0,13,7.31
1786083465185,4622,v1,0.0195,0.7404,0.1159,0.9205,0.9493,0.01155,0.233,0.002359,0.609,1,29,36.67,0.425,1,958,19.344,17.583,0,50,11635,413365.6,90.42,18,9.32
1786083467911,4623,v1,0.0617,0.4314,0.247,1.0222,0.3937,0.01083,0.2233,0.001913,0.614,0,7,66.8,0.77,1,5353,6.0,3.828,1,50,9948,244376.0,100.0,13,7.36
1786083458958,4624,v1,0.0683,0.3411,0.1777,1.3274,0.1631,0.02831,0.0534,0.002911,0.656,0,6,87.2,0.32,1,0,5.0,5.0,0,50,10497,321812.0,86.74,15,10.88
1786083462690,4625,v1,0.0145,0.76,0.2864,2.2972,0.8867,0.00813,0.0992,0.002484,0.714,1,30,76.78,0.382,1,0,0.0,0.0,0,50,9872,572674.0,0.0,-1,9.59
1786083465611,4626,v1,0.0213,0.217,0.3182,1.7143,0.6627,0.00606,0.1498,0.002177,0.615,1,9,61.61,0.852,1,10446,8.0,0.0,1,50,10619,296137.3,0.0,-1,100.0
1786083469639,4627,v1,0.0705,0.8732,0.4056,2.1144,0.1485,0.00926,0.2486,0.001258,0.585,0,14,21.54,0.613,1,4556,13.0,8.04,0,50,10248,498106.7,46.28,15,4.89
1786083467256,4628,v1,0.0441,0.9554,0.114,2.3443,0.686,0.02863,0.1175,0.003466,0.596,0,4,61.19,0.399,1,2954,3.0,2.704,0,50,10105,368749.5,59.25,15,12.86
1786083470074,4629,v1,0.0584,0.4641,0.1325,1.3292,0.1681,0.02155,0.2009,0.001382,0.617,0,36,47.03,0.442,1,0,18.249,18.249,0,50,10180,305013.6,99.11,15,5.01
1786083472264,4630,v1,0.0681,0.7303,0.1213,0.9404,0.9994,0.03193,0.1451,0.003214,0.61,0,8,68.44,0.536,1,0,5.572,5.572,1,50,10371,102538.9,100.0,4,12.13
1786083476261,4631,v1,0.0251,0.4795,0.4447,0.9107,0.5467,0.02876,0.1372,0.001264,0.662,1,12,88.54,0.943,1,10394,11.0,0.0,0,50,10544,617640.6,0.0,-1,4.98
1786083470452,4632,v1,0.0399,0.2501,0.1842,2.223,0.2629,0.00844,0.122,0.00352,0.693,1,15,80.33,0.717,1,9024,14.0,2.602,0,50,11623,682559.4,0.73,-1,12.85
1786083475366,4633,v1,0.0184,0.5221,0.1975,1.0112,0.4421,0.00324,0.0602,0.003174,0.676,0,35,54.34,0.716,1,0,0.0,0.0,0,50,11520,663417.9,0.0,-1,11.43
1786083477907,4634,v1,0.0155,0.4163,0.2357,1.604,0.5052,0.01941,0.0502,0.003387,0.619,0,25,23.64,0.668,1,631,13.534,12.819,1,50,10935,248223.6,100.0,13,18.44
1786083480559,4635,v1,0.0357,0.5907,0.3751,2.1055,0.7972,0.02293,0.1808,0.001399,0.618,0,15,83.23,0.562,1,0,14.0,14.0,0,50,10197,302198.7,89.65,15,5.32
1786083468933,4636,v1,0.0273,0.6288,0.4204,0.8442,0.7846,0.01648,0.1746,0.003157,0.6,0,35,57.39,0.54,1,0,18.11,18.11,0,50,10468,289770.4,90.08,15,12.2
1786083472711,4637,v1,0.0218,0.2725,0.1134,0.9422,0.1723,0.01786,0.1803,0.002591,0.658,1,20,90.34,0.324,1,2353,18.61,14.034,0,50,10269,527199.9,41.93,18,9.98
1786083476764,4638,v1,0.077,0.3903,0.138,1.8323,0.3103,0.02561,0.1481,0.001672,0.625,0,7,82.13,0.654,1,5704,6.0,3.955,0,50,11258,489987.7,48.57,15,6.17
1786083479738,4639,v1,0.0187,0.9626,0.482,0.8651,0.4546,0.02053,0.0938,0.002953,0.616,1,24,35.85,0.822,1,1596,16.741,13.913,0,50,10067,336371.0,93.19,15,11.31
1786083470006,4640,v1,0.0659,0.2179,0.3672,1.1021,0.4978,0.01604,0.0689,0.001821,0.603,1,36,77.66,0.301,1,733,18.171,16.812,0,50,10379,300298.4,100.0,15,7.09
1786083473377,4641,v1,0.0235,0.8203,0.2612,1.0354,0.4098,0.02802,0.1502,0.001709,0.713,1,23,32.98,0.454,1,604,10.788,9.643,0,50,10239,471204.2,49.39,18,6.78
1786083477439,4642,v1,0.0637,0.2131,0.3646,2.0391,0.5857,0.0169,0.085,0.003716,0.634,1,7,68.46,0.457,1,5691,6.0,2.746,0,50,10729,497439.2,44.33,16,12.97
1786083480806,4643,v1,0.0701,0.9378,0.2967,1.175,0.5559,0.01339,0.088,0.001363,0.676,0,8,73.02,0.327,1,2148,7.0,5.982,0,50,10646,440150.1,69.72,16,5.1
1786083471209,4644,v1,0.0531,0.531,0.4268,2.2591,0.6351,0.02722,0.0872,0.003568,0.617,0,11,97.64,0.801,1,0,10.0,10.0,0,50,11003,307676.0,98.51,15,13.0
1786083474337,4645,v1,0.0514,0.5179,0.1544,1.8117,0.2193,0.01792,0.1565,0.003073,0.616,1,22,25.88,0.431,1,768,16.433,15.165,0,50,10547,374985.0,93.54,15,11.72
1786083477208,4646,v1,0.0589,0.7014,0.2336,1.616,0.1418,0.00483,0.1223,0.001509,0.607,1,15,33.52,0.49,1,0,12.701,12.701,1,50,11289,247110.6,100.0,13,5.57
1786083479808,4647,v1,0.0119,0.429,0.1248,1.5453,0.7537,0.01107,0.1493,0.00271,0.68,0,35,22.63,0.571,1,630,17.319,16.342,1,50,10698,270735.1,100.0,15,10.32
1786083471772,4648,v1,0.064,0.4432,0.4373,0.8639,0.47,0.02776,0.1787,0.003296,0.594,1,20,26.28,0.958,1,1761,12.548,10.499,0,50,11387,290673.7,86.79,10,12.46
1786083473887,4649,v1,0.0616,0.8217,0.2443,2.2627,0.7144,0.01217,0.1638,0.003214,0.59,1,26,46.12,0.44,1,833,9.775,8.969,1,50,10978,152487.3,100.0,5,11.36
1786083476304,4650,v1,0.0203,0.2997,0.331,0.9541,0.2117,0.0284,0.1458,0.003405,0.702,1,18,31.28,0.443,1,0,13.736,13.736,1,50,9740,214670.1,100.0,13,12.8
1786083480455,4651,v1,0.0103,0.4508,0.1829,2.0472,0.4351,0.02679,0.0847,0.00283,0.694,0,22,73.29,0.499,1,0,0.0,0.0,0,50,10154,573943.7,0.0,-1,10.63
1786083472973,4652,v1,0.0654,0.3502,0.2531,1.5999,0.7857,0.00901,0.1127,0.00223,0.688,1,8,52.77,0.664,1,8081,7.0,1.421,1,50,10304,287366.6,100.0,14,18.54
1786083475284,4653,v1,0.0769,0.4913,0.1235,1.8432,0.2452,0.00907,0.057,0.001355,0.713,0,25,54.77,0.812,1,0,14.482,14.482,1,50,9655,235901.7,100.0,14,5.23
1786083477741,4654,v1,0.0106,0.4551,0.161,2.4619,0.4351,0.0287,0.0959,0.003728,0.634,0,22,54.28,0.382,1,0,13.0,13.0,1,50,9960,225337.0,100.0,13,13.69
1786083480792,4655,v1,0.0472,0.5963,0.4195,1.2205,0.4321,0.01592,0.1707,0.003767,0.673,1,24,21.83,0.573,1,1106,18.003,15.93,0,50,10392,421831.3,84.78,17,14.1
1786083481091,4656,v1,0.035,0.4641,0.2794,1.7274,0.656,0.01283,0.2233,0.001235,0.688,0,11,36.29,0.837,1,4860,10.0,6.273,0,50,10543,597964.3,28.69,19,4.68
1786083483250,4657,v1,0.055,0.6604,0.1788,1.8034,0.4551,0.0087,0.2323,0.001258,0.636,0,26,67.28,0.331,1,0,13.12,13.12,1,50,9943,204583.9,100.0,13,5.07
1786083485695,4658,v1,0.024,0.2722,0.2984,1.9449,0.1532,0.00398,0.0606,0.001906,0.601,1,32,53.25,0.929,1,0,15.152,15.152,1,50,10904,256822.0,100.0,13,7.83
1786083487932,4659,v1,0.0726,0.5793,0.3846,2.3518,0.9042,0.02863,0.0624,0.001952,0.59,0,33,70.51,0.305,1,0,8.477,8.477,1,50,11668,112600.7,100.0,5,7.7
1786083483337,4660,v1,0.0416,0.9277,0.2029,1.0972,0.5644,0.02079,0.2048,0.001374,0.597,1,24,33.07,0.321,1,848,16.091,14.888,0,50,11618,336979.4,96.98,15,5.15
1786083485351,4661,v1,0.0565,0.2391,0.1295,1.1759,0.3255,0.01483,0.0994,0.002459,0.596,1,20,28.57,0.388,1,0,10.662,10.662,1,50,10449,186058.6,100.0,6,9.69
1786083487714,4662,v1,0.0406,0.5008,0.2647,1.3725,0.2772,0.02208,0.1845,0.002684,0.596,1,29,44.8,0.444,1,1035,11.242,10.137,1,50,11356,180864.5,100.0,5,10.08
1786083491437,4663,v1,0.0315,0.4312,0.1039,1.9986,0.3452,0.02712,0.1638,0.003182,0.685,0,34,44.36,0.534,1,0,19.689,19.689,0,50,10865,441329.7,81.94,17,12.02
1786083484341,4664,v1,0.0532,0.7468,0.3957,1.8402,0.3684,0.00966,0.2108,0.003523,0.636,0,15,25.48,0.556,1,3356,14.0,9.835,0,50,10098,459556.0,62.96,17,13.03
1786083486938,4665,v1,0.0476,0.7007,0.2392,2.0935,0.6172,0.02975,0.1571,0.002976,0.661,0,27,97.07,0.539,1,0,12.975,12.975,1,50,12098,240258.0,100.0,11,10.91
1786083491537,4666,v1,0.0687,0.9494,0.2812,1.6628,0.802,0.02952,0.1915,0.002081,0.606,1,11,90.74,0.912,1,10858,10.0,0.0,0,50,11067,650707.5,0.0,-1,7.64
1786083494155,4667,v1,0.0695,0.3664,0.2067,1.4696,0.4943,0.01591,0.0616,0.001582,0.622,1,9,61.62,0.341,1,3865,8.0,4.936,1,50,10230,258432.8,100.0,13,6.5
1786083483812,4668,v1,0.0113,0.7956,0.3079,2.3588,0.5652,0.0206,0.2397,0.002088,0.649,1,9,67.88,0.445,1,5288,8.0,3.65,1,50,9887,243570.1,100.0,13,57.92
1786083487452,4669,v1,0.0138,0.9223,0.1169,0.8855,0.5459,0.01351,0.1247,0.003594,0.649,1,33,64.14,0.856,1,0,0.083,0.083,0,50,9835,575319.5,0.37,-1,13.57
1786083489859,4670,v1,0.0473,0.979,0.2721,1.1868,0.3609,0.01017,0.2383,0.003755,0.6,0,10,84.78,0.819,1,0,9.0,9.0,1,50,9960,230695.2,100.0,13,14.14
1786083492311,4671,v1,0.058,0.5621,0.2848,1.9296,0.1478,0.00448,0.2006,0.002626,0.602,0,9,82.24,0.778,1,0,8.0,8.0,1,50,10530,235796.4,100.0,13,9.29
1786083484614,4672,v1,0.0444,0.3828,0.3605,1.6761,0.6331,0.01884,0.1553,0.003045,0.643,1,10,76.01,0.567,1,6876,9.0,2.801,1,50,10258,274360.2,100.0,13,72.49
1786083487127,4673,v1,0.0521,0.7875,0.4894,0.9399,0.5009,0.02062,0.1914,0.003283,0.705,0,11,30.34,0.456,1,2879,10.0,7.774,1,50,10683,254840.5,100.0,13,12.92
1786083489054,4674,v1,0.0776,0.3897,0.2342,1.4713,0.895,0.03156,0.1176,0.003197,0.583,0,14,78.01,0.993,1,0,5.989,5.989,1,50,10150,79663.0,100.0,3,11.71
1786083491660,4675,v1,0.065,0.7764,0.1828,1.3584,0.2894,0.01985,0.1123,0.001829,0.628,0,34,20.94,0.568,1,592,18.103,17.076,0,50,9768,300747.5,85.77,15,7.22
1786083486846,4676,v1,0.0412,0.3357,0.2353,1.5333,0.2638,0.00452,0.2263,0.002543,0.698,1,19,86.21,0.891,1,10312,18.0,0.0,0,50,10769,636395.9,0.0,-1,9.31
1786083489389,4677,v1,0.0502,0.5328,0.4968,0.9499,0.619,0.00829,0.1574,0.001884,0.64,1,34,74.03,0.8,1,0,14.229,14.229,1,50,10969,243798.6,100.0,13,7.26
1786083491873,4678,v1,0.0388,0.7709,0.1083,1.7431,0.3011,0.01823,0.0635,0.002106,0.622,1,35,34.89,0.472,1,906,14.574,13.244,1,50,10474,241104.6,100.0,13,7.77
1786083495117,4679,v1,0.0277,0.7145,0.2118,0.9915,0.3611,0.02014,0.0574,0.001379,0.674,0,10,27.02,0.379,1,2583,9.0,7.26,0,50,10512,543681.9,66.6,19,5.4
1786083485088,4680,v1,0.052,0.35,0.3208,2.274,0.3226,0.02198,0.1477,0.002815,0.704,0,10,28.88,0.544,1,3743,9.0,6.195,1,50,9565,231961.7,100.0,14,46.16
1786083488208,4681,v1,0.0549,0.7887,0.4282,1.1273,0.3411,0.01688,0.1835,0.002178,0.705,1,29,89.35,0.876,1,0,19.613,19.613,0,50,10298,424148.9,83.77,17,8.57
1786083491421,4682,v1,0.0567,0.9265,0.3916,1.9434,0.3407,0.02089,0.1173,0.003317,0.68,0,21,26.04,0.52,1,573,16.967,16.036,0,50,9778,391346.0,90.63,16,12.47
1786083494417,4683,v1,0.0638,0.9391,0.3523,1.7072,0.2768,0.01147,0.1645,0.003454,0.617,0,15,93.56,0.451,1,0,14.0,14.0,0,50,10744,373281.4,92.86,15,12.48
1786083490704,4684,v1,0.0568,0.7529,0.4848,1.783,0.6854,0.02967,0.151,0.003602,0.587,0,10,39.92,0.487,1,1412,6.435,5.44,1,50,10272,135842.6,100.0,4,13.16
1786083493947,4685,v1,0.0377,0.2308,0.3029,1.1502,0.2318,0.02876,0.1859,0.002282,0.628,1,23,42.4,0.759,1,1726,15.972,13.28,0,50,10669,340288.8,89.81,15,8.57
1786083496060,4686,v1,0.0416,0.4596,0.3628,2.2211,0.6378,0.02679,0.1875,0.003047,0.693,1,25,94.1,0.809,1,0,13.531,13.531,1,50,11072,250980.8,100.0,13,11.1
1786083498075,4687,v1,0.0228,0.5188,0.2835,1.597,0.9436,0.01368,0.2451,0.002304,0.581,1,31,81.89,0.843,1,0,18.651,18.651,0,50,10610,325056.6,91.34,16,9.01
1786083496199,4688,v1,0.0707,0.2728,0.3663,1.0946,0.174,0.00652,0.1111,0.001705,0.621,1,14,73.94,0.681,1,8718,13.0,2.989,0,50,11575,649791.3,25.04,16,6.56
1786083498171,4689,v1,0.0117,0.6825,0.2219,0.8792,0.632,0.02869,0.1839,0.003059,0.661,1,33,49.91,0.518,1,828,17.177,15.275,0,50,9432,348498.5,76.68,17,11.54
1786083500255,4690,v1,0.0459,0.8145,0.4641,0.8372,0.4352,0.00808,0.1613,0.001819,0.61,1,17,49.53,0.759,1,731,15.611,14.489,0,50,10069,317868.5,92.23,15,7.07
1786083501848,4691,v1,0.0543,0.3925,0.3104,1.1044,0.306,0.01784,0.0791,0.0014,0.636,0,26,63.41,0.473,1,0,13.661,13.661,1,50,10056,231830.8,100.0,13,5.43
1786083494899,4692,v1,0.0731,0.5488,0.3105,1.3442,0.5367,0.00895,0.2326,0.001404,0.653,1,14,50.27,0.35,1,0,10.213,10.213,1,50,10325,175067.9,100.0,7,5.71
1786083497615,4693,v1,0.0799,0.789,0.344,2.2579,0.209,0.00752,0.1914,0.001385,0.64,0,35,40.49,0.829,1,0,21.477,21.477,0,50,11092,460240.3,84.38,16,5.48
1786083500334,4694,v1,0.0451,0.7939,0.1039,1.8759,0.953,0.00675,0.2364,0.002368,0.705,0,24,29.72,0.605,1,0,7.52,7.52,0,50,10642,559545.0,38.53,19,9.16
1786083502743,4695,v1,0.022,0.4646,0.1699,1.6112,0.3202,0.01386,0.0685,0.00173,0.719,0,30,65.42,0.695,1,0,0.0,0.0,0,50,9895,563820.8,0.0,-1,6.73
1786083496682,4696,v1,0.0714,0.7775,0.118,2.0345,0.2251,0.00815,0.1436,0.003265,0.619,0,14,85.65,0.307,1,2418,13.0,10.583,0,50,11495,508981.3,69.73,16,12.36
1786083498374,4697,v1,0.0741,0.2943,0.1632,2.2198,0.3028,0.00379,0.1971,0.00188,0.587,1,21,60.72,0.766,1,0,13.0,13.0,1,50,10664,237322.9,100.0,13,7.71
1786083500287,4698,v1,0.0109,0.6453,0.4611,1.0339,0.8218,0.02265,0.2247,0.001634,0.71,1,28,26.5,0.464,1,948,14.017,12.759,1,50,10959,250402.0,100.0,13,8.33
1786083502618,4699,v1,0.0356,0.391,0.3733,1.9752,0.6934,0.01377,0.2386,0.001777,0.591,0,4,48.35,0.818,1,5444,3.0,2.506,0,50,11086,468313.6,44.27,16,7.1
1786083509647,4700,v1,0.0434,0.8921,0.1387,1.0971,0.7973,0.02907,0.2188,0.002251,0.631,1,27,58.2,0.683,1,0,16.541,16.541,0,50,10701,304399.1,96.02,15,8.3
1786083512537,4701,v1,0.05,0.6281,0.1353,1.831,0.2098,0.02261,0.1914,0.003216,0.648,0,11,75.79,0.829,1,7134,10.0,4.954,1,50,11677,275713.4,100.0,13,66.2
1786083515736,4702,v1,0.0195,0.975,0.392,0.8782,0.4499,0.02276,0.1471,0.002424,0.655,0,26,43.98,0.599,1,0,18.523,18.523,0,50,11043,343797.4,88.16,17,9.44
1786083518001,4703,v1,0.0627,0.4195,0.2308,1.4555,0.7309,0.02806,0.1609,0.003481,0.697,0,24,75.16,0.396,1,0,12.344,12.344,1,50,10750,221163.2,100.0,10,13.06
1786083509975,4704,v1,0.0644,0.243,0.4865,1.1331,0.8702,0.01449,0.2241,0.001462,0.676,0,13,94.28,0.679,1,0,12.0,12.0,1,50,9886,221316.7,100.0,13,5.68
1786083512354,4705,v1,0.0416,0.7671,0.2994,1.6303,0.9663,0.01673,0.1065,0.002755,0.583,0,16,33.2,0.527,1,0,10.158,10.158,1,50,10820,180141.3,100.0,8,10.09
1786083514769,4706,v1,0.0566,0.8859,0.253,1.0991,0.3511,0.01718,0.2354,0.001873,0.714,1,14,24.94,0.586,1,0,13.0,13.0,1,50,10449,236617.1,100.0,13,7.24
1786083517421,4707,v1,0.0139,0.2188,0.4709,1.7758,0.2252,0.02288,0.2041,0.002013,0.608,0,23,74.55,0.485,1,0,17.155,17.155,0,50,10303,300080.2,88.53,16,7.68
1786083510737,4708,v1,0.0402,0.2838,0.1332,1.8733,0.7496,0.00364,0.2072,0.003537,0.714,1,21,44.74,0.581,1,0,14.782,14.782,1,50,9814,228869.3,100.0,14,13.62
1786083512868,4709,v1,0.0742,0.7387,0.3063,1.2663,0.6928,0.03028,0.1799,0.001491,0.696,0,31,20.35,0.805,1,0,12.958,12.958,1,50,10331,196780.4,100.0,9,5.84
1786083514927,4710,v1,0.0779,0.9265,0.4812,1.7228,0.8468,0.0292,0.0567,0.002629,0.654,1,16,99.86,0.742,1,0,8.158,8.158,1,50,10492,132295.6,100.0,5,9.75
1786083517758,4711,v1,0.0485,0.2484,0.4926,1.8408,0.1259,0.02299,0.1067,0.002461,0.675,1,19,72.06,0.896,1,0,16.518,16.518,0,50,10047,409369.3,88.15,16,9.43
1786083512543,4712,v1,0.0105,0.6577,0.3706,1.5737,0.9365,0.01096,0.1721,0.003417,0.598,1,24,26.06,0.627,1,472,7.317,6.424,0,50,11081,537601.2,37.31,19,13.1
1786083514957,4713,v1,0.0777,0.6749,0.2322,1.9238,0.2702,0.0125,0.1572,0.001825,0.616,0,20,55.48,0.532,1,0,10.873,10.873,1,50,10435,191935.7,100.0,5,7.61
1786083517406,4714,v1,0.041,0.2284,0.353,1.5655,0.2757,0.01766,0.1185,0.00268,0.641,1,30,25.22,0.895,1,0,14.381,14.381,1,50,10493,238143.4,100.0,13,10.36
1786083519559,4715,v1,0.0662,0.6305,0.1227,1.3796,0.4248,0.02848,0.2494,0.002119,0.698,1,15,45.2,0.664,1,0,12.173,12.173,1,50,9350,191990.1,100.0,10,8.45
1786083513359,4716,v1,0.0666,0.5507,0.1057,1.2695,0.4852,0.02503,0.1633,0.00231,0.707,1,17,40.84,0.307,1,3795,16.0,10.525,0,50,11500,566419.3,58.3,16,9.02
1786083515585,4717,v1,0.055,0.8321,0.2802,1.673,0.7985,0.01827,0.2028,0.001513,0.632,0,32,39.91,0.627,1,0,11.932,11.932,1,50,10591,180476.3,100.0,7,5.78
1786083519118,4718,v1,0.0402,0.7115,0.4875,0.8286,0.7706,0.02103,0.1384,0.001208,0.643,0,9,44.13,0.626,1,3327,8.0,6.069,0,50,10428,389568.4,58.7,15,4.47
1786083523245,4719,v1,0.0246,0.2125,0.2035,1.3108,0.2133,0.01068,0.1835,0.001657,0.717,0,7,91.19,0.652,1,0,6.0,6.0,0,50,10166,627764.8,0.0,-1,6.61
1786083512325,4720,v1,0.0146,0.9009,0.3097,2.1979,0.4377,0.00477,0.0807,0.002523,0.674,0,12,78.9,0.457,1,2400,11.0,8.777,1,50,9967,241116.1,100.0,13,32.1
1786083516482,4721,v1,0.0169,0.2595,0.1314,1.4782,0.652,0.00331,0.1721,0.001787,0.598,0,15,55.13,0.342,1,2226,14.0,11.157,0,50,9625,582780.9,0.0,-1,7.38
1786083519986,4722,v1,0.0595,0.436,0.3104,1.9529,0.1752,0.0178,0.163,0.002507,0.679,0,4,31.42,0.814,1,5084,3.0,2.492,0,50,10085,521645.9,41.98,17,9.36
1786083522458,4723,v1,0.0146,0.603,0.4029,1.5883,0.6911,0.00991,0.0723,0.001999,0.645,1,10,84.99,0.432,1,5739,9.0,3.648,1,50,9811,252698.7,100.0,13,62.56
1786083514365,4724,v1,0.0678,0.3183,0.3005,0.9625,0.3666,0.02537,0.1506,0.002881,0.714,1,16,90.29,0.453,1,5218,15.0,7.193,0,50,10488,535546.0,40.78,16,11.18
1786083516898,4725,v1,0.0203,0.6539,0.2544,1.1513,0.191,0.02681,0.1456,0.001871,0.616,0,28,60.91,0.896,1,0,16.983,16.983,0,50,9530,277576.4,84.2,15,7.49
1786083519045,4726,v1,0.0567,0.7029,0.3042,2.4583,0.8049,0.01736,0.1409,0.001426,0.588,0,17,65.09,0.303,1,0,9.916,9.916,1,50,10076,162021.9,100.0,5,5.11
1786083521219,4727,v1,0.0385,0.5865,0.1075,1.2318,0.7587,0.01613,0.125,0.002108,0.657,1,29,92.49,0.811,1,0,14.177,14.177,1,50,9492,219381.1,100.0,13,8.13
1786083520364,4728,v1,0.0616,0.4345,0.1661,1.4635,0.3039,0.01039,0.1689,0.001772,0.687,0,35,93.39,0.942,1,0,15.045,15.045,1,50,9683,229261.8,100.0,13,7.14
1786083523617,4729,v1,0.0288,0.9599,0.3241,1.7175,0.2299,0.00835,0.0907,0.003374,0.612,0,35,99.91,0.643,1,0,23.006,23.006,0,50,9547,418729.8,86.05,17,12.5
1786083527791,4730,v1,0.0261,0.2431,0.3019,1.2571,0.643,0.03129,0.0778,0.002263,0.694,1,12,50.93,0.928,1,10132,11.0,0.0,0,50,10400,620068.2,0.0,-1,8.82
1786083530435,4731,v1,0.0789,0.5924,0.2296,1.1788,0.4915,0.02831,0.0509,0.001943,0.716,1,17,55.02,0.413,1,0,12.928,12.928,1,50,10957,245494.0,100.0,13,7.22
1786083521552,4732,v1,0.0404,0.3175,0.4844,2.2332,0.3123,0.01761,0.2001,0.002582,0.679,0,5,99.62,0.425,1,0,4.0,4.0,1,50,11430,261829.1,100.0,13,9.68
1786083525410,4733,v1,0.0474,0.7801,0.2357,1.6043,0.8207,0.02258,0.1737,0.002443,0.621,1,14,64.24,0.603,1,6662,13.0,4.368,0,50,10334,496702.9,29.57,15,9.03
1786083529502,4734,v1,0.0565,0.5318,0.4704,1.1667,0.655,0.01063,0.0931,0.00197,0.717,0,11,68.32,0.593,1,4329,10.0,6.532,0,50,10192,521747.5,48.95,18,7.53
1786083531961,4735,v1,0.0158,0.6294,0.32,1.0055,0.9078,0.01316,0.2243,0.001216,0.581,1,31,39.94,0.335,1,0,14.367,14.367,1,50,10647,249205.7,100.0,13,4.74
1786083523453,4736,v1,0.0381,0.4414,0.353,1.5691,0.5701,0.00727,0.2445,0.001616,0.709,0,27,94.87,0.335,1,0,0.0,0.0,0,50,9402,552190.9,0.0,-1,6.47
1786083525898,4737,v1,0.0342,0.7462,0.2662,1.6084,0.3895,0.01809,0.2344,0.002276,0.628,1,14,28.51,0.543,1,0,13.0,13.0,1,50,10476,230985.9,100.0,13,8.73
1786083528856,4738,v1,0.062,0.8709,0.3763,1.6017,0.5679,0.00611,0.1401,0.002149,0.653,1,8,29.91,0.703,1,8033,7.0,1.55,1,50,10485,287354.6,100.0,13,14.92
1786083531464,4739,v1,0.0152,0.3711,0.1715,0.9856,0.3075,0.02171,0.1585,0.003237,0.584,1,12,37.38,0.969,1,10318,11.0,0.0,1,50,10679,294628.1,0.0,-1,100.0
1786083522317,4740,v1,0.0357,0.7301,0.4426,1.0749,0.4335,0.01813,0.2491,0.003641,0.598,0,34,86.65,0.908,1,0,11.866,11.866,1,50,10363,173294.2,100.0,7,13.14
1786083525871,4741,v1,0.0755,0.9206,0.3575,2.4285,0.7037,0.00459,0.2043,0.002339,0.689,1,24,81.84,0.365,1,0,18.39,18.39,0,50,11325,492807.4,84.7,17,8.73
1786083528319,4742,v1,0.0495,0.968,0.1076,1.2178,0.9563,0.0288,0.0838,0.001615,0.69,1,31,81.07,0.787,1,0,14.278,14.278,1,50,9762,219649.6,100.0,13,6.2
1786083530485,4743,v1,0.0741,0.5834,0.1239,0.8973,0.9182,0.00389,0.2355,0.002969,0.581,0,26,30.73,0.856,1,0,10.248,10.248,1,50,10646,167718.9,100.0,6,11.57
1786083526404,4744,v1,0.0285,0.4169,0.3392,1.4838,0.2916,0.00853,0.1586,0.003035,0.695,1,22,99.23,0.857,1,0,0.0,0.0,0,50,10657,610066.1,0.0,-1,11.21
1786083529156,4745,v1,0.056,0.3532,0.153,1.8529,0.364,0.01301,0.052,0.001998,0.623,1,35,38.08,0.912,1,1612,20.579,16.988,0,50,9710,374996.3,90.86,16,7.45
1786083532319,4746,v1,0.0219,0.955,0.3208,1.9256,0.2722,0.02213,0.1906,0.001375,0.599,0,16,54.11,0.48,1,1696,15.0,12.802,0,50,10246,354983.9,71.08,15,5.6
1786083534506,4747,v1,0.0598,0.6966,0.2052,1.2626,0.8533,0.01638,0.0768,0.002185,0.594,1,16,56.95,0.601,1,0,9.37,9.37,1,50,11311,167356.4,100.0,5,8.48
1786083527625,4748,v1,0.0241,0.2457,0.3539,1.9628,0.4896,0.02157,0.0688,0.002629,0.706,1,30,59.06,0.909,1,881,3.553,1.675,0,50,10986,630196.6,16.66,-1,10.4
1786083530082,4749,v1,0.049,0.5106,0.4658,1.0274,0.4098,0.0132,0.1404,0.001603,0.687,1,21,69.47,0.993,1,0,13.0,13.0,1,50,10534,242536.1,100.0,13,6.3
1786083532668,4750,v1,0.062,0.5639,0.4532,2.2436,0.309,0.02932,0.1199,0.002728,0.615,1,29,55.16,0.44,1,758,16.853,15.433,0,50,9668,283747.6,95.85,14,10.67
1786083537102,4751,v1,0.0362,0.9048,0.3739,0.9787,0.6756,0.02004,0.1777,0.00195,0.648,1,11,82.25,0.8,1,10366,10.0,0.0,0,50,10570,635792.9,0.0,-1,7.51
1786083526463,4752,v1,0.0687,0.7733,0.3677,1.1679,0.4049,0.00347,0.0716,0.002752,0.648,0,23,79.99,0.961,1,0,13.197,13.197,1,50,9893,228428.4,100.0,13,9.7
1786083528506,4753,v1,0.0766,0.4093,0.3309,1.7452,0.8132,0.00399,0.1538,0.002142,0.58,0,11,40.39,0.491,1,1312,7.666,6.627,1,50,10300,161193.6,100.0,4,7.98
1786083530608,4754,v1,0.055,0.2583,0.4542,1.1042,0.8935,0.01737,0.2175,0.001996,0.583,0,7,97.25,0.772,1,0,5.229,5.229,1,50,10892,96466.9,100.0,5,8.03
1786083533588,4755,v1,0.0289,0.9102,0.4951,2.198,0.7442,0.02415,0.2058,0.001591,0.676,1,32,82.83,0.655,1,0,20.177,20.177,0,50,10447,354339.9,83.86,18,6.3
1786083533723,4756,v1,0.0539,0.5684,0.4968,1.0067,0.2016,0.02402,0.2443,0.002109,0.582,0,25,78.39,0.464,1,0,13.152,13.152,0,50,10981,227329.6,86.12,11,8.41
1786083536308,4757,v1,0.0174,0.4878,0.398,2.15,0.6689,0.01381,0.1762,0.002136,0.636,1,11,91.11,0.971,1,9783,10.0,0.0,1,50,9986,281170.6,0.0,-1,100.0
1786083539153,4758,v1,0.0676,0.7444,0.2297,1.9969,0.8692,0.02303,0.1572,0.001296,0.618,1,34,24.81,0.446,1,885,17.941,16.354,0,50,10321,307967.9,88.72,15,4.97
1786083542467,4759,v1,0.0193,0.5462,0.2218,2.1107,0.22,0.02538,0.238,0.00333,0.654,0,13,84.87,0.32,1,0,12.0,12.0,0,50,10866,436575.9,72.19,18,12.56
1786083534177,4760,v1,0.0473,0.8783,0.2472,1.174,0.4214,0.00382,0.0543,0.003631,0.618,0,36,49.53,0.356,1,0,14.228,14.228,1,50,10206,216726.2,100.0,13,12.7
1786083536672,4761,v1,0.0693,0.6742,0.2555,2.0685,0.9702,0.02815,0.2226,0.003407,0.67,0,26,63.58,0.732,1,0,17.257,17.257,0,50,9977,292284.1,86.21,15,12.15
1786083538977,4762,v1,0.0322,0.5022,0.1628,0.9387,0.1134,0.02087,0.1998,0.002222,0.611,0,20,44.05,0.876,1,0,11.771,11.771,1,50,9992,203836.2,100.0,8,8.41
1786083541611,4763,v1,0.0516,0.3344,0.1158,1.5666,0.1266,0.01257,0.1217,0.00121,0.584,0,13,74.5,0.332,1,0,12.0,12.0,0,50,9910,362702.5,87.96,15,4.66
1786083534639,4764,v1,0.0748,0.7518,0.2214,1.229,0.5834,0.02,0.1437,0.002949,0.588,0,8,40.75,0.401,1,47,5.057,5.033,1,50,10237,80580.7,100.0,4,11.1
1786083536723,4765,v1,0.0127,0.3503,0.1367,0.8021,0.6156,0.0283,0.1986,0.00192,0.692,1,33,99.63,0.518,1,0,15.227,15.227,1,50,9752,231502.8,100.0,14,8.12
1786083540931,4766,v1,0.0649,0.4295,0.1837,2.1696,0.9271,0.00696,0.1031,0.003099,0.614,1,9,40.72,0.78,1,10270,8.0,0.0,0,50,10548,619472.2,0.0,-1,11.41
1786083543087,4767,v1,0.0759,0.8942,0.2148,1.6856,0.369,0.01235,0.1903,0.002648,0.697,1,28,28.46,0.346,1,719,14.031,12.897,1,50,9483,217193.0,100.0,13,9.67
1786083535540,4768,v1,0.0293,0.2925,0.3284,1.9237,0.775,0.0285,0.1255,0.001486,0.641,1,20,70.5,0.604,1,0,13.0,13.0,1,50,11002,249727.8,100.0,13,5.74
1786083538387,4769,v1,0.012,0.2713,0.1301,1.0974,0.3803,0.00429,0.157,0.001446,0.641,1,16,62.78,0.959,1,6184,15.0,6.104,1,50,10677,284225.1,100.0,15,64.25
1786083540384,4770,v1,0.0393,0.9517,0.3243,0.9139,0.8201,0.00693,0.1597,0.002157,0.585,1,29,57.81,0.652,1,0,10.457,10.457,1,50,9873,138115.0,100.0,5,8.11
1786083542493,4771,v1,0.0632,0.9401,0.2465,2.3203,0.8907,0.00639,0.1709,0.003073,0.701,1,15,49.17,0.812,1,0,13.0,13.0,1,50,10462,228332.7,100.0,13,11.78
1786083537518,4772,v1,0.064,0.8634,0.4331,2.4343,0.5073,0.01037,0.2314,0.003183,0.653,0,33,80.78,0.727,1,0,20.947,20.947,0,50,10377,404622.2,99.68,17,12.27
1786083539819,4773,v1,0.0157,0.8789,0.2706,1.3056,0.1172,0.00507,0.1018,0.003592,0.598,1,20,77.71,0.916,1,0,13.0,13.0,1,50,9870,222825.2,100.0,13,13.09
1786083542152,4774,v1,0.0142,0.642,0.2984,2.2153,0.9852,0.03122,0.0595,0.003213,0.698,1,19,64.84,0.932,1,0,13.0,13.0,1,50,10393,233098.6,100.0,13,11.04
1786083544989,4775,v1,0.0758,0.88,0.3117,2.1823,0.3819,0.02372,0.2282,0.003661,0.708,0,22,98.86,0.816,1,0,17.115,17.115,0,50,10072,388968.1,89.81,16,13.76
1786083537589,4776,v1,0.035,0.6195,0.3706,2.4415,0.9575,0.00807,0.2247,0.002928,0.591,0,18,23.74,0.495,1,0,13.0,13.0,1,50,10583,239877.3,100.0,13,10.96
1786083539804,4777,v1,0.0108,0.7243,0.1439,1.2319,0.5918,0.00717,0.1568,0.00323,0.674,1,16,38.43,0.327,1,0,13.312,13.312,1,50,9821,221643.1,100.0,13,12.06
1786083541817,4778,v1,0.075,0.815,0.2745,1.9281,0.1424,0.02712,0.1584,0.002693,0.633,1,30,30.4,0.862,1,0,12.195,12.195,1,50,10151,183308.8,100.0,6,10.45
1786083544327,4779,v1,0.042,0.8357,0.4247,1.9379,0.5737,0.00588,0.0931,0.003214,0.627,0,29,49.59,0.422,1,0,14.208,14.208,1,50,10741,237787.7,100.0,13,12.18
1786083540324,4780,v1,0.0144,0.9614,0.3091,2.1119,0.1668,0.02936,0.1656,0.003459,0.624,0,4,56.87,0.803,1,6082,3.0,2.379,1,50,9896,247456.4,100.0,13,67.18
1786083542523,4781,v1,0.0696,0.3421,0.1593,1.4151,0.1788,0.01089,0.1909,0.001961,0.647,1,33,20.01,0.429,1,0,14.361,14.361,1,50,9703,222148.5,100.0,13,7.42
1786083544744,4782,v1,0.0593,0.3215,0.2394,0.929,0.426,0.01827,0.1894,0.002647,0.714,1,17,45.99,0.956,1,0,13.585,13.585,1,50,10151,233044.3,100.0,13,10.02
1786083546813,4783,v1,0.0771,0.3658,0.2187,2.0087,0.4169,0.02546,0.1582,0.003199,0.63,0,4,52.83,0.684,1,4465,3.0,2.544,1,50,9900,216565.2,100.0,7,31.91
1786083544537,4784,v1,0.0134,0.8557,0.2522,2.3868,0.4171,0.03136,0.1387,0.001397,0.592,0,35,37.03,0.531,1,0,14.536,14.536,1,50,10341,235514.4,100.0,13,5.35
1786083547347,4785,v1,0.0725,0.7681,0.4564,2.4743,0.4524,0.00885,0.0542,0.002199,0.655,0,6,57.83,0.323,1,2388,5.0,4.287,0,50,10162,469044.4,70.24,16,8.59
1786083549555,4786,v1,0.0651,0.2498,0.3189,0.9874,0.1707,0.00468,0.2212,0.002602,0.718,1,5,41.82,0.803,1,8881,4.0,0.451,1,50,10100,264864.5,100.0,18,13.78
1786083552107,4787,v1,0.0387,0.8366,0.1433,2.4796,0.8078,0.02506,0.2409,0.001536,0.719,1,23,72.17,0.924,1,0,7.946,7.946,0,50,9660,462403.5,40.04,19,5.62
1786083545268,4788,v1,0.0729,0.2278,0.1238,1.6494,0.6871,0.00695,0.1319,0.003308,0.635,1,18,54.32,0.845,1,0,13.089,13.089,1,50,9399,208796.8,100.0,13,12.66
1786083546988,4789,v1,0.0404,0.9086,0.4783,1.8902,0.5884,0.03062,0.1896,0.00184,0.638,1,30,97.36,0.748,1,0,12.107,12.107,1,50,10646,194861.0,100.0,8,7.2
1786083549316,4790,v1,0.0139,0.5291,0.2258,2.0087,0.4001,0.02697,0.1339,0.001849,0.616,1,24,71.99,0.933,1,0,18.145,18.145,0,50,10096,322871.8,88.65,17,7.05
1786083551581,4791,v1,0.0622,0.7927,0.4264,1.7007,0.6191,0.01145,0.2417,0.00255,0.691,0,36,26.31,0.732,1,448,21.847,20.842,0,50,9650,376410.4,88.21,17,9.82
1786083545952,4792,v1,0.0203,0.7972,0.2651,1.727,0.2171,0.00986,0.2321,0.003412,0.643,1,25,75.73,0.626,1,0,13.525,13.525,1,50,9849,224064.2,100.0,13,12.57
1786083547651,4793,v1,0.0794,0.9704,0.1186,1.302,0.1218,0.02834,0.1037,0.002715,0.602,1,26,96.43,0.736,1,0,10.856,10.856,1,50,10322,175855.4,100.0,4,10.62
1786083549447,4794,v1,0.0613,0.3166,0.2613,1.2472,0.7277,0.02072,0.13,0.002418,0.646,1,36,35.76,0.477,1,1012,14.727,13.14,1,50,10126,232720.5,100.0,13,9.11
1786083551954,4795,v1,0.0676,0.9663,0.3319,1.2428,0.4583,0.02689,0.2096,0.002008,0.67,0,11,65.53,0.628,1,4016,10.0,6.741,0,50,10061,412746.2,50.53,15,7.63
1786083546493,4796,v1,0.0516,0.7778,0.1848,1.1132,0.5295,0.00691,0.1853,0.001295,0.641,1,27,88.5,0.729,1,0,13.855,13.855,1,50,10836,247904.1,100.0,13,4.69
1786083549592,4797,v1,0.018,0.3242,0.4508,2.1288,0.4878,0.00347,0.0521,0.002714,0.673,1,21,69.39,0.614,1,0,0.0,0.0,0,50,10481,632935.1,0.0,-1,10.29
1786083551765,4798,v1,0.0701,0.2254,0.4001,1.1749,0.2941,0.02945,0.1229,0.002383,0.595,0,22,39.69,0.813,1,0,13.826,13.826,0,50,10875,260463.7,86.18,12,9.04
1786083552815,4799,v1,0.0473,0.6229,0.4061,1.2678,0.7144,0.01325,0.2445,0.003428,0.588,0,21,21.27,0.883,1,0,10.194,10.194,1,50,10968,183125.8,100.0,6,13.11
1786083559635,4800,v1,0.0688,0.5369,0.4618,0.8092,0.7413,0.00724,0.1047,0.003314,0.665,0,16,72.24,0.338,1,0,13.0,13.0,1,50,10839,241899.8,100.0,13,12.1
1786083562027,4801,v1,0.0201,0.8217,0.2475,1.4071,0.5064,0.02008,0.0953,0.003586,0.611,1,28,42.74,0.48,1,988,13.975,12.456,1,50,9923,226503.3,100.0,13,18.22
1786083564511,4802,v1,0.0624,0.394,0.1517,1.7194,0.2046,0.00812,0.1117,0.001525,0.659,0,8,98.95,0.815,1,0,6.998,6.998,1,50,10206,234914.3,100.0,13,5.9
1786083566675,4803,v1,0.0657,0.5732,0.4122,1.013,0.1055,0.01437,0.1315,0.00123,0.656,0,14,22.21,0.847,1,0,13.0,13.0,1,50,9127,207215.5,100.0,13,4.47
1786083560340,4804,v1,0.0556,0.2505,0.4992,2.1507,0.1508,0.02094,0.0608,0.00193,0.626,0,18,52.26,0.457,1,0,12.979,12.979,1,50,9764,215515.5,100.0,13,7.63
1786083562739,4805,v1,0.0296,0.381,0.2862,2.1258,0.2907,0.01357,0.2355,0.002933,0.645,0,33,60.69,0.868,1,0,15.316,15.316,1,50,10515,250311.6,100.0,14,11.41
1786083564851,4806,v1,0.0402,0.9925,0.4177,2.0682,0.2562,0.01048,0.168,0.0015,0.581,1,36,91.51,0.827,1,0,14.637,14.637,1,50,9492,212805.7,100.0,13,5.38
1786083568812,4807,v1,0.0243,0.5678,0.441,1.2975,0.3454,0.02636,0.174,0.001413,0.596,1,6,53.22,0.601,1,8749,5.0,0.542,0,50,9872,545308.0,9.79,-1,5.82
1786083562740,4808,v1,0.0172,0.8784,0.2006,2.3945,0.7856,0.00715,0.2057,0.001286,0.65,0,22,50.17,0.679,1,0,0.0,0.0,0,50,10204,621650.5,0.0,-1,5.14
1786083565238,4809,v1,0.0381,0.6359,0.2406,1.8602,0.4347,0.00607,0.2284,0.002979,0.642,1,13,96.41,0.497,1,5618,12.0,5.147,1,50,10153,243550.1,100.0,13,62.03
1786083568221,4810,v1,0.0742,0.6414,0.4583,2.3693,0.1711,0.01073,0.0626,0.002827,0.613,0,5,68.21,0.747,1,5516,4.0,3.014,1,50,11338,274517.9,100.0,13,37.91
1786083570930,4811,v1,0.0695,0.2113,0.4682,0.9181,0.575,0.02336,0.0945,0.001238,0.634,0,5,70.54,0.601,1,0,4.0,4.0,0,50,10406,289882.4,91.33,14,4.82
1786083562060,4812,v1,0.0694,0.6378,0.3452,1.4925,0.6514,0.02964,0.0982,0.002785,0.697,1,27,40.1,0.616,1,1253,17.389,15.254,0,50,10903,329195.7,96.9,16,10.46
1786083564184,4813,v1,0.0237,0.2296,0.1269,1.9133,0.9061,0.01657,0.1988,0.002383,0.588,1,27,94.59,0.763,1,0,13.861,13.861,1,50,9753,218047.7,100.0,13,8.75
1786083566571,4814,v1,0.0753,0.3526,0.3183,1.4356,0.6513,0.01004,0.1081,0.003388,0.699,1,15,86.68,0.85,1,0,13.577,13.577,1,50,10269,239652.7,100.0,13,12.47
1786083571238,4815,v1,0.0735,0.5976,0.1176,2.1998,0.8197,0.01096,0.2368,0.002884,0.706,1,4,84.52,0.967,1,11144,3.0,0.0,0,50,11222,636735.8,0.0,-1,10.87
1786083561811,4816,v1,0.0255,0.416,0.4512,1.8282,0.452,0.01005,0.1304,0.001813,0.691,1,25,61.35,0.402,1,851,14.605,13.224,1,50,9327,222644.7,100.0,14,15.7
1786083564742,4817,v1,0.0798,0.8424,0.4357,2.0995,0.5442,0.02002,0.0591,0.002566,0.667,0,20,90.42,0.804,1,0,16.301,16.301,0,50,11073,326871.8,98.79,16,9.6
1786083567513,4818,v1,0.0655,0.8298,0.4601,1.2018,0.184,0.03061,0.0937,0.001451,0.718,0,6,39.0,0.523,1,3603,5.0,4.006,1,50,10959,257375.6,100.0,13,7.16
1786083569715,4819,v1,0.0243,0.655,0.2721,1.5871,0.5927,0.02273,0.0613,0.003615,0.68,0,10,70.47,0.384,1,0,9.0,9.0,1,50,10066,228169.9,100.0,13,12.96
1786083564224,4820,v1,0.0223,0.4399,0.2871,2.3234,0.3178,0.0031,0.0544,0.00377,0.584,1,25,28.11,0.416,1,144,1.385,1.103,0,50,11364,635203.6,6.96,-1,14.23
1786083568635,4821,v1,0.0353,0.2973,0.1689,1.6126,0.9498,0.01115,0.1012,0.001587,0.704,1,27,84.72,0.892,1,0,0.0,0.0,0,50,10229,605376.0,0.0,-1,6.5
1786083571442,4822,v1,0.071,0.5659,0.4792,1.9315,0.8742,0.01122,0.0948,0.002994,0.705,1,11,70.06,0.633,1,7696,10.0,2.211,1,50,10147,267892.8,100.0,13,17.5
1786083574051,4823,v1,0.0405,0.8079,0.3925,1.937,0.6123,0.00583,0.0582,0.003498,0.62,1,28,69.99,0.811,1,0,18.955,18.955,0,50,9682,321396.4,84.67,17,13.3
1786083563308,4824,v1,0.0432,0.9553,0.4913,1.961,0.3192,0.02844,0.1307,0.001748,0.589,0,35,55.43,0.418,1,0,16.801,16.801,0,50,9931,252722.1,90.34,13,6.63
1786083565720,4825,v1,0.0699,0.3162,0.186,1.9252,0.3712,0.01762,0.2018,0.003214,0.693,0,36,75.38,0.412,1,0,15.363,15.363,1,50,10950,248530.8,100.0,13,12.5
1786083568377,4826,v1,0.0514,0.7483,0.3661,2.4648,0.7455,0.01386,0.2291,0.003059,0.637,1,6,57.53,0.392,1,5045,5.0,2.678,1,50,11008,258773.7,100.0,13,52.42
1786083571112,4827,v1,0.0275,0.8397,0.4379,2.3894,0.5388,0.02481,0.0686,0.00211,0.719,0,4,57.31,0.746,1,6304,3.0,2.421,1,50,10964,268025.1,100.0,13,61.26
1786083570301,4828,v1,0.0434,0.8936,0.2595,0.8512,0.7944,0.01584,0.1109,0.002911,0.605,1,34,92.01,0.613,1,0,18.07,18.07,0,50,10267,290559.6,84.82,15,11.09
1786083572694,4829,v1,0.0392,0.5608,0.4583,2.4253,0.8857,0.02059,0.0603,0.002955,0.632,1,25,71.63,0.58,1,0,13.526,13.526,1,50,10163,234524.2,100.0,13,11.25
1786083575395,4830,v1,0.019,0.7559,0.2018,1.9266,0.8279,0.02514,0.1573,0.002901,0.708,1,36,37.54,0.875,1,1524,14.737,12.342,1,50,10228,237710.1,100.0,13,10.48
1786083577914,4831,v1,0.0603,0.6852,0.4341,1.779,0.8598,0.021,0.0501,0.001877,0.67,0,8,90.47,0.89,1,0,7.0,7.0,1,50,10772,252321.4,100.0,13,7.11
1786083571993,4832,v1,0.0349,0.2946,0.1371,1.5544,0.4276,0.01409,0.2126,0.001796,0.613,1,34,91.72,0.685,1,0,19.649,19.649,0,50,10338,328765.0,83.89,17,6.94
1786083575866,4833,v1,0.0262,0.4247,0.1775,0.8124,0.2983,0.00899,0.0533,0.002545,0.663,0,6,78.28,0.74,1,0,5.0,5.0,0,50,9809,530256.4,38.13,19,9.92
1786083578487,4834,v1,0.0509,0.564,0.3794,1.2898,0.1414,0.02288,0.1991,0.00323,0.676,0,7,26.76,0.638,1,4471,6.0,4.22,1,50,10242,245651.8,100.0,13,30.13
1786083582352,4835,v1,0.047,0.4701,0.4995,1.89,0.9432,0.01709,0.1553,0.002128,0.685,1,10,67.33,0.571,1,6724,9.0,3.329,0,50,10866,578872.8,33.97,18,8.41
1786083573235,4836,v1,0.0102,0.8055,0.1999,1.1033,0.2609,0.02317,0.1147,0.00345,0.681,0,35,74.24,0.436,1,0,14.545,14.545,1,50,11475,254474.4,100.0,13,12.62
1786083575824,4837,v1,0.0246,0.8319,0.3363,1.0631,0.7472,0.02819,0.1772,0.003038,0.614,0,5,34.16,0.673,1,3679,4.0,3.287,1,50,10436,239714.0,100.0,11,42.83
1786083578914,4838,v1,0.0514,0.896,0.4973,2.4542,0.3561,0.01835,0.0533,0.002799,0.649,1,29,58.81,0.571,1,2102,18.593,14.418,0,50,10298,419935.9,92.76,16,10.65
1786083582540,4839,v1,0.0285,0.6221,0.342,2.0265,0.3872,0.00865,0.0949,0.003013,0.597,0,8,28.45,0.655,1,4281,7.0,4.96,0,50,10698,538900.9,54.84,18,10.87
1786083573982,4840,v1,0.0113,0.8694,0.4374,1.755,0.6027,0.01943,0.1164,0.001464,0.683,1,26,28.88,0.476,1,1014,13.689,12.318,1,50,10388,236826.4,100.0,13,12.77
1786083576593,4841,v1,0.0343,0.222,0.2016,1.3591,0.2282,0.02338,0.2464,0.00287,0.66,1,6,83.37,0.639,1,9330,5.0,0.363,1,50,10216,283993.8,100.0,25,93.57
1786083579566,4842,v1,0.0516,0.2104,0.1716,1.8333,0.594,0.00943,0.111,0.0026,0.705,1,14,70.38,0.828,1,8958,13.0,1.112,1,50,10121,281571.3,100.0,23,92.16
1786083581486,4843,v1,0.0718,0.2419,0.3334,0.9562,0.7802,0.02858,0.0672,0.002472,0.606,0,33,61.98,0.526,1,0,8.662,8.662,1,50,9897,106562.5,100.0,4,9.26
1786083576543,4844,v1,0.0688,0.9141,0.4481,2.4528,0.9252,0.01064,0.1843,0.001409,0.662,1,11,45.21,0.814,1,10714,10.0,0.0,0,50,10874,671830.4,0.0,-1,5.49
1786083579058,4845,v1,0.0155,0.8287,0.188,1.3758,0.599,0.03042,0.2072,0.001306,0.59,1,33,83.2,0.32,1,0,11.074,11.074,1,50,11062,174654.0,100.0,7,5.21
1786083581586,4846,v1,0.0183,0.9085,0.1078,2.1584,0.9336,0.02103,0.1266,0.001738,0.646,0,11,65.01,0.666,1,5134,10.0,5.969,1,50,10361,254648.9,100.0,13,53.45
1786083584279,4847,v1,0.0196,0.2698,0.3392,1.1994,0.5695,0.00362,0.1079,0.003003,0.623,0,23,39.57,0.678,1,0,13.974,13.974,1,50,10818,250004.7,100.0,13,11.4
1786083574911,4848,v1,0.0688,0.4906,0.4652,1.4656,0.5607,0.01739,0.1073,0.002857,0.646,0,32,99.0,0.372,1,0,14.34,14.34,1,50,9534,217273.8,100.0,13,10.51
1786083577184,4849,v1,0.0494,0.7776,0.1871,2.4198,0.8987,0.01739,0.2216,0.002485,0.606,0,5,25.57,0.375,1,2106,4.0,3.579,1,50,10105,197459.2,100.0,8,28.66
1786083580136,4850,v1,0.0118,0.5917,0.4556,1.5602,0.5619,0.02503,0.2251,0.001551,0.653,1,9,76.83,0.512,1,6697,8.0,3.178,1,50,11230,278089.2,100.0,13,62.54
1786083584523,4851,v1,0.0177,0.4835,0.3767,2.2595,0.6217,0.02231,0.0678,0.001904,0.697,0,33,65.26,0.394,1,0,0.0,0.0,0,50,10158,577438.5,0.0,-1,7.4
1786083578192,4852,v1,0.0691,0.871,0.4621,1.308,0.3243,0.00554,0.2415,0.001452,0.702,1,25,57.51,0.833,1,3533,18.819,11.913,0,50,10109,503018.2,90.28,17,5.87
1786083580624,4853,v1,0.0187,0.5364,0.127,2.124,0.9499,0.01377,0.1427,0.003523,0.682,0,23,91.48,0.448,1,0,14.491,14.491,1,50,10737,250976.3,100.0,14,13.23
1786083585127,4854,v1,0.0119,0.7063,0.1688,1.5738,0.7238,0.01877,0.1254,0.002907,0.685,1,33,93.48,0.815,1,0,0.0,0.0,0,50,10328,593047.4,0.0,-1,10.84
1786083588835,4855,v1,0.0247,0.8312,0.4594,1.8147,0.6023,0.0135,0.0657,0.00209,0.618,1,13,24.37,0.45,1,5948,12.0,5.192,0,50,10726,546419.9,37.07,17,7.58
1786083581287,4856,v1,0.0295,0.8479,0.4133,2.0682,0.9431,0.0139,0.0892,0.003337,0.59,1,29,38.13,0.744,1,1813,12.745,10.582,1,50,11571,215596.3,100.0,9,14.04
1786083583678,4857,v1,0.0206,0.88,0.163,2.2333,0.5419,0.03082,0.0785,0.003132,0.671,0,20,79.57,0.6,1,0,13.0,13.0,1,50,10265,235774.0,100.0,13,12.14
1786083588183,4858,v1,0.0286,0.8071,0.4217,2.4947,0.9246,0.00512,0.1806,0.003295,0.718,1,6,84.1,0.633,1,9911,5.0,0.301,0,50,10721,627664.9,0.0,-1,12.21
1786083592534,4859,v1,0.0359,0.9692,0.1232,1.8336,0.4764,0.01227,0.1162,0.003605,0.678,1,6,71.37,0.426,1,5056,5.0,2.602,0,50,10739,598912.3,15.4,-1,13.74
1786083584783,4860,v1,0.0732,0.9555,0.2298,2.3936,0.5586,0.02833,0.0564,0.0033,0.62,1,31,23.8,0.528,1,0,11.114,11.114,1,50,10444,159486.9,100.0,5,13.02
1786083588811,4861,v1,0.026,0.8916,0.4689,1.9916,0.7141,0.00451,0.1396,0.003158,0.643,1,30,65.6,0.565,1,30,0.152,0.084,0,50,10579,611497.0,0.68,-1,11.72
1786083591312,4862,v1,0.0316,0.6179,0.143,1.3501,0.2397,0.02566,0.153,0.002778,0.649,1,22,91.32,0.975,1,0,13.0,13.0,1,50,10468,236569.6,100.0,13,10.25
1786083594138,4863,v1,0.0338,0.7135,0.2199,1.6182,0.599,0.02984,0.1778,0.003527,0.635,0,21,26.17,0.917,1,0,12.539,12.539,1,50,11741,244148.5,100.0,12,13.28
1786083587392,4864,v1,0.0307,0.7449,0.3787,1.456,0.3449,0.01437,0.1663,0.001285,0.643,1,9,42.41,0.508,1,6523,8.0,3.127,0,50,10816,569981.9,33.81,18,4.91
1786083589952,4865,v1,0.0378,0.7622,0.3006,1.9255,0.4023,0.01096,0.1725,0.002254,0.719,1,12,65.24,0.487,1,7316,11.0,2.961,1,50,10245,272619.3,100.0,14,75.24
1786083592503,4866,v1,0.0367,0.3183,0.4673,1.9377,0.3566,0.03004,0.1093,0.00185,0.69,0,16,46.0,0.44,1,0,13.129,13.129,1,50,10875,254145.2,100.0,13,7.33
1786083595188,4867,v1,0.0652,0.2515,0.2133,0.8878,0.8263,0.00415,0.1896,0.002255,0.637,0,26,36.8,0.495,1,0,13.692,13.692,1,50,11206,254558.1,100.0,13,8.5
1786083585876,4868,v1,0.0137,0.9564,0.2731,2.375,0.4594,0.01414,0.211,0.002584,0.676,0,12,98.38,0.739,1,0,11.0,11.0,1,50,9935,234422.7,100.0,13,9.04
1786083590752,4869,v1,0.0573,0.3417,0.1785,1.8484,0.1858,0.01502,0.1041,0.002148,0.698,1,10,76.32,0.761,1,9796,9.0,1.086,0,50,11371,663148.3,10.36,-1,8.1
1786083594862,4870,v1,0.0683,0.2733,0.1168,1.5923,0.3119,0.01362,0.1829,0.003526,0.607,1,5,35.24,0.673,1,8358,4.0,0.742,0,50,10385,557812.1,17.22,-1,12.78
1786083597453,4871,v1,0.0658,0.5492,0.2814,1.2754,0.31,0.02807,0.1042,0.002209,0.655,1,25,88.85,0.459,1,0,16.578,16.578,0,50,10304,287624.4,84.44,15,8.77
1786083587741,4872,v1,0.0281,0.2006,0.1064,1.3183,0.331,0.02265,0.0612,0.003296,0.587,0,24,94.54,0.637,1,0,16.32,16.32,0,50,11134,312793.9,84.05,15,12.25
1786083590231,4873,v1,0.0337,0.5761,0.1562,1.8493,0.3319,0.01576,0.0706,0.002504,0.581,0,33,32.33,0.649,1,0,12.873,12.873,1,50,10528,204257.3,100.0,9,9.73
1786083592655,4874,v1,0.0148,0.821,0.3323,1.8478,0.9776,0.00887,0.0834,0.003508,0.699,0,29,45.86,0.546,1,0,14.264,14.264,1,50,10629,241950.9,100.0,13,13.12
1786083595890,4875,v1,0.0612,0.2982,0.4719,1.8166,0.8545,0.02353,0.2124,0.003126,0.657,0,10,76.82,0.785,1,0,9.0,9.0,0,50,11100,319556.1,96.72,16,11.21
1786083587931,4876,v1,0.0503,0.8767,0.235,1.1454,0.3047,0.00636,0.0773,0.002354,0.685,1,22,51.99,0.705,1,1542,13.0,10.948,1,50,10278,229967.9,100.0,13,9.18
1786083590540,4877,v1,0.0458,0.9022,0.2946,1.3177,0.6407,0.02038,0.08,0.001853,0.66,1,22,68.65,0.529,1,0,17.233,17.233,0,50,9371,283612.5,92.83,16,7.31
1786083593163,4878,v1,0.0716,0.566,0.128,1.1919,0.2021,0.01565,0.2294,0.003165,0.596,0,15,67.06,0.672,1,0,11.299,11.299,1,50,11483,214903.0,100.0,6,11.98
1786083595591,4879,v1,0.0741,0.4704,0.2469,1.6712,0.4959,0.02969,0.2234,0.003396,0.688,0,30,27.55,0.723,1,0,14.358,14.358,1,50,10917,240622.2,100.0,13,13.06
1786083591859,4880,v1,0.0662,0.9206,0.3037,2.0553,0.8122,0.0296,0.147,0.003669,0.581,0,20,93.04,0.51,1,0,5.683,5.683,1,50,10678,76299.1,100.0,3,13.38
1786083594461,4881,v1,0.0689,0.4287,0.1081,1.5193,0.5674,0.01385,0.1636,0.002534,0.609,1,26,65.65,0.727,1,0,17.176,17.176,0,50,9827,286664.9,95.84,15,9.47
1786083598759,4882,v1,0.0251,0.5063,0.1668,2.4108,0.3848,0.02298,0.1784,0.003324,0.69,1,18,49.13,0.649,1,8757,17.0,2.547,0,50,10902,641059.6,0.02,-1,12.65
1786083601186,4883,v1,0.0684,0.4023,0.2469,1.0459,0.7451,0.02814,0.1596,0.001403,0.672,0,34,40.2,0.524,1,0,18.298,18.298,0,50,10697,304939.9,90.07,15,5.54
1786083595648,4884,v1,0.0782,0.7453,0.4226,1.8113,0.9042,0.0094,0.2143,0.002091,0.642,1,32,42.57,0.869,1,0,11.629,11.629,1,50,10272,173807.1,100.0,7,8.03
1786083598008,4885,v1,0.0733,0.7611,0.1729,1.4004,0.961,0.02718,0.0808,0.003724,0.603,1,6,79.49,0.668,1,5779,4.944,2.211,1,50,10758,212018.3,100.0,5,14.22
1786083600066,4886,v1,0.0128,0.7838,0.2044,1.5613,0.8464,0.00536,0.1694,0.003655,0.586,0,8,98.91,0.358,1,0,7.0,7.0,1,50,10095,224746.4,100.0,13,13.7
1786083602489,4887,v1,0.0393,0.9448,0.1442,1.6963,0.9079,0.02911,0.2072,0.002909,0.688,0,28,74.22,0.463,1,0,18.842,18.842,0,50,9873,309649.6,85.07,17,11.19
1786083597765,4888,v1,0.0286,0.3926,0.1908,2.0238,0.4614,0.02815,0.1905,0.003109,0.681,0,29,43.34,0.634,1,0,19.344,19.344,0,50,10545,328292.6,85.38,17,12.22
1786083600016,4889,v1,0.0749,0.569,0.2406,2.2523,0.1982,0.01977,0.1261,0.002055,0.663,1,15,72.84,0.668,1,0,13.0,13.0,1,50,10415,234113.9,100.0,13,8.44
1786083602324,4890,v1,0.013,0.5782,0.4944,1.8959,0.8668,0.0288,0.244,0.002266,0.682,1,24,82.76,0.339,1,0,13.35,13.35,1,50,10730,232635.8,100.0,13,8.59
1786083604165,4891,v1,0.0502,0.9703,0.1317,1.0554,0.7122,0.02705,0.1952,0.001318,0.69,1,6,76.7,0.636,1,7053,5.0,1.496,1,50,10132,264966.4,100.0,13,14.0
1786083598248,4892,v1,0.0406,0.8503,0.1745,0.8821,0.2625,0.02752,0.0971,0.00189,0.672,1,4,50.56,0.309,1,3729,3.0,1.92,1,50,10411,256545.3,100.0,13,27.04
1786083600537,4893,v1,0.0448,0.302,0.3407,2.2323,0.7683,0.0085,0.2367,0.002466,0.678,1,14,46.2,0.941,1,9596,13.0,0.0,1,50,9915,286091.3,0.0,-1,100.0
1786083603546,4894,v1,0.0454,0.5678,0.1294,1.0592,0.2347,0.01115,0.165,0.002873,0.675,0,4,44.68,0.971,1,6885,3.0,2.323,0,50,10247,553828.9,27.93,19,10.73
1786083605345,4895,v1,0.0446,0.4461,0.4663,1.4345,0.7472,0.02105,0.1141,0.00296,0.661,1,29,47.31,0.785,1,1402,17.855,15.299,0,50,10538,348418.2,84.2,16,11.42
1786083598513,4896,v1,0.0346,0.8482,0.2629,1.7456,0.5816,0.02606,0.0596,0.003743,0.607,1,11,28.42,0.309,1,3864,10.0,6.047,1,50,10119,240874.8,100.0,13,47.96
1786083601633,4897,v1,0.074,0.4277,0.2505,0.8567,0.2188,0.00715,0.1927,0.001739,0.641,0,11,70.55,0.623,1,3185,10.0,7.493,0,50,10324,503701.8,61.37,16,6.26
1786083603045,4898,v1,0.072,0.2813,0.3003,1.5224,0.8511,0.01989,0.2459,0.002775,0.588,0,18,61.83,0.919,1,0,6.339,6.339,1,50,11191,94485.7,100.0,4,10.26
1786083604851,4899,v1,0.0191,0.9718,0.3436,0.913,0.924,0.0194,0.0983,0.00307,0.674,0,18,26.72,0.855,1,0,13.0,13.0,1,50,10493,242324.7,100.0,13,11.15
1786083613598,4900,v1,0.064,0.2768,0.4124,2.4616,0.8972,0.00307,0.2401,0.001595,0.686,1,8,77.49,0.569,1,8079,7.0,1.416,0,50,10245,569637.3,16.9,-1,6.21
1786083616376,4901,v1,0.0637,0.4796,0.3164,1.1078,0.646,0.02743,0.1926,0.002849,0.713,0,19,60.99,0.717,1,0,16.424,16.424,0,50,10664,312823.8,85.92,16,10.47
1786083619033,4902,v1,0.0583,0.2252,0.4135,1.3802,0.9747,0.0259,0.0693,0.001398,0.72,0,11,28.95,0.648,1,5431,10.0,5.887,1,50,10720,264695.7,100.0,13,16.37
1786083621535,4903,v1,0.0747,0.6514,0.2984,1.632,0.446,0.02505,0.2308,0.003487,0.632,0,18,64.44,0.447,1,0,15.127,15.127,0,50,9480,264079.0,98.24,15,13.04
1786083613118,4904,v1,0.0291,0.4461,0.4593,1.0946,0.357,0.02326,0.1198,0.002624,0.63,1,23,52.15,0.625,1,1603,13.127,11.263,1,50,11791,268680.4,100.0,13,10.32
1786083615571,4905,v1,0.0428,0.5021,0.3558,2.3057,0.6763,0.01076,0.1484,0.002458,0.675,1,32,94.54,0.387,1,0,15.213,15.213,1,50,10517,247018.7,100.0,14,9.84
1786083617809,4906,v1,0.0403,0.9898,0.4371,2.4849,0.6266,0.01524,0.082,0.002879,0.634,1,17,84.26,0.505,1,0,12.899,12.899,1,50,10176,222133.3,100.0,13,10.77
1786083619829,4907,v1,0.0383,0.7498,0.2772,2.231,0.2033,0.01045,0.2322,0.003423,0.613,1,35,24.66,0.735,1,1335,14.571,12.296,1,50,9468,223847.9,100.0,13,12.64
1786083613389,4908,v1,0.0124,0.9518,0.2969,1.7448,0.8002,0.02526,0.1943,0.001695,0.596,1,13,80.37,0.619,1,7836,12.0,2.286,1,50,9871,262615.8,100.0,24,82.18
1786083616262,4909,v1,0.0632,0.8297,0.3847,1.3443,0.8054,0.00321,0.0722,0.002466,0.673,0,13,23.16,0.588,1,4762,12.0,7.909,1,50,11995,281476.4,100.0,13,9.37
1786083618548,4910,v1,0.0631,0.8157,0.3573,2.0644,0.3283,0.01987,0.1168,0.001753,0.65,1,12,85.46,0.418,1,4262,11.0,5.707,1,50,9024,229485.0,100.0,13,12.57
1786083621302,4911,v1,0.012,0.7166,0.1331,2.3708,0.6603,0.02669,0.1804,0.001434,0.658,1,9,79.94,0.54,1,8238,8.0,1.551,1,50,10354,274274.1,100.0,23,81.71
1786083613835,4912,v1,0.0315,0.462,0.2771,1.3374,0.6695,0.01732,0.2418,0.002377,0.581,0,10,44.13,0.307,1,1839,8.904,7.683,1,50,10765,233479.9,100.0,10,24.85
1786083616212,4913,v1,0.0779,0.7437,0.14,0.9368,0.3794,0.03051,0.2166,0.001226,0.679,1,34,26.15,0.35,1,931,12.806,11.585,1,50,10193,201718.9,100.0,8,5.04
1786083618743,4914,v1,0.0485,0.9148,0.1069,2.2559,0.5799,0.01113,0.164,0.002248,0.594,0,28,81.53,0.699,1,0,18.131,18.131,0,50,10106,316748.8,91.26,16,8.76
1786083621800,4915,v1,0.0357,0.8758,0.2812,2.2037,0.6019,0.01016,0.1043,0.003445,0.631,0,25,60.07,0.898,1,0,16.679,16.679,0,50,10228,405418.7,78.68,18,12.89
1786083615271,4916,v1,0.0488,0.3393,0.4696,0.8676,0.6554,0.02118,0.074,0.002826,0.631,0,5,37.01,0.805,1,4425,4.0,3.08,0,50,9730,404652.3,46.52,15,10.75
1786083617824,4917,v1,0.0136,0.7749,0.3966,2.3663,0.5455,0.0057,0.0964,0.003388,0.646,1,7,60.23,0.481,1,7120,6.0,1.874,1,50,10555,273671.1,100.0,13,72.61
1786083620368,4918,v1,0.0755,0.4899,0.2601,1.2225,0.8974,0.02654,0.0834,0.002743,0.653,1,35,61.74,0.741,1,0,14.522,14.522,1,50,11082,251432.7,100.0,13,10.3
1786083624344,4919,v1,0.0111,0.3543,0.4752,2.3587,0.9401,0.01719,0.116,0.001353,0.65,0,14,44.32,0.792,1,4884,13.0,7.432,0,50,9794,578249.8,0.0,-1,5.23
1786083614833,4920,v1,0.0468,0.6811,0.4838,1.1941,0.8901,0.00524,0.0873,0.003133,0.659,1,31,49.75,0.331,1,0,14.363,14.363,1,50,10600,238421.3,100.0,13,12.12
1786083617110,4921,v1,0.044,0.6944,0.4239,2.0492,0.3499,0.01011,0.1694,0.003317,0.647,1,11,34.41,0.396,1,4648,10.0,5.146,1,50,9898,242443.9,100.0,13,55.06
1786083619328,4922,v1,0.0523,0.8299,0.4348,1.662,0.6431,0.01299,0.0501,0.00238,0.658,0,24,82.33,0.652,1,0,13.359,13.359,1,50,9857,224972.8,100.0,13,9.06
1786083621677,4923,v1,0.0334,0.2652,0.1899,1.486,0.739,0.03093,0.2086,0.003522,0.596,0,33,42.12,0.665,1,0,13.633,13.633,1,50,10253,224028.0,100.0,12,13.42
1786083617400,4924,v1,0.0101,0.4654,0.3606,1.766,0.5765,0.00658,0.0951,0.002643,0.597,1,29,71.47,0.79,1,0,0.0,0.0,0,50,11065,643775.6,0.0,-1,10.29
1786083621033,4925,v1,0.0272,0.5322,0.4624,1.9548,0.2061,0.01806,0.1,0.002796,0.658,1,27,33.73,0.712,1,2724,17.113,11.597,0,50,10643,519359.4,77.9,17,10.61
1786083623465,4926,v1,0.0143,0.8569,0.4625,2.3346,0.9327,0.01393,0.0594,0.00173,0.587,0,19,70.82,0.794,1,0,13.0,13.0,1,50,10546,241136.7,100.0,13,6.69
1786083627266,4927,v1,0.0225,0.9243,0.3493,1.0249,0.1327,0.0205,0.2234,0.003107,0.65,1,15,70.94,0.853,1,9672,14.0,0.0,0,50,10131,593717.5,0.0,-1,11.91
1786083622583,4928,v1,0.0278,0.6724,0.4407,1.233,0.2021,0.01764,0.1237,0.002637,0.611,0,30,28.13,0.93,1,0,12.779,12.779,1,50,10585,206296.1,100.0,8,10.42
1786083625507,4929,v1,0.0371,0.4487,0.42,2.4637,0.4782,0.01408,0.1384,0.002626,0.611,0,21,90.94,0.669,1,0,17.044,17.044,0,50,10496,329715.5,93.13,16,10.38
1786083627671,4930,v1,0.0352,0.2015,0.2057,1.1663,0.5559,0.02967,0.1057,0.002487,0.665,0,22,48.91,0.858,1,0,13.007,13.007,1,50,9839,222611.5,100.0,13,9.26
1786083630426,4931,v1,0.0697,0.9343,0.306,2.0181,0.3252,0.02996,0.2097,0.003024,0.623,1,34,21.75,0.336,1,778,17.514,16.144,0,50,10975,303951.4,90.66,14,11.76
1786083624112,4932,v1,0.0655,0.5656,0.3949,1.5758,0.271,0.01184,0.18,0.003667,0.718,0,18,35.38,0.562,1,0,12.916,12.916,1,50,9968,220317.8,100.0,13,13.95
1786083625825,4933,v1,0.0478,0.8098,0.3073,1.0616,0.2537,0.0296,0.1529,0.003466,0.594,0,6,71.74,0.864,1,0,4.22,4.22,1,50,9854,69516.1,100.0,4,13.47
1786083629957,4934,v1,0.0183,0.4945,0.2128,1.7524,0.7034,0.02153,0.1446,0.003596,0.711,1,25,96.1,0.328,1,0,0.0,0.0,0,50,10599,607883.6,0.0,-1,13.78
1786083633093,4935,v1,0.0201,0.2253,0.1499,1.9283,0.5861,0.00834,0.0558,0.002459,0.71,1,19,33.47,0.829,1,0,16.243,16.243,1,50,11488,282997.2,100.0,16,15.42
1786083626856,4936,v1,0.0394,0.6266,0.1271,2.3748,0.3877,0.01491,0.1087,0.003611,0.705,0,4,99.9,0.626,1,0,3.0,3.0,0,50,11135,660675.8,0.56,-1,13.13
1786083629573,4937,v1,0.0402,0.807,0.2151,1.1097,0.8809,0.02562,0.1702,0.001711,0.605,1,17,33.59,0.772,1,1773,14.754,11.938,0,50,9520,322578.3,96.87,15,6.02
1786083634688,4938,v1,0.0777,0.6035,0.1072,2.0752,0.1225,0.02178,0.0654,0.00192,0.612,1,9,26.92,0.979,1,11293,8.0,0.0,0,50,11451,706586.5,0.0,-1,7.18
1786083636783,4939,v1,0.0625,0.2622,0.4157,2.4779,0.4974,0.02519,0.1744,0.001214,0.582,1,23,73.43,0.316,1,0,8.297,8.297,1,50,10086,124597.1,100.0,4,4.64
1786083625208,4940,v1,0.0557,0.8782,0.2986,1.1164,0.4923,0.01508,0.1312,0.00367,0.687,0,8,76.07,0.331,1,2516,6.995,5.758,1,50,10445,243006.2,100.0,13,17.64
1786083629602,4941,v1,0.0398,0.4384,0.3595,1.9812,0.2257,0.01073,0.114,0.002775,0.714,0,5,94.99,0.483,1,0,4.0,4.0,0,50,10755,633971.9,0.0,-1,10.54
1786083632383,4942,v1,0.0432,0.2765,0.4076,1.7754,0.7806,0.01279,0.1534,0.003625,0.65,1,22,86.37,0.522,1,0,13.664,13.664,1,50,10384,233365.2,100.0,13,13.46
1786083635165,4943,v1,0.0193,0.2322,0.4275,2.4368,0.7773,0.01202,0.1619,0.001445,0.679,0,30,79.35,0.901,1,0,16.457,16.457,1,50,10870,264238.6,100.0,15,6.71
1786083625959,4944,v1,0.0212,0.2596,0.2962,2.1071,0.1498,0.00664,0.226,0.002386,0.659,0,33,90.06,0.792,1,0,16.256,16.256,1,50,9944,246443.1,100.0,15,8.94
1786083628335,4945,v1,0.0312,0.9204,0.4094,1.8081,0.2403,0.02061,0.0615,0.003709,0.694,0,27,32.57,0.549,1,0,13.872,13.872,1,50,10418,236632.8,100.0,13,14.15
1786083632613,4946,v1,0.0568,0.5111,0.1088,1.6663,0.1568,0.02898,0.1611,0.002262,0.666,0,7,32.05,0.889,1,6848,6.0,3.407,0,50,10717,540812.5,31.84,16,8.72
1786083635155,4947,v1,0.0161,0.6005,0.1272,2.0425,0.2083,0.00778,0.228,0.001505,0.642,0,36,66.6,0.894,1,0,15.273,15.273,1,50,10440,235671.0,100.0,13,5.97
1786083628758,4948,v1,0.058,0.9772,0.1133,1.5959,0.4648,0.03029,0.1249,0.001794,0.651,0,15,60.77,0.932,1,6484,14.0,6.333,0,50,10395,489265.4,32.22,16,6.69
1786083632804,4949,v1,0.0466,0.7386,0.2056,1.8728,0.3984,0.02333,0.1547,0.001897,0.647,1,10,83.9,0.663,1,8591,9.0,1.373,0,50,10288,567726.3,12.85,-1,6.92
1786083636261,4950,v1,0.0375,0.2132,0.3838,1.5038,0.7589,0.01029,0.1963,0.002298,0.671,1,25,91.87,0.888,1,0,16.551,16.551,0,50,10496,439220.6,81.05,19,8.65
1786083639377,4951,v1,0.0546,0.7415,0.3573,1.9084,0.3995,0.01166,0.2213,0.003518,0.69,0,5,93.48,0.489,1,0,4.0,4.0,0,50,9908,445607.7,84.02,18,13.52
1786083631060,4952,v1,0.0456,0.2379,0.4179,2.3591,0.1665,0.02151,0.0699,0.002146,0.625,0,36,62.45,0.609,1,0,19.658,19.658,0,50,10559,376393.1,99.72,16,8.44
1786083633487,4953,v1,0.0311,0.9159,0.2624,1.3347,0.5136,0.02534,0.1173,0.001331,0.618,1,30,69.62,0.944,1,0,12.933,12.933,1,50,10385,206586.0,100.0,9,5.21
1786083636056,4954,v1,0.0519,0.439,0.3301,2.2838,0.4638,0.02495,0.1787,0.002271,0.624,0,30,77.12,0.473,1,0,14.359,14.359,1,50,10012,231299.5,100.0,13,8.26
1786083638656,4955,v1,0.0766,0.6825,0.1804,1.0772,0.8456,0.02671,0.0936,0.001781,0.61,1,27,77.8,0.552,1,0,16.031,16.031,0,50,10043,269484.9,84.94,14,6.94
1786083634378,4956,v1,0.0658,0.895,0.2143,1.6496,0.9434,0.02959,0.073,0.002625,0.711,0,26,98.03,0.797,1,0,17.796,17.796,0,50,10547,324563.1,90.55,16,9.96
1786083636968,4957,v1,0.0657,0.2447,0.1014,1.0437,0.825,0.01766,0.2145,0.002936,0.684,1,7,53.07,0.814,1,9188,6.0,0.0,1,50,9361,264873.9,100.0,18,23.66
1786083640447,4958,v1,0.0273,0.7546,0.4676,1.0801,0.6312,0.02694,0.188,0.001824,0.629,1,7,30.32,0.365,1,5236,6.0,2.772,0,50,9824,451263.3,45.96,15,6.44
1786083644815,4959,v1,0.0199,0.2426,0.4418,2.3254,0.9851,0.00983,0.2115,0.001475,0.654,1,8,79.51,0.55,1,6794,7.0,2.361,0,50,10348,596896.0,0.0,-1,5.6
1786083637135,4960,v1,0.0485,0.3861,0.2255,1.5524,0.1469,0.017,0.0844,0.00325,0.62,1,34,72.33,0.727,1,0,19.774,19.774,0,50,9973,351560.4,96.54,16,12.13
1786083639934,4961,v1,0.0418,0.402,0.1848,1.1049,0.3992,0.03196,0.1285,0.003659,0.705,0,35,97.06,0.493,1,0,19.612,19.612,0,50,10869,345130.5,86.7,16,12.95
1786083642623,4962,v1,0.0274,0.3457,0.3804,2.2292,0.7551,0.00684,0.1673,0.001789,0.596,0,20,62.81,0.335,1,0,18.084,18.084,0,50,10261,331254.5,85.67,17,7.07
1786083646501,4963,v1,0.051,0.9424,0.2313,1.3671,0.6022,0.01602,0.1267,0.002808,0.636,0,15,78.56,0.749,1,4468,14.0,9.233,0,50,11743,470028.6,52.04,16,11.27
1786083640151,4964,v1,0.0773,0.4045,0.3358,1.1521,0.2404,0.02267,0.2423,0.002576,0.718,1,9,46.28,0.956,1,9926,8.0,0.0,0,50,10157,596074.0,0.0,-1,9.89
1786083644307,4965,v1,0.0126,0.3013,0.1636,2.1323,0.1438,0.0074,0.0532,0.003579,0.639,0,4,39.44,0.546,1,3839,3.0,2.636,0,50,10674,633200.5,0.0,-1,13.15
1786083648210,4966,v1,0.0509,0.2564,0.4098,2.4979,0.2945,0.01569,0.1569,0.002965,0.699,1,4,35.86,0.332,1,4250,3.0,1.682,0,50,9766,527500.2,51.31,18,11.08
1786083651574,4967,v1,0.0152,0.4819,0.4324,2.3967,0.2421,0.02534,0.1106,0.002876,0.663,0,30,33.91,0.331,1,0,10.959,10.959,0,50,10542,493422.3,48.75,18,10.22
1786083640082,4968,v1,0.0292,0.8029,0.1076,0.9045,0.7224,0.02464,0.1117,0.002846,0.631,0,14,72.69,0.556,1,4312,13.0,8.557,0,50,11069,458856.6,51.22,16,10.75
1786083642700,4969,v1,0.0727,0.8308,0.286,2.2398,0.5488,0.02189,0.0597,0.002559,0.699,0,35,22.23,0.342,1,376,19.946,19.186,0,50,9639,341286.7,89.07,16,9.92
1786083644943,4970,v1,0.0627,0.5283,0.2377,1.6269,0.1659,0.00712,0.1128,0.00352,0.615,1,19,44.95,0.37,1,0,13.0,13.0,1,50,10144,223919.4,100.0,13,12.99
1786083647265,4971,v1,0.0481,0.7909,0.4045,0.9412,0.8891,0.03079,0.2233,0.003576,0.615,0,17,58.79,0.334,1,0,8.437,8.437,1,50,11370,149048.0,100.0,5,13.68
1786083640379,4972,v1,0.0494,0.3776,0.1265,1.3316,0.6534,0.02435,0.2208,0.003118,0.698,0,36,59.96,0.787,1,0,19.917,19.917,0,50,10341,317405.0,85.42,16,11.88
1786083643259,4973,v1,0.0287,0.5344,0.4488,0.8574,0.6273,0.02352,0.2449,0.002618,0.686,1,13,49.28,0.562,1,8352,12.0,2.26,1,50,10657,291904.9,100.0,20,28.15
1786083647528,4974,v1,0.0425,0.3193,0.3985,1.9028,0.8781,0.01585,0.2067,0.002789,0.697,1,8,98.55,0.783,1,10072,7.0,0.234,0,50,10644,630976.5,2.62,-1,10.83
1786083649914,4975,v1,0.0753,0.8865,0.4737,2.4014,0.2263,0.01538,0.1434,0.003113,0.605,1,31,51.41,0.925,1,0,12.022,12.022,1,50,10829,183909.7,100.0,4,11.15
1786083643566,4976,v1,0.0507,0.5075,0.2807,2.2155,0.6681,0.0052,0.2004,0.001727,0.688,0,18,34.11,0.771,1,4742,17.0,9.861,0,50,10258,557679.5,39.9,19,6.45
1786083646472,4977,v1,0.0161,0.8055,0.4229,1.8993,0.5278,0.01726,0.1673,0.003378,0.617,1,34,61.22,0.601,1,1253,20.373,17.554,0,50,10067,352295.7,85.56,17,12.36
1786083648851,4978,v1,0.0789,0.8593,0.4301,2.3281,0.1112,0.02748,0.1562,0.002855,0.595,1,13,90.55,0.618,1,1070,8.072,6.841,1,50,10756,156822.4,100.0,4,10.56
1786083652081,4979,v1,0.0611,0.8059,0.1605,2.2221,0.6277,0.01326,0.2246,0.003738,0.717,0,13,28.18,0.341,1,2538,12.0,9.465,0,50,10463,530360.0,57.75,18,14.01
1786083643934,4980,v1,0.0105,0.7841,0.2542,2.2407,0.5163,0.01759,0.1625,0.001496,0.675,0,32,60.37,0.52,1,0,0.0,0.0,0,50,9596,561615.9,0.0,-1,5.69
1786083647929,4981,v1,0.02,0.8109,0.3568,2.3235,0.9132,0.02784,0.0562,0.002388,0.68,0,15,75.19,0.571,1,3584,14.0,9.442,0,50,9793,542657.8,25.16,19,9.62
1786083650472,4982,v1,0.0656,0.5013,0.4322,1.7496,0.6503,0.02645,0.1432,0.001618,0.688,1,28,46.92,0.477,1,1137,14.02,12.497,1,50,10825,241947.3,100.0,13,6.38
1786083653005,4983,v1,0.035,0.3754,0.4897,1.9505,0.6617,0.01468,0.186,0.001523,0.597,1,31,87.79,0.782,1,0,18.05,18.05,0,50,10720,322604.8,96.96,16,5.9
1786083648583,4984,v1,0.0769,0.5774,0.142,1.8492,0.6408,0.03047,0.0699,0.003067,0.678,1,19,64.28,0.399,1,799,15.742,14.505,0,50,10627,338578.2,89.08,15,11.59
1786083651181,4985,v1,0.0128,0.294,0.4308,1.4275,0.9403,0.01585,0.0781,0.002179,0.664,1,15,57.91,0.77,1,5788,14.0,5.874,1,50,10276,270104.7,100.0,14,61.65
1786083654341,4986,v1,0.0311,0.3241,0.4795,1.6612,0.5682,0.01776,0.1129,0.001818,0.713,0,18,60.44,0.518,1,2440,17.0,13.007,0,50,9468,569892.4,8.28,-1,7.0
1786083656390,4987,v1,0.0768,0.8953,0.3936,1.8511,0.4801,0.02103,0.1151,0.003398,0.666,1,12,64.52,0.677,1,4353,9.096,4.332,1,50,10448,207291.6,100.0,6,13.0
1786083651310,4988,v1,0.0634,0.6623,0.3779,2.2387,0.9163,0.01111,0.0935,0.002982,0.695,0,14,20.52,0.663,1,4150,13.0,8.904,0,50,11618,531987.4,56.64,17,11.21
1786083653486,4989,v1,0.0677,0.7721,0.1182,2.1396,0.808,0.01463,0.1319,0.001609,0.69,0,29,96.86,0.715,1,0,14.184,14.184,1,50,10900,240134.1,100.0,13,6.39
1786083656816,4990,v1,0.0434,0.4966,0.4356,2.3846,0.9113,0.01154,0.0707,0.001792,0.653,1,11,31.94,0.972,1,10210,10.0,0.0,0,50,10383,582853.2,0.0,-1,6.76
1786083659180,4991,v1,0.028,0.6012,0.2275,2.207,0.9552,0.0177,0.1621,0.002374,0.613,1,13,74.67,0.973,1,9297,12.0,0.0,0,50,9578,580456.6,0.0,-1,8.85
1786083651905,4992,v1,0.0338,0.5678,0.2272,2.3343,0.8568,0.01302,0.1632,0.001357,0.663,1,8,67.4,0.439,1,5478,7.0,3.216,0,50,10220,578859.9,27.06,19,5.25
1786083654425,4993,v1,0.0332,0.7675,0.4007,1.7159,0.3357,0.01972,0.2119,0.00256,0.649,1,27,26.42,0.697,1,1489,18.511,15.695,0,50,10341,394098.3,85.87,17,8.96
1786083657092,4994,v1,0.0249,0.2564,0.4347,2.0332,0.8326,0.00476,0.0816,0.00362,0.603,0,13,23.5,0.491,1,2832,12.0,9.002,0,50,9865,477601.8,53.25,19,13.36
1786083659221,4995,v1,0.0177,0.9518,0.1575,2.3816,0.1808,0.02166,0.1453,0.002485,0.631,0,14,58.98,0.936,1,6478,13.0,4.807,0,50,9000,489834.6,18.01,-1,9.7
1786083653079,4996,v1,0.0427,0.4963,0.3023,0.9023,0.7864,0.0262,0.0839,0.002734,0.646,1,23,84.33,0.667,1,0,16.353,16.353,0,50,9898,286503.8,87.91,15,10.43
1786083655229,4997,v1,0.0579,0.9751,0.2028,0.9203,0.9444,0.02961,0.1306,0.001839,0.7,0,23,33.61,0.874,1,0,16.961,16.961,0,50,10306,319665.7,85.27,16,6.68
1786083657057,4998,v1,0.0539,0.4764,0.1484,1.0707,0.2904,0.00525,0.1371,0.003494,0.658,0,25,83.84,0.417,1,0,13.432,13.432,1,50,9566,209179.4,100.0,13,13.19
1786083658374,4999,v1,0.0708,0.3387,0.1942,2.3058,0.969,0.03133,0.1242,0.00282,0.592,1,28,47.15,0.678,1,1305,10.69,9.209,1,50,10051,150673.7,100.0,5,10.83
