timestamp,universe_id,model_version,w1_energy,w2_drought,w3_rebellion,w4_policy,w5_social,despair_rate,rebellion_sentence_weight,natural_death_rate_quarterly,threshold,intervention_type,intervention_quarter,intervention_threshold,intervention_coverage,intervention_applied,n_promoted,mean_despair_pre,mean_despair_post,drought_enabled,n_voyages_sampled,n_agents,total_gdp,peak_mutiny,collapse_quarter,final_mortality
1786433037107,0,v1,0.0791,0.492,0.2388,2.3005,0.1292,0.032,0.1696,0.001318,0.719,0,6,94.51,0.951,1,0,5.0,5.0,0,30,5922,240064.9,87.71,16,5.25
1786433038510,1,v1,0.0429,0.8219,0.4642,1.0514,0.3946,0.032,0.1841,0.002494,0.703,0,35,28.67,0.498,1,0,18.937,18.937,0,30,5409,155169.3,84.41,16,9.95
1786433039743,2,v1,0.0553,0.8835,0.1699,1.0528,0.5046,0.032,0.1433,0.001619,0.636,1,24,80.45,0.457,1,0,15.76,15.76,0,30,5934,158561.4,89.56,14,6.66
1786433041577,3,v1,0.0539,0.3624,0.1703,1.9435,0.4485,0.032,0.2265,0.003455,0.683,0,4,92.7,0.667,1,0,3.0,3.0,0,30,6384,196679.7,87.54,16,12.84
1786433043255,4,v1,0.0779,0.6227,0.4887,1.6781,0.765,0.032,0.1271,0.00335,0.648,1,31,88.82,0.434,1,0,17.108,17.108,0,30,7479,198350.5,94.29,14,13.57
1786433045323,5,v1,0.0568,0.5767,0.4486,1.1518,0.9813,0.032,0.1966,0.001774,0.681,0,14,47.04,0.73,1,2381,13.0,8.189,0,30,5576,227445.9,49.02,15,7.07
1786433047716,6,v1,0.075,0.9047,0.2774,2.3536,0.3212,0.032,0.0641,0.003634,0.643,0,10,60.92,0.513,1,2338,9.0,6.216,0,30,6059,246497.3,57.45,15,13.19
1786433038020,7,v1,0.032,0.8727,0.3392,2.117,0.2201,0.032,0.1084,0.001752,0.598,1,12,72.98,0.452,1,3136,11.0,5.35,0,30,6219,282157.5,41.16,14,6.88
1786433039415,8,v1,0.0228,0.3563,0.4075,1.6376,0.751,0.032,0.1108,0.003664,0.712,0,20,42.33,0.805,1,646,18.683,16.862,0,30,6453,248056.3,73.21,18,13.16
1786433041188,9,v1,0.0428,0.3407,0.3795,2.1207,0.3449,0.032,0.1875,0.001599,0.614,0,26,77.12,0.786,1,0,16.338,16.338,0,30,6317,164058.6,95.65,14,6.98
1786433043240,10,v1,0.0793,0.4952,0.2507,1.9386,0.4274,0.032,0.133,0.003183,0.703,1,9,63.49,0.762,1,5796,8.0,0.231,0,30,6132,356375.0,2.8,-1,12.54
1786433045024,11,v1,0.0269,0.486,0.4206,0.8444,0.624,0.032,0.2047,0.003517,0.67,1,34,63.67,0.76,1,0,18.697,18.697,0,30,5901,173999.2,84.76,16,13.22
1786433046976,12,v1,0.0145,0.5282,0.2967,1.0936,0.9528,0.032,0.0525,0.002585,0.67,1,33,69.9,0.929,1,0,19.823,19.823,0,30,6232,203040.8,84.67,17,9.55
1786433048998,13,v1,0.0288,0.8305,0.4447,0.9981,0.2076,0.032,0.1332,0.002414,0.632,1,25,72.46,0.9,1,0,15.735,15.735,0,30,6309,166089.0,86.47,14,9.42
1786433038392,14,v1,0.018,0.3782,0.2992,1.5659,0.5929,0.032,0.164,0.002299,0.582,0,9,80.91,0.432,1,1812,8.0,6.129,0,30,5932,201027.8,61.31,12,9.05
1786433039471,15,v1,0.0582,0.4512,0.2104,1.4308,0.4375,0.032,0.1376,0.001572,0.676,1,31,78.55,0.939,1,0,17.877,17.877,0,30,6182,181965.6,92.4,15,5.92
1786433040920,16,v1,0.0369,0.7667,0.1693,0.8618,0.4672,0.032,0.2444,0.001248,0.592,1,33,30.5,0.581,1,793,15.414,13.294,0,30,5915,151461.5,90.86,11,4.9
1786433042412,17,v1,0.0175,0.8005,0.3444,1.314,0.9983,0.032,0.0626,0.003216,0.633,0,23,48.54,0.503,1,0,16.307,16.307,0,30,5763,159554.7,86.58,15,11.19
1786433044993,18,v1,0.0167,0.7569,0.3964,2.2385,0.2851,0.032,0.0824,0.003723,0.608,1,10,91.58,0.656,1,5594,9.0,0.674,0,30,6237,334572.1,6.86,-1,13.68
1786433048338,19,v1,0.0431,0.3373,0.1867,1.471,0.5853,0.032,0.2204,0.001995,0.681,1,11,21.31,0.717,1,6613,10.0,0.0,0,30,6742,401763.6,0.0,-1,7.46
1786433049724,20,v1,0.0441,0.5251,0.2851,2.2016,0.4959,0.032,0.067,0.002613,0.618,0,29,44.26,0.711,1,0,16.922,16.922,0,30,5972,169637.1,84.39,14,9.23
1786433039227,21,v1,0.0522,0.7505,0.3714,2.3813,0.8402,0.032,0.1154,0.002333,0.719,1,12,58.44,0.795,1,5378,11.0,0.02,0,30,5548,335890.7,0.19,-1,9.53
1786433040799,22,v1,0.0436,0.3615,0.278,1.162,0.7425,0.032,0.1363,0.003286,0.611,0,17,62.61,0.796,1,0,14.067,14.067,0,30,6421,163157.3,84.96,13,11.68
1786433042408,23,v1,0.0567,0.8216,0.3104,1.6068,0.2065,0.032,0.0908,0.002973,0.662,1,26,66.48,0.704,1,913,16.833,14.247,0,30,6369,212085.9,88.0,15,11.27
1786433044462,24,v1,0.0456,0.5016,0.4034,0.9629,0.3924,0.032,0.1743,0.001611,0.614,1,14,96.38,0.954,1,2645,12.78,7.18,0,30,6281,261878.1,52.63,12,6.58
1786433046397,25,v1,0.061,0.424,0.3556,0.807,0.5183,0.032,0.2278,0.001521,0.667,1,24,24.15,0.75,1,948,16.21,13.523,0,30,5839,190072.0,100.0,15,5.39
1786433049065,26,v1,0.0417,0.6058,0.4496,1.2467,0.3188,0.032,0.2036,0.003285,0.615,0,13,64.52,0.644,1,2256,11.883,8.224,0,30,6427,247801.4,58.68,13,13.19
1786433050579,27,v1,0.039,0.5614,0.1923,2.3479,0.6833,0.032,0.212,0.003462,0.69,0,25,98.78,0.751,1,0,18.509,18.509,0,30,6206,200293.2,90.99,17,12.07
1786433039367,28,v1,0.0323,0.4156,0.3485,1.4633,0.8661,0.032,0.1102,0.00297,0.71,0,26,92.52,0.55,1,0,18.709,18.709,0,30,6366,197749.1,90.16,17,10.12
1786433041503,29,v1,0.0105,0.7484,0.3284,1.9597,0.1592,0.032,0.0955,0.001824,0.613,0,4,54.36,0.851,1,3253,3.0,2.473,0,30,6211,287374.8,39.84,15,7.36
1786433042769,30,v1,0.0414,0.5938,0.2391,1.4719,0.5964,0.032,0.1747,0.001223,0.679,0,18,49.92,0.606,1,0,16.294,16.294,0,30,5462,170078.4,85.46,16,5.0
1786433045040,31,v1,0.0663,0.3537,0.4127,1.6169,0.7308,0.032,0.1856,0.003324,0.619,0,15,45.73,0.371,1,335,13.992,13.439,0,30,7640,201448.4,80.37,14,12.79
1786433046745,32,v1,0.0422,0.6113,0.4897,1.1165,0.8306,0.032,0.1384,0.003218,0.615,0,21,86.08,0.605,1,0,13.559,13.559,0,30,5957,137233.2,84.33,12,11.9
1786433049092,33,v1,0.0494,0.6,0.4704,1.7749,0.3737,0.032,0.0665,0.002403,0.7,1,20,81.17,0.87,1,0,16.556,16.556,0,30,6560,197055.6,85.11,16,8.73
1786433050478,34,v1,0.0523,0.5178,0.3127,0.9627,0.8762,0.032,0.1078,0.003715,0.662,0,32,82.63,0.922,1,0,17.471,17.471,0,30,6020,167667.6,98.77,15,14.3
1786433039620,35,v1,0.0491,0.6699,0.1248,2.2237,0.7576,0.032,0.1185,0.001415,0.639,1,17,45.37,0.852,1,474,15.597,14.391,0,30,6026,184416.3,91.96,15,5.41
1786433041304,36,v1,0.0344,0.6403,0.2031,1.4839,0.8968,0.032,0.1108,0.002763,0.607,0,19,79.56,0.99,1,0,14.991,14.991,0,30,5940,162701.3,91.08,14,10.45
1786433042584,37,v1,0.076,0.7421,0.3762,1.7388,0.3801,0.032,0.0844,0.003544,0.622,0,36,20.05,0.747,1,329,17.443,16.45,0,30,5786,155310.7,86.59,14,12.7
1786433045341,38,v1,0.0117,0.3329,0.2686,2.1036,0.1083,0.032,0.0999,0.002812,0.628,1,16,60.18,0.891,1,6455,15.0,0.069,0,30,6787,388013.9,0.44,-1,11.02
1786433047520,39,v1,0.0673,0.8096,0.4383,2.2114,0.7228,0.032,0.1752,0.001992,0.651,0,16,21.31,0.674,1,76,15.0,14.841,0,30,6384,187153.0,97.71,15,7.11
1786433050107,40,v1,0.0223,0.2461,0.2738,1.4197,0.6269,0.032,0.2473,0.001317,0.706,1,10,41.04,0.659,1,6243,9.0,0.146,0,30,6406,389533.1,1.09,-1,5.15
1786433052068,41,v1,0.0483,0.3514,0.3054,1.972,0.1351,0.032,0.0691,0.002394,0.688,0,20,31.38,0.352,1,0,16.721,16.721,0,30,5773,211706.9,88.75,16,9.37
1786433040396,42,v1,0.0214,0.4103,0.1792,1.1102,0.1343,0.032,0.1038,0.002032,0.641,0,10,65.46,0.704,1,2693,9.0,5.619,0,30,5675,251546.1,48.17,16,7.96
1786433042114,43,v1,0.0744,0.5276,0.1603,1.4534,0.471,0.032,0.0635,0.00181,0.61,0,21,89.85,0.526,1,0,14.909,14.909,0,30,6146,164422.7,92.71,14,6.23
1786433043293,44,v1,0.0301,0.5208,0.1647,1.7736,0.9575,0.032,0.1597,0.002091,0.586,0,36,35.03,0.556,1,0,17.428,17.428,0,30,6019,160180.7,84.53,14,8.26
1786433046022,45,v1,0.0361,0.6815,0.4336,1.2606,0.2072,0.032,0.2387,0.001399,0.67,1,5,47.47,0.463,1,3550,4.0,1.515,0,30,5758,284609.6,36.02,16,5.47
1786433047481,46,v1,0.0663,0.5047,0.1369,1.2463,0.7532,0.032,0.1556,0.003316,0.604,1,25,90.85,0.766,1,0,15.455,15.455,0,30,5645,150286.5,98.11,14,12.44
1786433049767,47,v1,0.0282,0.6455,0.2207,1.4084,0.5376,0.032,0.091,0.001788,0.592,1,6,48.26,0.643,1,4633,5.0,0.777,0,30,5532,292702.5,13.91,-1,7.43
1786433051665,48,v1,0.0741,0.6271,0.1015,1.2092,0.2673,0.032,0.1341,0.00298,0.682,1,30,50.71,0.757,1,978,17.477,14.434,0,30,6045,206226.8,86.97,15,10.84
1786433040808,49,v1,0.0168,0.7986,0.4076,1.5176,0.8279,0.032,0.0739,0.002914,0.621,1,17,91.73,0.667,1,0,14.598,14.598,0,30,6642,167556.1,90.49,14,10.87
1786433042573,50,v1,0.0376,0.8114,0.2941,2.1853,0.655,0.032,0.1209,0.003047,0.717,0,34,36.12,0.612,1,0,19.765,19.765,0,30,6629,216886.0,85.18,17,10.98
1786433044472,51,v1,0.0572,0.5302,0.468,2.3653,0.7476,0.032,0.1659,0.002743,0.622,0,17,97.04,0.786,1,0,14.84,14.84,0,30,6424,179642.5,95.87,14,10.31
1786433046336,52,v1,0.0546,0.7076,0.2265,2.2219,0.7114,0.032,0.2396,0.002401,0.681,1,25,25.66,0.708,1,837,17.414,14.71,0,30,5655,197768.6,85.75,16,8.82
1786433048272,53,v1,0.0209,0.6849,0.2936,1.7976,0.9255,0.032,0.1802,0.002881,0.703,0,23,80.95,0.709,1,0,18.659,18.659,0,30,5092,181299.0,93.48,19,10.17
1786433049689,54,v1,0.0752,0.7156,0.423,1.8261,0.6998,0.032,0.1641,0.002512,0.706,0,35,39.55,0.633,1,0,18.626,18.626,0,30,5813,171554.8,94.92,15,9.34
1786433051326,55,v1,0.0246,0.8119,0.3072,2.0785,0.6371,0.032,0.2496,0.002851,0.599,0,8,91.04,0.792,1,0,7.0,7.0,0,30,5803,161215.0,85.98,14,10.36
1786433050096,56,v1,0.0339,0.4147,0.1149,1.7704,0.1532,0.032,0.1751,0.003108,0.677,1,26,65.45,0.626,1,1077,18.374,14.717,0,30,5795,223283.7,92.89,16,11.63
1786433051941,57,v1,0.0587,0.8582,0.2277,1.5614,0.14,0.032,0.1274,0.00284,0.691,0,20,81.17,0.319,1,0,16.176,16.176,0,30,5495,192793.9,93.28,15,10.61
1786433053838,58,v1,0.0795,0.8015,0.2483,1.7969,0.9255,0.032,0.1135,0.003268,0.668,0,15,53.03,0.528,1,2320,14.0,9.703,0,30,6778,248698.0,59.61,15,12.39
1786433056293,59,v1,0.0326,0.5391,0.2773,1.3048,0.1638,0.032,0.2398,0.001347,0.719,1,12,28.59,0.633,1,5013,11.0,0.901,0,30,5529,330040.9,7.41,-1,4.87
1786433059581,60,v1,0.0279,0.9892,0.4183,2.2844,0.3766,0.032,0.1328,0.00292,0.592,1,10,55.95,0.659,1,4617,9.0,2.016,0,30,6129,305057.7,20.83,14,11.39
1786433061937,61,v1,0.0715,0.8874,0.1283,0.8039,0.3999,0.032,0.0564,0.001962,0.678,1,21,93.67,0.961,1,0,15.797,15.797,0,30,6588,182946.1,87.56,15,7.7
1786433064263,62,v1,0.0191,0.5232,0.4272,2.1612,0.4014,0.032,0.1618,0.001664,0.664,1,10,24.79,0.436,1,3290,9.0,4.545,0,30,6735,309846.4,42.94,17,6.03
1786433051531,63,v1,0.0226,0.5692,0.2654,1.8316,0.6046,0.032,0.203,0.003449,0.599,0,9,31.03,0.616,1,2055,8.0,5.809,0,30,5797,223695.8,57.14,14,13.4
1786433052997,64,v1,0.0601,0.7154,0.2072,2.41,0.2779,0.032,0.1455,0.002949,0.645,1,35,78.96,0.664,1,0,18.322,18.322,0,30,6126,176533.8,87.55,15,11.43
1786433054709,65,v1,0.0318,0.2759,0.3629,1.6076,0.2556,0.032,0.102,0.001672,0.645,0,35,35.66,0.613,1,0,18.416,18.416,0,30,6201,169303.9,88.64,15,6.39
1786433057540,66,v1,0.0295,0.4163,0.1357,1.933,0.8707,0.032,0.0746,0.003019,0.612,1,7,48.25,0.853,1,6336,6.0,0.0,0,30,6457,353247.8,0.0,-1,11.09
1786433060941,67,v1,0.0466,0.6091,0.2646,2.4446,0.8518,0.032,0.0517,0.002128,0.609,1,8,67.62,0.932,1,5366,7.0,0.0,0,30,5440,325690.3,0.0,-1,8.79
1786433063137,68,v1,0.0666,0.3427,0.2877,1.4323,0.4077,0.032,0.1184,0.003657,0.675,0,14,77.94,0.501,1,2530,13.0,8.675,0,30,6759,262847.9,52.66,15,13.8
1786433065398,69,v1,0.0417,0.5666,0.4631,1.1762,0.1524,0.032,0.1089,0.001237,0.619,0,8,93.85,0.403,1,0,7.0,7.0,0,30,6511,168363.7,95.97,14,4.61
1786433052365,70,v1,0.0535,0.9525,0.3755,1.8536,0.9088,0.032,0.0763,0.002079,0.638,0,8,83.13,0.664,1,0,7.0,7.0,0,30,7023,199529.2,98.72,15,8.14
1786433053804,71,v1,0.0496,0.9422,0.278,2.4063,0.3989,0.032,0.127,0.003547,0.582,1,35,72.79,0.929,1,0,16.56,16.56,0,30,6072,152292.5,88.64,13,13.69
1786433055600,72,v1,0.0574,0.4011,0.3015,2.2436,0.2981,0.032,0.2049,0.001436,0.623,0,24,77.79,0.509,1,0,15.989,15.989,0,30,5690,156446.8,95.17,14,5.76
1786433058673,73,v1,0.0296,0.4611,0.2566,2.3428,0.5807,0.032,0.1466,0.002136,0.682,1,16,67.79,0.997,1,6680,15.0,0.0,0,30,6896,387134.3,0.0,-1,7.93
1786433061278,74,v1,0.0268,0.3221,0.1075,1.5199,0.2306,0.032,0.1074,0.001487,0.667,0,29,83.49,0.805,1,0,18.833,18.833,0,30,6184,192655.9,88.21,16,5.64
1786433062933,75,v1,0.0679,0.269,0.1444,1.4792,0.926,0.032,0.2191,0.002955,0.601,0,6,86.24,0.747,1,0,5.0,5.0,0,30,6450,174567.3,98.99,14,11.18
1786433065166,76,v1,0.0735,0.5598,0.2701,2.4407,0.6929,0.032,0.1002,0.001529,0.63,0,8,78.93,0.392,1,0,7.0,7.0,0,30,6132,178343.0,99.8,15,6.1
1786433052627,77,v1,0.0351,0.4614,0.2501,1.2456,0.4258,0.032,0.1529,0.003063,0.652,1,17,38.69,0.386,1,208,15.65,15.047,0,30,5465,170724.6,92.97,15,12.02
1786433054424,78,v1,0.0257,0.4403,0.3379,2.3449,0.8894,0.032,0.098,0.003373,0.667,0,5,83.49,0.788,1,0,4.0,4.0,0,30,6428,205436.4,84.31,16,13.01
1786433056619,79,v1,0.0135,0.3504,0.3713,2.3655,0.125,0.032,0.1978,0.003537,0.682,1,11,21.11,0.703,1,5503,10.0,0.779,0,30,6201,345381.2,4.87,-1,13.29
1786433059593,80,v1,0.0584,0.4819,0.4175,2.3269,0.4263,0.032,0.0515,0.002272,0.611,0,9,70.92,0.748,1,2308,8.0,5.619,0,30,5930,243324.1,52.41,14,8.48
1786433061879,81,v1,0.05,0.7401,0.2852,2.3909,0.4729,0.032,0.1351,0.002204,0.64,0,23,92.01,0.526,1,0,16.358,16.358,0,30,6319,179239.7,88.02,15,8.5
1786433063198,82,v1,0.0287,0.3886,0.3485,2.2701,0.1782,0.032,0.0936,0.001729,0.584,1,15,68.67,0.676,1,42,13.822,13.72,0,30,5903,156241.6,96.09,14,6.59
1786433065807,83,v1,0.0132,0.7054,0.315,1.2739,0.1394,0.032,0.1276,0.003626,0.635,0,5,56.43,0.69,1,2123,4.0,3.257,0,30,5793,219594.8,54.1,15,13.62
1786433053687,84,v1,0.0715,0.694,0.1162,1.3495,0.2995,0.032,0.1678,0.002195,0.644,0,33,25.94,0.6,1,411,17.679,16.641,0,30,6653,197088.8,100.0,15,8.28
1786433056391,85,v1,0.0302,0.5255,0.1719,2.1031,0.3019,0.032,0.2326,0.003546,0.691,1,12,87.02,0.607,1,4310,11.0,3.549,0,30,6609,359226.0,27.37,18,12.24
1786433059523,86,v1,0.0128,0.3262,0.425,0.9056,0.3585,0.032,0.074,0.003156,0.717,0,22,87.1,0.729,1,0,4.742,4.742,0,30,6324,331839.9,24.57,19,12.14
1786433061529,87,v1,0.0484,0.6936,0.4254,0.9461,0.4003,0.032,0.0762,0.003397,0.58,0,22,30.76,0.416,1,0,10.824,10.824,0,30,5774,97084.4,86.04,8,11.85
1786433063135,88,v1,0.0492,0.3876,0.4357,2.4042,0.2319,0.032,0.1806,0.001838,0.646,1,26,63.17,0.826,1,0,16.593,16.593,0,30,6583,186995.7,92.19,15,7.03
1786433065332,89,v1,0.0501,0.8614,0.3957,2.3946,0.4245,0.032,0.0527,0.001727,0.592,1,16,73.74,0.728,1,0,13.996,13.996,0,30,6752,170569.0,87.25,14,6.56
1786433067513,90,v1,0.0137,0.4717,0.1679,2.1094,0.2552,0.032,0.1957,0.001418,0.705,1,29,80.33,0.875,1,0,0.0,0.0,0,30,5830,350508.0,0.0,-1,5.61
1786433054290,91,v1,0.0541,0.909,0.3765,1.4488,0.479,0.032,0.2432,0.002633,0.619,1,22,96.05,0.761,1,0,14.849,14.849,0,30,6173,161163.0,84.52,13,10.22
1786433056156,92,v1,0.0168,0.6765,0.3052,0.8723,0.9012,0.032,0.0573,0.003737,0.661,1,9,49.6,0.393,1,2586,8.0,4.018,0,30,5369,236839.1,45.49,16,14.16
1786433058035,93,v1,0.0142,0.671,0.321,2.188,0.2232,0.032,0.166,0.003322,0.607,1,27,51.63,0.97,1,996,16.828,14.015,0,30,6411,208916.9,89.09,14,12.38
1786433060515,94,v1,0.0574,0.8222,0.2405,1.8591,0.4011,0.032,0.2024,0.003325,0.622,1,22,31.76,0.593,1,723,15.441,13.54,0,30,6253,189685.8,90.71,14,11.69
1786433063542,95,v1,0.037,0.9968,0.2785,1.6537,0.9442,0.032,0.1305,0.003757,0.628,1,10,33.78,0.75,1,6034,9.0,0.666,0,30,6744,366295.0,7.03,-1,14.06
1786433065623,96,v1,0.0484,0.5653,0.4847,2.1255,0.7451,0.032,0.2132,0.002037,0.6,0,31,84.5,0.923,1,0,16.182,16.182,0,30,5864,150017.0,92.66,13,7.61
1786433068622,97,v1,0.0763,0.6029,0.3483,1.1538,0.7079,0.032,0.2227,0.00134,0.681,1,11,38.51,0.797,1,6493,10.0,0.0,0,30,6577,391220.6,1.55,-1,5.17
1786433055343,98,v1,0.0514,0.387,0.2008,1.8818,0.7464,0.032,0.1783,0.003611,0.616,1,35,39.21,0.638,1,787,17.911,15.418,0,30,6394,185756.6,97.64,15,14.33
1786433057869,99,v1,0.0541,0.6676,0.1593,1.5314,0.9316,0.032,0.1441,0.001423,0.606,1,5,53.98,0.924,1,6067,4.0,0.0,0,30,6112,359216.2,0.0,-1,5.48
1786433061379,100,v1,0.0546,0.3765,0.1291,2.3806,0.3258,0.032,0.2305,0.001306,0.695,0,10,30.43,0.856,1,3259,9.0,4.971,0,30,5742,295047.6,38.88,17,5.1
1786433063052,101,v1,0.0578,0.7463,0.3546,1.9332,0.5631,0.032,0.0549,0.002221,0.61,0,24,77.74,0.946,1,0,15.449,15.449,0,30,6444,170986.9,90.9,14,8.81
1786433065329,102,v1,0.0532,0.4654,0.1787,1.9919,0.3728,0.032,0.2207,0.003752,0.632,0,20,68.45,0.828,1,0,15.702,15.702,0,30,6130,174577.8,85.54,15,14.57
1786433066532,103,v1,0.0575,0.7153,0.4934,0.8918,0.7195,0.032,0.1313,0.002483,0.63,0,21,59.5,0.502,1,0,14.504,14.504,0,30,5880,144134.4,94.14,13,9.0
1786433069377,104,v1,0.0271,0.9635,0.4269,1.8283,0.8407,0.032,0.1653,0.003763,0.645,1,6,89.5,0.324,1,2550,5.0,2.984,0,30,6447,254327.8,50.47,15,14.18
1786433055809,105,v1,0.0683,0.7268,0.1256,0.9986,0.6583,0.032,0.1,0.003498,0.647,1,21,96.26,0.442,1,0,15.542,15.542,0,30,6407,175197.3,96.51,15,12.85
1786433057620,106,v1,0.0475,0.4075,0.3377,2.1457,0.6627,0.032,0.1246,0.002281,0.7,0,30,66.43,0.769,1,0,18.638,18.638,0,30,6813,217094.7,90.1,16,9.04
1786433060439,107,v1,0.0571,0.8296,0.3882,2.2692,0.5353,0.032,0.2121,0.003711,0.657,0,9,27.14,0.407,1,1702,8.0,6.3,0,30,6183,231535.9,60.5,15,13.75
1786433063237,108,v1,0.0431,0.3531,0.3845,1.0168,0.5148,0.032,0.2258,0.00323,0.696,1,14,74.81,0.627,1,5264,13.0,1.555,0,30,6199,345122.1,10.1,-1,11.52
1786433065399,109,v1,0.0445,0.6143,0.3621,1.2868,0.6899,0.032,0.1712,0.002843,0.649,0,26,38.57,0.548,1,0,16.526,16.526,0,30,5853,160869.8,100.0,15,10.76
1786433067360,110,v1,0.0795,0.4784,0.1846,1.122,0.198,0.032,0.2142,0.001396,0.666,0,9,55.9,0.737,1,3315,8.0,4.741,0,30,6171,286855.5,45.71,15,5.1
1786433069824,111,v1,0.0101,0.851,0.1663,1.0133,0.299,0.032,0.0606,0.00329,0.633,0,16,35.43,0.511,1,2041,15.0,10.636,0,30,6377,262941.9,57.34,16,12.51
1786433067403,112,v1,0.0644,0.7985,0.3589,1.4367,0.7459,0.032,0.0654,0.0021,0.593,1,24,47.03,0.482,1,613,13.939,12.611,0,30,6716,174464.1,83.65,12,8.31
1786433069349,113,v1,0.0415,0.2205,0.2912,2.2104,0.239,0.032,0.091,0.001886,0.639,0,19,74.25,0.854,1,0,15.907,15.907,0,30,6087,183738.7,93.1,15,6.34
1786433071601,114,v1,0.0714,0.6032,0.3636,2.0693,0.634,0.032,0.0824,0.003631,0.583,1,33,47.84,0.38,1,614,16.24,14.772,0,30,7597,184173.1,90.33,13,14.03
1786433073177,115,v1,0.0528,0.2561,0.1376,1.8667,0.8283,0.032,0.1571,0.00313,0.7,1,28,28.56,0.914,1,971,18.093,15.075,0,30,6278,209274.0,89.49,16,11.87
1786433074850,116,v1,0.0283,0.6804,0.2743,1.7898,0.5395,0.032,0.2305,0.002262,0.613,1,18,94.12,0.411,1,0,14.956,14.956,0,30,6686,185731.2,93.93,14,8.5
1786433076323,117,v1,0.0458,0.7812,0.1139,2.3535,0.7149,0.032,0.083,0.002633,0.591,1,16,21.64,0.725,1,434,14.486,13.449,0,30,5943,180112.0,92.41,14,9.96
1786433078724,118,v1,0.0593,0.8165,0.395,2.2275,0.9078,0.032,0.1167,0.0022,0.604,0,14,23.44,0.855,1,3155,13.0,7.093,0,30,6062,261504.9,39.78,14,8.96
1786433068003,119,v1,0.0534,0.9061,0.2269,2.1654,0.6501,0.032,0.2278,0.003458,0.592,0,31,82.0,0.701,1,0,16.73,16.73,0,30,6769,180428.1,86.16,14,12.78
1786433071127,120,v1,0.0382,0.7297,0.1632,2.1496,0.5796,0.032,0.1196,0.003691,0.626,1,4,38.62,0.737,1,6404,3.0,0.0,0,30,6469,369609.9,0.0,-1,13.57
1786433073002,121,v1,0.0522,0.8357,0.2669,1.3639,0.2926,0.032,0.1935,0.00124,0.707,1,31,28.07,0.758,1,941,18.748,15.797,0,30,6115,229874.8,85.21,16,4.79
1786433075032,122,v1,0.0498,0.702,0.3116,1.8161,0.7796,0.032,0.1662,0.003655,0.667,0,6,29.4,0.777,1,2869,5.0,3.453,0,30,5687,242581.6,46.29,16,13.93
1786433077396,123,v1,0.0621,0.2654,0.219,2.4057,0.5193,0.032,0.1929,0.002691,0.667,1,4,79.53,0.84,1,6010,3.0,0.086,0,30,6243,352009.1,2.71,-1,9.92
1786433079410,124,v1,0.0739,0.4481,0.4796,1.2012,0.361,0.032,0.1659,0.003735,0.684,0,17,30.62,0.474,1,0,15.172,15.172,0,30,6306,181069.2,84.58,15,14.29
1786433081014,125,v1,0.0456,0.8806,0.3204,1.6658,0.9243,0.032,0.2448,0.002621,0.612,1,18,57.69,0.714,1,0,14.475,14.475,0,30,5827,160823.9,86.1,14,9.94
1786433069052,126,v1,0.0498,0.2187,0.3626,1.9181,0.754,0.032,0.0658,0.003491,0.647,0,13,73.39,0.803,1,3056,12.0,6.266,0,30,5565,250382.3,40.27,15,12.92
1786433071538,127,v1,0.0502,0.637,0.1802,1.372,0.1354,0.032,0.0686,0.001552,0.591,1,4,75.45,0.418,1,3012,3.0,1.406,0,30,5693,252198.7,42.69,14,6.06
1786433073191,128,v1,0.0397,0.3592,0.4764,1.7755,0.2556,0.032,0.0529,0.001443,0.712,1,19,53.84,0.787,1,0,17.244,17.244,0,30,6655,243807.2,85.27,17,5.48
1786433075770,129,v1,0.0644,0.4523,0.425,2.4657,0.9971,0.032,0.2307,0.003128,0.674,1,11,40.34,0.55,1,3967,10.0,3.649,0,30,6449,308792.4,34.18,16,12.48
1786433077050,130,v1,0.052,0.6505,0.2579,2.1319,0.6154,0.032,0.2066,0.002073,0.638,0,33,42.19,0.97,1,0,17.732,17.732,0,30,5721,162874.7,94.61,15,8.46
1786433079865,131,v1,0.0113,0.2148,0.2247,1.7061,0.9085,0.032,0.1325,0.002051,0.617,1,6,39.0,0.814,1,6034,5.0,0.0,0,30,6093,361639.7,0.0,-1,8.24
1786433083026,132,v1,0.0685,0.3017,0.2739,1.529,0.174,0.032,0.1064,0.003448,0.68,1,8,54.88,0.745,1,4990,7.0,0.903,0,30,5874,301603.2,10.91,-1,13.18
1786433069877,133,v1,0.0246,0.9911,0.1732,1.48,0.8504,0.032,0.1185,0.002017,0.702,1,25,49.21,0.594,1,708,18.079,16.028,0,30,6948,257204.7,85.56,18,7.89
1786433072123,134,v1,0.0114,0.7169,0.4523,2.0368,0.642,0.032,0.1327,0.001598,0.589,0,5,77.79,0.447,1,0,4.0,4.0,0,30,6640,165593.0,86.86,13,5.84
1786433073438,135,v1,0.0124,0.9373,0.1936,2.2934,0.93,0.032,0.1511,0.0035,0.589,0,27,25.94,0.96,1,459,16.509,15.377,0,30,6400,190192.1,84.06,14,13.84
1786433075163,136,v1,0.0378,0.5708,0.1023,1.6746,0.77,0.032,0.0997,0.002603,0.598,1,33,82.04,0.721,1,0,17.391,17.391,0,30,5472,150181.1,93.09,14,10.03
1786433077290,137,v1,0.0321,0.5719,0.1391,1.6642,0.6042,0.032,0.2376,0.003227,0.686,1,11,61.51,0.461,1,3547,10.0,4.506,0,30,6683,315047.8,42.12,18,12.63
1786433079112,138,v1,0.0699,0.3124,0.3715,2.4188,0.9836,0.032,0.1907,0.00238,0.684,1,34,35.14,0.81,1,875,18.645,15.579,0,30,5726,180934.0,88.8,16,9.19
1786433082009,139,v1,0.012,0.6485,0.2531,1.4842,0.1152,0.032,0.2369,0.002839,0.66,0,13,77.15,0.3,1,0,12.0,12.0,0,30,7859,255593.5,87.13,18,10.93
1786433071418,140,v1,0.0672,0.5872,0.3501,1.1213,0.3362,0.032,0.0656,0.001797,0.691,1,12,31.71,0.61,1,4623,11.0,2.926,0,30,6431,328993.1,23.79,16,7.28
1786433072870,141,v1,0.0622,0.9959,0.4168,1.7632,0.6346,0.032,0.0565,0.002982,0.656,1,30,21.07,0.398,1,412,17.369,15.997,0,30,5648,166466.1,85.6,15,10.98
1786433074462,142,v1,0.0535,0.8207,0.1537,2.3389,0.1069,0.032,0.0678,0.00201,0.714,0,23,25.52,0.356,1,410,18.098,16.878,0,30,5698,257913.1,87.17,17,7.79
1786433075918,143,v1,0.0199,0.5433,0.4616,1.0194,0.569,0.032,0.2314,0.001431,0.665,0,25,76.68,0.88,1,0,17.245,17.245,0,30,5840,179327.6,86.46,15,5.38
1786433077329,144,v1,0.0401,0.9813,0.196,1.5043,0.6154,0.032,0.1015,0.002091,0.655,0,19,54.95,0.711,1,0,15.788,15.788,0,30,6375,184208.2,84.17,15,8.36
1786433079454,145,v1,0.0731,0.2868,0.3919,1.9925,0.9774,0.032,0.0646,0.002353,0.689,1,35,43.58,0.755,1,1000,18.415,15.346,0,30,6424,199216.3,90.46,15,8.58
1786433082727,146,v1,0.077,0.7717,0.2366,1.5799,0.3675,0.032,0.0879,0.001254,0.717,1,8,53.92,0.337,1,2884,7.0,4.053,0,30,6908,314806.3,49.91,16,4.82
1786433072349,147,v1,0.0534,0.4779,0.1693,1.0204,0.551,0.032,0.2009,0.003438,0.706,1,15,49.92,0.858,1,5938,14.0,0.607,0,30,6538,352045.0,3.8,-1,12.99
1786433074695,148,v1,0.0436,0.2077,0.3692,2.1371,0.9535,0.032,0.1506,0.001493,0.644,1,7,51.99,0.644,1,4836,6.0,1.652,0,30,6727,335578.4,24.92,16,5.72
1786433076314,149,v1,0.019,0.7969,0.3846,1.4175,0.66,0.032,0.1272,0.002474,0.652,0,12,73.98,0.482,1,0,11.0,11.0,0,30,6584,199590.7,84.61,15,9.57
1786433078146,150,v1,0.0451,0.4808,0.2736,1.7647,0.2443,0.032,0.2322,0.002313,0.661,0,4,97.8,0.908,1,0,3.0,3.0,0,30,6358,187244.1,87.24,15,9.53
1786433080790,151,v1,0.0233,0.9541,0.1508,1.0776,0.2402,0.032,0.2201,0.002294,0.707,0,12,66.74,0.778,1,2946,11.0,6.24,0,30,5727,301577.4,27.77,19,8.64
1786433082831,152,v1,0.0292,0.6683,0.3572,1.3077,0.9787,0.032,0.2416,0.003155,0.582,1,35,85.09,0.624,1,0,14.564,14.564,0,30,6203,129074.7,93.49,11,12.83
1786433084164,153,v1,0.0687,0.7914,0.4598,1.234,0.4685,0.032,0.1088,0.001974,0.611,1,36,32.66,0.472,1,689,16.127,14.297,0,30,6452,155043.4,88.73,11,7.01
1786433072309,154,v1,0.0553,0.5137,0.4512,2.0405,0.5063,0.032,0.2089,0.001581,0.715,0,9,78.67,0.749,1,0,8.0,8.0,0,30,6210,190539.1,88.17,16,6.25
1786433074545,155,v1,0.0747,0.7641,0.3653,1.8015,0.7207,0.032,0.2378,0.001987,0.619,1,14,98.24,0.722,1,5406,13.0,1.526,0,30,6291,354662.3,10.89,-1,7.77
1786433076306,156,v1,0.0289,0.4558,0.3593,1.7878,0.7872,0.032,0.2088,0.001946,0.614,1,20,36.99,0.469,1,650,15.337,13.646,0,30,6049,190587.2,95.35,14,7.51
1786433078356,157,v1,0.0162,0.638,0.3442,2.118,0.1332,0.032,0.222,0.003637,0.677,1,24,49.03,0.642,1,934,18.59,15.498,0,30,6119,242771.5,87.9,17,13.97
1786433079847,158,v1,0.0524,0.2116,0.2913,1.7103,0.283,0.032,0.0941,0.003701,0.582,1,35,23.79,0.828,1,839,16.348,13.78,0,30,6005,151974.9,85.97,12,13.49
1786433082442,159,v1,0.0186,0.528,0.3777,1.3327,0.4266,0.032,0.1198,0.001895,0.655,0,23,77.16,0.628,1,0,16.77,16.77,0,30,6546,191501.9,87.96,15,7.0
1786433084224,160,v1,0.0167,0.2567,0.1874,1.8999,0.7436,0.032,0.2417,0.003262,0.648,1,9,37.72,0.461,1,3055,8.0,3.611,0,30,5722,264012.9,38.37,16,11.85
1786433072955,161,v1,0.059,0.5157,0.4732,1.6613,0.4505,0.032,0.0987,0.003343,0.661,0,22,76.41,0.827,1,0,15.862,15.862,0,30,6531,174860.8,99.07,15,12.39
1786433074279,162,v1,0.0334,0.5252,0.3159,1.0165,0.3933,0.032,0.1921,0.003131,0.671,0,23,72.53,0.767,1,0,16.846,16.846,0,30,5885,174426.9,86.61,16,11.89
1786433076012,163,v1,0.0797,0.6389,0.111,1.8664,0.3076,0.032,0.2257,0.002338,0.654,0,32,54.48,0.788,1,0,17.586,17.586,0,30,6159,178911.1,94.84,15,9.55
1786433077366,164,v1,0.0515,0.8056,0.4338,2.3538,0.9388,0.032,0.0576,0.001206,0.677,0,20,42.92,0.854,1,0,16.293,16.293,0,30,6190,193328.7,91.94,16,4.94
1786433079081,165,v1,0.0402,0.6604,0.3919,1.1977,0.5163,0.032,0.1414,0.001827,0.581,0,10,95.17,0.687,1,0,8.999,8.999,0,30,6446,114596.2,87.77,9,6.72
1786433082160,166,v1,0.0529,0.2226,0.4818,1.8392,0.5614,0.032,0.1807,0.001676,0.692,1,15,50.36,0.539,1,3896,14.0,4.549,0,30,5892,298272.0,31.03,16,6.13
1786433083685,167,v1,0.0744,0.2501,0.4349,2.1708,0.5528,0.032,0.0953,0.001297,0.643,1,36,32.57,0.477,1,547,18.002,16.418,0,30,6436,180352.8,95.67,14,5.03
1786433081147,168,v1,0.0481,0.244,0.4078,1.1187,0.3373,0.032,0.1997,0.003202,0.594,0,19,99.86,0.889,1,0,11.581,11.581,0,30,5874,114809.4,84.4,10,12.36
1786433083378,169,v1,0.0369,0.3438,0.2723,2.3438,0.7393,0.032,0.0728,0.001701,0.607,0,7,36.54,0.536,1,1763,6.0,4.867,0,30,6284,232432.0,68.33,15,6.21
1786433084898,170,v1,0.0368,0.841,0.2802,1.3889,0.6578,0.032,0.1987,0.003423,0.598,1,24,75.9,0.692,1,0,14.358,14.358,0,30,6668,166223.3,87.62,12,12.94
1786433086402,171,v1,0.0723,0.8873,0.2504,1.431,0.4302,0.032,0.1356,0.002043,0.682,0,32,65.62,0.32,1,0,17.916,17.916,0,30,6445,189893.6,89.11,15,7.35
1786433087633,172,v1,0.0572,0.6421,0.2697,2.4472,0.8384,0.032,0.1161,0.001386,0.672,1,26,97.5,0.647,1,0,17.294,17.294,0,30,6787,196804.4,84.01,15,5.53
1786433089228,173,v1,0.0729,0.7123,0.1237,1.8818,0.2543,0.032,0.1627,0.001887,0.652,1,26,22.38,0.709,1,959,16.729,14.102,0,30,6341,207238.6,84.45,15,6.69
1786433090774,174,v1,0.0371,0.9974,0.4819,2.2585,0.674,0.032,0.1557,0.003602,0.658,1,29,66.55,0.466,1,661,17.732,15.806,0,30,6681,205341.8,86.47,15,13.44
1786433083405,175,v1,0.0285,0.3947,0.3025,2.088,0.339,0.032,0.1713,0.003289,0.6,0,25,92.87,0.577,1,0,15.96,15.96,0,30,5739,153664.2,90.25,14,12.23
1786433084808,176,v1,0.0619,0.8975,0.236,1.474,0.4889,0.032,0.1424,0.00221,0.694,0,18,91.45,0.598,1,0,15.909,15.909,0,30,5845,170823.1,96.0,16,8.35
1786433086480,177,v1,0.0738,0.945,0.1461,1.5886,0.8866,0.032,0.1455,0.003381,0.702,0,19,64.28,0.76,1,0,16.105,16.105,0,30,7109,200445.7,95.06,16,12.83
1786433088170,178,v1,0.0607,0.4698,0.266,1.781,0.9068,0.032,0.1763,0.002267,0.611,1,8,99.14,0.632,1,4613,7.0,1.21,0,30,5683,303236.7,14.94,-1,8.78
1786433089500,179,v1,0.0448,0.9563,0.3299,1.2757,0.7125,0.032,0.1502,0.003593,0.638,0,32,72.56,0.554,1,0,17.286,17.286,0,30,6421,169896.9,94.66,14,13.58
1786433090903,180,v1,0.0782,0.9396,0.1339,1.6239,0.9051,0.032,0.1349,0.003575,0.605,0,7,55.41,0.33,1,1128,6.0,5.214,0,30,5860,189444.6,77.05,14,13.17
1786433092149,181,v1,0.0179,0.2217,0.1963,1.5127,0.5096,0.032,0.1465,0.001748,0.608,0,24,35.15,0.922,1,0,15.75,15.75,0,30,6919,176686.2,87.16,14,6.69
1786433084305,182,v1,0.055,0.3975,0.4431,1.5144,0.9837,0.032,0.0929,0.001246,0.695,0,19,84.51,0.864,1,0,16.11,16.11,0,30,5814,172510.0,97.82,16,5.04
1786433085802,183,v1,0.0213,0.2501,0.4038,1.5928,0.4629,0.032,0.2492,0.002095,0.582,1,34,23.47,0.533,1,631,14.891,13.29,0,30,6249,145308.9,85.57,11,8.05
1786433086890,184,v1,0.0376,0.2865,0.1681,1.4906,0.3502,0.032,0.2014,0.002978,0.585,0,32,69.73,0.954,1,0,15.817,15.817,0,30,6087,147127.7,88.91,12,10.43
1786433088395,185,v1,0.0444,0.5337,0.3352,1.2515,0.9765,0.032,0.2231,0.0014,0.598,1,14,25.73,0.422,1,1737,12.287,8.482,0,30,5909,203990.4,60.68,11,5.16
1786433089665,186,v1,0.0224,0.5565,0.1964,1.6394,0.8201,0.032,0.0791,0.002365,0.585,1,34,38.04,0.768,1,951,16.159,13.569,0,30,6381,170939.6,90.34,12,9.42
1786433091037,187,v1,0.0593,0.2977,0.4582,2.1608,0.4857,0.032,0.1511,0.003338,0.66,1,28,54.59,0.348,1,342,16.9,15.843,0,30,5935,170926.2,83.92,15,12.87
1786433092110,188,v1,0.0156,0.776,0.3441,1.4857,0.8079,0.032,0.1137,0.001749,0.615,0,34,74.98,0.707,1,0,17.656,17.656,0,30,5812,156019.4,84.22,14,6.68
1786433085341,189,v1,0.0357,0.6825,0.4849,0.9011,0.2062,0.032,0.0807,0.002804,0.693,0,7,34.48,0.468,1,1543,6.0,4.969,0,30,6081,228122.9,63.03,15,10.52
1786433086587,190,v1,0.0408,0.383,0.374,1.2451,0.8683,0.032,0.1268,0.002348,0.632,0,24,72.53,0.356,1,0,15.669,15.669,0,30,6099,164272.0,86.85,14,8.74
1786433087865,191,v1,0.0239,0.6857,0.3669,2.3987,0.8441,0.032,0.2129,0.001501,0.691,1,32,57.37,0.375,1,405,19.701,18.322,0,30,6145,218208.7,86.22,17,5.97
1786433089947,192,v1,0.0247,0.8457,0.4937,1.6676,0.7081,0.032,0.1251,0.002625,0.593,1,12,89.36,0.671,1,4427,11.0,3.334,0,30,6542,321463.9,25.76,12,9.72
1786433091346,193,v1,0.0766,0.8447,0.1537,1.283,0.6377,0.032,0.2432,0.001725,0.683,1,27,20.85,0.328,1,451,17.137,15.735,0,30,5687,174553.4,90.9,15,5.75
1786433092469,194,v1,0.0455,0.9227,0.1051,2.4192,0.7163,0.032,0.1652,0.001808,0.71,1,22,27.38,0.49,1,759,18.146,16.054,0,30,6774,245894.3,84.83,17,6.63
1786433093097,195,v1,0.0701,0.6135,0.3303,2.4017,0.2039,0.032,0.11,0.002752,0.603,1,32,99.52,0.611,1,0,16.821,16.821,0,30,6531,161982.0,84.42,14,10.18
1786433085663,196,v1,0.0372,0.8183,0.276,1.031,0.9617,0.032,0.0958,0.002077,0.61,0,32,49.11,0.484,1,0,16.422,16.422,0,30,6197,165869.9,93.37,13,7.83
1786433086851,197,v1,0.0786,0.2288,0.2891,1.8867,0.4543,0.032,0.2032,0.00351,0.664,0,32,90.13,0.624,1,0,17.568,17.568,0,30,6342,180327.3,95.61,15,13.59
1786433088257,198,v1,0.0369,0.9882,0.2847,2.1531,0.7839,0.032,0.052,0.001337,0.631,0,6,77.16,0.547,1,0,5.0,5.0,0,30,6266,189821.1,89.24,15,5.25
1786433090723,199,v1,0.0313,0.9566,0.474,1.6804,0.2851,0.032,0.2209,0.001256,0.697,1,15,72.04,0.916,1,7059,14.0,0.0,0,30,7195,418142.1,0.0,-1,5.21
1786433100821,200,v1,0.0421,0.3913,0.3158,2.0808,0.7561,0.032,0.1183,0.001495,0.65,0,15,81.2,0.496,1,1981,14.0,10.309,0,30,6584,259765.2,62.61,15,5.76
1786433103157,201,v1,0.0731,0.9848,0.4633,1.9508,0.8043,0.032,0.084,0.00193,0.693,1,17,34.69,0.965,1,590,15.528,14.183,0,30,6795,224501.9,91.03,15,7.26
1786433104532,202,v1,0.0685,0.4451,0.2586,0.9233,0.6062,0.032,0.136,0.003653,0.681,1,24,72.5,0.985,1,0,16.238,16.238,0,30,5468,150844.2,94.33,15,13.33
1786433106208,203,v1,0.0174,0.2843,0.3799,2.1424,0.4744,0.032,0.2196,0.003259,0.621,1,18,55.96,0.479,1,0,15.442,15.442,0,30,5778,167624.0,86.04,15,11.73
1786433107321,204,v1,0.0133,0.6911,0.3416,1.3005,0.7533,0.032,0.168,0.003429,0.616,1,33,85.84,0.979,1,0,17.478,17.478,0,30,6107,173734.7,94.88,14,13.03
1786433109785,205,v1,0.0798,0.8322,0.3487,1.215,0.1,0.032,0.1563,0.003694,0.712,1,9,98.46,0.637,1,4954,8.0,1.515,0,30,6280,343529.1,17.96,-1,14.0
1786433111338,206,v1,0.0633,0.4117,0.285,0.8607,0.4306,0.032,0.0756,0.00349,0.586,1,23,59.6,0.895,1,973,12.219,10.169,0,30,6213,139854.3,84.14,10,13.75
1786433101126,207,v1,0.056,0.527,0.1064,0.8585,0.5662,0.032,0.1221,0.001245,0.663,1,20,20.16,0.806,1,1118,15.654,13.009,0,30,6725,225550.9,85.33,15,4.97
1786433103217,208,v1,0.0583,0.2868,0.4632,0.9369,0.6322,0.032,0.1028,0.001548,0.707,0,29,81.46,0.456,1,0,17.776,17.776,0,30,5778,173908.7,97.65,16,6.21
1786433104851,209,v1,0.0481,0.9043,0.277,2.046,0.6444,0.032,0.1739,0.002886,0.713,0,35,42.67,0.608,1,0,20.118,20.118,0,30,6537,202909.9,91.71,17,10.33
1786433106761,210,v1,0.0244,0.291,0.105,0.9313,0.938,0.032,0.2077,0.00282,0.618,1,8,59.51,0.322,1,2250,7.0,4.084,0,30,5513,210280.9,56.1,15,10.61
1786433109023,211,v1,0.0556,0.5115,0.4296,0.8127,0.7099,0.032,0.1748,0.002637,0.704,1,15,77.22,0.624,1,5106,14.0,2.068,0,30,6224,337809.8,13.32,-1,10.09
1786433110394,212,v1,0.063,0.9503,0.38,1.476,0.6995,0.032,0.1051,0.003269,0.623,0,29,96.68,0.724,1,0,16.228,16.228,0,30,6279,163903.5,94.9,14,12.37
1786433112771,213,v1,0.0523,0.3122,0.2062,1.0704,0.9933,0.032,0.1369,0.002041,0.707,0,18,55.78,0.743,1,0,16.588,16.588,0,30,6660,208015.6,91.33,16,7.78
1786433101233,214,v1,0.0761,0.9107,0.4769,2.0388,0.4425,0.032,0.2425,0.001276,0.656,1,27,69.48,0.855,1,0,16.677,16.677,0,30,6256,181585.5,100.0,15,4.94
1786433103676,215,v1,0.0344,0.6894,0.3838,2.0739,0.8425,0.032,0.1881,0.002891,0.714,1,31,81.78,0.342,1,0,19.646,19.646,0,30,5951,190859.8,83.72,17,11.31
1786433104967,216,v1,0.0467,0.6419,0.4326,2.3654,0.7861,0.032,0.1592,0.003536,0.632,0,19,74.17,0.447,1,0,15.187,15.187,0,30,6300,169699.2,95.19,14,13.35
1786433106827,217,v1,0.065,0.4543,0.3958,2.2017,0.4918,0.032,0.1239,0.002707,0.629,0,11,86.93,0.352,1,0,10.0,10.0,0,30,6856,179458.2,93.68,14,11.1
1786433109315,218,v1,0.064,0.3659,0.3803,1.3212,0.5145,0.032,0.1309,0.002466,0.652,1,4,59.9,0.756,1,5354,3.0,0.411,0,30,6256,339195.5,12.82,-1,10.02
1786433111623,219,v1,0.0789,0.9755,0.4064,1.9863,0.1166,0.032,0.0738,0.00264,0.655,1,14,39.0,0.53,1,4203,13.0,4.182,0,30,6407,322846.2,31.76,15,10.08
1786433113845,220,v1,0.0753,0.6798,0.2005,1.1662,0.441,0.032,0.2453,0.00371,0.672,0,28,48.95,0.348,1,0,17.001,17.001,0,30,6597,183574.1,84.25,15,13.52
1786433102370,221,v1,0.0325,0.9489,0.4104,1.0138,0.1501,0.032,0.1765,0.001343,0.585,0,30,75.19,0.538,1,0,13.172,13.172,0,30,6189,117291.8,88.34,10,5.15
1786433104237,222,v1,0.0562,0.7157,0.2909,2.0076,0.8884,0.032,0.2356,0.001388,0.604,0,36,22.84,0.635,1,368,17.499,16.563,0,30,6329,168076.8,84.56,14,5.34
1786433106004,223,v1,0.0124,0.3409,0.1666,2.4421,0.894,0.032,0.1768,0.001366,0.658,1,23,45.39,0.492,1,330,9.927,8.697,0,30,5288,262269.9,50.11,19,5.54
1786433108575,224,v1,0.058,0.3647,0.1022,1.4122,0.1933,0.032,0.177,0.002753,0.708,1,16,34.88,0.781,1,6429,15.0,0.0,0,30,6681,406515.5,0.0,-1,10.06
1786433110082,225,v1,0.0309,0.8331,0.1167,2.2998,0.9003,0.032,0.141,0.003184,0.607,0,11,93.3,0.496,1,0,10.0,10.0,0,30,6568,193137.9,85.83,15,12.2
1786433112085,226,v1,0.0305,0.5095,0.2803,1.9687,0.2039,0.032,0.1436,0.002036,0.594,1,34,94.6,0.655,1,0,17.105,17.105,0,30,6351,168348.6,90.43,14,7.62
1786433114558,227,v1,0.038,0.5473,0.3758,1.0545,0.2147,0.032,0.2276,0.001976,0.665,0,36,84.58,0.593,1,0,18.51,18.51,0,30,6719,190490.4,87.48,15,7.89
1786433103470,228,v1,0.0436,0.3231,0.1538,2.2367,0.9027,0.032,0.0772,0.001818,0.653,1,17,62.69,0.382,1,676,15.762,13.977,0,30,6149,210932.1,75.53,15,7.12
1786433104672,229,v1,0.0641,0.9461,0.345,1.0913,0.6505,0.032,0.1572,0.001374,0.581,0,33,87.99,0.852,1,0,13.771,13.771,0,30,6184,118860.1,89.92,10,5.21
1786433107116,230,v1,0.0125,0.9203,0.3494,1.9327,0.7057,0.032,0.089,0.002549,0.702,0,28,51.26,0.532,1,0,0.018,0.018,0,30,6090,362090.2,0.09,-1,10.34
1786433109187,231,v1,0.042,0.5488,0.4179,0.814,0.6096,0.032,0.1338,0.001825,0.702,0,15,58.62,0.418,1,1511,14.0,10.829,0,30,5882,221092.9,71.98,16,7.34
1786433110493,232,v1,0.0228,0.4797,0.4121,1.2948,0.6848,0.032,0.1575,0.001216,0.635,0,17,77.63,0.311,1,0,14.878,14.878,0,30,6208,165996.6,84.88,14,4.9
1786433113485,233,v1,0.0273,0.633,0.1315,1.7825,0.8467,0.032,0.2043,0.001715,0.622,1,11,72.95,0.527,1,4376,10.0,3.263,0,30,6599,336493.0,28.9,16,6.5
1786433116777,234,v1,0.0399,0.7701,0.44,2.0374,0.3762,0.032,0.121,0.003257,0.624,1,11,73.99,0.956,1,5901,10.0,0.0,0,30,6106,359464.7,0.0,-1,12.5
1786433104499,235,v1,0.0561,0.7683,0.3208,1.4709,0.1073,0.032,0.1826,0.002965,0.703,1,21,55.95,0.554,1,1186,16.509,13.477,0,30,6846,276040.0,89.59,16,11.01
1786433105836,236,v1,0.053,0.9797,0.3342,2.0217,0.4797,0.032,0.1541,0.003441,0.652,1,18,41.72,0.448,1,452,15.502,14.112,0,30,5306,158179.7,88.22,15,12.27
1786433107379,237,v1,0.0368,0.5764,0.2571,2.242,0.9405,0.032,0.1892,0.001276,0.646,1,17,84.62,0.498,1,766,15.627,13.785,0,30,6806,228096.7,74.48,15,5.1
1786433110109,238,v1,0.0621,0.5502,0.2787,2.1469,0.1703,0.032,0.1076,0.001563,0.663,1,8,43.31,0.832,1,6064,7.0,0.378,0,30,6488,387508.7,5.02,-1,6.2
1786433111742,239,v1,0.0476,0.5144,0.414,1.3548,0.963,0.032,0.2113,0.003021,0.59,0,24,42.29,0.705,1,0,12.786,12.786,0,30,5794,120229.6,85.38,10,11.98
1786433113757,240,v1,0.0521,0.361,0.2707,2.2639,0.6354,0.032,0.1308,0.003394,0.609,0,18,92.27,0.664,1,0,14.8,14.8,0,30,6329,170654.2,90.6,14,12.53
1786433116597,241,v1,0.0504,0.2439,0.1578,1.2262,0.8945,0.032,0.1633,0.003292,0.648,1,23,39.93,0.884,1,1040,16.244,13.555,0,30,6678,217151.3,87.0,15,12.08
1786433104521,242,v1,0.0387,0.5342,0.337,1.3204,0.2758,0.032,0.0604,0.002661,0.593,0,26,73.17,0.583,1,0,14.419,14.419,0,30,6254,147815.3,88.93,12,9.53
1786433106362,243,v1,0.0418,0.8137,0.445,1.2825,0.7655,0.032,0.1807,0.001456,0.693,0,27,88.94,0.764,1,0,17.508,17.508,0,30,5944,181717.9,84.59,15,5.92
1786433107850,244,v1,0.0206,0.7823,0.1537,1.0698,0.9566,0.032,0.1988,0.001658,0.668,1,29,70.11,0.991,1,0,18.781,18.781,0,30,6530,211115.2,86.5,17,6.68
1786433110095,245,v1,0.0233,0.6663,0.4947,1.6,0.2334,0.032,0.1447,0.001375,0.611,1,9,63.97,0.789,1,5382,8.0,0.643,0,30,5926,350145.7,6.92,-1,5.06
1786433112111,246,v1,0.0326,0.7712,0.3099,2.3644,0.5388,0.032,0.0956,0.002369,0.645,0,31,29.33,0.548,1,403,18.336,17.194,0,30,6117,193533.5,86.08,16,8.8
1786433114289,247,v1,0.0447,0.5398,0.2101,1.924,0.9106,0.032,0.1082,0.001218,0.62,1,22,36.96,0.623,1,652,15.858,14.015,0,30,5706,186616.0,99.89,15,4.33
1786433116776,248,v1,0.0165,0.7467,0.4255,1.5077,0.1889,0.032,0.0801,0.002756,0.606,1,36,92.68,0.998,1,0,16.571,16.571,0,30,7141,177017.9,89.64,12,10.53
1786433104906,249,v1,0.0651,0.7245,0.1666,1.1946,0.9993,0.032,0.1593,0.001897,0.604,0,16,57.71,0.727,1,0,13.966,13.966,0,30,5714,152682.0,99.39,14,7.28
1786433106703,250,v1,0.0633,0.8081,0.4581,1.2887,0.2171,0.032,0.2018,0.001715,0.643,1,19,89.34,0.503,1,0,14.84,14.84,0,30,6521,174004.6,87.12,14,6.84
1786433108185,251,v1,0.0176,0.6523,0.3792,2.3425,0.3522,0.032,0.1095,0.001608,0.627,1,30,46.19,0.972,1,958,17.93,14.885,0,30,5856,195229.1,86.13,15,5.81
1786433109821,252,v1,0.0786,0.2691,0.4726,0.8016,0.7059,0.032,0.1675,0.002214,0.631,1,19,73.99,0.51,1,0,14.349,14.349,0,30,6506,169191.5,96.13,14,8.36
1786433111586,253,v1,0.0739,0.5504,0.1747,1.6572,0.1329,0.032,0.1523,0.001496,0.623,0,29,43.06,0.501,1,0,16.7,16.7,0,30,6526,185850.2,92.49,14,5.26
1786433113490,254,v1,0.0201,0.6811,0.1725,1.6049,0.5742,0.032,0.2402,0.003618,0.632,1,20,60.85,0.741,1,778,16.534,14.076,0,30,5540,186082.2,84.16,16,13.05
1786433115975,255,v1,0.0281,0.9975,0.4372,2.3785,0.8489,0.032,0.245,0.003323,0.624,0,5,71.57,0.698,1,0,4.0,4.0,0,30,6256,175164.2,84.21,15,11.11
1786433115208,256,v1,0.0173,0.3877,0.3247,2.0892,0.3267,0.032,0.1137,0.003321,0.593,1,31,40.94,0.331,1,435,16.671,15.519,0,30,6902,197044.5,83.75,14,12.45
1786433116891,257,v1,0.0451,0.8371,0.2797,0.9737,0.6533,0.032,0.1995,0.003284,0.601,1,19,76.78,0.533,1,0,13.781,13.781,0,30,6016,148130.8,87.8,12,13.05
1786433118467,258,v1,0.0628,0.5206,0.4407,1.1704,0.6121,0.032,0.0762,0.00293,0.586,0,18,56.67,0.616,1,0,10.572,10.572,0,30,6538,118144.2,85.58,9,10.69
1786433120125,259,v1,0.0371,0.5293,0.4842,1.1251,0.6856,0.032,0.1982,0.00292,0.581,0,16,66.75,0.98,1,0,9.869,9.869,0,30,6373,109243.5,85.94,8,10.64
1786433122234,260,v1,0.0223,0.6643,0.239,1.3783,0.6597,0.032,0.0682,0.002362,0.708,0,27,55.76,0.307,1,0,19.042,19.042,0,30,6544,237280.0,90.69,18,8.45
1786433123545,261,v1,0.0581,0.7681,0.1502,1.2497,0.1443,0.032,0.1687,0.001523,0.663,0,8,69.07,0.375,1,1147,7.0,5.881,0,30,5184,184467.2,66.42,15,6.21
1786433126197,262,v1,0.0696,0.7238,0.3414,1.9244,0.3984,0.032,0.1947,0.002572,0.617,1,24,42.64,0.944,1,970,15.469,12.885,0,30,6095,183641.6,88.6,14,9.71
1786433116990,263,v1,0.034,0.3798,0.4105,1.934,0.6091,0.032,0.0554,0.001526,0.7,1,15,31.92,0.742,1,5181,14.0,2.236,0,30,6290,337365.0,13.73,-1,6.36
1786433119552,264,v1,0.0259,0.4525,0.1818,2.4283,0.8214,0.032,0.154,0.002286,0.706,0,6,64.19,0.393,1,1380,5.0,4.353,0,30,6480,296987.1,49.68,18,9.43
1786433121135,265,v1,0.0531,0.5227,0.3717,1.7775,0.7308,0.032,0.1468,0.002044,0.64,0,27,75.16,0.645,1,0,16.619,16.619,0,30,6584,187619.3,97.67,15,7.34
1786433123466,266,v1,0.035,0.6669,0.1132,1.2561,0.5162,0.032,0.1284,0.00348,0.668,0,9,77.01,0.887,1,3793,8.0,4.314,0,30,6356,318409.6,35.0,17,13.28
1786433126487,267,v1,0.0227,0.4491,0.1087,1.3335,0.391,0.032,0.1083,0.002,0.692,1,25,43.11,0.401,1,514,16.795,15.127,0,30,6197,257286.8,78.57,18,7.66
1786433127870,268,v1,0.0672,0.4526,0.4017,1.6901,0.299,0.032,0.066,0.00355,0.677,0,29,76.01,0.659,1,0,17.332,17.332,0,30,5945,170254.9,87.27,15,13.12
1786433129581,269,v1,0.0478,0.809,0.2264,0.9855,0.485,0.032,0.132,0.002983,0.619,0,22,48.68,0.932,1,0,15.049,15.049,0,30,6445,163171.9,84.67,14,10.77
1786433117110,270,v1,0.0471,0.9038,0.4924,1.5173,0.8618,0.032,0.0603,0.003074,0.681,1,18,31.5,0.834,1,1041,15.521,12.859,0,30,6373,216142.2,87.4,15,12.08
1786433119290,271,v1,0.0622,0.3916,0.3816,1.4852,0.6012,0.032,0.1098,0.001364,0.625,0,15,96.21,0.632,1,0,14.0,14.0,0,30,7099,198196.4,86.25,14,5.21
1786433120650,272,v1,0.0529,0.4546,0.4854,1.1749,0.6372,0.032,0.1464,0.001377,0.701,1,24,39.54,0.568,1,688,16.696,14.669,0,30,5775,187825.1,85.07,15,5.21
1786433122625,273,v1,0.0767,0.281,0.261,1.6702,0.7541,0.032,0.2111,0.002698,0.587,1,21,90.12,0.699,1,0,14.378,14.378,0,30,5932,150331.4,90.01,13,9.64
1786433124054,274,v1,0.0311,0.32,0.1044,1.8114,0.111,0.032,0.0764,0.00127,0.584,0,25,58.61,0.808,1,0,15.447,15.447,0,30,6429,168646.8,93.25,14,4.84
1786433127141,275,v1,0.0479,0.2346,0.3683,1.773,0.7607,0.032,0.2017,0.002367,0.705,1,5,34.24,0.324,1,3011,4.0,2.185,0,30,6704,287969.4,46.72,16,9.2
1786433129332,276,v1,0.0285,0.9277,0.4425,1.5078,0.3017,0.032,0.0554,0.003127,0.638,0,17,86.41,0.714,1,0,15.099,15.099,0,30,7969,216334.5,89.76,15,11.58
1786433117227,277,v1,0.0313,0.3078,0.4033,1.9719,0.1444,0.032,0.2386,0.002981,0.642,0,6,78.87,0.9,1,0,5.0,5.0,0,30,6395,167507.7,88.07,15,12.01
1786433119102,278,v1,0.0771,0.9294,0.3225,1.9816,0.7188,0.032,0.0964,0.002325,0.703,0,15,88.63,0.726,1,0,14.0,14.0,0,30,5498,165587.1,98.24,16,9.13
1786433120264,279,v1,0.0124,0.5817,0.3644,2.1736,0.465,0.032,0.1138,0.003203,0.594,1,28,49.22,0.521,1,509,15.741,14.225,0,30,5792,158363.3,86.32,13,12.74
1786433122930,280,v1,0.0723,0.9405,0.4189,1.8323,0.3117,0.032,0.1656,0.002683,0.592,1,13,70.8,0.682,1,3968,11.997,4.485,0,30,6537,308164.8,31.99,12,10.23
1786433124800,281,v1,0.0417,0.5045,0.1109,1.3831,0.3986,0.032,0.1601,0.002562,0.694,0,23,39.14,0.827,1,0,17.577,17.577,0,30,6353,198811.0,95.18,17,9.85
1786433127347,282,v1,0.0263,0.2871,0.144,2.3269,0.2898,0.032,0.1564,0.002293,0.714,0,31,31.6,0.866,1,0,9.825,9.825,0,30,5790,307560.1,44.1,19,8.69
1786433129375,283,v1,0.0329,0.6506,0.1022,2.2584,0.893,0.032,0.1918,0.002,0.694,0,23,22.39,0.87,1,499,17.019,15.579,0,30,6005,230777.2,80.0,17,8.01
1786433118969,284,v1,0.0408,0.8786,0.2301,1.6588,0.6287,0.032,0.1261,0.002712,0.661,1,4,43.33,0.578,1,4555,3.0,0.572,0,30,5671,307791.2,18.35,-1,9.96
1786433120350,285,v1,0.0578,0.5771,0.2807,1.962,0.2554,0.032,0.1813,0.003745,0.64,0,23,64.5,0.877,1,0,15.885,15.885,0,30,6414,170742.0,85.08,14,13.69
1786433122300,286,v1,0.034,0.8513,0.4839,2.0593,0.8069,0.032,0.2371,0.003118,0.632,0,33,55.24,0.372,1,0,17.704,17.704,0,30,6601,177704.3,99.15,15,11.82
1786433123584,287,v1,0.0436,0.9704,0.1781,2.1365,0.634,0.032,0.2054,0.002038,0.703,0,25,91.46,0.441,1,0,18.318,18.318,0,30,5988,197837.8,87.44,17,8.15
1786433127143,288,v1,0.0122,0.5235,0.3534,1.419,0.4843,0.032,0.0698,0.003501,0.716,1,6,41.28,0.339,1,2808,5.0,2.563,0,30,5855,320764.3,0.0,-1,13.41
1786433128894,289,v1,0.0358,0.5068,0.3132,1.7248,0.266,0.032,0.2458,0.003532,0.704,0,13,89.77,0.842,1,0,12.0,12.0,0,30,6169,218289.9,89.56,17,12.6
1786433130385,290,v1,0.0692,0.3106,0.2497,0.8519,0.533,0.032,0.0967,0.001528,0.601,0,28,43.38,0.352,1,0,13.879,13.879,0,30,6093,137419.0,88.74,10,5.7
1786433119516,291,v1,0.0488,0.6146,0.4515,2.4305,0.1558,0.032,0.0828,0.001368,0.664,0,12,54.07,0.426,1,1663,11.0,8.6,0,30,6330,244431.2,62.44,15,5.18
1786433120985,292,v1,0.0405,0.6566,0.395,1.7272,0.6165,0.032,0.2279,0.001437,0.598,0,35,40.47,0.568,1,0,16.958,16.958,0,30,6616,171284.6,94.39,13,5.59
1786433122746,293,v1,0.0711,0.2933,0.1764,2.4124,0.113,0.032,0.2076,0.002171,0.585,1,36,65.33,0.736,1,0,17.393,17.393,0,30,5895,156394.6,98.77,14,9.13
1786433125150,294,v1,0.0406,0.615,0.4426,1.9412,0.4017,0.032,0.1796,0.002802,0.632,0,15,54.71,0.836,1,1822,14.0,10.179,0,30,5976,220651.3,60.87,14,11.03
1786433127357,295,v1,0.0116,0.5834,0.1573,1.1698,0.8767,0.032,0.232,0.003338,0.596,1,14,52.58,0.857,1,4876,13.0,1.521,0,30,5773,315447.3,11.7,-1,12.65
1786433129206,296,v1,0.029,0.2592,0.3406,1.0951,0.2342,0.032,0.1557,0.003431,0.65,1,21,94.6,0.999,1,0,15.912,15.912,0,30,5858,162187.2,87.55,15,13.11
1786433131114,297,v1,0.0101,0.5241,0.4506,2.0601,0.4979,0.032,0.2422,0.002811,0.649,1,14,51.85,0.389,1,2806,13.0,6.44,0,30,5782,250298.8,42.75,17,11.1
1786433119868,298,v1,0.0668,0.4664,0.3499,1.0481,0.6166,0.032,0.1892,0.002656,0.67,1,28,76.33,0.729,1,0,16.973,16.973,0,30,6124,171858.7,87.65,15,9.91
1786433121333,299,v1,0.0637,0.3773,0.1746,1.2191,0.805,0.032,0.1716,0.002796,0.664,0,35,46.54,0.417,1,0,18.049,18.049,0,30,6376,180916.5,98.21,15,10.79
1786433123084,300,v1,0.0159,0.5462,0.4419,2.3779,0.4719,0.032,0.1501,0.003646,0.673,0,33,88.32,0.643,1,0,15.322,15.322,0,30,5792,219558.5,69.52,17,14.04
1786433125824,301,v1,0.0681,0.3676,0.3457,1.6715,0.1926,0.032,0.2481,0.00343,0.701,0,20,90.91,0.632,1,0,16.259,16.259,0,30,7041,247515.0,97.93,16,12.85
1786433127779,302,v1,0.0407,0.2616,0.3728,2.3316,0.9041,0.032,0.0984,0.003291,0.669,0,12,64.41,0.679,1,2427,11.0,7.303,0,30,6089,260799.7,49.85,16,11.48
1786433129929,303,v1,0.0389,0.6571,0.432,2.3826,0.3186,0.032,0.1596,0.003135,0.65,0,19,26.55,0.62,1,0,15.645,15.645,0,30,6730,188284.7,87.05,15,11.66
1786433132413,304,v1,0.0683,0.3856,0.1736,1.3458,0.1112,0.032,0.2344,0.00343,0.659,1,15,78.66,0.931,1,5430,14.0,0.0,0,30,5728,336691.2,0.0,-1,13.08
1786433120404,305,v1,0.0368,0.7964,0.357,2.0895,0.6985,0.032,0.1014,0.002313,0.581,1,20,82.88,0.318,1,0,13.996,13.996,0,30,7366,168336.2,86.2,13,8.74
1786433122688,306,v1,0.0615,0.8876,0.3889,1.7457,0.8479,0.032,0.2281,0.002561,0.683,1,5,55.36,0.352,1,3010,4.0,1.984,0,30,6029,252101.5,45.2,15,9.31
1786433125612,307,v1,0.0256,0.3599,0.1471,2.4412,0.4779,0.032,0.1122,0.00139,0.69,1,6,32.08,0.373,1,3011,5.0,2.595,0,30,6310,350568.6,28.31,19,6.02
1786433127290,308,v1,0.0598,0.8578,0.3399,2.4079,0.5927,0.032,0.1188,0.001364,0.652,0,26,78.45,0.543,1,0,16.91,16.91,0,30,5396,163958.0,89.74,15,4.61
1786433129109,309,v1,0.0475,0.8872,0.3413,1.8323,0.9083,0.032,0.2213,0.003319,0.69,1,18,21.76,0.492,1,257,16.655,16.021,0,30,6873,217992.7,93.25,16,12.06
1786433131895,310,v1,0.0428,0.9226,0.3532,2.0105,0.2348,0.032,0.0658,0.001985,0.63,1,5,49.4,0.89,1,6387,4.0,0.0,0,30,6444,385120.7,0.0,-1,7.91
1786433134141,311,v1,0.0156,0.6649,0.376,1.646,0.9116,0.032,0.0644,0.003756,0.68,1,14,97.72,0.598,1,5202,13.0,1.342,0,30,6087,337930.2,8.79,-1,14.01
1786433128736,312,v1,0.0153,0.5508,0.3551,1.1592,0.2862,0.032,0.0536,0.002106,0.697,0,31,91.66,0.688,1,0,19.586,19.586,0,30,6065,206735.0,86.6,17,8.18
1786433130854,313,v1,0.0295,0.6203,0.2735,1.8104,0.3093,0.032,0.1479,0.001548,0.636,0,4,34.35,0.566,1,2169,3.0,2.684,0,30,6904,263681.0,62.22,15,5.82
1786433132942,314,v1,0.039,0.5267,0.196,1.5181,0.281,0.032,0.2147,0.001232,0.686,1,33,77.44,0.603,1,0,19.463,19.463,0,30,6495,211650.1,83.95,16,4.53
1786433134283,315,v1,0.0559,0.2093,0.1862,1.5058,0.5444,0.032,0.2377,0.001681,0.697,1,33,94.05,0.312,1,0,18.826,18.826,0,30,6019,187756.7,87.59,16,6.58
1786433136041,316,v1,0.039,0.9854,0.4943,2.4152,0.4216,0.032,0.1737,0.003411,0.607,0,30,58.17,0.408,1,0,16.501,16.501,0,30,6381,171245.7,85.04,14,12.51
1786433138416,317,v1,0.0506,0.9644,0.1485,1.841,0.6719,0.032,0.1733,0.001337,0.621,1,6,59.56,0.65,1,5658,5.0,0.255,0,30,5997,360969.7,5.04,-1,4.79
1786433140449,318,v1,0.0579,0.7709,0.3417,1.9453,0.9248,0.032,0.2271,0.001213,0.7,1,10,77.88,0.82,1,5787,9.0,0.0,0,30,5829,346656.1,0.0,-1,4.24
1786433132317,319,v1,0.0418,0.5501,0.1774,2.3909,0.7295,0.032,0.0867,0.003304,0.698,0,4,36.67,0.835,1,3528,3.0,2.373,0,30,5676,283396.4,32.52,17,12.65
1786433134387,320,v1,0.0624,0.8433,0.3098,2.4615,0.3998,0.032,0.1853,0.003597,0.644,0,13,37.18,0.911,1,3922,12.0,5.829,0,30,6667,306485.4,32.64,15,13.6
1786433136333,321,v1,0.0652,0.2334,0.1578,1.6201,0.8801,0.032,0.1412,0.002479,0.68,0,9,94.11,0.859,1,0,8.0,8.0,0,30,7229,211306.9,98.91,16,8.98
1786433138574,322,v1,0.0605,0.4155,0.1895,2.2318,0.7651,0.032,0.2439,0.003762,0.713,1,5,20.13,0.351,1,2916,4.0,2.239,0,30,6720,293464.6,47.39,16,13.71
1786433140682,323,v1,0.0101,0.3288,0.4051,1.8519,0.5215,0.032,0.083,0.003263,0.711,0,10,60.27,0.521,1,1627,9.0,7.109,0,30,6174,366986.9,0.0,-1,11.66
1786433142240,324,v1,0.0187,0.2853,0.1159,0.8213,0.4969,0.032,0.2324,0.002134,0.667,0,34,90.17,0.991,1,0,19.319,19.319,0,30,6045,193198.9,84.93,16,8.37
1786433143880,325,v1,0.0692,0.6384,0.1469,1.2629,0.2175,0.032,0.1659,0.001787,0.646,1,26,93.05,0.338,1,0,16.512,16.512,0,30,6089,172763.2,99.78,15,7.37
1786433132369,326,v1,0.0636,0.7231,0.1152,1.4734,0.9815,0.032,0.2064,0.002874,0.687,0,32,44.82,0.789,1,0,18.345,18.345,0,30,5760,171218.5,99.64,16,10.82
1786433133675,327,v1,0.0642,0.8595,0.1185,1.2694,0.3509,0.032,0.2216,0.003179,0.596,0,5,82.72,0.409,1,0,4.0,4.0,0,30,6486,159071.0,90.4,12,11.52
1786433135909,328,v1,0.0532,0.6966,0.4845,1.5109,0.8306,0.032,0.1478,0.001665,0.655,1,7,76.29,0.539,1,3803,6.0,2.032,0,30,5815,286345.6,33.02,15,6.35
1786433137103,329,v1,0.0398,0.8208,0.1994,1.686,0.5715,0.032,0.0939,0.002464,0.614,0,30,85.28,0.526,1,0,16.799,16.799,0,30,5957,161254.4,90.65,14,9.28
1786433138771,330,v1,0.0771,0.9899,0.4015,1.8082,0.4484,0.032,0.2061,0.002101,0.674,1,29,96.35,0.928,1,0,17.109,17.109,0,30,5965,174203.2,89.3,15,7.78
1786433140023,331,v1,0.0479,0.3908,0.2259,1.6029,0.7941,0.032,0.1351,0.001839,0.644,0,32,22.18,0.816,1,377,17.675,16.628,0,30,5955,178047.0,84.38,15,7.14
1786433142208,332,v1,0.0436,0.7977,0.2384,1.6697,0.7329,0.032,0.2429,0.003633,0.657,1,10,66.07,0.399,1,2781,9.0,4.984,0,30,6454,268319.1,50.26,15,13.87
1786433133239,333,v1,0.0793,0.7266,0.1261,1.3783,0.3368,0.032,0.1272,0.001631,0.635,0,25,42.55,0.838,1,0,16.239,16.239,0,30,6643,181617.7,97.02,15,6.02
1786433135831,334,v1,0.0647,0.592,0.1588,0.928,0.1957,0.032,0.1403,0.001625,0.698,1,4,60.71,0.728,1,6253,3.0,0.277,0,30,6933,376092.6,8.51,-1,6.63
1786433137510,335,v1,0.0429,0.4528,0.2541,1.3742,0.8742,0.032,0.2269,0.002703,0.693,1,5,64.55,0.419,1,3204,4.0,1.767,0,30,5780,274166.0,40.45,17,10.07
1786433139768,336,v1,0.0181,0.489,0.2675,2.2536,0.9736,0.032,0.0856,0.00326,0.591,1,9,51.0,0.982,1,6148,8.0,0.0,0,30,6304,362354.7,0.0,-1,11.71
1786433141797,337,v1,0.0267,0.8556,0.2594,1.6134,0.5234,0.032,0.1113,0.001292,0.718,1,26,54.7,0.835,1,755,15.194,12.529,0,30,5664,257655.0,69.23,18,4.75
1786433143365,338,v1,0.0276,0.8759,0.2185,1.8217,0.6433,0.032,0.1001,0.002178,0.686,0,35,70.08,0.823,1,0,20.179,20.179,0,30,6453,216314.6,88.2,17,8.28
1786433144738,339,v1,0.0464,0.6586,0.4984,1.554,0.9719,0.032,0.1227,0.003716,0.588,0,29,36.72,0.463,1,0,14.024,14.024,0,30,6060,122091.0,84.56,11,13.3
1786433133528,340,v1,0.0475,0.8075,0.1528,2.0848,0.8736,0.032,0.2474,0.001237,0.604,1,18,59.07,0.401,1,0,14.904,14.904,0,30,6284,177613.9,92.5,14,4.66
1786433136197,341,v1,0.0159,0.2199,0.1663,1.5379,0.2916,0.032,0.125,0.002821,0.668,1,4,76.81,0.838,1,6463,3.0,0.0,0,30,6514,396666.0,0.0,-1,10.52
1786433138593,342,v1,0.042,0.5204,0.2189,1.626,0.8576,0.032,0.1711,0.001971,0.685,1,7,52.49,0.965,1,6056,6.0,0.0,0,30,6133,354195.8,0.0,-1,7.68
1786433139652,343,v1,0.0661,0.2214,0.227,0.8073,0.5745,0.032,0.0704,0.001422,0.661,1,25,75.56,0.373,1,0,16.311,16.311,0,30,5520,158292.4,99.22,15,5.82
1786433140956,344,v1,0.0181,0.3081,0.2483,2.4721,0.2068,0.032,0.2273,0.002626,0.586,0,22,97.11,0.601,1,0,15.451,15.451,0,30,5912,162408.0,88.68,14,10.76
1786433142779,345,v1,0.0502,0.3755,0.2613,1.7342,0.6936,0.032,0.0722,0.001853,0.62,1,7,51.58,0.429,1,3188,6.0,2.691,0,30,5847,259265.5,40.78,15,7.23
1786433144897,346,v1,0.0611,0.2057,0.2538,1.1997,0.3698,0.032,0.1036,0.001672,0.66,0,28,71.62,0.721,1,0,16.875,16.875,0,30,7050,193358.9,97.33,15,6.51
1786433133850,347,v1,0.0425,0.8358,0.4695,2.203,0.9654,0.032,0.1302,0.001616,0.635,1,16,37.68,0.455,1,698,14.911,13.167,0,30,6128,201950.7,78.11,15,6.33
1786433135375,348,v1,0.0592,0.284,0.3271,0.9073,0.4821,0.032,0.1979,0.002615,0.652,1,30,69.81,0.879,1,0,16.836,16.836,0,30,5269,144153.6,90.64,14,10.5
1786433137279,349,v1,0.0546,0.4537,0.4715,1.7037,0.5165,0.032,0.1335,0.003585,0.665,0,6,64.24,0.782,1,3716,5.0,3.138,0,30,6095,278016.2,32.33,15,13.62
1786433139273,350,v1,0.0678,0.8295,0.1453,1.8173,0.3302,0.032,0.1778,0.002267,0.686,1,6,31.97,0.328,1,2709,5.0,2.75,0,30,6102,282149.7,53.55,16,9.01
1786433141243,351,v1,0.0496,0.4265,0.1751,1.8225,0.3472,0.032,0.1633,0.003165,0.631,1,17,92.43,0.56,1,0,15.088,15.088,0,30,7322,204010.4,91.23,15,12.48
1786433142484,352,v1,0.0485,0.2293,0.1871,1.2211,0.4757,0.032,0.084,0.003021,0.583,0,26,27.99,0.945,1,596,14.29,13.037,0,30,6171,160041.1,85.66,11,11.31
1786433144523,353,v1,0.045,0.3976,0.379,2.0486,0.2974,0.032,0.1879,0.003102,0.69,0,30,89.61,0.538,1,0,18.496,18.496,0,30,6713,210747.1,88.9,16,11.4
1786433135001,354,v1,0.0369,0.9732,0.266,0.9075,0.5726,0.032,0.1208,0.001598,0.646,1,16,69.78,0.432,1,740,14.841,13.258,0,30,7163,211283.8,77.47,15,6.06
1786433136566,355,v1,0.0255,0.9462,0.2675,1.9795,0.8791,0.032,0.0836,0.002804,0.687,0,26,32.69,0.547,1,0,19.106,19.106,0,30,6707,221405.6,88.98,17,10.82
1786433138606,356,v1,0.0725,0.9658,0.4096,1.0529,0.4248,0.032,0.201,0.0017,0.637,1,6,47.65,0.376,1,2777,5.0,2.581,0,30,5787,258008.0,43.94,14,6.41
1786433139785,357,v1,0.0337,0.2354,0.2009,0.8265,0.1967,0.032,0.0663,0.002465,0.595,1,36,29.66,0.556,1,652,16.166,14.356,0,30,6330,149008.6,86.1,12,9.49
1786433141619,358,v1,0.0794,0.7597,0.2722,1.8101,0.9374,0.032,0.0869,0.002682,0.687,0,18,89.0,0.495,1,0,15.376,15.376,0,30,6041,175300.8,85.27,15,10.06
1786433142751,359,v1,0.054,0.2565,0.3033,2.1772,0.5681,0.032,0.1186,0.003582,0.635,0,19,21.7,0.59,1,362,15.466,14.577,0,30,5807,171943.0,86.13,15,13.57
1786433144371,360,v1,0.0292,0.7929,0.3057,1.2954,0.6911,0.032,0.1302,0.001205,0.581,1,13,92.97,0.637,1,0,11.349,11.349,0,30,5409,108441.9,88.64,11,4.84
1786433136982,361,v1,0.0187,0.2515,0.4934,2.4092,0.1564,0.032,0.2355,0.003468,0.695,0,12,53.08,0.789,1,3305,11.0,6.028,0,30,6251,287947.9,38.4,18,13.63
1786433138866,362,v1,0.0639,0.9981,0.2165,1.8251,0.9755,0.032,0.2229,0.002158,0.719,0,31,43.1,0.647,1,0,18.422,18.422,0,30,6453,195543.1,86.04,16,7.81
1786433140886,363,v1,0.041,0.8256,0.4908,1.2679,0.8563,0.032,0.1432,0.003017,0.691,0,11,61.29,0.703,1,2430,10.0,7.161,0,30,7061,275959.9,54.68,16,11.32
1786433142537,364,v1,0.0731,0.8713,0.2058,2.3395,0.1998,0.032,0.1382,0.003705,0.679,0,4,30.31,0.4,1,1572,3.0,2.739,0,30,6085,270506.1,73.88,16,13.53
1786433144218,365,v1,0.0444,0.6302,0.3484,1.1315,0.4917,0.032,0.1237,0.003067,0.593,1,28,70.66,0.894,1,0,14.344,14.344,0,30,5962,132884.7,85.65,11,11.1
1786433146620,366,v1,0.013,0.9929,0.4426,1.7576,0.6179,0.032,0.2173,0.00196,0.688,0,17,37.13,0.88,1,3983,16.0,6.534,0,30,6083,327556.5,14.86,-1,7.46
1786433148928,367,v1,0.0482,0.3834,0.361,1.2187,0.5064,0.032,0.0834,0.002735,0.712,1,8,88.13,0.509,1,4386,7.0,2.094,0,30,6399,341551.7,27.04,17,10.75
1786433142541,368,v1,0.0295,0.3584,0.3523,2.1744,0.2106,0.032,0.2268,0.00266,0.623,1,29,95.27,0.587,1,0,17.162,17.162,0,30,5803,167193.3,84.35,15,10.25
1786433144464,369,v1,0.0688,0.479,0.1593,2.3853,0.7958,0.032,0.2387,0.001309,0.592,1,23,34.43,0.427,1,626,15.427,13.914,0,30,6499,192459.5,86.06,14,4.92
1786433145853,370,v1,0.0372,0.5919,0.3473,0.9259,0.4328,0.032,0.1137,0.001383,0.718,1,27,68.03,0.473,1,0,18.692,18.692,0,30,5786,176380.3,87.22,17,5.62
1786433147775,371,v1,0.0794,0.5959,0.3859,1.6742,0.4825,0.032,0.1695,0.003011,0.692,0,28,96.21,0.441,1,0,17.276,17.276,0,30,6264,178792.3,90.02,15,10.9
1786433149106,372,v1,0.0712,0.821,0.3773,2.259,0.4303,0.032,0.1678,0.003522,0.608,1,34,34.38,0.749,1,830,17.271,14.508,0,30,5797,169593.9,86.13,14,13.28
1786433150648,373,v1,0.0479,0.7945,0.3676,1.2526,0.829,0.032,0.1806,0.00281,0.686,0,13,65.33,0.678,1,2807,12.0,7.129,0,30,5977,259888.0,47.26,15,10.49
1786433152266,374,v1,0.0181,0.6471,0.3521,1.2385,0.8023,0.032,0.13,0.00147,0.704,1,29,30.04,0.741,1,645,16.57,14.118,0,30,5419,230538.8,74.15,18,5.87
1786433144796,375,v1,0.0332,0.4669,0.404,1.5226,0.7161,0.032,0.0787,0.002703,0.628,1,17,23.82,0.605,1,796,14.83,12.947,0,30,6540,203719.4,95.91,14,10.31
1786433146155,376,v1,0.0325,0.3559,0.3276,1.8437,0.144,0.032,0.1547,0.001435,0.593,1,23,94.29,0.924,1,0,14.55,14.55,0,30,5670,141156.8,90.89,12,5.82
1786433148228,377,v1,0.0483,0.947,0.4572,1.3283,0.6811,0.032,0.1896,0.002734,0.701,0,11,33.38,0.476,1,1514,10.0,7.827,0,30,5717,219704.3,61.7,16,9.67
1786433149683,378,v1,0.0193,0.8366,0.4987,1.8993,0.2263,0.032,0.1637,0.002963,0.687,1,17,83.91,0.333,1,2443,16.0,10.074,0,30,6900,303392.5,55.43,18,10.39
1786433152028,379,v1,0.0239,0.497,0.1659,2.249,0.3928,0.032,0.1739,0.002309,0.647,1,30,27.45,0.653,1,1006,19.21,16.591,0,30,7877,238979.5,88.58,17,9.05
1786433152832,380,v1,0.0176,0.8335,0.4883,0.9408,0.6498,0.032,0.0969,0.002499,0.671,1,26,69.98,0.432,1,0,17.542,17.542,0,30,6202,187776.8,87.24,16,10.13
1786433154007,381,v1,0.0318,0.9843,0.2198,1.4987,0.6224,0.032,0.1423,0.00331,0.691,1,23,67.86,0.867,1,1036,17.66,14.683,0,30,6541,240262.3,83.98,17,12.75
1786433147277,382,v1,0.0746,0.5138,0.4136,2.2058,0.2012,0.032,0.0634,0.002998,0.665,1,5,93.16,0.604,1,4956,4.0,0.79,0,30,6261,317214.8,18.85,-1,11.32
1786433148784,383,v1,0.0579,0.9947,0.1378,1.1535,0.7744,0.032,0.137,0.003166,0.653,0,15,87.96,0.545,1,0,14.0,14.0,0,30,5856,165943.4,85.96,15,12.0
1786433149757,384,v1,0.0169,0.7513,0.1156,1.3673,0.4198,0.032,0.1422,0.001472,0.658,0,23,31.33,0.64,1,0,17.876,17.876,0,30,6279,202019.4,87.65,17,6.1
1786433151544,385,v1,0.0184,0.4121,0.428,0.9046,0.3495,0.032,0.1219,0.003081,0.689,0,32,55.32,0.817,1,0,19.802,19.802,0,30,5946,193306.1,83.91,17,12.24
1786433152762,386,v1,0.0726,0.9706,0.1577,1.5557,0.3516,0.032,0.1113,0.003569,0.609,1,13,80.96,0.646,1,4294,12.0,1.445,0,30,5107,259445.7,11.04,-1,13.77
1786433153692,387,v1,0.0178,0.2552,0.1167,2.2002,0.3144,0.032,0.0796,0.002334,0.623,0,21,45.58,0.825,1,0,16.848,16.848,0,30,6045,188598.2,85.84,15,9.21
1786433154687,388,v1,0.0194,0.5321,0.3376,1.3192,0.9962,0.032,0.2105,0.002736,0.658,1,25,36.66,0.396,1,456,17.573,16.146,0,30,5952,193284.8,90.28,16,10.58
1786433147012,389,v1,0.0418,0.9964,0.2542,1.5677,0.5287,0.032,0.1336,0.002086,0.631,0,28,33.06,0.97,1,0,16.76,16.76,0,30,6426,177888.6,91.63,15,8.12
1786433148565,390,v1,0.0397,0.5411,0.4123,0.8022,0.7378,0.032,0.2235,0.002602,0.602,1,19,76.62,0.661,1,0,11.992,11.992,0,30,6505,136342.1,85.31,11,10.59
1786433150568,391,v1,0.0423,0.3224,0.3967,1.6061,0.8243,0.032,0.1155,0.003216,0.698,1,7,85.78,0.933,1,6562,6.0,0.0,0,30,6683,382537.3,0.0,-1,11.96
1786433152258,392,v1,0.0427,0.44,0.1753,1.142,0.6817,0.032,0.0721,0.002336,0.68,0,33,91.23,0.896,1,0,18.327,18.327,0,30,6542,197638.9,85.32,15,8.88
1786433153437,393,v1,0.0272,0.5318,0.1516,1.4295,0.27,0.032,0.1777,0.002562,0.663,1,10,43.09,0.378,1,3548,9.0,4.149,0,30,6742,297382.9,40.31,17,10.2
1786433154440,394,v1,0.078,0.5569,0.4642,1.1548,0.4445,0.032,0.0944,0.002519,0.641,0,4,93.1,0.772,1,0,3.0,3.0,0,30,6122,169161.8,86.32,14,9.52
1786433155478,395,v1,0.0699,0.9598,0.3842,1.7631,0.3705,0.032,0.1681,0.003726,0.604,1,9,27.29,0.495,1,3711,8.0,3.366,0,30,6585,295888.3,40.62,14,13.88
1786433147872,396,v1,0.0654,0.776,0.391,2.3041,0.5526,0.032,0.1264,0.002654,0.645,0,9,99.84,0.768,1,0,8.0,8.0,0,30,6701,192422.7,100.0,15,9.67
1786433149494,397,v1,0.058,0.8485,0.4997,2.2266,0.3493,0.032,0.2208,0.001692,0.71,0,7,59.95,0.489,1,2148,6.0,4.651,0,30,6427,289629.6,56.51,16,6.63
1786433151007,398,v1,0.058,0.864,0.307,1.6212,0.6751,0.032,0.1337,0.003552,0.665,0,17,96.85,0.937,1,0,15.267,15.267,0,30,6106,173450.1,84.62,15,12.87
1786433152371,399,v1,0.0752,0.3661,0.4596,2.4712,0.8122,0.032,0.21,0.00311,0.594,1,30,48.95,0.736,1,672,16.373,14.313,0,30,5762,161747.6,100.0,14,10.85
1786433163061,400,v1,0.0547,0.5093,0.4762,1.7922,0.2143,0.032,0.1149,0.002671,0.715,1,32,36.5,0.739,1,1316,20.229,16.677,0,30,8003,307445.0,91.84,16,10.18
1786433164751,401,v1,0.0662,0.6859,0.4347,1.4106,0.207,0.032,0.1188,0.002297,0.607,0,14,76.28,0.587,1,0,12.757,12.757,0,30,6567,159738.6,85.19,12,8.88
1786433166530,402,v1,0.0394,0.5301,0.2417,1.0714,0.3349,0.032,0.2031,0.003709,0.693,1,24,39.44,0.322,1,331,17.42,16.376,0,30,5982,188362.7,87.35,16,14.06
1786433169307,403,v1,0.0799,0.964,0.1251,2.2974,0.8858,0.032,0.2117,0.001208,0.625,1,8,96.31,0.826,1,6008,7.0,0.0,0,30,6058,354519.5,0.0,-1,4.57
1786433171746,404,v1,0.0105,0.4798,0.2872,2.2309,0.2596,0.032,0.1387,0.002519,0.67,1,26,75.99,0.779,1,0,7.867,7.867,0,30,5823,295999.8,36.84,19,9.86
1786433174218,405,v1,0.0333,0.7596,0.2037,2.2684,0.5379,0.032,0.1648,0.001715,0.649,0,13,65.05,0.933,1,2777,12.0,7.258,0,30,5969,261474.4,44.62,16,6.47
1786433175650,406,v1,0.0517,0.3552,0.211,1.8261,0.5757,0.032,0.1608,0.003214,0.718,0,29,90.09,0.313,1,0,18.544,18.544,0,30,5912,183791.9,88.28,16,11.49
1786433164127,407,v1,0.0744,0.9964,0.4303,2.4929,0.3791,0.032,0.0657,0.002554,0.621,0,6,47.8,0.961,1,4614,5.0,2.985,0,30,6949,332957.5,30.64,15,9.11
1786433166891,408,v1,0.0601,0.6131,0.4136,1.5567,0.9428,0.032,0.1075,0.002291,0.681,1,7,79.01,0.823,1,6553,6.0,0.0,0,30,6645,379811.7,0.0,-1,9.1
1786433169858,409,v1,0.0303,0.6803,0.2443,1.5239,0.9779,0.032,0.1427,0.001242,0.685,1,17,53.33,0.397,1,3416,16.0,8.625,0,30,7587,330523.3,45.72,16,5.31
1786433172296,410,v1,0.0666,0.8102,0.4015,0.997,0.7204,0.032,0.0804,0.001908,0.58,1,7,39.71,0.57,1,4133,6.0,1.668,0,30,5785,290440.7,24.05,10,7.36
1786433175048,411,v1,0.0619,0.9145,0.3967,1.6003,0.2993,0.032,0.1559,0.002074,0.608,1,10,25.65,0.908,1,6096,9.0,0.0,0,30,6204,378141.8,0.0,-1,8.17
1786433176722,412,v1,0.0114,0.7905,0.4435,1.0967,0.9406,0.032,0.2273,0.002523,0.615,0,26,46.18,0.555,1,0,14.746,14.746,0,30,5387,130485.1,87.77,12,9.54
1786433178702,413,v1,0.0611,0.2512,0.3806,1.546,0.1187,0.032,0.2485,0.002257,0.678,1,16,64.11,0.49,1,1066,15.0,12.222,0,30,5974,219507.1,71.57,15,9.09
1786433164021,414,v1,0.0663,0.7378,0.268,2.4375,0.4378,0.032,0.1115,0.003644,0.592,1,18,25.11,0.8,1,1115,14.411,11.92,0,30,6791,218924.1,92.76,14,13.33
1786433165764,415,v1,0.0578,0.5752,0.2246,2.0351,0.9874,0.032,0.086,0.003124,0.601,0,14,90.17,0.801,1,0,13.0,13.0,0,30,7533,190612.2,85.42,14,11.47
1786433168220,416,v1,0.0409,0.4068,0.2938,1.9892,0.2482,0.032,0.2299,0.001833,0.698,1,19,89.51,0.571,1,0,16.944,16.944,0,30,6641,238353.6,83.84,16,7.35
1786433170278,417,v1,0.0374,0.7245,0.2146,1.9682,0.1799,0.032,0.1378,0.001621,0.617,0,4,74.25,0.704,1,2211,3.0,2.637,0,30,6123,236875.2,62.17,15,6.39
1786433171940,418,v1,0.0679,0.5348,0.4054,2.4003,0.8198,0.032,0.2159,0.002039,0.598,0,34,81.14,0.312,1,0,17.035,17.035,0,30,6172,170428.3,99.98,14,7.65
1786433173708,419,v1,0.0225,0.5327,0.21,2.3052,0.8613,0.032,0.1283,0.00235,0.61,0,20,38.04,0.758,1,0,15.95,15.95,0,30,5643,165868.1,84.33,15,8.86
1786433175034,420,v1,0.0658,0.7528,0.3371,1.5938,0.7038,0.032,0.1848,0.002716,0.604,1,34,73.64,0.714,1,0,16.759,16.759,0,30,5832,136406.1,94.98,13,9.64
1786433164691,421,v1,0.0168,0.8792,0.374,2.2368,0.4991,0.032,0.2042,0.001268,0.693,1,36,97.56,0.662,1,0,11.273,11.273,0,30,6028,297775.5,51.59,19,4.73
1786433166417,422,v1,0.0438,0.9896,0.1368,2.0569,0.8999,0.032,0.1251,0.001975,0.679,1,34,27.65,0.967,1,964,19.305,16.119,0,30,6193,208886.4,94.1,16,7.75
1786433168453,423,v1,0.0514,0.9711,0.439,0.9985,0.6578,0.032,0.0793,0.003701,0.718,0,29,81.82,0.544,1,0,17.979,17.979,0,30,6229,178614.7,84.43,16,14.11
1786433170308,424,v1,0.0509,0.6171,0.3924,1.1378,0.2146,0.032,0.0699,0.002906,0.686,0,32,45.6,0.691,1,0,17.883,17.883,0,30,6656,188771.6,88.23,15,11.33
1786433171819,425,v1,0.0288,0.375,0.453,2.2431,0.6484,0.032,0.156,0.001412,0.639,1,36,23.74,0.868,1,914,18.507,15.361,0,30,5602,167096.0,89.12,15,5.02
1786433174588,426,v1,0.0147,0.2038,0.4211,1.4667,0.4971,0.032,0.2041,0.002239,0.712,0,19,30.62,0.374,1,1162,18.0,15.01,0,30,6486,345422.7,24.61,19,8.8
1786433176423,427,v1,0.0453,0.3406,0.2431,0.9154,0.2826,0.032,0.2039,0.001255,0.592,1,13,91.48,0.409,1,317,11.391,10.854,0,30,7201,155996.0,85.24,10,4.99
1786433165187,428,v1,0.0559,0.2381,0.2124,2.2789,0.1171,0.032,0.0671,0.002899,0.655,0,17,42.01,0.361,1,0,15.45,15.45,0,30,7039,220073.3,89.07,15,10.7
1786433167758,429,v1,0.0675,0.6077,0.1405,1.2707,0.8904,0.032,0.1622,0.003025,0.604,1,4,49.85,0.578,1,3761,3.0,1.019,0,30,5746,273674.8,29.53,14,12.15
1786433170021,430,v1,0.0433,0.3675,0.4211,2.0487,0.8449,0.032,0.078,0.003586,0.593,1,13,79.1,0.531,1,3596,12.0,4.997,0,30,6416,273254.9,36.1,13,13.14
1786433171850,431,v1,0.0118,0.6109,0.4753,1.5388,0.6196,0.032,0.1021,0.001856,0.66,0,32,89.32,0.47,1,0,18.978,18.978,0,30,5840,179940.6,88.9,16,6.73
1786433174074,432,v1,0.0586,0.507,0.4115,1.4415,0.2722,0.032,0.192,0.002317,0.7,0,35,49.65,0.489,1,0,18.975,18.975,0,30,6149,194702.7,83.86,15,8.47
1786433175880,433,v1,0.0555,0.2988,0.1224,0.8209,0.7997,0.032,0.0576,0.003418,0.606,0,5,64.97,0.804,1,2400,4.0,3.148,0,30,5699,220123.5,49.13,13,12.98
1786433177933,434,v1,0.0695,0.3471,0.184,0.8035,0.6687,0.032,0.0599,0.00198,0.618,1,21,87.07,0.76,1,0,14.795,14.795,0,30,6160,162386.6,98.33,14,7.5
1786433165492,435,v1,0.0443,0.7343,0.354,2.4334,0.1668,0.032,0.1083,0.001355,0.657,0,9,85.34,0.926,1,0,8.0,8.0,0,30,6924,210867.3,84.89,15,5.39
1786433167868,436,v1,0.0719,0.3884,0.3918,1.2302,0.6028,0.032,0.1662,0.003195,0.702,1,32,77.51,0.981,1,0,17.93,17.93,0,30,6190,174440.8,90.43,15,12.07
1786433169304,437,v1,0.0301,0.5602,0.477,2.354,0.2181,0.032,0.1288,0.003266,0.599,0,24,67.52,0.447,1,0,15.12,15.12,0,30,6006,154060.5,87.05,13,12.64
1786433172431,438,v1,0.0708,0.6075,0.1233,0.8056,0.8276,0.032,0.2158,0.002021,0.692,1,12,31.46,0.627,1,5774,11.0,1.952,0,30,7177,367149.4,21.99,34,8.12
1786433175209,439,v1,0.0377,0.5683,0.2862,0.9511,0.9216,0.032,0.232,0.001213,0.624,1,10,98.32,0.676,1,6105,9.0,0.053,0,30,6210,377475.6,0.56,-1,4.52
1786433178067,440,v1,0.0581,0.2803,0.232,2.4313,0.1538,0.032,0.1632,0.002747,0.669,0,15,78.14,0.923,1,3238,14.0,7.526,0,30,6239,289118.4,38.61,16,9.78
1786433179919,441,v1,0.0257,0.2194,0.2221,1.1151,0.2531,0.032,0.0696,0.00299,0.683,0,32,67.8,0.988,1,0,19.45,19.45,0,30,6674,212256.6,84.18,17,11.13
1786433166376,442,v1,0.0219,0.9829,0.3722,2.1326,0.4136,0.032,0.0727,0.001874,0.591,1,20,55.11,0.592,1,704,14.832,13.034,0,30,5974,184107.4,84.49,14,7.01
1786433168574,443,v1,0.0278,0.9099,0.221,1.7506,0.6391,0.032,0.1972,0.002729,0.691,1,29,55.6,0.547,1,641,19.197,17.072,0,30,6193,215155.1,86.3,17,9.96
1786433171489,444,v1,0.0154,0.2138,0.2595,1.6166,0.9087,0.032,0.0818,0.00344,0.707,1,36,50.62,0.709,1,22,0.502,0.411,0,30,6184,362808.1,2.17,-1,12.44
1786433173198,445,v1,0.0453,0.2036,0.4983,1.5015,0.6211,0.032,0.0968,0.003317,0.655,1,20,22.39,0.617,1,691,15.654,13.729,0,30,5944,184164.6,84.07,15,12.85
1786433174972,446,v1,0.0631,0.4172,0.4813,1.6677,0.9516,0.032,0.1629,0.002986,0.62,0,31,52.27,0.463,1,0,16.577,16.577,0,30,6365,169124.8,96.04,14,11.34
1786433177010,447,v1,0.0125,0.9403,0.184,0.9308,0.7393,0.032,0.1211,0.001859,0.599,0,20,62.4,0.609,1,0,13.944,13.944,0,30,6429,154810.7,85.09,12,7.42
1786433178717,448,v1,0.0329,0.6503,0.3524,2.2863,0.5264,0.032,0.1205,0.002333,0.591,1,23,26.33,0.594,1,784,15.308,13.135,0,30,5766,170086.6,84.46,14,8.62
1786433167229,449,v1,0.0377,0.2569,0.3714,2.1701,0.8243,0.032,0.1815,0.001418,0.692,1,27,81.36,0.451,1,0,18.497,18.497,0,30,6048,196903.6,88.07,17,5.65
1786433168838,450,v1,0.0232,0.3816,0.2863,2.1399,0.638,0.032,0.1924,0.001598,0.613,0,18,64.4,0.808,1,0,15.17,15.17,0,30,5996,174395.3,84.74,14,5.97
1786433171776,451,v1,0.0236,0.5032,0.2341,1.1097,0.9529,0.032,0.1141,0.002711,0.719,1,4,61.84,0.932,1,6589,3.0,0.0,0,30,6646,385346.4,0.0,-1,10.37
1786433173735,452,v1,0.0405,0.8143,0.4779,2.4234,0.685,0.032,0.0868,0.00359,0.65,0,15,93.56,0.846,1,0,14.0,14.0,0,30,6568,184298.7,92.96,15,13.7
1786433175453,453,v1,0.0425,0.8588,0.1574,1.5005,0.8131,0.032,0.0768,0.001696,0.632,1,21,59.86,0.935,1,0,15.812,15.812,0,30,6623,191322.0,84.36,15,6.51
1786433177508,454,v1,0.0717,0.3184,0.3841,1.5963,0.118,0.032,0.1252,0.003512,0.628,0,30,91.47,0.619,1,0,16.575,16.575,0,30,5903,160119.0,85.19,14,12.16
1786433179999,455,v1,0.0405,0.887,0.2131,1.5282,0.9125,0.032,0.2309,0.001819,0.711,1,7,77.09,0.664,1,4416,6.0,1.382,0,30,5803,313557.9,20.08,18,7.65
1786433178099,456,v1,0.0757,0.3551,0.3637,1.3023,0.4629,0.032,0.1987,0.001762,0.63,0,9,71.34,0.577,1,0,8.0,8.0,0,30,6828,168148.8,93.68,14,6.91
1786433180494,457,v1,0.0188,0.5269,0.4397,2.1373,0.9232,0.032,0.1573,0.002559,0.717,0,11,25.83,0.939,1,3022,10.0,5.9,0,30,6055,310643.4,25.45,19,9.27
1786433183057,458,v1,0.012,0.4208,0.2309,2.268,0.2468,0.032,0.0863,0.00238,0.682,0,17,63.26,0.626,1,2597,16.0,9.665,0,30,5980,357521.3,0.0,-1,9.41
1786433185084,459,v1,0.0786,0.6345,0.4256,1.7898,0.3769,0.032,0.2372,0.002608,0.619,0,32,43.36,0.432,1,0,16.69,16.69,0,30,6630,173601.8,98.84,14,9.88
1786433187110,460,v1,0.0478,0.5919,0.1419,1.5056,0.5907,0.032,0.0506,0.003131,0.69,1,28,42.51,0.851,1,1032,18.086,15.209,0,30,6981,226201.8,89.13,16,11.98
1786433188747,461,v1,0.0477,0.9188,0.3954,1.6619,0.9463,0.032,0.111,0.00141,0.716,0,18,26.89,0.697,1,382,16.481,15.485,0,30,5876,196849.7,78.47,16,5.09
1786433191119,462,v1,0.0243,0.2117,0.2354,2.1077,0.3017,0.032,0.2267,0.002247,0.673,0,36,78.93,0.508,1,0,19.9,19.9,0,30,6587,214218.0,87.02,16,8.53
1786433179409,463,v1,0.0508,0.7434,0.4444,1.8966,0.2431,0.032,0.2408,0.002655,0.635,1,6,54.29,0.478,1,3860,5.0,1.806,0,30,6121,291634.6,35.61,15,10.11
1786433181571,464,v1,0.0717,0.7418,0.4754,2.3385,0.2422,0.032,0.2164,0.002231,0.682,0,9,92.99,0.906,1,0,8.0,8.0,0,30,6148,188296.0,91.68,15,8.65
1786433184000,465,v1,0.0375,0.2947,0.4763,1.8353,0.1079,0.032,0.1811,0.003372,0.648,1,9,32.78,0.572,1,5066,8.0,1.29,0,30,6207,341487.6,14.62,-1,12.21
1786433185698,466,v1,0.0432,0.8132,0.2081,1.0431,0.6901,0.032,0.2441,0.002444,0.591,1,24,38.83,0.788,1,851,13.221,11.347,0,30,6262,159996.3,86.08,10,8.58
1786433187748,467,v1,0.0585,0.8542,0.3182,2.3166,0.9747,0.032,0.1819,0.002474,0.585,1,28,25.17,0.406,1,571,15.379,13.938,0,30,6445,172341.0,91.02,12,9.11
1786433189217,468,v1,0.0705,0.4287,0.1831,2.4339,0.2428,0.032,0.1947,0.003768,0.592,0,18,37.16,0.858,1,0,14.441,14.441,0,30,6685,175277.4,90.14,14,14.36
1786433191723,469,v1,0.0577,0.3743,0.3779,1.5683,0.8733,0.032,0.25,0.001357,0.663,1,30,58.94,0.381,1,0,17.248,17.248,0,30,7074,195264.1,92.15,15,5.54
1786433180547,470,v1,0.0161,0.5272,0.2755,1.5932,0.8037,0.032,0.0539,0.003346,0.709,0,30,56.93,0.561,1,0,7.579,7.579,0,30,6073,300766.2,36.74,19,12.6
1786433182233,471,v1,0.0382,0.9257,0.1314,1.6622,0.6969,0.032,0.1724,0.002743,0.679,0,13,99.58,0.387,1,0,12.0,12.0,0,30,5613,170819.3,90.23,16,10.1
1786433184415,472,v1,0.0432,0.8943,0.3445,1.685,0.784,0.032,0.2387,0.00131,0.703,0,13,31.91,0.407,1,1633,12.0,9.33,0,30,6204,234215.9,64.2,16,5.29
1786433185931,473,v1,0.0293,0.7861,0.1358,0.9317,0.2379,0.032,0.1713,0.00246,0.672,0,29,79.28,0.544,1,0,18.224,18.224,0,30,5854,173993.8,84.92,16,9.51
1786433188040,474,v1,0.0373,0.6945,0.2966,2.4531,0.4753,0.032,0.0647,0.002776,0.664,0,27,43.1,0.63,1,0,17.969,17.969,0,30,6474,200725.8,90.3,16,9.72
1786433189583,475,v1,0.0567,0.4014,0.1694,2.0928,0.6531,0.032,0.245,0.001951,0.694,1,23,31.77,0.483,1,492,17.501,15.94,0,30,5720,198256.3,92.08,16,7.19
1786433192335,476,v1,0.0472,0.6562,0.1133,2.3454,0.7803,0.032,0.078,0.001835,0.586,0,13,72.81,0.817,1,3796,12.0,6.275,0,30,6779,311344.5,38.74,14,7.15
1786433180943,477,v1,0.0558,0.8296,0.3364,1.8433,0.6066,0.032,0.2182,0.002735,0.651,1,36,57.73,0.61,1,0,18.217,18.217,0,30,6194,166893.7,97.14,15,10.33
1786433182673,478,v1,0.0516,0.6025,0.2182,2.4751,0.6871,0.032,0.126,0.001366,0.642,1,18,30.27,0.617,1,949,15.568,13.177,0,30,6298,205274.9,89.17,15,5.18
1786433184500,479,v1,0.0453,0.6838,0.3741,1.2623,0.7025,0.032,0.1071,0.002977,0.632,1,35,84.33,0.361,1,0,17.52,17.52,0,30,6161,166680.1,86.42,14,11.43
1786433186011,480,v1,0.0503,0.4484,0.4711,2.2736,0.3287,0.032,0.2461,0.003514,0.684,0,25,79.72,0.463,1,0,17.17,17.17,0,30,6046,172624.7,86.58,15,13.07
1786433188855,481,v1,0.0435,0.9312,0.4176,1.3262,0.198,0.032,0.1058,0.001204,0.641,1,5,47.14,0.848,1,6345,4.0,0.0,0,30,6379,375328.9,0.0,-1,4.53
1786433190793,482,v1,0.0754,0.4428,0.3872,1.6397,0.4039,0.032,0.1757,0.002971,0.586,1,27,41.36,0.767,1,912,13.945,11.616,0,30,5839,153232.7,93.53,11,11.2
1786433192342,483,v1,0.0443,0.8256,0.2398,1.5819,0.5993,0.032,0.2331,0.002981,0.634,0,28,36.1,0.319,1,0,16.848,16.848,0,30,6111,172251.3,96.43,15,11.37
1786433181871,484,v1,0.0239,0.8654,0.3108,0.9701,0.8988,0.032,0.0597,0.003478,0.664,1,4,64.48,0.362,1,2586,3.0,1.663,0,30,5858,250469.5,47.65,16,13.67
1786433184032,485,v1,0.0459,0.786,0.2433,1.6723,0.4853,0.032,0.2088,0.002651,0.649,1,23,42.28,0.786,1,1089,16.166,13.54,0,30,7068,241826.7,85.06,15,9.96
1786433185593,486,v1,0.0105,0.7528,0.4559,0.9088,0.6631,0.032,0.1702,0.002736,0.634,0,25,42.33,0.986,1,0,15.93,15.93,0,30,6619,178746.8,83.9,14,11.32
1786433188312,487,v1,0.0258,0.8853,0.1616,2.0475,0.5956,0.032,0.0609,0.003266,0.669,1,7,98.49,0.44,1,3679,6.0,2.574,0,30,6549,301960.0,37.88,18,12.06
1786433190479,488,v1,0.0159,0.6998,0.2055,0.8545,0.3835,0.032,0.0735,0.003738,0.621,0,12,68.44,0.946,1,3536,11.0,4.499,0,30,5095,250367.7,27.37,15,14.31
1786433193063,489,v1,0.0536,0.4523,0.4029,1.1935,0.6262,0.032,0.0996,0.001635,0.662,1,11,77.66,0.74,1,5425,10.0,0.927,0,30,6087,343382.9,9.29,-1,6.74
1786433195621,490,v1,0.0184,0.3775,0.3754,2.3821,0.3622,0.032,0.2273,0.00297,0.625,1,7,90.39,0.649,1,5059,6.0,0.518,0,30,5625,307414.2,7.54,-1,11.15
1786433182495,491,v1,0.0183,0.6459,0.3288,1.9534,0.4175,0.032,0.1152,0.0026,0.709,1,33,86.89,0.489,1,0,6.616,6.616,0,30,5880,311030.7,30.57,19,10.07
1786433184503,492,v1,0.0513,0.9533,0.2415,1.0124,0.4571,0.032,0.1557,0.001868,0.686,0,23,97.86,0.42,1,0,16.56,16.56,0,30,6417,195346.6,84.02,15,6.97
1786433186090,493,v1,0.0388,0.6137,0.3708,1.5404,0.297,0.032,0.2224,0.00225,0.682,1,30,79.2,0.868,1,0,18.592,18.592,0,30,6804,208647.5,94.1,16,8.38
1786433188567,494,v1,0.0643,0.2075,0.3611,2.2114,0.2537,0.032,0.0733,0.003755,0.646,0,6,39.91,0.682,1,2823,5.0,3.683,0,30,6552,270838.5,54.18,15,13.61
1786433191732,495,v1,0.06,0.8512,0.4382,1.6997,0.6349,0.032,0.0765,0.001769,0.66,1,15,94.66,0.565,1,4688,14.0,3.552,0,30,6418,341084.4,25.31,15,6.25
1786433193264,496,v1,0.0501,0.9354,0.2111,2.152,0.5683,0.032,0.2386,0.001429,0.597,1,29,90.4,0.891,1,0,16.539,16.539,0,30,6073,169200.4,87.93,14,5.66
1786433195210,497,v1,0.0475,0.3514,0.4308,1.1208,0.3378,0.032,0.2262,0.003469,0.687,1,34,97.2,0.369,1,0,18.417,18.417,0,30,6019,178579.7,85.98,15,12.16
1786433183520,498,v1,0.0169,0.2942,0.4664,2.0217,0.854,0.032,0.1201,0.001529,0.706,1,33,93.58,0.347,1,0,11.615,11.615,0,30,6981,302692.2,52.61,19,6.0
1786433185442,499,v1,0.044,0.319,0.3394,2.2208,0.4286,0.032,0.2031,0.002151,0.637,0,16,33.31,0.553,1,672,14.847,13.475,0,30,6579,207559.8,75.68,15,8.54
1786433187455,500,v1,0.0254,0.3355,0.1188,2.1161,0.4779,0.032,0.0554,0.001494,0.666,1,36,22.65,0.466,1,608,20.429,18.38,0,30,6337,217539.7,86.2,17,5.71
1786433189573,501,v1,0.044,0.3035,0.4773,1.0769,0.1498,0.032,0.2011,0.003108,0.665,0,14,33.41,0.837,1,3940,12.985,5.8,0,30,6261,305103.7,32.31,15,11.77
1786433191481,502,v1,0.0124,0.2619,0.4875,2.4651,0.2736,0.032,0.2133,0.003246,0.639,0,35,38.37,0.626,1,0,19.529,19.529,0,30,5609,177045.8,92.9,16,12.27
1786433193588,503,v1,0.0631,0.8372,0.3701,2.4311,0.3161,0.032,0.0907,0.002334,0.712,0,17,91.58,0.657,1,0,16.0,16.0,0,30,6904,249650.6,90.05,16,8.71
1786433195391,504,v1,0.0618,0.7322,0.1415,2.4765,0.5768,0.032,0.0569,0.001585,0.621,1,35,53.18,0.312,1,387,18.033,16.756,0,30,5748,163693.9,99.73,15,6.3
1786433183171,505,v1,0.0322,0.9834,0.2067,2.4632,0.142,0.032,0.1297,0.002768,0.586,1,16,58.52,0.319,1,162,14.663,14.251,0,30,5731,162308.9,93.07,14,10.03
1786433185004,506,v1,0.0373,0.4058,0.1703,2.2769,0.7181,0.032,0.1174,0.003559,0.635,0,22,43.95,0.826,1,0,16.451,16.451,0,30,6073,172375.6,93.55,15,12.68
1786433186564,507,v1,0.0332,0.8493,0.3882,1.8291,0.5656,0.032,0.1591,0.002075,0.638,0,33,95.88,0.562,1,0,17.697,17.697,0,30,5851,160383.9,84.38,15,7.57
1786433188321,508,v1,0.0577,0.8086,0.3144,0.8778,0.312,0.032,0.1529,0.00363,0.619,0,8,94.12,0.33,1,0,7.0,7.0,0,30,6236,154654.7,92.48,13,12.94
1786433190246,509,v1,0.0326,0.4527,0.2211,1.2361,0.5232,0.032,0.147,0.001519,0.58,1,26,23.8,0.66,1,842,13.535,11.708,0,30,6442,163850.6,87.96,11,5.85
1786433192392,510,v1,0.0229,0.3728,0.4414,1.3816,0.3012,0.032,0.1229,0.003538,0.706,1,35,50.33,0.955,1,879,19.27,15.987,0,30,6282,233945.6,81.39,17,13.05
1786433195246,511,v1,0.0176,0.5467,0.333,1.0163,0.7293,0.032,0.0792,0.001434,0.696,1,17,78.48,0.766,1,5520,16.0,0.132,0,30,5700,354627.1,0.74,-1,5.7
1786433194135,512,v1,0.0584,0.7594,0.3943,1.2203,0.5868,0.032,0.0955,0.001828,0.673,1,13,28.57,0.374,1,3045,12.0,6.25,0,30,6488,268832.7,49.03,15,6.77
1786433195704,513,v1,0.0509,0.2109,0.3268,2.3301,0.3743,0.032,0.0845,0.002113,0.629,0,23,67.88,0.857,1,0,15.882,15.882,0,30,6049,170443.0,89.2,14,7.82
1786433197654,514,v1,0.0402,0.4795,0.248,2.3255,0.7948,0.032,0.1707,0.002514,0.709,1,31,26.9,0.885,1,974,20.001,16.727,0,30,6394,231964.7,84.37,18,9.98
1786433198997,515,v1,0.0779,0.7918,0.4582,1.2998,0.8368,0.032,0.1024,0.002011,0.652,0,21,87.14,0.53,1,0,15.296,15.296,0,30,5745,154742.3,89.85,14,7.99
1786433200978,516,v1,0.0329,0.3565,0.4975,1.6631,0.9389,0.032,0.0953,0.002589,0.651,0,24,49.87,0.873,1,0,16.523,16.523,0,30,6478,185962.5,88.26,15,10.1
1786433203517,517,v1,0.033,0.7305,0.4387,2.2279,0.6289,0.032,0.1522,0.003141,0.585,1,9,81.19,0.75,1,5283,8.0,0.979,0,30,6172,343383.7,11.29,-1,11.42
1786433205546,518,v1,0.0756,0.3721,0.4088,2.0804,0.3864,0.032,0.1014,0.001546,0.616,0,10,21.55,0.412,1,1837,9.0,7.053,0,30,6677,244500.5,63.11,14,6.17
1786433193945,519,v1,0.0278,0.2789,0.1084,1.9338,0.4482,0.032,0.0518,0.002552,0.688,0,22,40.16,0.982,1,0,17.223,17.223,0,30,6107,233237.8,82.08,18,9.81
1786433195769,520,v1,0.0766,0.7241,0.3082,0.9096,0.8171,0.032,0.2122,0.003324,0.688,0,20,67.12,0.424,1,0,15.572,15.572,0,30,7091,186027.3,94.32,15,12.34
1786433197733,521,v1,0.0743,0.9756,0.2263,1.847,0.3829,0.032,0.0902,0.003005,0.71,0,16,80.97,0.828,1,2096,15.0,9.694,0,30,5392,236541.1,49.63,15,11.28
1786433199402,522,v1,0.0482,0.7005,0.4743,2.3924,0.9472,0.032,0.068,0.002599,0.592,0,8,67.67,0.693,1,2413,7.0,4.862,0,30,5742,226241.1,50.6,13,9.63
1786433201881,523,v1,0.0442,0.7691,0.1228,2.2418,0.7825,0.032,0.2256,0.002131,0.666,0,29,90.16,0.793,1,0,18.34,18.34,0,30,7153,211676.9,87.43,16,8.15
1786433203818,524,v1,0.0558,0.822,0.4346,2.3939,0.7161,0.032,0.1245,0.002233,0.658,0,16,34.49,0.352,1,464,15.0,14.035,0,30,6461,201038.5,78.56,15,8.08
1786433205576,525,v1,0.0556,0.3504,0.254,1.4061,0.1711,0.032,0.1223,0.001554,0.625,1,26,23.94,0.434,1,665,16.246,14.646,0,30,6952,216500.0,94.28,14,6.19
1786433195395,526,v1,0.0736,0.9108,0.3066,2.3629,0.4293,0.032,0.207,0.003317,0.654,1,22,37.21,0.781,1,929,15.866,13.62,0,30,6989,217304.0,94.57,15,12.53
1786433196833,527,v1,0.0488,0.3944,0.3875,0.9115,0.4038,0.032,0.0764,0.001208,0.621,1,25,87.97,0.689,1,0,15.122,15.122,0,30,6516,165229.4,92.17,13,4.62
1786433198408,528,v1,0.0488,0.3588,0.1381,1.6878,0.2464,0.032,0.1648,0.00306,0.615,0,29,82.78,0.654,1,0,16.629,16.629,0,30,5254,139753.5,89.65,14,11.06
1786433199753,529,v1,0.0155,0.5373,0.1122,2.0972,0.389,0.032,0.1366,0.00201,0.621,0,26,42.18,0.792,1,0,17.871,17.871,0,30,5750,184988.8,87.36,16,8.09
1786433201939,530,v1,0.0517,0.2915,0.345,0.9097,0.4547,0.032,0.1292,0.002589,0.695,1,36,59.58,0.861,1,0,18.849,18.849,0,30,6531,189440.3,95.68,15,10.08
1786433203510,531,v1,0.0616,0.375,0.4483,2.0209,0.302,0.032,0.2229,0.002666,0.613,0,24,70.84,0.734,1,0,15.344,15.344,0,30,6165,155233.8,85.02,14,9.76
1786433205306,532,v1,0.0222,0.5054,0.3904,2.4974,0.9539,0.032,0.221,0.002573,0.641,1,18,47.12,0.727,1,599,16.562,14.854,0,30,5944,205303.9,88.65,16,9.74
1786433196357,533,v1,0.012,0.5328,0.3705,2.0298,0.6064,0.032,0.0708,0.001721,0.71,0,36,79.79,0.935,1,0,3.58,3.58,0,30,6373,354988.9,16.58,-1,6.84
1786433198870,534,v1,0.0204,0.2556,0.2916,2.1637,0.7025,0.032,0.2108,0.002433,0.704,1,18,23.62,0.764,1,5590,17.0,0.0,0,30,5821,358339.3,0.0,-1,9.12
1786433200613,535,v1,0.0191,0.4475,0.2042,1.2942,0.5337,0.032,0.2155,0.002488,0.613,1,20,69.33,0.509,1,0,15.342,15.342,0,30,6082,170436.9,95.31,14,9.32
1786433202462,536,v1,0.0529,0.8311,0.4949,2.0043,0.2578,0.032,0.0786,0.002164,0.676,1,22,42.91,1.0,1,992,16.572,13.844,0,30,6263,216663.9,96.5,16,8.22
1786433205122,537,v1,0.0642,0.8063,0.3343,1.918,0.7532,0.032,0.1376,0.003402,0.589,1,5,84.93,0.587,1,4336,4.0,1.077,0,30,6011,288578.9,24.83,14,13.14
1786433206927,538,v1,0.0648,0.8132,0.4681,2.2511,0.73,0.032,0.1221,0.002063,0.587,0,9,61.07,0.642,1,2087,8.0,5.909,0,30,6069,223252.3,57.76,13,7.27
1786433208407,539,v1,0.0346,0.896,0.447,1.9733,0.2245,0.032,0.1971,0.00151,0.632,1,20,74.87,0.917,1,0,15.265,15.265,0,30,5913,164975.1,93.22,14,5.94
1786433197629,540,v1,0.0357,0.9182,0.1303,1.5001,0.5367,0.032,0.1761,0.001847,0.694,0,16,80.96,0.336,1,0,15.0,15.0,0,30,6475,209775.7,85.8,17,7.26
1786433199108,541,v1,0.0659,0.7734,0.4704,1.4951,0.2045,0.032,0.1583,0.002721,0.593,1,12,78.68,0.746,1,1977,10.957,6.885,0,30,5503,194085.0,59.82,11,10.72
1786433201215,542,v1,0.044,0.8994,0.3397,2.455,0.3668,0.032,0.1545,0.001401,0.635,0,35,66.01,0.86,1,0,18.285,18.285,0,30,6376,189884.1,86.18,15,5.27
1786433203924,543,v1,0.0335,0.8133,0.232,1.2773,0.8374,0.032,0.2379,0.003652,0.689,1,16,33.21,0.656,1,4382,15.0,3.921,0,30,6262,331794.6,24.22,17,13.48
1786433205483,544,v1,0.0401,0.2013,0.1961,1.6168,0.1058,0.032,0.088,0.003752,0.683,0,21,48.93,0.997,1,0,16.755,16.755,0,30,6358,218623.7,87.65,16,14.27
1786433207291,545,v1,0.029,0.9496,0.4925,0.9318,0.2626,0.032,0.1541,0.002785,0.612,0,28,27.31,0.472,1,257,14.732,14.226,0,30,6864,163113.4,85.69,12,10.69
1786433208765,546,v1,0.0599,0.9368,0.1164,2.0588,0.8879,0.032,0.2396,0.002415,0.618,1,18,22.46,0.588,1,763,14.903,12.852,0,30,5706,185036.1,92.95,14,9.34
1786433198802,547,v1,0.0151,0.8119,0.3748,1.0021,0.2694,0.032,0.1864,0.001971,0.71,0,28,87.69,0.862,1,0,14.009,14.009,0,30,6399,277811.1,68.48,19,7.2
1786433200773,548,v1,0.0307,0.4738,0.1178,1.9382,0.6898,0.032,0.0908,0.003601,0.697,1,34,98.69,0.384,1,0,18.009,18.009,0,30,6306,228901.4,79.75,18,14.03
1786433202435,549,v1,0.07,0.3213,0.1432,2.2533,0.2394,0.032,0.1141,0.003328,0.664,0,14,90.52,0.974,1,0,13.0,13.0,0,30,6078,209883.2,95.45,15,12.37
1786433204443,550,v1,0.0615,0.7837,0.2731,2.2365,0.456,0.032,0.1899,0.003377,0.681,1,26,29.76,0.332,1,370,17.547,16.341,0,30,5745,188357.6,83.82,16,11.71
1786433205865,551,v1,0.0142,0.7752,0.2123,1.0919,0.6473,0.032,0.1413,0.00318,0.678,0,20,59.96,0.933,1,0,17.949,17.949,0,30,6554,209416.1,86.43,17,12.53
1786433207701,552,v1,0.0253,0.8818,0.401,1.5677,0.6336,0.032,0.1829,0.001463,0.583,1,27,55.48,0.917,1,0,13.668,13.668,0,30,6923,154310.6,88.28,11,5.37
1786433209369,553,v1,0.0622,0.2547,0.4387,1.1382,0.2865,0.032,0.2454,0.002751,0.673,0,14,88.1,0.374,1,0,13.0,13.0,0,30,6365,174661.3,99.93,15,9.82
1786433198716,554,v1,0.0149,0.2195,0.4108,2.1555,0.9756,0.032,0.1469,0.003428,0.62,0,14,84.52,0.57,1,1776,13.0,9.542,0,30,5935,221631.4,57.68,15,12.94
1786433200906,555,v1,0.0407,0.2325,0.4535,1.3276,0.4118,0.032,0.0974,0.00282,0.688,1,9,80.13,0.311,1,2457,8.0,4.826,0,30,6346,264609.8,51.12,16,10.89
1786433203772,556,v1,0.0683,0.4798,0.2778,2.1446,0.843,0.032,0.187,0.001494,0.613,1,9,67.16,0.774,1,6212,8.0,0.0,0,30,6283,386798.6,0.0,-1,5.98
1786433205235,557,v1,0.0366,0.7341,0.4572,1.1356,0.132,0.032,0.1262,0.001558,0.601,0,36,40.44,0.784,1,0,15.801,15.801,0,30,5749,128083.3,87.87,11,5.88
1786433206744,558,v1,0.0545,0.8876,0.215,1.0852,0.4343,0.032,0.1395,0.001278,0.7,1,30,48.78,0.647,1,832,18.114,15.638,0,30,6265,206536.4,88.19,16,5.17
1786433208533,559,v1,0.0102,0.5584,0.371,0.991,0.4218,0.032,0.0785,0.002661,0.66,0,18,74.18,0.774,1,1234,16.357,13.344,0,30,6409,230082.4,68.57,16,9.47
1786433210443,560,v1,0.0351,0.7096,0.3048,2.2077,0.5797,0.032,0.2138,0.003067,0.593,0,33,94.22,0.489,1,0,16.925,16.925,0,30,5838,156278.5,84.08,14,11.46
1786433199583,561,v1,0.0191,0.2805,0.1175,1.9804,0.6045,0.032,0.1102,0.002049,0.697,1,31,27.91,0.885,1,523,12.516,10.454,0,30,5408,251475.4,55.19,18,7.53
1786433202022,562,v1,0.0619,0.3362,0.1694,1.2313,0.9263,0.032,0.0872,0.002981,0.665,1,9,78.99,0.517,1,3518,8.0,2.586,0,30,5331,266920.9,28.02,15,11.57
1786433204794,563,v1,0.0437,0.2069,0.2314,1.4441,0.7864,0.032,0.2056,0.002887,0.67,1,14,30.99,0.862,1,5865,13.0,0.241,0,30,6195,342486.4,1.77,-1,10.4
1786433206365,564,v1,0.0205,0.5098,0.435,0.9317,0.7853,0.032,0.2327,0.002224,0.645,0,15,26.83,0.974,1,1990,13.996,9.874,0,30,5976,225530.5,55.72,14,8.15
1786433208404,565,v1,0.0601,0.4542,0.3382,0.8639,0.238,0.032,0.1201,0.003048,0.622,0,10,64.23,0.879,1,3133,9.0,5.25,0,30,6019,258544.1,42.87,14,11.35
1786433210406,566,v1,0.0269,0.2928,0.3886,1.1361,0.8333,0.032,0.1582,0.001567,0.701,1,30,21.41,0.848,1,970,19.085,15.967,0,30,6180,217475.5,90.76,16,5.91
1786433211708,567,v1,0.0654,0.2117,0.355,2.0984,0.2001,0.032,0.1055,0.001555,0.669,0,24,27.07,0.816,1,454,16.655,15.365,0,30,5265,182626.5,91.9,15,6.15
1786433208491,568,v1,0.0212,0.7939,0.3629,2.3158,0.9571,0.032,0.0696,0.003726,0.636,1,11,77.61,0.674,1,5911,10.0,0.351,0,30,6346,366379.0,3.03,-1,13.41
1786433210277,569,v1,0.02,0.7299,0.469,2.1449,0.3439,0.032,0.2174,0.003291,0.637,1,24,79.09,0.719,1,0,16.823,16.823,0,30,5939,171972.5,84.17,15,11.84
1786433212149,570,v1,0.08,0.2246,0.4934,1.3252,0.8152,0.032,0.0781,0.001434,0.673,0,14,36.97,0.836,1,3138,13.0,7.803,0,30,6791,282137.7,58.22,15,5.61
1786433213698,571,v1,0.0213,0.7118,0.2514,1.9996,0.1189,0.032,0.2083,0.00237,0.648,0,5,23.22,0.966,1,3990,4.0,2.66,0,30,6020,302329.8,29.97,17,8.6
1786433215080,572,v1,0.0458,0.5087,0.3965,2.0562,0.6265,0.032,0.1861,0.001983,0.596,1,21,50.18,0.511,1,690,14.725,12.953,0,30,5905,171603.3,97.13,14,7.47
1786433215914,573,v1,0.0776,0.8015,0.2963,1.7473,0.5655,0.032,0.1521,0.002429,0.583,0,25,75.55,0.63,1,0,14.442,14.442,0,30,6161,147421.2,94.48,12,9.22
1786433217074,574,v1,0.059,0.5867,0.2634,1.0194,0.9115,0.032,0.1913,0.002245,0.643,1,22,21.99,0.935,1,832,15.709,13.279,0,30,5551,180814.6,96.15,15,7.96
1786433207978,575,v1,0.0218,0.3213,0.2613,2.1075,0.3855,0.032,0.1137,0.002844,0.6,0,26,39.13,0.848,1,0,16.532,16.532,0,30,6253,175538.8,92.76,15,10.36
1786433209966,576,v1,0.01,0.5551,0.2379,2.0163,0.1415,0.032,0.0809,0.003178,0.643,0,34,94.96,0.664,1,0,16.307,16.307,0,30,6254,248682.4,70.24,18,11.96
1786433211686,577,v1,0.0152,0.998,0.2983,2.4537,0.679,0.032,0.0565,0.001215,0.615,1,27,37.46,0.878,1,1067,17.578,14.781,0,30,6878,229133.3,84.43,16,4.7
1786433212796,578,v1,0.0361,0.4417,0.4354,0.8452,0.1078,0.032,0.0868,0.001881,0.629,0,36,33.06,0.881,1,0,17.351,17.351,0,30,7102,182557.2,97.65,14,7.46
1786433214699,579,v1,0.0589,0.5903,0.1993,2.4822,0.6475,0.032,0.2361,0.003567,0.682,0,5,32.02,0.883,1,3039,4.0,3.006,0,30,6198,282502.6,42.32,16,13.55
1786433215577,580,v1,0.0525,0.3426,0.4036,0.8815,0.6069,0.032,0.1021,0.003132,0.588,0,33,63.99,0.334,1,0,13.694,13.694,0,30,5716,105608.7,90.65,9,11.69
1786433216682,581,v1,0.0329,0.4037,0.2991,1.1332,0.6429,0.032,0.1846,0.00143,0.682,1,35,53.97,0.809,1,0,19.335,19.335,0,30,6769,214066.0,91.58,16,5.7
1786433208887,582,v1,0.032,0.751,0.3758,1.4354,0.9541,0.032,0.1305,0.003744,0.635,0,5,43.49,0.51,1,1773,4.0,3.406,0,30,6072,226813.1,65.06,15,14.02
1786433210813,583,v1,0.0648,0.7111,0.2239,0.9566,0.8124,0.032,0.2285,0.002571,0.673,1,20,55.94,0.303,1,411,15.717,14.58,0,30,5935,187479.8,85.01,15,9.76
1786433212074,584,v1,0.0338,0.2727,0.4641,2.1219,0.8914,0.032,0.1938,0.002761,0.682,0,26,44.19,0.806,1,0,17.898,17.898,0,30,6185,198238.2,92.81,16,10.56
1786433213752,585,v1,0.0615,0.6875,0.2332,2.0055,0.29,0.032,0.2386,0.003297,0.612,1,14,52.17,0.828,1,5757,13.0,0.0,0,30,6017,347725.7,0.0,-1,12.88
1786433215471,586,v1,0.0301,0.7509,0.3245,1.644,0.2819,0.032,0.0685,0.003422,0.686,0,7,20.74,0.593,1,2080,6.0,4.654,0,30,6312,250188.5,57.01,17,13.51
1786433216365,587,v1,0.0347,0.485,0.4316,1.6758,0.9338,0.032,0.2023,0.00238,0.709,0,22,99.14,0.945,1,0,17.705,17.705,0,30,6032,189543.0,84.08,17,9.08
1786433217885,588,v1,0.0145,0.5185,0.4154,2.341,0.3672,0.032,0.1561,0.003285,0.62,1,13,55.34,0.725,1,6333,12.0,0.0,0,30,6572,404419.6,0.0,-1,11.69
1786433210979,589,v1,0.0301,0.7717,0.1092,2.4197,0.6356,0.032,0.1336,0.001379,0.633,0,30,36.21,0.597,1,0,17.942,17.942,0,30,6238,192343.0,84.89,15,5.34
1786433212193,590,v1,0.0619,0.9228,0.174,1.7672,0.9988,0.032,0.2483,0.002661,0.695,0,20,21.65,0.897,1,448,16.408,15.283,0,30,5968,197455.6,92.91,16,10.05
1786433213157,591,v1,0.0305,0.9044,0.3937,2.4609,0.3843,0.032,0.1864,0.002801,0.636,0,27,62.22,0.975,1,0,17.158,17.158,0,30,5824,159035.1,84.68,15,10.78
1786433214733,592,v1,0.0606,0.5162,0.3354,1.1502,0.9213,0.032,0.1633,0.003023,0.68,0,31,26.44,0.86,1,467,17.616,16.412,0,30,6618,192784.2,86.36,15,11.95
1786433215807,593,v1,0.0504,0.5884,0.4024,1.9948,0.3654,0.032,0.1491,0.002415,0.636,0,25,20.29,0.971,1,782,16.075,14.312,0,30,6579,203202.1,92.98,14,10.2
1786433217282,594,v1,0.0603,0.5345,0.305,1.6469,0.1075,0.032,0.1543,0.002409,0.7,0,9,73.29,0.609,1,2600,8.0,5.509,0,30,6388,305868.9,52.16,16,9.11
1786433218025,595,v1,0.0252,0.8327,0.3004,1.3761,0.4465,0.032,0.1606,0.001479,0.659,0,36,29.35,0.43,1,330,18.946,17.993,0,30,6114,182985.5,86.2,15,5.51
1786433211931,596,v1,0.0161,0.2376,0.164,2.1595,0.9468,0.032,0.2305,0.002177,0.697,1,19,83.03,0.308,1,2073,18.0,11.513,0,30,6025,337585.1,21.16,19,8.71
1786433212897,597,v1,0.0295,0.2166,0.3641,1.8044,0.1682,0.032,0.0725,0.002501,0.613,0,5,75.11,0.639,1,0,4.0,4.0,0,30,6383,172991.9,89.28,14,9.59
1786433214433,598,v1,0.0352,0.6032,0.2438,2.0033,0.6798,0.032,0.1762,0.00366,0.719,1,26,20.63,0.58,1,707,19.099,16.697,0,30,6086,217506.4,86.31,18,13.44
1786433215660,599,v1,0.0797,0.3642,0.2537,1.6833,0.8009,0.032,0.1351,0.002163,0.645,0,35,78.7,0.816,1,0,18.011,18.011,0,30,6665,179289.7,99.6,15,8.16
1786433225753,600,v1,0.0771,0.3646,0.2354,0.8104,0.5248,0.032,0.0673,0.001358,0.613,0,29,94.78,0.556,1,0,16.106,16.106,0,30,5921,156058.3,97.75,14,5.34
1786433227255,601,v1,0.0173,0.5755,0.235,1.048,0.3297,0.032,0.0648,0.001688,0.612,0,21,60.4,0.492,1,0,15.192,15.192,0,30,5986,160824.9,88.09,14,7.05
1786433228683,602,v1,0.0301,0.4576,0.1136,1.1795,0.285,0.032,0.2439,0.002502,0.657,1,18,23.36,0.382,1,312,16.221,15.326,0,30,5762,176815.4,86.88,16,9.67
1786433231089,603,v1,0.0541,0.6842,0.1334,2.3715,0.4532,0.032,0.2031,0.002575,0.621,0,9,22.91,0.895,1,3662,8.0,4.012,0,30,5635,259714.2,29.24,15,10.36
1786433232463,604,v1,0.0319,0.9015,0.4729,1.3792,0.77,0.032,0.0703,0.003556,0.676,0,19,95.18,0.461,1,0,16.253,16.253,0,30,6090,181613.9,91.12,16,13.68
1786433234019,605,v1,0.0554,0.3289,0.4261,0.9628,0.4998,0.032,0.0778,0.003739,0.694,0,23,50.77,0.839,1,0,16.529,16.529,0,30,5453,146248.0,92.34,15,13.79
1786433235387,606,v1,0.0414,0.5556,0.4361,1.7359,0.9897,0.032,0.0705,0.00371,0.68,1,34,96.35,0.335,1,0,18.663,18.663,0,30,6351,189583.9,93.5,16,13.16
1786433226336,607,v1,0.0431,0.3643,0.3465,1.0632,0.608,0.032,0.2034,0.001344,0.677,0,34,60.38,0.821,1,0,18.172,18.172,0,30,5893,175310.7,87.36,15,5.53
1786433227836,608,v1,0.0125,0.4741,0.1024,2.4271,0.2456,0.032,0.135,0.002661,0.584,1,19,24.55,0.614,1,635,15.733,13.917,0,30,5718,190376.1,89.11,15,10.72
1786433229541,609,v1,0.0114,0.3382,0.3422,1.169,0.4934,0.032,0.2332,0.002511,0.605,1,27,52.35,0.998,1,996,15.726,13.077,0,30,6236,187851.1,84.31,13,9.35
1786433231473,610,v1,0.079,0.8371,0.3268,2.0426,0.5258,0.032,0.1474,0.001287,0.689,1,24,58.4,0.498,1,0,16.779,16.779,0,30,6756,207634.3,93.87,15,4.96
1786433233241,611,v1,0.013,0.3692,0.3641,1.4329,0.3783,0.032,0.0872,0.002435,0.626,1,32,79.85,0.619,1,0,17.648,17.648,0,30,6623,193834.5,86.45,15,8.61
1786433234643,612,v1,0.051,0.3913,0.4481,1.7057,0.4811,0.032,0.1209,0.00291,0.613,0,8,34.36,0.593,1,1580,7.0,5.439,0,30,5175,189481.7,68.4,14,11.34
1786433236547,613,v1,0.0632,0.823,0.3551,1.3938,0.55,0.032,0.1227,0.001617,0.622,1,34,48.31,0.82,1,993,17.172,14.441,0,30,6512,171961.7,84.93,14,5.54
1786433227478,614,v1,0.0356,0.7119,0.3464,1.4799,0.1583,0.032,0.1587,0.001473,0.676,1,20,24.37,0.808,1,1115,16.311,13.654,0,30,6992,228286.2,84.04,16,5.58
1786433229178,615,v1,0.0104,0.4993,0.1459,1.9033,0.3688,0.032,0.1468,0.002018,0.649,1,13,93.28,0.992,1,5535,12.0,0.0,0,30,5676,329771.2,0.0,-1,8.03
1786433231049,616,v1,0.0555,0.8411,0.4416,1.7202,0.8375,0.032,0.162,0.00352,0.646,0,35,51.32,0.786,1,0,17.776,17.776,0,30,6461,169374.0,93.18,14,12.99
1786433232311,617,v1,0.0568,0.7606,0.3524,1.4189,0.5089,0.032,0.1952,0.001414,0.649,1,25,77.81,0.435,1,0,16.095,16.095,0,30,5797,165086.7,93.17,14,5.95
1786433233976,618,v1,0.0319,0.3775,0.1804,1.3517,0.3615,0.032,0.0943,0.003129,0.629,0,27,51.46,0.688,1,0,16.521,16.521,0,30,6108,169839.6,96.59,15,11.98
1786433236128,619,v1,0.0464,0.301,0.458,2.3593,0.6717,0.032,0.1592,0.003104,0.705,1,16,58.11,0.504,1,4565,15.0,4.11,0,30,6582,340287.2,23.21,17,12.26
1786433237868,620,v1,0.0319,0.3795,0.294,0.9655,0.9915,0.032,0.0563,0.001761,0.709,1,27,29.75,0.725,1,889,18.494,15.634,0,30,5971,205166.4,88.35,16,6.46
1786433227672,621,v1,0.0168,0.5825,0.1669,0.8604,0.9503,0.032,0.0523,0.002739,0.608,0,18,47.52,0.704,1,0,14.441,14.441,0,30,6596,164611.4,87.05,14,10.34
1786433229078,622,v1,0.0506,0.7766,0.4388,2.1723,0.623,0.032,0.2452,0.002487,0.609,1,29,66.46,0.887,1,0,16.371,16.371,0,30,5552,147039.8,85.09,14,9.6
1786433231433,623,v1,0.0689,0.3886,0.4429,1.5312,0.9118,0.032,0.1164,0.00274,0.599,1,4,49.06,0.645,1,4501,3.0,0.787,0,30,6140,299573.2,22.41,13,10.49
1786433233619,624,v1,0.0177,0.2524,0.224,1.0575,0.1847,0.032,0.1752,0.001448,0.691,0,19,27.38,0.58,1,1126,17.91,15.245,0,30,6929,293016.9,63.6,18,5.73
1786433236210,625,v1,0.0238,0.341,0.2203,1.697,0.7825,0.032,0.1727,0.002632,0.635,0,9,56.87,0.82,1,4198,8.0,4.479,0,30,7310,340987.2,36.24,16,9.93
1786433237934,626,v1,0.0451,0.6763,0.3011,2.4153,0.8701,0.032,0.1274,0.00244,0.584,1,19,42.25,0.861,1,990,14.599,12.289,0,30,6475,207232.3,92.41,14,9.37
1786433240124,627,v1,0.0524,0.7262,0.3469,1.7668,0.5689,0.032,0.2337,0.002109,0.71,0,31,49.54,0.968,1,0,18.932,18.932,0,30,6735,203389.4,94.81,17,8.36
1786433228176,628,v1,0.0321,0.3973,0.2792,2.4918,0.6242,0.032,0.1198,0.002888,0.687,0,22,84.31,0.315,1,0,18.103,18.103,0,30,5748,181572.9,88.61,17,10.4
1786433229703,629,v1,0.0519,0.4082,0.1758,1.12,0.1357,0.032,0.1925,0.003739,0.654,0,9,97.52,0.867,1,0,8.0,8.0,0,30,5708,165225.6,93.79,15,13.72
1786433231368,630,v1,0.0238,0.8618,0.2068,2.2258,0.8639,0.032,0.1315,0.001525,0.641,0,29,97.77,0.777,1,0,18.385,18.385,0,30,5850,178676.4,87.93,16,6.1
1786433233662,631,v1,0.0109,0.2953,0.3658,1.9468,0.1484,0.032,0.1175,0.003391,0.677,1,5,86.43,0.481,1,4202,4.0,1.137,0,30,5943,311675.8,13.4,-1,12.62
1786433235165,632,v1,0.0171,0.2461,0.1905,1.7585,0.84,0.032,0.2221,0.002136,0.68,1,33,44.27,0.357,1,355,15.201,13.932,0,30,5998,247714.7,65.93,17,7.92
1786433236967,633,v1,0.0125,0.634,0.3651,1.3038,0.9475,0.032,0.0697,0.002703,0.638,0,30,37.83,0.749,1,0,17.987,17.987,0,30,5283,157964.0,85.56,15,9.98
1786433238543,634,v1,0.0689,0.9751,0.4721,1.6272,0.8023,0.032,0.0709,0.002066,0.707,0,15,90.01,0.521,1,0,14.0,14.0,0,30,6420,185885.1,98.69,16,8.27
1786433229724,635,v1,0.0185,0.4369,0.3628,1.1371,0.4179,0.032,0.1502,0.002876,0.717,0,18,47.75,0.962,1,2882,17.0,9.857,0,30,6344,332844.3,24.23,19,10.94
1786433231594,636,v1,0.0255,0.2276,0.2336,2.3877,0.6396,0.032,0.2171,0.003518,0.682,1,18,31.43,0.409,1,1583,17.0,12.188,0,30,5937,245321.3,57.31,17,13.27
1786433233349,637,v1,0.0565,0.5098,0.1049,0.8559,0.5183,0.032,0.0736,0.002692,0.65,1,33,93.44,0.899,1,0,17.718,17.718,0,30,6483,183019.3,98.15,15,10.47
1786433234785,638,v1,0.0429,0.6335,0.4368,2.0189,0.2293,0.032,0.1714,0.003317,0.619,1,20,69.91,0.669,1,0,15.178,15.178,0,30,6902,181610.0,91.49,14,12.32
1786433236712,639,v1,0.013,0.4335,0.2633,1.3049,0.8477,0.032,0.1766,0.002555,0.654,0,21,68.45,0.527,1,0,17.211,17.211,0,30,6960,202325.0,86.95,16,9.77
1786433238634,640,v1,0.021,0.6541,0.3877,0.9768,0.1876,0.032,0.0713,0.002604,0.708,1,34,28.69,0.512,1,575,18.39,16.27,0,30,6221,248260.6,76.98,17,9.74
1786433240657,641,v1,0.0714,0.4318,0.3596,2.4085,0.4477,0.032,0.127,0.002447,0.709,0,5,93.42,0.908,1,0,4.0,4.0,0,30,7081,224817.8,85.03,16,8.85
1786433229604,642,v1,0.0103,0.5433,0.1234,1.0461,0.3305,0.032,0.1047,0.001422,0.651,0,22,33.49,0.774,1,0,18.221,18.221,0,30,6669,224988.4,84.52,17,5.34
1786433231367,643,v1,0.0402,0.7095,0.1978,1.165,0.3192,0.032,0.168,0.001884,0.581,1,13,43.14,0.766,1,1778,11.448,7.609,0,30,5522,191563.3,67.09,11,7.28
1786433233876,644,v1,0.0238,0.212,0.2224,2.0381,0.9136,0.032,0.247,0.002691,0.661,1,5,72.26,0.887,1,6025,4.0,0.0,0,30,6093,354908.9,0.0,-1,10.5
1786433235126,645,v1,0.0742,0.9807,0.4662,0.9611,0.7374,0.032,0.1349,0.003494,0.616,0,26,22.97,0.946,1,542,14.973,13.722,0,30,6084,159184.5,84.29,13,12.77
1786433237647,646,v1,0.0732,0.3058,0.4763,0.8891,0.901,0.032,0.1477,0.001455,0.674,1,8,61.58,0.542,1,4752,7.0,1.456,0,30,6048,313331.9,20.3,34,5.82
1786433239211,647,v1,0.0717,0.9995,0.3414,2.121,0.5724,0.032,0.2218,0.003417,0.588,0,34,65.57,0.822,1,0,15.671,15.671,0,30,6169,143084.1,90.03,11,12.51
1786433241038,648,v1,0.0628,0.4372,0.2186,1.5364,0.5844,0.032,0.1135,0.00307,0.715,0,24,68.82,0.581,1,0,17.171,17.171,0,30,7575,219719.5,84.59,16,10.8
1786433230119,649,v1,0.0371,0.9769,0.4656,2.0275,0.3258,0.032,0.1689,0.002023,0.588,0,18,43.86,0.993,1,0,12.773,12.773,0,30,6588,154173.2,84.46,11,7.97
1786433231885,650,v1,0.0407,0.3291,0.3488,1.5513,0.8604,0.032,0.1291,0.001264,0.662,1,34,30.6,0.762,1,1149,18.274,15.207,0,30,7059,231697.1,90.09,15,4.8
1786433233889,651,v1,0.0455,0.922,0.4837,1.0403,0.9605,0.032,0.1229,0.001391,0.695,1,30,71.35,0.388,1,0,17.751,17.751,0,30,6777,198903.5,88.83,15,5.46
1786433235165,652,v1,0.0214,0.3579,0.4739,1.3373,0.3078,0.032,0.174,0.001373,0.61,0,34,24.43,0.771,1,513,16.3,15.062,0,30,6106,149988.3,84.11,13,4.91
1786433236815,653,v1,0.0686,0.5062,0.3534,1.1159,0.6751,0.032,0.1824,0.003368,0.701,1,23,26.18,0.897,1,904,16.532,13.729,0,30,5669,189943.3,92.58,15,11.94
1786433238125,654,v1,0.0764,0.6492,0.4715,2.2812,0.2964,0.032,0.0789,0.002183,0.621,1,20,67.9,0.798,1,0,14.908,14.908,0,30,6137,168140.4,84.84,14,8.42
1786433240058,655,v1,0.0454,0.3504,0.4364,1.8991,0.1864,0.032,0.1394,0.003127,0.662,0,29,92.55,0.352,1,0,17.441,17.441,0,30,6206,179524.1,89.24,15,12.33
1786433237777,656,v1,0.0734,0.9228,0.3295,1.2565,0.4707,0.032,0.0999,0.002605,0.617,0,36,90.25,0.769,1,0,17.265,17.265,0,30,5755,156337.4,97.73,14,9.63
1786433240549,657,v1,0.0102,0.2854,0.4024,2.379,0.4678,0.032,0.1407,0.002599,0.678,1,7,97.25,0.355,1,2763,6.0,3.493,0,30,6712,342230.0,25.6,19,9.73
1786433242470,658,v1,0.05,0.3579,0.155,2.4506,0.3504,0.032,0.0875,0.001605,0.661,1,36,28.23,0.695,1,1067,19.288,16.103,0,30,6738,217408.5,86.57,16,6.08
1786433244084,659,v1,0.0335,0.5429,0.3586,1.0208,0.2415,0.032,0.0507,0.001309,0.608,0,31,54.16,0.537,1,0,15.762,15.762,0,30,7090,182824.8,88.33,12,5.44
1786433246021,660,v1,0.0482,0.8062,0.3985,1.9352,0.3987,0.032,0.2033,0.002745,0.587,0,24,34.16,0.591,1,0,14.344,14.344,0,30,5999,141571.0,89.55,12,9.43
1786433247417,661,v1,0.0224,0.2717,0.2452,2.0673,0.7105,0.032,0.1175,0.003548,0.674,1,35,44.09,0.502,1,661,19.918,17.632,0,30,6440,210343.3,87.16,17,12.97
1786433249993,662,v1,0.0445,0.601,0.4326,2.1747,0.7783,0.032,0.206,0.002423,0.639,1,14,48.88,0.91,1,6015,13.0,0.0,0,30,6203,366766.4,0.0,-1,9.19
1786433238475,663,v1,0.0531,0.2442,0.2282,2.3917,0.6563,0.032,0.2461,0.002681,0.585,1,22,53.23,0.721,1,0,15.042,15.042,0,30,5909,159920.0,96.77,14,10.2
1786433240568,664,v1,0.0761,0.4299,0.4617,2.1754,0.7928,0.032,0.2147,0.002585,0.705,1,12,61.31,0.608,1,5005,11.0,1.393,0,30,5900,330868.7,11.78,-1,10.31
1786433241913,665,v1,0.0442,0.5698,0.1589,0.8593,0.3386,0.032,0.2026,0.001225,0.656,0,14,88.25,0.366,1,0,13.0,13.0,0,30,6162,181628.4,86.48,15,4.61
1786433243616,666,v1,0.045,0.3977,0.2834,0.8216,0.7649,0.032,0.1042,0.003756,0.64,0,20,68.75,0.719,1,0,15.157,15.157,0,30,6181,167251.9,91.41,14,13.83
1786433245698,667,v1,0.0626,0.4576,0.1207,1.1841,0.2814,0.032,0.1613,0.003349,0.687,0,6,88.63,0.897,1,0,5.0,5.0,0,30,6753,196363.5,88.82,15,12.65
1786433247111,668,v1,0.0287,0.9584,0.3317,0.8488,0.5529,0.032,0.1998,0.002933,0.636,1,19,57.13,0.459,1,562,15.228,13.816,0,30,6357,201671.2,94.98,15,10.92
1786433248821,669,v1,0.0617,0.5053,0.2987,1.069,0.4731,0.032,0.1062,0.001738,0.686,1,29,81.9,0.827,1,0,17.633,17.633,0,30,6160,177491.8,94.24,15,6.49
1786433240670,670,v1,0.0797,0.5975,0.3979,2.4965,0.1162,0.032,0.0544,0.002394,0.697,0,29,60.19,0.791,1,0,18.805,18.805,0,30,6620,247868.8,86.11,15,9.46
1786433242895,671,v1,0.0507,0.9259,0.2547,1.8654,0.6909,0.032,0.1841,0.001838,0.643,0,7,22.71,0.506,1,1681,6.0,4.868,0,30,5999,228579.7,60.57,15,7.02
1786433245591,672,v1,0.0123,0.5338,0.3005,2.2008,0.7093,0.032,0.1543,0.003282,0.701,0,13,40.14,0.542,1,2242,12.0,8.664,0,30,6991,414249.3,0.76,-1,12.82
1786433247106,673,v1,0.0759,0.7539,0.1435,1.8936,0.3448,0.032,0.1669,0.002475,0.614,1,32,98.46,0.722,1,0,17.015,17.015,0,30,6289,168050.5,87.37,14,9.35
1786433248707,674,v1,0.0285,0.672,0.4869,2.3821,0.1162,0.032,0.2204,0.002335,0.623,0,22,38.17,0.362,1,0,15.757,15.757,0,30,5893,162666.4,84.22,14,8.69
1786433251056,675,v1,0.0548,0.3093,0.1355,0.8412,0.4773,0.032,0.0524,0.003089,0.639,1,10,28.03,0.681,1,5128,9.0,1.419,0,30,6252,312564.2,14.03,-1,12.4
1786433252902,676,v1,0.0419,0.2217,0.3168,2.3824,0.3577,0.032,0.2008,0.003658,0.67,1,21,38.9,0.868,1,976,17.085,14.203,0,30,6152,220467.2,91.95,16,13.28
1786433240808,677,v1,0.0791,0.7698,0.3691,1.3284,0.8191,0.032,0.1484,0.003427,0.654,0,17,96.8,0.506,1,0,14.749,14.749,0,30,6400,172920.0,93.42,14,12.81
1786433243408,678,v1,0.0134,0.2614,0.116,1.2111,0.2929,0.032,0.1996,0.002081,0.676,1,4,69.04,0.528,1,4275,3.0,0.795,0,30,5857,317143.3,20.3,19,7.87
1786433244749,679,v1,0.041,0.6498,0.4505,1.4219,0.8466,0.032,0.2083,0.002245,0.605,0,29,93.82,0.865,1,0,15.251,15.251,0,30,6546,162280.2,96.81,13,8.49
1786433246954,680,v1,0.0533,0.6671,0.4049,0.9093,0.9919,0.032,0.2218,0.003427,0.648,1,9,70.5,0.8,1,5125,8.0,0.868,0,30,5907,305973.6,9.42,-1,12.9
1786433249399,681,v1,0.0384,0.6411,0.2379,1.6864,0.4078,0.032,0.1254,0.002198,0.644,0,14,66.83,0.807,1,3665,13.0,6.381,0,30,6253,278954.8,34.21,15,8.22
1786433250755,682,v1,0.04,0.4648,0.1627,1.2455,0.716,0.032,0.1122,0.003493,0.659,1,18,77.89,0.812,1,0,15.762,15.762,0,30,5587,162192.4,94.48,15,13.39
1786433253074,683,v1,0.0788,0.9795,0.2638,2.3895,0.2039,0.032,0.1075,0.002727,0.63,1,12,94.48,0.357,1,3292,11.0,5.446,0,30,6726,292115.2,49.23,15,10.9
1786433242994,684,v1,0.0547,0.9568,0.3246,2.1179,0.6214,0.032,0.1332,0.003266,0.644,1,10,25.83,0.433,1,3581,9.0,3.53,0,30,6065,259116.4,37.47,15,11.84
1786433244325,685,v1,0.0764,0.7752,0.2058,1.7419,0.7477,0.032,0.2468,0.002911,0.649,0,21,54.11,0.827,1,0,15.501,15.501,0,30,6111,162458.6,94.12,14,11.08
1786433246682,686,v1,0.0121,0.584,0.4613,2.4168,0.5618,0.032,0.1889,0.003053,0.675,0,4,73.69,0.869,1,3654,3.0,2.373,0,30,5890,311757.9,14.87,-1,11.63
1786433248496,687,v1,0.0414,0.7972,0.49,1.0558,0.3247,0.032,0.114,0.002473,0.705,1,35,60.8,0.928,1,0,19.041,19.041,0,30,6487,193509.4,88.83,15,9.79
1786433250230,688,v1,0.0763,0.6085,0.3672,1.6977,0.4565,0.032,0.1444,0.002753,0.631,1,33,54.85,0.498,1,550,17.177,15.542,0,30,6222,179157.5,87.53,14,9.85
1786433251895,689,v1,0.0681,0.2883,0.4933,2.3075,0.5781,0.032,0.2334,0.001311,0.58,1,15,88.68,0.301,1,0,11.897,11.897,0,30,5945,133190.5,87.03,11,4.69
1786433253228,690,v1,0.0737,0.6281,0.4192,1.9313,0.1021,0.032,0.2224,0.003326,0.589,1,23,59.43,0.917,1,0,14.217,14.217,0,30,6063,145869.6,84.72,12,12.75
1786433243122,691,v1,0.0381,0.5279,0.2198,1.5176,0.1476,0.032,0.247,0.002294,0.702,0,23,96.76,0.652,1,0,18.308,18.308,0,30,5823,237488.2,91.72,17,8.71
1786433244736,692,v1,0.0214,0.3227,0.4884,2.1597,0.8799,0.032,0.1719,0.003669,0.607,0,19,42.41,0.429,1,0,14.777,14.777,0,30,7141,184520.6,86.82,14,13.54
1786433246468,693,v1,0.0365,0.3784,0.3671,1.1407,0.5951,0.032,0.191,0.001467,0.615,0,4,86.04,0.776,1,0,3.0,3.0,0,30,6238,170673.8,95.92,14,5.71
1786433248219,694,v1,0.0323,0.6263,0.3093,1.4007,0.8738,0.032,0.0704,0.002376,0.663,1,24,85.22,0.503,1,0,16.927,16.927,0,30,6405,185848.9,87.58,15,8.42
1786433251059,695,v1,0.035,0.4881,0.3182,1.0293,0.4889,0.032,0.0666,0.002059,0.607,1,11,96.9,0.955,1,6678,10.0,0.0,0,30,6822,400801.7,0.0,-1,7.93
1786433252899,696,v1,0.0678,0.7122,0.2149,1.1706,0.3508,0.032,0.2274,0.003177,0.688,0,18,36.62,0.68,1,0,15.629,15.629,0,30,7817,219031.6,90.47,15,11.92
1786433255446,697,v1,0.0321,0.9359,0.4474,1.4862,0.1834,0.032,0.1281,0.003684,0.644,1,5,73.33,0.437,1,3888,4.0,1.629,0,30,6642,300300.2,34.33,15,14.05
1786433244014,698,v1,0.0547,0.4185,0.3651,0.8935,0.3438,0.032,0.0958,0.001308,0.714,1,12,46.16,0.778,1,5807,11.0,0.208,0,30,6012,349535.1,1.58,-1,5.37
1786433246605,699,v1,0.0332,0.3748,0.461,2.0979,0.4364,0.032,0.1532,0.001966,0.683,1,15,83.44,0.878,1,5751,14.0,0.471,0,30,6132,378881.4,2.88,-1,7.78
1786433247849,700,v1,0.0645,0.3345,0.2546,1.4925,0.3798,0.032,0.1582,0.003393,0.596,0,23,93.61,0.873,1,0,14.695,14.695,0,30,5991,143112.8,91.51,13,12.95
1786433249821,701,v1,0.0606,0.7096,0.4356,1.5418,0.2009,0.032,0.0563,0.003727,0.581,0,36,89.56,0.714,1,0,14.288,14.288,0,30,7181,130093.3,87.03,9,14.19
1786433251383,702,v1,0.0576,0.6122,0.2565,1.4797,0.3746,0.032,0.1722,0.001221,0.67,1,36,94.04,0.518,1,0,18.567,18.567,0,30,5883,174062.3,89.65,15,4.98
1786433252975,703,v1,0.0719,0.2037,0.2148,1.1369,0.9889,0.032,0.169,0.003422,0.657,0,30,43.91,0.512,1,0,17.058,17.058,0,30,6209,162900.6,97.04,15,13.08
1786433254488,704,v1,0.0184,0.9543,0.3308,2.0374,0.433,0.032,0.1665,0.00296,0.684,0,36,94.4,0.589,1,0,21.137,21.137,0,30,5824,200009.2,91.3,18,11.13
1786433244594,705,v1,0.0476,0.2122,0.2885,0.9506,0.6947,0.032,0.0999,0.002128,0.682,1,16,86.74,0.535,1,1977,15.0,10.325,0,30,6526,253951.1,59.35,15,7.26
1786433246373,706,v1,0.047,0.5024,0.1853,1.2835,0.4047,0.032,0.1137,0.00264,0.633,0,32,31.59,0.54,1,0,17.523,17.523,0,30,6390,179133.7,95.34,15,10.25
1786433247976,707,v1,0.0248,0.4639,0.4648,2.0558,0.1416,0.032,0.0885,0.003358,0.636,1,35,91.14,0.948,1,0,18.656,18.656,0,30,6419,189420.0,94.63,15,12.24
1786433249966,708,v1,0.0173,0.5259,0.3136,1.8856,0.4654,0.032,0.1245,0.002344,0.591,0,11,46.43,0.584,1,1893,10.0,7.534,0,30,6294,225972.1,61.33,13,9.34
1786433252161,709,v1,0.017,0.4877,0.3242,1.463,0.8954,0.032,0.1539,0.001569,0.712,1,35,66.9,0.444,1,0,14.271,14.271,0,30,6009,256594.4,61.94,18,5.96
1786433254743,710,v1,0.0165,0.3993,0.2761,1.5888,0.568,0.032,0.1267,0.001466,0.589,1,10,34.82,0.848,1,6559,9.0,0.0,0,30,6655,383679.8,0.0,-1,5.68
1786433256550,711,v1,0.0765,0.3846,0.3462,1.7863,0.3998,0.032,0.1105,0.003227,0.716,0,21,84.19,0.467,1,0,16.368,16.368,0,30,6287,203443.0,94.02,15,13.01
1786433251174,712,v1,0.0535,0.5322,0.2131,2.1372,0.9562,0.032,0.1433,0.001218,0.714,0,21,64.47,0.373,1,0,17.54,17.54,0,30,6145,194716.2,84.82,17,4.59
1786433252672,713,v1,0.0697,0.9877,0.1616,0.8615,0.9742,0.032,0.2467,0.003083,0.648,1,35,22.98,0.913,1,897,17.702,14.804,0,30,6030,174880.6,91.29,14,11.74
1786433254100,714,v1,0.0737,0.5352,0.2018,1.8937,0.2965,0.032,0.1141,0.003361,0.648,0,14,66.07,0.468,1,2060,13.0,9.288,0,30,6394,246753.7,61.33,15,13.36
1786433257632,715,v1,0.027,0.6979,0.4941,1.4636,0.7998,0.032,0.1925,0.001402,0.662,1,4,66.5,0.984,1,7265,3.0,0.0,0,30,7292,397954.1,0.0,-1,5.14
1786433259237,716,v1,0.0437,0.5285,0.2125,0.9011,0.626,0.032,0.112,0.002194,0.587,0,26,54.57,0.929,1,0,13.211,13.211,0,30,6529,132764.2,85.23,10,8.9
1786433260526,717,v1,0.0719,0.659,0.2819,1.9496,0.439,0.032,0.0866,0.001278,0.6,0,33,49.63,0.917,1,0,16.834,16.834,0,30,5865,154196.6,99.81,14,5.69
1786433262417,718,v1,0.0156,0.9709,0.2102,1.6114,0.2843,0.032,0.1049,0.001785,0.681,0,6,54.57,0.633,1,2144,5.0,3.901,0,30,5893,287354.6,51.71,19,7.08
1786433252826,719,v1,0.046,0.8421,0.3841,1.1348,0.2216,0.032,0.212,0.002573,0.584,0,8,67.22,0.407,1,1742,7.0,5.695,0,30,6829,201796.0,62.71,10,10.89
1786433254168,720,v1,0.0414,0.6473,0.3705,1.0415,0.6149,0.032,0.1615,0.002798,0.689,1,22,58.35,0.868,1,927,16.692,13.83,0,30,5706,198392.5,87.99,15,10.8
1786433255945,721,v1,0.0562,0.9181,0.4089,2.0904,0.8226,0.032,0.1298,0.001414,0.667,1,36,78.22,0.414,1,0,18.593,18.593,0,30,6309,175762.5,89.49,15,5.21
1786433257551,722,v1,0.0677,0.5078,0.1962,1.2178,0.6729,0.032,0.2079,0.002443,0.672,0,36,68.15,0.734,1,0,18.396,18.396,0,30,6660,184845.1,85.47,15,9.64
1786433259653,723,v1,0.0335,0.2496,0.3399,2.2743,0.5401,0.032,0.091,0.003575,0.686,1,9,48.73,0.424,1,3171,8.0,4.161,0,30,6800,302800.6,46.74,17,13.46
1786433262113,724,v1,0.0412,0.6643,0.1499,1.1136,0.4845,0.032,0.1754,0.002482,0.642,1,7,56.23,0.641,1,5045,6.0,1.06,0,30,6208,330390.4,15.09,-1,8.68
1786433263546,725,v1,0.0455,0.4903,0.4542,2.467,0.1211,0.032,0.2326,0.001909,0.582,0,30,74.16,0.764,1,0,14.946,14.946,0,30,6027,137364.4,84.53,12,7.4
1786433256055,726,v1,0.0147,0.6873,0.3513,2.4801,0.2415,0.032,0.1979,0.002785,0.716,1,31,81.74,0.566,1,0,0.0,0.0,0,30,6246,356867.3,0.0,-1,10.23
1786433257537,727,v1,0.0587,0.8169,0.4283,1.3519,0.9671,0.032,0.0788,0.002765,0.609,0,19,51.6,0.73,1,0,14.166,14.166,0,30,6468,166867.8,91.91,13,10.64
1786433259451,728,v1,0.0573,0.6163,0.4295,1.2048,0.1015,0.032,0.0676,0.002388,0.693,0,32,71.6,0.853,1,0,19.015,19.015,0,30,6558,223279.3,90.58,15,9.58
1786433261804,729,v1,0.0139,0.6227,0.2629,1.3979,0.5123,0.032,0.158,0.00278,0.638,1,14,37.36,0.605,1,4216,13.0,4.234,0,30,6476,299701.6,29.15,17,10.61
1786433264829,730,v1,0.0126,0.6543,0.2795,1.6187,0.7676,0.032,0.2016,0.001681,0.622,1,10,21.19,0.63,1,6332,9.0,0.937,0,30,7189,387656.7,8.96,-1,6.27
1786433266412,731,v1,0.0356,0.4193,0.2751,0.939,0.9024,0.032,0.178,0.001208,0.715,1,35,26.91,0.834,1,1028,19.836,16.584,0,30,6510,209451.9,84.64,17,5.15
1786433268858,732,v1,0.0109,0.6854,0.2753,1.7444,0.4896,0.032,0.1301,0.00193,0.708,0,26,71.12,0.592,1,0,0.0,0.0,0,30,6189,377140.2,0.0,-1,7.61
1786433256053,733,v1,0.0708,0.6363,0.1482,1.6027,0.4444,0.032,0.0707,0.003216,0.655,1,26,73.75,0.497,1,0,16.749,16.749,0,30,6441,185899.3,85.41,15,12.03
1786433257315,734,v1,0.0445,0.9478,0.1363,1.229,0.7568,0.032,0.1311,0.001223,0.617,0,5,79.04,0.881,1,0,4.0,4.0,0,30,5523,150590.4,89.49,14,4.58
1786433259313,735,v1,0.0247,0.8793,0.2745,1.3588,0.5059,0.032,0.1066,0.002151,0.682,0,9,54.47,0.853,1,2975,8.0,4.68,0,30,5464,262059.4,37.76,18,8.67
1786433260818,736,v1,0.0609,0.6939,0.3267,2.3142,0.6746,0.032,0.1437,0.002838,0.652,0,8,24.6,0.617,1,1868,7.0,5.229,0,30,5380,206487.8,54.74,15,10.69
1786433262214,737,v1,0.0513,0.7599,0.1327,1.3116,0.4068,0.032,0.2166,0.003688,0.674,0,23,26.93,0.756,1,469,16.558,15.162,0,30,5278,165921.6,92.91,15,14.61
1786433264706,738,v1,0.0115,0.7487,0.4672,1.9144,0.2141,0.032,0.0612,0.003283,0.718,1,18,61.45,0.721,1,4857,17.0,1.377,0,30,5602,339409.5,0.0,-1,13.28
1786433267482,739,v1,0.0117,0.9791,0.2372,2.3373,0.2451,0.032,0.1739,0.001504,0.594,1,8,35.16,0.788,1,6399,7.0,0.0,0,30,6472,391681.2,0.0,-1,5.64
1786433257456,740,v1,0.0163,0.5991,0.172,1.792,0.1009,0.032,0.1253,0.002841,0.686,1,14,80.64,0.636,1,4566,13.0,3.274,0,30,6328,350887.0,16.82,-1,10.54
1786433259373,741,v1,0.0431,0.8065,0.269,0.8849,0.3059,0.032,0.1753,0.002361,0.694,1,35,59.1,0.899,1,0,19.127,19.127,0,30,7052,212345.1,85.69,16,9.13
1786433260676,742,v1,0.0444,0.23,0.195,1.754,0.2746,0.032,0.2095,0.002414,0.62,1,21,24.16,0.849,1,825,15.427,12.959,0,30,5378,170775.5,93.91,14,9.28
1786433262384,743,v1,0.0149,0.6559,0.4058,1.7313,0.7545,0.032,0.1134,0.003286,0.598,1,28,22.15,0.444,1,679,15.639,14.0,0,30,7016,185411.1,83.75,13,11.53
1786433264021,744,v1,0.0775,0.8892,0.2583,2.2589,0.4016,0.032,0.0954,0.003032,0.7,1,25,76.48,0.749,1,0,17.232,17.232,0,30,5473,182591.2,95.35,16,11.09
1786433266273,745,v1,0.0432,0.4177,0.3036,0.8569,0.4581,0.032,0.1445,0.002151,0.586,1,10,85.93,0.691,1,5206,9.0,1.409,0,30,6278,340184.3,13.51,-1,8.33
1786433268061,746,v1,0.0794,0.6237,0.2649,0.843,0.4356,0.032,0.0953,0.002447,0.638,1,35,45.0,0.811,1,880,17.272,14.519,0,30,5938,167300.2,88.55,14,9.13
1786433256833,747,v1,0.0225,0.3995,0.2275,2.2304,0.8634,0.032,0.1441,0.00241,0.592,1,19,40.22,0.583,1,839,15.052,13.075,0,30,6621,198009.7,92.48,14,9.12
1786433258433,748,v1,0.0292,0.3586,0.2147,0.9221,0.1442,0.032,0.1317,0.001486,0.633,0,20,65.37,0.309,1,0,15.258,15.258,0,30,6076,162837.8,93.16,14,5.02
1786433259651,749,v1,0.0654,0.6135,0.3385,0.8544,0.1469,0.032,0.0774,0.002699,0.596,1,25,35.43,0.867,1,948,13.107,10.86,0,30,5849,145530.6,84.63,11,10.31
1786433261675,750,v1,0.0773,0.6931,0.311,2.0663,0.7444,0.032,0.1761,0.001927,0.687,0,7,77.09,0.511,1,1908,6.0,4.774,0,30,6294,236033.0,62.75,15,7.5
1786433262987,751,v1,0.0301,0.8429,0.4802,1.2891,0.2387,0.032,0.1605,0.001216,0.673,0,19,31.36,0.344,1,0,16.17,16.17,0,30,5543,167499.4,85.85,15,4.28
1786433264723,752,v1,0.0171,0.322,0.4598,1.8578,0.455,0.032,0.051,0.003036,0.641,1,22,38.19,0.894,1,942,16.471,13.775,0,30,6075,203065.6,83.59,15,11.13
1786433265926,753,v1,0.0112,0.2754,0.4865,0.814,0.6629,0.032,0.2106,0.002875,0.613,1,15,36.11,0.952,1,931,11.69,9.82,0,30,5972,155374.0,86.49,11,11.67
1786433257717,754,v1,0.0604,0.5439,0.4223,2.3504,0.8059,0.032,0.2373,0.002015,0.72,0,34,52.12,0.942,1,0,19.454,19.454,0,30,5912,186619.5,97.87,17,8.07
1786433260267,755,v1,0.0363,0.7354,0.4086,0.9877,0.408,0.032,0.1927,0.001849,0.625,1,6,40.09,0.791,1,6527,5.0,0.099,0,30,6725,392619.0,1.81,-1,7.61
1786433261863,756,v1,0.0704,0.3763,0.252,0.8228,0.3082,0.032,0.2089,0.001468,0.619,1,30,70.85,0.479,1,0,16.372,16.372,0,30,6226,164288.7,100.0,14,5.96
1786433263993,757,v1,0.0175,0.9434,0.146,2.4068,0.3665,0.032,0.0568,0.001967,0.645,1,13,41.43,0.572,1,3608,12.0,3.84,0,30,5419,294364.5,27.53,19,7.07
1786433266432,758,v1,0.0495,0.5941,0.4316,2.2041,0.7268,0.032,0.1953,0.002126,0.712,1,14,73.73,0.656,1,5376,13.0,1.737,0,30,6382,357947.9,11.03,-1,8.74
1786433268363,759,v1,0.0134,0.3161,0.3363,1.8825,0.1963,0.032,0.1456,0.00228,0.644,0,16,28.92,0.953,1,4213,15.0,5.098,0,30,5712,304937.4,20.67,18,8.51
1786433269909,760,v1,0.0799,0.9632,0.498,1.4,0.4755,0.032,0.174,0.002202,0.662,1,17,80.87,0.987,1,0,14.876,14.876,0,30,7234,188822.9,96.8,15,8.52
1786433259913,761,v1,0.0175,0.8534,0.3137,1.0878,0.5133,0.032,0.1053,0.001232,0.674,1,12,67.43,0.785,1,6565,11.0,0.0,0,30,6661,410031.0,0.0,-1,4.79
1786433262430,762,v1,0.0481,0.7788,0.1229,1.0204,0.9249,0.032,0.178,0.002194,0.715,0,5,45.26,0.959,1,4949,4.0,2.528,0,30,6782,365453.0,22.5,18,7.84
1786433264414,763,v1,0.0764,0.7903,0.2245,1.1037,0.7021,0.032,0.0779,0.003594,0.663,0,17,82.93,0.704,1,0,14.982,14.982,0,30,6639,176217.3,99.6,15,12.83
1786433265768,764,v1,0.0276,0.2008,0.3363,1.9453,0.3252,0.032,0.1259,0.002536,0.615,1,35,52.54,0.828,1,926,17.717,14.885,0,30,6236,176504.5,84.22,14,9.48
1786433267238,765,v1,0.044,0.4053,0.1048,1.1222,0.4929,0.032,0.0609,0.003385,0.66,0,20,78.66,0.779,1,0,16.012,16.012,0,30,6391,189051.7,91.9,15,12.85
1786433268768,766,v1,0.0585,0.3931,0.2967,1.4709,0.3618,0.032,0.0825,0.003035,0.684,0,22,51.5,0.524,1,0,16.339,16.339,0,30,6265,185004.6,86.82,15,11.64
1786433270235,767,v1,0.056,0.8232,0.3659,0.8439,0.6145,0.032,0.0863,0.002178,0.719,0,22,66.01,0.466,1,0,16.899,16.899,0,30,6149,183981.0,85.18,16,8.34
1786433265549,768,v1,0.0518,0.2613,0.1201,1.2071,0.1208,0.032,0.1675,0.001773,0.631,1,9,39.85,0.679,1,4918,8.0,1.388,0,30,6043,317102.3,16.01,-1,7.07
1786433267603,769,v1,0.061,0.5497,0.4871,1.8975,0.9131,0.032,0.1455,0.001631,0.64,1,29,96.78,0.779,1,0,16.915,16.915,0,30,6576,188942.7,96.99,15,6.58
1786433269034,770,v1,0.0675,0.9585,0.396,2.3849,0.3407,0.032,0.0525,0.002078,0.621,0,11,81.4,0.967,1,0,10.0,10.0,0,30,6515,182041.6,87.37,14,7.26
1786433271127,771,v1,0.0177,0.9088,0.1344,2.3162,0.2532,0.032,0.1521,0.002168,0.716,1,30,50.84,0.948,1,209,1.771,0.936,0,30,5832,336854.7,8.12,-1,8.5
1786433272094,772,v1,0.0766,0.2106,0.2674,2.0485,0.1104,0.032,0.1088,0.002498,0.609,0,7,36.98,0.397,1,1463,6.0,4.984,0,30,5843,202666.6,65.17,14,9.05
1786433274139,773,v1,0.0288,0.2752,0.2544,0.8546,0.7682,0.032,0.0594,0.002036,0.615,0,5,70.35,0.75,1,3673,4.0,2.879,0,30,6606,300298.6,37.38,14,8.01
1786433275433,774,v1,0.0485,0.7454,0.2775,2.4213,0.4134,0.032,0.2046,0.001281,0.606,1,4,48.0,0.548,1,5063,3.0,0.657,0,30,6500,351196.2,19.49,-1,5.14
1786433265700,775,v1,0.0353,0.3585,0.2163,1.2445,0.1352,0.032,0.1363,0.002188,0.617,0,30,97.82,0.486,1,0,16.687,16.687,0,30,5885,166469.3,88.42,14,8.33
1786433267396,776,v1,0.0772,0.4609,0.1764,1.1723,0.2229,0.032,0.1808,0.001507,0.616,0,10,91.45,0.381,1,0,9.0,9.0,0,30,6005,153393.7,98.68,14,6.09
1786433269313,777,v1,0.0756,0.2817,0.3387,1.5977,0.5173,0.032,0.1412,0.002805,0.688,1,9,91.09,0.461,1,3451,8.0,3.565,0,30,6379,278417.6,39.32,15,10.88
1786433270987,778,v1,0.034,0.3903,0.2503,1.2161,0.896,0.032,0.1717,0.001723,0.703,1,21,63.53,0.766,1,0,17.672,17.672,0,30,6638,203435.5,87.52,17,6.34
1786433271969,779,v1,0.0132,0.6172,0.1592,2.2867,0.4669,0.032,0.1056,0.001409,0.617,1,28,28.97,0.423,1,488,18.191,16.722,0,30,6212,201185.2,84.2,16,5.51
1786433273881,780,v1,0.0184,0.8375,0.4477,2.091,0.5345,0.032,0.2247,0.001283,0.657,1,15,60.86,0.478,1,3379,14.0,6.419,0,30,6368,292935.7,39.14,17,5.12
1786433274894,781,v1,0.0197,0.3985,0.2407,1.9166,0.2556,0.032,0.059,0.002426,0.603,1,18,52.33,0.717,1,904,15.16,12.701,0,30,5750,189095.7,90.74,15,9.29
1786433268662,782,v1,0.0523,0.9921,0.1192,2.3109,0.302,0.032,0.178,0.003406,0.687,1,22,38.87,0.43,1,651,17.017,15.216,0,30,6568,241489.9,87.4,16,12.61
1786433270290,783,v1,0.022,0.6326,0.3944,2.3015,0.8471,0.032,0.2428,0.003228,0.685,1,33,73.18,0.347,1,0,20.517,20.517,0,30,6612,206539.8,89.13,18,12.43
1786433272037,784,v1,0.0678,0.3681,0.1523,2.2987,0.6425,0.032,0.1029,0.003661,0.698,1,11,32.52,0.961,1,6523,10.0,0.0,0,30,6789,391515.6,0.0,-1,14.14
1786433274570,785,v1,0.0752,0.7169,0.2357,0.8363,0.8976,0.032,0.2303,0.001295,0.591,1,10,78.62,0.802,1,7662,9.0,0.0,0,30,7754,449692.0,4.74,-1,5.08
1786433275555,786,v1,0.0567,0.4816,0.1639,1.1898,0.5023,0.032,0.1129,0.002221,0.667,1,14,29.27,0.495,1,3400,13.0,5.59,0,30,6139,284169.0,38.58,15,8.19
1786433276481,787,v1,0.0226,0.8245,0.3016,2.3501,0.1215,0.032,0.0668,0.003501,0.69,1,36,43.09,0.827,1,1390,19.264,13.62,0,30,6368,287358.2,76.58,18,13.03
1786433277236,788,v1,0.0121,0.4572,0.4461,2.4226,0.332,0.032,0.0548,0.003004,0.678,1,28,93.66,0.823,1,0,13.675,13.675,0,30,5637,223667.8,64.22,18,11.5
1786433270134,789,v1,0.0733,0.6793,0.3903,2.2553,0.4613,0.032,0.1094,0.003467,0.612,1,14,55.99,0.541,1,4635,13.0,2.811,0,30,6193,324238.5,18.31,-1,12.51
1786433271522,790,v1,0.0403,0.7977,0.3574,0.9503,0.7179,0.032,0.0874,0.003235,0.688,0,18,55.34,0.557,1,0,16.285,16.285,0,30,6365,191581.9,85.34,16,12.36
1786433272597,791,v1,0.0799,0.2768,0.434,1.3417,0.1247,0.032,0.2397,0.003257,0.682,1,27,75.07,0.584,1,0,16.581,16.581,0,30,6456,181081.2,97.03,15,12.27
1786433274062,792,v1,0.02,0.61,0.1341,1.1981,0.6048,0.032,0.0802,0.003557,0.61,0,30,59.42,0.597,1,0,16.822,16.822,0,30,6638,186160.2,84.79,14,13.65
1786433274860,793,v1,0.0674,0.2829,0.4148,1.2456,0.5119,0.032,0.1054,0.003148,0.586,1,31,67.56,0.813,1,0,12.716,12.716,0,30,5722,98866.6,86.53,8,11.78
1786433275552,794,v1,0.0549,0.3878,0.4699,1.7012,0.6914,0.032,0.1603,0.003142,0.713,0,23,79.12,0.885,1,0,17.152,17.152,0,30,6272,190861.0,87.12,16,12.21
1786433276284,795,v1,0.0132,0.5022,0.3398,2.4216,0.453,0.032,0.1352,0.003082,0.618,1,26,90.96,0.713,1,0,17.125,17.125,0,30,5802,176268.0,85.18,15,11.32
1786433269808,796,v1,0.0609,0.5037,0.4705,2.3425,0.9091,0.032,0.2063,0.00372,0.652,0,7,99.37,0.554,1,0,6.0,6.0,0,30,5994,163578.9,98.09,15,13.15
1786433271433,797,v1,0.0503,0.9269,0.1199,2.442,0.5287,0.032,0.0982,0.001642,0.599,0,15,45.76,0.594,1,2592,14.0,8.561,0,30,5846,251212.5,54.66,15,6.26
1786433272673,798,v1,0.0702,0.7297,0.2626,0.9553,0.5635,0.032,0.1525,0.001445,0.665,1,27,22.39,0.891,1,962,16.544,13.993,0,30,6380,202082.4,96.53,15,4.97
1786433274244,799,v1,0.0327,0.2169,0.1626,1.8666,0.6084,0.032,0.0512,0.001219,0.59,1,15,81.38,0.311,1,1463,14.0,10.664,0,30,6239,222042.0,68.86,14,4.58
1786433282868,800,v1,0.073,0.8821,0.4774,1.8784,0.7775,0.032,0.2317,0.001274,0.656,0,5,97.96,0.588,1,0,4.0,4.0,0,30,6743,192587.5,100.0,15,4.97
1786433284170,801,v1,0.0339,0.6116,0.335,1.5408,0.8556,0.032,0.2094,0.003719,0.611,0,7,85.8,0.589,1,0,6.0,6.0,0,30,5445,147328.3,89.86,14,14.23
1786433285697,802,v1,0.0519,0.9436,0.4217,1.7689,0.4517,0.032,0.2001,0.002831,0.587,1,34,58.83,0.792,1,972,15.565,13.033,0,30,6510,162942.6,84.15,12,10.28
1786433287917,803,v1,0.0198,0.5738,0.2797,1.6271,0.8077,0.032,0.2302,0.00141,0.646,0,16,81.01,0.405,1,1838,15.0,11.33,0,30,6639,252909.0,62.22,16,5.45
1786433289038,804,v1,0.0426,0.8746,0.3564,1.1537,0.7657,0.032,0.1555,0.002308,0.629,0,22,37.62,0.917,1,0,15.615,15.615,0,30,5587,153284.5,93.1,14,8.54
1786433290796,805,v1,0.0663,0.6393,0.4397,2.0607,0.6925,0.032,0.1234,0.001361,0.662,0,20,63.02,0.425,1,0,15.698,15.698,0,30,6484,190004.0,84.27,15,5.35
1786433292286,806,v1,0.0121,0.7657,0.1705,1.6176,0.8191,0.032,0.1212,0.002032,0.63,0,26,52.29,0.965,1,0,17.838,17.838,0,30,6318,199560.8,91.22,16,7.53
1786433284140,807,v1,0.0258,0.5533,0.236,2.4598,0.5117,0.032,0.1601,0.002831,0.61,1,11,24.23,0.846,1,5328,10.0,0.669,0,30,5877,319618.2,5.95,-1,9.94
1786433285623,808,v1,0.0163,0.2373,0.274,1.6171,0.4455,0.032,0.0985,0.002621,0.638,1,35,71.7,0.711,1,0,19.053,19.053,0,30,6201,187635.9,86.86,16,10.61
1786433287429,809,v1,0.0417,0.7223,0.119,1.0887,0.5346,0.032,0.2345,0.002038,0.688,0,31,27.27,0.864,1,623,18.402,16.556,0,30,5845,188671.3,86.49,16,7.99
1786433288917,810,v1,0.0693,0.4065,0.1342,1.5283,0.1585,0.032,0.2422,0.003,0.65,1,19,72.0,0.467,1,0,15.444,15.444,0,30,7230,211868.5,89.82,15,11.58
1786433290810,811,v1,0.0395,0.9839,0.3698,2.0855,0.4366,0.032,0.2139,0.00217,0.654,0,8,25.84,0.455,1,1929,7.0,5.273,0,30,5677,227109.3,60.54,16,8.24
1786433293287,812,v1,0.0146,0.5645,0.1376,1.4881,0.1702,0.032,0.1524,0.003415,0.69,0,35,61.88,0.577,1,0,6.491,6.491,0,30,6733,364436.0,28.34,19,11.99
1786433295885,813,v1,0.0728,0.2689,0.3415,2.005,0.4918,0.032,0.1175,0.00257,0.625,1,11,64.53,0.799,1,6607,10.0,0.0,0,30,6763,382537.7,0.0,-1,9.76
1786433284104,814,v1,0.0457,0.6142,0.2216,2.0138,0.8583,0.032,0.2255,0.002311,0.689,0,30,78.14,0.806,1,0,18.535,18.535,0,30,6583,206920.1,85.97,16,8.81
1786433285567,815,v1,0.0258,0.2794,0.3228,2.2951,0.5063,0.032,0.1112,0.002546,0.68,0,9,86.94,0.957,1,0,8.0,8.0,0,30,6844,223942.7,84.0,17,9.54
1786433287271,816,v1,0.0208,0.5604,0.1326,1.104,0.9079,0.032,0.1704,0.002399,0.585,0,35,46.03,0.949,1,0,16.031,16.031,0,30,6281,147807.7,86.12,12,8.96
1786433288639,817,v1,0.0188,0.8357,0.3366,1.513,0.5094,0.032,0.0965,0.001685,0.656,1,34,32.17,0.709,1,861,19.055,16.278,0,30,6216,201154.2,89.49,16,6.61
1786433290978,818,v1,0.0196,0.2372,0.3084,1.7718,0.5311,0.032,0.1142,0.003606,0.712,0,7,89.66,0.347,1,0,6.0,6.0,0,30,6737,312469.0,51.34,19,14.16
1786433293243,819,v1,0.0281,0.4776,0.3402,1.1847,0.455,0.032,0.226,0.002337,0.62,0,13,31.6,0.814,1,3385,12.0,6.697,0,30,6576,297645.0,40.85,14,9.49
1786433295088,820,v1,0.0534,0.468,0.343,1.4277,0.2033,0.032,0.1065,0.003382,0.69,1,15,67.03,0.849,1,5107,14.0,0.0,0,30,5347,320388.4,0.0,-1,12.7
1786433284616,821,v1,0.0463,0.3117,0.4216,1.6266,0.3597,0.032,0.1905,0.003567,0.666,1,21,73.57,0.998,1,0,16.057,16.057,0,30,5654,159442.8,87.86,15,13.42
1786433285894,822,v1,0.018,0.4089,0.3164,1.2885,0.1033,0.032,0.1121,0.00289,0.657,0,32,59.06,0.989,1,0,18.614,18.614,0,30,6435,199559.9,87.76,16,11.47
1786433288026,823,v1,0.0398,0.4993,0.3566,0.9662,0.4605,0.032,0.1708,0.001227,0.699,1,28,42.07,0.977,1,1176,18.125,14.966,0,30,6898,250544.5,90.6,16,4.7
1786433290275,824,v1,0.0247,0.7247,0.1643,1.1675,0.7887,0.032,0.2455,0.001591,0.711,0,16,60.06,0.494,1,2605,15.0,10.16,0,30,7159,319061.2,45.03,18,5.87
1786433291446,825,v1,0.0642,0.2725,0.1673,2.2755,0.5138,0.032,0.1644,0.002168,0.597,0,22,77.97,0.383,1,0,15.376,15.376,0,30,5626,152432.5,88.77,14,8.03
1786433293316,826,v1,0.0677,0.6157,0.1715,0.819,0.619,0.032,0.087,0.003051,0.691,1,19,80.48,0.507,1,0,15.623,15.623,0,30,6301,182343.5,86.36,15,11.44
1786433294586,827,v1,0.0445,0.2148,0.3811,1.056,0.5314,0.032,0.0714,0.001457,0.627,1,31,33.33,0.65,1,985,16.723,14.05,0,30,6401,196624.5,84.92,14,5.89
1786433285246,828,v1,0.0244,0.5924,0.2625,2.0755,0.2695,0.032,0.1807,0.003659,0.659,0,28,73.95,0.81,1,0,18.411,18.411,0,30,6197,193111.4,84.32,16,13.81
1786433287378,829,v1,0.0631,0.3193,0.3901,2.2066,0.3211,0.032,0.1939,0.002314,0.684,0,16,80.81,0.82,1,2675,15.0,9.017,0,30,6019,279627.7,52.75,16,9.12
1786433289229,830,v1,0.0176,0.6066,0.2326,0.9337,0.4942,0.032,0.1287,0.002367,0.702,0,10,40.31,0.593,1,2118,9.0,6.557,0,30,6204,291356.7,32.59,18,9.33
1786433290856,831,v1,0.0145,0.9154,0.1672,1.607,0.7648,0.032,0.1632,0.002087,0.608,1,17,42.49,0.343,1,408,15.139,14.069,0,30,5904,180587.3,84.79,15,8.13
1786433292421,832,v1,0.0475,0.827,0.488,2.2387,0.7407,0.032,0.0726,0.001391,0.659,0,32,46.22,0.616,1,0,18.162,18.162,0,30,6709,184532.6,95.89,15,5.44
1786433294053,833,v1,0.0553,0.2933,0.2123,2.306,0.6369,0.032,0.1856,0.002625,0.633,0,34,59.16,0.369,1,0,18.153,18.153,0,30,5609,158279.5,87.89,15,9.25
1786433295631,834,v1,0.0157,0.3511,0.2142,2.3039,0.8469,0.032,0.2298,0.002922,0.636,1,19,69.71,0.994,1,0,16.863,16.863,0,30,5953,191777.5,85.26,16,10.41
1786433286053,835,v1,0.0532,0.4332,0.2912,1.1039,0.7629,0.032,0.2244,0.001966,0.585,0,5,52.74,0.832,1,2722,4.0,3.14,0,30,6385,249254.5,50.75,11,7.97
1786433287610,836,v1,0.0411,0.3436,0.4357,1.3164,0.3667,0.032,0.2059,0.003611,0.635,1,24,77.61,0.765,1,0,15.738,15.738,0,30,5457,146608.8,89.08,14,14.18
1786433290140,837,v1,0.0273,0.8365,0.4787,1.6242,0.2004,0.032,0.1819,0.003648,0.708,1,5,41.45,0.473,1,4930,4.0,1.421,0,30,7758,395931.4,30.58,18,14.01
1786433291504,838,v1,0.0698,0.6353,0.187,1.5249,0.141,0.032,0.1691,0.002668,0.6,1,28,44.39,0.967,1,911,16.039,13.437,0,30,5988,178762.9,100.0,14,9.97
1786433293446,839,v1,0.0361,0.8912,0.116,1.023,0.1008,0.032,0.1263,0.001669,0.6,0,25,65.41,0.971,1,0,14.989,14.989,0,30,6483,171391.8,85.0,13,6.89
1786433295609,840,v1,0.0133,0.2437,0.2688,1.5285,0.8944,0.032,0.1469,0.003303,0.716,1,13,79.97,0.63,1,4123,12.0,3.093,0,30,5773,326341.6,0.02,-1,12.18
1786433297854,841,v1,0.0585,0.7732,0.134,2.4492,0.1213,0.032,0.2495,0.002044,0.649,1,4,86.86,0.686,1,5699,3.0,0.147,0,30,6042,342726.1,4.68,-1,8.23
1786433286941,842,v1,0.0196,0.7076,0.1476,2.0709,0.3948,0.032,0.1842,0.00306,0.693,0,29,95.98,0.463,1,0,14.135,14.135,0,30,6287,273780.3,63.47,18,11.83
1786433288385,843,v1,0.0563,0.6868,0.1397,0.9768,0.9374,0.032,0.0968,0.001293,0.695,0,26,86.92,0.514,1,0,17.522,17.522,0,30,5755,174676.2,84.44,16,4.73
1786433289677,844,v1,0.0657,0.6931,0.2036,2.1018,0.2324,0.032,0.122,0.003302,0.644,0,21,97.13,0.842,1,0,15.796,15.796,0,30,5563,156533.0,90.1,15,11.95
1786433291124,845,v1,0.0763,0.3373,0.48,1.6442,0.947,0.032,0.1524,0.001757,0.592,1,35,61.46,0.545,1,0,15.645,15.645,0,30,6253,139088.7,86.54,12,6.73
1786433292743,846,v1,0.0498,0.6404,0.2545,1.4339,0.6699,0.032,0.0676,0.001636,0.7,1,32,58.93,0.939,1,1015,18.423,15.246,0,30,6170,201260.5,86.81,16,6.53
1786433294242,847,v1,0.0532,0.6234,0.1155,1.8523,0.862,0.032,0.1777,0.003464,0.658,0,27,63.0,0.544,1,0,17.148,17.148,0,30,6108,173583.5,90.75,15,13.16
1786433295895,848,v1,0.0492,0.3942,0.4101,1.6812,0.3271,0.032,0.2374,0.003021,0.663,1,36,83.34,0.583,1,0,18.601,18.601,0,30,6397,183028.7,90.07,15,11.47
1786433287076,849,v1,0.0603,0.7905,0.1202,2.2746,0.3293,0.032,0.2171,0.002362,0.718,0,34,22.78,0.966,1,647,21.061,18.867,0,30,5966,231538.7,86.17,16,8.77
1786433288632,850,v1,0.0242,0.8494,0.2628,2.0537,0.7693,0.032,0.2435,0.002239,0.632,1,27,67.12,0.708,1,998,17.503,14.762,0,30,6692,228610.5,83.75,16,8.26
1786433290549,851,v1,0.0607,0.4041,0.2984,2.0709,0.8949,0.032,0.2002,0.001534,0.605,1,21,46.69,0.971,1,1076,14.915,12.503,0,30,6772,214606.3,92.92,14,5.54
1786433292997,852,v1,0.064,0.9939,0.3401,2.1549,0.749,0.032,0.0816,0.001228,0.716,1,14,87.83,0.936,1,6289,13.0,0.0,0,30,6385,394342.2,0.0,-1,4.65
1786433294369,853,v1,0.0755,0.5826,0.4849,1.1213,0.1355,0.032,0.1181,0.002753,0.59,1,21,38.46,0.721,1,967,11.192,9.403,0,30,6263,134670.5,85.7,9,10.54
1786433296082,854,v1,0.0639,0.7998,0.3941,1.707,0.382,0.032,0.1757,0.002303,0.685,0,17,54.55,0.882,1,0,15.392,15.392,0,30,6155,179533.8,87.69,15,8.48
1786433297930,855,v1,0.0362,0.6834,0.1093,2.4648,0.9852,0.032,0.2288,0.003044,0.667,1,19,62.03,0.719,1,1097,17.124,14.475,0,30,7395,256303.4,84.14,17,11.1
1786433294377,856,v1,0.0349,0.76,0.2251,0.8141,0.6724,0.032,0.2016,0.003022,0.641,0,19,74.89,0.898,1,0,15.19,15.19,0,30,5835,163587.8,94.45,14,11.67
1786433296770,857,v1,0.0203,0.9385,0.2254,1.7088,0.8533,0.032,0.2157,0.00287,0.634,1,15,81.36,0.589,1,4120,14.0,4.642,0,30,6393,328570.2,28.34,16,10.21
1786433297864,858,v1,0.0626,0.5411,0.4715,1.1201,0.451,0.032,0.1803,0.001396,0.615,0,23,56.72,0.345,1,0,14.638,14.638,0,30,5257,129755.6,89.35,13,5.25
1786433300974,859,v1,0.0522,0.456,0.2328,2.1693,0.7988,0.032,0.0647,0.00346,0.674,1,8,41.01,0.65,1,5492,7.0,1.069,0,30,6647,350052.2,13.5,-1,12.61
1786433303040,860,v1,0.0169,0.3577,0.2083,2.4887,0.81,0.032,0.1487,0.001683,0.606,0,34,98.03,0.716,1,0,18.605,18.605,0,30,6388,190889.1,88.31,15,6.64
1786433305353,861,v1,0.0633,0.5511,0.4841,2.408,0.5056,0.032,0.1307,0.002081,0.604,1,24,29.61,0.354,1,558,15.368,14.084,0,30,6932,195451.4,99.99,14,7.82
1786433308607,862,v1,0.0706,0.4146,0.3403,2.4395,0.8555,0.032,0.1203,0.002837,0.707,0,4,45.89,0.916,1,4434,3.0,2.328,0,30,6651,340049.7,28.34,16,10.84
1786433296861,863,v1,0.0321,0.4718,0.4297,1.7329,0.8149,0.032,0.1901,0.003019,0.716,0,22,88.25,0.972,1,0,17.862,17.862,0,30,5607,182170.1,84.44,17,12.32
1786433298901,864,v1,0.0716,0.8811,0.4091,1.7627,0.9964,0.032,0.1035,0.00255,0.662,1,8,76.49,0.558,1,4198,7.0,2.012,0,30,5978,299362.1,28.64,15,9.37
1786433301035,865,v1,0.0485,0.6944,0.2907,1.5345,0.6378,0.032,0.1346,0.002912,0.702,0,28,94.21,0.623,1,0,18.056,18.056,0,30,6134,178023.1,89.17,16,10.86
1786433303536,866,v1,0.0717,0.2148,0.4868,1.0772,0.9823,0.032,0.158,0.001773,0.604,1,11,81.6,0.372,1,1302,8.951,6.817,0,30,6211,161763.8,66.93,8,6.41
1786433305811,867,v1,0.0315,0.6112,0.1567,2.1351,0.6119,0.032,0.161,0.002072,0.59,1,24,49.99,0.542,1,754,15.87,14.168,0,30,7316,230973.2,92.5,14,8.23
1786433309598,868,v1,0.0146,0.8435,0.141,1.9703,0.5478,0.032,0.2367,0.003022,0.7,0,12,25.63,0.312,1,1330,11.0,9.4,0,30,7724,403728.0,18.15,-1,11.34
1786433312517,869,v1,0.0412,0.5933,0.2119,0.9511,0.6903,0.032,0.1978,0.002048,0.605,1,8,95.2,0.964,1,6032,7.0,0.0,0,30,6125,358014.1,0.0,-1,7.8
1786433297291,870,v1,0.0598,0.6457,0.4367,2.2531,0.6967,0.032,0.1603,0.002933,0.695,0,23,92.89,0.335,1,0,16.893,16.893,0,30,5818,171926.2,95.53,16,11.28
1786433300187,871,v1,0.0543,0.7884,0.4841,2.2558,0.9448,0.032,0.2195,0.003109,0.711,0,13,63.98,0.867,1,4573,12.0,5.415,0,30,7241,367419.5,32.78,17,12.59
1786433301808,872,v1,0.0391,0.6359,0.2227,1.7375,0.7848,0.032,0.0689,0.003146,0.718,0,13,37.84,0.513,1,1712,12.0,9.236,0,30,6438,242668.1,65.45,17,12.04
1786433304679,873,v1,0.0164,0.7709,0.4593,2.0971,0.2053,0.032,0.228,0.003618,0.59,0,16,74.66,0.677,1,0,13.179,13.179,0,30,5851,142304.3,87.47,13,13.47
1786433307715,874,v1,0.0396,0.9832,0.1708,2.0817,0.7242,0.032,0.1635,0.002333,0.678,1,9,50.15,0.782,1,5428,8.0,0.434,0,30,5850,349946.9,5.03,-1,9.03
1786433309420,875,v1,0.0701,0.6864,0.402,1.4036,0.9144,0.032,0.1944,0.002797,0.695,0,26,28.75,0.646,1,0,17.013,17.013,0,30,6743,188108.8,92.14,15,10.23
1786433311290,876,v1,0.0722,0.5173,0.2244,2.0775,0.6813,0.032,0.1278,0.001328,0.607,1,33,42.28,0.46,1,566,16.988,15.406,0,30,6330,178023.1,84.77,14,5.5
1786433297749,877,v1,0.0772,0.3621,0.4219,0.8735,0.844,0.032,0.0658,0.002908,0.599,0,17,66.46,0.802,1,0,11.619,11.619,0,30,6155,127183.2,84.5,10,11.49
1786433300038,878,v1,0.0777,0.9009,0.3865,2.4172,0.2826,0.032,0.2004,0.003231,0.679,1,18,69.22,0.942,1,1028,15.535,12.809,0,30,6149,229439.0,87.94,15,12.05
1786433302601,879,v1,0.0193,0.9851,0.2402,1.2482,0.3832,0.032,0.1105,0.00165,0.717,0,28,70.55,0.902,1,0,6.823,6.823,0,30,6306,332181.3,33.07,19,6.49
1786433306243,880,v1,0.0445,0.9444,0.3643,1.7455,0.8375,0.032,0.1516,0.001547,0.677,1,7,63.76,0.838,1,6058,6.0,0.0,0,30,6124,370129.6,0.0,-1,6.12
1786433309371,881,v1,0.0618,0.3463,0.4726,1.3185,0.1037,0.032,0.1219,0.001933,0.682,1,4,61.24,0.965,1,5946,3.0,0.0,0,30,5994,338873.2,0.0,-1,8.09
1786433312389,882,v1,0.0234,0.7553,0.2256,1.7244,0.9357,0.032,0.0919,0.001905,0.72,1,25,94.18,0.422,1,0,6.967,6.967,0,30,6918,368863.2,35.32,19,7.3
1786433313628,883,v1,0.0728,0.7076,0.2501,0.9581,0.3577,0.032,0.1709,0.00252,0.666,0,21,77.62,0.716,1,0,15.755,15.755,0,30,5576,161151.9,92.69,15,9.27
1786433298045,884,v1,0.0291,0.7528,0.4596,2.41,0.3468,0.032,0.0703,0.002257,0.594,0,29,96.21,0.882,1,0,15.734,15.734,0,30,5725,143723.9,90.25,13,9.14
1786433300232,885,v1,0.0586,0.6174,0.194,1.1546,0.1033,0.032,0.0595,0.002251,0.59,0,32,96.1,0.875,1,0,15.744,15.744,0,30,6597,156495.8,88.83,12,9.17
1786433303286,886,v1,0.0783,0.8419,0.2475,2.2277,0.845,0.032,0.1845,0.001383,0.697,1,14,55.21,0.995,1,6420,13.0,0.0,0,30,6529,408692.2,0.0,-1,5.3
1786433305434,887,v1,0.0548,0.6074,0.3032,2.3083,0.78,0.032,0.1332,0.003084,0.614,0,25,53.73,0.629,1,0,16.079,16.079,0,30,5701,157348.2,93.47,14,11.68
1786433308789,888,v1,0.0705,0.8215,0.2719,1.9574,0.2922,0.032,0.1859,0.002898,0.657,1,11,95.18,0.83,1,6205,10.0,0.0,0,30,6363,375160.8,0.0,-1,10.37
1786433310082,889,v1,0.0421,0.4742,0.4049,2.0029,0.526,0.032,0.1444,0.002171,0.679,0,11,75.26,0.413,1,0,10.0,10.0,0,30,6738,190690.6,86.04,15,8.4
1786433312304,890,v1,0.0399,0.9134,0.2298,2.4331,0.7026,0.032,0.0906,0.002201,0.696,0,4,80.78,0.725,1,0,3.0,3.0,0,30,6036,191485.7,84.28,17,8.37
1786433298906,891,v1,0.0489,0.2754,0.3179,1.456,0.6062,0.032,0.2341,0.003655,0.602,1,23,49.01,0.438,1,509,14.808,13.388,0,30,5736,161357.9,92.98,13,14.94
1786433301381,892,v1,0.0166,0.2427,0.3336,2.4133,0.1114,0.032,0.2483,0.001791,0.647,1,12,88.18,0.321,1,2715,11.0,6.203,0,30,6342,275437.7,48.21,17,6.51
1786433303838,893,v1,0.0544,0.7271,0.4647,2.0688,0.1732,0.032,0.1163,0.001555,0.647,1,31,22.58,0.76,1,810,17.208,14.866,0,30,6201,185016.3,94.85,14,6.14
1786433305887,894,v1,0.068,0.6094,0.2815,2.3681,0.6425,0.032,0.1761,0.002704,0.68,1,20,75.96,0.87,1,0,16.074,16.074,0,30,6111,172712.1,89.44,15,10.64
1786433309461,895,v1,0.0138,0.5464,0.3213,0.8173,0.5898,0.032,0.1046,0.00218,0.695,1,6,87.93,0.987,1,6346,5.0,0.0,0,30,6424,371106.3,0.0,-1,8.37
1786433311695,896,v1,0.0577,0.7594,0.318,1.9927,0.5639,0.032,0.1259,0.002292,0.65,1,25,49.04,0.523,1,728,16.405,14.665,0,30,7172,215096.9,92.62,15,8.48
1786433313586,897,v1,0.0738,0.7898,0.1588,1.0715,0.9065,0.032,0.0545,0.002497,0.591,1,23,37.69,0.634,1,746,14.583,12.821,0,30,6431,174544.2,93.55,12,9.38
1786433300500,898,v1,0.038,0.4937,0.3832,1.8182,0.857,0.032,0.1268,0.003213,0.591,0,6,88.98,0.69,1,0,5.0,5.0,0,30,5967,148125.9,93.37,13,12.69
1786433303287,899,v1,0.0531,0.9951,0.3051,1.5425,0.711,0.032,0.2448,0.002576,0.668,0,13,73.19,0.617,1,2256,12.0,8.634,0,30,6945,262946.7,56.26,15,10.57
1786433305324,900,v1,0.0789,0.8085,0.4448,1.9687,0.2131,0.032,0.2498,0.003735,0.681,1,33,34.08,0.857,1,860,17.962,14.997,0,30,5851,195900.9,87.79,15,13.81
1786433307756,901,v1,0.0626,0.9611,0.4699,1.8905,0.6419,0.032,0.0954,0.003497,0.693,1,29,69.63,0.774,1,0,17.777,17.777,0,30,6498,183735.4,97.65,16,13.19
1786433310093,902,v1,0.0252,0.4082,0.2277,1.4226,0.7172,0.032,0.0622,0.001211,0.658,0,5,73.08,0.906,1,3163,4.0,2.993,0,30,6315,287270.7,42.23,16,4.42
1786433312138,903,v1,0.0622,0.4297,0.1575,0.9454,0.3741,0.032,0.1884,0.003661,0.707,0,28,42.8,0.682,1,0,17.795,17.795,0,30,5858,177350.6,86.87,16,14.07
1786433313518,904,v1,0.0635,0.8151,0.1299,1.5923,0.3176,0.032,0.1687,0.002519,0.686,0,9,79.64,0.572,1,0,8.0,8.0,0,30,6111,199279.3,94.16,16,10.08
1786433301305,905,v1,0.0318,0.8876,0.2917,2.3905,0.2638,0.032,0.1188,0.002552,0.62,0,11,89.9,0.968,1,0,10.0,10.0,0,30,6545,194882.2,90.41,15,9.46
1786433303708,906,v1,0.0775,0.8904,0.4961,2.2838,0.737,0.032,0.2283,0.001227,0.651,0,22,93.1,0.421,1,0,15.84,15.84,0,30,6792,191714.6,99.82,15,4.42
1786433305558,907,v1,0.0196,0.2394,0.2857,1.269,0.4609,0.032,0.0503,0.003697,0.592,0,21,79.2,0.706,1,0,13.463,13.463,0,30,5864,135889.8,85.44,12,13.86
1786433308178,908,v1,0.0414,0.3653,0.2871,1.948,0.7784,0.032,0.2484,0.002801,0.691,0,14,53.2,0.357,1,1417,13.0,10.147,0,30,5670,203169.7,69.35,16,10.51
1786433309682,909,v1,0.046,0.6862,0.1278,1.0919,0.2954,0.032,0.2021,0.003194,0.584,0,21,25.18,0.643,1,378,13.421,12.706,0,30,6373,162161.8,86.65,12,11.96
1786433312882,910,v1,0.0692,0.3063,0.4353,1.4121,0.3092,0.032,0.1587,0.003497,0.667,1,10,65.14,0.778,1,6042,9.0,1.006,0,30,7016,386904.8,11.29,-1,12.91
1786433314158,911,v1,0.0496,0.3374,0.4072,1.6074,0.4964,0.032,0.2232,0.002022,0.582,0,5,97.78,0.81,1,0,4.0,4.0,0,30,5526,117271.6,84.39,11,7.93
1786433312059,912,v1,0.0405,0.5892,0.3101,1.6775,0.2671,0.032,0.149,0.002569,0.666,1,8,72.67,0.899,1,6104,7.0,0.0,0,30,6221,374905.8,0.0,-1,9.98
1786433313546,913,v1,0.033,0.6527,0.2495,1.8908,0.4459,0.032,0.1139,0.003562,0.653,0,21,68.76,0.78,1,0,16.393,16.393,0,30,6179,183338.5,91.73,16,13.53
1786433315610,914,v1,0.0783,0.5553,0.2879,1.0569,0.1427,0.032,0.118,0.001389,0.705,1,17,82.04,0.903,1,0,15.528,15.528,0,30,6797,220673.2,90.41,15,5.09
1786433318772,915,v1,0.0131,0.355,0.3762,2.1372,0.1526,0.032,0.2122,0.00141,0.71,0,14,79.76,0.703,1,3103,13.0,7.488,0,30,6293,389561.5,0.0,-1,5.09
1786433320222,916,v1,0.0596,0.8061,0.1536,1.1086,0.5481,0.032,0.2213,0.00166,0.613,1,18,91.52,0.406,1,0,14.412,14.412,0,30,5524,143921.9,93.05,14,6.48
1786433323161,917,v1,0.011,0.6716,0.4152,1.3246,0.3967,0.032,0.1836,0.002231,0.709,1,13,65.35,0.424,1,3105,12.0,6.355,0,30,6769,390279.6,0.0,-1,8.45
1786433324758,918,v1,0.0237,0.8331,0.2822,1.172,0.3922,0.032,0.1681,0.002011,0.653,1,27,65.13,0.776,1,0,17.627,17.627,0,30,6302,179283.2,86.53,16,8.01
1786433313808,919,v1,0.0789,0.3917,0.1951,0.8712,0.9807,0.032,0.1996,0.003727,0.687,0,21,48.92,0.747,1,0,15.744,15.744,0,30,6147,175141.7,95.12,15,13.44
1786433315393,920,v1,0.0503,0.9122,0.255,2.1797,0.2651,0.032,0.1363,0.002237,0.673,1,18,55.0,0.346,1,0,15.978,15.978,0,30,6244,183160.5,93.35,16,8.89
1786433318136,921,v1,0.029,0.572,0.2936,1.6047,0.2434,0.032,0.124,0.002595,0.634,1,7,88.0,0.504,1,4493,6.0,1.699,0,30,6358,321026.4,24.65,16,10.03
1786433321174,922,v1,0.0106,0.4914,0.2386,2.2232,0.6937,0.032,0.0819,0.002236,0.66,0,8,27.03,0.658,1,3045,7.0,4.676,0,30,6665,341320.3,27.66,19,8.64
1786433322928,923,v1,0.0593,0.9446,0.3039,2.0884,0.8507,0.032,0.1911,0.001811,0.617,1,33,95.37,0.841,1,0,17.387,17.387,0,30,6546,183933.0,92.03,14,7.29
1786433324659,924,v1,0.0322,0.2558,0.5,1.077,0.309,0.032,0.1727,0.001832,0.582,0,9,39.53,0.304,1,1047,7.999,7.045,0,30,6670,160967.2,75.23,8,6.99
1786433326272,925,v1,0.049,0.5813,0.1827,1.1612,0.2806,0.032,0.2393,0.003133,0.685,0,17,34.44,0.424,1,264,15.984,15.347,0,30,6100,199042.3,85.2,16,11.82
1786433315681,926,v1,0.0403,0.7172,0.1739,2.1387,0.3547,0.032,0.2176,0.002976,0.704,0,6,57.11,0.786,1,3603,5.0,3.41,0,30,6889,353377.3,40.24,18,11.02
1786433318208,927,v1,0.0402,0.3156,0.1152,0.9215,0.3596,0.032,0.1505,0.00306,0.596,1,11,30.59,0.456,1,3382,10.0,4.436,0,30,6262,279576.5,42.26,14,10.91
1786433320225,928,v1,0.0379,0.6592,0.3007,1.4441,0.768,0.032,0.1922,0.001282,0.636,0,28,95.46,0.784,1,0,16.791,16.791,0,30,6588,191743.2,84.05,14,5.59
1786433321816,929,v1,0.0258,0.7705,0.4691,2.2723,0.359,0.032,0.2185,0.003727,0.701,0,19,50.08,0.3,1,248,17.563,16.67,0,30,4764,161988.1,83.45,17,14.32
1786433323299,930,v1,0.0255,0.8519,0.4665,2.0643,0.9536,0.032,0.122,0.001332,0.634,0,14,85.08,0.888,1,0,13.0,13.0,0,30,6094,183548.6,88.29,15,5.58
1786433325070,931,v1,0.0495,0.3125,0.1788,1.6512,0.9546,0.032,0.0965,0.001271,0.65,0,27,20.7,0.712,1,383,17.048,16.102,0,30,6240,185500.0,88.53,15,5.1
1786433326681,932,v1,0.0622,0.8139,0.2065,2.0222,0.1176,0.032,0.2022,0.002143,0.662,0,26,79.04,0.882,1,0,17.201,17.201,0,30,6156,200402.8,92.44,15,8.9
1786433316253,933,v1,0.0117,0.8939,0.4853,1.64,0.4172,0.032,0.0794,0.00293,0.683,1,10,77.12,0.891,1,6948,9.0,0.0,0,30,7120,392543.3,0.0,-1,10.88
1786433319645,934,v1,0.0568,0.9258,0.4419,1.368,0.5714,0.032,0.2414,0.002292,0.628,1,10,43.05,0.957,1,6051,9.0,0.0,0,30,6187,363961.0,0.0,-1,8.73
1786433322635,935,v1,0.072,0.4895,0.2146,2.4133,0.4885,0.032,0.1343,0.002803,0.628,1,5,62.2,0.85,1,6765,4.0,0.0,0,30,6842,419603.2,0.0,-1,9.69
1786433324223,936,v1,0.0336,0.3235,0.1791,1.1491,0.2119,0.032,0.1014,0.001747,0.68,0,5,97.22,0.335,1,0,4.0,4.0,0,30,6664,211590.5,84.14,16,6.86
1786433325952,937,v1,0.0707,0.2175,0.1403,1.104,0.8021,0.032,0.2063,0.003744,0.684,0,25,20.89,0.883,1,613,16.756,15.198,0,30,6264,198366.6,89.18,15,14.05
1786433327855,938,v1,0.0456,0.816,0.4528,0.8819,0.3906,0.032,0.1158,0.002357,0.707,1,9,47.35,0.378,1,2848,8.0,3.98,0,30,5772,264181.6,43.45,16,9.42
1786433330178,939,v1,0.0405,0.543,0.4721,1.2451,0.48,0.032,0.1352,0.003606,0.687,1,5,20.66,0.56,1,5211,4.0,1.101,0,30,7284,332036.1,24.16,16,13.28
1786433316275,940,v1,0.0698,0.5542,0.3258,2.4923,0.3069,0.032,0.2227,0.002486,0.583,0,12,36.85,0.388,1,1673,11.0,8.644,0,30,6580,229634.2,73.8,14,9.77
1786433319808,941,v1,0.0113,0.5584,0.3498,1.2301,0.8636,0.032,0.0572,0.002906,0.7,0,10,48.48,0.949,1,4562,9.0,3.977,0,30,6520,355472.0,10.82,-1,10.75
1786433322797,942,v1,0.0663,0.2146,0.1636,2.3942,0.2505,0.032,0.1734,0.001442,0.622,1,13,53.29,0.791,1,6554,12.0,0.0,0,30,6673,397005.5,0.0,-1,5.47
1786433324892,943,v1,0.0566,0.2367,0.3177,0.8365,0.7169,0.032,0.2118,0.002522,0.661,1,4,28.41,0.805,1,5208,3.0,0.275,0,30,5770,327586.3,8.85,-1,9.03
1786433326574,944,v1,0.0362,0.6349,0.1766,2.4526,0.4489,0.032,0.1027,0.002098,0.704,1,25,58.56,0.71,1,948,19.202,16.034,0,30,6000,257031.2,87.4,18,7.92
1786433328328,945,v1,0.0194,0.2077,0.4926,2.1192,0.2031,0.032,0.2033,0.002037,0.592,0,24,28.09,0.45,1,259,14.883,14.293,0,30,5859,147401.1,89.73,13,7.82
1786433329835,946,v1,0.0462,0.8769,0.2084,1.0183,0.2227,0.032,0.1751,0.001483,0.703,0,8,91.21,0.335,1,0,7.0,7.0,0,30,6220,229083.2,93.9,16,6.32
1786433316436,947,v1,0.0593,0.8408,0.3769,1.5594,0.7655,0.032,0.1579,0.002991,0.646,1,21,99.21,0.339,1,0,15.558,15.558,0,30,6185,172859.3,96.1,15,11.12
1786433318812,948,v1,0.0266,0.5262,0.171,1.837,0.2915,0.032,0.117,0.003606,0.618,1,28,29.99,0.989,1,872,16.913,14.19,0,30,5963,180192.7,85.11,15,13.4
1786433320415,949,v1,0.0783,0.7331,0.2668,2.139,0.8268,0.032,0.2436,0.001877,0.612,0,32,73.7,0.438,1,0,16.842,16.842,0,30,6044,159940.4,84.14,14,7.25
1786433322471,950,v1,0.0444,0.9747,0.3978,1.3764,0.3025,0.032,0.2056,0.002184,0.59,0,21,22.42,0.902,1,632,12.855,11.71,0,30,6256,157359.3,91.34,11,9.43
1786433323521,951,v1,0.0343,0.6129,0.3674,2.0208,0.27,0.032,0.0759,0.002524,0.647,1,28,58.64,0.647,1,0,17.27,17.27,0,30,5398,148289.5,90.39,15,9.61
1786433324887,952,v1,0.0349,0.7385,0.4805,1.9481,0.2601,0.032,0.1983,0.001704,0.582,0,25,76.63,0.613,1,0,13.634,13.634,0,30,5379,119306.4,86.73,11,7.19
1786433326463,953,v1,0.0775,0.8281,0.1139,1.7677,0.8879,0.032,0.1043,0.003239,0.668,1,18,47.79,0.421,1,495,15.585,14.274,0,30,6220,187435.9,89.35,15,12.25
1786433318085,954,v1,0.0245,0.2927,0.1635,1.5793,0.4157,0.032,0.1443,0.003766,0.596,0,12,65.96,0.791,1,3297,11.0,6.203,0,30,6460,284533.1,40.82,14,14.61
1786433320128,955,v1,0.0112,0.7778,0.4798,0.9286,0.5886,0.032,0.2246,0.001759,0.606,1,24,94.1,0.454,1,0,12.967,12.967,0,30,6831,147124.5,91.9,10,6.94
1786433321891,956,v1,0.0498,0.7903,0.367,1.1521,0.2002,0.032,0.0668,0.003659,0.598,1,22,64.85,0.82,1,870,13.488,11.355,0,30,5903,152221.1,88.13,11,13.96
1786433323266,957,v1,0.0241,0.619,0.4275,1.0594,0.985,0.032,0.1814,0.001433,0.591,1,19,82.93,0.493,1,0,11.91,11.91,0,30,6315,125822.1,88.59,10,5.75
1786433325840,958,v1,0.0381,0.3518,0.1484,2.2243,0.7133,0.032,0.126,0.002769,0.714,1,5,83.93,0.597,1,5636,4.0,0.45,0,30,6410,379087.4,9.55,-1,10.61
1786433327680,959,v1,0.0793,0.5981,0.2516,1.4033,0.6622,0.032,0.1982,0.002211,0.584,1,6,39.67,0.334,1,2606,5.0,2.915,0,30,6313,239546.9,49.87,10,8.19
1786433329332,960,v1,0.0746,0.8165,0.4769,2.3406,0.1366,0.032,0.2111,0.00277,0.718,0,18,78.53,0.924,1,0,16.311,16.311,0,30,6097,240711.7,86.07,16,9.97
1786433318204,961,v1,0.068,0.7205,0.2044,1.0506,0.7249,0.032,0.1487,0.002605,0.661,1,29,99.9,0.411,1,0,17.013,17.013,0,30,6543,187774.7,96.41,15,9.57
1786433320199,962,v1,0.0587,0.2492,0.4653,1.0967,0.2442,0.032,0.1208,0.001793,0.714,0,23,86.51,0.638,1,0,16.855,16.855,0,30,6004,197804.7,99.47,16,6.7
1786433322396,963,v1,0.0426,0.5823,0.2485,1.2406,0.4564,0.032,0.0519,0.002302,0.664,0,10,32.52,0.743,1,2864,9.0,5.472,0,30,5802,253564.6,44.48,15,8.55
1786433324559,964,v1,0.0488,0.8164,0.3727,1.8867,0.8814,0.032,0.0633,0.003665,0.591,1,5,42.07,0.906,1,6035,4.0,0.0,0,30,6130,360915.0,0.0,-1,13.78
1786433326139,965,v1,0.0283,0.7507,0.2472,2.1187,0.2934,0.032,0.2209,0.001307,0.619,1,22,55.28,0.417,1,0,16.071,16.071,0,30,6184,174727.0,88.42,15,5.21
1786433327833,966,v1,0.0402,0.4409,0.4344,1.5904,0.8198,0.032,0.1597,0.003227,0.625,0,35,65.96,0.92,1,0,17.567,17.567,0,30,6609,179958.1,89.48,14,11.58
1786433329251,967,v1,0.0324,0.2117,0.4637,0.888,0.7348,0.032,0.133,0.002555,0.644,0,31,27.31,0.337,1,149,17.135,16.712,0,30,5642,158497.2,94.45,14,10.0
1786433327492,968,v1,0.074,0.2961,0.3907,1.3892,0.6546,0.032,0.1977,0.002863,0.632,1,11,23.96,0.42,1,2932,10.0,5.316,0,30,6446,259851.4,47.48,14,10.63
1786433329267,969,v1,0.05,0.6313,0.1872,1.8832,0.5406,0.032,0.234,0.003477,0.595,0,26,58.48,0.462,1,0,15.801,15.801,0,30,7129,181679.1,86.45,14,12.61
1786433330456,970,v1,0.0301,0.9189,0.4473,1.3266,0.8598,0.032,0.1524,0.001308,0.602,0,25,94.59,0.538,1,0,13.978,13.978,0,30,6376,147645.1,86.37,11,4.75
1786433331868,971,v1,0.0373,0.4875,0.1294,1.2765,0.5866,0.032,0.1899,0.001295,0.589,0,24,50.82,0.58,1,0,15.165,15.165,0,30,6136,157448.4,94.72,13,5.26
1786433332960,972,v1,0.0258,0.5538,0.3732,2.0275,0.4871,0.032,0.0825,0.002186,0.612,0,31,22.9,0.792,1,456,16.961,15.922,0,30,6921,188913.1,90.09,14,8.22
1786433335015,973,v1,0.0699,0.5306,0.3785,2.414,0.7645,0.032,0.0748,0.001612,0.625,0,14,77.54,0.724,1,0,13.0,13.0,0,30,6034,162334.5,92.17,14,6.07
1786433336257,974,v1,0.0312,0.3467,0.4581,1.0059,0.6072,0.032,0.1146,0.002907,0.677,0,13,76.74,0.632,1,0,12.0,12.0,0,30,6344,189443.3,95.44,15,11.13
1786433329553,975,v1,0.0719,0.9789,0.2901,1.1688,0.3797,0.032,0.0783,0.002777,0.683,1,9,66.51,0.681,1,5372,8.0,0.659,0,30,5988,313891.4,9.01,-1,10.39
1786433330865,976,v1,0.0719,0.2206,0.3668,2.4778,0.9032,0.032,0.114,0.003752,0.655,1,35,66.41,0.976,1,0,18.116,18.116,0,30,5602,162127.3,88.16,15,14.19
1786433332439,977,v1,0.0173,0.2278,0.4387,2.2235,0.8861,0.032,0.0899,0.002716,0.691,1,23,93.69,0.746,1,0,11.802,11.802,0,30,6257,269016.1,57.13,18,10.6
1786433333978,978,v1,0.0145,0.3711,0.1195,1.7257,0.9697,0.032,0.0675,0.001649,0.663,1,34,83.33,0.629,1,0,20.208,20.208,0,30,5781,205347.8,87.4,18,6.04
1786433335814,979,v1,0.0365,0.6521,0.4887,1.2856,0.7393,0.032,0.161,0.0017,0.644,0,27,63.82,0.967,1,0,16.565,16.565,0,30,6762,184418.4,97.19,15,6.52
1786433336785,980,v1,0.0603,0.4446,0.4758,1.5882,0.2649,0.032,0.1939,0.001432,0.675,1,36,38.14,0.528,1,662,18.307,16.292,0,30,6256,189839.0,86.26,15,5.24
1786433337928,981,v1,0.0152,0.8021,0.2505,1.6609,0.9746,0.032,0.0892,0.002848,0.585,0,24,54.86,0.836,1,0,14.676,14.676,0,30,6090,154115.2,84.9,13,11.66
1786433329481,982,v1,0.0222,0.6386,0.2846,0.968,0.855,0.032,0.1567,0.001898,0.633,0,28,93.92,0.512,1,0,16.641,16.641,0,30,6525,180758.1,87.41,14,7.75
1786433330872,983,v1,0.0613,0.3736,0.1496,2.2708,0.7798,0.032,0.0728,0.003057,0.594,0,20,92.24,0.798,1,0,14.947,14.947,0,30,6274,166111.7,86.08,14,11.51
1786433332083,984,v1,0.017,0.7847,0.4571,1.2429,0.784,0.032,0.1366,0.003058,0.614,0,36,81.48,0.422,1,0,16.519,16.519,0,30,5827,144377.6,85.76,12,10.98
1786433333502,985,v1,0.072,0.8577,0.4639,1.4834,0.8094,0.032,0.1605,0.001245,0.713,0,19,76.53,0.458,1,0,15.824,15.824,0,30,6860,202528.8,91.12,15,4.8
1786433335376,986,v1,0.0179,0.5715,0.2711,2.2646,0.3781,0.032,0.203,0.001584,0.636,1,30,92.52,0.448,1,0,18.514,18.514,0,30,5907,184802.3,86.34,16,6.03
1786433336587,987,v1,0.0526,0.328,0.468,2.3673,0.139,0.032,0.2404,0.001398,0.598,1,25,38.36,0.535,1,750,15.442,13.826,0,30,7327,206803.1,93.71,14,4.94
1786433338033,988,v1,0.061,0.9647,0.4943,1.8728,0.7218,0.032,0.2196,0.002329,0.596,0,12,50.26,0.611,1,2115,11.0,7.894,0,30,6307,232454.5,58.16,12,9.12
1786433330828,989,v1,0.0248,0.7707,0.1023,1.235,0.4536,0.032,0.055,0.002293,0.601,1,11,87.85,0.827,1,6076,10.0,0.0,0,30,6210,380536.2,0.0,-1,9.1
1786433332211,990,v1,0.067,0.6041,0.236,1.7756,0.9831,0.032,0.2432,0.002956,0.658,1,26,50.93,0.41,1,551,16.573,14.974,0,30,6054,182792.4,94.65,15,10.59
1786433333543,991,v1,0.0684,0.6749,0.4833,1.1452,0.5692,0.032,0.199,0.002975,0.64,1,18,93.31,0.352,1,0,14.41,14.41,0,30,6420,173737.4,94.42,14,10.93
1786433335557,992,v1,0.0384,0.8515,0.2266,2.278,0.8207,0.032,0.1462,0.002452,0.596,0,32,69.1,0.342,1,0,17.097,17.097,0,30,6801,180424.9,90.02,14,8.82
1786433337099,993,v1,0.01,0.6303,0.2661,1.8814,0.9571,0.032,0.2181,0.001213,0.712,0,21,76.28,0.497,1,0,0.0,0.0,0,30,5955,353637.5,0.0,-1,4.84
1786433338109,994,v1,0.0408,0.9178,0.445,1.2906,0.2749,0.032,0.1318,0.003247,0.599,0,6,79.34,0.893,1,0,5.0,5.0,0,30,5862,135786.4,85.43,12,11.75
1786433338957,995,v1,0.044,0.5712,0.238,0.8492,0.5557,0.032,0.207,0.00126,0.703,1,17,22.11,0.865,1,1268,16.0,12.928,0,30,6728,245876.7,80.8,16,5.29
1786433331239,996,v1,0.059,0.7166,0.3165,0.9013,0.12,0.032,0.0853,0.001352,0.67,0,34,86.73,0.942,1,0,17.897,17.897,0,30,6295,176526.0,97.96,15,5.08
1786433332472,997,v1,0.0781,0.7359,0.1266,1.8305,0.961,0.032,0.1326,0.001225,0.665,1,24,29.38,0.563,1,584,16.743,15.052,0,30,5877,183929.1,93.05,15,4.63
1786433334156,998,v1,0.0213,0.9204,0.1412,2.2146,0.8387,0.032,0.1803,0.002895,0.67,0,26,35.8,0.787,1,0,19.026,19.026,0,30,6138,201898.2,87.69,17,11.27
1786433335881,999,v1,0.0701,0.2438,0.4398,1.3398,0.7156,0.032,0.0623,0.002493,0.626,0,7,78.09,0.357,1,0,6.0,6.0,0,30,6695,166305.1,99.81,14,9.5
1786433346251,1000,v1,0.0401,0.6709,0.2099,1.1175,0.795,0.032,0.0682,0.002951,0.704,0,20,96.86,0.397,1,0,17.361,17.361,0,30,7088,216614.6,84.75,17,10.96
1786433347574,1001,v1,0.0369,0.4695,0.1295,1.4838,0.8726,0.032,0.0832,0.001461,0.638,0,27,21.11,0.897,1,614,17.073,15.496,0,30,6027,193101.9,88.72,15,5.67
1786433349287,1002,v1,0.017,0.9892,0.4772,2.0171,0.3546,0.032,0.2437,0.002076,0.645,0,24,90.11,0.414,1,0,17.211,17.211,0,30,5457,169278.2,88.24,16,8.5
1786433351632,1003,v1,0.0312,0.8489,0.2633,2.4214,0.1569,0.032,0.0691,0.003759,0.657,1,4,69.65,0.792,1,5527,3.0,0.0,0,30,5580,335801.5,0.0,-1,14.01
1786433353669,1004,v1,0.0661,0.3275,0.2251,0.8409,0.641,0.032,0.2124,0.001631,0.623,0,17,28.63,0.977,1,521,14.144,13.133,0,30,6337,181904.9,96.46,14,6.23
1786433355974,1005,v1,0.0269,0.7496,0.2513,2.1715,0.4386,0.032,0.0695,0.003218,0.684,1,5,92.28,0.506,1,4201,4.0,1.351,0,30,6427,315703.3,29.2,18,12.21
1786433357725,1006,v1,0.0594,0.6345,0.4562,1.6349,0.1757,0.032,0.0893,0.002694,0.672,0,23,23.88,0.731,1,502,16.311,15.155,0,30,6582,211760.6,86.72,15,11.08
1786433346774,1007,v1,0.0218,0.8737,0.3322,1.1933,0.9246,0.032,0.0885,0.001313,0.669,1,8,30.06,0.331,1,2787,7.0,3.589,0,30,5782,269182.8,43.59,17,5.12
1786433349418,1008,v1,0.028,0.6479,0.3384,1.9722,0.2565,0.032,0.1676,0.00187,0.719,1,4,20.57,0.917,1,6520,3.0,0.0,0,30,6553,385649.8,0.0,-1,7.68
1786433351025,1009,v1,0.0327,0.2102,0.4068,1.7674,0.4114,0.032,0.11,0.003253,0.595,0,29,35.49,0.602,1,0,15.278,15.278,0,30,6512,154248.9,84.78,12,11.96
1786433353272,1010,v1,0.0776,0.8778,0.3408,2.1117,0.3199,0.032,0.235,0.001533,0.708,1,36,83.4,0.651,1,0,19.531,19.531,0,30,6188,206640.3,84.23,15,5.83
1786433354701,1011,v1,0.0428,0.4133,0.2324,1.696,0.963,0.032,0.249,0.001228,0.653,1,21,93.85,0.918,1,0,16.094,16.094,0,30,6146,177528.9,89.83,15,4.46
1786433357110,1012,v1,0.0252,0.2099,0.4464,1.6297,0.5734,0.032,0.056,0.001273,0.712,1,6,81.59,0.39,1,3257,5.0,2.242,0,30,5935,285296.2,39.27,18,5.0
1786433358634,1013,v1,0.0268,0.5513,0.3382,1.1819,0.809,0.032,0.1958,0.001896,0.625,0,18,91.29,0.361,1,0,14.913,14.913,0,30,5909,164458.5,93.66,14,6.75
1786433346970,1014,v1,0.0213,0.6913,0.2892,0.9677,0.5227,0.032,0.1117,0.001621,0.703,1,31,91.01,0.906,1,0,19.687,19.687,0,30,5494,182896.5,85.55,17,5.92
1786433348758,1015,v1,0.0678,0.2773,0.1197,1.9718,0.4034,0.032,0.1279,0.002253,0.604,0,10,44.21,0.334,1,1580,9.0,7.152,0,30,6097,217056.7,66.77,14,8.61
1786433350969,1016,v1,0.049,0.9867,0.3825,1.5685,0.7957,0.032,0.1324,0.002855,0.67,1,5,57.05,0.402,1,3408,4.0,1.708,0,30,6014,283661.3,38.03,15,10.11
1786433353046,1017,v1,0.0155,0.5422,0.3964,2.2829,0.8196,0.032,0.134,0.00159,0.661,0,20,33.5,0.536,1,0,17.578,17.578,0,30,5978,195528.5,86.75,17,6.44
1786433354620,1018,v1,0.014,0.6838,0.419,1.3612,0.2546,0.032,0.0906,0.003435,0.603,1,19,98.64,0.574,1,0,13.779,13.779,0,30,7477,175644.1,87.11,12,12.51
1786433356372,1019,v1,0.0445,0.8781,0.2951,2.0271,0.6277,0.032,0.157,0.002799,0.618,0,24,81.78,0.956,1,0,16.192,16.192,0,30,5452,150171.8,100.0,15,10.67
1786433358415,1020,v1,0.0786,0.7395,0.2598,1.8585,0.3142,0.032,0.2142,0.003537,0.657,0,7,37.67,0.549,1,2449,6.0,4.435,0,30,6380,265287.5,60.71,15,13.64
1786433347684,1021,v1,0.0556,0.2856,0.1502,1.2023,0.2282,0.032,0.0767,0.003623,0.705,1,21,36.97,0.672,1,1126,16.94,13.878,0,30,6671,255845.4,90.41,16,13.81
1786433350304,1022,v1,0.0436,0.5537,0.3465,1.7517,0.9052,0.032,0.1256,0.00231,0.692,1,15,80.75,0.504,1,3645,14.0,5.272,0,30,6020,292046.2,33.67,17,8.52
1786433351822,1023,v1,0.0241,0.3971,0.2304,0.8782,0.5727,0.032,0.2193,0.002648,0.585,0,36,31.79,0.918,1,0,15.123,15.123,0,30,6279,132955.2,87.79,11,10.0
1786433353903,1024,v1,0.0447,0.5474,0.2889,2.055,0.6172,0.032,0.1815,0.002683,0.685,0,10,70.43,0.716,1,2402,9.0,5.942,0,30,5637,250383.1,51.25,16,10.02
1786433355377,1025,v1,0.0579,0.8965,0.4985,1.144,0.8964,0.032,0.146,0.00296,0.594,0,33,81.56,0.342,1,0,13.975,13.975,0,30,6954,130826.3,90.39,10,11.04
1786433357044,1026,v1,0.0397,0.8648,0.179,1.3979,0.5484,0.032,0.2037,0.003279,0.659,1,18,69.66,0.559,1,0,15.83,15.83,0,30,5828,169727.7,84.3,15,12.71
1786433359708,1027,v1,0.0747,0.9275,0.453,1.5841,0.2492,0.032,0.1001,0.001633,0.639,1,8,63.59,0.617,1,5304,7.0,1.154,0,30,6420,366114.4,14.72,-1,6.25
1786433348818,1028,v1,0.0261,0.8815,0.1774,1.1969,0.8386,0.032,0.1405,0.001861,0.678,1,11,93.03,0.426,1,3139,10.0,4.463,0,30,5781,272190.7,37.78,17,6.92
1786433351451,1029,v1,0.0228,0.2722,0.2458,2.4635,0.142,0.032,0.1003,0.001277,0.7,0,4,45.46,0.562,1,2112,3.0,2.681,0,30,6646,350673.4,48.26,19,5.01
1786433353923,1030,v1,0.0733,0.4797,0.1046,1.1651,0.9344,0.032,0.1535,0.003752,0.708,0,6,22.44,0.864,1,3552,5.0,3.288,0,30,6318,292797.0,41.45,16,14.01
1786433355474,1031,v1,0.0789,0.3487,0.4025,1.6276,0.9051,0.032,0.1418,0.001844,0.614,0,34,50.48,0.312,1,0,16.878,16.878,0,30,6308,164252.2,96.15,14,7.24
1786433357303,1032,v1,0.0277,0.9185,0.2624,2.2075,0.6271,0.032,0.1183,0.002144,0.613,1,34,57.86,0.983,1,0,18.08,18.08,0,30,6534,186300.6,85.85,15,8.13
1786433359219,1033,v1,0.0498,0.2179,0.2175,1.5333,0.2014,0.032,0.1483,0.002198,0.641,1,22,21.19,0.796,1,826,15.87,13.605,0,30,6026,190292.4,98.2,15,8.38
1786433361413,1034,v1,0.062,0.9156,0.3693,2.3226,0.9305,0.032,0.1515,0.003103,0.656,0,14,50.16,0.852,1,2721,13.0,7.915,0,30,6131,251715.8,45.65,15,12.02
1786433349159,1035,v1,0.0756,0.3831,0.104,1.0345,0.7911,0.032,0.158,0.00234,0.633,0,10,45.57,0.689,1,2633,9.0,5.852,0,30,5998,248034.8,52.5,15,9.04
1786433351614,1036,v1,0.0444,0.4472,0.4731,2.1366,0.7489,0.032,0.2021,0.002081,0.685,1,4,43.41,0.323,1,2816,3.0,1.827,0,30,7257,286839.5,51.23,16,7.9
1786433353597,1037,v1,0.0508,0.9376,0.3233,2.0524,0.8902,0.032,0.184,0.00265,0.627,1,32,79.28,0.934,1,0,17.281,17.281,0,30,6467,184557.9,89.6,14,10.34
1786433356301,1038,v1,0.0346,0.56,0.4758,2.3714,0.5764,0.032,0.1875,0.001661,0.719,0,4,37.92,0.556,1,3075,3.0,2.561,0,30,7039,322359.0,49.15,18,6.19
1786433358543,1039,v1,0.0731,0.3644,0.3641,1.9226,0.268,0.032,0.08,0.003494,0.665,1,7,64.43,0.792,1,5385,6.0,0.0,0,30,5489,327372.7,0.0,-1,12.3
1786433360537,1040,v1,0.0568,0.8501,0.4171,2.2581,0.3305,0.032,0.0787,0.001379,0.648,1,31,85.7,0.981,1,0,17.595,17.595,0,30,6295,176435.8,86.01,15,5.42
1786433362475,1041,v1,0.0609,0.3688,0.2337,0.8398,0.1284,0.032,0.1647,0.00151,0.616,0,31,63.74,0.358,1,0,16.232,16.232,0,30,6782,173182.1,93.06,13,6.05
1786433350435,1042,v1,0.0404,0.4973,0.1986,2.4296,0.9319,0.032,0.0987,0.002012,0.618,0,10,25.75,0.986,1,4409,9.0,4.221,0,30,6573,336848.6,27.01,15,7.99
1786433352177,1043,v1,0.0266,0.695,0.3635,1.0932,0.6315,0.032,0.1373,0.002518,0.684,1,20,31.21,0.632,1,738,17.052,14.89,0,30,6067,213141.9,93.41,16,10.37
1786433354070,1044,v1,0.0447,0.7879,0.4131,2.0486,0.1914,0.032,0.2357,0.001637,0.595,1,13,83.48,0.311,1,1461,11.979,9.171,0,30,6369,211545.3,66.72,12,6.59
1786433355848,1045,v1,0.0289,0.8845,0.2673,2.3977,0.5377,0.032,0.1233,0.002029,0.65,1,19,74.15,0.6,1,0,16.482,16.482,0,30,6568,195601.3,88.11,16,7.9
1786433358283,1046,v1,0.0159,0.9783,0.1782,2.0005,0.8864,0.032,0.06,0.003011,0.685,1,14,93.4,0.516,1,4520,13.0,3.582,0,30,6468,353125.2,16.72,-1,11.12
1786433361033,1047,v1,0.0325,0.468,0.1568,1.2999,0.9168,0.032,0.1125,0.001533,0.606,0,10,62.84,0.906,1,4065,9.0,4.167,0,30,5964,297715.7,27.19,15,5.72
1786433363142,1048,v1,0.0477,0.6211,0.1937,1.6068,0.3116,0.032,0.2026,0.003359,0.637,1,34,80.13,0.882,1,0,17.843,17.843,0,30,6273,171296.7,100.0,15,13.22
1786433350219,1049,v1,0.0577,0.3856,0.1687,1.3574,0.3105,0.032,0.1263,0.002703,0.678,1,35,85.62,0.668,1,0,18.613,18.613,0,30,6169,183535.1,89.24,15,10.93
1786433352658,1050,v1,0.01,0.7631,0.1126,1.1557,0.7295,0.032,0.1265,0.002524,0.685,1,34,81.25,0.844,1,0,5.585,5.585,0,30,5854,316059.8,26.44,19,9.38
1786433354179,1051,v1,0.035,0.7678,0.2655,1.0166,0.242,0.032,0.0638,0.002785,0.624,1,31,38.03,0.46,1,562,17.1,15.453,0,30,6309,181588.0,93.27,14,10.45
1786433355997,1052,v1,0.0747,0.764,0.4662,1.0531,0.4168,0.032,0.0824,0.001465,0.622,1,26,56.68,0.427,1,582,15.539,13.983,0,30,5971,174100.4,96.67,14,5.53
1786433357487,1053,v1,0.0519,0.4614,0.2524,2.4992,0.5823,0.032,0.0875,0.002926,0.686,0,10,80.28,0.917,1,0,9.0,9.0,0,30,5711,175994.0,88.15,16,11.52
1786433359391,1054,v1,0.0492,0.4523,0.2155,2.4469,0.9056,0.032,0.0879,0.003368,0.657,0,32,43.78,0.962,1,0,18.159,18.159,0,30,6540,197403.3,84.23,15,12.4
1786433361085,1055,v1,0.0651,0.3568,0.2179,1.199,0.7961,0.032,0.099,0.003503,0.637,1,34,91.32,0.499,1,0,17.429,17.429,0,30,6354,167873.0,90.38,14,12.83
1786433360363,1056,v1,0.0475,0.8814,0.3701,1.1735,0.8185,0.032,0.0716,0.002546,0.652,0,27,93.28,0.971,1,0,16.47,16.47,0,30,5575,150266.9,94.2,14,9.69
1786433362087,1057,v1,0.0498,0.2464,0.2021,1.3779,0.4591,0.032,0.1756,0.003571,0.672,0,20,69.51,0.562,1,0,16.068,16.068,0,30,5859,170172.1,93.01,15,13.45
1786433364131,1058,v1,0.0272,0.592,0.3557,1.0515,0.9566,0.032,0.2117,0.001534,0.653,1,30,33.93,0.349,1,425,17.415,16.12,0,30,5949,179208.9,88.84,15,5.75
1786433365864,1059,v1,0.0702,0.9249,0.1236,1.001,0.6114,0.032,0.0601,0.00241,0.683,0,24,32.1,0.788,1,0,16.579,16.579,0,30,6344,184161.4,90.4,15,9.47
1786433368532,1060,v1,0.0774,0.2763,0.3473,1.7221,0.2178,0.032,0.1678,0.001446,0.683,0,8,62.31,0.898,1,3149,7.0,4.589,0,30,6602,281819.2,43.41,15,5.42
1786433371419,1061,v1,0.023,0.6556,0.3005,2.4757,0.9467,0.032,0.1511,0.001555,0.674,1,17,26.47,0.875,1,5837,16.0,0.112,0,30,6036,369275.8,0.7,-1,6.08
1786433373447,1062,v1,0.0187,0.8413,0.2564,1.0911,0.1539,0.032,0.1639,0.003244,0.587,1,18,41.31,0.648,1,916,12.849,11.131,0,30,7168,195178.7,86.45,12,12.82
1786433360879,1063,v1,0.0664,0.2029,0.3075,1.5625,0.4689,0.032,0.1296,0.002313,0.641,0,26,73.74,0.883,1,0,16.26,16.26,0,30,5825,163441.2,93.23,14,8.93
1786433362762,1064,v1,0.0385,0.668,0.395,1.075,0.5898,0.032,0.1792,0.003707,0.6,1,14,30.29,0.38,1,442,11.988,11.038,0,30,5856,142799.0,89.02,12,14.86
1786433364398,1065,v1,0.0445,0.4765,0.4303,1.2575,0.6107,0.032,0.1021,0.003279,0.629,0,15,89.55,0.543,1,0,14.0,14.0,0,30,5927,156171.4,84.43,14,12.08
1786433365859,1066,v1,0.0788,0.8089,0.471,0.8222,0.9831,0.032,0.1795,0.002252,0.653,1,19,24.33,0.732,1,769,14.67,12.657,0,30,5763,179243.6,84.86,14,8.49
1786433367994,1067,v1,0.0131,0.8983,0.1852,0.9295,0.4018,0.032,0.2055,0.002017,0.631,1,24,59.68,0.516,1,0,16.523,16.523,0,30,5785,165471.5,91.0,15,7.74
1786433370507,1068,v1,0.0683,0.2913,0.2603,1.851,0.2328,0.032,0.0637,0.001855,0.589,1,9,49.75,0.446,1,3475,8.0,3.786,0,30,6693,276796.0,42.4,13,7.14
1786433372365,1069,v1,0.0183,0.7226,0.1873,2.2244,0.1401,0.032,0.0865,0.003382,0.641,1,29,48.54,0.521,1,721,18.736,16.417,0,30,6296,214775.2,84.49,17,11.85
1786433361968,1070,v1,0.0711,0.827,0.2924,1.1153,0.9712,0.032,0.134,0.002707,0.595,0,31,55.89,0.768,1,0,14.143,14.143,0,30,6088,127064.5,85.92,10,10.41
1786433364010,1071,v1,0.0538,0.8055,0.3645,1.9361,0.6266,0.032,0.0761,0.001524,0.691,0,21,61.95,0.647,1,0,16.668,16.668,0,30,6012,189435.6,87.13,16,5.79
1786433366793,1072,v1,0.0371,0.5293,0.4691,2.0695,0.1241,0.032,0.0976,0.003409,0.69,1,7,81.65,0.59,1,5607,6.0,0.851,0,30,6651,355301.0,13.12,-1,12.46
1786433368642,1073,v1,0.0105,0.9818,0.1791,0.9328,0.8627,0.032,0.235,0.001552,0.651,0,20,82.63,0.903,1,0,16.986,16.986,0,30,6199,197109.9,84.97,16,6.19
1786433370546,1074,v1,0.0347,0.4203,0.3346,2.2338,0.1446,0.032,0.0847,0.00224,0.603,1,29,96.09,0.511,1,0,16.411,16.411,0,30,5928,153892.2,85.99,14,8.52
1786433372435,1075,v1,0.03,0.5745,0.268,2.4603,0.6452,0.032,0.1205,0.002082,0.701,1,28,96.23,0.366,1,0,19.5,19.5,0,30,6412,202598.9,87.83,18,7.81
1786433374341,1076,v1,0.049,0.9821,0.4168,2.4137,0.4854,0.032,0.0797,0.001517,0.656,0,22,34.27,0.962,1,0,16.324,16.324,0,30,6141,173179.6,91.77,15,5.57
1786433363097,1077,v1,0.0523,0.7862,0.3419,1.9276,0.1414,0.032,0.1357,0.002861,0.631,1,31,75.03,0.505,1,0,17.367,17.367,0,30,6149,171848.0,99.58,15,10.64
1786433364751,1078,v1,0.0762,0.4658,0.3171,1.3945,0.9545,0.032,0.0751,0.003465,0.629,0,6,61.45,0.658,1,2331,5.0,3.678,0,30,5391,216467.8,52.74,14,12.69
1786433366926,1079,v1,0.0486,0.3397,0.1195,1.9915,0.831,0.032,0.1726,0.003479,0.639,0,33,62.81,0.824,1,0,18.113,18.113,0,30,7023,196530.3,90.74,15,12.7
1786433368535,1080,v1,0.0457,0.9034,0.3473,2.3693,0.3256,0.032,0.1275,0.002247,0.653,0,17,43.18,0.498,1,0,15.68,15.68,0,30,5742,164452.6,93.04,15,8.39
1786433370385,1081,v1,0.0168,0.8345,0.3218,1.1592,0.8672,0.032,0.123,0.002844,0.591,0,20,81.57,0.48,1,0,12.947,12.947,0,30,6328,135363.5,90.16,11,11.24
1786433372372,1082,v1,0.072,0.7632,0.2517,2.3954,0.947,0.032,0.1021,0.001697,0.588,0,6,24.8,0.876,1,2923,5.0,3.369,0,30,5422,251108.9,45.52,14,7.1
1786433374859,1083,v1,0.028,0.2405,0.4932,1.3905,0.7954,0.032,0.0882,0.003387,0.712,1,11,92.72,0.579,1,4690,10.0,2.478,0,30,6445,341694.3,22.41,18,12.47
1786433363982,1084,v1,0.073,0.7136,0.4707,2.1135,0.5629,0.032,0.0913,0.001697,0.716,1,22,47.11,0.711,1,758,16.855,14.635,0,30,5913,202773.3,84.02,16,6.58
1786433365509,1085,v1,0.0362,0.8612,0.1623,1.1238,0.7933,0.032,0.112,0.002513,0.678,0,30,69.94,0.497,1,0,18.7,18.7,0,30,6388,183467.8,91.22,16,10.13
1786433367853,1086,v1,0.075,0.6825,0.2172,2.0051,0.9848,0.032,0.2356,0.002462,0.597,0,30,22.49,0.946,1,804,16.377,14.577,0,30,6814,195248.8,99.88,14,9.61
1786433370618,1087,v1,0.0753,0.5701,0.3925,1.3264,0.7976,0.032,0.0805,0.001873,0.68,0,12,33.89,0.884,1,4177,11.0,4.877,0,30,6263,317579.6,31.66,15,7.06
1786433372232,1088,v1,0.0735,0.3592,0.3721,1.9994,0.7082,0.032,0.2395,0.003127,0.668,0,17,82.84,0.345,1,0,15.138,15.138,0,30,6152,175109.8,85.34,15,11.78
1786433374230,1089,v1,0.0474,0.5291,0.1393,1.1997,0.7485,0.032,0.158,0.002702,0.64,1,30,96.35,0.447,1,0,17.154,17.154,0,30,6274,167913.6,92.04,15,10.63
1786433376485,1090,v1,0.069,0.7895,0.4113,2.2265,0.4054,0.032,0.1277,0.003066,0.658,0,7,58.14,0.614,1,2486,6.0,4.443,0,30,6505,261663.9,56.47,15,11.61
1786433364744,1091,v1,0.0287,0.437,0.4887,1.8856,0.8728,0.032,0.0752,0.001783,0.614,1,20,82.91,0.755,1,0,14.904,14.904,0,30,6858,178446.5,85.27,14,7.0
1786433367276,1092,v1,0.0542,0.5538,0.4425,2.1635,0.5471,0.032,0.227,0.002126,0.601,0,13,72.96,0.881,1,3011,12.0,6.582,0,30,5705,250685.5,45.07,14,7.84
1786433368689,1093,v1,0.0729,0.5792,0.4479,1.6797,0.6305,0.032,0.2485,0.003323,0.653,0,32,64.55,0.765,1,0,17.249,17.249,0,30,6170,168274.2,93.17,14,11.94
1786433372118,1094,v1,0.0177,0.6547,0.3014,1.2474,0.3786,0.032,0.1615,0.001843,0.638,1,7,88.64,0.494,1,4739,6.0,1.911,0,30,7037,335827.6,27.81,16,7.11
1786433374863,1095,v1,0.0227,0.3669,0.3324,1.9702,0.2103,0.032,0.0519,0.001258,0.701,1,4,45.56,0.857,1,6337,3.0,0.0,0,30,6367,366120.0,0.0,-1,5.42
1786433377311,1096,v1,0.0587,0.3154,0.4542,1.7919,0.9063,0.032,0.2368,0.00328,0.689,0,14,66.06,0.958,1,4045,13.0,5.529,0,30,6204,303432.5,29.8,16,11.98
1786433379090,1097,v1,0.075,0.3464,0.4552,1.9192,0.131,0.032,0.0626,0.001463,0.696,0,7,91.62,0.808,1,0,6.0,6.0,0,30,6170,230451.9,94.11,15,5.83
1786433365135,1098,v1,0.053,0.5578,0.4055,1.6177,0.7219,0.032,0.1219,0.00254,0.714,1,24,79.05,0.632,1,0,17.375,17.375,0,30,6119,189546.0,88.56,16,9.59
1786433367308,1099,v1,0.0592,0.941,0.2658,1.4535,0.6037,0.032,0.1168,0.003246,0.581,0,19,41.39,0.931,1,0,13.132,13.132,0,30,6522,148466.9,84.61,12,12.66
1786433368818,1100,v1,0.0787,0.8887,0.3232,1.2091,0.4391,0.032,0.1175,0.00199,0.664,0,15,92.4,0.364,1,0,14.0,14.0,0,30,6303,180071.3,97.09,15,7.81
1786433371425,1101,v1,0.0169,0.8736,0.3336,2.3641,0.2534,0.032,0.1676,0.002143,0.677,0,22,82.08,0.653,1,0,15.761,15.761,0,30,6434,241061.4,75.75,18,7.8
1786433374030,1102,v1,0.0738,0.9826,0.2128,1.3923,0.5493,0.032,0.1303,0.00123,0.673,0,14,65.2,0.652,1,3049,13.0,7.647,0,30,6363,287203.8,45.77,15,4.68
1786433376188,1103,v1,0.0535,0.9485,0.4887,2.3057,0.6298,0.032,0.2042,0.002499,0.603,0,10,47.88,0.808,1,2473,9.0,5.967,0,30,5825,224674.9,56.56,14,10.06
1786433377994,1104,v1,0.052,0.8095,0.3078,0.8156,0.4315,0.032,0.189,0.003739,0.59,0,4,68.16,0.865,1,3437,3.0,2.443,0,30,6250,247289.4,38.66,11,13.55
1786433367424,1105,v1,0.043,0.8653,0.3541,2.4845,0.1154,0.032,0.0787,0.002095,0.694,1,16,69.58,0.626,1,5389,15.0,2.099,0,30,6438,357841.8,12.08,-1,6.9
1786433368806,1106,v1,0.0706,0.3689,0.2797,2.4413,0.9284,0.032,0.1911,0.003262,0.674,0,25,61.72,0.605,1,0,17.051,17.051,0,30,5808,167523.9,94.13,16,12.29
1786433371250,1107,v1,0.0602,0.2018,0.1458,2.2841,0.9374,0.032,0.1807,0.002582,0.672,0,9,57.12,0.915,1,3323,8.0,4.515,0,30,5852,267551.7,37.09,16,10.48
1786433374034,1108,v1,0.0769,0.8008,0.4241,1.1801,0.1317,0.032,0.1643,0.001643,0.661,0,4,68.51,0.767,1,3800,3.0,2.421,0,30,6592,309255.6,40.45,15,6.46
1786433376006,1109,v1,0.0588,0.5543,0.3081,1.4563,0.2038,0.032,0.1469,0.001245,0.621,1,10,72.69,0.35,1,2750,9.0,4.532,0,30,5615,245435.0,43.51,14,5.18
1786433377665,1110,v1,0.0731,0.904,0.2787,1.2042,0.9738,0.032,0.1838,0.001373,0.608,1,21,36.57,0.67,1,856,14.487,12.268,0,30,5669,164883.4,96.01,14,5.4
1786433378677,1111,v1,0.0373,0.2703,0.1554,1.4855,0.6697,0.032,0.0604,0.003423,0.582,1,23,55.37,0.331,1,0,14.768,14.768,0,30,6153,156416.3,89.67,13,12.68
1786433374778,1112,v1,0.0726,0.6126,0.1496,2.036,0.7593,0.032,0.2437,0.002232,0.696,1,18,57.94,0.872,1,0,16.042,16.042,0,30,5552,164600.9,95.2,16,8.02
1786433376671,1113,v1,0.0788,0.8327,0.1117,1.0868,0.9586,0.032,0.2034,0.003655,0.684,0,29,97.69,0.73,1,0,17.121,17.121,0,30,6115,175725.6,84.65,15,13.15
1786433378075,1114,v1,0.0146,0.6947,0.166,1.8465,0.283,0.032,0.0764,0.002937,0.616,0,27,68.09,0.636,1,0,17.238,17.238,0,30,5935,158704.2,84.66,15,10.92
1786433380549,1115,v1,0.0553,0.7752,0.3895,1.3053,0.5255,0.032,0.202,0.003478,0.677,1,7,63.7,0.603,1,5280,6.0,0.811,0,30,6246,325500.6,12.0,-1,13.51
1786433382966,1116,v1,0.0404,0.8364,0.1485,1.616,0.6051,0.032,0.1012,0.001807,0.604,1,14,52.07,0.753,1,5560,13.0,0.915,0,30,6127,356344.0,6.07,-1,7.21
1786433385859,1117,v1,0.0194,0.3065,0.4654,1.335,0.5169,0.032,0.1252,0.002433,0.695,0,9,59.46,0.612,1,3074,8.0,5.081,0,30,6448,296513.0,48.44,18,9.03
1786433387522,1118,v1,0.0761,0.999,0.4375,1.3235,0.4383,0.032,0.2438,0.001901,0.657,0,27,60.77,0.564,1,0,16.248,16.248,0,30,5951,168541.1,89.19,14,7.43
1786433376175,1119,v1,0.0251,0.9075,0.275,1.6779,0.4196,0.032,0.0978,0.002142,0.697,1,19,65.56,0.896,1,2321,17.709,10.404,0,30,5947,269924.5,53.93,17,8.42
1786433378929,1120,v1,0.0617,0.3914,0.3798,1.6032,0.758,0.032,0.2286,0.00163,0.614,0,10,57.22,0.969,1,5059,9.0,3.647,0,30,6710,347136.4,22.51,14,6.38
1786433381186,1121,v1,0.0781,0.5074,0.4706,1.3873,0.7167,0.032,0.0602,0.003018,0.719,1,13,49.67,0.556,1,4360,12.0,3.193,0,30,6169,329119.8,25.84,16,11.78
1786433382904,1122,v1,0.0123,0.9206,0.4531,0.9865,0.1914,0.032,0.2485,0.00355,0.617,0,27,76.45,0.567,1,0,15.041,15.041,0,30,6374,150441.0,91.32,12,13.74
1786433384562,1123,v1,0.0463,0.2884,0.4591,0.9896,0.7905,0.032,0.1251,0.003374,0.603,1,24,91.53,0.786,1,0,13.157,13.157,0,30,6699,141918.2,84.39,10,13.14
1786433387706,1124,v1,0.0736,0.9032,0.1143,1.596,0.452,0.032,0.2107,0.003325,0.694,1,16,28.31,0.668,1,4803,15.0,4.124,0,30,6989,357671.9,27.16,16,12.76
1786433389915,1125,v1,0.0491,0.8206,0.2802,1.3684,0.6302,0.032,0.2309,0.00248,0.629,0,14,46.09,0.7,1,2209,13.0,8.86,0,30,6064,247308.5,59.19,15,9.58
1786433377149,1126,v1,0.0528,0.7333,0.3298,1.5757,0.4382,0.032,0.2387,0.003595,0.617,1,17,31.65,0.872,1,984,14.36,11.961,0,30,6187,191691.9,84.6,14,13.71
1786433378590,1127,v1,0.0666,0.5861,0.4271,2.4669,0.9996,0.032,0.2428,0.002172,0.605,1,25,88.31,0.426,1,0,15.71,15.71,0,30,6796,177719.1,84.56,14,7.75
1786433381323,1128,v1,0.0744,0.8206,0.3733,1.4434,0.2913,0.032,0.0781,0.001369,0.687,1,15,65.81,0.791,1,6129,14.0,0.0,0,30,6243,402690.9,0.0,-1,5.14
1786433383028,1129,v1,0.0459,0.3882,0.3009,2.3667,0.4419,0.032,0.2069,0.003537,0.603,0,31,25.33,0.653,1,380,17.013,15.967,0,30,6024,164961.4,91.98,14,13.79
1786433385935,1130,v1,0.0376,0.6214,0.4048,1.5487,0.4227,0.032,0.1949,0.002951,0.668,1,8,25.92,0.421,1,3876,7.0,2.639,0,30,6360,298825.4,35.0,16,10.96
1786433388056,1131,v1,0.0137,0.3781,0.4634,1.4795,0.3894,0.032,0.1975,0.002202,0.602,0,18,32.29,0.415,1,0,13.589,13.589,0,30,7782,181099.4,85.22,13,8.4
1786433390575,1132,v1,0.0343,0.8693,0.2097,1.073,0.2346,0.032,0.0982,0.001915,0.62,1,4,65.16,0.791,1,5915,3.0,0.0,0,30,5946,361505.3,0.0,-1,7.37
1786433377548,1133,v1,0.0421,0.4811,0.4805,1.688,0.174,0.032,0.1033,0.00122,0.689,1,33,86.16,0.544,1,0,19.319,19.319,0,30,6376,206162.1,85.06,16,4.99
1786433379129,1134,v1,0.0507,0.3115,0.2038,1.7677,0.7385,0.032,0.0885,0.001895,0.603,0,34,52.78,0.818,1,0,17.193,17.193,0,30,6888,177535.3,84.26,14,7.3
1786433380605,1135,v1,0.0539,0.4967,0.4331,1.5057,0.5273,0.032,0.091,0.00178,0.64,0,24,86.01,0.834,1,0,15.662,15.662,0,30,6681,188651.6,89.34,14,6.8
1786433382349,1136,v1,0.0653,0.4815,0.101,1.8564,0.49,0.032,0.1585,0.001423,0.611,1,18,39.9,0.877,1,1066,14.964,12.558,0,30,6719,212447.2,94.18,14,5.34
1786433385978,1137,v1,0.0109,0.3929,0.2,0.9091,0.8977,0.032,0.1524,0.002514,0.718,1,4,83.28,0.918,1,7085,3.0,0.0,0,30,7139,394708.1,0.0,-1,9.43
1786433387485,1138,v1,0.0463,0.5316,0.2887,2.1969,0.5787,0.032,0.1228,0.00224,0.591,0,23,79.14,0.905,1,0,15.168,15.168,0,30,5343,137452.2,90.38,14,8.38
1786433389200,1139,v1,0.057,0.7032,0.1963,1.7984,0.7535,0.032,0.19,0.003618,0.685,0,6,84.29,0.405,1,0,5.0,5.0,0,30,6186,186517.7,84.13,16,13.48
1786433379818,1140,v1,0.0688,0.5425,0.4697,2.0082,0.7107,0.032,0.1103,0.002102,0.69,1,8,39.65,0.399,1,3734,7.0,3.162,0,30,6925,322982.4,41.69,16,7.94
1786433381277,1141,v1,0.0689,0.253,0.4815,2.3222,0.918,0.032,0.1395,0.001994,0.647,0,24,24.38,0.715,1,527,15.982,14.828,0,30,6626,203114.4,94.75,14,7.74
1786433383214,1142,v1,0.0653,0.5103,0.4229,1.7045,0.7764,0.032,0.1152,0.002063,0.596,1,16,46.8,0.574,1,712,11.977,10.64,0,30,6498,163709.4,86.54,10,7.97
1786433386079,1143,v1,0.0666,0.2775,0.1262,2.2184,0.7866,0.032,0.2418,0.002523,0.661,0,4,45.59,0.565,1,2500,3.0,2.622,0,30,6664,263643.1,54.06,15,10.19
1786433387862,1144,v1,0.0247,0.3193,0.3432,1.9838,0.9656,0.032,0.2155,0.00234,0.662,1,14,31.27,0.383,1,2666,13.0,6.897,0,30,5842,251425.9,45.7,16,8.92
1786433390113,1145,v1,0.0408,0.487,0.1095,2.0402,0.2173,0.032,0.2024,0.001541,0.62,0,12,48.14,0.552,1,2419,11.0,7.63,0,30,6565,260159.0,53.2,15,5.8
1786433392732,1146,v1,0.05,0.8708,0.1841,2.0602,0.1324,0.032,0.1454,0.002225,0.652,1,14,97.3,0.693,1,5199,13.0,0.723,0,30,5668,316848.9,5.22,-1,8.61
1786433380942,1147,v1,0.0185,0.7235,0.3264,2.0725,0.4994,0.032,0.2081,0.002033,0.717,1,34,34.8,0.787,1,532,10.979,9.076,0,30,6251,299377.5,50.83,19,7.68
1786433382447,1148,v1,0.037,0.5175,0.1217,2.3243,0.8253,0.032,0.1131,0.001876,0.701,0,8,75.5,0.555,1,0,7.0,7.0,0,30,5962,204642.7,87.15,17,7.77
1786433384383,1149,v1,0.0631,0.4156,0.2291,2.3747,0.8836,0.032,0.1393,0.001818,0.658,0,31,80.59,0.975,1,0,17.715,17.715,0,30,6481,186151.0,89.04,15,7.53
1786433387157,1150,v1,0.0133,0.6833,0.4925,1.4073,0.3543,0.032,0.1537,0.002758,0.642,1,7,82.56,0.601,1,4023,6.0,1.459,0,30,5409,271825.3,20.93,16,10.61
1786433388727,1151,v1,0.0326,0.4268,0.3883,1.8429,0.2656,0.032,0.2429,0.003558,0.615,1,30,69.15,0.927,1,0,16.588,16.588,0,30,6407,163060.4,84.26,14,12.8
1786433391367,1152,v1,0.0282,0.9661,0.2196,1.2038,0.6744,0.032,0.1157,0.002185,0.716,1,17,66.5,0.373,1,3362,16.0,7.945,0,30,6933,336855.8,45.37,18,8.65
1786433393654,1153,v1,0.0756,0.3379,0.4422,1.8881,0.2735,0.032,0.1836,0.002581,0.703,0,11,28.9,0.523,1,2608,10.0,6.684,0,30,6479,285187.7,53.54,15,10.31
1786433381034,1154,v1,0.0542,0.6476,0.3036,2.2222,0.5727,0.032,0.2173,0.002775,0.673,1,29,91.77,0.615,1,0,17.842,17.842,0,30,6383,193076.8,86.79,15,10.2
1786433383013,1155,v1,0.042,0.6014,0.2667,1.7846,0.1002,0.032,0.173,0.002643,0.609,1,30,66.68,0.848,1,1095,16.742,13.956,0,30,7082,208142.2,89.5,14,10.46
1786433384891,1156,v1,0.0758,0.6009,0.4858,2.0104,0.4154,0.032,0.2465,0.002859,0.718,1,22,75.26,0.51,1,681,16.874,14.813,0,30,5870,223704.7,84.38,16,10.37
1786433387218,1157,v1,0.0225,0.3914,0.2863,1.0848,0.174,0.032,0.1282,0.002248,0.631,1,36,21.77,0.638,1,864,17.877,15.114,0,30,6015,173102.9,89.82,14,8.78
1786433388435,1158,v1,0.0772,0.8241,0.2724,1.3145,0.3657,0.032,0.1347,0.003421,0.608,1,31,67.07,0.804,1,0,16.506,16.506,0,30,5473,148631.2,100.0,14,12.46
1786433389660,1159,v1,0.0538,0.2028,0.3947,1.8317,0.2267,0.032,0.1787,0.002267,0.612,1,23,79.79,0.355,1,0,15.45,15.45,0,30,5530,144458.9,88.01,14,9.19
1786433392000,1160,v1,0.0706,0.4698,0.2543,1.5872,0.2753,0.032,0.1119,0.002246,0.675,1,8,30.59,0.414,1,3407,7.0,2.855,0,30,5837,285779.9,34.88,15,8.41
1786433381777,1161,v1,0.072,0.3464,0.3617,1.111,0.2276,0.032,0.1935,0.001485,0.658,0,35,34.95,0.642,1,0,17.689,17.689,0,30,6229,167676.4,92.17,14,5.43
1786433383731,1162,v1,0.0266,0.6119,0.1455,1.0465,0.2587,0.032,0.1787,0.00225,0.715,0,29,38.57,0.312,1,0,17.466,17.466,0,30,5817,242317.5,76.89,18,8.77
1786433386242,1163,v1,0.0237,0.8454,0.2481,2.1017,0.4495,0.032,0.1584,0.002955,0.606,0,11,61.32,0.327,1,1170,10.0,8.461,0,30,6256,217228.5,68.09,14,10.71
1786433388484,1164,v1,0.017,0.2896,0.1282,1.2055,0.2847,0.032,0.1822,0.00356,0.662,1,19,63.41,0.929,1,1213,17.694,14.388,0,30,6919,257390.1,81.31,17,12.85
1786433390150,1165,v1,0.0142,0.7322,0.2619,1.351,0.4418,0.032,0.1149,0.002538,0.673,0,23,40.18,0.688,1,0,18.503,18.503,0,30,5517,183099.8,85.19,17,11.15
1786433391974,1166,v1,0.0699,0.6141,0.4081,1.3272,0.841,0.032,0.1465,0.001227,0.652,1,29,88.64,0.313,1,0,16.715,16.715,0,30,6016,165675.3,95.33,14,4.9
1786433393904,1167,v1,0.0575,0.2269,0.491,2.3861,0.9897,0.032,0.1954,0.003116,0.7,1,28,69.58,0.847,1,0,18.016,18.016,0,30,7421,216847.5,87.28,16,11.86
1786433390737,1168,v1,0.0561,0.8888,0.4398,1.338,0.1779,0.032,0.1645,0.001701,0.714,1,6,97.9,0.802,1,5834,5.0,0.0,0,30,5877,349456.3,0.0,-1,6.58
1786433393510,1169,v1,0.0732,0.6714,0.2022,0.9248,0.8046,0.032,0.1584,0.003463,0.676,1,13,36.33,0.508,1,4543,12.0,2.938,0,30,6253,310454.6,33.38,15,12.33
1786433395105,1170,v1,0.0542,0.3058,0.3416,1.1817,0.2867,0.032,0.1112,0.002613,0.597,0,7,29.17,0.816,1,3024,6.0,3.923,0,30,5918,251803.4,40.6,13,9.99
1786433397007,1171,v1,0.0691,0.6292,0.338,2.2666,0.9877,0.032,0.1385,0.00184,0.597,0,33,89.02,0.312,1,0,16.896,16.896,0,30,5938,160930.5,84.26,14,7.36
1786433399172,1172,v1,0.0576,0.3572,0.3461,2.0544,0.7461,0.032,0.2112,0.001711,0.696,1,8,44.98,0.733,1,6286,7.0,0.142,0,30,6482,382881.1,1.66,-1,6.37
1786433400714,1173,v1,0.0432,0.3597,0.4776,1.3039,0.5868,0.032,0.053,0.00217,0.636,1,27,52.36,0.471,1,671,16.35,14.647,0,30,6752,207062.2,91.12,14,9.0
1786433402013,1174,v1,0.0193,0.3989,0.3878,1.4016,0.656,0.032,0.1848,0.003409,0.61,0,14,45.46,0.309,1,1044,13.0,11.058,0,30,6180,187519.8,79.53,14,13.2
1786433391953,1175,v1,0.0195,0.831,0.4334,1.6283,0.9734,0.032,0.097,0.001296,0.701,1,32,92.71,0.886,1,0,20.091,20.091,0,30,5759,198124.7,88.01,17,5.66
1786433393671,1176,v1,0.0237,0.4414,0.1303,1.1342,0.3759,0.032,0.1923,0.003533,0.706,1,34,21.18,0.919,1,899,21.009,17.486,0,30,5936,221434.9,95.18,18,12.7
1786433396406,1177,v1,0.0668,0.9009,0.2056,1.3474,0.8845,0.032,0.0844,0.001958,0.67,1,14,70.99,0.705,1,6315,13.0,0.11,0,30,6541,370769.2,0.77,-1,7.35
1786433397527,1178,v1,0.0395,0.5748,0.1846,1.6524,0.8363,0.032,0.074,0.002282,0.717,0,9,93.07,0.481,1,0,8.0,8.0,0,30,5985,200113.6,84.58,17,8.3
1786433398887,1179,v1,0.0492,0.836,0.4696,1.2373,0.3493,0.032,0.0855,0.002531,0.586,0,18,53.3,0.344,1,0,11.168,11.168,0,30,5505,106406.8,84.41,9,9.74
1786433400885,1180,v1,0.0148,0.8645,0.2514,1.9425,0.7407,0.032,0.246,0.001266,0.704,0,12,96.75,0.463,1,0,11.0,11.0,0,30,5943,340306.2,4.39,-1,4.53
1786433402216,1181,v1,0.0422,0.7526,0.1937,0.9774,0.1605,0.032,0.1447,0.001619,0.622,0,21,61.83,0.842,1,0,15.34,15.34,0,30,6073,163503.9,91.77,14,6.82
1786433393140,1182,v1,0.0723,0.5825,0.4906,2.3682,0.3875,0.032,0.244,0.002168,0.704,0,5,59.86,0.494,1,1712,4.0,3.487,0,30,6741,270547.0,73.83,16,8.53
1786433394346,1183,v1,0.0634,0.8978,0.4586,2.1109,0.2992,0.032,0.1617,0.00124,0.675,0,22,38.58,0.896,1,0,16.163,16.163,0,30,6152,177076.6,86.94,15,5.02
1786433396619,1184,v1,0.0313,0.9369,0.4321,1.6289,0.3998,0.032,0.0689,0.00301,0.699,1,27,29.64,0.965,1,1038,18.767,15.627,0,30,6657,245907.6,84.08,17,11.1
1786433397960,1185,v1,0.0322,0.7547,0.2281,1.5667,0.2631,0.032,0.1655,0.002862,0.66,0,12,67.07,0.337,1,1123,11.0,9.372,0,30,6399,222600.4,69.9,16,10.52
1786433399590,1186,v1,0.0349,0.4781,0.3518,2.0813,0.6963,0.032,0.1319,0.001416,0.606,0,5,75.45,0.765,1,0,4.0,4.0,0,30,6221,171278.3,92.53,14,5.92
1786433401253,1187,v1,0.0583,0.2967,0.3928,1.6502,0.101,0.032,0.2377,0.002698,0.685,1,6,91.69,0.837,1,5613,5.0,0.0,0,30,5690,323276.3,0.0,-1,9.89
1786433402513,1188,v1,0.0195,0.5724,0.3105,0.9613,0.1619,0.032,0.0893,0.00171,0.622,1,20,50.34,0.615,1,781,15.102,13.007,0,30,5771,173819.2,89.26,14,6.83
1786433393690,1189,v1,0.0793,0.3945,0.4793,2.4503,0.1792,0.032,0.2266,0.003163,0.63,1,25,26.88,0.536,1,889,16.12,13.918,0,30,6961,195069.2,94.06,14,12.02
1786433394838,1190,v1,0.0397,0.8172,0.3399,1.6465,0.5319,0.032,0.1408,0.002234,0.581,1,24,65.06,0.342,1,0,13.793,13.793,0,30,6214,138745.9,84.23,12,9.12
1786433396811,1191,v1,0.0205,0.7728,0.3832,1.0516,0.2787,0.032,0.1528,0.001281,0.678,0,34,36.22,0.515,1,0,19.093,19.093,0,30,5925,181852.3,90.77,16,4.84
1786433398085,1192,v1,0.0459,0.7853,0.2231,1.7921,0.7136,0.032,0.2102,0.002434,0.689,0,17,41.87,0.715,1,1068,15.996,13.354,0,30,5879,205197.6,70.98,16,9.58
1786433399545,1193,v1,0.078,0.3822,0.3229,2.4057,0.4845,0.032,0.1219,0.002934,0.645,0,24,41.75,0.65,1,0,16.191,16.191,0,30,5788,163657.8,99.89,15,11.59
1786433400923,1194,v1,0.0544,0.334,0.37,1.1097,0.9038,0.032,0.1932,0.001209,0.708,1,31,61.77,0.645,1,0,18.128,18.128,0,30,6558,193596.9,97.56,16,4.96
1786433402283,1195,v1,0.0193,0.4818,0.3576,0.9675,0.5954,0.032,0.0675,0.001757,0.629,1,24,96.45,0.63,1,0,15.911,15.911,0,30,6261,166004.8,93.01,14,6.6
1786433393994,1196,v1,0.0201,0.4907,0.2568,0.8324,0.9054,0.032,0.165,0.002926,0.61,0,18,31.98,0.435,1,0,13.233,13.233,0,30,6030,148348.0,87.88,12,10.85
1786433395967,1197,v1,0.0556,0.7515,0.3281,2.4711,0.8131,0.032,0.0637,0.003003,0.642,0,34,74.66,0.85,1,0,18.144,18.144,0,30,6519,186235.7,85.81,15,11.6
1786433397294,1198,v1,0.068,0.4338,0.3565,1.3304,0.8841,0.032,0.1433,0.00151,0.688,0,22,74.78,0.307,1,0,16.103,16.103,0,30,5858,168959.4,85.89,15,6.16
1786433398553,1199,v1,0.0657,0.9864,0.1095,1.9213,0.3819,0.032,0.133,0.001217,0.67,0,30,88.24,0.366,1,0,17.818,17.818,0,30,5372,161760.9,85.36,15,5.1
1786433408568,1200,v1,0.0794,0.7958,0.4831,2.4099,0.6175,0.032,0.0613,0.001311,0.666,1,29,80.15,0.441,1,0,17.133,17.133,0,30,6162,175128.8,90.09,15,5.14
1786433409825,1201,v1,0.0289,0.3971,0.3542,1.9518,0.875,0.032,0.0537,0.003003,0.625,0,11,89.34,0.661,1,0,10.0,10.0,0,30,6468,186278.5,96.8,15,11.8
1786433411992,1202,v1,0.012,0.8311,0.19,1.7717,0.7068,0.032,0.2355,0.001599,0.608,0,35,47.21,0.631,1,0,18.425,18.425,0,30,7062,190942.5,90.51,15,6.66
1786433413825,1203,v1,0.0439,0.9604,0.4789,1.3197,0.7449,0.032,0.1401,0.002045,0.615,0,12,49.01,0.774,1,3110,11.0,6.281,0,30,6080,254798.2,43.49,13,7.76
1786433416290,1204,v1,0.0394,0.4053,0.1613,1.0827,0.6051,0.032,0.1408,0.002692,0.593,1,6,67.39,0.858,1,5677,5.0,0.0,0,30,5749,352307.0,0.0,-1,10.94
1786433419071,1205,v1,0.0437,0.3598,0.2527,0.9833,0.748,0.032,0.1973,0.00133,0.588,0,9,78.55,0.662,1,3804,8.0,4.859,0,30,7365,296945.9,43.15,12,5.7
1786433421600,1206,v1,0.0723,0.828,0.4888,2.0943,0.239,0.032,0.2456,0.001982,0.6,1,36,61.05,0.836,1,0,17.207,17.207,0,30,6378,163285.4,96.83,14,7.57
1786433408963,1207,v1,0.0746,0.7868,0.1744,1.6449,0.336,0.032,0.1807,0.001756,0.68,1,35,33.9,0.334,1,452,18.522,17.001,0,30,5777,179786.2,89.21,15,6.54
1786433410238,1208,v1,0.0591,0.3375,0.4391,1.3672,0.352,0.032,0.0803,0.003108,0.68,0,29,81.86,0.339,1,0,17.266,17.266,0,30,6163,177635.0,85.4,15,11.94
1786433412153,1209,v1,0.0523,0.9165,0.1937,1.7766,0.6477,0.032,0.1434,0.002563,0.611,1,24,72.45,0.981,1,1032,15.746,13.056,0,30,6344,199931.4,89.48,14,9.6
1786433414824,1210,v1,0.0219,0.5004,0.2658,1.3029,0.7973,0.032,0.1874,0.003445,0.596,1,4,83.14,0.781,1,6786,3.0,0.0,0,30,6859,388161.7,0.0,-1,12.65
1786433416317,1211,v1,0.0637,0.5326,0.3033,2.4242,0.5959,0.032,0.0668,0.003722,0.667,0,20,67.87,0.626,1,0,15.95,15.95,0,30,6095,176934.4,89.79,15,14.18
1786433418440,1212,v1,0.0521,0.3552,0.2281,1.195,0.1897,0.032,0.2177,0.001819,0.71,0,5,51.34,0.43,1,1435,4.0,3.509,0,30,5887,258193.7,63.22,16,6.76
1786433420490,1213,v1,0.0741,0.9027,0.3884,1.8012,0.6213,0.032,0.0646,0.001589,0.586,1,24,22.29,0.586,1,757,14.368,12.523,0,30,6049,171549.3,94.23,12,5.95
1786433409584,1214,v1,0.0437,0.6841,0.2675,1.4249,0.9187,0.032,0.0855,0.003742,0.683,0,12,25.06,0.84,1,3248,11.0,5.747,0,30,5807,270058.1,37.38,16,13.6
1786433411285,1215,v1,0.056,0.427,0.4316,0.927,0.6909,0.032,0.0781,0.002258,0.718,0,5,88.74,0.89,1,0,4.0,4.0,0,30,5786,174775.5,86.7,16,7.86
1786433412547,1216,v1,0.0763,0.6329,0.1055,1.8753,0.4479,0.032,0.2298,0.002301,0.606,0,34,87.0,0.363,1,0,17.302,17.302,0,30,6074,163472.1,85.43,14,9.45
1786433414183,1217,v1,0.0517,0.5885,0.3685,1.0841,0.7309,0.032,0.1029,0.003259,0.678,0,24,83.86,0.426,1,0,16.357,16.357,0,30,6144,169444.2,84.28,15,11.95
1786433416019,1218,v1,0.063,0.2374,0.3774,1.1054,0.2192,0.032,0.2029,0.001546,0.673,1,32,53.66,0.642,1,779,17.514,15.389,0,30,6723,203415.0,99.8,15,6.14
1786433418477,1219,v1,0.06,0.4034,0.3255,0.8047,0.4435,0.032,0.1001,0.002299,0.691,0,14,76.99,0.755,1,3274,13.0,7.052,0,30,6243,288924.3,42.45,16,8.6
1786433421645,1220,v1,0.0235,0.8914,0.4069,1.3417,0.732,0.032,0.1385,0.002684,0.609,0,10,81.85,0.563,1,2610,9.0,6.339,0,30,7053,260961.0,54.99,13,10.66
1786433409795,1221,v1,0.0418,0.4492,0.1992,1.0462,0.6688,0.032,0.0585,0.002704,0.586,0,15,98.19,0.753,1,0,12.619,12.619,0,30,6056,143198.9,84.7,12,10.24
1786433412381,1222,v1,0.0712,0.9777,0.2944,1.7866,0.9842,0.032,0.092,0.002906,0.689,0,5,58.72,0.877,1,4031,4.0,2.818,0,30,6909,307950.1,38.56,16,11.09
1786433413847,1223,v1,0.0608,0.5205,0.301,1.6247,0.4001,0.032,0.0657,0.001916,0.627,0,25,95.28,0.701,1,0,16.25,16.25,0,30,5879,160472.7,97.1,15,7.62
1786433415885,1224,v1,0.012,0.3926,0.4043,0.884,0.5759,0.032,0.2174,0.002721,0.689,0,19,40.25,0.524,1,1123,17.951,15.101,0,30,6641,269433.2,61.9,18,11.04
1786433418118,1225,v1,0.0178,0.9576,0.182,1.6811,0.5925,0.032,0.1045,0.002735,0.66,1,20,26.61,0.549,1,699,17.636,15.745,0,30,6741,237898.3,84.98,17,10.27
1786433420334,1226,v1,0.054,0.4481,0.3507,1.0332,0.6007,0.032,0.1311,0.001848,0.615,0,28,90.52,0.759,1,0,15.707,15.707,0,30,7309,175695.4,92.51,13,7.06
1786433422584,1227,v1,0.0291,0.5753,0.2325,1.2071,0.1055,0.032,0.1608,0.003132,0.68,0,9,91.43,0.525,1,0,8.0,8.0,0,30,6363,212152.3,88.91,16,12.01
1786433410374,1228,v1,0.0324,0.2003,0.3611,1.1118,0.8064,0.032,0.2205,0.003261,0.668,1,20,72.42,0.991,1,0,16.173,16.173,0,30,5924,170894.2,88.67,15,11.95
1786433412137,1229,v1,0.0276,0.3201,0.2201,1.5064,0.3104,0.032,0.0603,0.00214,0.583,1,28,34.1,0.996,1,893,15.105,12.734,0,30,5974,166952.9,91.14,12,7.57
1786433414903,1230,v1,0.0369,0.3711,0.1139,2.0043,0.2614,0.032,0.0847,0.001436,0.605,1,4,65.83,0.706,1,6340,3.0,0.373,0,30,7270,380952.3,10.69,-1,6.07
1786433416544,1231,v1,0.049,0.7692,0.3235,2.3894,0.1589,0.032,0.2003,0.002592,0.587,1,20,43.15,0.786,1,938,14.618,12.234,0,30,5993,185041.8,97.99,14,10.2
1786433418767,1232,v1,0.0304,0.337,0.2944,2.4125,0.1883,0.032,0.2393,0.001242,0.688,1,18,79.04,0.854,1,2045,16.888,11.333,0,30,6382,277171.2,65.21,17,4.25
1786433421117,1233,v1,0.0586,0.985,0.4789,0.9918,0.3431,0.032,0.2164,0.002262,0.635,1,19,29.33,0.563,1,608,14.535,12.969,0,30,5804,176822.9,98.12,14,8.98
1786433422761,1234,v1,0.0701,0.4019,0.4394,2.4933,0.7099,0.032,0.2308,0.002039,0.71,0,7,87.16,0.586,1,0,6.0,6.0,0,30,5490,165580.2,91.98,16,7.52
1786433411157,1235,v1,0.0335,0.7748,0.1189,2.3,0.2875,0.032,0.1408,0.001487,0.591,1,29,72.4,0.642,1,0,16.664,16.664,0,30,5485,149301.6,91.76,14,5.78
1786433412586,1236,v1,0.0718,0.3987,0.2432,1.8864,0.2051,0.032,0.0665,0.002458,0.639,0,22,80.71,0.585,1,0,15.684,15.684,0,30,6105,174485.8,95.19,14,9.47
1786433414199,1237,v1,0.0788,0.3828,0.1752,1.3811,0.2137,0.032,0.2226,0.00165,0.657,0,8,78.54,0.658,1,0,7.0,7.0,0,30,6108,170764.5,99.7,15,5.98
1786433416735,1238,v1,0.0654,0.4556,0.4881,2.0499,0.1308,0.032,0.2332,0.003581,0.69,1,11,47.27,0.957,1,5939,10.0,0.0,0,30,6142,361720.8,0.0,-1,12.98
1786433418691,1239,v1,0.0576,0.7442,0.2301,1.6763,0.8778,0.032,0.2486,0.002961,0.7,0,11,41.64,0.516,1,1601,10.0,7.903,0,30,6301,238913.7,64.21,16,11.19
1786433421390,1240,v1,0.0647,0.6863,0.1506,1.4664,0.4037,0.032,0.2041,0.003736,0.615,0,35,23.78,0.354,1,283,17.678,16.983,0,30,7255,179731.0,92.52,14,13.59
1786433422887,1241,v1,0.0484,0.8239,0.3065,1.1421,0.8562,0.032,0.0667,0.00354,0.651,0,23,65.53,0.633,1,0,16.149,16.149,0,30,5695,161079.9,86.14,15,13.61
1786433412059,1242,v1,0.0622,0.8862,0.1015,1.3474,0.8434,0.032,0.2224,0.003363,0.688,0,34,27.59,0.644,1,0,18.432,18.432,0,30,6389,189161.6,93.35,15,13.46
1786433413594,1243,v1,0.0709,0.7412,0.4226,0.9132,0.5192,0.032,0.0504,0.003046,0.685,0,9,35.29,0.418,1,1539,8.0,6.38,0,30,5820,217649.4,71.78,15,11.27
1786433415169,1244,v1,0.0647,0.9741,0.4812,1.7156,0.1889,0.032,0.2392,0.002945,0.592,1,29,67.73,0.469,1,0,14.754,14.754,0,30,6323,149609.1,87.42,12,11.23
1786433416951,1245,v1,0.0571,0.8207,0.4229,1.1195,0.2414,0.032,0.0529,0.003153,0.661,0,34,55.7,0.34,1,0,17.665,17.665,0,30,6260,175605.3,94.86,14,11.65
1786433418883,1246,v1,0.0353,0.4951,0.4781,2.2956,0.7579,0.032,0.1783,0.002506,0.704,0,17,23.6,0.45,1,1349,16.0,12.825,0,30,6205,236224.0,67.12,17,9.17
1786433421220,1247,v1,0.058,0.9731,0.2338,0.9064,0.2953,0.032,0.1094,0.001388,0.598,1,19,87.34,0.387,1,0,13.354,13.354,0,30,6517,160705.6,86.02,12,5.2
1786433423143,1248,v1,0.0531,0.3879,0.2946,2.1316,0.2552,0.032,0.1165,0.002372,0.638,0,9,62.06,0.505,1,2445,8.0,5.58,0,30,6187,261277.1,52.71,15,9.18
1786433412412,1249,v1,0.0748,0.8308,0.1409,1.5788,0.2278,0.032,0.0633,0.003099,0.616,0,15,53.46,0.625,1,717,14.0,12.599,0,30,6415,183784.4,74.43,14,12.13
1786433414183,1250,v1,0.0708,0.4555,0.2868,1.5305,0.5063,0.032,0.1913,0.003468,0.594,1,29,74.18,0.389,1,0,15.282,15.282,0,30,7658,171444.8,93.92,11,13.11
1786433415900,1251,v1,0.0306,0.2207,0.4453,1.9394,0.9086,0.032,0.1448,0.002786,0.662,0,21,67.97,0.819,1,0,16.813,16.813,0,30,6278,190911.3,86.64,16,10.69
1786433418006,1252,v1,0.057,0.6286,0.3789,0.8354,0.816,0.032,0.1359,0.002912,0.67,1,21,45.01,0.769,1,857,15.576,13.342,0,30,6302,203048.7,90.17,15,11.09
1786433419755,1253,v1,0.0577,0.337,0.2528,1.0775,0.4497,0.032,0.1472,0.00156,0.66,0,32,40.31,0.481,1,0,17.456,17.456,0,30,6141,171196.8,90.38,15,6.29
1786433422244,1254,v1,0.0346,0.4547,0.339,2.2488,0.8866,0.032,0.1496,0.00184,0.611,1,22,69.6,0.979,1,0,15.646,15.646,0,30,6189,163562.4,94.54,14,6.9
1786433423393,1255,v1,0.068,0.8786,0.4947,1.3362,0.5381,0.032,0.2359,0.002864,0.639,1,34,92.09,0.958,1,0,17.229,17.229,0,30,6227,167452.2,84.78,14,10.57
1786433423765,1256,v1,0.041,0.3458,0.1546,2.0933,0.2409,0.032,0.1491,0.002361,0.69,1,13,60.46,0.347,1,2721,12.0,7.38,0,30,7269,327273.4,55.49,17,8.94
1786433425920,1257,v1,0.0541,0.7045,0.1399,1.2463,0.3474,0.032,0.1757,0.001498,0.715,0,28,53.59,0.451,1,0,18.999,18.999,0,30,6326,243249.2,84.46,17,5.79
1786433427811,1258,v1,0.0403,0.9647,0.1829,1.91,0.5525,0.032,0.0948,0.00245,0.581,0,17,81.56,0.599,1,0,13.613,13.613,0,30,7508,181385.1,90.75,12,8.94
1786433430383,1259,v1,0.0398,0.7791,0.2857,1.9404,0.4151,0.032,0.0857,0.001267,0.615,0,24,52.08,0.711,1,0,15.836,15.836,0,30,6971,186327.3,91.46,14,4.62
1786433432770,1260,v1,0.0194,0.9785,0.2238,1.4281,0.5152,0.032,0.137,0.002824,0.642,0,17,35.36,0.303,1,430,15.834,14.928,0,30,6978,217650.6,81.29,16,11.24
1786433434721,1261,v1,0.0138,0.8426,0.2814,2.0052,0.2251,0.032,0.2299,0.002044,0.691,0,32,36.99,0.65,1,0,8.054,8.054,0,30,5683,289237.0,37.33,19,7.94
1786433436418,1262,v1,0.0504,0.4968,0.2361,1.0517,0.3481,0.032,0.1709,0.003546,0.613,1,30,67.33,0.351,1,0,16.133,16.133,0,30,5746,148174.7,84.4,13,13.42
1786433423482,1263,v1,0.0409,0.257,0.272,0.9801,0.7415,0.032,0.1759,0.002273,0.596,0,17,58.18,0.571,1,0,12.675,12.675,0,30,6429,140370.1,85.57,11,8.63
1786433425035,1264,v1,0.0545,0.2258,0.4701,2.3073,0.7093,0.032,0.1068,0.001524,0.598,1,35,67.77,0.448,1,0,17.008,17.008,0,30,5924,151810.9,91.22,13,5.93
1786433426807,1265,v1,0.0345,0.9526,0.203,2.0207,0.1565,0.032,0.0674,0.003387,0.673,1,34,77.26,0.797,1,974,20.261,16.778,0,30,6236,237374.9,84.0,16,12.2
1786433429968,1266,v1,0.0765,0.7143,0.2318,2.2284,0.1492,0.032,0.0692,0.001508,0.715,0,16,54.49,0.615,1,2777,14.992,9.096,0,30,6278,315284.2,49.04,16,6.31
1786433431599,1267,v1,0.0164,0.5208,0.2321,1.5394,0.7579,0.032,0.1027,0.001751,0.618,0,24,22.01,0.897,1,608,16.547,14.923,0,30,5597,184272.2,88.11,15,6.43
1786433433490,1268,v1,0.011,0.7227,0.2569,1.953,0.1696,0.032,0.1667,0.003573,0.651,0,26,37.74,0.639,1,0,18.456,18.456,0,30,6325,210266.0,84.42,17,13.14
1786433435475,1269,v1,0.0787,0.2821,0.1092,1.0833,0.5466,0.032,0.2384,0.002746,0.672,0,10,42.85,0.573,1,2082,9.0,6.47,0,30,5907,220989.0,57.85,15,9.9
1786433424424,1270,v1,0.0431,0.6606,0.2326,1.207,0.5418,0.032,0.065,0.003093,0.641,0,27,48.92,0.414,1,0,16.747,16.747,0,30,6042,162774.5,93.08,15,11.52
1786433427092,1271,v1,0.0154,0.4415,0.1051,1.3383,0.6208,0.032,0.1471,0.002456,0.715,0,31,27.48,0.908,1,131,3.737,3.327,0,30,6455,355170.9,18.01,-1,9.84
1786433430072,1272,v1,0.0308,0.7289,0.2603,1.2132,0.253,0.032,0.121,0.001851,0.688,0,5,78.94,0.667,1,2885,4.0,3.085,0,30,6352,297909.4,48.62,17,7.29
1786433432574,1273,v1,0.0252,0.4593,0.2406,2.4586,0.4401,0.032,0.1091,0.001845,0.69,0,4,88.08,0.522,1,0,3.0,3.0,0,30,6279,238363.3,71.78,17,7.21
1786433434429,1274,v1,0.02,0.4493,0.4675,1.7509,0.5187,0.032,0.2156,0.00333,0.659,1,17,98.09,0.57,1,1998,15.732,10.26,0,30,6171,257878.2,55.39,15,12.59
1786433437098,1275,v1,0.0372,0.3944,0.1726,2.3501,0.1564,0.032,0.0769,0.001909,0.665,1,11,49.97,0.917,1,5559,10.0,0.0,0,30,5674,336705.0,0.0,-1,7.16
1786433439301,1276,v1,0.0506,0.4651,0.2536,1.0653,0.3948,0.032,0.1033,0.002591,0.668,0,26,39.59,0.801,1,0,16.743,16.743,0,30,6793,181326.2,85.64,15,9.42
1786433425230,1277,v1,0.0152,0.8114,0.4929,1.4392,0.8879,0.032,0.0628,0.002815,0.692,1,34,63.85,0.789,1,960,20.022,16.652,0,30,6196,214647.6,87.66,17,10.47
1786433427242,1278,v1,0.0219,0.8723,0.1999,1.5307,0.418,0.032,0.1468,0.00279,0.716,1,18,41.17,0.483,1,3867,17.0,4.744,0,30,5617,324988.1,12.86,-1,10.29
1786433429450,1279,v1,0.049,0.3476,0.435,2.4577,0.4447,0.032,0.1179,0.001702,0.622,1,27,36.66,0.399,1,477,16.675,15.202,0,30,5591,163114.2,99.18,15,6.46
1786433431198,1280,v1,0.0284,0.9409,0.2405,1.447,0.2816,0.032,0.1408,0.001242,0.636,1,22,59.04,0.989,1,0,16.327,16.327,0,30,5709,160769.4,89.48,15,4.48
1786433433661,1281,v1,0.0108,0.7455,0.2478,1.1599,0.5536,0.032,0.2178,0.003058,0.708,1,36,44.86,0.411,1,175,7.799,7.141,0,30,6276,319228.3,35.67,19,11.6
1786433436649,1282,v1,0.0399,0.8604,0.4959,0.839,0.1074,0.032,0.2327,0.002441,0.643,1,13,66.34,0.858,1,6370,12.0,0.002,0,30,6555,385495.2,0.02,-1,9.49
1786433438446,1283,v1,0.077,0.6485,0.4285,1.0185,0.6128,0.032,0.128,0.002506,0.718,1,29,28.4,0.44,1,614,17.766,15.847,0,30,6097,192991.8,97.69,16,9.37
1786433426307,1284,v1,0.0396,0.6656,0.1607,1.9828,0.1161,0.032,0.2395,0.001338,0.668,1,15,73.58,0.386,1,3389,14.0,6.57,0,30,6499,320015.7,39.73,17,5.08
1786433427893,1285,v1,0.0404,0.8423,0.286,2.0809,0.2553,0.032,0.2236,0.002015,0.637,1,32,79.62,0.987,1,0,17.835,17.835,0,30,6152,180095.5,86.65,15,7.72
1786433429917,1286,v1,0.0421,0.67,0.422,1.1209,0.1142,0.032,0.0736,0.002538,0.638,1,29,77.81,0.973,1,0,16.725,16.725,0,30,5980,165833.4,93.36,14,9.2
1786433432130,1287,v1,0.0568,0.4669,0.4944,1.977,0.1131,0.032,0.1574,0.001986,0.584,1,12,51.39,0.792,1,2588,10.51,6.012,0,30,6344,226792.0,58.31,10,7.28
1786433434146,1288,v1,0.0229,0.44,0.3433,1.3764,0.3157,0.032,0.218,0.002704,0.667,0,7,39.18,0.765,1,3395,6.0,3.571,0,30,5681,277803.4,33.44,17,10.07
1786433436500,1289,v1,0.0133,0.7474,0.441,2.4972,0.4342,0.032,0.1955,0.003001,0.609,1,21,58.73,0.702,1,876,15.968,13.915,0,30,7162,227577.7,87.12,15,11.07
1786433437643,1290,v1,0.0316,0.3966,0.4169,0.9003,0.9733,0.032,0.2442,0.002349,0.61,0,19,22.41,0.42,1,310,12.759,12.199,0,30,6163,147400.5,84.53,11,8.91
1786433426439,1291,v1,0.0545,0.5351,0.4482,2.1707,0.1554,0.032,0.1817,0.001295,0.593,0,25,57.42,0.532,1,0,14.873,14.873,0,30,6099,147632.2,91.66,12,5.21
1786433427841,1292,v1,0.0761,0.4696,0.4472,2.3084,0.7445,0.032,0.2104,0.002339,0.63,1,20,76.25,0.913,1,0,15.084,15.084,0,30,5612,144130.4,88.92,14,8.93
1786433429810,1293,v1,0.027,0.8859,0.3012,0.9004,0.5602,0.032,0.1671,0.002543,0.691,1,26,60.56,0.604,1,0,17.969,17.969,0,30,5548,176747.4,84.22,16,9.79
1786433432802,1294,v1,0.051,0.5046,0.1696,2.4013,0.4627,0.032,0.0921,0.003351,0.615,1,4,33.34,0.776,1,5629,3.0,0.414,0,30,6590,353527.6,13.83,-1,12.94
1786433435226,1295,v1,0.0382,0.7621,0.1121,2.4268,0.8043,0.032,0.1976,0.002087,0.69,1,17,22.33,0.726,1,5170,16.0,2.104,0,30,6162,357668.2,10.92,-1,8.5
1786433437013,1296,v1,0.0129,0.6094,0.3013,0.8903,0.1794,0.032,0.2383,0.002429,0.617,1,31,77.78,0.432,1,0,16.781,16.781,0,30,6339,171986.7,87.36,14,9.17
1786433439528,1297,v1,0.0752,0.4173,0.3489,1.4097,0.3194,0.032,0.1477,0.002138,0.684,1,26,62.36,0.529,1,803,16.606,14.789,0,30,7708,235515.4,89.67,15,8.37
1786433426858,1298,v1,0.025,0.8003,0.1441,1.5568,0.108,0.032,0.1271,0.001429,0.676,0,12,90.37,0.34,1,0,11.0,11.0,0,30,5981,221385.8,83.28,17,5.94
1786433428843,1299,v1,0.0598,0.9751,0.1957,1.8862,0.9147,0.032,0.2446,0.002847,0.71,0,13,81.95,0.885,1,0,12.0,12.0,0,30,5734,173523.6,84.03,16,10.64
1786433430698,1300,v1,0.0572,0.5037,0.2669,2.1453,0.405,0.032,0.1856,0.002912,0.612,0,20,64.3,0.716,1,0,15.028,15.028,0,30,6896,188841.9,88.17,14,11.98
1786433433059,1301,v1,0.0446,0.9468,0.3128,1.7941,0.9071,0.032,0.1402,0.00359,0.681,0,24,28.72,0.995,1,0,16.942,16.942,0,30,6467,188615.4,84.56,15,13.27
1786433434252,1302,v1,0.0614,0.5458,0.2742,1.614,0.4791,0.032,0.1011,0.002593,0.648,0,35,83.88,0.347,1,0,17.998,17.998,0,30,5392,146593.4,99.35,15,9.64
1786433436368,1303,v1,0.0241,0.3633,0.1135,0.9286,0.5043,0.032,0.2432,0.003325,0.684,1,22,92.25,0.745,1,0,18.113,18.113,0,30,6495,216243.4,85.28,17,12.16
1786433438729,1304,v1,0.0306,0.9173,0.3738,1.8787,0.2213,0.032,0.1883,0.002396,0.694,0,26,52.44,0.376,1,0,18.757,18.757,0,30,7406,264187.2,84.78,17,9.33
1786433427915,1305,v1,0.0337,0.4413,0.3015,1.9838,0.3047,0.032,0.0959,0.003312,0.656,0,5,68.53,0.796,1,2333,4.0,3.19,0,30,5827,241539.3,52.57,16,12.06
1786433430248,1306,v1,0.0664,0.8974,0.3294,2.0572,0.8991,0.032,0.1241,0.00354,0.645,1,23,22.07,0.438,1,595,16.143,14.626,0,30,6754,204394.8,86.87,15,13.59
1786433432260,1307,v1,0.0476,0.8425,0.1086,2.0009,0.6343,0.032,0.0928,0.002932,0.713,1,33,98.17,0.881,1,0,19.752,19.752,0,30,6306,193495.0,86.64,17,10.96
1786433433837,1308,v1,0.0215,0.6621,0.4202,1.9671,0.144,0.032,0.104,0.002859,0.594,0,30,23.59,0.99,1,769,15.954,14.23,0,30,6712,174260.3,92.32,13,11.71
1786433435944,1309,v1,0.045,0.6753,0.2294,1.1587,0.5915,0.032,0.1979,0.001327,0.641,0,14,86.31,0.433,1,0,13.0,13.0,0,30,6400,174688.8,98.13,15,5.16
1786433437552,1310,v1,0.0747,0.3573,0.1087,1.9603,0.1543,0.032,0.168,0.003377,0.618,0,26,95.29,0.901,1,0,16.23,16.23,0,30,6437,174259.9,92.88,14,12.89
1786433440639,1311,v1,0.0293,0.7601,0.2305,1.0559,0.7928,0.032,0.2337,0.002472,0.604,1,10,65.72,0.767,1,5604,9.0,0.298,0,30,5899,346130.7,3.16,-1,8.85
1786433437870,1312,v1,0.0393,0.2085,0.273,2.1818,0.8362,0.032,0.0829,0.002511,0.609,0,29,66.76,0.67,1,0,16.753,16.753,0,30,5926,165878.6,92.93,14,9.28
1786433440469,1313,v1,0.0782,0.7449,0.3212,1.9317,0.9489,0.032,0.1703,0.001993,0.593,0,14,43.64,0.73,1,2385,13.0,8.255,0,30,5680,227574.2,53.83,14,7.76
1786433442218,1314,v1,0.0464,0.6508,0.4744,1.6944,0.2517,0.032,0.0873,0.002753,0.644,0,16,34.3,0.798,1,0,14.922,14.922,0,30,6287,177957.7,98.26,15,9.94
1786433443471,1315,v1,0.0202,0.5992,0.4188,0.8069,0.7743,0.032,0.2395,0.003656,0.584,1,29,83.8,0.506,1,0,11.793,11.793,0,30,6033,100182.4,90.82,8,13.91
1786433444824,1316,v1,0.0534,0.9819,0.2768,1.8519,0.4673,0.032,0.063,0.003726,0.66,0,31,30.75,0.494,1,0,17.83,17.83,0,30,6069,174082.6,90.68,15,14.14
1786433446913,1317,v1,0.0399,0.8216,0.4791,2.0111,0.6757,0.032,0.2293,0.002626,0.707,1,9,23.53,0.594,1,3915,8.0,2.416,0,30,5741,305821.5,25.7,17,9.96
1786433449174,1318,v1,0.0205,0.5591,0.1738,2.2047,0.8189,0.032,0.119,0.001792,0.669,0,8,24.19,0.905,1,3734,7.0,3.662,0,30,5672,281907.7,28.1,18,7.19
1786433440044,1319,v1,0.013,0.8112,0.1395,1.6576,0.8903,0.032,0.0642,0.00288,0.713,1,35,66.71,0.308,1,0,0.0,0.0,0,30,5843,333433.1,0.0,-1,10.71
1786433441739,1320,v1,0.0702,0.4063,0.1585,2.2482,0.7406,0.032,0.1531,0.002457,0.696,1,34,25.06,0.97,1,881,18.89,15.688,0,30,5590,181174.5,85.54,16,9.39
1786433443794,1321,v1,0.0409,0.7179,0.4894,1.0249,0.5866,0.032,0.1984,0.003416,0.65,1,20,52.83,0.517,1,807,15.326,13.534,0,30,7322,213097.8,95.61,14,12.84
1786433445547,1322,v1,0.0694,0.4787,0.354,1.564,0.9319,0.032,0.1722,0.00129,0.663,0,5,34.12,0.484,1,1687,4.0,3.469,0,30,6380,237587.1,68.05,15,5.2
1786433446862,1323,v1,0.079,0.4463,0.2214,1.3153,0.9061,0.032,0.1496,0.001315,0.588,0,31,61.46,0.862,1,0,15.849,15.849,0,30,5745,139519.6,84.2,13,5.03
1786433448577,1324,v1,0.0556,0.8769,0.2402,1.5609,0.607,0.032,0.2446,0.001753,0.633,1,25,24.08,0.548,1,634,16.27,14.618,0,30,6446,201491.5,97.24,15,6.76
1786433450759,1325,v1,0.057,0.5757,0.2067,1.8519,0.7632,0.032,0.0854,0.002274,0.688,1,5,85.91,0.414,1,3536,4.0,1.77,0,30,6399,307877.1,39.93,16,8.25
1786433440510,1326,v1,0.0667,0.345,0.2791,2.3098,0.9266,0.032,0.1997,0.001817,0.602,0,8,76.57,0.357,1,0,7.0,7.0,0,30,5570,154785.8,89.49,14,6.91
1786433443104,1327,v1,0.0676,0.6288,0.2616,1.541,0.2715,0.032,0.1663,0.003178,0.653,0,4,61.09,0.873,1,3374,3.0,2.476,0,30,6493,271617.5,46.74,15,11.75
1786433444290,1328,v1,0.0711,0.8058,0.1015,0.9681,0.2234,0.032,0.0818,0.003228,0.614,0,25,54.1,0.951,1,0,15.511,15.511,0,30,6375,159771.5,99.11,14,12.33
1786433446384,1329,v1,0.0145,0.9433,0.2044,1.7595,0.1505,0.032,0.0771,0.003308,0.676,1,24,38.02,0.49,1,392,12.036,10.655,0,30,5779,265214.6,55.99,18,12.11
1786433448692,1330,v1,0.0476,0.4141,0.4329,2.1097,0.5996,0.032,0.1345,0.001203,0.623,0,6,62.82,0.953,1,3939,5.0,3.222,0,30,6685,330418.4,40.04,15,4.62
1786433450270,1331,v1,0.0699,0.6575,0.4156,1.6015,0.961,0.032,0.2497,0.002158,0.654,1,30,81.11,0.718,1,0,17.108,17.108,0,30,6141,167180.1,97.96,15,8.97
1786433452396,1332,v1,0.0782,0.7277,0.4133,2.489,0.3245,0.032,0.0871,0.001217,0.594,0,13,27.16,0.872,1,3558,12.0,5.227,0,30,5314,264869.2,32.31,14,5.04
1786433440814,1333,v1,0.0148,0.6305,0.4671,2.1309,0.5304,0.032,0.1589,0.001309,0.64,1,25,72.88,0.572,1,0,17.21,17.21,0,30,5422,162335.5,87.95,15,5.0
1786433442763,1334,v1,0.0748,0.5047,0.4026,1.8073,0.2611,0.032,0.1661,0.002742,0.616,1,16,79.14,0.586,1,0,14.012,14.012,0,30,6141,165505.5,98.82,14,9.49
1786433443987,1335,v1,0.0127,0.2543,0.4127,1.0382,0.4369,0.032,0.2305,0.00147,0.614,0,9,85.14,0.583,1,0,8.0,8.0,0,30,5758,139065.2,88.99,13,5.51
1786433445841,1336,v1,0.0155,0.9445,0.2096,2.0784,0.8046,0.032,0.1715,0.003349,0.655,1,34,53.65,0.975,1,0,20.526,20.526,0,30,7171,227872.8,92.41,17,12.56
1786433447073,1337,v1,0.0739,0.8474,0.2361,2.423,0.5204,0.032,0.1809,0.002703,0.692,0,29,89.7,0.983,1,0,17.862,17.862,0,30,5525,162531.1,99.43,16,10.91
1786433449779,1338,v1,0.0108,0.9325,0.2431,1.0913,0.1096,0.032,0.1672,0.002956,0.681,0,8,63.1,0.315,1,1299,7.0,6.083,0,30,7230,303472.6,50.92,18,11.48
1786433451325,1339,v1,0.0189,0.2706,0.2863,2.2035,0.3794,0.032,0.1696,0.00311,0.614,1,32,62.16,0.938,1,1044,17.6,14.55,0,30,6561,197719.8,85.14,15,11.57
1786433442981,1340,v1,0.0166,0.8517,0.1974,1.0371,0.5072,0.032,0.2129,0.002215,0.704,0,17,96.7,0.72,1,0,16.0,16.0,0,30,7706,324455.0,50.8,18,8.06
1786433444222,1341,v1,0.035,0.4186,0.2433,1.785,0.3725,0.032,0.2276,0.002184,0.713,0,26,82.33,0.501,1,0,18.968,18.968,0,30,5737,202280.9,84.67,17,8.02
1786433446566,1342,v1,0.0234,0.6357,0.1732,2.4898,0.6772,0.032,0.1913,0.003454,0.664,0,12,78.95,0.931,1,3494,11.0,6.007,0,30,6522,313316.6,38.37,18,12.36
1786433448925,1343,v1,0.0436,0.7684,0.4551,1.1628,0.2081,0.032,0.0695,0.003637,0.638,1,12,38.67,0.884,1,5933,11.0,0.0,0,30,6208,370989.9,0.0,-1,13.19
1786433450504,1344,v1,0.0619,0.5862,0.4477,1.2942,0.1989,0.032,0.1996,0.002134,0.699,1,28,89.4,0.669,1,0,17.45,17.45,0,30,6017,187603.4,93.27,15,7.96
1786433453024,1345,v1,0.0213,0.4961,0.1628,1.7769,0.8673,0.032,0.082,0.001933,0.619,0,6,47.37,0.891,1,3937,5.0,3.207,0,30,6642,297105.9,36.52,16,6.79
1786433455306,1346,v1,0.0104,0.8735,0.3714,1.6678,0.8408,0.032,0.1266,0.00234,0.68,0,36,60.35,0.714,1,0,13.472,13.472,0,30,8294,346788.7,56.39,18,8.64
1786433442813,1347,v1,0.0318,0.6153,0.1117,2.2807,0.91,0.032,0.2194,0.00153,0.673,1,26,37.48,0.983,1,977,18.685,15.57,0,30,6054,226229.8,85.25,17,5.91
1786433444753,1348,v1,0.0342,0.2093,0.2764,1.5967,0.4929,0.032,0.0879,0.002582,0.687,1,6,64.49,0.592,1,3982,5.0,1.73,0,30,6163,317151.6,30.41,17,9.85
1786433447230,1349,v1,0.0355,0.5972,0.3798,2.47,0.2213,0.032,0.1809,0.001625,0.609,1,12,76.43,0.653,1,5628,11.0,1.962,0,30,6998,358373.6,17.36,-1,6.43
1786433448860,1350,v1,0.02,0.2294,0.1083,1.5304,0.5607,0.032,0.181,0.00256,0.612,1,33,48.07,0.517,1,609,17.631,15.473,0,30,5370,162628.3,84.62,14,10.06
1786433450747,1351,v1,0.0218,0.71,0.3809,1.2174,0.3379,0.032,0.1263,0.001501,0.598,1,11,76.22,0.616,1,3989,10.0,2.87,0,30,5684,274482.5,24.53,13,5.89
1786433452801,1352,v1,0.0726,0.9853,0.3281,1.9765,0.8454,0.032,0.0682,0.002913,0.616,0,4,60.2,0.428,1,1613,3.0,2.729,0,30,6030,220995.7,64.1,14,11.81
1786433453886,1353,v1,0.028,0.7134,0.4458,1.8935,0.2552,0.032,0.101,0.003171,0.598,0,26,55.41,0.433,1,0,15.342,15.342,0,30,5822,140779.6,85.86,13,12.06
1786433443593,1354,v1,0.0567,0.9571,0.3067,2.1048,0.1337,0.032,0.0554,0.002732,0.631,0,8,56.75,0.88,1,2927,7.0,4.706,0,30,6505,282823.5,54.11,15,10.21
1786433445281,1355,v1,0.0196,0.3217,0.2137,2.4824,0.3191,0.032,0.0712,0.003049,0.673,0,28,60.84,0.962,1,0,13.463,13.463,0,30,5788,240158.6,63.79,19,11.26
1786433447385,1356,v1,0.0664,0.6724,0.2042,2.4017,0.7014,0.032,0.1491,0.001448,0.642,0,10,46.48,0.759,1,3281,9.0,5.632,0,30,6917,300965.1,43.97,15,5.65
1786433449701,1357,v1,0.0789,0.503,0.4073,2.0145,0.1527,0.032,0.16,0.003483,0.708,1,18,43.58,0.406,1,565,15.919,14.552,0,30,6873,261131.4,85.38,15,12.54
1786433450963,1358,v1,0.0337,0.633,0.4855,0.9726,0.3108,0.032,0.2295,0.003267,0.637,1,25,23.59,0.336,1,436,15.667,14.433,0,30,5950,167880.8,86.09,14,12.13
1786433452852,1359,v1,0.0526,0.4065,0.1921,1.0327,0.7263,0.032,0.2164,0.001503,0.584,0,10,34.64,0.387,1,1417,9.0,7.344,0,30,6081,193954.0,70.48,11,5.85
1786433454262,1360,v1,0.0709,0.547,0.2813,1.8605,0.4209,0.032,0.091,0.002585,0.678,0,19,20.55,0.8,1,436,15.628,14.691,0,30,6568,206920.2,86.14,15,9.53
1786433443844,1361,v1,0.0312,0.2594,0.4278,2.2677,0.3614,0.032,0.0631,0.003708,0.695,0,36,62.65,0.803,1,0,20.043,20.043,0,30,5907,187599.9,85.42,16,14.08
1786433444926,1362,v1,0.0262,0.2227,0.4534,1.4693,0.5773,0.032,0.1149,0.003629,0.589,1,21,97.79,0.655,1,0,12.513,12.513,0,30,5708,122250.1,84.19,11,13.19
1786433446635,1363,v1,0.0194,0.5115,0.1996,1.2813,0.2048,0.032,0.2209,0.001929,0.64,1,33,98.66,0.814,1,0,18.269,18.269,0,30,6262,186098.6,85.81,15,7.86
1786433447760,1364,v1,0.0278,0.5174,0.1373,2.0578,0.2286,0.032,0.1955,0.003507,0.581,1,18,36.42,0.457,1,448,14.431,13.164,0,30,5378,151957.4,83.06,14,13.22
1786433449403,1365,v1,0.0248,0.408,0.3768,0.9266,0.9158,0.032,0.1552,0.003377,0.607,1,31,40.93,0.417,1,384,15.266,14.099,0,30,5487,136566.0,84.25,12,12.19
1786433450725,1366,v1,0.0374,0.3634,0.4991,1.845,0.7604,0.032,0.1427,0.001969,0.589,1,33,36.95,0.908,1,1133,14.175,11.688,0,30,6759,155985.7,85.63,10,7.0
1786433452658,1367,v1,0.0375,0.7866,0.2456,2.2045,0.3726,0.032,0.183,0.001565,0.586,0,7,97.77,0.497,1,0,6.0,6.0,0,30,6371,170946.5,95.16,14,6.17
1786433451772,1368,v1,0.0268,0.2496,0.2266,1.6318,0.3742,0.032,0.1974,0.003709,0.703,1,9,21.66,0.681,1,5366,8.0,0.337,0,30,5791,326440.9,3.57,-1,14.16
1786433453465,1369,v1,0.0701,0.2308,0.3984,1.8105,0.1367,0.032,0.1259,0.003721,0.655,1,23,22.39,0.633,1,701,16.073,14.181,0,30,6386,205768.6,94.57,15,13.37
1786433454952,1370,v1,0.0241,0.6406,0.4149,1.6242,0.5591,0.032,0.236,0.002221,0.656,1,36,99.84,0.335,1,0,18.927,18.927,0,30,6575,192016.6,84.11,15,8.29
1786433456545,1371,v1,0.0497,0.8982,0.2398,2.2118,0.7313,0.032,0.2056,0.001792,0.641,1,28,36.85,0.386,1,483,17.056,15.792,0,30,6810,207827.6,84.32,15,7.11
1786433458162,1372,v1,0.0104,0.9669,0.3116,2.2048,0.5895,0.032,0.2435,0.001559,0.611,0,4,74.29,0.941,1,3922,3.0,2.327,0,30,5853,301468.8,29.45,16,6.24
1786433459857,1373,v1,0.027,0.94,0.4179,1.9363,0.2549,0.032,0.0922,0.003432,0.704,0,18,73.0,0.489,1,2136,17.0,11.794,0,30,6545,293215.5,55.29,18,13.17
1786433461163,1374,v1,0.0698,0.5261,0.1704,2.1267,0.2083,0.032,0.0837,0.00196,0.703,1,18,49.68,0.668,1,610,16.412,14.678,0,30,5812,246972.4,88.67,16,7.86
1786433453455,1375,v1,0.0653,0.454,0.4386,1.7835,0.4382,0.032,0.1933,0.003465,0.656,1,24,59.67,0.796,1,1046,16.005,13.36,0,30,6768,216170.4,96.12,14,12.25
1786433454892,1376,v1,0.0619,0.4713,0.3309,1.1691,0.8338,0.032,0.16,0.003247,0.636,1,24,52.61,0.772,1,952,15.611,13.124,0,30,6334,196771.9,85.34,14,11.34
1786433456585,1377,v1,0.0252,0.5115,0.2957,2.0927,0.6563,0.032,0.0502,0.001777,0.663,1,10,82.09,0.557,1,3433,9.0,3.354,0,30,5557,277434.0,32.28,17,6.69
1786433457657,1378,v1,0.0663,0.5702,0.3094,1.9938,0.4691,0.032,0.1427,0.003753,0.672,0,30,68.51,0.43,1,0,17.669,17.669,0,30,6066,175487.3,90.93,15,14.11
1786433459044,1379,v1,0.0376,0.6987,0.3135,1.2191,0.2798,0.032,0.1344,0.002273,0.594,0,6,80.18,0.909,1,0,5.0,5.0,0,30,6173,143357.3,84.85,11,9.33
1786433460552,1380,v1,0.0321,0.6783,0.1799,1.8964,0.5541,0.032,0.1362,0.00153,0.596,0,4,26.29,0.947,1,4327,3.0,2.308,0,30,6288,299536.1,27.29,15,5.84
1786433461750,1381,v1,0.0786,0.9586,0.399,2.4747,0.3739,0.032,0.1716,0.001714,0.611,0,28,22.9,0.879,1,505,16.12,14.862,0,30,5873,170361.4,89.81,14,6.4
1786433453417,1382,v1,0.0364,0.2945,0.3257,1.6949,0.2879,0.032,0.206,0.001265,0.599,0,16,26.01,0.308,1,195,13.888,13.481,0,30,5802,154901.1,97.32,14,5.08
1786433454606,1383,v1,0.0334,0.4301,0.1939,0.8409,0.8311,0.032,0.0974,0.002344,0.623,0,19,43.73,0.562,1,0,14.982,14.982,0,30,5906,163363.4,89.7,14,9.33
1786433456621,1384,v1,0.0531,0.6965,0.2879,1.6463,0.2952,0.032,0.1161,0.002603,0.707,1,13,54.49,0.924,1,5562,12.0,0.0,0,30,5740,322961.8,0.0,-1,9.97
1786433458041,1385,v1,0.0615,0.5177,0.2884,1.5898,0.9938,0.032,0.0968,0.002202,0.606,1,18,31.54,0.69,1,1029,14.185,11.999,0,30,6870,212237.2,95.27,13,8.63
1786433459321,1386,v1,0.0229,0.9696,0.2459,2.445,0.215,0.032,0.054,0.001738,0.605,1,36,84.36,0.998,1,0,18.405,18.405,0,30,5555,158325.0,86.33,15,6.41
1786433460364,1387,v1,0.0724,0.7786,0.4376,2.4532,0.8745,0.032,0.2468,0.001354,0.709,1,36,62.78,0.851,1,1014,19.002,15.75,0,30,6152,191012.0,99.02,16,5.46
1786433461702,1388,v1,0.0108,0.5669,0.4876,1.3509,0.7356,0.032,0.1788,0.003503,0.651,1,17,26.34,0.374,1,896,15.753,13.173,0,30,5869,203349.7,70.86,15,13.9
1786433455332,1389,v1,0.0764,0.816,0.2294,1.7572,0.5238,0.032,0.1439,0.003318,0.629,1,6,21.51,0.74,1,6306,5.0,0.0,0,30,6428,359783.1,0.0,-1,13.33
1786433456816,1390,v1,0.0336,0.7674,0.4086,1.3717,0.269,0.032,0.2172,0.003335,0.602,0,6,56.18,0.603,1,2575,5.0,3.739,0,30,6215,238783.5,50.4,13,12.26
1786433458247,1391,v1,0.0755,0.3302,0.4271,1.643,0.7682,0.032,0.1772,0.001765,0.713,1,27,61.76,0.368,1,466,17.266,15.955,0,30,6364,190752.9,93.44,15,7.15
1786433460108,1392,v1,0.0409,0.506,0.1091,1.2672,0.9408,0.032,0.0817,0.002199,0.583,1,12,35.9,0.736,1,5056,11.0,2.95,0,30,7100,334472.1,23.13,14,8.52
1786433461631,1393,v1,0.0477,0.7712,0.1998,2.2347,0.4949,0.032,0.2358,0.002442,0.675,0,4,27.76,0.649,1,2488,3.0,2.568,0,30,5801,252215.8,50.43,16,8.93
1786433462555,1394,v1,0.0376,0.9993,0.2328,2.4496,0.7267,0.032,0.1406,0.002484,0.648,0,9,47.36,0.795,1,3231,8.0,4.433,0,30,5556,256637.9,35.88,16,9.63
1786433463180,1395,v1,0.0403,0.363,0.4053,1.244,0.1371,0.032,0.1716,0.00205,0.699,1,23,70.37,0.504,1,0,17.286,17.286,0,30,6115,209584.7,87.75,16,8.62
1786433455389,1396,v1,0.0341,0.5381,0.1299,1.3221,0.7455,0.032,0.2218,0.002941,0.663,0,5,34.88,0.763,1,2654,4.0,3.095,0,30,5930,265610.3,47.6,16,10.86
1786433456697,1397,v1,0.0219,0.7043,0.4685,1.3655,0.1732,0.032,0.1314,0.001393,0.64,0,30,91.05,0.547,1,0,17.346,17.346,0,30,6503,194855.2,84.9,15,5.32
1786433458706,1398,v1,0.0757,0.9293,0.1568,2.2243,0.9947,0.032,0.0757,0.002079,0.586,0,10,29.74,0.763,1,3327,9.0,5.848,0,30,7531,295311.0,49.61,14,7.82
1786433459966,1399,v1,0.0246,0.7998,0.2751,1.5824,0.3578,0.032,0.0558,0.002179,0.592,0,13,58.64,0.473,1,2067,12.0,8.304,0,30,5750,218064.8,58.62,13,8.35
1786433469462,1400,v1,0.018,0.9399,0.1275,0.9212,0.5803,0.032,0.0631,0.003701,0.617,1,36,97.85,0.958,1,0,18.194,18.194,0,30,5739,157875.9,84.49,15,14.64
1786433470890,1401,v1,0.017,0.4689,0.2551,1.7808,0.4824,0.032,0.0551,0.00306,0.68,0,36,53.19,0.35,1,0,21.156,21.156,0,30,5725,196127.7,91.28,18,11.46
1786433473033,1402,v1,0.0457,0.7366,0.1053,0.8476,0.228,0.032,0.131,0.001966,0.607,0,26,77.22,0.66,1,0,15.725,15.725,0,30,6602,172292.8,97.71,14,7.8
1786433474537,1403,v1,0.0597,0.6934,0.4504,2.4024,0.5866,0.032,0.1553,0.002747,0.591,1,27,50.17,0.485,1,584,15.325,13.711,0,30,5913,161530.5,89.1,13,10.98
1786433475754,1404,v1,0.0288,0.9585,0.4563,1.0905,0.1847,0.032,0.1441,0.002161,0.624,1,30,25.3,0.477,1,485,16.279,14.789,0,30,5600,152744.9,97.11,14,8.43
1786433478302,1405,v1,0.0404,0.2676,0.4316,1.9439,0.971,0.032,0.1884,0.002079,0.638,1,5,99.78,0.636,1,5383,4.0,0.23,0,30,5756,328939.8,5.74,-1,7.45
1786433479788,1406,v1,0.0251,0.456,0.2547,1.8966,0.3764,0.032,0.2109,0.003634,0.686,0,34,34.41,0.779,1,0,20.533,20.533,0,30,5878,192704.5,87.89,18,13.88
1786433470289,1407,v1,0.0306,0.5799,0.2475,2.2979,0.4649,0.032,0.1177,0.002385,0.681,0,26,88.93,0.82,1,0,18.4,18.4,0,30,6286,199409.0,87.37,17,9.48
1786433472518,1408,v1,0.0192,0.7682,0.2235,1.9407,0.64,0.032,0.2287,0.003688,0.713,1,34,39.34,0.659,1,498,11.921,9.857,0,30,5685,264311.0,53.81,19,12.79
1786433474228,1409,v1,0.0226,0.9356,0.3084,1.4449,0.7623,0.032,0.2188,0.002947,0.599,0,35,49.27,0.869,1,0,16.466,16.466,0,30,6405,155771.2,86.81,12,12.3
1786433475602,1410,v1,0.0457,0.8785,0.263,1.435,0.2712,0.032,0.2411,0.002114,0.711,0,7,98.65,0.991,1,0,6.0,6.0,0,30,5855,224943.7,84.09,17,8.1
1786433478460,1411,v1,0.0405,0.6276,0.4225,1.3492,0.6388,0.032,0.1759,0.003002,0.669,1,12,85.89,0.805,1,6354,11.0,0.0,0,30,6564,387817.7,0.0,-1,11.41
1786433480004,1412,v1,0.052,0.4547,0.2733,1.2049,0.9125,0.032,0.0856,0.001959,0.68,0,25,28.02,0.96,1,637,17.003,15.407,0,30,6204,200173.0,95.32,15,7.4
1786433481974,1413,v1,0.0737,0.3317,0.4121,1.8391,0.9959,0.032,0.202,0.002644,0.692,0,21,64.29,0.515,1,0,16.142,16.142,0,30,6792,183345.3,91.5,15,9.98
1786433470885,1414,v1,0.0261,0.7965,0.4897,1.2139,0.7264,0.032,0.243,0.001237,0.659,0,23,67.24,0.729,1,0,16.296,16.296,0,30,6858,197407.1,88.13,15,4.81
1786433473884,1415,v1,0.0163,0.815,0.3304,1.74,0.8393,0.032,0.2357,0.002471,0.71,1,26,35.18,0.311,1,59,1.753,1.558,0,30,6457,354991.5,8.78,-1,9.21
1786433475193,1416,v1,0.0734,0.3864,0.3149,2.2038,0.8396,0.032,0.2481,0.002478,0.632,0,29,88.57,0.425,1,0,17.012,17.012,0,30,5770,160235.9,98.84,15,10.23
1786433476912,1417,v1,0.0439,0.5213,0.2631,1.7538,0.6219,0.032,0.1441,0.00266,0.659,0,24,41.09,0.326,1,0,16.893,16.893,0,30,5822,174795.0,97.02,16,9.88
1786433478473,1418,v1,0.0471,0.8328,0.277,2.0796,0.6962,0.032,0.1157,0.002551,0.649,1,35,45.63,0.724,1,800,18.46,15.702,0,30,5816,175421.6,90.49,15,9.92
1786433480922,1419,v1,0.0366,0.7446,0.4687,2.1554,0.5887,0.032,0.0522,0.001461,0.612,0,10,36.86,0.653,1,2360,9.0,6.428,0,30,6507,259149.0,56.0,14,6.15
1786433483463,1420,v1,0.0217,0.3166,0.156,1.9779,0.4715,0.032,0.1968,0.002578,0.695,1,4,89.9,0.5,1,3841,3.0,1.203,0,30,6467,343674.1,30.08,19,9.66
1786433470987,1421,v1,0.0386,0.8663,0.4396,1.5238,0.7791,0.032,0.1409,0.002303,0.657,0,17,46.91,0.933,1,0,15.348,15.348,0,30,5969,170465.4,86.7,15,9.33
1786433472923,1422,v1,0.0766,0.4793,0.4014,2.1585,0.9167,0.032,0.0953,0.00362,0.69,0,20,47.78,0.557,1,0,15.916,15.916,0,30,5672,160115.5,89.14,15,14.16
1786433474542,1423,v1,0.0774,0.2779,0.3899,2.1835,0.2032,0.032,0.1338,0.002407,0.588,1,28,22.75,0.545,1,682,15.824,14.018,0,30,6345,176215.6,95.27,13,9.38
1786433475811,1424,v1,0.0357,0.8613,0.357,1.7263,0.1822,0.032,0.2049,0.003366,0.582,0,16,27.33,0.49,1,261,12.388,11.909,0,30,5879,141113.0,87.73,11,12.52
1786433477698,1425,v1,0.0325,0.9973,0.3336,1.4592,0.1324,0.032,0.0658,0.002298,0.666,1,36,30.03,0.592,1,942,19.668,16.585,0,30,6427,213041.0,87.34,16,8.7
1786433479391,1426,v1,0.0637,0.5424,0.213,1.5956,0.918,0.032,0.1147,0.002192,0.707,0,24,60.93,0.592,1,0,17.338,17.338,0,30,6561,205395.7,87.48,16,8.12
1786433481138,1427,v1,0.0519,0.981,0.3589,1.7898,0.8804,0.032,0.1061,0.003426,0.639,0,26,56.5,0.992,1,0,16.418,16.418,0,30,6308,176405.6,94.77,15,12.38
1786433472492,1428,v1,0.0307,0.804,0.4251,0.8144,0.4429,0.032,0.0525,0.002569,0.617,1,6,68.05,0.452,1,3040,5.0,2.445,0,30,6035,265698.4,43.66,13,9.4
1786433474585,1429,v1,0.0371,0.5274,0.2215,2.1822,0.7126,0.032,0.2496,0.001573,0.712,0,4,99.82,0.915,1,0,3.0,3.0,0,30,7097,257869.6,86.22,18,6.03
1786433476272,1430,v1,0.0306,0.8815,0.1163,1.8525,0.391,0.032,0.2392,0.00195,0.606,0,12,41.67,0.46,1,1760,11.0,8.203,0,30,5795,218960.1,59.84,15,8.11
1786433477963,1431,v1,0.0693,0.4451,0.3621,2.4503,0.8107,0.032,0.1158,0.003044,0.665,0,33,46.15,0.594,1,0,18.018,18.018,0,30,6056,173519.5,88.35,15,10.55
1786433479307,1432,v1,0.0626,0.723,0.3799,2.4971,0.8398,0.032,0.1247,0.002155,0.587,0,5,81.45,0.802,1,0,4.0,4.0,0,30,5993,159388.1,97.44,14,8.04
1786433481831,1433,v1,0.0431,0.3643,0.1989,1.7968,0.7455,0.032,0.1786,0.001801,0.663,0,28,41.93,0.795,1,0,17.694,17.694,0,30,7932,218464.3,91.26,16,7.21
1786433484325,1434,v1,0.0369,0.2867,0.1405,1.5229,0.2622,0.032,0.0722,0.001812,0.586,1,4,46.83,0.323,1,2455,3.0,1.886,0,30,6649,249728.3,56.4,13,7.75
1786433473629,1435,v1,0.0774,0.7949,0.302,2.4668,0.2969,0.032,0.2366,0.001402,0.623,0,12,35.87,0.43,1,2301,11.0,8.189,0,30,7499,268360.5,65.65,15,5.75
1786433475531,1436,v1,0.0425,0.8195,0.1706,1.3553,0.5525,0.032,0.1096,0.001575,0.66,1,14,58.26,0.453,1,3242,13.0,6.497,0,30,6607,270638.9,45.31,15,5.87
1786433477588,1437,v1,0.0222,0.553,0.21,1.6214,0.2128,0.032,0.1765,0.001209,0.701,0,34,98.86,0.721,1,0,15.837,15.837,0,30,5663,234803.9,65.84,17,4.56
1786433480198,1438,v1,0.0344,0.9716,0.3538,2.2984,0.9495,0.032,0.1577,0.002468,0.649,1,12,27.08,0.809,1,5994,11.0,0.237,0,30,6291,372036.9,2.02,-1,9.55
1786433482064,1439,v1,0.0449,0.4789,0.2576,1.6989,0.7891,0.032,0.2002,0.001464,0.716,0,27,69.95,0.953,1,0,18.633,18.633,0,30,6459,200580.7,88.71,17,6.04
1786433483699,1440,v1,0.0351,0.5771,0.4747,1.2757,0.7333,0.032,0.1203,0.003748,0.615,0,25,44.59,0.554,1,0,14.98,14.98,0,30,5786,134486.8,88.67,13,13.48
1786433485437,1441,v1,0.0391,0.7224,0.4626,2.2084,0.4354,0.032,0.1972,0.003239,0.636,1,27,70.46,0.413,1,404,16.597,15.38,0,30,6006,175155.6,84.07,14,12.64
1786433473974,1442,v1,0.0248,0.8001,0.2646,0.9036,0.7667,0.032,0.0853,0.002495,0.707,1,25,44.9,0.631,1,907,18.631,15.928,0,30,6623,237483.8,91.52,17,10.09
1786433475136,1443,v1,0.0774,0.9945,0.1727,1.4911,0.3997,0.032,0.105,0.002174,0.602,1,19,54.26,0.591,1,0,14.445,14.445,0,30,6089,162145.2,98.17,14,8.23
1786433477921,1444,v1,0.032,0.2884,0.1073,1.3223,0.2806,0.032,0.227,0.002411,0.673,1,12,58.21,0.981,1,6092,11.0,0.0,0,30,6254,371988.6,0.0,-1,9.11
1786433479221,1445,v1,0.0526,0.9966,0.2352,0.9041,0.3794,0.032,0.1219,0.002944,0.687,0,32,46.64,0.377,1,0,18.38,18.38,0,30,5496,164539.8,92.23,16,10.86
1786433481477,1446,v1,0.0486,0.2171,0.495,1.0677,0.3041,0.032,0.205,0.003036,0.646,0,28,23.96,0.39,1,285,16.339,15.736,0,30,7236,202753.8,86.54,14,11.12
1786433483210,1447,v1,0.0533,0.2914,0.3456,1.3747,0.4723,0.032,0.1952,0.003502,0.7,1,31,31.01,0.624,1,666,18.117,15.883,0,30,5942,183029.1,85.38,15,13.09
1786433484831,1448,v1,0.0655,0.2162,0.4288,0.842,0.8596,0.032,0.0987,0.001685,0.596,0,20,87.45,0.726,1,0,11.343,11.343,0,30,6014,113920.1,85.93,8,7.22
1786433474022,1449,v1,0.0575,0.2656,0.4478,1.8669,0.3441,0.032,0.219,0.001435,0.648,0,26,81.98,0.632,1,0,16.372,16.372,0,30,6084,171411.4,93.84,14,5.83
1786433475360,1450,v1,0.0248,0.8163,0.2137,1.589,0.8215,0.032,0.2405,0.003194,0.619,1,28,26.72,0.336,1,502,16.842,15.454,0,30,6647,189660.0,87.82,14,12.76
1786433477211,1451,v1,0.0666,0.3289,0.1656,0.8127,0.7764,0.032,0.093,0.001899,0.706,1,29,72.87,0.378,1,464,17.711,16.24,0,30,5809,189443.1,96.04,16,6.77
1786433478845,1452,v1,0.0694,0.3089,0.2813,1.9008,0.744,0.032,0.2224,0.001962,0.673,1,35,64.86,0.31,1,0,18.557,18.557,0,30,6853,185852.8,93.25,15,7.62
1786433480832,1453,v1,0.0613,0.4783,0.3917,2.1886,0.2027,0.032,0.1781,0.001685,0.592,1,29,87.64,0.906,1,0,15.796,15.796,0,30,5806,145715.6,91.56,13,6.61
1786433482514,1454,v1,0.0501,0.3575,0.1399,2.3702,0.1914,0.032,0.1012,0.002595,0.677,1,18,63.59,0.445,1,235,16.674,15.998,0,30,5815,235923.3,93.46,16,9.84
1786433484588,1455,v1,0.0597,0.5063,0.196,1.2435,0.2961,0.032,0.1582,0.002817,0.638,0,32,60.64,0.723,1,0,17.209,17.209,0,30,6380,178821.4,92.06,14,10.91
1786433483244,1456,v1,0.0712,0.9242,0.1912,0.9759,0.1002,0.032,0.0928,0.001361,0.586,1,10,83.24,0.544,1,3969,9.0,3.447,0,30,6517,304226.6,33.38,12,5.23
1786433484885,1457,v1,0.0646,0.9018,0.4516,1.1991,0.7136,0.032,0.1484,0.002989,0.619,0,18,87.59,0.776,1,0,13.801,13.801,0,30,5520,126405.8,90.66,13,11.25
1786433486508,1458,v1,0.0622,0.8501,0.4055,1.7524,0.5499,0.032,0.0604,0.001889,0.61,1,30,44.01,0.708,1,983,16.451,13.854,0,30,6560,194560.5,87.43,14,7.79
1786433488562,1459,v1,0.0647,0.5338,0.2997,1.9657,0.9322,0.032,0.0961,0.002543,0.717,1,36,58.23,0.951,1,0,19.35,19.35,0,30,6679,195782.0,86.9,16,9.49
1786433490236,1460,v1,0.0403,0.6251,0.4657,0.9251,0.4102,0.032,0.0532,0.002909,0.709,0,22,23.92,0.938,1,616,17.121,15.344,0,30,5531,186325.3,86.75,16,11.17
1786433492259,1461,v1,0.0698,0.6647,0.4826,1.656,0.9667,0.032,0.1153,0.001963,0.675,0,8,99.14,0.8,1,0,7.0,7.0,0,30,6209,171683.8,84.12,15,7.97
1786433493795,1462,v1,0.0652,0.8991,0.4628,1.5712,0.9334,0.032,0.136,0.002491,0.606,1,29,77.95,0.833,1,0,15.37,15.37,0,30,6644,165757.2,92.77,12,9.26
1786433483549,1463,v1,0.0411,0.7882,0.205,1.539,0.2148,0.032,0.1319,0.003647,0.609,0,5,71.85,0.842,1,0,4.0,4.0,0,30,5965,155635.0,88.88,14,13.9
1786433485585,1464,v1,0.0335,0.6841,0.4311,1.7708,0.1403,0.032,0.2108,0.002445,0.653,1,23,31.03,0.83,1,999,16.699,14.07,0,30,6664,235093.5,94.11,15,9.33
1786433487861,1465,v1,0.0292,0.7281,0.1524,1.7399,0.1568,0.032,0.0553,0.003652,0.694,0,14,38.6,0.46,1,1911,13.0,9.49,0,30,6276,280872.3,58.73,18,13.05
1786433489770,1466,v1,0.0674,0.7603,0.3275,1.0604,0.4175,0.032,0.1982,0.00284,0.696,1,5,95.44,0.639,1,5433,4.0,0.317,0,30,5956,339212.8,7.25,-1,10.14
1786433492152,1467,v1,0.0346,0.4471,0.2787,1.9708,0.9844,0.032,0.1585,0.002195,0.632,0,4,79.03,0.72,1,0,3.0,3.0,0,30,6888,186015.4,86.09,15,9.04
1786433494212,1468,v1,0.0604,0.7839,0.2423,1.6906,0.963,0.032,0.2392,0.001544,0.585,1,8,21.34,0.327,1,2689,7.0,3.837,0,30,6016,245976.2,51.6,14,5.6
1786433495885,1469,v1,0.0639,0.4465,0.3167,1.2589,0.2796,0.032,0.1586,0.001936,0.635,1,32,79.99,0.569,1,0,16.913,16.913,0,30,5993,158900.3,86.08,14,6.76
1786433484754,1470,v1,0.0252,0.7104,0.2204,2.2363,0.2295,0.032,0.2308,0.00234,0.667,0,33,97.17,0.367,1,0,20.383,20.383,0,30,5810,188367.1,84.29,17,8.64
1786433486713,1471,v1,0.0781,0.2631,0.4334,0.9391,0.7972,0.032,0.0517,0.002038,0.65,1,24,74.64,0.913,1,1038,15.57,12.958,0,30,6426,205256.2,85.12,14,7.86
1786433489062,1472,v1,0.0528,0.4713,0.4619,1.19,0.3588,0.032,0.1652,0.00123,0.681,0,12,42.03,0.753,1,3481,11.0,5.991,0,30,6323,289815.2,37.89,15,4.51
1786433491020,1473,v1,0.0216,0.9874,0.292,1.4034,0.6498,0.032,0.1009,0.003646,0.662,0,11,89.25,0.507,1,0,10.0,10.0,0,30,5446,168140.1,90.72,16,13.18
1786433492388,1474,v1,0.0136,0.4132,0.3755,1.0535,0.6271,0.032,0.12,0.002968,0.58,0,7,88.98,0.913,1,0,6.0,6.0,0,30,6070,114932.8,84.69,10,10.89
1786433494263,1475,v1,0.0303,0.3314,0.1219,1.9405,0.476,0.032,0.0844,0.003352,0.583,1,5,89.13,0.314,1,2090,4.0,2.55,0,30,5842,221482.5,54.12,14,13.59
1786433496083,1476,v1,0.0763,0.3765,0.3068,1.5917,0.7319,0.032,0.1582,0.003169,0.714,1,24,66.56,0.846,1,0,16.906,16.906,0,30,6422,194017.9,97.14,16,11.79
1786433485864,1477,v1,0.0394,0.409,0.2557,1.8935,0.6184,0.032,0.1439,0.003636,0.601,0,29,73.38,0.703,1,0,16.545,16.545,0,30,6024,168032.7,88.45,14,14.24
1786433487821,1478,v1,0.0751,0.2189,0.1402,1.7316,0.2239,0.032,0.0616,0.00372,0.644,1,33,32.93,0.966,1,972,17.674,14.543,0,30,6103,192729.5,100.0,15,13.63
1786433489616,1479,v1,0.0199,0.926,0.3416,1.1823,0.142,0.032,0.1231,0.002955,0.657,0,4,33.36,0.785,1,3271,3.0,2.473,0,30,6280,281044.6,40.87,16,11.18
1786433492660,1480,v1,0.0284,0.8372,0.121,0.9535,0.1555,0.032,0.2308,0.003475,0.592,1,6,86.57,0.683,1,5229,5.0,0.639,0,30,6121,338206.3,10.89,-1,13.4
1786433494282,1481,v1,0.0346,0.8734,0.2313,1.9806,0.2363,0.032,0.0838,0.003157,0.583,1,21,91.72,0.374,1,0,14.714,14.714,0,30,5976,149459.9,95.61,14,11.8
1786433495928,1482,v1,0.0346,0.5573,0.3635,1.0481,0.1301,0.032,0.1947,0.002122,0.625,1,24,80.84,0.323,1,0,15.487,15.487,0,30,6039,160142.5,84.89,14,8.3
1786433497944,1483,v1,0.0526,0.4303,0.1958,2.3217,0.9752,0.032,0.2139,0.001664,0.617,0,13,34.1,0.362,1,1199,12.0,9.899,0,30,5837,203126.7,74.65,14,6.37
1786433486809,1484,v1,0.0658,0.6784,0.2983,0.9116,0.2984,0.032,0.229,0.002694,0.649,0,13,77.73,0.466,1,0,12.0,12.0,0,30,7513,202229.9,90.87,14,10.09
1786433488521,1485,v1,0.0274,0.4693,0.3659,0.9057,0.3692,0.032,0.2073,0.0019,0.593,1,14,76.86,0.58,1,0,11.037,11.037,0,30,7010,129498.1,90.37,9,7.15
1786433490176,1486,v1,0.0449,0.6963,0.1809,1.6551,0.299,0.032,0.0928,0.003229,0.698,0,9,20.14,0.307,1,913,8.0,7.052,0,30,5939,226514.3,70.88,16,12.27
1786433492494,1487,v1,0.0574,0.6289,0.3594,1.5175,0.8759,0.032,0.1663,0.003001,0.652,0,34,74.75,0.826,1,0,17.866,17.866,0,30,6517,189518.0,99.9,15,11.22
1786433493911,1488,v1,0.0289,0.5155,0.3455,2.0489,0.4782,0.032,0.1354,0.001672,0.632,0,31,77.13,0.468,1,0,17.59,17.59,0,30,6093,172461.0,84.43,15,6.79
1786433495656,1489,v1,0.0576,0.6423,0.4598,1.1639,0.9399,0.032,0.223,0.003158,0.62,0,20,73.05,0.776,1,0,13.549,13.549,0,30,6171,138440.6,92.22,11,11.26
1786433497137,1490,v1,0.0328,0.4319,0.423,2.0093,0.8095,0.032,0.2212,0.001204,0.596,0,17,21.27,0.388,1,237,13.375,12.94,0,30,6216,163055.5,90.45,12,4.83
1786433486886,1491,v1,0.0195,0.251,0.2595,1.3798,0.9325,0.032,0.0902,0.002676,0.597,0,32,69.45,0.97,1,0,16.225,16.225,0,30,5810,150755.0,84.89,13,10.09
1786433489028,1492,v1,0.0219,0.4428,0.1147,1.7108,0.6766,0.032,0.0656,0.002618,0.707,1,5,41.37,0.501,1,3461,4.0,1.613,0,30,5860,321347.5,22.27,19,10.07
1786433490878,1493,v1,0.0458,0.8422,0.4677,2.2335,0.9716,0.032,0.2154,0.002418,0.688,1,32,82.46,0.738,1,0,18.297,18.297,0,30,5838,171947.7,88.08,16,9.56
1786433492732,1494,v1,0.0712,0.8493,0.2874,2.1558,0.9686,0.032,0.2474,0.003026,0.68,1,26,64.89,0.828,1,985,16.94,14.256,0,30,6685,219084.0,90.01,15,12.07
1786433496222,1495,v1,0.0182,0.7597,0.1907,1.9327,0.2221,0.032,0.1753,0.003677,0.632,1,7,63.69,0.784,1,7420,6.0,0.0,0,30,7573,421528.6,0.0,-1,13.42
1786433498489,1496,v1,0.0346,0.4328,0.3245,2.424,0.5635,0.032,0.084,0.0013,0.651,0,5,91.41,0.546,1,0,4.0,4.0,0,30,6792,199189.7,91.32,16,5.18
1786433500498,1497,v1,0.0693,0.9649,0.1311,2.0529,0.7649,0.032,0.0677,0.001688,0.707,1,28,69.63,0.414,1,0,18.076,18.076,0,30,6305,195194.6,89.17,16,6.53
1786433487985,1498,v1,0.0456,0.5457,0.3932,1.4713,0.6953,0.032,0.0995,0.001993,0.686,1,31,22.22,0.651,1,771,18.009,15.822,0,30,6685,215972.7,89.13,15,7.79
1786433489850,1499,v1,0.0795,0.9038,0.4729,1.7876,0.8928,0.032,0.1186,0.003106,0.637,1,4,86.01,0.514,1,4009,3.0,1.015,0,30,6098,301308.2,29.09,14,10.58
1786433492021,1500,v1,0.0472,0.9866,0.2706,0.8436,0.7697,0.032,0.2151,0.002246,0.595,1,29,37.08,0.904,1,1045,14.042,11.697,0,30,6604,162854.2,88.02,11,8.07
1786433495237,1501,v1,0.0717,0.9398,0.4896,1.537,0.448,0.032,0.0948,0.002565,0.66,1,11,70.91,0.857,1,6422,10.0,0.455,0,30,6923,401687.2,4.41,-1,10.17
1786433496805,1502,v1,0.0415,0.4539,0.4331,1.9237,0.2457,0.032,0.2006,0.002753,0.597,0,18,69.69,0.829,1,0,13.233,13.233,0,30,6250,144282.4,89.32,11,10.61
1786433500026,1503,v1,0.0685,0.7531,0.1179,1.7226,0.6335,0.032,0.1768,0.002834,0.624,1,11,84.69,0.737,1,5300,10.0,1.041,0,30,6089,333466.6,10.17,-1,10.79
1786433501715,1504,v1,0.0645,0.2283,0.4855,1.4926,0.8405,0.032,0.1999,0.002183,0.686,1,35,61.85,0.813,1,0,18.282,18.282,0,30,6026,168200.5,86.79,15,8.78
1786433488389,1505,v1,0.0651,0.8591,0.2188,0.8775,0.8599,0.032,0.1321,0.002181,0.704,1,31,62.58,0.894,1,0,17.924,17.924,0,30,6526,194230.2,93.83,15,8.67
1786433489831,1506,v1,0.0277,0.5012,0.2668,1.6656,0.1735,0.032,0.1867,0.001905,0.682,1,26,54.36,0.54,1,936,18.575,15.4,0,30,5742,225901.5,87.12,17,7.73
1786433492670,1507,v1,0.0783,0.3429,0.3142,2.2351,0.3778,0.032,0.2256,0.003638,0.707,1,11,43.3,0.97,1,5734,10.0,0.0,0,30,5964,342542.8,0.0,-1,13.62
1786433494968,1508,v1,0.0267,0.4527,0.1971,1.6768,0.9471,0.032,0.1545,0.003006,0.646,0,16,42.6,0.398,1,1062,15.0,12.542,0,30,5855,208758.4,69.28,15,10.98
1786433496780,1509,v1,0.0183,0.7966,0.1423,2.2423,0.6244,0.032,0.0907,0.002298,0.666,0,28,53.78,0.909,1,0,13.199,13.199,0,30,5761,251024.5,62.46,19,8.92
1786433499033,1510,v1,0.0287,0.9824,0.2268,1.2827,0.1816,0.032,0.1302,0.003007,0.627,1,17,88.04,0.884,1,0,14.906,14.906,0,30,5895,163480.1,97.95,15,12.08
1786433500848,1511,v1,0.0432,0.665,0.2277,2.0473,0.5674,0.032,0.2201,0.00235,0.716,0,16,48.23,0.418,1,1571,15.0,11.26,0,30,5664,244544.6,63.18,17,9.46
1786433496438,1512,v1,0.0447,0.4298,0.4464,2.2179,0.7182,0.032,0.1855,0.001428,0.686,0,26,61.13,0.389,1,0,17.695,17.695,0,30,6349,194908.7,88.76,16,5.09
1786433498719,1513,v1,0.0674,0.6418,0.4361,2.1426,0.6414,0.032,0.1285,0.001705,0.716,1,28,64.59,0.675,1,748,18.05,15.836,0,30,6323,210491.1,88.82,16,6.36
1786433500746,1514,v1,0.0208,0.2021,0.4163,1.8441,0.4214,0.032,0.2283,0.002733,0.634,0,8,37.68,0.6,1,1982,7.0,5.296,0,30,5928,228904.1,55.46,15,10.44
1786433504096,1515,v1,0.0308,0.8813,0.1004,1.017,0.84,0.032,0.2287,0.001797,0.683,0,11,37.19,0.915,1,4957,10.0,4.426,0,30,7224,362575.1,26.71,17,6.44
1786433506522,1516,v1,0.0599,0.7772,0.2131,2.1208,0.1481,0.032,0.0858,0.002646,0.699,1,5,78.42,0.464,1,3931,4.0,1.323,0,30,5937,307927.1,28.23,16,9.72
1786433508438,1517,v1,0.0474,0.691,0.2833,2.3671,0.7854,0.032,0.0774,0.003105,0.699,0,15,35.44,0.61,1,2559,14.0,8.732,0,30,6078,268565.4,48.16,17,11.94
1786433510228,1518,v1,0.038,0.3285,0.1149,1.8341,0.8945,0.032,0.1942,0.001649,0.623,1,18,29.28,0.332,1,368,15.349,14.434,0,30,6324,199365.0,83.88,15,6.34
1786433499159,1519,v1,0.051,0.2733,0.2423,2.0806,0.8663,0.032,0.1765,0.00161,0.59,1,16,61.88,0.797,1,1175,14.0,11.209,0,30,6031,193962.4,100.0,14,5.87
1786433500993,1520,v1,0.041,0.9049,0.1716,1.2329,0.6384,0.032,0.1933,0.001258,0.597,1,7,98.97,0.366,1,2990,6.0,2.746,0,30,5557,250494.7,43.02,14,4.91
1786433502712,1521,v1,0.0173,0.7116,0.1748,1.2255,0.1899,0.032,0.1892,0.002688,0.597,0,19,58.69,0.892,1,0,14.03,14.03,0,30,5677,144933.9,84.31,13,9.51
1786433504239,1522,v1,0.0655,0.3386,0.4242,0.8584,0.2782,0.032,0.2122,0.002573,0.683,0,29,56.34,0.63,1,0,17.059,17.059,0,30,6225,173545.7,97.3,15,9.57
1786433506488,1523,v1,0.0784,0.8851,0.3986,2.0679,0.1409,0.032,0.0897,0.001715,0.641,0,10,58.48,0.585,1,2424,9.0,6.436,0,30,6729,270373.4,59.91,15,6.75
1786433508313,1524,v1,0.0281,0.3663,0.2226,2.1915,0.6231,0.032,0.1296,0.001222,0.644,0,17,24.82,0.612,1,1491,15.983,12.6,0,30,6294,235476.1,67.1,16,5.13
1786433510132,1525,v1,0.0572,0.5498,0.4433,2.4763,0.1931,0.032,0.0592,0.003115,0.641,0,15,67.14,0.657,1,2239,14.0,9.313,0,30,5988,238375.3,51.91,15,11.89
1786433500612,1526,v1,0.057,0.893,0.2647,2.2786,0.4489,0.032,0.1371,0.003766,0.66,1,12,98.0,0.576,1,5835,11.0,2.024,0,30,7459,386749.9,17.61,-1,13.71
1786433502640,1527,v1,0.0126,0.3086,0.3066,1.693,0.7697,0.032,0.2261,0.001368,0.611,1,22,62.78,0.571,1,0,15.63,15.63,0,30,6189,175850.9,85.33,14,5.01
1786433504453,1528,v1,0.0291,0.841,0.2319,2.4828,0.6098,0.032,0.1984,0.001436,0.703,0,30,72.71,0.458,1,0,18.929,18.929,0,30,6658,227176.1,84.35,17,5.41
1786433506491,1529,v1,0.0171,0.5852,0.3637,0.9534,0.3685,0.032,0.0862,0.003377,0.626,1,15,29.85,0.892,1,2973,13.527,6.198,0,30,5849,239362.9,47.01,13,11.75
1786433508527,1530,v1,0.0245,0.6026,0.3318,1.7602,0.9184,0.032,0.1433,0.002774,0.676,0,13,78.22,0.595,1,2509,12.0,8.137,0,30,6699,287382.4,53.07,17,10.18
1786433510514,1531,v1,0.0347,0.8741,0.2096,2.4218,0.5775,0.032,0.2026,0.002577,0.636,0,30,99.35,0.319,1,0,18.062,18.062,0,30,6729,200536.6,94.42,16,9.73
1786433512185,1532,v1,0.0382,0.527,0.196,0.9363,0.1385,0.032,0.08,0.002323,0.656,0,11,86.93,0.998,1,0,10.0,10.0,0,30,6277,186834.5,89.0,15,8.59
1786433500542,1533,v1,0.0225,0.7188,0.1826,0.9792,0.8879,0.032,0.0928,0.00319,0.631,1,16,37.7,0.48,1,1515,15.0,11.421,0,30,6677,224291.5,64.33,15,12.27
1786433503068,1534,v1,0.018,0.2312,0.262,1.1213,0.3949,0.032,0.2176,0.001959,0.692,1,31,64.0,0.73,1,1062,20.324,17.045,0,30,6927,249534.7,90.46,18,7.29
1786433504524,1535,v1,0.0214,0.7229,0.4629,1.0957,0.3383,0.032,0.1746,0.002372,0.639,0,30,65.07,0.793,1,0,17.148,17.148,0,30,6212,169235.9,97.13,15,9.11
1786433506688,1536,v1,0.0684,0.7398,0.2545,2.0034,0.3244,0.032,0.19,0.003723,0.66,1,26,23.14,0.537,1,768,16.7,14.768,0,30,7172,209830.9,84.03,15,12.81
1786433508267,1537,v1,0.0272,0.2234,0.4801,1.007,0.1249,0.032,0.131,0.002038,0.638,1,29,83.86,0.384,1,0,16.654,16.654,0,30,6152,174105.5,92.17,14,7.62
1786433509711,1538,v1,0.0412,0.3272,0.4381,1.8234,0.5351,0.032,0.0949,0.003726,0.69,0,20,97.74,0.894,1,0,16.8,16.8,0,30,6375,190621.6,87.69,16,14.15
1786433512227,1539,v1,0.054,0.9201,0.1341,1.5079,0.4565,0.032,0.2362,0.003388,0.588,0,6,53.5,0.986,1,4736,5.0,2.99,0,30,7188,339575.2,32.83,14,12.09
1786433500917,1540,v1,0.054,0.3577,0.1968,1.7373,0.4562,0.032,0.2462,0.002033,0.707,0,19,42.04,0.572,1,0,16.558,16.558,0,30,6527,205204.8,83.98,16,8.01
1786433503181,1541,v1,0.0682,0.3961,0.477,2.167,0.7959,0.032,0.1882,0.002727,0.629,0,23,73.97,0.613,1,0,15.369,15.369,0,30,6402,172421.6,86.2,14,9.87
1786433504669,1542,v1,0.0162,0.7985,0.318,1.5033,0.917,0.032,0.0616,0.002547,0.608,0,10,81.58,0.943,1,0,9.0,9.0,0,30,6594,177698.2,89.21,14,10.28
1786433506152,1543,v1,0.0424,0.5182,0.1612,1.0827,0.2248,0.032,0.1014,0.003562,0.585,1,21,73.6,0.874,1,0,12.906,12.906,0,30,5779,125039.0,86.3,11,12.96
1786433508666,1544,v1,0.0496,0.9309,0.1056,0.9478,0.6302,0.032,0.123,0.003101,0.65,1,14,77.04,0.775,1,6042,13.0,0.869,0,30,6754,384206.3,5.87,-1,11.52
1786433510729,1545,v1,0.0577,0.3106,0.1987,2.3941,0.1454,0.032,0.1057,0.001612,0.584,0,8,43.81,0.385,1,1609,7.0,5.638,0,30,5957,212263.9,68.59,14,6.6
1786433513105,1546,v1,0.0186,0.3943,0.489,2.3528,0.7147,0.032,0.1594,0.003063,0.641,1,16,78.82,0.843,1,4716,15.0,2.742,0,30,6045,342458.4,18.28,-1,11.93
1786433503318,1547,v1,0.0549,0.3256,0.2623,0.9443,0.5891,0.032,0.0878,0.001614,0.622,0,17,40.58,0.534,1,0,14.491,14.491,0,30,5901,163027.2,87.21,14,5.68
1786433505191,1548,v1,0.0398,0.4789,0.2741,1.683,0.2227,0.032,0.0644,0.00207,0.615,1,4,23.36,0.424,1,3245,3.0,1.405,0,30,6148,271883.3,41.93,14,8.26
1786433507017,1549,v1,0.0525,0.2532,0.2337,1.407,0.2465,0.032,0.1592,0.003557,0.646,0,26,89.09,0.854,1,0,16.663,16.663,0,30,6074,172223.0,85.87,15,12.84
1786433508383,1550,v1,0.0241,0.7136,0.125,1.5953,0.1826,0.032,0.0706,0.002327,0.609,1,19,55.76,0.705,1,731,15.348,13.166,0,30,5294,174665.4,87.68,15,8.97
1786433510555,1551,v1,0.0334,0.8408,0.1598,1.565,0.4384,0.032,0.169,0.001971,0.666,0,8,45.56,0.375,1,1615,7.0,5.698,0,30,6275,251368.2,62.26,16,7.28
1786433513378,1552,v1,0.0139,0.2909,0.3775,1.8323,0.4448,0.032,0.1517,0.0016,0.713,0,4,33.05,0.83,1,3406,3.0,2.468,0,30,6436,369123.7,10.63,-1,6.32
1786433515774,1553,v1,0.0585,0.2108,0.1879,2.1052,0.1472,0.032,0.0748,0.001804,0.664,1,9,62.89,0.36,1,2943,8.0,4.491,0,30,6805,300547.5,48.98,16,7.24
1786433504256,1554,v1,0.0466,0.4159,0.3041,1.121,0.52,0.032,0.1624,0.001451,0.617,1,36,80.19,0.734,1,0,17.356,17.356,0,30,7230,184551.6,97.21,14,5.84
1786433506086,1555,v1,0.0456,0.3622,0.3106,2.4091,0.7146,0.032,0.1962,0.002124,0.672,0,26,43.97,0.828,1,0,17.488,17.488,0,30,6698,201458.3,84.36,16,8.02
1786433507602,1556,v1,0.0764,0.6174,0.2727,2.3733,0.5364,0.032,0.1323,0.002143,0.71,0,31,96.57,0.435,1,0,18.242,18.242,0,30,5300,163401.9,95.09,16,8.09
1786433508894,1557,v1,0.0292,0.2759,0.3308,1.7628,0.5919,0.032,0.208,0.002289,0.704,0,35,69.78,0.925,1,0,20.108,20.108,0,30,5719,181505.7,84.46,17,9.13
1786433511227,1558,v1,0.0662,0.2721,0.3372,2.3342,0.9798,0.032,0.0605,0.003025,0.7,0,31,87.57,0.557,1,0,18.318,18.318,0,30,7263,210732.9,84.18,16,12.12
1786433512869,1559,v1,0.0611,0.6771,0.3631,1.1131,0.7689,0.032,0.1064,0.001911,0.681,0,17,46.95,0.999,1,0,15.467,15.467,0,30,6481,183164.6,89.52,15,7.19
1786433515668,1560,v1,0.0679,0.8287,0.3798,1.7132,0.2703,0.032,0.1465,0.002316,0.659,1,11,69.23,0.636,1,5307,10.0,1.864,0,30,6662,367960.3,16.08,-1,8.51
1786433505048,1561,v1,0.0243,0.3188,0.2235,1.6098,0.5009,0.032,0.2443,0.001484,0.678,1,15,67.18,0.643,1,5389,14.0,2.452,0,30,6660,390511.2,14.71,-1,5.33
1786433508064,1562,v1,0.0387,0.6165,0.4247,1.452,0.4237,0.032,0.1581,0.003033,0.708,1,15,68.85,0.926,1,6461,14.0,0.0,0,30,6739,390697.3,0.0,-1,11.71
1786433509653,1563,v1,0.0389,0.5641,0.3492,1.3894,0.4856,0.032,0.1053,0.003586,0.65,1,20,46.6,0.421,1,515,15.715,14.397,0,30,6516,191123.9,86.2,15,13.32
1786433512139,1564,v1,0.0776,0.5308,0.3223,1.1469,0.5246,0.032,0.1653,0.002383,0.687,0,14,52.96,0.537,1,2701,13.0,8.446,0,30,6741,277571.8,52.64,15,8.86
1786433514867,1565,v1,0.05,0.7428,0.2395,2.3834,0.2334,0.032,0.247,0.003476,0.68,1,7,57.21,0.892,1,6297,6.0,0.0,0,30,6419,378734.6,0.0,-1,12.84
1786433516592,1566,v1,0.0264,0.83,0.2964,1.1625,0.8177,0.032,0.2187,0.003331,0.633,0,8,60.83,0.695,1,2423,7.0,4.951,0,30,6060,245447.4,49.83,15,12.74
1786433518269,1567,v1,0.0344,0.3156,0.2352,2.4441,0.7212,0.032,0.0895,0.003523,0.681,0,28,80.71,0.672,1,0,19.035,19.035,0,30,6389,205763.0,84.42,17,13.07
1786433512817,1568,v1,0.046,0.3062,0.2068,2.2264,0.5824,0.032,0.1933,0.002639,0.633,0,23,52.19,0.968,1,0,16.248,16.248,0,30,7418,202585.4,84.74,15,10.2
1786433514737,1569,v1,0.067,0.9681,0.1698,1.2731,0.313,0.032,0.2374,0.002207,0.695,0,8,78.08,0.547,1,0,7.0,7.0,0,30,6027,200429.1,84.47,15,8.81
1786433516454,1570,v1,0.0203,0.2315,0.4091,1.2039,0.4304,0.032,0.1443,0.002185,0.617,0,11,61.78,0.759,1,2587,10.0,6.882,0,30,6792,265972.8,53.18,13,8.57
1786433518146,1571,v1,0.0476,0.566,0.4183,1.756,0.7509,0.032,0.0959,0.002975,0.702,0,16,82.53,0.747,1,0,15.0,15.0,0,30,6541,192725.7,94.92,16,11.08
1786433519288,1572,v1,0.0183,0.4825,0.2946,1.4985,0.2256,0.032,0.1098,0.001329,0.619,1,29,46.26,0.641,1,846,16.971,14.396,0,30,5732,183960.4,94.07,15,5.15
1786433521443,1573,v1,0.0656,0.9872,0.1908,1.1747,0.8998,0.032,0.0645,0.001787,0.634,1,12,24.88,0.796,1,6545,10.999,0.041,0,30,6710,398828.4,0.54,-1,7.21
1786433523335,1574,v1,0.0265,0.6904,0.3126,2.46,0.245,0.032,0.1093,0.001905,0.648,1,22,37.03,0.729,1,836,17.036,14.396,0,30,5574,197417.9,88.46,16,7.25
1786433513627,1575,v1,0.0117,0.3049,0.3014,2.0456,0.1971,0.032,0.0602,0.003473,0.666,0,18,47.42,0.345,1,1190,17.0,13.95,0,30,6218,270240.5,50.68,18,12.96
1786433515422,1576,v1,0.0793,0.6649,0.2357,2.1963,0.651,0.032,0.1542,0.003298,0.663,0,21,36.56,0.912,1,0,15.872,15.872,0,30,6659,183332.2,84.69,15,12.31
1786433516798,1577,v1,0.034,0.7828,0.4308,1.2474,0.5456,0.032,0.0933,0.003322,0.701,0,22,57.93,0.656,1,0,17.272,17.272,0,30,6045,180932.9,93.5,16,12.99
1786433518484,1578,v1,0.0165,0.9873,0.1542,1.0448,0.899,0.032,0.0613,0.001621,0.636,0,5,25.57,0.309,1,1242,4.0,3.585,0,30,6027,221936.5,67.25,16,6.26
1786433519653,1579,v1,0.0102,0.4898,0.2765,1.938,0.3699,0.032,0.1671,0.003381,0.645,1,23,99.82,0.361,1,0,18.044,18.044,0,30,6432,213188.6,85.93,17,12.76
1786433521482,1580,v1,0.077,0.8059,0.3526,1.1273,0.7059,0.032,0.1783,0.002932,0.626,1,12,97.93,0.577,1,3608,11.0,3.913,0,30,5782,284959.7,34.37,14,10.57
1786433524404,1581,v1,0.0702,0.3007,0.3497,1.8512,0.7174,0.032,0.0981,0.00331,0.667,1,6,26.67,0.69,1,6134,5.0,0.423,0,30,6804,385044.3,7.99,-1,12.35
1786433514626,1582,v1,0.0719,0.3597,0.3932,1.9353,0.7234,0.032,0.2227,0.001212,0.609,0,15,39.89,0.639,1,0,14.0,14.0,0,30,6196,163947.7,100.0,14,4.91
1786433515816,1583,v1,0.0482,0.2614,0.3727,1.5727,0.9736,0.032,0.1898,0.00131,0.583,1,29,74.03,0.71,1,0,13.793,13.793,0,30,5763,125141.2,87.56,10,5.21
1786433517174,1584,v1,0.0322,0.4456,0.4518,1.0674,0.228,0.032,0.2306,0.001537,0.583,0,11,67.95,0.317,1,0,9.419,9.419,0,30,6417,115625.5,88.65,9,5.61
1786433519418,1585,v1,0.0562,0.8799,0.3942,1.0988,0.7456,0.032,0.0947,0.002581,0.694,1,14,73.63,0.857,1,6928,13.0,0.0,0,30,7181,401054.3,0.23,-1,9.79
1786433521087,1586,v1,0.0377,0.6656,0.1382,1.8631,0.2796,0.032,0.2051,0.002695,0.703,1,28,57.74,0.406,1,1075,19.472,15.961,0,30,6436,274247.6,87.56,17,9.77
1786433522700,1587,v1,0.0657,0.8574,0.2031,2.2144,0.8422,0.032,0.1912,0.001465,0.651,0,21,20.22,0.802,1,630,15.869,14.527,0,30,6634,199607.4,84.01,15,5.76
1786433525216,1588,v1,0.0226,0.4244,0.3789,1.5215,0.9679,0.032,0.0786,0.003509,0.606,1,14,81.37,0.637,1,5157,13.0,3.197,0,30,7164,350323.6,21.07,15,13.55
1786433515820,1589,v1,0.0116,0.3465,0.3345,1.7061,0.8992,0.032,0.218,0.002198,0.695,0,11,41.04,0.836,1,2916,10.0,5.97,0,30,5900,309296.9,23.24,19,8.95
1786433517388,1590,v1,0.064,0.5208,0.3381,1.2787,0.8789,0.032,0.1154,0.003068,0.658,0,21,45.81,0.389,1,0,15.563,15.563,0,30,6587,177732.0,97.11,15,11.45
1786433518670,1591,v1,0.0768,0.3142,0.4911,2.259,0.7723,0.032,0.059,0.003269,0.596,0,15,50.64,0.878,1,0,13.834,13.834,0,30,6079,156538.3,96.61,14,12.4
1786433519671,1592,v1,0.0329,0.9044,0.4814,1.0216,0.7384,0.032,0.2359,0.001664,0.591,1,31,57.83,0.809,1,0,13.17,13.17,0,30,6807,127762.5,86.35,9,6.27
1786433521314,1593,v1,0.0313,0.4111,0.3102,1.9848,0.547,0.032,0.1502,0.001296,0.609,0,28,47.48,0.572,1,0,16.328,16.328,0,30,6835,177639.5,87.98,14,4.86
1786433522771,1594,v1,0.059,0.8778,0.132,1.2313,0.6912,0.032,0.1741,0.00357,0.667,1,30,90.59,0.785,1,0,17.397,17.397,0,30,6291,183578.8,84.9,15,14.0
1786433524558,1595,v1,0.0358,0.8402,0.4589,2.4579,0.1178,0.032,0.1845,0.00136,0.582,0,29,27.48,0.879,1,540,15.501,14.276,0,30,6126,162886.0,91.19,12,4.9
1786433515915,1596,v1,0.0278,0.5861,0.1457,2.1004,0.6546,0.032,0.0877,0.003245,0.636,1,22,22.32,0.498,1,513,16.691,15.105,0,30,5728,176379.6,85.67,15,12.05
1786433517581,1597,v1,0.0263,0.7977,0.1584,1.9284,0.6672,0.032,0.0909,0.003608,0.659,0,12,77.99,0.686,1,0,11.0,11.0,0,30,6629,208838.3,90.05,16,13.88
1786433519033,1598,v1,0.0423,0.7182,0.4884,1.6627,0.272,0.032,0.0557,0.001728,0.689,0,36,33.86,0.556,1,0,19.259,19.259,0,30,6499,197174.8,84.96,16,6.57
1786433520242,1599,v1,0.0247,0.3816,0.3561,1.8368,0.3747,0.032,0.1133,0.002061,0.624,1,22,50.87,0.571,1,689,16.087,14.154,0,30,5947,182222.7,85.61,15,8.14
1786433532527,1600,v1,0.0476,0.3564,0.4866,1.3561,0.9532,0.032,0.061,0.002885,0.65,0,15,85.95,0.483,1,1715,14.0,10.752,0,30,6601,230138.0,67.33,14,11.29
1786433534635,1601,v1,0.0383,0.7103,0.3164,1.1282,0.9894,0.032,0.1177,0.003182,0.668,0,33,68.51,0.333,1,0,18.205,18.205,0,30,6950,198837.4,85.63,15,12.0
1786433538342,1602,v1,0.0766,0.7846,0.1302,1.9654,0.1723,0.032,0.1297,0.00367,0.711,0,34,39.19,0.634,1,0,20.86,20.86,0,30,6634,263018.1,85.9,16,13.61
1786433540139,1603,v1,0.071,0.6107,0.2141,0.9355,0.3144,0.032,0.202,0.00268,0.64,0,15,45.33,0.759,1,1404,14.0,10.936,0,30,5715,199133.7,65.19,14,9.89
1786433542558,1604,v1,0.0631,0.5927,0.2607,1.1309,0.4514,0.032,0.1284,0.001245,0.679,0,22,87.28,0.336,1,0,16.043,16.043,0,30,6398,181149.3,84.24,15,5.03
1786433544276,1605,v1,0.0555,0.8977,0.3716,1.3423,0.5336,0.032,0.2062,0.002381,0.698,0,24,49.47,0.419,1,0,16.933,16.933,0,30,6280,187033.8,88.69,16,8.95
1786433545607,1606,v1,0.0756,0.8985,0.33,1.4049,0.6723,0.032,0.1479,0.002029,0.608,1,32,29.54,0.339,1,362,16.682,15.508,0,30,5519,152537.7,99.93,14,8.62
1786433532634,1607,v1,0.075,0.4201,0.4758,1.5987,0.9981,0.032,0.2178,0.001672,0.636,0,27,67.14,0.413,1,0,16.076,16.076,0,30,5925,163429.4,85.22,14,6.31
1786433534581,1608,v1,0.0706,0.6881,0.4217,1.8789,0.3244,0.032,0.1153,0.003029,0.629,1,27,90.04,0.845,1,0,16.173,16.173,0,30,6166,154665.1,87.42,14,11.08
1786433537618,1609,v1,0.0692,0.7005,0.3896,2.2911,0.5352,0.032,0.0939,0.001317,0.586,1,17,69.68,0.456,1,0,14.037,14.037,0,30,5687,146720.0,96.15,14,4.73
1786433540301,1610,v1,0.0188,0.6892,0.4588,0.8078,0.4003,0.032,0.191,0.002944,0.607,1,5,30.95,0.786,1,5926,4.0,0.0,0,30,6002,343007.7,0.0,-1,11.48
1786433542577,1611,v1,0.0666,0.8955,0.2209,2.0625,0.8323,0.032,0.2485,0.003101,0.632,1,32,98.85,0.85,1,0,17.367,17.367,0,30,5987,165194.4,95.61,15,11.52
1786433544133,1612,v1,0.0576,0.6755,0.4685,2.0925,0.4167,0.032,0.1633,0.001524,0.61,0,28,54.18,0.316,1,0,16.093,16.093,0,30,5942,157833.8,93.07,14,5.84
1786433546345,1613,v1,0.041,0.8974,0.4138,1.1484,0.8826,0.032,0.0728,0.001934,0.705,1,33,83.94,0.641,1,0,18.859,18.859,0,30,6720,204841.6,90.09,16,7.89
1786433533340,1614,v1,0.0327,0.4959,0.4371,1.1707,0.3112,0.032,0.0535,0.003084,0.671,0,30,38.95,0.673,1,0,17.597,17.597,0,30,5857,173129.3,84.18,15,11.42
1786433536430,1615,v1,0.0486,0.5191,0.1847,1.8488,0.2909,0.032,0.1317,0.002657,0.661,1,36,45.03,0.677,1,851,19.022,16.179,0,30,6203,193471.3,99.71,16,10.19
1786433538639,1616,v1,0.0559,0.7948,0.2639,1.7341,0.2703,0.032,0.1015,0.00263,0.624,0,29,55.09,0.933,1,0,16.674,16.674,0,30,5750,156998.1,92.29,14,9.79
1786433540345,1617,v1,0.0596,0.2813,0.1803,1.0555,0.1728,0.032,0.0968,0.002053,0.644,0,21,65.95,0.905,1,0,15.524,15.524,0,30,6227,174131.4,96.36,15,8.01
1786433542704,1618,v1,0.0328,0.5585,0.2043,1.7343,0.2347,0.032,0.1642,0.00238,0.598,0,28,53.52,0.834,1,0,16.464,16.464,0,30,6488,177929.1,89.81,14,8.48
1786433544938,1619,v1,0.0136,0.6971,0.2403,1.42,0.2127,0.032,0.1454,0.003072,0.682,0,4,62.29,0.691,1,3248,3.0,2.494,0,30,6485,332294.8,28.13,19,11.5
1786433546988,1620,v1,0.0305,0.4994,0.4927,2.3237,0.6593,0.032,0.1982,0.002107,0.581,0,14,36.29,0.373,1,0,11.445,11.445,0,30,5848,119860.2,89.27,10,8.19
1786433535081,1621,v1,0.0331,0.8441,0.2652,2.294,0.2168,0.032,0.1119,0.002597,0.673,0,9,45.04,0.894,1,3280,8.0,4.419,0,30,5600,268970.4,33.48,17,10.05
1786433538694,1622,v1,0.034,0.5677,0.2922,1.7434,0.8045,0.032,0.1634,0.001583,0.596,0,10,26.77,0.735,1,2945,9.0,5.39,0,30,5792,261207.9,40.96,13,5.8
1786433540441,1623,v1,0.0662,0.9014,0.4027,1.1723,0.2954,0.032,0.1535,0.003041,0.594,1,25,34.38,0.462,1,552,13.575,12.379,0,30,6631,158610.7,93.09,11,11.02
1786433543376,1624,v1,0.0662,0.7736,0.451,1.3305,0.787,0.032,0.1693,0.00172,0.693,0,10,61.36,0.722,1,2461,9.0,6.456,0,30,6859,281655.0,54.8,15,6.31
1786433546748,1625,v1,0.0123,0.7402,0.3025,1.8291,0.7648,0.032,0.1243,0.001613,0.714,0,19,50.24,0.61,1,2963,18.0,10.63,0,30,6628,404637.7,0.0,-1,6.23
1786433548413,1626,v1,0.031,0.863,0.4824,0.9707,0.6502,0.032,0.1058,0.002014,0.625,0,21,94.94,0.777,1,0,14.42,14.42,0,30,6439,166249.8,89.93,13,7.5
1786433550557,1627,v1,0.0105,0.9701,0.4249,0.8836,0.8961,0.032,0.1193,0.001937,0.606,0,5,54.89,0.32,1,1365,4.0,3.526,0,30,5791,179465.9,69.99,11,7.46
1786433535256,1628,v1,0.0607,0.5003,0.4765,2.3189,0.4634,0.032,0.1832,0.002855,0.591,1,23,98.01,0.823,1,0,14.963,14.963,0,30,6468,167984.1,94.6,13,10.02
1786433538495,1629,v1,0.0197,0.754,0.2339,1.7926,0.1591,0.032,0.2066,0.00154,0.608,1,16,22.82,0.637,1,1169,14.519,11.62,0,30,6050,197650.9,72.26,14,6.28
1786433540156,1630,v1,0.0458,0.4095,0.2181,1.0722,0.9067,0.032,0.0571,0.003374,0.605,0,36,33.49,0.309,1,0,17.26,17.26,0,30,5863,157259.4,97.3,14,12.84
1786433542464,1631,v1,0.0381,0.898,0.3383,1.7438,0.8445,0.032,0.2015,0.001445,0.616,0,29,48.28,0.481,1,0,16.639,16.639,0,30,6097,164791.2,89.83,14,5.15
1786433544617,1632,v1,0.0762,0.6026,0.3071,2.0575,0.9811,0.032,0.1974,0.003504,0.67,1,7,44.88,0.922,1,5501,6.0,0.0,0,30,5635,322029.9,0.0,-1,13.61
1786433547195,1633,v1,0.0183,0.2856,0.4042,2.4268,0.8476,0.032,0.0722,0.002876,0.597,0,5,61.43,0.31,1,1389,4.0,3.56,0,30,6380,227651.6,69.66,14,10.97
1786433548764,1634,v1,0.0673,0.2638,0.3745,2.2424,0.5577,0.032,0.0559,0.002439,0.716,0,36,86.25,0.367,1,0,19.53,19.53,0,30,6195,185428.2,91.35,16,9.62
1786433536549,1635,v1,0.0457,0.8696,0.1583,2.4167,0.8576,0.032,0.0988,0.003452,0.653,0,29,95.04,0.559,1,0,17.929,17.929,0,30,5280,152498.6,85.85,16,12.73
1786433539218,1636,v1,0.069,0.418,0.1861,0.9284,0.636,0.032,0.2086,0.002438,0.627,0,14,40.21,0.425,1,1500,13.0,10.427,0,30,6636,217570.6,68.07,14,10.1
1786433541112,1637,v1,0.024,0.9225,0.4466,2.1495,0.774,0.032,0.2377,0.002201,0.592,1,29,77.71,0.59,1,0,16.028,16.028,0,30,6858,169632.9,95.78,13,8.18
1786433543477,1638,v1,0.0519,0.4111,0.1262,1.352,0.4713,0.032,0.0748,0.003228,0.688,0,12,80.09,0.428,1,2008,11.0,7.927,0,30,6108,243759.1,56.88,16,12.52
1786433544737,1639,v1,0.054,0.7408,0.2455,1.7473,0.956,0.032,0.159,0.0025,0.625,1,30,99.9,0.947,1,0,16.828,16.828,0,30,5507,150384.3,91.24,14,9.48
1786433546830,1640,v1,0.0313,0.5834,0.1513,1.379,0.8438,0.032,0.1986,0.001779,0.668,0,22,97.14,0.759,1,0,17.292,17.292,0,30,5484,167447.4,85.99,16,6.93
1786433548706,1641,v1,0.0269,0.2152,0.1049,1.3775,0.491,0.032,0.175,0.001602,0.719,1,33,49.83,0.346,1,367,17.384,16.093,0,30,6153,245348.2,74.09,18,6.44
1786433538420,1642,v1,0.0324,0.433,0.2043,0.9332,0.8255,0.032,0.2151,0.003208,0.611,1,14,23.13,0.823,1,2897,12.855,6.242,0,30,5909,243353.6,48.92,13,12.52
1786433541463,1643,v1,0.0119,0.4988,0.1416,1.4301,0.2265,0.032,0.1057,0.002,0.68,1,29,38.67,0.799,1,273,2.948,2.013,0,30,6452,362776.0,14.25,-1,8.26
1786433543694,1644,v1,0.0426,0.6833,0.1604,1.75,0.2254,0.032,0.0723,0.002141,0.702,0,20,32.87,0.754,1,0,17.551,17.551,0,30,6675,272895.0,89.29,17,8.22
1786433545052,1645,v1,0.03,0.9015,0.2718,0.934,0.641,0.032,0.1877,0.003273,0.623,1,33,49.05,0.63,1,656,17.096,15.106,0,30,6203,177433.9,85.03,14,12.46
1786433547518,1646,v1,0.0512,0.6682,0.297,2.0553,0.7777,0.032,0.0731,0.002996,0.627,0,29,80.01,0.634,1,0,16.904,16.904,0,30,7007,187387.9,88.73,14,11.29
1786433549227,1647,v1,0.0712,0.7436,0.2289,0.87,0.5214,0.032,0.2089,0.003398,0.674,1,21,24.56,0.371,1,461,15.794,14.583,0,30,6367,197004.5,87.7,15,12.17
1786433551320,1648,v1,0.0596,0.3476,0.4881,1.1156,0.2867,0.032,0.1081,0.003347,0.623,0,29,77.24,0.457,1,0,15.81,15.81,0,30,5458,135790.1,92.74,13,13.19
1786433539722,1649,v1,0.0284,0.5712,0.1898,1.2741,0.7579,0.032,0.1713,0.001818,0.631,1,11,20.66,0.553,1,3721,10.0,3.292,0,30,5642,276851.1,28.38,15,6.77
1786433541668,1650,v1,0.0445,0.3942,0.3294,1.2681,0.3646,0.032,0.1845,0.002455,0.582,1,17,87.66,0.327,1,0,10.587,10.587,0,30,6310,120221.2,87.21,9,9.0
1786433543693,1651,v1,0.0231,0.228,0.3749,1.7009,0.3614,0.032,0.0961,0.001996,0.702,0,34,84.54,0.335,1,0,20.525,20.525,0,30,6625,219936.1,84.57,18,7.53
1786433546716,1652,v1,0.0177,0.5671,0.2386,2.3937,0.588,0.032,0.2198,0.002034,0.712,1,21,47.46,0.464,1,108,2.739,2.391,0,30,6135,358521.8,14.41,-1,8.15
1786433549592,1653,v1,0.0711,0.8318,0.4,1.4322,0.286,0.032,0.2202,0.001681,0.655,1,11,63.9,0.548,1,4952,10.0,2.843,0,30,7037,347438.8,27.52,15,6.07
1786433552500,1654,v1,0.069,0.4044,0.3981,2.2381,0.951,0.032,0.0791,0.001432,0.689,1,12,66.98,0.439,1,2997,11.0,5.614,0,30,6207,266433.4,46.21,15,5.91
1786433555117,1655,v1,0.0273,0.4522,0.3262,0.8936,0.756,0.032,0.1676,0.002324,0.631,0,9,25.47,0.84,1,2584,8.0,5.4,0,30,6086,257070.9,52.91,15,8.99
1786433548352,1656,v1,0.0435,0.2563,0.4433,1.4894,0.5751,0.032,0.2291,0.003359,0.664,0,31,37.28,0.767,1,0,17.828,17.828,0,30,5564,160114.7,90.85,15,12.04
1786433551726,1657,v1,0.0176,0.4801,0.1594,1.4281,0.9059,0.032,0.1758,0.002591,0.717,1,20,99.72,0.914,1,5849,18.994,0.567,0,30,6344,388450.7,2.85,-1,9.25
1786433553444,1658,v1,0.0156,0.6665,0.2826,0.8904,0.9231,0.032,0.1145,0.001505,0.661,0,29,32.55,0.329,1,0,18.676,18.676,0,30,5725,182231.3,85.8,16,4.87
1786433555867,1659,v1,0.0419,0.7101,0.4246,2.1886,0.6959,0.032,0.1774,0.002765,0.631,0,35,84.11,0.783,1,0,18.08,18.08,0,30,7048,198973.7,91.16,15,10.1
1786433558278,1660,v1,0.048,0.7232,0.1806,1.022,0.5011,0.032,0.0631,0.003044,0.695,0,13,50.19,0.659,1,2676,12.0,7.631,0,30,6353,273315.5,49.93,16,11.07
1786433560939,1661,v1,0.056,0.8299,0.1469,2.0313,0.9268,0.032,0.2234,0.001722,0.593,1,7,21.59,0.392,1,2989,6.0,3.376,0,30,6923,271484.6,48.28,14,6.93
1786433562879,1662,v1,0.0794,0.2954,0.3197,1.3245,0.789,0.032,0.1517,0.002664,0.686,1,21,77.0,0.745,1,0,15.956,15.956,0,30,6206,175665.0,85.62,15,10.04
1786433549554,1663,v1,0.0141,0.9813,0.4732,1.3745,0.8676,0.032,0.1824,0.002732,0.652,1,8,77.68,0.519,1,4247,7.0,1.64,0,30,5650,284272.1,20.24,17,10.32
1786433551684,1664,v1,0.0737,0.337,0.375,1.3359,0.8511,0.032,0.1813,0.00273,0.588,0,8,80.91,0.808,1,0,7.0,7.0,0,30,6070,128147.6,84.58,11,10.48
1786433553487,1665,v1,0.0337,0.7333,0.2395,1.1326,0.3731,0.032,0.1368,0.001557,0.66,1,27,70.74,0.858,1,0,17.318,17.318,0,30,6275,187187.5,84.67,15,6.5
1786433555752,1666,v1,0.067,0.4459,0.2311,2.1726,0.9519,0.032,0.0744,0.003374,0.695,1,23,78.49,0.914,1,0,16.869,16.869,0,30,6674,204901.6,96.37,16,12.44
1786433557570,1667,v1,0.0798,0.9762,0.32,0.9228,0.8255,0.032,0.1246,0.003432,0.604,0,34,48.95,0.714,1,0,16.352,16.352,0,30,6070,147469.1,92.35,12,13.44
1786433559020,1668,v1,0.0167,0.4651,0.1501,1.3325,0.7986,0.032,0.1673,0.003637,0.647,1,23,97.99,0.702,1,0,17.54,17.54,0,30,5591,174756.1,87.46,16,13.93
1786433561395,1669,v1,0.0154,0.7349,0.2281,1.4227,0.1905,0.032,0.1126,0.003759,0.665,1,33,30.75,0.579,1,723,19.803,17.153,0,30,6013,207178.8,91.29,17,13.49
1786433549805,1670,v1,0.0502,0.7044,0.2363,2.1046,0.5903,0.032,0.0525,0.001821,0.621,0,35,39.18,0.952,1,0,17.943,17.943,0,30,6423,180039.4,97.19,15,6.91
1786433552549,1671,v1,0.023,0.8101,0.1725,1.4545,0.3523,0.032,0.2103,0.001462,0.692,0,7,29.91,0.677,1,2961,6.0,4.058,0,30,6145,291353.9,43.71,18,5.5
1786433554697,1672,v1,0.0534,0.4741,0.2318,1.2268,0.7095,0.032,0.113,0.002409,0.685,0,27,98.93,0.366,1,0,17.168,17.168,0,30,6171,178888.9,90.84,15,9.59
1786433557118,1673,v1,0.0345,0.8705,0.3124,2.1505,0.1181,0.032,0.1304,0.001824,0.719,0,4,88.73,0.795,1,0,3.0,3.0,0,30,6239,277169.2,86.27,17,6.48
1786433558568,1674,v1,0.0157,0.6552,0.234,1.405,0.6654,0.032,0.167,0.002698,0.621,0,28,59.45,0.57,1,0,17.028,17.028,0,30,5270,148475.4,84.56,15,9.77
1786433561236,1675,v1,0.0609,0.3621,0.4021,1.1906,0.2462,0.032,0.1439,0.002094,0.619,0,12,67.1,0.698,1,3231,11.0,6.084,0,30,6057,253519.9,43.47,14,8.17
1786433563338,1676,v1,0.0129,0.7382,0.2403,2.3445,0.5596,0.032,0.1772,0.002095,0.634,0,13,22.57,0.47,1,2196,12.0,8.415,0,30,6279,256664.6,54.38,17,8.09
1786433552228,1677,v1,0.0104,0.4253,0.108,2.0768,0.8956,0.032,0.2478,0.003005,0.648,1,28,64.67,0.837,1,0,10.55,10.55,0,30,6089,268249.8,46.57,18,10.63
1786433554504,1678,v1,0.0694,0.8971,0.1658,1.2842,0.2607,0.032,0.1488,0.001666,0.632,1,36,47.05,0.918,1,1086,17.75,14.782,0,30,6830,201329.9,88.4,14,6.52
1786433556662,1679,v1,0.0443,0.3702,0.3488,2.3597,0.8211,0.032,0.18,0.001263,0.715,1,21,82.4,0.735,1,0,17.782,17.782,0,30,7008,218801.8,90.72,17,4.81
1786433558583,1680,v1,0.0734,0.3496,0.2844,1.7291,0.4804,0.032,0.0677,0.001546,0.598,0,7,89.13,0.626,1,0,6.0,6.0,0,30,6009,151733.0,93.28,13,5.51
1786433561951,1681,v1,0.0532,0.392,0.158,1.6267,0.434,0.032,0.0731,0.003325,0.659,1,7,90.05,0.676,1,6401,6.0,0.0,0,30,6545,382207.8,0.0,-1,13.09
1786433563602,1682,v1,0.0659,0.2263,0.2055,1.3299,0.5656,0.032,0.1258,0.002426,0.64,0,14,81.97,0.472,1,0,13.0,13.0,0,30,5626,162823.3,95.52,14,9.56
1786433566838,1683,v1,0.0336,0.5158,0.4599,2.3526,0.9675,0.032,0.231,0.001889,0.595,0,27,54.57,0.876,1,0,15.82,15.82,0,30,6738,176331.0,98.94,14,7.17
1786433552702,1684,v1,0.048,0.5976,0.2488,2.3934,0.7309,0.032,0.1867,0.003684,0.657,0,26,99.87,0.764,1,0,17.381,17.381,0,30,6002,175387.9,91.35,16,14.5
1786433555812,1685,v1,0.0301,0.5293,0.176,1.688,0.7976,0.032,0.0511,0.003356,0.697,0,14,44.5,0.595,1,2672,13.0,8.714,0,30,7140,307042.1,53.37,17,12.24
1786433558379,1686,v1,0.0272,0.2833,0.2074,1.8698,0.6018,0.032,0.1415,0.003574,0.618,1,9,97.64,0.661,1,4429,8.0,1.876,0,30,5936,299511.6,20.14,31,13.61
1786433561413,1687,v1,0.0742,0.9806,0.3685,1.9986,0.9262,0.032,0.0555,0.001815,0.646,1,8,49.13,0.374,1,3338,7.0,3.356,0,30,6483,292568.7,47.81,15,6.96
1786433564026,1688,v1,0.0377,0.4981,0.1635,1.4769,0.1872,0.032,0.1213,0.001383,0.678,1,9,59.05,0.304,1,2525,8.0,4.751,0,30,6276,287134.0,53.67,16,5.04
1786433567667,1689,v1,0.065,0.694,0.3452,1.8667,0.986,0.032,0.2214,0.001284,0.679,0,12,93.29,0.302,1,0,11.0,11.0,0,30,6586,196721.2,89.55,15,4.93
1786433571375,1690,v1,0.0791,0.5917,0.1971,2.3651,0.7934,0.032,0.0553,0.001239,0.635,1,4,82.26,0.453,1,3338,3.0,1.346,0,30,6077,284672.1,42.33,15,5.02
1786433552767,1691,v1,0.0528,0.9115,0.4953,1.0289,0.3356,0.032,0.2004,0.001918,0.672,0,17,63.43,0.684,1,0,14.953,14.953,0,30,4848,133775.1,98.66,15,6.85
1786433555095,1692,v1,0.0637,0.5066,0.2701,1.8746,0.3572,0.032,0.1532,0.002734,0.647,0,36,92.32,0.647,1,0,18.268,18.268,0,30,6792,193719.0,84.56,15,10.41
1786433556910,1693,v1,0.0638,0.7653,0.3919,2.2463,0.7888,0.032,0.2118,0.003188,0.664,1,34,36.3,0.541,1,583,18.184,16.318,0,30,6264,191611.5,86.19,15,12.04
1786433559280,1694,v1,0.0452,0.2426,0.2326,2.0886,0.9911,0.032,0.1535,0.002697,0.604,0,9,68.13,0.975,1,3476,8.0,4.682,0,30,6418,279364.1,39.76,14,9.8
1786433561811,1695,v1,0.0691,0.964,0.1648,1.4951,0.2935,0.032,0.1438,0.002783,0.668,0,19,62.49,0.47,1,0,15.426,15.426,0,30,6096,178280.8,92.24,15,11.42
1786433564363,1696,v1,0.0233,0.6234,0.2079,1.8624,0.4153,0.032,0.0626,0.002518,0.71,1,35,23.89,0.422,1,171,7.63,6.917,0,30,5634,296892.0,34.81,19,9.42
1786433568000,1697,v1,0.0528,0.3518,0.3235,1.4518,0.7503,0.032,0.0621,0.003608,0.64,1,31,87.75,0.765,1,0,17.07,17.07,0,30,6572,169220.4,93.65,14,13.6
1786433553977,1698,v1,0.0504,0.2901,0.4054,1.4881,0.937,0.032,0.1743,0.00147,0.682,1,17,71.16,0.634,1,0,15.855,15.855,0,30,6256,180002.3,97.47,16,5.93
1786433556295,1699,v1,0.0734,0.2012,0.1017,1.3209,0.1159,0.032,0.1007,0.001892,0.615,0,4,41.61,0.978,1,3595,3.0,2.402,0,30,6050,280791.1,34.25,14,7.21
1786433558360,1700,v1,0.013,0.8468,0.2163,1.9816,0.475,0.032,0.2456,0.001944,0.637,1,23,60.51,0.625,1,0,17.885,17.885,0,30,6047,192515.2,84.35,16,7.59
1786433560818,1701,v1,0.0544,0.3837,0.2355,0.988,0.1697,0.032,0.0552,0.003105,0.676,1,4,88.34,0.384,1,3123,3.0,1.273,0,30,5483,271544.5,40.29,16,11.67
1786433563710,1702,v1,0.0686,0.661,0.4322,1.6016,0.9478,0.032,0.0771,0.001611,0.638,1,14,55.82,0.946,1,5575,13.0,0.0,0,30,5706,334563.0,0.0,-1,6.62
1786433569572,1703,v1,0.0353,0.8061,0.4539,1.9907,0.1641,0.032,0.1653,0.002261,0.703,1,5,83.19,0.874,1,6117,4.0,0.0,0,30,6185,363682.8,0.0,-1,9.78
1786433571637,1704,v1,0.0641,0.7448,0.3888,1.0081,0.4336,0.032,0.2099,0.00279,0.647,0,16,68.73,0.992,1,0,14.282,14.282,0,30,7062,191565.9,84.85,14,10.71
1786433558398,1705,v1,0.0407,0.8277,0.3564,1.4209,0.9084,0.032,0.1359,0.001369,0.637,1,15,37.64,0.762,1,4635,14.0,2.966,0,30,6002,339626.3,18.14,-1,6.2
1786433561247,1706,v1,0.0686,0.6212,0.2233,1.1492,0.9944,0.032,0.2331,0.003324,0.658,1,4,29.2,0.568,1,4718,3.0,0.617,0,30,5985,319450.9,20.46,15,11.76
1786433563805,1707,v1,0.0653,0.8097,0.2659,1.9329,0.2543,0.032,0.1522,0.001917,0.591,0,5,66.96,0.913,1,3071,4.0,3.014,0,30,6281,274641.7,50.44,14,7.31
1786433567471,1708,v1,0.074,0.3494,0.4311,1.41,0.8267,0.032,0.1343,0.002224,0.691,0,20,43.83,0.454,1,0,15.635,15.635,0,30,6056,172500.5,87.43,15,9.02
1786433570800,1709,v1,0.0355,0.7916,0.4189,2.138,0.9944,0.032,0.2162,0.003297,0.677,1,19,21.69,0.912,1,1001,16.466,13.538,0,30,5947,209994.0,89.51,16,12.49
1786433573247,1710,v1,0.0418,0.786,0.1778,2.0258,0.244,0.032,0.1631,0.003505,0.653,0,32,45.85,0.403,1,0,18.482,18.482,0,30,6891,202925.1,84.04,16,12.97
1786433575861,1711,v1,0.0276,0.5877,0.4486,1.66,0.8252,0.032,0.1325,0.003084,0.675,1,15,81.28,0.313,1,2952,14.0,7.513,0,30,6639,297199.8,49.85,17,11.84
1786433564685,1712,v1,0.0229,0.9387,0.1246,1.6743,0.8748,0.032,0.2103,0.002908,0.7,0,5,66.83,0.984,1,0,4.0,4.0,0,30,6003,228727.7,86.66,19,10.66
1786433569502,1713,v1,0.012,0.8048,0.4833,2.3989,0.5021,0.032,0.051,0.001582,0.676,0,20,31.76,0.742,1,1705,18.923,13.842,0,30,5876,294409.7,44.58,19,5.85
1786433571329,1714,v1,0.0201,0.2282,0.2142,1.1956,0.181,0.032,0.1232,0.002446,0.598,1,28,83.59,0.923,1,0,15.876,15.876,0,30,6223,159838.0,84.66,13,9.45
1786433573872,1715,v1,0.0697,0.5619,0.1721,2.4689,0.9632,0.032,0.2154,0.003215,0.687,0,14,82.37,0.671,1,0,13.0,13.0,0,30,6824,194632.8,91.58,16,12.22
1786433576389,1716,v1,0.0361,0.8863,0.2924,2.3076,0.8195,0.032,0.2409,0.002986,0.656,1,9,35.39,0.523,1,4228,8.0,2.4,0,30,6188,295880.8,26.07,16,11.72
1786433577901,1717,v1,0.036,0.6956,0.2082,1.5394,0.7222,0.032,0.1698,0.002297,0.614,0,34,58.24,0.972,1,0,17.357,17.357,0,30,6121,168149.0,88.54,14,8.58
1786433580692,1718,v1,0.0144,0.498,0.2985,2.2935,0.468,0.032,0.193,0.003515,0.63,1,25,23.11,0.563,1,628,17.781,15.913,0,30,6462,208884.7,84.58,16,13.05
1786433567713,1719,v1,0.0403,0.7365,0.1527,1.7794,0.7989,0.032,0.0798,0.001882,0.611,1,16,67.39,0.826,1,332,14.68,13.817,0,30,5553,159845.5,93.84,14,7.26
1786433570959,1720,v1,0.0285,0.3652,0.3643,1.1852,0.8466,0.032,0.1488,0.001249,0.683,0,7,66.25,0.903,1,0,6.0,6.0,0,30,6313,197418.6,91.88,16,4.96
1786433574199,1721,v1,0.0191,0.319,0.3093,1.8819,0.8032,0.032,0.0619,0.003745,0.597,1,13,53.41,0.91,1,5534,12.0,0.7,0,30,6138,338288.3,5.84,-1,13.36
1786433576429,1722,v1,0.0105,0.7547,0.1463,0.8472,0.1946,0.032,0.0962,0.001969,0.707,1,8,74.5,0.649,1,4348,7.0,1.324,0,30,5443,322771.5,0.0,-1,7.42
1786433578885,1723,v1,0.0492,0.2166,0.4002,2.138,0.9841,0.032,0.1132,0.003335,0.685,0,9,22.49,0.328,1,1555,8.0,6.622,0,30,6955,257234.6,65.09,16,12.14
1786433581236,1724,v1,0.0639,0.2404,0.4957,1.8298,0.187,0.032,0.2086,0.003517,0.707,0,33,54.77,0.936,1,0,19.765,19.765,0,30,6230,224725.0,93.61,16,13.79
1786433584051,1725,v1,0.0773,0.5704,0.1358,2.1092,0.7356,0.032,0.1588,0.002856,0.645,1,10,72.44,0.748,1,5797,9.0,0.534,0,30,6332,349465.7,5.3,-1,10.99
1786433570405,1726,v1,0.0208,0.5534,0.3951,1.842,0.575,0.032,0.1035,0.002046,0.589,1,9,77.93,0.447,1,3249,8.0,3.677,0,30,6115,272336.7,41.75,13,8.14
1786433573768,1727,v1,0.079,0.4487,0.4094,2.2597,0.5877,0.032,0.2493,0.003239,0.641,1,15,94.65,0.522,1,3266,14.0,7.625,0,30,7481,309943.6,46.82,14,11.64
1786433575074,1728,v1,0.0445,0.8047,0.2399,0.8414,0.8396,0.032,0.2223,0.001364,0.625,0,35,94.96,0.559,1,0,17.371,17.371,0,30,5910,160085.9,84.94,14,5.01
1786433577638,1729,v1,0.0734,0.255,0.258,1.259,0.3269,0.032,0.2134,0.00266,0.61,0,16,25.78,0.678,1,557,13.916,12.994,0,30,7494,203096.1,97.65,14,9.81
1786433580459,1730,v1,0.06,0.957,0.3754,2.154,0.452,0.032,0.1122,0.002208,0.671,0,11,49.49,0.388,1,1686,10.0,7.73,0,30,6073,235354.5,61.87,15,8.28
1786433582802,1731,v1,0.0795,0.5026,0.4845,2.2667,0.8329,0.032,0.246,0.00364,0.587,0,31,33.78,0.593,1,0,15.906,15.906,0,30,7106,176555.7,86.76,13,13.13
1786433584101,1732,v1,0.0218,0.9509,0.4865,2.337,0.9328,0.032,0.1349,0.002946,0.672,1,36,54.57,0.523,1,533,20.325,18.162,0,30,5528,173698.3,91.43,17,11.02
1786433571114,1733,v1,0.0604,0.5186,0.1618,0.8749,0.7123,0.032,0.1406,0.003606,0.683,0,23,80.18,0.591,1,0,16.506,16.506,0,30,6394,183982.8,91.25,15,13.12
1786433573946,1734,v1,0.0103,0.9102,0.2185,1.7675,0.1005,0.032,0.1607,0.003457,0.636,0,12,48.62,0.74,1,2190,11.0,7.518,0,30,5893,252803.3,52.24,16,13.07
1786433576741,1735,v1,0.029,0.2973,0.2331,0.8006,0.2858,0.032,0.1064,0.001216,0.683,0,8,71.25,0.972,1,3684,7.0,4.051,0,30,6307,318674.4,36.74,17,4.68
1786433578513,1736,v1,0.0668,0.7247,0.3199,2.1238,0.6197,0.032,0.1289,0.002525,0.649,0,32,23.13,0.343,1,248,17.563,16.904,0,30,6272,188894.5,96.63,15,8.59
1786433580807,1737,v1,0.0746,0.2717,0.1275,1.3046,0.5048,0.032,0.19,0.002675,0.601,0,18,56.28,0.438,1,0,14.259,14.259,0,30,6070,162323.8,97.81,14,10.66
1786433583355,1738,v1,0.051,0.8336,0.4124,1.3276,0.9365,0.032,0.0988,0.001699,0.66,1,31,95.98,0.475,1,0,17.344,17.344,0,30,7902,212044.3,94.52,15,6.76
1786433584804,1739,v1,0.0538,0.6932,0.2852,1.2708,0.1185,0.032,0.1851,0.002964,0.583,1,25,52.0,0.465,1,575,13.13,11.795,0,30,5914,137365.1,87.57,10,11.01
1786433571455,1740,v1,0.0284,0.2571,0.2656,2.4911,0.5229,0.032,0.1593,0.003396,0.622,0,8,74.17,0.407,1,0,7.0,7.0,0,30,5622,162620.8,90.13,15,12.82
1786433573986,1741,v1,0.0241,0.2287,0.3801,2.3747,0.9108,0.032,0.2104,0.002102,0.632,0,31,61.59,0.527,1,0,18.144,18.144,0,30,5839,173526.2,84.49,16,8.39
1786433576706,1742,v1,0.0182,0.742,0.1975,2.3108,0.9014,0.032,0.1264,0.001451,0.662,1,7,65.37,0.451,1,3282,6.0,2.652,0,30,5926,285344.3,37.43,18,5.79
1786433578487,1743,v1,0.0586,0.3409,0.4337,1.483,0.1544,0.032,0.0949,0.002523,0.619,0,22,29.45,0.733,1,0,15.119,15.119,0,30,6891,181987.3,88.49,14,9.19
1786433581228,1744,v1,0.0205,0.9009,0.1384,2.0077,0.626,0.032,0.2049,0.001659,0.648,0,8,35.32,0.662,1,2352,7.0,5.033,0,30,6064,257847.1,52.78,17,6.32
1786433583363,1745,v1,0.038,0.9553,0.3873,1.1101,0.5199,0.032,0.2113,0.001689,0.663,0,19,45.1,0.629,1,0,15.7,15.7,0,30,5870,163107.4,87.71,15,6.01
1786433585367,1746,v1,0.0271,0.8982,0.1642,0.9519,0.1808,0.032,0.0922,0.002685,0.604,0,11,57.82,0.573,1,1808,10.0,7.658,0,30,6340,224236.8,59.99,13,9.83
1786433574972,1747,v1,0.0324,0.5173,0.1308,1.2275,0.8333,0.032,0.2072,0.001833,0.593,0,19,97.51,0.411,1,0,14.383,14.383,0,30,7069,185581.1,88.92,13,6.22
1786433577105,1748,v1,0.0347,0.3376,0.2938,1.7759,0.9686,0.032,0.139,0.002771,0.583,0,32,44.83,0.579,1,0,15.925,15.925,0,30,5965,148715.0,84.65,13,10.24
1786433578914,1749,v1,0.0389,0.7243,0.2262,1.0306,0.7236,0.032,0.0785,0.002917,0.687,0,19,74.96,0.79,1,0,16.436,16.436,0,30,5988,176860.8,86.25,16,11.07
1786433581084,1750,v1,0.0595,0.464,0.3765,2.0754,0.7399,0.032,0.1668,0.002018,0.617,0,11,93.81,0.311,1,0,10.0,10.0,0,30,6199,174680.7,89.84,14,7.68
1786433583636,1751,v1,0.0529,0.8668,0.3186,2.0809,0.6353,0.032,0.2301,0.002929,0.652,1,8,72.45,0.499,1,3597,7.0,2.782,0,30,6095,279009.5,34.85,15,11.01
1786433585787,1752,v1,0.051,0.7109,0.114,1.3718,0.2999,0.032,0.0893,0.001774,0.628,1,17,87.78,0.867,1,0,15.0,15.0,0,30,6689,186231.7,100.0,15,6.83
1786433587618,1753,v1,0.0425,0.7337,0.1446,2.1709,0.9134,0.032,0.183,0.003486,0.708,0,18,74.93,0.461,1,1065,16.916,14.395,0,30,6673,250309.1,70.93,17,12.03
1786433577124,1754,v1,0.0308,0.2953,0.3367,1.8376,0.1216,0.032,0.1798,0.002032,0.698,1,15,32.75,0.735,1,5687,14.0,1.154,0,30,6378,380412.9,7.39,-1,7.51
1786433580442,1755,v1,0.0484,0.637,0.3526,1.914,0.3659,0.032,0.1406,0.001742,0.64,1,11,63.26,0.914,1,6215,10.0,0.0,0,30,6321,370158.8,0.0,-1,6.74
1786433582739,1756,v1,0.0612,0.8464,0.3095,2.3945,0.2309,0.032,0.1652,0.001785,0.69,0,36,68.18,0.986,1,0,20.814,20.814,0,30,5782,216993.7,90.47,16,7.02
1786433585463,1757,v1,0.0599,0.7027,0.1496,2.3509,0.4648,0.032,0.1048,0.002064,0.599,0,10,34.77,0.914,1,4593,9.0,4.107,0,30,6702,321814.2,26.37,15,7.97
1786433587952,1758,v1,0.078,0.979,0.3665,1.585,0.2316,0.032,0.1871,0.00207,0.67,1,9,75.79,0.864,1,6382,8.0,0.0,0,30,6496,395571.6,0.0,-1,8.27
1786433590024,1759,v1,0.0174,0.3114,0.2074,1.6878,0.8903,0.032,0.13,0.002163,0.663,1,19,45.47,0.572,1,373,17.56,16.468,0,30,6047,207654.3,91.18,17,8.83
1786433591787,1760,v1,0.0769,0.8906,0.2514,2.0446,0.7717,0.032,0.0541,0.001595,0.712,1,19,64.44,0.787,1,0,16.329,16.329,0,30,6619,205378.8,84.28,16,6.28
1786433578223,1761,v1,0.0613,0.6233,0.2878,1.1698,0.631,0.032,0.1934,0.001697,0.641,0,26,84.49,0.52,1,0,16.268,16.268,0,30,5729,159320.2,93.22,14,6.56
1786433581536,1762,v1,0.0653,0.3918,0.2916,1.4988,0.3655,0.032,0.1133,0.001494,0.622,1,9,85.12,0.538,1,4235,8.0,2.214,0,30,5920,310085.5,23.61,15,5.95
1786433583551,1763,v1,0.0529,0.9621,0.2999,1.2466,0.961,0.032,0.0832,0.001516,0.705,1,35,59.17,0.646,1,831,19.255,16.216,0,30,5472,180038.2,89.99,16,5.46
1786433585289,1764,v1,0.0555,0.9727,0.1518,1.3781,0.5748,0.032,0.2074,0.001708,0.604,0,24,61.45,0.611,1,0,15.466,15.466,0,30,6032,160744.9,87.32,14,6.61
1786433586834,1765,v1,0.0598,0.6203,0.3232,2.1331,0.7214,0.032,0.161,0.003613,0.654,1,22,71.56,0.599,1,0,16.232,16.232,0,30,6093,166871.3,88.83,15,13.51
1786433588604,1766,v1,0.0543,0.7934,0.2416,1.2593,0.8634,0.032,0.0558,0.00324,0.72,1,19,27.78,0.411,1,506,16.908,15.427,0,30,6030,197436.4,85.21,16,12.42
1786433590451,1767,v1,0.021,0.9436,0.2793,2.2992,0.6461,0.032,0.1603,0.001674,0.6,0,33,93.88,0.97,1,0,17.36,17.36,0,30,6361,179564.2,92.77,14,6.43
1786433583678,1768,v1,0.0359,0.6016,0.357,2.0912,0.9285,0.032,0.0858,0.002929,0.597,0,26,89.88,0.641,1,0,15.607,15.607,0,30,6287,165698.2,84.29,13,11.95
1786433585586,1769,v1,0.061,0.772,0.2375,0.9087,0.2042,0.032,0.1653,0.002506,0.627,1,25,57.21,0.677,1,0,15.528,15.528,0,30,6418,168864.8,97.79,14,9.77
1786433586980,1770,v1,0.0687,0.2855,0.4504,2.1928,0.2331,0.032,0.0609,0.002857,0.605,0,23,51.22,0.483,1,0,15.147,15.147,0,30,5773,149866.7,98.0,14,10.98
1786433588591,1771,v1,0.0602,0.7745,0.3635,1.2645,0.7596,0.032,0.0731,0.00239,0.698,1,18,22.44,0.604,1,664,16.02,14.106,0,30,5739,191329.9,87.39,16,9.74
1786433590650,1772,v1,0.0771,0.8402,0.2387,0.9992,0.2181,0.032,0.0803,0.002729,0.711,1,32,78.16,0.556,1,0,19.526,19.526,0,30,6048,222590.1,92.49,16,10.35
1786433592916,1773,v1,0.0597,0.6627,0.4892,2.3295,0.6215,0.032,0.1911,0.002192,0.623,1,9,38.14,0.587,1,4111,8.0,1.939,0,30,5518,291214.2,21.51,15,8.32
1786433594130,1774,v1,0.0788,0.4899,0.1842,1.0211,0.2742,0.032,0.1869,0.002329,0.719,1,15,60.68,0.314,1,2019,14.0,8.982,0,30,5830,254770.5,59.99,15,9.3
1786433587283,1775,v1,0.0388,0.7486,0.2489,2.1508,0.4232,0.032,0.1791,0.001996,0.72,0,25,23.0,0.524,1,439,19.201,17.986,0,30,6497,286563.6,87.94,18,7.16
1786433589279,1776,v1,0.0614,0.942,0.3341,2.3787,0.9502,0.032,0.0622,0.002357,0.709,1,30,46.57,0.347,1,378,18.646,17.435,0,30,6183,200955.9,89.4,16,9.06
1786433590838,1777,v1,0.0739,0.5952,0.1332,2.1066,0.9255,0.032,0.1311,0.001727,0.654,0,32,63.1,0.702,1,0,17.878,17.878,0,30,5896,170080.3,89.25,15,6.7
1786433592909,1778,v1,0.032,0.7936,0.3073,1.2442,0.6938,0.032,0.1691,0.002235,0.716,0,14,88.51,0.577,1,0,13.0,13.0,0,30,6981,220374.8,85.02,17,8.78
1786433594124,1779,v1,0.0618,0.7505,0.4327,1.905,0.2986,0.032,0.1212,0.002745,0.652,1,31,95.06,0.961,1,0,17.395,17.395,0,30,7535,204913.1,96.29,15,10.44
1786433595320,1780,v1,0.0329,0.9878,0.2747,1.6813,0.3458,0.032,0.1032,0.002494,0.711,1,29,85.89,0.469,1,0,19.573,19.573,0,30,6082,208314.4,86.28,17,9.52
1786433596435,1781,v1,0.0497,0.3838,0.2229,1.5907,0.4995,0.032,0.1583,0.002421,0.673,0,35,73.29,0.957,1,0,18.837,18.837,0,30,5717,171017.7,100.0,16,10.06
1786433587745,1782,v1,0.0408,0.6926,0.3557,2.3245,0.9076,0.032,0.1944,0.00135,0.693,0,29,58.31,0.673,1,0,18.509,18.509,0,30,7225,219526.1,84.28,16,5.69
1786433590163,1783,v1,0.0506,0.4263,0.467,1.6856,0.3081,0.032,0.0702,0.002541,0.611,0,14,40.14,0.881,1,3012,12.997,7.686,0,30,6458,266205.3,45.39,13,9.83
1786433592299,1784,v1,0.0662,0.3257,0.2388,1.9698,0.1123,0.032,0.2423,0.002298,0.595,0,7,57.84,0.567,1,2180,6.0,4.574,0,30,6192,235954.8,61.73,14,8.61
1786433593815,1785,v1,0.0599,0.584,0.4326,1.4792,0.3915,0.032,0.164,0.002699,0.676,1,6,97.44,0.518,1,3652,5.0,1.444,0,30,5207,268633.9,24.71,15,10.12
1786433594718,1786,v1,0.0487,0.5677,0.2419,1.7696,0.5904,0.032,0.2329,0.001324,0.718,0,27,93.38,0.963,1,0,18.608,18.608,0,30,6373,208929.5,85.64,17,4.9
1786433596322,1787,v1,0.0152,0.5256,0.4953,1.7932,0.2561,0.032,0.1251,0.003059,0.647,0,11,28.7,0.888,1,2854,10.0,5.84,0,30,5655,244411.9,41.43,15,11.87
1786433597010,1788,v1,0.014,0.4353,0.4692,1.854,0.7313,0.032,0.2261,0.002955,0.66,1,28,44.91,0.425,1,564,18.811,16.917,0,30,6016,197336.5,87.05,17,10.84
1786433588273,1789,v1,0.0647,0.5982,0.3248,2.1913,0.2858,0.032,0.1167,0.001889,0.604,0,19,80.77,0.823,1,0,14.757,14.757,0,30,6590,175916.0,86.26,14,7.69
1786433590185,1790,v1,0.0595,0.2598,0.4149,2.041,0.4476,0.032,0.1985,0.003453,0.701,1,29,27.51,0.425,1,441,17.633,16.185,0,30,5839,179126.0,90.71,15,12.81
1786433591778,1791,v1,0.0199,0.6361,0.2291,1.4096,0.6425,0.032,0.1967,0.001711,0.67,0,36,94.78,0.566,1,0,20.064,20.064,0,30,5815,184667.8,89.95,17,7.09
1786433593351,1792,v1,0.0425,0.6569,0.3452,2.3207,0.2336,0.032,0.1032,0.001272,0.67,0,34,93.96,0.847,1,0,18.709,18.709,0,30,5994,183083.7,84.27,15,5.34
1786433594101,1793,v1,0.0129,0.6397,0.3955,1.5312,0.1282,0.032,0.153,0.001746,0.583,0,14,96.51,0.986,1,0,11.24,11.24,0,30,5477,114304.3,87.24,10,7.25
1786433595074,1794,v1,0.0603,0.8325,0.4905,1.7521,0.6715,0.032,0.2369,0.001441,0.631,0,6,78.94,0.797,1,0,5.0,5.0,0,30,5860,161407.6,89.0,14,5.05
1786433596702,1795,v1,0.0124,0.2356,0.3929,2.1451,0.9804,0.032,0.2069,0.001441,0.706,1,22,97.85,0.383,1,0,0.007,0.007,0,30,5874,364646.1,0.04,-1,5.75
1786433588738,1796,v1,0.0724,0.8017,0.21,1.0247,0.3986,0.032,0.1459,0.003705,0.683,0,16,80.39,0.329,1,179,15.0,14.607,0,30,6237,179013.8,84.86,15,14.25
1786433590414,1797,v1,0.0644,0.5904,0.1638,1.1844,0.1766,0.032,0.0742,0.001974,0.693,0,20,88.77,0.424,1,0,16.195,16.195,0,30,5715,194806.2,96.56,16,7.38
1786433592501,1798,v1,0.031,0.6585,0.3786,1.382,0.9888,0.032,0.1848,0.002676,0.663,0,23,66.55,0.456,1,0,16.886,16.886,0,30,6951,194435.1,96.54,16,9.5
1786433593732,1799,v1,0.0198,0.9107,0.3256,2.2909,0.1726,0.032,0.1133,0.001315,0.646,1,34,84.58,0.44,1,0,19.233,19.233,0,30,5721,179588.7,84.57,16,5.63
1786433604107,1800,v1,0.0415,0.3859,0.161,2.4317,0.7232,0.032,0.2351,0.002979,0.67,0,10,84.08,0.35,1,0,9.0,9.0,0,30,7102,219599.6,87.7,17,10.43
1786433605685,1801,v1,0.0439,0.4104,0.4402,0.9531,0.3088,0.032,0.07,0.003576,0.72,0,18,77.33,0.909,1,0,16.626,16.626,0,30,5581,174362.4,93.1,16,13.46
1786433607932,1802,v1,0.0484,0.9158,0.2567,1.4859,0.4153,0.032,0.1771,0.00351,0.702,1,25,23.92,0.599,1,668,17.471,15.382,0,30,6036,206836.6,86.5,16,13.3
1786433609800,1803,v1,0.0721,0.6104,0.4145,0.8255,0.9565,0.032,0.059,0.001408,0.671,0,20,74.96,0.669,1,0,15.455,15.455,0,30,6573,182501.7,98.15,15,5.74
1786433612067,1804,v1,0.0241,0.567,0.3664,1.3341,0.4593,0.032,0.234,0.003072,0.628,1,31,60.08,0.357,1,481,17.092,15.715,0,30,6615,194066.3,84.05,14,12.47
1786433613842,1805,v1,0.0499,0.9889,0.4295,1.0612,0.9802,0.032,0.0566,0.002727,0.597,0,35,47.55,0.932,1,0,15.487,15.487,0,30,7889,168055.4,84.77,11,10.67
1786433615710,1806,v1,0.0199,0.6353,0.4659,1.6671,0.4135,0.032,0.2305,0.003489,0.644,1,23,58.11,0.763,1,908,16.644,13.867,0,30,5827,193907.7,89.33,15,13.01
1786433604757,1807,v1,0.0165,0.8535,0.4144,1.9349,0.6794,0.032,0.171,0.002708,0.636,0,18,26.05,0.837,1,707,15.742,14.22,0,30,6609,213654.2,85.96,15,9.55
1786433606449,1808,v1,0.0108,0.5799,0.1228,1.4019,0.6173,0.032,0.2133,0.003099,0.581,1,16,76.11,0.457,1,569,13.316,12.045,0,30,6199,165555.6,83.95,13,12.18
1786433609722,1809,v1,0.0255,0.7054,0.2216,1.6191,0.9962,0.032,0.1865,0.001224,0.605,1,15,56.51,0.925,1,3818,14.0,6.236,0,30,7003,317619.7,44.55,14,4.64
1786433611848,1810,v1,0.0467,0.394,0.1624,2.1702,0.9088,0.032,0.1376,0.001772,0.699,0,19,50.41,0.424,1,0,16.997,16.997,0,30,5878,190107.2,89.59,17,6.92
1786433613750,1811,v1,0.0506,0.8547,0.2774,2.2961,0.3464,0.032,0.2389,0.003474,0.689,1,33,28.77,0.93,1,1053,19.265,16.06,0,30,7042,240322.5,90.8,16,13.05
1786433616337,1812,v1,0.06,0.755,0.3729,2.3687,0.614,0.032,0.1936,0.003138,0.681,1,6,25.35,0.744,1,5475,5.0,0.0,0,30,5551,321021.8,0.0,-1,12.25
1786433618756,1813,v1,0.0769,0.8011,0.3917,1.715,0.806,0.032,0.0682,0.002698,0.655,0,21,22.56,0.395,1,248,15.416,14.922,0,30,6970,197377.8,92.9,14,10.24
1786433605008,1814,v1,0.0685,0.6405,0.2002,1.2097,0.3434,0.032,0.0886,0.002899,0.675,0,30,51.19,0.437,1,0,17.504,17.504,0,30,6276,180021.5,87.95,15,10.18
1786433607109,1815,v1,0.0122,0.2245,0.468,2.1575,0.215,0.032,0.077,0.002979,0.665,0,30,47.6,0.615,1,0,19.509,19.509,0,30,6248,210798.7,85.21,17,11.27
1786433609350,1816,v1,0.0296,0.2198,0.1915,0.994,0.193,0.032,0.0555,0.003132,0.598,0,22,61.13,0.459,1,0,14.568,14.568,0,30,7043,180394.4,89.75,13,12.25
1786433611390,1817,v1,0.0682,0.4307,0.4624,1.7794,0.9066,0.032,0.0779,0.003741,0.672,1,17,82.08,0.396,1,0,15.009,15.009,0,30,6592,186641.2,96.2,15,13.91
1786433613041,1818,v1,0.0153,0.5914,0.3603,1.3823,0.5368,0.032,0.0828,0.003586,0.593,0,19,32.06,0.781,1,0,13.291,13.291,0,30,6570,149940.7,85.85,11,13.06
1786433615859,1819,v1,0.0497,0.4703,0.4171,1.3581,0.9583,0.032,0.1574,0.002024,0.648,1,8,89.46,0.914,1,6475,7.0,0.0,0,30,6554,392688.9,0.0,-1,7.86
1786433617881,1820,v1,0.0337,0.7742,0.1054,1.4887,0.2616,0.032,0.0798,0.003526,0.621,0,26,99.2,0.532,1,0,16.693,16.693,0,30,5967,168197.7,87.47,15,13.54
1786433605700,1821,v1,0.0609,0.8735,0.437,1.9712,0.8751,0.032,0.154,0.002038,0.63,0,34,73.65,0.336,1,0,17.196,17.196,0,30,5857,152389.9,86.62,14,8.52
1786433608340,1822,v1,0.0181,0.7092,0.4317,1.1815,0.2493,0.032,0.0941,0.002508,0.682,0,11,45.87,0.704,1,2778,10.0,5.858,0,30,5515,245747.8,40.84,17,10.1
1786433610228,1823,v1,0.0701,0.6397,0.1387,1.0676,0.8093,0.032,0.2443,0.00262,0.704,1,28,70.04,0.796,1,0,17.663,17.663,0,30,6607,197196.3,99.13,16,9.54
1786433612455,1824,v1,0.0122,0.4769,0.1546,1.0925,0.7127,0.032,0.1021,0.001661,0.677,0,8,99.73,0.426,1,0,7.0,7.0,0,30,6121,215092.4,96.67,19,5.85
1786433613668,1825,v1,0.0414,0.7108,0.4091,1.7602,0.3177,0.032,0.1706,0.00131,0.583,0,26,30.85,0.626,1,0,13.554,13.554,0,30,5858,129396.8,85.02,10,5.02
1786433616209,1826,v1,0.0111,0.9519,0.3161,1.744,0.2885,0.032,0.23,0.003072,0.707,1,28,78.3,0.488,1,0,3.766,3.766,0,30,6177,336462.0,18.51,-1,11.48
1786433618823,1827,v1,0.0616,0.8016,0.1406,1.6286,0.9846,0.032,0.1984,0.002162,0.586,1,11,54.3,0.456,1,3576,10.0,3.209,0,30,5388,255973.9,28.95,14,8.83
1786433606344,1828,v1,0.0667,0.7812,0.1866,2.4292,0.2393,0.032,0.0888,0.002946,0.606,1,34,78.81,0.719,1,0,17.454,17.454,0,30,6033,160485.0,90.07,14,11.11
1786433609388,1829,v1,0.0454,0.7855,0.3874,1.2766,0.2186,0.032,0.1663,0.002805,0.583,0,9,61.67,0.868,1,4128,8.0,3.99,0,30,6298,271658.4,28.84,11,10.46
1786433612010,1830,v1,0.047,0.5661,0.2509,1.4505,0.189,0.032,0.087,0.002734,0.692,1,10,97.76,0.529,1,3473,9.0,3.569,0,30,5917,295376.4,35.09,16,10.36
1786433613383,1831,v1,0.075,0.3037,0.1866,1.4295,0.8964,0.032,0.1672,0.002892,0.611,0,16,63.58,0.723,1,0,13.843,13.843,0,30,6436,160736.6,98.64,14,10.5
1786433615120,1832,v1,0.0213,0.7478,0.1631,1.7799,0.1008,0.032,0.2238,0.002493,0.584,0,25,30.6,0.378,1,0,15.63,15.63,0,30,5906,157670.9,84.48,14,10.19
1786433617277,1833,v1,0.0727,0.9914,0.3089,1.8236,0.1777,0.032,0.0673,0.003023,0.608,1,28,68.81,0.52,1,887,16.061,13.973,0,30,7320,193365.5,95.76,14,11.34
1786433619562,1834,v1,0.0627,0.457,0.1111,1.6129,0.5409,0.032,0.1806,0.002299,0.707,1,8,87.67,0.501,1,2987,7.0,2.886,0,30,5162,263951.1,35.08,16,8.68
1786433607384,1835,v1,0.0471,0.2213,0.4781,2.477,0.6561,0.032,0.0941,0.001747,0.615,0,6,59.99,0.313,1,1003,5.0,4.515,0,30,6270,202943.6,74.58,14,7.91
1786433610398,1836,v1,0.0112,0.3409,0.4904,2.1187,0.9272,0.032,0.2169,0.001531,0.705,0,19,83.38,0.61,1,0,18.0,18.0,0,30,5884,348738.4,0.02,-1,5.64
1786433613139,1837,v1,0.0604,0.4431,0.2462,1.6355,0.2974,0.032,0.1171,0.00357,0.701,1,9,67.48,0.837,1,5819,8.0,0.0,0,30,5991,348022.9,0.0,-1,13.9
1786433614711,1838,v1,0.0707,0.4174,0.1152,1.0123,0.9097,0.032,0.192,0.001771,0.64,0,27,76.9,0.673,1,0,16.307,16.307,0,30,5658,156768.3,91.36,14,6.91
1786433617331,1839,v1,0.016,0.5694,0.4244,1.9226,0.9862,0.032,0.0638,0.001344,0.646,0,17,46.42,0.386,1,483,15.816,14.825,0,30,6980,222349.2,79.83,16,5.26
1786433619375,1840,v1,0.0744,0.4659,0.2848,2.0549,0.3814,0.032,0.1279,0.003323,0.703,1,32,69.87,0.645,1,0,19.083,19.083,0,30,6120,212232.5,84.76,16,12.17
1786433621495,1841,v1,0.047,0.2735,0.1154,0.9607,0.8336,0.032,0.2118,0.002531,0.68,0,36,74.49,0.395,1,0,18.968,18.968,0,30,6696,188587.8,84.27,15,9.8
1786433608483,1842,v1,0.0719,0.7839,0.3171,1.1778,0.2429,0.032,0.234,0.003366,0.677,1,35,22.69,0.653,1,738,18.131,15.955,0,30,6859,204000.5,86.03,15,12.61
1786433610062,1843,v1,0.0454,0.8084,0.4954,1.0121,0.2983,0.032,0.0939,0.001379,0.619,1,21,36.98,0.853,1,936,14.221,11.914,0,30,5878,174933.8,90.31,13,5.26
1786433612218,1844,v1,0.0356,0.5936,0.3571,1.9113,0.9138,0.032,0.1232,0.002636,0.592,0,30,34.97,0.606,1,0,16.257,16.257,0,30,6316,161056.6,97.08,14,10.67
1786433613364,1845,v1,0.0107,0.2131,0.3375,1.7302,0.3344,0.032,0.0898,0.001787,0.582,1,33,77.1,0.47,1,0,15.297,15.297,0,30,5486,123607.2,84.62,12,6.64
1786433615542,1846,v1,0.0457,0.3967,0.3403,2.1001,0.338,0.032,0.078,0.001963,0.592,1,11,43.9,0.423,1,2673,10.0,5.244,0,30,5736,237713.0,49.71,14,7.95
1786433617026,1847,v1,0.0399,0.7268,0.1621,0.9287,0.3356,0.032,0.2244,0.00124,0.622,0,35,57.75,0.407,1,0,17.699,17.699,0,30,6187,169383.1,91.78,14,4.61
1786433620192,1848,v1,0.0391,0.3855,0.2242,2.3326,0.5245,0.032,0.1314,0.001227,0.592,1,7,48.21,0.952,1,5730,6.0,0.0,0,30,5770,346049.4,0.0,-1,4.71
1786433608855,1849,v1,0.0662,0.757,0.4548,1.9293,0.817,0.032,0.2135,0.001632,0.633,1,31,29.16,0.306,1,375,17.169,15.916,0,30,5339,157002.8,94.48,14,5.68
1786433612153,1850,v1,0.0401,0.8692,0.3701,1.0385,0.211,0.032,0.0746,0.001681,0.659,1,6,36.69,0.724,1,6641,5.0,0.008,0,30,6693,397888.0,0.15,-1,6.65
1786433613571,1851,v1,0.0341,0.5166,0.2204,1.4035,0.4433,0.032,0.0872,0.003614,0.665,1,22,32.15,0.606,1,589,16.773,14.915,0,30,5678,185726.1,85.6,16,13.35
1786433616098,1852,v1,0.0211,0.5208,0.1188,1.6922,0.7383,0.032,0.1715,0.002154,0.703,1,12,64.87,0.674,1,4557,11.0,2.383,0,30,5970,336940.9,12.75,-1,8.54
1786433617786,1853,v1,0.0257,0.5306,0.4723,2.3774,0.4205,0.032,0.1954,0.001346,0.639,0,11,86.61,0.73,1,0,10.0,10.0,0,30,5230,162653.0,84.78,16,5.01
1786433620788,1854,v1,0.0134,0.6609,0.4527,1.8954,0.9889,0.032,0.0733,0.002649,0.649,1,9,54.23,0.668,1,4686,8.0,1.965,0,30,6335,339844.4,22.71,17,9.58
1786433623543,1855,v1,0.0281,0.2475,0.2472,1.2793,0.1283,0.032,0.1254,0.003486,0.596,1,9,94.84,0.416,1,3555,8.0,3.317,0,30,6262,278209.2,37.45,14,13.19
1786433618738,1856,v1,0.0669,0.3342,0.1116,1.5158,0.3845,0.032,0.1522,0.001658,0.649,0,26,73.07,0.516,1,0,16.506,16.506,0,30,5873,166845.0,99.86,15,6.13
1786433620666,1857,v1,0.0768,0.2041,0.1583,1.4949,0.7576,0.032,0.2261,0.003386,0.644,0,17,26.11,0.591,1,409,14.777,13.934,0,30,6538,179495.8,94.3,14,13.2
1786433623225,1858,v1,0.0103,0.595,0.352,2.0458,0.3609,0.032,0.0531,0.002264,0.593,0,12,34.05,0.819,1,2861,11.0,6.134,0,30,5427,246489.7,39.03,14,8.72
1786433625195,1859,v1,0.0262,0.6582,0.4174,0.9765,0.5162,0.032,0.181,0.003474,0.7,0,30,73.02,0.371,1,0,19.187,19.187,0,30,6274,203945.7,90.32,17,12.58
1786433627475,1860,v1,0.028,0.9537,0.2043,2.1099,0.2594,0.032,0.2198,0.002234,0.719,0,24,74.59,0.928,1,0,15.772,15.772,0,30,6926,304110.7,74.91,18,8.94
1786433628932,1861,v1,0.0299,0.3159,0.4453,2.0922,0.9733,0.032,0.0919,0.001423,0.604,1,30,27.45,0.954,1,957,16.013,13.314,0,30,5866,166925.9,84.11,13,5.4
1786433630562,1862,v1,0.0307,0.8377,0.4725,1.68,0.1523,0.032,0.0915,0.002649,0.646,0,29,93.64,0.865,1,0,17.338,17.338,0,30,5427,152401.9,88.48,15,9.54
1786433621516,1863,v1,0.0756,0.2683,0.2124,1.135,0.4904,0.032,0.0817,0.0026,0.678,1,10,56.56,0.95,1,6289,9.0,0.0,0,30,6448,381670.9,0.0,-1,10.27
1786433623644,1864,v1,0.0447,0.3101,0.2467,0.8377,0.4284,0.032,0.1869,0.00249,0.657,0,23,42.59,0.35,1,0,16.257,16.257,0,30,6061,175530.9,85.13,15,9.59
1786433626348,1865,v1,0.0163,0.4536,0.4052,1.0203,0.6731,0.032,0.1538,0.00172,0.672,1,15,63.98,0.461,1,4604,14.0,4.482,0,30,6923,331886.2,27.25,17,6.56
1786433628432,1866,v1,0.0528,0.7416,0.1764,1.9552,0.5541,0.032,0.0629,0.001699,0.695,0,36,94.88,0.328,1,0,19.337,19.337,0,30,6004,183144.1,89.0,16,7.08
1786433630619,1867,v1,0.0443,0.4601,0.4044,1.0625,0.1828,0.032,0.0818,0.002496,0.663,0,9,70.49,0.532,1,2097,8.0,5.951,0,30,6256,235547.3,59.83,15,9.83
1786433632508,1868,v1,0.0561,0.828,0.1787,1.6875,0.3887,0.032,0.0527,0.002713,0.711,1,19,79.59,0.568,1,0,16.676,16.676,0,30,6265,211701.7,83.46,16,10.2
1786433634146,1869,v1,0.0432,0.7842,0.3561,1.1033,0.1021,0.032,0.1044,0.003522,0.628,1,24,39.7,0.43,1,495,15.637,14.267,0,30,6145,182097.5,87.35,14,13.8
1786433621543,1870,v1,0.0535,0.6256,0.4656,1.7252,0.6219,0.032,0.222,0.001738,0.631,1,28,98.06,0.782,1,0,16.232,16.232,0,30,6222,172006.7,85.24,14,6.77
1786433624539,1871,v1,0.0677,0.5059,0.3594,2.4778,0.1315,0.032,0.2165,0.002587,0.659,1,9,51.6,0.349,1,3118,8.0,4.075,0,30,6483,311041.5,44.83,15,9.73
1786433626305,1872,v1,0.0489,0.803,0.4946,1.9761,0.6582,0.032,0.1152,0.003227,0.688,1,34,59.06,0.823,1,897,18.79,15.896,0,30,6395,207319.7,85.89,16,12.1
1786433628418,1873,v1,0.0404,0.5826,0.2681,1.1164,0.1272,0.032,0.2043,0.001477,0.693,0,28,51.59,0.585,1,0,18.61,18.61,0,30,6058,206772.7,88.17,16,5.17
1786433630090,1874,v1,0.0417,0.4642,0.2727,1.1595,0.6387,0.032,0.0958,0.002467,0.601,1,18,38.49,0.933,1,1040,13.866,11.548,0,30,6441,191981.2,89.51,13,9.8
1786433632681,1875,v1,0.0154,0.2433,0.4035,2.4286,0.5847,0.032,0.1915,0.002147,0.678,1,32,92.27,0.83,1,0,14.055,14.055,0,30,6419,292435.0,65.51,19,7.65
1786433633917,1876,v1,0.0531,0.4236,0.4569,1.2164,0.5414,0.032,0.0639,0.00363,0.621,0,36,77.42,0.375,1,0,16.857,16.857,0,30,5355,131034.4,90.77,13,13.74
1786433622879,1877,v1,0.0634,0.5152,0.1157,0.8829,0.6303,0.032,0.2179,0.00263,0.591,0,36,83.88,0.368,1,0,15.978,15.978,0,30,6380,150250.9,88.5,12,10.71
1786433625021,1878,v1,0.0411,0.7286,0.2218,1.8518,0.9566,0.032,0.2033,0.003267,0.656,0,23,86.4,0.501,1,0,16.829,16.829,0,30,7402,213257.6,84.37,15,12.55
1786433627117,1879,v1,0.0724,0.9059,0.4769,1.0522,0.1555,0.032,0.1435,0.002494,0.641,1,8,92.58,0.419,1,2840,7.0,3.52,0,30,5834,249457.8,42.6,14,9.58
1786433628804,1880,v1,0.0307,0.8059,0.1691,2.1113,0.1648,0.032,0.1369,0.002098,0.695,0,10,88.54,0.449,1,0,9.0,9.0,0,30,5614,227197.6,84.68,17,7.13
1786433631097,1881,v1,0.0556,0.4933,0.3223,1.9619,0.5657,0.032,0.2212,0.002665,0.649,1,33,47.68,0.581,1,624,17.839,15.941,0,30,6339,189561.7,84.06,15,10.19
1786433632890,1882,v1,0.0667,0.5315,0.2966,1.6657,0.2461,0.032,0.0891,0.002602,0.673,1,32,96.68,0.317,1,0,17.727,17.727,0,30,6018,175554.5,84.36,15,10.07
1786433634496,1883,v1,0.0191,0.3625,0.1844,1.204,0.611,0.032,0.1029,0.0022,0.68,0,36,99.24,0.797,1,0,20.624,20.624,0,30,5543,182561.9,84.77,17,8.33
1786433623233,1884,v1,0.0608,0.9176,0.1096,1.6981,0.2668,0.032,0.1734,0.002844,0.683,0,21,77.58,0.955,1,0,16.581,16.581,0,30,5455,186771.0,85.7,15,10.28
1786433624881,1885,v1,0.068,0.6766,0.4845,1.6097,0.78,0.032,0.204,0.002512,0.593,1,32,54.05,0.469,1,651,14.584,13.073,0,30,6775,146403.5,87.47,10,9.89
1786433626926,1886,v1,0.0309,0.2048,0.2309,0.8851,0.1148,0.032,0.1166,0.002123,0.701,1,25,59.82,0.879,1,1588,18.158,13.199,0,30,6185,251191.4,85.73,16,8.18
1786433628763,1887,v1,0.0239,0.4596,0.2406,1.5208,0.9258,0.032,0.1824,0.00205,0.594,0,34,29.58,0.713,1,359,16.776,15.913,0,30,6514,167762.7,84.53,13,7.8
1786433630735,1888,v1,0.0722,0.9321,0.4207,2.2118,0.2837,0.032,0.0998,0.0017,0.704,0,18,71.63,0.547,1,0,15.787,15.787,0,30,6230,213972.5,94.09,15,6.37
1786433632693,1889,v1,0.0372,0.5239,0.2144,1.9903,0.9382,0.032,0.1001,0.00259,0.621,1,30,55.06,0.328,1,0,17.17,17.17,0,30,6993,195988.5,91.09,15,9.81
1786433634318,1890,v1,0.0529,0.9937,0.2895,1.7496,0.4928,0.032,0.1542,0.002097,0.582,0,31,31.5,0.475,1,0,14.596,14.596,0,30,6538,146761.6,84.36,11,7.19
1786433624172,1891,v1,0.0603,0.6979,0.2541,1.892,0.6756,0.032,0.1667,0.001788,0.689,1,32,87.87,0.542,1,0,18.37,18.37,0,30,6818,206426.0,98.49,16,7.82
1786433626007,1892,v1,0.07,0.5596,0.213,1.0937,0.2168,0.032,0.1599,0.001591,0.584,1,30,71.01,0.478,1,0,14.778,14.778,0,30,6424,154685.3,85.48,12,5.92
1786433627519,1893,v1,0.0258,0.3076,0.4904,2.2805,0.8404,0.032,0.1676,0.002283,0.589,1,17,96.48,0.33,1,0,13.309,13.309,0,30,6543,154136.2,90.16,12,9.26
1786433630277,1894,v1,0.0107,0.3736,0.1542,2.3151,0.4862,0.032,0.1966,0.003489,0.659,1,24,91.82,0.797,1,0,8.479,8.479,0,30,7306,343596.7,40.33,19,12.8
1786433631781,1895,v1,0.0171,0.434,0.3141,1.5413,0.1959,0.032,0.2102,0.002685,0.58,0,5,79.92,0.541,1,0,4.0,4.0,0,30,6275,127769.0,91.49,11,10.41
1786433633595,1896,v1,0.062,0.5461,0.2168,1.9394,0.986,0.032,0.0701,0.003394,0.622,1,16,60.02,0.7,1,119,14.906,14.632,0,30,6417,181454.3,98.04,15,12.28
1786433635824,1897,v1,0.0266,0.5188,0.4233,2.358,0.1973,0.032,0.1914,0.001811,0.717,0,21,90.61,0.318,1,0,11.953,11.953,0,30,5736,267297.8,57.25,18,7.1
1786433624169,1898,v1,0.0535,0.3723,0.4596,1.8451,0.1497,0.032,0.109,0.001826,0.629,0,35,35.27,0.971,1,0,17.627,17.627,0,30,6021,168536.3,91.94,14,7.26
1786433626423,1899,v1,0.0665,0.4373,0.3956,1.4122,0.2276,0.032,0.0666,0.001593,0.657,0,8,66.7,0.35,1,1650,7.0,5.806,0,30,6987,247085.7,73.65,15,5.93
1786433628486,1900,v1,0.0459,0.5801,0.2656,1.9564,0.8192,0.032,0.0866,0.002349,0.713,0,22,74.19,0.399,1,0,17.782,17.782,0,30,6509,210324.8,86.77,17,8.99
1786433630039,1901,v1,0.0229,0.8869,0.1825,1.1115,0.6803,0.032,0.0854,0.002518,0.674,0,26,62.41,0.873,1,0,18.158,18.158,0,30,5240,161502.4,86.45,16,9.41
1786433631762,1902,v1,0.0687,0.4706,0.2092,2.186,0.1176,0.032,0.1535,0.00155,0.656,1,36,63.59,0.959,1,1593,18.971,13.532,0,30,5881,195137.5,84.67,15,5.9
1786433633346,1903,v1,0.0109,0.3253,0.4089,1.6079,0.4755,0.032,0.2005,0.00371,0.583,1,19,76.3,0.442,1,0,12.234,12.234,0,30,5503,112372.8,85.72,11,13.54
1786433634988,1904,v1,0.0219,0.4953,0.1,1.7205,0.2476,0.032,0.0792,0.002949,0.653,0,23,32.93,0.425,1,0,17.732,17.732,0,30,5913,186829.3,84.51,17,10.67
1786433626067,1905,v1,0.0377,0.8591,0.1427,1.5733,0.6361,0.032,0.1184,0.001904,0.715,0,28,51.62,0.469,1,0,18.915,18.915,0,30,5874,186601.0,84.97,17,7.61
1786433628663,1906,v1,0.0104,0.4124,0.1522,2.3539,0.7846,0.032,0.058,0.002119,0.712,1,23,25.37,0.564,1,0,0.0,0.0,0,30,6280,371888.2,0.0,-1,8.55
1786433630364,1907,v1,0.0702,0.566,0.4699,1.9511,0.73,0.032,0.0585,0.001403,0.699,0,34,54.59,0.721,1,0,18.424,18.424,0,30,6619,192298.5,93.59,15,5.24
1786433633312,1908,v1,0.0409,0.5704,0.1883,1.5431,0.836,0.032,0.0617,0.00127,0.715,1,8,30.33,0.769,1,5677,7.0,0.0,0,30,5717,342344.8,0.0,-1,5.02
1786433635200,1909,v1,0.0602,0.666,0.3256,1.7038,0.5166,0.032,0.1363,0.001956,0.698,1,31,86.81,0.75,1,0,18.521,18.521,0,30,6222,188341.7,88.5,16,7.78
1786433637888,1910,v1,0.0664,0.8201,0.1796,2.2894,0.3239,0.032,0.0522,0.003467,0.652,1,12,99.4,0.466,1,3651,11.0,5.21,0,30,7187,326512.9,42.13,15,12.52
1786433639547,1911,v1,0.0754,0.9256,0.3135,1.8055,0.6656,0.032,0.0908,0.002631,0.676,1,23,55.9,0.98,1,983,16.35,13.572,0,30,6081,204021.7,88.03,15,10.16
1786433633330,1912,v1,0.0607,0.4176,0.4976,0.9375,0.872,0.032,0.1415,0.001816,0.608,0,26,86.7,0.342,1,0,13.035,13.035,0,30,6741,141883.4,84.58,10,6.81
1786433634915,1913,v1,0.016,0.8797,0.1187,2.2684,0.2324,0.032,0.0805,0.001647,0.624,1,27,20.95,0.548,1,614,17.784,15.788,0,30,5675,191898.2,84.69,16,6.38
1786433636568,1914,v1,0.0145,0.7735,0.3159,2.2563,0.8415,0.032,0.0751,0.001309,0.673,1,36,55.24,0.83,1,713,16.042,13.3,0,30,5817,246685.3,73.86,19,4.92
1786433638710,1915,v1,0.0367,0.3921,0.1069,2.3108,0.9272,0.032,0.1393,0.002761,0.604,0,35,68.9,0.927,1,0,18.104,18.104,0,30,6629,181034.4,86.05,15,10.45
1786433640783,1916,v1,0.0343,0.9301,0.1214,1.4353,0.2022,0.032,0.2213,0.002049,0.583,1,25,86.1,0.736,1,0,14.207,14.207,0,30,6234,150902.5,87.34,12,8.34
1786433642305,1917,v1,0.0511,0.4729,0.1298,1.7141,0.9891,0.032,0.1789,0.001743,0.696,0,14,96.17,0.699,1,0,13.0,13.0,0,30,5975,180183.7,89.9,16,6.85
1786433645948,1918,v1,0.0727,0.583,0.2903,2.4943,0.2023,0.032,0.1318,0.003689,0.633,0,24,79.51,0.964,1,0,16.167,16.167,0,30,6341,176235.2,92.26,15,14.05
1786433636273,1919,v1,0.0136,0.4364,0.4386,2.1369,0.6742,0.032,0.0966,0.003109,0.64,0,17,61.69,0.572,1,1071,15.863,13.119,0,30,5783,203501.8,69.98,16,12.74
1786433638602,1920,v1,0.0362,0.4746,0.3986,2.3138,0.8003,0.032,0.171,0.002273,0.666,0,15,76.86,0.549,1,2129,14.0,9.341,0,30,5666,233815.6,52.88,16,8.82
1786433640095,1921,v1,0.0264,0.2893,0.3971,1.3322,0.695,0.032,0.1241,0.002196,0.591,0,24,26.31,0.789,1,0,13.282,13.282,0,30,5576,121599.9,89.6,11,8.32
1786433642414,1922,v1,0.0425,0.5692,0.3837,1.5317,0.9975,0.032,0.2369,0.003591,0.711,0,27,42.9,0.964,1,0,18.271,18.271,0,30,6854,219171.2,95.72,17,13.51
1786433646139,1923,v1,0.0251,0.8248,0.1721,1.3754,0.4904,0.032,0.1707,0.003557,0.601,0,29,61.98,0.437,1,0,16.254,16.254,0,30,6338,163555.2,84.69,14,13.52
1786433648171,1924,v1,0.0114,0.4242,0.2083,0.9574,0.7109,0.032,0.1212,0.002802,0.648,1,21,65.63,0.575,1,0,17.151,17.151,0,30,5819,180932.0,93.05,16,10.79
1786433650127,1925,v1,0.0105,0.6707,0.4951,2.392,0.9334,0.032,0.0652,0.003739,0.667,0,11,37.32,0.748,1,2569,10.0,6.459,0,30,6010,262172.6,47.24,18,13.88
1786433637023,1926,v1,0.0313,0.5228,0.4498,2.3247,0.394,0.032,0.2203,0.002719,0.716,1,26,62.2,0.331,1,119,17.207,16.791,0,30,6282,253406.5,77.65,18,10.19
1786433639036,1927,v1,0.0652,0.2972,0.3411,1.0611,0.6983,0.032,0.0945,0.001649,0.596,0,18,28.44,0.346,1,287,12.557,12.11,0,30,6946,150247.3,87.16,11,6.44
1786433640989,1928,v1,0.0225,0.8656,0.3522,1.2731,0.7589,0.032,0.0892,0.002849,0.637,1,30,83.7,0.457,1,0,17.495,17.495,0,30,5671,163522.6,89.48,15,10.47
1786433643436,1929,v1,0.0563,0.7303,0.4938,1.6043,0.1849,0.032,0.241,0.003142,0.703,0,34,45.47,0.708,1,0,18.973,18.973,0,30,5818,181963.9,93.7,15,11.72
1786433646689,1930,v1,0.0214,0.2503,0.455,1.5206,0.7003,0.032,0.2494,0.002297,0.705,0,33,53.04,0.39,1,0,20.589,20.589,0,30,6564,231875.2,90.46,18,8.65
1786433648582,1931,v1,0.0688,0.7015,0.454,1.7685,0.9551,0.032,0.0666,0.001336,0.647,1,17,53.38,0.44,1,603,14.999,13.304,0,30,5449,177509.1,100.0,15,5.51
1786433650693,1932,v1,0.0422,0.6699,0.35,2.0337,0.7123,0.032,0.1878,0.002844,0.675,1,15,68.21,0.35,1,2423,14.0,8.426,0,30,6341,269680.8,51.49,16,10.79
1786433637889,1933,v1,0.0247,0.2169,0.497,2.1989,0.6898,0.032,0.1591,0.001991,0.627,1,18,20.23,0.527,1,841,15.476,13.48,0,30,6692,205236.4,86.26,15,7.43
1786433639382,1934,v1,0.0445,0.3775,0.1984,1.0842,0.2642,0.032,0.0832,0.002156,0.682,0,15,90.98,0.948,1,0,14.0,14.0,0,30,5848,174743.5,96.27,16,7.93
1786433641363,1935,v1,0.0563,0.6517,0.1372,1.5702,0.2433,0.032,0.0896,0.001691,0.604,0,30,42.53,0.912,1,0,16.449,16.449,0,30,5948,159453.2,87.73,14,6.62
1786433644638,1936,v1,0.0592,0.8604,0.1083,1.9531,0.1332,0.032,0.159,0.003398,0.609,1,18,34.59,0.381,1,424,15.026,13.822,0,30,5550,168933.2,95.19,14,12.92
1786433647365,1937,v1,0.0584,0.4717,0.4279,1.7034,0.8172,0.032,0.2067,0.003223,0.633,0,5,87.72,0.649,1,0,4.0,4.0,0,30,6466,158862.3,91.93,14,12.3
1786433649488,1938,v1,0.0115,0.7131,0.4263,1.5078,0.5747,0.032,0.0546,0.002338,0.697,1,35,78.12,0.565,1,0,11.982,11.982,0,30,5993,274316.2,49.8,18,9.38
1786433651667,1939,v1,0.0381,0.8551,0.4004,2.2259,0.7593,0.032,0.1666,0.002754,0.702,0,30,55.56,0.824,1,0,19.124,19.124,0,30,7271,229818.7,88.69,17,10.45
1786433638298,1940,v1,0.035,0.3441,0.3664,1.4697,0.8131,0.032,0.1242,0.001436,0.701,0,34,89.97,0.477,1,0,19.349,19.349,0,30,5859,187456.2,85.04,16,5.5
1786433640792,1941,v1,0.0266,0.8388,0.4798,1.2373,0.4737,0.032,0.0937,0.002444,0.63,0,14,20.83,0.693,1,3396,13.0,6.975,0,30,6398,291126.5,41.55,15,9.41
1786433643431,1942,v1,0.0566,0.2856,0.2479,0.9166,0.2114,0.032,0.1918,0.002704,0.683,0,19,72.71,0.692,1,0,15.905,15.905,0,30,6740,203156.8,93.03,15,9.7
1786433646598,1943,v1,0.0665,0.5889,0.1483,2.0001,0.946,0.032,0.0598,0.003603,0.649,0,6,25.1,0.491,1,2183,5.0,3.829,0,30,5705,227065.0,53.96,15,12.99
1786433649105,1944,v1,0.0633,0.6582,0.2679,1.3865,0.8505,0.032,0.2346,0.002131,0.602,0,9,21.88,0.652,1,2157,8.0,5.83,0,30,6077,231176.3,62.46,14,7.8
1786433650595,1945,v1,0.0625,0.5825,0.4614,1.8403,0.602,0.032,0.2259,0.002224,0.61,0,22,30.79,0.869,1,0,15.045,15.045,0,30,5212,138535.8,96.34,14,7.9
1786433654214,1946,v1,0.0254,0.2959,0.1064,1.9771,0.3569,0.032,0.1609,0.00158,0.718,1,29,33.26,0.877,1,623,3.887,2.018,0,30,7543,435857.8,18.42,-1,6.35
1786433638961,1947,v1,0.0341,0.7688,0.1503,1.7422,0.5538,0.032,0.1498,0.002518,0.652,1,27,48.54,0.971,1,958,17.17,14.414,0,30,6303,206886.7,84.22,15,9.47
1786433641284,1948,v1,0.0106,0.7324,0.1342,1.1743,0.4653,0.032,0.0541,0.003671,0.666,1,21,57.0,0.871,1,484,9.949,8.302,0,30,5784,266994.5,46.73,18,14.02
1786433644914,1949,v1,0.0625,0.973,0.2405,2.4582,0.9879,0.032,0.2259,0.003168,0.582,0,11,33.41,0.403,1,1303,10.0,8.198,0,30,5974,191903.7,77.61,14,12.0
1786433646993,1950,v1,0.0328,0.6694,0.3422,1.148,0.7854,0.032,0.1743,0.003156,0.59,0,33,40.39,0.323,1,0,14.441,14.441,0,30,5999,125310.5,86.08,11,11.6
1786433648869,1951,v1,0.0314,0.24,0.4555,1.8277,0.81,0.032,0.1998,0.003317,0.582,0,33,58.71,0.701,1,0,13.894,13.894,0,30,6655,133720.7,87.35,10,11.93
1786433650798,1952,v1,0.0434,0.8432,0.4242,2.2362,0.2362,0.032,0.0783,0.002932,0.637,1,16,89.76,0.375,1,211,14.884,14.371,0,30,6462,181014.0,89.45,15,11.81
1786433652627,1953,v1,0.0579,0.6874,0.3041,2.1913,0.6243,0.032,0.2211,0.002522,0.645,0,27,85.34,0.548,1,0,16.746,16.746,0,30,6495,185064.2,94.54,15,9.72
1786433640128,1954,v1,0.0141,0.3411,0.4975,0.9662,0.4451,0.032,0.1354,0.003055,0.609,1,7,34.87,0.453,1,3779,6.0,2.276,0,30,6189,276763.9,32.74,12,10.84
1786433641845,1955,v1,0.0675,0.8829,0.1731,1.9923,0.3823,0.032,0.1921,0.003768,0.615,0,19,74.4,0.988,1,0,14.885,14.885,0,30,6227,167548.8,88.59,14,13.75
1786433646276,1956,v1,0.0287,0.8106,0.3212,2.2421,0.9328,0.032,0.1401,0.001271,0.682,0,5,60.7,0.347,1,1326,4.0,3.639,0,30,7392,283134.3,70.09,18,5.14
1786433648762,1957,v1,0.0581,0.6675,0.1059,2.1256,0.2419,0.032,0.1691,0.003135,0.623,1,22,41.54,0.462,1,670,15.853,14.256,0,30,7026,215321.6,99.93,15,11.83
1786433650181,1958,v1,0.0412,0.5392,0.3818,1.1639,0.4838,0.032,0.2497,0.003624,0.585,0,32,30.96,0.466,1,223,14.137,13.662,0,30,6215,131781.0,84.51,10,13.21
1786433652333,1959,v1,0.0172,0.7453,0.1659,2.1255,0.7888,0.032,0.1781,0.001824,0.607,1,34,38.27,0.803,1,1056,18.233,15.132,0,30,6534,203766.8,86.27,15,7.28
1786433654156,1960,v1,0.0282,0.6137,0.3471,2.3686,0.4603,0.032,0.1215,0.001804,0.593,1,22,76.53,0.967,1,0,15.474,15.474,0,30,6034,168783.9,91.02,14,7.57
1786433644561,1961,v1,0.0524,0.2258,0.2788,1.6216,0.9249,0.032,0.1786,0.002521,0.615,1,9,55.51,0.644,1,5200,8.0,1.033,0,30,6086,341230.2,11.28,-1,9.35
1786433647387,1962,v1,0.0378,0.6494,0.1915,0.8363,0.2459,0.032,0.0745,0.002931,0.686,1,19,48.73,0.719,1,1081,16.76,13.586,0,30,6022,219484.1,94.13,16,11.26
1786433649150,1963,v1,0.06,0.8036,0.2326,2.1139,0.8223,0.032,0.055,0.00166,0.649,1,28,46.96,0.357,1,474,17.159,15.659,0,30,5636,180263.1,87.37,15,6.35
1786433651819,1964,v1,0.0233,0.4364,0.254,1.4836,0.6111,0.032,0.0889,0.001236,0.655,0,6,24.88,0.503,1,1997,5.0,4.126,0,30,6887,269415.2,60.83,16,5.11
1786433653312,1965,v1,0.074,0.4002,0.2269,2.2713,0.6412,0.032,0.2006,0.002281,0.598,0,32,39.11,0.689,1,0,16.703,16.703,0,30,5854,154030.6,98.37,14,9.31
1786433656176,1966,v1,0.0652,0.269,0.2427,2.2752,0.1224,0.032,0.0889,0.00211,0.639,0,24,88.06,0.317,1,0,16.303,16.303,0,30,6117,181660.8,85.07,15,7.86
1786433658627,1967,v1,0.0635,0.7808,0.4698,2.4691,0.8435,0.032,0.1846,0.001495,0.64,0,8,85.25,0.827,1,3869,7.0,4.102,0,30,6739,305619.8,42.09,15,5.76
1786433648751,1968,v1,0.0614,0.6088,0.401,2.1527,0.5874,0.032,0.1063,0.002059,0.664,0,24,41.24,0.332,1,0,16.571,16.571,0,30,5339,155426.2,87.82,15,8.05
1786433650238,1969,v1,0.0174,0.8092,0.3036,0.9202,0.6491,0.032,0.1335,0.003204,0.603,0,16,84.67,0.381,1,0,12.529,12.529,0,30,6343,152214.5,88.47,12,11.87
1786433652463,1970,v1,0.0716,0.9465,0.1304,1.482,0.228,0.032,0.055,0.001945,0.718,0,18,35.06,0.46,1,0,16.211,16.211,0,30,6206,243471.6,83.98,16,7.82
1786433654477,1971,v1,0.0683,0.5547,0.1686,1.6963,0.1608,0.032,0.1018,0.003421,0.596,1,30,20.17,0.409,1,609,16.261,14.604,0,30,6548,182435.1,97.21,14,12.86
1786433656946,1972,v1,0.0612,0.7323,0.406,1.823,0.8418,0.032,0.1769,0.002044,0.581,0,6,93.65,0.634,1,0,5.0,5.0,0,30,5989,135795.2,88.17,11,8.16
1786433658285,1973,v1,0.0614,0.5267,0.1419,1.1664,0.934,0.032,0.2136,0.002288,0.584,1,15,41.3,0.677,1,573,12.981,11.693,0,30,5709,156752.3,87.7,12,8.9
1786433659718,1974,v1,0.0279,0.2062,0.4737,0.9009,0.5856,0.032,0.1315,0.002675,0.703,0,4,83.65,0.816,1,0,3.0,3.0,0,30,6269,195095.4,86.12,16,10.51
1786433652741,1975,v1,0.077,0.8157,0.4443,1.3943,0.2748,0.032,0.0564,0.003246,0.641,1,27,81.86,0.359,1,0,16.068,16.068,0,30,6236,162505.3,84.32,14,12.56
1786433654794,1976,v1,0.0693,0.4112,0.346,2.399,0.1506,0.032,0.146,0.003523,0.675,0,12,52.13,0.333,1,1394,11.0,8.735,0,30,5739,226163.8,66.94,15,13.16
1786433657296,1977,v1,0.0181,0.5343,0.4797,1.3072,0.294,0.032,0.1932,0.003335,0.619,0,32,42.04,0.541,1,0,16.786,16.786,0,30,6563,177727.6,85.04,14,12.45
1786433659691,1978,v1,0.0109,0.8887,0.3159,1.7865,0.6633,0.032,0.0971,0.002025,0.69,1,13,46.9,0.718,1,5306,12.0,1.809,0,30,6406,346481.4,3.38,-1,7.81
1786433661556,1979,v1,0.0581,0.5991,0.2289,2.1494,0.6999,0.032,0.0605,0.002567,0.706,1,32,50.85,0.577,1,562,18.768,16.731,0,30,5571,183208.3,90.05,16,9.33
1786433664547,1980,v1,0.0255,0.8678,0.1117,0.8777,0.1689,0.032,0.2087,0.00183,0.657,1,4,64.68,0.951,1,5466,3.0,0.0,0,30,5496,321125.9,0.0,-1,6.95
1786433665583,1981,v1,0.0275,0.5305,0.2754,1.2014,0.8306,0.032,0.2268,0.001749,0.636,1,7,44.57,0.334,1,2474,6.0,3.258,0,30,5471,233160.9,47.29,15,6.82
1786433654350,1982,v1,0.0735,0.4722,0.4214,1.479,0.3975,0.032,0.0886,0.002057,0.622,1,16,31.45,0.836,1,1134,13.862,11.234,0,30,6207,193251.0,96.55,14,8.59
1786433656913,1983,v1,0.0769,0.7073,0.4526,1.9117,0.4172,0.032,0.0829,0.002358,0.716,0,25,79.29,0.927,1,0,17.014,17.014,0,30,5687,167670.0,95.29,15,8.63
1786433658525,1984,v1,0.0393,0.8618,0.4667,1.9898,0.2747,0.032,0.1366,0.00284,0.605,0,11,86.61,0.576,1,1820,10.0,7.515,0,30,6014,217069.6,58.39,14,10.84
1786433659885,1985,v1,0.0668,0.6266,0.141,2.3448,0.4132,0.032,0.0959,0.002781,0.702,1,34,34.72,0.979,1,937,19.099,16.131,0,30,6529,238629.0,84.57,16,10.09
1786433663842,1986,v1,0.0702,0.4858,0.2551,2.1001,0.4098,0.032,0.1191,0.00282,0.707,1,5,52.57,0.703,1,5028,4.0,0.6,0,30,5987,334072.8,13.19,-1,10.96
1786433665358,1987,v1,0.0444,0.4123,0.4715,1.4996,0.625,0.032,0.0853,0.001804,0.67,0,10,59.3,0.697,1,3514,9.0,5.205,0,30,6579,290392.3,40.4,15,6.51
1786433666342,1988,v1,0.0523,0.7931,0.4631,1.9172,0.7954,0.032,0.124,0.001597,0.653,0,33,50.51,0.769,1,0,17.722,17.722,0,30,6254,177067.8,96.13,15,5.96
1786433655511,1989,v1,0.059,0.7829,0.2892,2.1377,0.561,0.032,0.1392,0.001381,0.661,0,22,49.53,0.727,1,0,16.466,16.466,0,30,7147,209278.0,93.62,15,5.32
1786433658554,1990,v1,0.0171,0.9734,0.1836,1.7706,0.3714,0.032,0.1116,0.00325,0.71,1,4,94.41,0.645,1,5109,3.0,0.5,0,30,6183,359310.3,5.18,-1,12.23
1786433659787,1991,v1,0.0692,0.865,0.3822,2.2526,0.7839,0.032,0.1249,0.003751,0.718,0,20,74.74,0.4,1,0,16.724,16.724,0,30,5880,181943.5,88.95,16,14.42
1786433662347,1992,v1,0.0381,0.2903,0.4119,2.2773,0.4076,0.032,0.1615,0.003619,0.623,0,13,93.77,0.679,1,0,12.0,12.0,0,30,6371,173047.9,91.7,14,13.83
1786433664764,1993,v1,0.0112,0.5766,0.281,1.7881,0.3092,0.032,0.1739,0.003478,0.662,1,11,88.96,0.984,1,5489,10.0,0.0,0,30,5689,323822.2,0.0,-1,12.48
1786433666116,1994,v1,0.0301,0.8866,0.2347,1.2515,0.1947,0.032,0.1058,0.002446,0.701,1,9,22.04,0.58,1,5036,8.0,1.087,0,30,5948,332711.6,11.77,-1,9.63
1786433666838,1995,v1,0.0296,0.623,0.1648,1.4922,0.3057,0.032,0.218,0.003413,0.584,1,16,51.33,0.35,1,413,13.199,12.211,0,30,5796,143509.5,92.73,12,13.25
1786433657332,1996,v1,0.0695,0.684,0.1178,1.9294,0.3657,0.032,0.0817,0.002676,0.692,0,13,49.24,0.505,1,2538,12.0,8.372,0,30,7202,303993.7,58.95,16,10.23
1786433659457,1997,v1,0.0278,0.7747,0.4578,2.4409,0.1417,0.032,0.115,0.003194,0.698,1,17,71.12,0.459,1,3480,16.0,6.36,0,30,6108,314493.7,33.78,18,12.12
1786433662640,1998,v1,0.0739,0.7927,0.3516,0.8288,0.889,0.032,0.0599,0.003159,0.639,1,11,51.08,0.378,1,3141,10.0,5.314,0,30,6914,275412.1,50.97,14,11.3
1786433664412,1999,v1,0.0487,0.6455,0.2845,2.0374,0.9985,0.032,0.2191,0.002739,0.7,0,28,35.15,0.717,1,0,18.279,18.279,0,30,5876,185001.6,85.47,16,10.69
1786433675435,2000,v1,0.044,0.2836,0.1211,1.729,0.1272,0.032,0.2089,0.002783,0.682,0,33,42.18,0.571,1,0,20.619,20.619,0,30,6744,256642.5,84.14,16,9.77
1786433678018,2001,v1,0.0785,0.6314,0.4674,1.2653,0.2081,0.032,0.0549,0.001211,0.598,1,7,91.48,0.626,1,4536,6.0,1.551,0,30,6161,305813.9,23.92,13,4.59
1786433680292,2002,v1,0.0726,0.398,0.1539,1.6898,0.1218,0.032,0.0594,0.003707,0.702,0,5,36.68,0.465,1,1690,4.0,3.447,0,30,6194,270724.9,59.66,16,13.88
1786433682627,2003,v1,0.08,0.2556,0.1627,1.3069,0.5351,0.032,0.1059,0.001853,0.692,1,15,33.54,0.332,1,2862,14.0,7.645,0,30,6505,294652.1,50.01,15,7.19
1786433684122,2004,v1,0.0764,0.9771,0.2941,1.1389,0.6249,0.032,0.0803,0.002949,0.589,0,32,31.24,0.858,1,486,14.867,13.648,0,30,5623,128990.8,91.0,11,11.42
1786433686842,2005,v1,0.016,0.7737,0.4159,2.051,0.8919,0.032,0.0706,0.003574,0.673,1,13,51.41,0.677,1,5171,12.0,1.682,0,30,6285,362598.2,12.64,-1,13.11
1786433688707,2006,v1,0.0293,0.2452,0.1447,1.33,0.3234,0.032,0.2203,0.002999,0.648,0,20,40.47,0.887,1,0,16.0,16.0,0,30,6569,196144.6,91.56,15,11.14
1786433676221,2007,v1,0.0104,0.9802,0.3872,1.6649,0.2478,0.032,0.1564,0.002442,0.618,0,5,40.22,0.591,1,2756,4.0,3.102,0,30,6198,258098.7,47.19,15,9.34
1786433677962,2008,v1,0.0547,0.4031,0.4362,1.9514,0.8476,0.032,0.1955,0.001588,0.689,0,29,96.57,0.467,1,0,17.693,17.693,0,30,6396,187264.8,95.73,16,5.86
1786433679954,2009,v1,0.0639,0.7777,0.1064,2.0829,0.2634,0.032,0.1167,0.00258,0.664,1,27,33.24,0.352,1,467,17.488,16.05,0,30,6026,206508.3,98.79,16,9.44
1786433681415,2010,v1,0.0265,0.3692,0.411,0.8714,0.6707,0.032,0.0508,0.001428,0.607,1,20,65.69,0.418,1,0,13.367,13.367,0,30,6695,158777.1,88.59,12,5.48
1786433683551,2011,v1,0.0628,0.5525,0.1368,1.5683,0.8676,0.032,0.0722,0.00141,0.676,1,28,28.11,0.44,1,544,17.268,15.768,0,30,6464,195066.6,89.41,15,5.51
1786433685255,2012,v1,0.0691,0.6101,0.3619,2.3793,0.7401,0.032,0.2055,0.002513,0.691,0,6,93.51,0.426,1,0,5.0,5.0,0,30,6844,192405.0,95.73,16,9.34
1786433687185,2013,v1,0.0721,0.3151,0.1104,1.4996,0.9976,0.032,0.1661,0.002572,0.67,0,4,79.25,0.982,1,0,3.0,3.0,0,30,6460,189255.7,87.0,15,9.33
1786433677405,2014,v1,0.0289,0.7154,0.1041,2.388,0.7539,0.032,0.2073,0.001751,0.586,1,4,32.53,0.462,1,4045,3.0,0.982,0,30,6040,300124.3,31.49,15,6.85
1786433679232,2015,v1,0.0783,0.6126,0.1924,1.1034,0.4588,0.032,0.1015,0.002779,0.678,0,22,70.52,0.313,1,0,15.983,15.983,0,30,5973,173922.2,84.34,15,10.66
1786433681139,2016,v1,0.0305,0.9565,0.2116,2.1817,0.3029,0.032,0.0511,0.002027,0.695,0,30,27.34,0.811,1,1325,20.163,16.084,0,30,6324,271990.4,87.56,18,8.18
1786433682497,2017,v1,0.0602,0.6388,0.4306,1.9368,0.8924,0.032,0.1227,0.002844,0.684,0,34,97.93,0.863,1,0,18.261,18.261,0,30,5000,145024.1,86.84,15,10.84
1786433684203,2018,v1,0.0627,0.7081,0.4894,2.4393,0.7572,0.032,0.1652,0.002094,0.605,1,35,87.54,0.679,1,0,17.215,17.215,0,30,5646,144329.6,87.47,14,8.13
1786433685931,2019,v1,0.0422,0.271,0.3,2.1337,0.3334,0.032,0.1097,0.002898,0.6,0,26,42.35,0.889,1,0,15.793,15.793,0,30,6501,170933.6,88.18,14,10.38
1786433687718,2020,v1,0.0598,0.4642,0.3784,1.1634,0.9374,0.032,0.0808,0.003347,0.694,0,26,92.97,0.783,1,0,16.88,16.88,0,30,6114,175038.4,88.02,15,12.5
1786433677391,2021,v1,0.0395,0.8208,0.1228,2.2451,0.8926,0.032,0.2387,0.002281,0.697,0,31,22.23,0.684,1,361,19.712,18.619,0,30,6177,201321.5,85.2,17,8.52
1786433679351,2022,v1,0.0241,0.8793,0.1937,1.5025,0.9901,0.032,0.0695,0.001931,0.601,0,6,55.7,0.389,1,1523,5.0,4.191,0,30,5693,207209.7,63.96,14,7.61
1786433681139,2023,v1,0.0778,0.4126,0.226,1.6652,0.6279,0.032,0.2218,0.002722,0.602,1,20,27.32,0.98,1,1025,14.623,12.165,0,30,6373,192499.3,97.8,14,10.58
1786433683222,2024,v1,0.0183,0.8768,0.4539,2.1213,0.6298,0.032,0.1092,0.001278,0.675,0,21,99.04,0.341,1,0,18.151,18.151,0,30,6292,211178.0,95.28,18,5.29
1786433685635,2025,v1,0.051,0.3705,0.1964,1.0593,0.3644,0.032,0.2066,0.001301,0.668,1,16,89.62,0.976,1,3865,15.0,5.974,0,30,6548,333970.1,39.83,15,4.84
1786433687511,2026,v1,0.0649,0.424,0.1913,2.4956,0.6498,0.032,0.114,0.002146,0.668,1,20,67.45,0.704,1,0,15.897,15.897,0,30,5744,168167.8,85.39,15,8.62
1786433689379,2027,v1,0.0341,0.666,0.3891,1.633,0.2119,0.032,0.0841,0.001835,0.718,1,32,48.41,0.775,1,1181,21.15,16.608,0,30,5750,251570.8,84.54,17,7.2
1786433678867,2028,v1,0.052,0.85,0.1872,2.3474,0.4154,0.032,0.2047,0.003358,0.651,1,5,70.57,0.805,1,5899,4.0,0.0,0,30,5982,330776.7,0.0,-1,13.02
1786433680933,2029,v1,0.0166,0.5147,0.1449,2.2612,0.9187,0.032,0.126,0.003498,0.645,1,18,83.1,0.644,1,1898,16.875,10.927,0,30,5750,243128.5,56.88,17,13.15
1786433683695,2030,v1,0.066,0.8663,0.2393,1.847,0.965,0.032,0.1235,0.002353,0.687,1,4,23.44,0.618,1,5102,3.0,0.497,0,30,6158,353277.7,15.6,-1,8.95
1786433685184,2031,v1,0.0538,0.397,0.1371,1.5814,0.8849,0.032,0.2051,0.001546,0.65,0,10,89.47,0.579,1,0,9.0,9.0,0,30,6124,185275.0,88.29,15,5.96
1786433687323,2032,v1,0.0369,0.2754,0.466,2.1484,0.6811,0.032,0.1726,0.001527,0.645,0,9,96.46,0.741,1,0,8.0,8.0,0,30,6190,177531.3,89.59,15,6.32
1786433689288,2033,v1,0.062,0.4757,0.2693,0.8539,0.8282,0.032,0.0717,0.002523,0.697,0,24,42.54,0.308,1,0,16.702,16.702,0,30,7162,199473.3,92.11,15,9.37
1786433691475,2034,v1,0.0727,0.2603,0.377,1.2404,0.7519,0.032,0.1235,0.001203,0.709,0,26,35.97,0.643,1,0,16.853,16.853,0,30,7368,216630.8,88.16,15,4.6
1786433678536,2035,v1,0.016,0.2511,0.398,1.746,0.3835,0.032,0.2455,0.001601,0.634,1,35,45.56,0.376,1,474,18.348,16.827,0,30,6013,180888.6,84.29,15,5.85
1786433680742,2036,v1,0.0457,0.2267,0.1391,1.3237,0.7556,0.032,0.0945,0.003325,0.626,1,13,55.97,0.734,1,4992,12.0,0.002,0,30,5221,291561.4,0.02,-1,12.78
1786433682024,2037,v1,0.0395,0.4482,0.3856,2.1806,0.5329,0.032,0.1437,0.002571,0.631,1,31,86.98,0.502,1,0,17.39,17.39,0,30,5531,150890.4,84.37,15,9.89
1786433684973,2038,v1,0.0314,0.9987,0.333,1.8701,0.6127,0.032,0.1953,0.002715,0.585,1,11,90.56,0.994,1,6343,10.0,0.109,0,30,6578,375851.5,1.09,-1,9.23
1786433687633,2039,v1,0.0168,0.913,0.1974,0.99,0.4497,0.032,0.1634,0.001848,0.664,1,6,27.95,0.948,1,5831,5.0,0.0,0,30,5896,338700.6,0.0,-1,6.92
1786433689358,2040,v1,0.0464,0.738,0.2135,2.0448,0.5858,0.032,0.1673,0.002681,0.588,1,17,63.35,0.8,1,814,14.235,12.195,0,30,5847,180089.0,94.36,14,10.01
1786433691631,2041,v1,0.0733,0.8692,0.276,1.9953,0.8678,0.032,0.0676,0.001781,0.644,0,36,54.94,0.596,1,0,18.194,18.194,0,30,6473,175108.6,100.0,15,7.21
1786433679372,2042,v1,0.017,0.761,0.2522,0.9497,0.7699,0.032,0.177,0.001511,0.668,0,18,37.81,0.811,1,1315,16.748,13.495,0,30,6238,233784.4,68.28,16,6.32
1786433681928,2043,v1,0.0135,0.7781,0.1288,1.227,0.7609,0.032,0.1314,0.001492,0.635,1,11,80.23,0.804,1,6200,10.0,0.0,0,30,6309,370768.9,0.0,-1,6.07
1786433684038,2044,v1,0.0725,0.8115,0.11,1.9064,0.4539,0.032,0.219,0.003589,0.606,0,28,28.55,0.434,1,0,16.392,16.392,0,30,6549,178064.2,89.23,14,13.39
1786433685477,2045,v1,0.0506,0.7981,0.1409,1.1307,0.6302,0.032,0.0519,0.001764,0.599,0,34,71.27,0.572,1,0,16.92,16.92,0,30,5827,149850.1,99.23,14,6.85
1786433687649,2046,v1,0.0705,0.7551,0.3334,1.5788,0.6148,0.032,0.1439,0.003208,0.688,1,16,62.59,0.571,1,1941,15.0,9.71,0,30,5761,227877.7,55.14,15,11.73
1786433689231,2047,v1,0.0525,0.5814,0.2183,1.1255,0.5834,0.032,0.1191,0.00239,0.624,1,36,86.01,0.521,1,0,17.487,17.487,0,30,5855,158889.6,84.25,14,9.09
1786433691346,2048,v1,0.0512,0.9408,0.3113,1.793,0.2257,0.032,0.0732,0.002671,0.685,1,31,84.82,0.676,1,0,18.534,18.534,0,30,6244,201798.5,85.15,15,10.79
1786433680123,2049,v1,0.052,0.7703,0.2915,1.9265,0.4181,0.032,0.2428,0.001384,0.609,0,22,35.74,0.905,1,0,15.357,15.357,0,30,6622,183224.9,88.24,14,5.51
1786433682492,2050,v1,0.0157,0.9327,0.4186,2.0019,0.9066,0.032,0.2167,0.001942,0.719,0,29,85.34,0.667,1,0,0.004,0.004,0,30,5934,360336.4,0.02,-1,7.21
1786433684499,2051,v1,0.0544,0.623,0.3988,1.0322,0.4284,0.032,0.2393,0.0023,0.687,1,26,42.57,0.483,1,606,16.764,15.071,0,30,6284,197111.1,85.13,15,8.99
1786433687232,2052,v1,0.0297,0.9315,0.1174,1.8732,0.9104,0.032,0.1918,0.001723,0.674,1,15,97.21,0.668,1,5284,14.0,2.356,0,30,6514,344464.3,14.39,-1,6.72
1786433689143,2053,v1,0.0135,0.5922,0.361,1.7511,0.5592,0.032,0.216,0.00148,0.69,0,7,51.13,0.644,1,2584,6.0,4.345,0,30,6314,293449.0,42.54,18,6.15
1786433691635,2054,v1,0.027,0.3538,0.3229,1.4971,0.4684,0.032,0.2279,0.001729,0.664,0,14,46.13,0.449,1,2030,13.0,9.576,0,30,6673,247061.2,58.81,16,6.77
1786433694122,2055,v1,0.0198,0.2511,0.3511,1.8818,0.832,0.032,0.0758,0.003556,0.661,1,18,60.99,0.638,1,2581,16.983,8.886,0,30,5749,277852.9,44.16,17,13.01
1786433689359,2056,v1,0.0219,0.3619,0.101,2.1382,0.989,0.032,0.2093,0.002804,0.604,1,16,83.81,0.436,1,877,15.0,12.912,0,30,6574,225261.6,74.32,15,11.76
1786433691169,2057,v1,0.0684,0.5541,0.2012,0.9142,0.1895,0.032,0.137,0.003191,0.645,1,22,32.48,0.301,1,344,15.712,14.799,0,30,6280,176622.8,96.24,15,11.83
1786433693502,2058,v1,0.0739,0.5869,0.3689,1.4374,0.1114,0.032,0.1036,0.002805,0.591,0,8,81.25,0.452,1,0,7.0,7.0,0,30,6551,154446.4,85.28,11,11.33
1786433694977,2059,v1,0.0602,0.6927,0.3548,2.4763,0.588,0.032,0.2395,0.002972,0.587,0,6,97.78,0.729,1,0,5.0,5.0,0,30,5618,146050.0,91.63,14,10.56
1786433697298,2060,v1,0.0534,0.6861,0.2891,1.4838,0.8564,0.032,0.1554,0.002997,0.715,0,28,46.49,0.862,1,0,18.17,18.17,0,30,6333,197429.9,90.98,16,11.13
1786433699081,2061,v1,0.0532,0.2416,0.349,2.3071,0.4226,0.032,0.2472,0.00123,0.674,1,36,53.05,0.698,1,989,19.039,15.873,0,30,6146,193618.8,96.68,16,4.44
1786433702012,2062,v1,0.0193,0.3185,0.2838,1.9121,0.4445,0.032,0.205,0.002399,0.678,0,33,94.95,0.309,1,0,18.199,18.199,0,30,7517,257768.2,80.58,17,9.64
1786433690935,2063,v1,0.0745,0.7518,0.3052,1.8451,0.955,0.032,0.0766,0.002046,0.644,1,7,67.39,0.326,1,2787,6.0,3.268,0,30,6203,253630.8,51.37,15,7.92
1786433693354,2064,v1,0.0247,0.3181,0.316,2.0799,0.9983,0.032,0.1526,0.002565,0.683,1,19,38.16,0.807,1,1587,17.829,13.509,0,30,6873,258488.8,75.65,18,9.57
1786433696122,2065,v1,0.0402,0.8049,0.1231,1.9573,0.8366,0.032,0.1791,0.003401,0.662,0,7,84.24,0.796,1,4271,6.0,3.551,0,30,7131,328233.2,34.07,16,12.79
1786433698706,2066,v1,0.0486,0.3584,0.332,1.8378,0.1862,0.032,0.2291,0.001394,0.708,1,17,27.87,0.682,1,2583,16.0,9.331,0,30,6331,293509.6,58.32,16,5.61
1786433701134,2067,v1,0.0193,0.97,0.4377,1.2055,0.7878,0.032,0.1766,0.001247,0.654,1,36,80.16,0.925,1,0,18.803,18.803,0,30,5806,176218.3,85.65,15,4.6
1786433703284,2068,v1,0.0499,0.2841,0.4598,1.9888,0.9139,0.032,0.0514,0.002323,0.646,1,36,40.32,0.565,1,717,18.26,16.347,0,30,7345,210412.2,91.59,15,8.4
1786433706074,2069,v1,0.0343,0.4697,0.3424,0.9014,0.9609,0.032,0.2409,0.001292,0.72,0,9,45.25,0.876,1,2811,8.0,5.281,0,30,6259,281809.7,49.17,17,5.0
1786433691693,2070,v1,0.0577,0.8255,0.3321,1.9165,0.5113,0.032,0.1678,0.003097,0.61,0,27,87.49,0.629,1,0,16.123,16.123,0,30,6119,165918.7,85.82,14,12.67
1786433694796,2071,v1,0.0266,0.5759,0.2418,2.4797,0.7218,0.032,0.1483,0.002538,0.58,1,9,23.41,0.967,1,6321,8.0,0.0,0,30,6460,366811.9,0.0,-1,9.81
1786433696974,2072,v1,0.0585,0.6352,0.3446,1.0344,0.1886,0.032,0.2052,0.002691,0.697,1,29,40.1,0.57,1,1323,17.958,13.721,0,30,6061,229957.8,96.6,16,9.7
1786433698891,2073,v1,0.0533,0.5069,0.2337,0.9433,0.9331,0.032,0.1282,0.003049,0.719,0,26,87.65,0.739,1,0,17.868,17.868,0,30,6134,188111.8,92.12,16,11.35
1786433701933,2074,v1,0.043,0.8261,0.2449,2.4828,0.4932,0.032,0.1259,0.001334,0.711,1,17,56.62,0.75,1,4234,16.0,3.022,0,30,5348,317220.5,16.09,-1,5.31
1786433704839,2075,v1,0.038,0.5832,0.3242,2.4628,0.7116,0.032,0.2482,0.002265,0.607,0,8,46.0,0.983,1,3200,7.0,4.4,0,30,6257,280868.1,46.58,15,8.63
1786433707808,2076,v1,0.0271,0.6916,0.1966,2.0635,0.312,0.032,0.118,0.001245,0.702,0,17,59.42,0.449,1,1499,16.0,12.699,0,30,6497,291324.4,61.79,18,4.96
1786433692032,2077,v1,0.0186,0.6513,0.2091,1.1874,0.7594,0.032,0.2368,0.001546,0.633,0,29,43.84,0.538,1,0,17.4,17.4,0,30,6053,176845.5,88.91,15,6.06
1786433694163,2078,v1,0.0795,0.4698,0.1063,1.6319,0.556,0.032,0.2224,0.002555,0.651,0,35,52.08,0.999,1,0,18.038,18.038,0,30,6039,163822.2,99.73,15,10.18
1786433695746,2079,v1,0.0657,0.9253,0.1453,2.1393,0.8419,0.032,0.1368,0.00314,0.717,1,21,69.25,0.552,1,0,17.027,17.027,0,30,5543,172230.8,92.96,16,11.38
1786433698156,2080,v1,0.0531,0.9277,0.2111,1.8008,0.1124,0.032,0.0811,0.003362,0.696,0,19,86.88,0.519,1,0,16.626,16.626,0,30,6070,230609.5,91.08,16,12.11
1786433700664,2081,v1,0.0435,0.6833,0.3817,0.8322,0.4718,0.032,0.2145,0.00329,0.71,0,11,65.3,0.8,1,2652,10.0,6.202,0,30,5784,251398.8,44.75,16,12.29
1786433702228,2082,v1,0.0735,0.9905,0.358,1.286,0.1729,0.032,0.1965,0.002593,0.591,1,30,77.03,0.666,1,0,13.888,13.888,0,30,6425,136010.7,86.44,10,9.63
1786433704621,2083,v1,0.0416,0.5978,0.4159,2.013,0.9961,0.032,0.1917,0.00338,0.647,0,28,96.32,0.366,1,0,17.248,17.248,0,30,5926,162363.2,88.05,15,13.15
1786433694838,2084,v1,0.0619,0.3827,0.3198,1.0668,0.4379,0.032,0.1985,0.002465,0.619,0,7,49.72,0.724,1,2908,6.0,4.19,0,30,6530,268922.8,54.87,14,9.14
1786433697795,2085,v1,0.0791,0.6595,0.1779,1.6063,0.8375,0.032,0.1947,0.002801,0.685,1,6,65.94,0.466,1,3507,5.0,2.344,0,30,6694,280734.5,41.56,15,11.26
1786433700101,2086,v1,0.0433,0.403,0.1908,1.7809,0.2803,0.032,0.1676,0.002201,0.65,0,5,62.65,0.694,1,2867,4.0,3.05,0,30,6077,266158.5,45.01,15,8.13
1786433702719,2087,v1,0.0431,0.7579,0.1386,1.3297,0.2818,0.032,0.1471,0.001297,0.661,0,6,35.83,0.44,1,1840,5.0,4.116,0,30,6287,247826.1,70.12,16,4.84
1786433705741,2088,v1,0.053,0.3536,0.3731,1.6412,0.4657,0.032,0.0592,0.002365,0.713,0,13,31.96,0.664,1,2205,12.0,8.349,0,30,6210,278138.6,59.11,16,8.99
1786433707905,2089,v1,0.0554,0.7635,0.2131,1.1638,0.4069,0.032,0.1461,0.001922,0.614,0,26,30.42,0.354,1,200,15.83,15.365,0,30,6165,167392.1,84.66,14,7.25
1786433710232,2090,v1,0.0534,0.976,0.2113,0.8004,0.6397,0.032,0.0543,0.003208,0.647,0,8,32.87,0.547,1,2289,7.0,5.039,0,30,5985,228726.6,54.97,14,12.18
1786433695559,2091,v1,0.0269,0.3069,0.4924,1.7437,0.1299,0.032,0.1571,0.002492,0.658,0,9,37.29,0.637,1,2456,8.0,5.718,0,30,6573,256343.2,55.38,16,9.22
1786433697678,2092,v1,0.0289,0.9339,0.4344,2.4302,0.445,0.032,0.0966,0.002393,0.582,1,24,80.68,0.886,1,0,14.781,14.781,0,30,6177,156922.1,88.78,13,9.26
1786433699300,2093,v1,0.0478,0.8713,0.4216,2.0663,0.7193,0.032,0.0784,0.003628,0.669,1,31,67.03,0.798,1,0,18.368,18.368,0,30,6340,174522.4,84.21,16,13.38
1786433702747,2094,v1,0.0222,0.9653,0.3333,2.0196,0.4931,0.032,0.2028,0.001631,0.699,1,14,63.23,0.836,1,5835,13.0,0.0,0,30,5964,356923.0,0.0,-1,6.54
1786433704947,2095,v1,0.0181,0.4986,0.328,2.2219,0.2448,0.032,0.0506,0.001849,0.585,0,26,94.7,0.316,1,0,15.257,15.257,0,30,5865,147835.6,88.24,12,7.3
1786433706725,2096,v1,0.0659,0.7284,0.1309,1.5706,0.1538,0.032,0.1788,0.002853,0.656,1,23,49.38,0.423,1,499,16.17,14.554,0,30,5272,166703.8,84.12,15,10.91
1786433708970,2097,v1,0.0246,0.6417,0.1446,2.4601,0.164,0.032,0.122,0.003082,0.659,0,32,53.83,0.796,1,0,20.41,20.41,0,30,6081,214425.5,84.85,17,12.14
1786433696457,2098,v1,0.0644,0.3632,0.1002,2.3111,0.7105,0.032,0.1877,0.001811,0.655,1,5,32.77,0.797,1,5272,4.0,0.362,0,30,5845,328983.4,8.24,-1,7.36
1786433698490,2099,v1,0.0104,0.3738,0.2771,1.3344,0.8903,0.032,0.0668,0.003331,0.659,1,30,62.64,0.579,1,0,19.406,19.406,0,30,6835,232161.7,87.22,17,12.6
1786433701134,2100,v1,0.0713,0.5549,0.1316,0.8193,0.8952,0.032,0.136,0.002889,0.634,1,18,63.3,0.381,1,518,14.867,13.681,0,30,6739,198118.0,91.95,14,10.86
1786433704478,2101,v1,0.0131,0.99,0.299,1.8587,0.6269,0.032,0.2176,0.001713,0.717,1,20,86.47,0.912,1,6423,19.0,0.0,0,30,6633,417742.6,0.0,-1,6.35
1786433707510,2102,v1,0.0376,0.9063,0.1981,2.1264,0.2886,0.032,0.231,0.002524,0.586,0,14,79.94,0.829,1,3041,13.0,7.271,0,30,6042,266773.4,42.42,14,9.9
1786433709027,2103,v1,0.0286,0.9769,0.1457,0.857,0.1145,0.032,0.1644,0.002094,0.59,0,27,85.91,0.899,1,0,14.689,14.689,0,30,5645,131561.0,86.83,11,8.33
1786433712057,2104,v1,0.0475,0.2798,0.1856,1.4871,0.392,0.032,0.2134,0.003192,0.589,0,4,71.66,0.93,1,3184,3.0,2.436,0,30,5696,248433.4,40.36,14,12.24
1786433696607,2105,v1,0.069,0.2231,0.2788,2.3523,0.9055,0.032,0.1502,0.001265,0.67,1,34,43.41,0.688,1,729,18.113,15.871,0,30,6069,188294.7,86.02,15,4.58
1786433698101,2106,v1,0.0186,0.6192,0.4925,1.6175,0.3106,0.032,0.1913,0.002215,0.675,1,29,91.92,0.402,1,0,18.485,18.485,0,30,5774,178710.3,84.31,16,8.14
1786433700384,2107,v1,0.024,0.2016,0.3987,1.2205,0.3687,0.032,0.1453,0.001475,0.621,0,8,30.74,0.303,1,1239,7.0,6.022,0,30,6405,212903.0,67.67,14,5.96
1786433702614,2108,v1,0.0165,0.2718,0.1082,1.4815,0.7896,0.032,0.1169,0.001888,0.581,1,18,42.77,0.689,1,773,14.197,12.421,0,30,6332,191530.8,95.86,14,7.36
1786433705808,2109,v1,0.0206,0.4974,0.1585,1.7922,0.5634,0.032,0.1125,0.001444,0.7,0,31,71.17,0.929,1,0,11.8,11.8,0,30,6516,297432.5,56.16,19,5.46
1786433708700,2110,v1,0.0399,0.8968,0.4683,2.2307,0.4893,0.032,0.1897,0.002162,0.595,0,10,72.05,0.482,1,2235,9.0,6.629,0,30,6710,256280.4,64.17,14,7.9
1786433710839,2111,v1,0.0799,0.6616,0.1367,1.5301,0.5192,0.032,0.242,0.002695,0.673,1,25,98.58,0.362,1,0,16.567,16.567,0,30,5822,161959.8,85.03,15,10.01
1786433705095,2112,v1,0.056,0.9116,0.3361,2.0584,0.9728,0.032,0.2064,0.002831,0.653,1,25,86.98,0.404,1,0,16.409,16.409,0,30,5857,165779.7,94.49,15,10.62
1786433707374,2113,v1,0.0228,0.9094,0.3464,0.8072,0.1969,0.032,0.1639,0.001349,0.672,0,22,89.72,0.656,1,0,16.723,16.723,0,30,6521,202455.0,84.67,16,4.91
1786433710473,2114,v1,0.0593,0.4136,0.2256,1.6256,0.338,0.032,0.0614,0.002314,0.65,1,10,43.2,0.674,1,6116,9.0,0.525,0,30,6627,384402.0,5.7,-1,8.8
1786433713835,2115,v1,0.0522,0.7782,0.1529,0.924,0.4928,0.032,0.1573,0.00128,0.596,1,9,76.11,0.662,1,5831,8.0,1.152,0,30,6899,363114.4,12.64,-1,4.99
1786433715650,2116,v1,0.0346,0.978,0.4732,2.3828,0.4743,0.032,0.0794,0.002529,0.658,0,14,64.75,0.965,1,2897,13.0,7.451,0,30,5937,260656.5,41.69,16,10.06
1786433717974,2117,v1,0.0174,0.9189,0.2387,1.727,0.8745,0.032,0.0764,0.002381,0.697,1,7,24.54,0.682,1,5053,6.0,0.897,0,30,6013,363057.7,4.6,-1,8.76
1786433719764,2118,v1,0.0158,0.6545,0.4326,1.6543,0.2531,0.032,0.0915,0.001741,0.595,0,26,29.61,0.71,1,0,14.582,14.582,0,30,5992,145749.2,93.44,12,6.69
1786433708678,2119,v1,0.0576,0.47,0.4318,2.1345,0.2528,0.032,0.0904,0.002747,0.596,1,5,72.84,0.445,1,4021,4.0,1.535,0,30,6606,314146.9,38.07,14,10.16
1786433711539,2120,v1,0.025,0.2882,0.3744,1.2472,0.2853,0.032,0.1281,0.002634,0.639,0,9,58.75,0.719,1,2422,8.0,5.453,0,30,5843,237700.0,52.63,15,9.74
1786433713606,2121,v1,0.08,0.3068,0.2944,1.0049,0.693,0.032,0.1603,0.001899,0.651,0,15,44.31,0.801,1,1759,14.0,10.354,0,30,5942,217358.6,66.68,14,6.92
1786433715113,2122,v1,0.0279,0.4047,0.2993,1.2993,0.6003,0.032,0.1403,0.002659,0.653,0,34,53.37,0.399,1,0,18.215,18.215,0,30,6455,189722.9,88.33,15,10.67
1786433717784,2123,v1,0.0637,0.2048,0.3737,1.5151,0.4174,0.032,0.1537,0.001379,0.649,1,7,99.29,0.692,1,5538,6.0,1.277,0,30,7095,359976.0,20.89,15,5.67
1786433719846,2124,v1,0.059,0.406,0.4035,1.5136,0.8219,0.032,0.1401,0.00287,0.68,0,34,78.22,0.837,1,0,18.116,18.116,0,30,6571,187703.7,85.51,15,11.34
1786433721433,2125,v1,0.064,0.2034,0.1531,2.0527,0.5808,0.032,0.0925,0.001766,0.706,1,30,54.52,0.742,1,764,18.228,15.362,0,30,5089,165758.6,86.87,16,6.74
1786433709811,2126,v1,0.0298,0.9761,0.3453,1.9648,0.4096,0.032,0.0697,0.00258,0.604,1,24,56.75,0.445,1,528,15.589,14.213,0,30,6242,187811.2,84.55,14,9.77
1786433713088,2127,v1,0.0544,0.677,0.2649,1.4228,0.8248,0.032,0.2257,0.003161,0.657,1,11,58.33,0.918,1,5835,10.0,0.0,0,30,6028,345290.3,0.0,-1,12.06
1786433715302,2128,v1,0.029,0.7115,0.2807,1.7893,0.4327,0.032,0.2157,0.003163,0.688,0,13,21.43,0.996,1,3880,12.0,5.88,0,30,6589,333198.3,32.64,17,11.31
1786433718082,2129,v1,0.0523,0.9876,0.206,1.3244,0.4982,0.032,0.2366,0.002601,0.652,1,8,59.42,0.699,1,7312,7.0,0.0,0,30,7438,425515.8,0.0,-1,9.64
1786433719949,2130,v1,0.0508,0.2409,0.1917,1.3123,0.185,0.032,0.1844,0.003409,0.673,1,34,49.6,0.788,1,888,18.71,15.758,0,30,6224,199232.4,95.06,15,12.28
1786433721997,2131,v1,0.0462,0.6715,0.1047,2.117,0.2624,0.032,0.1184,0.003666,0.696,1,32,25.66,0.963,1,1112,20.727,16.408,0,30,5932,246944.9,87.53,17,13.65
1786433723508,2132,v1,0.0185,0.2987,0.401,1.1097,0.1268,0.032,0.0819,0.001533,0.598,1,18,61.23,0.454,1,590,12.58,11.314,0,30,5962,150709.4,86.32,11,6.06
1786433710986,2133,v1,0.0212,0.6096,0.4216,1.4131,0.7652,0.032,0.0522,0.002905,0.651,0,30,88.45,0.457,1,0,17.656,17.656,0,30,7087,212081.3,84.36,15,10.74
1786433713126,2134,v1,0.0242,0.621,0.3456,1.4353,0.7446,0.032,0.2416,0.003386,0.591,0,7,41.69,0.319,1,1309,6.0,5.137,0,30,6200,187353.5,67.77,11,13.16
1786433714677,2135,v1,0.0413,0.6637,0.4176,2.1568,0.2393,0.032,0.0856,0.002039,0.59,1,17,71.76,0.937,1,0,13.625,13.625,0,30,5917,152306.3,91.16,12,7.79
1786433716360,2136,v1,0.0262,0.6554,0.2926,1.7822,0.6624,0.032,0.1587,0.00134,0.656,1,29,21.01,0.656,1,848,17.683,15.254,0,30,6349,209458.6,84.17,15,5.17
1786433717876,2137,v1,0.0781,0.9926,0.1431,2.1926,0.4011,0.032,0.1627,0.001281,0.587,1,35,32.54,0.531,1,716,17.24,15.313,0,30,6678,174361.8,95.23,14,5.17
1786433719641,2138,v1,0.0644,0.5383,0.124,1.2645,0.5091,0.032,0.1825,0.001769,0.642,1,26,90.63,0.925,1,0,16.47,16.47,0,30,5786,166035.6,98.74,15,7.62
1786433721275,2139,v1,0.0175,0.4361,0.4417,2.0586,0.8579,0.032,0.1229,0.003245,0.649,1,34,98.39,0.339,1,0,19.024,19.024,0,30,5957,176449.2,88.57,16,12.15
1786433713432,2140,v1,0.0197,0.5474,0.4974,1.8831,0.17,0.032,0.244,0.001505,0.697,0,15,63.6,0.895,1,4712,14.0,5.497,0,30,6788,371565.4,25.03,18,5.79
1786433715670,2141,v1,0.0604,0.4078,0.4061,1.6702,0.2535,0.032,0.1534,0.003509,0.58,1,9,61.05,0.638,1,5234,8.0,1.472,0,30,6590,319988.6,15.82,-1,12.66
1786433717659,2142,v1,0.0353,0.3005,0.3219,0.9166,0.2619,0.032,0.2021,0.002191,0.71,0,33,23.01,0.553,1,322,19.732,18.868,0,30,7050,229614.1,84.2,17,8.67
1786433719283,2143,v1,0.0432,0.9916,0.4781,2.4601,0.7538,0.032,0.165,0.002665,0.596,1,29,95.01,0.317,1,0,16.178,16.178,0,30,5278,137065.6,98.92,14,9.91
1786433721202,2144,v1,0.0288,0.2121,0.3962,1.3847,0.6806,0.032,0.1595,0.00215,0.695,0,23,83.16,0.916,1,0,17.994,17.994,0,30,6768,206056.2,85.89,17,8.6
1786433722778,2145,v1,0.0796,0.6862,0.3417,2.0785,0.6932,0.032,0.1656,0.003115,0.661,0,27,83.94,0.315,1,0,16.638,16.638,0,30,6252,177987.4,99.18,15,11.13
1786433724974,2146,v1,0.063,0.2944,0.139,1.9028,0.8169,0.032,0.1422,0.001269,0.599,0,23,90.24,0.352,1,0,15.396,15.396,0,30,6512,177036.4,85.5,14,5.18
1786433713961,2147,v1,0.0557,0.8251,0.4913,2.4994,0.6979,0.032,0.1391,0.002122,0.655,0,15,92.9,0.723,1,0,14.0,14.0,0,30,7271,203027.0,92.06,15,8.1
1786433715087,2148,v1,0.0683,0.6902,0.1757,1.7004,0.4206,0.032,0.1264,0.002747,0.594,1,16,83.82,0.34,1,0,14.0,14.0,0,30,5710,150971.0,100.0,14,10.63
1786433716681,2149,v1,0.0652,0.3808,0.4861,1.9317,0.6072,0.032,0.1383,0.003455,0.673,1,28,60.34,0.632,1,0,16.998,16.998,0,30,5659,162177.3,84.25,15,12.92
1786433717936,2150,v1,0.0454,0.2548,0.3594,0.935,0.4275,0.032,0.057,0.003181,0.68,1,22,99.11,0.62,1,0,16.331,16.331,0,30,5995,170900.3,90.77,15,12.04
1786433720428,2151,v1,0.012,0.4907,0.4437,1.8029,0.2078,0.032,0.0574,0.001865,0.7,0,17,38.86,0.825,1,3462,16.0,7.913,0,30,6187,340823.6,24.33,19,7.29
1786433723227,2152,v1,0.0178,0.8253,0.4252,1.9938,0.7212,0.032,0.1268,0.001489,0.656,1,5,92.06,0.786,1,6028,4.0,0.012,0,30,6083,349542.5,0.27,-1,5.39
1786433725482,2153,v1,0.0467,0.4119,0.2424,1.0396,0.6421,0.032,0.0734,0.003452,0.601,0,24,27.1,0.466,1,0,14.914,14.914,0,30,6157,159595.9,89.67,13,13.16
1786433714301,2154,v1,0.0496,0.5097,0.1491,1.9082,0.5071,0.032,0.0727,0.001657,0.708,1,29,77.07,0.464,1,0,18.826,18.826,0,30,6213,201754.7,86.04,17,6.63
1786433716016,2155,v1,0.0167,0.8933,0.3652,1.942,0.5248,0.032,0.1864,0.002895,0.648,1,17,71.71,0.471,1,3012,16.0,6.921,0,30,5570,266755.6,36.98,17,11.83
1786433717831,2156,v1,0.0464,0.4245,0.3118,0.9236,0.7004,0.032,0.1065,0.002483,0.711,0,13,57.44,0.499,1,1615,12.0,9.399,0,30,6409,239229.8,64.71,16,9.95
1786433719858,2157,v1,0.0783,0.5856,0.2168,1.7449,0.989,0.032,0.1704,0.002491,0.685,1,18,42.72,0.612,1,841,15.629,13.324,0,30,5954,199740.2,90.55,15,9.74
1786433721684,2158,v1,0.0355,0.3409,0.1746,2.357,0.7191,0.032,0.116,0.00141,0.601,0,8,69.61,0.505,1,0,7.0,7.0,0,30,6207,182878.8,85.16,15,5.62
1786433724957,2159,v1,0.0124,0.9935,0.2469,2.4217,0.6634,0.032,0.0843,0.00163,0.675,0,34,67.3,0.875,1,0,5.13,5.13,0,30,6929,377825.2,23.88,19,6.61
1786433726916,2160,v1,0.0219,0.6719,0.4116,2.2228,0.2694,0.032,0.1671,0.003661,0.703,0,25,66.35,0.786,1,0,18.743,18.743,0,30,5928,222905.7,92.9,19,13.83
1786433714640,2161,v1,0.0723,0.6002,0.4387,1.3775,0.1373,0.032,0.2351,0.002799,0.701,0,4,85.38,0.499,1,0,3.0,3.0,0,30,5842,202281.8,92.62,15,10.56
1786433716195,2162,v1,0.0637,0.6749,0.3415,1.241,0.1666,0.032,0.1669,0.003641,0.594,1,14,34.75,0.452,1,422,12.423,11.63,0,30,6667,171501.8,88.92,12,13.59
1786433717844,2163,v1,0.0503,0.941,0.1409,1.4924,0.2016,0.032,0.1973,0.001749,0.606,0,27,38.37,0.507,1,0,16.063,16.063,0,30,7100,194078.2,85.56,14,6.42
1786433719733,2164,v1,0.0604,0.3146,0.1727,1.5873,0.4532,0.032,0.1314,0.0032,0.678,0,32,55.96,0.505,1,0,18.329,18.329,0,30,6507,194516.3,84.31,15,11.93
1786433722016,2165,v1,0.0388,0.7556,0.3117,1.2347,0.1722,0.032,0.2073,0.002908,0.664,1,4,65.26,0.304,1,2667,3.0,1.66,0,30,6015,246692.2,49.9,15,11.09
1786433724008,2166,v1,0.0497,0.8121,0.1778,1.9575,0.1178,0.032,0.0527,0.001416,0.668,1,25,36.65,0.732,1,1319,17.825,13.686,0,30,5868,245185.9,85.27,16,5.61
1786433727432,2167,v1,0.0608,0.426,0.3578,1.7329,0.6221,0.032,0.1225,0.001675,0.674,0,13,74.83,0.997,1,5056,12.0,4.735,0,30,7081,350292.7,24.47,16,5.59
1786433723023,2168,v1,0.0588,0.4554,0.1839,2.2709,0.8289,0.032,0.2155,0.003755,0.689,1,7,81.31,0.397,1,3326,6.0,2.89,0,30,6588,288199.3,42.98,16,14.3
1786433725828,2169,v1,0.0272,0.3258,0.3372,1.2319,0.6459,0.032,0.1379,0.001731,0.673,0,32,77.63,0.447,1,0,18.95,18.95,0,30,6498,197438.5,84.03,16,6.77
1786433728165,2170,v1,0.0484,0.3642,0.3374,2.0551,0.1974,0.032,0.2092,0.001413,0.669,0,5,23.3,0.9,1,4323,4.0,2.648,0,30,6431,318264.5,29.56,16,5.6
1786433729400,2171,v1,0.0362,0.2325,0.1289,2.3429,0.7508,0.032,0.2046,0.002014,0.651,0,16,96.63,0.436,1,0,15.0,15.0,0,30,5580,169197.3,89.91,16,7.31
1786433731169,2172,v1,0.0247,0.4274,0.2489,1.9833,0.708,0.032,0.0986,0.003139,0.675,1,29,27.3,0.905,1,1128,19.059,15.824,0,30,7209,238181.6,86.84,17,11.46
1786433733125,2173,v1,0.0332,0.3358,0.3108,2.1642,0.5505,0.032,0.2202,0.00368,0.609,1,14,66.27,0.314,1,2702,13.0,6.987,0,30,6152,259254.7,50.13,15,14.47
1786433733944,2174,v1,0.0713,0.4094,0.2332,2.4825,0.8429,0.032,0.0709,0.001303,0.626,0,36,81.18,0.74,1,0,18.043,18.043,0,30,5945,161981.8,95.3,14,5.03
1786433723853,2175,v1,0.0391,0.9065,0.2256,1.1595,0.8079,0.032,0.2015,0.003201,0.68,0,30,26.09,0.367,1,248,18.25,17.54,0,30,6204,190920.0,86.08,16,12.27
1786433726308,2176,v1,0.071,0.4356,0.2089,0.8514,0.9121,0.032,0.1562,0.001279,0.617,0,36,39.69,0.937,1,0,17.275,17.275,0,30,7137,180075.3,97.65,14,4.83
1786433728267,2177,v1,0.0791,0.7815,0.4892,2.219,0.27,0.032,0.1354,0.003567,0.6,0,5,69.1,0.436,1,2272,4.0,3.308,0,30,6669,254017.7,65.19,14,12.82
1786433730349,2178,v1,0.0267,0.6333,0.176,1.7685,0.8024,0.032,0.1231,0.001855,0.672,1,11,59.09,0.914,1,5556,10.0,0.0,0,30,5658,326098.6,0.0,-1,7.18
1786433732461,2179,v1,0.0688,0.8949,0.1521,1.3033,0.2278,0.032,0.0794,0.002173,0.691,0,12,72.94,0.846,1,3828,11.0,5.705,0,30,6666,327984.5,40.93,16,8.48
1786433733913,2180,v1,0.0583,0.6674,0.4988,2.0881,0.4876,0.032,0.226,0.001558,0.667,0,7,30.47,0.508,1,1888,6.0,4.961,0,30,7332,259516.8,63.45,15,6.0
1786433734989,2181,v1,0.0537,0.2246,0.4618,2.1468,0.912,0.032,0.1933,0.002569,0.712,0,35,46.62,0.34,1,0,19.382,19.382,0,30,6685,202784.7,91.41,16,9.17
1786433725260,2182,v1,0.0282,0.8413,0.4648,1.9494,0.7706,0.032,0.0966,0.001905,0.669,1,31,79.31,0.36,1,0,18.725,18.725,0,30,5895,183837.4,92.76,16,7.96
1786433727556,2183,v1,0.0402,0.2426,0.2412,0.9019,0.5268,0.032,0.0651,0.003702,0.719,1,14,63.4,0.316,1,2651,13.0,7.312,0,30,6359,282930.1,47.44,17,13.7
1786433728761,2184,v1,0.0574,0.2431,0.1587,1.8699,0.6162,0.032,0.0665,0.00181,0.589,1,26,79.8,0.575,1,0,15.788,15.788,0,30,6001,160795.1,84.17,14,6.8
1786433730873,2185,v1,0.0201,0.8344,0.2783,2.4476,0.5247,0.032,0.0913,0.002047,0.702,0,10,20.22,0.524,1,2446,9.0,6.143,0,30,6127,323505.3,18.42,-1,8.23
1786433732520,2186,v1,0.0287,0.8511,0.1073,1.6228,0.4712,0.032,0.1807,0.0036,0.626,0,31,71.49,0.833,1,0,17.909,17.909,0,30,6510,180922.1,92.91,15,13.12
1786433733898,2187,v1,0.0716,0.9387,0.1482,1.0996,0.9028,0.032,0.1954,0.002736,0.673,1,4,64.49,0.391,1,3000,3.0,1.576,0,30,6362,279219.4,45.12,15,10.64
1786433735538,2188,v1,0.075,0.9705,0.4858,2.1755,0.4613,0.032,0.0977,0.001276,0.708,1,12,63.64,0.708,1,6368,11.0,0.696,0,30,6898,403639.6,6.3,-1,5.1
1786433727368,2189,v1,0.0756,0.3876,0.4133,1.7773,0.288,0.032,0.205,0.002738,0.702,1,11,77.9,0.55,1,3522,10.0,3.729,0,30,5765,277801.6,31.51,15,11.07
1786433728545,2190,v1,0.0565,0.8691,0.1252,2.0955,0.373,0.032,0.1348,0.001898,0.657,0,29,71.63,0.418,1,0,17.656,17.656,0,30,6046,179218.1,95.2,15,6.95
1786433729979,2191,v1,0.0635,0.9248,0.2566,1.0866,0.6124,0.032,0.1555,0.003531,0.716,0,33,75.23,0.591,1,0,18.656,18.656,0,30,5576,161433.8,86.68,16,13.54
1786433731158,2192,v1,0.0727,0.5514,0.4215,1.3789,0.4857,0.032,0.1942,0.002427,0.601,0,29,95.01,0.33,1,0,15.626,15.626,0,30,6054,150116.7,88.32,13,9.18
1786433733363,2193,v1,0.0611,0.8401,0.1854,1.572,0.5488,0.032,0.0896,0.001774,0.687,0,11,62.94,0.971,1,4157,10.0,4.621,0,30,6301,321380.3,30.72,16,6.73
1786433734109,2194,v1,0.0216,0.3784,0.2559,1.2753,0.9429,0.032,0.1187,0.002231,0.637,1,24,45.18,0.426,1,522,16.712,15.077,0,30,5568,174734.8,91.89,15,8.75
1786433735233,2195,v1,0.0306,0.676,0.162,2.3086,0.3093,0.032,0.0537,0.001588,0.687,1,36,31.51,0.531,1,729,22.118,19.282,0,30,5926,230914.6,88.39,18,6.23
1786433727667,2196,v1,0.0334,0.5054,0.2313,2.2786,0.2528,0.032,0.2131,0.001745,0.645,1,31,44.19,0.359,1,423,18.062,16.789,0,30,6283,192547.0,85.76,15,7.02
1786433729037,2197,v1,0.0646,0.7185,0.2172,1.7912,0.2101,0.032,0.1115,0.00301,0.687,1,32,27.81,0.504,1,528,19.041,17.3,0,30,6376,229222.2,95.9,16,12.05
1786433730689,2198,v1,0.0582,0.8444,0.1744,1.9679,0.9402,0.032,0.0723,0.003128,0.717,1,26,85.36,0.823,1,0,18.069,18.069,0,30,6327,186731.9,84.91,16,12.06
1786433732940,2199,v1,0.0302,0.6376,0.3698,1.0308,0.8794,0.032,0.1623,0.001338,0.593,1,4,93.34,0.996,1,5743,3.0,0.0,0,30,5769,352887.0,0.0,-1,5.62
1786433743200,2200,v1,0.0304,0.2807,0.3779,1.9279,0.5901,0.032,0.209,0.003592,0.63,1,12,99.48,0.375,1,2700,10.996,6.068,0,30,6269,267093.7,47.05,15,13.46
1786433745624,2201,v1,0.0794,0.858,0.1271,1.5282,0.1502,0.032,0.1967,0.00263,0.69,0,18,63.87,0.357,1,0,15.608,15.608,0,30,6865,225230.2,90.53,15,10.4
1786433747914,2202,v1,0.0255,0.514,0.1078,1.0645,0.4174,0.032,0.1742,0.002551,0.593,0,11,74.77,0.997,1,4375,10.0,3.857,0,30,5863,300851.4,21.27,14,10.22
1786433750024,2203,v1,0.0346,0.4941,0.2876,1.0183,0.2002,0.032,0.1389,0.002607,0.716,0,5,58.15,0.393,1,1771,4.0,3.401,0,30,5988,267718.8,61.47,17,10.37
1786433752180,2204,v1,0.0175,0.9734,0.2859,1.3622,0.5828,0.032,0.0782,0.00252,0.612,0,12,65.45,0.962,1,3392,11.0,5.39,0,30,5599,258704.7,33.55,14,9.5
1786433754480,2205,v1,0.0663,0.8038,0.4382,2.3876,0.3026,0.032,0.2173,0.001927,0.627,1,13,27.65,0.45,1,3197,12.0,5.643,0,30,6152,275024.1,43.66,15,7.07
1786433756151,2206,v1,0.0497,0.8942,0.2255,2.3452,0.8309,0.032,0.2487,0.003552,0.677,0,27,26.07,0.598,1,309,17.723,16.847,0,30,6025,192478.4,86.72,16,13.1
1786433743324,2207,v1,0.0416,0.7064,0.4463,2.0019,0.3604,0.032,0.1808,0.002819,0.664,0,22,73.67,0.899,1,0,16.718,16.718,0,30,5861,167399.2,87.99,16,10.24
1786433746266,2208,v1,0.0652,0.5702,0.18,1.8013,0.1347,0.032,0.1796,0.003049,0.699,1,8,51.51,0.811,1,6098,7.0,0.0,0,30,6238,350625.5,0.0,-1,11.97
1786433748236,2209,v1,0.0351,0.2855,0.4501,1.7302,0.8009,0.032,0.2328,0.002924,0.617,0,30,64.66,0.525,1,0,16.385,16.385,0,30,6026,160029.2,86.44,13,11.52
1786433749958,2210,v1,0.0645,0.7718,0.3123,1.4109,0.6008,0.032,0.077,0.003449,0.664,1,17,43.45,0.727,1,848,15.12,12.949,0,30,6136,195881.9,85.42,15,12.61
1786433751688,2211,v1,0.0672,0.997,0.1549,0.8381,0.443,0.032,0.2128,0.001858,0.636,1,32,97.56,0.84,1,0,17.133,17.133,0,30,5975,161399.9,90.26,14,7.13
1786433753785,2212,v1,0.0509,0.6029,0.2924,1.7177,0.2734,0.032,0.1213,0.003732,0.676,1,13,73.69,0.928,1,5228,12.0,0.0,0,30,5456,321629.6,0.0,-1,13.64
1786433755404,2213,v1,0.037,0.8351,0.1038,1.9232,0.8728,0.032,0.0636,0.001531,0.711,0,16,33.73,0.517,1,1806,15.0,11.099,0,30,6171,253901.1,60.58,17,6.06
1786433744322,2214,v1,0.0641,0.4011,0.3275,1.8084,0.2591,0.032,0.1685,0.002597,0.719,1,33,97.04,0.35,1,0,19.585,19.585,0,30,6543,241846.0,85.53,16,9.75
1786433746225,2215,v1,0.0349,0.4038,0.3114,2.0715,0.2295,0.032,0.0505,0.003472,0.688,1,32,75.26,0.837,1,0,20.115,20.115,0,30,6062,215424.2,85.6,17,13.58
1786433748904,2216,v1,0.0411,0.3646,0.273,2.4911,0.2063,0.032,0.0785,0.003519,0.714,0,4,20.72,0.338,1,1309,3.0,2.797,0,30,6518,305519.0,67.42,18,13.07
1786433750325,2217,v1,0.0116,0.4392,0.1012,1.0747,0.2249,0.032,0.1254,0.002158,0.589,1,17,85.93,0.967,1,0,13.288,13.288,0,30,6333,144875.9,84.43,12,8.46
1786433752077,2218,v1,0.0251,0.205,0.4008,1.7654,0.6679,0.032,0.1176,0.00147,0.709,0,21,93.56,0.617,1,0,18.474,18.474,0,30,6659,227069.1,88.05,18,5.62
1786433754138,2219,v1,0.0499,0.365,0.334,1.2308,0.1797,0.032,0.1611,0.002245,0.665,0,4,99.18,0.3,1,0,3.0,3.0,0,30,7590,214101.9,86.94,15,8.81
1786433755202,2220,v1,0.0309,0.7449,0.445,1.4248,0.2778,0.032,0.2282,0.002982,0.584,1,34,41.43,0.61,1,735,14.246,12.27,0,30,5809,125501.4,91.83,10,11.38
1786433745439,2221,v1,0.0532,0.9942,0.241,1.3171,0.2151,0.032,0.1636,0.001938,0.708,0,25,45.25,0.815,1,0,17.608,17.608,0,30,6410,224218.9,88.31,16,7.71
1786433746973,2222,v1,0.0795,0.3759,0.4655,0.8118,0.2884,0.032,0.2103,0.002469,0.669,1,24,31.72,0.937,1,1017,15.63,13.01,0,30,6378,201079.5,86.27,14,9.52
1786433749152,2223,v1,0.0497,0.9869,0.3788,2.3181,0.5685,0.032,0.0864,0.002852,0.683,1,35,86.02,0.446,1,0,19.141,19.141,0,30,6255,196148.4,86.88,16,10.78
1786433750907,2224,v1,0.0332,0.7456,0.3703,1.9708,0.6224,0.032,0.2426,0.003109,0.678,0,23,92.62,0.961,1,0,17.468,17.468,0,30,6386,197620.7,92.32,16,11.6
1786433753600,2225,v1,0.0258,0.5301,0.3729,2.0879,0.2444,0.032,0.173,0.002549,0.612,1,12,65.33,0.749,1,6523,11.0,0.907,0,30,7302,406406.6,7.56,-1,9.5
1786433754770,2226,v1,0.0423,0.764,0.4734,1.6402,0.7377,0.032,0.0795,0.00336,0.672,1,24,52.06,0.451,1,569,16.548,14.824,0,30,5832,183286.0,88.51,15,12.45
1786433756666,2227,v1,0.0683,0.5061,0.1286,1.0103,0.1352,0.032,0.1034,0.001541,0.663,0,31,73.44,0.794,1,0,17.539,17.539,0,30,4992,151221.2,99.45,15,6.39
1786433745668,2228,v1,0.0286,0.5632,0.1168,1.0435,0.7748,0.032,0.0525,0.00284,0.647,0,31,52.12,0.965,1,0,17.85,17.85,0,30,6027,171504.2,92.73,15,10.82
1786433747328,2229,v1,0.0644,0.2463,0.3136,1.1976,0.5957,0.032,0.1176,0.001471,0.634,0,35,58.82,0.344,1,0,17.454,17.454,0,30,6935,189358.0,85.12,14,5.51
1786433750253,2230,v1,0.0138,0.4306,0.4262,2.2914,0.9699,0.032,0.1866,0.003452,0.62,1,6,64.55,0.901,1,6299,5.0,0.0,0,30,6411,366967.8,0.0,-1,12.93
1786433751916,2231,v1,0.0465,0.6855,0.1388,1.7406,0.3701,0.032,0.1462,0.003221,0.582,0,24,32.02,0.303,1,212,15.095,14.59,0,30,5908,160487.0,92.81,13,12.97
1786433753772,2232,v1,0.0438,0.7886,0.261,1.6164,0.2131,0.032,0.0502,0.002535,0.648,1,26,63.07,0.997,1,0,16.76,16.76,0,30,6920,197678.1,86.02,15,9.64
1786433754916,2233,v1,0.0274,0.4448,0.4532,0.8747,0.607,0.032,0.0807,0.003558,0.645,1,29,35.96,0.332,1,341,16.727,15.652,0,30,5832,167527.9,91.41,14,12.77
1786433757047,2234,v1,0.0114,0.449,0.4248,1.5503,0.132,0.032,0.0995,0.00154,0.613,0,27,23.39,0.581,1,342,16.226,15.423,0,30,6210,167856.2,92.28,14,5.65
1786433747852,2235,v1,0.0625,0.9308,0.3716,2.3039,0.431,0.032,0.2206,0.001551,0.66,1,15,44.2,0.961,1,6316,14.0,0.0,0,30,6442,411144.2,0.0,-1,5.67
1786433749441,2236,v1,0.0256,0.6694,0.3,1.1411,0.9136,0.032,0.2181,0.001957,0.581,1,15,30.61,0.334,1,467,10.88,10.069,0,30,6328,143171.4,87.28,9,7.63
1786433751404,2237,v1,0.0284,0.6542,0.1646,1.7869,0.9113,0.032,0.1867,0.003151,0.641,1,26,66.66,0.467,1,0,17.204,17.204,0,30,6639,194516.7,85.31,15,11.25
1786433752713,2238,v1,0.0413,0.411,0.224,0.8483,0.6594,0.032,0.0861,0.002046,0.668,1,26,35.37,0.626,1,699,16.931,14.776,0,30,5721,184687.8,88.52,15,7.57
1786433754597,2239,v1,0.0618,0.5813,0.2987,2.209,0.9119,0.032,0.1024,0.001494,0.696,0,16,27.5,0.738,1,2151,15.0,10.248,0,30,6006,251912.9,54.09,16,5.28
1786433756133,2240,v1,0.0205,0.7266,0.3037,1.8017,0.2872,0.032,0.0666,0.00199,0.615,0,30,64.9,0.612,1,0,17.241,17.241,0,30,5800,167654.0,84.39,15,7.36
1786433757971,2241,v1,0.0543,0.3611,0.3977,1.874,0.509,0.032,0.0922,0.001698,0.704,0,18,85.86,0.739,1,0,16.54,16.54,0,30,6202,190041.2,92.21,16,6.76
1786433746852,2242,v1,0.0614,0.3621,0.4181,1.1894,0.8281,0.032,0.2006,0.002845,0.681,0,28,91.47,0.691,1,0,16.941,16.941,0,30,6201,170609.6,90.44,15,10.72
1786433749046,2243,v1,0.0542,0.8914,0.3586,2.1486,0.9077,0.032,0.0945,0.003013,0.677,0,30,76.51,0.807,1,0,17.586,17.586,0,30,6072,177752.4,87.14,15,11.36
1786433750749,2244,v1,0.0729,0.2325,0.4908,1.1454,0.3848,0.032,0.0966,0.001397,0.642,1,32,64.73,0.836,1,0,16.893,16.893,0,30,6417,178922.5,84.31,14,5.75
1786433751970,2245,v1,0.0232,0.4569,0.3012,1.076,0.3698,0.032,0.0722,0.003403,0.602,0,35,60.06,0.366,1,0,16.343,16.343,0,30,5853,143604.1,90.66,12,12.9
1786433753591,2246,v1,0.0297,0.3703,0.1403,2.4475,0.6403,0.032,0.1991,0.001985,0.616,1,32,26.81,0.496,1,511,18.1,16.348,0,30,5598,162018.1,93.09,15,8.43
1786433754682,2247,v1,0.019,0.8921,0.4005,0.9083,0.9075,0.032,0.1079,0.001997,0.582,1,33,29.0,0.539,1,546,13.144,11.791,0,30,5634,110623.7,84.18,9,7.74
1786433756892,2248,v1,0.0337,0.2365,0.4453,2.4248,0.5483,0.032,0.1258,0.002372,0.64,0,35,56.91,0.943,1,0,18.448,18.448,0,30,6341,180218.8,89.47,15,9.05
1786433747153,2249,v1,0.0604,0.2963,0.2373,1.1866,0.9844,0.032,0.054,0.001447,0.613,0,34,95.81,0.72,1,0,17.041,17.041,0,30,5898,153706.5,99.86,14,5.1
1786433749146,2250,v1,0.051,0.3814,0.3389,1.2699,0.4903,0.032,0.1816,0.00353,0.583,0,27,28.22,0.824,1,474,12.887,12.016,0,30,6362,129870.3,86.04,10,12.78
1786433751497,2251,v1,0.0778,0.732,0.3761,1.3886,0.3496,0.032,0.0757,0.0024,0.608,0,4,24.61,0.89,1,2875,3.0,2.555,0,30,6509,266835.4,52.15,14,8.76
1786433752884,2252,v1,0.03,0.6512,0.1791,1.1103,0.6528,0.032,0.1225,0.001838,0.648,0,25,79.08,0.818,1,0,16.983,16.983,0,30,5855,177259.7,95.29,15,6.58
1786433754681,2253,v1,0.045,0.6826,0.1249,2.3581,0.7522,0.032,0.2276,0.00327,0.592,1,20,52.61,0.57,1,783,15.109,13.442,0,30,7472,215360.6,89.97,14,12.71
1786433757453,2254,v1,0.0647,0.8268,0.3478,2.2202,0.6973,0.032,0.2271,0.003522,0.593,1,9,63.38,0.969,1,5930,8.0,0.0,0,30,6092,325987.1,0.0,-1,13.05
1786433759292,2255,v1,0.0164,0.7938,0.443,2.0527,0.9559,0.032,0.0724,0.001905,0.661,0,22,55.05,0.735,1,0,17.656,17.656,0,30,6359,195764.9,89.57,16,7.05
1786433757806,2256,v1,0.0767,0.3667,0.3401,1.4625,0.6452,0.032,0.1189,0.00173,0.7,1,26,77.53,0.586,1,0,17.21,17.21,0,30,5769,173223.4,95.9,15,6.81
1786433760096,2257,v1,0.0156,0.9515,0.1635,0.8784,0.8866,0.032,0.2315,0.001968,0.694,1,29,69.45,0.949,1,0,18.283,18.283,0,30,6387,234939.8,84.81,18,6.9
1786433761800,2258,v1,0.0214,0.3481,0.2784,1.9509,0.1945,0.032,0.112,0.001685,0.645,0,24,37.38,0.344,1,0,17.43,17.43,0,30,6173,195365.9,89.92,16,6.61
1786433764129,2259,v1,0.0388,0.3004,0.4832,1.0258,0.5296,0.032,0.088,0.002412,0.707,1,17,64.35,0.8,1,2889,15.971,8.453,0,30,6399,276647.4,52.97,16,9.49
1786433766203,2260,v1,0.058,0.2934,0.4784,1.1344,0.502,0.032,0.21,0.003751,0.612,1,6,97.53,0.576,1,4106,5.0,1.69,0,30,6317,294762.7,29.09,13,13.3
1786433768891,2261,v1,0.0284,0.2785,0.1837,1.1258,0.476,0.032,0.1058,0.002101,0.611,1,6,36.93,0.656,1,5814,5.0,0.374,0,30,6358,358358.0,6.56,-1,8.21
1786433771880,2262,v1,0.0523,0.2822,0.351,1.0457,0.5149,0.032,0.1363,0.002644,0.632,1,11,95.74,0.611,1,6292,10.0,1.737,0,30,7808,409122.9,14.9,-1,10.02
1786433759483,2263,v1,0.0599,0.7121,0.2185,0.9751,0.6029,0.032,0.216,0.00356,0.701,1,13,28.01,0.633,1,5495,12.0,1.808,0,30,6753,382474.1,13.82,-1,13.16
1786433761367,2264,v1,0.0351,0.9087,0.4687,2.1175,0.4795,0.032,0.1132,0.003315,0.591,1,23,85.27,0.535,1,0,14.522,14.522,0,30,6071,149734.6,92.02,12,12.11
1786433763587,2265,v1,0.0643,0.9876,0.4591,2.0302,0.8476,0.032,0.2383,0.002215,0.688,1,9,69.8,0.904,1,5888,8.0,0.0,0,30,5977,339025.3,0.0,-1,8.1
1786433765605,2266,v1,0.0631,0.5074,0.3946,1.8295,0.8856,0.032,0.1986,0.002616,0.615,1,15,41.47,0.898,1,860,14.0,11.925,0,30,6007,191759.9,85.18,14,9.81
1786433767341,2267,v1,0.0542,0.5343,0.417,2.4227,0.6453,0.032,0.2174,0.00164,0.699,0,28,98.75,0.437,1,0,18.155,18.155,0,30,6161,178206.4,89.71,16,6.49
1786433768889,2268,v1,0.0368,0.6969,0.3003,1.5352,0.8245,0.032,0.1413,0.001249,0.596,0,26,88.4,0.484,1,0,15.416,15.416,0,30,6638,176777.9,93.28,13,4.94
1786433771124,2269,v1,0.0631,0.8587,0.4762,2.1418,0.7173,0.032,0.1276,0.002443,0.659,1,12,50.09,0.745,1,5867,11.0,0.0,0,30,6012,350727.2,0.0,-1,9.17
1786433759384,2270,v1,0.0753,0.8883,0.1201,2.3423,0.3493,0.032,0.2236,0.003205,0.635,1,17,37.66,0.82,1,1034,14.967,12.142,0,30,5774,188038.4,99.31,15,12.42
1786433761795,2271,v1,0.0166,0.3676,0.1835,1.9533,0.482,0.032,0.2206,0.002149,0.61,0,11,48.15,0.978,1,3689,10.0,5.099,0,30,6137,286916.4,35.08,16,7.45
1786433763462,2272,v1,0.047,0.7221,0.1504,2.2472,0.9215,0.032,0.1055,0.001333,0.681,0,23,36.53,0.666,1,0,17.148,17.148,0,30,6392,195892.3,84.98,16,5.18
1786433765982,2273,v1,0.0568,0.2797,0.3283,0.9527,0.7796,0.032,0.1943,0.002769,0.708,1,5,80.03,0.525,1,4933,4.0,1.006,0,30,6681,357422.8,23.77,16,10.4
1786433768110,2274,v1,0.0142,0.9597,0.3372,0.9126,0.6027,0.032,0.1401,0.002608,0.694,0,29,36.88,0.99,1,0,16.209,16.209,0,30,6310,242335.6,72.35,18,10.52
1786433769702,2275,v1,0.0501,0.4698,0.1424,2.1729,0.3331,0.032,0.1904,0.001678,0.639,0,5,78.04,0.314,1,0,4.0,4.0,0,30,6148,179377.8,88.94,15,6.23
1786433770933,2276,v1,0.048,0.7501,0.4172,1.4328,0.7827,0.032,0.0968,0.003592,0.689,1,19,29.63,0.347,1,430,16.28,15.041,0,30,5953,191365.3,86.14,16,13.17
1786433760277,2277,v1,0.0538,0.9937,0.3191,1.4304,0.9848,0.032,0.2392,0.001468,0.693,0,12,99.7,0.959,1,0,11.0,11.0,0,30,6401,184404.8,84.61,15,5.86
1786433762668,2278,v1,0.0268,0.4041,0.2718,1.8286,0.5781,0.032,0.202,0.001572,0.708,0,10,37.92,0.63,1,3145,9.0,5.555,0,30,6470,325058.3,45.44,19,6.51
1786433764055,2279,v1,0.0621,0.8466,0.3515,2.3756,0.5481,0.032,0.2334,0.002993,0.714,1,27,99.18,0.615,1,0,17.993,17.993,0,30,6304,189540.8,90.8,16,11.23
1786433766597,2280,v1,0.021,0.6568,0.2937,1.7453,0.5195,0.032,0.1481,0.001212,0.599,1,9,52.15,0.687,1,5220,8.0,1.754,0,30,6745,363740.2,18.71,-1,4.61
1786433768892,2281,v1,0.0793,0.9572,0.1734,2.0119,0.454,0.032,0.1584,0.003497,0.695,0,4,43.78,0.792,1,2656,3.0,2.603,0,30,6769,305063.7,59.94,16,13.31
1786433770506,2282,v1,0.0573,0.3192,0.4064,1.9718,0.4325,0.032,0.1012,0.002581,0.638,0,34,66.03,0.7,1,0,17.8,17.8,0,30,6359,177697.5,98.92,15,10.06
1786433772363,2283,v1,0.0189,0.6606,0.1427,2.0535,0.9464,0.032,0.1953,0.001391,0.653,0,27,24.06,0.468,1,273,18.876,18.138,0,30,6438,226301.6,92.38,17,5.48
1786433761052,2284,v1,0.0238,0.3152,0.1674,1.1627,0.5371,0.032,0.2353,0.002833,0.665,0,4,45.87,0.564,1,2292,3.0,2.66,0,30,6788,273032.4,58.39,16,10.62
1786433762796,2285,v1,0.0789,0.3733,0.2074,1.5463,0.1993,0.032,0.0932,0.002434,0.628,1,26,54.82,0.644,1,645,16.293,14.32,0,30,5618,167052.1,94.18,14,9.2
1786433763890,2286,v1,0.0524,0.9504,0.3036,2.004,0.8673,0.032,0.0517,0.003623,0.669,0,25,94.37,0.378,1,0,17.161,17.161,0,30,5919,178656.0,99.39,16,13.77
1786433765664,2287,v1,0.0112,0.9371,0.3623,1.3001,0.4042,0.032,0.1645,0.001571,0.633,1,27,74.38,0.408,1,0,17.061,17.061,0,30,6163,184342.8,85.89,15,6.25
1786433767253,2288,v1,0.0376,0.473,0.4597,1.1194,0.6301,0.032,0.2348,0.001726,0.591,0,27,44.65,0.794,1,0,12.997,12.997,0,30,6250,122178.4,91.67,10,7.09
1786433768729,2289,v1,0.0646,0.5252,0.3317,1.1789,0.7283,0.032,0.229,0.002788,0.676,1,35,76.78,0.33,1,0,18.114,18.114,0,30,5913,169059.3,88.58,15,10.72
1786433771258,2290,v1,0.0414,0.994,0.1422,1.1682,0.9064,0.032,0.09,0.001331,0.715,1,11,53.12,0.682,1,5663,10.0,1.363,0,30,6642,398138.9,12.39,-1,5.1
1786433761716,2291,v1,0.0598,0.9734,0.284,1.6237,0.1004,0.032,0.1256,0.001297,0.612,0,10,39.71,0.975,1,3075,9.0,5.319,0,30,5923,267072.3,45.2,14,4.85
1786433763933,2292,v1,0.0325,0.8082,0.3588,0.9143,0.7788,0.032,0.1169,0.003036,0.708,0,12,44.49,0.514,1,2342,11.0,8.107,0,30,7531,291801.2,59.57,17,11.38
1786433766273,2293,v1,0.0781,0.6657,0.4475,1.8557,0.2734,0.032,0.1406,0.001717,0.679,1,7,92.31,0.678,1,5976,6.0,0.368,0,30,6435,375648.5,6.05,-1,6.68
1786433768153,2294,v1,0.0589,0.4064,0.3941,2.25,0.3833,0.032,0.0796,0.003159,0.588,1,26,46.25,0.946,1,874,15.174,12.815,0,30,6046,169725.5,90.0,13,11.63
1786433770407,2295,v1,0.0746,0.5382,0.152,1.4654,0.4924,0.032,0.1586,0.001387,0.645,0,14,38.78,0.959,1,3317,13.0,7.341,0,30,6567,291692.3,44.79,14,5.51
1786433771664,2296,v1,0.0481,0.6301,0.4376,1.471,0.9991,0.032,0.2007,0.003421,0.618,0,26,72.14,0.847,1,0,15.339,15.339,0,30,5779,143827.7,91.97,13,13.24
1786433773337,2297,v1,0.0493,0.4612,0.2697,1.7402,0.7264,0.032,0.0919,0.002148,0.652,0,22,95.87,0.831,1,0,16.189,16.189,0,30,6326,190354.8,87.58,15,8.16
1786433762208,2298,v1,0.0642,0.8229,0.1644,1.6921,0.4643,0.032,0.1944,0.001561,0.661,1,21,54.23,0.562,1,861,15.865,13.967,0,30,7365,231549.5,83.72,15,5.89
1786433764307,2299,v1,0.0111,0.7975,0.3135,1.89,0.774,0.032,0.0885,0.002821,0.7,1,30,59.99,0.889,1,177,3.99,3.327,0,30,5961,335380.2,19.29,-1,11.09
1786433766746,2300,v1,0.0294,0.6901,0.3783,1.0271,0.3273,0.032,0.0947,0.002246,0.621,1,8,77.67,0.966,1,5870,7.0,0.0,0,30,5968,352187.9,0.0,-1,8.91
1786433768347,2301,v1,0.0701,0.2132,0.2026,2.1142,0.5706,0.032,0.1002,0.001925,0.683,1,29,90.36,0.495,1,0,17.632,17.632,0,30,6240,178552.7,94.48,15,7.28
1786433770350,2302,v1,0.0311,0.7285,0.4616,1.9404,0.4135,0.032,0.1692,0.002079,0.584,0,6,62.53,0.474,1,1963,5.0,4.059,0,30,6327,206009.9,58.97,11,8.0
1786433772467,2303,v1,0.0104,0.2431,0.1772,0.9944,0.1461,0.032,0.1003,0.001789,0.717,0,31,34.49,0.495,1,0,2.343,2.343,0,30,5453,305278.0,10.95,-1,7.1
1786433773816,2304,v1,0.0596,0.6369,0.3113,1.6268,0.9898,0.032,0.2335,0.001398,0.646,1,19,91.45,0.776,1,0,15.287,15.287,0,30,6207,177505.3,94.96,15,5.45
1786433762807,2305,v1,0.0336,0.3605,0.112,2.3011,0.3095,0.032,0.1057,0.002231,0.626,0,22,94.79,0.768,1,0,16.559,16.559,0,30,6127,181795.7,96.13,16,8.24
1786433764088,2306,v1,0.079,0.5242,0.4134,1.0886,0.9152,0.032,0.1212,0.003483,0.648,1,31,92.27,0.404,1,0,16.793,16.793,0,30,6177,162132.8,86.19,14,12.94
1786433765768,2307,v1,0.0745,0.3215,0.3196,0.8589,0.2757,0.032,0.1688,0.00317,0.651,0,35,76.84,0.654,1,0,17.682,17.682,0,30,6491,176993.9,92.17,14,11.4
1786433767620,2308,v1,0.032,0.6781,0.1548,1.0728,0.7797,0.032,0.1055,0.002198,0.6,0,29,45.66,0.404,1,0,15.956,15.956,0,30,6032,151709.4,95.32,13,8.55
1786433768960,2309,v1,0.0513,0.5821,0.4974,1.2268,0.8302,0.032,0.142,0.001652,0.697,0,29,90.09,0.637,1,0,17.772,17.772,0,30,6143,187579.7,97.93,16,6.2
1786433771431,2310,v1,0.0118,0.972,0.1732,1.75,0.7682,0.032,0.1003,0.001384,0.621,1,10,61.36,0.626,1,5889,9.0,0.811,0,30,6559,374754.6,7.69,-1,5.32
1786433773357,2311,v1,0.0737,0.8552,0.2599,0.8679,0.9629,0.032,0.1576,0.002414,0.667,0,13,59.14,0.87,1,2827,11.99,7.046,0,30,5907,247811.4,50.16,15,9.16
1786433773473,2312,v1,0.0763,0.8698,0.1335,1.0986,0.9033,0.032,0.0527,0.001651,0.664,0,26,52.37,0.383,1,0,16.514,16.514,0,30,6355,187975.1,100.0,15,6.72
1786433775547,2313,v1,0.0156,0.6764,0.4347,2.2476,0.5675,0.032,0.1207,0.00136,0.682,0,19,59.88,0.775,1,2268,18.0,11.969,0,30,6175,308630.8,44.06,18,5.65
1786433776950,2314,v1,0.0552,0.6236,0.1618,1.68,0.3593,0.032,0.1465,0.001481,0.618,0,14,93.77,0.45,1,0,13.0,13.0,0,30,6137,172127.9,89.73,14,6.19
1786433778297,2315,v1,0.0128,0.9452,0.2032,1.4929,0.1828,0.032,0.2269,0.00198,0.627,0,20,89.89,0.551,1,0,16.538,16.538,0,30,6012,175770.8,87.37,16,8.47
1786433779653,2316,v1,0.0559,0.9114,0.2743,2.2611,0.4185,0.032,0.1121,0.002475,0.667,0,26,82.98,0.747,1,0,17.258,17.258,0,30,5375,162354.6,85.62,15,9.58
1786433781031,2317,v1,0.0516,0.9885,0.2558,1.9347,0.8019,0.032,0.1884,0.003745,0.667,0,32,80.17,0.827,1,0,18.255,18.255,0,30,6295,181821.3,97.45,16,14.49
1786433782417,2318,v1,0.0408,0.574,0.4396,2.0755,0.8106,0.032,0.1694,0.001704,0.68,0,31,27.06,0.785,1,428,18.618,17.345,0,30,5841,193569.2,89.03,16,6.4
1786433773575,2319,v1,0.0689,0.9197,0.2329,1.8768,0.7172,0.032,0.1314,0.001772,0.695,0,17,96.27,0.521,1,0,15.857,15.857,0,30,5863,173734.2,88.32,16,7.4
1786433775401,2320,v1,0.0798,0.3767,0.4356,1.8895,0.5461,0.032,0.1004,0.003694,0.62,0,28,89.25,0.717,1,0,16.109,16.109,0,30,6795,173562.1,88.38,14,14.03
1786433777053,2321,v1,0.0357,0.2404,0.4528,1.8538,0.9189,0.032,0.104,0.001692,0.615,1,17,56.84,0.67,1,945,14.613,12.243,0,30,5988,194880.4,90.31,14,6.85
1786433778671,2322,v1,0.0579,0.7886,0.1617,1.2914,0.5566,0.032,0.1628,0.002852,0.611,0,16,39.66,0.509,1,0,14.115,14.115,0,30,7568,198098.2,84.21,14,10.52
1786433780130,2323,v1,0.0477,0.2955,0.2477,1.1954,0.8306,0.032,0.1239,0.002432,0.694,0,28,91.88,0.854,1,0,17.716,17.716,0,30,6428,194561.1,87.31,16,9.71
1786433781756,2324,v1,0.0316,0.8963,0.249,2.3318,0.5907,0.032,0.144,0.002849,0.6,0,15,99.4,0.757,1,0,14.0,14.0,0,30,6359,173452.4,92.14,14,10.11
1786433783837,2325,v1,0.0275,0.9168,0.1018,0.885,0.5778,0.032,0.1203,0.001893,0.702,1,9,90.22,0.91,1,5597,8.0,0.0,0,30,5675,328681.4,0.0,-1,7.21
1786433774607,2326,v1,0.0726,0.2516,0.1412,2.0942,0.753,0.032,0.2137,0.001628,0.589,1,18,23.57,0.39,1,582,14.429,12.991,0,30,5956,176782.9,92.26,14,6.18
1786433776019,2327,v1,0.0723,0.8742,0.3221,2.0109,0.1422,0.032,0.1291,0.001288,0.593,1,19,60.93,0.73,1,0,14.458,14.458,0,30,5754,150861.6,98.44,14,4.87
1786433777697,2328,v1,0.0725,0.3523,0.3693,1.407,0.681,0.032,0.1227,0.002477,0.646,1,28,76.99,0.649,1,0,16.586,16.586,0,30,6392,176388.1,93.55,14,8.85
1786433778985,2329,v1,0.0425,0.7167,0.463,2.3077,0.1545,0.032,0.2289,0.001381,0.639,0,28,43.81,0.692,1,0,16.799,16.799,0,30,5796,163122.9,84.44,14,5.31
1786433780244,2330,v1,0.0248,0.2199,0.438,1.8656,0.3923,0.032,0.2355,0.002993,0.695,1,32,80.01,0.503,1,0,19.814,19.814,0,30,5765,191442.2,84.53,17,11.83
1786433782038,2331,v1,0.0101,0.5486,0.1754,1.354,0.3478,0.032,0.1785,0.001828,0.624,0,7,97.4,0.891,1,0,6.0,6.0,0,30,6327,196255.3,86.76,16,7.32
1786433783525,2332,v1,0.0605,0.543,0.3065,1.8125,0.3559,0.032,0.2329,0.001498,0.696,0,19,45.62,0.583,1,0,16.229,16.229,0,30,5593,168989.7,84.6,16,6.35
1786433774981,2333,v1,0.0713,0.5062,0.1772,2.1185,0.8997,0.032,0.2216,0.002642,0.605,0,16,67.0,0.787,1,0,14.482,14.482,0,30,6193,164237.0,89.25,14,11.04
1786433776709,2334,v1,0.0722,0.6249,0.2586,1.0659,0.6406,0.032,0.1885,0.002538,0.694,1,22,39.82,0.938,1,1014,16.01,13.314,0,30,6284,206780.3,83.87,15,9.12
1786433778107,2335,v1,0.0563,0.9024,0.1323,0.8046,0.6278,0.032,0.1535,0.001826,0.694,0,34,74.32,0.803,1,0,18.433,18.433,0,30,6070,179412.0,84.31,15,7.2
1786433779880,2336,v1,0.072,0.7949,0.4577,1.2895,0.1724,0.032,0.1282,0.002019,0.686,0,16,60.52,0.973,1,1065,15.0,12.611,0,30,5992,218203.4,73.53,15,7.94
1786433781251,2337,v1,0.0458,0.6237,0.3708,1.3618,0.822,0.032,0.2483,0.003329,0.643,1,29,91.27,0.777,1,0,16.68,16.68,0,30,5729,159954.3,90.79,14,12.59
1786433783257,2338,v1,0.0274,0.2594,0.103,1.6122,0.2116,0.032,0.2342,0.00144,0.67,1,32,31.11,0.966,1,1063,20.324,16.922,0,30,6559,249879.2,85.01,17,5.99
1786433784872,2339,v1,0.0332,0.602,0.2047,2.3774,0.46,0.032,0.1568,0.003728,0.668,0,28,83.73,0.518,1,0,18.494,18.494,0,30,6384,201466.4,86.55,16,13.91
1786433775689,2340,v1,0.0515,0.6524,0.3851,1.7762,0.5731,0.032,0.1524,0.002777,0.622,1,31,95.09,0.508,1,0,16.82,16.82,0,30,5585,145795.3,87.07,14,9.92
1786433777507,2341,v1,0.0232,0.4791,0.2151,0.9111,0.7041,0.032,0.1415,0.001632,0.641,1,7,61.56,0.374,1,2588,6.0,3.162,0,30,5527,245094.9,45.82,15,6.12
1786433779784,2342,v1,0.0143,0.3521,0.4008,1.4502,0.266,0.032,0.1969,0.002156,0.704,0,14,55.45,0.981,1,4580,13.0,4.711,0,30,6233,348448.1,10.11,-1,8.36
1786433781651,2343,v1,0.0286,0.7457,0.467,1.3839,0.9767,0.032,0.0651,0.002119,0.7,1,14,38.23,0.32,1,2840,13.0,6.774,0,30,6092,273942.4,44.17,17,7.99
1786433783002,2344,v1,0.0731,0.8175,0.3994,2.3883,0.8176,0.032,0.111,0.001334,0.647,1,24,58.36,0.934,1,0,16.166,16.166,0,30,6438,179033.5,91.54,15,4.77
1786433784506,2345,v1,0.0146,0.5324,0.4665,1.8607,0.1145,0.032,0.1606,0.00275,0.656,1,35,77.47,0.775,1,0,19.481,19.481,0,30,5169,161964.4,94.71,16,10.52
1786433786639,2346,v1,0.0166,0.5735,0.3871,1.5356,0.3412,0.032,0.154,0.003239,0.707,1,31,85.88,0.436,1,0,10.12,10.12,0,30,5799,272761.7,48.03,19,11.86
1786433776820,2347,v1,0.0243,0.3,0.1024,1.6632,0.8841,0.032,0.1736,0.002071,0.705,0,13,86.15,0.44,1,0,12.0,12.0,0,30,6639,313653.6,41.32,18,7.91
1786433778115,2348,v1,0.0415,0.6802,0.4786,1.88,0.4637,0.032,0.1964,0.001524,0.707,0,27,74.58,0.668,1,0,18.292,18.292,0,30,5775,177769.6,85.43,16,6.51
1786433780251,2349,v1,0.0293,0.5589,0.4487,1.5908,0.7499,0.032,0.1208,0.001764,0.604,1,7,99.18,0.631,1,5475,6.0,0.548,0,30,6085,339955.8,8.41,-1,6.82
1786433781928,2350,v1,0.0772,0.4551,0.3679,2.4725,0.6531,0.032,0.228,0.001666,0.627,1,17,37.14,0.457,1,751,14.891,12.944,0,30,5887,185932.9,97.55,15,6.29
1786433783564,2351,v1,0.0603,0.4607,0.1699,1.1117,0.2343,0.032,0.1843,0.001721,0.614,0,5,96.63,0.985,1,0,4.0,4.0,0,30,6191,166561.9,99.64,14,6.54
1786433785029,2352,v1,0.0475,0.53,0.1233,1.2897,0.4,0.032,0.2447,0.003315,0.659,1,28,27.17,0.534,1,654,17.107,15.208,0,30,6412,195397.2,86.51,15,12.69
1786433787966,2353,v1,0.0146,0.4331,0.2092,2.2563,0.5674,0.032,0.2148,0.002463,0.718,0,16,33.61,0.463,1,2058,15.0,11.032,0,30,6983,386605.4,0.0,-1,9.24
1786433776822,2354,v1,0.0436,0.8601,0.3037,1.6706,0.8735,0.032,0.1328,0.002952,0.608,0,26,25.16,0.999,1,742,15.84,14.107,0,30,6328,182695.6,84.36,14,11.43
1786433778316,2355,v1,0.0688,0.9616,0.1871,1.9459,0.6595,0.032,0.0679,0.003335,0.672,0,20,35.12,0.763,1,0,15.894,15.894,0,30,6926,191655.0,88.86,15,13.17
1786433780056,2356,v1,0.0473,0.2893,0.1961,1.3671,0.786,0.032,0.1136,0.002384,0.667,0,21,86.81,0.782,1,0,16.414,16.414,0,30,7436,215203.7,97.35,16,9.0
1786433782107,2357,v1,0.0517,0.6804,0.4841,2.1511,0.1565,0.032,0.0762,0.001747,0.689,1,7,56.98,0.336,1,2933,6.0,3.189,0,30,6329,310632.2,46.14,16,6.81
1786433783695,2358,v1,0.068,0.2883,0.3443,1.8022,0.5243,0.032,0.082,0.002346,0.628,0,30,50.49,0.777,1,0,16.702,16.702,0,30,5944,162665.6,88.7,14,8.56
1786433785999,2359,v1,0.0684,0.5267,0.2468,1.0568,0.7047,0.032,0.2024,0.003766,0.607,1,8,43.89,0.729,1,4750,7.0,1.299,0,30,6004,305418.4,17.06,-1,13.67
1786433787384,2360,v1,0.0344,0.2085,0.3132,1.4114,0.6741,0.032,0.1163,0.001994,0.651,1,36,58.54,0.843,1,0,18.682,18.682,0,30,5779,170880.7,90.94,15,8.08
1786433777527,2361,v1,0.0693,0.9285,0.4267,2.0811,0.3752,0.032,0.2314,0.002271,0.718,1,33,31.36,0.311,1,391,19.143,17.882,0,30,6301,213759.2,83.86,16,8.09
1786433779230,2362,v1,0.0168,0.821,0.34,1.0182,0.9689,0.032,0.2166,0.003101,0.718,0,16,77.18,0.768,1,0,15.0,15.0,0,30,6078,271676.2,51.14,18,11.68
1786433780411,2363,v1,0.0133,0.6554,0.3105,1.6329,0.1588,0.032,0.1548,0.003257,0.608,1,16,93.62,0.866,1,54,14.615,14.473,0,30,5990,166157.0,91.34,14,12.34
1786433781961,2364,v1,0.0108,0.2807,0.222,0.9751,0.2849,0.032,0.0799,0.003605,0.604,1,30,70.07,0.31,1,0,16.161,16.161,0,30,7010,170140.8,87.03,13,13.95
1786433784289,2365,v1,0.0278,0.4746,0.2179,2.1111,0.4228,0.032,0.1503,0.003543,0.598,0,6,64.75,0.941,1,4190,5.0,2.952,0,30,6248,278472.9,28.94,15,12.98
1786433786227,2366,v1,0.0287,0.7649,0.3177,2.4118,0.4729,0.032,0.1473,0.002943,0.714,1,34,21.3,0.994,1,970,18.66,15.424,0,30,6871,267698.2,81.31,18,10.89
1786433787954,2367,v1,0.054,0.4036,0.2155,2.4413,0.5196,0.032,0.1848,0.001726,0.679,1,30,88.06,0.878,1,0,18.252,18.252,0,30,6553,204830.8,85.18,16,6.35
1786433784638,2368,v1,0.0778,0.6958,0.2305,1.4077,0.4182,0.032,0.1108,0.002935,0.716,0,18,91.53,0.647,1,0,16.09,16.09,0,30,6028,199276.9,91.02,16,10.67
1786433786548,2369,v1,0.0587,0.3603,0.49,1.5876,0.8869,0.032,0.2416,0.001515,0.652,1,25,79.24,0.476,1,0,16.043,16.043,0,30,6712,187747.3,92.49,14,6.35
1786433787925,2370,v1,0.0628,0.778,0.1717,1.9977,0.4399,0.032,0.1489,0.001615,0.629,0,34,77.39,0.456,1,0,17.729,17.729,0,30,5968,168849.8,96.85,15,6.52
1786433789137,2371,v1,0.0214,0.2339,0.486,1.5365,0.4047,0.032,0.1052,0.002415,0.654,0,30,27.29,0.942,1,692,17.725,15.935,0,30,6457,207239.4,92.08,15,9.01
1786433790800,2372,v1,0.0665,0.3963,0.2182,1.162,0.9662,0.032,0.1872,0.001714,0.632,1,26,38.2,0.815,1,1043,16.02,13.431,0,30,6700,206861.5,87.96,14,6.58
1786433791907,2373,v1,0.0469,0.6243,0.1175,2.2232,0.1414,0.032,0.073,0.00134,0.607,0,27,26.31,0.515,1,390,16.501,15.555,0,30,6134,179501.2,94.99,14,5.15
1786433793356,2374,v1,0.0133,0.4305,0.197,1.3953,0.9407,0.032,0.1716,0.001817,0.627,0,31,96.41,0.521,1,0,18.209,18.209,0,30,6572,197058.6,84.29,16,6.88
1786433786098,2375,v1,0.07,0.7207,0.1051,1.9066,0.5092,0.032,0.0943,0.003762,0.605,0,12,69.26,0.647,1,2475,11.0,7.234,0,30,6190,255963.9,55.43,15,14.28
1786433787867,2376,v1,0.0501,0.892,0.3743,2.1581,0.1486,0.032,0.2233,0.001777,0.668,1,26,72.05,0.787,1,0,17.405,17.405,0,30,6777,209745.5,98.39,16,6.55
1786433789660,2377,v1,0.0327,0.3828,0.2707,2.1472,0.8621,0.032,0.1287,0.003462,0.608,1,10,93.77,0.774,1,6081,9.0,0.437,0,30,6606,350550.9,4.68,-1,13.41
1786433791367,2378,v1,0.0601,0.6337,0.2382,1.7085,0.6257,0.032,0.2187,0.001869,0.598,0,26,52.19,0.963,1,0,15.677,15.677,0,30,7175,180396.3,99.81,14,7.8
1786433792118,2379,v1,0.0687,0.331,0.3782,1.3711,0.369,0.032,0.1047,0.001807,0.6,0,32,81.16,0.635,1,0,15.471,15.471,0,30,5615,134394.4,89.3,11,7.28
1786433794002,2380,v1,0.0219,0.9934,0.1826,1.6513,0.7116,0.032,0.1165,0.002974,0.652,1,10,78.69,0.832,1,5576,9.0,0.514,0,30,6072,353497.3,5.3,-1,11.86
1786433794796,2381,v1,0.0692,0.2931,0.2599,1.8439,0.6449,0.032,0.1459,0.003376,0.702,0,10,27.51,0.519,1,2112,9.0,6.373,0,30,5837,237087.1,58.03,16,13.36
1786433786743,2382,v1,0.0177,0.9479,0.2296,1.8647,0.9581,0.032,0.1296,0.003684,0.703,1,36,31.92,0.326,1,124,6.719,6.21,0,30,5974,316059.2,31.35,19,13.69
1786433788183,2383,v1,0.0768,0.5325,0.365,1.4019,0.67,0.032,0.2314,0.002756,0.68,0,16,95.23,0.446,1,0,14.928,14.928,0,30,5801,161343.6,84.36,15,10.17
1786433789815,2384,v1,0.0724,0.6646,0.3906,1.6168,0.7707,0.032,0.2055,0.003347,0.654,1,11,97.95,0.871,1,5915,9.982,0.298,0,30,6319,366252.4,2.82,-1,12.34
1786433791269,2385,v1,0.0528,0.7205,0.2592,1.3357,0.4493,0.032,0.0965,0.002208,0.637,1,24,68.98,0.578,1,0,16.164,16.164,0,30,5889,163467.2,99.56,15,8.71
1786433792273,2386,v1,0.0628,0.9874,0.252,1.772,0.6995,0.032,0.1101,0.002976,0.595,1,27,46.86,0.484,1,605,15.421,13.884,0,30,6531,167262.8,91.4,13,11.7
1786433793998,2387,v1,0.0128,0.9133,0.1693,1.8729,0.405,0.032,0.2487,0.001628,0.687,0,35,73.95,0.98,1,0,8.982,8.982,0,30,6085,300451.3,39.01,19,5.6
1786433794724,2388,v1,0.0343,0.3283,0.2692,2.3099,0.9585,0.032,0.2074,0.001685,0.692,1,30,86.06,0.504,1,0,19.143,19.143,0,30,6310,210044.8,88.04,17,6.01
1786433786932,2389,v1,0.0153,0.6433,0.1656,1.6494,0.7065,0.032,0.1355,0.001811,0.602,1,16,87.9,0.757,1,0,14.694,14.694,0,30,5106,137378.8,94.06,14,7.31
1786433788593,2390,v1,0.0369,0.7442,0.2487,2.2875,0.7661,0.032,0.0794,0.003255,0.619,1,20,53.33,0.835,1,1026,15.769,13.124,0,30,6470,211761.3,86.9,15,12.33
1786433789589,2391,v1,0.026,0.5023,0.3527,1.1007,0.255,0.032,0.2204,0.002051,0.609,1,35,84.63,0.774,1,0,16.5,16.5,0,30,6331,160643.1,91.02,12,7.72
1786433791688,2392,v1,0.0108,0.383,0.2049,0.865,0.6801,0.032,0.0669,0.001764,0.671,1,5,56.69,0.551,1,4524,4.0,1.014,0,30,6110,332492.3,18.19,-1,6.6
1786433792590,2393,v1,0.0325,0.5472,0.3556,2.1872,0.8929,0.032,0.0747,0.003763,0.6,0,21,43.51,0.451,1,0,14.999,14.999,0,30,5637,146167.4,84.15,14,14.35
1786433793890,2394,v1,0.0719,0.9383,0.3028,2.3054,0.3805,0.032,0.2399,0.002579,0.645,0,18,48.29,0.73,1,0,15.198,15.198,0,30,6240,168705.3,99.37,15,10.29
1786433794581,2395,v1,0.0192,0.2087,0.3195,1.575,0.4438,0.032,0.1274,0.002701,0.65,1,29,53.09,0.755,1,960,18.005,14.942,0,30,6069,202087.5,85.89,16,10.35
1786433788993,2396,v1,0.0158,0.6962,0.1372,1.7654,0.1421,0.032,0.2498,0.003024,0.666,0,13,71.65,0.612,1,2704,12.0,7.817,0,30,6675,282070.3,48.92,17,11.76
1786433790429,2397,v1,0.0183,0.5809,0.1558,2.3915,0.4523,0.032,0.0568,0.002647,0.675,1,30,52.79,0.447,1,301,13.897,12.767,0,30,5668,234534.5,60.49,18,9.7
1786433791775,2398,v1,0.0322,0.8494,0.1897,2.3102,0.2343,0.032,0.1262,0.001328,0.613,0,4,90.28,0.652,1,0,3.0,3.0,0,30,6764,187010.8,87.99,15,5.54
1786433793764,2399,v1,0.0574,0.2456,0.2391,1.9084,0.5339,0.032,0.1978,0.001269,0.647,1,8,61.03,0.623,1,4875,7.0,2.093,0,30,7017,336806.4,25.56,15,4.93
1786433800634,2400,v1,0.068,0.9211,0.3982,1.8042,0.1206,0.032,0.0906,0.003562,0.681,0,17,63.27,0.751,1,0,15.322,15.322,0,30,6451,207864.1,86.4,15,13.9
1786433802056,2401,v1,0.0335,0.8564,0.4752,2.0582,0.3913,0.032,0.2019,0.00327,0.612,1,29,46.82,0.418,1,516,16.178,14.737,0,30,6253,175770.1,88.61,14,12.03
1786433803353,2402,v1,0.0352,0.8016,0.2096,0.9246,0.8986,0.032,0.1729,0.001432,0.634,1,29,70.07,0.52,1,0,16.735,16.735,0,30,5921,165732.5,93.72,14,5.47
1786433804896,2403,v1,0.02,0.2763,0.2841,2.1745,0.5501,0.032,0.0915,0.001888,0.606,1,26,72.05,0.901,1,0,16.357,16.357,0,30,6733,191172.2,86.22,14,6.77
1786433806306,2404,v1,0.0732,0.5666,0.4353,2.1527,0.4095,0.032,0.1434,0.003092,0.628,0,25,69.08,0.705,1,0,15.734,15.734,0,30,5899,156623.9,85.75,14,11.51
1786433807803,2405,v1,0.0579,0.8502,0.2911,0.8139,0.1393,0.032,0.1954,0.001796,0.601,1,35,85.43,0.564,1,0,16.058,16.058,0,30,5833,136487.0,85.23,12,7.44
1786433809300,2406,v1,0.068,0.7902,0.4691,0.8579,0.8592,0.032,0.1703,0.003763,0.662,1,32,69.93,0.976,1,0,17.417,17.417,0,30,6630,186320.2,97.85,15,13.48
1786433801417,2407,v1,0.0355,0.5223,0.4695,1.9383,0.9196,0.032,0.0571,0.001649,0.617,1,19,52.17,0.64,1,1012,15.018,12.827,0,30,7118,232561.9,91.98,14,6.83
1786433803116,2408,v1,0.0233,0.6021,0.4155,0.8174,0.8243,0.032,0.198,0.002104,0.698,0,16,41.16,0.504,1,1986,15.0,10.606,0,30,6048,249406.0,58.03,17,7.72
1786433804577,2409,v1,0.0549,0.5585,0.1861,1.9021,0.4699,0.032,0.2261,0.001502,0.699,0,23,51.89,0.53,1,0,17.554,17.554,0,30,5793,186194.3,91.25,16,5.8
1786433807025,2410,v1,0.0601,0.3549,0.3811,1.6552,0.9983,0.032,0.1876,0.001611,0.678,1,14,87.12,0.372,1,3304,13.0,6.933,0,30,7215,307667.9,48.44,15,6.0
1786433808509,2411,v1,0.0287,0.5062,0.3313,2.3583,0.3041,0.032,0.1447,0.002367,0.639,0,7,83.76,0.995,1,0,6.0,6.0,0,30,6142,188079.7,85.79,16,9.39
1786433811409,2412,v1,0.0257,0.4626,0.4484,1.9198,0.1384,0.032,0.0513,0.003023,0.641,1,7,31.36,0.721,1,6614,6.0,0.0,0,30,6750,362432.4,0.0,-1,10.87
1786433813294,2413,v1,0.0582,0.8147,0.2574,1.3541,0.5986,0.032,0.2399,0.002058,0.615,0,7,37.06,0.867,1,2721,6.0,4.026,0,30,5591,231566.7,44.33,14,7.69
1786433801893,2414,v1,0.0189,0.6996,0.4717,2.0831,0.1481,0.032,0.1295,0.002622,0.681,0,20,40.14,0.533,1,0,18.269,18.269,0,30,6611,221963.4,89.06,18,9.88
1786433803654,2415,v1,0.0312,0.9487,0.2186,1.1135,0.7824,0.032,0.1115,0.00283,0.601,1,19,48.88,0.318,1,414,14.151,13.293,0,30,7127,191612.1,91.28,13,11.1
1786433805356,2416,v1,0.0472,0.6175,0.2457,1.283,0.6261,0.032,0.1504,0.002446,0.59,0,14,43.77,0.708,1,1523,12.835,10.182,0,30,6525,222828.8,67.06,13,9.21
1786433806981,2417,v1,0.0568,0.6334,0.4185,1.0621,0.4731,0.032,0.2049,0.002933,0.655,1,29,44.31,0.616,1,876,16.683,14.212,0,30,6356,191692.3,91.7,14,10.73
1786433808779,2418,v1,0.0336,0.3393,0.1682,1.9187,0.1844,0.032,0.2388,0.00126,0.616,1,35,91.79,0.384,1,0,17.979,17.979,0,30,6893,193885.5,87.68,15,4.74
1786433810039,2419,v1,0.048,0.4429,0.2784,1.4311,0.4653,0.032,0.2061,0.002594,0.64,1,26,41.97,0.631,1,687,16.281,14.265,0,30,5886,178759.7,94.08,14,9.65
1786433811922,2420,v1,0.0324,0.9198,0.3928,2.4115,0.3756,0.032,0.1465,0.003035,0.661,0,8,53.79,0.897,1,3394,7.0,3.949,0,30,5679,273884.4,32.78,17,11.59
1786433802822,2421,v1,0.0726,0.73,0.3833,1.9416,0.789,0.032,0.1052,0.002728,0.611,1,8,43.66,0.381,1,3825,7.0,3.065,0,30,6927,305725.7,43.32,14,10.06
1786433804450,2422,v1,0.0345,0.2368,0.1524,1.6897,0.7636,0.032,0.2248,0.001338,0.65,0,28,95.88,0.674,1,0,17.615,17.615,0,30,6230,181981.1,84.45,15,4.83
1786433806031,2423,v1,0.05,0.8662,0.1406,1.8689,0.391,0.032,0.1084,0.001573,0.685,0,7,90.27,0.556,1,0,6.0,6.0,0,30,6141,191701.1,91.69,16,6.45
1786433808255,2424,v1,0.0628,0.6218,0.3573,0.8551,0.2394,0.032,0.0897,0.00367,0.67,1,15,99.77,0.987,1,5578,14.0,1.723,0,30,6692,360055.0,12.31,-1,13.12
1786433809846,2425,v1,0.0179,0.8599,0.3288,1.2053,0.2446,0.032,0.0588,0.003116,0.595,0,13,62.23,0.363,1,705,11.817,10.558,0,30,5821,152478.8,74.18,12,12.16
1786433811471,2426,v1,0.0282,0.9925,0.1493,0.8871,0.7652,0.032,0.1472,0.003457,0.592,1,24,50.49,0.379,1,559,13.952,12.632,0,30,6310,155298.4,88.91,11,12.92
1786433813368,2427,v1,0.0206,0.585,0.4267,1.0671,0.1535,0.032,0.1175,0.001824,0.689,1,6,97.34,0.471,1,3691,5.0,1.645,0,30,5551,289584.1,29.52,18,7.49
1786433802896,2428,v1,0.0734,0.5057,0.1265,1.7531,0.4493,0.032,0.0571,0.001729,0.704,1,25,58.72,0.808,1,0,17.379,17.379,0,30,5734,192613.3,85.6,16,6.02
1786433804554,2429,v1,0.073,0.289,0.397,1.5701,0.931,0.032,0.0589,0.00281,0.632,0,10,72.71,0.438,1,1880,9.0,6.691,0,30,5854,211075.4,57.8,14,10.61
1786433806052,2430,v1,0.0679,0.9989,0.3658,2.3419,0.4669,0.032,0.1587,0.002035,0.582,1,25,84.38,0.377,1,0,15.126,15.126,0,30,5975,149871.5,92.11,13,8.13
1786433808094,2431,v1,0.047,0.9371,0.2669,1.1282,0.7128,0.032,0.0597,0.002456,0.598,1,10,59.1,0.425,1,3969,9.0,3.288,0,30,6404,300874.5,33.6,14,9.67
1786433809903,2432,v1,0.0793,0.4238,0.3153,2.1564,0.9664,0.032,0.1029,0.00376,0.582,0,5,48.6,0.466,1,1788,4.0,3.406,0,30,6105,218474.8,64.13,13,13.96
1786433811411,2433,v1,0.0639,0.8078,0.4996,0.8254,0.1493,0.032,0.2182,0.002089,0.635,0,13,80.78,0.346,1,0,11.999,11.999,0,30,5716,145745.9,89.97,13,8.01
1786433813823,2434,v1,0.08,0.4793,0.45,1.1484,0.505,0.032,0.0608,0.003181,0.673,1,15,34.39,0.843,1,6786,14.0,0.147,0,30,7184,413403.0,1.05,-1,13.1
1786433803980,2435,v1,0.0127,0.8445,0.116,2.2635,0.5176,0.032,0.1984,0.003375,0.683,0,6,93.96,0.632,1,0,5.0,5.0,0,30,5499,323467.9,0.0,-1,12.49
1786433805300,2436,v1,0.0593,0.816,0.1515,1.7453,0.7549,0.032,0.1983,0.002233,0.619,0,22,59.29,0.824,1,0,15.553,15.553,0,30,6068,166010.8,93.41,14,9.01
1786433806779,2437,v1,0.0578,0.5083,0.2322,2.4321,0.79,0.032,0.1254,0.002518,0.613,0,27,90.92,0.416,1,0,16.374,16.374,0,30,6231,171214.3,92.46,14,9.42
1786433808158,2438,v1,0.0529,0.4216,0.3634,1.4519,0.3026,0.032,0.0831,0.002006,0.659,1,19,76.01,0.861,1,0,15.579,15.579,0,30,5527,162441.1,86.07,15,7.94
1786433809747,2439,v1,0.0345,0.4832,0.487,1.8207,0.7137,0.032,0.2397,0.002238,0.597,1,19,95.36,0.436,1,0,13.273,13.273,0,30,6119,141886.9,85.63,12,8.73
1786433811357,2440,v1,0.0335,0.6807,0.3705,0.9338,0.8237,0.032,0.2465,0.003158,0.65,1,31,26.78,0.526,1,707,17.012,14.869,0,30,6129,184664.6,88.73,14,12.14
1786433812891,2441,v1,0.0147,0.8032,0.4956,1.8659,0.1384,0.032,0.111,0.002143,0.614,1,18,50.54,0.609,1,934,14.426,12.14,0,30,6074,191273.5,86.61,13,8.38
1786433804950,2442,v1,0.0124,0.4369,0.3204,0.8562,0.5715,0.032,0.1446,0.002978,0.623,1,8,29.14,0.818,1,6844,7.0,0.0,0,30,6987,384340.1,0.0,-1,11.36
1786433806390,2443,v1,0.0458,0.4477,0.3765,2.352,0.5174,0.032,0.1623,0.003314,0.602,0,4,88.87,0.612,1,0,3.0,3.0,0,30,5857,159561.1,85.41,14,12.67
1786433808017,2444,v1,0.0508,0.4596,0.4731,2.3619,0.1705,0.032,0.1896,0.003702,0.649,0,16,47.84,0.626,1,952,15.0,12.776,0,30,5889,203276.0,70.16,15,13.77
1786433809662,2445,v1,0.0625,0.4898,0.4577,1.5394,0.3731,0.032,0.2022,0.001912,0.686,0,22,97.34,0.506,1,0,16.175,16.175,0,30,6144,170205.5,89.37,15,7.75
1786433811031,2446,v1,0.0536,0.9108,0.3937,1.4125,0.2929,0.032,0.0632,0.001615,0.677,0,17,89.39,0.403,1,0,15.439,15.439,0,30,5506,165267.7,89.03,15,5.74
1786433812670,2447,v1,0.0107,0.9251,0.3032,1.7389,0.407,0.032,0.2198,0.001893,0.62,1,18,31.23,0.566,1,756,15.394,13.345,0,30,5855,186562.5,85.57,15,7.62
1786433813972,2448,v1,0.0377,0.4582,0.3143,0.878,0.3125,0.032,0.205,0.002007,0.63,0,34,79.9,0.665,1,0,17.332,17.332,0,30,6098,167612.1,89.11,14,7.58
1786433804438,2449,v1,0.037,0.5672,0.1776,1.9323,0.3669,0.032,0.1865,0.001616,0.605,1,31,47.71,0.693,1,927,16.959,14.395,0,30,6390,191421.6,89.68,14,6.57
1786433806020,2450,v1,0.0737,0.452,0.1229,0.9154,0.7703,0.032,0.2214,0.0023,0.63,1,24,64.63,0.544,1,0,15.693,15.693,0,30,6399,172025.9,86.9,14,8.35
1786433807691,2451,v1,0.0487,0.6001,0.184,2.2405,0.4415,0.032,0.2276,0.001904,0.668,0,23,97.21,0.507,1,0,17.152,17.152,0,30,6454,197600.3,87.95,16,7.45
1786433809783,2452,v1,0.0116,0.8325,0.185,1.6576,0.5731,0.032,0.1354,0.002933,0.71,0,16,58.13,0.393,1,1237,15.0,12.05,0,30,5690,316870.5,3.34,-1,11.88
1786433811958,2453,v1,0.0309,0.4098,0.4153,0.8124,0.245,0.032,0.2322,0.002892,0.602,1,5,75.1,0.743,1,5817,4.0,0.306,0,30,6382,359901.7,6.69,-1,11.22
1786433813607,2454,v1,0.0318,0.226,0.2296,1.4919,0.267,0.032,0.0858,0.00309,0.606,0,26,92.49,0.7,1,0,15.841,15.841,0,30,6416,176878.6,84.8,14,11.53
1786433815518,2455,v1,0.0615,0.9951,0.2068,2.4685,0.9011,0.032,0.0654,0.002328,0.698,1,16,51.47,0.333,1,1929,15.0,9.503,0,30,5441,234727.8,59.66,17,8.97
1786433811331,2456,v1,0.0669,0.3885,0.3428,2.1364,0.2262,0.032,0.2124,0.002843,0.641,1,36,56.34,0.533,1,0,18.185,18.185,0,30,5074,137935.2,99.5,15,10.7
1786433813183,2457,v1,0.0401,0.3806,0.3779,1.2587,0.6243,0.032,0.2332,0.001258,0.715,0,19,26.83,0.772,1,347,17.045,16.319,0,30,7114,230471.9,88.06,16,4.89
1786433814808,2458,v1,0.0408,0.2634,0.1205,1.881,0.1461,0.032,0.2183,0.003658,0.63,1,16,87.47,0.938,1,1579,15.0,10.94,0,30,6149,224137.0,72.93,15,13.79
1786433816932,2459,v1,0.0113,0.9404,0.4024,1.2383,0.4107,0.032,0.2222,0.001454,0.602,1,32,98.46,0.667,1,0,15.78,15.78,0,30,6153,151798.6,85.51,12,5.62
1786433819228,2460,v1,0.0284,0.5776,0.2022,2.4064,0.4063,0.032,0.211,0.00269,0.662,1,5,37.03,0.722,1,6275,4.0,0.0,0,30,6351,377770.2,0.0,-1,10.64
1786433821056,2461,v1,0.0246,0.8195,0.2081,1.6775,0.4207,0.032,0.1319,0.002142,0.619,1,25,61.51,0.5,1,0,16.594,16.594,0,30,5920,171457.5,86.32,15,7.82
1786433822492,2462,v1,0.0302,0.9845,0.3975,0.826,0.5888,0.032,0.074,0.002467,0.659,0,20,40.69,0.548,1,0,15.416,15.416,0,30,6335,176793.1,84.85,14,9.9
1786433814145,2463,v1,0.0624,0.7208,0.2173,1.6216,0.3533,0.032,0.1921,0.002364,0.61,0,36,83.53,0.851,1,0,17.459,17.459,0,30,6578,170546.4,89.48,14,8.86
1786433816926,2464,v1,0.025,0.8544,0.236,2.3014,0.8963,0.032,0.0813,0.003245,0.718,0,12,46.56,0.902,1,3440,11.0,6.102,0,30,6538,335356.5,29.53,19,11.91
1786433818514,2465,v1,0.0436,0.4757,0.1669,1.7511,0.8829,0.032,0.0908,0.00349,0.614,1,26,34.31,0.824,1,989,16.253,13.535,0,30,6405,200233.5,93.35,14,13.6
1786433820225,2466,v1,0.0437,0.6166,0.3547,1.4289,0.5517,0.032,0.2061,0.003514,0.621,0,22,92.55,0.942,1,0,15.192,15.192,0,30,6724,183538.9,84.06,14,13.43
1786433822796,2467,v1,0.0134,0.8767,0.1149,1.7009,0.8926,0.032,0.0988,0.003612,0.683,1,22,61.53,0.705,1,102,2.464,2.145,0,30,6520,360870.2,12.86,-1,13.71
1786433825078,2468,v1,0.0322,0.4889,0.4148,1.117,0.877,0.032,0.2174,0.001393,0.607,1,22,64.74,0.367,1,453,13.786,12.839,0,30,6705,171679.8,91.25,12,5.4
1786433827220,2469,v1,0.0531,0.2699,0.3625,1.2449,0.1505,0.032,0.0898,0.003727,0.716,0,17,89.11,0.33,1,0,15.842,15.842,0,30,7215,246476.1,87.14,16,14.04
1786433815077,2470,v1,0.0122,0.4402,0.4547,1.7365,0.374,0.032,0.0682,0.003222,0.635,1,33,52.42,0.6,1,625,18.249,16.173,0,30,6033,186003.5,91.83,15,11.74
1786433816970,2471,v1,0.0731,0.7259,0.2206,2.4199,0.577,0.032,0.1547,0.003763,0.672,0,16,42.19,0.945,1,1211,15.0,12.249,0,30,6041,216154.2,67.08,15,13.52
1786433818270,2472,v1,0.0254,0.4101,0.4552,1.7459,0.6012,0.032,0.2225,0.002021,0.638,0,27,31.01,0.431,1,0,16.692,16.692,0,30,5892,170409.3,88.92,14,7.69
1786433820850,2473,v1,0.0715,0.5348,0.1242,0.9769,0.6026,0.032,0.1575,0.003366,0.704,1,5,97.83,0.489,1,3968,4.0,1.441,0,30,6290,328649.6,35.17,16,12.48
1786433822534,2474,v1,0.028,0.9284,0.1768,1.0426,0.533,0.032,0.1849,0.002993,0.621,0,15,41.69,0.738,1,2039,14.0,9.761,0,30,5994,234648.8,59.25,14,10.86
1786433824770,2475,v1,0.0686,0.8012,0.309,1.7473,0.263,0.032,0.2409,0.001434,0.612,0,22,39.62,0.657,1,0,15.213,15.213,0,30,6821,185287.9,84.39,14,5.66
1786433826604,2476,v1,0.0188,0.2985,0.4954,1.4675,0.3972,0.032,0.182,0.001567,0.668,0,31,97.74,0.371,1,0,18.631,18.631,0,30,6054,181753.6,86.21,16,6.06
1786433816019,2477,v1,0.047,0.3775,0.1762,1.781,0.595,0.032,0.0702,0.003562,0.633,0,26,87.29,0.413,1,0,16.455,16.455,0,30,6602,185040.7,90.22,15,13.57
1786433818067,2478,v1,0.0135,0.8998,0.3273,1.9813,0.5517,0.032,0.1181,0.001519,0.684,1,34,32.08,0.593,1,449,12.373,10.782,0,30,6222,291477.7,55.82,19,5.88
1786433819784,2479,v1,0.0235,0.6769,0.3285,1.9689,0.831,0.032,0.1762,0.002162,0.656,1,34,43.45,0.979,1,1022,19.299,15.98,0,30,6314,214106.1,86.36,16,8.05
1786433821578,2480,v1,0.0603,0.2478,0.4334,1.8115,0.9574,0.032,0.146,0.003724,0.589,1,20,91.18,0.911,1,0,13.25,13.25,0,30,6045,142168.1,86.77,12,14.24
1786433823480,2481,v1,0.0385,0.9527,0.2444,1.4397,0.562,0.032,0.1727,0.002788,0.684,1,24,97.25,0.305,1,0,17.292,17.292,0,30,5634,173869.6,90.6,16,11.41
1786433826158,2482,v1,0.075,0.9822,0.4503,2.0358,0.961,0.032,0.0624,0.001445,0.7,1,11,46.82,0.563,1,4333,10.0,3.253,0,30,6526,336886.7,32.5,16,5.87
1786433828268,2483,v1,0.0595,0.7119,0.1899,1.1572,0.3754,0.032,0.073,0.001605,0.68,1,19,46.06,0.751,1,976,15.787,13.568,0,30,7051,228579.1,89.28,15,6.16
1786433816615,2484,v1,0.0507,0.579,0.3343,1.7366,0.7082,0.032,0.1182,0.00129,0.692,0,35,87.44,0.467,1,0,19.378,19.378,0,30,6317,191237.0,90.88,16,4.88
1786433818698,2485,v1,0.0186,0.5664,0.2395,0.8898,0.825,0.032,0.1848,0.002139,0.59,0,9,49.11,0.709,1,2713,8.0,5.534,0,30,6713,246006.0,50.78,10,7.85
1786433819909,2486,v1,0.058,0.9664,0.2702,1.3183,0.6657,0.032,0.0766,0.002995,0.617,1,20,83.71,0.614,1,0,14.758,14.758,0,30,5736,152942.9,93.2,14,11.68
1786433822383,2487,v1,0.0523,0.2204,0.1888,2.4378,0.6993,0.032,0.126,0.003179,0.704,0,11,64.52,0.931,1,3881,10.0,4.854,0,30,6211,330749.9,30.15,17,11.5
1786433825112,2488,v1,0.0717,0.6262,0.3315,0.9048,0.2838,0.032,0.2481,0.00334,0.689,0,11,55.96,0.836,1,2775,10.0,6.0,0,30,5743,254927.3,43.91,15,12.9
1786433827481,2489,v1,0.0423,0.2909,0.2061,1.2974,0.5376,0.032,0.2152,0.003308,0.705,1,10,85.93,0.553,1,4566,9.0,2.202,0,30,6252,314366.3,20.48,18,12.76
1786433829236,2490,v1,0.0233,0.6459,0.4853,1.4652,0.4666,0.032,0.0889,0.002711,0.584,1,19,55.38,0.909,1,0,11.626,11.626,0,30,5272,103932.6,90.41,10,10.22
1786433816471,2491,v1,0.0205,0.8884,0.3462,1.2063,0.4382,0.032,0.2209,0.003268,0.639,0,36,64.16,0.567,1,0,18.556,18.556,0,30,5797,165814.7,87.52,15,12.99
1786433817596,2492,v1,0.0647,0.9492,0.3762,1.0798,0.6194,0.032,0.0835,0.001781,0.606,0,29,45.9,0.37,1,0,14.774,14.774,0,30,5553,127846.5,86.4,11,7.08
1786433819377,2493,v1,0.0268,0.3894,0.3116,2.136,0.2106,0.032,0.1776,0.002983,0.664,1,27,47.81,0.554,1,753,18.485,16.208,0,30,6552,224650.0,86.58,17,11.11
1786433821484,2494,v1,0.0129,0.7313,0.169,0.9994,0.3277,0.032,0.2267,0.003554,0.655,1,30,34.97,0.509,1,691,18.921,16.65,0,30,6310,202378.6,84.29,16,12.84
1786433824136,2495,v1,0.0622,0.8217,0.3731,1.6118,0.442,0.032,0.1014,0.003179,0.624,0,10,95.77,0.943,1,0,9.0,9.0,0,30,7754,199325.3,85.55,14,11.89
1786433825666,2496,v1,0.0583,0.7653,0.3842,2.1274,0.186,0.032,0.1227,0.002659,0.61,1,18,98.88,0.503,1,0,14.607,14.607,0,30,6050,155532.7,86.16,14,10.33
1786433827077,2497,v1,0.0407,0.784,0.2643,2.1267,0.4154,0.032,0.112,0.003688,0.62,1,18,84.95,0.678,1,0,15.23,15.23,0,30,5182,140172.1,85.19,14,13.82
1786433817359,2498,v1,0.0294,0.391,0.3313,1.079,0.6031,0.032,0.2482,0.003398,0.714,0,25,33.01,0.717,1,0,18.595,18.595,0,30,6070,188666.5,86.05,17,12.54
1786433819245,2499,v1,0.0771,0.8916,0.2922,1.488,0.6656,0.032,0.2146,0.003093,0.705,0,9,62.79,0.644,1,2462,8.0,5.507,0,30,6058,243691.0,54.43,16,11.74
1786433821463,2500,v1,0.0297,0.227,0.2719,1.3965,0.841,0.032,0.1565,0.001686,0.595,1,9,98.78,0.469,1,3137,8.0,3.445,0,30,5582,248048.4,39.05,14,6.75
1786433822870,2501,v1,0.0794,0.5324,0.4009,1.5269,0.7271,0.032,0.2393,0.002651,0.64,1,33,67.24,0.644,1,0,17.207,17.207,0,30,5836,151311.2,88.99,14,10.16
1786433825914,2502,v1,0.0641,0.9995,0.1915,1.5625,0.9815,0.032,0.0529,0.002685,0.714,1,11,92.7,0.911,1,5254,10.0,0.0,0,30,5387,312639.2,0.0,-1,10.12
1786433827508,2503,v1,0.0718,0.3545,0.2786,1.576,0.6418,0.032,0.232,0.002523,0.597,0,4,73.39,0.472,1,0,3.0,3.0,0,30,6120,144411.5,89.56,12,9.72
1786433829415,2504,v1,0.042,0.2627,0.2117,1.1261,0.3942,0.032,0.2155,0.001916,0.62,0,34,21.44,0.817,1,461,17.184,15.875,0,30,5591,152013.8,84.11,14,6.46
1786433818015,2505,v1,0.02,0.9603,0.3093,1.0397,0.6505,0.032,0.2255,0.001412,0.704,0,5,63.35,0.402,1,1251,4.0,3.575,0,30,5912,242918.2,71.51,18,5.4
1786433819561,2506,v1,0.0587,0.3918,0.3943,1.3843,0.7603,0.032,0.0628,0.002958,0.64,0,27,45.64,0.403,1,0,16.278,16.278,0,30,6370,173554.1,89.08,14,10.86
1786433821489,2507,v1,0.0746,0.4128,0.4118,1.1287,0.9402,0.032,0.0925,0.001295,0.7,0,30,51.78,0.738,1,0,17.498,17.498,0,30,5996,179465.1,87.46,15,5.17
1786433823798,2508,v1,0.0621,0.8603,0.3773,1.1452,0.7148,0.032,0.1712,0.002042,0.598,0,5,58.41,0.664,1,2618,4.0,3.198,0,30,6594,236799.3,50.54,12,8.07
1786433825296,2509,v1,0.0581,0.4558,0.4638,1.3289,0.9036,0.032,0.2419,0.002978,0.649,1,35,86.73,0.556,1,0,17.703,17.703,0,30,6018,170244.6,92.64,14,11.73
1786433827835,2510,v1,0.0233,0.7259,0.4019,1.9703,0.7409,0.032,0.0785,0.002721,0.625,1,13,56.44,0.555,1,4901,12.0,2.697,0,30,6529,344130.8,19.51,-1,10.64
1786433829480,2511,v1,0.0733,0.9311,0.4427,0.8853,0.1141,0.032,0.1169,0.003467,0.597,1,19,80.78,0.86,1,0,12.13,12.13,0,30,6082,122878.6,84.95,11,12.61
1786433826750,2512,v1,0.0368,0.9264,0.2684,1.099,0.9496,0.032,0.2138,0.001386,0.679,1,10,85.93,0.88,1,6260,9.0,0.0,0,30,6338,382071.6,0.0,-1,5.43
1786433828529,2513,v1,0.0193,0.7062,0.3291,1.5253,0.2356,0.032,0.0818,0.002441,0.664,0,8,48.05,0.356,1,1696,7.0,5.63,0,30,6297,246301.6,63.58,16,8.85
1786433831581,2514,v1,0.0594,0.7273,0.2015,1.2634,0.9249,0.032,0.054,0.001335,0.662,1,10,90.0,0.853,1,6397,9.0,0.0,0,30,6463,377240.5,0.0,-1,5.17
1786433832988,2515,v1,0.0673,0.5913,0.2335,1.061,0.726,0.032,0.1035,0.001784,0.698,1,32,27.81,0.594,1,808,18.244,15.801,0,30,6282,200456.4,97.2,16,6.54
1786433834389,2516,v1,0.0578,0.4343,0.3611,0.8756,0.6995,0.032,0.22,0.002113,0.586,0,29,85.27,0.603,1,0,13.226,13.226,0,30,5865,107805.1,90.23,10,7.09
1786433836785,2517,v1,0.026,0.9947,0.467,1.2133,0.1118,0.032,0.0619,0.001837,0.628,0,5,39.45,0.748,1,4211,4.0,2.826,0,30,7225,319153.7,35.35,14,7.09
1786433838062,2518,v1,0.0344,0.5637,0.3134,1.6448,0.622,0.032,0.1212,0.002506,0.617,0,23,67.64,0.343,1,0,15.887,15.887,0,30,5967,159264.2,96.53,15,10.01
1786433829338,2519,v1,0.0338,0.3031,0.2618,2.0918,0.7185,0.032,0.1479,0.003764,0.598,1,6,23.12,0.953,1,5427,5.0,0.0,0,30,5534,304541.8,0.0,-1,14.22
1786433831170,2520,v1,0.0744,0.997,0.3068,1.9753,0.7844,0.032,0.1487,0.001905,0.641,1,30,30.38,0.701,1,752,16.938,14.719,0,30,6037,183975.9,94.28,14,7.37
1786433832870,2521,v1,0.0456,0.6649,0.2699,2.3786,0.8686,0.032,0.1365,0.001665,0.682,0,32,61.24,0.774,1,0,19.014,19.014,0,30,7296,224628.8,95.78,17,6.57
1786433834878,2522,v1,0.0465,0.5109,0.2139,1.3642,0.5668,0.032,0.1919,0.002438,0.702,0,32,25.3,0.476,1,335,18.72,17.917,0,30,7453,225986.4,88.01,16,9.41
1786433836647,2523,v1,0.0567,0.752,0.4712,1.7662,0.5484,0.032,0.1303,0.001395,0.656,1,32,55.59,0.859,1,0,17.429,17.429,0,30,6598,188253.3,96.07,15,5.41
1786433838026,2524,v1,0.0597,0.6482,0.2117,0.9082,0.8682,0.032,0.1992,0.002627,0.712,0,34,25.42,0.539,1,334,18.727,17.731,0,30,6103,188671.0,84.24,16,10.21
1786433839581,2525,v1,0.0548,0.4929,0.4193,1.9386,0.8603,0.032,0.2085,0.001428,0.708,0,18,92.8,0.734,1,0,16.374,16.374,0,30,5389,162537.0,90.06,16,6.12
1786433829632,2526,v1,0.0269,0.7377,0.3946,2.0759,0.3989,0.032,0.1605,0.001743,0.588,0,32,81.38,0.443,1,0,15.958,15.958,0,30,6825,173197.6,87.34,12,7.08
1786433831711,2527,v1,0.0637,0.9243,0.3172,1.296,0.651,0.032,0.0837,0.003743,0.619,0,12,22.6,0.631,1,1900,11.0,7.712,0,30,5437,205080.0,54.05,14,14.07
1786433832925,2528,v1,0.0697,0.4097,0.4456,1.8335,0.9953,0.032,0.1267,0.001928,0.612,1,16,65.73,0.739,1,0,13.909,13.909,0,30,5742,148130.2,94.02,14,7.98
1786433834684,2529,v1,0.0417,0.774,0.232,1.0279,0.6629,0.032,0.1295,0.003462,0.651,0,33,69.54,0.513,1,0,17.696,17.696,0,30,6689,181444.5,84.58,15,13.86
1786433836291,2530,v1,0.0356,0.4459,0.2024,0.868,0.5619,0.032,0.1326,0.003145,0.707,1,34,41.48,0.301,1,394,19.764,18.442,0,30,6488,205699.4,85.51,17,11.54
1786433838306,2531,v1,0.0434,0.3448,0.4523,1.9945,0.3254,0.032,0.131,0.001799,0.615,1,14,65.94,0.786,1,5138,13.0,1.3,0,30,5860,335171.4,8.76,-1,7.05
1786433840052,2532,v1,0.0557,0.2007,0.1674,1.6397,0.1357,0.032,0.0874,0.002084,0.716,0,19,31.39,0.404,1,0,16.65,16.65,0,30,5489,210785.1,91.33,16,7.6
1786433829965,2533,v1,0.0403,0.572,0.1574,1.2375,0.8795,0.032,0.1368,0.001809,0.609,0,18,45.32,0.313,1,0,14.432,14.432,0,30,6750,185506.0,90.65,14,6.67
1786433832088,2534,v1,0.0425,0.2678,0.3805,2.3645,0.2629,0.032,0.1212,0.001282,0.642,0,36,89.42,0.889,1,0,18.65,18.65,0,30,6969,209817.6,91.58,15,4.76
1786433834590,2535,v1,0.0265,0.6247,0.1817,1.8856,0.787,0.032,0.078,0.00239,0.686,1,5,49.56,0.697,1,6659,4.0,0.0,0,30,6719,365917.4,0.0,-1,9.44
1786433836092,2536,v1,0.0217,0.8571,0.4342,1.0539,0.8609,0.032,0.2318,0.002597,0.697,0,26,30.68,0.639,1,380,18.156,17.036,0,30,5790,196354.1,88.16,16,9.38
1786433837674,2537,v1,0.0626,0.2325,0.2805,1.9353,0.1828,0.032,0.1879,0.002534,0.67,1,30,32.74,0.782,1,1370,17.593,13.768,0,30,6752,232256.2,86.83,15,9.55
1786433839637,2538,v1,0.0596,0.5067,0.3664,1.5523,0.8879,0.032,0.121,0.001547,0.618,1,26,58.47,0.712,1,740,15.892,13.846,0,30,5898,176111.2,85.01,14,5.82
1786433842001,2539,v1,0.0137,0.5178,0.4357,2.1157,0.7,0.032,0.2205,0.001444,0.611,1,6,25.86,0.68,1,5146,5.0,0.022,0,30,5218,314770.2,0.46,-1,6.02
1786433831250,2540,v1,0.0384,0.9434,0.3188,2.3444,0.6189,0.032,0.1159,0.001816,0.622,1,21,55.59,0.583,1,618,15.535,13.774,0,30,5610,179172.0,93.52,14,7.38
1786433833632,2541,v1,0.0322,0.5451,0.3511,2.3789,0.4324,0.032,0.0544,0.003443,0.656,1,9,26.14,0.814,1,6114,8.0,0.344,0,30,6561,342313.7,4.09,-1,12.79
1786433835043,2542,v1,0.0638,0.2741,0.1045,2.0981,0.8406,0.032,0.2016,0.002012,0.604,1,16,71.04,0.991,1,0,14.628,14.628,0,30,6277,172150.5,92.52,14,7.3
1786433836836,2543,v1,0.028,0.7136,0.3939,1.9484,0.9857,0.032,0.2156,0.002687,0.641,1,35,67.72,0.527,1,0,18.57,18.57,0,30,6302,184996.8,84.34,15,10.93
1786433838102,2544,v1,0.0342,0.6017,0.1796,2.1785,0.7691,0.032,0.1136,0.001698,0.583,1,24,70.46,0.568,1,0,15.46,15.46,0,30,5863,157955.8,87.69,14,6.4
1786433841113,2545,v1,0.0368,0.5487,0.2241,2.0199,0.4835,0.032,0.1336,0.002149,0.621,1,9,84.19,0.724,1,5376,8.0,1.416,0,30,6650,361711.9,16.23,-1,8.23
1786433843169,2546,v1,0.0308,0.9819,0.4143,1.9479,0.1597,0.032,0.2125,0.003381,0.655,0,36,31.03,0.899,1,0,18.934,18.934,0,30,6502,189921.8,97.28,16,13.81
1786433832070,2547,v1,0.0278,0.6321,0.3731,1.5538,0.3506,0.032,0.1689,0.001803,0.669,0,19,96.08,0.363,1,0,16.22,16.22,0,30,6377,191972.6,84.9,16,6.52
1786433833556,2548,v1,0.0387,0.2066,0.4463,1.496,0.3963,0.032,0.0745,0.002868,0.626,1,20,63.54,0.953,1,0,14.957,14.957,0,30,6251,172018.5,86.4,14,10.06
1786433834906,2549,v1,0.0336,0.8095,0.2745,2.0649,0.7719,0.032,0.111,0.002343,0.595,1,19,25.1,0.544,1,696,14.61,12.723,0,30,5583,165867.3,90.19,14,8.85
1786433836778,2550,v1,0.0791,0.8993,0.3807,1.6829,0.1089,0.032,0.0706,0.00322,0.702,1,29,98.59,0.52,1,0,18.501,18.501,0,30,6707,242265.6,94.11,15,12.27
1786433838935,2551,v1,0.0658,0.7925,0.4695,1.4204,0.124,0.032,0.0949,0.001344,0.697,0,13,98.0,0.869,1,0,12.0,12.0,0,30,7502,264463.3,93.27,15,4.6
1786433840773,2552,v1,0.0538,0.4203,0.4344,1.1529,0.5254,0.032,0.2058,0.003152,0.72,0,16,96.08,0.855,1,0,15.0,15.0,0,30,6800,207719.5,85.39,16,11.72
1786433842524,2553,v1,0.0762,0.4264,0.4179,1.9758,0.5746,0.032,0.1598,0.002996,0.695,1,34,60.68,0.937,1,0,18.527,18.527,0,30,5714,166228.7,96.36,16,11.17
1786433833422,2554,v1,0.0147,0.8712,0.1082,2.0247,0.6788,0.032,0.2006,0.002643,0.719,0,36,69.48,0.757,1,0,0.0,0.0,0,30,7085,400130.0,0.0,-1,9.51
1786433834863,2555,v1,0.0339,0.5451,0.2526,2.0174,0.65,0.032,0.2451,0.002418,0.664,1,24,84.41,0.394,1,0,17.138,17.138,0,30,5901,181343.0,87.78,15,9.1
1786433836709,2556,v1,0.0459,0.9646,0.3661,1.4911,0.7658,0.032,0.1966,0.003186,0.688,1,23,29.84,0.76,1,959,16.717,14.169,0,30,6691,226932.9,85.73,15,12.06
1786433838092,2557,v1,0.0687,0.5821,0.2967,1.4449,0.765,0.032,0.1912,0.001884,0.707,0,24,78.24,0.373,1,0,17.183,17.183,0,30,6144,181495.9,84.63,16,7.23
1786433839696,2558,v1,0.0677,0.9374,0.189,2.418,0.9543,0.032,0.2492,0.002715,0.615,1,28,41.3,0.304,1,348,16.775,15.689,0,30,5759,170523.0,98.53,15,10.51
1786433842145,2559,v1,0.014,0.7133,0.287,1.2563,0.9703,0.032,0.1903,0.003287,0.69,0,7,38.3,0.528,1,2184,6.0,4.513,0,30,5987,290776.3,40.12,18,12.09
1786433843948,2560,v1,0.0324,0.7014,0.3356,1.5114,0.2574,0.032,0.0671,0.003665,0.59,0,30,88.62,0.755,1,0,15.05,15.05,0,30,5387,121518.9,84.23,12,14.05
1786433832585,2561,v1,0.0778,0.6744,0.2776,1.8019,0.5107,0.032,0.1929,0.001374,0.594,1,27,88.21,0.534,1,0,15.482,15.482,0,30,5717,147223.7,92.05,13,5.3
1786433834325,2562,v1,0.0518,0.6179,0.1529,1.4336,0.6265,0.032,0.0816,0.002863,0.665,0,24,78.79,0.814,1,0,16.828,16.828,0,30,6055,178515.2,95.53,15,10.72
1786433836349,2563,v1,0.0141,0.9745,0.2503,1.951,0.6716,0.032,0.1865,0.00324,0.589,0,7,24.3,0.793,1,3567,6.0,3.487,0,30,5794,267887.6,31.84,14,11.81
1786433838728,2564,v1,0.0558,0.467,0.3008,0.9964,0.6604,0.032,0.0657,0.002809,0.651,1,9,74.41,0.467,1,3625,8.0,3.74,0,30,6968,296056.2,43.51,15,10.75
1786433840859,2565,v1,0.0267,0.7626,0.2499,2.3074,0.8604,0.032,0.1028,0.001556,0.682,0,17,55.76,0.629,1,2425,16.0,10.391,0,30,6221,276226.4,52.95,17,6.25
1786433842553,2566,v1,0.0689,0.4047,0.3227,1.8145,0.1358,0.032,0.1424,0.00302,0.666,1,33,34.93,0.46,1,538,17.971,16.195,0,30,5961,180249.3,89.99,15,12.23
1786433844896,2567,v1,0.0291,0.9661,0.3689,2.3918,0.8959,0.032,0.2245,0.001557,0.682,1,21,58.93,0.593,1,0,17.809,17.809,0,30,6359,206750.9,90.82,17,6.53
1786433841301,2568,v1,0.0225,0.9645,0.4613,2.3414,0.2192,0.032,0.1575,0.001385,0.687,0,20,23.89,0.64,1,471,17.821,16.72,0,30,6786,244577.7,85.47,17,5.45
1786433843410,2569,v1,0.0478,0.786,0.3297,1.1287,0.2642,0.032,0.0914,0.003643,0.636,1,30,32.92,0.321,1,378,16.758,15.66,0,30,6337,176754.5,90.01,14,12.94
1786433845322,2570,v1,0.0349,0.4102,0.369,1.703,0.4576,0.032,0.1117,0.001703,0.674,0,16,22.46,0.477,1,1199,15.0,12.341,0,30,6023,213622.5,67.79,15,6.94
1786433848062,2571,v1,0.0494,0.3371,0.4409,2.3415,0.7134,0.032,0.1539,0.003015,0.637,1,8,30.39,0.876,1,6241,7.0,0.0,0,30,6349,366995.8,0.0,-1,10.98
1786433849432,2572,v1,0.0494,0.6802,0.1038,1.1846,0.2396,0.032,0.2376,0.00171,0.698,1,25,77.02,0.635,1,0,17.874,17.874,0,30,5939,216389.0,91.86,16,6.84
1786433850571,2573,v1,0.0539,0.3754,0.2049,2.143,0.242,0.032,0.1215,0.001762,0.636,0,20,52.94,0.529,1,0,15.777,15.777,0,30,5513,162976.6,85.37,15,6.73
1786433851688,2574,v1,0.0387,0.8456,0.3498,1.4931,0.8403,0.032,0.0844,0.001734,0.584,0,20,69.09,0.318,1,0,12.351,12.351,0,30,6122,128168.2,84.53,11,6.6
1786433842303,2575,v1,0.0115,0.6361,0.4441,1.5267,0.3733,0.032,0.2099,0.001367,0.629,0,29,52.65,0.695,1,0,17.375,17.375,0,30,6473,191346.4,88.58,15,4.91
1786433844627,2576,v1,0.0454,0.485,0.4767,0.9845,0.813,0.032,0.1567,0.003064,0.667,0,35,54.09,0.859,1,0,18.183,18.183,0,30,6920,190949.3,84.14,15,11.45
1786433846094,2577,v1,0.029,0.4819,0.4686,0.8077,0.9859,0.032,0.2117,0.001748,0.6,0,12,61.51,0.948,1,0,9.528,9.528,0,30,5986,106594.0,87.78,8,5.95
1786433847477,2578,v1,0.0695,0.9782,0.2816,2.4783,0.1394,0.032,0.0652,0.002448,0.642,0,31,81.3,0.592,1,0,17.802,17.802,0,30,5880,176321.7,84.64,15,9.27
1786433849472,2579,v1,0.0576,0.8421,0.2391,0.8564,0.6135,0.032,0.1097,0.002974,0.594,1,4,46.72,0.575,1,4941,3.0,0.492,0,30,5978,326623.1,14.08,-1,11.09
1786433850938,2580,v1,0.0474,0.2009,0.4808,1.6298,0.3779,0.032,0.0519,0.001219,0.638,1,23,47.13,0.462,1,659,15.862,14.219,0,30,6475,201286.1,95.65,15,4.74
1786433852363,2581,v1,0.065,0.9529,0.2772,1.6952,0.251,0.032,0.2354,0.002328,0.672,1,6,82.98,0.618,1,4940,5.0,0.631,0,30,5727,326978.3,11.18,-1,9.43
1786433844166,2582,v1,0.0105,0.8718,0.4342,2.3762,0.6793,0.032,0.191,0.003364,0.686,0,9,58.14,0.616,1,2529,8.0,5.707,0,30,6770,355052.0,27.54,19,11.99
1786433845943,2583,v1,0.0289,0.3118,0.4397,2.1947,0.3581,0.032,0.1025,0.003449,0.62,0,8,74.72,0.621,1,0,7.0,7.0,0,30,6290,171049.7,93.83,14,12.64
1786433847878,2584,v1,0.0277,0.9069,0.1633,0.969,0.4484,0.032,0.2354,0.002386,0.6,1,8,55.99,0.356,1,2925,7.0,3.444,0,30,5854,251329.3,46.7,14,9.57
1786433849213,2585,v1,0.0542,0.3735,0.36,1.7262,0.2917,0.032,0.1625,0.002382,0.686,0,24,45.37,0.896,1,0,16.744,16.744,0,30,6086,185865.2,92.51,15,8.86
1786433850235,2586,v1,0.0428,0.482,0.2955,2.0884,0.903,0.032,0.2314,0.00164,0.627,0,18,58.0,0.457,1,0,15.145,15.145,0,30,5631,160740.6,87.09,15,5.95
1786433851640,2587,v1,0.0342,0.3086,0.1876,0.9483,0.996,0.032,0.2433,0.003431,0.679,0,22,65.4,0.62,1,0,17.075,17.075,0,30,6685,196852.4,88.96,16,12.72
1786433852770,2588,v1,0.0118,0.6856,0.3827,1.0339,0.2987,0.032,0.1287,0.002101,0.677,1,9,85.04,0.333,1,2686,8.0,4.221,0,30,5800,270447.1,45.74,18,8.26
1786433846019,2589,v1,0.0258,0.4998,0.3029,1.5306,0.2109,0.032,0.1698,0.002426,0.626,1,5,88.95,0.854,1,6074,4.0,0.202,0,30,6469,386680.6,4.4,-1,9.17
1786433848187,2590,v1,0.0454,0.4234,0.2245,1.5748,0.9753,0.032,0.0881,0.002963,0.704,1,14,69.12,0.528,1,3612,13.0,4.975,0,30,6073,287267.7,33.46,16,10.75
1786433849516,2591,v1,0.0391,0.8909,0.2172,1.0351,0.9551,0.032,0.229,0.003614,0.633,0,5,54.68,0.487,1,1585,4.0,3.492,0,30,6324,218206.3,66.99,14,13.65
1786433851332,2592,v1,0.071,0.215,0.4655,2.1165,0.6386,0.032,0.1621,0.002185,0.714,1,9,55.08,0.687,1,4307,8.0,1.741,0,30,5632,304963.5,20.22,16,9.38
1786433852125,2593,v1,0.0361,0.2869,0.3157,0.9925,0.7511,0.032,0.1802,0.002684,0.595,0,26,46.57,0.428,1,0,13.827,13.827,0,30,6076,140695.3,88.43,11,10.04
1786433853014,2594,v1,0.0776,0.4244,0.2614,1.1166,0.3351,0.032,0.1109,0.001659,0.713,1,23,80.72,0.52,1,0,16.85,16.85,0,30,5944,210520.2,91.47,16,6.95
1786433853847,2595,v1,0.0394,0.5224,0.1974,1.4692,0.209,0.032,0.0532,0.002103,0.638,1,23,42.24,0.551,1,582,16.489,14.848,0,30,6083,197881.8,92.51,15,8.42
1786433845425,2596,v1,0.0398,0.8606,0.4886,2.4636,0.2979,0.032,0.0945,0.003355,0.675,0,34,91.18,0.485,1,0,18.924,18.924,0,30,6210,187252.1,85.79,16,11.66
1786433847589,2597,v1,0.0518,0.6865,0.389,1.6409,0.5103,0.032,0.2477,0.001885,0.669,0,9,56.96,0.95,1,3943,8.0,3.821,0,30,5755,286932.9,27.33,16,7.44
1786433849147,2598,v1,0.0356,0.3898,0.298,1.1321,0.8581,0.032,0.1561,0.001814,0.695,0,29,63.2,0.836,1,0,18.374,18.374,0,30,6294,189215.1,92.18,16,6.31
1786433850363,2599,v1,0.0296,0.4609,0.4082,1.6892,0.7806,0.032,0.1243,0.002881,0.624,0,18,34.01,0.432,1,0,15.063,15.063,0,30,6793,197049.4,96.86,15,10.3
1786433861687,2600,v1,0.0576,0.8778,0.3941,1.1627,0.7992,0.032,0.2024,0.001595,0.712,0,9,56.72,0.834,1,3042,8.0,5.002,0,30,6175,284010.5,44.36,16,6.51
1786433863403,2601,v1,0.0775,0.3459,0.2911,1.5299,0.9124,0.032,0.0549,0.003649,0.651,1,19,64.34,0.855,1,854,15.277,12.634,0,30,5219,173075.9,97.88,15,13.43
1786433866340,2602,v1,0.0628,0.2163,0.3467,1.6019,0.9317,0.032,0.0867,0.002556,0.653,1,13,35.2,0.94,1,5779,12.0,0.0,0,30,5940,344265.4,0.0,-1,8.67
1786433868565,2603,v1,0.0769,0.2402,0.2791,0.831,0.1326,0.032,0.1487,0.001231,0.713,0,17,42.42,0.756,1,0,15.558,15.558,0,30,5646,199840.9,90.9,15,4.46
1786433869957,2604,v1,0.0579,0.7171,0.364,1.6151,0.2451,0.032,0.1019,0.001459,0.625,0,29,60.03,0.442,1,0,16.636,16.636,0,30,5014,137431.0,90.01,14,5.48
1786433871708,2605,v1,0.0666,0.5439,0.1717,1.5837,0.4534,0.032,0.1395,0.001541,0.677,0,24,22.31,0.507,1,372,16.48,15.591,0,30,6227,188549.1,87.15,15,6.25
1786433874663,2606,v1,0.0791,0.4945,0.2457,1.6148,0.4437,0.032,0.0711,0.002395,0.618,1,8,66.83,0.54,1,4578,7.0,2.641,0,30,7486,339237.0,32.05,14,9.16
1786433861659,2607,v1,0.0164,0.6352,0.3791,1.7357,0.2254,0.032,0.1819,0.003614,0.607,0,18,42.05,0.656,1,0,14.344,14.344,0,30,6360,161645.2,84.47,13,13.32
1786433863424,2608,v1,0.0682,0.5441,0.3356,1.5018,0.6532,0.032,0.1951,0.001458,0.58,0,24,77.35,0.695,1,0,12.952,12.952,0,30,6673,145528.7,89.36,10,6.19
1786433865721,2609,v1,0.0501,0.2903,0.2999,1.1342,0.7192,0.032,0.2337,0.001996,0.626,1,16,29.47,0.904,1,795,14.381,12.656,0,30,6657,206171.7,87.68,14,7.84
1786433868324,2610,v1,0.0235,0.4645,0.243,1.8466,0.2196,0.032,0.1383,0.003099,0.619,1,13,47.45,0.365,1,2576,12.0,6.618,0,30,5945,245489.7,48.36,15,11.54
1786433871017,2611,v1,0.0109,0.9328,0.2075,1.8346,0.6128,0.032,0.1332,0.003685,0.692,1,26,27.61,0.766,1,227,4.283,3.573,0,30,6868,350446.6,20.62,19,14.15
1786433872723,2612,v1,0.0529,0.2672,0.2968,2.1927,0.3138,0.032,0.2163,0.002945,0.678,0,22,83.45,0.801,1,0,16.644,16.644,0,30,6434,187952.5,83.77,16,11.14
1786433874454,2613,v1,0.0719,0.7482,0.319,2.2086,0.4857,0.032,0.2323,0.003033,0.627,0,29,80.8,0.956,1,0,16.779,16.779,0,30,5596,155031.1,93.88,14,12.13
1786433862449,2614,v1,0.0438,0.7933,0.2995,0.8086,0.6644,0.032,0.0586,0.003211,0.597,1,23,61.99,0.777,1,836,13.185,11.192,0,30,5883,155814.0,93.26,11,12.15
1786433864773,2615,v1,0.0136,0.8289,0.4052,1.907,0.1925,0.032,0.0774,0.001579,0.584,0,34,60.08,0.425,1,0,15.776,15.776,0,30,6514,146424.9,87.45,11,6.29
1786433866393,2616,v1,0.0382,0.5019,0.3962,1.436,0.595,0.032,0.1673,0.001438,0.616,0,36,73.05,0.61,1,0,17.306,17.306,0,30,6784,178823.7,92.22,14,5.34
1786433869118,2617,v1,0.077,0.6136,0.2785,1.1848,0.4091,0.032,0.2013,0.001769,0.709,1,20,88.97,0.801,1,0,16.163,16.163,0,30,7789,227674.5,94.9,15,7.09
1786433871193,2618,v1,0.0106,0.9177,0.3446,1.2961,0.4643,0.032,0.0749,0.002469,0.596,1,18,35.48,0.504,1,664,12.868,11.539,0,30,6632,180887.9,83.39,12,9.2
1786433872927,2619,v1,0.071,0.5282,0.2302,1.3963,0.6323,0.032,0.1881,0.002448,0.677,0,26,78.93,0.929,1,0,16.766,16.766,0,30,6901,178227.5,86.67,15,9.35
1786433875823,2620,v1,0.0457,0.7246,0.443,1.3594,0.9526,0.032,0.1903,0.003119,0.615,1,10,60.65,0.908,1,5866,9.0,0.0,0,30,6020,341043.3,0.0,-1,11.51
1786433863201,2621,v1,0.0286,0.3773,0.1529,0.9214,0.3629,0.032,0.2051,0.001875,0.631,1,28,66.32,0.351,1,0,16.96,16.96,0,30,6234,173789.4,85.01,15,8.04
1786433865611,2622,v1,0.0136,0.2576,0.35,1.6553,0.1835,0.032,0.1904,0.001996,0.612,0,4,57.6,0.572,1,1622,3.0,2.699,0,30,5411,200803.4,58.78,15,8.08
1786433868308,2623,v1,0.0265,0.4544,0.3184,0.8651,0.1072,0.032,0.0844,0.002262,0.682,1,30,62.17,0.673,1,0,18.742,18.742,0,30,6312,192191.5,89.77,16,9.11
1786433869838,2624,v1,0.0665,0.3598,0.1329,2.3056,0.2837,0.032,0.1478,0.003143,0.683,0,16,94.99,0.675,1,0,15.0,15.0,0,30,5454,176943.7,93.57,16,12.36
1786433872914,2625,v1,0.0341,0.2993,0.4287,1.1694,0.2898,0.032,0.1801,0.003652,0.697,1,9,42.24,0.87,1,7137,8.0,0.0,0,30,7350,413724.8,0.0,-1,13.24
1786433875204,2626,v1,0.0315,0.5265,0.3181,2.1434,0.347,0.032,0.157,0.00146,0.684,1,24,65.16,0.763,1,1183,17.908,14.94,0,30,7330,283087.4,84.16,16,6.06
1786433877384,2627,v1,0.033,0.9879,0.3161,1.0713,0.23,0.032,0.1104,0.001797,0.646,1,20,46.22,0.827,1,1010,15.702,13.288,0,30,6752,217298.3,84.34,15,6.74
1786433864446,2628,v1,0.0377,0.502,0.4594,1.2937,0.3106,0.032,0.172,0.00208,0.616,1,34,20.52,0.626,1,863,16.498,14.17,0,30,6517,172921.0,94.39,12,8.27
1786433867126,2629,v1,0.0147,0.6901,0.2258,1.6097,0.4455,0.032,0.1766,0.003389,0.709,0,15,66.05,0.722,1,3548,14.0,7.211,0,30,6570,377388.6,9.91,-1,12.94
1786433869755,2630,v1,0.0202,0.7332,0.2654,1.7434,0.1533,0.032,0.2129,0.002435,0.637,0,6,67.64,0.93,1,3788,5.0,3.038,0,30,5862,284395.8,31.06,17,9.57
1786433871893,2631,v1,0.0332,0.6188,0.3968,2.2202,0.9794,0.032,0.1578,0.001392,0.605,1,22,29.97,0.813,1,1144,15.275,12.703,0,30,6899,208811.6,89.67,14,4.99
1786433874811,2632,v1,0.0338,0.9105,0.2649,0.9384,0.9903,0.032,0.2261,0.001245,0.614,1,5,74.17,0.905,1,6529,4.0,0.0,0,30,6566,375771.1,0.0,-1,4.89
1786433876373,2633,v1,0.0391,0.9607,0.3567,1.0376,0.7845,0.032,0.1285,0.0021,0.639,0,16,76.56,0.94,1,0,14.699,14.699,0,30,5679,157699.7,93.65,14,8.05
1786433880117,2634,v1,0.0255,0.2152,0.1141,1.4924,0.6864,0.032,0.159,0.002043,0.685,1,12,99.37,0.725,1,5939,11.0,0.379,0,30,6296,375366.7,3.15,-1,8.12
1786433865239,2635,v1,0.0322,0.8619,0.4533,1.3208,0.5515,0.032,0.0997,0.002543,0.582,1,16,37.3,0.322,1,448,10.853,10.074,0,30,6357,133044.8,86.01,10,9.61
1786433867258,2636,v1,0.0317,0.4385,0.2531,1.1007,0.5037,0.032,0.208,0.001969,0.635,0,12,30.02,0.674,1,2121,11.0,7.817,0,30,6126,218827.2,58.66,15,7.41
1786433869816,2637,v1,0.0628,0.9058,0.4259,1.777,0.8526,0.032,0.1619,0.002941,0.597,1,14,74.59,0.691,1,3494,12.988,5.692,0,30,6502,303555.0,42.83,13,11.49
1786433871650,2638,v1,0.0735,0.3582,0.3422,2.3634,0.7664,0.032,0.0836,0.00294,0.592,1,19,98.27,0.665,1,0,14.537,14.537,0,30,6791,181183.6,98.86,14,11.07
1786433874535,2639,v1,0.0247,0.3624,0.4963,1.7985,0.4917,0.032,0.0766,0.003638,0.613,1,4,74.37,0.945,1,6473,3.0,0.0,0,30,6531,378385.4,0.0,-1,13.49
1786433876264,2640,v1,0.0783,0.5844,0.3421,2.3711,0.7537,0.032,0.2263,0.003369,0.585,1,36,56.15,0.314,1,0,15.901,15.901,0,30,6673,155103.2,91.12,11,12.75
1786433878959,2641,v1,0.0602,0.8478,0.2729,2.0174,0.2775,0.032,0.2241,0.002761,0.718,1,35,83.98,0.581,1,0,20.941,20.941,0,30,6043,231996.1,93.93,16,10.82
1786433866258,2642,v1,0.0265,0.4269,0.4204,1.1205,0.3788,0.032,0.1042,0.002487,0.64,1,14,71.2,0.757,1,4661,13.0,1.781,0,30,5598,294575.9,12.14,-1,10.25
1786433869046,2643,v1,0.0541,0.9451,0.2432,1.5354,0.9776,0.032,0.1319,0.003737,0.61,1,5,29.2,0.643,1,4927,4.0,0.568,0,30,5826,322429.9,12.24,-1,13.99
1786433870992,2644,v1,0.0388,0.3197,0.4513,1.173,0.3097,0.032,0.105,0.002116,0.608,1,23,79.79,0.634,1,0,14.371,14.371,0,30,6103,146191.1,89.19,12,8.08
1786433872349,2645,v1,0.0686,0.4927,0.1319,1.1061,0.7892,0.032,0.1225,0.003721,0.596,0,23,96.86,0.708,1,0,15.017,15.017,0,30,5840,151192.4,95.2,13,14.26
1786433874334,2646,v1,0.0739,0.8847,0.2852,1.7804,0.5485,0.032,0.1632,0.001568,0.682,0,19,77.79,0.649,1,0,15.749,15.749,0,30,5967,172191.6,89.03,15,5.87
1786433876197,2647,v1,0.0111,0.7771,0.4884,1.149,0.2429,0.032,0.052,0.002264,0.645,0,14,94.4,0.833,1,0,13.0,13.0,0,30,6749,189994.5,85.25,15,8.93
1786433878481,2648,v1,0.0567,0.8601,0.3934,2.3253,0.9802,0.032,0.0939,0.00147,0.699,1,28,91.95,0.611,1,0,17.922,17.922,0,30,6144,185177.3,87.75,16,5.78
1786433867197,2649,v1,0.0157,0.7399,0.1355,2.2728,0.8565,0.032,0.1927,0.002101,0.702,0,32,91.6,0.996,1,0,8.022,8.022,0,30,6029,312093.2,38.08,19,7.63
1786433869245,2650,v1,0.0694,0.804,0.1162,0.8418,0.5079,0.032,0.1183,0.002282,0.683,1,30,23.97,0.547,1,835,17.338,14.934,0,30,6400,205131.4,85.32,15,9.23
1786433871206,2651,v1,0.0514,0.6936,0.2118,1.9729,0.4512,0.032,0.0887,0.003605,0.654,1,23,88.94,0.613,1,0,16.487,16.487,0,30,6108,171584.0,91.49,15,13.97
1786433872946,2652,v1,0.0497,0.8565,0.2148,2.3418,0.6988,0.032,0.0838,0.002673,0.691,0,29,41.85,0.818,1,0,18.633,18.633,0,30,6849,204762.7,90.23,17,9.87
1786433875291,2653,v1,0.0206,0.6011,0.178,1.2442,0.3665,0.032,0.1743,0.001815,0.659,1,18,24.24,0.881,1,1804,16.549,11.49,0,30,6134,242001.3,69.73,16,6.85
1786433876992,2654,v1,0.0783,0.226,0.345,1.9334,0.9622,0.032,0.1381,0.002717,0.599,0,4,46.62,0.309,1,927,3.0,2.841,0,30,5880,177208.7,78.75,13,10.65
1786433879657,2655,v1,0.0696,0.4374,0.3388,2.0144,0.3465,0.032,0.215,0.001968,0.686,1,23,80.82,0.636,1,0,16.663,16.663,0,30,6095,185672.5,95.38,15,7.55
1786433877579,2656,v1,0.0614,0.5029,0.3261,2.2404,0.2241,0.032,0.1382,0.00277,0.717,1,28,61.45,0.776,1,1836,19.133,12.77,0,30,6032,267456.5,95.2,16,10.3
1786433880017,2657,v1,0.0626,0.9179,0.3512,1.9547,0.5759,0.032,0.1094,0.003756,0.637,1,30,56.8,0.926,1,0,17.106,17.106,0,30,6417,173463.3,97.81,15,13.96
1786433882948,2658,v1,0.0784,0.9465,0.4456,2.1089,0.3043,0.032,0.0777,0.002322,0.691,0,9,63.89,0.386,1,1801,8.0,6.271,0,30,6366,254615.5,63.04,15,9.35
1786433885101,2659,v1,0.034,0.3308,0.2747,1.9032,0.613,0.032,0.0621,0.001228,0.587,1,18,86.37,0.714,1,0,13.62,13.62,0,30,7185,171986.8,87.98,12,4.72
1786433886769,2660,v1,0.0788,0.2367,0.1031,2.437,0.6795,0.032,0.0696,0.001576,0.655,0,12,68.79,0.33,1,1346,11.0,8.914,0,30,5911,216344.7,68.74,15,5.89
1786433888727,2661,v1,0.0192,0.9455,0.2551,2.2235,0.8672,0.032,0.1025,0.003001,0.657,1,34,44.18,0.596,1,793,20.363,17.45,0,30,6074,211504.5,84.44,18,11.41
1786433890344,2662,v1,0.0309,0.2709,0.3331,1.3549,0.5584,0.032,0.0983,0.002286,0.712,1,19,91.78,0.314,1,268,17.7,16.926,0,30,6483,225753.5,81.02,17,8.51
1786433879504,2663,v1,0.0633,0.659,0.2936,2.0087,0.7678,0.032,0.195,0.003568,0.604,1,9,52.7,0.942,1,6439,8.0,0.0,0,30,6649,387837.2,0.0,-1,13.58
1786433881649,2664,v1,0.041,0.5487,0.1967,1.9552,0.735,0.032,0.1745,0.003578,0.644,1,32,34.75,0.902,1,927,18.063,15.062,0,30,6181,188292.4,92.24,15,12.51
1786433884768,2665,v1,0.0577,0.2513,0.2584,2.2841,0.4224,0.032,0.2394,0.00364,0.606,1,6,22.7,0.833,1,6242,5.0,0.0,0,30,6349,351837.1,0.0,-1,13.94
1786433886130,2666,v1,0.0316,0.5966,0.453,2.4859,0.366,0.032,0.1087,0.003643,0.593,1,28,97.9,0.316,1,0,16.125,16.125,0,30,5861,155469.5,85.77,14,13.36
1786433888362,2667,v1,0.0179,0.4184,0.2359,1.7744,0.6571,0.032,0.0511,0.003012,0.64,0,9,32.59,0.366,1,1252,8.0,6.689,0,30,5877,219781.9,66.59,16,11.16
1786433890458,2668,v1,0.0711,0.3047,0.218,2.2258,0.5239,0.032,0.1607,0.001781,0.601,1,9,47.67,0.623,1,4581,8.0,1.431,0,30,5650,299035.5,15.42,-1,6.74
1786433892661,2669,v1,0.0249,0.665,0.4952,1.0028,0.7349,0.032,0.2377,0.001749,0.609,0,28,71.2,0.715,1,0,14.108,14.108,0,30,5900,125084.4,87.0,11,6.59
1786433880168,2670,v1,0.0718,0.2718,0.4523,2.4742,0.916,0.032,0.1116,0.001919,0.677,1,6,87.08,0.728,1,5751,5.0,0.621,0,30,6621,386546.7,10.94,-1,7.82
1786433883585,2671,v1,0.0635,0.7478,0.1194,1.4262,0.6964,0.032,0.0897,0.001235,0.653,0,4,31.35,0.811,1,3743,3.0,2.387,0,30,6124,292282.4,32.81,15,4.67
1786433885414,2672,v1,0.016,0.435,0.2379,2.4406,0.3334,0.032,0.0732,0.002122,0.655,0,14,76.82,0.306,1,0,13.0,13.0,0,30,5692,234645.4,64.03,17,8.35
1786433888107,2673,v1,0.0124,0.3039,0.1571,1.6602,0.1183,0.032,0.1466,0.001927,0.679,0,9,67.91,0.586,1,2808,8.0,5.28,0,30,6286,365796.8,10.86,-1,7.59
1786433889574,2674,v1,0.0796,0.9127,0.314,2.1261,0.5024,0.032,0.1205,0.003565,0.667,1,17,61.84,0.509,1,0,15.319,15.319,0,30,5848,167977.0,86.07,15,13.68
1786433891131,2675,v1,0.0377,0.4645,0.1019,2.4688,0.1778,0.032,0.0845,0.003535,0.601,0,23,45.69,0.73,1,0,15.9,15.9,0,30,6232,171253.3,88.2,14,13.74
1786433893239,2676,v1,0.0518,0.739,0.3184,0.8545,0.6565,0.032,0.08,0.002338,0.634,0,16,59.83,0.972,1,0,14.414,14.414,0,30,5948,163220.1,87.98,14,8.27
1786433881003,2677,v1,0.0739,0.2842,0.4311,1.7491,0.4793,0.032,0.1436,0.003574,0.603,0,33,37.66,0.496,1,0,16.347,16.347,0,30,6672,162684.3,91.92,13,13.47
1786433883486,2678,v1,0.0178,0.8387,0.1335,1.4671,0.8943,0.032,0.1962,0.002099,0.656,1,34,57.15,0.431,1,0,19.555,19.555,0,30,6264,204123.0,85.29,17,7.89
1786433885242,2679,v1,0.067,0.7092,0.1088,0.8457,0.8886,0.032,0.1423,0.001419,0.644,1,23,97.71,0.955,1,0,15.713,15.713,0,30,6575,182712.2,92.25,14,5.44
1786433886833,2680,v1,0.0743,0.4457,0.1596,1.6799,0.3834,0.032,0.2157,0.001754,0.616,1,32,79.92,0.536,1,0,17.025,17.025,0,30,6184,172055.6,88.36,14,6.95
1786433888911,2681,v1,0.0234,0.7239,0.4757,1.6119,0.5904,0.032,0.1169,0.002885,0.714,0,8,53.12,0.35,1,1371,7.0,5.807,0,30,5863,243589.7,71.23,18,11.67
1786433890462,2682,v1,0.0663,0.3937,0.2976,2.4211,0.4363,0.032,0.2394,0.002197,0.692,0,18,43.99,0.886,1,0,16.344,16.344,0,30,6402,202787.2,86.68,16,8.72
1786433893480,2683,v1,0.0709,0.706,0.2538,1.0932,0.997,0.032,0.2232,0.002788,0.719,1,9,92.69,0.417,1,3765,8.0,3.481,0,30,6827,312410.9,40.23,16,10.88
1786433882064,2684,v1,0.0708,0.3211,0.4613,1.1644,0.8934,0.032,0.2123,0.00184,0.702,1,21,67.69,0.694,1,0,15.978,15.978,0,30,6755,196761.6,86.73,15,7.45
1786433883895,2685,v1,0.0705,0.9352,0.479,0.8422,0.8211,0.032,0.1824,0.002906,0.597,1,22,96.8,0.947,1,0,11.668,11.668,0,30,6332,119190.1,86.38,10,11.21
1786433886063,2686,v1,0.0148,0.2026,0.1832,2.2103,0.2079,0.032,0.0589,0.001848,0.637,1,13,62.26,0.312,1,2744,12.0,6.997,0,30,6713,296999.9,50.58,17,6.87
1786433887887,2687,v1,0.0357,0.7832,0.1282,1.0627,0.9854,0.032,0.2121,0.002335,0.587,0,32,28.2,0.639,1,0,15.17,15.17,0,30,6146,137200.6,86.45,10,8.98
1786433889643,2688,v1,0.0528,0.6341,0.2509,1.7073,0.3575,0.032,0.0839,0.002466,0.677,1,23,80.13,0.773,1,0,16.811,16.811,0,30,6576,198732.0,91.52,16,9.23
1786433892526,2689,v1,0.0369,0.9338,0.4389,1.5706,0.4753,0.032,0.1206,0.003699,0.658,1,4,25.77,0.586,1,4366,3.0,0.959,0,30,6489,316226.5,28.22,16,14.1
1786433895228,2690,v1,0.0131,0.8111,0.2952,1.8553,0.2745,0.032,0.0607,0.002286,0.699,1,35,35.63,0.5,1,111,3.402,2.957,0,30,5968,329451.7,15.32,-1,8.86
1786433883199,2691,v1,0.028,0.2817,0.3051,1.3673,0.2106,0.032,0.2348,0.0029,0.716,1,31,91.16,0.393,1,0,19.821,19.821,0,30,5584,236566.6,82.14,18,11.16
1786433885715,2692,v1,0.0494,0.4861,0.3685,1.1302,0.9148,0.032,0.2374,0.002629,0.591,1,5,21.36,0.995,1,5881,4.0,0.0,0,30,5959,350019.9,0.0,-1,9.83
1786433887187,2693,v1,0.0583,0.3931,0.4413,2.3141,0.8501,0.032,0.1929,0.003215,0.718,0,23,74.01,0.761,1,0,17.215,17.215,0,30,6264,189281.7,87.08,16,12.68
1786433889262,2694,v1,0.0597,0.2473,0.3815,0.8464,0.7834,0.032,0.0819,0.001208,0.649,0,29,99.14,0.616,1,0,16.832,16.832,0,30,6527,183621.5,95.29,14,4.61
1786433890691,2695,v1,0.0675,0.2782,0.3758,0.9252,0.1165,0.032,0.2382,0.001988,0.719,0,16,52.82,0.351,1,1140,15.0,12.552,0,30,6230,266560.6,67.74,15,7.69
1786433893138,2696,v1,0.0377,0.4539,0.1364,1.2106,0.5756,0.032,0.0815,0.002346,0.616,0,16,46.11,0.602,1,0,14.464,14.464,0,30,6975,180104.4,89.49,14,8.52
1786433895285,2697,v1,0.0595,0.5798,0.1886,2.4878,0.7464,0.032,0.1883,0.003207,0.614,0,5,39.21,0.66,1,2624,4.0,3.104,0,30,5915,250690.0,55.08,15,11.12
1786433883897,2698,v1,0.0586,0.5233,0.1998,2.0239,0.707,0.032,0.189,0.002625,0.611,1,33,75.04,0.533,1,0,17.248,17.248,0,30,6172,171112.5,89.22,14,9.95
1786433885576,2699,v1,0.0258,0.9362,0.3414,2.0554,0.5467,0.032,0.0938,0.003188,0.665,0,28,27.63,0.428,1,0,18.603,18.603,0,30,6173,191152.3,84.98,17,11.15
1786433887344,2700,v1,0.0616,0.8963,0.4555,1.7305,0.684,0.032,0.2216,0.003517,0.718,1,31,45.73,0.601,1,771,18.118,15.926,0,30,7010,225480.9,84.31,15,13.15
1786433889244,2701,v1,0.0425,0.768,0.2216,0.8031,0.3416,0.032,0.1353,0.001726,0.688,1,18,92.8,0.62,1,0,15.915,15.915,0,30,6000,183776.7,85.45,15,6.83
1786433892565,2702,v1,0.0112,0.7458,0.2583,1.8554,0.6804,0.032,0.2246,0.002192,0.608,1,14,62.9,0.916,1,6788,13.0,0.0,0,30,6985,393469.8,0.0,-1,8.05
1786433894585,2703,v1,0.0467,0.3384,0.1015,1.9335,0.1333,0.032,0.2334,0.002472,0.61,1,9,61.44,0.363,1,2584,8.0,4.59,0,30,6191,250769.3,54.2,15,9.8
1786433896365,2704,v1,0.0792,0.9973,0.1169,1.1047,0.4405,0.032,0.1341,0.001885,0.622,1,26,59.31,0.77,1,0,15.936,15.936,0,30,6239,171767.7,85.92,14,7.45
1786433884431,2705,v1,0.0595,0.6555,0.2929,2.2213,0.3075,0.032,0.2107,0.001475,0.59,1,36,99.64,0.451,1,0,17.373,17.373,0,30,6993,170105.5,100.0,14,5.99
1786433886883,2706,v1,0.0393,0.9009,0.2705,2.1669,0.2475,0.032,0.0816,0.002714,0.594,0,4,68.36,0.649,1,3400,3.0,2.522,0,30,7169,290892.5,44.13,14,10.15
1786433889659,2707,v1,0.0683,0.3153,0.1284,1.3867,0.7115,0.032,0.2405,0.003013,0.675,1,15,60.69,0.814,1,6171,14.0,0.0,0,30,6428,381636.4,0.0,-1,11.06
1786433892331,2708,v1,0.0383,0.4662,0.3466,2.4817,0.2598,0.032,0.2064,0.00176,0.711,0,8,78.98,0.83,1,0,7.0,7.0,0,30,6966,262811.3,86.59,17,6.8
1786433893877,2709,v1,0.0629,0.2546,0.4572,1.9775,0.9437,0.032,0.17,0.001584,0.595,0,17,64.66,0.39,1,0,13.146,13.146,0,30,5925,141313.0,89.64,11,5.86
1786433896125,2710,v1,0.0605,0.8564,0.232,0.9805,0.3399,0.032,0.0793,0.001938,0.699,1,15,68.34,0.785,1,5412,14.0,1.7,0,30,6315,352635.5,10.46,-1,7.78
1786433898119,2711,v1,0.0702,0.6679,0.4635,1.8741,0.4537,0.032,0.2204,0.003769,0.659,1,34,93.31,0.537,1,0,17.849,17.849,0,30,6158,166187.3,88.99,15,14.32
1786433893902,2712,v1,0.0623,0.3494,0.4527,1.7349,0.4479,0.032,0.2109,0.002373,0.641,1,12,70.6,0.86,1,5454,11.0,0.0,0,30,5592,330068.4,0.0,-1,9.17
1786433895680,2713,v1,0.0635,0.2783,0.1267,1.6947,0.1386,0.032,0.225,0.00164,0.617,0,16,68.13,0.513,1,0,14.482,14.482,0,30,6534,179860.5,89.84,14,6.0
1786433897708,2714,v1,0.0567,0.9176,0.2323,1.3976,0.4186,0.032,0.2065,0.002877,0.622,1,31,70.42,0.734,1,0,17.078,17.078,0,30,6394,169891.3,93.06,14,10.26
1786433899155,2715,v1,0.0352,0.2711,0.3209,1.5254,0.1103,0.032,0.1778,0.002624,0.616,0,17,75.57,0.866,1,0,14.52,14.52,0,30,6290,172310.1,88.41,14,9.87
1786433900541,2716,v1,0.0368,0.3387,0.3624,1.5397,0.8065,0.032,0.1799,0.002092,0.707,1,29,33.49,0.585,1,830,18.508,15.929,0,30,6272,213989.8,85.35,16,7.99
1786433902459,2717,v1,0.0436,0.5066,0.3371,2.3896,0.7981,0.032,0.0815,0.001279,0.658,0,9,72.11,0.817,1,0,8.0,8.0,0,30,5843,167772.4,92.74,15,5.51
1786433904214,2718,v1,0.0369,0.4171,0.1942,2.3254,0.3086,0.032,0.2137,0.002292,0.58,1,10,96.8,0.361,1,2424,9.0,5.354,0,30,6124,243532.6,53.54,14,9.39
1786433895592,2719,v1,0.0387,0.8716,0.1916,2.1335,0.3466,0.032,0.2259,0.002993,0.712,0,30,54.58,0.318,1,0,20.068,20.068,0,30,6291,242796.9,88.08,17,11.43
1786433898086,2720,v1,0.0652,0.7961,0.1416,0.9738,0.1464,0.032,0.0549,0.002245,0.72,0,10,53.93,0.489,1,2349,9.0,6.336,0,30,6296,296436.2,53.17,16,8.15
1786433899550,2721,v1,0.064,0.7794,0.3593,2.238,0.8666,0.032,0.2464,0.001368,0.629,0,24,37.84,0.518,1,0,16.072,16.072,0,30,5806,156952.9,97.15,15,5.24
1786433902321,2722,v1,0.0288,0.5554,0.2463,2.3173,0.9057,0.032,0.1989,0.002778,0.58,1,9,73.48,0.816,1,5738,8.0,0.281,0,30,6085,352365.9,3.15,-1,11.18
1786433904353,2723,v1,0.0351,0.8421,0.4349,1.8505,0.3786,0.032,0.1391,0.003319,0.663,0,4,39.32,0.897,1,4021,3.0,2.332,0,30,6074,289720.0,32.58,16,12.51
1786433906170,2724,v1,0.0202,0.9678,0.2924,2.4512,0.779,0.032,0.1512,0.002132,0.655,0,32,23.05,0.539,1,327,19.723,18.663,0,30,5791,194647.6,89.73,17,8.25
1786433907994,2725,v1,0.02,0.3592,0.1731,1.0318,0.3171,0.032,0.1125,0.001313,0.64,1,20,53.14,0.421,1,651,15.815,14.333,0,30,7062,230895.5,86.3,15,5.58
1786433896103,2726,v1,0.0499,0.6132,0.2218,1.1824,0.872,0.032,0.1607,0.001987,0.583,1,16,20.99,0.691,1,1149,12.518,10.373,0,30,6801,197598.6,89.63,11,7.54
1786433898123,2727,v1,0.0178,0.2527,0.4218,1.7006,0.3135,0.032,0.2069,0.001433,0.6,0,17,27.56,0.652,1,0,13.629,13.629,0,30,6872,168066.6,88.2,13,6.14
1786433899723,2728,v1,0.0251,0.4421,0.1477,1.7619,0.3541,0.032,0.2331,0.00326,0.652,0,27,50.76,0.831,1,0,18.317,18.317,0,30,6202,198368.3,86.45,16,12.11
1786433901255,2729,v1,0.0773,0.9231,0.404,0.932,0.8282,0.032,0.0681,0.003526,0.629,0,19,86.76,0.814,1,0,14.431,14.431,0,30,6184,162126.1,97.89,14,13.28
1786433903079,2730,v1,0.0668,0.7074,0.1287,2.3361,0.9279,0.032,0.1461,0.001928,0.617,0,23,37.24,0.31,1,0,16.024,16.024,0,30,6347,173963.5,99.66,15,7.63
1786433904536,2731,v1,0.064,0.6051,0.223,1.3112,0.5265,0.032,0.1199,0.002152,0.655,1,36,84.13,0.351,1,0,18.303,18.303,0,30,6275,178968.8,86.11,15,7.54
1786433906473,2732,v1,0.0725,0.2544,0.4736,1.2152,0.4963,0.032,0.2317,0.003589,0.718,0,23,28.91,0.976,1,710,16.612,14.835,0,30,6275,208436.6,92.98,15,14.29
1786433897279,2733,v1,0.0778,0.606,0.231,1.533,0.6018,0.032,0.2227,0.002007,0.634,1,11,35.41,0.75,1,5305,10.0,0.0,0,30,5428,310799.4,0.0,-1,7.92
1786433899591,2734,v1,0.0755,0.9726,0.484,2.477,0.6775,0.032,0.0792,0.002014,0.621,1,10,78.83,0.313,1,2681,9.0,5.122,0,30,6340,272914.2,51.7,14,7.87
1786433901476,2735,v1,0.0366,0.3648,0.1084,0.8972,0.5689,0.032,0.216,0.002236,0.679,0,8,20.38,0.728,1,2181,7.0,5.13,0,30,5936,246969.0,55.13,16,8.74
1786433903921,2736,v1,0.0406,0.4698,0.3292,1.1862,0.3138,0.032,0.2238,0.001307,0.604,0,13,73.24,0.935,1,3373,11.879,6.346,0,30,6207,275831.7,41.29,14,5.51
1786433905822,2737,v1,0.0121,0.9543,0.1705,1.626,0.8548,0.032,0.1848,0.001282,0.654,1,25,73.88,0.54,1,0,18.461,18.461,0,30,6304,206717.6,86.4,17,5.36
1786433907371,2738,v1,0.0321,0.2245,0.4624,0.8067,0.1897,0.032,0.1055,0.003158,0.664,1,32,40.48,0.456,1,509,17.478,16.034,0,30,6725,192396.2,87.83,15,11.64
1786433908550,2739,v1,0.0339,0.4064,0.3787,1.9032,0.1768,0.032,0.1001,0.002355,0.609,0,34,79.19,0.928,1,0,17.442,17.442,0,30,6368,168664.5,89.95,14,8.32
1786433898959,2740,v1,0.0438,0.8818,0.1127,1.7385,0.8442,0.032,0.1877,0.001769,0.693,1,4,46.96,0.901,1,5738,3.0,0.0,0,30,5764,339720.2,0.0,-1,7.1
1786433900125,2741,v1,0.0492,0.791,0.2045,1.5759,0.1528,0.032,0.1509,0.003,0.61,0,31,98.34,0.562,1,0,16.883,16.883,0,30,6673,183792.4,90.72,14,11.88
1786433902821,2742,v1,0.0353,0.2045,0.1295,1.3619,0.243,0.032,0.1254,0.002136,0.675,0,11,28.63,0.96,1,3563,10.0,5.128,0,30,5978,301107.2,33.5,16,8.01
1786433904374,2743,v1,0.0491,0.9683,0.1714,1.1583,0.1814,0.032,0.0739,0.001858,0.627,0,29,54.83,0.6,1,0,16.628,16.628,0,30,6778,186892.5,90.01,14,7.23
1786433906262,2744,v1,0.0771,0.3698,0.4076,2.388,0.4364,0.032,0.2249,0.003668,0.645,0,27,89.78,0.658,1,0,16.441,16.441,0,30,5908,162778.3,94.85,14,13.91
1786433907733,2745,v1,0.0389,0.8495,0.4549,1.4886,0.6959,0.032,0.2407,0.002561,0.717,0,18,60.57,0.358,1,393,16.927,15.81,0,30,5505,185271.2,78.7,17,10.15
1786433909382,2746,v1,0.0618,0.2174,0.2617,0.8063,0.1808,0.032,0.2036,0.001374,0.626,0,36,70.25,0.49,1,0,17.405,17.405,0,30,6177,165776.1,97.61,14,5.68
1786433898231,2747,v1,0.0607,0.2958,0.3911,2.4562,0.5359,0.032,0.196,0.003603,0.61,0,21,39.36,0.636,1,0,15.266,15.266,0,30,6273,164932.2,89.59,14,13.37
1786433899610,2748,v1,0.0336,0.494,0.4598,2.1731,0.4019,0.032,0.2325,0.003113,0.668,0,35,52.16,0.713,1,0,18.963,18.963,0,30,5934,177614.8,85.16,16,11.73
1786433901330,2749,v1,0.05,0.9943,0.1711,1.3608,0.7,0.032,0.1,0.002754,0.604,1,5,27.47,0.332,1,2381,4.0,2.384,0,30,5952,238274.9,50.7,14,10.2
1786433903266,2750,v1,0.0115,0.4375,0.1825,1.2987,0.3731,0.032,0.1389,0.003282,0.616,1,16,39.4,0.433,1,1095,14.656,12.044,0,30,6542,219448.5,69.43,14,13.12
1786433905618,2751,v1,0.011,0.9656,0.4379,2.4564,0.1258,0.032,0.1306,0.002148,0.609,1,13,29.46,0.743,1,5569,12.0,1.134,0,30,6305,356221.1,8.39,-1,8.42
1786433907647,2752,v1,0.0256,0.4167,0.3844,1.9649,0.5424,0.032,0.1699,0.00223,0.667,0,14,44.14,0.416,1,1985,13.0,9.642,0,30,6715,272232.2,58.61,17,8.79
1786433909379,2753,v1,0.0189,0.675,0.3517,1.0738,0.6178,0.032,0.104,0.00275,0.642,0,36,96.21,0.675,1,0,18.629,18.629,0,30,6311,179987.7,91.14,15,11.06
1786433899016,2754,v1,0.053,0.2765,0.2836,1.1861,0.6318,0.032,0.163,0.003292,0.649,1,34,93.38,0.538,1,0,17.65,17.65,0,30,5603,151303.9,94.79,14,12.24
1786433901211,2755,v1,0.0241,0.866,0.1277,0.8543,0.1993,0.032,0.125,0.001499,0.699,1,5,87.58,0.834,1,5587,4.0,0.0,0,30,5619,348798.2,0.0,-1,5.39
1786433903660,2756,v1,0.0254,0.453,0.1542,0.8322,0.664,0.032,0.1073,0.002761,0.699,0,16,58.67,0.765,1,2626,15.0,9.474,0,30,6429,269883.9,52.79,18,10.73
1786433906006,2757,v1,0.0695,0.219,0.3067,1.6391,0.4356,0.032,0.1686,0.001638,0.683,0,4,30.2,0.374,1,1996,3.0,2.717,0,30,7090,256325.8,62.77,15,6.35
1786433907897,2758,v1,0.0399,0.3303,0.2086,2.4343,0.7321,0.032,0.1375,0.00364,0.656,0,11,49.69,0.549,1,2223,10.0,7.054,0,30,6257,245873.1,53.45,16,12.96
1786433909113,2759,v1,0.0242,0.5479,0.464,1.1811,0.5414,0.032,0.0894,0.003045,0.626,0,24,57.5,0.448,1,0,15.464,15.464,0,30,6073,162554.9,85.83,14,11.61
1786433911970,2760,v1,0.0688,0.4143,0.1163,1.1084,0.6473,0.032,0.1259,0.001657,0.66,1,6,36.03,0.779,1,6701,5.0,0.079,0,30,6854,418941.4,1.57,-1,6.39
1786433900424,2761,v1,0.0542,0.9205,0.34,1.3867,0.481,0.032,0.0731,0.003593,0.703,0,8,38.18,0.819,1,2898,7.0,4.331,0,30,5553,274260.4,41.4,16,13.94
1786433902346,2762,v1,0.0399,0.6267,0.2324,2.3447,0.2797,0.032,0.1259,0.0021,0.679,0,29,78.89,0.675,1,0,18.452,18.452,0,30,5861,179391.5,90.55,16,8.21
1786433904244,2763,v1,0.0664,0.2285,0.4424,0.9895,0.1338,0.032,0.1896,0.002517,0.649,0,12,35.6,0.328,1,1400,11.0,9.014,0,30,6530,226019.9,68.44,14,9.98
1786433906457,2764,v1,0.0385,0.8314,0.171,2.3796,0.8451,0.032,0.136,0.003415,0.664,1,8,45.93,0.445,1,3698,7.0,2.543,0,30,5936,280857.2,34.81,17,12.58
1786433908427,2765,v1,0.0684,0.6358,0.222,2.1474,0.6486,0.032,0.2368,0.003051,0.601,0,6,27.89,0.962,1,3572,5.0,3.256,0,30,6235,285712.0,36.62,14,11.85
1786433910246,2766,v1,0.0733,0.9193,0.479,1.5285,0.2784,0.032,0.1222,0.001678,0.585,0,32,20.67,0.371,1,214,14.17,13.685,0,30,5623,118332.7,85.37,10,6.63
1786433912168,2767,v1,0.0415,0.4323,0.124,0.9568,0.9115,0.032,0.1658,0.001903,0.618,0,9,47.67,0.876,1,3863,8.0,4.201,0,30,6201,291346.9,32.22,14,7.32
1786433906570,2768,v1,0.0675,0.2418,0.4699,1.3038,0.795,0.032,0.0598,0.002106,0.595,0,15,56.49,0.857,1,0,10.961,10.961,0,30,5826,114849.0,90.01,9,8.2
1786433908088,2769,v1,0.0118,0.7531,0.427,1.7802,0.4036,0.032,0.1557,0.003268,0.621,1,24,45.42,0.484,1,640,16.318,14.385,0,30,5770,173145.5,86.79,15,12.05
1786433909792,2770,v1,0.0595,0.773,0.1827,1.1929,0.1672,0.032,0.2466,0.003234,0.614,0,36,96.39,0.858,1,0,17.398,17.398,0,30,5796,158934.9,95.68,14,12.87
1786433911454,2771,v1,0.0741,0.2851,0.2961,1.7985,0.4507,0.032,0.1179,0.003484,0.596,0,20,53.27,0.622,1,0,14.626,14.626,0,30,6204,165184.0,97.8,14,13.19
1786433913127,2772,v1,0.0183,0.9292,0.2442,1.5637,0.44,0.032,0.1749,0.003581,0.699,1,27,33.69,0.856,1,792,14.763,11.976,0,30,6205,276347.9,73.06,19,13.44
1786433914346,2773,v1,0.0476,0.9488,0.3693,1.7378,0.7061,0.032,0.1335,0.003091,0.589,0,16,42.18,0.846,1,0,12.705,12.705,0,30,6074,142876.5,89.88,12,11.8
1786433915386,2774,v1,0.0416,0.5451,0.3606,2.0194,0.2945,0.032,0.1485,0.00345,0.632,0,19,98.26,0.408,1,0,15.399,15.399,0,30,5949,162814.2,84.69,15,12.42
1786433908720,2775,v1,0.062,0.4071,0.1064,1.9104,0.4064,0.032,0.2473,0.003747,0.685,1,20,54.28,0.656,1,792,16.382,14.092,0,30,6006,206011.1,97.8,16,13.6
1786433911470,2776,v1,0.0347,0.417,0.4504,1.6096,0.9193,0.032,0.0734,0.00363,0.719,1,7,58.65,0.774,1,5805,6.0,0.051,0,30,5994,345351.8,0.75,-1,13.91
1786433913568,2777,v1,0.0155,0.9069,0.4923,2.2998,0.8777,0.032,0.1622,0.003625,0.671,1,10,72.1,0.803,1,6033,9.0,0.0,0,30,6246,347693.3,0.0,-1,12.66
1786433914836,2778,v1,0.044,0.4171,0.4221,1.3078,0.592,0.032,0.1864,0.003019,0.632,0,17,36.71,0.398,1,0,14.552,14.552,0,30,6813,176422.9,89.65,14,10.93
1786433915905,2779,v1,0.0546,0.2406,0.1586,1.7826,0.8224,0.032,0.2137,0.001281,0.702,0,24,84.41,0.993,1,0,17.697,17.697,0,30,6071,191336.2,95.85,17,5.17
1786433916743,2780,v1,0.0434,0.3402,0.4061,1.9873,0.9224,0.032,0.1842,0.003395,0.659,1,17,75.28,0.686,1,0,15.583,15.583,0,30,5347,155705.8,91.52,15,12.96
1786433918207,2781,v1,0.0304,0.4208,0.2709,1.4106,0.988,0.032,0.2415,0.001347,0.692,0,14,40.58,0.949,1,4445,13.0,4.937,0,30,6169,326353.4,22.57,17,4.78
1786433911174,2782,v1,0.0274,0.3883,0.2175,1.0012,0.2268,0.032,0.2226,0.00208,0.703,0,23,23.09,0.834,1,468,18.008,16.833,0,30,6590,235053.7,85.17,17,7.86
1786433912410,2783,v1,0.0108,0.4465,0.3572,2.0301,0.2868,0.032,0.2428,0.002985,0.592,1,32,64.99,0.998,1,0,16.622,16.622,0,30,6630,170811.1,87.07,14,11.37
1786433914204,2784,v1,0.0159,0.9313,0.1936,0.908,0.576,0.032,0.1248,0.001426,0.652,1,34,34.71,0.691,1,908,19.276,16.722,0,30,7140,232681.3,84.32,16,5.46
1786433915763,2785,v1,0.0176,0.4967,0.2227,1.19,0.3072,0.032,0.2356,0.003339,0.698,0,10,22.47,0.59,1,2621,9.0,6.075,0,30,6475,339885.7,28.8,19,12.66
1786433916720,2786,v1,0.0111,0.2329,0.2476,2.0775,0.6376,0.032,0.0983,0.002922,0.639,1,36,34.91,0.482,1,500,20.831,18.824,0,30,5695,195458.4,85.11,18,11.48
1786433917517,2787,v1,0.0669,0.7566,0.4051,1.456,0.3349,0.032,0.0604,0.002522,0.588,1,15,54.37,0.7,1,834,11.603,9.989,0,30,6159,161559.7,84.14,11,9.4
1786433918850,2788,v1,0.0531,0.2244,0.2255,1.0825,0.3877,0.032,0.2075,0.002186,0.616,1,36,89.7,0.486,1,0,17.43,17.43,0,30,6075,154287.1,90.79,14,8.02
1786433911570,2789,v1,0.0337,0.7156,0.1695,1.7992,0.4155,0.032,0.0586,0.003049,0.686,1,24,65.47,0.961,1,0,18.002,18.002,0,30,6101,195723.8,84.28,17,11.57
1786433913371,2790,v1,0.0143,0.8415,0.3827,1.4575,0.7843,0.032,0.1449,0.001889,0.693,1,19,91.91,0.503,1,1349,17.92,13.947,0,30,6298,282108.5,59.97,18,6.99
1786433914530,2791,v1,0.013,0.5116,0.3914,0.9304,0.6236,0.032,0.0896,0.003361,0.605,0,24,82.8,0.372,1,0,13.396,13.396,0,30,6063,131247.8,85.57,11,13.13
1786433915667,2792,v1,0.0231,0.6619,0.3472,2.2339,0.8885,0.032,0.0587,0.001665,0.606,0,30,58.66,0.893,1,0,17.224,17.224,0,30,6584,179981.3,96.38,15,6.58
1786433916584,2793,v1,0.0274,0.4107,0.3861,1.6593,0.4095,0.032,0.1152,0.001813,0.604,0,8,93.98,0.377,1,0,7.0,7.0,0,30,5677,152509.9,90.04,14,7.06
1786433917418,2794,v1,0.0613,0.9065,0.1998,1.8502,0.4994,0.032,0.2468,0.002472,0.658,0,29,27.42,0.895,1,0,17.298,17.298,0,30,6544,193506.9,86.29,15,9.76
1786433918651,2795,v1,0.04,0.6262,0.477,1.2679,0.9552,0.032,0.0701,0.003499,0.617,1,24,93.43,0.455,1,0,15.129,15.129,0,30,5444,145293.5,94.37,13,13.68
1786433912247,2796,v1,0.0382,0.9816,0.4426,2.0221,0.6857,0.032,0.0771,0.001214,0.679,0,8,54.74,0.574,1,2040,7.0,5.409,0,30,6464,271204.7,60.82,16,4.49
1786433914122,2797,v1,0.0248,0.2,0.2856,2.49,0.8901,0.032,0.0959,0.002231,0.619,1,8,33.83,0.358,1,2837,7.0,3.615,0,30,5944,262326.0,44.7,15,8.48
1786433915244,2798,v1,0.015,0.7528,0.3188,2.0206,0.8373,0.032,0.0737,0.001422,0.658,0,13,72.85,0.851,1,0,12.0,12.0,0,30,6036,207614.9,86.72,18,5.52
1786433916617,2799,v1,0.0134,0.5379,0.3561,1.0677,0.6013,0.032,0.138,0.00364,0.692,0,10,60.0,0.649,1,2574,9.0,6.086,0,30,6398,287914.1,40.32,18,13.54
1786433925536,2800,v1,0.0179,0.5183,0.37,1.2766,0.3127,0.032,0.1507,0.003161,0.59,0,24,85.73,0.707,1,0,13.1,13.1,0,30,6627,137426.7,87.41,10,12.15
1786433927914,2801,v1,0.0797,0.858,0.3672,1.057,0.8967,0.032,0.1478,0.00306,0.647,1,7,46.79,0.853,1,5630,6.0,0.0,0,30,5746,347511.1,0.02,-1,11.23
1786433930483,2802,v1,0.0761,0.4286,0.248,1.5666,0.637,0.032,0.1855,0.003561,0.654,1,13,51.02,0.711,1,5648,12.0,1.107,0,30,6532,367328.9,9.21,-1,13.82
1786433931856,2803,v1,0.0403,0.3063,0.1049,1.6968,0.5548,0.032,0.1446,0.001664,0.667,0,36,42.16,0.305,1,0,19.271,19.271,0,30,5820,172815.4,85.67,16,6.1
1786433933440,2804,v1,0.0341,0.6283,0.4332,1.9516,0.8285,0.032,0.2429,0.002558,0.694,0,26,85.14,0.537,1,0,17.956,17.956,0,30,5716,176845.2,84.09,16,9.45
1786433935467,2805,v1,0.0181,0.556,0.3609,0.8606,0.7473,0.032,0.1531,0.003743,0.612,0,15,65.36,0.885,1,0,12.764,12.764,0,30,6387,149794.5,87.13,12,13.82
1786433937502,2806,v1,0.0394,0.6353,0.3922,0.8227,0.4933,0.032,0.1237,0.003245,0.635,1,11,76.36,0.61,1,4232,10.0,2.394,0,30,5736,288579.0,20.2,14,11.99
1786433926342,2807,v1,0.0466,0.7107,0.2684,2.1116,0.4355,0.032,0.0624,0.00173,0.681,0,5,94.81,0.962,1,0,4.0,4.0,0,30,6448,197492.4,86.12,16,7.01
1786433928212,2808,v1,0.0596,0.3898,0.3418,1.457,0.1134,0.032,0.0591,0.002718,0.606,0,6,96.63,0.982,1,0,5.0,5.0,0,30,6796,176337.3,97.87,14,10.02
1786433929840,2809,v1,0.0744,0.7466,0.1913,1.5491,0.5745,0.032,0.1157,0.001721,0.665,0,31,27.13,0.516,1,0,17.586,17.586,0,30,6318,172851.4,84.69,15,6.73
1786433931936,2810,v1,0.0478,0.3734,0.3463,1.4497,0.3886,0.032,0.105,0.002011,0.605,1,8,64.91,0.362,1,3096,7.0,3.829,0,30,6920,275518.5,51.6,14,7.96
1786433933301,2811,v1,0.0224,0.8124,0.458,1.7388,0.9566,0.032,0.2446,0.00365,0.59,0,25,28.2,0.459,1,229,13.827,13.301,0,30,5668,133420.5,88.97,11,13.87
1786433935234,2812,v1,0.0602,0.4032,0.1638,0.8425,0.2049,0.032,0.1758,0.002146,0.669,0,24,51.97,0.385,1,0,16.43,16.43,0,30,6140,180241.4,85.55,15,8.05
1786433938262,2813,v1,0.0578,0.285,0.3781,0.9555,0.7607,0.032,0.066,0.00366,0.613,1,7,39.48,0.682,1,5610,6.0,1.237,0,30,7231,370184.2,19.86,-1,14.76
1786433926697,2814,v1,0.0554,0.8167,0.2769,1.68,0.5732,0.032,0.1274,0.003043,0.676,1,18,79.82,0.676,1,0,15.73,15.73,0,30,5946,173817.7,93.63,15,11.39
1786433928702,2815,v1,0.0388,0.286,0.3001,2.2065,0.4,0.032,0.1017,0.00356,0.687,0,29,73.88,0.613,1,0,19.097,19.097,0,30,6619,211339.6,90.25,17,12.74
1786433931179,2816,v1,0.0471,0.3061,0.4043,1.332,0.2767,0.032,0.051,0.001204,0.64,1,14,77.66,0.763,1,5928,13.0,0.0,0,30,6011,353530.0,0.0,-1,4.29
1786433932651,2817,v1,0.0447,0.8484,0.2308,2.2341,0.1182,0.032,0.1178,0.002486,0.609,1,36,28.31,0.666,1,814,17.906,15.376,0,30,6232,177278.0,93.08,14,9.24
1786433934845,2818,v1,0.0124,0.9573,0.4435,1.0892,0.4253,0.032,0.1711,0.001857,0.661,1,25,82.83,0.408,1,0,17.658,17.658,0,30,6143,187029.3,91.03,16,6.97
1786433936182,2819,v1,0.0516,0.7069,0.4734,1.3538,0.6099,0.032,0.1111,0.002307,0.703,0,19,95.01,0.594,1,0,16.006,16.006,0,30,5598,169038.6,90.6,15,8.86
1786433937796,2820,v1,0.072,0.6564,0.1059,2.141,0.1226,0.032,0.1416,0.00189,0.606,1,17,65.36,0.34,1,521,14.626,13.266,0,30,5741,179816.9,90.77,14,7.0
1786433928412,2821,v1,0.0244,0.4209,0.1709,0.917,0.9706,0.032,0.1347,0.001526,0.714,1,13,85.81,0.9,1,5441,12.0,0.0,0,30,5526,325405.4,0.0,-1,5.68
1786433929956,2822,v1,0.0719,0.405,0.1233,1.8017,0.2186,0.032,0.1456,0.002598,0.666,0,35,20.83,0.648,1,491,18.672,17.205,0,30,6107,187199.5,88.47,15,10.41
1786433931926,2823,v1,0.045,0.3606,0.1099,2.2124,0.3898,0.032,0.1171,0.003753,0.635,0,15,40.05,0.822,1,3165,14.0,7.017,0,30,5717,269108.9,38.02,16,14.05
1786433933373,2824,v1,0.0475,0.2125,0.3928,1.5682,0.3162,0.032,0.2093,0.002211,0.66,1,20,58.89,0.419,1,0,15.63,15.63,0,30,5574,158156.2,87.25,15,8.5
1786433936221,2825,v1,0.0289,0.3641,0.2257,1.9599,0.8502,0.032,0.0872,0.001515,0.615,1,7,78.38,0.723,1,5593,6.0,0.565,0,30,6231,362531.5,9.16,-1,5.86
1786433938392,2826,v1,0.0579,0.7354,0.2985,2.4382,0.6904,0.032,0.0804,0.001341,0.59,1,29,39.36,0.404,1,586,16.226,14.767,0,30,6688,198089.0,99.22,14,5.46
1786433939788,2827,v1,0.0675,0.8754,0.4737,1.6733,0.8555,0.032,0.0876,0.003293,0.608,0,22,48.08,0.9,1,0,14.436,14.436,0,30,6049,154760.2,89.17,13,12.86
1786433928806,2828,v1,0.078,0.8125,0.3748,1.7758,0.2442,0.032,0.1576,0.001938,0.661,1,13,28.89,0.418,1,3698,12.0,4.558,0,30,6103,284996.4,37.81,15,7.78
1786433930663,2829,v1,0.0602,0.8435,0.3086,1.7126,0.6945,0.032,0.0834,0.001599,0.611,1,23,92.32,0.349,1,0,15.36,15.36,0,30,7343,186857.9,84.85,14,6.56
1786433932161,2830,v1,0.0151,0.739,0.3328,2.4263,0.2746,0.032,0.0915,0.003717,0.616,0,30,53.99,0.712,1,0,18.253,18.253,0,30,6188,191217.3,84.2,16,13.25
1786433933505,2831,v1,0.0307,0.701,0.3727,2.4115,0.2773,0.032,0.2358,0.001495,0.596,0,35,91.04,0.886,1,0,17.65,17.65,0,30,5420,144635.5,91.95,14,6.11
1786433935397,2832,v1,0.0372,0.8423,0.1459,2.2593,0.758,0.032,0.1663,0.001331,0.595,0,21,21.85,0.824,1,524,15.216,13.957,0,30,5587,170008.9,89.18,14,5.26
1786433936973,2833,v1,0.0539,0.2969,0.231,1.1054,0.779,0.032,0.0579,0.003744,0.72,1,26,59.73,0.976,1,0,17.954,17.954,0,30,6662,199904.1,83.91,16,13.36
1786433938800,2834,v1,0.0405,0.2032,0.1608,1.2988,0.1009,0.032,0.0723,0.001233,0.591,0,32,26.0,0.439,1,309,16.07,15.348,0,30,6193,159854.4,90.5,12,4.94
1786433928764,2835,v1,0.0341,0.3109,0.3085,1.9201,0.2708,0.032,0.2364,0.003357,0.68,0,32,48.26,0.867,1,0,19.267,19.267,0,30,5837,182904.0,87.26,16,12.8
1786433930134,2836,v1,0.0494,0.8323,0.3888,0.9583,0.1851,0.032,0.0631,0.00293,0.665,1,31,36.14,0.875,1,938,17.269,14.43,0,30,6211,195639.4,98.22,15,11.03
1786433932504,2837,v1,0.0367,0.7452,0.3907,1.2396,0.4979,0.032,0.062,0.002932,0.712,1,18,70.46,0.869,1,3602,17.0,8.38,0,30,7437,342517.3,48.7,17,10.43
1786433935140,2838,v1,0.0743,0.4289,0.1523,2.0813,0.6835,0.032,0.0915,0.003494,0.716,0,16,60.02,0.607,1,2110,15.0,10.561,0,30,6481,279834.0,60.61,16,12.71
1786433936933,2839,v1,0.0371,0.6308,0.2405,1.0581,0.8602,0.032,0.1927,0.001679,0.682,0,22,82.59,0.952,1,0,16.99,16.99,0,30,6953,210098.2,87.62,16,5.88
1786433939086,2840,v1,0.0475,0.6968,0.1606,1.3571,0.9378,0.032,0.1798,0.002599,0.63,0,10,59.63,0.312,1,1497,9.0,7.297,0,30,6313,225602.9,73.59,15,9.39
1786433941040,2841,v1,0.027,0.59,0.4754,2.0951,0.9457,0.032,0.2378,0.003587,0.671,0,8,57.4,0.545,1,1495,7.0,5.559,0,30,5342,216181.8,67.7,17,13.1
1786433929867,2842,v1,0.0189,0.9437,0.3517,1.5658,0.5748,0.032,0.1946,0.002987,0.66,1,23,77.39,0.52,1,0,17.381,17.381,0,30,6514,200761.6,84.42,16,11.45
1786433931264,2843,v1,0.0509,0.4328,0.3569,1.0796,0.8732,0.032,0.0942,0.003205,0.678,0,16,62.46,0.303,1,249,15.0,14.437,0,30,6046,179165.9,80.25,15,12.07
1786433932664,2844,v1,0.0363,0.6418,0.4445,1.2749,0.4759,0.032,0.0662,0.002771,0.593,0,17,39.43,0.899,1,0,11.712,11.712,0,30,6403,132970.8,85.68,10,10.46
1786433935073,2845,v1,0.024,0.4559,0.4158,1.8221,0.7439,0.032,0.1512,0.003604,0.682,0,9,64.45,0.399,1,1313,8.0,6.596,0,30,5778,207759.0,67.96,17,12.69
1786433937925,2846,v1,0.0263,0.9143,0.4151,2.1659,0.6829,0.032,0.2044,0.001258,0.615,1,14,86.22,0.692,1,7036,13.0,0.22,0,30,7266,408026.8,1.53,-1,4.89
1786433940195,2847,v1,0.0286,0.7498,0.406,1.9303,0.2128,0.032,0.2069,0.00279,0.675,0,19,23.63,0.497,1,345,16.684,15.889,0,30,6677,219618.2,91.39,16,10.65
1786433943420,2848,v1,0.0125,0.5357,0.4964,1.7131,0.4716,0.032,0.0806,0.002762,0.705,0,16,94.52,0.925,1,0,15.0,15.0,0,30,5793,330489.5,11.41,-1,9.79
1786433930047,2849,v1,0.0683,0.4996,0.4951,1.4674,0.9879,0.032,0.243,0.003533,0.714,1,32,51.42,0.569,1,690,18.203,15.755,0,30,5674,169342.8,96.03,16,12.65
1786433931796,2850,v1,0.0377,0.5693,0.2162,1.1109,0.8185,0.032,0.2306,0.002465,0.709,1,36,33.89,0.764,1,930,20.127,16.935,0,30,6400,213795.5,87.04,17,9.89
1786433933830,2851,v1,0.0316,0.5635,0.4321,1.7858,0.881,0.032,0.1275,0.001328,0.701,0,8,77.72,0.748,1,0,7.0,7.0,0,30,6737,218980.2,84.38,17,5.34
1786433936173,2852,v1,0.0117,0.6292,0.1779,1.2803,0.809,0.032,0.1165,0.00271,0.679,1,19,56.69,0.717,1,3764,17.935,5.57,0,30,5745,299177.5,21.73,19,10.25
1786433937729,2853,v1,0.0463,0.6303,0.4317,2.2136,0.2396,0.032,0.2251,0.001951,0.669,1,20,96.51,0.369,1,0,16.082,16.082,0,30,5871,176792.0,92.98,15,7.22
1786433939691,2854,v1,0.0237,0.9086,0.1694,2.4507,0.145,0.032,0.1147,0.00374,0.623,1,31,23.97,0.477,1,511,18.263,16.616,0,30,6303,200318.7,86.32,15,14.07
1786433941856,2855,v1,0.075,0.7764,0.318,1.7159,0.4375,0.032,0.2288,0.002631,0.613,0,32,43.57,0.938,1,0,16.771,16.771,0,30,5586,146584.0,90.94,14,10.22
1786433942063,2856,v1,0.0717,0.8446,0.4881,1.2417,0.9041,0.032,0.1105,0.002374,0.696,1,8,76.88,0.736,1,6568,7.0,0.0,0,30,6679,378067.5,0.0,-1,9.51
1786433944161,2857,v1,0.0577,0.2211,0.3221,0.9416,0.7974,0.032,0.2164,0.001305,0.684,0,23,51.3,0.366,1,0,16.477,16.477,0,30,6177,183952.8,90.58,15,5.16
1786433945874,2858,v1,0.0179,0.9488,0.2426,0.9291,0.3915,0.032,0.1119,0.001593,0.599,1,27,73.81,0.517,1,0,15.215,15.215,0,30,6548,170666.6,87.31,13,5.57
1786433947788,2859,v1,0.0694,0.9334,0.3155,1.1164,0.4656,0.032,0.0674,0.001956,0.698,1,22,23.17,0.613,1,674,16.433,14.462,0,30,5833,190268.4,93.24,15,7.41
1786433949724,2860,v1,0.0304,0.8754,0.4139,1.7994,0.7505,0.032,0.092,0.001427,0.615,0,27,20.35,0.943,1,704,16.215,14.471,0,30,5917,177530.1,87.32,14,5.59
1786433952103,2861,v1,0.0723,0.5112,0.2429,1.077,0.5702,0.032,0.0526,0.002868,0.622,0,6,62.64,0.977,1,4299,5.0,2.954,0,30,6399,316671.2,29.86,14,10.77
1786433954321,2862,v1,0.05,0.3916,0.2245,2.1519,0.1348,0.032,0.0633,0.003304,0.679,1,32,65.54,0.779,1,986,20.064,16.822,0,30,6617,253309.9,85.47,16,12.62
1786433940853,2863,v1,0.0581,0.2724,0.345,0.8114,0.9072,0.032,0.1827,0.001434,0.606,0,31,41.73,0.6,1,0,14.023,14.023,0,30,5820,121418.0,88.38,9,5.98
1786433944068,2864,v1,0.0166,0.5358,0.3411,2.1429,0.9013,0.032,0.0918,0.002901,0.685,1,29,43.24,0.796,1,838,16.049,13.312,0,30,6717,266968.4,77.88,19,10.6
1786433946215,2865,v1,0.0724,0.4246,0.4019,1.2486,0.877,0.032,0.1515,0.002218,0.694,0,7,38.91,0.852,1,3624,6.0,3.583,0,30,6083,288599.3,33.82,15,8.86
1786433948704,2866,v1,0.047,0.3421,0.3602,1.9371,0.259,0.032,0.2062,0.002815,0.657,0,10,24.87,0.505,1,2471,9.0,6.308,0,30,6606,256189.3,57.99,16,11.14
1786433950527,2867,v1,0.0371,0.2825,0.1332,2.481,0.1003,0.032,0.0527,0.001407,0.609,0,4,96.5,0.36,1,0,3.0,3.0,0,30,5914,172294.2,85.56,15,5.38
1786433951846,2868,v1,0.0646,0.9228,0.4203,1.4353,0.4746,0.032,0.1665,0.002556,0.704,0,21,63.58,0.714,1,0,16.391,16.391,0,30,5807,176804.1,96.58,16,9.51
1786433953436,2869,v1,0.043,0.3826,0.1712,1.1719,0.8485,0.032,0.1422,0.00195,0.618,0,14,71.59,0.987,1,0,13.0,13.0,0,30,6857,173911.6,93.71,14,7.69
1786433942941,2870,v1,0.071,0.5977,0.2742,2.0927,0.9113,0.032,0.1054,0.003056,0.683,0,12,29.52,0.673,1,2417,11.0,7.502,0,30,6421,257122.1,59.53,16,11.29
1786433944838,2871,v1,0.012,0.5392,0.3634,1.1601,0.6499,0.032,0.1574,0.003397,0.599,0,25,65.94,0.875,1,0,14.071,14.071,0,30,6911,161102.9,87.09,12,12.33
1786433947112,2872,v1,0.0685,0.6068,0.1571,1.5138,0.8237,0.032,0.1193,0.002006,0.618,1,29,28.8,0.765,1,998,16.573,13.884,0,30,6459,184582.9,88.08,14,7.9
1786433949692,2873,v1,0.0336,0.268,0.2959,1.3429,0.8936,0.032,0.1595,0.00269,0.701,1,8,40.37,0.753,1,6082,7.0,0.0,0,30,6227,361188.2,0.0,-1,10.89
1786433952148,2874,v1,0.0239,0.6209,0.2268,2.1576,0.1861,0.032,0.198,0.001267,0.706,0,6,59.47,0.763,1,2700,5.0,3.657,0,30,6070,336476.1,32.33,19,4.96
1786433954790,2875,v1,0.0336,0.6467,0.2113,1.7626,0.7919,0.032,0.1306,0.002054,0.68,0,14,28.14,0.691,1,2672,13.0,8.416,0,30,6596,283505.6,51.44,16,8.17
1786433956448,2876,v1,0.0512,0.4149,0.3908,1.0038,0.1022,0.032,0.07,0.003137,0.617,0,18,60.37,0.503,1,0,14.086,14.086,0,30,6608,163985.4,94.46,13,11.89
1786433943335,2877,v1,0.0469,0.9404,0.1687,1.2831,0.3204,0.032,0.1007,0.001956,0.659,0,35,25.58,0.89,1,600,18.443,16.959,0,30,7025,197158.9,90.57,15,7.06
1786433944971,2878,v1,0.0666,0.7077,0.3544,1.1661,0.1905,0.032,0.2201,0.002212,0.713,1,21,100.0,0.637,1,0,16.309,16.309,0,30,6270,220120.7,89.15,15,8.47
1786433947619,2879,v1,0.0565,0.9374,0.1876,1.8784,0.6612,0.032,0.194,0.002518,0.663,1,16,96.08,0.336,1,1800,15.0,11.106,0,30,7190,259747.0,67.47,15,9.71
1786433949166,2880,v1,0.0154,0.9273,0.4882,1.3162,0.2035,0.032,0.0875,0.003594,0.645,1,34,23.52,0.464,1,584,18.237,16.29,0,30,6136,191583.0,88.93,15,13.66
1786433951035,2881,v1,0.0148,0.7007,0.2875,0.8763,0.8187,0.032,0.2499,0.002551,0.601,0,23,57.59,0.613,1,0,13.549,13.549,0,30,6672,154814.6,86.61,11,9.82
1786433952509,2882,v1,0.0575,0.9406,0.1547,1.8287,0.1832,0.032,0.2138,0.002553,0.587,0,4,71.66,0.439,1,0,3.0,3.0,0,30,7088,179806.7,100.0,14,9.34
1786433955222,2883,v1,0.072,0.3124,0.3209,1.1828,0.124,0.032,0.1682,0.001244,0.672,0,26,49.04,0.981,1,0,16.51,16.51,0,30,7201,213468.0,92.77,15,4.83
1786433944233,2884,v1,0.0156,0.4227,0.3832,1.8805,0.1692,0.032,0.1245,0.003064,0.663,0,5,90.62,0.502,1,0,4.0,4.0,0,30,6202,209140.9,84.32,17,11.56
1786433945868,2885,v1,0.0183,0.66,0.4374,1.4074,0.8943,0.032,0.1637,0.001708,0.612,1,19,60.49,0.956,1,983,14.525,12.118,0,30,6083,191032.5,83.98,14,6.92
1786433948544,2886,v1,0.0248,0.8569,0.1065,2.2002,0.6342,0.032,0.2499,0.003401,0.596,1,12,60.55,0.779,1,6257,11.0,0.0,0,30,6524,367858.6,0.0,-1,13.2
1786433950706,2887,v1,0.0285,0.3713,0.4487,1.9778,0.3628,0.032,0.0825,0.003196,0.706,0,19,93.86,0.732,1,0,17.908,17.908,0,30,6036,200732.9,84.01,18,11.33
1786433952435,2888,v1,0.0283,0.5063,0.1261,1.8276,0.117,0.032,0.1601,0.001489,0.671,0,30,89.64,0.309,1,0,19.802,19.802,0,30,6910,246910.0,89.24,16,5.4
1786433955338,2889,v1,0.0193,0.2796,0.1112,0.9349,0.28,0.032,0.0789,0.001974,0.678,1,13,47.28,0.707,1,5299,12.0,0.941,0,30,5874,352648.2,6.82,-1,7.71
1786433956590,2890,v1,0.0474,0.9376,0.1107,1.2273,0.6089,0.032,0.1502,0.00357,0.588,1,33,52.93,0.985,1,0,16.304,16.304,0,30,5795,145725.4,89.69,13,13.96
1786433945368,2891,v1,0.0512,0.5288,0.3308,1.8059,0.6068,0.032,0.1891,0.002981,0.629,0,12,46.52,0.712,1,3145,11.0,6.247,0,30,6143,268745.7,44.37,15,10.65
1786433947436,2892,v1,0.0236,0.8431,0.3507,0.9735,0.648,0.032,0.1639,0.001566,0.678,0,27,50.35,0.38,1,0,17.641,17.641,0,30,6375,190469.2,85.78,16,5.88
1786433949016,2893,v1,0.0566,0.7368,0.326,1.9086,0.6044,0.032,0.1366,0.003754,0.654,0,22,47.74,0.63,1,0,15.974,15.974,0,30,6712,192712.9,85.05,15,13.11
1786433951515,2894,v1,0.0394,0.7213,0.2887,2.2133,0.2605,0.032,0.2126,0.003236,0.622,0,15,45.23,0.772,1,2505,14.0,8.657,0,30,5900,247730.9,49.47,14,12.2
1786433952781,2895,v1,0.0222,0.8443,0.1253,0.9704,0.815,0.032,0.2303,0.003248,0.6,0,28,61.6,0.568,1,0,15.797,15.797,0,30,5998,157045.3,94.71,13,12.05
1786433955319,2896,v1,0.0399,0.2796,0.2136,1.6558,0.9872,0.032,0.2381,0.002751,0.63,0,7,55.37,0.961,1,2753,6.0,3.958,0,30,5474,236683.1,41.32,15,10.52
1786433957123,2897,v1,0.0321,0.3706,0.3509,1.3263,0.4366,0.032,0.123,0.002511,0.712,1,15,59.32,0.496,1,3149,14.0,6.088,0,30,5751,281563.6,40.18,18,9.32
1786433946119,2898,v1,0.0448,0.3732,0.4468,1.2199,0.8654,0.032,0.2113,0.002342,0.694,1,13,65.53,0.315,1,2745,12.0,6.779,0,30,6484,270877.7,52.85,16,8.81
1786433948002,2899,v1,0.0302,0.9697,0.3086,2.1438,0.7556,0.032,0.1061,0.00215,0.665,0,33,51.44,0.861,1,0,19.054,19.054,0,30,5951,186445.7,86.74,16,8.15
1786433949464,2900,v1,0.0561,0.8159,0.3649,1.3522,0.3747,0.032,0.1343,0.002401,0.584,0,14,21.03,0.451,1,249,11.259,10.881,0,30,6214,136141.9,84.13,11,9.06
1786433951357,2901,v1,0.0361,0.5529,0.3925,1.8415,0.785,0.032,0.1231,0.001295,0.614,1,35,26.62,0.769,1,867,17.755,15.055,0,30,5919,168747.0,92.56,14,5.32
1786433953016,2902,v1,0.0514,0.8218,0.2885,1.2783,0.9534,0.032,0.1093,0.001731,0.62,0,26,97.6,0.342,1,0,15.999,15.999,0,30,6283,166339.5,86.98,14,6.45
1786433955445,2903,v1,0.023,0.8135,0.446,1.0004,0.5447,0.032,0.1106,0.002638,0.631,0,5,75.76,0.831,1,3554,4.0,2.788,0,30,5919,265807.3,34.6,14,9.95
1786433956884,2904,v1,0.0306,0.2377,0.2568,0.9229,0.112,0.032,0.131,0.0016,0.666,1,27,55.29,0.643,1,1035,17.648,14.376,0,30,5780,203303.5,85.25,16,5.73
1786433947121,2905,v1,0.0417,0.2489,0.3666,2.2079,0.8645,0.032,0.1121,0.001929,0.677,1,8,21.43,0.515,1,3974,7.0,2.854,0,30,6784,321461.8,35.24,16,7.24
1786433949136,2906,v1,0.0324,0.3339,0.1622,2.4422,0.799,0.032,0.1344,0.003299,0.693,0,8,61.55,0.675,1,3118,7.0,4.399,0,30,6163,289361.8,41.2,18,12.77
1786433951260,2907,v1,0.0403,0.2764,0.1786,2.3733,0.7794,0.032,0.1355,0.002517,0.641,0,25,58.34,0.652,1,0,17.241,17.241,0,30,6403,189853.9,87.15,15,9.51
1786433953035,2908,v1,0.0244,0.882,0.15,1.8152,0.4629,0.032,0.075,0.003209,0.716,1,27,99.5,0.945,1,0,12.211,12.211,0,30,5607,250379.5,58.8,19,12.11
1786433956087,2909,v1,0.012,0.7578,0.1496,1.7967,0.4686,0.032,0.0718,0.002159,0.712,0,9,69.17,0.794,1,0,8.0,8.0,0,30,6263,362941.0,0.0,-1,8.53
1786433957609,2910,v1,0.0507,0.3381,0.1281,2.1027,0.5129,0.032,0.1341,0.001995,0.621,0,25,35.87,0.908,1,0,16.389,16.389,0,30,6312,178193.2,95.69,15,7.75
1786433959797,2911,v1,0.0105,0.5143,0.3744,2.0068,0.8659,0.032,0.0958,0.001534,0.686,1,28,54.99,0.935,1,644,12.6,10.497,0,30,6314,302756.4,59.16,19,5.81
1786433956435,2912,v1,0.0423,0.6894,0.2063,1.7202,0.7285,0.032,0.1172,0.003175,0.684,1,32,28.49,0.515,1,531,18.816,16.96,0,30,5935,182773.4,90.35,16,12.54
1786433957949,2913,v1,0.0744,0.7429,0.2988,1.2766,0.5329,0.032,0.1025,0.003435,0.612,1,21,97.91,0.546,1,0,14.855,14.855,0,30,6666,163604.9,100.0,14,13.1
1786433959882,2914,v1,0.0517,0.297,0.3285,1.3962,0.2423,0.032,0.189,0.001686,0.648,1,20,59.01,0.333,1,486,15.529,14.265,0,30,6086,186490.4,100.0,15,6.01
1786433961503,2915,v1,0.0451,0.2618,0.4394,2.1307,0.4017,0.032,0.1492,0.002287,0.676,0,29,59.6,0.748,1,0,17.793,17.793,0,30,7016,201963.7,86.99,16,8.4
1786433964214,2916,v1,0.0139,0.2124,0.3351,2.4121,0.1403,0.032,0.1478,0.001868,0.713,0,13,29.39,0.746,1,2640,12.0,7.469,0,30,5966,343785.6,0.0,-1,7.46
1786433966785,2917,v1,0.0138,0.5519,0.3316,1.7871,0.5462,0.032,0.2148,0.001571,0.67,1,12,21.45,0.814,1,5492,11.0,0.721,0,30,5970,346024.4,4.62,-1,5.83
1786433969205,2918,v1,0.0681,0.9184,0.376,1.2284,0.9887,0.032,0.1872,0.002042,0.682,1,7,65.47,0.415,1,4213,6.0,2.278,0,30,6896,328830.0,34.63,16,8.16
1786433957116,2919,v1,0.055,0.7404,0.4919,1.4268,0.595,0.032,0.2391,0.003467,0.682,0,10,51.76,0.322,1,1409,9.0,7.325,0,30,6085,213967.8,64.46,15,13.54
1786433959441,2920,v1,0.0591,0.6691,0.4185,1.8327,0.3192,0.032,0.2082,0.001334,0.62,0,7,35.61,0.469,1,1624,6.0,4.993,0,30,6498,238413.8,67.0,14,5.29
1786433960803,2921,v1,0.0631,0.5341,0.1806,1.5848,0.4049,0.032,0.081,0.003544,0.672,1,35,21.61,0.344,1,406,18.637,17.098,0,30,5519,160593.8,94.44,15,13.3
1786433962987,2922,v1,0.029,0.6864,0.4279,1.2156,0.7145,0.032,0.2444,0.002108,0.698,1,34,48.9,0.989,1,1041,19.292,16.035,0,30,6566,216695.0,87.51,16,8.3
1786433964341,2923,v1,0.073,0.4745,0.4008,1.0227,0.8576,0.032,0.0822,0.001632,0.684,0,28,36.25,0.599,1,0,16.984,16.984,0,30,5591,162998.6,86.07,15,6.42
1786433966520,2924,v1,0.0684,0.2381,0.2575,1.9097,0.5727,0.032,0.0761,0.001913,0.683,1,18,46.47,0.576,1,1010,15.709,13.249,0,30,6650,209143.1,92.94,15,7.55
1786433967931,2925,v1,0.0685,0.834,0.378,2.0284,0.4361,0.032,0.0694,0.001715,0.587,0,36,58.34,0.538,1,0,16.92,16.92,0,30,5987,146540.2,90.24,13,6.9
1786433957536,2926,v1,0.0231,0.6029,0.4202,1.3977,0.894,0.032,0.1247,0.003301,0.585,0,5,89.58,0.658,1,0,4.0,4.0,0,30,5805,121653.6,87.98,10,13.23
1786433959730,2927,v1,0.0212,0.8971,0.4844,1.8838,0.5758,0.032,0.1086,0.001421,0.706,1,28,63.53,0.884,1,1034,19.773,16.367,0,30,6186,241091.2,89.98,18,5.59
1786433962212,2928,v1,0.0509,0.4778,0.1323,2.1608,0.7858,0.032,0.1416,0.003604,0.717,1,4,32.81,0.73,1,6155,3.0,0.0,0,30,6227,359043.2,0.0,-1,12.8
1786433964499,2929,v1,0.0155,0.3436,0.1217,1.9049,0.5363,0.032,0.0972,0.001831,0.681,0,33,21.41,0.538,1,64,4.294,4.081,0,30,5968,322734.6,20.45,19,6.99
1786433967472,2930,v1,0.0116,0.8747,0.2872,2.28,0.6872,0.032,0.1574,0.003399,0.687,1,23,99.86,0.308,1,0,0.0,0.0,0,30,6613,376956.2,0.0,-1,12.25
1786433968990,2931,v1,0.0479,0.966,0.3209,1.9078,0.5802,0.032,0.1155,0.00244,0.624,1,28,34.95,0.82,1,943,16.736,13.888,0,30,5866,175208.7,96.82,15,9.17
1786433971000,2932,v1,0.069,0.9584,0.1232,1.2528,0.9038,0.032,0.171,0.001595,0.639,1,23,80.92,0.565,1,0,15.767,15.767,0,30,5916,166614.2,94.37,14,6.14
1786433959331,2933,v1,0.0761,0.9076,0.2422,2.3272,0.7273,0.032,0.1072,0.002183,0.609,0,22,77.17,0.356,1,0,15.277,15.277,0,30,6401,168833.6,85.65,14,9.06
1786433960916,2934,v1,0.0163,0.9037,0.3124,1.3403,0.8361,0.032,0.2428,0.002825,0.659,1,35,96.27,0.428,1,0,19.717,19.717,0,30,6618,202075.7,88.39,16,11.06
1786433963546,2935,v1,0.0695,0.9744,0.2012,1.8198,0.5491,0.032,0.134,0.001351,0.695,0,4,78.4,0.494,1,0,3.0,3.0,0,30,7863,219338.7,95.08,16,4.46
1786433964887,2936,v1,0.0477,0.6898,0.4588,1.4988,0.4652,0.032,0.0779,0.001499,0.586,1,26,61.65,0.808,1,0,12.394,12.394,0,30,6160,117468.9,84.33,9,5.96
1786433967008,2937,v1,0.0136,0.7393,0.277,1.4957,0.4842,0.032,0.1028,0.001696,0.678,0,9,48.81,0.586,1,1589,8.0,6.225,0,30,5437,222545.7,61.0,18,5.81
1786433969241,2938,v1,0.0544,0.201,0.2126,1.8327,0.198,0.032,0.148,0.001745,0.625,1,13,72.21,0.515,1,3619,12.0,5.074,0,30,6425,299946.7,39.36,15,6.94
1786433971357,2939,v1,0.0638,0.2429,0.2708,1.451,0.2218,0.032,0.2022,0.003739,0.671,0,20,46.75,0.649,1,0,15.698,15.698,0,30,6351,178841.3,84.03,15,14.34
1786433959769,2940,v1,0.06,0.3092,0.1284,1.6301,0.3808,0.032,0.1172,0.001623,0.64,1,33,61.44,0.439,1,539,17.74,16.214,0,30,6541,192644.4,90.34,15,5.93
1786433961085,2941,v1,0.0694,0.7375,0.153,0.9247,0.5437,0.032,0.0975,0.002097,0.588,0,18,20.15,0.461,1,276,13.275,12.679,0,30,5334,128012.5,86.31,12,8.08
1786433963301,2942,v1,0.0541,0.9747,0.2353,0.94,0.4933,0.032,0.1482,0.003722,0.62,1,36,54.26,0.531,1,670,17.525,15.765,0,30,7543,196514.8,85.1,14,13.43
1786433964579,2943,v1,0.0726,0.7646,0.4127,2.2362,0.3171,0.032,0.1559,0.003492,0.598,1,21,52.34,0.722,1,0,14.643,14.643,0,30,5947,154218.2,94.65,13,12.71
1786433966871,2944,v1,0.0157,0.7115,0.1626,1.4784,0.7134,0.032,0.0964,0.002758,0.651,0,10,61.32,0.517,1,2184,9.0,6.483,0,30,6225,245306.6,54.88,16,10.07
1786433968441,2945,v1,0.0629,0.3592,0.1683,2.169,0.2928,0.032,0.2177,0.002437,0.616,0,18,57.71,0.489,1,0,15.201,15.201,0,30,6227,173320.3,100.0,15,9.46
1786433970700,2946,v1,0.0777,0.3941,0.3818,1.7626,0.5136,0.032,0.0694,0.003156,0.623,1,17,44.35,0.746,1,801,14.328,12.128,0,30,5426,162393.8,84.49,14,11.85
1786433960056,2947,v1,0.0677,0.3233,0.4994,1.192,0.1065,0.032,0.2155,0.003068,0.629,0,12,84.54,0.854,1,0,11.0,11.0,0,30,6074,161552.3,99.69,14,11.66
1786433962036,2948,v1,0.0236,0.9278,0.2627,0.9701,0.8397,0.032,0.0621,0.001803,0.653,0,15,48.75,0.351,1,1247,14.0,11.544,0,30,6257,219381.1,72.75,15,7.26
1786433963911,2949,v1,0.0676,0.6584,0.3239,1.6136,0.6279,0.032,0.2099,0.001872,0.629,1,33,98.26,0.881,1,0,17.381,17.381,0,30,6184,168719.9,93.2,14,7.1
1786433965453,2950,v1,0.0712,0.421,0.1214,1.2009,0.509,0.032,0.2349,0.002495,0.706,1,29,64.68,0.92,1,0,17.811,17.811,0,30,5708,171208.2,99.16,16,8.79
1786433967094,2951,v1,0.0678,0.362,0.4471,1.1311,0.2251,0.032,0.0606,0.003687,0.595,0,20,67.34,0.763,1,0,12.557,12.557,0,30,5626,120094.0,89.81,11,13.65
1786433968469,2952,v1,0.0772,0.7527,0.4287,0.8341,0.4304,0.032,0.2105,0.001599,0.616,0,32,26.03,0.395,1,275,14.84,14.267,0,30,6230,141094.4,87.47,10,5.94
1786433970508,2953,v1,0.0612,0.6532,0.4026,0.9459,0.4084,0.032,0.2305,0.003473,0.698,0,17,72.36,0.64,1,0,15.599,15.599,0,30,6232,174538.7,92.2,15,13.13
1786433961360,2954,v1,0.0494,0.3791,0.2547,1.2885,0.6766,0.032,0.2314,0.001608,0.697,1,34,47.69,0.817,1,1120,18.953,15.675,0,30,6776,223653.0,88.36,16,6.08
1786433963874,2955,v1,0.0269,0.2615,0.1047,1.0416,0.8315,0.032,0.1262,0.002005,0.64,0,8,20.53,0.889,1,3142,7.0,4.469,0,30,6297,285378.9,41.86,16,7.58
1786433965878,2956,v1,0.0579,0.6555,0.2413,1.1067,0.9432,0.032,0.2295,0.001405,0.71,0,10,44.38,0.37,1,1336,9.0,7.447,0,30,6106,219133.3,68.03,16,5.6
1786433967795,2957,v1,0.0701,0.6473,0.4362,1.262,0.3946,0.032,0.0533,0.002486,0.682,0,14,57.51,0.631,1,2058,13.0,9.077,0,30,5973,235579.5,59.33,15,9.28
1786433969926,2958,v1,0.0134,0.578,0.4561,0.8692,0.8922,0.032,0.2335,0.003672,0.653,0,5,53.32,0.934,1,2965,4.0,2.969,0,30,5835,249401.7,42.67,15,13.57
1786433971660,2959,v1,0.0593,0.2168,0.2257,1.5067,0.2215,0.032,0.2363,0.003,0.686,1,34,99.98,0.309,1,0,18.833,18.833,0,30,6139,186075.2,91.04,15,11.52
1786433973297,2960,v1,0.0288,0.4503,0.1301,1.9231,0.8508,0.032,0.1564,0.003673,0.589,0,23,59.01,0.588,1,0,15.287,15.287,0,30,6753,176502.9,87.41,13,14.11
1786433962935,2961,v1,0.0486,0.7735,0.3453,1.8662,0.2691,0.032,0.2081,0.003408,0.654,1,6,72.16,0.903,1,6021,5.0,0.0,0,30,6104,351184.0,0.0,-1,12.53
1786433964415,2962,v1,0.0236,0.7867,0.3421,2.1679,0.5433,0.032,0.0706,0.001621,0.636,1,29,68.31,0.91,1,0,17.865,17.865,0,30,6082,186870.1,85.9,15,5.92
1786433966349,2963,v1,0.0623,0.5946,0.4962,2.1358,0.2212,0.032,0.1212,0.003021,0.59,0,14,30.11,0.483,1,300,12.109,11.603,0,30,6815,165293.9,81.9,11,12.15
1786433968048,2964,v1,0.0534,0.933,0.3299,1.5763,0.4134,0.032,0.0642,0.003504,0.604,0,7,87.83,0.351,1,0,6.0,6.0,0,30,7392,187556.7,99.23,14,12.76
1786433969985,2965,v1,0.067,0.6381,0.2579,2.1801,0.325,0.032,0.2034,0.00329,0.631,0,29,30.04,0.867,1,446,17.028,15.769,0,30,5813,169882.6,99.82,15,12.08
1786433971380,2966,v1,0.0127,0.4133,0.4736,1.1872,0.6249,0.032,0.0901,0.001706,0.6,1,30,87.27,0.431,1,0,14.704,14.704,0,30,5829,136293.2,84.42,12,6.55
1786433972892,2967,v1,0.0187,0.4416,0.4605,2.0444,0.3059,0.032,0.2123,0.001407,0.645,1,22,21.27,0.49,1,663,16.733,14.909,0,30,6217,210751.9,84.21,16,5.69
1786433970675,2968,v1,0.0499,0.9335,0.1963,1.0685,0.9402,0.032,0.2128,0.001669,0.629,1,28,99.6,0.653,1,0,16.491,16.491,0,30,5857,154734.3,90.81,14,6.83
1786433971996,2969,v1,0.032,0.3636,0.1253,1.2274,0.5522,0.032,0.1268,0.003112,0.698,0,21,49.17,0.327,1,0,17.457,17.457,0,30,6233,197098.8,85.35,17,11.57
1786433973838,2970,v1,0.0319,0.6763,0.2782,0.9593,0.5127,0.032,0.1635,0.002996,0.646,0,34,53.3,0.368,1,0,18.155,18.155,0,30,6407,181004.3,87.69,15,11.41
1786433975824,2971,v1,0.0577,0.2803,0.2222,1.6121,0.5359,0.032,0.2146,0.00329,0.627,1,13,77.65,0.792,1,5624,12.0,0.0,0,30,5860,331957.3,0.0,-1,12.94
1786433977383,2972,v1,0.0707,0.9387,0.2115,2.0764,0.9985,0.032,0.19,0.002933,0.688,0,8,49.0,0.665,1,2623,7.0,4.671,0,30,5737,241278.7,51.0,16,10.3
1786433979042,2973,v1,0.0578,0.9651,0.376,2.0448,0.7212,0.032,0.0916,0.00216,0.641,1,33,44.55,0.578,1,886,17.571,14.988,0,30,6410,194269.1,96.9,15,8.03
1786433980527,2974,v1,0.0313,0.5532,0.4224,1.5844,0.2519,0.032,0.1646,0.002786,0.643,1,12,80.9,0.988,1,6112,11.0,0.0,0,30,6301,373080.4,0.0,-1,10.49
1786433971743,2975,v1,0.0694,0.4254,0.3117,1.3723,0.3272,0.032,0.1296,0.002047,0.662,0,21,54.02,0.762,1,0,15.697,15.697,0,30,6427,185422.7,99.97,15,7.83
1786433974285,2976,v1,0.0773,0.5118,0.2837,2.4563,0.4353,0.032,0.1062,0.003273,0.675,1,5,29.94,0.959,1,6412,4.0,0.0,0,30,6504,385852.1,0.0,-1,12.68
1786433975685,2977,v1,0.022,0.8678,0.3483,0.8389,0.9658,0.032,0.067,0.002775,0.693,0,21,71.8,0.616,1,0,17.391,17.391,0,30,6437,204954.3,86.2,16,10.81
1786433977574,2978,v1,0.0134,0.7431,0.1921,1.5112,0.3016,0.032,0.2448,0.001227,0.669,1,15,89.66,0.429,1,3467,14.0,5.859,0,30,6068,314782.9,28.61,19,4.86
1786433979110,2979,v1,0.0228,0.6083,0.4826,1.1607,0.4456,0.032,0.1604,0.002064,0.66,0,12,81.97,0.66,1,0,11.0,11.0,0,30,6783,199213.6,84.33,15,7.55
1786433980151,2980,v1,0.0344,0.2284,0.4861,1.3541,0.31,0.032,0.0781,0.002665,0.662,0,29,40.6,0.618,1,0,17.137,17.137,0,30,6104,175381.8,84.54,15,9.57
1786433981013,2981,v1,0.0622,0.6154,0.3886,2.4238,0.4332,0.032,0.0791,0.001665,0.701,1,28,51.78,0.931,1,892,17.927,14.972,0,30,5604,209878.1,86.54,16,6.12
1786433973474,2982,v1,0.0371,0.4781,0.4342,2.1677,0.2664,0.032,0.1906,0.003112,0.632,0,7,44.39,0.834,1,3840,6.0,3.541,0,30,6371,293034.6,36.94,15,12.27
1786433975540,2983,v1,0.0591,0.95,0.2766,2.4417,0.9,0.032,0.0853,0.002082,0.671,1,15,62.53,0.57,1,4154,14.0,4.378,0,30,6214,318773.0,31.21,16,7.55
1786433976702,2984,v1,0.0625,0.3804,0.1126,1.3051,0.7338,0.032,0.1612,0.001725,0.704,1,36,34.65,0.678,1,747,19.075,16.518,0,30,5870,186733.5,86.2,16,7.04
1786433979059,2985,v1,0.016,0.5224,0.3636,1.6697,0.5115,0.032,0.0865,0.00363,0.614,1,14,21.64,0.878,1,5987,13.0,0.002,0,30,6268,370327.5,0.02,-1,13.59
1786433980234,2986,v1,0.0586,0.8413,0.1864,0.8831,0.7784,0.032,0.1268,0.003721,0.693,0,5,37.52,0.364,1,1567,4.0,3.471,0,30,6012,218016.0,65.76,16,14.32
1786433981433,2987,v1,0.0408,0.8854,0.4257,1.2959,0.2806,0.032,0.0939,0.001568,0.608,0,9,68.65,0.793,1,3279,8.0,4.822,0,30,6259,260176.3,41.28,12,5.7
1786433982506,2988,v1,0.0273,0.402,0.1114,1.1639,0.7162,0.032,0.1354,0.002668,0.673,1,29,58.66,0.68,1,847,18.758,16.245,0,30,6749,225606.9,84.46,17,9.87
1786433973288,2989,v1,0.0618,0.6742,0.1691,1.5392,0.7117,0.032,0.2468,0.002066,0.672,0,29,39.57,0.789,1,0,17.368,17.368,0,30,5865,167725.4,88.74,15,7.3
1786433974807,2990,v1,0.041,0.6155,0.336,2.2297,0.4443,0.032,0.1695,0.002354,0.65,0,18,69.93,0.496,1,0,15.604,15.604,0,30,6301,174948.7,90.77,15,8.06
1786433976529,2991,v1,0.0567,0.3617,0.3516,0.9079,0.1668,0.032,0.1868,0.002372,0.636,1,11,47.56,0.834,1,5685,10.0,0.0,0,30,5809,342785.0,0.0,-1,8.56
1786433978187,2992,v1,0.0426,0.4533,0.1092,1.4087,0.3982,0.032,0.0507,0.003065,0.704,0,21,22.51,0.406,1,277,17.559,16.768,0,30,5750,202886.6,89.52,16,11.72
1786433979614,2993,v1,0.0775,0.6702,0.3496,2.3731,0.5435,0.032,0.2235,0.003585,0.679,1,24,33.19,0.53,1,799,16.624,14.586,0,30,7030,225653.0,89.59,15,13.83
1786433980557,2994,v1,0.0364,0.6841,0.3793,1.0765,0.427,0.032,0.0688,0.003152,0.699,1,31,71.78,0.487,1,628,18.551,16.645,0,30,6631,208732.2,90.59,16,11.31
1786433981531,2995,v1,0.0611,0.6926,0.207,2.3288,0.8949,0.032,0.2007,0.001818,0.657,1,30,51.74,0.631,1,708,17.744,15.549,0,30,5947,193070.7,94.17,15,6.88
1786433974339,2996,v1,0.0621,0.8233,0.2739,2.1514,0.8404,0.032,0.1032,0.001471,0.717,1,21,36.85,0.322,1,475,17.327,16.08,0,30,6735,227979.1,84.53,17,5.88
1786433975917,2997,v1,0.0361,0.6095,0.3926,2.468,0.2549,0.032,0.1088,0.001411,0.706,1,32,55.14,0.822,1,1226,21.115,16.995,0,30,6494,280604.6,84.22,17,5.71
1786433977963,2998,v1,0.0653,0.5263,0.4234,1.1991,0.4593,0.032,0.2251,0.002866,0.697,1,14,70.81,0.93,1,5627,13.0,0.0,0,30,5842,344084.6,0.0,-1,10.75
1786433979285,2999,v1,0.0457,0.9969,0.3208,1.0777,0.6055,0.032,0.1256,0.002055,0.659,1,22,28.58,0.378,1,512,16.113,14.756,0,30,6297,183507.9,86.16,15,8.16
1786433989592,3000,v1,0.0651,0.2627,0.3316,1.9164,0.7452,0.032,0.236,0.003069,0.647,1,10,82.98,0.824,1,5725,9.0,0.006,0,30,5883,350510.4,0.08,-1,11.46
1786433992084,3001,v1,0.0686,0.7313,0.259,2.3832,0.7293,0.032,0.0545,0.00375,0.601,0,29,44.81,0.998,1,0,16.554,16.554,0,30,8147,208651.8,87.71,14,14.36
1786433993984,3002,v1,0.0326,0.9367,0.108,1.4697,0.9721,0.032,0.1799,0.002891,0.64,0,4,95.35,0.854,1,0,3.0,3.0,0,30,6869,201390.9,85.42,15,10.55
1786433995779,3003,v1,0.0182,0.5604,0.4786,2.2578,0.2305,0.032,0.1246,0.002486,0.628,0,9,86.78,0.901,1,0,8.0,8.0,0,30,6016,169311.3,91.41,15,9.26
1786433997752,3004,v1,0.0324,0.95,0.4171,2.4597,0.7482,0.032,0.177,0.002344,0.634,0,23,61.9,0.913,1,0,16.473,16.473,0,30,6715,186339.1,90.8,15,9.22
1786433999481,3005,v1,0.0514,0.2537,0.1935,1.7401,0.7793,0.032,0.1667,0.003616,0.646,1,29,54.04,0.472,1,701,17.326,15.34,0,30,6664,206072.1,86.34,15,12.76
1786434001763,3006,v1,0.0687,0.9514,0.289,1.2493,0.8377,0.032,0.1582,0.003628,0.68,1,35,82.89,0.445,1,0,18.167,18.167,0,30,6342,178587.9,86.19,15,14.1
1786433990175,3007,v1,0.0123,0.4759,0.1305,1.4615,0.2664,0.032,0.1565,0.001478,0.646,1,6,75.32,0.696,1,5094,5.0,1.094,0,30,6573,344975.2,18.58,-1,5.87
1786433992602,3008,v1,0.0172,0.5285,0.4887,1.9576,0.8138,0.032,0.2104,0.003731,0.625,0,22,25.38,0.801,1,615,15.938,14.64,0,30,7029,212506.6,88.06,14,13.6
1786433994467,3009,v1,0.0185,0.8207,0.4243,1.6405,0.128,0.032,0.0638,0.001624,0.685,0,33,32.31,0.969,1,0,20.703,20.703,0,30,6206,225918.3,89.31,17,6.43
1786433997795,3010,v1,0.033,0.958,0.2056,2.2472,0.6149,0.032,0.1763,0.001278,0.66,1,4,48.08,0.572,1,5515,3.0,0.43,0,30,6464,357195.3,12.39,-1,5.26
1786433999349,3011,v1,0.063,0.5883,0.4016,1.7245,0.7858,0.032,0.1687,0.002404,0.637,0,31,38.92,0.8,1,0,16.996,16.996,0,30,6229,167855.2,90.67,14,9.31
1786434002088,3012,v1,0.0202,0.4427,0.4789,1.3916,0.8958,0.032,0.209,0.003125,0.635,0,36,21.06,0.741,1,467,17.838,16.66,0,30,6864,184981.3,88.54,14,11.22
1786434003870,3013,v1,0.0799,0.4908,0.2812,1.0405,0.1141,0.032,0.1565,0.002031,0.635,0,32,61.03,0.831,1,0,16.772,16.772,0,30,6408,169825.7,89.95,14,7.9
1786433990006,3014,v1,0.0425,0.2632,0.2201,1.9905,0.6037,0.032,0.1434,0.003052,0.649,0,29,45.94,0.38,1,0,17.417,17.417,0,30,6334,186674.2,88.64,15,11.1
1786433993322,3015,v1,0.015,0.7619,0.2109,2.3944,0.2775,0.032,0.1344,0.003204,0.704,0,9,80.74,0.428,1,0,8.0,8.0,0,30,6999,378363.0,17.76,-1,11.89
1786433995333,3016,v1,0.0444,0.3937,0.3601,2.4694,0.1855,0.032,0.0737,0.001677,0.662,1,25,59.27,0.573,1,0,17.196,17.196,0,30,6539,189006.7,84.22,16,6.55
1786433997011,3017,v1,0.0449,0.2819,0.3837,1.2456,0.2793,0.032,0.116,0.003572,0.582,0,30,72.5,0.653,1,0,13.335,13.335,0,30,5648,109209.0,84.47,10,13.69
1786433998553,3018,v1,0.0135,0.9246,0.2337,1.3955,0.8702,0.032,0.234,0.001847,0.586,0,4,79.83,0.713,1,0,3.0,3.0,0,30,7204,170247.0,85.95,12,7.4
1786434001401,3019,v1,0.0784,0.3782,0.1466,1.3617,0.8861,0.032,0.1855,0.001963,0.609,1,24,70.52,0.715,1,1123,15.434,12.939,0,30,7218,205748.3,87.61,14,7.41
1786434002993,3020,v1,0.0588,0.6752,0.2343,2.0662,0.901,0.032,0.2467,0.002925,0.66,0,29,53.15,0.489,1,0,17.438,17.438,0,30,6081,181686.6,89.2,15,11.26
1786433992107,3021,v1,0.0232,0.4887,0.1992,1.3136,0.2524,0.032,0.1733,0.002189,0.707,1,6,68.83,0.885,1,6226,5.0,0.0,0,30,6298,361821.0,0.0,-1,8.4
1786433994165,3022,v1,0.0538,0.212,0.3853,1.9853,0.5747,0.032,0.0686,0.001377,0.719,0,12,59.49,0.335,1,1561,11.0,8.734,0,30,6310,248882.7,70.5,17,5.45
1786433996081,3023,v1,0.0352,0.2587,0.1345,2.4171,0.4968,0.032,0.0693,0.003131,0.686,0,27,88.89,0.819,1,0,18.945,18.945,0,30,5654,185529.8,86.34,17,12.03
1786433997743,3024,v1,0.0608,0.2844,0.2616,2.3789,0.9401,0.032,0.1807,0.001587,0.582,1,36,34.91,0.757,1,829,17.349,14.745,0,30,5770,159413.5,100.0,14,5.75
1786433999390,3025,v1,0.0691,0.654,0.1804,1.1063,0.2252,0.032,0.0607,0.001536,0.609,0,18,89.42,0.736,1,0,14.427,14.427,0,30,6003,159718.3,90.39,14,6.1
1786434002184,3026,v1,0.0198,0.5042,0.3381,2.0543,0.9419,0.032,0.1558,0.001304,0.667,0,30,77.63,0.5,1,0,18.988,18.988,0,30,6807,218507.8,84.39,17,4.85
1786434004635,3027,v1,0.0652,0.4657,0.1977,2.0859,0.3632,0.032,0.2014,0.003196,0.601,1,6,24.19,0.523,1,3673,5.0,2.026,0,30,6266,292058.7,36.33,14,11.83
1786433991435,3028,v1,0.0729,0.3576,0.1714,1.2454,0.4803,0.032,0.2187,0.0013,0.65,0,36,46.55,0.712,1,0,17.997,17.997,0,30,5274,142016.5,95.2,14,5.14
1786433994215,3029,v1,0.0145,0.9453,0.3581,2.0843,0.7297,0.032,0.0659,0.002012,0.701,0,35,96.58,0.333,1,0,1.139,1.139,0,30,6307,344425.3,4.94,-1,7.9
1786433997190,3030,v1,0.0483,0.6897,0.1714,1.3218,0.1216,0.032,0.0824,0.001879,0.686,0,14,63.02,0.754,1,3695,13.0,6.397,0,30,6303,310645.9,33.5,16,6.66
1786433998440,3031,v1,0.0176,0.9743,0.4311,2.0183,0.4438,0.032,0.1205,0.001608,0.592,1,30,56.73,0.626,1,800,15.916,13.582,0,30,5678,162570.0,90.27,13,6.2
1786434000857,3032,v1,0.0723,0.6975,0.2392,1.5889,0.9615,0.032,0.0564,0.002131,0.663,0,31,48.47,0.525,1,0,17.466,17.466,0,30,6755,179182.2,87.37,15,8.41
1786434003915,3033,v1,0.0718,0.9533,0.2412,1.6155,0.8149,0.032,0.1574,0.001848,0.593,1,10,96.69,0.631,1,5699,9.0,1.068,0,30,6583,365287.4,10.47,-1,6.94
1786434006083,3034,v1,0.0344,0.3134,0.3217,0.999,0.5298,0.032,0.0834,0.002652,0.655,0,21,96.79,0.389,1,0,15.826,15.826,0,30,5675,165429.9,85.02,15,9.39
1786433992677,3035,v1,0.065,0.9118,0.1454,2.2408,0.4544,0.032,0.1847,0.001476,0.663,1,16,30.74,0.944,1,1329,15.0,11.754,0,30,6277,223554.3,78.36,15,5.37
1786433994344,3036,v1,0.0511,0.3344,0.3947,2.0354,0.7942,0.032,0.1293,0.002391,0.636,1,18,52.42,0.388,1,0,15.179,15.179,0,30,6205,171346.4,84.17,15,8.94
1786433997579,3037,v1,0.0438,0.4411,0.3162,0.8784,0.6053,0.032,0.1311,0.001389,0.712,1,11,68.84,0.632,1,4874,10.0,2.69,0,30,6763,363426.9,25.73,17,5.29
1786433999279,3038,v1,0.0721,0.9133,0.2956,1.2651,0.3703,0.032,0.0872,0.00305,0.692,0,36,54.48,0.988,1,0,18.573,18.573,0,30,6442,188651.7,88.75,15,11.22
1786434001689,3039,v1,0.0726,0.3688,0.1287,1.902,0.7915,0.032,0.1024,0.002867,0.703,1,33,90.12,0.643,1,0,18.611,18.611,0,30,5933,171339.6,91.46,16,11.01
1786434003624,3040,v1,0.0186,0.596,0.1589,1.4591,0.6488,0.032,0.213,0.003401,0.639,1,31,28.62,0.709,1,964,18.288,15.292,0,30,6486,190018.2,84.43,16,12.69
1786434005953,3041,v1,0.0515,0.5938,0.3169,1.9525,0.7687,0.032,0.1634,0.001685,0.641,1,19,31.27,0.685,1,805,15.284,13.353,0,30,6481,208344.2,95.89,15,6.6
1786433993933,3042,v1,0.0427,0.7972,0.2518,1.0969,0.3558,0.032,0.1726,0.002288,0.62,1,7,63.46,0.717,1,5547,6.0,0.723,0,30,6409,344020.7,10.43,-1,8.88
1786433995528,3043,v1,0.0166,0.6446,0.463,0.8559,0.707,0.032,0.2004,0.001787,0.64,0,34,61.11,0.525,1,0,17.633,17.633,0,30,5781,162603.2,84.3,14,7.06
1786433998210,3044,v1,0.061,0.7153,0.4893,1.0956,0.3715,0.032,0.1336,0.0032,0.688,1,9,62.84,0.812,1,5836,8.0,0.0,0,30,5973,348108.8,0.0,-1,11.69
1786434002062,3045,v1,0.0702,0.7377,0.4408,2.343,0.1789,0.032,0.0866,0.001226,0.679,1,9,25.0,0.691,1,5990,8.0,0.938,0,30,6844,392378.8,10.29,-1,4.91
1786434004065,3046,v1,0.024,0.2939,0.3813,0.8728,0.8771,0.032,0.068,0.002045,0.668,1,18,41.63,0.767,1,1054,15.97,13.278,0,30,6455,226468.7,88.37,16,7.87
1786434006329,3047,v1,0.0487,0.2881,0.467,0.9695,0.6409,0.032,0.0634,0.002321,0.673,1,27,87.17,0.374,1,0,16.749,16.749,0,30,6557,187342.8,91.27,15,8.72
1786434007809,3048,v1,0.0361,0.4794,0.3171,2.4968,0.567,0.032,0.2232,0.001979,0.609,1,34,68.6,0.566,1,0,17.74,17.74,0,30,6172,178100.5,97.24,15,7.36
1786433993665,3049,v1,0.0146,0.6087,0.4788,2.1126,0.5203,0.032,0.1798,0.003171,0.671,0,25,25.93,0.637,1,467,19.073,17.646,0,30,5983,211073.8,88.13,18,12.03
1786433995461,3050,v1,0.0487,0.336,0.1744,1.5285,0.8662,0.032,0.0928,0.003438,0.64,1,26,98.55,0.652,1,0,16.573,16.573,0,30,5719,163435.4,84.19,15,12.8
1786433997415,3051,v1,0.0201,0.387,0.4335,1.3113,0.5952,0.032,0.0554,0.003149,0.6,1,29,80.39,0.586,1,0,15.116,15.116,0,30,6547,150649.6,94.26,12,11.47
1786433998794,3052,v1,0.0102,0.2418,0.3079,0.975,0.8558,0.032,0.0765,0.002952,0.616,0,26,80.61,0.81,1,0,15.907,15.907,0,30,6634,173469.9,88.76,14,11.32
1786434001576,3053,v1,0.0579,0.5691,0.3854,1.5062,0.7936,0.032,0.222,0.002127,0.679,0,5,73.47,0.494,1,1868,4.0,3.36,0,30,5881,228565.5,62.6,15,8.21
1786434003326,3054,v1,0.07,0.4232,0.2696,2.1249,0.367,0.032,0.1912,0.002237,0.638,0,27,65.23,0.753,1,0,16.6,16.6,0,30,6373,181658.3,97.27,15,8.28
1786434005826,3055,v1,0.06,0.733,0.2947,1.1251,0.8603,0.032,0.1044,0.0032,0.641,1,26,22.26,0.706,1,1043,16.403,13.65,0,30,6677,195280.3,96.63,15,12.78
1786434004820,3056,v1,0.0748,0.8744,0.1489,2.2315,0.465,0.032,0.2154,0.002393,0.718,0,26,74.93,0.968,1,0,17.966,17.966,0,30,6343,234852.1,92.36,16,9.16
1786434006623,3057,v1,0.0449,0.7557,0.2588,0.9538,0.9596,0.032,0.0538,0.003074,0.662,0,6,91.5,0.369,1,0,5.0,5.0,0,30,6026,174890.2,85.17,15,11.28
1786434008986,3058,v1,0.0285,0.8304,0.1452,1.1113,0.9019,0.032,0.0585,0.003631,0.66,1,29,57.72,0.391,1,532,18.059,16.426,0,30,6478,214221.5,85.53,16,13.62
1786434010975,3059,v1,0.0786,0.9991,0.4505,2.3308,0.6782,0.032,0.1895,0.002901,0.698,0,7,36.22,0.717,1,2389,6.0,4.328,0,30,5811,243359.6,52.98,15,10.84
1786434012816,3060,v1,0.0668,0.3157,0.3093,1.5927,0.9031,0.032,0.134,0.002782,0.641,1,34,27.13,0.601,1,647,17.836,15.677,0,30,5753,168433.1,99.27,15,9.93
1786434015080,3061,v1,0.0184,0.666,0.2545,1.0602,0.2596,0.032,0.2004,0.002509,0.699,1,11,75.74,0.411,1,3915,10.0,3.95,0,30,6617,337689.1,28.61,19,9.54
1786434017576,3062,v1,0.0465,0.59,0.1726,1.8619,0.6802,0.032,0.1752,0.002263,0.624,1,7,22.98,0.475,1,3512,6.0,2.436,0,30,5992,276559.1,34.38,15,9.08
1786434005866,3063,v1,0.0232,0.962,0.4414,1.9334,0.8145,0.032,0.1308,0.003113,0.64,0,33,55.62,0.831,1,0,18.225,18.225,0,30,6082,178749.9,84.42,15,11.36
1786434009258,3064,v1,0.0316,0.7626,0.3197,1.9432,0.7434,0.032,0.0863,0.001703,0.606,1,6,87.07,0.915,1,7326,5.0,0.0,0,30,7396,421874.9,0.0,-1,7.14
1786434010708,3065,v1,0.0114,0.3278,0.3865,1.0947,0.6202,0.032,0.1063,0.001937,0.608,0,22,75.74,0.301,1,0,14.202,14.202,0,30,6325,153598.8,84.83,12,7.42
1786434012984,3066,v1,0.0295,0.3625,0.4,1.2074,0.7986,0.032,0.2491,0.00158,0.71,1,29,39.94,0.841,1,842,19.19,16.229,0,30,5655,198376.9,85.98,17,6.24
1786434014755,3067,v1,0.0299,0.7553,0.41,0.923,0.9155,0.032,0.2107,0.002666,0.703,1,20,82.04,0.341,1,0,16.949,16.949,0,30,6769,212094.7,92.44,16,10.15
1786434016398,3068,v1,0.0647,0.7805,0.2245,1.5805,0.317,0.032,0.1309,0.003417,0.687,0,24,62.51,0.52,1,0,16.859,16.859,0,30,6154,188689.9,86.38,15,12.79
1786434018627,3069,v1,0.0169,0.7844,0.2092,1.3961,0.2303,0.032,0.0709,0.002353,0.703,0,36,62.71,0.587,1,0,13.166,13.166,0,30,6304,269097.0,52.99,18,9.45
1786434006921,3070,v1,0.0486,0.3466,0.4484,2.0684,0.5949,0.032,0.2468,0.002991,0.664,1,36,50.49,0.415,1,564,18.48,16.675,0,30,6351,178600.7,87.58,15,11.2
1786434008895,3071,v1,0.0345,0.6087,0.196,1.5197,0.1968,0.032,0.165,0.003682,0.661,1,7,86.85,0.308,1,1861,6.0,3.929,0,30,5517,222412.7,56.4,16,13.72
1786434011117,3072,v1,0.0196,0.766,0.4548,2.369,0.5279,0.032,0.1756,0.003719,0.718,0,19,50.54,0.322,1,1013,18.0,15.23,0,30,6219,368321.3,12.95,-1,13.49
1786434013934,3073,v1,0.0441,0.6709,0.1346,1.0007,0.8121,0.032,0.0764,0.002543,0.629,1,5,96.81,0.315,1,2811,4.0,2.109,0,30,6008,265392.3,52.69,15,9.57
1786434015197,3074,v1,0.07,0.6424,0.4505,1.2537,0.2602,0.032,0.1366,0.00145,0.662,0,23,25.82,0.52,1,368,16.023,15.108,0,30,5775,182547.2,99.82,15,5.28
1786434017052,3075,v1,0.0734,0.4484,0.192,2.1679,0.492,0.032,0.2385,0.002873,0.692,1,36,69.92,0.512,1,0,18.877,18.877,0,30,5635,166385.5,96.31,16,10.7
1786434018683,3076,v1,0.0582,0.836,0.3093,1.1099,0.2117,0.032,0.0875,0.00214,0.68,0,22,45.63,0.315,1,0,16.433,16.433,0,30,6432,190660.1,93.01,15,8.36
1786434006993,3077,v1,0.0508,0.7496,0.186,1.0389,0.2691,0.032,0.106,0.001569,0.719,0,20,66.92,0.726,1,0,16.821,16.821,0,30,5787,216216.9,84.3,16,5.93
1786434009996,3078,v1,0.0211,0.7688,0.2928,0.8252,0.1754,0.032,0.1609,0.00135,0.598,1,6,34.52,0.655,1,4795,5.0,1.186,0,30,6332,314292.4,20.26,13,5.53
1786434011471,3079,v1,0.0276,0.7421,0.4037,2.011,0.822,0.032,0.2288,0.003509,0.615,0,19,92.87,0.342,1,0,14.921,14.921,0,30,6406,173147.0,89.34,14,13.63
1786434014313,3080,v1,0.0791,0.4735,0.1149,2.1906,0.5763,0.032,0.2131,0.001802,0.615,0,13,39.77,0.955,1,3586,11.986,5.828,0,30,5972,299158.9,36.9,15,7.13
1786434016046,3081,v1,0.0503,0.7029,0.2951,2.4975,0.2796,0.032,0.1845,0.002273,0.697,0,25,97.82,0.741,1,0,18.333,18.333,0,30,6335,252034.6,85.7,17,8.84
1786434018159,3082,v1,0.0386,0.438,0.3025,2.3955,0.7136,0.032,0.0711,0.001694,0.7,1,20,60.9,0.424,1,371,17.657,16.525,0,30,5882,194896.0,85.98,17,7.17
1786434021047,3083,v1,0.0703,0.6673,0.3311,1.4916,0.5788,0.032,0.2359,0.002447,0.68,1,8,24.59,0.41,1,3433,7.0,3.258,0,30,6550,278333.0,39.59,15,10.09
1786434008456,3084,v1,0.0686,0.4068,0.1653,2.3982,0.1713,0.032,0.2067,0.001929,0.621,0,15,33.89,0.428,1,1568,14.0,11.113,0,30,6707,226541.8,71.62,14,7.35
1786434010228,3085,v1,0.0478,0.4725,0.2593,1.4733,0.8734,0.032,0.2381,0.003627,0.64,0,18,66.23,0.745,1,0,15.311,15.311,0,30,5853,166299.6,84.49,15,13.28
1786434011556,3086,v1,0.0145,0.741,0.1041,1.4742,0.3222,0.032,0.0763,0.002699,0.591,0,25,46.7,0.474,1,0,15.891,15.891,0,30,6065,163350.3,89.51,14,10.37
1786434013875,3087,v1,0.0335,0.7267,0.2229,1.9748,0.6233,0.032,0.1611,0.001414,0.614,0,36,49.64,0.644,1,0,17.968,17.968,0,30,6024,167570.4,93.91,14,5.53
1786434016048,3088,v1,0.0579,0.8417,0.1293,2.4014,0.4303,0.032,0.1965,0.00355,0.647,0,10,29.81,0.561,1,2780,9.0,5.977,0,30,6653,271176.4,50.46,15,13.36
1786434017902,3089,v1,0.0449,0.8541,0.4498,0.8094,0.6196,0.032,0.1553,0.001649,0.68,0,33,22.01,0.91,1,617,18.069,16.483,0,30,6492,194545.7,89.51,15,6.08
1786434020726,3090,v1,0.0188,0.5991,0.1938,1.8562,0.5486,0.032,0.1384,0.003047,0.71,0,9,44.15,0.338,1,1511,8.0,6.543,0,30,6360,373892.9,3.59,-1,11.07
1786434008520,3091,v1,0.0382,0.3893,0.1836,2.076,0.3469,0.032,0.2134,0.00283,0.685,0,22,60.25,0.91,1,0,17.504,17.504,0,30,6055,200857.9,86.32,17,10.11
1786434010583,3092,v1,0.0456,0.8377,0.4588,1.2152,0.5746,0.032,0.2101,0.001708,0.699,0,19,95.39,0.544,1,0,16.27,16.27,0,30,6597,198173.0,87.11,15,6.67
1786434012463,3093,v1,0.0638,0.6611,0.3626,2.0426,0.885,0.032,0.2446,0.003699,0.676,1,26,56.93,0.586,1,0,16.769,16.769,0,30,6464,181590.8,86.68,15,14.71
1786434014822,3094,v1,0.063,0.6777,0.2646,1.7105,0.6926,0.032,0.132,0.003298,0.71,1,10,43.48,0.684,1,4520,9.0,1.187,0,30,5340,306407.2,11.98,-1,11.46
1786434016713,3095,v1,0.0553,0.8868,0.3709,2.3546,0.8172,0.032,0.1336,0.003165,0.708,0,23,97.14,1.0,1,0,17.572,17.572,0,30,6229,189033.9,84.94,16,11.8
1786434018784,3096,v1,0.063,0.533,0.1275,1.1415,0.9575,0.032,0.1694,0.002486,0.699,0,4,21.32,0.851,1,2835,3.0,2.496,0,30,5676,259401.7,42.05,16,9.51
1786434021801,3097,v1,0.0329,0.2182,0.4834,1.8318,0.128,0.032,0.0581,0.002718,0.678,1,14,21.51,0.524,1,4443,13.0,3.657,0,30,6420,343544.6,23.41,17,10.03
1786434010443,3098,v1,0.0797,0.2237,0.1109,1.4828,0.2883,0.032,0.2008,0.003666,0.683,1,4,85.38,0.541,1,3949,3.0,1.11,0,30,6333,307498.7,32.45,15,13.99
1786434012140,3099,v1,0.0446,0.2759,0.107,1.8116,0.1189,0.032,0.2197,0.001869,0.655,1,27,55.47,0.909,1,1579,18.417,12.952,0,30,5622,235922.3,88.29,16,7.44
1786434014273,3100,v1,0.0777,0.4575,0.357,1.9504,0.7203,0.032,0.0532,0.001547,0.598,1,17,58.91,0.57,1,661,14.067,12.511,0,30,6040,176828.7,96.33,14,6.01
1786434015979,3101,v1,0.0687,0.2425,0.2205,1.1285,0.9471,0.032,0.1543,0.003619,0.597,0,25,87.96,0.836,1,0,14.909,14.909,0,30,6505,149154.9,91.2,12,13.11
1786434017814,3102,v1,0.0439,0.401,0.1279,2.2378,0.8505,0.032,0.1444,0.003597,0.68,1,32,68.15,0.867,1,0,18.899,18.899,0,30,6096,190627.9,92.84,16,13.47
1786434019617,3103,v1,0.0272,0.8561,0.3052,2.0745,0.7512,0.032,0.1065,0.003025,0.647,0,25,25.55,0.934,1,479,17.203,15.993,0,30,6418,195591.9,86.98,15,11.19
1786434021732,3104,v1,0.0428,0.6683,0.2739,2.3558,0.1428,0.032,0.1703,0.00354,0.668,1,32,22.09,0.553,1,728,20.239,17.527,0,30,5944,228161.9,88.3,16,12.89
1786434010624,3105,v1,0.054,0.8582,0.414,2.0433,0.5301,0.032,0.2452,0.003016,0.683,1,33,47.13,0.621,1,789,18.232,15.737,0,30,6310,199535.3,88.45,15,11.16
1786434012496,3106,v1,0.0491,0.569,0.2329,2.0598,0.4939,0.032,0.2103,0.002855,0.655,1,33,42.77,0.846,1,994,18.245,15.031,0,30,6126,188272.8,93.34,15,10.61
1786434014313,3107,v1,0.0661,0.4232,0.3865,1.7109,0.8903,0.032,0.1934,0.003241,0.632,0,11,90.64,0.808,1,0,10.0,10.0,0,30,6127,161290.7,85.81,14,11.95
1786434016082,3108,v1,0.0301,0.2327,0.3839,1.7719,0.4904,0.032,0.1525,0.001732,0.691,0,22,56.7,0.555,1,0,17.221,17.221,0,30,5982,191881.0,84.82,16,6.85
1786434018003,3109,v1,0.0479,0.7145,0.1282,1.1837,0.3585,0.032,0.188,0.001361,0.694,0,17,91.58,0.718,1,0,15.9,15.9,0,30,6356,189109.7,87.33,16,5.79
1786434019458,3110,v1,0.0241,0.2236,0.3773,1.8644,0.3492,0.032,0.1465,0.003204,0.665,1,34,91.92,0.809,1,0,19.152,19.152,0,30,5580,176414.9,84.23,16,11.27
1786434022325,3111,v1,0.0464,0.443,0.3327,1.0368,0.9367,0.032,0.0541,0.00281,0.586,1,5,39.73,0.622,1,5187,4.0,0.571,0,30,6121,335874.0,12.16,-1,10.36
1786434020408,3112,v1,0.0574,0.5305,0.1227,2.4746,0.7893,0.032,0.1026,0.003564,0.659,1,28,38.33,0.78,1,849,17.647,14.952,0,30,6100,192208.0,84.64,16,13.49
1786434022080,3113,v1,0.0655,0.2714,0.2003,2.0369,0.4544,0.032,0.1989,0.001208,0.603,0,12,91.38,0.866,1,0,11.0,11.0,0,30,5790,155929.9,84.41,14,4.99
1786434023495,3114,v1,0.0398,0.4444,0.2859,1.7205,0.571,0.032,0.1548,0.002005,0.669,1,29,28.93,0.558,1,593,18.062,16.147,0,30,5858,189946.8,84.14,16,7.46
1786434026234,3115,v1,0.0345,0.2906,0.2133,0.9116,0.2799,0.032,0.1149,0.002824,0.601,1,9,60.82,0.895,1,6256,8.0,0.0,0,30,6407,367286.2,0.0,-1,11.02
1786434029016,3116,v1,0.0329,0.2656,0.455,1.9491,0.7704,0.032,0.1521,0.002374,0.705,1,6,78.67,0.3,1,2597,5.0,2.904,0,30,6265,278849.7,51.85,17,8.57
1786434031854,3117,v1,0.0126,0.3864,0.1649,1.1586,0.6333,0.032,0.2372,0.001348,0.633,1,16,81.81,0.672,1,4871,15.0,1.517,0,30,5534,330371.6,8.76,-1,5.75
1786434034324,3118,v1,0.0404,0.3804,0.2075,2.0897,0.9811,0.032,0.1312,0.001831,0.634,1,9,36.27,0.684,1,5062,8.0,1.816,0,30,6641,363715.3,20.83,16,6.73
1786434021519,3119,v1,0.0187,0.6215,0.1495,2.0338,0.8417,0.032,0.22,0.003558,0.652,0,35,24.01,0.736,1,481,20.062,18.513,0,30,6245,206329.0,89.32,17,13.02
1786434023386,3120,v1,0.0278,0.4931,0.1984,2.205,0.7377,0.032,0.2052,0.002933,0.631,1,16,98.23,0.587,1,3230,15.0,6.647,0,30,6055,285082.6,37.29,15,11.26
1786434025105,3121,v1,0.0628,0.8727,0.4273,1.3122,0.8539,0.032,0.0753,0.001844,0.598,0,31,81.35,0.347,1,0,15.141,15.141,0,30,6157,137536.5,91.14,12,7.65
1786434026778,3122,v1,0.07,0.8772,0.413,1.6443,0.1848,0.032,0.2024,0.003714,0.6,1,14,63.84,0.689,1,1562,12.677,9.508,0,30,6699,210622.3,68.75,12,13.4
1786434029839,3123,v1,0.0453,0.894,0.1758,1.2082,0.1797,0.032,0.093,0.00168,0.696,1,10,38.86,0.899,1,6356,9.0,0.0,0,30,6458,385706.4,0.0,-1,6.33
1786434032255,3124,v1,0.0436,0.7481,0.1034,1.8081,0.226,0.032,0.0595,0.002072,0.675,0,8,83.85,0.473,1,0,7.0,7.0,0,30,6662,229542.0,89.64,16,8.0
1786434033673,3125,v1,0.0559,0.325,0.2862,1.5735,0.7232,0.032,0.0999,0.003632,0.598,1,17,52.18,0.474,1,455,14.028,12.833,0,30,5586,153272.0,99.19,14,13.82
1786434022195,3126,v1,0.0403,0.2482,0.162,2.0699,0.3206,0.032,0.1185,0.001899,0.658,1,33,46.77,0.908,1,1005,18.682,15.655,0,30,6568,215570.7,83.9,16,7.72
1786434023871,3127,v1,0.055,0.2487,0.2843,1.8722,0.2132,0.032,0.1163,0.003219,0.599,1,24,59.93,0.904,1,1011,15.471,12.842,0,30,6391,203700.0,83.76,14,12.83
1786434025914,3128,v1,0.0101,0.6838,0.2956,1.8296,0.3276,0.032,0.2463,0.001579,0.672,1,30,79.81,0.796,1,0,10.521,10.521,0,30,5881,275359.3,46.24,18,6.65
1786434028471,3129,v1,0.0206,0.3512,0.3514,0.9263,0.5675,0.032,0.1206,0.002486,0.687,0,6,72.19,0.757,1,2783,5.0,3.622,0,30,6141,277835.9,47.18,17,9.75
1786434030043,3130,v1,0.0745,0.3685,0.3212,2.0762,0.4208,0.032,0.0649,0.003714,0.704,0,26,47.1,0.342,1,0,17.261,17.261,0,30,5589,170299.9,96.6,16,13.79
1786434032241,3131,v1,0.078,0.5673,0.3414,2.3231,0.6171,0.032,0.0837,0.003427,0.637,1,34,88.33,0.682,1,0,17.66,17.66,0,30,5612,146953.5,95.17,14,12.97
1786434034109,3132,v1,0.0234,0.2945,0.3174,1.6959,0.4651,0.032,0.0854,0.00229,0.664,1,32,48.47,0.814,1,1071,19.312,16.027,0,30,6723,233213.9,84.25,17,9.09
1786434023051,3133,v1,0.0696,0.3542,0.1402,0.8625,0.8079,0.032,0.0644,0.003176,0.7,0,15,21.53,0.627,1,2234,14.0,9.346,0,30,6058,235314.7,61.68,15,12.07
1786434024823,3134,v1,0.0471,0.8087,0.1713,1.3819,0.9456,0.032,0.1205,0.0036,0.622,1,30,90.94,0.357,1,0,16.786,16.786,0,30,6062,160759.3,88.79,14,13.36
1786434026149,3135,v1,0.0634,0.8555,0.4113,1.712,0.5741,0.032,0.088,0.002404,0.613,0,15,89.92,0.362,1,0,13.818,13.818,0,30,5797,148841.3,96.14,14,9.21
1786434028108,3136,v1,0.0696,0.4951,0.1596,1.1323,0.4973,0.032,0.1745,0.001206,0.679,0,20,89.19,0.526,1,0,15.951,15.951,0,30,6015,173213.6,89.75,15,4.69
1786434029864,3137,v1,0.0421,0.3271,0.2836,1.1256,0.8815,0.032,0.0883,0.001518,0.627,1,33,20.82,0.594,1,688,17.36,15.372,0,30,6285,182665.0,91.49,14,5.97
1786434033183,3138,v1,0.0766,0.2207,0.2867,1.7406,0.9377,0.032,0.2054,0.002559,0.641,1,12,26.07,0.802,1,5990,11.0,0.0,0,30,6158,343198.8,0.0,-1,9.73
1786434034987,3139,v1,0.0156,0.2604,0.4279,1.4351,0.1769,0.032,0.1853,0.002571,0.602,0,12,55.59,0.746,1,2843,11.0,6.755,0,30,6209,254585.0,44.73,13,9.68
1786434023279,3140,v1,0.015,0.593,0.4585,1.3099,0.5363,0.032,0.1765,0.002083,0.671,0,34,90.03,0.776,1,0,19.407,19.407,0,30,6742,209373.1,88.67,16,8.34
1786434025429,3141,v1,0.0753,0.9001,0.1327,1.588,0.1876,0.032,0.2459,0.002093,0.667,0,6,25.78,0.39,1,1665,5.0,4.16,0,30,6003,248604.8,61.95,15,7.81
1786434026771,3142,v1,0.021,0.8784,0.1049,0.8675,0.5605,0.032,0.1566,0.002784,0.656,0,23,97.45,0.836,1,0,16.985,16.985,0,30,5886,176810.7,89.06,15,10.28
1786434029289,3143,v1,0.0756,0.9176,0.2304,1.7036,0.2432,0.032,0.221,0.003131,0.622,0,33,53.24,0.866,1,0,17.191,17.191,0,30,7386,195460.8,87.98,14,11.51
1786434032463,3144,v1,0.0103,0.6069,0.2366,1.1515,0.561,0.032,0.1117,0.003767,0.648,1,16,73.81,0.467,1,3314,15.0,6.533,0,30,6233,304537.6,37.04,17,14.6
1786434033846,3145,v1,0.052,0.7037,0.4815,2.1804,0.4984,0.032,0.1203,0.003752,0.586,0,27,89.72,0.996,1,0,15.068,15.068,0,30,5875,139073.1,86.47,12,14.38
1786434035729,3146,v1,0.0775,0.5785,0.1562,1.9407,0.2004,0.032,0.0975,0.001791,0.608,1,15,75.47,0.566,1,1805,14.0,9.831,0,30,6221,237075.8,59.97,14,6.75
1786434024282,3147,v1,0.0346,0.8396,0.4493,1.6085,0.9255,0.032,0.1192,0.003721,0.703,1,32,99.57,0.55,1,0,19.265,19.265,0,30,7191,215389.2,87.19,16,13.88
1786434026792,3148,v1,0.0149,0.9842,0.3321,1.1833,0.1144,0.032,0.1632,0.00128,0.718,1,30,37.03,0.898,1,453,3.299,1.784,0,30,6794,404520.4,15.23,-1,5.33
1786434028953,3149,v1,0.0664,0.3817,0.3652,1.0425,0.9039,0.032,0.131,0.002556,0.711,0,10,96.83,0.841,1,0,9.0,9.0,0,30,5464,158968.3,100.0,16,9.3
1786434031269,3150,v1,0.0742,0.7716,0.1956,1.7797,0.7901,0.032,0.2179,0.002448,0.631,0,13,41.89,0.727,1,2552,12.0,7.889,0,30,6426,242057.2,55.58,15,10.01
1786434033507,3151,v1,0.0481,0.3526,0.2322,2.1463,0.3193,0.032,0.0928,0.003312,0.615,1,31,44.15,0.924,1,988,17.234,14.201,0,30,6167,193599.6,96.66,15,13.07
1786434035165,3152,v1,0.0674,0.7414,0.3506,1.7699,0.9615,0.032,0.2014,0.003748,0.617,0,34,58.51,0.637,1,0,17.129,17.129,0,30,6680,178779.1,87.52,14,13.85
1786434036997,3153,v1,0.026,0.7101,0.2277,2.4391,0.7274,0.032,0.2344,0.003603,0.582,0,28,23.19,0.686,1,333,16.617,15.758,0,30,6243,171148.5,93.38,14,14.02
1786434025538,3154,v1,0.0107,0.3163,0.1824,1.2017,0.9003,0.032,0.0588,0.002128,0.685,0,9,35.55,0.643,1,3197,8.0,5.036,0,30,6593,326409.8,27.67,19,7.8
1786434027607,3155,v1,0.0714,0.8206,0.2469,2.08,0.826,0.032,0.168,0.002031,0.693,1,16,21.94,0.323,1,1770,15.0,10.729,0,30,6382,261915.3,60.26,15,7.19
1786434030143,3156,v1,0.056,0.6831,0.3029,2.4122,0.4995,0.032,0.1222,0.002377,0.621,1,4,64.18,0.34,1,2763,3.0,1.686,0,30,6360,249061.7,52.64,15,9.15
1786434032379,3157,v1,0.0136,0.9605,0.4659,2.2062,0.179,0.032,0.1317,0.003648,0.62,1,33,29.46,0.447,1,498,17.722,15.963,0,30,5587,165644.7,85.44,14,13.3
1786434033861,3158,v1,0.0566,0.9975,0.2138,1.7327,0.2247,0.032,0.106,0.001327,0.636,1,26,38.71,0.35,1,395,16.462,15.232,0,30,5414,160756.8,96.99,15,5.34
1786434035806,3159,v1,0.0369,0.7088,0.2672,1.1921,0.1498,0.032,0.1453,0.00238,0.6,1,26,37.25,0.671,1,1093,15.205,12.761,0,30,7141,211868.6,91.1,13,9.03
1786434037715,3160,v1,0.0789,0.8635,0.3209,2.1392,0.2664,0.032,0.1922,0.003467,0.687,1,35,35.73,0.385,1,606,18.849,17.226,0,30,7853,244200.2,91.17,15,12.75
1786434025337,3161,v1,0.0101,0.4941,0.1529,1.422,0.1899,0.032,0.0553,0.003592,0.612,1,35,79.51,0.891,1,0,18.431,18.431,0,30,6721,196656.7,84.67,15,12.88
1786434026849,3162,v1,0.0439,0.5557,0.3167,2.4715,0.6895,0.032,0.0534,0.002395,0.593,1,36,87.61,0.973,1,0,17.45,17.45,0,30,6187,171231.4,88.45,14,9.0
1786434028957,3163,v1,0.0766,0.6352,0.3729,1.7466,0.7056,0.032,0.1324,0.002654,0.609,0,21,95.13,0.895,1,0,14.853,14.853,0,30,5837,150193.1,100.0,14,9.92
1786434032196,3164,v1,0.0383,0.375,0.4791,1.4961,0.2114,0.032,0.1325,0.00304,0.718,1,5,87.59,0.95,1,5823,4.0,0.0,0,30,5898,337306.0,0.0,-1,11.73
1786434034131,3165,v1,0.0421,0.2517,0.2077,1.9653,0.217,0.032,0.1661,0.002042,0.709,0,28,91.31,0.56,1,0,19.935,19.935,0,30,6465,276289.2,93.34,17,7.94
1786434035692,3166,v1,0.0701,0.8063,0.3206,1.1311,0.3512,0.032,0.2372,0.003561,0.656,0,26,48.43,0.351,1,0,16.5,16.5,0,30,6233,175451.7,99.81,15,13.57
1786434037220,3167,v1,0.0392,0.551,0.1417,1.9063,0.9256,0.032,0.1924,0.002367,0.603,0,20,32.58,0.309,1,0,15.402,15.402,0,30,5740,161307.4,96.74,15,9.67
1786434036879,3168,v1,0.0483,0.5465,0.3148,1.4026,0.8691,0.032,0.1828,0.002168,0.672,1,14,81.31,0.549,1,4340,13.0,3.306,0,30,5989,315096.0,23.71,16,7.85
1786434037922,3169,v1,0.0517,0.815,0.4778,2.298,0.7636,0.032,0.1952,0.003725,0.66,1,25,60.2,0.565,1,678,16.657,14.472,0,30,5631,180887.3,87.32,15,13.87
1786434040378,3170,v1,0.0501,0.3697,0.248,2.3613,0.3936,0.032,0.1637,0.00282,0.7,0,11,63.36,0.948,1,4566,10.0,4.57,0,30,6928,353298.2,27.38,17,10.35
1786434041637,3171,v1,0.0375,0.7982,0.2859,1.1721,0.5051,0.032,0.1337,0.002704,0.64,1,15,36.07,0.389,1,1865,14.0,9.605,0,30,6183,222685.9,61.02,14,10.32
1786434043223,3172,v1,0.0489,0.5169,0.1677,1.2835,0.5395,0.032,0.0985,0.002862,0.708,1,18,61.93,0.712,1,1125,16.6,13.512,0,30,6338,237837.0,81.36,16,11.28
1786434044399,3173,v1,0.0517,0.7948,0.1481,2.1164,0.7855,0.032,0.1458,0.002371,0.585,0,5,83.92,0.988,1,0,4.0,4.0,0,30,5991,158230.0,98.39,14,9.7
1786434045307,3174,v1,0.07,0.9486,0.434,1.2541,0.8507,0.032,0.0504,0.002118,0.661,1,22,79.25,0.84,1,0,15.703,15.703,0,30,5964,170380.5,96.4,15,7.86
1786434037268,3175,v1,0.0389,0.4181,0.4864,2.3669,0.1076,0.032,0.2427,0.002234,0.639,1,15,66.72,0.613,1,4732,14.0,2.208,0,30,5776,329248.2,13.55,-1,8.26
1786434038344,3176,v1,0.0564,0.4103,0.4911,1.551,0.5225,0.032,0.0533,0.003296,0.704,0,22,71.6,0.781,1,0,16.639,16.639,0,30,6161,181861.9,96.91,16,12.11
1786434039958,3177,v1,0.0379,0.4462,0.2075,1.3179,0.4502,0.032,0.2033,0.001987,0.65,0,30,27.52,0.714,1,0,17.372,17.372,0,30,5889,171279.9,85.86,15,7.25
1786434041084,3178,v1,0.0485,0.2721,0.2646,0.8935,0.6506,0.032,0.0722,0.0023,0.591,1,32,90.59,0.451,1,0,14.564,14.564,0,30,6069,136467.7,84.88,11,8.83
1786434042138,3179,v1,0.046,0.5474,0.1571,2.2614,0.453,0.032,0.0512,0.002824,0.583,1,32,75.72,0.579,1,0,17.019,17.019,0,30,6702,175474.8,87.37,14,10.64
1786434044373,3180,v1,0.0458,0.5871,0.4718,1.0027,0.2961,0.032,0.1274,0.002059,0.652,1,7,25.37,0.52,1,5101,6.0,1.39,0,30,6717,356514.1,21.88,15,7.47
1786434045298,3181,v1,0.0498,0.4752,0.2856,2.3065,0.5473,0.032,0.1014,0.002813,0.613,1,23,83.81,0.59,1,0,15.743,15.743,0,30,6017,167478.1,93.36,14,10.34
1786434037395,3182,v1,0.0131,0.9539,0.266,0.8364,0.2157,0.032,0.2091,0.002232,0.65,0,27,27.84,0.608,1,361,17.432,16.445,0,30,5935,183634.9,86.2,15,8.83
1786434038875,3183,v1,0.0214,0.2117,0.3504,1.632,0.7192,0.032,0.0614,0.003358,0.717,0,25,68.58,0.984,1,0,13.438,13.438,0,30,6796,277418.9,63.96,18,12.26
1786434040736,3184,v1,0.0418,0.3217,0.2505,1.6211,0.149,0.032,0.1173,0.001735,0.654,0,8,41.36,0.431,1,1577,7.0,5.694,0,30,6111,223240.5,64.01,15,6.71
1786434041731,3185,v1,0.0243,0.6832,0.2586,1.5156,0.5949,0.032,0.1071,0.003522,0.604,0,27,61.92,0.336,1,0,16.025,16.025,0,30,6358,164974.4,84.31,14,13.51
1786434043396,3186,v1,0.0565,0.5696,0.2036,1.4951,0.5508,0.032,0.0783,0.001671,0.58,0,10,62.92,0.403,1,1796,8.989,6.934,0,30,6202,213732.5,65.15,12,6.29
1786434044681,3187,v1,0.0572,0.6021,0.2342,1.4645,0.4484,0.032,0.135,0.002643,0.696,0,22,29.79,0.523,1,0,16.569,16.569,0,30,6681,196412.1,84.98,15,9.79
1786434045452,3188,v1,0.0249,0.7238,0.2269,1.3079,0.2375,0.032,0.1099,0.002691,0.652,1,28,62.92,0.736,1,0,17.636,17.636,0,30,5677,171407.1,84.82,15,9.92
1786434038044,3189,v1,0.0302,0.534,0.2806,2.1006,0.1051,0.032,0.1513,0.002059,0.623,1,13,31.05,0.946,1,5353,12.0,0.0,0,30,5488,324536.4,0.0,-1,8.24
1786434040264,3190,v1,0.0174,0.3658,0.2888,2.3358,0.6462,0.032,0.1178,0.002347,0.619,1,10,57.25,0.583,1,4606,9.0,1.797,0,30,5875,317819.4,17.21,-1,9.09
1786434041593,3191,v1,0.0693,0.6997,0.4103,1.0626,0.7037,0.032,0.09,0.002471,0.693,1,7,43.55,0.418,1,3328,6.0,2.287,0,30,5451,249883.2,33.13,15,9.63
1786434042722,3192,v1,0.0772,0.6459,0.1403,2.0374,0.9148,0.032,0.1604,0.001573,0.64,0,36,56.93,0.555,1,0,18.185,18.185,0,30,5614,161776.9,100.0,15,5.88
1786434044174,3193,v1,0.046,0.5961,0.335,2.3465,0.7362,0.032,0.1259,0.001832,0.686,0,29,79.36,0.609,1,0,18.024,18.024,0,30,6256,198602.5,85.63,16,6.62
1786434045540,3194,v1,0.0713,0.3836,0.1968,1.9957,0.8943,0.032,0.1701,0.002519,0.612,1,11,98.66,0.8,1,6097,10.0,0.0,0,30,6256,362427.5,0.0,-1,9.65
1786434046162,3195,v1,0.0713,0.2528,0.2573,0.9694,0.2552,0.032,0.1766,0.003583,0.648,1,28,66.53,0.842,1,0,16.541,16.541,0,30,5971,158014.4,91.96,14,13.0
1786434038193,3196,v1,0.0509,0.6087,0.2969,2.4397,0.1951,0.032,0.245,0.002363,0.683,1,31,91.1,0.827,1,0,19.209,19.209,0,30,6153,208369.2,87.28,16,9.44
1786434040299,3197,v1,0.0113,0.6355,0.1247,1.5833,0.219,0.032,0.147,0.00354,0.677,1,28,92.12,0.561,1,0,2.145,2.145,0,30,5533,314024.2,10.28,-1,12.83
1786434042135,3198,v1,0.0786,0.88,0.4678,1.5586,0.23,0.032,0.2084,0.002776,0.712,1,5,29.72,0.608,1,5886,4.0,0.692,0,30,7192,388150.8,16.52,-1,10.5
1786434043737,3199,v1,0.0256,0.2171,0.3346,2.4125,0.613,0.032,0.1743,0.001313,0.609,0,25,40.41,0.887,1,0,16.462,16.462,0,30,6246,176612.8,86.11,15,5.33
1786434053160,3200,v1,0.025,0.8851,0.1462,1.4025,0.2293,0.032,0.2308,0.003326,0.605,1,5,63.06,0.313,1,2642,4.0,2.333,0,30,6421,259460.6,52.06,14,12.94
1786434056390,3201,v1,0.0543,0.4441,0.3551,0.9452,0.2242,0.032,0.1236,0.001241,0.616,1,11,30.54,0.855,1,7087,10.0,0.511,0,30,7563,441313.6,5.0,-1,4.91
1786434058642,3202,v1,0.0221,0.9972,0.1159,2.4691,0.7942,0.032,0.0922,0.003627,0.694,0,18,24.29,0.799,1,2724,17.0,10.756,0,30,6932,331386.5,33.82,19,12.69
1786434061057,3203,v1,0.0793,0.3709,0.1609,0.9243,0.4868,0.032,0.1787,0.002649,0.688,0,31,30.19,0.831,1,423,17.508,16.359,0,30,6155,175289.6,83.99,15,10.92
1786434062340,3204,v1,0.0567,0.2621,0.3846,1.0758,0.9443,0.032,0.1667,0.003276,0.587,1,36,37.85,0.553,1,791,14.539,12.559,0,30,6524,137814.8,86.31,10,13.11
1786434064189,3205,v1,0.0788,0.3435,0.4845,1.0225,0.9541,0.032,0.115,0.002637,0.696,0,18,39.41,0.575,1,0,15.254,15.254,0,30,5872,165310.6,91.92,15,9.74
1786434065931,3206,v1,0.0232,0.5788,0.1754,1.827,0.4355,0.032,0.2323,0.001843,0.707,1,34,68.24,0.663,1,352,10.047,8.71,0,30,5581,259253.8,44.96,18,6.36
1786434053356,3207,v1,0.0231,0.3071,0.3558,1.4158,0.5067,0.032,0.0857,0.003134,0.686,0,21,75.95,0.333,1,0,17.729,17.729,0,30,6402,198656.5,84.91,17,11.9
1786434056133,3208,v1,0.0148,0.3723,0.1596,0.8219,0.5463,0.032,0.2481,0.00215,0.69,1,17,49.75,0.71,1,6243,16.0,0.0,0,30,6448,404726.8,0.0,-1,7.79
1786434058028,3209,v1,0.0109,0.4807,0.115,1.7163,0.1652,0.032,0.1578,0.002718,0.642,1,19,60.87,0.65,1,745,17.634,15.658,0,30,6879,248966.8,88.27,17,10.23
1786434059477,3210,v1,0.0236,0.5813,0.4764,1.5261,0.2412,0.032,0.1753,0.003296,0.584,0,27,92.58,0.4,1,0,13.61,13.61,0,30,5710,122465.3,87.74,11,12.38
1786434061556,3211,v1,0.0196,0.2613,0.3615,2.0963,0.1517,0.032,0.2376,0.003752,0.625,0,36,93.49,0.548,1,0,18.795,18.795,0,30,6579,195525.4,84.9,15,14.67
1786434063648,3212,v1,0.052,0.2735,0.1193,1.7768,0.2828,0.032,0.1178,0.003187,0.711,1,18,47.21,0.382,1,761,16.742,14.746,0,30,6754,282900.5,74.18,16,11.49
1786434065144,3213,v1,0.0616,0.6069,0.4376,1.8051,0.1516,0.032,0.1896,0.003136,0.692,0,17,55.02,0.757,1,22,15.643,15.582,0,30,5352,176319.8,92.27,15,12.41
1786434053762,3214,v1,0.0645,0.692,0.147,1.6833,0.3012,0.032,0.2483,0.002747,0.663,0,36,38.46,0.526,1,0,18.651,18.651,0,30,5979,176879.8,90.73,15,10.77
1786434055483,3215,v1,0.0472,0.8511,0.4719,1.6615,0.8989,0.032,0.0766,0.002324,0.693,0,15,94.78,0.317,1,0,14.0,14.0,0,30,7095,218298.8,84.44,16,8.36
1786434057712,3216,v1,0.0205,0.7986,0.1587,2.1774,0.1355,0.032,0.2247,0.003362,0.594,0,15,61.89,0.91,1,2882,14.0,8.38,0,30,6434,275477.0,44.76,15,11.92
1786434061016,3217,v1,0.0308,0.4562,0.4259,2.4946,0.571,0.032,0.1169,0.00233,0.651,1,14,41.29,0.704,1,6348,13.0,0.0,0,30,6542,379356.4,0.0,-1,8.39
1786434062389,3218,v1,0.0334,0.8373,0.4368,1.9216,0.8959,0.032,0.1643,0.002097,0.636,1,16,62.87,0.419,1,76,15.0,14.8,0,30,5903,166816.3,97.11,15,8.52
1786434065066,3219,v1,0.0793,0.9489,0.121,0.9909,0.5583,0.032,0.0628,0.001407,0.673,1,15,92.09,0.623,1,4620,14.0,3.878,0,30,6523,357800.2,33.01,15,5.67
1786434067511,3220,v1,0.0676,0.4477,0.2291,2.4869,0.7013,0.032,0.2113,0.001848,0.67,0,8,41.4,0.992,1,3928,7.0,3.894,0,30,6399,299864.7,33.19,15,6.92
1786434054234,3221,v1,0.0422,0.7602,0.3842,1.6898,0.8602,0.032,0.2022,0.002436,0.614,0,7,85.83,0.84,1,0,6.0,6.0,0,30,5258,133379.2,87.82,13,9.91
1786434056420,3222,v1,0.0734,0.3174,0.4506,1.9211,0.4485,0.032,0.1131,0.003498,0.649,0,10,41.72,0.586,1,2280,9.0,6.561,0,30,6774,243091.6,60.76,14,12.9
1786434058101,3223,v1,0.0799,0.2679,0.4774,1.5629,0.6037,0.032,0.0826,0.002953,0.664,1,23,65.84,0.562,1,670,16.036,14.366,0,30,6801,202927.9,100.0,15,10.88
1786434061394,3224,v1,0.0306,0.5725,0.3391,1.2519,0.9513,0.032,0.0702,0.003179,0.591,1,4,96.23,0.781,1,6639,3.0,0.0,0,30,6704,390251.1,0.0,-1,12.05
1786434062924,3225,v1,0.0309,0.5514,0.3398,1.955,0.4056,0.032,0.1823,0.001878,0.642,0,15,82.67,0.985,1,0,13.964,13.964,0,30,6083,165468.9,87.85,15,7.5
1786434064722,3226,v1,0.0554,0.8095,0.251,1.3185,0.3611,0.032,0.2382,0.002238,0.649,1,36,27.47,0.5,1,557,18.125,16.421,0,30,6391,185010.9,95.73,15,8.61
1786434066063,3227,v1,0.049,0.7516,0.3772,1.0515,0.1134,0.032,0.1024,0.001435,0.616,1,23,61.68,0.938,1,0,14.937,14.937,0,30,6181,157359.5,93.66,13,5.78
1786434055004,3228,v1,0.0696,0.5659,0.1,2.1339,0.2293,0.032,0.2192,0.001284,0.601,1,24,26.72,0.728,1,972,15.615,13.051,0,30,6030,195888.7,86.24,14,5.09
1786434057272,3229,v1,0.0658,0.3409,0.234,0.8602,0.3667,0.032,0.1969,0.003478,0.602,0,5,39.1,0.768,1,3390,4.0,2.872,0,30,6092,252787.6,37.53,12,12.62
1786434059251,3230,v1,0.0221,0.5795,0.4191,1.6883,0.248,0.032,0.0851,0.002137,0.688,0,4,72.69,0.698,1,3238,3.0,2.456,0,30,6005,288355.0,38.72,18,8.23
1786434061723,3231,v1,0.0314,0.2116,0.1666,1.2608,0.7447,0.032,0.1662,0.001432,0.704,0,16,49.34,0.709,1,2425,15.0,9.357,0,30,5702,262939.7,47.76,18,5.72
1786434063378,3232,v1,0.0487,0.2692,0.1351,1.5878,0.9775,0.032,0.1436,0.003653,0.719,0,17,89.65,0.743,1,0,16.0,16.0,0,30,6142,196596.7,84.14,17,13.73
1786434064995,3233,v1,0.0603,0.2276,0.4126,1.9388,0.9753,0.032,0.165,0.002399,0.636,0,32,67.88,0.31,1,0,17.107,17.107,0,30,6120,170392.0,89.86,14,9.05
1786434066335,3234,v1,0.077,0.4609,0.2044,1.9182,0.4292,0.032,0.2307,0.003677,0.653,0,17,75.46,0.574,1,0,15.0,15.0,0,30,6196,176038.8,100.0,15,12.57
1786434056306,3235,v1,0.0314,0.6413,0.1861,2.3395,0.2397,0.032,0.1899,0.002295,0.606,0,15,68.67,0.984,1,3688,14.0,6.114,0,30,5800,275913.0,29.28,15,8.55
1786434058076,3236,v1,0.0747,0.2559,0.1047,0.9089,0.7448,0.032,0.0927,0.001919,0.69,0,4,24.74,0.616,1,2026,3.0,2.665,0,30,6091,234527.7,59.66,15,7.93
1786434060550,3237,v1,0.0678,0.2723,0.3537,1.0056,0.2878,0.032,0.1929,0.002023,0.678,0,8,65.56,0.644,1,2580,7.0,4.664,0,30,5608,241710.8,45.44,15,7.9
1786434061990,3238,v1,0.0697,0.6802,0.3814,1.7502,0.7338,0.032,0.1527,0.002967,0.602,0,14,59.83,0.491,1,1688,13.0,9.618,0,30,5693,208579.5,65.29,14,10.89
1786434063512,3239,v1,0.0719,0.7254,0.4377,2.0489,0.8612,0.032,0.0554,0.002066,0.695,0,11,86.61,0.562,1,0,10.0,10.0,0,30,5585,162531.6,93.9,15,8.49
1786434065047,3240,v1,0.0647,0.9691,0.1261,0.9139,0.5769,0.032,0.1638,0.001995,0.689,1,33,43.37,0.817,1,855,18.097,15.072,0,30,5419,165656.6,89.9,15,7.79
1786434066694,3241,v1,0.0499,0.3668,0.4839,2.3854,0.3848,0.032,0.2398,0.003453,0.694,1,28,30.72,0.759,1,804,18.01,15.22,0,30,5682,194744.2,88.46,16,13.52
1786434056049,3242,v1,0.0506,0.5012,0.2143,1.2204,0.9365,0.032,0.1973,0.001877,0.708,0,30,85.93,0.631,1,0,18.399,18.399,0,30,5926,178324.1,89.23,16,7.31
1786434057395,3243,v1,0.0234,0.6438,0.4031,1.8751,0.4991,0.032,0.1664,0.003114,0.596,0,23,68.28,0.309,1,0,14.802,14.802,0,30,5465,134288.5,84.37,13,11.42
1786434059252,3244,v1,0.011,0.9469,0.2558,2.2005,0.824,0.032,0.2356,0.00344,0.651,1,11,23.77,0.428,1,2777,10.0,4.755,0,30,5486,257221.2,39.21,18,13.43
1786434062353,3245,v1,0.0518,0.3036,0.3795,0.9785,0.6293,0.032,0.1966,0.003722,0.686,1,5,80.37,0.995,1,6559,4.0,0.0,0,30,6655,370781.2,0.0,-1,13.82
1786434064095,3246,v1,0.0315,0.4409,0.2803,1.3436,0.8232,0.032,0.2315,0.003652,0.68,0,14,96.15,0.828,1,0,13.0,13.0,0,30,5552,176910.0,94.63,16,13.62
1786434065920,3247,v1,0.0116,0.8072,0.1516,2.014,0.9884,0.032,0.1097,0.003601,0.659,0,6,74.2,0.99,1,4164,5.0,2.796,0,30,5782,317114.2,10.48,-1,13.08
1786434068432,3248,v1,0.0732,0.76,0.4175,2.4699,0.2932,0.032,0.1817,0.003221,0.697,0,10,61.61,0.542,1,2732,9.0,6.023,0,30,6583,319715.2,57.12,16,11.54
1786434057117,3249,v1,0.0575,0.7079,0.44,2.1309,0.7096,0.032,0.1155,0.002254,0.681,1,32,55.34,0.597,1,655,18.344,16.3,0,30,6269,204041.7,99.59,16,8.36
1786434058425,3250,v1,0.0149,0.5746,0.3338,1.3962,0.307,0.032,0.1553,0.003014,0.644,1,19,87.63,0.942,1,0,16.432,16.432,0,30,6483,203552.6,85.57,16,11.65
1786434061564,3251,v1,0.0168,0.6407,0.1293,2.0639,0.2729,0.032,0.1441,0.00143,0.682,0,6,95.94,0.362,1,0,5.0,5.0,0,30,6495,377128.2,27.47,19,5.13
1786434063330,3252,v1,0.0366,0.8144,0.3433,2.291,0.4457,0.032,0.1398,0.002535,0.705,1,28,93.02,0.974,1,0,18.779,18.779,0,30,6233,201722.6,84.89,17,9.55
1786434065208,3253,v1,0.0568,0.9089,0.2175,2.104,0.5453,0.032,0.2345,0.002338,0.582,1,25,25.47,0.639,1,909,15.302,13.137,0,30,6768,206830.6,94.96,13,8.73
1786434067436,3254,v1,0.0186,0.9394,0.3998,1.8936,0.5296,0.032,0.2075,0.003737,0.631,1,6,87.18,0.624,1,4337,5.0,1.262,0,30,5904,311082.8,22.68,16,13.6
1786434068758,3255,v1,0.0774,0.4589,0.1001,2.3967,0.2257,0.032,0.1075,0.002098,0.636,0,8,93.14,0.407,1,0,7.0,7.0,0,30,5345,157944.4,93.62,15,7.71
1786434067343,3256,v1,0.0163,0.5792,0.1557,0.8527,0.2043,0.032,0.2261,0.002658,0.616,1,33,78.5,0.843,1,0,17.412,17.412,0,30,6021,166412.1,93.42,14,10.73
1786434069090,3257,v1,0.0597,0.7949,0.1243,2.3739,0.8783,0.032,0.2015,0.002642,0.605,0,33,48.35,0.814,1,0,17.695,17.695,0,30,6568,185144.0,99.83,15,10.12
1786434071388,3258,v1,0.0154,0.4258,0.2907,2.2393,0.603,0.032,0.1021,0.001409,0.632,0,12,64.11,0.336,1,1208,11.0,9.28,0,30,6435,228488.2,75.79,16,6.09
1786434073363,3259,v1,0.0714,0.7281,0.399,2.4586,0.7016,0.032,0.1493,0.001787,0.617,0,31,60.79,0.56,1,0,17.063,17.063,0,30,5998,150668.1,92.76,14,7.25
1786434075200,3260,v1,0.0759,0.4834,0.2073,0.9341,0.6966,0.032,0.1347,0.003062,0.669,0,15,45.42,0.31,1,1118,14.0,11.612,0,30,5850,192990.4,73.32,15,10.44
1786434077853,3261,v1,0.0761,0.7292,0.2068,1.9985,0.782,0.032,0.1243,0.001629,0.627,0,34,90.52,0.933,1,0,17.716,17.716,0,30,6471,184351.1,96.61,15,6.1
1786434079689,3262,v1,0.0296,0.5082,0.1388,1.155,0.3059,0.032,0.0835,0.003597,0.636,1,33,98.06,0.749,1,0,18.176,18.176,0,30,6167,174365.3,91.13,15,13.28
1786434069472,3263,v1,0.0616,0.2357,0.4893,1.8882,0.609,0.032,0.064,0.001563,0.695,1,14,22.13,0.939,1,5977,13.0,0.0,0,30,6109,366300.5,0.0,-1,6.06
1786434071293,3264,v1,0.068,0.9412,0.2023,1.0118,0.698,0.032,0.1091,0.001731,0.586,1,35,79.1,0.655,1,0,15.274,15.274,0,30,6117,119912.4,87.84,10,7.13
1786434073237,3265,v1,0.0404,0.8484,0.3505,2.3194,0.1038,0.032,0.1244,0.00245,0.685,1,28,85.85,0.74,1,0,19.027,19.027,0,30,6110,234988.7,86.37,16,9.03
1786434076283,3266,v1,0.0167,0.5563,0.4826,1.1468,0.3483,0.032,0.1149,0.002094,0.615,1,8,76.56,0.63,1,5042,7.0,1.507,0,30,6518,345086.0,18.57,-1,8.44
1786434078455,3267,v1,0.0649,0.3661,0.4747,1.2273,0.9896,0.032,0.2357,0.001936,0.62,1,25,38.22,0.401,1,576,14.741,13.342,0,30,6356,173362.0,92.38,12,8.1
1786434080397,3268,v1,0.0102,0.7537,0.4588,1.195,0.4925,0.032,0.2269,0.001629,0.633,1,33,99.56,0.316,1,0,17.828,17.828,0,30,6206,177528.2,88.89,14,6.06
1786434081753,3269,v1,0.0375,0.4561,0.335,1.2637,0.9351,0.032,0.1719,0.002269,0.672,0,21,71.79,0.936,1,0,16.43,16.43,0,30,6305,181685.3,95.27,16,9.09
1786434069560,3270,v1,0.0338,0.9043,0.3645,1.3165,0.9992,0.032,0.1298,0.001374,0.695,0,11,30.42,0.427,1,1812,10.0,7.451,0,30,5756,224575.0,60.18,16,5.28
1786434072595,3271,v1,0.0602,0.5523,0.4587,2.0148,0.3477,0.032,0.0516,0.003394,0.655,1,14,80.85,0.701,1,6296,13.0,0.0,0,30,6589,373492.1,0.0,-1,13.04
1786434074021,3272,v1,0.0753,0.7468,0.4612,1.4905,0.1303,0.032,0.0635,0.002806,0.623,0,13,86.61,0.661,1,1987,12.0,8.691,0,30,6193,229547.1,64.51,14,10.37
1786434077943,3273,v1,0.0627,0.8482,0.3393,1.9579,0.1676,0.032,0.1526,0.003341,0.626,0,9,34.31,0.694,1,3481,8.0,4.84,0,30,6775,282761.3,43.17,14,12.35
1786434080482,3274,v1,0.0262,0.464,0.3292,1.7267,0.5597,0.032,0.1327,0.001894,0.672,0,5,21.75,0.803,1,4505,4.0,2.736,0,30,7172,341734.6,32.83,17,6.99
1786434082356,3275,v1,0.0532,0.8785,0.2842,1.5925,0.6767,0.032,0.1074,0.003369,0.64,0,9,52.94,0.751,1,3504,8.0,4.497,0,30,6162,269345.9,39.7,15,12.2
1786434084305,3276,v1,0.0409,0.83,0.1233,1.2739,0.7287,0.032,0.1088,0.003724,0.654,0,35,45.06,0.535,1,0,18.789,18.789,0,30,7006,203479.6,91.46,16,13.22
1786434069600,3277,v1,0.0786,0.9052,0.4951,1.3023,0.7366,0.032,0.1348,0.003154,0.582,0,26,42.1,0.683,1,0,11.962,11.962,0,30,6433,114186.4,85.62,9,11.86
1786434071895,3278,v1,0.0279,0.893,0.2378,1.4336,0.3791,0.032,0.2002,0.002964,0.662,0,30,82.93,0.386,1,0,18.334,18.334,0,30,6817,200241.8,90.23,16,11.09
1786434073334,3279,v1,0.0245,0.4104,0.3825,2.1828,0.948,0.032,0.188,0.002488,0.615,1,31,38.12,0.634,1,758,17.505,15.102,0,30,5917,187272.2,85.26,15,9.38
1786434076651,3280,v1,0.0252,0.4787,0.189,1.5019,0.3876,0.032,0.2491,0.002803,0.585,1,10,85.14,0.966,1,6095,9.0,0.0,0,30,6252,359110.6,0.0,-1,10.27
1786434078831,3281,v1,0.0403,0.3661,0.3809,1.0708,0.6472,0.032,0.1393,0.003561,0.701,1,17,84.33,0.333,1,1270,16.0,12.224,0,30,5733,216865.9,67.34,16,14.01
1786434080563,3282,v1,0.0143,0.7962,0.2364,1.5008,0.9152,0.032,0.1046,0.003461,0.64,1,27,73.18,0.806,1,0,17.964,17.964,0,30,5814,180171.3,85.57,15,12.49
1786434082000,3283,v1,0.07,0.6493,0.3192,2.1902,0.4629,0.032,0.2118,0.001862,0.603,0,29,42.57,0.589,1,0,16.292,16.292,0,30,6904,183908.3,87.09,14,7.2
1786434069934,3284,v1,0.0253,0.5214,0.2701,1.0761,0.2339,0.032,0.051,0.001934,0.69,1,24,77.42,0.373,1,0,18.216,18.216,0,30,5440,177941.3,88.69,17,7.83
1786434073183,3285,v1,0.0186,0.4815,0.2717,1.05,0.735,0.032,0.162,0.001501,0.703,1,9,36.32,0.932,1,6326,8.0,0.0,0,30,6406,387904.1,0.0,-1,6.32
1786434075084,3286,v1,0.0531,0.8164,0.4004,2.4876,0.7383,0.032,0.1351,0.003248,0.653,0,6,60.11,0.468,1,1481,5.0,4.282,0,30,6302,227818.6,66.37,15,11.71
1786434077964,3287,v1,0.0428,0.8117,0.3416,1.9949,0.5123,0.032,0.1304,0.003732,0.712,0,33,75.84,0.477,1,0,19.808,19.808,0,30,7052,223122.4,90.01,17,14.27
1786434079966,3288,v1,0.0576,0.4671,0.2094,1.1608,0.8261,0.032,0.216,0.001762,0.698,0,30,84.24,0.864,1,0,18.079,18.079,0,30,6289,193460.3,94.54,16,6.89
1786434081526,3289,v1,0.0235,0.3532,0.4001,2.3312,0.9658,0.032,0.1474,0.001264,0.671,1,24,48.1,0.831,1,927,18.314,15.283,0,30,5713,211342.0,85.24,17,4.88
1786434083776,3290,v1,0.0202,0.2345,0.2409,2.1456,0.7543,0.032,0.0773,0.001785,0.661,1,8,60.43,0.302,1,2255,7.0,4.453,0,30,6282,279670.7,56.04,17,6.99
1786434072247,3291,v1,0.0271,0.3753,0.3125,1.4734,0.957,0.032,0.1285,0.00186,0.711,1,18,27.87,0.746,1,3826,17.0,6.258,0,30,6240,309554.8,36.81,17,7.32
1786434073590,3292,v1,0.0679,0.9736,0.2868,1.4588,0.3382,0.032,0.1457,0.001981,0.601,1,30,20.81,0.943,1,911,16.274,13.583,0,30,5766,166750.5,97.33,14,7.25
1786434076204,3293,v1,0.0184,0.3345,0.2224,0.9745,0.1501,0.032,0.1807,0.002457,0.711,1,19,66.71,0.544,1,1627,17.905,12.997,0,30,6209,288944.2,56.63,18,9.36
1786434078815,3294,v1,0.0377,0.3106,0.2412,1.9951,0.4422,0.032,0.2264,0.00149,0.595,0,11,41.75,0.736,1,2645,10.0,6.173,0,30,5600,250761.1,45.23,14,5.84
1786434080960,3295,v1,0.0454,0.7434,0.2231,0.9463,0.336,0.032,0.207,0.001203,0.604,0,14,46.8,0.66,1,1424,12.379,10.063,0,30,6879,199561.7,68.56,11,4.93
1786434082274,3296,v1,0.036,0.5778,0.2718,1.5776,0.641,0.032,0.1114,0.002844,0.583,1,32,21.16,0.675,1,831,15.867,13.419,0,30,5803,151508.6,85.92,12,10.74
1786434084395,3297,v1,0.0129,0.5065,0.4256,2.3134,0.2012,0.032,0.1735,0.002685,0.697,0,35,79.25,0.916,1,0,6.709,6.709,0,30,5724,287891.7,29.33,19,10.13
1786434072228,3298,v1,0.0645,0.6879,0.2438,1.052,0.7184,0.032,0.0747,0.002508,0.709,1,24,52.53,0.959,1,1090,16.677,13.841,0,30,6716,227541.5,90.84,15,9.11
1786434074015,3299,v1,0.0714,0.4028,0.1528,0.9439,0.1449,0.032,0.0562,0.002602,0.636,1,10,99.98,0.637,1,4917,9.0,0.867,0,30,5549,326294.2,9.1,-1,9.17
1786434076495,3300,v1,0.0251,0.8072,0.4624,2.1672,0.4868,0.032,0.1244,0.002559,0.616,0,25,70.71,0.573,1,0,16.108,16.108,0,30,6236,172923.9,92.84,14,9.7
1786434078734,3301,v1,0.0557,0.9577,0.3133,1.2257,0.4398,0.032,0.1135,0.002994,0.702,0,26,87.27,0.445,1,0,17.293,17.293,0,30,6806,188544.8,84.19,15,10.7
1786434081149,3302,v1,0.0318,0.3961,0.1883,0.9881,0.7224,0.032,0.0842,0.003689,0.631,1,5,44.78,0.469,1,3393,4.0,1.738,0,30,6073,275687.4,42.98,15,13.75
1786434082699,3303,v1,0.0569,0.5786,0.3193,1.3927,0.975,0.032,0.064,0.003539,0.582,0,33,25.75,0.789,1,596,14.831,13.697,0,30,7440,168149.1,84.2,11,13.0
1786434084675,3304,v1,0.0301,0.7455,0.4738,1.5917,0.438,0.032,0.1688,0.003218,0.667,1,25,52.44,0.482,1,587,17.241,15.591,0,30,6581,212134.2,84.12,16,11.96
1786434073173,3305,v1,0.0726,0.6821,0.3265,1.6181,0.1528,0.032,0.2369,0.002631,0.598,1,11,44.31,0.698,1,5412,10.0,0.0,0,30,5582,331659.0,0.0,-1,10.27
1786434074349,3306,v1,0.0168,0.808,0.3329,1.0959,0.1957,0.032,0.2305,0.002721,0.582,0,28,64.05,0.583,1,0,13.115,13.115,0,30,5927,113562.0,89.54,10,10.01
1786434076732,3307,v1,0.0143,0.305,0.4837,1.5525,0.1545,0.032,0.1538,0.002531,0.584,0,32,60.44,0.44,1,0,13.825,13.825,0,30,6911,131850.3,88.78,10,9.54
1786434078613,3308,v1,0.0361,0.4722,0.2929,1.1406,0.789,0.032,0.1379,0.001948,0.603,1,27,62.68,0.403,1,491,14.36,13.081,0,30,5779,145298.1,87.65,11,7.6
1786434081130,3309,v1,0.0204,0.7849,0.2443,1.8099,0.9126,0.032,0.1227,0.003538,0.712,0,9,95.26,0.332,1,0,8.0,8.0,0,30,6330,304972.1,50.89,19,13.02
1786434082788,3310,v1,0.0234,0.7845,0.4196,1.6479,0.5382,0.032,0.092,0.001285,0.686,1,30,42.65,0.929,1,1022,19.31,16.201,0,30,6526,232625.7,88.9,17,5.19
1786434084478,3311,v1,0.0408,0.9409,0.3613,0.9806,0.2883,0.032,0.1955,0.003186,0.616,0,28,89.85,0.4,1,0,15.623,15.623,0,30,6348,160799.6,90.31,13,12.07
1786434081818,3312,v1,0.0269,0.9165,0.473,2.2452,0.7224,0.032,0.1356,0.002801,0.681,0,23,42.83,0.4,1,0,17.974,17.974,0,30,6432,216412.0,86.29,17,10.42
1786434083538,3313,v1,0.068,0.303,0.2004,1.4166,0.9229,0.032,0.1715,0.003111,0.582,0,4,71.71,0.441,1,0,3.0,3.0,0,30,6499,151167.9,87.5,11,10.85
1786434084993,3314,v1,0.0708,0.9104,0.1786,1.6827,0.2642,0.032,0.1225,0.003484,0.682,0,32,51.26,0.835,1,0,18.15,18.15,0,30,6111,193024.0,90.19,15,12.81
1786434087011,3315,v1,0.0781,0.854,0.2456,2.088,0.1209,0.032,0.1878,0.002032,0.656,0,9,52.25,0.308,1,1532,8.0,6.526,0,30,6340,247452.7,70.12,15,7.82
1786434088242,3316,v1,0.0389,0.764,0.2811,0.8523,0.8026,0.032,0.125,0.002737,0.604,0,29,87.89,0.306,1,0,15.773,15.773,0,30,5883,143257.6,90.94,13,9.64
1786434090531,3317,v1,0.0119,0.4455,0.3109,2.3268,0.4561,0.032,0.0732,0.003649,0.624,0,22,72.67,0.635,1,0,16.992,16.992,0,30,6151,182076.5,84.63,16,12.88
1786434093082,3318,v1,0.0275,0.5016,0.2207,1.5458,0.7576,0.032,0.1482,0.002377,0.662,1,6,84.52,0.997,1,5462,5.0,0.0,0,30,5527,321105.3,0.0,-1,8.83
1786434084407,3319,v1,0.0119,0.9288,0.4218,1.4986,0.8632,0.032,0.2046,0.002344,0.698,0,20,64.54,0.653,1,754,18.902,16.512,0,30,5612,239779.2,64.22,19,9.0
1786434086436,3320,v1,0.0666,0.2141,0.4324,1.7517,0.3305,0.032,0.08,0.003702,0.699,0,14,59.96,0.625,1,2477,13.0,8.895,0,30,6956,271754.5,54.47,15,14.22
1786434088611,3321,v1,0.0118,0.6897,0.361,0.9838,0.8052,0.032,0.1235,0.001679,0.653,1,7,25.17,0.729,1,5527,6.0,0.389,0,30,5974,333243.6,5.66,-1,6.56
1786434091190,3322,v1,0.0731,0.2849,0.2886,2.2198,0.2429,0.032,0.2007,0.002265,0.691,0,23,43.83,0.506,1,0,16.728,16.728,0,30,6268,207197.7,93.78,15,8.38
1786434094346,3323,v1,0.051,0.9229,0.3611,2.4582,0.2603,0.032,0.133,0.002102,0.644,1,11,35.09,0.953,1,6214,10.0,0.0,0,30,6332,382757.7,0.0,-1,7.74
1786434096750,3324,v1,0.011,0.834,0.1634,1.5698,0.1914,0.032,0.2005,0.00267,0.689,1,8,25.18,0.58,1,4015,7.0,2.494,0,30,6336,367292.5,7.88,-1,10.43
1786434099227,3325,v1,0.0129,0.4391,0.3933,1.4173,0.5725,0.032,0.2064,0.002323,0.63,1,6,70.74,0.6,1,4464,5.0,1.214,0,30,5971,300645.1,20.87,16,9.55
1786434084803,3326,v1,0.0646,0.4277,0.1263,1.6583,0.3292,0.032,0.1641,0.0019,0.592,0,22,59.28,0.81,1,0,14.849,14.849,0,30,5681,149504.6,96.11,14,7.48
1786434086521,3327,v1,0.0635,0.896,0.1743,0.9064,0.5212,0.032,0.1267,0.003679,0.674,1,19,72.84,0.465,1,0,15.651,15.651,0,30,7413,208327.5,85.92,15,13.33
1786434088056,3328,v1,0.0162,0.807,0.3172,1.8478,0.6283,0.032,0.1373,0.002674,0.631,0,5,77.74,0.495,1,0,4.0,4.0,0,30,6486,192495.2,84.43,16,10.73
1786434089812,3329,v1,0.0557,0.4153,0.287,0.8988,0.7611,0.032,0.2155,0.0014,0.58,0,24,98.53,0.983,1,0,11.975,11.975,0,30,6256,120762.3,84.47,9,5.88
1786434092767,3330,v1,0.0148,0.9482,0.1165,1.3068,0.9775,0.032,0.1391,0.001902,0.71,0,22,72.54,0.366,1,0,10.113,10.113,0,30,6815,296102.3,50.9,19,7.1
1786434096116,3331,v1,0.0119,0.8392,0.4233,0.8229,0.8056,0.032,0.14,0.002794,0.618,1,5,46.4,0.718,1,6291,4.0,0.499,0,30,7268,396745.7,10.89,-1,10.5
1786434098282,3332,v1,0.0667,0.2491,0.2231,1.2116,0.2749,0.032,0.2015,0.001641,0.701,1,21,64.41,0.553,1,764,16.513,14.499,0,30,6441,251405.9,84.94,16,6.54
1786434085542,3333,v1,0.0603,0.2916,0.2808,1.4032,0.6828,0.032,0.1663,0.003516,0.68,1,31,44.41,0.722,1,829,17.763,15.002,0,30,5946,185344.3,89.92,15,14.04
1786434087539,3334,v1,0.0465,0.8102,0.2514,1.0358,0.8307,0.032,0.2007,0.002508,0.72,0,27,27.4,0.636,1,389,18.479,17.502,0,30,6966,220795.9,86.54,17,9.5
1786434089557,3335,v1,0.0758,0.956,0.1212,2.1177,0.9816,0.032,0.0632,0.002858,0.663,1,21,48.17,0.862,1,999,16.121,13.481,0,30,6407,213775.9,89.67,15,10.52
1786434091693,3336,v1,0.0669,0.5059,0.1704,1.7898,0.184,0.032,0.2211,0.001429,0.583,1,35,30.32,0.387,1,474,16.989,15.733,0,30,6619,184992.5,95.43,13,5.42
1786434093627,3337,v1,0.0404,0.7688,0.1264,1.2055,0.9831,0.032,0.1651,0.001724,0.663,1,30,70.79,0.354,1,0,18.053,18.053,0,30,5911,177965.1,86.27,15,6.63
1786434095936,3338,v1,0.0677,0.3245,0.388,1.4247,0.762,0.032,0.1585,0.002536,0.699,0,13,62.86,0.857,1,3377,12.0,6.265,0,30,6049,287091.2,40.14,16,8.91
1786434097574,3339,v1,0.0275,0.5849,0.4563,2.0,0.9474,0.032,0.1091,0.002368,0.663,0,31,42.87,0.42,1,0,18.346,18.346,0,30,5826,172693.7,86.32,16,8.7
1786434086857,3340,v1,0.0363,0.5725,0.1534,1.4069,0.8473,0.032,0.143,0.001421,0.688,1,16,49.33,0.707,1,5089,15.0,2.389,0,30,6207,381274.4,13.54,-1,6.01
1786434088415,3341,v1,0.0417,0.6231,0.4058,1.1583,0.3414,0.032,0.0912,0.003098,0.67,0,4,39.8,0.411,1,1552,3.0,2.751,0,30,6294,234747.3,67.7,15,11.17
1786434090869,3342,v1,0.0489,0.5259,0.3234,1.0924,0.1513,0.032,0.107,0.001594,0.693,0,24,64.48,0.574,1,0,17.022,17.022,0,30,6221,207415.7,96.68,16,5.74
1786434092441,3343,v1,0.0735,0.9715,0.3041,1.7488,0.303,0.032,0.2441,0.003084,0.646,1,28,75.74,0.928,1,0,16.852,16.852,0,30,5761,159644.2,99.98,15,11.65
1786434095571,3344,v1,0.012,0.5154,0.2057,2.3734,0.7981,0.032,0.1577,0.002089,0.609,1,13,56.67,0.709,1,6182,12.0,0.0,0,30,6327,378392.7,0.0,-1,7.74
1786434096978,3345,v1,0.0795,0.5744,0.3298,1.0134,0.7868,0.032,0.1973,0.001482,0.583,1,22,89.66,0.612,1,0,10.984,10.984,0,30,6419,109440.0,86.02,8,5.53
1786434098783,3346,v1,0.0216,0.6063,0.1781,1.0142,0.4916,0.032,0.0987,0.002687,0.712,0,36,44.91,0.769,1,0,19.97,19.97,0,30,6553,229854.9,88.54,18,10.65
1786434086920,3347,v1,0.0305,0.8545,0.4752,1.6038,0.8532,0.032,0.0877,0.003733,0.708,1,22,68.76,0.898,1,0,17.681,17.681,0,30,6598,210436.3,89.59,16,13.4
1786434088907,3348,v1,0.0634,0.6679,0.2331,2.2433,0.8715,0.032,0.2388,0.003616,0.582,1,11,37.25,0.394,1,3195,10.0,4.912,0,30,6525,276323.5,48.84,14,13.96
1786434091452,3349,v1,0.0163,0.4944,0.1413,2.2404,0.6198,0.032,0.1849,0.001567,0.637,0,7,90.49,0.848,1,0,6.0,6.0,0,30,6428,213547.6,89.24,17,6.19
1786434094136,3350,v1,0.0416,0.4529,0.4956,2.3512,0.9105,0.032,0.1649,0.002845,0.654,1,8,71.09,0.407,1,2808,7.0,3.806,0,30,6298,267613.4,48.86,15,11.05
1786434095745,3351,v1,0.0555,0.7227,0.3393,1.5836,0.4248,0.032,0.1675,0.00278,0.646,0,22,62.82,0.325,1,0,15.806,15.806,0,30,6473,169305.5,86.45,15,10.03
1786434098216,3352,v1,0.0531,0.3698,0.1982,2.2443,0.989,0.032,0.1024,0.001284,0.675,1,15,25.71,0.513,1,3908,14.0,5.023,0,30,6199,319399.0,30.74,16,4.9
1786434099548,3353,v1,0.0576,0.8364,0.3288,2.155,0.6929,0.032,0.1449,0.00372,0.642,0,26,35.6,0.398,1,0,16.473,16.473,0,30,6033,166294.7,91.7,15,13.53
1786434087304,3354,v1,0.0392,0.228,0.4373,2.161,0.3334,0.032,0.2321,0.003498,0.63,0,26,52.46,0.403,1,0,16.458,16.458,0,30,6768,195087.0,85.36,15,13.83
1786434088407,3355,v1,0.0469,0.2407,0.1808,2.3825,0.9431,0.032,0.0913,0.003273,0.592,0,23,75.8,0.486,1,0,15.454,15.454,0,30,5658,153337.1,88.14,14,12.67
1786434090778,3356,v1,0.0732,0.7974,0.2166,1.1131,0.8261,0.032,0.1431,0.002095,0.707,0,30,70.41,0.731,1,0,17.635,17.635,0,30,6284,188208.1,90.73,15,7.83
1786434092348,3357,v1,0.0689,0.8236,0.1558,2.2735,0.9086,0.032,0.1016,0.001899,0.585,1,21,77.65,0.416,1,0,14.942,14.942,0,30,6411,169430.3,91.09,14,7.32
1786434095220,3358,v1,0.0539,0.6306,0.4828,0.9809,0.102,0.032,0.1647,0.002707,0.639,1,4,51.15,0.672,1,4937,3.0,0.44,0,30,5827,322158.6,12.88,-1,10.09
1786434096491,3359,v1,0.0761,0.4258,0.4231,0.9952,0.9689,0.032,0.0925,0.002708,0.676,0,25,96.26,0.71,1,0,16.203,16.203,0,30,5664,155753.5,96.41,15,10.31
1786434098419,3360,v1,0.0162,0.4547,0.2952,1.5961,0.6505,0.032,0.149,0.001561,0.642,0,4,90.14,0.911,1,0,3.0,3.0,0,30,6130,191370.5,86.23,15,6.04
1786434087755,3361,v1,0.0274,0.5432,0.234,0.842,0.4533,0.032,0.2053,0.003331,0.624,0,23,59.03,0.981,1,0,15.696,15.696,0,30,5692,157267.4,92.18,14,11.65
1786434089596,3362,v1,0.0331,0.3207,0.4013,1.5369,0.4604,0.032,0.054,0.00137,0.604,1,19,54.71,0.389,1,475,14.375,13.205,0,30,5923,166105.5,90.2,13,5.45
1786434091745,3363,v1,0.0214,0.9695,0.1162,0.9767,0.4383,0.032,0.0816,0.002133,0.689,0,29,75.46,0.7,1,0,16.713,16.713,0,30,5751,218025.5,75.75,17,7.55
1786434094171,3364,v1,0.0365,0.4175,0.1706,2.2333,0.8326,0.032,0.2013,0.002056,0.59,1,25,44.01,0.601,1,964,16.006,13.66,0,30,6823,194598.3,90.76,14,7.24
1786434096312,3365,v1,0.0169,0.3296,0.2398,1.5969,0.6823,0.032,0.0824,0.00187,0.718,1,25,23.35,0.812,1,440,8.715,7.341,0,30,6484,333862.0,42.06,19,7.34
1786434098118,3366,v1,0.0367,0.3691,0.2693,0.9489,0.1297,0.032,0.1209,0.002098,0.602,0,22,40.4,0.59,1,0,14.498,14.498,0,30,6071,151441.4,88.59,13,7.66
1786434099698,3367,v1,0.0137,0.7457,0.2985,1.9361,0.1538,0.032,0.2448,0.003488,0.675,0,28,32.04,0.849,1,0,11.977,11.977,0,30,6014,275362.5,52.17,18,13.3
1786434095737,3368,v1,0.0103,0.7505,0.4349,0.8161,0.1692,0.032,0.0829,0.001221,0.655,0,36,79.94,0.715,1,0,19.435,19.435,0,30,6177,192629.0,84.54,16,4.79
1786434097541,3369,v1,0.0461,0.3788,0.2361,2.0923,0.6906,0.032,0.2128,0.002578,0.71,1,30,30.24,0.61,1,688,18.792,16.663,0,30,6480,218298.6,83.81,16,10.11
1786434099260,3370,v1,0.0299,0.4868,0.2541,1.4108,0.9396,0.032,0.1555,0.002239,0.686,1,21,55.54,0.358,1,501,17.278,15.851,0,30,6274,214233.4,83.82,16,8.62
1786434100930,3371,v1,0.0279,0.5535,0.1348,1.3634,0.8396,0.032,0.2187,0.001556,0.632,1,26,61.45,0.696,1,898,16.923,14.525,0,30,6538,213274.5,90.54,15,6.29
1786434102239,3372,v1,0.0571,0.3833,0.3815,1.1358,0.577,0.032,0.0948,0.00308,0.695,0,5,92.63,0.589,1,0,4.0,4.0,0,30,5842,174373.6,97.2,16,11.25
1786434103838,3373,v1,0.0106,0.4457,0.3068,0.9355,0.353,0.032,0.1558,0.002245,0.71,1,33,52.33,0.64,1,0,0.0,0.0,0,30,6575,377611.1,0.0,-1,8.3
1786434105302,3374,v1,0.0376,0.9689,0.249,2.2104,0.4937,0.032,0.1303,0.003332,0.663,1,20,65.1,0.96,1,0,16.704,16.704,0,30,5790,173598.5,87.89,16,12.85
1786434099996,3375,v1,0.027,0.8091,0.4634,1.6093,0.6009,0.032,0.0866,0.003668,0.681,1,8,21.31,0.375,1,2500,7.0,3.775,0,30,5556,242951.4,45.97,17,13.55
1786434102134,3376,v1,0.0381,0.3557,0.162,2.2896,0.5981,0.032,0.1814,0.003693,0.711,0,13,53.24,0.864,1,2552,12.0,7.632,0,30,6110,314816.6,45.16,18,12.86
1786434103176,3377,v1,0.0181,0.765,0.1364,1.9507,0.6356,0.032,0.2348,0.003395,0.642,0,34,47.72,0.822,1,0,19.569,19.569,0,30,6046,183407.7,87.2,16,12.72
1786434105424,3378,v1,0.0417,0.8935,0.3909,1.6561,0.2201,0.032,0.0501,0.003747,0.7,1,13,77.2,0.974,1,6586,12.0,0.0,0,30,6898,375807.5,0.0,-1,14.0
1786434107268,3379,v1,0.0487,0.9428,0.3945,1.3423,0.6147,0.032,0.1978,0.002708,0.583,1,19,39.62,0.594,1,773,11.885,10.461,0,30,6653,161372.6,85.92,10,10.66
1786434108535,3380,v1,0.0618,0.5259,0.4587,1.1129,0.4884,0.032,0.0789,0.002938,0.618,0,24,25.76,0.861,1,735,14.729,13.329,0,30,7082,191984.7,89.36,13,11.14
1786434109840,3381,v1,0.0785,0.2687,0.3615,0.9136,0.7723,0.032,0.2297,0.001854,0.687,1,24,37.14,0.311,1,379,16.259,15.216,0,30,6090,188323.6,89.56,15,7.0
1786434101187,3382,v1,0.0386,0.4954,0.1034,1.2473,0.1335,0.032,0.0896,0.00297,0.633,1,15,88.31,0.879,1,5749,14.0,0.855,0,30,6395,359332.5,6.11,-1,11.43
1786434102977,3383,v1,0.074,0.6174,0.4308,1.9837,0.6683,0.032,0.1603,0.001986,0.632,1,13,20.97,0.921,1,5878,12.0,0.0,0,30,6029,361997.6,0.0,-1,7.93
1786434103927,3384,v1,0.0541,0.4977,0.3424,2.1974,0.7782,0.032,0.1606,0.002489,0.658,1,31,69.2,0.791,1,0,17.817,17.817,0,30,6194,178285.9,90.58,15,8.94
1786434105928,3385,v1,0.0705,0.5171,0.2297,0.949,0.6334,0.032,0.2297,0.001802,0.611,1,9,80.94,0.481,1,3976,8.0,2.782,0,30,6167,285432.9,32.06,14,6.84
1786434107616,3386,v1,0.074,0.5199,0.1033,2.4647,0.1231,0.032,0.094,0.002782,0.628,0,13,98.25,0.602,1,0,12.0,12.0,0,30,6046,171408.1,94.83,15,10.34
1786434109013,3387,v1,0.0521,0.6581,0.4534,2.4622,0.9235,0.032,0.0913,0.001581,0.684,0,18,56.91,0.322,1,0,16.38,16.38,0,30,7259,206646.5,87.91,16,6.08
1786434110177,3388,v1,0.0604,0.7872,0.3058,1.2654,0.7197,0.032,0.1695,0.00351,0.592,0,8,29.4,0.449,1,1895,7.0,5.348,0,30,5862,190936.8,57.7,11,12.61
1786434100902,3389,v1,0.0539,0.4163,0.2631,1.9761,0.6141,0.032,0.1849,0.003318,0.66,1,31,26.41,0.55,1,786,17.568,15.3,0,30,6700,208308.3,86.6,15,12.72
1786434102268,3390,v1,0.0441,0.9207,0.2831,2.2133,0.273,0.032,0.0666,0.002058,0.602,0,19,99.22,0.44,1,0,14.958,14.958,0,30,6127,164358.8,90.5,14,7.74
1786434103318,3391,v1,0.067,0.2498,0.4641,0.9609,0.7889,0.032,0.125,0.001555,0.622,0,18,52.3,0.572,1,0,13.475,13.475,0,30,6664,158911.8,88.4,12,6.48
1786434104763,3392,v1,0.0746,0.791,0.2852,1.6737,0.2595,0.032,0.0514,0.001558,0.611,1,20,32.63,0.544,1,668,14.826,13.299,0,30,6610,197123.2,84.88,14,6.38
1786434107035,3393,v1,0.0303,0.3095,0.3215,1.4859,0.257,0.032,0.1263,0.002108,0.664,0,7,48.46,0.522,1,2323,6.0,4.539,0,30,6463,267329.5,55.4,16,7.91
1786434108586,3394,v1,0.0117,0.4561,0.2519,1.9936,0.1486,0.032,0.1734,0.002536,0.689,0,22,94.13,0.566,1,0,7.79,7.79,0,30,5892,290907.6,38.75,19,9.06
1786434109909,3395,v1,0.0164,0.4657,0.1568,1.0084,0.383,0.032,0.0612,0.003755,0.662,1,30,75.74,0.498,1,0,19.142,19.142,0,30,6416,200029.6,87.97,17,14.17
1786434101590,3396,v1,0.078,0.6374,0.3503,2.3045,0.1718,0.032,0.1784,0.001543,0.607,1,30,70.2,0.966,1,907,16.527,13.869,0,30,5849,170377.5,84.3,14,6.34
1786434103080,3397,v1,0.0145,0.9249,0.1472,1.5969,0.3048,0.032,0.1956,0.002761,0.693,1,13,44.55,0.91,1,5198,12.0,0.0,0,30,5363,330345.8,0.0,-1,10.29
1786434104702,3398,v1,0.0686,0.4868,0.1212,2.2311,0.9797,0.032,0.0617,0.002893,0.656,1,7,54.42,0.46,1,3996,6.0,2.047,0,30,6161,296428.7,30.88,16,10.45
1786434107357,3399,v1,0.0329,0.2459,0.4604,0.9609,0.571,0.032,0.0908,0.001333,0.684,1,14,51.11,0.756,1,6009,13.0,0.0,0,30,6100,358086.1,0.0,-1,4.85
1786434117033,3400,v1,0.0307,0.621,0.3898,2.3684,0.9553,0.032,0.2477,0.001601,0.625,1,9,86.73,0.992,1,6651,8.0,0.0,0,30,6740,393377.4,0.0,-1,6.8
1786434118906,3401,v1,0.0524,0.8987,0.4922,1.9579,0.4414,0.032,0.1504,0.002713,0.676,1,35,75.62,0.41,1,0,18.343,18.343,0,30,6212,179314.4,87.23,15,10.35
1786434120455,3402,v1,0.0362,0.4311,0.1192,2.1201,0.5466,0.032,0.1338,0.00234,0.675,0,18,77.93,0.512,1,0,16.831,16.831,0,30,6298,190602.1,88.93,17,8.97
1786434123383,3403,v1,0.0123,0.9149,0.2096,1.6607,0.5537,0.032,0.1331,0.002431,0.7,0,4,97.98,0.598,1,0,3.0,3.0,0,30,5461,334815.7,3.51,-1,9.65
1786434125337,3404,v1,0.0616,0.3702,0.1979,2.1953,0.9955,0.032,0.2105,0.003496,0.593,1,11,43.63,0.415,1,3315,10.0,4.035,0,30,5771,267486.6,36.64,14,13.39
1786434127545,3405,v1,0.0671,0.4005,0.3703,2.3428,0.9904,0.032,0.0619,0.003363,0.627,0,25,20.93,0.301,1,166,16.321,15.921,0,30,6329,181194.7,99.27,15,12.32
1786434129560,3406,v1,0.01,0.4199,0.1105,0.8996,0.9059,0.032,0.2097,0.003423,0.611,1,26,74.82,0.365,1,0,16.407,16.407,0,30,6763,184652.0,90.06,15,13.17
1786434116678,3407,v1,0.028,0.9412,0.1686,1.218,0.5581,0.032,0.2248,0.001871,0.682,0,26,32.38,0.701,1,0,18.331,18.331,0,30,5897,187865.9,84.16,17,7.27
1786434118818,3408,v1,0.0498,0.2246,0.3567,1.5851,0.8853,0.032,0.2348,0.003148,0.679,0,26,61.05,0.955,1,0,17.296,17.296,0,30,6679,203629.0,98.42,16,12.2
1786434120361,3409,v1,0.0202,0.8365,0.4304,1.701,0.172,0.032,0.1424,0.002797,0.632,0,7,35.69,0.752,1,2441,6.0,4.22,0,30,5558,225076.5,47.22,15,10.18
1786434122938,3410,v1,0.0599,0.5453,0.1295,1.4283,0.1962,0.032,0.177,0.002884,0.707,0,4,80.64,0.72,1,0,3.0,3.0,0,30,6400,247785.1,88.47,16,10.56
1786434124424,3411,v1,0.0667,0.4967,0.4169,2.3292,0.54,0.032,0.1518,0.002851,0.631,1,26,22.36,0.934,1,944,16.207,13.49,0,30,5962,192142.4,92.05,14,10.52
1786434127395,3412,v1,0.0173,0.7845,0.1538,0.9023,0.9934,0.032,0.0554,0.002454,0.706,0,27,31.34,0.491,1,0,7.942,7.942,0,30,6662,337210.3,39.6,19,9.98
1786434129104,3413,v1,0.0178,0.35,0.3919,1.4556,0.2749,0.032,0.1686,0.001619,0.632,0,26,98.07,0.878,1,0,16.957,16.957,0,30,5868,172710.5,89.89,15,6.46
1786434117456,3414,v1,0.0426,0.5651,0.2183,1.7402,0.2075,0.032,0.1843,0.001743,0.688,1,25,24.97,0.754,1,1155,17.812,14.246,0,30,6032,237127.9,85.98,16,6.91
1786434119676,3415,v1,0.0471,0.777,0.1041,0.8042,0.7995,0.032,0.1597,0.003753,0.71,1,11,25.65,0.498,1,4098,10.0,3.118,0,30,6201,297399.4,28.5,17,13.93
1786434121476,3416,v1,0.0594,0.3492,0.1942,1.6754,0.6618,0.032,0.0667,0.002868,0.657,1,32,32.7,0.459,1,582,17.825,16.03,0,30,6223,189122.2,86.8,15,10.22
1786434124234,3417,v1,0.0105,0.241,0.2747,1.8953,0.2737,0.032,0.2392,0.002049,0.603,1,15,99.37,0.52,1,4560,14.0,4.112,0,30,6645,341952.0,25.64,16,7.66
1786434126063,3418,v1,0.0673,0.795,0.3787,1.4321,0.8365,0.032,0.2174,0.00269,0.668,1,16,98.67,0.316,1,0,14.829,14.829,0,30,6141,167447.1,98.77,15,10.32
1786434128614,3419,v1,0.0294,0.2174,0.1978,1.9468,0.6276,0.032,0.2415,0.001846,0.592,1,7,77.6,0.578,1,4710,6.0,1.767,0,30,6745,331890.4,26.31,15,7.09
1786434131090,3420,v1,0.0728,0.5562,0.1626,2.1789,0.5577,0.032,0.1124,0.00225,0.636,0,19,92.97,0.352,1,0,15.362,15.362,0,30,6852,182391.1,100.0,15,8.64
1786434118007,3421,v1,0.0166,0.772,0.3481,1.7616,0.3873,0.032,0.1156,0.002038,0.642,1,30,36.96,0.782,1,932,18.394,15.478,0,30,6169,211837.0,84.29,16,7.75
1786434120560,3422,v1,0.0361,0.5066,0.3743,1.6883,0.6155,0.032,0.1731,0.002959,0.706,1,14,28.17,0.887,1,5897,13.0,0.114,0,30,6222,369882.9,0.82,-1,11.48
1786434122536,3423,v1,0.0476,0.6263,0.1585,2.182,0.8146,0.032,0.2121,0.002965,0.6,1,27,83.25,0.53,1,0,16.328,16.328,0,30,5589,154020.8,91.33,14,11.15
1786434124437,3424,v1,0.0563,0.5915,0.2294,1.3372,0.5894,0.032,0.1159,0.003104,0.592,0,13,74.33,0.497,1,1648,11.923,9.45,0,30,6916,204587.1,65.1,12,11.54
1786434126214,3425,v1,0.0203,0.3392,0.1291,1.9312,0.4052,0.032,0.2115,0.001974,0.592,1,16,83.23,0.489,1,303,14.695,13.814,0,30,5323,158315.7,84.04,14,8.02
1786434129226,3426,v1,0.039,0.6579,0.4201,2.3653,0.399,0.032,0.0819,0.003572,0.633,1,8,89.85,0.989,1,6222,7.0,0.0,0,30,6378,375784.8,0.0,-1,13.53
1786434132302,3427,v1,0.077,0.7631,0.4685,1.1455,0.5443,0.032,0.2494,0.003297,0.637,1,11,29.97,0.862,1,5482,10.0,0.0,0,30,5655,344269.8,0.0,-1,11.85
1786434118564,3428,v1,0.0426,0.6026,0.4283,1.9915,0.2315,0.032,0.1851,0.001823,0.6,0,20,51.24,0.897,1,0,14.289,14.289,0,30,6167,159581.5,92.08,13,7.02
1786434120714,3429,v1,0.0393,0.781,0.2204,1.6136,0.5424,0.032,0.0982,0.001388,0.663,1,7,88.41,0.474,1,3097,6.0,2.776,0,30,5812,268311.4,43.25,16,5.49
1786434123832,3430,v1,0.0506,0.5772,0.2707,1.1227,0.5921,0.032,0.2198,0.00141,0.615,1,13,24.44,0.909,1,5675,12.0,0.099,0,30,5809,338337.6,0.82,-1,4.99
1786434126726,3431,v1,0.0613,0.384,0.1284,1.4192,0.4346,0.032,0.1444,0.002665,0.697,1,12,60.63,0.669,1,4767,11.0,2.737,0,30,6520,344856.1,20.94,16,9.8
1786434129466,3432,v1,0.0199,0.6103,0.1778,1.9086,0.6949,0.032,0.065,0.002459,0.713,0,7,24.1,0.857,1,3036,6.0,3.909,0,30,5880,325454.2,9.11,-1,9.32
1786434131688,3433,v1,0.0424,0.4912,0.1282,1.2029,0.1668,0.032,0.0891,0.003486,0.709,1,32,32.92,0.467,1,767,21.947,18.839,0,30,5853,252750.8,92.89,17,12.97
1786434134254,3434,v1,0.0255,0.4358,0.2244,2.0785,0.3514,0.032,0.0712,0.003559,0.708,1,14,23.94,0.566,1,4123,13.0,3.241,0,30,5736,325551.5,12.01,-1,13.35
1786434119412,3435,v1,0.0533,0.8139,0.4548,0.8237,0.2316,0.032,0.1356,0.003605,0.623,1,34,74.59,0.799,1,0,16.392,16.392,0,30,6803,157334.5,92.69,13,13.27
1786434122609,3436,v1,0.0189,0.6263,0.1048,0.8905,0.4641,0.032,0.1864,0.002864,0.654,1,11,55.3,0.96,1,6451,10.0,0.0,0,30,6647,396673.0,0.0,-1,10.29
1786434124251,3437,v1,0.0525,0.8877,0.2526,1.6131,0.5704,0.032,0.2388,0.002984,0.632,1,33,41.3,0.722,1,753,17.354,15.115,0,30,6368,184515.6,89.82,14,11.13
1786434126472,3438,v1,0.0319,0.5596,0.3855,2.3863,0.7168,0.032,0.1769,0.003397,0.619,0,17,56.7,0.389,1,0,15.295,15.295,0,30,6895,198321.6,85.24,15,13.62
1786434128249,3439,v1,0.047,0.9158,0.3017,1.4939,0.3703,0.032,0.2468,0.003602,0.608,0,20,26.3,0.529,1,0,14.59,14.59,0,30,6426,167554.6,84.12,13,13.2
1786434131241,3440,v1,0.0103,0.9177,0.4029,2.1645,0.4048,0.032,0.1251,0.002525,0.604,0,10,48.92,0.726,1,3307,9.0,5.453,0,30,6682,275603.6,43.52,15,9.64
1786434133059,3441,v1,0.0557,0.56,0.4468,1.1019,0.4251,0.032,0.1577,0.002451,0.692,0,8,29.08,0.49,1,1703,7.0,5.482,0,30,5712,221778.2,65.47,15,9.86
1786434120234,3442,v1,0.0286,0.7835,0.1315,2.0705,0.8185,0.032,0.1198,0.002966,0.671,0,10,39.51,0.631,1,2983,9.0,5.562,0,30,6232,274782.4,44.03,17,10.77
1786434123874,3443,v1,0.0321,0.7796,0.136,2.4476,0.9074,0.032,0.1716,0.002982,0.68,1,9,79.28,0.87,1,7133,8.0,0.0,0,30,7306,402206.2,0.0,-1,11.22
1786434125838,3444,v1,0.0735,0.6798,0.1255,0.9047,0.1189,0.032,0.2056,0.002768,0.691,1,32,87.25,0.91,1,0,18.832,18.832,0,30,6540,221831.6,90.51,15,11.41
1786434127986,3445,v1,0.0191,0.6472,0.2739,2.1008,0.9507,0.032,0.1973,0.00289,0.667,1,15,69.86,0.308,1,2324,14.0,8.102,0,30,5760,264277.0,48.92,18,10.94
1786434130067,3446,v1,0.0706,0.4719,0.1116,2.0961,0.8929,0.032,0.2012,0.001445,0.693,0,8,81.35,0.7,1,0,7.0,7.0,0,30,6420,197466.2,84.49,16,5.48
1786434132998,3447,v1,0.0104,0.9913,0.1002,1.074,0.9691,0.032,0.0657,0.002818,0.684,1,13,20.09,0.425,1,3907,12.0,4.619,0,30,6557,374079.6,11.13,-1,10.66
1786434134785,3448,v1,0.0447,0.7711,0.2743,2.2992,0.6802,0.032,0.0507,0.003025,0.619,1,33,86.41,0.35,1,0,17.49,17.49,0,30,6086,167037.9,94.13,14,11.62
1786434120421,3449,v1,0.0262,0.4502,0.2944,2.0349,0.8391,0.032,0.1733,0.001382,0.664,1,24,72.49,0.963,1,0,17.831,17.831,0,30,5813,186884.0,97.39,17,5.66
1786434123224,3450,v1,0.0219,0.6343,0.135,1.956,0.8251,0.032,0.1496,0.002459,0.705,0,31,69.75,0.881,1,0,13.875,13.875,0,30,6516,275356.8,61.03,18,9.3
1786434124579,3451,v1,0.0724,0.5702,0.2368,2.3361,0.1121,0.032,0.1557,0.003092,0.598,1,22,93.69,0.555,1,0,15.089,15.089,0,30,6284,162583.7,84.24,14,11.35
1786434127914,3452,v1,0.0468,0.6152,0.2332,1.4216,0.7232,0.032,0.1196,0.003462,0.607,1,10,48.48,0.686,1,5891,9.0,0.254,0,30,6243,333043.1,2.7,-1,12.75
1786434130071,3453,v1,0.0394,0.583,0.2205,1.6062,0.6086,0.032,0.0725,0.003127,0.696,0,36,75.08,0.378,1,0,19.839,19.839,0,30,6257,191816.6,84.26,16,11.57
1786434132305,3454,v1,0.0717,0.274,0.2834,1.317,0.8406,0.032,0.1251,0.001786,0.635,0,23,88.13,0.673,1,0,15.402,15.402,0,30,6540,178314.4,85.72,14,6.94
1786434135085,3455,v1,0.0547,0.736,0.2647,2.3233,0.2203,0.032,0.181,0.002963,0.665,1,9,78.97,0.67,1,5352,8.0,1.258,0,30,6494,373045.3,15.17,-1,11.41
1786434132710,3456,v1,0.0183,0.8567,0.2456,1.2764,0.6391,0.032,0.1361,0.001665,0.705,1,33,52.68,0.327,1,322,16.53,15.306,0,30,5674,222236.6,70.58,18,6.45
1786434135269,3457,v1,0.0112,0.6807,0.2867,1.2846,0.6596,0.032,0.1282,0.003741,0.696,1,22,30.72,0.966,1,503,9.501,7.873,0,30,6340,297071.1,48.3,19,14.26
1786434136787,3458,v1,0.0732,0.5713,0.4325,2.4733,0.7356,0.032,0.1562,0.002135,0.616,0,23,43.57,0.608,1,0,15.327,15.327,0,30,5824,154813.9,84.25,14,8.76
1786434138721,3459,v1,0.0583,0.4362,0.2823,1.2782,0.1492,0.032,0.086,0.002436,0.59,1,29,84.98,0.935,1,0,14.965,14.965,0,30,6015,141884.7,88.38,11,9.08
1786434140520,3460,v1,0.0223,0.8579,0.1573,1.6271,0.2896,0.032,0.0652,0.00157,0.615,1,16,88.04,0.375,1,1066,14.7,11.913,0,30,5874,206085.4,70.88,14,6.13
1786434142998,3461,v1,0.0534,0.2943,0.2902,2.2075,0.4845,0.032,0.0992,0.002757,0.666,0,6,48.45,0.925,1,3082,5.0,3.372,0,30,5754,278220.5,38.84,16,10.58
1786434144460,3462,v1,0.0551,0.6011,0.4714,1.9488,0.5344,0.032,0.173,0.002067,0.636,1,29,22.52,0.954,1,951,16.924,14.008,0,30,5795,183505.4,97.49,15,7.51
1786434132954,3463,v1,0.0538,0.5446,0.1261,0.9012,0.4402,0.032,0.1386,0.003051,0.65,0,36,28.41,0.379,1,0,18.109,18.109,0,30,5627,156533.0,85.2,15,11.41
1786434134854,3464,v1,0.0409,0.953,0.1332,1.6979,0.2804,0.032,0.2381,0.003279,0.652,1,18,90.82,0.718,1,0,15.743,15.743,0,30,6779,197173.8,84.86,15,12.41
1786434136917,3465,v1,0.0109,0.6813,0.227,0.8254,0.9589,0.032,0.2303,0.001299,0.668,1,17,75.15,0.968,1,5335,16.0,0.895,0,30,5768,354850.8,5.59,-1,5.15
1786434139514,3466,v1,0.0258,0.4342,0.3235,1.4059,0.844,0.032,0.1802,0.001565,0.674,0,11,77.55,0.597,1,2600,10.0,6.521,0,30,6075,261252.8,49.05,16,5.98
1786434141258,3467,v1,0.0728,0.3472,0.2345,2.203,0.2242,0.032,0.2264,0.001543,0.694,1,23,97.55,0.534,1,0,16.658,16.658,0,30,6046,219894.4,84.09,15,6.53
1786434143161,3468,v1,0.0474,0.8665,0.2776,2.4557,0.6961,0.032,0.0825,0.002488,0.632,1,19,53.18,0.965,1,919,15.563,13.084,0,30,5970,206357.8,84.28,15,9.35
1786434144754,3469,v1,0.0174,0.4197,0.2154,1.1747,0.9337,0.032,0.141,0.002689,0.6,0,18,71.55,0.823,1,0,14.16,14.16,0,30,6114,163701.0,92.65,13,9.54
1786434134698,3470,v1,0.0504,0.8502,0.3114,1.1957,0.2808,0.032,0.2311,0.003276,0.708,0,13,68.57,0.987,1,3791,12.0,5.57,0,30,6141,309245.8,30.19,16,12.51
1786434136538,3471,v1,0.0525,0.4652,0.408,0.9472,0.6011,0.032,0.1407,0.003283,0.654,1,33,66.77,0.557,1,0,17.463,17.463,0,30,6797,183800.9,94.56,14,12.34
1786434138560,3472,v1,0.0713,0.642,0.1565,2.1497,0.579,0.032,0.1704,0.002479,0.647,0,7,22.24,0.355,1,1336,6.0,5.047,0,30,5693,203212.5,72.32,15,9.49
1786434140406,3473,v1,0.0694,0.767,0.4847,1.9407,0.389,0.032,0.239,0.002846,0.672,0,6,54.74,0.52,1,1598,5.0,4.171,0,30,5863,209600.7,71.4,15,10.56
1786434142375,3474,v1,0.0634,0.2242,0.3022,1.7914,0.8226,0.032,0.1076,0.002968,0.6,1,34,60.1,0.895,1,885,17.003,14.109,0,30,5659,164335.3,99.98,14,10.6
1786434143857,3475,v1,0.072,0.6755,0.412,1.1573,0.932,0.032,0.2129,0.001994,0.698,1,21,22.78,0.537,1,666,16.075,14.135,0,30,5712,189636.7,89.36,15,8.18
1786434145526,3476,v1,0.015,0.6117,0.428,0.8788,0.7681,0.032,0.1533,0.002156,0.633,0,29,66.46,0.643,1,0,16.596,16.596,0,30,5985,163512.1,89.08,14,8.92
1786434134573,3477,v1,0.0257,0.6943,0.1044,1.7938,0.7071,0.032,0.1594,0.002061,0.611,1,31,33.92,0.713,1,1033,17.684,14.766,0,30,6605,211189.8,87.24,15,7.89
1786434137132,3478,v1,0.0151,0.5947,0.2039,0.8851,0.9288,0.032,0.2453,0.00187,0.715,0,24,81.1,0.695,1,0,7.636,7.636,0,30,6500,316209.5,37.38,19,7.31
1786434139087,3479,v1,0.0565,0.6209,0.1245,1.219,0.4778,0.032,0.076,0.001259,0.594,1,32,68.64,0.666,1,888,16.317,13.919,0,30,6216,173200.4,92.0,13,4.71
1786434140742,3480,v1,0.0577,0.5279,0.1934,2.1028,0.476,0.032,0.0502,0.001788,0.634,1,28,51.7,0.354,1,406,16.992,15.784,0,30,5964,176940.6,86.24,15,7.44
1786434143340,3481,v1,0.0102,0.4318,0.2353,2.2413,0.6476,0.032,0.2398,0.00259,0.7,0,11,31.76,0.615,1,2011,10.0,7.004,0,30,5531,314900.2,0.0,-1,10.9
1786434144682,3482,v1,0.0339,0.2514,0.3327,2.1577,0.6223,0.032,0.1491,0.001329,0.616,0,17,74.81,0.755,1,0,14.95,14.95,0,30,5764,170171.8,98.83,15,5.74
1786434146621,3483,v1,0.0583,0.6083,0.2849,1.1172,0.8503,0.032,0.2206,0.002623,0.653,1,24,98.3,0.7,1,0,16.195,16.195,0,30,6479,188109.0,99.95,15,10.45
1786434135791,3484,v1,0.0642,0.3616,0.1524,0.8352,0.1082,0.032,0.0874,0.001853,0.598,0,21,95.64,0.444,1,0,13.616,13.616,0,30,6471,150798.7,85.05,12,7.25
1786434137051,3485,v1,0.0595,0.8611,0.2329,1.236,0.7019,0.032,0.1853,0.002474,0.715,1,23,46.05,0.427,1,426,17.112,15.673,0,30,5308,176755.3,85.87,16,9.57
1786434139039,3486,v1,0.0735,0.3848,0.2071,0.8246,0.9225,0.032,0.1683,0.003715,0.589,0,35,95.72,0.97,1,0,15.669,15.669,0,30,6587,147714.4,88.78,11,13.89
1786434140804,3487,v1,0.0531,0.8475,0.4662,1.0346,0.8102,0.032,0.0762,0.00212,0.657,1,19,24.71,0.641,1,916,15.302,12.904,0,30,6026,205240.5,98.58,15,8.25
1786434142759,3488,v1,0.0641,0.9091,0.4237,1.4383,0.5101,0.032,0.0701,0.00124,0.666,0,32,71.36,0.759,1,0,17.596,17.596,0,30,5979,174005.2,88.4,15,4.37
1786434144390,3489,v1,0.0652,0.3456,0.4602,2.0736,0.618,0.032,0.0508,0.002085,0.66,0,16,82.02,0.819,1,0,15.0,15.0,0,30,6521,182751.3,95.68,15,8.07
1786434146525,3490,v1,0.0494,0.3043,0.4923,2.3467,0.5762,0.032,0.1991,0.002629,0.617,1,26,97.33,0.992,1,0,16.025,16.025,0,30,6855,190901.3,88.53,14,10.15
1786434138087,3491,v1,0.0209,0.6558,0.12,1.7387,0.8625,0.032,0.2466,0.001752,0.704,1,16,69.42,0.554,1,4728,15.0,4.134,0,30,6685,394353.9,13.4,-1,6.55
1786434139815,3492,v1,0.0356,0.3635,0.3089,2.368,0.4402,0.032,0.238,0.003528,0.602,0,19,68.26,0.941,1,0,15.196,15.196,0,30,6663,183004.9,95.64,14,13.63
1786434141934,3493,v1,0.0672,0.744,0.2606,1.3981,0.129,0.032,0.2461,0.00122,0.636,0,32,62.51,0.933,1,0,17.065,17.065,0,30,6643,175186.4,88.35,14,4.74
1786434143506,3494,v1,0.0712,0.5859,0.3762,2.4074,0.6207,0.032,0.0911,0.001382,0.654,1,33,86.41,0.393,1,0,17.724,17.724,0,30,6113,174258.6,93.68,15,5.12
1786434146770,3495,v1,0.0186,0.4502,0.3884,2.0958,0.2256,0.032,0.0902,0.002864,0.589,1,10,37.29,0.649,1,6404,9.0,0.367,0,30,6845,385565.0,3.62,-1,10.53
1786434148298,3496,v1,0.0483,0.5427,0.4885,2.3006,0.9087,0.032,0.0641,0.003506,0.625,0,29,30.26,0.315,1,0,16.867,16.867,0,30,6045,165098.1,96.08,15,12.95
1786434150367,3497,v1,0.0524,0.8962,0.4842,2.1807,0.9642,0.032,0.1259,0.003733,0.679,1,28,24.15,0.948,1,1086,17.343,14.391,0,30,6987,217266.9,85.35,15,13.53
1786434137227,3498,v1,0.0787,0.8473,0.158,2.4223,0.321,0.032,0.1548,0.001677,0.654,0,28,34.87,0.438,1,0,17.118,17.118,0,30,5685,159626.8,85.4,15,6.28
1786434139329,3499,v1,0.0565,0.6833,0.348,1.4518,0.117,0.032,0.0868,0.001827,0.59,0,5,42.31,0.378,1,1439,4.0,3.526,0,30,6107,205499.5,65.92,13,7.22
1786434140817,3500,v1,0.0199,0.6114,0.3124,2.0796,0.9063,0.032,0.1409,0.003639,0.604,0,32,82.46,0.902,1,0,17.339,17.339,0,30,6605,181589.0,94.82,14,14.29
1786434143453,3501,v1,0.069,0.8053,0.1391,2.0354,0.5452,0.032,0.1401,0.001691,0.664,1,9,67.53,0.342,1,2456,8.0,4.782,0,30,6198,265967.3,57.26,16,6.28
1786434145203,3502,v1,0.0408,0.5646,0.4974,2.0231,0.8764,0.032,0.0738,0.002141,0.623,0,18,53.23,0.819,1,0,14.828,14.828,0,30,6728,178235.1,91.33,14,8.38
1786434147306,3503,v1,0.0697,0.2274,0.3995,1.8029,0.2495,0.032,0.1883,0.003172,0.656,0,5,40.15,0.973,1,3136,4.0,2.973,0,30,6184,265291.4,48.79,15,11.35
1786434149524,3504,v1,0.0338,0.3559,0.1789,1.8524,0.3324,0.032,0.0656,0.003082,0.66,0,11,52.36,0.633,1,2354,10.0,6.791,0,30,6037,243693.5,50.71,16,11.55
1786434138141,3505,v1,0.0473,0.2741,0.4204,1.3999,0.4367,0.032,0.1463,0.003513,0.715,0,22,57.54,0.933,1,0,17.115,17.115,0,30,5670,171096.6,89.34,16,13.53
1786434140032,3506,v1,0.0105,0.8479,0.3209,0.8727,0.4913,0.032,0.1639,0.002515,0.609,1,7,65.49,0.461,1,3050,6.0,2.825,0,30,5850,245998.4,39.81,13,9.9
1786434142145,3507,v1,0.0231,0.6053,0.4731,2.1746,0.7341,0.032,0.0816,0.003552,0.655,0,21,64.74,0.521,1,0,16.701,16.701,0,30,6238,185002.9,87.51,15,12.79
1786434143922,3508,v1,0.0319,0.9931,0.4205,1.8113,0.5235,0.032,0.0779,0.003189,0.636,0,20,53.92,0.99,1,0,15.738,15.738,0,30,6248,178161.2,87.43,15,11.8
1786434145869,3509,v1,0.0686,0.2468,0.2761,1.023,0.926,0.032,0.1797,0.002356,0.586,0,20,28.07,0.524,1,0,11.873,11.873,0,30,6547,126605.3,88.4,9,8.51
1786434147455,3510,v1,0.069,0.8321,0.3825,2.1046,0.5029,0.032,0.0528,0.002426,0.674,0,29,30.82,0.995,1,0,17.342,17.342,0,30,5749,164661.1,87.79,15,9.62
1786434149249,3511,v1,0.0227,0.5991,0.4501,0.8192,0.3695,0.032,0.1135,0.002045,0.657,0,21,31.48,0.861,1,0,15.952,15.952,0,30,5608,156918.1,85.82,15,7.95
1786434147144,3512,v1,0.0137,0.8089,0.2161,1.6922,0.172,0.032,0.1387,0.003205,0.591,1,20,75.93,0.698,1,0,14.514,14.514,0,30,6428,149251.6,84.82,13,12.4
1786434149167,3513,v1,0.056,0.3178,0.2414,2.3213,0.3083,0.032,0.2244,0.001664,0.661,0,4,59.12,0.503,1,1445,3.0,2.745,0,30,5704,212406.3,66.07,15,6.45
1786434150555,3514,v1,0.0352,0.835,0.4852,2.4616,0.7124,0.032,0.0633,0.003749,0.641,0,27,62.65,0.902,1,0,16.851,16.851,0,30,5717,163028.9,84.21,15,13.61
1786434153149,3515,v1,0.0203,0.2573,0.4624,0.8395,0.331,0.032,0.0927,0.001983,0.664,0,6,41.74,0.823,1,3128,5.0,3.424,0,30,6001,275695.9,40.41,16,7.65
1786434155262,3516,v1,0.0399,0.9423,0.4826,1.7207,0.8344,0.032,0.0511,0.003254,0.636,1,8,76.67,0.313,1,2429,7.0,4.004,0,30,5784,238513.0,55.84,15,11.29
1786434157143,3517,v1,0.0734,0.7922,0.4404,2.2669,0.3334,0.032,0.172,0.003077,0.694,0,16,56.72,0.655,1,1655,15.0,11.671,0,30,6768,269739.9,68.77,15,12.03
1786434159271,3518,v1,0.0791,0.8709,0.1524,2.0579,0.3841,0.032,0.1322,0.002985,0.629,0,33,26.46,0.72,1,559,17.687,16.279,0,30,6778,202117.2,99.8,15,11.04
1786434148079,3519,v1,0.063,0.4843,0.3763,2.4596,0.1196,0.032,0.2266,0.002382,0.671,0,20,55.39,0.731,1,0,16.182,16.182,0,30,6115,217158.7,96.11,15,8.72
1786434150173,3520,v1,0.0588,0.4693,0.2174,1.8446,0.4967,0.032,0.156,0.001345,0.684,0,35,24.71,0.962,1,750,18.867,16.973,0,30,6926,211228.0,97.54,16,5.23
1786434152287,3521,v1,0.0656,0.2463,0.18,1.3438,0.901,0.032,0.1676,0.001947,0.621,1,30,57.42,0.939,1,969,16.751,13.981,0,30,6172,185271.8,88.69,14,7.05
1786434154069,3522,v1,0.0548,0.9436,0.2545,2.0322,0.1336,0.032,0.115,0.002799,0.618,0,11,73.03,0.562,1,2478,10.0,6.671,0,30,6120,253150.9,56.34,15,10.46
1786434156971,3523,v1,0.026,0.5279,0.2431,1.6145,0.6738,0.032,0.1888,0.002093,0.597,1,4,73.73,0.987,1,6306,3.0,0.0,0,30,6349,368276.7,0.0,-1,8.9
1786434158927,3524,v1,0.0505,0.971,0.4194,2.4805,0.3225,0.032,0.0972,0.001527,0.614,1,28,58.72,0.572,1,752,16.448,14.21,0,30,5690,173404.0,89.23,14,5.38
1786434160397,3525,v1,0.0783,0.9672,0.4424,0.9541,0.754,0.032,0.0575,0.003231,0.699,0,22,48.2,0.311,1,0,16.041,16.041,0,30,6039,172705.0,84.59,15,11.89
1786434148465,3526,v1,0.0788,0.9278,0.3797,1.3393,0.2915,0.032,0.2047,0.001633,0.634,0,25,42.21,0.909,1,0,15.646,15.646,0,30,6470,177722.4,84.29,14,6.45
1786434151637,3527,v1,0.0443,0.9035,0.2493,1.6802,0.9688,0.032,0.0601,0.001421,0.698,1,5,93.48,0.958,1,6970,4.0,0.0,0,30,7021,412622.6,0.0,-1,5.67
1786434153439,3528,v1,0.0169,0.7413,0.2072,1.5503,0.652,0.032,0.2011,0.003119,0.659,1,29,78.16,0.766,1,0,18.686,18.686,0,30,6550,209677.2,85.22,16,11.44
1786434155705,3529,v1,0.0231,0.3807,0.1363,2.383,0.2085,0.032,0.1709,0.001839,0.671,0,29,97.01,0.589,1,0,20.022,20.022,0,30,6632,246181.9,88.67,17,6.88
1786434156972,3530,v1,0.0651,0.5452,0.4239,1.8351,0.4746,0.032,0.149,0.002951,0.581,0,30,37.91,0.698,1,0,14.352,14.352,0,30,6695,147937.8,88.61,11,10.62
1786434159077,3531,v1,0.0681,0.7875,0.107,1.4315,0.5319,0.032,0.0532,0.003566,0.69,0,32,20.43,0.547,1,354,18.225,17.264,0,30,6545,193100.0,96.31,16,12.83
1786434161151,3532,v1,0.0213,0.7242,0.3693,1.0587,0.8366,0.032,0.0709,0.001923,0.641,0,4,79.68,0.594,1,1866,3.0,2.671,0,30,5709,218207.2,58.17,15,7.44
1786434148985,3533,v1,0.0623,0.2408,0.1508,1.7377,0.7733,0.032,0.0684,0.003555,0.699,1,24,46.86,0.353,1,421,17.242,15.824,0,30,5460,181890.9,85.04,16,12.18
1786434150821,3534,v1,0.0231,0.9758,0.3756,1.9383,0.9997,0.032,0.2014,0.002216,0.663,0,21,62.5,0.461,1,0,16.937,16.937,0,30,6585,206800.9,89.93,16,8.94
1786434153243,3535,v1,0.0287,0.6152,0.357,2.1182,0.3305,0.032,0.2231,0.003489,0.62,0,17,39.32,0.644,1,0,15.243,15.243,0,30,8154,208733.0,85.91,15,13.07
1786434156021,3536,v1,0.0149,0.9332,0.4784,1.1336,0.5755,0.032,0.2013,0.001816,0.672,1,7,93.26,0.954,1,6229,6.0,0.0,0,30,6308,370407.3,0.0,-1,7.23
1786434157404,3537,v1,0.0176,0.6502,0.4153,1.4386,0.5217,0.032,0.1564,0.003245,0.626,1,35,29.02,0.946,1,905,17.881,14.859,0,30,5882,171480.4,85.65,14,11.29
1786434159686,3538,v1,0.0299,0.4377,0.1296,2.3515,0.3234,0.032,0.1018,0.003412,0.622,1,18,22.94,0.808,1,997,15.75,13.261,0,30,6610,224887.3,84.03,15,12.59
1786434161733,3539,v1,0.0405,0.3035,0.2242,0.9198,0.1839,0.032,0.2044,0.00221,0.682,1,19,20.9,0.856,1,983,16.322,13.667,0,30,6242,221933.3,83.6,16,8.09
1786434150125,3540,v1,0.0167,0.219,0.2338,1.7072,0.4241,0.032,0.2407,0.003265,0.714,0,27,22.65,0.304,1,144,11.293,10.877,0,30,6669,304734.8,53.66,19,11.7
1786434152117,3541,v1,0.0407,0.9931,0.4851,1.7988,0.9149,0.032,0.1706,0.0028,0.699,0,19,46.26,0.331,1,0,16.553,16.553,0,30,6158,193130.0,88.19,16,10.59
1786434153808,3542,v1,0.0284,0.7639,0.315,1.6362,0.4734,0.032,0.098,0.002643,0.674,0,8,51.59,0.952,1,3361,7.0,4.017,0,30,5736,283182.7,34.3,17,10.09
1786434156481,3543,v1,0.0555,0.9052,0.4075,2.0042,0.3238,0.032,0.0665,0.003769,0.66,0,8,29.95,0.393,1,1793,7.0,5.775,0,30,7513,256416.7,68.61,15,14.31
1786434158740,3544,v1,0.0499,0.8719,0.1245,1.9955,0.5604,0.032,0.2011,0.003724,0.65,1,11,55.78,0.607,1,4359,10.0,2.13,0,30,5735,311714.6,18.97,-1,14.05
1786434159887,3545,v1,0.0301,0.9159,0.2773,2.3076,0.6781,0.032,0.2162,0.003106,0.646,0,30,30.54,0.82,1,0,17.996,17.996,0,30,5147,152314.7,85.77,15,12.03
1786434161901,3546,v1,0.0763,0.8098,0.4582,2.4073,0.1984,0.032,0.1462,0.003366,0.713,0,20,66.01,0.923,1,0,16.372,16.372,0,30,6021,230720.4,99.1,16,13.22
1786434152776,3547,v1,0.0635,0.3614,0.4271,2.3326,0.4889,0.032,0.1862,0.001473,0.631,0,6,26.77,0.891,1,3497,5.0,3.547,0,30,7266,325100.4,46.55,14,5.37
1786434154180,3548,v1,0.0262,0.8692,0.2018,2.2894,0.3327,0.032,0.2196,0.00375,0.628,0,23,92.79,0.935,1,0,16.819,16.819,0,30,5877,170846.2,95.31,16,13.97
1786434156449,3549,v1,0.0183,0.5778,0.3233,0.9706,0.7974,0.032,0.1934,0.001385,0.664,1,32,90.6,0.636,1,0,18.445,18.445,0,30,6817,208342.9,86.0,15,5.22
1786434159020,3550,v1,0.0557,0.7873,0.4139,1.2802,0.6035,0.032,0.1369,0.003433,0.699,1,8,26.1,0.929,1,5713,7.0,0.0,0,30,5852,332795.0,0.0,-1,12.42
1786434161787,3551,v1,0.0505,0.4218,0.1325,2.1925,0.381,0.032,0.1697,0.002409,0.685,1,16,84.95,0.883,1,6100,15.0,0.0,0,30,6301,387363.3,0.0,-1,7.97
1786434163570,3552,v1,0.0304,0.3217,0.3716,2.3593,0.1074,0.032,0.0637,0.002552,0.641,1,33,25.25,0.601,1,769,18.348,15.948,0,30,6380,197007.3,88.62,15,10.27
1786434166089,3553,v1,0.0413,0.897,0.2121,2.102,0.5692,0.032,0.2325,0.002743,0.694,1,27,23.02,0.491,1,757,18.399,16.37,0,30,7337,241235.3,89.12,16,10.73
1786434152646,3554,v1,0.0429,0.9723,0.2508,1.8918,0.4847,0.032,0.1974,0.002764,0.597,0,7,66.42,0.357,1,1624,6.0,5.015,0,30,6708,225218.8,73.27,14,10.84
1786434154057,3555,v1,0.0306,0.7754,0.4776,1.995,0.3168,0.032,0.2414,0.002538,0.687,1,29,72.75,0.921,1,0,18.577,18.577,0,30,6242,190725.8,88.19,17,9.45
1786434156439,3556,v1,0.0564,0.613,0.126,2.3364,0.4012,0.032,0.0764,0.002945,0.7,1,18,79.43,0.77,1,20,16.794,16.739,0,30,6540,239565.8,95.78,16,10.35
1786434158872,3557,v1,0.0118,0.6856,0.3173,1.5988,0.1921,0.032,0.2434,0.002275,0.679,0,15,61.67,0.52,1,2499,14.0,9.09,0,30,6302,308626.6,41.53,18,8.44
1786434160377,3558,v1,0.0112,0.9086,0.4112,1.4081,0.1296,0.032,0.1312,0.003403,0.604,0,6,63.37,0.342,1,1478,5.0,4.295,0,30,6388,204961.5,68.14,12,12.49
1786434163267,3559,v1,0.0222,0.4879,0.1637,0.873,0.6725,0.032,0.0919,0.002726,0.695,0,6,49.14,0.664,1,2733,5.0,3.756,0,30,6675,283085.7,49.87,17,10.52
1786434165098,3560,v1,0.0354,0.4021,0.435,1.1153,0.648,0.032,0.0694,0.002652,0.598,0,13,66.76,0.897,1,621,11.361,10.298,0,30,6017,156869.7,75.81,11,10.44
1786434153284,3561,v1,0.0561,0.3065,0.3467,1.5062,0.1482,0.032,0.1457,0.001847,0.691,0,21,72.62,0.518,1,0,16.515,16.515,0,30,6445,207083.2,93.69,16,6.7
1786434154768,3562,v1,0.0201,0.5546,0.309,0.8075,0.32,0.032,0.0646,0.002458,0.612,1,26,27.34,0.674,1,714,14.709,12.905,0,30,6126,168353.7,89.96,12,9.24
1786434156788,3563,v1,0.0777,0.9683,0.1735,2.0217,0.2842,0.032,0.1805,0.003555,0.706,0,33,67.85,0.562,1,0,19.866,19.866,0,30,6438,228366.2,99.23,16,13.58
1786434158820,3564,v1,0.0568,0.9886,0.4453,2.3188,0.8196,0.032,0.1563,0.001803,0.703,1,32,89.72,0.608,1,0,18.665,18.665,0,30,5859,174092.7,88.73,16,7.0
1786434160156,3565,v1,0.0483,0.2926,0.3589,1.0158,0.2224,0.032,0.2065,0.001838,0.658,0,20,97.37,0.396,1,0,15.492,15.492,0,30,5922,165543.4,98.69,15,6.55
1786434162193,3566,v1,0.07,0.9513,0.1196,1.0891,0.4928,0.032,0.0682,0.003716,0.665,1,35,29.22,0.636,1,617,18.16,16.039,0,30,5957,178102.5,86.81,15,13.55
1786434165580,3567,v1,0.0122,0.9847,0.3109,2.2501,0.2016,0.032,0.095,0.001378,0.697,1,9,93.65,0.88,1,7407,8.0,0.0,0,30,7492,449402.7,0.0,-1,5.66
1786434161859,3568,v1,0.0752,0.7233,0.2072,1.8018,0.1913,0.032,0.0813,0.003099,0.654,0,18,47.55,0.509,1,0,15.31,15.31,0,30,6177,175846.6,86.7,15,11.61
1786434163517,3569,v1,0.0167,0.2146,0.1281,2.2293,0.9616,0.032,0.1132,0.00321,0.66,0,36,85.8,0.813,1,0,20.659,20.659,0,30,6378,205595.1,86.67,17,11.76
1786434165586,3570,v1,0.0687,0.4609,0.3755,1.0204,0.6621,0.032,0.2056,0.002393,0.705,0,10,89.41,0.848,1,0,9.0,9.0,0,30,6325,182397.9,88.1,15,9.0
1786434166946,3571,v1,0.0309,0.4458,0.3076,2.0906,0.6749,0.032,0.2038,0.001475,0.667,1,11,82.86,0.665,1,4156,10.0,2.445,0,30,5576,305310.3,22.23,17,5.6
1786434168462,3572,v1,0.0751,0.3428,0.4154,1.6679,0.3719,0.032,0.2367,0.001994,0.676,1,18,40.61,0.494,1,605,15.368,13.906,0,30,6523,203893.0,84.02,15,7.53
1786434169712,3573,v1,0.0531,0.5466,0.3204,2.4293,0.6378,0.032,0.2482,0.003299,0.694,1,22,78.88,0.598,1,0,17.137,17.137,0,30,6719,199346.0,91.08,16,12.0
1786434170667,3574,v1,0.0784,0.4399,0.3281,2.3661,0.8197,0.032,0.2332,0.001889,0.674,1,22,90.55,0.42,1,0,16.114,16.114,0,30,6179,175716.2,86.69,15,6.26
1786434163390,3575,v1,0.022,0.8425,0.2698,1.0733,0.4213,0.032,0.0524,0.001551,0.716,0,5,79.79,0.377,1,0,4.0,4.0,0,30,6442,257606.0,77.48,18,5.68
1786434165495,3576,v1,0.0399,0.2421,0.2529,0.9306,0.5297,0.032,0.1539,0.002104,0.635,1,32,72.31,0.573,1,734,17.226,15.115,0,30,6370,185234.1,92.94,14,8.43
1786434167130,3577,v1,0.0566,0.8483,0.2515,2.1925,0.805,0.032,0.1626,0.002036,0.692,0,10,50.03,0.997,1,4876,9.0,3.793,0,30,6679,354449.4,22.67,17,7.68
1786434168698,3578,v1,0.0341,0.4474,0.4214,1.2934,0.8665,0.032,0.1148,0.001711,0.591,0,19,53.28,0.611,1,0,12.146,12.146,0,30,7025,133019.7,92.69,9,6.69
1786434169866,3579,v1,0.0307,0.3494,0.3346,1.1443,0.2552,0.032,0.2403,0.001271,0.716,1,19,64.43,0.508,1,311,17.561,16.641,0,30,6226,237590.5,83.06,17,4.85
1786434171663,3580,v1,0.0658,0.9753,0.3297,2.3428,0.612,0.032,0.1574,0.001735,0.663,0,13,58.66,0.94,1,3998,12.0,5.737,0,30,6522,315029.2,34.34,16,6.44
1786434172844,3581,v1,0.0198,0.661,0.1935,0.9806,0.7704,0.032,0.1749,0.001986,0.687,0,13,47.99,0.33,1,1019,12.0,10.193,0,30,5788,221811.0,69.32,17,7.48
1786434165693,3582,v1,0.0533,0.907,0.3524,1.4403,0.2554,0.032,0.1177,0.002243,0.608,1,4,97.0,0.994,1,6640,3.0,0.0,0,30,6689,373616.2,0.0,-1,9.13
1786434166801,3583,v1,0.0264,0.6664,0.3825,2.1725,0.7113,0.032,0.2243,0.0014,0.713,1,31,38.6,0.397,1,421,19.488,17.902,0,30,5654,209961.1,88.76,18,6.05
1786434167996,3584,v1,0.065,0.6392,0.4393,0.9684,0.6376,0.032,0.0655,0.001889,0.653,0,33,37.13,0.918,1,0,17.488,17.488,0,30,6167,178030.4,95.0,14,7.44
1786434169711,3585,v1,0.0209,0.6994,0.1223,1.1055,0.7578,0.032,0.0793,0.001574,0.714,0,24,62.74,0.834,1,0,9.33,9.33,0,30,6464,331271.5,47.89,19,5.91
1786434170530,3586,v1,0.0384,0.9159,0.3864,1.0442,0.6036,0.032,0.0921,0.003138,0.604,1,16,91.14,0.752,1,0,12.719,12.719,0,30,6148,144306.0,88.45,11,11.87
1786434172543,3587,v1,0.0433,0.8637,0.2553,0.9216,0.1345,0.032,0.1292,0.003064,0.714,1,8,99.75,0.551,1,4529,7.0,2.138,0,30,6667,371599.6,26.77,17,11.53
1786434173533,3588,v1,0.0742,0.5282,0.2035,1.1035,0.8808,0.032,0.2091,0.002029,0.675,1,14,72.21,0.797,1,5759,13.0,0.0,0,30,5909,341151.7,0.0,-1,7.28
1786434164619,3589,v1,0.0501,0.6635,0.4848,2.226,0.8789,0.032,0.2499,0.001954,0.667,0,25,51.1,0.915,1,0,16.839,16.839,0,30,5783,171053.6,91.03,15,7.59
1786434166553,3590,v1,0.0491,0.2176,0.1929,0.8694,0.7934,0.032,0.0729,0.002913,0.617,0,8,30.55,0.331,1,1883,7.0,5.71,0,30,7470,245977.3,66.41,14,11.77
1786434167496,3591,v1,0.0234,0.705,0.3555,1.8378,0.9684,0.032,0.0788,0.002906,0.601,0,34,66.77,0.986,1,0,16.939,16.939,0,30,6109,157703.8,85.68,13,10.79
1786434169470,3592,v1,0.0343,0.5587,0.4252,1.4814,0.5329,0.032,0.2344,0.002166,0.588,1,7,35.7,0.639,1,5033,6.0,0.943,0,30,6044,311491.9,13.85,-1,7.41
1786434170373,3593,v1,0.0316,0.7399,0.4243,1.165,0.1866,0.032,0.0755,0.001652,0.603,0,21,52.25,0.868,1,0,13.435,13.435,0,30,6919,157050.6,88.49,12,6.52
1786434171750,3594,v1,0.0559,0.5826,0.1859,2.3925,0.6083,0.032,0.0763,0.002044,0.618,1,18,62.84,0.485,1,0,15.166,15.166,0,30,6028,173205.3,92.28,15,8.36
1786434173035,3595,v1,0.0124,0.3451,0.1024,1.9465,0.1402,0.032,0.1609,0.001219,0.665,0,26,32.84,0.548,1,0,9.319,9.319,0,30,5884,292727.3,44.0,19,4.64
1786434165653,3596,v1,0.0687,0.9625,0.2721,1.8118,0.7368,0.032,0.0724,0.001419,0.618,1,29,56.63,0.952,1,1010,16.545,13.846,0,30,6385,200500.7,88.09,14,5.45
1786434166730,3597,v1,0.0681,0.7966,0.3555,1.6321,0.8908,0.032,0.0527,0.003157,0.666,1,25,79.87,0.966,1,0,16.402,16.402,0,30,6340,176480.5,94.9,15,11.96
1786434167793,3598,v1,0.0245,0.5604,0.1907,2.3123,0.7515,0.032,0.0695,0.001304,0.607,0,32,47.33,0.892,1,0,17.869,17.869,0,30,5842,167899.5,87.17,15,5.37
1786434169635,3599,v1,0.016,0.5948,0.2384,1.6698,0.8016,0.032,0.1806,0.002675,0.658,1,15,22.09,0.679,1,4439,14.0,3.46,0,30,6104,320341.3,22.71,18,9.94
1786434180111,3600,v1,0.0753,0.8726,0.1385,2.2521,0.1617,0.032,0.1,0.00292,0.652,1,25,65.06,0.668,1,773,16.51,14.046,0,30,5501,187179.5,83.82,15,11.0
1786434181760,3601,v1,0.0325,0.9145,0.1228,2.0142,0.2982,0.032,0.1172,0.002885,0.596,1,19,47.93,0.986,1,950,15.204,12.769,0,30,6207,195856.6,96.13,15,10.87
1786434183843,3602,v1,0.0259,0.4976,0.4081,0.9007,0.3462,0.032,0.1223,0.002359,0.604,0,13,75.09,0.87,1,1149,11.44,9.606,0,30,6419,188619.8,70.63,11,9.02
1786434185310,3603,v1,0.0368,0.4762,0.2282,0.8568,0.8117,0.032,0.1638,0.002646,0.627,0,33,22.03,0.554,1,300,17.163,16.403,0,30,6398,175656.3,87.06,14,10.07
1786434187503,3604,v1,0.0366,0.3136,0.4731,1.7841,0.9076,0.032,0.1214,0.00344,0.662,1,9,90.21,0.533,1,4029,8.0,2.297,0,30,5781,284438.2,27.35,16,12.32
1786434189265,3605,v1,0.0173,0.3828,0.4425,0.8178,0.5527,0.032,0.1422,0.003365,0.666,0,21,69.26,0.463,1,0,16.609,16.609,0,30,6053,177428.8,87.28,15,12.56
1786434190801,3606,v1,0.0631,0.5341,0.1467,2.488,0.9829,0.032,0.2186,0.003027,0.632,0,27,71.08,0.533,1,0,16.798,16.798,0,30,6228,177729.9,87.18,15,11.32
1786434180546,3607,v1,0.0521,0.4013,0.2803,2.0098,0.325,0.032,0.212,0.002043,0.621,1,26,75.09,0.893,1,0,16.488,16.488,0,30,6203,174159.8,99.32,15,7.85
1786434182408,3608,v1,0.06,0.6164,0.3913,1.0729,0.8002,0.032,0.1076,0.002104,0.671,1,28,57.08,0.5,1,668,16.902,15.061,0,30,6446,198920.0,97.91,15,8.18
1786434183875,3609,v1,0.0371,0.7143,0.3515,1.5459,0.176,0.032,0.2155,0.002949,0.611,1,18,79.19,0.937,1,0,14.503,14.503,0,30,5468,149195.8,84.35,14,11.27
1786434185791,3610,v1,0.0656,0.6744,0.3056,1.0336,0.3339,0.032,0.0727,0.003496,0.672,0,12,70.0,0.56,1,2538,11.0,7.076,0,30,6051,245733.0,47.69,15,13.06
1786434187887,3611,v1,0.0204,0.7951,0.273,2.3977,0.8096,0.032,0.1715,0.001666,0.685,1,25,78.47,0.913,1,0,12.927,12.927,0,30,6674,279935.9,61.52,18,6.49
1786434189675,3612,v1,0.0291,0.7642,0.4238,1.8315,0.2079,0.032,0.2046,0.003706,0.711,0,14,95.35,0.821,1,0,13.0,13.0,0,30,5854,208293.4,85.88,17,13.73
1786434191400,3613,v1,0.0578,0.2862,0.4077,0.8059,0.1574,0.032,0.1826,0.00261,0.607,0,13,85.85,0.921,1,0,11.81,11.81,0,30,6269,142221.3,84.93,12,9.62
1786434182214,3614,v1,0.067,0.5469,0.1298,2.146,0.9661,0.032,0.1176,0.002261,0.603,1,10,38.69,0.612,1,5466,9.0,1.036,0,30,6291,346517.8,9.9,-1,8.58
1786434183968,3615,v1,0.0245,0.8321,0.1478,1.1329,0.67,0.032,0.105,0.003025,0.661,0,23,73.72,0.598,1,0,17.424,17.424,0,30,6202,192905.2,93.88,16,11.14
1786434186267,3616,v1,0.0385,0.6493,0.2864,2.1159,0.3344,0.032,0.1059,0.001921,0.718,0,16,73.87,0.998,1,3318,15.0,7.699,0,30,6103,324883.6,39.15,18,7.41
1786434188043,3617,v1,0.0529,0.8726,0.2489,1.4532,0.123,0.032,0.0749,0.001951,0.697,0,25,74.94,0.308,1,0,17.801,17.801,0,30,6587,255797.5,85.83,16,7.41
1786434189945,3618,v1,0.015,0.6988,0.3338,0.9397,0.8301,0.032,0.125,0.00324,0.706,1,25,84.21,0.937,1,0,19.165,19.165,0,30,6024,212374.9,94.64,19,11.87
1786434191836,3619,v1,0.0473,0.4694,0.4053,2.0993,0.5916,0.032,0.212,0.003095,0.581,1,20,35.12,0.809,1,965,13.679,11.379,0,30,6040,179792.9,88.31,12,12.14
1786434193621,3620,v1,0.017,0.9263,0.3946,2.1773,0.4343,0.032,0.0537,0.002303,0.634,0,16,95.02,0.515,1,0,15.0,15.0,0,30,5695,167769.9,85.08,15,8.36
1786434182634,3621,v1,0.0265,0.4024,0.4762,1.5467,0.9726,0.032,0.2172,0.002362,0.684,1,4,24.95,0.418,1,3012,3.0,1.607,0,30,6517,273643.9,48.93,16,9.47
1786434184429,3622,v1,0.0336,0.6164,0.3153,1.3706,0.626,0.032,0.1864,0.001889,0.683,0,17,23.81,0.839,1,2102,16.0,10.685,0,30,5708,248462.4,54.18,16,7.67
1786434186244,3623,v1,0.025,0.881,0.1185,1.2944,0.8216,0.032,0.1949,0.003709,0.66,0,34,89.58,0.95,1,0,19.204,19.204,0,30,6068,181193.3,88.08,16,13.74
1786434187728,3624,v1,0.0184,0.6764,0.238,1.4974,0.488,0.032,0.0555,0.002713,0.661,1,19,62.25,0.832,1,0,17.296,17.296,0,30,6106,199129.5,87.39,17,10.33
1786434190090,3625,v1,0.0212,0.8006,0.118,1.7074,0.9614,0.032,0.1315,0.002782,0.599,1,14,21.01,0.343,1,3137,13.0,6.609,0,30,6631,274626.3,47.26,15,10.66
1786434192501,3626,v1,0.0168,0.7824,0.4633,1.7491,0.3934,0.032,0.0535,0.003101,0.678,0,36,34.47,0.607,1,0,20.794,20.794,0,30,7425,244925.1,89.58,18,12.03
1786434195078,3627,v1,0.0574,0.4783,0.3111,2.0391,0.134,0.032,0.2118,0.001525,0.696,1,4,56.1,0.404,1,3567,3.0,1.264,0,30,6200,294445.6,36.86,16,6.13
1786434183756,3628,v1,0.0101,0.9572,0.1512,1.8995,0.1462,0.032,0.0963,0.001606,0.688,1,10,92.58,0.474,1,4002,9.0,3.548,0,30,6699,414951.8,0.0,-1,6.54
1786434185934,3629,v1,0.0543,0.7909,0.2667,1.1981,0.6964,0.032,0.2053,0.002041,0.653,0,13,27.58,0.807,1,3370,12.0,6.365,0,30,6135,289075.2,36.8,15,7.66
1786434188393,3630,v1,0.0792,0.9048,0.1658,2.2197,0.4352,0.032,0.0623,0.002021,0.612,1,5,57.73,0.978,1,6236,4.0,0.0,0,30,6287,377086.9,0.0,-1,7.71
1786434189856,3631,v1,0.0464,0.7351,0.4521,1.8774,0.7222,0.032,0.1384,0.002953,0.597,1,28,33.17,0.354,1,328,14.777,13.842,0,30,5576,134981.1,91.67,11,11.68
1786434192445,3632,v1,0.06,0.3544,0.4733,1.2473,0.9928,0.032,0.138,0.001544,0.648,1,6,23.59,0.589,1,4205,5.0,1.608,0,30,6240,308164.6,30.8,15,5.64
1786434194318,3633,v1,0.0472,0.9776,0.4146,2.1996,0.9437,0.032,0.1206,0.001514,0.684,0,34,59.3,0.725,1,0,18.681,18.681,0,30,6387,191046.3,84.12,16,6.81
1786434197244,3634,v1,0.0692,0.9442,0.3404,0.9323,0.4054,0.032,0.1026,0.003723,0.643,1,7,84.24,0.999,1,6418,6.0,0.0,0,30,6571,373537.5,0.0,-1,13.86
1786434183402,3635,v1,0.0668,0.4896,0.2507,2.3529,0.4011,0.032,0.0904,0.00161,0.642,1,16,31.1,0.467,1,16,15.0,14.96,0,30,6135,174478.8,99.6,15,6.29
1786434185576,3636,v1,0.0123,0.6408,0.334,1.8081,0.206,0.032,0.1368,0.001794,0.672,0,11,36.32,0.761,1,3245,10.0,5.578,0,30,5979,313613.3,22.52,18,7.28
1786434187662,3637,v1,0.0124,0.5519,0.287,1.0041,0.9483,0.032,0.1829,0.001287,0.69,1,7,61.4,0.717,1,4840,6.0,0.423,0,30,5250,303783.7,4.4,-1,4.67
1786434190275,3638,v1,0.0342,0.6755,0.2351,2.4527,0.9533,0.032,0.0793,0.001235,0.629,1,9,62.72,0.511,1,4515,8.0,2.654,0,30,6811,341520.3,31.81,16,4.95
1786434193197,3639,v1,0.0126,0.7304,0.4889,2.2477,0.2811,0.032,0.0839,0.00247,0.698,0,23,75.49,0.51,1,0,9.351,9.351,0,30,6472,299965.8,45.85,19,9.72
1786434194898,3640,v1,0.0435,0.7386,0.3838,2.4266,0.2425,0.032,0.1428,0.003597,0.652,1,20,49.12,0.776,1,861,16.113,13.739,0,30,6207,211751.5,85.61,15,13.28
1786434196832,3641,v1,0.0416,0.5976,0.3491,1.3927,0.6876,0.032,0.2401,0.002993,0.65,1,25,58.87,0.328,1,413,16.176,15.04,0,30,6233,179724.6,94.35,14,10.46
1786434183920,3642,v1,0.0539,0.667,0.4728,1.524,0.3353,0.032,0.1734,0.001806,0.593,0,19,50.45,0.423,1,0,12.584,12.584,0,30,7120,158633.3,91.87,11,7.16
1786434185753,3643,v1,0.0314,0.2808,0.384,1.4243,0.4802,0.032,0.2011,0.002929,0.622,1,15,70.6,0.388,1,691,14.0,12.557,0,30,6963,216519.6,78.99,14,10.5
1786434187799,3644,v1,0.0523,0.5832,0.4132,2.0544,0.5262,0.032,0.0623,0.001441,0.709,1,17,58.88,0.688,1,2165,16.0,10.785,0,30,6812,291358.2,62.68,16,5.93
1786434189905,3645,v1,0.0636,0.2138,0.2553,0.9269,0.2786,0.032,0.1736,0.002057,0.714,1,33,60.92,0.537,1,672,19.242,17.269,0,30,6970,242771.6,86.43,16,8.02
1786434191777,3646,v1,0.0425,0.266,0.2904,1.492,0.917,0.032,0.2022,0.001989,0.652,0,17,45.79,0.643,1,0,15.089,15.089,0,30,7029,192462.1,84.41,15,7.73
1786434194158,3647,v1,0.068,0.5821,0.4775,2.1675,0.9627,0.032,0.2408,0.00236,0.611,1,8,49.76,0.426,1,3257,7.0,3.339,0,30,6336,277012.5,43.36,14,9.41
1786434195962,3648,v1,0.0552,0.6404,0.1531,1.6637,0.4996,0.032,0.0626,0.003308,0.591,1,18,54.67,0.793,1,897,14.328,12.05,0,30,5930,182159.5,87.54,14,12.68
1786434184384,3649,v1,0.0174,0.7479,0.2399,0.974,0.4675,0.032,0.0555,0.002863,0.581,1,15,86.76,0.505,1,0,11.245,11.245,0,30,5989,119557.6,84.78,10,11.25
1786434186945,3650,v1,0.035,0.9337,0.2513,2.2418,0.7605,0.032,0.2254,0.002165,0.713,1,5,30.7,0.506,1,3962,4.0,1.418,0,30,6197,321895.0,29.88,18,8.1
1786434188968,3651,v1,0.0523,0.5199,0.1358,2.2963,0.6041,0.032,0.2357,0.001396,0.642,0,13,64.24,0.788,1,2544,12.0,7.88,0,30,6287,275200.4,55.03,16,5.11
1786434191101,3652,v1,0.0465,0.227,0.2791,1.1011,0.5706,0.032,0.1022,0.003449,0.636,0,9,39.23,0.985,1,3340,8.0,4.419,0,30,5766,269645.4,37.98,15,13.16
1786434193088,3653,v1,0.0619,0.2317,0.3968,2.4872,0.2927,0.032,0.1596,0.002759,0.692,1,29,87.97,0.697,1,0,18.016,18.016,0,30,6575,212819.3,87.17,16,9.79
1786434194938,3654,v1,0.0757,0.5683,0.1791,1.2137,0.1945,0.032,0.0977,0.001822,0.653,0,9,20.72,0.716,1,2550,8.0,5.221,0,30,5595,237343.5,50.25,15,6.83
1786434197234,3655,v1,0.0573,0.482,0.2774,1.9804,0.9633,0.032,0.1867,0.001551,0.706,0,21,97.99,0.431,1,0,16.988,16.988,0,30,6730,195991.6,89.33,16,6.37
1786434193662,3656,v1,0.0508,0.7465,0.4504,2.0433,0.5096,0.032,0.0837,0.002388,0.65,0,36,48.94,0.729,1,0,18.234,18.234,0,30,6462,183852.9,97.37,15,9.29
1786434196192,3657,v1,0.0634,0.7407,0.2419,1.0841,0.7819,0.032,0.1055,0.002702,0.679,1,14,49.72,0.987,1,5831,13.0,0.0,0,30,6030,352281.5,0.0,-1,10.12
1786434198418,3658,v1,0.0545,0.9206,0.4668,1.8747,0.3202,0.032,0.2142,0.003036,0.689,0,35,21.06,0.593,1,348,18.453,17.573,0,30,7067,215019.4,89.55,15,10.58
1786434200339,3659,v1,0.0566,0.3006,0.1089,2.3664,0.7323,0.032,0.1063,0.002247,0.626,1,28,73.1,0.791,1,0,16.807,16.807,0,30,6168,175679.0,97.42,15,8.06
1786434201921,3660,v1,0.0541,0.8691,0.4897,2.094,0.5675,0.032,0.2122,0.001447,0.709,1,29,32.34,0.731,1,1030,18.157,15.026,0,30,6174,207539.9,89.1,16,5.78
1786434204127,3661,v1,0.0133,0.8092,0.1363,0.8555,0.5694,0.032,0.2119,0.002413,0.696,0,30,45.81,0.608,1,0,9.31,9.31,0,30,6654,309582.9,44.17,19,9.59
1786434205389,3662,v1,0.0523,0.7481,0.3886,2.3648,0.3187,0.032,0.1531,0.002129,0.588,0,35,46.24,0.667,1,0,17.005,17.005,0,30,6198,163614.1,95.5,13,8.86
1786434194502,3663,v1,0.0289,0.8294,0.4562,0.961,0.3325,0.032,0.0973,0.002925,0.652,0,35,35.38,0.835,1,0,18.203,18.203,0,30,6218,171245.5,88.48,15,11.23
1786434196403,3664,v1,0.0303,0.5712,0.1106,2.3119,0.3503,0.032,0.0741,0.002698,0.597,0,17,71.43,0.93,1,0,14.971,14.971,0,30,7203,207947.9,97.48,15,10.33
1786434198227,3665,v1,0.0707,0.5166,0.3009,2.2024,0.6482,0.032,0.1899,0.002762,0.588,1,24,94.08,0.476,1,0,14.58,14.58,0,30,6683,162972.6,93.32,12,10.28
1786434200220,3666,v1,0.0556,0.209,0.4082,0.9477,0.6433,0.032,0.1574,0.002634,0.709,0,30,78.64,0.6,1,0,17.895,17.895,0,30,6681,193158.9,93.01,15,9.74
1786434201777,3667,v1,0.0646,0.7797,0.257,1.0441,0.6253,0.032,0.2376,0.002772,0.645,0,32,57.62,0.486,1,0,17.424,17.424,0,30,6258,170895.6,97.87,15,10.79
1786434203191,3668,v1,0.0432,0.485,0.4494,1.9229,0.4054,0.032,0.2361,0.003191,0.662,0,9,90.15,0.91,1,0,8.0,8.0,0,30,6073,175838.3,86.66,15,12.37
1786434205599,3669,v1,0.0467,0.3471,0.299,1.4811,0.4887,0.032,0.2489,0.002498,0.706,0,15,33.76,0.946,1,4818,14.0,5.554,0,30,7080,336748.6,27.05,17,9.1
1786434196617,3670,v1,0.0745,0.7851,0.2218,2.2731,0.4824,0.032,0.1409,0.002857,0.692,1,28,37.83,0.391,1,603,17.696,16.022,0,30,6855,216278.0,97.07,16,11.38
1786434198557,3671,v1,0.0559,0.8802,0.1625,1.6748,0.3791,0.032,0.0783,0.003394,0.638,0,19,88.71,0.767,1,0,15.519,15.519,0,30,7047,191525.0,83.93,15,12.62
1786434200200,3672,v1,0.0454,0.7527,0.1268,1.0305,0.3229,0.032,0.2416,0.003711,0.64,1,28,90.18,0.695,1,0,16.777,16.777,0,30,6548,182797.1,91.54,15,13.99
1786434201809,3673,v1,0.058,0.2108,0.4031,1.7246,0.9631,0.032,0.086,0.002833,0.607,1,36,81.5,0.63,1,0,17.348,17.348,0,30,6356,164616.3,99.8,14,11.61
1786434203608,3674,v1,0.0299,0.6628,0.151,1.6902,0.5819,0.032,0.2161,0.003226,0.719,0,20,89.55,0.52,1,0,18.272,18.272,0,30,6229,248842.7,62.21,18,11.83
1786434205031,3675,v1,0.0515,0.9785,0.2216,1.058,0.9172,0.032,0.1952,0.001382,0.651,0,26,96.18,0.382,1,0,16.539,16.539,0,30,6650,192234.8,97.94,15,5.19
1786434207322,3676,v1,0.0208,0.7124,0.1631,1.9475,0.2855,0.032,0.0911,0.002037,0.707,0,13,39.22,0.657,1,2665,12.0,7.475,0,30,6027,328795.4,22.16,19,7.75
1786434198586,3677,v1,0.0668,0.9988,0.3683,1.3667,0.4793,0.032,0.2387,0.003056,0.647,0,9,60.75,0.93,1,3250,8.0,5.176,0,30,7068,292126.5,48.7,14,11.32
1786434200280,3678,v1,0.029,0.254,0.238,0.8295,0.6586,0.032,0.0613,0.00271,0.652,0,21,72.95,0.86,1,0,15.945,15.945,0,30,6384,182075.2,84.87,15,9.92
1786434201805,3679,v1,0.0574,0.346,0.1448,2.4823,0.788,0.032,0.0988,0.002802,0.707,0,28,85.41,0.485,1,0,18.412,18.412,0,30,5938,186860.4,85.93,16,10.36
1786434203756,3680,v1,0.041,0.3285,0.1289,1.8739,0.2411,0.032,0.1373,0.001586,0.709,1,33,86.98,0.808,1,0,22.21,22.21,0,30,6371,271206.0,85.68,17,6.7
1786434205140,3681,v1,0.0471,0.39,0.2091,2.1225,0.8386,0.032,0.2454,0.002866,0.597,1,32,57.74,0.824,1,939,17.021,14.281,0,30,6328,183421.4,88.66,14,10.92
1786434207915,3682,v1,0.0393,0.7633,0.3875,1.7654,0.5147,0.032,0.1118,0.002975,0.702,1,16,56.07,0.753,1,6454,15.0,0.0,0,30,6762,414638.0,0.0,-1,11.11
1786434210191,3683,v1,0.0207,0.5275,0.1104,2.1552,0.3951,0.032,0.0636,0.001675,0.712,1,32,96.02,0.488,1,0,3.831,3.831,0,30,6802,382627.4,17.07,-1,6.5
1786434198700,3684,v1,0.0745,0.8697,0.4138,1.2787,0.9986,0.032,0.1368,0.003597,0.704,1,12,68.94,0.344,1,2565,11.0,6.482,0,30,6498,263322.4,52.81,15,13.36
1786434200598,3685,v1,0.0567,0.3617,0.2968,0.8682,0.689,0.032,0.1846,0.003509,0.642,1,18,60.91,0.623,1,772,14.711,12.912,0,30,6577,193076.3,88.56,14,12.27
1786434201998,3686,v1,0.0644,0.983,0.3802,1.9328,0.5982,0.032,0.1665,0.002436,0.678,0,15,89.47,0.547,1,0,13.965,13.965,0,30,6298,180139.6,89.21,15,9.0
1786434204040,3687,v1,0.0328,0.6172,0.1657,1.4989,0.6761,0.032,0.0654,0.001909,0.637,0,19,40.07,0.933,1,0,15.638,15.638,0,30,7037,192344.6,86.57,15,7.11
1786434205419,3688,v1,0.0336,0.5001,0.2231,2.1088,0.5747,0.032,0.2231,0.002505,0.69,1,34,47.06,0.772,1,916,19.641,16.527,0,30,6258,207875.9,84.36,16,9.86
1786434208027,3689,v1,0.0102,0.2918,0.3521,1.0565,0.5152,0.032,0.2355,0.003744,0.701,0,28,64.14,0.641,1,0,6.232,6.232,0,30,6810,334670.3,30.79,19,13.99
1786434209866,3690,v1,0.0314,0.9481,0.1867,2.4766,0.9474,0.032,0.0871,0.001278,0.621,0,11,29.17,0.5,1,2108,10.0,7.301,0,30,6327,243934.9,62.51,16,5.12
1786434199775,3691,v1,0.0123,0.6064,0.3554,1.2539,0.9899,0.032,0.149,0.001965,0.695,0,21,87.37,0.635,1,0,11.082,11.082,0,30,6857,275388.2,51.92,18,7.74
1786434201285,3692,v1,0.066,0.9262,0.2108,1.0024,0.4648,0.032,0.0866,0.003201,0.593,0,21,79.73,0.853,1,0,13.728,13.728,0,30,5774,137200.6,93.62,12,12.02
1786434203484,3693,v1,0.0123,0.6464,0.3765,1.0977,0.1582,0.032,0.2412,0.001522,0.658,1,7,76.43,0.792,1,5618,6.0,0.0,0,30,5672,332516.9,0.0,-1,6.08
1786434205174,3694,v1,0.0442,0.593,0.1542,1.3619,0.5392,0.032,0.0614,0.001446,0.675,1,17,23.34,0.614,1,1710,15.75,11.136,0,30,6020,241347.7,67.93,15,5.6
1786434206867,3695,v1,0.0308,0.562,0.3676,1.442,0.3569,0.032,0.0615,0.003343,0.627,0,29,65.72,0.505,1,0,16.566,16.566,0,30,6122,168073.9,84.16,14,11.99
1786434208207,3696,v1,0.0138,0.5545,0.1697,1.1038,0.3217,0.032,0.1423,0.003205,0.586,0,17,23.15,0.774,1,437,13.321,12.471,0,30,6085,155997.2,85.1,12,12.93
1786434209566,3697,v1,0.0668,0.4423,0.4345,1.9093,0.2961,0.032,0.182,0.00296,0.687,1,19,22.81,0.585,1,619,15.967,14.088,0,30,5505,180912.2,94.3,15,11.28
1786434199876,3698,v1,0.0781,0.7549,0.3938,2.2041,0.2539,0.032,0.2375,0.001859,0.645,1,17,62.18,0.544,1,0,14.933,14.933,0,30,6431,175116.2,98.41,15,7.9
1786434201790,3699,v1,0.0785,0.5498,0.3173,1.3837,0.4383,0.032,0.0708,0.001661,0.717,1,23,31.16,0.848,1,1048,16.549,13.938,0,30,6829,249086.2,92.84,15,6.12
1786434203624,3700,v1,0.0191,0.2353,0.1928,1.9609,0.2388,0.032,0.1498,0.002215,0.705,1,20,58.1,0.466,1,1335,18.749,14.14,0,30,5695,249804.1,61.39,18,8.78
1786434205120,3701,v1,0.0688,0.4394,0.2464,2.2684,0.955,0.032,0.1991,0.003615,0.649,1,7,69.12,0.354,1,2515,6.0,3.086,0,30,5293,217609.2,46.3,15,13.55
1786434207110,3702,v1,0.0396,0.3707,0.471,2.0736,0.4717,0.032,0.1029,0.001914,0.626,0,33,38.07,0.76,1,0,17.467,17.467,0,30,6603,175542.0,94.1,14,7.45
1786434208285,3703,v1,0.0759,0.872,0.1863,1.0174,0.7699,0.032,0.2417,0.002131,0.616,0,8,96.84,0.39,1,0,7.0,7.0,0,30,5624,144988.7,100.0,14,7.79
1786434209692,3704,v1,0.0331,0.7646,0.3108,2.3615,0.356,0.032,0.2441,0.003321,0.618,0,26,53.64,0.923,1,0,16.55,16.55,0,30,6359,171157.8,88.02,15,12.25
1786434200489,3705,v1,0.0307,0.5276,0.2034,2.1483,0.596,0.032,0.2402,0.00229,0.608,0,34,22.0,0.902,1,640,17.757,16.02,0,30,6238,183378.3,91.93,14,9.12
1786434202498,3706,v1,0.046,0.3909,0.4882,1.8027,0.5178,0.032,0.1614,0.003059,0.647,1,8,31.83,0.482,1,4065,7.0,2.67,0,30,6703,320469.4,34.71,15,11.38
1786434204269,3707,v1,0.0435,0.3716,0.37,2.1316,0.3406,0.032,0.1228,0.002888,0.632,0,35,58.14,0.862,1,0,17.969,17.969,0,30,6431,180625.7,92.72,15,10.73
1786434206253,3708,v1,0.0441,0.4012,0.4758,1.0919,0.7585,0.032,0.1133,0.003726,0.607,1,11,54.14,0.988,1,5106,9.948,0.246,0,30,5447,302127.5,3.19,-1,13.9
1786434207977,3709,v1,0.0675,0.6973,0.2498,0.9773,0.9026,0.032,0.2011,0.003255,0.643,0,10,33.8,0.633,1,2218,9.0,6.706,0,30,6949,251785.1,61.08,14,12.16
1786434209498,3710,v1,0.0622,0.9719,0.2531,1.529,0.5493,0.032,0.1467,0.001357,0.669,0,10,22.37,0.352,1,1296,9.0,7.433,0,30,5870,199963.0,66.2,15,5.62
1786434211644,3711,v1,0.0303,0.4705,0.4146,1.8891,0.9145,0.032,0.2244,0.001235,0.698,0,5,57.03,0.6,1,2666,4.0,3.112,0,30,6032,262413.5,49.26,18,4.56
1786434208262,3712,v1,0.0349,0.4512,0.3065,0.8878,0.6097,0.032,0.1572,0.003556,0.608,0,10,43.55,0.739,1,2959,9.0,5.552,0,30,6234,249251.4,45.49,12,13.86
1786434209662,3713,v1,0.064,0.8687,0.3665,1.4386,0.5454,0.032,0.0538,0.002427,0.628,0,22,99.91,0.625,1,0,15.27,15.27,0,30,5935,159656.9,85.43,14,9.79
1786434211580,3714,v1,0.0174,0.3366,0.4799,1.7689,0.2321,0.032,0.0779,0.001851,0.633,0,14,67.26,0.488,1,2344,13.0,9.002,0,30,6608,250279.5,56.72,15,7.14
1786434213865,3715,v1,0.0672,0.5753,0.1137,1.449,0.2167,0.032,0.2423,0.001565,0.587,0,27,25.12,0.821,1,482,15.806,14.704,0,30,6257,174403.0,99.05,14,6.06
1786434215230,3716,v1,0.0371,0.8411,0.1679,2.1113,0.711,0.032,0.1675,0.003149,0.694,1,36,93.93,0.828,1,0,20.377,20.377,0,30,6168,193861.2,92.04,17,11.56
1786434217104,3717,v1,0.0775,0.5095,0.4661,1.153,0.557,0.032,0.159,0.001501,0.638,0,21,88.14,0.646,1,0,15.044,15.044,0,30,5988,152671.7,85.16,14,6.38
1786434218511,3718,v1,0.0341,0.804,0.2032,2.3797,0.7549,0.032,0.1785,0.003272,0.671,1,33,96.52,0.834,1,0,19.772,19.772,0,30,5842,187057.4,88.77,17,12.07
1786434208623,3719,v1,0.0154,0.7235,0.2902,1.5295,0.6527,0.032,0.2203,0.001451,0.66,0,5,87.52,0.673,1,0,4.0,4.0,0,30,6237,209387.2,84.4,17,5.07
1786434211273,3720,v1,0.0131,0.3879,0.1587,1.7113,0.161,0.032,0.1616,0.003225,0.712,1,25,43.89,0.402,1,67,1.445,1.242,0,30,6988,395472.8,7.37,-1,11.95
1786434214135,3721,v1,0.0206,0.7628,0.2921,1.9617,0.316,0.032,0.2114,0.00358,0.622,1,15,38.58,0.81,1,5705,14.0,0.536,0,30,6269,354572.7,3.83,-1,14.1
1786434215643,3722,v1,0.057,0.9085,0.2778,2.1608,0.3821,0.032,0.1176,0.002768,0.646,1,34,43.26,0.587,1,722,18.017,15.839,0,30,6508,189966.3,84.76,15,10.22
1786434218350,3723,v1,0.0115,0.8086,0.2097,1.8811,0.1716,0.032,0.2348,0.002261,0.692,0,32,56.24,0.938,1,0,4.184,4.184,0,30,6805,369547.2,19.52,-1,9.05
1786434221013,3724,v1,0.0108,0.7895,0.2887,1.8717,0.863,0.032,0.11,0.003087,0.714,0,4,96.85,0.848,1,0,3.0,3.0,0,30,6633,379443.4,0.0,-1,11.29
1786434224293,3725,v1,0.0107,0.6471,0.1392,1.5928,0.666,0.032,0.169,0.001696,0.712,1,15,62.94,0.798,1,5947,14.0,0.0,0,30,6093,376999.1,0.0,-1,6.43
1786434209600,3726,v1,0.0558,0.3385,0.189,1.4421,0.2433,0.032,0.1227,0.003054,0.651,1,17,26.13,0.937,1,961,15.242,13.074,0,30,7008,224548.6,85.54,15,11.93
1786434211301,3727,v1,0.0769,0.6339,0.4904,1.1545,0.4032,0.032,0.0903,0.003297,0.669,0,11,77.37,0.689,1,0,10.0,10.0,0,30,6822,194133.4,100.0,15,12.27
1786434213506,3728,v1,0.0375,0.9342,0.2717,1.988,0.8387,0.032,0.2342,0.001824,0.604,0,35,36.5,0.484,1,0,17.756,17.756,0,30,6267,175904.6,93.38,14,6.64
1786434215274,3729,v1,0.0536,0.3048,0.3508,1.0785,0.767,0.032,0.1509,0.0013,0.62,1,10,62.02,0.351,1,2536,9.0,5.241,0,30,6151,248816.2,56.57,14,5.19
1786434217306,3730,v1,0.0491,0.4045,0.3025,1.7421,0.1531,0.032,0.1257,0.001332,0.677,1,18,80.91,0.834,1,0,15.939,15.939,0,30,6284,203921.2,96.38,16,5.33
1786434218591,3731,v1,0.0603,0.8924,0.2443,0.9013,0.7033,0.032,0.0787,0.002379,0.713,0,35,61.82,0.352,1,0,18.77,18.77,0,30,6007,179817.3,97.29,16,9.36
1786434220186,3732,v1,0.0462,0.2325,0.3858,1.2515,0.696,0.032,0.1796,0.003552,0.68,0,18,69.97,0.998,1,0,15.621,15.621,0,30,5786,170021.9,90.06,15,13.43
1786434211648,3733,v1,0.066,0.6766,0.4132,2.2271,0.5307,0.032,0.059,0.002257,0.654,1,17,82.64,0.793,1,0,15.002,15.002,0,30,5714,155771.1,95.25,15,9.49
1786434214092,3734,v1,0.0359,0.3404,0.1291,1.4218,0.6806,0.032,0.1837,0.002711,0.716,0,4,50.38,0.343,1,1195,3.0,2.8,0,30,6034,237901.1,68.84,18,10.41
1786434216266,3735,v1,0.0127,0.8969,0.1125,2.2795,0.3773,0.032,0.2278,0.002232,0.605,0,4,46.12,0.878,1,3990,3.0,2.373,0,30,6392,310094.0,31.6,17,8.01
1786434218034,3736,v1,0.0302,0.9061,0.4702,1.7716,0.1026,0.032,0.1345,0.003057,0.713,0,20,77.17,0.353,1,0,18.205,18.205,0,30,5913,242881.1,89.7,17,11.5
1786434219707,3737,v1,0.0703,0.8672,0.4225,1.9323,0.3252,0.032,0.1536,0.002241,0.598,0,31,80.96,0.709,1,0,16.311,16.311,0,30,6174,165864.1,94.43,13,8.23
1786434221236,3738,v1,0.0543,0.5216,0.4132,1.2207,0.6007,0.032,0.2372,0.0018,0.675,0,15,98.32,0.771,1,0,14.0,14.0,0,30,6801,189942.6,86.55,15,6.44
1786434223660,3739,v1,0.0515,0.209,0.4067,1.3486,0.6846,0.032,0.1441,0.001586,0.673,1,36,53.88,0.836,1,1142,18.336,15.307,0,30,7228,214529.8,83.92,15,5.99
1786434212277,3740,v1,0.0692,0.8266,0.1684,1.2383,0.6585,0.032,0.2328,0.001472,0.594,0,30,58.24,0.5,1,0,15.331,15.331,0,30,5808,134812.6,92.32,11,6.06
1786434214732,3741,v1,0.0379,0.7927,0.2229,2.3654,0.7292,0.032,0.1815,0.002753,0.64,0,15,72.43,0.881,1,4409,14.0,5.96,0,30,6848,322379.3,29.31,16,10.35
1786434217696,3742,v1,0.0434,0.8753,0.1889,2.0721,0.2612,0.032,0.0985,0.001823,0.627,1,4,34.26,0.636,1,5438,3.0,0.586,0,30,6790,358937.8,16.46,-1,6.98
1786434218960,3743,v1,0.0769,0.8854,0.4888,1.3014,0.8166,0.032,0.0813,0.002549,0.666,1,32,37.87,0.362,1,473,17.276,15.684,0,30,5525,160167.0,93.23,14,9.57
1786434220608,3744,v1,0.0448,0.9168,0.4198,1.3908,0.9866,0.032,0.0796,0.00354,0.616,0,29,84.36,0.739,1,0,16.3,16.3,0,30,6159,163490.0,89.41,14,12.91
1786434222032,3745,v1,0.0311,0.5978,0.1189,2.1966,0.116,0.032,0.191,0.002799,0.595,0,20,80.42,0.551,1,0,15.525,15.525,0,30,5919,167401.2,99.77,15,10.37
1786434224621,3746,v1,0.0635,0.6519,0.1004,2.1701,0.7114,0.032,0.2197,0.001306,0.648,1,21,29.64,0.41,1,586,16.094,14.553,0,30,6230,204687.2,89.76,15,5.17
1786434213575,3747,v1,0.0416,0.7792,0.3294,1.6066,0.3673,0.032,0.1328,0.002968,0.714,0,31,25.33,0.942,1,710,19.512,17.369,0,30,6288,232840.9,84.0,17,10.56
1786434215414,3748,v1,0.0619,0.6636,0.4355,1.9568,0.5751,0.032,0.1133,0.001539,0.7,0,17,36.76,0.461,1,509,15.976,15.001,0,30,7493,236703.6,79.05,16,5.94
1786434217171,3749,v1,0.0389,0.7136,0.3901,1.2036,0.8637,0.032,0.1454,0.002608,0.588,0,15,22.85,0.321,1,257,11.316,10.915,0,30,6081,130452.9,87.23,10,10.28
1786434218425,3750,v1,0.0458,0.8318,0.1944,2.1457,0.191,0.032,0.2089,0.001794,0.608,1,21,94.97,0.379,1,0,15.525,15.525,0,30,5630,160667.0,95.19,14,6.98
1786434220078,3751,v1,0.0214,0.5212,0.4392,1.7156,0.7488,0.032,0.1203,0.002208,0.626,1,23,38.31,0.343,1,357,15.809,14.793,0,30,5762,172892.8,84.21,14,8.78
1786434221891,3752,v1,0.0638,0.5022,0.4792,1.6344,0.2386,0.032,0.0653,0.002877,0.649,0,12,42.07,0.482,1,1762,11.0,8.57,0,30,6747,243433.4,68.23,14,11.4
1786434224875,3753,v1,0.0589,0.3216,0.171,1.2491,0.3849,0.032,0.2239,0.002516,0.671,0,21,99.7,0.317,1,0,16.061,16.061,0,30,7476,210924.6,88.6,15,9.79
1786434213999,3754,v1,0.0684,0.4962,0.4184,0.9346,0.226,0.032,0.0755,0.00328,0.628,1,36,89.86,0.798,1,0,17.273,17.273,0,30,6020,161508.8,98.82,14,12.08
1786434215403,3755,v1,0.0456,0.9533,0.3138,1.2951,0.657,0.032,0.1185,0.003089,0.614,1,17,28.45,0.788,1,953,14.315,12.011,0,30,6162,191435.9,85.1,14,11.65
1786434217510,3756,v1,0.022,0.8258,0.3284,1.6943,0.3844,0.032,0.051,0.002649,0.663,1,29,25.14,0.864,1,1038,18.495,15.384,0,30,6619,228461.2,84.57,16,9.91
1786434219312,3757,v1,0.0348,0.4635,0.2989,2.3951,0.3617,0.032,0.0725,0.002868,0.712,1,24,95.97,0.747,1,0,18.947,18.947,0,30,6405,242838.0,85.96,18,11.57
1786434220988,3758,v1,0.0663,0.8804,0.2558,2.2339,0.8447,0.032,0.1176,0.002339,0.661,0,35,66.64,0.641,1,0,18.449,18.449,0,30,6968,199522.2,89.83,15,8.61
1786434223582,3759,v1,0.0279,0.7615,0.2692,0.9633,0.9316,0.032,0.08,0.002417,0.65,0,7,22.8,0.942,1,3107,6.0,4.07,0,30,6547,291310.9,44.9,15,9.42
1786434225384,3760,v1,0.0481,0.4028,0.3817,1.2748,0.3228,0.032,0.1052,0.001214,0.604,1,33,96.14,0.865,1,0,16.001,16.001,0,30,6959,168399.1,87.22,12,4.66
1786434214278,3761,v1,0.0289,0.3534,0.2284,2.0898,0.3498,0.032,0.1226,0.00335,0.588,0,34,60.45,0.535,1,0,17.187,17.187,0,30,5840,155894.8,86.84,14,12.4
1786434215436,3762,v1,0.0658,0.7064,0.4206,0.9437,0.7517,0.032,0.0714,0.002806,0.584,0,23,87.4,0.846,1,0,11.323,11.323,0,30,6193,108502.3,86.35,9,10.74
1786434217322,3763,v1,0.0612,0.3322,0.323,1.4983,0.6687,0.032,0.1902,0.002023,0.711,1,30,78.54,0.635,1,0,18.242,18.242,0,30,5921,174584.7,86.57,16,7.87
1786434218873,3764,v1,0.0519,0.8816,0.4165,1.9839,0.1958,0.032,0.2285,0.002105,0.677,0,17,23.64,0.799,1,316,15.476,14.792,0,30,6240,200903.2,89.56,15,8.04
1786434220257,3765,v1,0.0573,0.3799,0.2432,2.0626,0.7155,0.032,0.2043,0.002963,0.647,1,32,99.85,0.854,1,0,17.643,17.643,0,30,5229,150979.5,84.52,15,11.15
1786434221794,3766,v1,0.0224,0.862,0.175,1.3233,0.2312,0.032,0.1508,0.002531,0.704,0,25,23.62,0.479,1,336,17.757,16.765,0,30,6216,252476.9,83.27,18,9.06
1786434224507,3767,v1,0.0368,0.8673,0.3687,1.6159,0.1631,0.032,0.089,0.002053,0.639,0,25,95.33,0.894,1,0,16.413,16.413,0,30,7133,197717.5,85.04,15,7.85
1786434220973,3768,v1,0.0567,0.5215,0.2582,1.8642,0.7191,0.032,0.1923,0.002054,0.618,0,9,65.75,0.33,1,1082,8.0,6.808,0,30,5542,186326.3,73.3,14,8.08
1786434222740,3769,v1,0.0635,0.3347,0.4974,1.2343,0.7732,0.032,0.2424,0.002818,0.701,0,36,40.18,0.545,1,0,18.708,18.708,0,30,6895,193077.8,91.8,15,10.62
1786434224863,3770,v1,0.0765,0.987,0.3648,1.1096,0.9567,0.032,0.2209,0.002087,0.584,0,19,52.8,0.937,1,0,10.456,10.456,0,30,6505,116429.5,87.98,8,8.12
1786434225931,3771,v1,0.0324,0.9346,0.2569,2.4908,0.5343,0.032,0.0661,0.001966,0.589,1,16,58.52,0.325,1,0,14.417,14.417,0,30,6325,169534.0,88.86,14,7.4
1786434227516,3772,v1,0.0546,0.7993,0.2889,1.494,0.9769,0.032,0.0931,0.002977,0.678,0,34,29.27,0.989,1,749,18.265,16.229,0,30,6556,197763.1,86.54,15,10.89
1786434228692,3773,v1,0.0363,0.5966,0.3308,2.1198,0.9453,0.032,0.1586,0.002086,0.706,0,27,80.22,0.498,1,0,18.991,18.991,0,30,5751,182054.9,89.41,17,7.74
1786434230272,3774,v1,0.017,0.4364,0.2064,2.253,0.3801,0.032,0.0599,0.003749,0.696,0,32,60.14,0.804,1,0,11.482,11.482,0,30,6269,279694.1,51.3,18,13.13
1786434222352,3775,v1,0.0775,0.6719,0.2503,2.4237,0.3917,0.032,0.245,0.002367,0.688,0,20,31.26,0.982,1,564,16.084,14.682,0,30,5891,203361.7,93.26,15,9.51
1786434224628,3776,v1,0.0124,0.8086,0.2078,0.8713,0.6043,0.032,0.19,0.003637,0.645,1,24,81.3,0.999,1,0,16.948,16.948,0,30,5810,175166.6,84.1,15,13.49
1786434225941,3777,v1,0.0558,0.8292,0.4313,2.1124,0.9881,0.032,0.2439,0.002497,0.637,0,9,97.93,0.439,1,0,8.0,8.0,0,30,7226,189613.0,94.63,14,10.39
1786434227995,3778,v1,0.0791,0.3351,0.4513,1.0786,0.8094,0.032,0.1926,0.003658,0.706,1,7,41.67,0.925,1,5691,6.0,0.0,0,30,5834,345528.4,2.01,-1,13.76
1786434229039,3779,v1,0.0515,0.6959,0.3702,0.868,0.253,0.032,0.0965,0.003374,0.649,0,22,72.48,0.659,1,0,15.485,15.485,0,30,5870,155649.9,90.6,14,12.59
1786434230904,3780,v1,0.0712,0.2455,0.3932,0.9597,0.1298,0.032,0.2128,0.001385,0.598,0,8,37.34,0.994,1,4666,7.0,3.13,0,30,6079,325764.6,20.34,12,5.1
1786434231732,3781,v1,0.0629,0.4914,0.4383,2.2473,0.6917,0.032,0.1287,0.001851,0.661,0,26,75.75,0.695,1,0,16.681,16.681,0,30,5953,173443.6,84.11,15,7.46
1786434225837,3782,v1,0.0222,0.7398,0.399,2.0196,0.9531,0.032,0.1575,0.002423,0.593,0,21,87.45,0.975,1,0,14.791,14.791,0,30,6317,157739.5,86.22,14,9.59
1786434227945,3783,v1,0.0106,0.7043,0.2665,1.2256,0.7983,0.032,0.1479,0.003176,0.653,1,13,67.57,0.807,1,5388,12.0,0.965,0,30,6078,341109.2,6.99,-1,11.83
1786434229390,3784,v1,0.0585,0.8373,0.1616,1.4204,0.6516,0.032,0.222,0.002101,0.701,1,12,51.38,0.472,1,3632,11.0,4.108,0,30,5917,294741.4,32.19,16,7.3
1786434231124,3785,v1,0.0745,0.5642,0.3361,1.2164,0.7679,0.032,0.1166,0.002329,0.641,1,8,66.12,0.34,1,2947,7.0,3.59,0,30,6148,256799.7,46.63,14,8.54
1786434232051,3786,v1,0.0523,0.7384,0.2113,1.7729,0.7576,0.032,0.213,0.001546,0.686,0,34,25.69,0.641,1,380,18.87,17.865,0,30,6644,207705.6,83.72,16,6.16
1786434233088,3787,v1,0.0312,0.8052,0.2477,1.7196,0.1962,0.032,0.2256,0.001795,0.713,1,19,77.62,0.793,1,2587,17.985,10.431,0,30,6353,323359.3,57.69,18,6.56
1786434234043,3788,v1,0.038,0.3115,0.1338,1.1126,0.5605,0.032,0.1354,0.003431,0.62,0,14,28.22,0.657,1,2583,13.0,8.325,0,30,6356,251376.1,53.3,14,12.9
1786434227053,3789,v1,0.0303,0.6146,0.4075,1.8935,0.9237,0.032,0.2444,0.002457,0.683,1,11,43.19,0.456,1,3301,10.0,4.096,0,30,5726,271801.1,36.48,17,8.99
1786434228101,3790,v1,0.06,0.953,0.4675,1.9472,0.6846,0.032,0.1192,0.003089,0.68,0,12,80.14,0.579,1,0,11.0,11.0,0,30,5545,162610.2,93.54,15,11.52
1786434229477,3791,v1,0.0558,0.3684,0.3481,1.8826,0.6233,0.032,0.1217,0.002096,0.633,0,7,73.5,0.982,1,3461,6.0,3.611,0,30,5860,278557.3,39.08,15,7.32
1786434231188,3792,v1,0.0237,0.581,0.1744,1.4095,0.4678,0.032,0.0726,0.003178,0.658,0,13,39.42,0.497,1,2069,12.0,8.802,0,30,6743,262580.4,62.3,16,12.46
1786434231981,3793,v1,0.0643,0.8951,0.4036,2.3363,0.835,0.032,0.1089,0.003267,0.666,0,27,44.08,0.476,1,0,17.066,17.066,0,30,5922,168263.6,88.81,15,11.84
1786434232646,3794,v1,0.0373,0.427,0.3199,1.9177,0.8884,0.032,0.1618,0.002287,0.646,1,28,76.26,0.44,1,0,17.572,17.572,0,30,6049,178804.6,96.47,16,9.37
1786434233478,3795,v1,0.0574,0.6454,0.3861,1.5897,0.3297,0.032,0.1191,0.001335,0.634,1,30,78.78,0.808,1,0,16.771,16.771,0,30,5945,167925.9,90.06,14,4.86
1786434227133,3796,v1,0.0446,0.3336,0.4313,1.6342,0.1687,0.032,0.1505,0.002848,0.646,1,19,71.19,0.619,1,0,15.047,15.047,0,30,6530,182449.4,91.26,14,9.94
1786434228340,3797,v1,0.056,0.7002,0.141,0.8953,0.2839,0.032,0.1028,0.002898,0.705,0,25,89.86,0.442,1,0,17.681,17.681,0,30,5993,210194.1,89.55,16,10.56
1786434229252,3798,v1,0.0365,0.484,0.1737,1.0509,0.417,0.032,0.1905,0.002874,0.598,0,29,53.9,0.743,1,0,15.646,15.646,0,30,5632,139720.8,88.31,12,11.24
1786434230701,3799,v1,0.0326,0.3467,0.4164,1.894,0.4887,0.032,0.1512,0.002395,0.584,0,34,85.43,0.646,1,0,15.955,15.955,0,30,6309,153363.2,84.47,12,9.13
1786434239860,3800,v1,0.0588,0.8438,0.4037,1.9253,0.2066,0.032,0.1651,0.002737,0.717,0,32,26.17,0.332,1,16,20.071,20.014,0,30,5445,205435.0,90.94,16,10.45
1786434242034,3801,v1,0.0103,0.3408,0.3968,1.869,0.8693,0.032,0.1799,0.002486,0.713,1,29,54.89,0.854,1,0,0.0,0.0,0,30,5923,335646.1,0.0,-1,10.45
1786434243529,3802,v1,0.0293,0.3287,0.3686,1.2522,0.5193,0.032,0.0937,0.002165,0.694,0,18,47.37,0.455,1,1147,16.979,13.958,0,30,5914,217705.2,71.17,17,7.96
1786434245619,3803,v1,0.0534,0.71,0.2693,1.001,0.8666,0.032,0.1459,0.001534,0.648,0,8,34.96,0.565,1,1840,7.0,5.585,0,30,6594,241528.6,69.74,15,6.66
1786434246685,3804,v1,0.0192,0.9637,0.4282,0.9285,0.6798,0.032,0.2327,0.0036,0.596,0,21,73.63,0.559,1,0,12.032,12.032,0,30,6270,122439.2,85.1,10,12.58
1786434248272,3805,v1,0.0458,0.4625,0.4572,2.0671,0.2595,0.032,0.0564,0.001717,0.598,1,36,85.12,0.469,1,0,16.952,16.952,0,30,6047,152774.4,92.36,13,6.18
1786434249443,3806,v1,0.0572,0.3843,0.1658,1.9022,0.6352,0.032,0.198,0.001246,0.664,1,24,25.22,0.484,1,516,16.676,15.023,0,30,5291,165765.1,92.23,15,4.91
1786434240212,3807,v1,0.0591,0.8642,0.144,1.199,0.3976,0.032,0.209,0.001858,0.631,0,24,26.42,0.359,1,233,15.853,15.349,0,30,6610,191500.4,91.9,14,7.2
1786434241635,3808,v1,0.0664,0.911,0.2206,1.3153,0.5285,0.032,0.069,0.001911,0.58,1,26,57.11,0.55,1,0,14.222,14.222,0,30,5324,119457.9,90.01,11,8.06
1786434243739,3809,v1,0.0699,0.6397,0.3511,2.3352,0.1395,0.032,0.1824,0.002439,0.658,1,9,65.67,0.554,1,4767,8.0,1.89,0,30,6371,321384.5,21.96,15,9.35
1786434246103,3810,v1,0.0499,0.3937,0.1681,0.905,0.3948,0.032,0.0959,0.002505,0.603,1,7,90.98,0.819,1,5674,6.0,0.402,0,30,6179,349907.6,6.45,-1,9.61
1786434247223,3811,v1,0.0486,0.6782,0.3881,1.4824,0.4163,0.032,0.2427,0.003352,0.652,0,22,32.47,0.524,1,0,15.727,15.727,0,30,4963,136822.2,91.82,14,13.44
1786434248794,3812,v1,0.0449,0.7785,0.2273,1.506,0.7137,0.032,0.0657,0.0014,0.649,1,23,20.43,0.838,1,928,16.176,13.519,0,30,5778,191815.5,85.52,15,5.11
1786434251089,3813,v1,0.0251,0.2737,0.1747,2.4041,0.9366,0.032,0.184,0.003178,0.632,1,12,94.94,0.802,1,6150,11.0,0.0,0,30,6373,376148.4,0.0,-1,12.43
1786434240516,3814,v1,0.0101,0.6528,0.4056,1.8535,0.4699,0.032,0.1709,0.002482,0.592,0,16,74.85,0.376,1,0,13.607,13.607,0,30,5624,144327.4,84.31,13,9.37
1786434242486,3815,v1,0.0666,0.3097,0.4022,2.0112,0.6357,0.032,0.2199,0.002146,0.626,1,15,24.36,0.507,1,1738,14.0,9.827,0,30,6034,216526.1,60.49,14,8.7
1786434244272,3816,v1,0.0138,0.9053,0.3027,1.9798,0.4574,0.032,0.2285,0.001588,0.647,1,33,54.14,0.702,1,0,19.331,19.331,0,30,7480,226207.5,87.32,16,6.15
1786434245914,3817,v1,0.0754,0.4282,0.3924,1.4161,0.1877,0.032,0.1971,0.002102,0.665,1,31,22.73,0.801,1,855,17.352,14.842,0,30,6245,187244.1,99.47,15,8.57
1786434247192,3818,v1,0.0756,0.7532,0.4675,1.4978,0.8367,0.032,0.2331,0.001326,0.608,1,25,83.58,0.726,1,0,14.777,14.777,0,30,5751,141651.0,87.75,12,5.01
1786434248827,3819,v1,0.0678,0.9381,0.3245,2.2197,0.9823,0.032,0.1258,0.002067,0.634,1,27,47.3,0.736,1,915,16.566,13.949,0,30,6055,189471.4,96.75,15,8.27
1786434250952,3820,v1,0.058,0.7278,0.2088,0.8056,0.9188,0.032,0.1252,0.003753,0.643,1,6,31.71,0.52,1,3934,5.0,1.912,0,30,6498,291321.4,35.74,15,13.7
1786434241687,3821,v1,0.0677,0.2321,0.2809,2.0122,0.4818,0.032,0.2341,0.001608,0.647,0,31,37.51,0.371,1,0,17.232,17.232,0,30,6744,180700.0,96.44,15,6.33
1786434243193,3822,v1,0.0236,0.5425,0.3046,2.1462,0.1671,0.032,0.2359,0.002569,0.607,1,26,69.07,0.713,1,0,16.65,16.65,0,30,6475,181675.6,84.77,15,10.02
1786434245268,3823,v1,0.0557,0.5415,0.2596,1.8543,0.7171,0.032,0.1932,0.001678,0.638,0,6,70.68,0.629,1,2491,5.0,3.845,0,30,6517,259250.5,56.2,14,6.71
1786434246809,3824,v1,0.0134,0.2448,0.1692,1.6207,0.4914,0.032,0.2456,0.002332,0.62,0,9,76.93,0.856,1,2458,8.0,5.378,0,30,5709,250315.0,49.56,16,8.57
1786434248550,3825,v1,0.0476,0.889,0.2669,2.3949,0.7178,0.032,0.2333,0.002066,0.622,0,5,99.72,0.938,1,0,4.0,4.0,0,30,6690,188059.2,95.74,15,8.46
1786434250023,3826,v1,0.0475,0.2725,0.1047,1.1865,0.8656,0.032,0.1804,0.002369,0.694,0,32,55.23,0.801,1,0,18.489,18.489,0,30,6871,216049.9,84.54,16,8.3
1786434251370,3827,v1,0.0579,0.8643,0.3419,1.3583,0.7745,0.032,0.2139,0.001878,0.685,1,17,44.9,0.397,1,228,15.58,14.965,0,30,5749,172557.9,91.8,15,7.04
1786434242235,3828,v1,0.0103,0.4276,0.3672,2.1284,0.2589,0.032,0.1665,0.00377,0.616,1,30,29.47,0.867,1,891,17.591,14.694,0,30,6013,187912.2,85.46,15,14.75
1786434243357,3829,v1,0.0379,0.4822,0.4274,1.5789,0.5791,0.032,0.2315,0.003149,0.669,0,18,41.16,0.634,1,0,15.846,15.846,0,30,5634,164821.8,96.21,16,12.12
1786434245250,3830,v1,0.0696,0.243,0.458,2.3164,0.1023,0.032,0.0554,0.002435,0.678,1,36,76.18,0.792,1,0,19.503,19.503,0,30,6449,216729.6,90.4,15,9.37
1786434246690,3831,v1,0.0756,0.2233,0.4034,1.2745,0.1319,0.032,0.0878,0.001884,0.677,0,32,57.47,0.977,1,0,17.775,17.775,0,30,6623,201147.2,92.91,15,7.61
1786434248877,3832,v1,0.0344,0.8325,0.426,2.2134,0.2127,0.032,0.1003,0.001553,0.583,1,13,67.68,0.362,1,2182,11.812,8.109,0,30,7176,239612.1,59.7,12,5.87
1786434250145,3833,v1,0.0128,0.4673,0.2413,1.8032,0.5144,0.032,0.1248,0.003451,0.607,0,35,84.91,0.759,1,0,18.281,18.281,0,30,5754,162410.9,85.82,15,12.95
1786434252646,3834,v1,0.0399,0.896,0.2669,1.3264,0.115,0.032,0.1974,0.003402,0.656,1,5,99.47,0.522,1,5002,4.0,0.883,0,30,6498,347507.6,20.31,16,12.73
1786434243547,3835,v1,0.0158,0.4291,0.4074,1.6137,0.9552,0.032,0.1083,0.003056,0.719,1,36,38.11,0.865,1,180,3.204,2.594,0,30,7050,372250.9,14.97,-1,11.97
1786434245354,3836,v1,0.0562,0.6194,0.4561,1.1583,0.6592,0.032,0.0831,0.001757,0.624,1,30,91.92,0.72,1,0,16.263,16.263,0,30,6850,172632.8,98.12,14,7.21
1786434246947,3837,v1,0.0748,0.8758,0.4856,2.0587,0.3916,0.032,0.0689,0.003465,0.652,1,22,30.89,0.553,1,714,15.777,13.993,0,30,6753,203611.4,98.19,15,13.3
1786434249115,3838,v1,0.0618,0.5767,0.2611,2.0719,0.1809,0.032,0.0672,0.001645,0.699,0,14,75.19,0.454,1,2115,13.0,9.311,0,30,6419,296757.3,56.58,16,5.56
1786434251151,3839,v1,0.058,0.71,0.3534,1.5057,0.5189,0.032,0.1598,0.002966,0.612,1,10,42.11,0.426,1,3126,9.0,4.221,0,30,6040,273304.0,40.2,14,10.86
1786434252892,3840,v1,0.0596,0.4522,0.217,2.1565,0.1349,0.032,0.1847,0.002488,0.714,1,9,58.1,0.525,1,3798,8.0,3.092,0,30,6322,336397.3,32.59,17,9.4
1786434254606,3841,v1,0.0113,0.3701,0.2131,0.8102,0.2534,0.032,0.116,0.002606,0.593,0,16,78.66,0.919,1,0,11.781,11.781,0,30,6729,140159.2,87.76,11,9.79
1786434243231,3842,v1,0.0767,0.9344,0.3971,1.2296,0.7944,0.032,0.1984,0.002942,0.652,0,28,28.99,0.57,1,0,16.609,16.609,0,30,6560,177955.9,94.6,14,11.75
1786434244921,3843,v1,0.0684,0.2568,0.2743,2.4066,0.8925,0.032,0.0634,0.003445,0.632,1,21,83.64,0.473,1,0,15.698,15.698,0,30,6395,179953.5,100.0,15,12.81
1786434246467,3844,v1,0.0301,0.8093,0.3158,1.3283,0.3619,0.032,0.2144,0.003169,0.673,0,12,23.21,0.59,1,2024,11.0,8.011,0,30,6314,247397.3,57.89,16,13.11
1786434248499,3845,v1,0.016,0.3563,0.2557,2.4372,0.6726,0.032,0.2248,0.003761,0.627,0,7,32.06,0.422,1,1705,6.0,4.983,0,30,6852,256173.8,63.49,16,14.01
1786434249674,3846,v1,0.0631,0.2885,0.3959,2.1537,0.5534,0.032,0.1742,0.001203,0.639,1,35,71.73,0.581,1,0,17.826,17.826,0,30,6007,167361.8,95.24,14,5.14
1786434251497,3847,v1,0.0799,0.7253,0.3094,1.5461,0.1471,0.032,0.1077,0.003415,0.707,0,36,80.18,0.572,1,0,19.774,19.774,0,30,6368,231131.1,90.72,15,12.47
1786434253349,3848,v1,0.0406,0.5054,0.1359,1.5638,0.5687,0.032,0.1851,0.001784,0.678,1,26,42.52,0.531,1,685,17.735,15.952,0,30,7044,230705.9,83.97,16,6.5
1786434243558,3849,v1,0.0615,0.2585,0.1411,0.9724,0.6719,0.032,0.1053,0.001601,0.628,1,36,51.97,0.788,1,1026,17.843,14.784,0,30,6242,176533.6,91.31,14,6.04
1786434245977,3850,v1,0.0144,0.3798,0.4454,2.1704,0.6659,0.032,0.1474,0.003661,0.699,1,11,82.56,0.73,1,4845,10.0,1.702,0,30,6054,340280.0,2.92,-1,13.2
1786434247302,3851,v1,0.0363,0.8512,0.1003,1.2222,0.8517,0.032,0.1285,0.001346,0.588,1,16,63.56,0.433,1,0,13.612,13.612,0,30,6170,151640.8,90.78,13,4.89
1786434248895,3852,v1,0.0244,0.8257,0.2403,1.5463,0.3731,0.032,0.1049,0.002965,0.657,0,12,75.95,0.418,1,1198,11.0,8.951,0,30,5435,190892.0,67.68,16,11.39
1786434251513,3853,v1,0.0502,0.891,0.3271,1.0551,0.5207,0.032,0.0618,0.00222,0.641,1,4,77.4,0.698,1,5949,3.0,0.485,0,30,7149,374934.3,15.21,-1,9.12
1786434253043,3854,v1,0.0628,0.5215,0.1872,0.8923,0.1416,0.032,0.2109,0.002988,0.69,0,27,42.92,0.583,1,0,17.354,17.354,0,30,6836,219834.3,91.28,15,11.13
1786434255258,3855,v1,0.0338,0.2271,0.288,1.3773,0.5504,0.032,0.0747,0.003256,0.694,0,19,32.3,0.447,1,0,17.331,17.331,0,30,7567,227907.5,89.55,17,12.32
1786434251788,3856,v1,0.061,0.6245,0.4012,2.087,0.8372,0.032,0.1856,0.001382,0.657,0,13,94.53,0.667,1,0,12.0,12.0,0,30,6197,172975.0,90.49,15,5.23
1786434254269,3857,v1,0.0174,0.7069,0.2059,2.4823,0.6702,0.032,0.2275,0.003059,0.707,1,11,46.49,0.778,1,5663,10.0,0.86,0,30,6374,368146.8,0.08,-1,11.55
1786434256008,3858,v1,0.0288,0.3471,0.4238,1.907,0.7064,0.032,0.0514,0.001538,0.662,0,24,80.61,0.656,1,0,17.458,17.458,0,30,7229,216476.1,90.31,16,6.75
1786434258354,3859,v1,0.0196,0.3418,0.1532,1.6136,0.663,0.032,0.1794,0.002723,0.698,0,21,29.42,0.901,1,278,8.326,7.538,0,30,6103,310036.0,39.99,18,10.37
1786434261360,3860,v1,0.0652,0.7438,0.2422,2.4992,0.7986,0.032,0.2314,0.002897,0.623,1,7,27.89,0.727,1,5670,6.0,0.708,0,30,6544,372346.5,11.82,-1,11.42
1786434262749,3861,v1,0.0658,0.9714,0.3177,2.0611,0.992,0.032,0.1949,0.003689,0.635,1,30,41.04,0.34,1,401,17.153,15.857,0,30,5865,178745.6,99.68,15,13.62
1786434264396,3862,v1,0.0194,0.7742,0.3785,1.1009,0.9422,0.032,0.1875,0.003643,0.67,0,20,72.92,0.752,1,0,16.843,16.843,0,30,5830,176565.1,83.98,16,12.98
1786434253040,3863,v1,0.0689,0.7749,0.2414,2.4186,0.5985,0.032,0.1375,0.003654,0.714,0,30,34.94,0.88,1,0,18.365,18.365,0,30,6163,180707.0,88.27,16,14.38
1786434255118,3864,v1,0.0363,0.7858,0.1048,2.1234,0.8769,0.032,0.0644,0.001832,0.582,0,10,25.5,0.736,1,3129,9.0,5.717,0,30,6789,293459.8,44.81,14,7.11
1786434256460,3865,v1,0.0499,0.946,0.4644,2.3074,0.9169,0.032,0.2342,0.003508,0.631,0,18,59.52,0.686,1,0,14.938,14.938,0,30,6248,173133.9,93.69,14,11.86
1786434259269,3866,v1,0.0364,0.262,0.3403,1.7443,0.1542,0.032,0.143,0.001872,0.708,1,6,33.46,0.739,1,6178,5.0,0.305,0,30,6650,381689.3,5.38,-1,7.32
1786434261452,3867,v1,0.0699,0.2767,0.2208,1.1981,0.3264,0.032,0.0759,0.003203,0.67,1,25,36.61,0.325,1,359,16.389,15.355,0,30,6122,184862.4,93.87,15,12.01
1786434263146,3868,v1,0.0325,0.9127,0.4333,1.8076,0.6884,0.032,0.0688,0.001895,0.633,0,18,76.2,0.864,1,0,15.201,15.201,0,30,6532,178201.1,95.27,15,6.67
1786434265222,3869,v1,0.0171,0.8158,0.1496,1.04,0.3037,0.032,0.09,0.001881,0.612,0,16,96.33,0.376,1,0,14.656,14.656,0,30,6291,169340.9,92.42,14,7.85
1786434254279,3870,v1,0.0226,0.4719,0.4862,2.4789,0.9982,0.032,0.09,0.001831,0.699,1,23,41.31,0.373,1,446,18.225,16.853,0,30,6363,228069.0,87.3,18,7.31
1786434256055,3871,v1,0.0259,0.6606,0.3295,2.0984,0.134,0.032,0.1161,0.002492,0.648,0,9,72.82,0.819,1,2487,8.0,5.509,0,30,6106,259579.7,50.8,16,9.32
1786434257789,3872,v1,0.0506,0.6897,0.2189,2.4883,0.5451,0.032,0.2468,0.00124,0.718,0,31,80.61,0.62,1,0,19.933,19.933,0,30,6087,214294.8,87.85,17,5.24
1786434259597,3873,v1,0.0493,0.5239,0.3345,1.7187,0.1042,0.032,0.1319,0.00342,0.71,0,17,48.33,0.374,1,682,16.0,14.382,0,30,6244,254436.3,74.94,16,12.6
1786434262100,3874,v1,0.0738,0.8168,0.2182,1.6267,0.9616,0.032,0.1185,0.002008,0.635,1,33,99.05,0.557,1,0,17.508,17.508,0,30,7285,192915.5,94.99,14,7.33
1786434263756,3875,v1,0.0182,0.5134,0.354,1.3978,0.5336,0.032,0.1062,0.002405,0.616,0,21,97.61,0.402,1,0,15.187,15.187,0,30,6869,174899.9,88.68,14,8.81
1786434265874,3876,v1,0.0107,0.793,0.2767,1.967,0.587,0.032,0.2467,0.002409,0.581,0,21,67.19,0.999,1,0,14.645,14.645,0,30,6818,178343.6,84.35,13,9.67
1786434254374,3877,v1,0.0209,0.855,0.1146,0.9865,0.4968,0.032,0.0862,0.001914,0.599,0,17,31.76,0.931,1,0,13.899,13.899,0,30,6132,155380.1,85.75,13,7.34
1786434255843,3878,v1,0.0406,0.762,0.1402,1.4236,0.753,0.032,0.2107,0.002096,0.6,1,16,91.86,0.497,1,0,14.03,14.03,0,30,6023,160563.4,88.3,14,8.15
1786434258135,3879,v1,0.0402,0.3579,0.4321,2.0027,0.3548,0.032,0.2064,0.002002,0.619,1,8,77.25,0.745,1,5331,7.0,0.727,0,30,6028,321582.5,9.27,-1,7.43
1786434259835,3880,v1,0.0332,0.5435,0.1461,1.9779,0.662,0.032,0.1558,0.001971,0.688,0,10,77.84,0.324,1,0,9.0,9.0,0,30,6381,202533.7,87.77,17,8.06
1786434262811,3881,v1,0.0208,0.7657,0.1408,1.1471,0.4941,0.032,0.2468,0.001976,0.65,1,16,57.36,0.632,1,5263,15.0,2.24,0,30,6369,357527.5,12.79,-1,7.33
1786434264888,3882,v1,0.0591,0.7286,0.3196,1.0429,0.6546,0.032,0.087,0.001415,0.665,1,18,68.07,0.89,1,971,15.202,12.872,0,30,6407,208220.2,99.47,15,5.76
1786434266883,3883,v1,0.0191,0.3607,0.2152,2.0032,0.6292,0.032,0.1861,0.003679,0.707,0,13,24.39,0.653,1,1988,12.0,8.714,0,30,6350,295829.0,43.18,18,13.92
1786434254988,3884,v1,0.0569,0.4151,0.2252,1.8604,0.7762,0.032,0.2341,0.001823,0.666,0,27,62.49,0.875,1,0,17.123,17.123,0,30,6235,182917.1,89.71,15,7.17
1786434256316,3885,v1,0.0463,0.8158,0.3159,1.6129,0.4504,0.032,0.1137,0.003272,0.649,0,5,95.05,0.582,1,0,4.0,4.0,0,30,5929,168299.4,84.48,15,12.58
1786434258282,3886,v1,0.0528,0.9838,0.4514,1.2432,0.9193,0.032,0.1476,0.001578,0.586,1,11,22.18,0.344,1,548,9.988,9.135,0,30,6502,153574.3,77.99,10,5.72
1786434260439,3887,v1,0.0394,0.6712,0.2189,1.4133,0.1861,0.032,0.1789,0.003012,0.712,1,35,95.37,0.407,1,0,21.595,21.595,0,30,6526,259109.7,89.57,17,11.49
1786434262485,3888,v1,0.0283,0.5655,0.3697,2.3104,0.8767,0.032,0.2361,0.001716,0.703,0,23,30.37,0.382,1,0,18.902,18.902,0,30,6472,227281.7,89.1,18,6.54
1786434265728,3889,v1,0.0424,0.3498,0.4182,1.2239,0.7875,0.032,0.156,0.003075,0.665,1,8,22.23,0.971,1,7434,7.0,0.0,0,30,7620,420711.7,0.0,-1,11.67
1786434267290,3890,v1,0.0544,0.556,0.4385,1.8975,0.7172,0.032,0.072,0.003616,0.61,0,29,31.98,0.979,1,0,16.218,16.218,0,30,6425,160515.5,94.26,14,13.77
1786434255896,3891,v1,0.0429,0.5478,0.312,1.7772,0.7814,0.032,0.1876,0.002509,0.622,0,4,46.0,0.391,1,1290,3.0,2.804,0,30,6635,229594.5,78.42,15,9.1
1786434257439,3892,v1,0.048,0.847,0.2946,1.6869,0.9538,0.032,0.1385,0.00157,0.606,0,30,84.04,0.54,1,0,16.535,16.535,0,30,5724,156841.8,85.28,14,6.08
1786434258756,3893,v1,0.0664,0.3021,0.3327,2.3586,0.2637,0.032,0.0723,0.0035,0.652,1,27,69.36,0.86,1,0,16.852,16.852,0,30,5553,154970.3,84.29,15,12.82
1786434261410,3894,v1,0.0603,0.582,0.2617,2.0518,0.8466,0.032,0.1939,0.002862,0.672,0,8,77.38,0.531,1,2256,7.0,5.228,0,30,6497,256918.4,58.44,15,10.76
1786434262806,3895,v1,0.0182,0.2592,0.3125,1.6423,0.8382,0.032,0.2259,0.003554,0.584,0,18,95.54,0.825,1,0,12.707,12.707,0,30,6202,141598.8,86.02,11,13.35
1786434264236,3896,v1,0.0518,0.227,0.4662,2.3255,0.6399,0.032,0.0541,0.003707,0.634,0,27,68.55,0.74,1,0,16.683,16.683,0,30,6141,169628.6,100.0,15,14.38
1786434266834,3897,v1,0.0168,0.5976,0.4032,2.1122,0.3713,0.032,0.1277,0.003695,0.715,0,16,99.76,0.65,1,0,15.0,15.0,0,30,6253,337472.2,23.21,19,13.83
1786434257372,3898,v1,0.0519,0.5752,0.3599,1.3446,0.5556,0.032,0.1552,0.002939,0.638,1,6,62.91,0.517,1,4764,5.0,1.259,0,30,6478,331455.6,23.83,15,11.32
1786434259213,3899,v1,0.0377,0.7086,0.1665,2.2214,0.6476,0.032,0.0624,0.003194,0.585,0,6,34.74,0.884,1,3471,5.0,3.172,0,30,5779,268567.4,35.02,14,11.65
1786434261688,3900,v1,0.0628,0.3099,0.4077,2.2524,0.2075,0.032,0.1174,0.002147,0.687,0,12,65.83,0.486,1,1582,11.0,8.43,0,30,5675,234089.4,67.16,15,8.04
1786434264874,3901,v1,0.0381,0.2898,0.1116,1.4138,0.4706,0.032,0.1525,0.001252,0.599,1,4,75.7,0.766,1,5619,3.0,0.421,0,30,6564,364845.7,11.94,-1,5.26
1786434266335,3902,v1,0.0448,0.3708,0.1998,1.5024,0.3057,0.032,0.0673,0.002451,0.654,0,21,93.79,0.705,1,0,16.315,16.315,0,30,5663,159859.8,93.3,15,9.45
1786434268620,3903,v1,0.062,0.2771,0.3061,2.0081,0.1466,0.032,0.075,0.002604,0.685,1,20,71.67,0.631,1,426,16.173,15.061,0,30,6818,247603.6,93.08,15,9.4
1786434270685,3904,v1,0.0283,0.7989,0.2044,1.4112,0.7581,0.032,0.2475,0.002459,0.676,0,19,99.83,0.397,1,0,16.973,16.973,0,30,6389,202993.0,85.54,16,9.45
1786434257859,3905,v1,0.0425,0.4497,0.2787,1.0494,0.7625,0.032,0.162,0.001995,0.619,0,4,39.57,0.816,1,3610,3.0,2.396,0,30,6012,276234.2,35.0,14,7.9
1786434259532,3906,v1,0.0681,0.53,0.2637,1.8913,0.7393,0.032,0.1919,0.00227,0.7,1,14,43.5,0.34,1,2716,13.0,6.899,0,30,5939,273591.7,51.54,16,8.62
1786434261644,3907,v1,0.043,0.4181,0.3987,0.8908,0.3806,0.032,0.195,0.003121,0.589,0,11,42.18,0.321,1,402,9.213,8.673,0,30,6153,121857.8,81.53,8,11.47
1786434263760,3908,v1,0.0246,0.3464,0.1797,1.1735,0.6624,0.032,0.1524,0.002752,0.662,1,30,50.05,0.911,1,1066,18.73,15.505,0,30,6653,231883.2,89.36,16,10.34
1786434265741,3909,v1,0.0326,0.9097,0.4392,1.9023,0.3694,0.032,0.1934,0.002478,0.675,1,34,69.51,0.799,1,0,19.238,19.238,0,30,6172,200052.8,90.68,16,9.38
1786434267625,3910,v1,0.0632,0.3152,0.1416,0.803,0.5329,0.032,0.2235,0.002955,0.602,0,17,88.1,0.753,1,0,13.271,13.271,0,30,6909,161054.5,92.25,11,11.35
1786434269408,3911,v1,0.044,0.4817,0.3124,1.2613,0.1993,0.032,0.1848,0.002984,0.691,1,32,52.83,0.619,1,795,18.628,16.019,0,30,6170,210723.4,85.18,16,11.12
1786434266642,3912,v1,0.0318,0.8608,0.3676,1.7134,0.5618,0.032,0.1928,0.003121,0.658,1,23,56.01,0.892,1,0,16.651,16.651,0,30,6219,184304.4,84.46,15,11.75
1786434268617,3913,v1,0.0369,0.4212,0.151,1.8917,0.4973,0.032,0.0742,0.002718,0.591,0,14,34.71,0.453,1,2012,13.0,9.258,0,30,6122,229275.1,56.27,14,10.03
1786434270861,3914,v1,0.0227,0.6995,0.1785,1.4639,0.276,0.032,0.1422,0.002181,0.655,0,31,26.32,0.403,1,329,18.934,18.039,0,30,6603,215219.3,87.03,17,8.48
1786434273334,3915,v1,0.0569,0.7404,0.4772,2.4655,0.5629,0.032,0.1649,0.001389,0.659,1,15,43.63,0.379,1,2899,14.0,7.917,0,30,6794,288374.6,48.65,15,5.37
1786434275264,3916,v1,0.0428,0.6583,0.2309,2.1775,0.6422,0.032,0.1983,0.002852,0.631,1,17,80.14,0.825,1,0,15.12,15.12,0,30,6159,176921.5,87.66,15,10.41
1786434277329,3917,v1,0.0388,0.2791,0.4723,1.9562,0.3612,0.032,0.0924,0.003388,0.636,1,9,64.87,0.592,1,5160,8.0,1.117,0,30,6147,331576.8,11.87,-1,12.05
1786434279087,3918,v1,0.0633,0.5213,0.4416,1.4462,0.398,0.032,0.2128,0.001794,0.587,0,32,68.6,0.419,1,0,14.005,14.005,0,30,6723,135700.8,88.35,10,6.77
1786434268764,3919,v1,0.0756,0.65,0.3487,1.6841,0.1678,0.032,0.0973,0.001955,0.602,1,5,89.28,0.586,1,4913,4.0,0.712,0,30,6038,320692.2,16.48,-1,7.34
1786434271853,3920,v1,0.0439,0.7332,0.2527,2.4692,0.9126,0.032,0.1762,0.002043,0.718,1,12,35.28,0.733,1,6289,11.0,0.0,0,30,6431,384195.7,0.0,-1,8.51
1786434274083,3921,v1,0.0314,0.4928,0.4042,2.3787,0.5892,0.032,0.1608,0.001855,0.71,0,4,78.58,0.525,1,2381,3.0,2.623,0,30,6353,276602.5,54.16,17,7.05
1786434275865,3922,v1,0.0551,0.2549,0.4827,2.1699,0.4519,0.032,0.2433,0.00343,0.589,0,24,28.52,0.908,1,497,14.512,13.43,0,30,6146,163855.4,87.41,13,13.21
1786434278682,3923,v1,0.0232,0.6511,0.3081,2.3186,0.3793,0.032,0.1625,0.002235,0.655,1,9,98.12,0.748,1,6619,8.0,0.0,0,30,6721,393074.5,0.0,-1,8.57
1786434280225,3924,v1,0.0367,0.3053,0.4747,1.7531,0.1721,0.032,0.105,0.00371,0.688,0,26,49.89,0.358,1,0,17.816,17.816,0,30,6600,212645.3,88.17,16,13.71
1786434282167,3925,v1,0.0499,0.6335,0.492,1.8018,0.3406,0.032,0.0895,0.002469,0.656,1,24,99.4,0.809,1,0,16.191,16.191,0,30,6221,172792.1,99.55,15,9.39
1786434268771,3926,v1,0.0286,0.3976,0.4104,1.4981,0.6405,0.032,0.0776,0.003582,0.637,0,19,28.64,0.956,1,673,15.379,14.043,0,30,7074,225783.9,85.97,14,13.09
1786434271240,3927,v1,0.0396,0.6981,0.1857,1.6421,0.3276,0.032,0.218,0.001586,0.659,1,19,36.74,0.982,1,1119,16.237,13.591,0,30,7042,235048.7,85.0,16,6.35
1786434272946,3928,v1,0.0135,0.2228,0.4105,1.065,0.2989,0.032,0.1543,0.001467,0.637,0,27,96.86,0.531,1,0,16.936,16.936,0,30,6105,178610.5,88.53,15,5.81
1786434275088,3929,v1,0.0342,0.954,0.1939,0.8423,0.6314,0.032,0.1762,0.002305,0.642,0,6,53.54,0.833,1,2542,5.0,3.727,0,30,6047,247071.6,48.93,15,8.12
1786434277034,3930,v1,0.0668,0.2674,0.228,0.9736,0.6527,0.032,0.0599,0.001715,0.615,1,5,72.77,0.456,1,3287,4.0,1.933,0,30,6411,268934.3,43.82,14,7.18
1786434279087,3931,v1,0.0679,0.5274,0.2965,2.2646,0.5807,0.032,0.2318,0.002612,0.688,1,22,22.35,0.853,1,999,16.365,13.697,0,30,6420,211103.3,92.93,15,9.88
1786434280630,3932,v1,0.0205,0.2782,0.3027,1.8672,0.1759,0.032,0.082,0.001995,0.709,1,22,85.49,0.862,1,0,14.015,14.015,0,30,5260,229436.9,66.57,18,8.33
1786434270119,3933,v1,0.0689,0.7066,0.4776,1.3712,0.6176,0.032,0.2378,0.001771,0.7,1,14,37.77,0.916,1,5731,13.0,0.0,0,30,5875,342570.7,0.0,-1,6.5
1786434272817,3934,v1,0.0203,0.3338,0.1293,1.3536,0.4697,0.032,0.187,0.001414,0.698,0,33,70.03,0.335,1,0,18.245,18.245,0,30,6395,234947.2,83.78,19,5.35
1786434275495,3935,v1,0.0546,0.9319,0.1072,2.2982,0.7487,0.032,0.2023,0.002333,0.615,1,9,98.65,0.619,1,5666,8.0,0.935,0,30,6536,372021.6,10.79,-1,8.74
1786434276871,3936,v1,0.0318,0.2403,0.4949,2.4175,0.2563,0.032,0.0685,0.003728,0.631,0,34,67.73,0.666,1,0,18.036,18.036,0,30,6345,179460.9,84.47,15,14.33
1786434278914,3937,v1,0.035,0.4011,0.4142,1.7058,0.9396,0.032,0.207,0.002613,0.595,0,11,29.86,0.743,1,2778,9.994,5.955,0,30,5640,219432.5,42.94,11,9.82
1786434281085,3938,v1,0.0594,0.7332,0.1617,1.083,0.5603,0.032,0.1297,0.002184,0.606,1,5,24.68,0.866,1,5460,4.0,0.172,0,30,5760,341646.8,4.19,-1,8.54
1786434283208,3939,v1,0.0415,0.2316,0.1018,2.0831,0.9622,0.032,0.2277,0.001204,0.701,0,19,99.43,0.341,1,0,17.49,17.49,0,30,6724,221296.2,84.92,17,4.42
1786434269674,3940,v1,0.0378,0.9975,0.4372,0.9826,0.9103,0.032,0.2245,0.003582,0.675,0,21,79.4,0.841,1,0,16.171,16.171,0,30,5803,167154.6,91.5,15,13.46
1786434272020,3941,v1,0.0606,0.6775,0.456,1.8429,0.1407,0.032,0.2389,0.002674,0.608,0,27,86.48,0.355,1,0,15.831,15.831,0,30,6415,163310.6,99.24,14,10.21
1786434273386,3942,v1,0.0698,0.5696,0.1006,1.756,0.2032,0.032,0.1061,0.003674,0.612,1,32,51.08,0.724,1,846,17.06,14.536,0,30,6400,175729.4,88.71,14,14.23
1786434275355,3943,v1,0.045,0.6106,0.3917,1.1377,0.5427,0.032,0.2192,0.003558,0.649,1,32,61.15,0.721,1,0,17.573,17.573,0,30,6270,179601.8,94.3,15,13.3
1786434276893,3944,v1,0.0403,0.558,0.3313,1.257,0.2785,0.032,0.0995,0.001983,0.637,0,25,24.49,0.423,1,266,16.292,15.721,0,30,6932,205688.6,98.02,15,7.72
1786434278825,3945,v1,0.0381,0.5832,0.1588,1.8753,0.859,0.032,0.2235,0.001998,0.668,0,25,59.43,0.861,1,0,17.666,17.666,0,30,6324,198629.3,91.82,16,7.7
1786434280455,3946,v1,0.0434,0.2158,0.2592,1.7803,0.4255,0.032,0.0511,0.0021,0.617,1,18,50.16,0.354,1,534,14.722,13.629,0,30,7339,201581.0,88.63,14,8.0
1786434272550,3947,v1,0.0247,0.772,0.1419,1.7534,0.1708,0.032,0.1871,0.002158,0.692,1,4,27.93,0.931,1,7192,3.0,0.0,0,30,7244,439683.2,0.0,-1,8.21
1786434274574,3948,v1,0.0197,0.2806,0.4708,1.6714,0.5039,0.032,0.0669,0.002697,0.639,1,16,89.01,0.772,1,1646,14.938,11.074,0,30,6629,249375.2,72.96,15,9.97
1786434276826,3949,v1,0.0422,0.296,0.1089,2.4019,0.698,0.032,0.1559,0.003525,0.64,0,14,57.18,0.8,1,3778,13.0,6.688,0,30,6885,295049.6,36.45,16,12.91
1786434278557,3950,v1,0.063,0.4004,0.317,1.7355,0.801,0.032,0.17,0.002709,0.58,1,32,73.93,0.694,1,0,14.862,14.862,0,30,6380,146555.2,90.22,11,10.13
1786434280007,3951,v1,0.0758,0.8018,0.2502,2.0899,0.3098,0.032,0.1299,0.001606,0.68,0,34,39.24,0.353,1,0,18.823,18.823,0,30,5736,191244.3,95.19,15,6.14
1786434281783,3952,v1,0.0796,0.601,0.1709,0.8935,0.1274,0.032,0.1071,0.003009,0.615,1,34,95.9,0.808,1,0,17.062,17.062,0,30,6628,171415.4,95.4,14,11.72
1786434283605,3953,v1,0.0774,0.6205,0.2472,1.4226,0.839,0.032,0.1923,0.00342,0.688,0,19,71.87,0.472,1,0,15.637,15.637,0,30,6425,176327.2,86.64,15,12.79
1786434273305,3954,v1,0.0572,0.2722,0.4395,0.9128,0.9207,0.032,0.0602,0.002611,0.677,1,11,99.14,0.796,1,6356,10.0,0.0,0,30,6538,376265.4,0.0,-1,10.09
1786434276232,3955,v1,0.0333,0.5255,0.203,1.641,0.9998,0.032,0.2081,0.002453,0.658,1,14,66.21,0.62,1,5761,13.0,1.458,0,30,6711,355954.1,9.59,-1,9.64
1786434278220,3956,v1,0.0701,0.5126,0.1763,1.6048,0.1599,0.032,0.1704,0.003478,0.699,0,9,53.43,0.476,1,1599,8.0,6.371,0,30,6055,252942.7,62.18,16,12.7
1786434279614,3957,v1,0.0418,0.8949,0.1077,2.0218,0.8061,0.032,0.2376,0.002535,0.687,1,33,71.23,0.898,1,0,19.257,19.257,0,30,6638,200424.6,84.09,16,10.3
1786434280893,3958,v1,0.0519,0.3686,0.179,1.6172,0.3541,0.032,0.1722,0.003472,0.693,1,21,60.87,0.319,1,0,16.68,16.68,0,30,5627,173546.2,87.56,16,12.83
1786434283091,3959,v1,0.0416,0.5914,0.2545,1.7483,0.4505,0.032,0.1105,0.001887,0.603,1,21,52.27,0.376,1,661,14.931,13.547,0,30,7312,207617.9,86.0,14,7.07
1786434284583,3960,v1,0.0576,0.5574,0.4195,0.8557,0.1436,0.032,0.2484,0.00327,0.623,1,22,58.39,0.347,1,389,14.572,13.606,0,30,6188,167817.2,91.22,13,12.61
1786434273131,3961,v1,0.0627,0.4572,0.3277,0.8779,0.5073,0.032,0.218,0.002488,0.602,0,22,84.9,0.38,1,0,12.777,12.777,0,30,6253,133319.9,87.63,11,9.72
1786434275257,3962,v1,0.0103,0.4852,0.4182,1.9548,0.1521,0.032,0.0837,0.003005,0.683,0,25,31.82,0.548,1,0,10.341,10.341,0,30,5553,244107.4,47.4,18,11.24
1786434276802,3963,v1,0.0547,0.5731,0.4609,2.3321,0.4113,0.032,0.1579,0.0037,0.623,0,32,46.04,0.792,1,0,17.362,17.362,0,30,6864,179513.6,97.06,15,13.32
1786434278771,3964,v1,0.0646,0.6355,0.4042,2.4809,0.423,0.032,0.2385,0.002382,0.708,1,23,63.92,0.885,1,1007,17.078,14.112,0,30,6042,239770.5,88.41,16,8.54
1786434281065,3965,v1,0.0402,0.7987,0.3807,2.0813,0.1605,0.032,0.1949,0.002936,0.624,1,6,58.66,0.81,1,5907,5.0,0.0,0,30,5997,358341.3,0.0,-1,11.11
1786434283635,3966,v1,0.0155,0.3852,0.4384,2.2306,0.6935,0.032,0.2241,0.003033,0.581,1,11,93.65,0.719,1,5089,10.0,1.967,0,30,6509,336356.7,16.77,-1,11.11
1786434286280,3967,v1,0.0679,0.2415,0.2477,2.1097,0.2249,0.032,0.2447,0.003649,0.602,1,9,55.76,0.564,1,5347,8.0,1.614,0,30,6906,354360.9,18.78,-1,14.15
1786434281779,3968,v1,0.0341,0.6615,0.2638,2.4901,0.2867,0.032,0.1024,0.001696,0.684,0,5,90.69,0.988,1,0,4.0,4.0,0,30,7361,232486.1,89.25,17,7.28
1786434283820,3969,v1,0.0554,0.5121,0.1503,1.8488,0.3579,0.032,0.1863,0.003399,0.584,1,11,87.73,0.838,1,5358,10.0,0.0,0,30,5569,339034.2,0.0,-1,12.86
1786434285756,3970,v1,0.0725,0.364,0.3466,1.9398,0.6666,0.032,0.066,0.00162,0.719,1,21,94.5,0.677,1,0,16.672,16.672,0,30,6623,206100.8,84.69,16,5.74
1786434286977,3971,v1,0.0252,0.544,0.1976,1.8032,0.694,0.032,0.148,0.0027,0.583,0,19,86.43,0.418,1,0,14.012,14.012,0,30,5335,129532.3,89.82,13,10.72
1786434288741,3972,v1,0.0688,0.4474,0.2858,1.7756,0.1465,0.032,0.2009,0.002235,0.703,1,4,58.39,0.446,1,3691,3.0,1.162,0,30,6059,321821.8,36.28,16,8.62
1786434290076,3973,v1,0.0566,0.2493,0.1924,0.9752,0.765,0.032,0.2285,0.001522,0.647,0,17,40.76,0.993,1,0,14.73,14.73,0,30,6098,166097.3,93.43,14,6.03
1786434291198,3974,v1,0.0214,0.9597,0.125,1.9029,0.9279,0.032,0.1033,0.002645,0.601,1,32,50.71,0.311,1,418,17.329,16.021,0,30,5941,163714.4,90.46,14,10.08
1786434283630,3975,v1,0.0488,0.3512,0.2759,2.0344,0.111,0.032,0.2377,0.002619,0.602,0,12,49.63,0.882,1,3491,11.0,5.998,0,30,6474,266678.7,37.8,14,9.93
1786434285341,3976,v1,0.0586,0.8758,0.1783,2.0624,0.5965,0.032,0.219,0.002811,0.688,1,18,82.39,0.648,1,0,16.279,16.279,0,30,5987,182906.3,86.11,16,10.62
1786434287347,3977,v1,0.0331,0.8158,0.2663,1.7998,0.7674,0.032,0.0731,0.00369,0.66,1,8,27.03,0.813,1,5941,7.0,0.349,0,30,6444,350068.1,4.43,-1,14.03
1786434289032,3978,v1,0.0615,0.6587,0.1103,1.9452,0.7615,0.032,0.2175,0.00262,0.661,0,12,31.78,0.414,1,1645,11.0,8.29,0,30,5610,209165.6,64.39,15,9.8
1786434290346,3979,v1,0.021,0.5729,0.1283,1.9115,0.9416,0.032,0.2028,0.003653,0.609,1,31,76.91,0.503,1,0,17.459,17.459,0,30,6323,173158.5,85.84,15,13.65
1786434291292,3980,v1,0.0755,0.8135,0.4763,2.0999,0.2582,0.032,0.1913,0.002966,0.604,1,35,35.34,0.68,1,782,17.175,14.59,0,30,5681,155978.6,99.31,14,10.54
1786434292407,3981,v1,0.059,0.4211,0.4533,1.6943,0.2286,0.032,0.0817,0.001386,0.682,0,29,38.38,0.419,1,0,17.297,17.297,0,30,6155,184772.8,87.05,15,5.56
1786434283207,3982,v1,0.0656,0.4367,0.4005,1.7114,0.688,0.032,0.2062,0.002904,0.613,0,31,37.13,0.583,1,0,16.531,16.531,0,30,6105,157971.4,99.88,14,10.81
1786434284882,3983,v1,0.0179,0.3458,0.3909,2.4077,0.556,0.032,0.1533,0.003244,0.646,1,26,64.58,0.707,1,818,18.238,15.593,0,30,6071,217529.2,85.41,17,11.94
1786434286547,3984,v1,0.062,0.5223,0.4431,1.5417,0.6496,0.032,0.1071,0.003213,0.706,0,28,66.29,0.3,1,0,17.36,17.36,0,30,6046,174255.4,89.88,15,12.36
1786434288496,3985,v1,0.0612,0.7866,0.3653,1.1494,0.1205,0.032,0.056,0.002043,0.591,1,10,64.14,0.892,1,6276,9.0,0.0,0,30,6423,372082.2,0.0,-1,8.03
1786434290877,3986,v1,0.0186,0.3054,0.1689,2.4693,0.1883,0.032,0.1832,0.002104,0.71,0,15,31.52,0.712,1,2976,14.0,8.751,0,30,7001,426595.7,0.0,-1,8.17
1786434292296,3987,v1,0.0452,0.9747,0.1768,1.6822,0.3594,0.032,0.1398,0.002129,0.622,1,5,55.38,0.789,1,5056,4.0,0.326,0,30,5553,299092.5,7.34,-1,7.64
1786434293167,3988,v1,0.0122,0.8153,0.4759,1.2672,0.5263,0.032,0.2114,0.003238,0.61,0,19,60.57,0.588,1,0,13.781,13.781,0,30,6456,154187.2,87.55,12,11.68
1786434284510,3989,v1,0.0113,0.8492,0.3397,1.8837,0.798,0.032,0.242,0.002298,0.638,0,31,90.77,0.444,1,0,18.488,18.488,0,30,6159,184910.8,86.6,15,8.41
1786434286348,3990,v1,0.0124,0.2976,0.1752,1.9202,0.1386,0.032,0.0824,0.001612,0.664,0,35,67.37,0.679,1,0,18.59,18.59,0,30,5838,226779.0,82.16,18,6.17
1786434287425,3991,v1,0.0751,0.6013,0.1803,2.4835,0.7908,0.032,0.1024,0.003053,0.618,1,29,26.27,0.752,1,801,17.032,14.635,0,30,6179,190101.7,99.61,15,11.85
1786434289717,3992,v1,0.0744,0.4589,0.2349,1.8069,0.2384,0.032,0.1246,0.003038,0.663,1,11,47.33,0.76,1,5721,10.0,0.0,0,30,5920,340341.9,0.0,-1,11.44
1786434291253,3993,v1,0.0371,0.7169,0.1611,1.5804,0.4879,0.032,0.1012,0.001401,0.593,0,9,33.22,0.506,1,1797,8.0,6.378,0,30,6723,243363.3,67.43,14,5.01
1786434292336,3994,v1,0.0289,0.4945,0.1662,1.9701,0.6703,0.032,0.1603,0.00207,0.641,0,5,84.59,0.378,1,0,4.0,4.0,0,30,5942,179545.7,88.03,16,7.47
1786434293235,3995,v1,0.0796,0.8339,0.4326,2.3662,0.7985,0.032,0.191,0.002468,0.713,0,36,33.04,0.93,1,0,18.866,18.866,0,30,6281,188102.3,96.16,16,8.96
1786434286591,3996,v1,0.0199,0.8029,0.2055,1.0661,0.8656,0.032,0.1713,0.002756,0.645,1,14,40.12,0.437,1,4400,13.0,5.396,0,30,7805,350830.6,35.2,16,11.02
1786434288041,3997,v1,0.03,0.6178,0.3491,1.5986,0.1156,0.032,0.1191,0.003306,0.715,1,27,30.42,0.678,1,2020,19.965,12.983,0,30,6360,301361.6,85.12,18,12.37
1786434289985,3998,v1,0.0747,0.4977,0.293,0.9017,0.4072,0.032,0.1993,0.002172,0.608,1,4,72.84,0.496,1,3569,3.0,1.273,0,30,6249,279905.1,37.97,13,8.56
1786434291161,3999,v1,0.0578,0.2991,0.1351,2.1657,0.4534,0.032,0.0816,0.003064,0.668,1,24,74.27,0.947,1,0,16.858,16.858,0,30,6038,172647.3,84.39,15,11.68
1786434300441,4000,v1,0.0562,0.9188,0.2564,1.6255,0.3811,0.032,0.2464,0.001512,0.591,1,11,38.7,0.537,1,4821,10.0,2.592,0,30,6598,335050.2,23.64,14,5.85
1786434301954,4001,v1,0.0161,0.5903,0.1405,1.0097,0.4963,0.032,0.1944,0.001993,0.601,0,21,95.69,0.542,1,0,14.635,14.635,0,30,6093,153765.9,88.37,12,6.94
1786434303847,4002,v1,0.0621,0.2263,0.1682,0.932,0.1852,0.032,0.2462,0.001692,0.662,0,26,32.02,0.49,1,0,16.542,16.542,0,30,6133,179260.0,84.41,15,6.26
1786434305746,4003,v1,0.0285,0.5537,0.3108,2.3831,0.7051,0.032,0.1074,0.00348,0.658,1,12,65.66,0.318,1,2199,11.0,6.947,0,30,6202,253473.7,55.09,16,13.69
1786434307685,4004,v1,0.0722,0.7091,0.3213,1.0438,0.5834,0.032,0.1745,0.001574,0.6,0,11,38.69,0.426,1,1631,9.998,8.042,0,30,6769,209425.9,65.88,12,5.94
1786434310546,4005,v1,0.0723,0.4948,0.4561,1.3737,0.1036,0.032,0.1319,0.002937,0.694,1,12,45.69,0.962,1,7562,11.0,0.0,0,30,7781,445546.6,0.0,-1,10.1
1786434312500,4006,v1,0.0455,0.5904,0.4921,1.2675,0.2277,0.032,0.1083,0.001357,0.603,1,19,26.41,0.604,1,808,12.609,11.089,0,30,6800,180808.4,85.47,11,5.66
1786434300397,4007,v1,0.0276,0.3716,0.1594,1.91,0.4864,0.032,0.1316,0.002357,0.6,1,26,88.78,0.812,1,0,16.514,16.514,0,30,6432,176911.8,98.79,15,8.57
1786434302169,4008,v1,0.031,0.9948,0.3746,1.7799,0.2712,0.032,0.1836,0.003246,0.718,0,32,85.97,0.751,1,0,20.679,20.679,0,30,6468,238291.6,84.03,17,12.51
1786434304484,4009,v1,0.0574,0.9402,0.1733,0.9052,0.6949,0.032,0.2243,0.001884,0.698,0,15,61.25,0.844,1,2928,14.0,8.37,0,30,6405,277466.0,47.22,16,7.01
1786434306697,4010,v1,0.0563,0.4416,0.3953,2.2956,0.5591,0.032,0.0691,0.00345,0.664,1,5,60.68,0.41,1,2910,4.0,2.172,0,30,6455,278206.4,48.45,15,13.49
1786434309106,4011,v1,0.029,0.5092,0.3818,0.9828,0.8441,0.032,0.0899,0.003112,0.598,1,7,34.17,0.891,1,5439,6.0,0.0,0,30,5546,322386.6,0.0,-1,11.95
1786434310856,4012,v1,0.0302,0.9146,0.4076,2.3843,0.492,0.032,0.0972,0.002717,0.713,0,21,86.13,0.777,1,0,15.765,15.765,0,30,6972,274464.1,78.22,17,10.53
1786434312428,4013,v1,0.0305,0.5643,0.3613,1.3299,0.1652,0.032,0.23,0.002529,0.609,1,30,96.36,0.799,1,0,16.266,16.266,0,30,5636,148080.5,88.81,14,10.43
1786434301182,4014,v1,0.0716,0.3154,0.1712,1.7076,0.2781,0.032,0.1285,0.003595,0.703,1,35,71.92,0.712,1,0,19.927,19.927,0,30,6772,238346.8,99.17,16,14.29
1786434302841,4015,v1,0.0631,0.5191,0.2464,1.6143,0.3311,0.032,0.0756,0.001307,0.581,0,4,91.85,0.434,1,0,3.0,3.0,0,30,6176,144432.9,84.48,12,4.66
1786434304495,4016,v1,0.0438,0.5867,0.4092,1.9615,0.1089,0.032,0.211,0.003299,0.699,0,29,42.61,0.725,1,0,19.46,19.46,0,30,5887,225564.5,93.92,16,12.16
1786434306305,4017,v1,0.0238,0.4593,0.4691,1.0332,0.2746,0.032,0.1075,0.00247,0.674,1,31,41.19,0.784,1,935,18.166,15.223,0,30,6199,190414.5,84.51,16,10.0
1786434307849,4018,v1,0.0221,0.3104,0.3812,1.8538,0.941,0.032,0.1897,0.0026,0.656,1,23,48.74,0.635,1,792,17.153,15.028,0,30,6727,211471.7,85.31,16,9.89
1786434310284,4019,v1,0.0397,0.5441,0.2242,2.2356,0.156,0.032,0.1612,0.001922,0.668,0,8,29.86,0.936,1,3153,7.0,4.366,0,30,6047,314573.5,39.11,17,7.01
1786434312354,4020,v1,0.0783,0.225,0.4255,0.8724,0.4513,0.032,0.166,0.003631,0.716,0,13,68.67,0.817,1,3454,12.0,6.48,0,30,6539,325447.4,41.91,16,13.46
1786434301344,4021,v1,0.0461,0.815,0.4299,2.1824,0.9601,0.032,0.0565,0.001642,0.592,1,23,46.46,0.547,1,735,14.342,12.399,0,30,5567,159250.1,91.09,12,6.5
1786434303317,4022,v1,0.0762,0.4748,0.3194,0.8955,0.2797,0.032,0.2263,0.003485,0.673,0,21,89.01,0.704,1,0,15.695,15.695,0,30,6860,190061.6,100.0,15,13.51
1786434305094,4023,v1,0.0237,0.7087,0.1262,1.7674,0.3473,0.032,0.2363,0.003298,0.672,1,4,30.97,0.452,1,3228,3.0,1.418,0,30,6176,282309.8,43.0,18,12.24
1786434307088,4024,v1,0.0353,0.2863,0.1619,1.4499,0.652,0.032,0.2067,0.001658,0.621,0,29,26.08,0.637,1,345,16.838,16.023,0,30,6518,188608.3,84.54,14,5.94
1786434309477,4025,v1,0.0136,0.3721,0.2397,1.7454,0.7863,0.032,0.1476,0.00243,0.646,1,15,36.75,0.623,1,5103,14.0,2.18,0,30,6235,361213.8,13.26,-1,8.26
1786434310900,4026,v1,0.076,0.8171,0.2177,2.3979,0.8818,0.032,0.1634,0.002767,0.709,1,36,99.51,0.822,1,0,19.038,19.038,0,30,6526,198425.5,84.5,16,10.94
1786434312477,4027,v1,0.0737,0.8336,0.2683,2.0681,0.8649,0.032,0.0634,0.00267,0.715,0,22,64.76,0.36,1,0,17.261,17.261,0,30,5454,164236.8,93.39,16,9.2
1786434302240,4028,v1,0.0667,0.7474,0.368,2.2263,0.7687,0.032,0.249,0.002595,0.676,1,24,68.15,0.465,1,626,16.874,15.15,0,30,6439,201431.9,95.91,15,9.8
1786434304195,4029,v1,0.0418,0.7578,0.4856,1.6009,0.8239,0.032,0.1842,0.003311,0.615,0,6,63.83,0.786,1,2404,5.0,3.781,0,30,6004,235212.8,50.06,14,12.41
1786434306564,4030,v1,0.0671,0.6123,0.4498,2.3631,0.6377,0.032,0.1593,0.001861,0.635,0,10,23.74,0.846,1,2939,9.0,5.927,0,30,6806,276411.0,50.76,14,6.71
1786434307879,4031,v1,0.07,0.5579,0.1857,2.1305,0.7986,0.032,0.1909,0.002248,0.667,1,23,96.47,0.733,1,0,16.388,16.388,0,30,5626,163955.3,89.53,15,8.32
1786434310015,4032,v1,0.0366,0.6195,0.3816,0.8196,0.1068,0.032,0.0507,0.003171,0.657,1,25,23.04,0.585,1,820,16.367,14.174,0,30,6580,201459.2,99.84,15,12.57
1786434311590,4033,v1,0.0185,0.7361,0.3348,1.6525,0.6116,0.032,0.1804,0.002858,0.595,0,13,37.88,0.758,1,1989,11.92,8.439,0,30,5925,200484.2,60.01,12,11.53
1786434313513,4034,v1,0.0793,0.9452,0.2708,0.8009,0.1693,0.032,0.0662,0.003081,0.626,1,6,97.79,0.475,1,3283,5.0,2.311,0,30,6200,276270.7,46.27,14,11.82
1786434303470,4035,v1,0.0178,0.2679,0.1117,1.5219,0.4236,0.032,0.0696,0.001362,0.689,1,16,90.74,0.457,1,3909,15.0,5.581,0,30,6360,343200.2,20.06,19,5.27
1786434304845,4036,v1,0.0593,0.4844,0.4702,1.708,0.7706,0.032,0.1671,0.002032,0.627,0,10,63.88,0.318,1,1054,9.0,7.653,0,30,5572,186979.2,72.33,14,7.81
1786434306789,4037,v1,0.0182,0.3375,0.1064,2.4341,0.812,0.032,0.0725,0.003454,0.6,0,31,47.27,0.562,1,0,17.954,17.954,0,30,6780,196001.3,94.65,15,12.77
1786434308216,4038,v1,0.0649,0.5119,0.1005,1.3002,0.7045,0.032,0.1314,0.003633,0.706,0,19,57.17,0.882,1,0,16.293,16.293,0,30,6074,179485.9,87.77,16,12.96
1786434310026,4039,v1,0.0484,0.4355,0.2124,1.6367,0.6468,0.032,0.2318,0.002986,0.621,0,24,59.58,0.894,1,0,16.092,16.092,0,30,6821,192436.7,97.27,15,11.1
1786434311989,4040,v1,0.0722,0.3333,0.153,2.1117,0.9428,0.032,0.1964,0.002324,0.587,0,14,72.77,0.798,1,3218,13.0,6.928,0,30,6011,259193.2,43.34,14,9.23
1786434313622,4041,v1,0.0787,0.7644,0.3523,1.758,0.2351,0.032,0.239,0.00218,0.68,0,4,62.49,0.802,1,2697,3.0,2.528,0,30,5749,263741.1,48.1,15,8.89
1786434303834,4042,v1,0.0112,0.376,0.1569,1.4396,0.2023,0.032,0.0586,0.003036,0.67,1,21,61.1,0.875,1,0,10.087,10.087,0,30,6277,272404.7,49.21,18,12.01
1786434305293,4043,v1,0.0501,0.7511,0.1216,1.0931,0.5884,0.032,0.0702,0.001554,0.598,0,16,76.2,0.901,1,0,13.462,13.462,0,30,6340,160623.3,90.01,13,5.98
1786434307893,4044,v1,0.038,0.2285,0.3081,0.8646,0.4182,0.032,0.0946,0.003245,0.588,1,9,45.64,0.642,1,6140,8.0,1.246,0,30,7466,370018.8,13.36,-1,12.62
1786434309962,4045,v1,0.0438,0.7383,0.2165,1.1938,0.1642,0.032,0.1031,0.002902,0.707,0,10,53.37,0.454,1,1446,9.0,7.333,0,30,6225,273491.1,66.94,17,11.28
1786434311365,4046,v1,0.0583,0.2057,0.3569,2.3025,0.5558,0.032,0.0756,0.003221,0.601,0,17,95.51,0.821,1,0,14.4,14.4,0,30,6142,166237.3,85.14,14,12.85
1786434312991,4047,v1,0.04,0.5903,0.4856,1.5247,0.6325,0.032,0.1671,0.002282,0.716,1,27,92.35,0.71,1,0,18.283,18.283,0,30,6117,197995.1,97.77,17,8.45
1786434314339,4048,v1,0.0102,0.8336,0.2641,2.1594,0.9494,0.032,0.1448,0.00308,0.597,0,29,48.13,0.315,1,0,17.058,17.058,0,30,6413,179065.5,84.8,15,11.49
1786434303917,4049,v1,0.042,0.3752,0.412,1.435,0.4993,0.032,0.09,0.001677,0.667,0,36,71.68,0.379,1,0,18.514,18.514,0,30,5849,171023.8,88.01,15,6.19
1786434305482,4050,v1,0.0108,0.7523,0.2702,2.1559,0.5097,0.032,0.175,0.00233,0.606,0,34,71.6,0.52,1,0,18.402,18.402,0,30,6511,192301.6,90.09,15,9.48
1786434307227,4051,v1,0.0744,0.4301,0.4017,2.1698,0.874,0.032,0.1936,0.001434,0.629,0,35,60.18,0.819,1,0,17.651,17.651,0,30,5895,163525.2,90.86,14,5.34
1786434308925,4052,v1,0.0766,0.8846,0.1707,0.8648,0.8924,0.032,0.0525,0.002732,0.619,1,15,26.32,0.607,1,0,14.0,14.0,0,30,6867,178022.7,100.0,14,10.22
1786434310390,4053,v1,0.0578,0.2448,0.412,1.1815,0.8603,0.032,0.0747,0.003759,0.65,0,35,98.25,0.98,1,0,17.826,17.826,0,30,6071,165986.1,94.83,14,14.59
1786434312977,4054,v1,0.0298,0.6936,0.388,2.1428,0.5979,0.032,0.1023,0.002104,0.64,1,10,39.45,0.719,1,5681,9.0,0.916,0,30,6460,356929.4,9.0,-1,8.33
1786434314300,4055,v1,0.0302,0.5907,0.3361,1.0976,0.6141,0.032,0.06,0.003541,0.646,1,34,80.02,0.925,1,0,17.864,17.864,0,30,5994,167807.7,84.27,15,13.11
1786434314414,4056,v1,0.0546,0.3134,0.4942,2.1836,0.9562,0.032,0.1747,0.001382,0.704,1,31,72.13,0.817,1,0,18.522,18.522,0,30,6444,194997.1,88.59,16,5.46
1786434315863,4057,v1,0.0238,0.3952,0.4759,1.9276,0.7454,0.032,0.2004,0.002709,0.594,0,34,31.65,0.807,1,0,15.876,15.876,0,30,6172,145074.4,88.67,12,10.52
1786434317892,4058,v1,0.0103,0.4819,0.4839,1.28,0.8877,0.032,0.0676,0.003648,0.714,0,33,67.35,0.655,1,0,8.124,8.124,0,30,6063,289379.5,38.2,19,12.82
1786434319827,4059,v1,0.0545,0.7877,0.489,1.945,0.4207,0.032,0.2438,0.003614,0.6,0,27,25.31,0.955,1,444,15.553,14.524,0,30,6328,173548.9,92.04,13,13.37
1786434321893,4060,v1,0.0188,0.744,0.3365,1.2732,0.9828,0.032,0.1783,0.00266,0.623,0,26,49.13,0.998,1,0,16.154,16.154,0,30,5958,163922.7,91.2,14,10.52
1786434323462,4061,v1,0.0165,0.593,0.473,1.0686,0.3768,0.032,0.1796,0.00316,0.684,0,8,88.96,0.339,1,0,7.0,7.0,0,30,6821,221277.5,88.15,17,11.6
1786434325543,4062,v1,0.0647,0.8566,0.2837,1.3051,0.4679,0.032,0.188,0.001398,0.64,1,22,46.74,0.482,1,566,15.49,14.101,0,30,6426,202554.0,91.23,14,5.09
1786434314934,4063,v1,0.0367,0.6997,0.4163,1.4649,0.6453,0.032,0.063,0.002932,0.626,1,27,56.89,0.456,1,0,16.343,16.343,0,30,6343,169323.8,91.59,14,11.75
1786434317023,4064,v1,0.0454,0.4157,0.4612,1.6732,0.7392,0.032,0.1651,0.002418,0.632,1,14,20.82,0.327,1,2645,13.0,7.685,0,30,6677,257894.2,50.13,14,9.21
1786434318344,4065,v1,0.0301,0.5547,0.1671,2.152,0.299,0.032,0.0834,0.001564,0.586,0,10,77.83,0.548,1,0,9.0,9.0,0,30,5195,143186.5,87.75,14,6.01
1786434320021,4066,v1,0.063,0.4573,0.4713,2.3953,0.3867,0.032,0.0859,0.002571,0.645,0,20,43.59,0.805,1,0,15.348,15.348,0,30,6058,171021.4,95.83,14,9.57
1786434322570,4067,v1,0.0398,0.6033,0.4026,1.769,0.8962,0.032,0.0769,0.002815,0.599,1,6,35.18,0.554,1,3764,5.0,1.491,0,30,5432,263919.7,26.21,14,10.81
1786434324960,4068,v1,0.0713,0.3243,0.1914,1.0475,0.8755,0.032,0.1224,0.002355,0.708,1,8,62.51,0.542,1,4540,7.0,1.587,0,30,5952,315775.3,19.72,-1,8.8
1786434326579,4069,v1,0.0327,0.9955,0.4674,1.949,0.1832,0.032,0.0806,0.001733,0.602,1,17,21.88,0.942,1,921,13.803,11.488,0,30,5592,179463.8,83.87,13,6.96
1786434315717,4070,v1,0.0263,0.5289,0.2206,1.8377,0.1422,0.032,0.1525,0.001436,0.639,1,19,69.79,0.309,1,0,16.281,16.281,0,30,6923,196610.2,90.48,16,5.66
1786434318051,4071,v1,0.067,0.2182,0.2054,0.8051,0.4644,0.032,0.1417,0.003178,0.671,1,4,91.78,0.595,1,4966,3.0,0.638,0,30,6363,333421.7,21.17,15,11.83
1786434320147,4072,v1,0.0646,0.51,0.3434,1.4167,0.1003,0.032,0.1075,0.001343,0.601,0,10,55.28,0.46,1,2064,9.0,6.798,0,30,6629,238664.3,60.32,12,5.02
1786434323316,4073,v1,0.0212,0.7799,0.3009,0.8329,0.3627,0.032,0.1871,0.001557,0.682,1,16,25.73,0.472,1,3963,15.0,5.735,0,30,6570,324692.6,34.97,17,5.59
1786434325756,4074,v1,0.0394,0.5871,0.2758,1.855,0.5962,0.032,0.0512,0.003463,0.643,1,5,53.77,0.587,1,4063,4.0,1.257,0,30,6025,293517.4,28.21,16,12.95
1786434329175,4075,v1,0.0787,0.6168,0.1144,1.605,0.8818,0.032,0.0912,0.00348,0.594,1,13,71.97,0.726,1,5347,12.0,1.621,0,30,6449,360257.5,13.53,-1,13.29
1786434331893,4076,v1,0.0586,0.7013,0.1319,1.8435,0.2049,0.032,0.0641,0.002063,0.664,0,14,26.99,0.572,1,2869,13.0,8.101,0,30,6620,283578.5,50.03,15,8.28
1786434316351,4077,v1,0.0382,0.3439,0.4469,2.4154,0.8702,0.032,0.1737,0.003381,0.614,1,20,64.67,0.75,1,847,15.136,13.021,0,30,6389,197679.4,90.42,14,12.77
1786434318612,4078,v1,0.067,0.5728,0.1138,2.309,0.8917,0.032,0.1578,0.00351,0.624,1,8,22.78,0.629,1,4265,7.0,1.741,0,30,5837,301958.4,24.06,15,13.43
1786434320999,4079,v1,0.042,0.8751,0.3101,1.3218,0.8626,0.032,0.2054,0.00272,0.69,1,15,32.75,0.975,1,5202,14.0,0.0,0,30,5409,314208.8,0.0,-1,10.7
1786434323113,4080,v1,0.0431,0.664,0.4016,2.454,0.2925,0.032,0.1985,0.001807,0.656,1,35,78.9,0.361,1,0,18.793,18.793,0,30,6156,184428.9,92.83,16,6.66
1786434324516,4081,v1,0.0393,0.4856,0.32,0.9176,0.5487,0.032,0.1876,0.003405,0.582,0,34,62.91,0.928,1,0,13.771,13.771,0,30,6165,117485.7,87.27,9,13.64
1786434327781,4082,v1,0.0717,0.42,0.4131,2.2225,0.3492,0.032,0.1768,0.002599,0.707,1,11,99.67,0.924,1,6421,10.0,0.0,0,30,6579,360082.1,0.0,-1,9.99
1786434329735,4083,v1,0.079,0.4901,0.4367,1.24,0.679,0.032,0.2191,0.003175,0.617,0,31,89.23,0.477,1,0,16.005,16.005,0,30,6430,162894.1,87.89,13,12.02
1786434317223,4084,v1,0.0727,0.3028,0.4445,0.8685,0.4563,0.032,0.0977,0.001787,0.632,1,10,72.72,0.955,1,5717,9.0,0.0,0,30,5811,322434.3,11.98,-1,6.88
1786434319045,4085,v1,0.044,0.2228,0.1646,1.5586,0.7155,0.032,0.2209,0.003516,0.599,0,21,24.41,0.739,1,533,15.026,13.808,0,30,6021,169714.8,83.86,14,12.69
1786434321439,4086,v1,0.0732,0.3477,0.4081,1.7271,0.764,0.032,0.1774,0.002211,0.601,0,10,70.46,0.431,1,1429,9.0,7.485,0,30,6744,229628.5,72.9,13,8.93
1786434323170,4087,v1,0.0398,0.9019,0.4526,1.1194,0.718,0.032,0.1345,0.001736,0.609,0,31,37.7,0.409,1,0,15.388,15.388,0,30,6104,147377.5,91.82,12,6.78
1786434325609,4088,v1,0.078,0.4714,0.3403,1.6521,0.6697,0.032,0.0562,0.002861,0.705,1,12,39.58,0.877,1,5909,11.0,0.0,0,30,6109,358949.5,0.0,-1,10.72
1786434328821,4089,v1,0.0191,0.5671,0.1681,2.4223,0.535,0.032,0.2217,0.001746,0.701,0,17,38.68,0.906,1,3235,16.0,8.082,0,30,5900,334424.0,13.8,-1,6.83
1786434330550,4090,v1,0.0755,0.9851,0.138,1.9509,0.6869,0.032,0.1454,0.002301,0.59,1,15,38.12,0.979,1,268,14.0,13.328,0,30,5778,162624.0,95.2,14,8.65
1786434318088,4091,v1,0.0155,0.5414,0.4398,1.6646,0.7388,0.032,0.2452,0.003146,0.624,1,13,63.21,0.508,1,4740,12.0,3.135,0,30,6636,319546.9,23.15,15,11.75
1786434320040,4092,v1,0.0211,0.9439,0.2969,1.7813,0.2005,0.032,0.2482,0.002255,0.648,0,31,64.59,0.865,1,0,18.651,18.651,0,30,7275,220075.7,84.22,16,8.74
1786434323195,4093,v1,0.0579,0.4097,0.2469,1.9421,0.4771,0.032,0.125,0.001498,0.69,1,14,59.62,0.656,1,5941,13.0,0.621,0,30,6367,368315.2,4.01,-1,5.84
1786434325725,4094,v1,0.0671,0.8466,0.1052,1.0078,0.6453,0.032,0.1437,0.002457,0.637,1,7,87.08,0.31,1,2314,6.0,3.747,0,30,6237,243422.8,58.07,14,9.06
1786434327762,4095,v1,0.0367,0.847,0.3218,2.1729,0.2246,0.032,0.2091,0.001673,0.676,0,12,98.42,0.995,1,0,11.0,11.0,0,30,6202,205905.8,90.84,16,6.88
1786434329638,4096,v1,0.0138,0.7573,0.1853,1.2706,0.1534,0.032,0.0926,0.002557,0.6,1,16,90.1,0.446,1,0,14.259,14.259,0,30,6121,163750.4,87.13,14,10.01
1786434331861,4097,v1,0.0524,0.2085,0.3441,1.1973,0.555,0.032,0.2446,0.002628,0.641,0,31,54.02,0.454,1,0,16.981,16.981,0,30,6845,189266.0,92.09,14,10.18
1786434318534,4098,v1,0.0693,0.7332,0.2864,1.3769,0.2492,0.032,0.1902,0.002092,0.718,0,10,28.08,0.641,1,2908,9.0,5.426,0,30,5807,278411.8,45.83,16,7.92
1786434320370,4099,v1,0.0544,0.7647,0.2451,1.9412,0.9713,0.032,0.2448,0.00226,0.695,1,18,82.58,0.771,1,0,16.569,16.569,0,30,7082,202381.7,91.39,16,8.73
1786434322535,4100,v1,0.0352,0.23,0.1784,1.8678,0.4725,0.032,0.0679,0.001362,0.601,0,34,43.83,0.863,1,0,17.622,17.622,0,30,5846,168146.8,93.71,14,4.76
1786434325041,4101,v1,0.0121,0.9827,0.3666,0.8257,0.4278,0.032,0.2417,0.003746,0.677,1,17,67.12,0.719,1,5509,16.0,1.128,0,30,6329,369457.4,6.04,-1,14.69
1786434327233,4102,v1,0.0476,0.6606,0.1545,1.8794,0.9034,0.032,0.0749,0.003455,0.643,0,6,59.95,0.308,1,1102,5.0,4.474,0,30,6362,211085.2,74.01,15,12.57
1786434329524,4103,v1,0.0641,0.2657,0.4598,2.1887,0.3464,0.032,0.1197,0.001888,0.68,1,27,92.62,0.346,1,0,17.076,17.076,0,30,6232,180780.0,90.28,15,7.61
1786434331381,4104,v1,0.0685,0.8512,0.3712,1.322,0.8375,0.032,0.06,0.001672,0.582,0,30,97.81,0.836,1,0,13.852,13.852,0,30,5927,127067.8,86.55,11,6.33
1786434318436,4105,v1,0.0248,0.332,0.1164,0.957,0.5921,0.032,0.0718,0.00352,0.685,0,19,44.42,0.936,1,403,17.353,16.184,0,30,5879,192887.2,79.49,16,13.18
1786434319977,4106,v1,0.0328,0.2877,0.4574,1.8262,0.8032,0.032,0.0845,0.003136,0.607,1,30,91.61,0.928,1,0,15.984,15.984,0,30,6323,166068.0,88.86,13,11.53
1786434322586,4107,v1,0.0718,0.9809,0.1704,2.2232,0.297,0.032,0.2375,0.001774,0.692,0,16,64.93,0.406,1,1569,15.0,11.706,0,30,6365,264427.2,71.46,16,6.38
1786434324413,4108,v1,0.0144,0.5538,0.1598,2.0011,0.3474,0.032,0.2356,0.003621,0.615,1,25,38.02,0.917,1,911,17.19,14.256,0,30,5814,194158.8,84.56,16,14.41
1786434326090,4109,v1,0.06,0.294,0.4757,1.9393,0.8384,0.032,0.2016,0.00256,0.581,0,24,33.71,0.582,1,0,12.626,12.626,0,30,5609,114021.9,87.66,10,9.84
1786434327975,4110,v1,0.0358,0.2621,0.2912,0.8326,0.2393,0.032,0.1161,0.00295,0.585,1,22,83.39,0.986,1,0,12.215,12.215,0,30,6454,126077.4,90.0,10,10.89
1786434330981,4111,v1,0.0666,0.4297,0.2225,1.8212,0.3264,0.032,0.1324,0.003485,0.605,0,5,34.15,0.69,1,3004,4.0,3.1,0,30,6760,272752.8,47.61,14,12.66
1786434328465,4112,v1,0.0493,0.663,0.312,0.8088,0.9729,0.032,0.2309,0.001488,0.682,0,25,34.66,0.561,1,0,16.754,16.754,0,30,5876,167980.0,89.75,15,6.02
1786434330066,4113,v1,0.0654,0.223,0.3279,2.2126,0.5039,0.032,0.1762,0.003496,0.717,0,21,75.39,0.969,1,0,16.915,16.915,0,30,6210,207994.9,84.33,16,12.95
1786434332468,4114,v1,0.0673,0.4483,0.4869,1.8883,0.4689,0.032,0.2335,0.002483,0.655,0,4,76.4,0.486,1,1712,3.0,2.708,0,30,5918,206594.0,68.03,15,9.87
1786434333816,4115,v1,0.0351,0.5346,0.2492,1.8335,0.6981,0.032,0.2023,0.003675,0.582,1,23,66.84,0.386,1,0,14.152,14.152,0,30,5962,131872.8,88.93,12,13.12
1786434335608,4116,v1,0.0492,0.92,0.1635,1.0934,0.8104,0.032,0.2233,0.003769,0.675,1,21,83.19,0.461,1,0,16.468,16.468,0,30,5749,168668.7,84.12,16,14.09
1786434337084,4117,v1,0.0171,0.4644,0.3916,0.833,0.6898,0.032,0.0781,0.003183,0.678,1,19,37.85,0.369,1,452,16.891,15.54,0,30,5975,199749.5,92.84,17,11.98
1786434339062,4118,v1,0.0254,0.8531,0.3911,0.8703,0.3234,0.032,0.0698,0.002636,0.656,0,29,23.36,0.883,1,608,17.189,15.648,0,30,6399,191607.6,84.98,15,10.33
1786434329645,4119,v1,0.0361,0.6303,0.3118,1.1431,0.8471,0.032,0.222,0.003525,0.638,0,36,22.87,0.551,1,248,18.191,17.402,0,30,5715,163587.6,99.56,15,13.6
1786434331825,4120,v1,0.0325,0.7666,0.3136,2.3334,0.3209,0.032,0.2299,0.00203,0.612,0,34,71.62,0.615,1,0,17.625,17.625,0,30,6368,168680.9,91.0,14,7.49
1786434333389,4121,v1,0.0727,0.8636,0.1072,0.9732,0.4204,0.032,0.0676,0.002179,0.678,0,20,27.29,0.608,1,0,15.627,15.627,0,30,6400,186856.1,89.95,15,8.03
1786434335540,4122,v1,0.0295,0.5585,0.275,1.3415,0.5638,0.032,0.1903,0.002704,0.63,0,9,78.41,0.984,1,0,8.0,8.0,0,30,6708,187167.4,96.0,15,10.06
1786434337155,4123,v1,0.0565,0.8226,0.3625,1.2609,0.828,0.032,0.11,0.002028,0.606,1,33,61.8,0.622,1,0,16.162,16.162,0,30,6861,159068.8,94.11,12,7.7
1786434339446,4124,v1,0.0766,0.2543,0.3772,1.8817,0.3349,0.032,0.2095,0.001355,0.706,1,32,24.87,0.712,1,1112,18.498,15.434,0,30,6926,248802.9,96.62,16,5.15
1786434341555,4125,v1,0.0315,0.8072,0.2107,2.3797,0.5677,0.032,0.0817,0.001924,0.697,1,22,22.88,0.367,1,438,16.943,15.656,0,30,6403,239944.4,82.33,17,7.53
1786434332638,4126,v1,0.0386,0.4057,0.3267,2.052,0.3665,0.032,0.1447,0.003678,0.611,1,25,71.01,0.643,1,0,16.1,16.1,0,30,6200,161241.1,93.78,14,13.29
1786434335049,4127,v1,0.048,0.4525,0.1088,1.1063,0.9255,0.032,0.1335,0.003707,0.646,1,11,90.83,0.865,1,5403,10.0,0.0,0,30,5602,311693.4,0.0,-1,13.44
1786434336754,4128,v1,0.0772,0.6603,0.2234,1.2185,0.4812,0.032,0.0606,0.001426,0.674,1,21,28.05,0.862,1,966,15.928,13.338,0,30,6045,197352.4,85.49,15,5.29
1786434339408,4129,v1,0.0757,0.2734,0.342,1.894,0.2063,0.032,0.135,0.001852,0.662,1,5,85.5,0.924,1,6152,4.0,0.0,0,30,6192,349672.0,0.0,-1,6.85
1786434341676,4130,v1,0.0532,0.5919,0.3417,2.445,0.2011,0.032,0.171,0.00192,0.713,1,21,36.54,0.64,1,1138,17.323,14.147,0,30,6424,299864.4,83.1,17,7.72
1786434343422,4131,v1,0.0345,0.8657,0.26,1.6293,0.8314,0.032,0.2297,0.003587,0.637,0,34,74.45,0.703,1,0,18.047,18.047,0,30,6275,170243.9,84.4,15,13.18
1786434345477,4132,v1,0.0257,0.8863,0.4318,1.7513,0.433,0.032,0.2463,0.001634,0.643,0,24,64.27,0.308,1,0,16.41,16.41,0,30,6179,178444.3,86.56,15,6.12
1786434333301,4133,v1,0.0521,0.8533,0.2327,2.1019,0.9341,0.032,0.2441,0.001335,0.62,0,4,70.61,0.939,1,0,3.0,3.0,0,30,6210,178997.7,94.32,14,5.3
1786434335389,4134,v1,0.013,0.3999,0.1483,1.7433,0.7311,0.032,0.1655,0.001734,0.604,1,30,88.24,0.946,1,0,17.536,17.536,0,30,6286,184345.4,84.01,15,6.84
1786434336911,4135,v1,0.0765,0.5624,0.3992,1.0605,0.9311,0.032,0.066,0.002776,0.613,0,26,56.12,0.741,1,0,15.317,15.317,0,30,6512,167390.0,91.83,13,10.63
1786434338939,4136,v1,0.0448,0.3028,0.4477,1.5321,0.6856,0.032,0.0874,0.003207,0.622,1,15,36.39,0.69,1,982,14.0,11.767,0,30,6412,203024.1,80.77,14,12.35
1786434341222,4137,v1,0.0731,0.4881,0.2661,1.9147,0.5292,0.032,0.2184,0.003472,0.657,0,10,46.84,0.623,1,2648,9.0,5.926,0,30,6221,260876.8,47.46,15,12.97
1786434343314,4138,v1,0.0777,0.3429,0.2634,1.4476,0.7232,0.032,0.2043,0.003641,0.648,0,21,35.69,0.34,1,0,15.466,15.466,0,30,6915,184745.4,94.65,14,14.39
1786434345358,4139,v1,0.0503,0.7475,0.248,2.1896,0.8329,0.032,0.1023,0.002206,0.584,0,30,58.85,0.964,1,0,15.877,15.877,0,30,6269,163460.3,91.52,13,8.84
1786434334009,4140,v1,0.0222,0.4023,0.3417,0.962,0.6033,0.032,0.1476,0.002214,0.713,1,30,77.64,0.893,1,0,19.693,19.693,0,30,5913,192980.3,85.87,17,8.0
1786434336398,4141,v1,0.0585,0.4082,0.1938,1.3697,0.6916,0.032,0.1011,0.002372,0.676,1,16,84.71,0.384,1,1643,15.0,11.031,0,30,6427,232486.7,64.45,15,8.87
1786434337788,4142,v1,0.0698,0.9836,0.2835,1.2303,0.6165,0.032,0.1283,0.00129,0.596,0,19,43.87,0.499,1,0,12.553,12.553,0,30,5833,130983.5,83.99,10,4.9
1786434340072,4143,v1,0.0461,0.5874,0.4495,1.6128,0.3624,0.032,0.2171,0.002265,0.626,1,4,71.12,0.399,1,3072,3.0,1.543,0,30,6366,271084.5,43.68,14,8.97
1786434342010,4144,v1,0.0643,0.283,0.1341,2.2139,0.2438,0.032,0.1789,0.001802,0.699,0,29,30.64,0.311,1,467,19.008,17.393,0,30,5295,213487.3,88.81,16,6.7
1786434343594,4145,v1,0.0304,0.9488,0.3527,1.0537,0.9532,0.032,0.1542,0.003613,0.618,0,21,88.49,0.735,1,0,14.809,14.809,0,30,6697,168546.8,86.58,14,13.54
1786434345939,4146,v1,0.0611,0.4563,0.1639,1.5398,0.2166,0.032,0.0728,0.002086,0.605,1,27,94.02,0.366,1,0,16.088,16.088,0,30,6952,180270.4,85.33,14,8.59
1786434335346,4147,v1,0.058,0.7381,0.1407,1.18,0.4648,0.032,0.1595,0.003472,0.712,1,26,44.6,0.626,1,795,17.942,15.691,0,30,6861,244564.0,89.19,16,12.94
1786434336809,4148,v1,0.0275,0.248,0.2066,2.1559,0.2462,0.032,0.094,0.002507,0.58,0,31,89.16,0.717,1,0,16.061,16.061,0,30,6021,153204.4,90.77,13,9.72
1786434338681,4149,v1,0.0157,0.8814,0.2779,1.9608,0.5747,0.032,0.173,0.002456,0.591,0,15,83.77,0.541,1,0,13.602,13.602,0,30,6883,170858.9,91.14,13,9.05
1786434340437,4150,v1,0.0601,0.4545,0.3109,0.8976,0.9692,0.032,0.2108,0.001281,0.653,1,9,52.77,0.323,1,2407,8.0,4.698,0,30,5880,247570.9,57.34,15,4.68
1786434342710,4151,v1,0.0274,0.9968,0.2501,1.1959,0.699,0.032,0.2466,0.002819,0.689,1,17,61.46,0.349,1,1871,16.0,10.85,0,30,6085,239691.3,57.93,16,10.7
1786434345596,4152,v1,0.0472,0.5329,0.2739,2.4073,0.8563,0.032,0.2334,0.002723,0.622,1,12,90.88,0.614,1,4961,11.0,1.586,0,30,5948,324127.1,13.85,-1,9.43
1786434347851,4153,v1,0.0753,0.4699,0.2836,2.174,0.8715,0.032,0.2042,0.001261,0.648,0,12,51.63,0.999,1,3892,11.0,6.198,0,30,7409,319284.8,44.48,15,5.18
1786434335745,4154,v1,0.0339,0.5119,0.1635,1.1659,0.1385,0.032,0.0579,0.001805,0.674,0,22,41.92,0.889,1,0,16.927,16.927,0,30,6093,199821.3,86.32,16,7.01
1786434337614,4155,v1,0.041,0.9164,0.1004,2.4781,0.4137,0.032,0.1903,0.001422,0.706,1,31,36.0,0.824,1,2402,20.978,12.344,0,30,6180,297595.9,84.82,18,5.5
1786434339543,4156,v1,0.0637,0.5121,0.1455,2.4847,0.3697,0.032,0.1113,0.003281,0.711,0,26,34.26,0.429,1,0,18.11,18.11,0,30,5956,223246.8,90.86,16,12.69
1786434341708,4157,v1,0.0464,0.2142,0.283,0.9065,0.2221,0.032,0.0741,0.003684,0.586,0,5,38.87,0.653,1,2434,4.0,3.274,0,30,6814,227848.0,55.74,11,13.77
1786434343347,4158,v1,0.0773,0.4875,0.4821,2.0227,0.8687,0.032,0.1697,0.00362,0.688,1,26,26.86,0.479,1,528,16.862,15.261,0,30,6054,189306.2,88.28,15,13.41
1786434345307,4159,v1,0.0149,0.7044,0.352,0.856,0.4392,0.032,0.2214,0.002939,0.611,0,35,48.71,0.685,1,0,15.762,15.762,0,30,6331,148002.1,87.78,11,11.61
1786434346658,4160,v1,0.0281,0.337,0.2464,2.0322,0.9809,0.032,0.2051,0.00179,0.615,1,36,34.83,0.565,1,667,18.065,15.826,0,30,5668,168153.7,94.5,15,6.92
1786434336253,4161,v1,0.0695,0.3461,0.4317,0.8446,0.4194,0.032,0.1848,0.001951,0.665,0,26,50.27,0.697,1,0,16.469,16.469,0,30,6322,183191.9,98.61,15,7.2
1786434338074,4162,v1,0.0429,0.6822,0.3387,1.6295,0.9359,0.032,0.1549,0.00331,0.677,1,22,72.08,0.808,1,0,16.359,16.359,0,30,6588,194683.2,85.98,15,12.72
1786434339851,4163,v1,0.0183,0.8933,0.3497,2.4107,0.9827,0.032,0.1587,0.00283,0.63,1,30,51.29,0.45,1,522,18.21,16.551,0,30,6150,199780.0,84.7,16,10.63
1786434341911,4164,v1,0.0799,0.811,0.2772,2.0944,0.935,0.032,0.1807,0.003743,0.587,0,10,62.23,0.929,1,2783,9.0,5.269,0,30,5403,230911.8,44.36,14,14.36
1786434343577,4165,v1,0.0604,0.5571,0.4684,1.9366,0.4552,0.032,0.0523,0.002487,0.681,1,24,95.65,0.497,1,0,16.537,16.537,0,30,6462,185742.9,88.78,15,9.13
1786434346081,4166,v1,0.0312,0.7669,0.2953,1.0654,0.1414,0.032,0.0947,0.002734,0.68,1,17,73.74,0.43,1,1201,16.0,12.747,0,30,6178,230211.2,66.98,16,10.29
1786434347252,4167,v1,0.0467,0.9638,0.4166,1.2668,0.6529,0.032,0.219,0.002178,0.607,1,20,78.61,0.506,1,0,14.196,14.196,0,30,6381,152660.5,88.65,13,9.21
1786434341548,4168,v1,0.0628,0.5631,0.1598,2.3054,0.4185,0.032,0.1489,0.001274,0.717,0,30,89.05,0.769,1,0,19.621,19.621,0,30,6020,237399.2,99.98,17,5.08
1786434343458,4169,v1,0.0507,0.3945,0.2771,1.5251,0.1262,0.032,0.0947,0.001953,0.714,0,31,79.71,0.807,1,0,20.726,20.726,0,30,5794,241177.3,90.39,16,7.34
1786434345337,4170,v1,0.0604,0.5574,0.4916,0.8681,0.7941,0.032,0.0862,0.001367,0.66,0,29,66.48,0.972,1,0,16.75,16.75,0,30,5545,155026.5,93.95,14,5.43
1786434347051,4171,v1,0.0314,0.7442,0.1393,1.3419,0.4251,0.032,0.1187,0.002572,0.603,1,15,94.44,0.98,1,1631,14.0,10.563,0,30,6887,226240.0,75.45,14,9.98
1786434348346,4172,v1,0.019,0.4919,0.4351,2.3202,0.9547,0.032,0.1506,0.002669,0.617,0,4,66.73,0.32,1,0,3.0,3.0,0,30,5648,159208.9,89.1,15,10.3
1786434349447,4173,v1,0.0242,0.3845,0.113,0.87,0.8481,0.032,0.1581,0.002085,0.67,1,34,63.25,0.786,1,0,19.407,19.407,0,30,6050,190011.1,84.66,16,7.79
1786434351399,4174,v1,0.0105,0.3811,0.2293,1.4081,0.5157,0.032,0.236,0.002315,0.685,0,14,64.17,0.422,1,2040,13.0,9.377,0,30,6367,350846.6,21.6,19,8.8
1786434343771,4175,v1,0.0521,0.2121,0.1994,0.8566,0.5497,0.032,0.2023,0.003575,0.602,1,24,40.89,0.492,1,594,14.641,13.128,0,30,6167,168590.4,89.6,12,13.28
1786434345807,4176,v1,0.0616,0.4184,0.1366,1.536,0.4513,0.032,0.239,0.002323,0.587,0,10,96.55,0.846,1,0,9.0,9.0,0,30,5548,140038.5,92.18,13,8.98
1786434346891,4177,v1,0.0669,0.7598,0.1436,2.0057,0.8089,0.032,0.142,0.00254,0.606,0,24,86.03,0.698,1,0,15.56,15.56,0,30,5534,152122.3,85.54,14,10.01
1786434348627,4178,v1,0.066,0.3527,0.402,1.6188,0.8484,0.032,0.147,0.003416,0.67,1,4,82.1,0.347,1,2463,3.0,1.789,0,30,6166,259103.3,51.05,15,13.44
1786434349660,4179,v1,0.0522,0.9174,0.3291,2.0084,0.1308,0.032,0.0842,0.001901,0.612,1,35,97.09,0.415,1,0,17.638,17.638,0,30,6588,177005.3,90.88,14,7.36
1786434351136,4180,v1,0.0234,0.2373,0.2427,1.4146,0.215,0.032,0.1498,0.001844,0.667,0,26,30.26,0.969,1,0,18.265,18.265,0,30,6045,188576.7,87.87,16,6.9
1786434352389,4181,v1,0.0275,0.9473,0.4281,0.9992,0.6981,0.032,0.1306,0.003382,0.717,0,22,36.41,0.882,1,0,18.192,18.192,0,30,6211,210378.8,88.81,17,12.45
1786434347929,4182,v1,0.0525,0.2356,0.4821,1.6888,0.7961,0.032,0.2274,0.001615,0.686,1,16,60.09,0.708,1,3606,15.0,5.796,0,30,6009,288979.6,38.64,15,5.76
1786434349082,4183,v1,0.0632,0.5056,0.4706,1.4835,0.3397,0.032,0.2392,0.001208,0.582,0,28,63.9,0.839,1,0,12.825,12.825,0,30,6611,127188.3,84.56,10,4.76
1786434349911,4184,v1,0.0429,0.7311,0.1779,0.9173,0.3278,0.032,0.0779,0.002704,0.615,0,32,88.67,0.887,1,0,16.769,16.769,0,30,5802,139128.9,91.99,14,10.36
1786434351753,4185,v1,0.0427,0.8156,0.1097,2.1482,0.9584,0.032,0.063,0.003158,0.595,0,9,61.9,0.416,1,1796,8.0,6.431,0,30,7052,240332.9,66.52,14,11.64
1786434352952,4186,v1,0.0481,0.3762,0.2352,1.3875,0.2934,0.032,0.064,0.002932,0.599,1,14,73.66,0.473,1,3632,13.0,4.553,0,30,5810,279033.4,34.57,14,10.86
1786434353924,4187,v1,0.0531,0.6005,0.1771,2.1079,0.4377,0.032,0.0735,0.003185,0.64,0,6,84.58,0.357,1,0,5.0,5.0,0,30,6299,174545.9,86.69,15,12.37
1786434354988,4188,v1,0.017,0.737,0.1523,1.9965,0.4643,0.032,0.1473,0.003368,0.687,0,9,59.89,0.692,1,3496,8.0,4.697,0,30,6512,339659.2,21.26,19,12.59
1786434348843,4189,v1,0.0649,0.9882,0.2595,1.3428,0.2363,0.032,0.0542,0.001803,0.589,1,10,80.26,0.755,1,6522,9.0,0.388,0,30,6930,395034.8,4.31,-1,6.61
1786434350000,4190,v1,0.0735,0.3055,0.29,1.205,0.6394,0.032,0.1213,0.002338,0.605,0,6,25.48,0.653,1,2109,5.0,3.949,0,30,6096,224039.4,56.37,13,8.78
1786434351969,4191,v1,0.05,0.906,0.2556,1.4527,0.9629,0.032,0.1521,0.002218,0.715,1,4,37.17,0.728,1,5719,3.0,0.0,0,30,5752,336857.0,0.0,-1,8.69
1786434352963,4192,v1,0.0457,0.4047,0.2047,0.9907,0.9942,0.032,0.0962,0.002005,0.687,1,29,84.83,0.744,1,0,18.004,18.004,0,30,6153,191930.2,88.84,15,7.77
1786434354365,4193,v1,0.0682,0.27,0.2379,1.7285,0.7577,0.032,0.0581,0.003669,0.718,1,9,96.43,0.473,1,3945,8.0,3.258,0,30,6850,345827.2,35.72,16,13.47
1786434355210,4194,v1,0.0171,0.9478,0.1088,2.2087,0.5949,0.032,0.2266,0.001764,0.665,0,13,81.26,0.946,1,0,12.0,12.0,0,30,6874,280016.7,66.26,18,6.65
1786434355774,4195,v1,0.0651,0.347,0.3888,1.7906,0.5834,0.032,0.1902,0.003469,0.58,0,28,98.97,0.568,1,0,13.451,13.451,0,30,6182,123498.3,88.16,10,13.01
1786434349075,4196,v1,0.0534,0.953,0.2013,2.4129,0.4778,0.032,0.1924,0.001446,0.715,1,13,51.48,0.895,1,6129,12.0,0.0,0,30,6237,367371.1,0.0,-1,5.74
1786434349911,4197,v1,0.0698,0.5816,0.1795,1.5137,0.3215,0.032,0.2397,0.003084,0.602,0,35,91.62,0.417,1,0,17.051,17.051,0,30,5826,148896.0,89.02,13,10.56
1786434351923,4198,v1,0.0643,0.2172,0.3581,1.4455,0.8904,0.032,0.2373,0.001543,0.661,1,14,28.59,0.575,1,4822,13.0,2.969,0,30,6397,335127.5,22.14,15,6.3
1786434353119,4199,v1,0.0222,0.5722,0.4868,1.6092,0.2344,0.032,0.1181,0.003635,0.71,0,24,96.19,0.777,1,0,18.758,18.758,0,30,7249,240651.7,86.79,18,13.68
1786434361954,4200,v1,0.0632,0.5577,0.1839,2.294,0.4268,0.032,0.1514,0.002583,0.604,0,19,71.61,0.837,1,0,15.029,15.029,0,30,6458,175015.6,91.65,14,9.66
1786434364074,4201,v1,0.0346,0.8013,0.1494,1.0973,0.3401,0.032,0.2337,0.002364,0.585,1,6,53.05,0.65,1,4638,5.0,1.091,0,30,5989,290998.2,18.5,-1,8.73
1786434365852,4202,v1,0.0182,0.7336,0.4866,1.1233,0.1203,0.032,0.1485,0.002013,0.69,0,21,52.16,0.918,1,0,17.223,17.223,0,30,6040,195267.5,83.46,16,7.55
1786434367909,4203,v1,0.0644,0.4403,0.1922,1.5464,0.5248,0.032,0.1182,0.001855,0.618,0,6,51.5,0.622,1,2299,5.0,3.968,0,30,6743,254078.3,58.94,14,7.12
1786434369481,4204,v1,0.0224,0.4699,0.4771,1.2427,0.997,0.032,0.0791,0.001893,0.612,0,6,40.49,0.505,1,1734,5.0,4.15,0,30,6180,210072.2,60.24,13,7.48
1786434371454,4205,v1,0.0653,0.7316,0.264,1.0343,0.7421,0.032,0.152,0.002325,0.67,0,6,36.53,0.542,1,1850,5.0,4.092,0,30,6194,233675.4,59.18,15,9.14
1786434373651,4206,v1,0.0747,0.7678,0.1898,2.3278,0.3048,0.032,0.1377,0.003701,0.613,1,11,73.82,0.89,1,5596,10.0,0.0,0,30,5810,332958.5,0.0,-1,14.56
1786434362383,4207,v1,0.0614,0.7523,0.1284,1.2554,0.1725,0.032,0.067,0.002432,0.696,1,32,66.06,0.965,1,0,19.519,19.519,0,30,6326,231583.8,98.31,16,9.26
1786434364096,4208,v1,0.069,0.6359,0.4461,0.9603,0.423,0.032,0.0945,0.001287,0.72,1,36,24.39,0.373,1,421,18.898,17.536,0,30,6045,181341.5,96.07,16,4.98
1786434366031,4209,v1,0.0562,0.4568,0.4166,1.7668,0.2972,0.032,0.1567,0.002272,0.63,1,25,97.8,0.699,1,0,16.141,16.141,0,30,7342,199832.1,94.36,14,8.98
1786434367322,4210,v1,0.0606,0.4514,0.406,2.3264,0.9939,0.032,0.1185,0.003357,0.667,1,34,25.12,0.383,1,467,18.362,16.686,0,30,5730,172415.0,91.88,15,13.51
1786434368823,4211,v1,0.0457,0.7864,0.3982,0.8189,0.9957,0.032,0.0703,0.001922,0.632,0,10,87.89,0.424,1,0,9.0,9.0,0,30,6210,171134.1,87.46,14,7.15
1786434370943,4212,v1,0.0552,0.4996,0.4821,2.4817,0.9384,0.032,0.1243,0.001484,0.628,0,6,60.21,0.968,1,3043,5.0,3.388,0,30,5705,264682.3,45.58,15,5.78
1786434371955,4213,v1,0.0596,0.9472,0.1668,0.8052,0.8027,0.032,0.2269,0.003189,0.581,0,7,96.42,0.949,1,0,6.0,6.0,0,30,5759,115409.0,94.26,11,11.6
1786434363430,4214,v1,0.0217,0.9677,0.3137,1.4211,0.7931,0.032,0.2006,0.003625,0.718,0,13,58.9,0.789,1,3294,12.0,5.892,0,30,5605,291409.2,27.21,19,12.11
1786434365170,4215,v1,0.0113,0.6731,0.4942,1.0547,0.5314,0.032,0.057,0.003107,0.614,1,13,32.67,0.695,1,2107,11.827,7.097,0,30,5551,205901.2,53.71,12,12.81
1786434366697,4216,v1,0.0193,0.7216,0.298,0.9895,0.151,0.032,0.181,0.001444,0.699,1,34,42.88,0.584,1,783,20.8,17.956,0,30,5923,223345.6,83.89,17,5.15
1786434368780,4217,v1,0.0488,0.2105,0.4741,1.0417,0.1339,0.032,0.0923,0.00194,0.671,1,15,45.11,0.544,1,3373,14.0,4.962,0,30,5370,255387.7,30.83,15,7.47
1786434370480,4218,v1,0.0339,0.9614,0.2942,1.2272,0.5005,0.032,0.0693,0.002028,0.638,1,27,35.61,0.79,1,1053,16.465,13.817,0,30,6806,204073.5,91.51,14,6.99
1786434371675,4219,v1,0.0191,0.3656,0.3026,1.9397,0.6479,0.032,0.165,0.00356,0.69,0,25,57.35,0.521,1,0,17.412,17.412,0,30,5821,190204.1,81.78,17,13.37
1786434374126,4220,v1,0.0766,0.6179,0.4815,1.077,0.7333,0.032,0.2243,0.002884,0.629,1,13,38.88,0.939,1,5732,12.0,0.091,0,30,5976,338999.8,11.37,-1,10.91
1786434363883,4221,v1,0.0306,0.3118,0.1301,1.522,0.4455,0.032,0.0804,0.001824,0.644,1,28,35.55,0.954,1,1144,17.587,14.547,0,30,6887,226516.2,94.34,16,7.17
1786434366175,4222,v1,0.078,0.2655,0.2429,1.9213,0.7383,0.032,0.057,0.003752,0.692,1,6,98.92,0.95,1,5621,5.0,0.0,0,30,5741,315664.9,0.0,-1,14.28
1786434368381,4223,v1,0.0609,0.4227,0.114,2.2631,0.9439,0.032,0.0845,0.002833,0.695,1,4,69.53,0.669,1,4893,3.0,0.573,0,30,6098,330852.6,17.26,-1,10.58
1786434369952,4224,v1,0.0748,0.8066,0.3848,1.3096,0.7757,0.032,0.1238,0.001511,0.652,1,24,24.84,0.935,1,1025,15.682,13.167,0,30,6548,205561.7,87.99,14,5.73
1786434371384,4225,v1,0.0605,0.732,0.3194,2.0132,0.8683,0.032,0.0685,0.001877,0.652,0,21,30.6,0.906,1,580,15.746,14.306,0,30,5726,179022.4,92.63,15,7.42
1786434373814,4226,v1,0.067,0.3597,0.376,1.1689,0.4184,0.032,0.2336,0.003388,0.588,1,8,70.26,0.965,1,6219,7.0,0.0,0,30,6383,384370.5,0.0,-1,12.99
1786434376105,4227,v1,0.0421,0.7208,0.1682,1.3323,0.3238,0.032,0.1487,0.001254,0.583,1,12,83.15,0.469,1,4222,11.0,3.365,0,30,6171,302735.0,26.06,13,4.85
1786434364016,4228,v1,0.0492,0.9348,0.1283,2.2511,0.6768,0.032,0.2438,0.003642,0.641,1,35,96.92,0.932,1,0,18.549,18.549,0,30,5690,165923.0,86.05,15,13.66
1786434365818,4229,v1,0.0337,0.5597,0.2902,1.787,0.4709,0.032,0.1,0.003683,0.672,1,29,66.62,0.406,1,0,18.436,18.436,0,30,6589,210260.6,93.94,16,13.23
1786434367522,4230,v1,0.0534,0.2424,0.3808,1.9769,0.4416,0.032,0.1644,0.003623,0.662,0,11,25.11,0.422,1,1828,10.0,7.599,0,30,6309,232133.5,58.73,15,12.79
1786434368841,4231,v1,0.0264,0.8788,0.3933,1.3177,0.9786,0.032,0.1907,0.002283,0.603,0,13,98.16,0.886,1,0,11.818,11.818,0,30,5922,139843.6,84.31,12,8.56
1786434370498,4232,v1,0.0654,0.4931,0.3216,2.1584,0.8616,0.032,0.2269,0.001479,0.668,1,36,75.09,0.39,1,0,18.602,18.602,0,30,6543,195998.5,90.14,15,5.61
1786434371615,4233,v1,0.0106,0.2757,0.3531,0.9386,0.842,0.032,0.1003,0.002768,0.633,0,19,43.14,0.564,1,0,15.19,15.19,0,30,5768,160553.4,84.67,14,10.94
1786434373469,4234,v1,0.0218,0.3835,0.3033,1.7388,0.94,0.032,0.223,0.003408,0.633,0,4,38.25,0.434,1,1466,3.0,2.733,0,30,5540,202197.5,69.89,16,12.85
1786434364640,4235,v1,0.0383,0.3354,0.1554,0.8655,0.5253,0.032,0.0953,0.002697,0.648,0,32,88.75,0.906,1,0,17.72,17.72,0,30,6079,171598.8,84.31,15,10.22
1786434366774,4236,v1,0.023,0.9604,0.4663,0.9981,0.519,0.032,0.1317,0.001694,0.708,1,13,96.07,0.542,1,4033,12.0,3.523,0,30,5838,309845.5,24.63,18,6.77
1786434368697,4237,v1,0.0694,0.8445,0.4655,1.5503,0.6563,0.032,0.1561,0.001503,0.619,1,32,35.61,0.733,1,1030,16.68,13.992,0,30,6638,181432.1,99.77,14,5.69
1786434370512,4238,v1,0.0105,0.6033,0.364,2.3512,0.3587,0.032,0.0917,0.002314,0.609,1,12,75.06,0.405,1,2529,11.0,5.917,0,30,5618,245261.3,47.85,16,9.1
1786434372781,4239,v1,0.014,0.2679,0.1804,1.7678,0.4635,0.032,0.1299,0.001531,0.715,1,5,40.44,0.792,1,5614,4.0,0.057,0,30,5730,331467.1,0.2,-1,5.92
1786434374194,4240,v1,0.0142,0.8939,0.2924,1.2577,0.5829,0.032,0.0988,0.002673,0.692,0,7,64.76,0.304,1,890,6.0,5.318,0,30,5299,246301.9,49.27,18,10.34
1786434375777,4241,v1,0.05,0.7892,0.4177,2.4082,0.3428,0.032,0.1957,0.002818,0.632,1,18,75.21,0.399,1,0,14.911,14.911,0,30,5453,152290.1,91.99,14,10.69
1786434365227,4242,v1,0.0661,0.6558,0.254,0.8834,0.3554,0.032,0.1069,0.001899,0.626,1,21,89.17,0.777,1,0,14.901,14.901,0,30,6115,165361.2,88.22,14,7.23
1786434366766,4243,v1,0.0753,0.3119,0.1317,1.7876,0.3847,0.032,0.1256,0.002279,0.653,0,28,89.67,0.348,1,0,17.109,17.109,0,30,6516,184599.8,85.64,15,8.56
1786434368310,4244,v1,0.0238,0.4295,0.4189,1.7129,0.5862,0.032,0.135,0.001899,0.69,1,28,76.74,0.693,1,0,19.189,19.189,0,30,5775,198405.5,84.57,17,6.93
1786434369577,4245,v1,0.0622,0.4077,0.4891,1.5691,0.4802,0.032,0.0815,0.003302,0.7,1,24,66.94,0.524,1,537,16.767,15.094,0,30,5742,176536.3,94.31,15,12.23
1786434371037,4246,v1,0.054,0.9351,0.4567,1.2156,0.4972,0.032,0.1966,0.002835,0.633,1,27,22.25,0.41,1,476,15.875,14.491,0,30,5849,170795.7,84.4,14,10.28
1786434372306,4247,v1,0.0422,0.4588,0.2803,1.0891,0.6692,0.032,0.0652,0.003538,0.666,0,10,98.66,0.419,1,0,9.0,9.0,0,30,6106,182497.5,92.63,15,13.33
1786434374198,4248,v1,0.0681,0.6858,0.3284,1.764,0.1427,0.032,0.1033,0.001421,0.598,0,6,55.25,0.663,1,2643,5.0,3.685,0,30,6078,244511.0,51.69,13,5.33
1786434366159,4249,v1,0.0173,0.8673,0.2225,1.0116,0.9895,0.032,0.0759,0.003526,0.687,0,34,53.23,0.765,1,0,20.483,20.483,0,30,6431,210789.5,90.11,17,13.85
1786434367577,4250,v1,0.0392,0.5303,0.3637,1.8937,0.8711,0.032,0.168,0.002752,0.622,1,25,74.23,0.451,1,0,16.296,16.296,0,30,6330,180593.7,98.36,15,10.65
1786434369744,4251,v1,0.0266,0.8157,0.3522,0.9903,0.5417,0.032,0.1849,0.003072,0.677,1,7,41.64,0.697,1,5111,6.0,0.692,0,30,5875,329202.8,11.04,-1,11.23
1786434372146,4252,v1,0.0393,0.3105,0.2962,2.4374,0.2228,0.032,0.0926,0.003618,0.596,1,8,58.11,0.596,1,4788,7.0,2.289,0,30,7318,343850.3,29.49,15,14.13
1786434373881,4253,v1,0.0175,0.2154,0.1831,1.3413,0.1047,0.032,0.2476,0.003632,0.682,1,32,92.92,0.977,1,0,20.715,20.715,0,30,6268,222406.9,86.2,17,13.18
1786434376441,4254,v1,0.0161,0.9707,0.4902,2.3401,0.7775,0.032,0.1437,0.002192,0.697,1,6,77.33,0.924,1,6108,5.0,0.0,0,30,6175,366764.6,0.0,-1,8.34
1786434378404,4255,v1,0.0519,0.875,0.3519,1.8476,0.1781,0.032,0.2153,0.001766,0.678,0,30,52.84,0.992,1,0,18.514,18.514,0,30,6172,204695.8,94.34,16,6.53
1786434374113,4256,v1,0.0753,0.8705,0.3144,0.9059,0.822,0.032,0.1895,0.001741,0.702,0,18,76.5,0.958,1,0,15.731,15.731,0,30,5609,167805.3,93.29,15,6.4
1786434376674,4257,v1,0.0507,0.755,0.1161,2.3439,0.1667,0.032,0.2363,0.002759,0.668,0,10,74.04,0.842,1,4033,9.0,4.712,0,30,6764,332298.1,34.98,17,10.93
1786434379553,4258,v1,0.016,0.7449,0.4756,2.3918,0.882,0.032,0.2389,0.001279,0.688,1,15,63.66,0.944,1,5732,14.0,0.0,0,30,5827,347094.0,0.0,-1,4.91
1786434381587,4259,v1,0.019,0.654,0.3096,2.2972,0.1448,0.032,0.1764,0.002333,0.605,1,33,55.12,0.303,1,425,17.544,16.274,0,30,6275,172707.6,86.89,14,8.88
1786434383191,4260,v1,0.0311,0.8683,0.2763,1.5589,0.3767,0.032,0.1163,0.002126,0.69,0,35,54.12,0.531,1,0,19.59,19.59,0,30,6332,203012.4,90.34,17,7.83
1786434384729,4261,v1,0.0487,0.3341,0.3664,1.9529,0.8973,0.032,0.1702,0.0033,0.67,0,27,47.56,0.453,1,0,17.387,17.387,0,30,7006,197838.2,88.23,15,12.49
1786434386659,4262,v1,0.0169,0.5617,0.3484,2.3736,0.2627,0.032,0.2209,0.002353,0.62,1,28,43.35,0.383,1,517,17.48,16.059,0,30,6739,216593.2,90.49,15,9.07
1786434376395,4263,v1,0.0157,0.2332,0.2969,1.4081,0.1691,0.032,0.0786,0.001394,0.682,1,7,94.05,0.887,1,6262,6.0,0.0,0,30,6319,395283.1,0.0,-1,5.24
1786434378172,4264,v1,0.0562,0.7125,0.1656,1.6863,0.8197,0.032,0.2088,0.001512,0.65,0,7,39.75,0.333,1,1174,6.0,5.239,0,30,6233,211153.5,70.09,15,5.84
1786434380230,4265,v1,0.0324,0.6868,0.3871,2.1221,0.2475,0.032,0.1258,0.003273,0.615,1,16,71.05,0.974,1,227,14.946,14.348,0,30,5986,175912.1,94.98,15,12.53
1786434381977,4266,v1,0.0626,0.2321,0.1492,1.9197,0.4465,0.032,0.1002,0.002547,0.588,0,5,35.69,0.885,1,2954,4.0,2.878,0,30,5322,227196.3,39.95,14,9.7
1786434383616,4267,v1,0.0307,0.3545,0.4226,2.1883,0.609,0.032,0.1671,0.001939,0.673,0,36,64.52,0.706,1,0,19.756,19.756,0,30,5636,177204.6,91.58,17,7.95
1786434384995,4268,v1,0.0394,0.798,0.2762,1.638,0.2989,0.032,0.1762,0.001931,0.64,0,24,78.48,0.507,1,0,16.385,16.385,0,30,6423,182787.5,84.53,15,7.49
1786434387393,4269,v1,0.0656,0.3625,0.4747,2.3244,0.3927,0.032,0.0674,0.001802,0.685,1,6,31.96,0.471,1,4042,5.0,1.633,0,30,6057,310967.3,30.6,16,6.97
1786434377484,4270,v1,0.057,0.4719,0.2287,2.2288,0.9912,0.032,0.1823,0.002142,0.641,1,10,67.69,0.635,1,5405,9.0,1.335,0,30,6472,345449.9,13.01,-1,7.62
1786434380267,4271,v1,0.0438,0.9726,0.4279,1.6324,0.628,0.032,0.0557,0.003743,0.685,1,4,74.49,0.691,1,4780,3.0,0.556,0,30,5945,310076.1,15.96,-1,14.47
1786434381759,4272,v1,0.0654,0.7179,0.3535,2.4069,0.3259,0.032,0.0669,0.003475,0.613,1,26,33.28,0.463,1,512,16.262,14.711,0,30,5815,169515.9,93.33,14,13.16
1786434383669,4273,v1,0.0209,0.6482,0.2301,1.9144,0.9571,0.032,0.2349,0.003447,0.688,0,18,59.21,0.628,1,1238,17.0,13.943,0,30,6483,240931.9,68.15,17,12.99
1786434385137,4274,v1,0.0437,0.3973,0.4888,2.2842,0.6908,0.032,0.1455,0.002504,0.624,0,10,43.48,0.566,1,2284,9.0,6.203,0,30,5849,238977.8,56.06,15,9.27
1786434386934,4275,v1,0.0296,0.7829,0.2773,1.2567,0.407,0.032,0.2244,0.001942,0.646,1,31,29.76,0.316,1,395,17.641,16.451,0,30,6125,188177.7,86.91,15,7.31
1786434389013,4276,v1,0.0279,0.4559,0.2979,1.6772,0.11,0.032,0.2364,0.001429,0.594,1,26,66.51,0.762,1,0,15.061,15.061,0,30,5691,142650.8,91.33,12,5.9
1786434377044,4277,v1,0.0191,0.7871,0.2188,2.0527,0.149,0.032,0.1052,0.002618,0.633,0,6,78.31,0.952,1,0,5.0,5.0,0,30,6699,208390.6,89.03,16,10.49
1786434379422,4278,v1,0.015,0.4441,0.407,2.2886,0.5529,0.032,0.2238,0.002505,0.681,0,19,95.24,0.749,1,0,17.947,17.947,0,30,6048,276854.1,46.13,18,9.44
1786434381399,4279,v1,0.0342,0.6552,0.1802,2.4909,0.8633,0.032,0.1412,0.002382,0.642,1,14,40.22,0.435,1,2357,13.0,6.519,0,30,4897,215621.4,44.08,16,9.13
1786434382628,4280,v1,0.0409,0.6578,0.3535,1.7974,0.4981,0.032,0.1946,0.003716,0.668,1,35,69.76,0.583,1,590,18.914,16.783,0,30,5872,188988.9,87.57,16,13.74
1786434384411,4281,v1,0.0386,0.7578,0.2935,2.1817,0.553,0.032,0.1057,0.001784,0.58,0,29,36.21,0.861,1,0,15.99,15.99,0,30,6804,176194.6,95.66,13,6.67
1786434386091,4282,v1,0.0387,0.4827,0.2134,1.6292,0.7503,0.032,0.1919,0.003695,0.688,1,25,50.15,0.537,1,701,17.629,15.447,0,30,6131,206877.0,84.22,16,13.88
1786434387679,4283,v1,0.0233,0.9155,0.2908,1.586,0.88,0.032,0.1373,0.003264,0.693,0,33,31.47,0.733,1,438,19.957,18.756,0,30,7190,243977.4,85.82,17,11.63
1786434377525,4284,v1,0.0322,0.264,0.383,1.3781,0.1519,0.032,0.1191,0.001208,0.585,1,14,80.65,0.996,1,0,11.24,11.24,0,30,5559,119262.4,90.23,10,4.17
1786434379342,4285,v1,0.0781,0.9101,0.2848,1.2614,0.4099,0.032,0.0524,0.003736,0.642,0,17,67.09,0.865,1,0,14.678,14.678,0,30,6145,161392.2,91.61,14,13.72
1786434381767,4286,v1,0.0614,0.9679,0.1532,1.9869,0.794,0.032,0.1013,0.00135,0.645,0,12,27.66,0.615,1,3098,11.0,6.588,0,30,6410,281240.5,46.09,15,5.27
1786434383824,4287,v1,0.0431,0.3153,0.3119,1.7573,0.8802,0.032,0.187,0.001613,0.645,1,13,92.02,0.649,1,4396,12.0,2.84,0,30,5883,314836.9,20.37,16,6.51
1786434385478,4288,v1,0.0214,0.7206,0.237,1.0234,0.6128,0.032,0.2396,0.003471,0.593,1,16,52.0,0.518,1,771,12.365,10.852,0,30,6553,169007.9,85.75,11,12.94
1786434387834,4289,v1,0.048,0.3564,0.206,1.4704,0.36,0.032,0.1954,0.001505,0.708,1,15,44.0,0.886,1,6359,14.0,0.0,0,30,6502,381643.6,0.0,-1,5.92
1786434389893,4290,v1,0.0232,0.5525,0.1329,1.9149,0.2242,0.032,0.2448,0.003156,0.651,1,20,49.18,0.715,1,955,17.156,14.362,0,30,6181,227153.2,82.68,17,12.47
1786434378638,4291,v1,0.038,0.3396,0.2383,2.174,0.4185,0.032,0.0673,0.002115,0.614,1,36,44.06,0.824,1,1005,18.082,15.11,0,30,6516,195276.6,84.71,14,8.01
1786434380742,4292,v1,0.0342,0.2997,0.1188,2.205,0.1418,0.032,0.1775,0.003231,0.671,1,32,41.0,0.889,1,1098,21.035,16.715,0,30,5747,246473.8,87.7,17,11.14
1786434382102,4293,v1,0.0512,0.2991,0.2304,2.2286,0.8333,0.032,0.1585,0.003089,0.588,1,17,40.42,0.918,1,891,14.116,11.85,0,30,5722,174777.4,97.53,14,11.38
1786434383774,4294,v1,0.0778,0.4256,0.3522,1.0349,0.3652,0.032,0.0806,0.002679,0.601,0,17,91.29,0.572,1,0,13.089,13.089,0,30,6857,160384.4,86.23,12,9.6
1786434385521,4295,v1,0.078,0.9395,0.4146,1.7597,0.6569,0.032,0.1571,0.001589,0.628,1,21,76.66,0.57,1,0,15.257,15.257,0,30,7088,193814.3,89.76,14,6.31
1786434387089,4296,v1,0.0321,0.3542,0.1653,0.8254,0.7626,0.032,0.1918,0.002805,0.586,1,14,71.44,0.871,1,0,12.017,12.017,0,30,5573,126092.9,86.21,11,10.69
1786434389021,4297,v1,0.0553,0.397,0.1077,2.4529,0.9426,0.032,0.1,0.002507,0.66,0,25,97.56,0.455,1,0,17.235,17.235,0,30,5733,174061.1,93.98,16,9.84
1786434378906,4298,v1,0.0718,0.9825,0.1329,1.5019,0.5244,0.032,0.2125,0.001215,0.695,0,28,76.61,0.412,1,0,17.439,17.439,0,30,5460,162892.7,87.71,15,4.56
1786434380946,4299,v1,0.0106,0.9789,0.2355,1.3156,0.3256,0.032,0.1102,0.003599,0.662,1,27,29.3,0.672,1,889,19.261,16.117,0,30,5924,219924.4,85.0,18,13.22
1786434382288,4300,v1,0.0142,0.9393,0.2567,2.0387,0.7481,0.032,0.2278,0.002897,0.618,0,16,66.34,0.722,1,1666,14.994,11.281,0,30,6093,229847.7,62.67,15,11.06
1786434383873,4301,v1,0.0742,0.7546,0.1178,1.7731,0.5044,0.032,0.1292,0.003512,0.7,0,18,77.32,0.437,1,0,16.167,16.167,0,30,5992,180764.0,83.98,16,12.78
1786434385325,4302,v1,0.0768,0.4139,0.4611,1.9235,0.578,0.032,0.0948,0.001442,0.646,1,36,62.06,0.96,1,940,18.13,15.069,0,30,5829,176692.2,98.7,15,5.7
1786434387078,4303,v1,0.052,0.7603,0.1437,1.4432,0.5378,0.032,0.142,0.001785,0.588,0,16,58.24,0.643,1,0,13.03,13.03,0,30,6792,159788.4,91.3,12,6.92
1786434389234,4304,v1,0.0137,0.7673,0.1267,1.0722,0.3745,0.032,0.101,0.002217,0.655,0,6,84.66,0.908,1,0,5.0,5.0,0,30,6111,191217.7,87.32,17,8.54
1786434381318,4305,v1,0.0751,0.2328,0.3934,2.0599,0.8652,0.032,0.2253,0.002668,0.62,1,20,95.86,0.476,1,0,15.137,15.137,0,30,5966,158273.3,90.78,14,10.26
1786434382764,4306,v1,0.0323,0.7396,0.1211,0.9813,0.4277,0.032,0.068,0.003627,0.697,1,32,83.15,0.72,1,0,19.266,19.266,0,30,6976,208674.2,87.97,16,14.44
1786434384299,4307,v1,0.037,0.2905,0.4738,1.3407,0.8036,0.032,0.2346,0.002299,0.594,0,30,76.71,0.45,1,0,13.943,13.943,0,30,6777,142328.8,86.71,11,9.3
1786434386709,4308,v1,0.0134,0.9863,0.2708,1.9165,0.5379,0.032,0.2062,0.002643,0.642,1,6,48.35,0.911,1,5878,5.0,0.0,0,30,5958,347536.1,0.0,-1,10.2
1786434388945,4309,v1,0.0421,0.8271,0.2052,1.5946,0.6867,0.032,0.1541,0.001351,0.652,0,23,90.1,0.917,1,0,16.284,16.284,0,30,6779,194770.1,86.41,15,5.58
1786434391338,4310,v1,0.0523,0.5769,0.2545,1.1943,0.8838,0.032,0.1945,0.002282,0.69,1,16,60.22,0.691,1,4765,15.0,3.365,0,30,6384,356612.6,19.83,-1,9.16
1786434393095,4311,v1,0.0704,0.2361,0.2873,0.8844,0.5197,0.032,0.0995,0.002282,0.584,0,35,20.84,0.424,1,207,14.595,14.158,0,30,6312,131309.7,84.6,10,8.82
1786434389083,4312,v1,0.0274,0.5003,0.337,1.4819,0.899,0.032,0.169,0.002234,0.589,0,14,92.78,0.651,1,0,12.161,12.161,0,30,6012,141458.8,84.11,12,7.68
1786434390858,4313,v1,0.0512,0.9075,0.2863,2.3117,0.7771,0.032,0.1628,0.001403,0.64,1,18,34.17,0.771,1,1090,15.495,12.912,0,30,6653,235352.1,87.35,15,5.2
1786434393067,4314,v1,0.0704,0.8143,0.2288,1.9885,0.7627,0.032,0.2054,0.002032,0.662,0,26,95.36,0.723,1,0,16.966,16.966,0,30,7185,200900.4,91.48,15,7.86
1786434395659,4315,v1,0.0314,0.4896,0.1454,1.3075,0.6838,0.032,0.0871,0.003761,0.682,0,11,41.05,0.884,1,3105,10.0,6.195,0,30,6756,294969.7,46.68,17,13.44
1786434397945,4316,v1,0.0261,0.479,0.2304,1.9061,0.1007,0.032,0.2285,0.001458,0.686,0,32,64.23,0.606,1,0,21.451,21.451,0,30,6280,255466.6,92.44,17,5.88
1786434399660,4317,v1,0.0782,0.8837,0.123,1.0708,0.1071,0.032,0.0629,0.002449,0.602,0,23,26.04,0.529,1,0,15.016,15.016,0,30,5824,148537.2,95.86,13,9.24
1786434401041,4318,v1,0.0282,0.752,0.3514,1.928,0.3036,0.032,0.146,0.001607,0.587,0,36,39.19,0.42,1,0,15.934,15.934,0,30,5896,137502.0,85.52,11,6.77
1786434389958,4319,v1,0.0371,0.8535,0.3592,2.4481,0.2058,0.032,0.0731,0.003281,0.672,1,18,53.59,0.311,1,270,16.556,15.715,0,30,5566,185123.3,86.2,16,11.79
1786434391564,4320,v1,0.043,0.4833,0.497,1.6077,0.8045,0.032,0.1473,0.003758,0.61,0,23,81.6,0.35,1,0,14.994,14.994,0,30,5887,152933.6,94.17,13,13.83
1786434393943,4321,v1,0.0192,0.4444,0.2053,0.89,0.8014,0.032,0.239,0.001902,0.639,0,15,74.09,0.796,1,3088,14.0,7.47,0,30,5836,263623.8,38.92,15,7.03
1786434396535,4322,v1,0.0658,0.7319,0.2293,2.026,0.3831,0.032,0.1351,0.002473,0.678,1,7,61.96,0.752,1,5464,6.0,0.831,0,30,6436,358856.8,13.34,-1,8.81
1786434399549,4323,v1,0.0451,0.6144,0.2718,0.9172,0.5046,0.032,0.0831,0.001241,0.71,1,14,90.65,0.934,1,6507,13.0,0.0,0,30,6600,383036.6,0.0,-1,4.48
1786434401208,4324,v1,0.0514,0.4114,0.4136,2.45,0.8777,0.032,0.1608,0.002674,0.645,0,16,97.5,0.308,1,0,15.0,15.0,0,30,6471,188395.3,87.82,15,10.29
1786434403402,4325,v1,0.0511,0.3078,0.4304,2.2335,0.7427,0.032,0.2402,0.003687,0.68,0,4,57.2,0.984,1,3015,3.0,2.508,0,30,6210,270800.6,43.38,16,14.07
1786434390228,4326,v1,0.0404,0.7609,0.4482,2.1844,0.3466,0.032,0.0618,0.002645,0.594,0,20,58.46,0.947,1,0,13.994,13.994,0,30,6655,162255.3,89.58,12,10.29
1786434392407,4327,v1,0.0396,0.3723,0.1624,1.0484,0.619,0.032,0.2019,0.002085,0.672,0,20,87.93,0.719,1,0,16.469,16.469,0,30,6561,206771.5,84.91,16,7.79
1786434394577,4328,v1,0.0441,0.8709,0.4342,1.1753,0.1457,0.032,0.1402,0.001349,0.648,0,8,92.03,0.674,1,0,7.0,7.0,0,30,6910,196131.5,91.78,14,5.18
1786434395913,4329,v1,0.0501,0.7848,0.1542,1.1072,0.4865,0.032,0.0901,0.002373,0.59,0,14,83.46,0.637,1,0,12.927,12.927,0,30,5756,141624.6,85.36,13,8.95
1786434398276,4330,v1,0.0476,0.569,0.1873,1.8847,0.9359,0.032,0.2468,0.002434,0.59,1,14,45.98,0.545,1,3620,13.0,5.109,0,30,6136,293140.3,38.61,14,8.85
1786434400362,4331,v1,0.0385,0.6167,0.1427,1.92,0.7556,0.032,0.1569,0.002972,0.719,0,6,53.9,0.409,1,1566,5.0,4.209,0,30,6010,233509.3,65.15,18,10.65
1786434402406,4332,v1,0.0577,0.8622,0.3395,1.9268,0.8451,0.032,0.1269,0.002711,0.629,0,27,96.23,0.415,1,0,16.678,16.678,0,30,6958,179349.5,99.82,15,9.92
1786434391541,4333,v1,0.0515,0.4454,0.103,1.2479,0.2911,0.032,0.1579,0.002961,0.619,0,25,50.71,0.385,1,0,15.949,15.949,0,30,7467,198835.6,88.72,14,10.7
1786434394220,4334,v1,0.0251,0.6726,0.1776,0.9163,0.7086,0.032,0.055,0.002349,0.655,1,9,46.02,0.562,1,3771,8.0,2.795,0,30,5896,289498.2,29.58,16,8.9
1786434397130,4335,v1,0.0124,0.4057,0.249,1.7809,0.5083,0.032,0.0759,0.001725,0.702,0,15,49.03,0.613,1,2699,14.0,9.172,0,30,6864,406404.1,11.1,-1,6.69
1786434399061,4336,v1,0.0365,0.7228,0.4367,0.8552,0.643,0.032,0.2399,0.002219,0.615,1,10,25.03,0.385,1,2669,9.0,4.871,0,30,5923,246636.8,47.49,13,8.04
1786434401821,4337,v1,0.0204,0.3395,0.3491,2.36,0.7052,0.032,0.1615,0.003164,0.614,0,8,47.33,0.822,1,4095,7.0,3.91,0,30,6759,315448.2,34.65,16,11.32
1786434403374,4338,v1,0.0746,0.4843,0.4285,2.206,0.9662,0.032,0.0585,0.001386,0.693,0,16,35.69,0.837,1,1554,15.0,11.522,0,30,5936,217556.3,64.92,15,5.46
1786434406192,4339,v1,0.0735,0.9141,0.4772,2.0943,0.7686,0.032,0.125,0.002481,0.58,1,9,70.66,0.66,1,6196,8.0,0.239,0,30,6509,377808.0,2.65,-1,9.28
1786434392959,4340,v1,0.0619,0.2062,0.4899,1.2491,0.6256,0.032,0.2458,0.00371,0.662,1,8,96.92,0.92,1,5745,7.0,0.0,0,30,5874,340699.9,0.0,-1,13.62
1786434394643,4341,v1,0.0459,0.4579,0.468,0.9241,0.1951,0.032,0.0582,0.002555,0.605,0,15,37.27,0.607,1,0,11.985,11.985,0,30,5667,125492.0,87.6,11,9.56
1786434396018,4342,v1,0.0659,0.8259,0.2965,1.1073,0.9968,0.032,0.0792,0.002268,0.7,1,31,21.62,0.493,1,509,17.928,16.298,0,30,5956,186243.3,93.66,15,8.73
1786434398818,4343,v1,0.0334,0.8598,0.3665,0.9991,0.7105,0.032,0.2075,0.003429,0.672,1,6,47.29,0.761,1,6304,5.0,0.0,0,30,6418,349482.6,0.0,-1,12.79
1786434401296,4344,v1,0.0413,0.5589,0.2311,0.9103,0.8353,0.032,0.1398,0.001522,0.671,1,16,29.88,0.715,1,4017,15.0,5.508,0,30,6494,331577.4,30.79,15,5.94
1786434403830,4345,v1,0.0186,0.2836,0.4184,1.7644,0.2403,0.032,0.0529,0.001875,0.715,1,31,66.97,0.543,1,0,7.47,7.47,0,30,5894,319785.3,33.99,19,7.11
1786434405934,4346,v1,0.0205,0.9474,0.445,1.6965,0.365,0.032,0.1561,0.001745,0.624,0,26,53.03,0.97,1,0,16.492,16.492,0,30,6530,175781.5,84.35,14,7.01
1786434393097,4347,v1,0.0335,0.9813,0.4906,2.1851,0.4279,0.032,0.1742,0.003016,0.7,0,12,25.93,0.449,1,1959,11.0,8.064,0,30,6207,249832.1,60.05,17,11.7
1786434395081,4348,v1,0.0693,0.8645,0.1247,1.4548,0.4607,0.032,0.17,0.00274,0.621,1,25,78.1,0.353,1,0,15.978,15.978,0,30,5961,166257.5,90.99,14,10.72
1786434396701,4349,v1,0.061,0.7054,0.1092,2.1479,0.6062,0.032,0.1445,0.002979,0.602,1,36,39.51,0.895,1,989,17.916,14.951,0,30,6586,177901.7,93.37,14,11.46
1786434398087,4350,v1,0.0525,0.7868,0.1924,1.8656,0.8861,0.032,0.1364,0.001382,0.688,1,29,64.04,0.456,1,516,18.17,16.235,0,30,5007,159141.0,88.04,16,5.87
1786434400007,4351,v1,0.0482,0.6349,0.2506,0.9557,0.3654,0.032,0.2459,0.001552,0.617,0,24,30.87,0.511,1,0,15.403,15.403,0,30,6495,164209.8,96.73,14,6.19
1786434401304,4352,v1,0.0415,0.6762,0.3319,1.0368,0.5462,0.032,0.2418,0.003708,0.633,1,25,43.68,0.462,1,587,15.677,13.994,0,30,5895,178694.6,84.5,14,14.18
1786434403986,4353,v1,0.0235,0.2266,0.1549,2.4718,0.2781,0.032,0.0998,0.002562,0.635,1,16,95.72,0.586,1,4744,15.0,3.046,0,30,6197,337997.6,17.39,-1,9.8
1786434394959,4354,v1,0.0706,0.8692,0.4322,1.6384,0.8818,0.032,0.221,0.002152,0.664,1,11,56.75,0.61,1,5289,10.0,1.609,0,30,6434,349768.4,16.09,-1,7.51
1786434397095,4355,v1,0.0454,0.6217,0.4261,1.3582,0.1214,0.032,0.1551,0.001972,0.643,1,19,63.77,0.735,1,1139,14.959,12.612,0,30,7465,239140.4,90.81,14,7.84
1786434398597,4356,v1,0.0561,0.3129,0.3457,2.2063,0.5465,0.032,0.0966,0.003229,0.615,0,19,94.03,0.765,1,0,14.926,14.926,0,30,6397,173111.1,88.87,14,12.01
1786434400546,4357,v1,0.0175,0.3823,0.1299,1.407,0.9901,0.032,0.1193,0.002414,0.677,1,32,93.99,0.303,1,0,15.215,15.215,0,30,5985,241769.1,66.22,18,9.49
1786434402787,4358,v1,0.0532,0.7727,0.3689,1.1295,0.8947,0.032,0.2454,0.001481,0.595,0,4,68.61,0.471,1,0,3.0,3.0,0,30,6894,145559.9,91.12,11,5.22
1786434404338,4359,v1,0.0747,0.835,0.13,1.6854,0.5708,0.032,0.195,0.001794,0.651,1,21,72.27,0.598,1,807,15.647,13.396,0,30,5763,183432.0,95.86,15,7.03
1786434405880,4360,v1,0.0436,0.91,0.1513,1.2881,0.4895,0.032,0.1239,0.0027,0.585,0,30,64.23,0.495,1,0,14.95,14.95,0,30,5567,128556.1,87.39,11,10.17
1786434395862,4361,v1,0.014,0.5118,0.1638,1.8211,0.6304,0.032,0.1387,0.003614,0.6,0,17,33.9,0.771,1,0,15.195,15.195,0,30,7252,182059.8,88.97,14,13.78
1786434398198,4362,v1,0.0414,0.9734,0.2198,1.0755,0.916,0.032,0.1586,0.002505,0.591,1,12,54.76,0.634,1,4491,11.0,2.324,0,30,5833,308708.9,18.16,-1,8.86
1786434399912,4363,v1,0.0634,0.7882,0.4252,0.9367,0.3754,0.032,0.0673,0.001523,0.649,1,16,75.13,0.554,1,0,14.693,14.693,0,30,5890,162071.5,94.1,14,6.04
1786434402531,4364,v1,0.0142,0.2697,0.222,1.3734,0.5622,0.032,0.1203,0.003721,0.686,1,4,26.75,0.62,1,4966,3.0,0.498,0,30,6037,323155.7,8.61,-1,14.08
1786434404942,4365,v1,0.0451,0.8294,0.4865,2.0582,0.7801,0.032,0.0924,0.001396,0.642,0,13,38.11,0.693,1,3061,12.0,7.092,0,30,6331,277346.1,47.71,15,5.18
1786434406297,4366,v1,0.0654,0.2582,0.1335,1.6034,0.9487,0.032,0.2454,0.002944,0.601,1,27,57.24,0.533,1,551,15.696,14.084,0,30,5752,160974.4,99.4,14,11.13
1786434408008,4367,v1,0.0616,0.5889,0.2001,2.4185,0.4146,0.032,0.2055,0.001975,0.72,0,32,97.49,0.718,1,0,20.173,20.173,0,30,6107,234031.5,84.23,16,7.4
1786434404837,4368,v1,0.0588,0.6051,0.2989,2.2381,0.1076,0.032,0.0999,0.002616,0.697,0,6,42.56,0.422,1,1961,5.0,4.206,0,30,7497,316917.9,66.01,16,9.87
1786434406502,4369,v1,0.0273,0.3286,0.4384,1.5296,0.9742,0.032,0.1785,0.002044,0.66,1,27,50.42,0.578,1,795,17.373,15.34,0,30,7093,232697.0,92.61,15,7.64
1786434408221,4370,v1,0.062,0.5752,0.4229,2.0976,0.3314,0.032,0.1,0.001994,0.692,1,32,98.75,0.515,1,0,18.462,18.462,0,30,6300,194411.4,86.81,16,7.37
1786434409410,4371,v1,0.0106,0.3946,0.2066,1.0507,0.4111,0.032,0.194,0.00364,0.654,1,33,71.58,0.396,1,0,19.626,19.626,0,30,6106,193624.8,88.0,17,13.43
1786434411400,4372,v1,0.0273,0.601,0.4355,2.4122,0.2619,0.032,0.0877,0.002269,0.672,0,13,26.02,0.563,1,2262,12.0,8.372,0,30,6408,258200.1,54.43,16,8.88
1786434412414,4373,v1,0.068,0.352,0.1928,2.1317,0.7924,0.032,0.1988,0.001458,0.63,1,27,28.45,0.472,1,637,16.386,14.535,0,30,5818,177991.2,93.27,14,5.86
1786434413889,4374,v1,0.0603,0.8406,0.3311,1.8991,0.4531,0.032,0.2035,0.002547,0.593,0,33,80.09,0.518,1,0,16.523,16.523,0,30,6515,161238.4,93.32,13,10.1
1786434404720,4375,v1,0.0662,0.9814,0.2261,1.9909,0.7966,0.032,0.0884,0.002869,0.701,0,29,43.41,0.554,1,0,18.158,18.158,0,30,5912,174701.6,86.53,16,10.99
1786434406164,4376,v1,0.0387,0.2484,0.3714,1.9089,0.5412,0.032,0.2301,0.001554,0.616,1,20,94.16,0.837,1,0,15.27,15.27,0,30,6201,170115.3,93.98,14,6.37
1786434407855,4377,v1,0.0404,0.9923,0.3576,0.9169,0.7886,0.032,0.1323,0.001778,0.704,0,34,65.31,0.851,1,0,19.169,19.169,0,30,6572,206579.9,90.86,16,6.56
1786434409191,4378,v1,0.0591,0.4259,0.3489,1.9706,0.4017,0.032,0.1978,0.002815,0.639,1,20,79.42,0.976,1,0,15.366,15.366,0,30,6304,173575.9,95.48,14,11.12
1786434410624,4379,v1,0.0427,0.7436,0.4902,0.8087,0.4688,0.032,0.0707,0.003253,0.691,1,22,83.88,0.651,1,0,16.349,16.349,0,30,5933,168633.9,91.94,15,11.71
1786434411931,4380,v1,0.0766,0.2513,0.4295,2.2244,0.4201,0.032,0.2066,0.003389,0.65,1,20,52.67,0.403,1,547,15.532,14.087,0,30,6237,193465.9,98.9,15,12.94
1786434413962,4381,v1,0.019,0.5453,0.1814,2.3225,0.3209,0.032,0.2322,0.003322,0.626,1,12,99.92,0.747,1,6422,11.0,0.0,0,30,6674,374539.6,0.0,-1,12.18
1786434406120,4382,v1,0.0616,0.4741,0.4999,1.382,0.8199,0.032,0.1951,0.001914,0.685,0,29,34.02,0.889,1,0,17.299,17.299,0,30,5824,168792.0,86.89,15,7.59
1786434407912,4383,v1,0.021,0.6352,0.3087,2.0104,0.4126,0.032,0.2111,0.002312,0.609,0,9,30.94,0.614,1,1883,8.0,6.05,0,30,5909,222324.5,62.73,15,9.27
1786434409763,4384,v1,0.0557,0.8374,0.16,1.9196,0.6116,0.032,0.1997,0.00167,0.625,0,7,68.91,0.928,1,3751,6.0,3.613,0,30,6359,305448.3,39.85,15,6.56
1786434411272,4385,v1,0.0133,0.8364,0.3428,2.3909,0.3153,0.032,0.0821,0.002662,0.604,1,25,67.98,0.892,1,0,16.604,16.604,0,30,6141,179117.1,84.22,15,9.97
1786434412446,4386,v1,0.048,0.6921,0.1672,2.3298,0.2567,0.032,0.1563,0.001836,0.696,0,28,57.29,0.616,1,0,19.09,19.09,0,30,6079,232864.5,92.16,17,7.25
1786434414009,4387,v1,0.0737,0.5227,0.2974,1.9647,0.5838,0.032,0.0532,0.001851,0.652,1,27,35.8,0.415,1,620,16.707,15.077,0,30,6654,204423.9,98.95,15,7.42
1786434414681,4388,v1,0.0292,0.6941,0.3297,1.1724,0.137,0.032,0.1933,0.001887,0.631,1,36,79.27,0.891,1,0,18.002,18.002,0,30,6122,165118.8,95.14,14,7.2
1786434406851,4389,v1,0.0543,0.218,0.4824,1.1226,0.59,0.032,0.16,0.00369,0.708,0,26,52.91,0.522,1,0,17.173,17.173,0,30,6537,190236.2,90.55,15,14.27
1786434409033,4390,v1,0.015,0.3069,0.195,2.3149,0.4027,0.032,0.212,0.003331,0.653,1,17,20.55,0.73,1,5606,16.0,0.085,0,30,5953,349582.9,0.44,-1,12.67
1786434410517,4391,v1,0.0231,0.8495,0.355,1.3764,0.2132,0.032,0.1544,0.00236,0.709,0,33,89.53,0.942,1,0,20.941,20.941,0,30,6098,218174.8,88.53,17,8.95
1786434412187,4392,v1,0.0246,0.8068,0.1377,1.8695,0.7429,0.032,0.1152,0.003181,0.704,0,17,58.62,0.342,1,1204,16.0,13.209,0,30,6340,293698.6,47.6,18,11.5
1786434413934,4393,v1,0.0738,0.6006,0.4152,1.256,0.2457,0.032,0.2378,0.001965,0.642,0,11,44.0,0.921,1,3211,10.0,5.748,0,30,6150,262369.7,41.82,14,7.01
1786434414587,4394,v1,0.0549,0.7794,0.2935,2.0579,0.261,0.032,0.1686,0.002745,0.686,0,24,63.92,0.607,1,0,17.054,17.054,0,30,5759,184965.9,85.61,16,10.59
1786434415200,4395,v1,0.0579,0.3099,0.3345,1.1275,0.9748,0.032,0.1494,0.003489,0.622,0,21,48.68,0.504,1,0,14.772,14.772,0,30,6185,160605.8,98.06,14,13.26
1786434408729,4396,v1,0.0595,0.5778,0.1023,1.0422,0.5207,0.032,0.0764,0.001959,0.591,1,7,32.77,0.51,1,4564,6.0,1.654,0,30,6366,310316.2,24.54,14,7.63
1786434410227,4397,v1,0.0636,0.7681,0.1411,1.5742,0.6849,0.032,0.1517,0.002007,0.688,1,25,46.48,0.992,1,1049,17.307,14.379,0,30,6429,224148.4,85.53,16,7.25
1786434411535,4398,v1,0.0623,0.6592,0.3417,1.585,0.7018,0.032,0.2289,0.00227,0.646,1,27,37.39,0.874,1,864,16.674,13.955,0,30,5563,183971.0,100.0,15,8.74
1786434412566,4399,v1,0.0699,0.8178,0.2696,2.3605,0.2008,0.032,0.1915,0.002059,0.642,1,27,67.83,0.494,1,0,16.691,16.691,0,30,6053,174890.5,99.45,15,8.03
1786434421792,4400,v1,0.0323,0.374,0.1407,2.4606,0.6655,0.032,0.1882,0.002172,0.592,0,19,82.73,0.341,1,0,15.145,15.145,0,30,6754,189442.1,95.3,14,8.1
1786434424427,4401,v1,0.0651,0.3954,0.435,0.9696,0.9444,0.032,0.1517,0.002705,0.622,0,8,63.31,0.896,1,3645,7.0,3.955,0,30,6099,277982.7,35.55,14,10.07
1786434426311,4402,v1,0.0627,0.5569,0.1996,1.506,0.7873,0.032,0.195,0.001866,0.709,1,21,58.82,0.878,1,0,16.683,16.683,0,30,5729,177672.5,84.67,16,8.03
1786434428531,4403,v1,0.03,0.2516,0.4477,2.4439,0.9549,0.032,0.0763,0.002315,0.586,0,13,38.14,0.833,1,3572,12.0,6.302,0,30,6456,300159.1,39.96,14,9.2
1786434430395,4404,v1,0.0736,0.8536,0.4879,1.4214,0.1673,0.032,0.0651,0.002809,0.616,1,33,85.5,0.496,1,0,16.77,16.77,0,30,6785,175812.3,97.1,14,11.05
1786434432179,4405,v1,0.0425,0.3559,0.1797,1.015,0.4362,0.032,0.0759,0.003096,0.648,1,17,91.44,0.537,1,0,15.359,15.359,0,30,6512,187815.2,87.23,15,11.53
1786434433518,4406,v1,0.075,0.5895,0.435,1.0986,0.9546,0.032,0.1402,0.002451,0.715,1,26,33.66,0.634,1,706,16.977,14.823,0,30,5892,188613.4,90.54,15,9.79
1786434422049,4407,v1,0.0682,0.8449,0.2038,0.938,0.6827,0.032,0.065,0.001468,0.648,1,26,77.61,0.923,1,0,16.225,16.225,0,30,5392,146304.5,92.53,14,5.8
1786434424295,4408,v1,0.0363,0.8199,0.2671,1.7161,0.8922,0.032,0.0667,0.002343,0.673,0,35,48.27,0.698,1,0,19.216,19.216,0,30,6233,192311.5,88.71,16,9.43
1786434426543,4409,v1,0.0506,0.5132,0.3314,2.4381,0.1703,0.032,0.1066,0.003735,0.662,0,31,26.44,0.626,1,462,18.276,16.931,0,30,6184,194929.6,84.16,15,14.18
1786434429027,4410,v1,0.0756,0.6443,0.1502,0.9422,0.841,0.032,0.1388,0.002799,0.707,1,5,74.38,0.455,1,4318,4.0,1.476,0,30,6921,316473.8,33.28,16,10.72
1786434430719,4411,v1,0.028,0.584,0.1871,0.9073,0.17,0.032,0.1432,0.002907,0.655,0,11,93.27,0.708,1,0,10.0,10.0,0,30,6033,177917.0,84.79,15,10.46
1786434433149,4412,v1,0.0497,0.2886,0.3912,1.253,0.405,0.032,0.2246,0.001215,0.624,1,13,95.01,0.646,1,5467,12.0,0.543,0,30,5809,349906.0,4.06,-1,4.89
1786434434761,4413,v1,0.068,0.7244,0.2609,1.0463,0.2349,0.032,0.2198,0.001398,0.714,1,31,64.3,0.443,1,626,18.639,16.601,0,30,5892,218238.6,96.7,16,5.65
1786434423570,4414,v1,0.0346,0.8345,0.4689,2.0587,0.1427,0.032,0.1202,0.0014,0.695,0,7,67.45,0.758,1,3053,6.0,3.732,0,30,5426,284611.0,37.39,17,5.42
1786434425624,4415,v1,0.0336,0.5294,0.4911,1.3674,0.7321,0.032,0.152,0.002041,0.653,1,22,87.53,0.361,1,0,15.686,15.686,0,30,6197,169057.3,90.64,14,7.68
1786434427800,4416,v1,0.0459,0.9577,0.1817,1.481,0.2608,0.032,0.0639,0.002942,0.598,0,4,83.24,0.46,1,0,3.0,3.0,0,30,7306,184023.4,93.54,14,10.22
1786434429673,4417,v1,0.0787,0.3981,0.3168,1.2967,0.8146,0.032,0.1636,0.003337,0.677,1,16,58.22,0.947,1,264,15.0,14.363,0,30,6511,194774.5,95.75,15,11.67
1786434431586,4418,v1,0.0713,0.7251,0.3304,1.744,0.3125,0.032,0.215,0.002848,0.713,1,24,51.02,0.882,1,1093,17.069,14.342,0,30,7229,277667.2,96.48,16,10.58
1786434433359,4419,v1,0.0645,0.9062,0.2396,1.0621,0.2014,0.032,0.212,0.00273,0.711,1,24,76.91,0.599,1,0,17.108,17.108,0,30,5967,218036.4,84.35,15,9.5
1786434435545,4420,v1,0.0168,0.9969,0.4385,1.2807,0.7668,0.032,0.063,0.003168,0.703,0,8,56.58,0.997,1,3345,7.0,4.157,0,30,6020,288024.8,40.23,19,11.93
1786434424811,4421,v1,0.0505,0.8598,0.1478,2.0758,0.1567,0.032,0.09,0.003537,0.637,0,6,38.67,0.735,1,2606,5.0,3.772,0,30,6499,270406.0,50.54,15,12.96
1786434427413,4422,v1,0.0761,0.8545,0.2859,2.0652,0.4987,0.032,0.1428,0.003724,0.636,0,8,48.25,0.99,1,3332,7.0,4.354,0,30,6460,288682.6,46.44,15,13.54
1786434428843,4423,v1,0.0437,0.5234,0.1136,1.6769,0.3156,0.032,0.1674,0.001777,0.633,1,34,94.51,0.836,1,0,18.172,18.172,0,30,5862,173973.8,87.39,15,6.96
1786434430619,4424,v1,0.0293,0.7883,0.2596,1.7821,0.3633,0.032,0.1564,0.003576,0.647,1,21,77.07,0.441,1,0,16.393,16.393,0,30,6099,183937.8,86.06,15,12.54
1786434432124,4425,v1,0.0572,0.5531,0.39,2.4229,0.8118,0.032,0.0784,0.001481,0.608,1,32,62.75,0.508,1,0,16.968,16.968,0,30,5816,158435.3,89.64,14,5.71
1786434433574,4426,v1,0.0389,0.6314,0.3864,1.7984,0.8463,0.032,0.2394,0.001909,0.643,0,20,58.51,0.516,1,0,15.702,15.702,0,30,6189,175810.7,86.73,15,7.37
1786434435808,4427,v1,0.0131,0.402,0.4571,0.808,0.6419,0.032,0.1336,0.001288,0.708,0,34,20.02,0.657,1,304,13.464,12.581,0,30,6583,286944.1,58.78,18,5.09
1786434424683,4428,v1,0.0548,0.8244,0.225,1.9479,0.3762,0.032,0.1626,0.002823,0.65,0,21,72.42,0.832,1,0,16.033,16.033,0,30,6822,197621.1,88.26,15,10.99
1786434426894,4429,v1,0.0383,0.5547,0.2617,0.9822,0.4322,0.032,0.0626,0.001495,0.648,1,33,92.27,0.98,1,0,17.768,17.768,0,30,6213,175161.9,90.05,15,5.73
1786434428163,4430,v1,0.0706,0.6976,0.2633,1.5637,0.9498,0.032,0.1477,0.003242,0.586,1,16,90.72,0.311,1,0,11.933,11.933,0,30,5760,127349.9,86.9,10,12.52
1786434430117,4431,v1,0.0675,0.761,0.1302,1.9318,0.2572,0.032,0.1108,0.001422,0.662,1,23,31.81,0.984,1,1040,16.29,13.484,0,30,6224,215881.4,86.48,15,5.93
1786434431589,4432,v1,0.0556,0.9452,0.4494,1.3169,0.6772,0.032,0.2166,0.002884,0.653,0,20,80.96,0.414,1,0,15.173,15.173,0,30,6461,173679.0,91.27,14,10.43
1786434433772,4433,v1,0.0348,0.3898,0.4109,1.0935,0.4324,0.032,0.244,0.002095,0.677,1,12,40.96,0.704,1,4617,11.0,2.293,0,30,5959,320183.5,17.76,-1,8.06
1786434435637,4434,v1,0.0666,0.2803,0.2627,1.7338,0.2855,0.032,0.1926,0.00159,0.597,1,29,45.73,0.401,1,646,15.964,14.325,0,30,6503,179540.4,94.19,13,6.01
1786434425857,4435,v1,0.0386,0.7272,0.3991,2.1772,0.7999,0.032,0.1059,0.003592,0.621,0,11,79.27,0.786,1,2830,10.0,6.113,0,30,6025,250669.4,48.47,15,13.33
1786434427980,4436,v1,0.0137,0.2846,0.4263,1.2553,0.5195,0.032,0.0852,0.003425,0.633,1,34,87.72,0.322,1,0,17.972,17.972,0,30,7575,204793.6,84.98,15,12.99
1786434430271,4437,v1,0.0263,0.5626,0.2001,2.1127,0.4829,0.032,0.2165,0.001706,0.621,1,9,54.04,0.514,1,4041,8.0,2.428,0,30,5879,302492.2,27.36,16,6.62
1786434431872,4438,v1,0.0577,0.3282,0.3292,2.3751,0.153,0.032,0.0518,0.00376,0.66,0,7,80.49,0.927,1,0,6.0,6.0,0,30,5991,193087.2,90.44,15,14.37
1786434433560,4439,v1,0.0565,0.9535,0.2158,0.8558,0.6714,0.032,0.1106,0.003478,0.695,0,4,53.09,0.434,1,1810,3.0,2.694,0,30,5987,229830.4,68.32,16,13.71
1786434436406,4440,v1,0.0339,0.9857,0.3897,1.3919,0.6436,0.032,0.207,0.001295,0.719,1,4,41.23,0.944,1,6407,3.0,0.0,0,30,6435,393696.8,0.0,-1,4.79
1786434438126,4441,v1,0.0608,0.8027,0.4653,2.368,0.1564,0.032,0.1305,0.003756,0.582,1,14,23.94,0.361,1,985,12.546,10.358,0,30,6058,174907.1,71.66,12,13.88
1786434426497,4442,v1,0.0418,0.9835,0.2696,1.9107,0.1197,0.032,0.2401,0.003264,0.658,0,7,87.38,0.963,1,0,6.0,6.0,0,30,6313,198290.8,96.37,16,12.69
1786434428835,4443,v1,0.0219,0.723,0.1791,1.005,0.1955,0.032,0.2293,0.002714,0.704,1,13,69.52,0.624,1,4800,12.0,2.784,0,30,6453,358324.7,17.3,-1,10.15
1786434430557,4444,v1,0.0248,0.7638,0.2231,1.3944,0.9231,0.032,0.0564,0.002795,0.581,0,31,50.07,0.83,1,0,15.377,15.377,0,30,6282,149720.3,85.99,12,10.71
1786434432601,4445,v1,0.0173,0.5433,0.4882,1.9869,0.6183,0.032,0.2348,0.002436,0.667,0,10,53.51,0.66,1,2071,9.0,6.605,0,30,6191,251149.7,58.01,17,9.4
1786434434441,4446,v1,0.0428,0.3181,0.3829,2.3604,0.3108,0.032,0.1745,0.002295,0.681,1,21,34.51,0.377,1,477,16.676,15.479,0,30,6971,224811.0,84.95,16,8.95
1786434435814,4447,v1,0.0479,0.5073,0.2974,1.7158,0.1687,0.032,0.1061,0.001211,0.627,0,8,93.87,0.373,1,0,7.0,7.0,0,30,5946,161754.1,91.28,14,4.52
1786434438060,4448,v1,0.0308,0.9136,0.2737,1.3254,0.5501,0.032,0.1719,0.002388,0.622,1,7,89.14,0.834,1,5595,6.0,0.441,0,30,6136,342131.7,6.68,-1,9.16
1786434427124,4449,v1,0.0512,0.49,0.3983,1.4711,0.8858,0.032,0.076,0.001879,0.608,1,25,28.15,0.897,1,1071,15.165,12.536,0,30,6414,197672.8,91.25,13,7.33
1786434429284,4450,v1,0.0594,0.9064,0.1814,1.7681,0.1618,0.032,0.1949,0.00205,0.709,0,17,55.87,0.838,1,1270,16.0,13.314,0,30,6856,308101.7,68.33,16,7.53
1786434430832,4451,v1,0.0364,0.8819,0.4154,0.8629,0.8806,0.032,0.1862,0.001927,0.67,0,8,97.54,0.513,1,0,7.0,7.0,0,30,6308,171916.5,84.49,15,7.01
1786434433399,4452,v1,0.0313,0.4485,0.1974,0.8723,0.2192,0.032,0.0845,0.00332,0.713,1,17,62.1,0.891,1,6055,16.0,0.0,0,30,6368,384746.5,0.0,-1,12.48
1786434435242,4453,v1,0.0502,0.5296,0.1619,2.3377,0.3306,0.032,0.1794,0.00251,0.672,0,36,30.59,0.424,1,320,19.164,18.285,0,30,6765,208170.8,84.74,16,10.36
1786434436716,4454,v1,0.0614,0.7295,0.4837,1.9491,0.5677,0.032,0.2362,0.003635,0.681,0,15,92.26,0.576,1,0,13.967,13.967,0,30,6188,181596.6,91.04,15,13.56
1786434439374,4455,v1,0.0327,0.4969,0.1301,2.3158,0.591,0.032,0.1372,0.002119,0.672,1,5,87.13,0.975,1,6005,4.0,0.0,0,30,6060,372865.0,0.0,-1,8.23
1786434435995,4456,v1,0.0426,0.2077,0.4008,2.3941,0.8356,0.032,0.1363,0.001443,0.632,0,30,27.98,0.374,1,199,17.421,16.92,0,30,6280,190516.4,84.25,15,5.53
1786434437820,4457,v1,0.0749,0.7699,0.2757,2.2277,0.6773,0.032,0.1473,0.00199,0.712,0,16,90.3,0.545,1,0,15.0,15.0,0,30,6174,188897.3,89.28,16,7.55
1786434440178,4458,v1,0.0243,0.7861,0.3092,2.3691,0.6698,0.032,0.167,0.003747,0.68,1,17,34.4,0.551,1,4668,16.0,3.054,0,30,6111,322724.0,16.06,-1,13.47
1786434442247,4459,v1,0.068,0.7547,0.3865,2.0784,0.3499,0.032,0.2441,0.00162,0.627,0,15,40.64,0.724,1,1596,14.0,10.587,0,30,5729,205605.7,63.67,14,5.9
1786434443645,4460,v1,0.0719,0.2049,0.3916,1.4231,0.5148,0.032,0.2212,0.002192,0.655,1,23,88.04,0.574,1,0,15.939,15.939,0,30,6026,166340.9,97.94,15,7.98
1786434445296,4461,v1,0.0772,0.8014,0.2346,2.4235,0.3681,0.032,0.1994,0.001915,0.606,0,32,91.84,0.407,1,0,16.914,16.914,0,30,6576,173345.3,85.56,14,7.41
1786434447150,4462,v1,0.044,0.9828,0.183,2.3238,0.5076,0.032,0.0834,0.001408,0.711,0,36,66.96,0.44,1,0,20.643,20.643,0,30,5748,192415.5,88.11,17,5.45
1786434436709,4463,v1,0.0769,0.6565,0.3715,0.9708,0.2588,0.032,0.1636,0.001271,0.581,1,29,86.23,0.522,1,0,12.275,12.275,0,30,6337,116802.3,88.72,9,4.51
1786434438352,4464,v1,0.0678,0.68,0.4373,1.4877,0.923,0.032,0.0828,0.003745,0.629,1,35,37.45,0.569,1,828,17.328,15.087,0,30,7238,194738.9,84.68,14,14.33
1786434440184,4465,v1,0.0263,0.831,0.2949,1.3332,0.6835,0.032,0.2068,0.002146,0.692,0,34,36.59,0.332,1,0,19.853,19.853,0,30,6301,205196.3,87.77,17,8.25
1786434442087,4466,v1,0.0518,0.325,0.1575,1.3423,0.2046,0.032,0.2143,0.002989,0.611,1,20,27.47,0.584,1,725,15.066,13.108,0,30,5869,173656.9,87.94,14,11.21
1786434443531,4467,v1,0.0134,0.3376,0.2681,1.0261,0.6303,0.032,0.0869,0.003442,0.664,0,9,95.77,0.632,1,0,8.0,8.0,0,30,6091,196459.1,85.79,17,11.89
1786434444907,4468,v1,0.0434,0.2099,0.2714,1.4585,0.2115,0.032,0.2117,0.003383,0.586,0,34,24.07,0.806,1,499,16.065,14.65,0,30,5484,138589.8,89.35,12,12.42
1786434447862,4469,v1,0.0479,0.8663,0.4686,2.3908,0.4432,0.032,0.145,0.002535,0.7,1,6,67.21,0.928,1,6373,5.0,0.0,0,30,6458,373906.5,0.0,-1,9.86
1786434437952,4470,v1,0.0784,0.4605,0.1737,2.434,0.5128,0.032,0.058,0.003252,0.69,1,36,84.76,0.376,1,0,19.025,19.025,0,30,6525,193720.1,90.7,16,12.57
1786434439722,4471,v1,0.0724,0.525,0.1973,2.0052,0.5937,0.032,0.06,0.00316,0.636,1,30,61.15,0.466,1,507,17.2,15.618,0,30,5976,179674.2,99.86,15,11.86
1786434441109,4472,v1,0.0765,0.4973,0.4081,1.5487,0.6139,0.032,0.1362,0.001704,0.699,0,5,96.32,0.843,1,0,4.0,4.0,0,30,5818,175404.4,92.19,15,6.1
1786434442740,4473,v1,0.0622,0.6888,0.2341,1.4864,0.1013,0.032,0.1141,0.002393,0.717,1,21,92.36,0.583,1,0,16.873,16.873,0,30,5911,240495.6,86.57,16,9.24
1786434444713,4474,v1,0.0669,0.3438,0.2742,1.1514,0.3928,0.032,0.243,0.002143,0.671,1,36,83.93,0.983,1,0,18.45,18.45,0,30,6521,189101.5,86.28,15,8.39
1786434446517,4475,v1,0.0515,0.7771,0.4295,2.2046,0.1854,0.032,0.1166,0.001618,0.608,1,27,40.71,0.365,1,483,16.156,14.988,0,30,6896,185476.5,86.81,14,6.16
1786434448113,4476,v1,0.0186,0.7457,0.1872,2.0809,0.3983,0.032,0.2262,0.00274,0.619,0,24,87.26,0.881,1,0,17.102,17.102,0,30,5946,172735.1,88.99,15,10.23
1786434438608,4477,v1,0.0724,0.7407,0.2721,2.4774,0.6764,0.032,0.15,0.001446,0.644,0,34,94.95,0.558,1,0,17.877,17.877,0,30,6044,174045.4,99.78,15,5.24
1786434440281,4478,v1,0.0674,0.8888,0.3494,2.161,0.4719,0.032,0.2036,0.003097,0.613,0,32,84.76,0.675,1,0,17.157,17.157,0,30,6567,178939.6,91.41,14,11.48
1786434442052,4479,v1,0.0728,0.5329,0.3898,0.8784,0.484,0.032,0.1511,0.002262,0.664,0,18,34.35,0.504,1,0,14.853,14.853,0,30,6165,166975.2,91.84,14,8.87
1786434444351,4480,v1,0.0413,0.2101,0.4361,1.6963,0.1931,0.032,0.2031,0.003731,0.628,1,6,98.02,0.615,1,5000,5.0,0.482,0,30,5632,311263.1,8.86,-1,13.21
1786434445647,4481,v1,0.0697,0.4009,0.1185,1.0773,0.298,0.032,0.1785,0.002137,0.67,0,18,83.97,0.627,1,0,15.275,15.275,0,30,6079,176675.9,91.12,15,7.73
1786434447842,4482,v1,0.0141,0.9849,0.4804,2.0523,0.7278,0.032,0.0712,0.002728,0.646,1,32,72.82,0.356,1,0,18.581,18.581,0,30,6538,196544.1,89.29,16,10.6
1786434449824,4483,v1,0.0229,0.2123,0.1045,1.2522,0.4877,0.032,0.1485,0.002195,0.695,0,20,85.5,0.748,1,0,18.501,18.501,0,30,6001,260369.5,59.86,18,7.82
1786434439588,4484,v1,0.0783,0.5959,0.3566,2.1645,0.5288,0.032,0.235,0.001693,0.687,1,16,66.27,0.401,1,1785,15.0,10.969,0,30,6828,254616.6,65.22,15,6.61
1786434441079,4485,v1,0.0403,0.6381,0.1113,1.8394,0.4475,0.032,0.1391,0.003358,0.701,0,23,25.22,0.793,1,518,18.302,16.722,0,30,5678,205200.1,83.84,17,12.35
1786434442606,4486,v1,0.0559,0.8983,0.3553,1.6889,0.2236,0.032,0.0666,0.002843,0.669,0,14,80.65,0.732,1,0,13.0,13.0,0,30,6101,185705.1,91.02,15,11.24
1786434444682,4487,v1,0.0119,0.5847,0.2388,1.5772,0.9559,0.032,0.106,0.001591,0.673,0,31,26.34,0.455,1,326,19.248,18.31,0,30,6536,235766.8,85.46,18,6.03
1786434446338,4488,v1,0.0682,0.4262,0.3089,2.3487,0.5745,0.032,0.189,0.003509,0.702,1,19,40.77,0.394,1,441,16.256,15.0,0,30,5990,197256.8,92.03,16,13.12
1786434448060,4489,v1,0.065,0.9795,0.3156,2.3223,0.9079,0.032,0.1966,0.003191,0.714,1,22,37.88,0.648,1,825,17.122,14.483,0,30,5655,195302.9,89.67,16,11.25
1786434449634,4490,v1,0.0745,0.8515,0.1785,2.3526,0.1447,0.032,0.0509,0.003539,0.709,1,19,78.02,0.304,1,0,16.724,16.724,0,30,5733,235550.0,92.62,16,13.36
1786434440294,4491,v1,0.0341,0.6165,0.303,1.3886,0.9633,0.032,0.063,0.003438,0.605,1,26,25.68,0.58,1,611,15.847,14.148,0,30,6124,178028.2,83.87,14,12.69
1786434442398,4492,v1,0.0651,0.3433,0.2892,2.3536,0.9518,0.032,0.1942,0.002171,0.69,0,32,33.02,0.694,1,0,18.401,18.401,0,30,7516,216309.9,96.54,16,7.85
1786434444234,4493,v1,0.0599,0.9448,0.3173,2.4448,0.4703,0.032,0.1155,0.002534,0.604,1,16,55.0,0.395,1,349,14.444,13.629,0,30,6206,175713.1,88.92,14,9.6
1786434445588,4494,v1,0.0718,0.424,0.1837,1.7611,0.7238,0.032,0.1591,0.003525,0.636,0,25,93.76,0.668,1,0,16.197,16.197,0,30,6441,169172.0,96.34,15,13.24
1786434447745,4495,v1,0.0275,0.3849,0.4509,0.972,0.1313,0.032,0.1504,0.001372,0.7,1,24,93.4,0.768,1,0,17.659,17.659,0,30,6315,206477.2,85.87,16,5.56
1786434449186,4496,v1,0.0778,0.4603,0.1637,2.2611,0.6618,0.032,0.1893,0.003635,0.62,1,33,68.96,0.995,1,0,17.327,17.327,0,30,5850,162540.6,90.88,14,13.23
1786434452264,4497,v1,0.0219,0.8283,0.3797,1.3761,0.8263,0.032,0.1736,0.002285,0.714,1,12,90.65,0.907,1,6882,11.0,0.0,0,30,7059,379268.8,0.0,-1,8.97
1786434441097,4498,v1,0.0496,0.5876,0.4658,1.2531,0.6063,0.032,0.1206,0.001637,0.589,0,17,75.18,0.469,1,0,11.603,11.603,0,30,7308,148294.8,84.7,10,6.94
1786434443337,4499,v1,0.0312,0.9523,0.2224,1.3297,0.8967,0.032,0.177,0.003615,0.589,1,9,52.96,0.793,1,5560,8.0,0.122,0,30,5827,325616.8,1.29,-1,13.42
1786434445185,4500,v1,0.0641,0.7915,0.276,1.2244,0.7913,0.032,0.1192,0.001384,0.669,1,33,35.83,0.309,1,417,17.786,16.619,0,30,6603,195206.3,89.2,15,5.45
1786434447641,4501,v1,0.0434,0.7626,0.3955,0.9318,0.293,0.032,0.102,0.00344,0.584,1,8,91.19,0.331,1,3001,7.0,3.698,0,30,6509,244688.7,44.62,10,12.98
1786434449095,4502,v1,0.0659,0.6485,0.3065,2.3348,0.9743,0.032,0.2358,0.001554,0.674,1,34,20.98,0.412,1,473,18.473,17.047,0,30,6412,199106.8,94.02,15,5.77
1786434451338,4503,v1,0.0241,0.4868,0.3718,0.8775,0.3446,0.032,0.1163,0.003581,0.676,1,10,98.43,0.728,1,5722,9.0,0.933,0,30,6575,353781.8,8.96,-1,12.99
1786434453129,4504,v1,0.0145,0.8147,0.4326,1.0969,0.3445,0.032,0.2353,0.002041,0.631,1,29,85.49,0.637,1,0,16.583,16.583,0,30,5952,163136.2,84.12,14,8.0
1786434441281,4505,v1,0.0753,0.6052,0.1362,2.032,0.9502,0.032,0.1583,0.003572,0.629,1,33,75.32,0.578,1,0,17.673,17.673,0,30,5860,163564.2,99.93,15,13.23
1786434442942,4506,v1,0.0655,0.9931,0.1659,1.8075,0.3898,0.032,0.2052,0.001684,0.68,1,26,81.8,0.717,1,0,17.103,17.103,0,30,7233,205124.4,93.53,15,6.39
1786434444702,4507,v1,0.0316,0.836,0.2212,2.0082,0.1387,0.032,0.1573,0.003101,0.65,1,23,94.15,0.416,1,0,17.004,17.004,0,30,6148,191731.5,86.99,16,11.24
1786434446857,4508,v1,0.0294,0.7533,0.3347,1.6709,0.8735,0.032,0.0855,0.001358,0.609,1,35,97.7,0.727,1,0,17.676,17.676,0,30,6973,183538.2,92.14,14,5.22
1786434449127,4509,v1,0.0532,0.7955,0.1468,2.003,0.3667,0.032,0.1006,0.001799,0.72,1,8,69.67,0.503,1,3320,7.0,3.105,0,30,6048,319105.2,37.68,17,7.06
1786434450896,4510,v1,0.0118,0.316,0.4984,1.1259,0.4579,0.032,0.1682,0.002348,0.606,0,28,75.34,0.729,1,0,14.39,14.39,0,30,6519,147852.8,86.06,11,8.79
1786434452873,4511,v1,0.0361,0.8703,0.1735,1.0436,0.729,0.032,0.0869,0.001222,0.634,1,22,92.89,0.75,1,0,15.866,15.866,0,30,6597,196417.6,95.33,15,5.11
1786434449513,4512,v1,0.055,0.7401,0.2235,1.8142,0.7997,0.032,0.0982,0.001583,0.681,1,26,29.99,0.964,1,878,17.089,14.51,0,30,5977,200385.0,85.95,15,5.35
1786434451224,4513,v1,0.0681,0.3786,0.2225,2.4636,0.4837,0.032,0.1227,0.002541,0.698,1,32,57.93,0.992,1,0,18.365,18.365,0,30,6558,203852.3,84.74,15,9.99
1786434452871,4514,v1,0.0358,0.3622,0.4846,1.4047,0.5328,0.032,0.0554,0.0026,0.639,0,33,60.32,0.564,1,0,17.469,17.469,0,30,5407,155740.6,94.27,14,9.54
1786434454846,4515,v1,0.0257,0.9824,0.1419,2.3961,0.6088,0.032,0.2235,0.002105,0.603,1,17,77.34,0.79,1,0,15.467,15.467,0,30,6452,186175.6,90.03,15,7.78
1786434457298,4516,v1,0.046,0.4825,0.1812,2.3135,0.2076,0.032,0.1626,0.002565,0.614,1,12,20.42,0.61,1,5346,11.0,1.877,0,30,6644,350603.6,16.13,-1,9.8
1786434459156,4517,v1,0.0121,0.9619,0.4227,2.4521,0.9784,0.032,0.1879,0.002952,0.696,1,27,72.02,0.681,1,0,0.028,0.028,0,30,5467,330470.9,0.14,-1,10.61
1786434461119,4518,v1,0.0718,0.4966,0.1947,1.0191,0.7865,0.032,0.1574,0.003454,0.608,0,13,33.89,0.457,1,1454,11.999,9.563,0,30,6215,200052.9,71.0,13,12.92
1786434450833,4519,v1,0.0783,0.8686,0.1342,2.3076,0.1315,0.032,0.1997,0.001298,0.586,0,11,37.9,0.333,1,1508,10.0,8.046,0,30,6242,217435.5,63.94,14,4.98
1786434453517,4520,v1,0.0206,0.5688,0.4274,0.8341,0.9696,0.032,0.1465,0.001899,0.659,1,11,78.05,0.669,1,5765,10.0,0.758,0,30,6361,366227.5,6.85,-1,7.17
1786434455596,4521,v1,0.0361,0.9206,0.1027,0.9293,0.3655,0.032,0.0868,0.003162,0.606,0,14,71.75,0.658,1,2029,13.0,9.165,0,30,6078,223885.1,61.38,14,11.73
1786434457587,4522,v1,0.0699,0.8672,0.4619,1.6271,0.1011,0.032,0.2245,0.003034,0.602,1,12,32.37,0.357,1,2926,10.999,5.63,0,30,6184,247000.8,43.5,13,11.72
1786434458918,4523,v1,0.0437,0.6919,0.4035,2.4256,0.1182,0.032,0.196,0.003416,0.709,1,21,67.5,0.933,1,0,17.492,17.492,0,30,5589,224682.3,87.92,16,12.45
1786434460808,4524,v1,0.0591,0.9974,0.493,1.5561,0.2039,0.032,0.2068,0.003764,0.614,0,29,26.68,0.683,1,474,15.524,14.382,0,30,6191,159891.5,89.31,12,14.6
1786434462400,4525,v1,0.0583,0.5967,0.3685,2.2319,0.9663,0.032,0.0784,0.003348,0.594,0,28,29.02,0.631,1,0,15.879,15.879,0,30,6447,160596.9,99.58,14,13.42
1786434450722,4526,v1,0.0763,0.3489,0.4689,2.0707,0.5141,0.032,0.1443,0.003571,0.634,0,19,92.73,0.455,1,0,14.805,14.805,0,30,6541,173123.3,86.09,14,12.51
1786434452393,4527,v1,0.0628,0.9288,0.1947,1.0875,0.1711,0.032,0.1924,0.001607,0.635,0,13,94.76,0.364,1,0,12.0,12.0,0,30,6130,169455.3,92.14,14,6.69
1786434453851,4528,v1,0.0234,0.9197,0.3841,2.3982,0.9277,0.032,0.1113,0.002452,0.662,1,23,30.51,0.484,1,531,17.791,15.992,0,30,5536,192417.2,88.17,16,9.63
1786434455691,4529,v1,0.0122,0.7251,0.473,2.1182,0.4596,0.032,0.1793,0.002024,0.67,1,29,32.63,0.798,1,936,19.66,16.629,0,30,6357,240218.8,87.56,18,7.38
1786434457350,4530,v1,0.046,0.4078,0.2694,1.1803,0.7358,0.032,0.1028,0.002842,0.62,1,31,28.3,0.936,1,900,16.845,14.131,0,30,6011,176258.0,88.06,14,10.1
1786434458541,4531,v1,0.0221,0.5967,0.4029,0.9084,0.9057,0.032,0.1861,0.003147,0.641,1,30,56.58,0.378,1,497,17.13,15.554,0,30,5873,169601.6,97.05,15,12.12
1786434460492,4532,v1,0.0639,0.8239,0.4272,1.9929,0.9672,0.032,0.1798,0.002859,0.704,1,18,90.19,0.864,1,0,15.918,15.918,0,30,6387,189079.4,90.53,16,10.22
1786434451872,4533,v1,0.0117,0.7733,0.4678,2.178,0.9998,0.032,0.1178,0.003012,0.583,1,18,93.97,0.987,1,0,13.114,13.114,0,30,6296,146513.4,87.11,12,11.63
1786434453554,4534,v1,0.0755,0.7494,0.4951,1.2116,0.5423,0.032,0.1158,0.00179,0.611,1,22,60.54,0.58,1,0,13.439,13.439,0,30,6519,149181.2,89.81,11,7.12
1786434455769,4535,v1,0.0404,0.6087,0.1467,2.0942,0.4179,0.032,0.1666,0.002937,0.703,0,15,60.53,0.437,1,1744,14.0,10.562,0,30,6348,274529.9,62.34,17,10.85
1786434458014,4536,v1,0.0439,0.5599,0.366,1.2203,0.7617,0.032,0.0918,0.001319,0.63,1,10,58.07,0.44,1,3657,9.0,3.368,0,30,5906,279357.0,32.44,14,4.83
1786434459683,4537,v1,0.0325,0.5525,0.3559,1.0437,0.2364,0.032,0.1136,0.003738,0.713,0,11,23.4,0.346,1,906,10.0,8.596,0,30,5342,212336.3,72.18,17,13.44
1786434461278,4538,v1,0.0383,0.245,0.2303,1.9029,0.6483,0.032,0.1639,0.003571,0.712,1,24,93.75,0.375,1,0,18.548,18.548,0,30,5791,193381.9,96.41,18,12.59
1786434463105,4539,v1,0.0588,0.4037,0.1569,1.0766,0.8075,0.032,0.131,0.001734,0.659,1,24,45.05,0.984,1,929,16.509,13.785,0,30,5821,193530.8,88.1,15,6.65
1786434452834,4540,v1,0.0501,0.4748,0.1182,0.8835,0.1512,0.032,0.1531,0.003672,0.72,1,22,97.31,0.327,1,0,17.707,17.707,0,30,5934,240678.3,85.23,17,13.58
1786434455523,4541,v1,0.0112,0.7306,0.1376,1.7374,0.9425,0.032,0.2213,0.001702,0.64,1,8,71.91,0.694,1,6058,7.0,0.0,0,30,6134,361274.6,0.0,-1,6.36
1786434457817,4542,v1,0.0112,0.7426,0.3074,1.1534,0.3954,0.032,0.2467,0.003542,0.686,0,6,31.74,0.425,1,1549,5.0,4.315,0,30,6912,314888.4,40.9,19,13.87
1786434459424,4543,v1,0.0443,0.4047,0.1064,1.9162,0.6833,0.032,0.0539,0.003369,0.715,0,22,75.21,0.785,1,0,17.926,17.926,0,30,6512,203341.2,85.06,17,12.93
1786434461203,4544,v1,0.0349,0.5223,0.3018,1.7249,0.1014,0.032,0.0906,0.002377,0.694,0,21,64.89,0.715,1,0,17.436,17.436,0,30,6223,230779.4,87.85,16,9.03
1786434463026,4545,v1,0.0102,0.5129,0.4397,1.4417,0.5365,0.032,0.165,0.002134,0.626,0,16,79.23,0.932,1,795,14.791,12.981,0,30,5902,197788.4,75.54,14,7.95
1786434465560,4546,v1,0.04,0.6939,0.1524,1.6978,0.5429,0.032,0.197,0.002743,0.71,1,12,24.11,0.629,1,5480,11.0,1.738,0,30,6734,364261.8,13.71,-1,10.83
1786434454813,4547,v1,0.0757,0.4088,0.1995,1.6349,0.3007,0.032,0.2066,0.003666,0.69,1,28,24.67,0.471,1,776,17.407,15.096,0,30,6451,213001.1,93.83,15,14.26
1786434456448,4548,v1,0.0341,0.8671,0.1356,1.0774,0.7086,0.032,0.0773,0.003415,0.692,0,28,96.42,0.376,1,0,18.618,18.618,0,30,7115,206640.2,84.84,17,12.94
1786434458275,4549,v1,0.0113,0.7226,0.2402,1.5045,0.4692,0.032,0.1635,0.003567,0.632,0,4,38.84,0.405,1,1462,3.0,2.759,0,30,6125,234848.5,67.03,16,14.04
1786434460501,4550,v1,0.0215,0.6264,0.3101,2.1275,0.2176,0.032,0.0571,0.003247,0.665,0,15,51.06,0.776,1,3522,14.0,6.558,0,30,5934,294188.8,34.59,18,12.07
1786434462033,4551,v1,0.076,0.5571,0.4072,1.8442,0.7915,0.032,0.2402,0.003452,0.606,0,31,53.78,0.531,1,0,16.525,16.525,0,30,6599,172203.2,99.28,14,13.41
1786434463509,4552,v1,0.0415,0.2199,0.1714,2.1704,0.7345,0.032,0.1761,0.001569,0.603,0,31,86.22,0.605,1,0,17.174,17.174,0,30,5381,149117.4,97.51,15,6.41
1786434465473,4553,v1,0.0711,0.9388,0.3328,1.0615,0.7419,0.032,0.0583,0.003727,0.656,0,8,42.57,0.732,1,3319,7.0,4.181,0,30,6027,266812.3,40.99,15,13.85
1786434455555,4554,v1,0.0671,0.8484,0.4235,2.2585,0.198,0.032,0.1039,0.002909,0.707,0,11,47.24,0.7,1,2817,10.0,6.07,0,30,5906,277041.0,48.36,16,11.18
1786434457150,4555,v1,0.0723,0.8847,0.1517,2.1847,0.5214,0.032,0.1774,0.00137,0.695,1,36,59.63,0.469,1,0,19.157,19.157,0,30,6022,171261.2,87.07,16,5.08
1786434458684,4556,v1,0.0378,0.4503,0.3706,1.3338,0.9203,0.032,0.237,0.001519,0.609,0,11,36.58,0.525,1,1897,10.0,7.515,0,30,6208,222197.1,61.55,13,5.93
1786434460728,4557,v1,0.0593,0.5912,0.424,1.0926,0.5911,0.032,0.1004,0.001241,0.617,1,33,40.33,0.947,1,1127,15.368,12.789,0,30,6953,177607.4,88.48,11,5.05
1786434462323,4558,v1,0.0413,0.7625,0.2406,1.5492,0.8116,0.032,0.1637,0.001233,0.639,1,17,96.12,0.624,1,0,15.216,15.216,0,30,6270,180798.5,84.47,15,4.67
1786434463912,4559,v1,0.066,0.6665,0.3868,2.4318,0.904,0.032,0.1308,0.002425,0.609,1,29,68.92,0.428,1,550,16.44,14.986,0,30,6612,181781.6,86.22,14,9.01
1786434465566,4560,v1,0.0674,0.2045,0.4058,1.4454,0.5545,0.032,0.1,0.001256,0.658,1,27,40.56,0.402,1,566,16.499,14.954,0,30,6224,184135.2,95.28,14,5.29
1786434456012,4561,v1,0.0677,0.9379,0.1199,2.1475,0.3138,0.032,0.1979,0.003204,0.672,1,21,51.34,0.897,1,994,16.516,13.938,0,30,6696,242575.2,99.62,16,11.72
1786434458326,4562,v1,0.0229,0.7025,0.1958,0.9473,0.4636,0.032,0.1294,0.002697,0.598,1,7,22.82,0.589,1,4947,6.0,1.037,0,30,6081,321607.8,15.15,-1,9.98
1786434460254,4563,v1,0.0208,0.6685,0.321,1.0753,0.4352,0.032,0.085,0.002166,0.69,1,29,35.48,0.521,1,729,18.913,16.535,0,30,6117,217707.6,86.97,17,8.71
1786434461733,4564,v1,0.0534,0.754,0.2215,1.7702,0.9893,0.032,0.0538,0.002674,0.638,0,27,87.28,0.517,1,0,16.812,16.812,0,30,6421,185265.4,84.89,15,10.4
1786434463688,4565,v1,0.0665,0.5676,0.1772,2.4276,0.1232,0.032,0.0749,0.001446,0.582,1,22,62.13,0.311,1,0,15.068,15.068,0,30,6987,175329.8,94.76,14,5.77
1786434465657,4566,v1,0.0577,0.7324,0.1569,1.8031,0.923,0.032,0.1184,0.002785,0.69,0,10,24.71,0.786,1,3128,9.0,5.337,0,30,6132,282514.3,40.47,16,11.24
1786434466823,4567,v1,0.0752,0.2242,0.1286,0.8601,0.5786,0.032,0.2424,0.003556,0.668,0,24,42.82,0.945,1,0,16.292,16.292,0,30,6369,172576.9,87.87,15,13.3
1786434462839,4568,v1,0.0602,0.5598,0.1246,1.766,0.8737,0.032,0.1455,0.003304,0.678,0,26,91.5,0.915,1,0,17.413,17.413,0,30,6079,185443.4,92.67,16,12.24
1786434464390,4569,v1,0.0442,0.9316,0.1665,1.6066,0.9055,0.032,0.0566,0.003079,0.628,0,13,64.05,0.554,1,1625,12.0,9.217,0,30,6075,223932.3,65.04,14,11.56
1786434466408,4570,v1,0.03,0.2021,0.2727,1.7676,0.9497,0.032,0.0671,0.002197,0.689,0,5,56.71,0.501,1,2207,4.0,3.303,0,30,6403,278971.0,55.4,17,8.17
1786434468018,4571,v1,0.0495,0.3358,0.4088,1.1615,0.565,0.032,0.1672,0.001866,0.664,0,8,37.28,0.542,1,1813,7.0,5.515,0,30,6177,239782.9,64.79,15,7.04
1786434469244,4572,v1,0.0669,0.2145,0.4737,2.0643,0.2949,0.032,0.1478,0.002102,0.636,1,33,59.68,0.321,1,415,17.261,15.999,0,30,6067,171332.4,89.85,14,8.8
1786434470649,4573,v1,0.0386,0.2414,0.1574,1.6023,0.2418,0.032,0.1583,0.002299,0.667,1,21,45.6,0.931,1,935,16.599,13.833,0,30,5805,207971.0,84.34,16,8.2
1786434472177,4574,v1,0.0207,0.9936,0.111,0.8039,0.4529,0.032,0.1717,0.003444,0.718,1,21,96.91,0.713,1,0,12.398,12.398,0,30,6165,257470.0,57.13,18,12.52
1786434463645,4575,v1,0.0412,0.4427,0.3738,1.7058,0.1073,0.032,0.0577,0.002025,0.63,0,28,54.48,0.78,1,0,16.594,16.594,0,30,6156,174811.0,95.79,14,7.31
1786434466124,4576,v1,0.0692,0.2694,0.1656,1.0318,0.1221,0.032,0.1956,0.002649,0.713,0,8,72.55,0.876,1,4930,7.0,3.55,0,30,7253,375283.2,25.66,16,9.8
1786434467389,4577,v1,0.0727,0.7392,0.4259,1.8767,0.2598,0.032,0.1612,0.001461,0.697,0,35,85.59,0.77,1,0,19.213,19.213,0,30,6089,201648.6,95.92,15,6.18
1786434469164,4578,v1,0.0211,0.2264,0.4815,1.4543,0.2464,0.032,0.0917,0.001592,0.684,1,10,89.32,0.318,1,2719,9.0,4.773,0,30,5878,267887.5,45.04,17,5.97
1786434470404,4579,v1,0.0119,0.996,0.4538,0.9805,0.8601,0.032,0.1088,0.002656,0.594,1,24,53.4,0.894,1,976,12.188,10.223,0,30,6399,153928.5,88.29,10,10.6
1786434471731,4580,v1,0.0625,0.9878,0.1968,1.1619,0.4226,0.032,0.0789,0.003488,0.604,1,33,46.93,0.714,1,778,15.946,13.703,0,30,6145,164479.9,89.5,12,13.3
1786434472656,4581,v1,0.0589,0.725,0.1461,1.0595,0.3387,0.032,0.1284,0.003509,0.65,1,19,96.34,0.825,1,0,15.251,15.251,0,30,6074,170376.9,97.44,15,13.35
1786434465092,4582,v1,0.062,0.8349,0.4606,1.7548,0.2727,0.032,0.1218,0.002178,0.645,1,12,89.98,0.457,1,3323,11.0,4.488,0,30,5749,261425.1,38.07,15,8.18
1786434466383,4583,v1,0.0631,0.9774,0.343,1.6277,0.6882,0.032,0.1033,0.003444,0.698,0,25,39.21,0.556,1,0,16.868,16.868,0,30,5662,160527.0,90.35,15,13.55
1786434468298,4584,v1,0.0475,0.8418,0.1733,1.7818,0.9603,0.032,0.1923,0.00147,0.692,1,13,80.95,0.342,1,2636,12.0,7.119,0,30,6590,292537.5,52.7,16,5.27
1786434469446,4585,v1,0.0548,0.5709,0.3284,1.6398,0.4179,0.032,0.1097,0.001322,0.634,0,28,22.87,0.699,1,462,16.573,15.46,0,30,6191,184944.3,92.45,14,4.99
1786434471077,4586,v1,0.0762,0.7477,0.294,1.5769,0.4436,0.032,0.1937,0.001468,0.684,1,20,36.67,0.42,1,477,15.982,14.683,0,30,5966,196217.4,91.35,15,5.41
1786434472296,4587,v1,0.0221,0.8584,0.3619,2.3569,0.4064,0.032,0.1356,0.003423,0.672,0,34,35.93,0.706,1,0,20.243,20.243,0,30,6565,217824.5,84.29,17,13.07
1786434473348,4588,v1,0.0341,0.7268,0.2386,1.5864,0.4201,0.032,0.0988,0.001633,0.693,0,29,66.63,0.559,1,0,18.949,18.949,0,30,6376,209168.6,88.16,17,6.68
1786434465452,4589,v1,0.036,0.754,0.3624,2.1103,0.3206,0.032,0.1558,0.001507,0.688,0,23,23.42,0.637,1,437,17.468,16.422,0,30,6646,228020.5,85.69,16,6.14
1786434467233,4590,v1,0.0731,0.2948,0.2608,1.9215,0.8496,0.032,0.1852,0.002284,0.713,1,16,60.76,0.62,1,4970,15.0,2.01,0,30,5934,350304.4,11.54,-1,8.29
1786434468865,4591,v1,0.019,0.8717,0.454,1.6207,0.1351,0.032,0.2385,0.001455,0.682,0,35,23.56,0.739,1,511,20.337,18.812,0,30,6407,218655.1,88.82,17,5.43
1786434469921,4592,v1,0.0753,0.7255,0.2816,0.9097,0.1601,0.032,0.2278,0.00157,0.585,1,31,37.33,0.727,1,803,14.246,12.237,0,30,5861,141843.6,86.88,11,5.37
1786434471459,4593,v1,0.0659,0.8923,0.1043,1.7238,0.8791,0.032,0.2091,0.001678,0.677,1,17,41.32,0.437,1,117,15.819,15.519,0,30,6031,188070.5,96.37,16,7.0
1786434472497,4594,v1,0.0596,0.8642,0.4031,0.9824,0.8533,0.032,0.0834,0.002804,0.631,0,20,69.44,0.788,1,0,14.716,14.716,0,30,6676,178067.4,98.59,14,10.59
1786434473681,4595,v1,0.0538,0.4683,0.3852,1.6506,0.696,0.032,0.1637,0.00222,0.651,0,12,68.03,0.968,1,2792,11.0,6.535,0,30,5753,260733.4,49.4,15,8.26
1786434466982,4596,v1,0.016,0.6531,0.4035,0.8149,0.8593,0.032,0.2396,0.00155,0.581,0,24,71.67,0.348,1,0,10.941,10.941,0,30,5922,99159.5,94.57,8,5.12
1786434468575,4597,v1,0.0128,0.3836,0.301,2.3535,0.9005,0.032,0.1567,0.001263,0.645,0,22,93.8,0.856,1,0,18.386,18.386,0,30,6024,197807.2,87.42,17,4.95
1786434469722,4598,v1,0.0199,0.4896,0.1838,2.2339,0.9377,0.032,0.2346,0.002632,0.635,0,22,31.34,0.372,1,220,17.648,17.054,0,30,6062,201491.6,84.0,17,9.9
1786434471669,4599,v1,0.0322,0.5921,0.1141,1.8703,0.2118,0.032,0.1013,0.002909,0.708,0,12,23.85,0.393,1,1712,11.0,8.343,0,30,5968,291218.5,57.84,18,10.2
1786434479793,4600,v1,0.0459,0.9927,0.4395,1.9221,0.2417,0.032,0.2297,0.003397,0.684,1,18,69.41,0.467,1,0,16.225,16.225,0,30,5846,178112.5,86.64,16,13.26
1786434481483,4601,v1,0.0552,0.3853,0.2515,1.036,0.5633,0.032,0.2268,0.001932,0.657,0,30,66.29,0.903,1,0,17.204,17.204,0,30,6374,181113.7,97.82,15,8.22
1786434483737,4602,v1,0.0723,0.3006,0.1822,1.5358,0.3244,0.032,0.1037,0.001531,0.656,0,12,28.65,0.986,1,3719,11.0,5.713,0,30,6436,314281.6,37.56,15,6.03
1786434485667,4603,v1,0.0356,0.6057,0.4077,2.2441,0.6808,0.032,0.1232,0.00292,0.715,0,16,99.76,0.664,1,0,15.0,15.0,0,30,6615,212410.4,84.3,17,10.85
1786434487062,4604,v1,0.0754,0.9749,0.4651,1.668,0.7589,0.032,0.1569,0.00146,0.68,1,31,96.7,0.476,1,0,17.582,17.582,0,30,6080,173175.1,85.24,15,6.09
1786434488406,4605,v1,0.0354,0.2512,0.2552,0.8614,0.7099,0.032,0.0738,0.001306,0.586,0,22,57.76,0.909,1,0,12.691,12.691,0,30,5641,121564.6,84.73,11,5.02
1786434490216,4606,v1,0.01,0.2194,0.2036,2.4272,0.3885,0.032,0.0729,0.001652,0.662,1,36,32.12,0.896,1,337,8.207,6.784,0,30,5342,273151.6,36.86,19,6.63
1786434481208,4607,v1,0.0784,0.8034,0.1223,0.8548,0.238,0.032,0.0611,0.00223,0.714,0,4,41.89,0.8,1,3764,3.0,2.408,0,30,6403,335805.7,36.75,16,9.04
1786434483069,4608,v1,0.0205,0.9439,0.17,2.0008,0.2319,0.032,0.2281,0.003394,0.677,0,31,49.68,0.594,1,0,20.3,20.3,0,30,6652,229057.7,88.02,18,12.45
1786434484802,4609,v1,0.075,0.4168,0.1551,1.026,0.2337,0.032,0.2165,0.002017,0.658,1,16,51.69,0.407,1,0,15.0,15.0,0,30,6172,165789.0,100.0,15,8.38
1786434486904,4610,v1,0.023,0.9187,0.2383,1.2402,0.3527,0.032,0.0526,0.003549,0.599,1,4,82.11,0.989,1,6095,3.0,0.0,0,30,6167,343526.5,0.0,-1,13.12
1786434488539,4611,v1,0.032,0.4653,0.2675,1.5917,0.7451,0.032,0.2283,0.002822,0.717,0,36,93.95,0.792,1,0,20.937,20.937,0,30,6018,202225.9,87.71,18,10.68
1786434489885,4612,v1,0.0615,0.9221,0.4253,2.3633,0.6615,0.032,0.2426,0.00151,0.59,1,33,93.66,0.383,1,0,16.456,16.456,0,30,6120,157909.5,89.86,13,5.78
1786434491694,4613,v1,0.0552,0.5711,0.2372,2.055,0.7049,0.032,0.0554,0.003678,0.62,0,31,63.4,0.823,1,0,17.214,17.214,0,30,7435,191474.6,97.09,15,14.31
1786434481248,4614,v1,0.0562,0.5252,0.2436,1.5463,0.4755,0.032,0.2255,0.002,0.61,0,35,93.44,0.723,1,0,17.36,17.36,0,30,6646,176916.9,83.97,14,7.9
1786434483059,4615,v1,0.012,0.2643,0.1574,2.2511,0.3764,0.032,0.1386,0.001823,0.585,1,25,28.64,0.873,1,1040,16.028,13.272,0,30,6268,200821.0,84.56,14,7.15
1786434485034,4616,v1,0.0318,0.8402,0.189,0.8688,0.259,0.032,0.2362,0.00209,0.693,1,27,61.4,0.965,1,994,18.233,15.153,0,30,6168,222403.5,83.97,16,7.9
1786434486260,4617,v1,0.043,0.7712,0.1686,1.3261,0.936,0.032,0.2374,0.00368,0.695,0,20,65.56,0.334,1,0,16.725,16.725,0,30,6101,182882.4,88.29,16,14.33
1786434487825,4618,v1,0.0149,0.8386,0.2062,1.3587,0.1422,0.032,0.0902,0.001281,0.601,0,31,20.66,0.542,1,300,16.515,15.755,0,30,5872,166023.5,84.57,13,5.31
1786434489114,4619,v1,0.0484,0.7501,0.4342,2.0038,0.3347,0.032,0.1897,0.002509,0.588,1,15,48.0,0.57,1,783,12.482,10.867,0,30,6263,176414.5,89.91,12,9.07
1786434491283,4620,v1,0.0508,0.2167,0.1408,2.3767,0.323,0.032,0.2451,0.002025,0.678,1,20,26.7,0.465,1,614,16.74,15.045,0,30,6213,222494.5,89.08,16,7.65
1786434482559,4621,v1,0.0181,0.4084,0.1508,1.3195,0.9074,0.032,0.1356,0.001527,0.692,1,4,41.03,0.837,1,5475,3.0,0.0,0,30,5501,316968.9,0.0,-1,5.76
1786434484705,4622,v1,0.0618,0.2471,0.3012,1.296,0.1585,0.032,0.0581,0.002353,0.644,0,4,56.78,0.835,1,2670,3.0,2.581,0,30,6414,270414.1,58.18,15,10.01
1786434486088,4623,v1,0.0216,0.5658,0.3755,2.2173,0.9176,0.032,0.1835,0.001241,0.623,0,14,92.08,0.98,1,0,13.0,13.0,0,30,6405,188297.2,87.06,15,4.54
1786434488146,4624,v1,0.0338,0.8826,0.2652,1.7943,0.7896,0.032,0.1982,0.003595,0.701,1,6,31.19,0.501,1,3452,5.0,2.099,0,30,6056,276312.2,37.08,17,13.46
1786434490679,4625,v1,0.0126,0.6381,0.1664,0.8746,0.8052,0.032,0.2257,0.001851,0.588,1,11,35.11,0.94,1,6398,10.0,0.014,0,30,6535,395841.3,0.15,-1,7.5
1786434491931,4626,v1,0.066,0.7442,0.3345,1.1847,0.7219,0.032,0.1137,0.003495,0.603,1,18,69.99,0.615,1,690,13.566,11.849,0,30,5680,162156.8,84.6,13,12.39
1786434493516,4627,v1,0.0201,0.8396,0.3831,2.3202,0.7209,0.032,0.1297,0.002066,0.647,1,25,93.82,0.825,1,0,17.79,17.79,0,30,5420,165598.7,85.18,16,7.73
1786434482796,4628,v1,0.054,0.6267,0.4163,1.5921,0.3626,0.032,0.131,0.003691,0.633,1,27,84.56,0.872,1,0,16.477,16.477,0,30,6861,193118.0,94.43,14,13.99
1786434484461,4629,v1,0.0423,0.4722,0.2278,2.2875,0.8037,0.032,0.1321,0.00319,0.669,1,22,97.32,0.868,1,0,17.061,17.061,0,30,6398,195936.6,88.29,16,11.22
1786434486176,4630,v1,0.0641,0.6803,0.1463,1.7246,0.827,0.032,0.2285,0.001412,0.617,0,5,71.92,0.648,1,2723,4.0,3.063,0,30,5841,252075.0,47.7,14,5.08
1786434487977,4631,v1,0.0266,0.386,0.1911,1.5461,0.7263,0.032,0.1349,0.002575,0.626,1,21,45.68,0.412,1,646,15.823,14.254,0,30,6804,193990.1,85.81,15,10.33
1786434489699,4632,v1,0.0774,0.3557,0.4122,1.7815,0.1375,0.032,0.0543,0.002433,0.642,0,7,64.64,0.556,1,2271,6.0,4.487,0,30,6076,236918.0,57.02,14,9.68
1786434491507,4633,v1,0.0742,0.6682,0.4291,1.9058,0.1591,0.032,0.0907,0.001396,0.684,1,19,70.96,0.699,1,0,15.795,15.795,0,30,6054,205255.7,90.35,15,5.86
1786434493286,4634,v1,0.0174,0.7958,0.219,1.4517,0.346,0.032,0.2206,0.003717,0.606,0,9,33.59,0.396,1,1600,8.0,6.276,0,30,5710,207740.1,64.47,14,13.98
1786434483869,4635,v1,0.0143,0.9802,0.1165,2.283,0.2316,0.032,0.083,0.002006,0.719,1,31,45.43,0.642,1,0,0.0,0.0,0,30,5937,361682.9,0.0,-1,7.48
1786434485641,4636,v1,0.0672,0.7642,0.2016,0.8192,0.4972,0.032,0.0504,0.001713,0.675,1,16,92.08,0.755,1,51,15.0,14.872,0,30,6155,181702.7,99.0,15,7.36
1786434487547,4637,v1,0.0445,0.9222,0.4736,1.245,0.8332,0.032,0.1237,0.00201,0.71,0,16,20.01,0.534,1,2009,15.0,10.874,0,30,6542,260275.2,58.54,16,7.86
1786434488943,4638,v1,0.0141,0.6013,0.3084,2.4415,0.6928,0.032,0.197,0.00137,0.613,0,20,61.95,0.996,1,0,16.335,16.335,0,30,6338,182025.7,84.23,15,5.19
1786434490948,4639,v1,0.0416,0.2682,0.29,2.3286,0.7628,0.032,0.1965,0.002931,0.696,1,27,65.85,0.351,1,450,18.404,17.048,0,30,6569,219472.8,91.59,17,10.72
1786434492396,4640,v1,0.0329,0.5664,0.4864,1.7211,0.4168,0.032,0.0787,0.002683,0.604,1,28,60.21,0.63,1,691,15.589,13.579,0,30,5716,156944.6,90.84,13,10.55
1786434494059,4641,v1,0.0734,0.5637,0.3861,1.0529,0.6321,0.032,0.1342,0.003563,0.606,0,17,73.61,0.409,1,0,12.491,12.491,0,30,6577,150708.1,86.25,11,13.87
1786434483358,4642,v1,0.0533,0.7959,0.1976,1.1249,0.9632,0.032,0.2036,0.003216,0.666,0,19,46.21,0.995,1,0,15.626,15.626,0,30,5896,170093.1,86.27,15,12.25
1786434485981,4643,v1,0.0439,0.7519,0.2978,1.1065,0.678,0.032,0.1287,0.001984,0.629,1,5,37.47,0.648,1,5493,4.0,0.696,0,30,6705,344995.7,16.08,-1,7.25
1786434487960,4644,v1,0.0322,0.5442,0.1144,0.9682,0.838,0.032,0.1445,0.003384,0.588,1,7,33.71,0.412,1,3230,6.0,2.861,0,30,6312,273964.5,40.5,13,12.66
1786434489073,4645,v1,0.0328,0.6361,0.2873,0.8766,0.7044,0.032,0.1454,0.003002,0.67,1,26,59.6,0.468,1,531,17.074,15.309,0,30,5500,168097.7,92.66,15,11.15
1786434491501,4646,v1,0.0709,0.2655,0.2744,1.9477,0.3057,0.032,0.198,0.002613,0.636,0,13,40.22,0.629,1,2522,12.0,8.489,0,30,7405,284333.5,64.7,15,9.44
1786434493221,4647,v1,0.0366,0.2133,0.3684,2.4523,0.1229,0.032,0.2275,0.002258,0.593,1,26,35.63,0.524,1,715,15.772,13.845,0,30,6141,178234.3,84.49,14,8.73
1786434495133,4648,v1,0.0304,0.8613,0.1226,1.0322,0.9288,0.032,0.2139,0.003027,0.72,0,18,54.51,0.652,1,1696,17.0,13.039,0,30,6771,250150.8,63.7,17,11.77
1786434484255,4649,v1,0.0268,0.781,0.4746,0.9794,0.4083,0.032,0.1348,0.00256,0.639,0,32,80.11,0.628,1,0,17.119,17.119,0,30,6043,168048.5,90.85,14,9.37
1786434485873,4650,v1,0.0686,0.5699,0.3799,1.0379,0.1074,0.032,0.2131,0.003125,0.678,1,23,26.19,0.801,1,963,16.07,13.436,0,30,6255,210131.5,94.81,15,12.02
1786434487659,4651,v1,0.0598,0.2399,0.1066,2.3535,0.5079,0.032,0.2432,0.002928,0.596,0,5,34.21,0.65,1,2491,4.0,3.13,0,30,5783,239930.1,54.59,15,10.7
1786434489556,4652,v1,0.0223,0.2828,0.2586,0.966,0.5167,0.032,0.2458,0.00193,0.696,0,12,57.2,0.676,1,2788,11.0,7.177,0,30,6697,295815.8,50.39,17,7.23
1786434491398,4653,v1,0.0471,0.7683,0.1601,2.1609,0.9253,0.032,0.151,0.003682,0.688,1,36,63.1,0.569,1,0,19.856,19.856,0,30,6469,200362.7,85.17,16,13.74
1786434493016,4654,v1,0.0234,0.7775,0.1411,1.6115,0.9772,0.032,0.216,0.003027,0.599,1,24,22.1,0.741,1,1009,15.469,12.783,0,30,6164,194484.5,85.48,14,11.28
1786434494666,4655,v1,0.0304,0.5721,0.2322,1.8221,0.4836,0.032,0.1167,0.001728,0.622,1,30,44.59,0.42,1,510,17.382,15.992,0,30,6636,200837.7,84.29,15,6.51
1786434492397,4656,v1,0.0172,0.6138,0.2032,1.0064,0.9319,0.032,0.0506,0.00224,0.612,1,19,35.24,0.834,1,962,14.479,12.034,0,30,5904,179384.2,84.41,13,9.15
1786434494051,4657,v1,0.0782,0.2856,0.4425,1.8084,0.6058,0.032,0.178,0.001398,0.625,0,29,99.66,0.872,1,0,16.413,16.413,0,30,6035,154924.0,84.91,14,5.25
1786434495471,4658,v1,0.0323,0.448,0.2012,1.5225,0.2537,0.032,0.0832,0.003174,0.613,0,24,26.71,0.656,1,353,15.903,15.004,0,30,5841,166618.6,91.79,14,11.76
1786434497578,4659,v1,0.0597,0.3892,0.1305,1.244,0.488,0.032,0.1029,0.001408,0.642,1,15,49.28,0.689,1,4379,14.0,3.282,0,30,5845,304440.5,20.22,15,5.53
1786434499655,4660,v1,0.0547,0.9842,0.2736,0.9856,0.6487,0.032,0.0659,0.002116,0.589,0,11,89.76,0.921,1,0,10.0,10.0,0,30,7472,156400.4,87.66,11,8.3
1786434501297,4661,v1,0.0289,0.7965,0.449,2.4513,0.9641,0.032,0.2206,0.002209,0.619,1,26,50.94,0.576,1,631,16.323,14.61,0,30,6257,198291.1,85.71,14,8.97
1786434503101,4662,v1,0.0154,0.9299,0.3802,1.9254,0.6491,0.032,0.1201,0.003723,0.611,0,4,94.06,0.765,1,0,3.0,3.0,0,30,6047,167900.2,97.32,15,14.27
1786434494084,4663,v1,0.0646,0.607,0.2145,2.0734,0.4636,0.032,0.2024,0.001876,0.696,0,5,41.85,0.808,1,2538,4.0,3.076,0,30,5534,278668.3,48.93,16,7.17
1786434495736,4664,v1,0.0457,0.8213,0.2128,1.5182,0.5754,0.032,0.196,0.001781,0.588,0,16,95.38,0.874,1,0,13.461,13.461,0,30,6795,173235.2,91.69,13,6.65
1786434497579,4665,v1,0.0398,0.7656,0.3345,0.8182,0.1552,0.032,0.0536,0.002278,0.651,0,34,83.89,0.673,1,0,17.863,17.863,0,30,7189,201491.8,99.48,15,8.55
1786434499713,4666,v1,0.0655,0.7332,0.2365,1.0477,0.7823,0.032,0.0552,0.001747,0.649,0,30,68.88,0.964,1,0,16.951,16.951,0,30,6710,194286.5,95.08,14,6.53
1786434501132,4667,v1,0.0617,0.2449,0.4183,1.1923,0.5503,0.032,0.1114,0.001377,0.591,1,34,65.41,0.406,1,0,14.607,14.607,0,30,6140,130888.3,84.65,10,5.1
1786434503655,4668,v1,0.0472,0.5307,0.4708,2.425,0.4242,0.032,0.2257,0.001725,0.586,0,7,28.3,0.958,1,3709,6.0,3.632,0,30,6318,271018.1,36.52,13,6.33
1786434505424,4669,v1,0.0494,0.4998,0.2738,1.6838,0.8635,0.032,0.1615,0.002225,0.63,0,28,22.86,0.949,1,407,16.741,15.522,0,30,5177,159067.6,96.32,15,8.25
1786434494367,4670,v1,0.0391,0.6832,0.476,1.1889,0.6778,0.032,0.2026,0.001457,0.614,1,8,76.01,0.497,1,3584,7.0,2.728,0,30,5940,264424.8,34.81,13,6.03
1786434496228,4671,v1,0.0592,0.5769,0.3431,0.9306,0.4264,0.032,0.0814,0.001256,0.657,0,25,54.81,0.977,1,0,16.344,16.344,0,30,6325,179240.6,100.0,15,4.3
1786434498290,4672,v1,0.0734,0.3653,0.1436,2.2005,0.5274,0.032,0.1008,0.002309,0.633,0,13,29.69,0.751,1,3394,12.0,6.272,0,30,6094,267936.5,42.75,15,9.09
1786434500497,4673,v1,0.0559,0.4123,0.4448,1.9847,0.6916,0.032,0.1111,0.002716,0.631,1,25,23.01,0.627,1,703,16.29,14.371,0,30,6305,199839.1,98.42,15,10.33
1786434502459,4674,v1,0.0653,0.5356,0.406,1.2784,0.9604,0.032,0.2115,0.002509,0.71,1,27,86.28,0.503,1,0,17.522,17.522,0,30,6463,190092.6,99.44,16,9.11
1786434505353,4675,v1,0.0176,0.6012,0.1617,1.4864,0.9714,0.032,0.206,0.001267,0.67,1,10,60.73,0.821,1,6054,9.0,0.0,0,30,6123,367310.8,0.0,-1,5.16
1786434507740,4676,v1,0.0618,0.8992,0.2418,1.8142,0.1483,0.032,0.0514,0.002771,0.613,1,4,68.2,0.378,1,2895,3.0,1.752,0,30,7026,279244.9,51.72,14,10.2
1786434496915,4677,v1,0.0672,0.8476,0.4424,1.2664,0.3071,0.032,0.158,0.001497,0.607,0,10,63.62,0.911,1,5215,9.0,4.248,0,30,7791,359125.6,28.38,14,5.84
1786434498341,4678,v1,0.0452,0.3762,0.1148,1.5947,0.1082,0.032,0.1595,0.002163,0.653,1,33,43.43,0.817,1,990,18.804,15.564,0,30,6106,208903.5,91.14,15,7.96
1786434500358,4679,v1,0.08,0.2591,0.1559,1.584,0.4093,0.032,0.1314,0.002689,0.669,1,29,46.52,0.619,1,859,17.235,14.76,0,30,6376,197861.3,85.73,15,9.83
1786434502345,4680,v1,0.0556,0.8028,0.3457,1.3826,0.9436,0.032,0.2062,0.003448,0.686,0,29,97.53,0.984,1,0,17.517,17.517,0,30,5941,177911.0,92.24,15,11.92
1786434505365,4681,v1,0.011,0.2378,0.3194,1.6909,0.1618,0.032,0.2313,0.001753,0.72,0,17,30.79,0.598,1,2303,16.0,10.775,0,30,6348,364749.2,0.0,-1,6.73
1786434507413,4682,v1,0.0266,0.2817,0.4553,2.3295,0.3027,0.032,0.166,0.001415,0.682,1,24,30.17,0.878,1,1004,18.012,15.121,0,30,6450,237120.0,88.8,17,6.2
1786434509597,4683,v1,0.0753,0.9504,0.3903,2.2579,0.304,0.032,0.2361,0.00237,0.718,0,7,25.55,0.501,1,2230,6.0,4.482,0,30,5957,288144.3,55.14,16,8.75
1786434496234,4684,v1,0.0576,0.8041,0.1892,0.9306,0.8904,0.032,0.195,0.001542,0.604,0,24,78.28,0.47,1,0,14.678,14.678,0,30,6191,160548.1,89.89,12,5.77
1786434498613,4685,v1,0.0628,0.4403,0.3717,0.9232,0.5264,0.032,0.234,0.002325,0.588,1,8,85.15,0.977,1,5681,7.0,0.0,0,30,5790,347079.6,0.0,-1,8.96
1786434500337,4686,v1,0.0412,0.4894,0.1898,1.5333,0.9711,0.032,0.2318,0.001445,0.605,0,29,93.68,0.365,1,0,16.535,16.535,0,30,5916,159571.0,87.36,14,5.58
1786434502122,4687,v1,0.0549,0.8372,0.4462,1.0894,0.4583,0.032,0.2097,0.001852,0.716,1,36,27.97,0.856,1,921,19.13,15.92,0,30,5846,184683.2,88.29,15,7.41
1786434504211,4688,v1,0.0372,0.2065,0.3013,0.8794,0.4892,0.032,0.2098,0.003656,0.69,1,23,88.38,0.786,1,0,17.147,17.147,0,30,6572,195378.2,90.9,16,13.13
1786434506244,4689,v1,0.0148,0.8625,0.3505,1.4211,0.6724,0.032,0.1929,0.001506,0.638,1,26,83.85,0.458,1,0,17.147,17.147,0,30,6382,191345.5,93.33,15,6.13
1786434508084,4690,v1,0.0685,0.7923,0.2955,2.0595,0.3196,0.032,0.0838,0.002087,0.688,1,32,88.46,0.505,1,0,18.546,18.546,0,30,6533,201627.2,99.87,16,7.96
1786434496870,4691,v1,0.0455,0.4922,0.2503,1.0195,0.243,0.032,0.1017,0.001567,0.585,1,29,90.42,0.75,1,0,13.676,13.676,0,30,6357,133135.8,87.9,10,5.99
1786434499243,4692,v1,0.0323,0.2987,0.309,2.0626,0.7836,0.032,0.2452,0.002971,0.678,1,12,46.59,0.73,1,5755,11.0,0.0,0,30,5959,358553.1,0.0,-1,11.91
1786434500973,4693,v1,0.0217,0.5678,0.1465,1.6733,0.9036,0.032,0.1071,0.002467,0.638,1,35,29.12,0.935,1,932,19.033,16.009,0,30,6306,202710.4,88.62,16,9.31
1786434503785,4694,v1,0.0541,0.2776,0.1091,1.4866,0.1611,0.032,0.1104,0.003447,0.704,0,11,70.2,0.842,1,2962,10.0,6.258,0,30,6560,325158.2,50.32,17,12.88
1786434505953,4695,v1,0.0561,0.8196,0.2401,1.661,0.2905,0.032,0.1948,0.001375,0.621,1,26,97.25,0.766,1,0,16.138,16.138,0,30,6314,172988.0,91.02,14,5.0
1786434508229,4696,v1,0.0237,0.4013,0.4241,2.1853,0.436,0.032,0.2493,0.001834,0.658,0,14,40.51,0.417,1,1931,13.0,10.02,0,30,7296,276330.1,61.74,16,7.2
1786434510683,4697,v1,0.0727,0.9162,0.4518,1.8522,0.9726,0.032,0.0542,0.001595,0.605,0,10,23.28,0.624,1,2927,9.0,6.057,0,30,7076,262410.9,55.51,14,6.74
1786434497277,4698,v1,0.0708,0.2169,0.3564,1.96,0.9298,0.032,0.1578,0.001478,0.636,0,23,91.71,0.933,1,0,16.0,16.0,0,30,6120,172352.0,99.72,15,6.14
1786434499000,4699,v1,0.013,0.4459,0.2057,1.9787,0.8765,0.032,0.2438,0.003468,0.64,0,5,78.29,0.769,1,0,4.0,4.0,0,30,6716,208703.8,85.22,17,13.39
1786434500856,4700,v1,0.0357,0.8368,0.4051,1.4797,0.7641,0.032,0.1383,0.003507,0.711,1,32,45.64,0.846,1,1034,19.236,15.954,0,30,6683,228236.8,84.43,17,12.67
1786434503008,4701,v1,0.0619,0.7209,0.2501,2.2106,0.403,0.032,0.1863,0.00284,0.605,0,13,83.72,0.465,1,0,12.0,12.0,0,30,6197,162672.8,92.18,14,10.76
1786434505143,4702,v1,0.0237,0.4001,0.4889,0.8555,0.1191,0.032,0.2385,0.002967,0.647,0,25,20.02,0.491,1,322,15.992,15.295,0,30,6813,196901.1,90.58,14,10.7
1786434506672,4703,v1,0.0528,0.3814,0.2602,1.9297,0.198,0.032,0.0714,0.00327,0.658,1,21,63.85,0.977,1,0,16.355,16.355,0,30,6204,187096.7,96.19,16,12.06
1786434509431,4704,v1,0.0296,0.8945,0.4874,2.3932,0.7595,0.032,0.2203,0.001606,0.677,1,14,96.46,0.82,1,5973,13.0,0.675,0,30,6463,382625.8,4.95,-1,6.62
1786434498282,4705,v1,0.0172,0.6419,0.1679,2.3572,0.6085,0.032,0.1326,0.003377,0.655,0,17,91.84,0.967,1,0,16.0,16.0,0,30,6667,211609.7,84.73,17,11.79
1786434500291,4706,v1,0.0537,0.482,0.2365,2.1653,0.8461,0.032,0.1862,0.00316,0.691,1,34,31.2,0.633,1,753,19.114,16.485,0,30,6050,197869.9,90.38,16,11.88
1786434502100,4707,v1,0.053,0.3173,0.4429,2.1843,0.3431,0.032,0.0805,0.002294,0.642,1,29,90.32,0.607,1,0,17.108,17.108,0,30,6063,176306.6,84.47,15,8.91
1786434504984,4708,v1,0.0536,0.6338,0.3742,1.1372,0.2973,0.032,0.0702,0.002443,0.594,1,5,76.62,0.816,1,5854,4.0,0.0,0,30,5917,347735.1,0.0,-1,9.65
1786434506409,4709,v1,0.0377,0.9111,0.4192,1.5332,0.8941,0.032,0.2379,0.002991,0.661,0,34,54.53,0.468,1,0,18.279,18.279,0,30,5796,169555.2,90.93,15,11.99
1786434508685,4710,v1,0.0394,0.511,0.4757,1.4639,0.7274,0.032,0.0879,0.002488,0.632,1,29,49.62,0.814,1,1166,16.654,13.902,0,30,7499,219797.2,91.81,14,9.33
1786434510369,4711,v1,0.0696,0.3782,0.2679,2.1848,0.6842,0.032,0.0526,0.001615,0.677,0,26,78.29,0.38,1,0,17.22,17.22,0,30,6183,185396.3,96.47,16,6.63
1786434505578,4712,v1,0.0774,0.7911,0.273,1.0516,0.9819,0.032,0.2258,0.001947,0.669,0,4,93.99,0.444,1,0,3.0,3.0,0,30,5729,161164.6,100.0,15,8.03
1786434507067,4713,v1,0.0782,0.5669,0.4677,1.6584,0.1025,0.032,0.1748,0.001684,0.619,0,29,78.14,0.367,1,0,16.209,16.209,0,30,5678,150014.6,99.66,14,7.57
1786434508506,4714,v1,0.0227,0.9139,0.3122,0.9925,0.6304,0.032,0.1595,0.001597,0.637,1,26,84.04,0.798,1,0,16.569,16.569,0,30,5533,158219.8,97.18,15,6.34
1786434509539,4715,v1,0.0251,0.8374,0.297,1.0342,0.8552,0.032,0.0763,0.003416,0.618,0,31,95.86,0.427,1,0,16.733,16.733,0,30,5849,157873.0,88.07,14,12.99
1786434511879,4716,v1,0.0295,0.5805,0.1409,1.4379,0.3724,0.032,0.0557,0.002307,0.588,1,9,89.88,0.4,1,3257,8.0,3.992,0,30,6627,288917.5,48.53,14,8.72
1786434513716,4717,v1,0.064,0.5534,0.4773,2.1338,0.849,0.032,0.1874,0.003641,0.685,1,26,66.31,0.592,1,815,16.986,14.624,0,30,6404,207167.5,90.81,15,13.84
1786434515117,4718,v1,0.0363,0.6096,0.1769,1.4767,0.98,0.032,0.1949,0.001525,0.696,1,35,39.14,0.454,1,420,19.644,18.08,0,30,5551,181708.6,85.13,16,5.91
1786434507929,4719,v1,0.0523,0.6035,0.2581,2.2279,0.3441,0.032,0.1641,0.001669,0.702,0,36,97.67,0.987,1,0,20.438,20.438,0,30,5993,225471.4,95.35,17,6.69
1786434509464,4720,v1,0.0486,0.6753,0.4386,1.9136,0.4968,0.032,0.0703,0.003634,0.678,0,17,43.02,0.679,1,2,15.725,15.72,0,30,5955,168257.4,94.52,15,13.62
1786434511777,4721,v1,0.0423,0.8593,0.1367,2.1859,0.7156,0.032,0.1709,0.001296,0.689,1,8,41.07,0.431,1,3380,7.0,3.235,0,30,6349,312027.2,40.61,17,5.47
1786434513600,4722,v1,0.0684,0.2198,0.3315,0.9216,0.8098,0.032,0.1938,0.002231,0.704,1,23,69.25,0.572,1,755,16.53,14.388,0,30,6051,198586.3,92.55,15,8.11
1786434514824,4723,v1,0.0786,0.2915,0.3552,2.1763,0.5876,0.032,0.1252,0.003761,0.653,0,17,81.53,0.782,1,0,15.105,15.105,0,30,5791,164268.3,89.49,15,14.44
1786434517087,4724,v1,0.0684,0.6978,0.4466,1.0165,0.2888,0.032,0.141,0.001921,0.616,1,16,38.0,0.5,1,684,13.333,11.972,0,30,6885,187665.0,89.76,12,7.58
1786434518644,4725,v1,0.0766,0.3048,0.4771,1.1721,0.6374,0.032,0.1554,0.003536,0.674,1,28,64.8,0.396,1,431,16.812,15.51,0,30,6059,175532.2,98.82,15,12.74
1786434510725,4726,v1,0.0694,0.4736,0.1621,1.0769,0.4192,0.032,0.2445,0.002984,0.708,1,10,85.02,0.511,1,4305,9.0,2.323,0,30,5964,311317.8,23.39,16,10.98
1786434512413,4727,v1,0.037,0.3542,0.4787,2.2704,0.1317,0.032,0.1736,0.001339,0.629,0,35,51.41,0.707,1,0,18.121,18.121,0,30,6240,180148.6,86.07,15,5.19
1786434514329,4728,v1,0.0151,0.9777,0.2307,0.8541,0.5785,0.032,0.2153,0.002357,0.635,0,11,26.65,0.394,1,1656,10.0,7.862,0,30,6331,227779.4,61.81,15,9.15
1786434516481,4729,v1,0.0136,0.9062,0.3784,2.4401,0.8798,0.032,0.0957,0.001889,0.623,1,4,41.65,0.389,1,2366,3.0,1.703,0,30,5503,235601.5,49.33,16,7.69
1786434518085,4730,v1,0.0795,0.3422,0.294,1.7988,0.7949,0.032,0.1216,0.003737,0.678,0,14,99.72,0.727,1,0,13.0,13.0,0,30,6593,187483.6,84.39,15,13.38
1786434520285,4731,v1,0.0267,0.4288,0.4088,1.1433,0.3805,0.032,0.1767,0.001774,0.698,1,10,99.25,0.92,1,5542,9.0,0.0,0,30,5625,334857.7,0.0,-1,6.45
1786434522253,4732,v1,0.0336,0.3912,0.1448,1.3021,0.1144,0.032,0.1668,0.002669,0.714,0,20,52.82,0.962,1,168,18.263,17.769,0,30,6098,272771.9,85.01,18,10.41
1786434510745,4733,v1,0.0621,0.28,0.2659,1.5365,0.6216,0.032,0.1672,0.002487,0.665,0,6,90.37,0.558,1,0,5.0,5.0,0,30,6453,174500.9,85.3,15,9.08
1786434512108,4734,v1,0.0458,0.2422,0.2417,1.0022,0.3583,0.032,0.2009,0.002287,0.602,1,22,93.13,0.808,1,0,14.411,14.411,0,30,5996,143280.0,86.53,13,8.94
1786434514752,4735,v1,0.0783,0.3015,0.2989,2.2645,0.3229,0.032,0.0673,0.003028,0.701,1,15,38.09,0.678,1,6348,14.0,0.658,0,30,6918,388457.0,4.42,-1,11.13
1786434516814,4736,v1,0.069,0.9019,0.3794,1.772,0.8371,0.032,0.0532,0.001857,0.708,0,32,98.01,0.976,1,0,18.27,18.27,0,30,6114,182833.6,93.06,16,7.97
1786434518294,4737,v1,0.0792,0.9782,0.3541,1.2373,0.9236,0.032,0.0926,0.001735,0.644,0,24,73.87,0.8,1,0,15.587,15.587,0,30,6166,169761.7,86.53,14,6.21
1786434519901,4738,v1,0.0327,0.2002,0.2891,2.4489,0.7625,0.032,0.077,0.00203,0.675,0,23,24.96,0.356,1,241,17.472,16.855,0,30,6257,209845.4,84.12,16,7.67
1786434522188,4739,v1,0.0274,0.6368,0.3192,1.4374,0.4747,0.032,0.1271,0.002868,0.594,1,4,49.09,0.888,1,5728,3.0,0.0,0,30,5774,359907.8,0.0,-1,10.5
1786434512567,4740,v1,0.0115,0.2864,0.1608,2.3877,0.9046,0.032,0.0759,0.002255,0.649,1,21,34.28,0.816,1,722,13.328,11.237,0,30,6561,290716.9,62.63,18,8.55
1786434514205,4741,v1,0.0321,0.8386,0.4966,1.6061,0.2653,0.032,0.1387,0.00266,0.669,1,27,50.7,0.798,1,928,17.265,14.457,0,30,6043,194699.7,90.9,15,9.81
1786434515764,4742,v1,0.0382,0.9921,0.4623,0.9214,0.6128,0.032,0.1989,0.003171,0.663,0,34,87.56,0.343,1,0,17.9,17.9,0,30,5483,154621.5,84.19,15,11.93
1786434517299,4743,v1,0.0272,0.467,0.1129,2.2463,0.4597,0.032,0.0619,0.002796,0.58,0,36,54.3,0.601,1,0,17.666,17.666,0,30,6659,175615.1,88.4,14,10.87
1786434519564,4744,v1,0.042,0.3335,0.4019,1.7212,0.1201,0.032,0.2274,0.003533,0.678,0,16,41.93,0.605,1,1975,15.0,11.139,0,30,7002,292968.5,67.4,16,13.41
1786434521377,4745,v1,0.0203,0.7524,0.2699,1.5395,0.3013,0.032,0.2256,0.002288,0.664,1,19,37.45,0.515,1,591,16.896,15.396,0,30,6773,219010.0,86.05,16,8.16
1786434522603,4746,v1,0.0346,0.7771,0.3802,1.5003,0.8239,0.032,0.0937,0.0031,0.592,1,33,98.73,0.437,1,0,15.663,15.663,0,30,6199,149997.2,91.76,12,11.23
1786434512324,4747,v1,0.0348,0.7655,0.2479,0.859,0.3986,0.032,0.1469,0.003572,0.705,1,25,68.12,0.838,1,0,17.785,17.785,0,30,6824,214576.5,84.44,16,13.07
1786434513966,4748,v1,0.0792,0.5009,0.4051,1.7234,0.1026,0.032,0.1789,0.003034,0.691,0,32,20.85,0.742,1,438,19.264,17.793,0,30,5594,208971.2,91.24,15,11.94
1786434517172,4749,v1,0.0427,0.7242,0.1272,1.4789,0.5933,0.032,0.1711,0.002389,0.644,1,11,47.85,0.683,1,6379,10.0,1.426,0,30,7621,430440.4,13.24,-1,9.22
1786434518759,4750,v1,0.0331,0.3188,0.2744,1.6143,0.7504,0.032,0.216,0.002429,0.713,1,34,64.87,0.637,1,0,20.397,20.397,0,30,5692,191121.7,85.96,18,8.98
1786434519934,4751,v1,0.0602,0.7371,0.4082,2.4489,0.3718,0.032,0.132,0.002314,0.668,1,35,31.02,0.31,1,419,18.789,17.386,0,30,6045,188725.1,97.08,16,9.0
1786434521635,4752,v1,0.0535,0.2022,0.4535,1.2117,0.501,0.032,0.1693,0.001285,0.615,1,26,76.88,0.672,1,0,15.097,15.097,0,30,6185,150457.8,93.29,12,5.08
1786434524387,4753,v1,0.0744,0.5397,0.4664,1.0479,0.1252,0.032,0.1565,0.002358,0.658,1,6,58.84,0.535,1,4434,5.0,1.672,0,30,6739,317608.8,30.99,15,8.4
1786434513953,4754,v1,0.0784,0.8052,0.2007,2.3187,0.6174,0.032,0.076,0.003002,0.716,1,16,22.81,0.863,1,5499,15.0,0.62,0,30,6026,361442.6,3.58,-1,11.9
1786434516458,4755,v1,0.0288,0.6815,0.2655,2.0948,0.6045,0.032,0.0979,0.002607,0.628,1,14,97.72,0.872,1,5924,13.0,0.0,0,30,6122,359281.8,0.0,-1,9.49
1786434518238,4756,v1,0.0656,0.9954,0.4496,2.1584,0.8704,0.032,0.1842,0.001438,0.598,1,35,67.04,0.495,1,0,17.1,17.1,0,30,7130,184087.9,98.31,14,5.54
1786434520234,4757,v1,0.0281,0.3955,0.4929,1.7916,0.3928,0.032,0.1737,0.002973,0.709,0,10,25.36,0.477,1,1695,9.0,7.171,0,30,6678,274553.3,62.56,18,12.17
1786434522364,4758,v1,0.0677,0.5976,0.1615,1.7206,0.3637,0.032,0.192,0.003317,0.696,0,10,28.69,0.953,1,3183,9.0,5.347,0,30,6267,292080.7,40.75,16,12.33
1786434524325,4759,v1,0.0577,0.6686,0.1251,1.0592,0.7391,0.032,0.2262,0.001218,0.628,0,19,20.15,0.93,1,485,15.143,14.073,0,30,6033,178161.3,95.17,14,5.12
1786434526540,4760,v1,0.068,0.7051,0.4494,1.8992,0.7613,0.032,0.22,0.002867,0.69,0,6,53.99,0.921,1,4139,5.0,3.049,0,30,6455,302371.3,31.74,16,10.26
1786434514697,4761,v1,0.0104,0.2875,0.1028,1.6086,0.3045,0.032,0.2399,0.001273,0.705,1,14,95.26,0.622,1,5130,13.0,2.471,0,30,6438,370230.0,0.94,-1,5.05
1786434517089,4762,v1,0.0138,0.8701,0.2673,1.2146,0.442,0.032,0.0509,0.002076,0.699,0,28,20.45,0.804,1,306,15.614,14.657,0,30,6002,255763.8,71.91,18,8.33
1786434518795,4763,v1,0.0334,0.9309,0.2373,2.0832,0.3883,0.032,0.1967,0.002615,0.698,0,35,96.3,0.736,1,0,20.285,20.285,0,30,6259,204154.5,90.95,17,10.15
1786434520268,4764,v1,0.052,0.6109,0.3963,2.2419,0.1706,0.032,0.0697,0.003528,0.64,0,36,42.7,0.721,1,0,18.352,18.352,0,30,6313,183824.8,85.29,15,13.39
1786434522058,4765,v1,0.0221,0.3847,0.4222,2.3118,0.9253,0.032,0.2193,0.003362,0.581,0,7,58.05,0.351,1,1084,6.0,5.279,0,30,6138,174192.0,72.28,11,13.15
1786434523901,4766,v1,0.0102,0.9809,0.4269,1.7561,0.4753,0.032,0.1908,0.001528,0.605,1,19,24.08,0.818,1,1023,14.745,12.198,0,30,6046,196511.9,86.09,14,6.19
1786434525337,4767,v1,0.0393,0.8556,0.1461,2.4309,0.8873,0.032,0.1657,0.002681,0.612,0,28,46.72,0.901,1,0,16.974,16.974,0,30,6041,167320.8,86.02,15,10.16
1786434517711,4768,v1,0.0339,0.8804,0.3922,0.9142,0.4862,0.032,0.2307,0.002712,0.714,1,35,65.37,0.509,1,0,19.692,19.692,0,30,6877,208974.4,87.89,17,10.18
1786434519254,4769,v1,0.0103,0.5173,0.4445,1.7218,0.6235,0.032,0.2497,0.002891,0.624,0,6,47.32,0.438,1,1698,5.0,4.021,0,30,5268,202974.8,57.75,15,10.84
1786434521232,4770,v1,0.0569,0.4214,0.3243,1.2981,0.5632,0.032,0.1753,0.002847,0.626,1,8,43.07,0.418,1,3481,7.0,2.792,0,30,5898,272220.0,33.88,14,11.0
1786434523498,4771,v1,0.0491,0.2689,0.1215,1.5542,0.1829,0.032,0.0866,0.002014,0.603,1,6,87.2,0.808,1,5796,5.0,0.217,0,30,6120,351284.7,3.92,-1,7.65
1786434525712,4772,v1,0.0235,0.6487,0.4354,1.251,0.6134,0.032,0.069,0.002903,0.658,0,10,49.54,0.866,1,3155,9.0,5.337,0,30,6185,274546.1,40.41,16,11.25
1786434527426,4773,v1,0.0633,0.3406,0.3365,2.4817,0.7719,0.032,0.2376,0.001683,0.699,0,35,59.61,0.899,1,0,18.841,18.841,0,30,6339,187160.0,84.55,16,6.56
1786434529134,4774,v1,0.0333,0.2831,0.1374,2.3222,0.5889,0.032,0.1093,0.003463,0.653,1,10,88.01,0.463,1,3966,9.0,3.899,0,30,7183,328984.9,36.74,17,11.94
1786434521485,4775,v1,0.0208,0.9512,0.2281,2.1651,0.4846,0.032,0.2234,0.001405,0.621,0,10,64.5,0.956,1,3587,9.0,5.02,0,30,6403,286120.7,37.33,16,5.5
1786434522790,4776,v1,0.0628,0.8066,0.1825,0.8922,0.2306,0.032,0.1766,0.00259,0.652,0,20,41.7,0.357,1,0,15.523,15.523,0,30,6307,175859.6,100.0,15,9.99
1786434524673,4777,v1,0.0347,0.3762,0.4001,2.1084,0.6515,0.032,0.1881,0.00243,0.599,0,24,58.73,0.901,1,0,14.845,14.845,0,30,5601,139040.1,87.56,13,9.86
1786434526159,4778,v1,0.0784,0.3633,0.2175,1.5119,0.2937,0.032,0.0767,0.001752,0.634,1,19,86.71,0.581,1,0,15.056,15.056,0,30,5868,162122.9,92.34,14,6.56
1786434527673,4779,v1,0.0273,0.5469,0.2439,1.7528,0.3549,0.032,0.1656,0.001735,0.665,0,26,86.44,0.861,1,0,18.266,18.266,0,30,6487,213183.9,85.41,17,6.84
1786434528480,4780,v1,0.0197,0.9411,0.4381,0.9808,0.7541,0.032,0.0904,0.001244,0.611,0,24,93.83,0.655,1,0,13.951,13.951,0,30,5933,139895.3,86.14,12,5.17
1786434530073,4781,v1,0.0641,0.4015,0.4604,1.3232,0.9477,0.032,0.1062,0.003058,0.618,1,17,69.0,0.45,1,0,14.152,14.152,0,30,6977,177993.3,99.05,14,11.84
1786434524911,4782,v1,0.0167,0.663,0.3716,0.8129,0.1055,0.032,0.2325,0.003118,0.601,1,21,22.76,0.427,1,587,13.139,11.969,0,30,6943,180829.5,84.82,11,12.01
1786434526288,4783,v1,0.0503,0.8478,0.2584,1.607,0.6313,0.032,0.1119,0.003351,0.702,0,28,31.37,0.539,1,0,18.025,18.025,0,30,5719,167935.9,87.91,16,11.77
1786434528019,4784,v1,0.0122,0.3834,0.2232,0.9353,0.2779,0.032,0.2016,0.002491,0.681,1,34,46.36,0.583,1,598,16.97,15.051,0,30,6919,257174.0,74.38,18,9.61
1786434529434,4785,v1,0.058,0.4424,0.4087,2.1426,0.1151,0.032,0.2105,0.003771,0.596,0,13,34.26,0.708,1,2786,12.0,7.261,0,30,6160,251017.8,47.1,13,14.33
1786434530738,4786,v1,0.0464,0.5497,0.226,1.9126,0.261,0.032,0.2316,0.002398,0.682,1,17,87.56,0.512,1,885,16.0,13.612,0,30,6163,227718.6,75.94,16,8.78
1786434531509,4787,v1,0.0731,0.8602,0.3251,1.9801,0.2156,0.032,0.1166,0.003702,0.719,0,29,37.11,0.692,1,0,19.021,19.021,0,30,6482,241889.3,83.99,16,13.73
1786434532280,4788,v1,0.0713,0.6576,0.1884,1.7532,0.5819,0.032,0.1337,0.003171,0.68,0,19,90.64,0.871,1,0,15.623,15.623,0,30,5634,166282.6,85.98,15,12.6
1786434525192,4789,v1,0.0111,0.6443,0.1328,0.8262,0.8116,0.032,0.237,0.001964,0.608,0,20,55.6,0.996,1,0,15.027,15.027,0,30,5831,154125.0,88.15,14,7.25
1786434527548,4790,v1,0.0785,0.8315,0.1705,1.8475,0.9295,0.032,0.1455,0.001706,0.59,1,9,70.67,0.751,1,5945,8.0,0.354,0,30,6317,366514.9,4.4,-1,6.98
1786434528553,4791,v1,0.0331,0.3748,0.3857,0.9898,0.4812,0.032,0.0609,0.002586,0.619,1,31,55.47,0.578,1,0,15.972,15.972,0,30,6700,167302.4,89.78,13,10.12
1786434530233,4792,v1,0.055,0.5647,0.3446,1.4246,0.6415,0.032,0.1232,0.001328,0.591,0,14,34.59,0.691,1,499,12.713,11.839,0,30,6384,169792.1,77.43,12,5.22
1786434531007,4793,v1,0.0736,0.5663,0.4171,0.9741,0.3118,0.032,0.205,0.003516,0.587,1,25,44.9,0.758,1,872,12.125,10.357,0,30,6380,145817.7,86.63,9,12.7
1786434531655,4794,v1,0.0604,0.7458,0.4393,2.4066,0.3947,0.032,0.2026,0.003111,0.648,1,17,93.99,0.849,1,0,15.0,15.0,0,30,5778,162299.8,100.0,15,11.58
1786434532683,4795,v1,0.0479,0.9102,0.3546,2.3933,0.8656,0.032,0.1605,0.00217,0.665,0,13,52.06,0.492,1,1994,12.0,8.845,0,30,6499,247974.7,68.4,16,8.09
1786434525990,4796,v1,0.0711,0.9007,0.327,2.3687,0.3845,0.032,0.2336,0.002201,0.596,0,24,76.79,0.922,1,0,15.267,15.267,0,30,6201,162723.0,97.58,14,7.77
1786434527774,4797,v1,0.0356,0.5781,0.2043,1.1632,0.1569,0.032,0.1696,0.002972,0.625,0,4,34.95,0.94,1,3785,3.0,2.329,0,30,5681,263630.9,30.72,15,10.72
1786434528717,4798,v1,0.0582,0.9745,0.3278,1.6384,0.9565,0.032,0.1482,0.002738,0.646,0,21,56.64,0.73,1,0,15.519,15.519,0,30,6485,183527.1,95.89,14,9.84
1786434530227,4799,v1,0.0103,0.7615,0.4018,2.1313,0.3112,0.032,0.171,0.003224,0.583,0,21,90.48,0.337,1,0,14.132,14.132,0,30,6342,152523.5,86.15,13,12.61
1786434539132,4800,v1,0.0567,0.4741,0.3497,2.1069,0.9438,0.032,0.1293,0.002784,0.653,0,23,91.33,0.894,1,0,16.428,16.428,0,30,6759,185502.0,89.52,15,9.99
1786434540410,4801,v1,0.0521,0.3403,0.3453,1.4724,0.199,0.032,0.0745,0.003628,0.642,0,17,74.79,0.684,1,0,14.736,14.736,0,30,6172,173286.6,93.22,14,13.24
1786434542386,4802,v1,0.048,0.7841,0.3925,1.4172,0.9179,0.032,0.1771,0.002038,0.594,1,23,97.19,0.393,1,0,12.866,12.866,0,30,6155,133192.1,84.17,10,7.62
1786434544162,4803,v1,0.0792,0.8386,0.1286,0.8041,0.5073,0.032,0.1371,0.003169,0.693,1,29,80.91,0.352,1,0,17.303,17.303,0,30,6930,196551.6,86.5,15,11.5
1786434546089,4804,v1,0.0146,0.2439,0.4379,1.9237,0.497,0.032,0.1279,0.002119,0.603,0,12,70.04,0.657,1,2115,11.0,7.87,0,30,6219,229825.5,56.77,14,8.72
1786434547775,4805,v1,0.065,0.6675,0.1637,1.3198,0.5928,0.032,0.0544,0.001698,0.627,0,35,48.41,0.572,1,0,17.401,17.401,0,30,6100,167956.9,85.97,14,6.98
1786434549321,4806,v1,0.0269,0.9792,0.4896,1.8559,0.9928,0.032,0.0568,0.002914,0.603,1,23,83.88,0.467,1,0,14.15,14.15,0,30,6583,158595.0,86.74,12,10.77
1786434539365,4807,v1,0.051,0.7603,0.4222,0.8944,0.5524,0.032,0.1029,0.001476,0.672,1,32,59.17,0.847,1,0,17.584,17.584,0,30,5887,168665.4,94.49,15,5.74
1786434541477,4808,v1,0.0608,0.2034,0.1944,1.0136,0.2268,0.032,0.1728,0.003074,0.702,1,21,35.57,0.969,1,1148,16.516,13.41,0,30,6469,248070.4,92.54,16,11.66
1786434543382,4809,v1,0.0681,0.4769,0.4729,0.8674,0.7594,0.032,0.0616,0.002663,0.631,0,8,35.96,0.352,1,1344,7.0,5.975,0,30,6675,219710.8,76.58,14,9.83
1786434546166,4810,v1,0.0784,0.8591,0.2434,1.8886,0.2625,0.032,0.19,0.002217,0.705,1,16,67.5,0.983,1,5424,15.0,2.982,0,30,7011,371604.1,19.88,-1,8.9
1786434548375,4811,v1,0.0383,0.8417,0.2985,1.2874,0.5412,0.032,0.1933,0.003195,0.606,0,12,76.69,0.669,1,3157,11.0,6.423,0,30,6425,281548.1,46.6,14,12.25
1786434550251,4812,v1,0.0592,0.7307,0.1156,1.2774,0.6706,0.032,0.108,0.002864,0.588,0,17,38.26,0.41,1,0,14.039,14.039,0,30,6213,167144.0,96.25,14,11.09
1786434551662,4813,v1,0.0347,0.7138,0.2415,1.2929,0.235,0.032,0.2436,0.001807,0.606,1,25,41.0,0.326,1,333,15.508,14.581,0,30,5743,159698.7,99.36,14,6.63
1786434539747,4814,v1,0.0648,0.6572,0.3211,2.2549,0.5869,0.032,0.0527,0.003234,0.614,1,20,56.25,0.599,1,0,15.015,15.015,0,30,6083,167005.0,91.26,14,11.9
1786434541893,4815,v1,0.06,0.4231,0.3192,2.0193,0.518,0.032,0.1424,0.003354,0.65,1,17,42.88,0.625,1,827,14.902,12.64,0,30,5732,189313.5,97.59,15,12.0
1786434544122,4816,v1,0.0156,0.3447,0.1099,2.3961,0.4662,0.032,0.1879,0.002492,0.675,0,21,67.29,0.336,1,0,9.525,9.525,0,30,6494,309497.9,48.14,19,9.39
1786434545531,4817,v1,0.0219,0.2079,0.3894,2.1744,0.8613,0.032,0.0505,0.002289,0.611,0,17,93.12,0.346,1,0,15.037,15.037,0,30,5964,166333.0,84.66,15,9.34
1786434547998,4818,v1,0.0229,0.4796,0.178,0.8149,0.2732,0.032,0.0897,0.002052,0.628,0,14,57.09,0.93,1,3411,13.0,7.156,0,30,6619,303279.9,40.68,15,7.77
1786434549885,4819,v1,0.0452,0.7933,0.2866,1.4284,0.899,0.032,0.2121,0.001823,0.619,0,25,73.65,0.739,1,0,15.712,15.712,0,30,6546,180450.9,84.55,14,6.95
1786434551410,4820,v1,0.0603,0.6907,0.1072,1.0077,0.9076,0.032,0.0579,0.002259,0.609,0,27,34.07,0.789,1,0,15.854,15.854,0,30,6477,174089.4,99.44,14,8.32
1786434540448,4821,v1,0.0211,0.7416,0.135,1.4608,0.2424,0.032,0.1246,0.003451,0.603,1,22,27.9,0.766,1,913,15.447,12.906,0,30,5948,194257.1,83.71,14,13.55
1786434542409,4822,v1,0.0565,0.966,0.1724,1.8889,0.1913,0.032,0.1793,0.003424,0.631,1,22,72.31,0.593,1,0,16.075,16.075,0,30,5666,162671.9,84.84,15,12.39
1786434544288,4823,v1,0.042,0.578,0.1009,2.4208,0.1034,0.032,0.1761,0.002479,0.642,0,19,38.9,0.672,1,0,16.205,16.205,0,30,6515,222356.3,85.26,16,9.24
1786434546637,4824,v1,0.0719,0.8375,0.2254,0.876,0.2501,0.032,0.1577,0.003375,0.645,1,5,84.95,0.53,1,3886,4.0,1.636,0,30,6671,288020.9,37.74,15,12.62
1786434549462,4825,v1,0.0501,0.8467,0.4856,2.2475,0.6739,0.032,0.0676,0.003257,0.697,1,14,58.14,0.904,1,6506,13.0,0.0,0,30,6809,401437.2,0.0,-1,12.81
1786434551423,4826,v1,0.0474,0.2544,0.4824,1.6972,0.9355,0.032,0.1454,0.002136,0.702,0,14,52.92,0.398,1,1834,13.0,9.803,0,30,6453,256350.8,61.63,16,7.66
1786434553402,4827,v1,0.0213,0.8873,0.3018,2.3375,0.6087,0.032,0.0916,0.003469,0.635,1,31,48.33,0.69,1,789,18.361,15.729,0,30,6067,198332.2,85.6,16,13.1
1786434541937,4828,v1,0.0446,0.6239,0.4753,1.8979,0.5712,0.032,0.1489,0.001315,0.653,0,12,30.86,0.968,1,3060,11.0,6.22,0,30,5845,254212.0,43.17,15,4.96
1786434543964,4829,v1,0.0592,0.9294,0.2459,2.2861,0.6702,0.032,0.169,0.001739,0.619,0,11,45.97,0.858,1,3241,10.0,5.526,0,30,5888,267421.5,43.75,15,6.74
1786434545409,4830,v1,0.0625,0.8559,0.4727,1.705,0.637,0.032,0.0936,0.003585,0.645,0,24,26.08,0.548,1,307,15.81,15.057,0,30,6084,176157.1,90.56,14,13.1
1786434547764,4831,v1,0.0684,0.8198,0.3263,2.2729,0.3551,0.032,0.0652,0.003586,0.622,1,15,43.77,0.839,1,3176,14.0,6.531,0,30,6235,264779.9,46.65,14,12.96
1786434549401,4832,v1,0.0781,0.7037,0.1196,1.2975,0.1718,0.032,0.1679,0.002115,0.654,0,29,78.6,0.906,1,0,16.859,16.859,0,30,6234,176616.4,96.12,15,8.25
1786434552145,4833,v1,0.0642,0.4659,0.1194,1.74,0.387,0.032,0.1108,0.002384,0.651,1,14,94.16,0.996,1,5874,13.0,0.0,0,30,6072,374447.2,0.0,-1,9.6
1786434553938,4834,v1,0.018,0.3249,0.2443,1.6006,0.8838,0.032,0.2224,0.002793,0.604,1,35,38.52,0.821,1,1021,17.487,14.277,0,30,6091,171151.5,89.52,14,10.67
1786434542232,4835,v1,0.0473,0.6714,0.2543,1.9337,0.8561,0.032,0.1112,0.001755,0.583,0,5,98.22,0.908,1,0,4.0,4.0,0,30,5952,160739.6,94.02,13,6.65
1786434543927,4836,v1,0.0235,0.4413,0.4515,0.8375,0.6072,0.032,0.0769,0.002042,0.718,1,34,47.75,0.798,1,984,20.485,17.056,0,30,6252,221056.3,83.8,18,7.65
1786434545667,4837,v1,0.0413,0.2693,0.1894,1.9369,0.6254,0.032,0.2027,0.00126,0.626,0,21,51.1,0.836,1,0,15.765,15.765,0,30,6796,197285.5,91.49,15,5.14
1786434547498,4838,v1,0.0506,0.6461,0.2567,1.5545,0.7522,0.032,0.1557,0.002671,0.701,0,16,80.36,0.555,1,0,15.0,15.0,0,30,5726,175443.6,84.85,16,10.23
1786434549160,4839,v1,0.0638,0.9014,0.1657,0.8924,0.3962,0.032,0.0584,0.002797,0.686,1,22,72.85,0.919,1,0,16.318,16.318,0,30,6538,191182.2,90.8,15,10.19
1786434551609,4840,v1,0.0404,0.2699,0.2417,2.2646,0.6126,0.032,0.1325,0.002413,0.684,1,14,64.34,0.547,1,4112,13.0,4.117,0,30,6230,329234.6,27.5,17,9.57
1786434554709,4841,v1,0.0396,0.4518,0.4654,1.6485,0.313,0.032,0.1861,0.003239,0.67,0,7,48.77,0.771,1,4005,6.0,3.845,0,30,7588,307418.3,41.91,16,12.07
1786434543031,4842,v1,0.0735,0.2168,0.1638,1.9242,0.6482,0.032,0.2331,0.001269,0.659,0,36,25.66,0.614,1,0,18.58,18.58,0,30,6603,195495.2,88.39,15,4.68
1786434545329,4843,v1,0.054,0.5137,0.1826,1.467,0.1664,0.032,0.1145,0.00226,0.621,0,11,59.45,0.847,1,3265,10.0,5.93,0,30,6556,277311.3,45.75,15,8.86
1786434547045,4844,v1,0.0105,0.5207,0.3161,1.9117,0.5041,0.032,0.1984,0.002238,0.594,0,26,82.85,0.376,1,0,15.644,15.644,0,30,5861,159044.5,98.33,14,8.58
1786434548370,4845,v1,0.0106,0.8865,0.2799,1.5777,0.7644,0.032,0.132,0.003153,0.614,0,36,76.36,0.691,1,0,18.209,18.209,0,30,5999,162977.1,84.86,15,11.85
1786434550907,4846,v1,0.0439,0.5016,0.384,2.3443,0.1239,0.032,0.1828,0.002853,0.677,0,13,55.58,0.91,1,3877,12.0,5.82,0,30,6493,339030.5,32.92,16,10.93
1786434552635,4847,v1,0.0371,0.3608,0.1444,2.3623,0.5766,0.032,0.1879,0.002782,0.633,0,27,95.81,0.787,1,0,17.688,17.688,0,30,5842,177663.6,84.61,16,10.1
1786434554419,4848,v1,0.0691,0.7139,0.108,1.5426,0.8679,0.032,0.0667,0.003599,0.646,0,36,22.55,0.617,1,358,18.263,17.206,0,30,6211,179306.9,92.78,15,13.8
1786434543110,4849,v1,0.0574,0.5839,0.3166,2.1882,0.3505,0.032,0.0665,0.003238,0.614,0,29,43.59,0.727,1,0,16.53,16.53,0,30,5678,152907.9,88.91,14,11.01
1786434545005,4850,v1,0.0216,0.827,0.1451,1.1323,0.7926,0.032,0.1778,0.002913,0.635,0,18,52.95,0.429,1,0,15.756,15.756,0,30,6489,185256.8,91.51,15,10.16
1786434547523,4851,v1,0.0117,0.3651,0.4295,2.3106,0.3452,0.032,0.1606,0.002517,0.686,1,35,51.16,0.837,1,77,1.505,1.205,0,30,6193,358040.6,6.76,-1,9.74
1786434549237,4852,v1,0.0161,0.7505,0.3024,1.7239,0.6716,0.032,0.1881,0.001909,0.641,0,18,69.82,0.764,1,0,16.178,16.178,0,30,6657,199970.2,87.84,15,7.11
1786434550934,4853,v1,0.0709,0.4246,0.4203,2.1462,0.6742,0.032,0.1788,0.00218,0.639,0,33,85.2,0.54,1,0,17.462,17.462,0,30,6689,180408.6,94.1,14,8.51
1786434553400,4854,v1,0.0436,0.2521,0.1449,1.8056,0.7509,0.032,0.0643,0.003569,0.704,0,6,45.94,0.444,1,1612,5.0,4.214,0,30,6276,235648.6,65.98,16,13.08
1786434555017,4855,v1,0.027,0.4064,0.4004,2.4445,0.1704,0.032,0.2374,0.003069,0.63,1,35,36.37,0.548,1,634,18.615,16.319,0,30,5608,177215.4,94.5,15,10.68
1786434551543,4856,v1,0.0598,0.7801,0.1691,2.02,0.6788,0.032,0.1595,0.003376,0.681,0,35,94.92,0.369,1,0,18.872,18.872,0,30,6428,187954.9,85.4,15,11.89
1786434554355,4857,v1,0.0471,0.7429,0.4329,0.9118,0.6498,0.032,0.0969,0.001869,0.659,1,13,78.89,0.855,1,6110,12.0,0.0,0,30,6238,365681.5,0.0,-1,6.72
1786434556423,4858,v1,0.0644,0.6385,0.185,0.9348,0.7764,0.032,0.0664,0.001375,0.687,0,32,93.09,0.407,1,0,18.08,18.08,0,30,6359,192845.7,92.46,15,5.13
1786434559201,4859,v1,0.0579,0.7381,0.1426,1.1412,0.7019,0.032,0.2264,0.002391,0.692,1,13,47.6,0.857,1,5997,12.0,0.0,0,30,6162,364691.6,0.0,-1,9.32
1786434560636,4860,v1,0.0634,0.6068,0.3953,0.9676,0.2064,0.032,0.0675,0.001959,0.598,0,26,82.06,0.327,1,0,13.308,13.308,0,30,6195,130225.2,88.34,10,7.88
1786434562727,4861,v1,0.0229,0.3077,0.1321,2.3993,0.7226,0.032,0.0635,0.001658,0.6,1,14,64.02,0.667,1,4165,13.0,3.244,0,30,5662,289271.8,21.95,16,6.38
1786434565453,4862,v1,0.0241,0.2029,0.3045,1.9925,0.744,0.032,0.1467,0.003123,0.716,1,14,56.39,0.855,1,5903,13.0,0.103,0,30,6197,338952.6,0.62,-1,11.2
1786434554234,4863,v1,0.0619,0.9467,0.3632,1.5816,0.184,0.032,0.1601,0.00206,0.675,1,26,21.51,0.594,1,740,16.779,14.633,0,30,6076,199039.8,85.92,15,8.34
1786434556235,4864,v1,0.0559,0.7802,0.2136,0.9877,0.515,0.032,0.2449,0.00187,0.687,1,30,27.91,0.714,1,1045,17.869,14.775,0,30,6346,211275.5,95.82,15,7.03
1786434558723,4865,v1,0.0409,0.7091,0.3594,1.3306,0.5124,0.032,0.1509,0.001919,0.679,0,13,75.02,0.695,1,3413,12.0,6.566,0,30,6429,295234.5,39.36,16,7.2
1786434561296,4866,v1,0.0116,0.889,0.4072,0.8101,0.8865,0.032,0.0816,0.00294,0.716,0,4,29.76,0.537,1,2282,3.0,2.57,0,30,5348,298642.5,14.68,-1,11.16
1786434562979,4867,v1,0.0789,0.4971,0.1392,1.6722,0.2941,0.032,0.1192,0.001668,0.694,1,24,39.9,0.522,1,754,16.781,14.773,0,30,6455,243514.5,93.91,15,6.12
1786434565159,4868,v1,0.0415,0.6422,0.3128,1.1756,0.3447,0.032,0.217,0.001714,0.717,0,26,35.88,0.486,1,0,18.43,18.43,0,30,6129,207509.9,85.15,17,5.66
1786434567324,4869,v1,0.0786,0.3709,0.3177,1.0401,0.7083,0.032,0.1488,0.002261,0.673,0,11,30.81,0.607,1,2588,10.0,6.385,0,30,5869,241007.4,54.79,15,8.66
1786434555075,4870,v1,0.0468,0.6342,0.1221,2.4881,0.3257,0.032,0.1357,0.003046,0.674,1,32,86.83,0.809,1,0,19.03,19.03,0,30,5766,183073.0,91.86,16,11.17
1786434558226,4871,v1,0.0129,0.4424,0.443,1.7195,0.467,0.032,0.1519,0.002668,0.713,0,28,71.3,0.945,1,0,0.272,0.272,0,30,6781,404839.9,1.31,-1,10.6
1786434559682,4872,v1,0.028,0.9228,0.1998,2.4809,0.4186,0.032,0.1309,0.001689,0.648,0,36,81.07,0.642,1,0,19.725,19.725,0,30,6000,189834.4,84.9,16,6.67
1786434562298,4873,v1,0.0649,0.9089,0.4146,1.3615,0.8668,0.032,0.0622,0.00267,0.655,1,9,70.5,0.461,1,3729,8.0,2.587,0,30,5648,277306.7,30.62,15,10.45
1786434564649,4874,v1,0.0182,0.6463,0.4296,1.4876,0.2725,0.032,0.1354,0.002915,0.712,1,16,56.38,0.485,1,3946,15.0,4.745,0,30,6036,340968.8,20.26,19,11.18
1786434567598,4875,v1,0.0729,0.7279,0.3783,1.3317,0.5354,0.032,0.0639,0.001876,0.658,1,8,47.81,0.728,1,6807,7.0,0.075,0,30,6975,408452.2,1.03,-1,6.74
1786434569173,4876,v1,0.0614,0.7363,0.3576,1.4227,0.4013,0.032,0.1897,0.002268,0.661,0,28,94.88,0.766,1,0,16.895,16.895,0,30,6263,181964.8,96.21,15,8.53
1786434555875,4877,v1,0.0303,0.6422,0.2898,1.8482,0.372,0.032,0.0675,0.003758,0.675,1,18,62.87,0.962,1,585,16.865,15.088,0,30,5954,206506.4,86.75,17,13.79
1786434558379,4878,v1,0.0533,0.8614,0.3938,2.4279,0.3532,0.032,0.1589,0.003171,0.609,1,33,22.82,0.538,1,908,17.249,15.21,0,30,8444,224051.4,88.47,14,12.23
1786434560835,4879,v1,0.0689,0.6706,0.4894,1.6396,0.9684,0.032,0.2493,0.002568,0.713,1,10,21.81,0.583,1,4440,9.0,2.63,0,30,6410,324110.1,28.49,16,9.59
1786434563359,4880,v1,0.0206,0.2581,0.346,1.1384,0.5704,0.032,0.1232,0.001266,0.622,0,9,22.67,0.968,1,3660,8.0,4.374,0,30,6131,288818.8,35.32,14,4.99
1786434565651,4881,v1,0.0739,0.7118,0.2458,1.8898,0.1716,0.032,0.1558,0.001879,0.683,0,11,68.92,0.849,1,3182,10.0,5.731,0,30,6063,309313.7,42.93,16,7.04
1786434567736,4882,v1,0.0154,0.6048,0.3252,0.8705,0.3163,0.032,0.1034,0.003533,0.703,0,33,65.17,0.397,1,0,12.894,12.894,0,30,5753,256791.2,57.96,19,13.28
1786434569716,4883,v1,0.0356,0.874,0.4955,0.8114,0.8699,0.032,0.1166,0.001907,0.588,1,7,84.57,0.387,1,2403,6.0,3.508,0,30,5839,192743.0,49.71,7,7.38
1786434556572,4884,v1,0.0379,0.3564,0.2185,1.4355,0.753,0.032,0.2196,0.002402,0.617,1,32,22.51,0.696,1,953,17.07,14.358,0,30,6394,193225.5,91.63,14,8.82
1786434559398,4885,v1,0.0573,0.4171,0.4047,1.5935,0.1137,0.032,0.2469,0.002157,0.66,1,8,68.44,0.992,1,5788,7.0,0.0,0,30,5881,332936.3,0.0,-1,8.89
1786434561291,4886,v1,0.0297,0.3655,0.1002,0.8168,0.3485,0.032,0.1865,0.002265,0.64,0,36,22.91,0.847,1,642,18.546,16.835,0,30,6649,200355.7,88.73,15,8.74
1786434563075,4887,v1,0.0706,0.4086,0.3691,1.7216,0.3637,0.032,0.2483,0.002023,0.715,0,17,56.98,0.477,1,195,15.703,15.252,0,30,6243,211973.7,83.91,15,7.48
1786434565021,4888,v1,0.0304,0.9797,0.4519,1.5646,0.8537,0.032,0.1566,0.001953,0.696,1,32,67.65,0.567,1,682,19.244,16.861,0,30,5830,188498.5,85.4,17,8.1
1786434566738,4889,v1,0.0178,0.9943,0.1212,2.048,0.9384,0.032,0.2422,0.003548,0.632,0,35,29.07,0.497,1,0,19.921,19.921,0,30,6077,195279.3,88.64,17,13.15
1786434568116,4890,v1,0.0665,0.9621,0.2288,2.1379,0.8227,0.032,0.0896,0.003686,0.653,1,26,83.81,0.326,1,0,16.739,16.739,0,30,5736,164534.7,84.88,15,13.3
1786434557728,4891,v1,0.0734,0.6894,0.3803,2.4643,0.2549,0.032,0.2323,0.00177,0.615,1,14,40.42,0.335,1,2465,13.0,7.702,0,30,6196,241158.9,49.9,14,6.58
1786434559474,4892,v1,0.0548,0.8925,0.3572,2.4942,0.2076,0.032,0.1089,0.003749,0.689,0,25,83.62,0.549,1,0,17.669,17.669,0,30,5670,201205.9,85.1,16,13.72
1786434562145,4893,v1,0.0674,0.9692,0.3393,1.0878,0.2269,0.032,0.2093,0.001871,0.715,1,15,37.38,0.797,1,5664,14.0,0.771,0,30,6165,369467.5,4.62,-1,7.53
1786434564172,4894,v1,0.0312,0.5083,0.1415,2.0862,0.9725,0.032,0.1605,0.002714,0.585,1,31,32.72,0.635,1,904,16.852,14.259,0,30,6300,176729.8,87.42,14,9.98
1786434566000,4895,v1,0.0303,0.2333,0.4976,1.8694,0.7771,0.032,0.0716,0.003095,0.636,0,32,32.83,0.327,1,0,17.702,17.702,0,30,6649,185027.3,84.22,15,12.0
1786434567805,4896,v1,0.0608,0.294,0.1373,1.0289,0.619,0.032,0.125,0.001264,0.652,1,28,57.06,0.467,1,510,16.869,15.373,0,30,5910,176865.3,100.0,15,5.28
1786434570465,4897,v1,0.0196,0.6735,0.3451,1.4873,0.1563,0.032,0.2384,0.001897,0.691,1,14,35.23,0.629,1,4559,13.0,3.053,0,30,6109,320887.4,20.44,18,6.58
1786434558567,4898,v1,0.0189,0.818,0.1964,1.5022,0.7279,0.032,0.1744,0.003467,0.614,0,10,40.25,0.767,1,3443,9.0,4.898,0,30,6050,263305.6,36.91,15,12.28
1786434560087,4899,v1,0.0309,0.3749,0.1784,2.3291,0.9484,0.032,0.1439,0.003257,0.67,0,34,29.15,0.579,1,304,20.211,19.191,0,30,5939,199610.2,83.98,17,11.84
1786434562263,4900,v1,0.0214,0.9011,0.3044,2.1204,0.2617,0.032,0.1309,0.002802,0.59,1,26,55.49,0.992,1,1070,15.692,13.051,0,30,6762,198667.3,84.14,14,10.68
1786434564791,4901,v1,0.0241,0.9579,0.2015,1.7361,0.6691,0.032,0.0651,0.001856,0.7,1,18,57.02,0.367,1,2084,17.0,11.045,0,30,6131,279203.3,50.9,17,7.27
1786434566908,4902,v1,0.0325,0.3406,0.2385,0.8249,0.3733,0.032,0.1538,0.002347,0.707,1,26,57.37,0.47,1,0,18.218,18.218,0,30,6943,227027.5,85.62,16,9.32
1786434568477,4903,v1,0.0778,0.7328,0.2886,2.0546,0.2399,0.032,0.103,0.002968,0.635,0,35,84.9,0.502,1,0,17.78,17.78,0,30,6281,166536.9,94.18,14,11.69
1786434571576,4904,v1,0.0532,0.9635,0.2265,1.5538,0.2017,0.032,0.2396,0.002213,0.659,1,10,33.51,0.812,1,6531,9.0,0.0,0,30,6671,406947.5,0.0,-1,9.07
1786434559291,4905,v1,0.0711,0.8051,0.2817,1.4749,0.3833,0.032,0.0802,0.001668,0.669,0,9,20.61,0.83,1,2701,8.0,5.321,0,30,6134,259000.0,51.05,15,6.75
1786434560483,4906,v1,0.0692,0.2537,0.1283,0.8454,0.335,0.032,0.1796,0.003152,0.606,0,19,23.25,0.822,1,421,13.855,12.864,0,30,5302,144015.9,93.84,12,11.69
1786434562657,4907,v1,0.0152,0.3685,0.2821,0.856,0.5272,0.032,0.0725,0.001314,0.631,0,13,38.81,0.891,1,3084,12.0,6.74,0,30,5969,263140.2,41.58,15,5.29
1786434564545,4908,v1,0.0543,0.22,0.4319,0.8842,0.2914,0.032,0.1599,0.003088,0.59,0,23,29.61,0.756,1,426,11.271,10.6,0,30,6107,114622.4,86.29,8,11.59
1786434566702,4909,v1,0.0786,0.6781,0.3384,1.662,0.9777,0.032,0.0617,0.003576,0.63,0,30,97.31,0.926,1,0,16.605,16.605,0,30,7375,189408.4,85.83,14,13.72
1786434568030,4910,v1,0.0503,0.6161,0.2611,1.405,0.6498,0.032,0.1539,0.003197,0.632,0,27,67.92,0.849,1,0,16.443,16.443,0,30,5824,157121.3,93.53,14,12.23
1786434570341,4911,v1,0.0558,0.6825,0.3086,1.0192,0.4862,0.032,0.1208,0.001731,0.654,0,27,78.43,0.45,1,0,16.593,16.593,0,30,6926,191710.1,97.74,15,7.07
1786434568420,4912,v1,0.0319,0.2338,0.3399,2.1739,0.736,0.032,0.1542,0.001751,0.694,1,26,91.05,0.585,1,0,18.398,18.398,0,30,6688,216230.6,86.8,17,6.73
1786434571131,4913,v1,0.011,0.9365,0.2767,0.8721,0.7349,0.032,0.0904,0.002038,0.686,1,14,53.42,0.508,1,3978,13.0,4.11,0,30,5971,304718.9,25.53,19,7.7
1786434572665,4914,v1,0.0765,0.7454,0.4757,0.8992,0.9467,0.032,0.1645,0.002409,0.626,0,11,90.92,0.782,1,0,10.0,10.0,0,30,5810,143381.9,86.13,13,9.54
1786434574264,4915,v1,0.0501,0.5584,0.4571,1.0275,0.9032,0.032,0.1386,0.003679,0.648,0,11,88.75,0.704,1,0,10.0,10.0,0,30,6006,158836.7,91.48,14,13.55
1786434575949,4916,v1,0.066,0.4708,0.1555,1.9797,0.1055,0.032,0.1661,0.002223,0.657,1,26,55.69,0.772,1,1332,17.136,12.994,0,30,5808,209525.8,89.54,15,8.66
1786434578148,4917,v1,0.0138,0.5793,0.3813,1.8796,0.9156,0.032,0.106,0.001893,0.694,1,33,43.57,0.496,1,364,11.79,10.486,0,30,6152,293585.5,52.97,19,7.02
1786434579400,4918,v1,0.0314,0.8935,0.2275,0.8821,0.3394,0.032,0.1716,0.002907,0.63,1,23,27.78,0.608,1,735,15.712,13.707,0,30,6038,183827.5,90.4,14,9.67
1786434570204,4919,v1,0.0135,0.9494,0.4733,1.0237,0.6482,0.032,0.1811,0.002096,0.645,1,7,21.35,0.364,1,2981,6.0,2.942,0,30,5927,257132.7,41.73,16,8.23
1786434572013,4920,v1,0.071,0.6739,0.4862,1.3714,0.6399,0.032,0.0779,0.002707,0.709,0,31,63.21,0.499,1,0,17.866,17.866,0,30,5523,161410.3,91.75,15,10.34
1786434573374,4921,v1,0.0276,0.403,0.1639,2.3399,0.3133,0.032,0.0856,0.002752,0.633,1,20,66.9,0.707,1,1081,16.657,13.787,0,30,6539,231565.1,89.23,16,10.71
1786434575974,4922,v1,0.0325,0.3783,0.2947,2.4655,0.4836,0.032,0.1156,0.001359,0.624,1,15,64.88,0.408,1,3941,14.0,6.095,0,30,7134,344923.9,38.67,15,5.56
1786434577662,4923,v1,0.0451,0.9863,0.3663,0.8758,0.4548,0.032,0.0619,0.001894,0.697,0,29,85.25,0.332,1,0,17.95,17.95,0,30,6284,188655.7,90.67,16,7.69
1786434579399,4924,v1,0.0102,0.221,0.3714,1.887,0.6455,0.032,0.1768,0.002594,0.611,0,12,50.82,0.712,1,2842,11.0,6.918,0,30,6458,271387.1,52.45,15,10.27
1786434581626,4925,v1,0.0582,0.9151,0.3695,2.4736,0.9647,0.032,0.2084,0.001596,0.602,0,10,36.87,0.373,1,1661,9.0,7.254,0,30,6763,237444.2,65.01,14,5.9
1786434570965,4926,v1,0.0603,0.7744,0.1134,2.327,0.5685,0.032,0.1067,0.003168,0.706,1,34,57.88,0.483,1,556,19.751,18.014,0,30,6968,242786.9,84.1,17,11.8
1786434572884,4927,v1,0.0215,0.2987,0.2111,0.9665,0.2445,0.032,0.17,0.00135,0.684,1,35,97.4,0.306,1,0,19.749,19.749,0,30,5423,179234.8,86.11,16,5.38
1786434574551,4928,v1,0.0578,0.2318,0.1477,1.3906,0.7721,0.032,0.1712,0.001535,0.582,1,29,38.12,0.317,1,435,15.655,14.607,0,30,6705,180641.4,89.06,13,6.06
1786434576171,4929,v1,0.0594,0.3824,0.1323,1.8152,0.7641,0.032,0.2274,0.001934,0.598,1,23,57.82,0.98,1,0,15.463,15.463,0,30,6480,171183.2,86.71,14,7.85
1786434577899,4930,v1,0.0211,0.4908,0.1833,2.4804,0.9985,0.032,0.2105,0.002229,0.621,1,29,22.1,0.592,1,599,18.109,16.109,0,30,5739,176023.7,86.83,16,8.61
1786434579414,4931,v1,0.027,0.9047,0.4154,1.9618,0.6727,0.032,0.2402,0.003686,0.62,0,14,68.56,0.562,1,2064,13.0,9.056,0,30,6025,234155.1,58.78,14,13.78
1786434581170,4932,v1,0.0418,0.8202,0.1331,1.2624,0.5075,0.032,0.1459,0.001554,0.596,1,23,25.01,0.98,1,929,15.017,12.594,0,30,5915,186378.4,95.85,13,5.97
1786434571764,4933,v1,0.0746,0.4162,0.4813,2.0902,0.684,0.032,0.1781,0.002222,0.669,0,36,82.36,0.564,1,0,18.132,18.132,0,30,6019,171155.3,97.44,15,8.54
1786434574421,4934,v1,0.0791,0.7948,0.473,1.1714,0.2263,0.032,0.0632,0.003107,0.633,1,9,63.45,0.613,1,5467,8.0,1.615,0,30,7010,363807.6,20.15,14,11.55
1786434576090,4935,v1,0.0388,0.3969,0.1176,0.9848,0.8364,0.032,0.14,0.002531,0.653,0,26,41.57,0.99,1,0,17.037,17.037,0,30,6506,191158.0,91.79,15,9.73
1786434577587,4936,v1,0.0215,0.9085,0.3662,0.8791,0.2101,0.032,0.1636,0.002966,0.582,0,27,71.03,0.892,1,0,12.162,12.162,0,30,5910,108992.6,90.21,9,10.61
1786434578970,4937,v1,0.0629,0.887,0.357,1.1792,0.2287,0.032,0.1729,0.001414,0.632,0,19,56.78,0.994,1,0,14.549,14.549,0,30,6491,176034.9,95.07,14,4.96
1786434580910,4938,v1,0.0141,0.651,0.129,2.3043,0.4965,0.032,0.1588,0.003469,0.617,0,10,91.94,0.782,1,0,9.0,9.0,0,30,7049,212165.4,92.13,16,12.64
1786434582354,4939,v1,0.0651,0.3064,0.2619,1.3009,0.7816,0.032,0.2028,0.003626,0.659,1,17,94.44,0.771,1,0,14.919,14.919,0,30,6149,175649.8,98.05,15,13.86
1786434572439,4940,v1,0.0204,0.8135,0.404,1.7983,0.4349,0.032,0.1217,0.002766,0.61,1,26,52.17,0.503,1,607,15.877,14.281,0,30,6450,179029.4,85.76,14,10.56
1786434574287,4941,v1,0.024,0.9115,0.4067,1.0907,0.7523,0.032,0.2089,0.003552,0.63,1,14,59.41,0.532,1,3179,13.0,5.262,0,30,5579,258036.7,36.46,14,13.08
1786434575964,4942,v1,0.0658,0.3896,0.1982,1.5757,0.6469,0.032,0.0614,0.002677,0.711,0,28,89.94,0.305,1,0,17.754,17.754,0,30,6224,184921.8,89.41,16,10.33
1786434577672,4943,v1,0.0152,0.6184,0.4818,0.828,0.1104,0.032,0.1825,0.003611,0.671,0,28,56.64,0.792,1,0,17.916,17.916,0,30,6166,184892.7,83.74,15,14.11
1786434579828,4944,v1,0.0485,0.3398,0.3183,2.3264,0.1009,0.032,0.1573,0.002028,0.608,1,14,56.3,0.898,1,5572,13.0,0.0,0,30,5727,340610.9,0.0,-1,7.7
1786434582032,4945,v1,0.0536,0.8974,0.4653,1.3116,0.4274,0.032,0.1882,0.001298,0.675,1,7,48.38,0.954,1,6095,6.0,0.0,0,30,6145,362434.9,0.0,-1,5.68
1786434584074,4946,v1,0.0506,0.6488,0.1662,1.9471,0.8071,0.032,0.0548,0.002298,0.622,0,11,71.95,0.511,1,2018,10.0,7.183,0,30,5878,225235.7,55.06,15,8.69
1786434573303,4947,v1,0.0368,0.5241,0.197,2.3302,0.1852,0.032,0.1837,0.003326,0.665,0,23,47.16,0.392,1,0,17.752,17.752,0,30,6627,232818.5,83.46,17,12.8
1786434575060,4948,v1,0.038,0.2701,0.4396,2.202,0.5988,0.032,0.1464,0.001829,0.67,0,14,78.4,0.494,1,0,13.0,13.0,0,30,5681,174554.5,88.16,16,7.04
1786434577570,4949,v1,0.0285,0.9591,0.1469,2.3792,0.6328,0.032,0.1275,0.003197,0.72,1,21,39.75,0.565,1,480,10.694,9.172,0,30,6333,317751.8,55.56,19,11.23
1786434580143,4950,v1,0.0533,0.2671,0.3154,0.9177,0.172,0.032,0.2059,0.001548,0.674,1,13,28.6,0.722,1,6362,12.0,0.523,0,30,6768,378237.9,4.03,-1,5.75
1786434582698,4951,v1,0.0421,0.2828,0.2328,1.4512,0.1897,0.032,0.1654,0.001609,0.671,1,7,36.79,0.722,1,5959,6.0,0.188,0,30,6214,363433.9,2.67,-1,6.23
1786434584655,4952,v1,0.0255,0.793,0.4093,1.1037,0.3758,0.032,0.1008,0.003559,0.662,0,9,38.05,0.798,1,3606,8.0,4.175,0,30,5794,275453.7,30.73,16,12.39
1786434586459,4953,v1,0.046,0.997,0.356,2.0445,0.6481,0.032,0.2029,0.003164,0.714,0,17,54.2,0.599,1,1737,16.0,11.502,0,30,5677,249035.0,60.61,17,12.19
1786434573487,4954,v1,0.0683,0.4559,0.272,1.0024,0.9595,0.032,0.2275,0.003533,0.659,1,17,39.04,0.506,1,754,14.771,12.929,0,30,6385,187641.5,94.26,14,13.64
1786434575555,4955,v1,0.0525,0.5359,0.2939,2.3596,0.3959,0.032,0.1616,0.0034,0.645,1,22,55.23,0.624,1,802,16.203,13.983,0,30,6232,199743.2,87.73,15,12.55
1786434577985,4956,v1,0.0348,0.6564,0.4447,0.9587,0.769,0.032,0.2129,0.00269,0.656,1,14,71.63,0.449,1,4284,13.0,4.645,0,30,6926,321003.3,33.79,15,10.24
1786434579389,4957,v1,0.0785,0.4101,0.3611,1.4985,0.4112,0.032,0.2205,0.003653,0.668,1,27,77.99,0.491,1,0,16.684,16.684,0,30,6649,187769.1,99.92,15,13.57
1786434581459,4958,v1,0.0228,0.7917,0.1807,1.2304,0.7687,0.032,0.056,0.002559,0.713,1,28,75.46,0.595,1,0,20.041,20.041,0,30,6603,226895.4,96.29,19,9.6
1786434583418,4959,v1,0.0439,0.319,0.1585,1.3659,0.5602,0.032,0.1421,0.002292,0.702,0,24,89.88,0.999,1,0,17.565,17.565,0,30,7062,220041.5,85.31,16,7.87
1786434584539,4960,v1,0.0478,0.3542,0.1138,1.1874,0.4458,0.032,0.1035,0.002139,0.615,1,18,53.02,0.78,1,0,14.767,14.767,0,30,5380,150535.9,89.56,14,7.45
1786434575508,4961,v1,0.0144,0.4584,0.1993,2.2802,0.3315,0.032,0.1651,0.003497,0.706,1,5,91.89,0.733,1,5630,4.0,0.459,0,30,6433,357371.9,0.0,-1,12.76
1786434577267,4962,v1,0.0599,0.6956,0.13,1.8891,0.3587,0.032,0.2033,0.001377,0.69,1,26,83.63,0.834,1,0,17.461,17.461,0,30,6561,197845.4,89.94,16,5.75
1786434579397,4963,v1,0.0223,0.9101,0.4387,1.9466,0.4106,0.032,0.1874,0.003744,0.595,1,11,65.23,0.688,1,5918,10.0,0.242,0,30,6323,357842.2,2.31,-1,14.77
1786434581606,4964,v1,0.0453,0.5057,0.166,1.594,0.62,0.032,0.1007,0.003378,0.696,1,10,47.33,0.551,1,4336,9.0,2.551,0,30,6252,335267.4,23.83,17,12.59
1786434583358,4965,v1,0.0554,0.5093,0.3924,1.828,0.1495,0.032,0.1156,0.003373,0.658,0,17,64.48,0.896,1,0,15.106,15.106,0,30,6251,182709.1,89.37,15,12.16
1786434584825,4966,v1,0.0203,0.4291,0.1187,2.4126,0.3165,0.032,0.1636,0.001241,0.611,1,18,35.04,0.616,1,782,16.175,14.174,0,30,6356,218572.2,85.37,16,5.08
1786434586462,4967,v1,0.0219,0.6417,0.4535,0.8261,0.6375,0.032,0.2095,0.001742,0.669,0,5,76.39,0.993,1,0,4.0,4.0,0,30,5951,177402.3,92.74,15,6.3
1786434581815,4968,v1,0.0489,0.6596,0.2739,1.3718,0.2886,0.032,0.0538,0.002124,0.665,1,19,78.02,0.98,1,0,15.637,15.637,0,30,6331,182635.9,86.52,15,8.25
1786434584334,4969,v1,0.02,0.2012,0.416,1.7126,0.7183,0.032,0.2134,0.001928,0.703,1,7,21.91,0.668,1,4908,6.0,1.147,0,30,6133,340514.7,16.99,-1,7.29
1786434585745,4970,v1,0.054,0.4222,0.3045,1.3112,0.3025,0.032,0.1856,0.002581,0.587,1,26,45.3,0.848,1,993,14.192,11.818,0,30,6254,153071.0,88.08,12,9.34
1786434587881,4971,v1,0.0541,0.7252,0.4256,1.1571,0.8107,0.032,0.1361,0.001941,0.624,0,14,22.65,0.85,1,3998,13.0,6.957,0,30,7474,323954.6,42.82,14,7.61
1786434589277,4972,v1,0.07,0.3201,0.4336,2.1382,0.503,0.032,0.0649,0.002536,0.584,0,31,64.81,0.523,1,0,15.373,15.373,0,30,6159,147577.0,85.59,12,9.24
1786434590560,4973,v1,0.0188,0.3857,0.2602,2.0152,0.4124,0.032,0.0791,0.002257,0.675,0,33,84.19,0.587,1,0,20.251,20.251,0,30,5975,201728.4,84.05,18,8.99
1786434592063,4974,v1,0.0415,0.9135,0.1494,0.9246,0.8267,0.032,0.1238,0.001771,0.622,1,10,85.48,0.566,1,3940,9.0,3.031,0,30,6023,290043.9,30.07,15,6.94
1786434583514,4975,v1,0.0294,0.2345,0.144,1.0981,0.5265,0.032,0.2416,0.003028,0.64,1,33,67.52,0.317,1,0,18.068,18.068,0,30,6175,175560.6,89.14,15,11.51
1786434585889,4976,v1,0.0126,0.5325,0.1446,1.0333,0.1089,0.032,0.2013,0.00205,0.713,0,15,75.62,0.833,1,3685,14.0,7.125,0,30,6604,386316.6,4.06,-1,7.77
1786434587214,4977,v1,0.0343,0.9802,0.3056,2.022,0.3495,0.032,0.1495,0.002129,0.675,0,22,89.11,0.853,1,0,17.363,17.363,0,30,6128,184874.9,85.83,16,8.06
1786434588431,4978,v1,0.0248,0.8438,0.2923,2.2318,0.877,0.032,0.131,0.002387,0.673,0,36,60.23,0.44,1,0,20.729,20.729,0,30,5762,188799.1,85.65,18,8.3
1786434590381,4979,v1,0.0283,0.7131,0.3515,1.5957,0.4721,0.032,0.0603,0.003271,0.604,1,13,70.18,0.679,1,4416,12.0,2.762,0,30,5939,299171.5,20.05,26,12.07
1786434591220,4980,v1,0.0449,0.2644,0.4496,2.2932,0.6798,0.032,0.1085,0.002422,0.639,1,32,89.72,0.863,1,0,17.451,17.451,0,30,5492,153952.0,92.35,15,9.12
1786434592578,4981,v1,0.0174,0.2284,0.2765,2.2461,0.5092,0.032,0.1962,0.002304,0.637,0,4,70.29,0.611,1,2036,3.0,2.651,0,30,5891,244219.2,55.08,17,9.52
1786434584533,4982,v1,0.0594,0.251,0.1699,1.6815,0.3009,0.032,0.2263,0.002757,0.651,0,7,39.06,0.7,1,3195,6.0,3.969,0,30,6394,294410.8,43.51,15,10.7
1786434586161,4983,v1,0.0566,0.7556,0.4437,1.7643,0.8577,0.032,0.199,0.003209,0.678,1,27,49.05,0.472,1,541,16.883,15.38,0,30,6542,199923.3,84.8,15,12.11
1786434587403,4984,v1,0.023,0.9071,0.4698,2.267,0.6535,0.032,0.1842,0.003574,0.606,1,16,86.37,0.949,1,0,14.517,14.517,0,30,6711,174323.2,90.09,14,13.23
1786434588924,4985,v1,0.0279,0.7852,0.2741,1.1176,0.8348,0.032,0.1157,0.002484,0.663,1,35,59.91,0.646,1,844,18.846,16.259,0,30,6676,208070.0,84.55,15,9.68
1786434590684,4986,v1,0.0169,0.3374,0.384,2.233,0.7076,0.032,0.1963,0.001456,0.707,0,25,66.51,0.786,1,0,3.333,3.333,0,30,5733,333555.0,16.95,-1,6.17
1786434591587,4987,v1,0.0217,0.4429,0.4211,1.4321,0.5412,0.032,0.1025,0.002737,0.626,0,26,30.22,0.326,1,0,16.305,16.305,0,30,5429,146148.4,95.14,14,10.41
1786434592639,4988,v1,0.0578,0.3101,0.4779,2.0018,0.4171,0.032,0.1061,0.003183,0.72,1,30,97.66,0.329,1,0,18.451,18.451,0,30,5953,181408.3,88.66,16,12.35
1786434584723,4989,v1,0.0375,0.7801,0.1111,2.3595,0.9473,0.032,0.168,0.003309,0.656,0,14,24.54,0.841,1,2314,13.0,8.301,0,30,5621,218995.5,52.47,16,11.8
1786434586548,4990,v1,0.0234,0.6945,0.4841,1.503,0.9225,0.032,0.1337,0.001891,0.648,1,25,88.42,0.907,1,0,16.5,16.5,0,30,7384,202345.1,88.05,15,6.95
1786434587873,4991,v1,0.0342,0.4523,0.3832,0.8656,0.8209,0.032,0.1353,0.002875,0.706,1,33,75.18,0.502,1,0,19.099,19.099,0,30,6660,206973.9,85.99,16,10.6
1786434589511,4992,v1,0.0517,0.9886,0.4567,1.3283,0.1346,0.032,0.1729,0.002276,0.709,0,30,50.0,0.761,1,0,18.965,18.965,0,30,6434,231365.5,86.52,16,8.63
1786434590724,4993,v1,0.0474,0.8683,0.3857,1.3778,0.1778,0.032,0.0527,0.003613,0.682,0,26,76.49,0.643,1,0,17.231,17.231,0,30,6267,190777.5,96.07,16,13.21
1786434592511,4994,v1,0.0772,0.3418,0.4459,0.8102,0.7547,0.032,0.1206,0.001859,0.704,1,7,91.06,0.738,1,5995,6.0,0.435,0,30,6532,384361.9,6.81,-1,7.16
1786434593111,4995,v1,0.077,0.4494,0.3979,2.4103,0.376,0.032,0.0926,0.001365,0.631,0,18,89.58,0.626,1,0,14.915,14.915,0,30,5513,148928.7,93.66,14,5.55
1786434586913,4996,v1,0.0607,0.222,0.274,1.5866,0.4953,0.032,0.0997,0.00293,0.65,1,11,85.07,0.69,1,5939,10.0,0.146,0,30,6208,371332.9,1.38,-1,11.16
1786434588023,4997,v1,0.0445,0.8999,0.4225,1.0109,0.5752,0.032,0.2414,0.002698,0.678,1,20,90.51,0.385,1,0,15.781,15.781,0,30,5907,167170.1,87.25,15,9.8
1786434589547,4998,v1,0.0671,0.7624,0.1757,1.5142,0.5799,0.032,0.0582,0.001902,0.673,0,28,44.12,0.57,1,0,17.326,17.326,0,30,6300,183673.6,91.32,15,7.44
1786434590708,4999,v1,0.0196,0.2428,0.4259,1.0729,0.5169,0.032,0.1784,0.003381,0.602,0,19,36.88,0.941,1,0,12.55,12.55,0,30,6541,142813.0,90.47,11,12.61
