row_index,w1,w2,w3,w4,w5_social,despair_rate,rebel_threshold,peak_mutiny_mean,peak_mutiny_std,collapse_quarter_mean,collapse_quarter_std
0,0.01041015625,0.5984375,0.37109375,1.3013671875,0.8013671875,0.0061152343750000004,0.6311328125,20.0,40.0,1.8,5.6
1,0.03501953125,0.5984375,0.37109375,1.3013671875,0.8013671875,0.0061152343750000004,0.6311328125,73.674,22.626968511048933,16.6,1.8547236990991407
2,0.01041015625,0.4296875,0.37109375,1.3013671875,0.8013671875,0.0061152343750000004,0.6311328125,20.0,40.0,1.8,5.6
3,0.01041015625,0.5984375,0.26328125,1.3013671875,0.8013671875,0.0061152343750000004,0.6311328125,20.0,40.0,1.8,5.6
4,0.01041015625,0.5984375,0.37109375,1.5736328125,0.8013671875,0.0061152343750000004,0.6311328125,20.0,40.0,1.8,5.6
5,0.01041015625,0.5984375,0.37109375,1.3013671875,0.9982421875,0.0061152343750000004,0.6311328125,20.0,40.0,1.8,5.6
6,0.01041015625,0.5984375,0.37109375,1.3013671875,0.8013671875,0.009853515625,0.6311328125,20.0,40.0,1.8,5.6
7,0.01041015625,0.5984375,0.37109375,1.3013671875,0.8013671875,0.0061152343750000004,0.6251171875,20.0,40.0,1.8,5.6
8,0.03501953125,0.4296875,0.26328125,1.5736328125,0.9982421875,0.009853515625,0.6251171875,78.16999999999999,18.943148629517744,16.6,1.8547236990991407
9,0.04541015625000001,0.9984375000000001,0.17109375,2.1513671875,0.35136718750000007,0.020615234375,0.7011328124999999,76.534,23.244117191237873,17.0,2.0976176963403033
10,0.07001953125,0.9984375000000001,0.17109375,2.1513671875,0.35136718750000007,0.020615234375,0.7011328124999999,86.35,11.102936548499228,15.8,1.4696938456699067
11,0.04541015625000001,0.8296875000000001,0.17109375,2.1513671875,0.35136718750000007,0.020615234375,0.7011328124999999,76.534,23.244117191237873,17.0,2.0976176963403033
12,0.04541015625000001,0.9984375000000001,0.46328125,2.1513671875,0.35136718750000007,0.020615234375,0.7011328124999999,75.134,20.339846213774578,16.6,1.8547236990991407
13,0.04541015625000001,0.9984375000000001,0.17109375,2.4236328125,0.35136718750000007,0.020615234375,0.7011328124999999,75.378,22.17704524953674,17.2,2.1354156504062622
14,0.04541015625000001,0.9984375000000001,0.17109375,2.1513671875,0.5482421875,0.020615234375,0.7011328124999999,76.534,23.244117191237873,17.0,2.0976176963403033
15,0.04541015625000001,0.9984375000000001,0.17109375,2.1513671875,0.35136718750000007,0.024353515625,0.7011328124999999,73.72,22.470460609431218,16.6,1.8547236990991407
16,0.04541015625000001,0.9984375000000001,0.17109375,2.1513671875,0.35136718750000007,0.020615234375,0.6951171875,75.15599999999999,23.270737504428176,16.6,1.8547236990991407
17,0.07001953125,0.8296875000000001,0.46328125,2.4236328125,0.5482421875,0.024353515625,0.6951171875,84.902,11.506226835935403,15.4,1.2
18,0.06291015625,0.3984375,0.47109375,0.8763671875000001,0.1263671875,0.027865234375,0.5961328124999999,85.436,10.85295277793099,9.2,2.6381811916545836
19,0.05251953125000001,0.3984375,0.47109375,0.8763671875000001,0.1263671875,0.027865234375,0.5961328124999999,85.42,10.850472800758498,9.2,2.6381811916545836
20,0.06291015625,0.6296875,0.47109375,0.8763671875000001,0.1263671875,0.027865234375,0.5961328124999999,85.436,10.85295277793099,9.0,3.03315017762062
21,0.06291015625,0.3984375,0.36328125,0.8763671875000001,0.1263671875,0.027865234375,0.5961328124999999,84.484,11.740246334723984,10.2,3.1874754901018454
22,0.06291015625,0.3984375,0.47109375,1.9986328125,0.1263671875,0.027865234375,0.5961328124999999,93.86600000000001,9.42722780036634,12.2,3.6
23,0.06291015625,0.3984375,0.47109375,0.8763671875000001,0.3232421875,0.027865234375,0.5961328124999999,86.50399999999999,10.620726152198822,9.2,2.6381811916545836
24,0.06291015625,0.3984375,0.47109375,0.8763671875000001,0.1263671875,0.017103515625,0.5961328124999999,87.01,10.222269806652532,12.0,4.0
25,0.06291015625,0.3984375,0.47109375,0.8763671875000001,0.1263671875,0.027865234375,0.5901171875,84.346,10.94748482529206,8.4,2.8000000000000003
26,0.05251953125000001,0.6296875,0.36328125,1.9986328125,0.3232421875,0.017103515625,0.5901171875,94.438,9.63822265773104,13.4,3.2000000000000006
27,0.027910156250000005,0.7984375000000001,0.27109375,1.7263671875000002,0.5763671875,0.013365234375,0.6661328125,41.922,32.24909759977788,9.8,9.086253353280437
28,0.01751953125,0.7984375000000001,0.27109375,1.7263671875000002,0.5763671875,0.013365234375,0.6661328125,20.0,40.0,1.8,5.6
29,0.027910156250000005,0.22968750000000002,0.27109375,1.7263671875000002,0.5763671875,0.013365234375,0.6661328125,41.922,32.24909759977788,10.0,9.16515138991168
30,0.027910156250000005,0.7984375000000001,0.16328125,1.7263671875000002,0.5763671875,0.013365234375,0.6661328125,38.653999999999996,35.10223616808479,9.8,9.086253353280437
31,0.027910156250000005,0.7984375000000001,0.27109375,1.1486328125,0.5763671875,0.013365234375,0.6661328125,57.41600000000001,24.659103471132116,17.4,2.244994432064365
32,0.027910156250000005,0.7984375000000001,0.27109375,1.7263671875000002,0.7732421875,0.013365234375,0.6661328125,41.922,32.24909759977788,9.8,9.086253353280437
33,0.027910156250000005,0.7984375000000001,0.27109375,1.7263671875000002,0.5763671875,0.031603515625,0.6661328125,87.168,10.541201829013614,15.4,1.2
34,0.027910156250000005,0.7984375000000001,0.27109375,1.7263671875000002,0.5763671875,0.013365234375,0.6601171874999999,46.412,29.10449546032365,13.6,7.631513611335566
35,0.01751953125,0.22968750000000002,0.16328125,1.1486328125,0.7732421875,0.031603515625,0.6601171874999999,82.296,12.452147766550157,15.8,1.4696938456699067
36,0.036660156250000006,0.2984375,0.12109375,1.9388671875,0.6888671875,0.009740234375,0.6136328125,75.458,20.120772748580013,16.6,1.8547236990991407
37,0.06126953125000001,0.2984375,0.12109375,1.9388671875,0.6888671875,0.009740234375,0.6136328125,85.20400000000001,11.319352631665824,15.4,1.2
38,0.036660156250000006,0.7296875,0.12109375,1.9388671875,0.6888671875,0.009740234375,0.6136328125,75.458,20.120772748580013,16.6,1.8547236990991407
39,0.036660156250000006,0.2984375,0.41328125000000004,1.9388671875,0.6888671875,0.009740234375,0.6136328125,84.10400000000001,11.172986351016457,15.8,1.4696938456699067
40,0.036660156250000006,0.2984375,0.12109375,1.7861328125,0.6888671875,0.009740234375,0.6136328125,78.35400000000001,18.80029531682947,16.6,1.8547236990991407
41,0.036660156250000006,0.2984375,0.12109375,1.9388671875,0.6607421875,0.009740234375,0.6136328125,75.458,20.120772748580013,16.6,1.8547236990991407
42,0.036660156250000006,0.2984375,0.12109375,1.9388671875,0.6888671875,0.013478515625,0.6136328125,81.40799999999999,13.672298124309608,16.2,1.5999999999999999
43,0.036660156250000006,0.2984375,0.12109375,1.9388671875,0.6888671875,0.009740234375,0.7126171875,20.0,40.0,2.2,6.400000000000001
44,0.06126953125000001,0.7296875,0.41328125000000004,1.7861328125,0.6607421875,0.013478515625,0.7126171875,78.656,19.054679845119413,16.6,1.8547236990991407
45,0.07166015625000001,0.6984375,0.32109375,1.0888671875,0.23886718750000002,0.024240234375,0.6836328125,90.514,10.10410332488737,15.0,1.0954451150103321
46,0.02626953125,0.6984375,0.32109375,1.0888671875,0.23886718750000002,0.024240234375,0.6836328125,74.276,23.05980537645537,16.6,1.8547236990991407
47,0.07166015625000001,0.3296875,0.32109375,1.0888671875,0.23886718750000002,0.024240234375,0.6836328125,90.514,10.10410332488737,15.0,1.0954451150103321
48,0.07166015625000001,0.6984375,0.21328125,1.0888671875,0.23886718750000002,0.024240234375,0.6836328125,92.126,9.614390464298813,15.0,1.0954451150103321
49,0.07166015625000001,0.6984375,0.32109375,0.9361328125,0.23886718750000002,0.024240234375,0.6836328125,89.83000000000001,9.971473311401878,14.8,0.9797958971132712
50,0.07166015625000001,0.6984375,0.32109375,1.0888671875,0.2107421875,0.024240234375,0.6836328125,90.514,10.10410332488737,15.0,1.0954451150103321
51,0.07166015625000001,0.6984375,0.32109375,1.0888671875,0.23886718750000002,0.027978515625000002,0.6836328125,86.67,10.952555866098107,14.6,0.7999999999999999
52,0.07166015625000001,0.6984375,0.32109375,1.0888671875,0.23886718750000002,0.024240234375,0.6426171875,94.02000000000001,9.470678961932984,13.4,3.2000000000000006
53,0.02626953125,0.3296875,0.21328125,0.9361328125,0.2107421875,0.027978515625000002,0.6426171875,86.78799999999998,11.217738453003793,15.0,1.0954451150103321
54,0.05416015625000001,0.49843750000000003,0.22109375,2.3638671875,0.4638671875,0.031490234375,0.6486328124999999,88.93199999999999,10.036089676761563,14.6,0.7999999999999999
55,0.04376953125000001,0.49843750000000003,0.22109375,2.3638671875,0.4638671875,0.031490234375,0.6486328124999999,88.574,10.576045763894932,15.0,1.0954451150103321
56,0.05416015625000001,0.5296875000000001,0.22109375,2.3638671875,0.4638671875,0.031490234375,0.6486328124999999,88.93199999999999,10.036089676761563,14.6,0.7999999999999999
57,0.05416015625000001,0.49843750000000003,0.11328125,2.3638671875,0.4638671875,0.031490234375,0.6486328124999999,91.08200000000001,9.72550954963286,15.0,1.0954451150103321
58,0.05416015625000001,0.49843750000000003,0.22109375,1.3611328125000002,0.4638671875,0.031490234375,0.6486328124999999,89.61800000000001,10.27979260491183,14.0,2.0
59,0.05416015625000001,0.49843750000000003,0.22109375,2.3638671875,0.43574218750000004,0.031490234375,0.6486328124999999,88.93199999999999,10.036089676761563,14.6,0.7999999999999999
60,0.05416015625000001,0.49843750000000003,0.22109375,2.3638671875,0.4638671875,0.006228515625,0.6486328124999999,74.32600000000001,21.510900120636514,16.6,1.8547236990991407
61,0.05416015625000001,0.49843750000000003,0.22109375,2.3638671875,0.4638671875,0.031490234375,0.6776171875,84.58399999999999,11.541896897824033,15.4,1.2
62,0.04376953125000001,0.5296875000000001,0.11328125,1.3611328125000002,0.43574218750000004,0.006228515625,0.6776171875,55.564,25.230577163434056,17.4,2.244994432064365
63,0.01916015625,0.8984375,0.42109375000000004,1.5138671875,0.9138671875,0.016990234375,0.7186328125,20.0,40.0,1.8,5.6
64,0.07876953125,0.8984375,0.42109375000000004,1.5138671875,0.9138671875,0.016990234375,0.7186328125,90.232,9.882512635964599,15.8,1.4696938456699067
65,0.01916015625,0.9296875,0.42109375000000004,1.5138671875,0.9138671875,0.016990234375,0.7186328125,20.0,40.0,1.8,5.6
66,0.01916015625,0.8984375,0.31328125,1.5138671875,0.9138671875,0.016990234375,0.7186328125,20.0,40.0,1.8,5.6
67,0.01916015625,0.8984375,0.42109375000000004,2.2111328125,0.9138671875,0.016990234375,0.7186328125,20.0,40.0,1.8,5.6
68,0.01916015625,0.8984375,0.42109375000000004,1.5138671875,0.8857421875,0.016990234375,0.7186328125,20.0,40.0,1.8,5.6
69,0.01916015625,0.8984375,0.42109375000000004,1.5138671875,0.9138671875,0.020728515625,0.7186328125,20.0,40.0,1.8,5.6
70,0.01916015625,0.8984375,0.42109375000000004,1.5138671875,0.9138671875,0.016990234375,0.6076171874999999,87.6,10.178838833580187,15.6,1.3564659966250536
71,0.07876953125,0.9296875,0.31328125,2.2111328125,0.8857421875,0.020728515625,0.6076171874999999,94.30799999999999,9.580161585276105,13.0,4.0
72,0.02353515625,0.3484375,0.24609375,1.1951171875,0.4076171875,0.011552734375000002,0.6048828125,80.854,16.769369218906238,16.2,1.5999999999999999
73,0.056894531250000005,0.3484375,0.24609375,1.1951171875,0.4076171875,0.011552734375000002,0.6048828125,88.674,10.316450164664198,13.8,2.4
74,0.02353515625,0.7796875000000001,0.24609375,1.1951171875,0.4076171875,0.011552734375000002,0.6048828125,80.854,16.769369218906238,16.2,1.5999999999999999
75,0.02353515625,0.3484375,0.18828125,1.1951171875,0.4076171875,0.011552734375000002,0.6048828125,76.52199999999999,18.795782931285412,16.6,1.8547236990991407
76,0.02353515625,0.3484375,0.24609375,2.1048828125,0.4076171875,0.011552734375000002,0.6048828125,75.03,22.054711968194006,17.2,2.1354156504062622
77,0.02353515625,0.3484375,0.24609375,1.1951171875,0.9419921875,0.011552734375000002,0.6048828125,80.854,16.769369218906238,16.2,1.5999999999999999
78,0.02353515625,0.3484375,0.24609375,1.1951171875,0.4076171875,0.026166015625,0.6048828125,90.76200000000001,9.644499779667168,14.0,1.0954451150103321
79,0.02353515625,0.3484375,0.24609375,1.1951171875,0.4076171875,0.011552734375000002,0.6688671875,27.403999999999996,37.2337355633302,2.0,6.0
80,0.056894531250000005,0.7796875000000001,0.18828125,2.1048828125,0.9419921875,0.026166015625,0.6688671875,84.902,11.242939829066062,15.4,1.2
81,0.058535156250000005,0.7484375000000001,0.44609375000000007,2.0451171875,0.8576171875,0.026052734375,0.6748828124999999,89.826,9.743323047092302,15.0,1.0954451150103321
82,0.02189453125,0.7484375000000001,0.44609375000000007,2.0451171875,0.8576171875,0.026052734375,0.6748828124999999,76.28399999999999,23.174636653030827,16.8,2.0396078054371136
83,0.058535156250000005,0.3796875,0.44609375000000007,2.0451171875,0.8576171875,0.026052734375,0.6748828124999999,89.826,9.743323047092302,15.0,1.0954451150103321
84,0.058535156250000005,0.7484375000000001,0.38828125,2.0451171875,0.8576171875,0.026052734375,0.6748828124999999,86.272,10.69345482059002,15.2,1.1661903789690602
85,0.058535156250000005,0.7484375000000001,0.44609375000000007,1.2548828125,0.8576171875,0.026052734375,0.6748828124999999,89.17800000000001,10.026483730600674,14.2,1.5999999999999999
86,0.058535156250000005,0.7484375000000001,0.44609375000000007,2.0451171875,0.49199218750000007,0.026052734375,0.6748828124999999,89.826,9.743323047092302,15.0,1.0954451150103321
87,0.058535156250000005,0.7484375000000001,0.44609375000000007,2.0451171875,0.8576171875,0.011666015625000001,0.6748828124999999,82.174,12.108958006368674,16.2,1.5999999999999999
88,0.058535156250000005,0.7484375000000001,0.44609375000000007,2.0451171875,0.8576171875,0.026052734375,0.5988671875,83.976,11.693147737029582,12.2,3.6
89,0.02189453125,0.3796875,0.38828125,1.2548828125,0.49199218750000007,0.011666015625000001,0.5988671875,85.84400000000001,11.011130005589797,15.8,1.4696938456699067
90,0.07603515625,0.5484375,0.14609375000000002,1.6201171875,0.6326171875,0.018802734375,0.6398828125,89.474,9.823876220718581,14.0,2.0
91,0.03939453125,0.5484375,0.14609375000000002,1.6201171875,0.6326171875,0.018802734375,0.6398828125,86.05199999999999,11.368414841128907,15.8,1.4696938456699067
92,0.07603515625,0.5796875,0.14609375000000002,1.6201171875,0.6326171875,0.018802734375,0.6398828125,89.474,9.823876220718581,13.8,2.4
93,0.07603515625,0.5484375,0.48828125,1.6201171875,0.6326171875,0.018802734375,0.6398828125,91.41199999999999,9.81195882584105,13.4,3.2000000000000006
94,0.07603515625,0.5484375,0.14609375000000002,0.8298828125000001,0.6326171875,0.018802734375,0.6398828125,83.99000000000001,10.925143477318727,13.4,3.2000000000000006
95,0.07603515625,0.5484375,0.14609375000000002,1.6201171875,0.2669921875,0.018802734375,0.6398828125,89.474,9.823876220718581,14.6,0.7999999999999999
96,0.07603515625,0.5484375,0.14609375000000002,1.6201171875,0.6326171875,0.018916015625,0.6398828125,89.448,9.936372376274957,13.8,2.4
97,0.07603515625,0.5484375,0.14609375000000002,1.6201171875,0.6326171875,0.018802734375,0.7038671875,90.79400000000001,9.990122321573443,15.8,1.4696938456699067
98,0.03939453125,0.5796875,0.48828125,0.8298828125000001,0.2669921875,0.018916015625,0.7038671875,78.258,18.045526204574916,16.2,1.5999999999999999
99,0.04103515625,0.9484375,0.34609375,2.4701171875,0.1826171875,0.004302734375000001,0.7098828125,20.0,40.0,1.8,5.6
100,0.07439453125,0.9484375,0.34609375,2.4701171875,0.1826171875,0.004302734375000001,0.7098828125,73.648,23.55322432279708,16.6,1.8547236990991407
101,0.04103515625,0.9796875,0.34609375,2.4701171875,0.1826171875,0.004302734375000001,0.7098828125,20.0,40.0,1.8,5.6
102,0.04103515625,0.9484375,0.28828125000000004,2.4701171875,0.1826171875,0.004302734375000001,0.7098828125,20.0,40.0,1.8,5.6
103,0.04103515625,0.9484375,0.34609375,1.6798828125,0.1826171875,0.004302734375000001,0.7098828125,25.951999999999998,37.619386172557356,1.8,5.6
104,0.04103515625,0.9484375,0.34609375,2.4701171875,0.7169921875,0.004302734375000001,0.7098828125,20.0,40.0,1.8,5.6
105,0.04103515625,0.9484375,0.34609375,2.4701171875,0.1826171875,0.004416015625,0.7098828125,20.006,39.99700168762654,1.8,5.6
106,0.04103515625,0.9484375,0.34609375,2.4701171875,0.1826171875,0.004302734375000001,0.6338671874999999,73.932,21.398847071746648,17.4,2.244994432064365
107,0.07439453125,0.9796875,0.28828125000000004,1.6798828125,0.7169921875,0.004416015625,0.6338671874999999,84.82000000000001,11.654925139184723,15.4,1.2
108,0.03228515625,0.44843750000000004,0.49609375,2.2576171875,0.29511718750000004,0.015177734375000002,0.6223828124999999,84.99600000000001,11.125461967936433,15.8,1.4696938456699067
109,0.030644531250000002,0.44843750000000004,0.49609375,2.2576171875,0.29511718750000004,0.015177734375000002,0.6223828124999999,82.45,12.006290018152985,15.8,1.4696938456699067
110,0.03228515625,0.47968750000000004,0.49609375,2.2576171875,0.29511718750000004,0.015177734375000002,0.6223828124999999,84.99600000000001,11.125461967936433,15.8,1.4696938456699067
111,0.03228515625,0.44843750000000004,0.33828125,2.2576171875,0.29511718750000004,0.015177734375000002,0.6223828124999999,80.83,15.850066245918343,16.2,1.5999999999999999
112,0.03228515625,0.44843750000000004,0.49609375,1.0423828125,0.29511718750000004,0.015177734375000002,0.6223828124999999,90.674,9.47251941143432,15.0,1.0954451150103321
113,0.03228515625,0.44843750000000004,0.49609375,2.2576171875,0.6044921875,0.015177734375000002,0.6223828124999999,85.01200000000001,11.124492617643288,15.8,1.4696938456699067
114,0.03228515625,0.44843750000000004,0.49609375,2.2576171875,0.29511718750000004,0.022541015625,0.6223828124999999,87.468,10.45860105367826,15.0,1.0954451150103321
115,0.03228515625,0.44843750000000004,0.49609375,2.2576171875,0.29511718750000004,0.015177734375000002,0.5813671874999999,87.882,10.73789625578493,14.6,0.7999999999999999
116,0.030644531250000002,0.47968750000000004,0.33828125,1.0423828125,0.6044921875,0.022541015625,0.5813671874999999,91.03999999999999,9.859324520472994,12.0,3.03315017762062
117,0.06728515625,0.8484375,0.29609375000000004,1.4076171875,0.7451171875,0.029677734375,0.6923828125,91.04799999999999,9.815191083213817,15.0,1.0954451150103321
118,0.06564453125,0.8484375,0.29609375000000004,1.4076171875,0.7451171875,0.029677734375,0.6923828125,91.688,9.806718921229463,15.0,1.0954451150103321
119,0.06728515625,0.8796875,0.29609375000000004,1.4076171875,0.7451171875,0.029677734375,0.6923828125,91.04799999999999,9.815191083213817,15.0,1.0954451150103321
120,0.06728515625,0.8484375,0.13828125000000002,1.4076171875,0.7451171875,0.029677734375,0.6923828125,90.83000000000001,10.414330511367497,14.8,1.9390719429665315
121,0.06728515625,0.8484375,0.29609375000000004,1.8923828125,0.7451171875,0.029677734375,0.6923828125,91.136,10.175005847664165,14.8,1.9390719429665315
122,0.06728515625,0.8484375,0.29609375000000004,1.4076171875,0.15449218750000002,0.029677734375,0.6923828125,92.04,10.170284165154877,15.2,1.1661903789690602
123,0.06728515625,0.8484375,0.29609375000000004,1.4076171875,0.7451171875,0.008041015625,0.6923828125,81.862,14.152659679367693,16.2,1.5999999999999999
124,0.06728515625,0.8484375,0.29609375000000004,1.4076171875,0.7451171875,0.029677734375,0.6513671875,94.40599999999999,9.67027114407864,13.2,3.6
125,0.06564453125,0.8796875,0.13828125000000002,1.8923828125,0.15449218750000002,0.008041015625,0.6513671875,86.68,11.059390579955119,16.0,1.5491933384829668
126,0.049785156250000004,0.2484375,0.39609375,1.8326171875,0.9701171875,0.022427734375,0.5873828124999999,86.054,11.30848460227983,12.2,3.6
127,0.048144531250000004,0.2484375,0.39609375,1.8326171875,0.9701171875,0.022427734375,0.5873828124999999,86.65599999999999,11.223000668270496,12.4,3.2000000000000006
128,0.049785156250000004,0.6796875,0.39609375,1.8326171875,0.9701171875,0.022427734375,0.5873828124999999,86.054,11.30848460227983,12.2,3.6
129,0.049785156250000004,0.2484375,0.23828125,1.8326171875,0.9701171875,0.022427734375,0.5873828124999999,92.70599999999999,10.07240706087676,13.0,3.521363372331802
130,0.049785156250000004,0.2484375,0.39609375,2.3173828125,0.9701171875,0.022427734375,0.5873828124999999,92.674,10.03111678727748,13.0,3.521363372331802
131,0.049785156250000004,0.2484375,0.39609375,1.8326171875,0.3794921875,0.022427734375,0.5873828124999999,86.054,11.30848460227983,12.2,3.6
132,0.049785156250000004,0.2484375,0.39609375,1.8326171875,0.9701171875,0.029791015625,0.5873828124999999,87.706,11.585476425248986,11.2,3.1240998703626617
133,0.049785156250000004,0.2484375,0.39609375,1.8326171875,0.9701171875,0.022427734375,0.6163671875,89.59200000000001,10.264541684848867,13.4,3.2000000000000006
134,0.048144531250000004,0.6796875,0.23828125,2.3173828125,0.3794921875,0.029791015625,0.6163671875,89.924,10.522795446078005,13.6,2.8000000000000003
135,0.01478515625,0.6484375,0.19609375,0.9826171875,0.5201171875,0.007927734375,0.6573828125,20.0,40.0,1.8,5.6
136,0.01314453125,0.6484375,0.19609375,0.9826171875,0.5201171875,0.007927734375,0.6573828125,20.0,40.0,1.8,5.6
137,0.01478515625,0.27968750000000003,0.19609375,0.9826171875,0.5201171875,0.007927734375,0.6573828125,20.0,40.0,2.2,6.400000000000001
138,0.01478515625,0.6484375,0.43828125000000007,0.9826171875,0.5201171875,0.007927734375,0.6573828125,20.0,40.0,1.8,5.6
139,0.01478515625,0.6484375,0.19609375,1.4673828125,0.5201171875,0.007927734375,0.6573828125,20.0,40.0,1.8,5.6
140,0.01478515625,0.6484375,0.19609375,0.9826171875,0.8294921875,0.007927734375,0.6573828125,20.0,40.0,1.8,5.6
141,0.01478515625,0.6484375,0.19609375,0.9826171875,0.5201171875,0.015291015625000001,0.6573828125,21.192,39.47155249036956,1.8,5.6
142,0.01478515625,0.6484375,0.19609375,0.9826171875,0.5201171875,0.007927734375,0.6863671874999999,20.0,40.0,1.8,5.6
143,0.01314453125,0.27968750000000003,0.43828125000000007,1.4673828125,0.8294921875,0.015291015625000001,0.6863671874999999,20.0,40.0,2.2,6.400000000000001
144,0.016972656250000002,0.2234375,0.43359375,2.3107421875,0.6044921875,0.028771484375,0.6967578125,33.690000000000005,35.877416294934065,6.0,8.717797887081348
145,0.04595703125,0.2234375,0.43359375,2.3107421875,0.6044921875,0.028771484375,0.6967578125,85.824,11.214894738694607,16.0,1.5491933384829668
146,0.016972656250000002,0.35468750000000004,0.43359375,2.3107421875,0.6044921875,0.028771484375,0.6967578125,33.690000000000005,35.877416294934065,6.0,8.717797887081348
147,0.016972656250000002,0.2234375,0.20078125000000002,2.3107421875,0.6044921875,0.028771484375,0.6967578125,24.118000000000002,38.7699844725272,6.2,8.908422980528035
148,0.016972656250000002,0.2234375,0.43359375,1.5205078125,0.6044921875,0.028771484375,0.6967578125,58.664,24.087768348271698,17.8,1.9390719429665315
149,0.016972656250000002,0.2234375,0.43359375,2.3107421875,0.6326171875,0.028771484375,0.6967578125,33.690000000000005,35.877416294934065,6.0,8.717797887081348
150,0.016972656250000002,0.2234375,0.43359375,2.3107421875,0.6044921875,0.019822265625000002,0.6967578125,20.0,40.0,2.2,6.400000000000001
151,0.016972656250000002,0.2234375,0.43359375,2.3107421875,0.6044921875,0.028771484375,0.7169921874999999,22.844,38.96913322105073,2.2,6.400000000000001
152,0.04595703125,0.35468750000000004,0.20078125000000002,1.5205078125,0.6326171875,0.019822265625000002,0.7169921874999999,76.854,23.576739893377965,17.2,2.1354156504062622
153,0.051972656250000006,0.6234375000000001,0.23359375000000002,1.4607421875000002,0.15449218750000002,0.014271484375,0.6267578125,85.65,11.16090139728866,15.4,1.2
154,0.01095703125,0.6234375000000001,0.23359375000000002,1.4607421875000002,0.15449218750000002,0.014271484375,0.6267578125,20.348,39.83170114368705,1.8,5.6
155,0.051972656250000006,0.7546875,0.23359375000000002,1.4607421875000002,0.15449218750000002,0.014271484375,0.6267578125,85.65,11.16090139728866,15.4,1.2
156,0.051972656250000006,0.6234375000000001,0.40078125,1.4607421875000002,0.15449218750000002,0.014271484375,0.6267578125,93.46000000000001,9.872774685973544,15.2,1.1661903789690602
157,0.051972656250000006,0.6234375000000001,0.23359375000000002,2.3705078125,0.15449218750000002,0.014271484375,0.6267578125,90.584,10.135874111294005,15.8,1.4696938456699067
158,0.051972656250000006,0.6234375000000001,0.23359375000000002,1.4607421875000002,0.1826171875,0.014271484375,0.6267578125,85.65,11.16090139728866,15.4,1.2
159,0.051972656250000006,0.6234375000000001,0.23359375000000002,1.4607421875000002,0.15449218750000002,0.005322265625,0.6267578125,86.946,10.86414027891761,16.0,1.5491933384829668
160,0.051972656250000006,0.6234375000000001,0.23359375000000002,1.4607421875000002,0.15449218750000002,0.014271484375,0.6469921875,90.488,10.16087279715675,15.6,1.3564659966250536
161,0.01095703125,0.7546875,0.40078125,2.3705078125,0.1826171875,0.005322265625,0.6469921875,20.0,40.0,1.8,5.6
162,0.06947265625,0.4234375,0.33359375,1.8857421875,0.3794921875,0.007021484375,0.6617578125,92.012,9.867286151723787,16.0,1.5491933384829668
163,0.02845703125,0.4234375,0.33359375,1.8857421875,0.3794921875,0.007021484375,0.6617578125,23.15,38.906169176622875,2.0,6.0
164,0.06947265625,0.9546875000000001,0.33359375,1.8857421875,0.3794921875,0.007021484375,0.6617578125,92.012,9.867286151723787,16.0,1.5491933384829668
165,0.06947265625,0.4234375,0.30078125,1.8857421875,0.3794921875,0.007021484375,0.6617578125,90.896,10.341987429889867,16.0,1.5491933384829668
166,0.06947265625,0.4234375,0.33359375,1.9455078125,0.3794921875,0.007021484375,0.6617578125,91.42,10.1718297272418,16.0,1.5491933384829668
167,0.06947265625,0.4234375,0.33359375,1.8857421875,0.4076171875,0.007021484375,0.6617578125,92.012,9.867286151723787,16.0,1.5491933384829668
168,0.06947265625,0.4234375,0.33359375,1.8857421875,0.3794921875,0.027072265625,0.6617578125,87.002,10.992583681737429,13.8,2.4
169,0.06947265625,0.4234375,0.33359375,1.8857421875,0.3794921875,0.007021484375,0.6819921875,82.07000000000001,12.839149504542736,16.2,1.5999999999999999
170,0.02845703125,0.9546875000000001,0.30078125,1.9455078125,0.4076171875,0.027072265625,0.6819921875,74.788,21.209338886443394,16.8,1.9390719429665315
171,0.034472656250000004,0.8234375,0.13359375,1.0357421875000001,0.8294921875,0.021521484375,0.5917578124999999,93.938,9.606677677532435,13.0,3.521363372331802
172,0.06345703125,0.8234375,0.13359375,1.0357421875000001,0.8294921875,0.021521484375,0.5917578124999999,87.97,10.54464413813951,12.0,4.0
173,0.034472656250000004,0.5546875,0.13359375,1.0357421875000001,0.8294921875,0.021521484375,0.5917578124999999,93.938,9.606677677532435,13.2,3.1240998703626617
174,0.034472656250000004,0.8234375,0.10078125,1.0357421875000001,0.8294921875,0.021521484375,0.5917578124999999,93.122,9.487082586338119,13.2,3.1240998703626617
175,0.034472656250000004,0.8234375,0.13359375,1.0955078125,0.8294921875,0.021521484375,0.5917578124999999,93.776,9.507631881809479,13.2,3.1240998703626617
176,0.034472656250000004,0.8234375,0.13359375,1.0357421875000001,0.8576171875,0.021521484375,0.5917578124999999,93.938,9.606677677532435,13.0,3.521363372331802
177,0.034472656250000004,0.8234375,0.13359375,1.0357421875000001,0.8294921875,0.012572265625000002,0.5917578124999999,88.224,10.790682276853486,14.4,3.2000000000000006
178,0.034472656250000004,0.8234375,0.13359375,1.0357421875000001,0.8294921875,0.021521484375,0.6119921875,89.208,10.229757377377043,13.6,2.8000000000000003
179,0.06345703125,0.5546875,0.10078125,1.0955078125,0.8576171875,0.012572265625000002,0.6119921875,90.674,10.27828701681365,13.8,3.4292856398964493
180,0.043222656250000005,0.5234375,0.28359375,0.8232421875,0.9419921875,0.025146484375,0.6792578125,85.66400000000002,11.46256969444461,15.4,1.2
181,0.03720703125,0.5234375,0.28359375,0.8232421875,0.9419921875,0.025146484375,0.6792578125,89.56200000000001,10.06541285790106,15.6,1.3564659966250536
182,0.043222656250000005,0.8546875,0.28359375,0.8232421875,0.9419921875,0.025146484375,0.6792578125,85.66400000000002,11.46256969444461,15.4,1.2
183,0.043222656250000005,0.5234375,0.45078125,0.8232421875,0.9419921875,0.025146484375,0.6792578125,87.77,10.588280313629783,15.2,1.1661903789690602
184,0.043222656250000005,0.5234375,0.28359375,1.7330078125,0.9419921875,0.025146484375,0.6792578125,86.68599999999999,11.082805781930857,16.0,1.5491933384829668
185,0.043222656250000005,0.5234375,0.28359375,0.8232421875,0.9701171875,0.025146484375,0.6792578125,85.66400000000002,11.46256969444461,15.4,1.2
186,0.043222656250000005,0.5234375,0.28359375,0.8232421875,0.9419921875,0.030697265625,0.6792578125,91.56400000000001,10.119321321116349,15.0,1.5491933384829668
187,0.043222656250000005,0.5234375,0.28359375,0.8232421875,0.9419921875,0.025146484375,0.6294921874999999,93.92,9.52361065982855,13.2,3.1240998703626617
188,0.03720703125,0.8546875,0.45078125,1.7330078125,0.9701171875,0.030697265625,0.6294921874999999,92.238,10.161695527814244,13.2,3.1240998703626617
189,0.07822265625000001,0.9234375000000001,0.48359375000000004,1.6732421875,0.49199218750000007,0.010646484375000001,0.6092578125,94.422,9.627112547384082,12.8,4.4
190,0.07220703125,0.9234375000000001,0.48359375000000004,1.6732421875,0.49199218750000007,0.010646484375000001,0.6092578125,87.856,10.339896711282954,12.8,4.4
191,0.07822265625000001,0.4546875,0.48359375000000004,1.6732421875,0.49199218750000007,0.010646484375000001,0.6092578125,94.422,9.627112547384082,13.0,4.0
192,0.07822265625000001,0.9234375000000001,0.25078125,1.6732421875,0.49199218750000007,0.010646484375000001,0.6092578125,86.01,11.106963581465457,13.0,4.0
193,0.07822265625000001,0.9234375000000001,0.48359375000000004,0.8830078125,0.49199218750000007,0.010646484375000001,0.6092578125,94.554,9.713457880693158,12.6,4.800000000000001
194,0.07822265625000001,0.9234375000000001,0.48359375000000004,1.6732421875,0.5201171875,0.010646484375000001,0.6092578125,94.422,9.627112547384082,12.8,4.4
195,0.07822265625000001,0.9234375000000001,0.48359375000000004,1.6732421875,0.49199218750000007,0.016197265625000002,0.6092578125,94.176,9.625893413081199,12.8,4.4
196,0.07822265625000001,0.9234375000000001,0.48359375000000004,1.6732421875,0.49199218750000007,0.010646484375000001,0.6994921875,91.704,10.14812416163697,16.0,1.5491933384829668
197,0.07220703125,0.4546875,0.25078125,0.8830078125,0.5201171875,0.016197265625000002,0.6994921875,88.834,10.410080883451387,15.4,1.2
198,0.06072265625000001,0.32343750000000004,0.18359375,1.2482421875,0.2669921875,0.003396484375,0.7142578125,72.35999999999999,22.446663003662703,17.8,1.9390719429665315
199,0.05470703125,0.32343750000000004,0.18359375,1.2482421875,0.2669921875,0.003396484375,0.7142578125,51.24400000000001,26.13249517363392,17.8,1.9390719429665315
200,0.06072265625000001,0.2546875,0.18359375,1.2482421875,0.2669921875,0.003396484375,0.7142578125,72.35999999999999,22.446663003662703,17.8,1.9390719429665315
201,0.06072265625000001,0.32343750000000004,0.15078125,1.2482421875,0.2669921875,0.003396484375,0.7142578125,71.072,22.474881445738486,17.8,1.9390719429665315
202,0.06072265625000001,0.32343750000000004,0.18359375,1.3080078125,0.2669921875,0.003396484375,0.7142578125,71.566,22.536123535337662,17.8,1.9390719429665315
203,0.06072265625000001,0.32343750000000004,0.18359375,1.2482421875,0.29511718750000004,0.003396484375,0.7142578125,72.35999999999999,22.446663003662703,17.8,1.9390719429665315
204,0.06072265625000001,0.32343750000000004,0.18359375,1.2482421875,0.2669921875,0.023447265625,0.7142578125,86.162,11.316256271400007,16.0,1.5491933384829668
205,0.06072265625000001,0.32343750000000004,0.18359375,1.2482421875,0.2669921875,0.003396484375,0.5944921875,93.762,9.474058053442567,14.4,3.2000000000000006
206,0.05470703125,0.2546875,0.15078125,1.3080078125,0.29511718750000004,0.023447265625,0.5944921875,90.67800000000001,10.24159440712236,12.8,3.4292856398964493
207,0.025722656250000003,0.7234375,0.38359375000000007,2.0982421875,0.7169921875,0.017896484375,0.6442578125,76.072,23.55032602746722,16.8,1.9390719429665315
208,0.01970703125,0.7234375,0.38359375000000007,2.0982421875,0.7169921875,0.017896484375,0.6442578125,54.68000000000001,24.58202025871755,17.6,2.3323807579381204
209,0.025722656250000003,0.6546875000000001,0.38359375000000007,2.0982421875,0.7169921875,0.017896484375,0.6442578125,76.072,23.55032602746722,16.8,1.9390719429665315
210,0.025722656250000003,0.7234375,0.35078125000000004,2.0982421875,0.7169921875,0.017896484375,0.6442578125,76.942,23.67416178030386,16.8,1.9390719429665315
211,0.025722656250000003,0.7234375,0.38359375000000007,2.1580078125,0.7169921875,0.017896484375,0.6442578125,76.384,23.60744509683333,16.8,1.9390719429665315
212,0.025722656250000003,0.7234375,0.38359375000000007,2.0982421875,0.7451171875,0.017896484375,0.6442578125,76.164,23.512605640379373,16.8,1.9390719429665315
213,0.025722656250000003,0.7234375,0.38359375000000007,2.0982421875,0.7169921875,0.008947265625,0.6442578125,29.016000000000002,37.599694998762956,5.8,8.541662601625049
214,0.025722656250000003,0.7234375,0.38359375000000007,2.0982421875,0.7169921875,0.017896484375,0.6644921874999999,58.416,23.321420711440375,17.6,2.3323807579381204
215,0.01970703125,0.6546875000000001,0.35078125000000004,2.1580078125,0.7451171875,0.008947265625,0.6644921874999999,20.0,40.0,1.8,5.6
216,0.02134765625,0.4734375,0.15859375,1.7794921875,0.2107421875,0.023333984375000002,0.6705078124999999,44.730000000000004,28.726165076459473,13.6,7.631513611335566
217,0.041582031250000005,0.4734375,0.15859375,1.7794921875,0.2107421875,0.023333984375000002,0.6705078124999999,82.38,12.438107573099694,16.0,1.5491933384829668
218,0.02134765625,0.8046875,0.15859375,1.7794921875,0.2107421875,0.023333984375000002,0.6705078124999999,44.730000000000004,28.726165076459473,13.6,7.631513611335566
219,0.02134765625,0.4734375,0.12578125,1.7794921875,0.2107421875,0.023333984375000002,0.6705078124999999,41.763999999999996,30.443138208798384,13.6,7.631513611335566
220,0.02134765625,0.4734375,0.15859375,2.2642578125,0.2107421875,0.023333984375000002,0.6705078124999999,34.618,35.30639908005347,5.8,8.541662601625049
221,0.02134765625,0.4734375,0.15859375,1.7794921875,0.5763671875,0.023333984375000002,0.6705078124999999,44.782,28.69976752519086,13.6,7.631513611335566
222,0.02134765625,0.4734375,0.15859375,1.7794921875,0.2107421875,0.014384765625,0.6705078124999999,20.0,40.0,2.0,6.0
223,0.02134765625,0.4734375,0.15859375,1.7794921875,0.2107421875,0.023333984375000002,0.5857421875,88.19800000000001,10.565135872292416,14.6,0.7999999999999999
224,0.041582031250000005,0.8046875,0.12578125,2.2642578125,0.5763671875,0.014384765625,0.5857421875,83.63,11.747985359200957,14.6,2.8000000000000003
225,0.05634765625000001,0.8734375000000001,0.35859375000000004,0.9294921875000001,0.6607421875,0.008833984375,0.6005078125,84.046,11.626943880487252,12.8,4.4
226,0.07658203125,0.8734375000000001,0.35859375000000004,0.9294921875000001,0.6607421875,0.008833984375,0.6005078125,95.04400000000001,9.912,12.6,4.800000000000001
227,0.05634765625000001,0.40468750000000003,0.35859375000000004,0.9294921875000001,0.6607421875,0.008833984375,0.6005078125,84.046,11.626943880487252,13.0,4.0
228,0.05634765625000001,0.8734375000000001,0.32578125,0.9294921875000001,0.6607421875,0.008833984375,0.6005078125,85.72,11.313731479931809,13.0,4.0
229,0.05634765625000001,0.8734375000000001,0.35859375000000004,1.4142578125,0.6607421875,0.008833984375,0.6005078125,90.99000000000001,10.104503946260797,13.4,4.223742416388575
230,0.05634765625000001,0.8734375000000001,0.35859375000000004,0.9294921875000001,0.1263671875,0.008833984375,0.6005078125,84.208,11.596113831797272,12.8,4.4
231,0.05634765625000001,0.8734375000000001,0.35859375000000004,0.9294921875000001,0.6607421875,0.028884765625,0.6005078125,85.268,11.390962031365042,10.6,3.8781438859330635
232,0.05634765625000001,0.8734375000000001,0.35859375000000004,0.9294921875000001,0.6607421875,0.008833984375,0.6557421875,90.84400000000001,10.114473985334088,15.8,1.4696938456699067
233,0.07658203125,0.40468750000000003,0.32578125,1.4142578125,0.1263671875,0.028884765625,0.6557421875,94.42,9.675751133632986,13.4,3.2000000000000006
234,0.07384765625,0.2734375,0.25859375,2.2044921875,0.8857421875,0.016083984375000002,0.7055078124999999,83.71400000000001,11.707222727871885,16.0,1.5491933384829668
235,0.05908203125000001,0.2734375,0.25859375,2.2044921875,0.8857421875,0.016083984375000002,0.7055078124999999,76.76399999999998,20.297884224716626,16.8,1.9390719429665315
236,0.07384765625,0.20468750000000002,0.25859375,2.2044921875,0.8857421875,0.016083984375000002,0.7055078124999999,83.71400000000001,11.707222727871885,16.0,1.5491933384829668
237,0.07384765625,0.2734375,0.42578125,2.2044921875,0.8857421875,0.016083984375000002,0.7055078124999999,89.5,10.813974292553135,16.0,1.5491933384829668
238,0.07384765625,0.2734375,0.25859375,0.9892578125,0.8857421875,0.016083984375000002,0.7055078124999999,90.46000000000001,10.065378283999067,15.6,1.3564659966250536
239,0.07384765625,0.2734375,0.25859375,2.2044921875,0.35136718750000007,0.016083984375000002,0.7055078124999999,83.686,11.755935692236498,16.0,1.5491933384829668
240,0.07384765625,0.2734375,0.25859375,2.2044921875,0.8857421875,0.007134765625,0.7055078124999999,78.864,19.926468427696864,16.8,1.9390719429665315
241,0.07384765625,0.2734375,0.25859375,2.2044921875,0.8857421875,0.016083984375000002,0.6207421875,89.946,10.292722866180746,13.4,3.2000000000000006
242,0.05908203125000001,0.20468750000000002,0.42578125,0.9892578125,0.35136718750000007,0.007134765625,0.6207421875,93.628,9.864675159375498,14.0,3.521363372331802
243,0.03884765625,0.6734375,0.45859375,1.3544921875,0.43574218750000004,0.030583984375,0.6355078125,91.002,10.146111373329193,13.0,3.03315017762062
244,0.024082031250000004,0.6734375,0.45859375,1.3544921875,0.43574218750000004,0.030583984375,0.6355078125,87.97200000000001,10.582478726650013,13.6,2.33238075793812
245,0.03884765625,0.6046875,0.45859375,1.3544921875,0.43574218750000004,0.030583984375,0.6355078125,91.002,10.146111373329193,13.0,3.03315017762062
246,0.03884765625,0.6734375,0.22578125000000002,1.3544921875,0.43574218750000004,0.030583984375,0.6355078125,85.298,11.224835678084558,13.8,2.4
247,0.03884765625,0.6734375,0.45859375,1.8392578125,0.43574218750000004,0.030583984375,0.6355078125,92.124,9.767563872327637,13.4,2.727636339397171
248,0.03884765625,0.6734375,0.45859375,1.3544921875,0.8013671875,0.030583984375,0.6355078125,91.002,10.146111373329193,13.0,3.03315017762062
249,0.03884765625,0.6734375,0.45859375,1.3544921875,0.43574218750000004,0.021634765625,0.6355078125,89.952,10.291962689399918,13.8,2.4
250,0.03884765625,0.6734375,0.45859375,1.3544921875,0.43574218750000004,0.030583984375,0.6907421874999999,85.19000000000001,11.43245380484872,15.4,1.2
251,0.024082031250000004,0.6046875,0.22578125000000002,1.8392578125,0.8013671875,0.021634765625,0.6907421874999999,32.251999999999995,36.98496526968763,5.8,8.541662601625049
252,0.03009765625,0.37343750000000003,0.30859375,1.5669921875,0.5482421875,0.019708984375,0.6880078125,66.168,22.852547691668864,17.6,2.3323807579381204
253,0.050332031250000006,0.37343750000000003,0.30859375,1.5669921875,0.5482421875,0.019708984375,0.6880078125,83.382,11.719666206850773,16.0,1.5491933384829668
254,0.03009765625,0.3046875,0.30859375,1.5669921875,0.5482421875,0.019708984375,0.6880078125,66.168,22.852547691668864,17.8,1.9390719429665315
255,0.03009765625,0.37343750000000003,0.37578125000000007,1.5669921875,0.5482421875,0.019708984375,0.6880078125,70.606,22.281465481426483,17.6,2.3323807579381204
256,0.03009765625,0.37343750000000003,0.30859375,1.2017578125,0.5482421875,0.019708984375,0.6880078125,75.15599999999999,23.306456272887136,17.2,2.1354156504062622
257,0.03009765625,0.37343750000000003,0.30859375,1.5669921875,0.9138671875,0.019708984375,0.6880078125,66.168,22.852547691668864,17.6,2.3323807579381204
258,0.03009765625,0.37343750000000003,0.30859375,1.5669921875,0.5482421875,0.0035097656250000003,0.6880078125,20.0,40.0,2.0,6.0
259,0.03009765625,0.37343750000000003,0.30859375,1.5669921875,0.5482421875,0.019708984375,0.6732421875,76.46399999999998,23.35900991052489,16.8,1.9390719429665315
260,0.050332031250000006,0.3046875,0.37578125000000007,1.2017578125,0.9138671875,0.0035097656250000003,0.6732421875,73.91399999999999,23.280286596174026,16.8,1.9390719429665315
261,0.06509765625000001,0.7734375,0.10859375,2.4169921875,0.9982421875,0.005208984375,0.6180078124999999,91.802,10.145843286784986,16.0,1.5491933384829668
262,0.015332031250000001,0.7734375,0.10859375,2.4169921875,0.9982421875,0.005208984375,0.6180078124999999,20.0,40.0,1.8,5.6
263,0.06509765625000001,0.7046875000000001,0.10859375,2.4169921875,0.9982421875,0.005208984375,0.6180078124999999,91.802,10.145843286784986,16.0,1.5491933384829668
264,0.06509765625000001,0.7734375,0.17578125,2.4169921875,0.9982421875,0.005208984375,0.6180078124999999,92.83399999999999,9.96105135013368,16.0,1.5491933384829668
265,0.06509765625000001,0.7734375,0.10859375,2.0517578125,0.9982421875,0.005208984375,0.6180078124999999,91.922,10.108276608799347,15.6,2.33238075793812
266,0.06509765625000001,0.7734375,0.10859375,2.4169921875,0.4638671875,0.005208984375,0.6180078124999999,91.802,10.145843286784986,16.0,1.5491933384829668
267,0.06509765625000001,0.7734375,0.10859375,2.4169921875,0.9982421875,0.018009765625,0.6180078124999999,93.83800000000001,9.557372860781356,14.2,3.1240998703626617
268,0.06509765625000001,0.7734375,0.10859375,2.4169921875,0.9982421875,0.005208984375,0.6032421874999999,90.27799999999999,9.998258648384727,14.8,2.9257477676655586
269,0.015332031250000001,0.7046875000000001,0.17578125,2.0517578125,0.4638671875,0.018009765625,0.6032421874999999,73.85600000000001,23.497062454698458,17.0,2.0976176963403033
270,0.04759765625000001,0.5734375,0.40859375,1.1419921875,0.7732421875,0.012458984375,0.6530078125,91.03999999999999,10.211297664841622,15.8,1.4696938456699067
271,0.032832031250000004,0.5734375,0.40859375,1.1419921875,0.7732421875,0.012458984375,0.6530078125,77.742,19.5013295956968,16.8,1.9390719429665315
272,0.04759765625000001,0.9046875000000001,0.40859375,1.1419921875,0.7732421875,0.012458984375,0.6530078125,91.03999999999999,10.211297664841622,15.8,1.4696938456699067
273,0.04759765625000001,0.5734375,0.27578125,1.1419921875,0.7732421875,0.012458984375,0.6530078125,88.298,10.887861865398552,16.0,1.5491933384829668
274,0.04759765625000001,0.5734375,0.40859375,2.4767578125,0.7732421875,0.012458984375,0.6530078125,81.74000000000001,16.411389947228724,16.2,1.5999999999999999
275,0.04759765625000001,0.5734375,0.40859375,1.1419921875,0.23886718750000002,0.012458984375,0.6530078125,91.03999999999999,10.211297664841622,15.8,1.4696938456699067
276,0.04759765625000001,0.5734375,0.40859375,1.1419921875,0.7732421875,0.010759765625,0.6530078125,90.934,10.276917047441803,16.0,1.5491933384829668
277,0.04759765625000001,0.5734375,0.40859375,1.1419921875,0.7732421875,0.012458984375,0.7082421875,75.48400000000001,23.370898656234854,16.8,1.9390719429665315
278,0.032832031250000004,0.9046875000000001,0.27578125,2.4767578125,0.23886718750000002,0.010759765625,0.7082421875,20.0,40.0,1.8,5.6
279,0.01259765625,0.9734375,0.20859375000000002,1.9919921875,0.3232421875,0.026958984375,0.5830078125,84.46000000000001,11.703939507704233,14.0,1.5491933384829668
280,0.06783203125000001,0.9734375,0.20859375000000002,1.9919921875,0.3232421875,0.026958984375,0.5830078125,88.292,10.585796899619794,12.0,4.0
281,0.01259765625,0.5046875,0.20859375000000002,1.9919921875,0.3232421875,0.026958984375,0.5830078125,84.46000000000001,11.703939507704233,14.2,1.1661903789690602
282,0.01259765625,0.9734375,0.47578125000000004,1.9919921875,0.3232421875,0.026958984375,0.5830078125,87.09,10.423657707350142,11.8,2.481934729198171
283,0.01259765625,0.9734375,0.20859375000000002,1.6267578125000002,0.3232421875,0.026958984375,0.5830078125,89.328,10.286735925452737,13.0,2.0
284,0.01259765625,0.9734375,0.20859375000000002,1.9919921875,0.6888671875,0.026958984375,0.5830078125,84.458,11.707485468707617,13.8,1.9390719429665315
285,0.01259765625,0.9734375,0.20859375000000002,1.9919921875,0.3232421875,0.025259765625,0.5830078125,88.078,10.4180639276211,14.4,1.2
286,0.01259765625,0.9734375,0.20859375000000002,1.9919921875,0.3232421875,0.026958984375,0.6382421875,71.894,23.39858337592257,17.0,2.0976176963403033
287,0.06783203125000001,0.5046875,0.47578125000000004,1.6267578125000002,0.6888671875,0.025259765625,0.6382421875,94.154,9.622601727183765,13.0,3.521363372331802
288,0.01369140625,0.38593750000000004,0.13984375000000002,2.1248046875,0.8998046875,0.031037109375,0.6595703125,60.775999999999996,23.80405982180351,17.6,2.3323807579381204
289,0.07767578125,0.38593750000000004,0.13984375000000002,2.1248046875,0.8998046875,0.031037109375,0.6595703125,84.41799999999999,11.456345665176139,13.6,2.8000000000000003
290,0.01369140625,0.7671875000000001,0.13984375000000002,2.1248046875,0.8998046875,0.031037109375,0.6595703125,60.775999999999996,23.80405982180351,17.6,2.3323807579381204
291,0.01369140625,0.38593750000000004,0.25703125000000004,2.1248046875,0.8998046875,0.031037109375,0.6595703125,73.586,23.35572101220598,17.0,2.0976176963403033
292,0.01369140625,0.38593750000000004,0.13984375000000002,0.9095703125000001,0.8998046875,0.031037109375,0.6595703125,81.71799999999999,13.731220484720215,16.0,1.5491933384829668
293,0.01369140625,0.38593750000000004,0.13984375000000002,2.1248046875,0.1404296875,0.031037109375,0.6595703125,60.274,23.68675292225593,17.6,2.3323807579381204
294,0.01369140625,0.38593750000000004,0.13984375000000002,2.1248046875,0.8998046875,0.011212890625,0.6595703125,20.0,40.0,2.2,6.400000000000001
295,0.01369140625,0.38593750000000004,0.13984375000000002,2.1248046875,0.8998046875,0.031037109375,0.6754296875,35.778,34.21134864339609,5.8,8.541662601625049
296,0.07767578125,0.7671875000000001,0.25703125000000004,0.9095703125000001,0.1404296875,0.011212890625,0.6754296875,83.35000000000001,11.554737556517674,15.4,1.2
297,0.048691406250000006,0.7859375,0.33984375,1.2748046875,0.4498046875,0.016537109375,0.5895703124999999,93.916,9.659914285334008,12.6,4.317406628984581
298,0.04267578125,0.7859375,0.33984375,1.2748046875,0.4498046875,0.016537109375,0.5895703124999999,94.25,9.638431407651352,13.0,4.0
299,0.048691406250000006,0.3671875,0.33984375,1.2748046875,0.4498046875,0.016537109375,0.5895703124999999,93.916,9.659914285334008,12.8,3.9191835884530852
300,0.048691406250000006,0.7859375,0.45703125,1.2748046875,0.4498046875,0.016537109375,0.5895703124999999,90.126,10.54399279210679,12.2,4.118252056394801
301,0.048691406250000006,0.7859375,0.33984375,1.7595703125000002,0.4498046875,0.016537109375,0.5895703124999999,93.71000000000001,9.569150432509668,13.0,4.0
302,0.048691406250000006,0.7859375,0.33984375,1.2748046875,0.5904296875,0.016537109375,0.5895703124999999,93.916,9.659914285334008,12.6,4.317406628984581
303,0.048691406250000006,0.7859375,0.33984375,1.2748046875,0.4498046875,0.025712890625000002,0.5895703124999999,92.87,10.053534701785239,11.8,3.9191835884530852
304,0.048691406250000006,0.7859375,0.33984375,1.2748046875,0.4498046875,0.016537109375,0.6054296874999999,87.10400000000001,10.576163009333772,13.0,4.0
305,0.04267578125,0.3671875,0.45703125,1.7595703125000002,0.5904296875,0.025712890625000002,0.6054296874999999,88.264,10.842698188181759,12.4,3.2000000000000006
306,0.06619140625,0.5859375,0.23984375000000002,1.6998046875,0.2248046875,0.009287109375000002,0.6945703125,81.87800000000001,17.47460832179079,16.2,1.5999999999999999
307,0.02517578125,0.5859375,0.23984375000000002,1.6998046875,0.2248046875,0.009287109375000002,0.6945703125,20.0,40.0,2.0,6.0
308,0.06619140625,0.5671875,0.23984375000000002,1.6998046875,0.2248046875,0.009287109375000002,0.6945703125,81.87800000000001,17.47460832179079,16.2,1.5999999999999999
309,0.06619140625,0.5859375,0.35703125,1.6998046875,0.2248046875,0.009287109375000002,0.6945703125,81.95,14.964856163692323,16.2,1.5999999999999999
310,0.06619140625,0.5859375,0.23984375000000002,2.1845703125,0.2248046875,0.009287109375000002,0.6945703125,78.204,19.89565238940407,16.8,1.9390719429665315
311,0.06619140625,0.5859375,0.23984375000000002,1.6998046875,0.8154296875,0.009287109375000002,0.6945703125,81.87800000000001,17.47460832179079,16.2,1.5999999999999999
312,0.06619140625,0.5859375,0.23984375000000002,1.6998046875,0.2248046875,0.003962890625,0.6945703125,73.25800000000001,23.05880950959958,16.8,1.9390719429665315
313,0.06619140625,0.5859375,0.23984375000000002,1.6998046875,0.2248046875,0.009287109375000002,0.7104296875,75.29400000000001,21.698635533138944,16.8,1.9390719429665315
314,0.02517578125,0.5671875,0.35703125,2.1845703125,0.8154296875,0.003962890625,0.7104296875,20.0,40.0,2.0,6.0
315,0.031191406250000005,0.9859375000000001,0.43984375,0.8498046875,0.6748046875,0.023787109375,0.6245703125,93.42,9.772526797098081,13.2,3.1240998703626617
316,0.060175781250000004,0.9859375000000001,0.43984375,0.8498046875,0.6748046875,0.023787109375,0.6245703125,87.084,10.972260660410871,12.0,4.0
317,0.031191406250000005,0.9671875000000001,0.43984375,0.8498046875,0.6748046875,0.023787109375,0.6245703125,93.42,9.772526797098081,13.2,3.1240998703626617
318,0.031191406250000005,0.9859375000000001,0.15703125,0.8498046875,0.6748046875,0.023787109375,0.6245703125,90.08599999999998,10.152009850271032,13.6,2.8000000000000003
319,0.031191406250000005,0.9859375000000001,0.43984375,1.3345703125,0.6748046875,0.023787109375,0.6245703125,84.488,11.434742498193826,13.6,2.8000000000000003
320,0.031191406250000005,0.9859375000000001,0.43984375,0.8498046875,0.36542968750000004,0.023787109375,0.6245703125,93.42,9.772526797098081,13.2,3.1240998703626617
321,0.031191406250000005,0.9859375000000001,0.43984375,0.8498046875,0.6748046875,0.018462890625000002,0.6245703125,89.834,10.516329397655818,13.4,3.2000000000000006
322,0.031191406250000005,0.9859375000000001,0.43984375,0.8498046875,0.6748046875,0.023787109375,0.6404296875,87.23599999999999,10.956814500574515,13.6,2.8000000000000003
323,0.060175781250000004,0.9671875000000001,0.15703125,1.3345703125,0.36542968750000004,0.018462890625000002,0.6404296875,93.63600000000001,9.735718977045304,14.2,3.1240998703626617
324,0.039941406250000006,0.4859375,0.38984375000000004,1.0623046875,0.5623046875000001,0.027412109375,0.7120703125,82.47999999999999,12.255710505719364,16.0,1.5491933384829668
325,0.01642578125,0.4859375,0.38984375000000004,1.0623046875,0.5623046875000001,0.027412109375,0.7120703125,33.45399999999999,36.038157888549186,5.8,8.541662601625049
326,0.039941406250000006,0.46718750000000003,0.38984375000000004,1.0623046875,0.5623046875000001,0.027412109375,0.7120703125,82.47999999999999,12.255710505719364,16.0,1.5491933384829668
327,0.039941406250000006,0.4859375,0.40703125000000007,1.0623046875,0.5623046875000001,0.027412109375,0.7120703125,82.84,11.942418515526912,16.0,1.5491933384829668
328,0.039941406250000006,0.4859375,0.38984375000000004,2.3970703125,0.5623046875000001,0.027412109375,0.7120703125,74.714,22.172267903847814,16.8,1.9390719429665315
329,0.039941406250000006,0.4859375,0.38984375000000004,1.0623046875,0.4779296875,0.027412109375,0.7120703125,82.478,12.258545427578268,16.0,1.5491933384829668
330,0.039941406250000006,0.4859375,0.38984375000000004,1.0623046875,0.5623046875000001,0.0075878906250000005,0.7120703125,35.635999999999996,34.849056572596055,5.8,8.541662601625049
331,0.039941406250000006,0.4859375,0.38984375000000004,1.0623046875,0.5623046875000001,0.027412109375,0.5879296875,85.258,11.39234023368333,10.0,3.0983866769659336
332,0.01642578125,0.46718750000000003,0.40703125000000007,2.3970703125,0.4779296875,0.0075878906250000005,0.5879296875,33.42,36.33240481994001,5.8,8.541662601625049
333,0.07494140625,0.8859375,0.18984375,1.9123046875,0.1123046875,0.012912109375000001,0.6420703125,88.418,10.777005892176174,15.4,1.2
334,0.051425781250000004,0.8859375,0.18984375,1.9123046875,0.1123046875,0.012912109375000001,0.6420703125,86.38999999999999,11.047390642138076,16.0,1.5491933384829668
335,0.07494140625,0.8671875,0.18984375,1.9123046875,0.1123046875,0.012912109375000001,0.6420703125,88.418,10.777005892176174,15.4,1.2
336,0.07494140625,0.8859375,0.20703125,1.9123046875,0.1123046875,0.012912109375000001,0.6420703125,89.702,10.655275500896257,15.4,1.2
337,0.07494140625,0.8859375,0.18984375,1.5470703125,0.1123046875,0.012912109375000001,0.6420703125,93.996,9.544306365577334,15.2,1.1661903789690602
338,0.07494140625,0.8859375,0.18984375,1.9123046875,0.9279296875,0.012912109375000001,0.6420703125,88.418,10.777005892176174,14.4,3.2000000000000006
339,0.07494140625,0.8859375,0.18984375,1.9123046875,0.1123046875,0.022087890625,0.6420703125,88.28200000000001,10.68574452249351,14.6,0.7999999999999999
340,0.07494140625,0.8859375,0.18984375,1.9123046875,0.1123046875,0.012912109375000001,0.6579296875,86.21399999999998,10.974739359091858,15.4,1.2
341,0.051425781250000004,0.8671875,0.20703125,1.5470703125,0.9279296875,0.022087890625,0.6579296875,84.434,11.507376069287037,15.4,1.2
342,0.05744140625000001,0.2859375,0.48984375,1.4873046875,0.3373046875,0.005662109375,0.6770703124999999,81.85600000000001,16.185357085958906,16.2,1.5999999999999999
343,0.06892578125,0.2859375,0.48984375,1.4873046875,0.3373046875,0.005662109375,0.6770703124999999,91.49,10.053291998146678,16.0,1.5491933384829668
344,0.05744140625000001,0.6671875,0.48984375,1.4873046875,0.3373046875,0.005662109375,0.6770703124999999,81.85600000000001,16.185357085958906,16.2,1.5999999999999999
345,0.05744140625000001,0.2859375,0.10703125000000001,1.4873046875,0.3373046875,0.005662109375,0.6770703124999999,74.002,23.350615752052448,16.8,1.9390719429665315
346,0.05744140625000001,0.2859375,0.48984375,1.1220703125,0.3373046875,0.005662109375,0.6770703124999999,81.542,13.277181026106408,16.2,1.5999999999999999
347,0.05744140625000001,0.2859375,0.48984375,1.4873046875,0.7029296875,0.005662109375,0.6770703124999999,81.85600000000001,16.185357085958906,16.2,1.5999999999999999
348,0.05744140625000001,0.2859375,0.48984375,1.4873046875,0.3373046875,0.014837890624999999,0.6770703124999999,90.542,10.188425589854404,15.6,1.3564659966250536
349,0.05744140625000001,0.2859375,0.48984375,1.4873046875,0.3373046875,0.005662109375,0.6229296875,84.61,11.042528695910189,15.4,1.2
350,0.06892578125,0.6671875,0.10703125000000001,1.1220703125,0.7029296875,0.014837890624999999,0.6229296875,89.116,10.40005115372035,13.2,3.6
351,0.022441406250000004,0.6859375000000001,0.28984375,2.3373046875,0.7873046875,0.020162109375,0.6070703125,83.28999999999999,11.679493139687182,16.0,1.5491933384829668
352,0.03392578125,0.6859375000000001,0.28984375,2.3373046875,0.7873046875,0.020162109375,0.6070703125,84.13799999999999,11.68603508466409,15.4,1.2
353,0.022441406250000004,0.2671875,0.28984375,2.3373046875,0.7873046875,0.020162109375,0.6070703125,83.28999999999999,11.679493139687182,16.0,1.5491933384829668
354,0.022441406250000004,0.6859375000000001,0.30703125,2.3373046875,0.7873046875,0.020162109375,0.6070703125,83.376,11.510891538017372,16.0,1.5491933384829668
355,0.022441406250000004,0.6859375000000001,0.28984375,1.9720703125,0.7873046875,0.020162109375,0.6070703125,87.868,10.916774981650946,15.8,1.4696938456699067
356,0.022441406250000004,0.6859375000000001,0.28984375,2.3373046875,0.2529296875,0.020162109375,0.6070703125,83.20599999999999,11.710937793362236,16.0,1.5491933384829668
357,0.022441406250000004,0.6859375000000001,0.28984375,2.3373046875,0.7873046875,0.029337890625,0.6070703125,88.634,10.650475294558454,14.4,1.2
358,0.022441406250000004,0.6859375000000001,0.28984375,2.3373046875,0.7873046875,0.020162109375,0.6929296875,21.958,39.20478358567995,1.8,5.6
359,0.03392578125,0.2671875,0.30703125,1.9720703125,0.2529296875,0.029337890625,0.6929296875,80.2,16.99360585632137,16.2,1.5999999999999999
360,0.02681640625,0.5359375,0.46484375,2.0185546875,0.5060546875,0.021974609375,0.7033203124999999,41.204,30.818512358645737,13.6,7.631513611335566
361,0.01205078125,0.5359375,0.46484375,2.0185546875,0.5060546875,0.021974609375,0.7033203124999999,20.0,40.0,1.8,5.6
362,0.02681640625,0.41718750000000004,0.46484375,2.0185546875,0.5060546875,0.021974609375,0.7033203124999999,41.204,30.818512358645737,13.6,7.631513611335566
363,0.02681640625,0.5359375,0.18203125,2.0185546875,0.5060546875,0.021974609375,0.7033203124999999,25.924,38.549308995103914,5.8,8.541662601625049
364,0.02681640625,0.5359375,0.46484375,1.8658203125,0.5060546875,0.021974609375,0.7033203124999999,45.334,28.53109713978767,13.6,7.631513611335566
365,0.02681640625,0.5359375,0.46484375,2.0185546875,0.1966796875,0.021974609375,0.7033203124999999,41.204,30.818512358645737,13.6,7.631513611335566
366,0.02681640625,0.5359375,0.46484375,2.0185546875,0.5060546875,0.023900390625,0.7033203124999999,54.84599999999999,24.662238827811233,17.6,2.3323807579381204
367,0.02681640625,0.5359375,0.46484375,2.0185546875,0.5060546875,0.021974609375,0.6316796874999999,89.264,10.15427318915539,15.4,1.2
368,0.01205078125,0.41718750000000004,0.18203125,1.8658203125,0.1966796875,0.023900390625,0.6316796874999999,58.338,23.953601315877325,17.6,2.3323807579381204
369,0.061816406250000004,0.9359375000000001,0.26484375000000004,1.1685546875,0.9560546875,0.007474609375,0.6333203125,84.37800000000001,11.447786510937386,14.2,3.6
370,0.04705078125000001,0.9359375000000001,0.26484375000000004,1.1685546875,0.9560546875,0.007474609375,0.6333203125,86.86,10.82726742996588,16.0,1.5491933384829668
371,0.061816406250000004,0.8171875,0.26484375000000004,1.1685546875,0.9560546875,0.007474609375,0.6333203125,84.37800000000001,11.447786510937386,14.4,3.2000000000000006
372,0.061816406250000004,0.9359375000000001,0.38203125000000004,1.1685546875,0.9560546875,0.007474609375,0.6333203125,87.884,10.529745675941083,14.2,3.6
373,0.061816406250000004,0.9359375000000001,0.26484375000000004,1.0158203125,0.9560546875,0.007474609375,0.6333203125,83.508,11.600624810759117,14.2,3.6
374,0.061816406250000004,0.9359375000000001,0.26484375000000004,1.1685546875,0.6466796875,0.007474609375,0.6333203125,84.37800000000001,11.447786510937386,14.4,3.2000000000000006
375,0.061816406250000004,0.9359375000000001,0.26484375000000004,1.1685546875,0.9560546875,0.009400390625000001,0.6333203125,86.27000000000001,10.946592163774074,14.2,3.6
376,0.061816406250000004,0.9359375000000001,0.26484375000000004,1.1685546875,0.9560546875,0.007474609375,0.7016796875,77.28399999999999,20.613035293231324,16.8,1.9390719429665315
377,0.04705078125000001,0.8171875,0.38203125000000004,1.0158203125,0.6466796875,0.009400390625000001,0.7016796875,77.49,23.71184345427407,17.2,2.1354156504062622
378,0.07931640625,0.3359375,0.36484375,2.4435546875,0.7310546875,0.014724609375,0.6683203125,84.572,11.745033673855515,15.4,1.2
379,0.06455078125000001,0.3359375,0.36484375,2.4435546875,0.7310546875,0.014724609375,0.6683203125,91.44200000000001,10.112494054386383,16.0,1.5491933384829668
380,0.07931640625,0.6171875,0.36484375,2.4435546875,0.7310546875,0.014724609375,0.6683203125,84.572,11.745033673855515,15.4,1.2
381,0.07931640625,0.3359375,0.48203125,2.4435546875,0.7310546875,0.014724609375,0.6683203125,85.00199999999998,11.149626720209067,15.0,2.0
382,0.07931640625,0.3359375,0.36484375,1.4408203125,0.7310546875,0.014724609375,0.6683203125,94.02799999999999,9.573658443876095,14.2,3.1240998703626617
383,0.07931640625,0.3359375,0.36484375,2.4435546875,0.8716796875,0.014724609375,0.6683203125,84.572,11.745033673855515,15.4,1.2
384,0.07931640625,0.3359375,0.36484375,2.4435546875,0.7310546875,0.031150390625,0.6683203125,84.068,11.570931509606304,13.6,2.8000000000000003
385,0.07931640625,0.3359375,0.36484375,2.4435546875,0.7310546875,0.014724609375,0.5966796875,94.46,9.643136419236223,13.0,4.0
386,0.06455078125000001,0.6171875,0.48203125,1.4408203125,0.8716796875,0.031150390625,0.5966796875,85.346,11.264369667229499,9.8,3.4871191548325386
387,0.04431640625,0.7359375000000001,0.16484375,1.5935546875000002,0.2810546875,0.029224609375000002,0.5983203125,86.724,10.764750995726748,12.4,3.2000000000000006
388,0.029550781250000005,0.7359375000000001,0.16484375,1.5935546875000002,0.2810546875,0.029224609375000002,0.5983203125,90.564,10.133762578627938,13.2,2.6381811916545836
389,0.04431640625,0.2171875,0.16484375,1.5935546875000002,0.2810546875,0.029224609375000002,0.5983203125,86.724,10.764750995726748,12.6,2.8000000000000003
390,0.04431640625,0.7359375000000001,0.28203125,1.5935546875000002,0.2810546875,0.029224609375000002,0.5983203125,86.44800000000001,10.720036193968747,12.2,3.6
391,0.04431640625,0.7359375000000001,0.16484375,2.2908203125,0.2810546875,0.029224609375000002,0.5983203125,93.81400000000001,9.652084956111818,13.2,3.1240998703626617
392,0.04431640625,0.7359375000000001,0.16484375,1.5935546875000002,0.42167968750000007,0.029224609375000002,0.5983203125,86.724,10.764750995726748,12.4,3.2000000000000006
393,0.04431640625,0.7359375000000001,0.16484375,1.5935546875000002,0.2810546875,0.016650390625,0.5983203125,91.16400000000002,10.154673012953198,14.0,3.03315017762062
394,0.04431640625,0.7359375000000001,0.16484375,1.5935546875000002,0.2810546875,0.029224609375000002,0.6666796875,84.27,11.712825449053698,15.4,1.2
395,0.029550781250000005,0.2171875,0.28203125,2.2908203125,0.42167968750000007,0.016650390625,0.6666796875,48.416,27.17385699528133,13.8,7.626270385975047
396,0.03556640625,0.23593750000000002,0.21484375,1.3810546875,0.16855468750000002,0.018349609375,0.6508203124999999,81.976,13.187358492131773,16.2,1.5999999999999999
397,0.07330078125,0.23593750000000002,0.21484375,1.3810546875,0.16855468750000002,0.018349609375,0.6508203124999999,91.444,10.043667855917976,15.2,1.1661903789690602
398,0.03556640625,0.7171875000000001,0.21484375,1.3810546875,0.16855468750000002,0.018349609375,0.6508203124999999,81.976,13.187358492131773,16.2,1.5999999999999999
399,0.03556640625,0.23593750000000002,0.33203125,1.3810546875,0.16855468750000002,0.018349609375,0.6508203124999999,85.312,11.359005942422955,16.0,1.5491933384829668
400,0.03556640625,0.23593750000000002,0.21484375,1.2283203125,0.16855468750000002,0.018349609375,0.6508203124999999,83.192,11.790537561960438,16.0,1.5491933384829668
401,0.03556640625,0.23593750000000002,0.21484375,1.3810546875,0.5341796875,0.018349609375,0.6508203124999999,81.976,13.187358492131773,16.2,1.5999999999999999
402,0.03556640625,0.23593750000000002,0.21484375,1.3810546875,0.16855468750000002,0.027525390625,0.6508203124999999,83.748,11.737167290279201,15.2,1.1661903789690602
403,0.03556640625,0.23593750000000002,0.21484375,1.3810546875,0.16855468750000002,0.018349609375,0.7191796874999999,38.916000000000004,32.406212120517885,10.0,9.16515138991168
404,0.07330078125,0.7171875000000001,0.33203125,1.2283203125,0.5341796875,0.027525390625,0.7191796874999999,84.46,11.520631927112328,15.4,1.2
405,0.07056640625,0.6359375,0.41484375000000007,2.2310546875,0.6185546875,0.003849609375,0.5808203125,89.944,10.343056801545663,13.0,4.0
406,0.038300781250000006,0.6359375,0.41484375000000007,2.2310546875,0.6185546875,0.003849609375,0.5808203125,91.646,10.0444484169117,16.0,1.5491933384829668
407,0.07056640625,0.3171875,0.41484375000000007,2.2310546875,0.6185546875,0.003849609375,0.5808203125,89.944,10.343056801545663,13.0,4.0
408,0.07056640625,0.6359375,0.13203125000000002,2.2310546875,0.6185546875,0.003849609375,0.5808203125,94.5,9.700282470113953,14.0,4.0
409,0.07056640625,0.6359375,0.41484375000000007,2.0783203125,0.6185546875,0.003849609375,0.5808203125,88.132,10.64894999518732,13.0,4.0
410,0.07056640625,0.6359375,0.41484375000000007,2.2310546875,0.9841796875,0.003849609375,0.5808203125,89.944,10.343056801545663,13.0,4.0
411,0.07056640625,0.6359375,0.41484375000000007,2.2310546875,0.6185546875,0.013025390625000001,0.5808203125,94.88199999999999,9.836004066692938,12.8,4.4
412,0.07056640625,0.6359375,0.41484375000000007,2.2310546875,0.6185546875,0.003849609375,0.6491796875,92.624,9.757988727191686,16.0,1.5491933384829668
413,0.038300781250000006,0.3171875,0.13203125000000002,2.0783203125,0.9841796875,0.013025390625000001,0.6491796875,77.268,23.57878487115059,17.2,2.1354156504062622
414,0.05306640625,0.43593750000000003,0.11484375000000001,0.9560546875,0.8435546875,0.011099609375,0.6858203125,77.97200000000001,19.927567237372454,16.8,1.9390719429665315
415,0.02080078125,0.43593750000000003,0.11484375000000001,0.9560546875,0.8435546875,0.011099609375,0.6858203125,20.0,40.0,2.0,6.0
416,0.05306640625,0.5171875,0.11484375000000001,0.9560546875,0.8435546875,0.011099609375,0.6858203125,77.97200000000001,19.927567237372454,16.8,1.9390719429665315
417,0.05306640625,0.43593750000000003,0.23203125000000002,0.9560546875,0.8435546875,0.011099609375,0.6858203125,81.906,17.63649466305592,16.2,1.5999999999999999
418,0.05306640625,0.43593750000000003,0.11484375000000001,1.6533203125,0.8435546875,0.011099609375,0.6858203125,74.958,23.58768865319364,16.8,1.9390719429665315
419,0.05306640625,0.43593750000000003,0.11484375000000001,0.9560546875,0.7591796875,0.011099609375,0.6858203125,77.97200000000001,19.927567237372454,16.8,1.9390719429665315
420,0.05306640625,0.43593750000000003,0.11484375000000001,0.9560546875,0.8435546875,0.020275390625,0.6858203125,88.146,11.214456027824088,16.0,1.5491933384829668
421,0.05306640625,0.43593750000000003,0.11484375000000001,0.9560546875,0.8435546875,0.011099609375,0.6841796874999999,78.81,19.430581051528026,16.8,1.9390719429665315
422,0.02080078125,0.5171875,0.23203125000000002,1.6533203125,0.7591796875,0.020275390625,0.6841796874999999,25.034,38.72469992136802,5.8,8.541662601625049
423,0.01806640625,0.8359375,0.31484375,1.8060546875,0.3935546875,0.025599609375,0.6158203124999999,84.72,11.697772437519887,15.2,1.1661903789690602
424,0.05580078125000001,0.8359375,0.31484375,1.8060546875,0.3935546875,0.025599609375,0.6158203124999999,94.11,9.616618948466243,13.0,3.521363372331802
425,0.01806640625,0.9171875,0.31484375,1.8060546875,0.3935546875,0.025599609375,0.6158203124999999,84.72,11.697772437519887,15.2,1.1661903789690602
426,0.01806640625,0.8359375,0.43203125,1.8060546875,0.3935546875,0.025599609375,0.6158203124999999,88.01400000000001,10.793971650879952,15.0,1.0954451150103321
427,0.01806640625,0.8359375,0.31484375,0.8033203125,0.3935546875,0.025599609375,0.6158203124999999,86.71200000000002,10.841910163804164,13.6,2.33238075793812
428,0.01806640625,0.8359375,0.31484375,1.8060546875,0.3091796875,0.025599609375,0.6158203124999999,84.77199999999999,11.56949679113141,15.2,1.1661903789690602
429,0.01806640625,0.8359375,0.31484375,1.8060546875,0.3935546875,0.005775390625,0.6158203124999999,20.0,40.0,1.8,5.6
430,0.01806640625,0.8359375,0.31484375,1.8060546875,0.3935546875,0.025599609375,0.6141796875,83.94,11.630499559348259,15.2,1.1661903789690602
431,0.05580078125000001,0.9171875,0.43203125,0.8033203125,0.3091796875,0.005775390625,0.6141796875,93.31800000000001,9.978928599804691,13.6,4.317406628984581
432,0.01587890625,0.4109375,0.25234375,1.5404296875,0.7029296875,0.004755859375,0.5939453124999999,21.72,39.281466367741416,1.8,5.6
433,0.02298828125,0.4109375,0.25234375,1.5404296875,0.7029296875,0.004755859375,0.5939453124999999,66.402,22.71639619305844,17.6,2.3323807579381204
434,0.01587890625,0.8421875000000001,0.25234375,1.5404296875,0.7029296875,0.004755859375,0.5939453124999999,21.72,39.281466367741416,1.8,5.6
435,0.01587890625,0.4109375,0.21953125,1.5404296875,0.7029296875,0.004755859375,0.5939453124999999,20.726,39.66192511716999,1.8,5.6
436,0.01587890625,0.4109375,0.25234375,0.8564453125,0.7029296875,0.004755859375,0.5939453124999999,36.81,33.97686153840581,5.8,8.541662601625049
437,0.01587890625,0.4109375,0.25234375,1.5404296875,0.4498046875,0.004755859375,0.5939453124999999,21.72,39.281466367741416,1.8,5.6
438,0.01587890625,0.4109375,0.25234375,1.5404296875,0.7029296875,0.028431640625,0.5939453124999999,89.334,10.60726279489671,13.2,1.5999999999999999
439,0.01587890625,0.4109375,0.25234375,1.5404296875,0.7029296875,0.004755859375,0.5835546875,26.688,38.25224040497497,5.8,8.541662601625049
440,0.02298828125,0.8421875000000001,0.21953125,0.8564453125,0.4498046875,0.028431640625,0.5835546875,85.616,11.185650808066558,10.4,2.727636339397171
441,0.05087890625000001,0.8109375000000001,0.45234375000000004,2.3904296875,0.2529296875,0.019255859375,0.6639453125,90.84,10.100073267060987,16.0,1.5491933384829668
442,0.05798828125000001,0.8109375000000001,0.45234375000000004,2.3904296875,0.2529296875,0.019255859375,0.6639453125,87.626,10.811987051416589,15.4,1.2
443,0.05087890625000001,0.4421875,0.45234375000000004,2.3904296875,0.2529296875,0.019255859375,0.6639453125,90.84,10.100073267060987,16.0,1.5491933384829668
444,0.05087890625000001,0.8109375000000001,0.41953125,2.3904296875,0.2529296875,0.019255859375,0.6639453125,90.034,10.400103076412275,16.0,1.5491933384829668
445,0.05087890625000001,0.8109375000000001,0.45234375000000004,1.7064453125,0.2529296875,0.019255859375,0.6639453125,86.29799999999999,11.057219180246003,15.4,1.2
446,0.05087890625000001,0.8109375000000001,0.45234375000000004,2.3904296875,0.8998046875,0.019255859375,0.6639453125,90.84,10.100073267060987,16.0,1.5491933384829668
447,0.05087890625000001,0.8109375000000001,0.45234375000000004,2.3904296875,0.2529296875,0.013931640625000002,0.6639453125,81.732,13.673692112959104,16.2,1.5999999999999999
448,0.05087890625000001,0.8109375000000001,0.45234375000000004,2.3904296875,0.2529296875,0.019255859375,0.6535546875,88.49999999999999,10.452215076241016,15.4,1.2
449,0.05798828125000001,0.4421875,0.41953125,1.7064453125,0.8998046875,0.013931640625000002,0.6535546875,86.08399999999999,11.24900280024856,15.4,1.2
450,0.06837890625000001,0.2109375,0.15234375,1.1154296875,0.4779296875,0.026505859375,0.6289453125,93.95,9.607422130831974,13.0,3.521363372331802
451,0.07548828125,0.2109375,0.15234375,1.1154296875,0.4779296875,0.026505859375,0.6289453125,93.316,9.832433269542186,13.0,3.521363372331802
452,0.06837890625000001,0.2421875,0.15234375,1.1154296875,0.4779296875,0.026505859375,0.6289453125,93.95,9.607422130831974,13.0,3.521363372331802
453,0.06837890625000001,0.2109375,0.31953125000000004,1.1154296875,0.4779296875,0.026505859375,0.6289453125,90.556,10.224679163670615,12.6,3.3226495451672298
454,0.06837890625000001,0.2109375,0.15234375,2.1314453125,0.4779296875,0.026505859375,0.6289453125,83.872,11.669790743625182,13.6,2.8000000000000003
455,0.06837890625000001,0.2109375,0.15234375,1.1154296875,0.6748046875,0.026505859375,0.6289453125,93.95,9.607422130831974,13.0,3.521363372331802
456,0.06837890625000001,0.2109375,0.15234375,1.1154296875,0.4779296875,0.021181640625,0.6289453125,89.88399999999999,10.586800460951364,13.4,3.2000000000000006
457,0.06837890625000001,0.2109375,0.15234375,1.1154296875,0.4779296875,0.026505859375,0.6185546875,91.35600000000001,10.155157507394954,12.8,3.4292856398964493
458,0.07548828125,0.2421875,0.31953125000000004,2.1314453125,0.6748046875,0.021181640625,0.6185546875,94.612,9.708271524839013,13.2,3.6
459,0.03337890625,0.6109375,0.35234375000000007,1.9654296875,0.9279296875,0.012005859375,0.6989453125,25.13,38.716186795706,5.8,8.541662601625049
460,0.04048828125,0.6109375,0.35234375000000007,1.9654296875,0.9279296875,0.012005859375,0.6989453125,47.676,27.479916739320736,13.6,7.631513611335566
461,0.03337890625,0.6421875,0.35234375000000007,1.9654296875,0.9279296875,0.012005859375,0.6989453125,25.13,38.716186795706,5.8,8.541662601625049
462,0.03337890625,0.6109375,0.11953125,1.9654296875,0.9279296875,0.012005859375,0.6989453125,21.774,39.26357477357354,1.8,5.6
463,0.03337890625,0.6109375,0.35234375000000007,1.2814453125,0.9279296875,0.012005859375,0.6989453125,36.02799999999999,34.46542464557778,5.8,8.541662601625049
464,0.03337890625,0.6109375,0.35234375000000007,1.9654296875,0.2248046875,0.012005859375,0.6989453125,25.13,38.716186795706,5.8,8.541662601625049
465,0.03337890625,0.6109375,0.35234375000000007,1.9654296875,0.9279296875,0.0066816406250000005,0.6989453125,20.0,40.0,1.8,5.6
466,0.03337890625,0.6109375,0.35234375000000007,1.9654296875,0.9279296875,0.012005859375,0.6885546874999999,33.102000000000004,36.5985318831234,5.8,8.541662601625049
467,0.04048828125,0.6421875,0.11953125,1.2814453125,0.2248046875,0.0066816406250000005,0.6885546874999999,34.928,35.17914006908071,5.8,8.541662601625049
468,0.04212890625000001,0.31093750000000003,0.40234375,1.7529296875,0.8154296875,0.008380859375,0.6464453124999999,79.054,19.482106251635113,16.8,1.9390719429665315
469,0.06673828125,0.31093750000000003,0.40234375,1.7529296875,0.8154296875,0.008380859375,0.6464453124999999,86.364,11.09043840431928,15.0,2.0
470,0.04212890625000001,0.3421875,0.40234375,1.7529296875,0.8154296875,0.008380859375,0.6464453124999999,79.054,19.482106251635113,16.8,1.9390719429665315
471,0.04212890625000001,0.31093750000000003,0.46953125000000007,1.7529296875,0.8154296875,0.008380859375,0.6464453124999999,81.50800000000001,17.94770447717479,16.2,1.5999999999999999
472,0.04212890625000001,0.31093750000000003,0.40234375,2.3439453125,0.8154296875,0.008380859375,0.6464453124999999,74.55600000000001,23.528186160433194,16.8,1.9390719429665315
473,0.04212890625000001,0.31093750000000003,0.40234375,1.7529296875,0.1123046875,0.008380859375,0.6464453124999999,78.89599999999999,19.444033120728836,16.8,1.9390719429665315
474,0.04212890625000001,0.31093750000000003,0.40234375,1.7529296875,0.8154296875,0.017556640625,0.6464453124999999,90.292,10.121990713293506,15.6,1.3564659966250536
475,0.04212890625000001,0.31093750000000003,0.40234375,1.7529296875,0.8154296875,0.008380859375,0.6710546875,76.90799999999999,23.20180803299605,17.2,2.1354156504062622
476,0.06673828125,0.3421875,0.46953125000000007,2.3439453125,0.1123046875,0.017556640625,0.6710546875,86.006,11.256224233729533,15.4,1.2
477,0.07712890625,0.7109375,0.20234375000000002,0.9029296875,0.36542968750000004,0.022880859375,0.7164453125,85.10600000000001,11.33614502377241,15.4,1.2
478,0.03173828125,0.7109375,0.20234375000000002,0.9029296875,0.36542968750000004,0.022880859375,0.7164453125,63.29200000000001,23.188729503791276,17.6,2.3323807579381204
479,0.07712890625,0.7421875,0.20234375000000002,0.9029296875,0.36542968750000004,0.022880859375,0.7164453125,85.10600000000001,11.33614502377241,15.4,1.2
480,0.07712890625,0.7109375,0.26953125,0.9029296875,0.36542968750000004,0.022880859375,0.7164453125,83.6,11.818153832134694,15.4,1.2
481,0.07712890625,0.7109375,0.20234375000000002,1.4939453125000002,0.36542968750000004,0.022880859375,0.7164453125,89.03,10.199774507311425,15.4,1.2
482,0.07712890625,0.7109375,0.20234375000000002,0.9029296875,0.5623046875000001,0.022880859375,0.7164453125,85.10600000000001,11.33614502377241,15.4,1.2
483,0.07712890625,0.7109375,0.20234375000000002,0.9029296875,0.36542968750000004,0.003056640625,0.7164453125,81.40599999999999,19.324124404484667,16.6,1.8547236990991407
484,0.07712890625,0.7109375,0.20234375000000002,0.9029296875,0.36542968750000004,0.022880859375,0.6010546875,84.92,11.216653689938013,12.0,4.0
485,0.03173828125,0.7421875,0.26953125,1.4939453125000002,0.5623046875000001,0.003056640625,0.6010546875,74.328,23.621274648079428,16.8,1.9390719429665315
486,0.05962890625000001,0.5109375,0.30234375,2.1779296875,0.1404296875,0.030130859375,0.6114453125,90.63,10.281180866028961,12.6,3.3226495451672298
487,0.014238281250000002,0.5109375,0.30234375,2.1779296875,0.1404296875,0.030130859375,0.6114453125,84.122,11.772178048262777,15.2,1.1661903789690602
488,0.05962890625000001,0.9421875,0.30234375,2.1779296875,0.1404296875,0.030130859375,0.6114453125,90.63,10.281180866028961,12.6,3.3226495451672298
489,0.05962890625000001,0.5109375,0.16953125000000002,2.1779296875,0.1404296875,0.030130859375,0.6114453125,93.478,9.813835947273626,13.2,3.1240998703626617
490,0.05962890625000001,0.5109375,0.30234375,1.0689453125,0.1404296875,0.030130859375,0.6114453125,94.104,9.624222773813996,12.0,3.521363372331802
491,0.05962890625000001,0.5109375,0.30234375,2.1779296875,0.7873046875,0.030130859375,0.6114453125,90.63,10.281180866028961,12.6,3.3226495451672298
492,0.05962890625000001,0.5109375,0.30234375,2.1779296875,0.1404296875,0.024806640625,0.6114453125,94.538,9.703088992686814,13.4,3.2000000000000006
493,0.05962890625000001,0.5109375,0.30234375,2.1779296875,0.1404296875,0.030130859375,0.7060546875,89.248,10.120484968616868,15.4,1.2
494,0.014238281250000002,0.9421875,0.16953125000000002,1.0689453125,0.7873046875,0.024806640625,0.7060546875,20.0,40.0,1.8,5.6
495,0.024628906250000002,0.9109375,0.10234375000000001,1.3279296875000002,0.5904296875,0.015630859375,0.6814453125,23.834,38.799977113395315,1.8,5.6
496,0.04923828125000001,0.9109375,0.10234375000000001,1.3279296875000002,0.5904296875,0.015630859375,0.6814453125,79.256,18.872279777493763,16.6,1.8547236990991407
497,0.024628906250000002,0.5421875,0.10234375000000001,1.3279296875000002,0.5904296875,0.015630859375,0.6814453125,23.834,38.799977113395315,1.8,5.6
498,0.024628906250000002,0.9109375,0.36953125,1.3279296875000002,0.5904296875,0.015630859375,0.6814453125,35.912,34.455638377484746,5.8,8.541662601625049
499,0.024628906250000002,0.9109375,0.10234375000000001,1.9189453125,0.5904296875,0.015630859375,0.6814453125,20.676,39.68359741757292,1.8,5.6
500,0.024628906250000002,0.9109375,0.10234375000000001,1.3279296875000002,0.3373046875,0.015630859375,0.6814453125,23.834,38.799977113395315,1.8,5.6
501,0.024628906250000002,0.9109375,0.10234375000000001,1.3279296875000002,0.5904296875,0.010306640625,0.6814453125,20.0,40.0,1.8,5.6
502,0.024628906250000002,0.9109375,0.10234375000000001,1.3279296875000002,0.5904296875,0.015630859375,0.6360546874999999,74.09,23.373418235251773,17.2,2.1354156504062622
503,0.04923828125000001,0.5421875,0.36953125,1.9189453125,0.3373046875,0.010306640625,0.6360546874999999,89.454,10.823281572610037,16.0,1.5491933384829668
504,0.020253906250000002,0.26093750000000004,0.32734375000000004,1.0091796875,0.3091796875,0.013818359375000002,0.6376953125,72.64,22.31743892116656,17.2,2.1354156504062622
505,0.07111328125000001,0.26093750000000004,0.32734375000000004,1.0091796875,0.3091796875,0.013818359375000002,0.6376953125,87.814,10.776159983964602,13.4,3.2000000000000006
506,0.020253906250000002,0.3921875,0.32734375000000004,1.0091796875,0.3091796875,0.013818359375000002,0.6376953125,72.64,22.31743892116656,17.2,2.1354156504062622
507,0.020253906250000002,0.26093750000000004,0.14453125,1.0091796875,0.3091796875,0.013818359375000002,0.6376953125,47.772,27.39904699072579,13.6,7.631513611335566
508,0.020253906250000002,0.26093750000000004,0.32734375000000004,2.0251953125,0.3091796875,0.013818359375000002,0.6376953125,34.699999999999996,35.350926437648,6.0,8.717797887081348
509,0.020253906250000002,0.26093750000000004,0.32734375000000004,1.0091796875,0.5060546875,0.013818359375000002,0.6376953125,72.906,22.368483721522114,17.2,2.1354156504062622
510,0.020253906250000002,0.26093750000000004,0.32734375000000004,1.0091796875,0.3091796875,0.004869140625000001,0.6376953125,20.806,39.62774967115847,2.0,6.0
511,0.020253906250000002,0.26093750000000004,0.32734375000000004,1.0091796875,0.3091796875,0.013818359375000002,0.7148046875,20.0,40.0,2.2,6.400000000000001
512,0.07111328125000001,0.3921875,0.14453125,2.0251953125,0.5060546875,0.004869140625000001,0.7148046875,76.946,23.57150449165263,17.2,1.5999999999999999
513,0.055253906250000005,0.6609375,0.12734375,1.8591796875,0.7591796875,0.028318359375,0.7076953125,84.002,11.504829246885848,16.0,1.5491933384829668
514,0.036113281250000004,0.6609375,0.12734375,1.8591796875,0.7591796875,0.028318359375,0.7076953125,76.462,23.687185058592338,16.8,1.9390719429665315
515,0.055253906250000005,0.7921875,0.12734375,1.8591796875,0.7591796875,0.028318359375,0.7076953125,84.002,11.504829246885848,16.0,1.5491933384829668
516,0.055253906250000005,0.6609375,0.34453125,1.8591796875,0.7591796875,0.028318359375,0.7076953125,90.146,10.198620691054256,15.8,1.4696938456699067
517,0.055253906250000005,0.6609375,0.12734375,1.1751953125,0.7591796875,0.028318359375,0.7076953125,89.858,10.187979976423195,15.8,1.4696938456699067
518,0.055253906250000005,0.6609375,0.12734375,1.8591796875,0.9560546875,0.028318359375,0.7076953125,84.002,11.504829246885848,16.0,1.5491933384829668
519,0.055253906250000005,0.6609375,0.12734375,1.8591796875,0.7591796875,0.019369140625,0.7076953125,76.03999999999999,20.42979490841746,16.8,1.9390719429665315
520,0.055253906250000005,0.6609375,0.12734375,1.8591796875,0.7591796875,0.028318359375,0.6448046875,90.076,10.12571498710091,14.0,2.5298221281347035
521,0.036113281250000004,0.7921875,0.34453125,1.1751953125,0.9560546875,0.019369140625,0.6448046875,87.318,10.817085374535969,15.4,1.2
522,0.07275390625,0.4609375,0.42734375,1.4341796875,0.9841796875,0.021068359375,0.6026953125,85.206,11.594320333680622,12.0,4.0
523,0.018613281250000002,0.4609375,0.42734375,1.4341796875,0.9841796875,0.021068359375,0.6026953125,88.33800000000001,10.743925539578166,14.2,1.5999999999999999
524,0.07275390625,0.9921875,0.42734375,1.4341796875,0.9841796875,0.021068359375,0.6026953125,85.206,11.594320333680622,11.8,4.4
525,0.07275390625,0.4609375,0.44453125000000004,1.4341796875,0.9841796875,0.021068359375,0.6026953125,84.206,11.710078735858268,12.0,4.0
526,0.07275390625,0.4609375,0.42734375,1.6001953125,0.9841796875,0.021068359375,0.6026953125,87.742,10.783584561730853,12.0,4.0
527,0.07275390625,0.4609375,0.42734375,1.4341796875,0.7310546875,0.021068359375,0.6026953125,85.206,11.594320333680622,12.0,4.0
528,0.07275390625,0.4609375,0.42734375,1.4341796875,0.9841796875,0.012119140625,0.6026953125,95.04400000000001,9.912,13.0,4.0
529,0.07275390625,0.4609375,0.42734375,1.4341796875,0.9841796875,0.021068359375,0.6798046875,92.99999999999999,10.024567821108304,14.2,3.1240998703626617
530,0.018613281250000002,0.9921875,0.44453125000000004,1.6001953125,0.7310546875,0.012119140625,0.6798046875,20.0,40.0,1.8,5.6
531,0.037753906250000004,0.8609375000000001,0.22734375,2.2841796875,0.5341796875,0.006568359375000001,0.6726953124999999,26.387999999999998,38.35180381676982,5.8,8.541662601625049
532,0.053613281250000006,0.8609375000000001,0.22734375,2.2841796875,0.5341796875,0.006568359375000001,0.6726953124999999,77.326,23.67639719214053,17.2,2.1354156504062622
533,0.037753906250000004,0.5921875000000001,0.22734375,2.2841796875,0.5341796875,0.006568359375000001,0.6726953124999999,26.387999999999998,38.35180381676982,5.8,8.541662601625049
534,0.037753906250000004,0.8609375000000001,0.24453125,2.2841796875,0.5341796875,0.006568359375000001,0.6726953124999999,26.996,38.12266339069189,5.8,8.541662601625049
535,0.037753906250000004,0.8609375000000001,0.22734375,2.4501953125,0.5341796875,0.006568359375000001,0.6726953124999999,25.082,38.71579749921213,5.8,8.541662601625049
536,0.037753906250000004,0.8609375000000001,0.22734375,2.2841796875,0.2810546875,0.006568359375000001,0.6726953124999999,26.387999999999998,38.35180381676982,5.8,8.541662601625049
537,0.037753906250000004,0.8609375000000001,0.22734375,2.2841796875,0.5341796875,0.026619140625,0.6726953124999999,81.852,14.520123139973709,16.2,1.5999999999999999
538,0.037753906250000004,0.8609375000000001,0.22734375,2.2841796875,0.5341796875,0.006568359375000001,0.6098046874999999,73.358,23.13072623157345,16.8,1.9390719429665315
539,0.053613281250000006,0.5921875000000001,0.24453125,2.4501953125,0.2810546875,0.026619140625,0.6098046874999999,87.90799999999999,10.64015300641866,13.6,2.8000000000000003
540,0.029003906250000003,0.5609375000000001,0.17734375000000002,2.4966796875,0.42167968750000007,0.017443359375000002,0.5851953125,89.56599999999999,10.185455512641543,15.4,1.2
541,0.027363281250000003,0.5609375000000001,0.17734375000000002,2.4966796875,0.42167968750000007,0.017443359375000002,0.5851953125,89.076,10.629471482627913,15.8,1.4696938456699067
542,0.029003906250000003,0.8921875000000001,0.17734375000000002,2.4966796875,0.42167968750000007,0.017443359375000002,0.5851953125,89.56599999999999,10.185455512641543,15.4,1.2
543,0.029003906250000003,0.5609375000000001,0.39453125,2.4966796875,0.42167968750000007,0.017443359375000002,0.5851953125,88.566,10.559963257511837,14.8,1.9390719429665315
544,0.029003906250000003,0.5609375000000001,0.17734375000000002,1.3876953125,0.42167968750000007,0.017443359375000002,0.5851953125,89.588,10.325408272799677,13.8,2.4
545,0.029003906250000003,0.5609375000000001,0.17734375000000002,2.4966796875,0.16855468750000002,0.017443359375000002,0.5851953125,89.56599999999999,10.185455512641543,15.4,1.2
546,0.029003906250000003,0.5609375000000001,0.17734375000000002,2.4966796875,0.42167968750000007,0.015744140625,0.5851953125,87.244,11.208115987979426,16.0,1.5491933384829668
547,0.029003906250000003,0.5609375000000001,0.17734375000000002,2.4966796875,0.42167968750000007,0.017443359375000002,0.6273046875,75.426,23.33531281127382,16.8,1.9390719429665315
548,0.027363281250000003,0.8921875000000001,0.39453125,1.3876953125,0.16855468750000002,0.015744140625,0.6273046875,84.38199999999999,11.462136624556523,16.0,1.5491933384829668
549,0.06400390625,0.9609375,0.37734375,1.6466796875,0.8716796875,0.031943359375,0.6551953125,94.218,9.632732530284438,13.0,3.521363372331802
550,0.062363281250000006,0.9609375,0.37734375,1.6466796875,0.8716796875,0.031943359375,0.6551953125,94.238,9.616611461424444,13.2,3.6
551,0.06400390625,0.4921875,0.37734375,1.6466796875,0.8716796875,0.031943359375,0.6551953125,94.218,9.632732530284438,13.2,3.1240998703626617
552,0.06400390625,0.9609375,0.19453125000000002,1.6466796875,0.8716796875,0.031943359375,0.6551953125,85.89599999999999,11.130557218755943,13.4,3.2000000000000006
553,0.06400390625,0.9609375,0.37734375,2.2376953125,0.8716796875,0.031943359375,0.6551953125,85.578,11.045343634310342,13.4,3.2000000000000006
554,0.06400390625,0.9609375,0.37734375,1.6466796875,0.6185546875,0.031943359375,0.6551953125,94.218,9.632732530284438,13.0,3.521363372331802
555,0.06400390625,0.9609375,0.37734375,1.6466796875,0.8716796875,0.030244140625,0.6551953125,93.39000000000001,9.476100463798385,13.2,3.6
556,0.06400390625,0.9609375,0.37734375,1.6466796875,0.8716796875,0.031943359375,0.6973046875,92.17,9.907417423324807,14.4,2.727636339397171
557,0.062363281250000006,0.4921875,0.19453125000000002,2.2376953125,0.6185546875,0.030244140625,0.6973046875,87.61399999999999,10.7472184308313,15.4,1.2
558,0.046503906250000004,0.3609375,0.27734375,2.0716796875,0.6466796875,0.024693359375,0.6201953124999999,87.12799999999999,10.735921758284194,13.8,2.4
559,0.07986328125,0.3609375,0.27734375,2.0716796875,0.6466796875,0.024693359375,0.6201953124999999,94.274,9.642982111359537,13.2,3.6
560,0.046503906250000004,0.29218750000000004,0.27734375,2.0716796875,0.6466796875,0.024693359375,0.6201953124999999,87.12799999999999,10.735921758284194,13.8,2.4
561,0.046503906250000004,0.3609375,0.29453125,2.0716796875,0.6466796875,0.024693359375,0.6201953124999999,86.584,11.102494494481862,13.8,2.4
562,0.046503906250000004,0.3609375,0.27734375,1.8126953125,0.6466796875,0.024693359375,0.6201953124999999,83.898,11.624812084502699,13.6,2.8000000000000003
563,0.046503906250000004,0.3609375,0.27734375,2.0716796875,0.8435546875,0.024693359375,0.6201953124999999,87.12799999999999,10.735921758284194,13.8,2.4
564,0.046503906250000004,0.3609375,0.27734375,2.0716796875,0.6466796875,0.008494140625,0.6201953124999999,83.55199999999999,11.786486160005449,16.2,1.5999999999999999
565,0.046503906250000004,0.3609375,0.27734375,2.0716796875,0.6466796875,0.024693359375,0.5923046875,92.872,10.040508752050366,13.2,3.1240998703626617
566,0.07986328125,0.29218750000000004,0.29453125,1.8126953125,0.8435546875,0.008494140625,0.5923046875,87.02400000000002,10.737691744504497,13.0,4.0
567,0.011503906250000001,0.7609375,0.47734375000000007,1.2216796875,0.1966796875,0.010193359375,0.6901953125,20.0,40.0,1.8,5.6
568,0.044863281250000005,0.7609375,0.47734375000000007,1.2216796875,0.1966796875,0.010193359375,0.6901953125,73.86800000000001,23.626019046805155,16.8,1.9390719429665315
569,0.011503906250000001,0.6921875,0.47734375000000007,1.2216796875,0.1966796875,0.010193359375,0.6901953125,20.0,40.0,1.8,5.6
570,0.011503906250000001,0.7609375,0.49453125,1.2216796875,0.1966796875,0.010193359375,0.6901953125,20.0,40.0,1.8,5.6
571,0.011503906250000001,0.7609375,0.47734375000000007,0.9626953125000001,0.1966796875,0.010193359375,0.6901953125,20.0,40.0,1.8,5.6
572,0.011503906250000001,0.7609375,0.47734375000000007,1.2216796875,0.3935546875,0.010193359375,0.6901953125,20.0,40.0,1.8,5.6
573,0.011503906250000001,0.7609375,0.47734375000000007,1.2216796875,0.1966796875,0.022994140625,0.6901953125,23.074,38.92091859142073,1.8,5.6
574,0.011503906250000001,0.7609375,0.47734375000000007,1.2216796875,0.1966796875,0.010193359375,0.6623046874999999,20.0,40.0,1.8,5.6
575,0.044863281250000005,0.6921875,0.49453125,0.9626953125000001,0.3935546875,0.022994140625,0.6623046874999999,91.076,10.16239066361848,14.2,2.6381811916545836
576,0.01205078125,0.27968750000000003,0.29921875,1.8458984375,0.4427734375,0.014951171875000002,0.7153515625,20.0,40.0,2.6,7.200000000000001
577,0.039941406250000006,0.27968750000000003,0.29921875,1.8458984375,0.4427734375,0.014951171875000002,0.7153515625,39.828,31.805695967860853,14.0,7.745966692414834
578,0.01205078125,0.9734375,0.29921875,1.8458984375,0.4427734375,0.014951171875000002,0.7153515625,20.0,40.0,1.8,5.6
579,0.01205078125,0.27968750000000003,0.28515625,1.8458984375,0.4427734375,0.014951171875000002,0.7153515625,20.0,40.0,2.6,7.200000000000001
580,0.01205078125,0.27968750000000003,0.29921875,1.6931640625000002,0.4427734375,0.014951171875000002,0.7153515625,20.0,40.0,2.4,6.8
581,0.01205078125,0.27968750000000003,0.29921875,1.8458984375,0.7943359375,0.014951171875000002,0.7153515625,20.0,40.0,2.6,7.200000000000001
582,0.01205078125,0.27968750000000003,0.29921875,1.8458984375,0.4427734375,0.012345703125,0.7153515625,20.0,40.0,2.6,7.200000000000001
583,0.01205078125,0.27968750000000003,0.29921875,1.8458984375,0.4427734375,0.014951171875000002,0.6962109375,20.0,40.0,2.4,6.8
584,0.039941406250000006,0.9734375,0.28515625,1.6931640625000002,0.7943359375,0.012345703125,0.6962109375,52.918000000000006,25.502600965391746,17.6,2.3323807579381204
585,0.04705078125000001,0.6796875,0.49921875000000004,0.9958984375000001,0.8927734375,0.029451171875,0.6453515624999999,90.49,10.354944712551585,12.6,3.3226495451672298
586,0.07494140625,0.6796875,0.49921875000000004,0.9958984375000001,0.8927734375,0.029451171875,0.6453515624999999,84.14,11.325399772193473,12.2,3.6
587,0.04705078125000001,0.5734375,0.49921875000000004,0.9958984375000001,0.8927734375,0.029451171875,0.6453515624999999,90.49,10.354944712551585,12.6,3.3226495451672298
588,0.04705078125000001,0.6796875,0.48515625000000007,0.9958984375000001,0.8927734375,0.029451171875,0.6453515624999999,90.994,10.164750070710054,12.8,3.4292856398964493
589,0.04705078125000001,0.6796875,0.49921875000000004,0.8431640625000001,0.8927734375,0.029451171875,0.6453515624999999,88.602,10.571097199439613,12.4,3.2000000000000006
590,0.04705078125000001,0.6796875,0.49921875000000004,0.9958984375000001,0.3443359375,0.029451171875,0.6453515624999999,90.49,10.354944712551585,12.6,3.3226495451672298
591,0.04705078125000001,0.6796875,0.49921875000000004,0.9958984375000001,0.8927734375,0.026845703125000002,0.6453515624999999,93.68,9.789645550274027,13.2,3.1240998703626617
592,0.04705078125000001,0.6796875,0.49921875000000004,0.9958984375000001,0.8927734375,0.029451171875,0.6262109375,92.64599999999999,9.512803162054809,12.0,3.521363372331802
593,0.07494140625,0.5734375,0.48515625000000007,0.8431640625000001,0.3443359375,0.026845703125000002,0.6262109375,94.916,9.85907419588675,12.0,4.0
594,0.06455078125000001,0.47968750000000004,0.19921875,2.2708984375,0.6677734375,0.022201171875,0.6803515625,90.362,10.146326231695884,15.6,1.3564659966250536
595,0.05744140625000001,0.47968750000000004,0.19921875,2.2708984375,0.6677734375,0.022201171875,0.6803515625,87.274,11.135344808311956,16.0,1.5491933384829668
596,0.06455078125000001,0.37343750000000003,0.19921875,2.2708984375,0.6677734375,0.022201171875,0.6803515625,90.362,10.146326231695884,15.6,1.3564659966250536
597,0.06455078125000001,0.47968750000000004,0.38515625,2.2708984375,0.6677734375,0.022201171875,0.6803515625,86.08200000000001,11.146928545568056,15.4,1.2
598,0.06455078125000001,0.47968750000000004,0.19921875,1.2681640625,0.6677734375,0.022201171875,0.6803515625,83.672,11.74952833095865,15.4,1.2
599,0.06455078125000001,0.47968750000000004,0.19921875,2.2708984375,0.1193359375,0.022201171875,0.6803515625,90.362,10.146326231695884,15.6,1.3564659966250536
600,0.06455078125000001,0.47968750000000004,0.19921875,2.2708984375,0.6677734375,0.005095703125,0.6803515625,73.262,23.277150512895687,16.8,1.9390719429665315
601,0.06455078125000001,0.47968750000000004,0.19921875,2.2708984375,0.6677734375,0.022201171875,0.6612109374999999,83.842,11.740286878948062,15.4,1.2
602,0.05744140625000001,0.37343750000000003,0.38515625,1.2681640625,0.1193359375,0.005095703125,0.6612109374999999,82.96000000000001,11.69372994386308,16.2,1.5999999999999999
603,0.029550781250000005,0.8796875,0.39921875000000007,1.4208984375,0.2177734375,0.007701171875,0.6103515625,81.78399999999999,16.375616751744037,16.2,1.5999999999999999
604,0.022441406250000004,0.8796875,0.39921875000000007,1.4208984375,0.2177734375,0.007701171875,0.6103515625,76.96400000000001,23.283238262750313,17.2,2.1354156504062622
605,0.029550781250000005,0.7734375,0.39921875000000007,1.4208984375,0.2177734375,0.007701171875,0.6103515625,81.78399999999999,16.375616751744037,16.2,1.5999999999999999
606,0.029550781250000005,0.8796875,0.18515625000000002,1.4208984375,0.2177734375,0.007701171875,0.6103515625,74.566,23.606812237148837,16.8,1.9390719429665315
607,0.029550781250000005,0.8796875,0.39921875000000007,2.1181640625,0.2177734375,0.007701171875,0.6103515625,74.88199999999999,23.542357910795598,16.8,1.9390719429665315
608,0.029550781250000005,0.8796875,0.39921875000000007,1.4208984375,0.5693359375,0.007701171875,0.6103515625,81.78399999999999,16.375616751744037,16.2,1.5999999999999999
609,0.029550781250000005,0.8796875,0.39921875000000007,1.4208984375,0.2177734375,0.019595703125,0.6103515625,89.686,10.420294813487764,13.6,2.8000000000000003
610,0.029550781250000005,0.8796875,0.39921875000000007,1.4208984375,0.2177734375,0.007701171875,0.5912109375,91.138,10.203325732328649,16.0,1.5491933384829668
611,0.022441406250000004,0.7734375,0.18515625000000002,2.1181640625,0.5693359375,0.019595703125,0.5912109375,88.614,10.231112549473785,15.4,1.2
612,0.038300781250000006,0.5796875,0.44921875,1.6333984375,0.10527343750000001,0.011326171874999999,0.6628515625,73.76400000000001,22.97783331822215,16.8,1.9390719429665315
613,0.048691406250000006,0.5796875,0.44921875,1.6333984375,0.10527343750000001,0.011326171874999999,0.6628515625,82.49,12.05750720505694,16.2,1.5999999999999999
614,0.038300781250000006,0.2734375,0.44921875,1.6333984375,0.10527343750000001,0.011326171874999999,0.6628515625,73.76400000000001,22.97783331822215,16.8,1.9390719429665315
615,0.038300781250000006,0.5796875,0.43515625,1.6333984375,0.10527343750000001,0.011326171874999999,0.6628515625,73.858,23.217828839062452,16.8,1.9390719429665315
616,0.038300781250000006,0.5796875,0.44921875,1.4806640625,0.10527343750000001,0.011326171874999999,0.6628515625,74.908,21.53230075955656,16.8,1.9390719429665315
617,0.038300781250000006,0.5796875,0.44921875,1.6333984375,0.6818359375,0.011326171874999999,0.6628515625,73.84200000000001,22.988043326912365,16.8,1.9390719429665315
618,0.038300781250000006,0.5796875,0.44921875,1.6333984375,0.10527343750000001,0.008720703125,0.6628515625,77.136,23.552624142545138,17.2,2.1354156504062622
619,0.038300781250000006,0.5796875,0.44921875,1.6333984375,0.10527343750000001,0.011326171874999999,0.6437109375,81.58399999999999,14.99365812602115,16.2,1.5999999999999999
620,0.048691406250000006,0.2734375,0.43515625,1.4806640625,0.6818359375,0.008720703125,0.6437109375,89.752,10.591127229903343,16.0,1.5491933384829668
621,0.07330078125,0.9796875,0.24921875000000002,2.4833984375,0.5552734375,0.025826171875,0.5928515624999999,91.28599999999999,10.123403775410718,12.4,4.223742416388575
622,0.01369140625,0.9796875,0.24921875000000002,2.4833984375,0.5552734375,0.025826171875,0.5928515624999999,87.72,10.504677053579519,15.2,1.1661903789690602
623,0.07330078125,0.6734375,0.24921875000000002,2.4833984375,0.5552734375,0.025826171875,0.5928515624999999,91.28599999999999,10.123403775410718,12.6,3.826225293941799
624,0.07330078125,0.9796875,0.23515625,2.4833984375,0.5552734375,0.025826171875,0.5928515624999999,91.53399999999999,10.048053741894496,12.6,4.317406628984581
625,0.07330078125,0.9796875,0.24921875000000002,2.3306640625,0.5552734375,0.025826171875,0.5928515624999999,89.74199999999999,10.245477831707019,12.0,4.0
626,0.07330078125,0.9796875,0.24921875000000002,2.4833984375,0.2318359375,0.025826171875,0.5928515624999999,91.28599999999999,10.123403775410718,12.4,4.223742416388575
627,0.07330078125,0.9796875,0.24921875000000002,2.4833984375,0.5552734375,0.023220703125,0.5928515624999999,93.92999999999999,9.64130074211981,12.6,4.317406628984581
628,0.07330078125,0.9796875,0.24921875000000002,2.4833984375,0.5552734375,0.025826171875,0.7137109374999999,90.946,9.980788746386734,16.0,1.5491933384829668
629,0.01369140625,0.6734375,0.23515625,2.3306640625,0.2318359375,0.023220703125,0.7137109374999999,20.0,40.0,1.8,5.6
630,0.05580078125000001,0.3796875,0.34921875,1.2083984375,0.7802734375,0.018576171875000002,0.6978515624999999,86.94800000000001,11.023878446354534,16.0,1.5491933384829668
631,0.031191406250000005,0.3796875,0.34921875,1.2083984375,0.7802734375,0.018576171875000002,0.6978515624999999,65.892,22.836692755300625,17.6,2.3323807579381204
632,0.05580078125000001,0.8734375000000001,0.34921875,1.2083984375,0.7802734375,0.018576171875000002,0.6978515624999999,86.94800000000001,11.023878446354534,16.0,1.5491933384829668
633,0.05580078125000001,0.3796875,0.13515625,1.2083984375,0.7802734375,0.018576171875000002,0.6978515624999999,81.752,13.480564379876682,16.2,1.5999999999999999
634,0.05580078125000001,0.3796875,0.34921875,1.9056640625,0.7802734375,0.018576171875000002,0.6978515624999999,82.03399999999999,13.855109671164639,16.2,1.5999999999999999
635,0.05580078125000001,0.3796875,0.34921875,1.2083984375,0.45683593750000007,0.018576171875000002,0.6978515624999999,86.94800000000001,11.023878446354534,16.0,1.5491933384829668
636,0.05580078125000001,0.3796875,0.34921875,1.2083984375,0.7802734375,0.015970703125,0.6978515624999999,82.564,11.977434783792395,16.2,1.5999999999999999
637,0.05580078125000001,0.3796875,0.34921875,1.2083984375,0.7802734375,0.018576171875000002,0.6087109374999999,94.332,9.65495603304334,13.2,3.6
638,0.031191406250000005,0.8734375000000001,0.13515625,1.9056640625,0.45683593750000007,0.015970703125,0.6087109374999999,83.43199999999999,11.684662425590222,16.0,1.5491933384829668
639,0.02080078125,0.7796875000000001,0.14921875,2.0583984375,0.33027343750000004,0.004076171875,0.6278515625,20.0,40.0,1.8,5.6
640,0.06619140625,0.7796875000000001,0.14921875,2.0583984375,0.33027343750000004,0.004076171875,0.6278515625,91.64,10.165602785865676,16.0,1.5491933384829668
641,0.02080078125,0.4734375,0.14921875,2.0583984375,0.33027343750000004,0.004076171875,0.6278515625,20.0,40.0,2.0,6.0
642,0.02080078125,0.7796875000000001,0.33515625000000004,2.0583984375,0.33027343750000004,0.004076171875,0.6278515625,20.0,40.0,1.8,5.6
643,0.02080078125,0.7796875000000001,0.14921875,1.0556640625,0.33027343750000004,0.004076171875,0.6278515625,20.0,40.0,1.8,5.6
644,0.02080078125,0.7796875000000001,0.14921875,2.0583984375,0.9068359375,0.004076171875,0.6278515625,20.0,40.0,1.8,5.6
645,0.02080078125,0.7796875000000001,0.14921875,2.0583984375,0.33027343750000004,0.030470703125,0.6278515625,87.626,10.622906570237735,15.4,1.2
646,0.02080078125,0.7796875000000001,0.14921875,2.0583984375,0.33027343750000004,0.004076171875,0.6787109375,20.0,40.0,1.8,5.6
647,0.06619140625,0.4734375,0.33515625000000004,1.0556640625,0.9068359375,0.030470703125,0.6787109375,83.41,11.575874912938547,13.6,2.8000000000000003
648,0.02517578125,0.4296875,0.32421875,2.3771484375,0.9490234375,0.009513671875,0.6541015625,21.413999999999998,39.388292473779565,2.0,6.0
649,0.05306640625,0.4296875,0.32421875,2.3771484375,0.9490234375,0.009513671875,0.6541015625,81.792,17.607991821897237,16.2,1.5999999999999999
650,0.02517578125,0.2234375,0.32421875,2.3771484375,0.9490234375,0.009513671875,0.6541015625,21.413999999999998,39.388292473779565,2.0,6.0
651,0.02517578125,0.4296875,0.16015625,2.3771484375,0.9490234375,0.009513671875,0.6541015625,20.0,40.0,2.0,6.0
652,0.02517578125,0.4296875,0.32421875,1.1619140625,0.9490234375,0.009513671875,0.6541015625,37.306,33.576449842114044,5.8,8.541662601625049
653,0.02517578125,0.4296875,0.32421875,2.3771484375,0.8505859375,0.009513671875,0.6541015625,21.413999999999998,39.388292473779565,2.0,6.0
654,0.02517578125,0.4296875,0.32421875,2.3771484375,0.9490234375,0.021408203125,0.6541015625,75.042,23.403138592932358,17.2,2.1354156504062622
655,0.02517578125,0.4296875,0.32421875,2.3771484375,0.9490234375,0.009513671875,0.5999609375,76.498,23.28114722259193,17.2,2.1354156504062622
656,0.05306640625,0.2234375,0.16015625,1.1619140625,0.8505859375,0.021408203125,0.5999609375,93.908,9.613062779364336,13.0,3.521363372331802
657,0.060175781250000004,0.8296875000000001,0.12421875,1.5271484375000002,0.4990234375,0.024013671875,0.5841015625,86.174,11.325337257671402,12.0,4.0
658,0.01806640625,0.8296875000000001,0.12421875,1.5271484375000002,0.4990234375,0.024013671875,0.5841015625,85.288,11.343624464870125,13.8,2.4
659,0.060175781250000004,0.6234375000000001,0.12421875,1.5271484375000002,0.4990234375,0.024013671875,0.5841015625,86.174,11.325337257671402,12.2,3.6
660,0.060175781250000004,0.8296875000000001,0.36015625000000007,1.5271484375000002,0.4990234375,0.024013671875,0.5841015625,94.344,9.666423537172369,11.8,4.4
661,0.060175781250000004,0.8296875000000001,0.12421875,2.0119140625,0.4990234375,0.024013671875,0.5841015625,92.06800000000001,9.94958773015244,12.8,3.9191835884530852
662,0.060175781250000004,0.8296875000000001,0.12421875,1.5271484375000002,0.40058593750000004,0.024013671875,0.5841015625,86.174,11.325337257671402,12.0,4.0
663,0.060175781250000004,0.8296875000000001,0.12421875,1.5271484375000002,0.4990234375,0.006908203125,0.5841015625,93.32000000000001,9.912192492077626,13.6,4.317406628984581
664,0.060175781250000004,0.8296875000000001,0.12421875,1.5271484375000002,0.4990234375,0.024013671875,0.6699609375,83.49600000000001,11.775456848887009,15.4,1.2
665,0.01806640625,0.6234375000000001,0.36015625000000007,2.0119140625,0.40058593750000004,0.006908203125,0.6699609375,20.0,40.0,1.8,5.6
666,0.07767578125,0.22968750000000002,0.42421875,1.9521484375,0.2740234375,0.031263671875,0.6891015625,86.924,11.040517379181106,14.6,0.7999999999999999
667,0.03556640625,0.22968750000000002,0.42421875,1.9521484375,0.2740234375,0.031263671875,0.6891015625,86.296,11.19627366582293,16.0,1.5491933384829668
668,0.07767578125,0.8234375,0.42421875,1.9521484375,0.2740234375,0.031263671875,0.6891015625,86.924,11.040517379181106,13.6,2.8000000000000003
669,0.07767578125,0.22968750000000002,0.46015625000000004,1.9521484375,0.2740234375,0.031263671875,0.6891015625,85.84400000000001,11.07043738973307,14.6,0.7999999999999999
670,0.07767578125,0.22968750000000002,0.42421875,2.4369140625,0.2740234375,0.031263671875,0.6891015625,90.27199999999999,10.179812179013911,14.8,0.9797958971132712
671,0.07767578125,0.22968750000000002,0.42421875,1.9521484375,0.1755859375,0.031263671875,0.6891015625,86.924,11.040517379181106,14.6,0.7999999999999999
672,0.07767578125,0.22968750000000002,0.42421875,1.9521484375,0.2740234375,0.028658203125,0.6891015625,90.266,10.05628678986434,14.6,0.7999999999999999
673,0.07767578125,0.22968750000000002,0.42421875,1.9521484375,0.2740234375,0.031263671875,0.6349609374999999,89.434,10.445333120585483,12.4,3.2000000000000006
674,0.03556640625,0.8234375,0.46015625000000004,2.4369140625,0.1755859375,0.028658203125,0.6349609374999999,90.54,10.33751807737234,14.8,0.9797958971132712
675,0.04267578125,0.6296875,0.22421875000000002,1.1021484375,0.7240234375,0.016763671875,0.6191015624999999,93.15,9.924904029762708,14.2,3.1240998703626617
676,0.07056640625,0.6296875,0.22421875000000002,1.1021484375,0.7240234375,0.016763671875,0.6191015624999999,92.962,9.721908043177534,13.0,4.0
677,0.04267578125,0.4234375,0.22421875000000002,1.1021484375,0.7240234375,0.016763671875,0.6191015624999999,93.15,9.924904029762708,14.4,2.727636339397171
678,0.04267578125,0.6296875,0.26015625,1.1021484375,0.7240234375,0.016763671875,0.6191015624999999,92.45,10.022249248546954,14.2,3.1240998703626617
679,0.04267578125,0.6296875,0.22421875000000002,1.5869140625,0.7240234375,0.016763671875,0.6191015624999999,83.82000000000001,11.773448093060928,14.8,2.4
680,0.04267578125,0.6296875,0.22421875000000002,1.1021484375,0.6255859375,0.016763671875,0.6191015624999999,93.15,9.924904029762708,14.2,3.1240998703626617
681,0.04267578125,0.6296875,0.22421875000000002,1.1021484375,0.7240234375,0.014158203125000001,0.6191015624999999,85.27799999999999,11.265457647161963,14.6,2.8000000000000003
682,0.04267578125,0.6296875,0.22421875000000002,1.1021484375,0.7240234375,0.016763671875,0.7049609375,77.038,23.665798444168324,17.0,2.0
683,0.07056640625,0.4234375,0.26015625,1.5869140625,0.6255859375,0.014158203125000001,0.7049609375,83.468,11.736898056982517,16.2,1.5999999999999999
684,0.03392578125,0.3296875,0.17421875,0.8896484375,0.6115234375,0.005888671875,0.7066015625,20.0,40.0,2.0,6.0
685,0.04431640625,0.3296875,0.17421875,0.8896484375,0.6115234375,0.005888671875,0.7066015625,38.45,32.919312872537304,6.0,8.717797887081348
686,0.03392578125,0.9234375000000001,0.17421875,0.8896484375,0.6115234375,0.005888671875,0.7066015625,20.0,40.0,1.8,5.6
687,0.03392578125,0.3296875,0.31015625,0.8896484375,0.6115234375,0.005888671875,0.7066015625,21.7,39.28816615725402,2.0,6.0
688,0.03392578125,0.3296875,0.17421875,2.2244140625,0.6115234375,0.005888671875,0.7066015625,20.0,40.0,2.2,6.400000000000001
689,0.03392578125,0.3296875,0.17421875,0.8896484375,0.7380859375,0.005888671875,0.7066015625,20.0,40.0,2.0,6.0
690,0.03392578125,0.3296875,0.17421875,0.8896484375,0.6115234375,0.025033203125,0.7066015625,75.05800000000002,22.99903858860192,16.8,1.9390719429665315
691,0.03392578125,0.3296875,0.17421875,0.8896484375,0.6115234375,0.005888671875,0.6524609375,60.726,22.898991768198,17.6,2.3323807579381204
692,0.04431640625,0.9234375000000001,0.31015625,2.2244140625,0.7380859375,0.025033203125,0.6524609375,86.354,11.07934221874205,15.4,1.2
693,0.06892578125,0.7296875,0.37421875000000004,1.7396484375,0.1615234375,0.020388671875,0.6366015625,83.886,11.523929191035494,13.4,3.2000000000000006
694,0.07931640625,0.7296875,0.37421875000000004,1.7396484375,0.1615234375,0.020388671875,0.6366015625,92.128,9.847081598118296,13.2,3.6
695,0.06892578125,0.5234375,0.37421875000000004,1.7396484375,0.1615234375,0.020388671875,0.6366015625,83.886,11.523929191035494,13.4,3.2000000000000006
696,0.06892578125,0.7296875,0.11015625000000001,1.7396484375,0.1615234375,0.020388671875,0.6366015625,91.328,10.178271758997202,15.0,1.0954451150103321
697,0.06892578125,0.7296875,0.37421875000000004,1.3744140625,0.1615234375,0.020388671875,0.6366015625,90.48800000000001,10.24899682895843,13.2,3.6
698,0.06892578125,0.7296875,0.37421875000000004,1.7396484375,0.2880859375,0.020388671875,0.6366015625,84.05199999999999,11.237546707355659,13.4,3.2000000000000006
699,0.06892578125,0.7296875,0.37421875000000004,1.7396484375,0.1615234375,0.010533203125000001,0.6366015625,93.014,9.546743109563597,15.4,1.2
700,0.06892578125,0.7296875,0.37421875000000004,1.7396484375,0.1615234375,0.020388671875,0.5824609374999999,84.894,10.956409265813324,12.0,4.0
701,0.07931640625,0.5234375,0.11015625000000001,1.3744140625,0.2880859375,0.010533203125000001,0.5824609374999999,95.04400000000001,9.912,12.8,4.4
702,0.051425781250000004,0.5296875000000001,0.27421875,1.3146484375,0.38652343750000007,0.027638671875,0.6716015625,91.864,10.042893208632664,15.2,1.1661903789690602
703,0.061816406250000004,0.5296875000000001,0.27421875,1.3146484375,0.38652343750000007,0.027638671875,0.6716015625,90.02799999999999,10.279835407242665,14.6,0.7999999999999999
704,0.051425781250000004,0.32343750000000004,0.27421875,1.3146484375,0.38652343750000007,0.027638671875,0.6716015625,91.864,10.042893208632664,15.2,1.1661903789690602
705,0.051425781250000004,0.5296875000000001,0.21015625000000002,1.3146484375,0.38652343750000007,0.027638671875,0.6716015625,88.814,10.821797632556246,15.2,1.1661903789690602
706,0.051425781250000004,0.5296875000000001,0.27421875,0.9494140625,0.38652343750000007,0.027638671875,0.6716015625,90.96799999999999,10.210996817157469,15.0,1.0954451150103321
707,0.051425781250000004,0.5296875000000001,0.27421875,1.3146484375,0.5130859375,0.027638671875,0.6716015625,91.864,10.042893208632664,15.2,1.1661903789690602
708,0.051425781250000004,0.5296875000000001,0.27421875,1.3146484375,0.38652343750000007,0.017783203125,0.6716015625,90.696,10.156855025055735,16.0,1.5491933384829668
709,0.051425781250000004,0.5296875000000001,0.27421875,1.3146484375,0.38652343750000007,0.027638671875,0.6874609374999999,84.58599999999998,11.600011379304762,15.4,1.2
710,0.061816406250000004,0.32343750000000004,0.21015625000000002,0.9494140625,0.5130859375,0.017783203125,0.6874609374999999,90.218,10.21731354123969,15.6,1.3564659966250536
711,0.01642578125,0.9296875,0.47421875,2.1646484375,0.8365234375,0.013138671875,0.6016015625,76.936,23.76585163632896,17.0,2.0976176963403033
712,0.02681640625,0.9296875,0.47421875,2.1646484375,0.8365234375,0.013138671875,0.6016015625,86.16600000000001,10.966964210755867,16.0,1.5491933384829668
713,0.01642578125,0.7234375,0.47421875,2.1646484375,0.8365234375,0.013138671875,0.6016015625,76.936,23.76585163632896,17.0,2.0976176963403033
714,0.01642578125,0.9296875,0.41015625,2.1646484375,0.8365234375,0.013138671875,0.6016015625,70.352,22.045617614392206,17.4,2.244994432064365
715,0.01642578125,0.9296875,0.47421875,1.7994140625,0.8365234375,0.013138671875,0.6016015625,75.006,20.505360860028777,16.8,1.9390719429665315
716,0.01642578125,0.9296875,0.47421875,2.1646484375,0.9630859375,0.013138671875,0.6016015625,76.95,23.773556738527788,17.0,2.0976176963403033
717,0.01642578125,0.9296875,0.47421875,2.1646484375,0.8365234375,0.003283203125,0.6016015625,20.0,40.0,1.8,5.6
718,0.01642578125,0.9296875,0.47421875,2.1646484375,0.8365234375,0.013138671875,0.6174609375,46.513999999999996,28.12817135897746,13.6,7.631513611335566
719,0.02681640625,0.7234375,0.41015625,1.7994140625,0.9630859375,0.003283203125,0.6174609375,43.74399999999999,29.54913508040464,13.8,7.756287771866127
720,0.018613281250000002,0.5046875,0.11171875,1.1552734375,0.2458984375,0.019482421875,0.6497265624999999,52.67999999999999,25.39863539641451,17.6,2.3323807579381204
721,0.05962890625000001,0.5046875,0.11171875,1.1552734375,0.2458984375,0.019482421875,0.6497265624999999,91.46,10.175179605294442,15.2,1.1661903789690602
722,0.018613281250000002,0.6484375,0.11171875,1.1552734375,0.2458984375,0.019482421875,0.6497265624999999,52.67999999999999,25.39863539641451,17.6,2.3323807579381204
723,0.018613281250000002,0.5046875,0.24765625000000002,1.1552734375,0.2458984375,0.019482421875,0.6497265624999999,68.892,22.420702397561055,17.6,2.3323807579381204
724,0.018613281250000002,0.5046875,0.11171875,1.8525390625,0.2458984375,0.019482421875,0.6497265624999999,32.204,36.99201297577627,5.8,8.541662601625049
725,0.018613281250000002,0.5046875,0.11171875,1.1552734375,0.7099609375,0.019482421875,0.6497265624999999,53.815999999999995,24.676823620555382,17.6,2.3323807579381204
726,0.018613281250000002,0.5046875,0.11171875,1.1552734375,0.2458984375,0.031376953125,0.6497265624999999,85.50800000000001,11.54928118975376,15.6,1.3564659966250536
727,0.018613281250000002,0.5046875,0.11171875,1.1552734375,0.2458984375,0.019482421875,0.6480859375,56.488000000000014,24.027762609115314,17.6,2.3323807579381204
728,0.05962890625000001,0.6484375,0.24765625000000002,1.8525390625,0.7099609375,0.031376953125,0.6480859375,86.04400000000001,11.058241451514794,13.6,2.8000000000000003
729,0.053613281250000006,0.9046875000000001,0.31171875000000004,2.0052734375,0.6958984375,0.004982421875,0.7197265625,40.24400000000001,31.646801797338068,13.8,7.756287771866127
730,0.024628906250000002,0.9046875000000001,0.31171875000000004,2.0052734375,0.6958984375,0.004982421875,0.7197265625,20.0,40.0,1.8,5.6
731,0.053613281250000006,0.2484375,0.31171875000000004,2.0052734375,0.6958984375,0.004982421875,0.7197265625,40.24400000000001,31.646801797338068,14.0,7.745966692414834
732,0.053613281250000006,0.9046875000000001,0.44765625,2.0052734375,0.6958984375,0.004982421875,0.7197265625,49.583999999999996,26.780604623495712,17.6,2.3323807579381204
733,0.053613281250000006,0.9046875000000001,0.31171875000000004,1.0025390625000001,0.6958984375,0.004982421875,0.7197265625,65.33800000000001,22.153518366164775,17.6,2.3323807579381204
734,0.053613281250000006,0.9046875000000001,0.31171875000000004,2.0052734375,0.25996093750000004,0.004982421875,0.7197265625,40.24400000000001,31.646801797338068,13.8,7.756287771866127
735,0.053613281250000006,0.9046875000000001,0.31171875000000004,2.0052734375,0.6958984375,0.016876953125,0.7197265625,75.946,23.525067141243188,16.8,1.9390719429665315
736,0.053613281250000006,0.9046875000000001,0.31171875000000004,2.0052734375,0.6958984375,0.004982421875,0.7180859374999999,41.732,30.726164355480492,13.8,7.756287771866127
737,0.024628906250000002,0.2484375,0.44765625,1.0025390625000001,0.25996093750000004,0.016876953125,0.7180859374999999,23.622,38.827767589703114,2.0,6.0
738,0.07111328125000001,0.3046875,0.21171875,1.5802734375,0.9208984375,0.012232421875,0.6147265625,90.21,10.25595046789911,13.4,3.2000000000000006
739,0.04212890625000001,0.3046875,0.21171875,1.5802734375,0.9208984375,0.012232421875,0.6147265625,90.06800000000001,10.214443499280812,15.6,1.3564659966250536
740,0.07111328125000001,0.44843750000000004,0.21171875,1.5802734375,0.9208984375,0.012232421875,0.6147265625,90.21,10.25595046789911,13.2,3.6
741,0.07111328125000001,0.3046875,0.34765625,1.5802734375,0.9208984375,0.012232421875,0.6147265625,85.35999999999999,11.203319151037338,13.2,3.6
742,0.07111328125000001,0.3046875,0.21171875,1.4275390625000002,0.9208984375,0.012232421875,0.6147265625,88.62,10.433231522399948,13.2,3.6
743,0.07111328125000001,0.3046875,0.21171875,1.5802734375,0.4849609375,0.012232421875,0.6147265625,90.21,10.25595046789911,13.4,3.2000000000000006
744,0.07111328125000001,0.3046875,0.21171875,1.5802734375,0.9208984375,0.024126953125,0.6147265625,93.94,9.606797593371061,13.0,3.521363372331802
745,0.07111328125000001,0.3046875,0.21171875,1.5802734375,0.9208984375,0.012232421875,0.6130859375,89.33399999999999,10.348210666583862,13.2,3.6
746,0.04212890625000001,0.44843750000000004,0.34765625,1.4275390625000002,0.4849609375,0.024126953125,0.6130859375,93.94800000000001,9.617613841281004,13.2,3.1240998703626617
747,0.036113281250000004,0.7046875000000001,0.41171875,2.4302734375,0.47089843750000004,0.026732421875,0.6847265625,80.752,16.685967038203092,16.2,1.5999999999999999
748,0.07712890625,0.7046875000000001,0.41171875,2.4302734375,0.47089843750000004,0.026732421875,0.6847265625,93.34,9.920104838155693,15.2,1.1661903789690602
749,0.036113281250000004,0.8484375,0.41171875,2.4302734375,0.47089843750000004,0.026732421875,0.6847265625,80.752,16.685967038203092,16.2,1.5999999999999999
750,0.036113281250000004,0.7046875000000001,0.14765625000000002,2.4302734375,0.47089843750000004,0.026732421875,0.6847265625,74.872,22.81399517839872,16.8,1.9390719429665315
751,0.036113281250000004,0.7046875000000001,0.41171875,2.2775390625,0.47089843750000004,0.026732421875,0.6847265625,81.982,15.72881355983343,16.2,1.5999999999999999
752,0.036113281250000004,0.7046875000000001,0.41171875,2.4302734375,0.9349609375,0.026732421875,0.6847265625,80.76599999999999,16.676832552976002,16.2,1.5999999999999999
753,0.036113281250000004,0.7046875000000001,0.41171875,2.4302734375,0.47089843750000004,0.009626953125,0.6847265625,29.828000000000003,37.10680659932891,5.8,8.541662601625049
754,0.036113281250000004,0.7046875000000001,0.41171875,2.4302734375,0.47089843750000004,0.026732421875,0.6830859375,81.22999999999999,16.079115647323395,16.2,1.5999999999999999
755,0.07712890625,0.8484375,0.14765625000000002,2.2775390625,0.9349609375,0.009626953125,0.6830859375,83.37,11.746209601399084,16.2,1.5999999999999999
756,0.044863281250000005,0.20468750000000002,0.36171875,2.2177734375,0.3583984375,0.023107421875,0.5972265625,93.97600000000001,9.51537198432095,13.6,2.8000000000000003
757,0.03337890625,0.20468750000000002,0.36171875,2.2177734375,0.3583984375,0.023107421875,0.5972265625,84.078,11.60000241379285,14.0,2.0
758,0.044863281250000005,0.5484375,0.36171875,2.2177734375,0.3583984375,0.023107421875,0.5972265625,93.97600000000001,9.51537198432095,13.4,3.2000000000000006
759,0.044863281250000005,0.20468750000000002,0.49765625,2.2177734375,0.3583984375,0.023107421875,0.5972265625,92.504,10.19186852348479,13.2,3.1240998703626617
760,0.044863281250000005,0.20468750000000002,0.36171875,1.6400390625,0.3583984375,0.023107421875,0.5972265625,90.866,10.138841353922052,13.0,3.03315017762062
761,0.044863281250000005,0.20468750000000002,0.36171875,2.2177734375,0.8224609375,0.023107421875,0.5972265625,93.97600000000001,9.51537198432095,13.4,3.2000000000000006
762,0.044863281250000005,0.20468750000000002,0.36171875,2.2177734375,0.3583984375,0.020501953125,0.5972265625,83.61800000000001,11.529141164891684,13.6,2.8000000000000003
763,0.044863281250000005,0.20468750000000002,0.36171875,2.2177734375,0.3583984375,0.023107421875,0.7005859375,77.026,19.479531411201858,16.8,1.4696938456699067
764,0.03337890625,0.5484375,0.49765625,1.6400390625,0.8224609375,0.020501953125,0.7005859375,76.946,23.793585354040275,17.0,2.0976176963403033
765,0.07986328125,0.6046875,0.16171875000000002,1.3677734375,0.8083984375,0.008607421875,0.6672265625,88.48799999999999,10.39996423070772,15.4,1.2
766,0.06837890625000001,0.6046875,0.16171875000000002,1.3677734375,0.8083984375,0.008607421875,0.6672265625,90.574,10.518221522671979,16.0,1.5491933384829668
767,0.07986328125,0.9484375,0.16171875000000002,1.3677734375,0.8083984375,0.008607421875,0.6672265625,88.48799999999999,10.39996423070772,14.6,2.8000000000000003
768,0.07986328125,0.6046875,0.29765625,1.3677734375,0.8083984375,0.008607421875,0.6672265625,85.018,11.267126341707545,14.6,2.8000000000000003
769,0.07986328125,0.6046875,0.16171875000000002,2.4900390625,0.8083984375,0.008607421875,0.6672265625,90.008,10.651511442044267,16.0,1.5491933384829668
770,0.07986328125,0.6046875,0.16171875000000002,1.3677734375,0.3724609375,0.008607421875,0.6672265625,88.48799999999999,10.39996423070772,15.4,1.2
771,0.07986328125,0.6046875,0.16171875000000002,1.3677734375,0.8083984375,0.006001953125000001,0.6672265625,91.49600000000001,10.021543992818671,15.8,1.4696938456699067
772,0.07986328125,0.6046875,0.16171875000000002,1.3677734375,0.8083984375,0.008607421875,0.6305859374999999,94.112,9.621058985371622,14.0,3.521363372331802
773,0.06837890625000001,0.9484375,0.29765625,2.4900390625,0.3724609375,0.006001953125000001,0.6305859374999999,91.534,10.114011271498565,16.0,1.5491933384829668
774,0.062363281250000006,0.40468750000000003,0.46171875000000007,1.7927734375000002,0.5833984375,0.015857421875,0.6322265625,90.28,10.30835583398245,13.6,3.3226495451672298
775,0.05087890625000001,0.40468750000000003,0.46171875000000007,1.7927734375000002,0.5833984375,0.015857421875,0.6322265625,92.994,9.47495984160355,14.4,2.727636339397171
776,0.062363281250000006,0.7484375000000001,0.46171875000000007,1.7927734375000002,0.5833984375,0.015857421875,0.6322265625,90.28,10.30835583398245,13.6,3.3226495451672298
777,0.062363281250000006,0.40468750000000003,0.19765625,1.7927734375000002,0.5833984375,0.015857421875,0.6322265625,92.032,9.923679559518233,14.6,2.8000000000000003
778,0.062363281250000006,0.40468750000000003,0.46171875000000007,2.0650390625,0.5833984375,0.015857421875,0.6322265625,92.252,10.017259904784344,14.2,3.1240998703626617
779,0.062363281250000006,0.40468750000000003,0.46171875000000007,1.7927734375000002,0.1474609375,0.015857421875,0.6322265625,90.28,10.30835583398245,14.8,0.9797958971132712
780,0.062363281250000006,0.40468750000000003,0.46171875000000007,1.7927734375000002,0.5833984375,0.027751953125,0.6322265625,92.952,10.168341851059102,13.0,3.521363372331802
781,0.062363281250000006,0.40468750000000003,0.46171875000000007,1.7927734375000002,0.5833984375,0.015857421875,0.6655859375,84.47200000000001,11.56381840051114,15.4,1.2
782,0.05087890625000001,0.7484375000000001,0.19765625,2.0650390625,0.1474609375,0.027751953125,0.6655859375,84.91,11.41963572098515,15.4,1.2
783,0.027363281250000003,0.8046875,0.26171875,0.9427734375000001,0.13339843750000002,0.030357421875000002,0.7022265624999999,77.50800000000001,17.68161463215393,16.2,1.5999999999999999
784,0.01587890625,0.8046875,0.26171875,0.9427734375000001,0.13339843750000002,0.030357421875000002,0.7022265624999999,51.78000000000001,25.78672138911808,17.6,2.3323807579381204
785,0.027363281250000003,0.3484375,0.26171875,0.9427734375000001,0.13339843750000002,0.030357421875000002,0.7022265624999999,77.50800000000001,17.68161463215393,16.2,1.5999999999999999
786,0.027363281250000003,0.8046875,0.39765625000000004,0.9427734375000001,0.13339843750000002,0.030357421875000002,0.7022265624999999,81.68799999999999,14.266258654601774,16.0,1.5491933384829668
787,0.027363281250000003,0.8046875,0.26171875,1.2150390625,0.13339843750000002,0.030357421875000002,0.7022265624999999,75.124,20.065842220051465,16.8,1.9390719429665315
788,0.027363281250000003,0.8046875,0.26171875,0.9427734375000001,0.5974609375000001,0.030357421875000002,0.7022265624999999,77.78,17.80457581634564,16.2,1.5999999999999999
789,0.027363281250000003,0.8046875,0.26171875,0.9427734375000001,0.13339843750000002,0.013251953125,0.7022265624999999,23.446,38.854339062709585,1.8,5.6
790,0.027363281250000003,0.8046875,0.26171875,0.9427734375000001,0.13339843750000002,0.030357421875000002,0.5955859375,84.11800000000001,11.642381886882083,10.8,2.993325909419153
791,0.01587890625,0.3484375,0.39765625000000004,1.2150390625,0.5974609375000001,0.013251953125,0.5955859375,83.21799999999999,11.643300906529898,16.0,1.5491933384829668
792,0.02298828125,0.35468750000000004,0.48671875,1.2615234375,0.7521484375,0.024919921875,0.5884765624999999,84.42,11.756865228452693,11.2,2.7129319932501073
793,0.029003906250000003,0.35468750000000004,0.48671875,1.2615234375,0.7521484375,0.024919921875,0.5884765624999999,84.41,11.75454295155707,11.0,3.0983866769659336
794,0.02298828125,0.5984375,0.48671875,1.2615234375,0.7521484375,0.024919921875,0.5884765624999999,84.42,11.756865228452693,11.0,3.0983866769659336
795,0.02298828125,0.35468750000000004,0.12265625000000001,1.2615234375,0.7521484375,0.024919921875,0.5884765624999999,91.86800000000001,9.914705038476937,13.6,2.33238075793812
796,0.02298828125,0.35468750000000004,0.48671875,1.1087890625,0.7521484375,0.024919921875,0.5884765624999999,86.52199999999999,11.455727650393927,10.6,2.33238075793812
797,0.02298828125,0.35468750000000004,0.48671875,1.2615234375,0.7662109375,0.024919921875,0.5884765624999999,84.44800000000001,11.685713328676174,11.2,2.7129319932501073
798,0.02298828125,0.35468750000000004,0.48671875,1.2615234375,0.7521484375,0.004189453125,0.5884765624999999,81.406,17.146470890536044,16.2,1.5999999999999999
799,0.02298828125,0.35468750000000004,0.48671875,1.2615234375,0.7521484375,0.024919921875,0.6568359374999999,87.88399999999999,10.654082034600634,15.6,1.3564659966250536
800,0.029003906250000003,0.5984375,0.12265625000000001,1.1087890625,0.7662109375,0.004189453125,0.6568359374999999,21.832,39.244679843260286,1.8,5.6
801,0.05798828125000001,0.7546875,0.28671875,2.1115234375,0.3021484375,0.010419921875000002,0.6584765625,82.776,11.9658707999042,16.2,1.5999999999999999
802,0.06400390625,0.7546875,0.28671875,2.1115234375,0.3021484375,0.010419921875000002,0.6584765625,89.304,10.845217563516188,16.0,1.5491933384829668
803,0.05798828125000001,0.9984375000000001,0.28671875,2.1115234375,0.3021484375,0.010419921875000002,0.6584765625,82.776,11.9658707999042,16.2,1.5999999999999999
804,0.05798828125000001,0.7546875,0.32265625,2.1115234375,0.3021484375,0.010419921875000002,0.6584765625,83.5,11.715575956819194,16.2,1.5999999999999999
805,0.05798828125000001,0.7546875,0.28671875,1.9587890625,0.3021484375,0.010419921875000002,0.6584765625,83.558,11.643704565128747,16.2,1.5999999999999999
806,0.05798828125000001,0.7546875,0.28671875,2.1115234375,0.3162109375,0.010419921875000002,0.6584765625,82.776,11.9658707999042,16.2,1.5999999999999999
807,0.05798828125000001,0.7546875,0.28671875,2.1115234375,0.3021484375,0.018689453125,0.6584765625,88.232,10.500781685188963,15.4,1.2
808,0.05798828125000001,0.7546875,0.28671875,2.1115234375,0.3021484375,0.010419921875000002,0.5868359375,90.968,10.206490875908333,13.6,3.826225293941799
809,0.06400390625,0.9984375000000001,0.32265625,1.9587890625,0.3162109375,0.018689453125,0.5868359375,93.696,9.78355477318955,12.6,4.317406628984581
810,0.07548828125,0.5546875,0.38671875,0.8365234375,0.5271484375000001,0.003169921875,0.6234765624999999,92.718,10.128031200583852,13.6,4.317406628984581
811,0.046503906250000004,0.5546875,0.38671875,0.8365234375,0.5271484375000001,0.003169921875,0.6234765624999999,92.804,9.937111451523526,16.0,1.5491933384829668
812,0.07548828125,0.7984375000000001,0.38671875,0.8365234375,0.5271484375000001,0.003169921875,0.6234765624999999,92.718,10.128031200583852,13.6,4.317406628984581
813,0.07548828125,0.5546875,0.42265625000000007,0.8365234375,0.5271484375000001,0.003169921875,0.6234765624999999,91.89000000000001,10.25150915719242,13.6,4.317406628984581
814,0.07548828125,0.5546875,0.38671875,2.3837890625,0.5271484375000001,0.003169921875,0.6234765624999999,85.252,11.445882054258641,14.4,3.2000000000000006
815,0.07548828125,0.5546875,0.38671875,0.8365234375,0.5412109375,0.003169921875,0.6234765624999999,92.718,10.128031200583852,13.6,4.317406628984581
816,0.07548828125,0.5546875,0.38671875,0.8365234375,0.5271484375000001,0.011439453125000002,0.6234765624999999,93.59800000000001,9.57680614818949,13.0,4.0
817,0.07548828125,0.5546875,0.38671875,0.8365234375,0.5271484375000001,0.003169921875,0.6918359374999999,88.81800000000001,10.720323502581438,16.0,1.5491933384829668
818,0.046503906250000004,0.7984375000000001,0.42265625000000007,2.3837890625,0.5412109375,0.011439453125000002,0.6918359374999999,72.65,22.53224711385884,17.6,2.3323807579381204
819,0.04048828125,0.9546875000000001,0.18671875000000002,1.6865234375,0.9771484375,0.017669921875,0.6934765625,75.224,23.289120721916486,17.2,2.1354156504062622
820,0.011503906250000001,0.9546875000000001,0.18671875000000002,1.6865234375,0.9771484375,0.017669921875,0.6934765625,20.0,40.0,1.8,5.6
821,0.04048828125,0.3984375,0.18671875000000002,1.6865234375,0.9771484375,0.017669921875,0.6934765625,75.224,23.289120721916486,17.2,2.1354156504062622
822,0.04048828125,0.9546875000000001,0.22265625,1.6865234375,0.9771484375,0.017669921875,0.6934765625,76.20599999999999,23.001193534249477,17.2,2.1354156504062622
823,0.04048828125,0.9546875000000001,0.18671875000000002,1.5337890625,0.9771484375,0.017669921875,0.6934765625,76.38,23.13065584889456,17.2,2.1354156504062622
824,0.04048828125,0.9546875000000001,0.18671875000000002,1.6865234375,0.9912109375,0.017669921875,0.6934765625,75.228,23.28767691290825,17.2,2.1354156504062622
825,0.04048828125,0.9546875000000001,0.18671875000000002,1.6865234375,0.9771484375,0.025939453125,0.6934765625,80.656,16.72433030049335,16.2,1.5999999999999999
826,0.04048828125,0.9546875000000001,0.18671875000000002,1.6865234375,0.9771484375,0.017669921875,0.6218359375,87.212,10.701796858471944,15.0,2.0
827,0.011503906250000001,0.3984375,0.22265625,1.5337890625,0.9912109375,0.025939453125,0.6218359375,82.86600000000001,13.084240291281722,16.0,1.5491933384829668
828,0.03173828125,0.4546875,0.23671875,1.8990234375,0.8646484375,0.028544921875,0.6409765625,84.2,11.633965789875779,15.2,1.1661903789690602
829,0.055253906250000005,0.4546875,0.23671875,1.8990234375,0.8646484375,0.028544921875,0.6409765625,85.35,11.338297932229512,13.6,2.8000000000000003
830,0.03173828125,0.6984375,0.23671875,1.8990234375,0.8646484375,0.028544921875,0.6409765625,84.2,11.633965789875779,15.2,1.1661903789690602
831,0.03173828125,0.4546875,0.37265625,1.8990234375,0.8646484375,0.028544921875,0.6409765625,89.32000000000001,10.773660473580927,15.2,1.1661903789690602
832,0.03173828125,0.4546875,0.23671875,2.1712890625,0.8646484375,0.028544921875,0.6409765625,86.934,11.087770921154531,15.4,1.2
833,0.03173828125,0.4546875,0.23671875,1.8990234375,0.8787109375,0.028544921875,0.6409765625,84.2,11.633965789875779,15.2,1.1661903789690602
834,0.03173828125,0.4546875,0.23671875,1.8990234375,0.8646484375,0.015064453125000002,0.6409765625,74.536,23.374659441369406,16.8,1.9390719429665315
835,0.03173828125,0.4546875,0.23671875,1.8990234375,0.8646484375,0.028544921875,0.6043359374999999,91.5,10.014379661267094,13.4,2.727636339397171
836,0.055253906250000005,0.6984375,0.37265625,2.1712890625,0.8787109375,0.015064453125000002,0.6043359374999999,90.08000000000001,10.208939220114887,13.4,3.2000000000000006
837,0.06673828125,0.8546875,0.43671875000000004,1.0490234375,0.4146484375,0.014044921875000001,0.7109765625,88.408,10.945873012236163,16.0,1.5491933384829668
838,0.020253906250000002,0.8546875,0.43671875000000004,1.0490234375,0.4146484375,0.014044921875000001,0.7109765625,20.0,40.0,1.8,5.6
839,0.06673828125,0.2984375,0.43671875000000004,1.0490234375,0.4146484375,0.014044921875000001,0.7109765625,88.408,10.945873012236163,16.0,1.5491933384829668
840,0.06673828125,0.8546875,0.17265625,1.0490234375,0.4146484375,0.014044921875000001,0.7109765625,81.99600000000001,13.437834051661747,16.2,1.5999999999999999
841,0.06673828125,0.8546875,0.43671875000000004,1.3212890625,0.4146484375,0.014044921875000001,0.7109765625,84.85600000000001,11.387864769130339,16.0,1.5491933384829668
842,0.06673828125,0.8546875,0.43671875000000004,1.0490234375,0.4287109375,0.014044921875000001,0.7109765625,88.408,10.945873012236163,16.0,1.5491933384829668
843,0.06673828125,0.8546875,0.43671875000000004,1.0490234375,0.4146484375,0.029564453125,0.7109765625,92.89599999999999,9.857432931549674,15.2,1.1661903789690602
844,0.06673828125,0.8546875,0.43671875000000004,1.0490234375,0.4146484375,0.014044921875000001,0.6743359375,84.804,11.246081273047958,15.4,1.2
845,0.020253906250000002,0.2984375,0.17265625,1.3212890625,0.4287109375,0.029564453125,0.6743359375,75.244,20.756004047022152,16.8,1.9390719429665315
846,0.04923828125000001,0.2546875,0.13671875,2.3240234375,0.1896484375,0.006794921875,0.6059765625,83.03800000000001,11.829981234135582,16.2,1.5999999999999999
847,0.037753906250000004,0.2546875,0.13671875,2.3240234375,0.1896484375,0.006794921875,0.6059765625,74.144,23.5655499405382,16.8,1.9390719429665315
848,0.04923828125000001,0.49843750000000003,0.13671875,2.3240234375,0.1896484375,0.006794921875,0.6059765625,83.03800000000001,11.829981234135582,16.2,1.5999999999999999
849,0.04923828125000001,0.2546875,0.27265625000000004,2.3240234375,0.1896484375,0.006794921875,0.6059765625,89.52,10.792389911414432,16.0,1.5491933384829668
850,0.04923828125000001,0.2546875,0.13671875,0.8962890625000001,0.1896484375,0.006794921875,0.6059765625,84.58000000000001,11.397355833701077,15.4,1.2
851,0.04923828125000001,0.2546875,0.13671875,2.3240234375,0.20371093750000002,0.006794921875,0.6059765625,83.03800000000001,11.829981234135582,16.2,1.5999999999999999
852,0.04923828125000001,0.2546875,0.13671875,2.3240234375,0.1896484375,0.007814453125,0.6059765625,84.146,11.680401705420925,16.0,1.5491933384829668
853,0.04923828125000001,0.2546875,0.13671875,2.3240234375,0.1896484375,0.006794921875,0.6393359375,73.678,23.56153339661916,16.8,1.9390719429665315
854,0.037753906250000004,0.49843750000000003,0.27265625000000004,0.8962890625000001,0.20371093750000002,0.007814453125,0.6393359375,81.232,18.392165071029563,16.4,1.7435595774162693
855,0.014238281250000002,0.6546875000000001,0.33671875,1.4740234375,0.6396484375,0.021294921875,0.6759765624999999,23.936,38.78825059215741,1.8,5.6
856,0.07275390625,0.6546875000000001,0.33671875,1.4740234375,0.6396484375,0.021294921875,0.6759765624999999,93.412,9.812902526775652,14.4,2.727636339397171
857,0.014238281250000002,0.8984375,0.33671875,1.4740234375,0.6396484375,0.021294921875,0.6759765624999999,23.936,38.78825059215741,1.8,5.6
858,0.014238281250000002,0.6546875000000001,0.47265625,1.4740234375,0.6396484375,0.021294921875,0.6759765624999999,30.636000000000003,38.12647510588935,5.8,8.541662601625049
859,0.014238281250000002,0.6546875000000001,0.33671875,1.7462890625,0.6396484375,0.021294921875,0.6759765624999999,22.166,39.1423839846272,1.8,5.6
860,0.014238281250000002,0.6546875000000001,0.33671875,1.4740234375,0.6537109375,0.021294921875,0.6759765624999999,23.936,38.78825059215741,1.8,5.6
861,0.014238281250000002,0.6546875000000001,0.33671875,1.4740234375,0.6396484375,0.022314453125,0.6759765624999999,26.334000000000003,38.75390333888962,5.8,8.541662601625049
862,0.014238281250000002,0.6546875000000001,0.33671875,1.4740234375,0.6396484375,0.021294921875,0.7093359375,20.0,40.0,1.8,5.6
863,0.07275390625,0.8984375,0.47265625,1.7462890625,0.6537109375,0.022314453125,0.7093359375,85.386,11.304748736703525,15.4,1.2
864,0.01314453125,0.4921875,0.41796875,0.9162109375,0.3443359375,0.018123046875,0.6125390625,88.014,10.468015284665954,15.4,1.2
865,0.06291015625,0.4921875,0.41796875,0.9162109375,0.3443359375,0.018123046875,0.6125390625,92.506,10.0988466668229,12.8,3.9191835884530852
866,0.01314453125,0.23593750000000002,0.41796875,0.9162109375,0.3443359375,0.018123046875,0.6125390625,88.014,10.468015284665954,15.4,1.2
867,0.01314453125,0.4921875,0.29140625,0.9162109375,0.3443359375,0.018123046875,0.6125390625,81.996,13.978030762593134,16.0,1.5491933384829668
868,0.01314453125,0.4921875,0.41796875,2.3041015625,0.3443359375,0.018123046875,0.6125390625,65.084,22.96116164308766,17.6,2.3323807579381204
869,0.01314453125,0.4921875,0.41796875,0.9162109375,0.2740234375,0.018123046875,0.6125390625,88.008,10.464022935754683,15.4,1.2
870,0.01314453125,0.4921875,0.41796875,0.9162109375,0.3443359375,0.007361328125,0.6125390625,26.52200000000001,38.39566402603294,5.8,8.541662601625049
871,0.01314453125,0.4921875,0.41796875,0.9162109375,0.3443359375,0.018123046875,0.6021484374999999,86.158,10.879006204612622,15.2,1.1661903789690602
872,0.06291015625,0.23593750000000002,0.29140625,2.3041015625,0.2740234375,0.007361328125,0.6021484374999999,86.77000000000001,10.802651526361478,15.4,1.2
873,0.048144531250000004,0.8921875000000001,0.21796875000000002,1.7662109375,0.7943359375,0.003623046875,0.6825390625,52.56600000000001,25.65348132320446,17.6,2.3323807579381204
874,0.027910156250000005,0.8921875000000001,0.21796875000000002,1.7662109375,0.7943359375,0.003623046875,0.6825390625,20.0,40.0,1.8,5.6
875,0.048144531250000004,0.6359375,0.21796875000000002,1.7662109375,0.7943359375,0.003623046875,0.6825390625,52.56600000000001,25.65348132320446,17.6,2.3323807579381204
876,0.048144531250000004,0.8921875000000001,0.49140625000000004,1.7662109375,0.7943359375,0.003623046875,0.6825390625,73.858,22.522802134725598,17.6,2.3323807579381204
877,0.048144531250000004,0.8921875000000001,0.21796875000000002,1.4541015625,0.7943359375,0.003623046875,0.6825390625,62.85,22.42240665049138,17.6,2.3323807579381204
878,0.048144531250000004,0.8921875000000001,0.21796875000000002,1.7662109375,0.7240234375,0.003623046875,0.6825390625,52.56600000000001,25.65348132320446,17.6,2.3323807579381204
879,0.048144531250000004,0.8921875000000001,0.21796875000000002,1.7662109375,0.7943359375,0.021861328125,0.6825390625,82.984,11.890294529573268,16.0,1.5491933384829668
880,0.048144531250000004,0.8921875000000001,0.21796875000000002,1.7662109375,0.7943359375,0.003623046875,0.6721484375,67.27000000000001,22.424615938740178,17.6,2.3323807579381204
881,0.027910156250000005,0.6359375,0.49140625000000004,1.4541015625,0.7240234375,0.021861328125,0.6721484375,80.772,16.737609626227997,16.2,1.5999999999999999
882,0.06564453125,0.29218750000000004,0.31796875,1.3412109375,0.5693359375,0.010873046875,0.6475390624999999,83.862,11.522984682798114,15.4,1.2
883,0.01041015625,0.29218750000000004,0.31796875,1.3412109375,0.5693359375,0.010873046875,0.6475390624999999,20.0,40.0,2.2,6.400000000000001
884,0.06564453125,0.8359375,0.31796875,1.3412109375,0.5693359375,0.010873046875,0.6475390624999999,83.862,11.522984682798114,14.4,3.2000000000000006
885,0.06564453125,0.29218750000000004,0.39140625000000007,1.3412109375,0.5693359375,0.010873046875,0.6475390624999999,88.60799999999999,10.573664265523094,14.6,2.8000000000000003
886,0.06564453125,0.29218750000000004,0.31796875,1.0291015625,0.5693359375,0.010873046875,0.6475390624999999,90.85,10.199945097891458,14.6,2.8000000000000003
887,0.06564453125,0.29218750000000004,0.31796875,1.3412109375,0.9490234375,0.010873046875,0.6475390624999999,83.804,11.623356830107214,14.6,2.8000000000000003
888,0.06564453125,0.29218750000000004,0.31796875,1.3412109375,0.5693359375,0.014611328125,0.6475390624999999,93.914,9.542401374916068,14.4,2.727636339397171
889,0.06564453125,0.29218750000000004,0.31796875,1.3412109375,0.5693359375,0.010873046875,0.6371484374999999,93.31800000000001,9.463885882659408,14.6,2.8000000000000003
890,0.01041015625,0.8359375,0.39140625000000007,1.0291015625,0.9490234375,0.014611328125,0.6371484374999999,24.29,38.75585633165651,5.8,8.541662601625049
891,0.030644531250000002,0.6921875,0.11796875000000001,2.1912109375,0.1193359375,0.025373046875,0.7175390625,32.089999999999996,36.27286864861944,5.8,8.541662601625049
892,0.04541015625000001,0.6921875,0.11796875000000001,2.1912109375,0.1193359375,0.025373046875,0.7175390625,76.406,23.445457214565042,16.8,1.9390719429665315
893,0.030644531250000002,0.43593750000000003,0.11796875000000001,2.1912109375,0.1193359375,0.025373046875,0.7175390625,32.089999999999996,36.27286864861944,6.0,8.717797887081348
894,0.030644531250000002,0.6921875,0.19140625,2.1912109375,0.1193359375,0.025373046875,0.7175390625,35.896,34.386530851483116,5.8,8.541662601625049
895,0.030644531250000002,0.6921875,0.11796875000000001,1.8791015625,0.1193359375,0.025373046875,0.7175390625,36.932,33.68404096898114,5.8,8.541662601625049
896,0.030644531250000002,0.6921875,0.11796875000000001,2.1912109375,0.4990234375,0.025373046875,0.7175390625,32.998000000000005,36.50507767420856,5.8,8.541662601625049
897,0.030644531250000002,0.6921875,0.11796875000000001,2.1912109375,0.1193359375,0.029111328125000002,0.7175390625,45.028000000000006,28.61537027543065,13.6,7.631513611335566
898,0.030644531250000002,0.6921875,0.11796875000000001,2.1912109375,0.1193359375,0.025373046875,0.7071484375,39.586,31.817807341172962,13.8,7.756287771866127
899,0.04541015625000001,0.43593750000000003,0.19140625,1.8791015625,0.4990234375,0.029111328125000002,0.7071484375,81.98400000000001,14.972289871626183,16.2,1.5999999999999999
900,0.03939453125,0.3921875,0.26796875,2.4037109375,0.2318359375,0.021748046875,0.6300390625,89.076,10.152057131438927,15.4,1.2
901,0.01916015625,0.3921875,0.26796875,2.4037109375,0.2318359375,0.021748046875,0.6300390625,74.582,23.14415122660583,17.0,2.0976176963403033
902,0.03939453125,0.9359375000000001,0.26796875,2.4037109375,0.2318359375,0.021748046875,0.6300390625,89.076,10.152057131438927,15.4,1.2
903,0.03939453125,0.3921875,0.44140625,2.4037109375,0.2318359375,0.021748046875,0.6300390625,83.394,11.702204236809404,15.4,1.2
904,0.03939453125,0.3921875,0.26796875,0.8166015625,0.2318359375,0.021748046875,0.6300390625,86.92599999999999,10.987017065609756,14.6,0.7999999999999999
905,0.03939453125,0.3921875,0.26796875,2.4037109375,0.38652343750000007,0.021748046875,0.6300390625,89.076,10.152057131438927,15.4,1.2
906,0.03939453125,0.3921875,0.26796875,2.4037109375,0.2318359375,0.010986328125,0.6300390625,75.386,21.042873948203937,16.8,1.9390719429665315
907,0.03939453125,0.3921875,0.26796875,2.4037109375,0.2318359375,0.021748046875,0.6546484375,81.82000000000001,13.523220030747115,16.2,1.5999999999999999
908,0.01916015625,0.9359375000000001,0.44140625,0.8166015625,0.38652343750000007,0.010986328125,0.6546484375,35.254,34.954909583633594,5.8,8.541662601625049
909,0.07439453125,0.7921875,0.46796875000000004,1.5537109375,0.6818359375,0.007248046875000001,0.7000390624999999,84.676,11.361303798420321,16.2,1.5999999999999999
910,0.05416015625000001,0.7921875,0.46796875000000004,1.5537109375,0.6818359375,0.007248046875000001,0.7000390624999999,74.976,23.513685036590925,16.8,1.9390719429665315
911,0.07439453125,0.5359375,0.46796875000000004,1.5537109375,0.6818359375,0.007248046875000001,0.7000390624999999,84.676,11.361303798420321,16.2,1.5999999999999999
912,0.07439453125,0.7921875,0.24140625000000002,1.5537109375,0.6818359375,0.007248046875000001,0.7000390624999999,81.634,14.790215143803689,16.2,1.5999999999999999
913,0.07439453125,0.7921875,0.46796875000000004,1.6666015625,0.6818359375,0.007248046875000001,0.7000390624999999,83.3,11.86533606772265,16.2,1.5999999999999999
914,0.07439453125,0.7921875,0.46796875000000004,1.5537109375,0.8365234375,0.007248046875000001,0.7000390624999999,84.676,11.361303798420321,16.2,1.5999999999999999
915,0.07439453125,0.7921875,0.46796875000000004,1.5537109375,0.6818359375,0.025486328125,0.7000390624999999,93.34799999999998,9.896169764105707,14.4,2.727636339397171
916,0.07439453125,0.7921875,0.46796875000000004,1.5537109375,0.6818359375,0.007248046875000001,0.5846484375,95.04400000000001,9.912,12.6,4.800000000000001
917,0.05416015625000001,0.5359375,0.24140625000000002,1.6666015625,0.8365234375,0.025486328125,0.5846484375,86.41000000000001,10.771035233439726,12.2,3.6
918,0.056894531250000005,0.5921875000000001,0.16796875,1.9787109375,0.9068359375,0.014498046875,0.5950390624999999,90.434,10.20456878069818,13.8,3.4292856398964493
919,0.07166015625000001,0.5921875000000001,0.16796875,1.9787109375,0.9068359375,0.014498046875,0.5950390624999999,83.72999999999999,11.638871079275688,13.0,4.0
920,0.056894531250000005,0.3359375,0.16796875,1.9787109375,0.9068359375,0.014498046875,0.5950390624999999,90.434,10.20456878069818,13.8,3.4292856398964493
921,0.056894531250000005,0.5921875000000001,0.14140625,1.9787109375,0.9068359375,0.014498046875,0.5950390624999999,91.324,10.045467833804453,13.8,3.4292856398964493
922,0.056894531250000005,0.5921875000000001,0.16796875,2.0916015625,0.9068359375,0.014498046875,0.5950390624999999,91.64599999999999,10.021320471873954,14.0,3.521363372331802
923,0.056894531250000005,0.5921875000000001,0.16796875,1.9787109375,0.6115234375,0.014498046875,0.5950390624999999,90.434,10.20456878069818,13.8,3.4292856398964493
924,0.056894531250000005,0.5921875000000001,0.16796875,1.9787109375,0.9068359375,0.003736328125,0.5950390624999999,89.994,10.093147378295832,14.6,2.8000000000000003
925,0.056894531250000005,0.5921875000000001,0.16796875,1.9787109375,0.9068359375,0.014498046875,0.6896484374999999,78.26199999999999,19.448422455304694,16.8,1.9390719429665315
926,0.07166015625000001,0.3359375,0.14140625,2.0916015625,0.6115234375,0.003736328125,0.6896484374999999,75.278,22.096699663071856,16.8,1.9390719429665315
927,0.02189453125,0.9921875,0.36796875000000007,1.1287109375,0.45683593750000007,0.028998046875,0.6650390625,87.456,10.719911566799421,15.4,1.2
928,0.036660156250000006,0.9921875,0.36796875000000007,1.1287109375,0.45683593750000007,0.028998046875,0.6650390625,90.768,10.158971207755243,15.0,1.5491933384829668
929,0.02189453125,0.7359375000000001,0.36796875000000007,1.1287109375,0.45683593750000007,0.028998046875,0.6650390625,87.456,10.719911566799421,15.4,1.2
930,0.02189453125,0.9921875,0.34140625,1.1287109375,0.45683593750000007,0.028998046875,0.6650390625,86.018,11.564987505397488,15.8,1.4696938456699067
931,0.02189453125,0.9921875,0.36796875000000007,1.2416015625,0.45683593750000007,0.028998046875,0.6650390625,85.044,11.591570385413704,15.8,1.4696938456699067
932,0.02189453125,0.9921875,0.36796875000000007,1.1287109375,0.1615234375,0.028998046875,0.6650390625,87.112,10.834776232114809,15.4,1.2
933,0.02189453125,0.9921875,0.36796875000000007,1.1287109375,0.45683593750000007,0.018236328125,0.6650390625,68.84,22.547014880023475,17.6,2.3323807579381204
934,0.02189453125,0.9921875,0.36796875000000007,1.1287109375,0.45683593750000007,0.028998046875,0.6196484375,90.506,10.399733842748093,13.0,2.5298221281347035
935,0.036660156250000006,0.7359375000000001,0.34140625,1.2416015625,0.1615234375,0.018236328125,0.6196484375,92.224,10.05586515422716,15.2,1.1661903789690602
936,0.02626953125,0.2421875,0.19296875000000002,1.4474609375,0.8505859375,0.027185546875,0.6212890624999999,90.13799999999999,10.160585416205112,14.8,0.9797958971132712
937,0.02353515625,0.2421875,0.19296875000000002,1.4474609375,0.8505859375,0.027185546875,0.6212890624999999,88.39000000000001,10.938734844578692,15.2,1.1661903789690602
938,0.02626953125,0.9859375000000001,0.19296875000000002,1.4474609375,0.8505859375,0.027185546875,0.6212890624999999,90.13799999999999,10.160585416205112,14.2,2.1354156504062622
939,0.02626953125,0.2421875,0.16640625,1.4474609375,0.8505859375,0.027185546875,0.6212890624999999,90.04199999999999,10.108371580032069,15.0,1.0954451150103321
940,0.02626953125,0.2421875,0.19296875000000002,1.3478515625,0.8505859375,0.027185546875,0.6212890624999999,89.274,10.228267888552784,14.4,1.2
941,0.02626953125,0.2421875,0.19296875000000002,1.4474609375,0.2177734375,0.027185546875,0.6212890624999999,90.13799999999999,10.160585416205112,14.8,0.9797958971132712
942,0.02626953125,0.2421875,0.19296875000000002,1.4474609375,0.8505859375,0.027298828125,0.6212890624999999,90.066,10.248548385015317,14.8,0.9797958971132712
943,0.02626953125,0.2421875,0.19296875000000002,1.4474609375,0.8505859375,0.027185546875,0.6983984375,67.988,22.415246061553727,17.8,1.9390719429665315
944,0.02353515625,0.9859375000000001,0.16640625,1.3478515625,0.2177734375,0.027298828125,0.6983984375,57.858000000000004,23.814399341574838,17.6,2.3323807579381204
945,0.06126953125000001,0.6421875,0.39296875,2.2974609375,0.40058593750000004,0.012685546875000002,0.6912890625,81.962,16.671789825930507,16.2,1.5999999999999999
946,0.058535156250000005,0.6421875,0.39296875,2.2974609375,0.40058593750000004,0.012685546875000002,0.6912890625,80.25,19.014102134994438,16.6,1.8547236990991407
947,0.06126953125000001,0.5859375,0.39296875,2.2974609375,0.40058593750000004,0.012685546875000002,0.6912890625,81.962,16.671789825930507,16.2,1.5999999999999999
948,0.06126953125000001,0.6421875,0.36640625000000004,2.2974609375,0.40058593750000004,0.012685546875000002,0.6912890625,81.736,17.29868503673039,16.2,1.5999999999999999
949,0.06126953125000001,0.6421875,0.39296875,2.1978515625,0.40058593750000004,0.012685546875000002,0.6912890625,81.95,16.077914043805556,16.2,1.5999999999999999
950,0.06126953125000001,0.6421875,0.39296875,2.2974609375,0.6677734375,0.012685546875000002,0.6912890625,81.962,16.671789825930507,16.2,1.5999999999999999
951,0.06126953125000001,0.6421875,0.39296875,2.2974609375,0.40058593750000004,0.012798828125000002,0.6912890625,82.0,16.411191303497745,16.2,1.5999999999999999
952,0.06126953125000001,0.6421875,0.39296875,2.2974609375,0.40058593750000004,0.012685546875000002,0.6283984375,85.53,11.010776539372689,15.4,1.2
953,0.058535156250000005,0.5859375,0.36640625000000004,2.1978515625,0.6677734375,0.012798828125000002,0.6283984375,83.588,11.708993808180102,14.8,2.4
954,0.07876953125,0.4421875,0.29296875,1.0224609375,0.1755859375,0.005435546875000001,0.5862890625,95.04400000000001,9.912,12.8,4.4
955,0.07603515625,0.4421875,0.29296875,1.0224609375,0.1755859375,0.005435546875000001,0.5862890625,95.04400000000001,9.912,12.8,4.4
956,0.07876953125,0.38593750000000004,0.29296875,1.0224609375,0.1755859375,0.005435546875000001,0.5862890625,95.04400000000001,9.912,12.8,4.4
957,0.07876953125,0.4421875,0.46640625,1.0224609375,0.1755859375,0.005435546875000001,0.5862890625,94.838,9.817108331886738,12.6,4.800000000000001
958,0.07876953125,0.4421875,0.29296875,1.7728515625,0.1755859375,0.005435546875000001,0.5862890625,83.502,11.538423462501276,13.0,4.0
959,0.07876953125,0.4421875,0.29296875,1.0224609375,0.8927734375,0.005435546875000001,0.5862890625,95.04400000000001,9.912,12.8,4.4
960,0.07876953125,0.4421875,0.29296875,1.0224609375,0.1755859375,0.020048828125,0.5862890625,95.03999999999999,9.919999999999998,11.8,4.4
961,0.07876953125,0.4421875,0.29296875,1.0224609375,0.1755859375,0.005435546875000001,0.6633984374999999,85.82399999999998,11.073768283651233,15.4,1.2
962,0.07603515625,0.38593750000000004,0.46640625,1.7728515625,0.8927734375,0.020048828125,0.6633984374999999,89.812,10.254254531656604,13.4,3.2000000000000006
963,0.04376953125000001,0.8421875000000001,0.49296875000000007,1.8724609375,0.6255859375,0.019935546875,0.6562890625,87.634,10.90351246158778,15.4,1.2
964,0.04103515625,0.8421875000000001,0.49296875000000007,1.8724609375,0.6255859375,0.019935546875,0.6562890625,89.888,10.186790269756218,15.4,1.2
965,0.04376953125000001,0.7859375,0.49296875000000007,1.8724609375,0.6255859375,0.019935546875,0.6562890625,87.634,10.90351246158778,15.4,1.2
966,0.04376953125000001,0.8421875000000001,0.26640625,1.8724609375,0.6255859375,0.019935546875,0.6562890625,87.28999999999999,11.091912368928993,16.0,1.5491933384829668
967,0.04376953125000001,0.8421875000000001,0.49296875000000007,0.9228515625,0.6255859375,0.019935546875,0.6562890625,92.84,9.941623609853677,14.2,3.1240998703626617
968,0.04376953125000001,0.8421875000000001,0.49296875000000007,1.8724609375,0.4427734375,0.019935546875,0.6562890625,87.634,10.90351246158778,15.4,1.2
969,0.04376953125000001,0.8421875000000001,0.49296875000000007,1.8724609375,0.6255859375,0.005548828125,0.6562890625,74.286,23.288890570398582,16.8,1.9390719429665315
970,0.04376953125000001,0.8421875000000001,0.49296875000000007,1.8724609375,0.6255859375,0.019935546875,0.5933984375,92.866,10.198961907959061,12.8,3.9191835884530852
971,0.04103515625,0.7859375,0.26640625,0.9228515625,0.4427734375,0.005548828125,0.5933984375,83.402,11.633682821875452,14.2,3.6
972,0.03501953125,0.5421875,0.34296875000000004,1.6599609375000002,0.7380859375,0.030810546875,0.6037890625,85.67600000000002,10.829638221104155,12.4,2.727636339397171
973,0.06728515625,0.5421875,0.34296875000000004,1.6599609375000002,0.7380859375,0.030810546875,0.6037890625,94.05799999999999,9.618848995591934,11.8,3.9191835884530852
974,0.03501953125,0.2859375,0.34296875000000004,1.6599609375000002,0.7380859375,0.030810546875,0.6037890625,85.67600000000002,10.829638221104155,12.4,2.727636339397171
975,0.03501953125,0.5421875,0.31640625,1.6599609375000002,0.7380859375,0.030810546875,0.6037890625,83.458,11.598652335508639,12.6,2.8000000000000003
976,0.03501953125,0.5421875,0.34296875000000004,1.9853515625,0.7380859375,0.030810546875,0.6037890625,86.554,10.985353157727793,12.6,2.8000000000000003
977,0.03501953125,0.5421875,0.34296875000000004,1.6599609375000002,0.33027343750000004,0.030810546875,0.6037890625,85.68,10.829158785427422,12.4,2.727636339397171
978,0.03501953125,0.5421875,0.34296875000000004,1.6599609375000002,0.7380859375,0.023673828125,0.6037890625,92.578,9.623925186741635,13.2,3.1240998703626617
979,0.03501953125,0.5421875,0.34296875000000004,1.6599609375000002,0.7380859375,0.030810546875,0.6458984375,88.02000000000001,10.75029860050408,14.2,1.5999999999999999
980,0.06728515625,0.2859375,0.31640625,1.9853515625,0.33027343750000004,0.023673828125,0.6458984375,87.78800000000001,10.68626295764801,13.8,2.4
981,0.07001953125,0.9421875,0.14296875,0.8099609375000001,0.2880859375,0.016310546875,0.6737890624999999,83.596,11.897422578020837,15.4,1.2
982,0.03228515625,0.9421875,0.14296875,0.8099609375000001,0.2880859375,0.016310546875,0.6737890624999999,76.37800000000001,23.304997232353408,17.2,2.1354156504062622
983,0.07001953125,0.6859375000000001,0.14296875,0.8099609375000001,0.2880859375,0.016310546875,0.6737890624999999,83.596,11.897422578020837,15.4,1.2
984,0.07001953125,0.9421875,0.11640625,0.8099609375000001,0.2880859375,0.016310546875,0.6737890624999999,83.41999999999999,11.71890950558114,15.4,1.2
985,0.07001953125,0.9421875,0.14296875,1.1353515625,0.2880859375,0.016310546875,0.6737890624999999,85.24199999999999,11.28044750885354,15.4,1.2
986,0.07001953125,0.9421875,0.14296875,0.8099609375000001,0.7802734375,0.016310546875,0.6737890624999999,83.946,11.659882675224482,14.6,2.8000000000000003
987,0.07001953125,0.9421875,0.14296875,0.8099609375000001,0.2880859375,0.009173828125,0.6737890624999999,91.746,10.020693788356173,16.0,1.5491933384829668
988,0.07001953125,0.9421875,0.14296875,0.8099609375000001,0.2880859375,0.016310546875,0.7158984374999999,85.524,11.3712437314482,16.0,1.5491933384829668
989,0.03228515625,0.6859375000000001,0.11640625,1.1353515625,0.7802734375,0.009173828125,0.7158984374999999,20.0,40.0,1.8,5.6
990,0.05251953125000001,0.3421875,0.44296875,2.0849609375,0.5130859375,0.009060546875,0.6387890625,90.78200000000001,10.343812449962536,16.0,1.5491933384829668
991,0.01478515625,0.3421875,0.44296875,2.0849609375,0.5130859375,0.009060546875,0.6387890625,20.0,40.0,2.0,6.0
992,0.05251953125000001,0.8859375,0.44296875,2.0849609375,0.5130859375,0.009060546875,0.6387890625,90.78200000000001,10.343812449962536,16.0,1.5491933384829668
993,0.05251953125000001,0.3421875,0.21640625000000002,2.0849609375,0.5130859375,0.009060546875,0.6387890625,81.872,13.28452543375186,16.2,1.5999999999999999
994,0.05251953125000001,0.3421875,0.44296875,1.5603515625000002,0.5130859375,0.009060546875,0.6387890625,89.978,10.329478980084136,15.4,1.2
995,0.05251953125000001,0.3421875,0.44296875,2.0849609375,0.5552734375,0.009060546875,0.6387890625,90.78200000000001,10.343812449962536,16.0,1.5491933384829668
996,0.05251953125000001,0.3421875,0.44296875,2.0849609375,0.5130859375,0.030923828125,0.6387890625,93.91,9.528592760738597,13.4,2.727636339397171
997,0.05251953125000001,0.3421875,0.44296875,2.0849609375,0.5130859375,0.009060546875,0.6108984375,83.648,11.578758828130068,14.6,2.8000000000000003
998,0.01478515625,0.8859375,0.21640625000000002,1.5603515625000002,0.5552734375,0.030923828125,0.6108984375,84.452,11.518686383438,14.2,1.1661903789690602
999,0.01751953125,0.7421875,0.24296875,1.2349609375,0.9630859375,0.023560546875,0.7087890625,21.666,39.29964661418726,1.8,5.6
1000,0.049785156250000004,0.7421875,0.24296875,1.2349609375,0.9630859375,0.023560546875,0.7087890625,81.934,13.373232369176868,16.2,1.5999999999999999
1001,0.01751953125,0.4859375,0.24296875,1.2349609375,0.9630859375,0.023560546875,0.7087890625,21.666,39.29964661418726,1.8,5.6
1002,0.01751953125,0.7421875,0.41640625,1.2349609375,0.9630859375,0.023560546875,0.7087890625,24.66,38.73580256042206,5.8,8.541662601625049
1003,0.01751953125,0.7421875,0.24296875,2.4103515625,0.9630859375,0.023560546875,0.7087890625,20.0,40.0,1.8,5.6
1004,0.01751953125,0.7421875,0.24296875,1.2349609375,0.10527343750000001,0.023560546875,0.7087890625,21.666,39.29964661418726,1.8,5.6
1005,0.01751953125,0.7421875,0.24296875,1.2349609375,0.9630859375,0.016423828125,0.7087890625,20.0,40.0,1.8,5.6
1006,0.01751953125,0.7421875,0.24296875,1.2349609375,0.9630859375,0.023560546875,0.6808984375,37.458000000000006,33.20038758809903,5.8,8.541662601625049
1007,0.049785156250000004,0.4859375,0.41640625,2.4103515625,0.10527343750000001,0.016423828125,0.6808984375,80.74600000000001,17.988540352124183,16.2,1.5999999999999999
1008,0.015332031250000001,0.3171875,0.38046875,2.0318359375,0.1474609375,0.017216796875000002,0.6781640624999999,20.0,40.0,2.0,6.0
1009,0.016972656250000002,0.3171875,0.38046875,2.0318359375,0.1474609375,0.017216796875000002,0.6781640624999999,20.0,40.0,2.0,6.0
1010,0.015332031250000001,0.5609375000000001,0.38046875,2.0318359375,0.1474609375,0.017216796875000002,0.6781640624999999,20.0,40.0,1.8,5.6
1011,0.015332031250000001,0.3171875,0.22890625,2.0318359375,0.1474609375,0.017216796875000002,0.6781640624999999,20.0,40.0,2.2,6.400000000000001
1012,0.015332031250000001,0.3171875,0.38046875,2.4634765625,0.1474609375,0.017216796875000002,0.6781640624999999,20.0,40.0,2.2,6.400000000000001
1013,0.015332031250000001,0.3171875,0.38046875,2.0318359375,0.4146484375,0.017216796875000002,0.6781640624999999,20.0,40.0,2.0,6.0
1014,0.015332031250000001,0.3171875,0.38046875,2.0318359375,0.1474609375,0.019142578125,0.6781640624999999,20.0,40.0,2.0,6.0
1015,0.015332031250000001,0.3171875,0.38046875,2.0318359375,0.1474609375,0.017216796875000002,0.6502734375,24.102,38.77145362247849,6.0,8.717797887081348
1016,0.016972656250000002,0.5609375000000001,0.22890625,2.4634765625,0.4146484375,0.019142578125,0.6502734375,23.247999999999998,38.88801892614228,1.8,5.6
1017,0.050332031250000006,0.7171875000000001,0.18046875,1.1818359375,0.5974609375000001,0.031716796875,0.6081640625,90.628,10.301994758298026,12.2,3.6
1018,0.051972656250000006,0.7171875000000001,0.18046875,1.1818359375,0.5974609375000001,0.031716796875,0.6081640625,91.41,10.041902210238852,12.2,3.6
1019,0.050332031250000006,0.9609375,0.18046875,1.1818359375,0.5974609375000001,0.031716796875,0.6081640625,90.628,10.301994758298026,12.2,3.6
1020,0.050332031250000006,0.7171875000000001,0.42890625000000004,1.1818359375,0.5974609375000001,0.031716796875,0.6081640625,84.83000000000001,11.45300309962413,10.8,3.4871191548325386
1021,0.050332031250000006,0.7171875000000001,0.18046875,1.6134765625,0.5974609375000001,0.031716796875,0.6081640625,85.556,11.188652465779784,12.4,3.2000000000000006
1022,0.050332031250000006,0.7171875000000001,0.18046875,1.1818359375,0.8646484375,0.031716796875,0.6081640625,90.628,10.301994758298026,12.2,3.6
1023,0.050332031250000006,0.7171875000000001,0.18046875,1.1818359375,0.5974609375000001,0.0046425781250000004,0.6081640625,90.796,10.138703270142585,15.0,3.03315017762062
1024,0.050332031250000006,0.7171875000000001,0.18046875,1.1818359375,0.5974609375000001,0.031716796875,0.5802734374999999,84.45,11.306874015394353,9.8,2.993325909419153
1025,0.051972656250000006,0.9609375,0.42890625000000004,1.6134765625,0.8646484375,0.0046425781250000004,0.5802734374999999,91.51599999999999,10.180620020411334,13.4,4.715930449020639
1026,0.06783203125000001,0.5171875,0.48046875,2.4568359375,0.8224609375,0.024466796875000002,0.7131640625,90.924,10.04224397234005,15.8,1.4696938456699067
1027,0.06947265625,0.5171875,0.48046875,2.4568359375,0.8224609375,0.024466796875000002,0.7131640625,90.724,10.15974133528999,15.8,1.4696938456699067
1028,0.06783203125000001,0.7609375,0.48046875,2.4568359375,0.8224609375,0.024466796875000002,0.7131640625,90.924,10.04224397234005,15.8,1.4696938456699067
1029,0.06783203125000001,0.5171875,0.32890625,2.4568359375,0.8224609375,0.024466796875000002,0.7131640625,87.834,11.140589930519837,16.0,1.5491933384829668
1030,0.06783203125000001,0.5171875,0.48046875,1.1884765625,0.8224609375,0.024466796875000002,0.7131640625,83.684,11.729302792578935,15.4,1.2
1031,0.06783203125000001,0.5171875,0.48046875,2.4568359375,0.6396484375,0.024466796875000002,0.7131640625,90.924,10.04224397234005,15.8,1.4696938456699067
1032,0.06783203125000001,0.5171875,0.48046875,2.4568359375,0.8224609375,0.026392578125,0.7131640625,89.66,10.13272125344421,15.4,1.2
1033,0.06783203125000001,0.5171875,0.48046875,2.4568359375,0.8224609375,0.024466796875000002,0.6852734375,84.06199999999998,11.474325078190871,15.4,1.2
1034,0.06947265625,0.7609375,0.32890625,1.1884765625,0.6396484375,0.026392578125,0.6852734375,90.772,10.13016761954115,14.0,3.03315017762062
1035,0.032832031250000004,0.9171875,0.28046875000000004,1.6068359375,0.3724609375,0.009966796875,0.6431640624999999,76.328,23.212921746303287,17.2,2.1354156504062622
1036,0.034472656250000004,0.9171875,0.28046875000000004,1.6068359375,0.3724609375,0.009966796875,0.6431640624999999,76.53200000000001,23.517723019033966,17.0,2.0
1037,0.032832031250000004,0.3609375,0.28046875000000004,1.6068359375,0.3724609375,0.009966796875,0.6431640624999999,76.328,23.212921746303287,17.2,2.1354156504062622
1038,0.032832031250000004,0.9171875,0.12890625,1.6068359375,0.3724609375,0.009966796875,0.6431640624999999,66.49,22.677707997061784,17.6,2.3323807579381204
1039,0.032832031250000004,0.9171875,0.28046875000000004,2.0384765625,0.3724609375,0.009966796875,0.6431640624999999,67.636,22.62204464675994,17.6,2.3323807579381204
1040,0.032832031250000004,0.9171875,0.28046875000000004,1.6068359375,0.1896484375,0.009966796875,0.6431640624999999,76.306,23.219433757092354,17.2,2.1354156504062622
1041,0.032832031250000004,0.9171875,0.28046875000000004,1.6068359375,0.3724609375,0.011892578125,0.6431640624999999,75.29599999999999,23.708123164856385,16.8,1.9390719429665315
1042,0.032832031250000004,0.9171875,0.28046875000000004,1.6068359375,0.3724609375,0.009966796875,0.6152734375,82.05,16.186244777588158,16.2,1.5999999999999999
1043,0.034472656250000004,0.3609375,0.12890625,2.0384765625,0.1896484375,0.011892578125,0.6152734375,77.224,19.870720772030392,16.8,1.9390719429665315
1044,0.041582031250000005,0.41718750000000004,0.13046875000000002,1.3943359375000002,0.4849609375,0.013591796875,0.6956640625,64.306,22.552851349663083,17.6,2.3323807579381204
1045,0.07822265625000001,0.41718750000000004,0.13046875000000002,1.3943359375000002,0.4849609375,0.013591796875,0.6956640625,92.044,9.870778287450285,16.0,1.5491933384829668
1046,0.041582031250000005,0.6609375,0.13046875000000002,1.3943359375000002,0.4849609375,0.013591796875,0.6956640625,64.306,22.552851349663083,17.6,2.3323807579381204
1047,0.041582031250000005,0.41718750000000004,0.47890625,1.3943359375000002,0.4849609375,0.013591796875,0.6956640625,75.69,23.47626801687185,16.8,1.9390719429665315
1048,0.041582031250000005,0.41718750000000004,0.13046875000000002,0.9759765625000001,0.4849609375,0.013591796875,0.6956640625,71.848,22.225771887608314,17.6,2.3323807579381204
1049,0.041582031250000005,0.41718750000000004,0.13046875000000002,1.3943359375000002,0.3021484375,0.013591796875,0.6956640625,64.094,22.47610962778034,17.6,2.3323807579381204
1050,0.041582031250000005,0.41718750000000004,0.13046875000000002,1.3943359375000002,0.4849609375,0.030017578125,0.6956640625,83.58200000000001,11.762894881788242,16.0,1.5491933384829668
1051,0.041582031250000005,0.41718750000000004,0.13046875000000002,1.3943359375000002,0.4849609375,0.013591796875,0.5977734375,89.114,10.822043429962754,14.8,2.4
1052,0.07822265625000001,0.6609375,0.47890625,0.9759765625000001,0.3021484375,0.030017578125,0.5977734375,85.91,11.407292404422707,9.0,3.0983866769659336
1053,0.07658203125,0.8171875,0.33046875,2.2443359375,0.9349609375,0.028091796875000002,0.6256640625,93.898,9.632545665606784,12.8,3.9191835884530852
1054,0.043222656250000005,0.8171875,0.33046875,2.2443359375,0.9349609375,0.028091796875000002,0.6256640625,85.452,11.291248646628949,13.6,2.8000000000000003
1055,0.07658203125,0.26093750000000004,0.33046875,2.2443359375,0.9349609375,0.028091796875000002,0.6256640625,93.898,9.632545665606784,13.0,3.521363372331802
1056,0.07658203125,0.8171875,0.27890625,2.2443359375,0.9349609375,0.028091796875000002,0.6256640625,94.11,9.616618948466243,12.8,3.9191835884530852
1057,0.07658203125,0.8171875,0.33046875,1.8259765625,0.9349609375,0.028091796875000002,0.6256640625,91.484,10.081433628209828,12.8,3.9191835884530852
1058,0.07658203125,0.8171875,0.33046875,2.2443359375,0.7521484375,0.028091796875000002,0.6256640625,93.898,9.632545665606784,12.8,3.9191835884530852
1059,0.07658203125,0.8171875,0.33046875,2.2443359375,0.9349609375,0.015517578125,0.6256640625,89.71000000000001,10.352079984235052,13.2,3.6
1060,0.07658203125,0.8171875,0.33046875,2.2443359375,0.9349609375,0.028091796875000002,0.6677734375,88.30199999999999,10.486214569614718,13.4,3.2000000000000006
1061,0.043222656250000005,0.26093750000000004,0.27890625,1.8259765625,0.7521484375,0.015517578125,0.6677734375,78.648,19.065858910628705,16.6,1.8547236990991407
1062,0.05908203125000001,0.2171875,0.23046875,0.9693359375,0.7099609375,0.020841796875,0.6606640625,93.34799999999998,9.771315980972062,14.6,2.33238075793812
1063,0.025722656250000003,0.2171875,0.23046875,0.9693359375,0.7099609375,0.020841796875,0.6606640625,75.902,19.849460849101167,16.6,1.8547236990991407
1064,0.05908203125000001,0.4609375,0.23046875,0.9693359375,0.7099609375,0.020841796875,0.6606640625,93.34799999999998,9.771315980972062,14.4,2.727636339397171
1065,0.05908203125000001,0.2171875,0.17890625000000002,0.9693359375,0.7099609375,0.020841796875,0.6606640625,92.78,9.564097448269752,14.8,1.9390719429665315
1066,0.05908203125000001,0.2171875,0.23046875,2.2509765625,0.7099609375,0.020841796875,0.6606640625,88.108,10.547830867055083,15.4,1.2
1067,0.05908203125000001,0.2171875,0.23046875,0.9693359375,0.9771484375,0.020841796875,0.6606640625,93.34799999999998,9.771315980972062,14.6,2.33238075793812
1068,0.05908203125000001,0.2171875,0.23046875,0.9693359375,0.7099609375,0.022767578125,0.6606640625,91.634,10.00139910212566,14.4,2.727636339397171
1069,0.05908203125000001,0.2171875,0.23046875,0.9693359375,0.7099609375,0.020841796875,0.6327734374999999,83.77000000000001,11.606505072587527,13.4,3.2000000000000006
1070,0.025722656250000003,0.4609375,0.17890625000000002,2.2509765625,0.9771484375,0.022767578125,0.6327734374999999,78.08,17.580938541499997,16.4,1.7435595774162693
1071,0.024082031250000004,0.6171875,0.43046875000000007,1.8193359375,0.25996093750000004,0.006341796875,0.5906640624999999,75.458,21.42715604087486,16.8,1.9390719429665315
1072,0.06072265625000001,0.6171875,0.43046875000000007,1.8193359375,0.25996093750000004,0.006341796875,0.5906640624999999,90.38799999999999,10.345049830716139,13.2,4.118252056394801
1073,0.024082031250000004,0.8609375000000001,0.43046875000000007,1.8193359375,0.25996093750000004,0.006341796875,0.5906640624999999,75.458,21.42715604087486,16.8,1.9390719429665315
1074,0.024082031250000004,0.6171875,0.37890625,1.8193359375,0.25996093750000004,0.006341796875,0.5906640624999999,73.848,23.518086997032732,16.8,1.9390719429665315
1075,0.024082031250000004,0.6171875,0.43046875000000007,1.4009765625,0.25996093750000004,0.006341796875,0.5906640624999999,81.298,15.118369488804008,16.2,1.5999999999999999
1076,0.024082031250000004,0.6171875,0.43046875000000007,1.8193359375,0.5271484375000001,0.006341796875,0.5906640624999999,75.458,21.42715604087486,16.8,1.9390719429665315
1077,0.024082031250000004,0.6171875,0.43046875000000007,1.8193359375,0.25996093750000004,0.008267578125000001,0.5906640624999999,81.654,16.069863222815556,16.2,1.5999999999999999
1078,0.024082031250000004,0.6171875,0.43046875000000007,1.8193359375,0.25996093750000004,0.006341796875,0.7027734375,20.0,40.0,2.0,6.0
1079,0.06072265625000001,0.8609375000000001,0.37890625,1.4009765625,0.5271484375000001,0.008267578125000001,0.7027734375,77.99000000000001,20.195868884502097,16.8,1.9390719429665315
1080,0.01970703125,0.5671875,0.20546875,2.1380859375,0.6537109375,0.008154296875000001,0.6869140625,20.0,40.0,2.0,6.0
1081,0.07384765625,0.5671875,0.20546875,2.1380859375,0.6537109375,0.008154296875000001,0.6869140625,81.8,14.454525934806718,16.2,1.5999999999999999
1082,0.01970703125,0.6109375,0.20546875,2.1380859375,0.6537109375,0.008154296875000001,0.6869140625,20.0,40.0,2.0,6.0
1083,0.01970703125,0.5671875,0.10390625,2.1380859375,0.6537109375,0.008154296875000001,0.6869140625,20.0,40.0,2.0,6.0
1084,0.01970703125,0.5671875,0.20546875,1.2947265625,0.6537109375,0.008154296875000001,0.6869140625,20.0,40.0,2.0,6.0
1085,0.01970703125,0.5671875,0.20546875,2.1380859375,0.3583984375,0.008154296875000001,0.6869140625,20.0,40.0,2.0,6.0
1086,0.01970703125,0.5671875,0.20546875,2.1380859375,0.6537109375,0.017330078125000002,0.6869140625,20.0,40.0,1.8,5.6
1087,0.01970703125,0.5671875,0.20546875,2.1380859375,0.6537109375,0.008154296875000001,0.6415234375,20.0,40.0,1.8,5.6
1088,0.07384765625,0.6109375,0.10390625,1.2947265625,0.3583984375,0.017330078125000002,0.6415234375,91.606,10.182110979556253,14.2,3.1240998703626617
1089,0.05470703125,0.9671875000000001,0.40546875000000004,1.2880859375,0.20371093750000002,0.022654296875,0.6169140624999999,92.97800000000001,10.125191158689297,12.8,3.9191835884530852
1090,0.03884765625,0.9671875000000001,0.40546875000000004,1.2880859375,0.20371093750000002,0.022654296875,0.6169140624999999,93.24600000000001,9.416497438007406,13.4,3.2000000000000006
1091,0.05470703125,0.2109375,0.40546875000000004,1.2880859375,0.20371093750000002,0.022654296875,0.6169140624999999,92.97800000000001,10.125191158689297,13.0,3.521363372331802
1092,0.05470703125,0.9671875000000001,0.30390625000000004,1.2880859375,0.20371093750000002,0.022654296875,0.6169140624999999,94.192,9.628412953337637,12.8,3.9191835884530852
1093,0.05470703125,0.9671875000000001,0.40546875000000004,2.1447265625,0.20371093750000002,0.022654296875,0.6169140624999999,87.35199999999999,10.534747078122,13.2,3.6
1094,0.05470703125,0.9671875000000001,0.40546875000000004,1.2880859375,0.8083984375,0.022654296875,0.6169140624999999,92.97800000000001,10.125191158689297,12.8,3.9191835884530852
1095,0.05470703125,0.9671875000000001,0.40546875000000004,1.2880859375,0.20371093750000002,0.031830078125,0.6169140624999999,92.962,9.925946604732468,11.8,3.9191835884530852
1096,0.05470703125,0.9671875000000001,0.40546875000000004,1.2880859375,0.20371093750000002,0.022654296875,0.7115234374999999,86.858,11.075310198816105,16.0,1.5491933384829668
1097,0.03884765625,0.2109375,0.30390625000000004,2.1447265625,0.8083984375,0.031830078125,0.7115234374999999,80.05600000000001,17.776947544502683,16.4,1.2000000000000002
1098,0.07220703125,0.3671875,0.10546875,1.7130859375,0.4287109375,0.029904296875,0.6519140625,83.576,11.646470023144351,13.6,2.8000000000000003
1099,0.02134765625,0.3671875,0.10546875,1.7130859375,0.4287109375,0.029904296875,0.6519140625,82.038,15.168958303060894,16.0,1.5491933384829668
1100,0.07220703125,0.4109375,0.10546875,1.7130859375,0.4287109375,0.029904296875,0.6519140625,83.576,11.646470023144351,13.6,2.8000000000000003
1101,0.07220703125,0.3671875,0.40390625,1.7130859375,0.4287109375,0.029904296875,0.6519140625,94.1,9.615371027682707,13.2,3.1240998703626617
1102,0.07220703125,0.3671875,0.10546875,1.7197265625,0.4287109375,0.029904296875,0.6519140625,83.556,11.692706444617517,13.6,2.8000000000000003
1103,0.07220703125,0.3671875,0.10546875,1.7130859375,0.5833984375,0.029904296875,0.6519140625,83.55199999999999,11.68786618677678,13.6,2.8000000000000003
1104,0.07220703125,0.3671875,0.10546875,1.7130859375,0.4287109375,0.010080078125,0.6519140625,89.90799999999999,10.194206982399368,15.4,1.2
1105,0.07220703125,0.3671875,0.10546875,1.7130859375,0.4287109375,0.029904296875,0.6065234374999999,87.912,10.631380719360962,12.2,3.6
1106,0.02134765625,0.4109375,0.40390625,1.7197265625,0.5833984375,0.010080078125,0.6065234374999999,75.77199999999999,23.457291744785884,16.8,1.9390719429665315
1107,0.03720703125,0.7671875000000001,0.30546875,0.8630859375000001,0.8787109375,0.015404296875000001,0.5819140625,92.52000000000001,9.995134816499476,12.6,4.317406628984581
1108,0.05634765625000001,0.7671875000000001,0.30546875,0.8630859375000001,0.8787109375,0.015404296875000001,0.5819140625,86.024,11.356775246521346,11.8,4.4
1109,0.03720703125,0.8109375000000001,0.30546875,0.8630859375000001,0.8787109375,0.015404296875000001,0.5819140625,92.52000000000001,9.995134816499476,12.6,4.317406628984581
1110,0.03720703125,0.7671875000000001,0.20390625,0.8630859375000001,0.8787109375,0.015404296875000001,0.5819140625,94.394,9.669278359836374,13.0,4.0
1111,0.03720703125,0.7671875000000001,0.30546875,0.8697265625,0.8787109375,0.015404296875000001,0.5819140625,92.458,10.098959154289117,12.6,4.317406628984581
1112,0.03720703125,0.7671875000000001,0.30546875,0.8630859375000001,0.13339843750000002,0.015404296875000001,0.5819140625,92.52000000000001,9.995134816499476,12.6,4.317406628984581
1113,0.03720703125,0.7671875000000001,0.30546875,0.8630859375000001,0.8787109375,0.024580078125,0.5819140625,85.458,10.660805598077474,10.4,3.2619012860600183
1114,0.03720703125,0.7671875000000001,0.30546875,0.8630859375000001,0.8787109375,0.015404296875000001,0.6765234375,77.174,19.601632176938736,16.8,1.9390719429665315
1115,0.05634765625000001,0.8109375000000001,0.20390625,0.8697265625,0.13339843750000002,0.024580078125,0.6765234375,90.164,10.541682218697355,15.2,1.1661903789690602
1116,0.02845703125,0.2671875,0.45546875,1.0755859375,0.9912109375,0.004529296875,0.6694140625,24.792,38.73206754099244,6.0,8.717797887081348
1117,0.01259765625,0.2671875,0.45546875,1.0755859375,0.9912109375,0.004529296875,0.6694140625,20.0,40.0,2.2,6.400000000000001
1118,0.02845703125,0.5109375,0.45546875,1.0755859375,0.9912109375,0.004529296875,0.6694140625,24.792,38.73206754099244,5.8,8.541662601625049
1119,0.02845703125,0.2671875,0.35390625,1.0755859375,0.9912109375,0.004529296875,0.6694140625,22.818,38.97492137259548,2.0,6.0
1120,0.02845703125,0.2671875,0.45546875,1.9322265625,0.9912109375,0.004529296875,0.6694140625,20.012,39.99400675101209,2.0,6.0
1121,0.02845703125,0.2671875,0.45546875,1.0755859375,0.2458984375,0.004529296875,0.6694140625,24.792,38.73206754099244,6.0,8.717797887081348
1122,0.02845703125,0.2671875,0.45546875,1.0755859375,0.9912109375,0.006455078125,0.6694140625,32.84400000000001,36.78866434107115,6.0,8.717797887081348
1123,0.02845703125,0.2671875,0.45546875,1.0755859375,0.9912109375,0.004529296875,0.6940234375,20.0,40.0,2.0,6.0
1124,0.01259765625,0.5109375,0.35390625,1.9322265625,0.2458984375,0.006455078125,0.6940234375,20.0,40.0,2.2,6.400000000000001
1125,0.06345703125,0.6671875,0.25546875,1.9255859375,0.5412109375,0.019029296875,0.5994140625,94.84200000000001,9.81391746449908,13.0,4.0
1126,0.04759765625000001,0.6671875,0.25546875,1.9255859375,0.5412109375,0.019029296875,0.5994140625,85.772,11.027038405664502,13.4,3.2000000000000006
1127,0.06345703125,0.9109375,0.25546875,1.9255859375,0.5412109375,0.019029296875,0.5994140625,94.84200000000001,9.81391746449908,13.0,4.0
1128,0.06345703125,0.6671875,0.15390625000000002,1.9255859375,0.5412109375,0.019029296875,0.5994140625,87.16199999999999,10.914008246286055,13.2,3.6
1129,0.06345703125,0.6671875,0.25546875,1.0822265625,0.5412109375,0.019029296875,0.5994140625,91.96000000000001,10.113331795209724,12.6,4.317406628984581
1130,0.06345703125,0.6671875,0.25546875,1.9255859375,0.6958984375,0.019029296875,0.5994140625,94.84200000000001,9.81391746449908,13.0,4.0
1131,0.06345703125,0.6671875,0.25546875,1.9255859375,0.5412109375,0.020955078125,0.5994140625,94.42,9.675751133632986,13.0,4.0
1132,0.06345703125,0.6671875,0.25546875,1.9255859375,0.5412109375,0.019029296875,0.6240234375,89.006,10.409268177926823,13.4,3.2000000000000006
1133,0.04759765625000001,0.9109375,0.15390625000000002,1.0822265625,0.6958984375,0.020955078125,0.6240234375,88.38799999999999,10.548003412968733,13.4,3.2000000000000006
1134,0.04595703125,0.46718750000000003,0.35546875,1.5005859375,0.3162109375,0.026279296875,0.7044140624999999,83.52799999999999,11.879389546605498,16.0,1.5491933384829668
1135,0.06509765625000001,0.46718750000000003,0.35546875,1.5005859375,0.3162109375,0.026279296875,0.7044140624999999,84.324,11.5989958186043,15.4,1.2
1136,0.04595703125,0.7109375,0.35546875,1.5005859375,0.3162109375,0.026279296875,0.7044140624999999,83.52799999999999,11.879389546605498,16.0,1.5491933384829668
1137,0.04595703125,0.46718750000000003,0.25390625,1.5005859375,0.3162109375,0.026279296875,0.7044140624999999,82.03200000000001,12.741388307401984,16.0,1.5491933384829668
1138,0.04595703125,0.46718750000000003,0.35546875,1.5072265625,0.3162109375,0.026279296875,0.7044140624999999,83.774,11.645281619608863,16.0,1.5491933384829668
1139,0.04595703125,0.46718750000000003,0.35546875,1.5005859375,0.9208984375,0.026279296875,0.7044140624999999,83.77799999999999,11.730494277736126,16.0,1.5491933384829668
1140,0.04595703125,0.46718750000000003,0.35546875,1.5005859375,0.3162109375,0.013705078124999999,0.7044140624999999,76.914,23.577830773843466,17.2,2.1354156504062622
1141,0.04595703125,0.46718750000000003,0.35546875,1.5005859375,0.3162109375,0.026279296875,0.6590234374999999,92.22,9.931914216302918,15.2,1.1661903789690602
1142,0.06509765625000001,0.7109375,0.25390625,1.5072265625,0.9208984375,0.013705078124999999,0.6590234374999999,86.71200000000002,10.869052212589652,15.0,2.0
1143,0.01095703125,0.8671875,0.15546875000000002,2.3505859375,0.7662109375,0.011779296875000001,0.6344140625,20.0,40.0,1.8,5.6
1144,0.03009765625,0.8671875,0.15546875000000002,2.3505859375,0.7662109375,0.011779296875000001,0.6344140625,51.564,25.97962632525726,17.6,2.3323807579381204
1145,0.01095703125,0.31093750000000003,0.15546875000000002,2.3505859375,0.7662109375,0.011779296875000001,0.6344140625,20.0,40.0,2.2,6.400000000000001
1146,0.01095703125,0.8671875,0.45390625000000007,2.3505859375,0.7662109375,0.011779296875000001,0.6344140625,20.0,40.0,1.8,5.6
1147,0.01095703125,0.8671875,0.15546875000000002,2.3572265625,0.7662109375,0.011779296875000001,0.6344140625,20.0,40.0,1.8,5.6
1148,0.01095703125,0.8671875,0.15546875000000002,2.3505859375,0.47089843750000004,0.011779296875000001,0.6344140625,20.0,40.0,1.8,5.6
1149,0.01095703125,0.8671875,0.15546875000000002,2.3505859375,0.7662109375,0.028205078125,0.6344140625,58.676,24.353774738220768,17.6,2.3323807579381204
1150,0.01095703125,0.8671875,0.15546875000000002,2.3505859375,0.7662109375,0.011779296875000001,0.5890234375,20.0,40.0,1.8,5.6
1151,0.03009765625,0.31093750000000003,0.45390625000000007,2.3572265625,0.47089843750000004,0.028205078125,0.5890234375,84.69800000000001,11.71671011845902,12.6,2.8000000000000003
1152,0.01068359375,0.3328125,0.46015625000000004,1.6134765625,0.2142578125,0.023673828125,0.6502734375,61.04,23.873988355530376,17.6,2.3323807579381204
1153,0.03748046875,0.3328125,0.46015625000000004,1.6134765625,0.2142578125,0.023673828125,0.6502734375,85.89,10.828333205069002,15.2,1.1661903789690602
1154,0.01068359375,0.4578125,0.46015625000000004,1.6134765625,0.2142578125,0.023673828125,0.6502734375,61.04,23.873988355530376,17.6,2.3323807579381204
1155,0.01068359375,0.3328125,0.38984375000000004,1.6134765625,0.2142578125,0.023673828125,0.6502734375,47.636,27.40707835578247,13.6,7.631513611335566
1156,0.01068359375,0.3328125,0.46015625000000004,2.1380859375,0.2142578125,0.023673828125,0.6502734375,36.376000000000005,33.91818249847713,5.6,8.2365041127896
1157,0.01068359375,0.3328125,0.46015625000000004,1.6134765625,0.3337890625,0.023673828125,0.6502734375,61.04,23.873988355530376,17.6,2.3323807579381204
1158,0.01068359375,0.3328125,0.46015625000000004,1.6134765625,0.2142578125,0.029904296875,0.6502734375,82.45,12.760257050702386,16.0,1.5491933384829668
1159,0.01068359375,0.3328125,0.46015625000000004,1.6134765625,0.2142578125,0.023673828125,0.6781640624999999,23.786,38.80586532986992,2.0,6.0
1160,0.03748046875,0.4578125,0.38984375000000004,2.1380859375,0.3337890625,0.029904296875,0.6781640624999999,88.36399999999999,10.567477655524048,15.8,1.4696938456699067
1161,0.04568359375000001,0.7328125000000001,0.26015625,2.4634765625,0.6642578125,0.009173828125,0.5802734374999999,84.356,11.501308795089367,14.4,3.2000000000000006
1162,0.07248046875,0.7328125000000001,0.26015625,2.4634765625,0.6642578125,0.009173828125,0.5802734374999999,86.996,11.004096691687147,13.0,4.0
1163,0.04568359375000001,0.8578125000000001,0.26015625,2.4634765625,0.6642578125,0.009173828125,0.5802734374999999,84.356,11.501308795089367,14.4,3.2000000000000006
1164,0.04568359375000001,0.7328125000000001,0.18984375,2.4634765625,0.6642578125,0.009173828125,0.5802734374999999,87.488,10.751142078867714,14.6,2.8000000000000003
1165,0.04568359375000001,0.7328125000000001,0.26015625,1.2880859375,0.6642578125,0.009173828125,0.5802734374999999,88.94199999999998,10.24348651583044,13.0,4.0
1166,0.04568359375000001,0.7328125000000001,0.26015625,2.4634765625,0.7837890625,0.009173828125,0.5802734374999999,84.356,11.501308795089367,14.4,3.2000000000000006
1167,0.04568359375000001,0.7328125000000001,0.26015625,2.4634765625,0.6642578125,0.015404296875000001,0.5802734374999999,90.824,10.122945421170657,13.8,3.4292856398964493
1168,0.04568359375000001,0.7328125000000001,0.26015625,2.4634765625,0.6642578125,0.009173828125,0.6081640625,84.952,11.354539884997545,16.0,1.5491933384829668
1169,0.07248046875,0.8578125000000001,0.18984375,1.2880859375,0.7837890625,0.015404296875000001,0.6081640625,93.858,9.528434079112897,13.0,4.0
1170,0.06318359375,0.5328125,0.36015625000000007,1.1884765625,0.8892578125,0.016423828125,0.6852734375,88.744,10.239518738690801,15.4,1.2
1171,0.054980468750000004,0.5328125,0.36015625000000007,1.1884765625,0.8892578125,0.016423828125,0.6852734375,89.88600000000001,10.63208653087436,16.0,1.5491933384829668
1172,0.06318359375,0.6578125,0.36015625000000007,1.1884765625,0.8892578125,0.016423828125,0.6852734375,88.744,10.239518738690801,15.4,1.2
1173,0.06318359375,0.5328125,0.28984375,1.1884765625,0.8892578125,0.016423828125,0.6852734375,90.13199999999999,10.187345876134767,15.6,1.3564659966250536
1174,0.06318359375,0.5328125,0.36015625000000007,0.8630859375000001,0.8892578125,0.016423828125,0.6852734375,85.60600000000001,11.449404526000471,15.4,1.2
1175,0.06318359375,0.5328125,0.36015625000000007,1.1884765625,0.5587890625,0.016423828125,0.6852734375,88.744,10.239518738690801,15.4,1.2
1176,0.06318359375,0.5328125,0.36015625000000007,1.1884765625,0.8892578125,0.022654296875,0.6852734375,88.74600000000001,10.755379305259298,14.6,2.33238075793812
1177,0.06318359375,0.5328125,0.36015625000000007,1.1884765625,0.8892578125,0.016423828125,0.7131640625,83.646,11.670068723019586,16.0,1.5491933384829668
1178,0.054980468750000004,0.6578125,0.28984375,0.8630859375000001,0.5587890625,0.022654296875,0.7131640625,87.02799999999999,11.132869171961017,16.0,1.5491933384829668
1179,0.02818359375,0.9328125,0.16015625,2.0384765625,0.43925781250000007,0.030923828125,0.6152734375,87.75800000000001,10.633622900968417,14.0,2.0
1180,0.01998046875,0.9328125,0.16015625,2.0384765625,0.43925781250000007,0.030923828125,0.6152734375,85.944,11.452188611789452,15.2,1.1661903789690602
1181,0.02818359375,0.2578125,0.16015625,2.0384765625,0.43925781250000007,0.030923828125,0.6152734375,87.75800000000001,10.633622900968417,14.6,0.7999999999999999
1182,0.02818359375,0.9328125,0.48984375,2.0384765625,0.43925781250000007,0.030923828125,0.6152734375,89.502,10.463153253202403,12.6,2.8000000000000003
1183,0.02818359375,0.9328125,0.16015625,1.7130859375,0.43925781250000007,0.030923828125,0.6152734375,83.502,11.659168752531203,13.8,2.4
1184,0.02818359375,0.9328125,0.16015625,2.0384765625,0.1087890625,0.030923828125,0.6152734375,87.75800000000001,10.633622900968417,14.6,0.7999999999999999
1185,0.02818359375,0.9328125,0.16015625,2.0384765625,0.43925781250000007,0.008154296875000001,0.6152734375,56.922000000000004,24.156667319810488,17.6,2.3323807579381204
1186,0.02818359375,0.9328125,0.16015625,2.0384765625,0.43925781250000007,0.030923828125,0.6431640624999999,87.828,10.80635072538366,15.4,1.2
1187,0.01998046875,0.2578125,0.48984375,1.7130859375,0.1087890625,0.008154296875000001,0.6431640624999999,23.054,38.924897739107806,2.0,6.0
1188,0.03693359375,0.43281250000000004,0.21015625000000002,1.8259765625,0.3267578125,0.020048828125,0.7027734375,64.42,22.925314392609753,17.6,2.3323807579381204
1189,0.04623046875,0.43281250000000004,0.21015625000000002,1.8259765625,0.3267578125,0.020048828125,0.7027734375,74.55600000000001,23.493554520335998,16.8,1.9390719429665315
1190,0.03693359375,0.7578125,0.21015625000000002,1.8259765625,0.3267578125,0.020048828125,0.7027734375,64.42,22.925314392609753,17.6,2.3323807579381204
1191,0.03693359375,0.43281250000000004,0.13984375000000002,1.8259765625,0.3267578125,0.020048828125,0.7027734375,57.620000000000005,23.738170948916853,17.6,2.3323807579381204
1192,0.03693359375,0.43281250000000004,0.21015625000000002,1.0755859375,0.3267578125,0.020048828125,0.7027734375,76.076,23.279938659713,17.2,2.1354156504062622
1193,0.03693359375,0.43281250000000004,0.21015625000000002,1.8259765625,0.22128906250000002,0.020048828125,0.7027734375,64.02799999999999,22.77702561793353,17.6,2.3323807579381204
1194,0.03693359375,0.43281250000000004,0.21015625000000002,1.8259765625,0.3267578125,0.019029296875,0.7027734375,58.294000000000004,23.55472063090539,17.6,2.3323807579381204
1195,0.03693359375,0.43281250000000004,0.21015625000000002,1.8259765625,0.3267578125,0.020048828125,0.5906640624999999,85.99000000000001,11.165957191392057,13.6,2.8000000000000003
1196,0.04623046875,0.7578125,0.13984375000000002,1.0755859375,0.22128906250000002,0.019029296875,0.5906640624999999,94.24,9.636605211380198,13.0,4.0
1197,0.07193359375000001,0.8328125,0.41015625,0.9759765625000001,0.7767578125,0.005548828125,0.6327734374999999,93.954,9.662549560028141,13.6,4.317406628984581
1198,0.01123046875,0.8328125,0.41015625,0.9759765625000001,0.7767578125,0.005548828125,0.6327734374999999,20.0,40.0,1.8,5.6
1199,0.07193359375000001,0.35781250000000003,0.41015625,0.9759765625000001,0.7767578125,0.005548828125,0.6327734374999999,93.954,9.662549560028141,13.8,3.9191835884530852
1200,0.07193359375000001,0.8328125,0.33984375,0.9759765625000001,0.7767578125,0.005548828125,0.6327734374999999,94.36999999999999,9.667980140649858,14.0,4.0
1201,0.07193359375000001,0.8328125,0.41015625,1.9255859375,0.7767578125,0.005548828125,0.6327734374999999,83.48400000000001,11.571185937491455,14.2,3.6
1202,0.07193359375000001,0.8328125,0.41015625,0.9759765625000001,0.6712890625,0.005548828125,0.6327734374999999,93.954,9.662549560028141,13.6,4.317406628984581
1203,0.07193359375000001,0.8328125,0.41015625,0.9759765625000001,0.7767578125,0.004529296875,0.6327734374999999,94.294,9.651316179672078,13.8,4.4
1204,0.07193359375000001,0.8328125,0.41015625,0.9759765625000001,0.7767578125,0.005548828125,0.6606640625,85.454,11.439646148373647,14.4,3.2000000000000006
1205,0.01123046875,0.35781250000000003,0.33984375,1.9255859375,0.6712890625,0.004529296875,0.6606640625,20.0,40.0,2.4,6.8
1206,0.05443359375000001,0.2328125,0.11015625000000001,2.2509765625,0.5517578125,0.012798828125000002,0.6677734375,77.822,19.882253795784823,16.8,1.9390719429665315
1207,0.02873046875,0.2328125,0.11015625000000001,2.2509765625,0.5517578125,0.012798828125000002,0.6677734375,23.378,38.86545427497278,2.0,6.0
1208,0.05443359375000001,0.5578125,0.11015625000000001,2.2509765625,0.5517578125,0.012798828125000002,0.6677734375,77.822,19.882253795784823,16.8,1.9390719429665315
1209,0.05443359375000001,0.2328125,0.43984375,2.2509765625,0.5517578125,0.012798828125000002,0.6677734375,82.338,12.205022572695226,16.2,1.5999999999999999
1210,0.05443359375000001,0.2328125,0.11015625000000001,2.3505859375,0.5517578125,0.012798828125000002,0.6677734375,76.366,20.62161836520112,17.0,1.5491933384829668
1211,0.05443359375000001,0.2328125,0.11015625000000001,2.2509765625,0.8962890625,0.012798828125000002,0.6677734375,77.822,19.882253795784823,16.8,1.9390719429665315
1212,0.05443359375000001,0.2328125,0.11015625000000001,2.2509765625,0.5517578125,0.026279296875,0.6677734375,89.076,10.11373442403942,15.4,1.2
1213,0.05443359375000001,0.2328125,0.11015625000000001,2.2509765625,0.5517578125,0.012798828125000002,0.6256640625,91.37800000000001,9.888460749783055,16.0,1.5491933384829668
1214,0.02873046875,0.5578125,0.43984375,2.3505859375,0.8962890625,0.026279296875,0.6256640625,86.896,10.959864232735733,15.2,1.1661903789690602
1215,0.01943359375,0.6328125,0.31015625,1.4009765625,0.1017578125,0.027298828125,0.5977734375,87.824,10.734603113296737,13.0,2.0
1216,0.06373046875,0.6328125,0.31015625,1.4009765625,0.1017578125,0.027298828125,0.5977734375,94.568,9.723288332657836,12.0,4.0
1217,0.01943359375,0.9578125,0.31015625,1.4009765625,0.1017578125,0.027298828125,0.5977734375,87.824,10.734603113296737,12.8,2.4
1218,0.01943359375,0.6328125,0.23984375000000002,1.4009765625,0.1017578125,0.027298828125,0.5977734375,90.88799999999999,10.081522504066536,13.8,1.4696938456699067
1219,0.01943359375,0.6328125,0.31015625,1.5005859375,0.1017578125,0.027298828125,0.5977734375,89.678,10.395014959104197,13.2,1.5999999999999999
1220,0.01943359375,0.6328125,0.31015625,1.4009765625,0.4462890625,0.027298828125,0.5977734375,87.824,10.734603113296737,12.8,2.4
1221,0.01943359375,0.6328125,0.31015625,1.4009765625,0.1017578125,0.011779296875000001,0.5977734375,79.244,17.96105631637516,16.4,1.7435595774162693
1222,0.01943359375,0.6328125,0.31015625,1.4009765625,0.1017578125,0.027298828125,0.6956640625,51.196000000000005,26.066266782951484,17.6,2.3323807579381204
1223,0.06373046875,0.9578125,0.23984375000000002,1.5005859375,0.4462890625,0.011779296875000001,0.6956640625,81.70599999999999,15.315156675659573,16.2,1.5999999999999999
1224,0.023808593750000002,0.5828125,0.13515625,0.8697265625,0.7205078125,0.029111328125000002,0.7115234374999999,62.70400000000001,23.507960864354015,17.6,2.3323807579381204
1225,0.05060546875000001,0.5828125,0.13515625,0.8697265625,0.7205078125,0.029111328125000002,0.7115234374999999,88.84200000000001,10.832821239178646,16.0,1.5491933384829668
1226,0.023808593750000002,0.7078125,0.13515625,0.8697265625,0.7205078125,0.029111328125000002,0.7115234374999999,62.70400000000001,23.507960864354015,17.6,2.3323807579381204
1227,0.023808593750000002,0.5828125,0.46484375,0.8697265625,0.7205078125,0.029111328125000002,0.7115234374999999,75.302,21.172014925367872,16.8,1.9390719429665315
1228,0.023808593750000002,0.5828125,0.13515625,1.6068359375,0.7205078125,0.029111328125000002,0.7115234374999999,39.3,31.902035671724775,9.6,8.890444308357148
1229,0.023808593750000002,0.5828125,0.13515625,0.8697265625,0.3900390625,0.029111328125000002,0.7115234374999999,62.70400000000001,23.507960864354015,17.6,2.3323807579381204
1230,0.023808593750000002,0.5828125,0.13515625,0.8697265625,0.7205078125,0.006341796875,0.7115234374999999,20.0,40.0,2.0,6.0
1231,0.023808593750000002,0.5828125,0.13515625,0.8697265625,0.7205078125,0.029111328125000002,0.6169140624999999,89.06800000000001,10.9610937410461,13.6,2.33238075793812
1232,0.05060546875000001,0.7078125,0.46484375,1.6068359375,0.3900390625,0.006341796875,0.6169140624999999,85.952,11.172629771007362,14.6,2.8000000000000003
1233,0.058808593750000006,0.9828125000000001,0.33515625000000004,1.7197265625,0.2705078125,0.014611328125,0.6415234375,84.726,11.345576406688204,15.4,1.2
1234,0.01560546875,0.9828125000000001,0.33515625000000004,1.7197265625,0.2705078125,0.014611328125,0.6415234375,24.232,38.760279875150545,5.8,8.541662601625049
1235,0.058808593750000006,0.30781250000000004,0.33515625000000004,1.7197265625,0.2705078125,0.014611328125,0.6415234375,84.726,11.345576406688204,15.4,1.2
1236,0.058808593750000006,0.9828125000000001,0.26484375000000004,1.7197265625,0.2705078125,0.014611328125,0.6415234375,84.152,11.600657567569177,15.4,1.2
1237,0.058808593750000006,0.9828125000000001,0.33515625000000004,2.4568359375,0.2705078125,0.014611328125,0.6415234375,88.97200000000001,10.273401384157053,15.4,1.2
1238,0.058808593750000006,0.9828125000000001,0.33515625000000004,1.7197265625,0.8400390625,0.014611328125,0.6415234375,84.726,11.345576406688204,14.4,3.2000000000000006
1239,0.058808593750000006,0.9828125000000001,0.33515625000000004,1.7197265625,0.2705078125,0.020841796875,0.6415234375,90.834,10.197194908404956,14.0,3.03315017762062
1240,0.058808593750000006,0.9828125000000001,0.33515625000000004,1.7197265625,0.2705078125,0.014611328125,0.6869140625,83.04,11.732660397369386,16.2,1.5999999999999999
1241,0.01560546875,0.30781250000000004,0.26484375000000004,2.4568359375,0.8400390625,0.020841796875,0.6869140625,20.0,40.0,2.2,6.400000000000001
1242,0.07630859375,0.3828125,0.23515625,1.2947265625,0.4955078125,0.007361328125,0.6765234375,92.078,9.887599101905376,16.0,1.5491933384829668
1243,0.033105468750000006,0.3828125,0.23515625,1.2947265625,0.4955078125,0.007361328125,0.6765234375,27.782000000000004,37.804935868216994,6.0,8.717797887081348
1244,0.07630859375,0.5078125,0.23515625,1.2947265625,0.4955078125,0.007361328125,0.6765234375,92.078,9.887599101905376,16.0,1.5491933384829668
1245,0.07630859375,0.3828125,0.16484375,1.2947265625,0.4955078125,0.007361328125,0.6765234375,92.45,9.855485782040375,16.0,1.5491933384829668
1246,0.07630859375,0.3828125,0.23515625,2.0318359375,0.4955078125,0.007361328125,0.6765234375,86.026,11.150975921416029,16.0,1.5491933384829668
1247,0.07630859375,0.3828125,0.23515625,1.2947265625,0.6150390625,0.007361328125,0.6765234375,92.078,9.887599101905376,16.0,1.5491933384829668
1248,0.07630859375,0.3828125,0.23515625,1.2947265625,0.4955078125,0.013591796875,0.6765234375,84.828,11.55750734371387,15.4,1.2
1249,0.07630859375,0.3828125,0.23515625,1.2947265625,0.4955078125,0.007361328125,0.5819140625,95.04400000000001,9.912,12.8,4.4
1250,0.033105468750000006,0.5078125,0.16484375,2.0318359375,0.6150390625,0.013591796875,0.5819140625,86.522,10.892779994106188,15.4,1.2
1251,0.041308593750000004,0.7828125000000001,0.43515625,2.1447265625,0.9455078125,0.021861328125,0.6065234374999999,83.12,11.598763727225414,13.4,3.2000000000000006
1252,0.06810546875000001,0.7828125000000001,0.43515625,2.1447265625,0.9455078125,0.021861328125,0.6065234374999999,93.78200000000001,9.76285286174077,12.8,3.9191835884530852
1253,0.041308593750000004,0.9078125000000001,0.43515625,2.1447265625,0.9455078125,0.021861328125,0.6065234374999999,83.12,11.598763727225414,13.4,3.2000000000000006
1254,0.041308593750000004,0.7828125000000001,0.36484375,2.1447265625,0.9455078125,0.021861328125,0.6065234374999999,86.1,11.179905187433388,13.4,3.2000000000000006
1255,0.041308593750000004,0.7828125000000001,0.43515625,1.1818359375,0.9455078125,0.021861328125,0.6065234374999999,90.394,10.299812813833075,12.4,3.720215047547655
1256,0.041308593750000004,0.7828125000000001,0.43515625,2.1447265625,0.1650390625,0.021861328125,0.6065234374999999,83.086,11.656333214180178,13.6,2.8000000000000003
1257,0.041308593750000004,0.7828125000000001,0.43515625,2.1447265625,0.9455078125,0.028091796875000002,0.6065234374999999,90.524,10.188473094630028,12.6,3.3226495451672298
1258,0.041308593750000004,0.7828125000000001,0.43515625,2.1447265625,0.9455078125,0.021861328125,0.6519140625,88.84200000000001,10.280648617669993,15.4,1.2
1259,0.06810546875000001,0.9078125000000001,0.36484375,1.1818359375,0.1650390625,0.028091796875000002,0.6519140625,94.196,9.62905935177471,13.0,3.521363372331802
1260,0.03255859375,0.2828125,0.38515625,2.3572265625,0.8330078125,0.025486328125,0.6590234374999999,82.80199999999999,11.77881895607535,16.0,1.5491933384829668
1261,0.041855468750000006,0.2828125,0.38515625,2.3572265625,0.8330078125,0.025486328125,0.6590234374999999,89.06,10.213447997615695,15.4,1.2
1262,0.03255859375,0.4078125,0.38515625,2.3572265625,0.8330078125,0.025486328125,0.6590234374999999,82.80199999999999,11.77881895607535,16.0,1.5491933384829668
1263,0.03255859375,0.2828125,0.21484375,2.3572265625,0.8330078125,0.025486328125,0.6590234374999999,80.414,16.69294773250069,16.2,1.5999999999999999
1264,0.03255859375,0.2828125,0.38515625,1.8193359375,0.8330078125,0.025486328125,0.6590234374999999,88.40200000000002,10.681832052602216,15.8,1.4696938456699067
1265,0.03255859375,0.2828125,0.38515625,2.3572265625,0.27753906250000004,0.025486328125,0.6590234374999999,82.84,11.72013139858082,16.0,1.5491933384829668
1266,0.03255859375,0.2828125,0.38515625,2.3572265625,0.8330078125,0.017216796875000002,0.6590234374999999,76.53200000000001,23.75881596376385,16.8,1.9390719429665315
1267,0.03255859375,0.2828125,0.38515625,2.3572265625,0.8330078125,0.025486328125,0.7044140624999999,69.1,22.343771391598153,17.8,1.9390719429665315
1268,0.041855468750000006,0.4078125,0.21484375,1.8193359375,0.27753906250000004,0.017216796875000002,0.7044140624999999,67.652,22.767172332110107,17.6,2.3323807579381204
1269,0.06755859375,0.6828125,0.18515625000000002,1.5072265625,0.38300781250000004,0.010986328125,0.5890234375,85.438,11.228824337391694,13.0,4.0
1270,0.07685546875,0.6828125,0.18515625000000002,1.5072265625,0.38300781250000004,0.010986328125,0.5890234375,94.96200000000002,9.872277143597621,12.8,4.4
1271,0.06755859375,0.8078125,0.18515625000000002,1.5072265625,0.38300781250000004,0.010986328125,0.5890234375,85.438,11.228824337391694,13.0,4.0
1272,0.06755859375,0.6828125,0.41484375000000007,1.5072265625,0.38300781250000004,0.010986328125,0.5890234375,94.97999999999999,9.880777297358748,12.8,4.4
1273,0.06755859375,0.6828125,0.18515625000000002,0.9693359375,0.38300781250000004,0.010986328125,0.5890234375,95.04400000000001,9.912,12.8,4.4
1274,0.06755859375,0.6828125,0.18515625000000002,1.5072265625,0.7275390625,0.010986328125,0.5890234375,85.438,11.228824337391694,13.0,4.0
1275,0.06755859375,0.6828125,0.18515625000000002,1.5072265625,0.38300781250000004,0.031716796875,0.5890234375,91.128,10.270706694283502,11.4,3.7735924528226414
1276,0.06755859375,0.6828125,0.18515625000000002,1.5072265625,0.38300781250000004,0.010986328125,0.6344140625,86.576,10.972639791772991,15.4,1.2
1277,0.07685546875,0.8078125,0.41484375000000007,0.9693359375,0.7275390625,0.031716796875,0.6344140625,94.648,9.737158517760712,12.0,4.0
1278,0.050058593750000005,0.48281250000000003,0.48515625000000007,1.9322265625,0.1580078125,0.003736328125,0.6940234375,66.606,22.2378916266808,17.6,2.3323807579381204
1279,0.05935546875000001,0.48281250000000003,0.48515625000000007,1.9322265625,0.1580078125,0.003736328125,0.6940234375,74.75,23.436300902659532,17.0,2.0
1280,0.050058593750000005,0.6078125000000001,0.48515625000000007,1.9322265625,0.1580078125,0.003736328125,0.6940234375,66.606,22.2378916266808,17.6,2.3323807579381204
1281,0.050058593750000005,0.48281250000000003,0.31484375,1.9322265625,0.1580078125,0.003736328125,0.6940234375,51.04799999999999,26.24811414178169,17.6,2.3323807579381204
1282,0.050058593750000005,0.48281250000000003,0.48515625000000007,1.3943359375000002,0.1580078125,0.003736328125,0.6940234375,75.94,22.657916055983613,17.4,2.244994432064365
1283,0.050058593750000005,0.48281250000000003,0.48515625000000007,1.9322265625,0.9525390625,0.003736328125,0.6940234375,66.83,22.335104208398043,17.6,2.3323807579381204
1284,0.050058593750000005,0.48281250000000003,0.48515625000000007,1.9322265625,0.1580078125,0.009966796875,0.6940234375,75.382,23.478602513778366,16.8,1.9390719429665315
1285,0.050058593750000005,0.48281250000000003,0.48515625000000007,1.9322265625,0.1580078125,0.003736328125,0.6694140625,75.47999999999999,23.4941609767193,17.0,2.0
1286,0.05935546875000001,0.6078125000000001,0.31484375,1.3943359375000002,0.9525390625,0.009966796875,0.6694140625,85.962,11.058432800356478,16.0,1.5491933384829668
1287,0.015058593750000002,0.8828125,0.28515625,1.0822265625,0.6080078125,0.018236328125,0.6240234375,75.232,20.794085120533676,16.8,1.9390719429665315
1288,0.02435546875,0.8828125,0.28515625,1.0822265625,0.6080078125,0.018236328125,0.6240234375,88.41799999999999,10.666201573193707,15.8,1.4696938456699067
1289,0.015058593750000002,0.2078125,0.28515625,1.0822265625,0.6080078125,0.018236328125,0.6240234375,75.232,20.794085120533676,16.8,1.9390719429665315
1290,0.015058593750000002,0.8828125,0.11484375000000001,1.0822265625,0.6080078125,0.018236328125,0.6240234375,68.49600000000001,21.96314604058353,17.6,2.3323807579381204
1291,0.015058593750000002,0.8828125,0.28515625,2.2443359375,0.6080078125,0.018236328125,0.6240234375,39.586,31.792529688591944,13.6,7.631513611335566
1292,0.015058593750000002,0.8828125,0.28515625,1.0822265625,0.5025390625,0.018236328125,0.6240234375,75.308,20.668893922994524,16.8,1.9390719429665315
1293,0.015058593750000002,0.8828125,0.28515625,1.0822265625,0.6080078125,0.024466796875000002,0.6240234375,87.02600000000001,10.996114950290394,15.2,1.1661903789690602
1294,0.015058593750000002,0.8828125,0.28515625,1.0822265625,0.6080078125,0.018236328125,0.5994140625,86.898,11.075996388587349,15.4,1.2
1295,0.02435546875,0.2078125,0.11484375000000001,2.2443359375,0.5025390625,0.024466796875000002,0.5994140625,86.06199999999998,11.052108215177773,15.4,1.2
1296,0.01724609375,0.4578125,0.34765625,2.1978515625,0.4673828125,0.011892578125,0.5846484375,75.228,23.30292119027141,16.8,1.9390719429665315
1297,0.06154296875000001,0.4578125,0.34765625,2.1978515625,0.4673828125,0.011892578125,0.5846484375,83.16799999999999,11.646662011065658,13.2,3.6
1298,0.01724609375,0.3328125,0.34765625,2.1978515625,0.4673828125,0.011892578125,0.5846484375,75.228,23.30292119027141,16.8,1.9390719429665315
1299,0.01724609375,0.4578125,0.32734375000000004,2.1978515625,0.4673828125,0.011892578125,0.5846484375,76.04599999999999,23.571631763626378,16.8,1.9390719429665315
1300,0.01724609375,0.4578125,0.34765625,2.1912109375,0.4673828125,0.011892578125,0.5846484375,74.91799999999999,23.424751354069908,16.8,1.9390719429665315
1301,0.01724609375,0.4578125,0.34765625,2.1978515625,0.2494140625,0.011892578125,0.5846484375,75.126,23.305656480777365,16.8,1.9390719429665315
1302,0.01724609375,0.4578125,0.34765625,2.1978515625,0.4673828125,0.010873046875,0.5846484375,76.49600000000001,23.328117455122694,17.2,2.1354156504062622
1303,0.01724609375,0.4578125,0.34765625,2.1978515625,0.4673828125,0.011892578125,0.5950390624999999,67.684,22.655405182869718,17.6,2.3323807579381204
1304,0.06154296875000001,0.3328125,0.32734375000000004,2.1912109375,0.2494140625,0.010873046875,0.5950390624999999,91.146,10.302292172133344,13.8,3.4292856398964493
1305,0.05224609375000001,0.8578125000000001,0.14765625000000002,1.3478515625,0.9173828125,0.026392578125,0.6546484375,92.398,9.927723606144564,14.4,2.727636339397171
1306,0.02654296875,0.8578125000000001,0.14765625000000002,1.3478515625,0.9173828125,0.026392578125,0.6546484375,83.328,11.723890821736612,16.0,1.5491933384829668
1307,0.05224609375000001,0.7328125000000001,0.14765625000000002,1.3478515625,0.9173828125,0.026392578125,0.6546484375,92.398,9.927723606144564,14.4,2.727636339397171
1308,0.05224609375000001,0.8578125000000001,0.12734375,1.3478515625,0.9173828125,0.026392578125,0.6546484375,92.654,10.011384719408198,14.4,2.727636339397171
1309,0.05224609375000001,0.8578125000000001,0.14765625000000002,1.3412109375,0.9173828125,0.026392578125,0.6546484375,92.246,9.97990701359487,14.4,2.727636339397171
1310,0.05224609375000001,0.8578125000000001,0.14765625000000002,1.3478515625,0.6994140625,0.026392578125,0.6546484375,92.398,9.927723606144564,14.4,2.727636339397171
1311,0.05224609375000001,0.8578125000000001,0.14765625000000002,1.3478515625,0.9173828125,0.025373046875,0.6546484375,92.35,9.869865247307077,14.4,2.727636339397171
1312,0.05224609375000001,0.8578125000000001,0.14765625000000002,1.3478515625,0.9173828125,0.026392578125,0.6650390625,87.47999999999999,10.873273656079846,14.8,1.9390719429665315
1313,0.02654296875,0.7328125000000001,0.12734375,1.3412109375,0.6994140625,0.025373046875,0.6650390625,76.476,18.80909312008423,16.6,1.8547236990991407
1314,0.06974609375,0.2578125,0.44765625,1.7728515625,0.6923828125,0.019142578125,0.6196484375,94.912,9.84931753980955,13.2,3.6
1315,0.04404296875000001,0.2578125,0.44765625,1.7728515625,0.6923828125,0.019142578125,0.6196484375,89.112,10.481386167869207,13.8,2.4
1316,0.06974609375,0.9328125,0.44765625,1.7728515625,0.6923828125,0.019142578125,0.6196484375,94.912,9.84931753980955,13.0,4.0
1317,0.06974609375,0.2578125,0.22734375,1.7728515625,0.6923828125,0.019142578125,0.6196484375,83.31000000000002,11.700280338521807,13.4,3.2000000000000006
1318,0.06974609375,0.2578125,0.44765625,0.9162109375,0.6923828125,0.019142578125,0.6196484375,91.48999999999998,10.161629790540491,12.8,3.9191835884530852
1319,0.06974609375,0.2578125,0.44765625,1.7728515625,0.9244140625,0.019142578125,0.6196484375,94.912,9.84931753980955,13.2,3.6
1320,0.06974609375,0.2578125,0.44765625,1.7728515625,0.6923828125,0.003623046875,0.6196484375,91.95599999999999,9.836986530437049,14.2,3.6
1321,0.06974609375,0.2578125,0.44765625,1.7728515625,0.6923828125,0.019142578125,0.6300390625,89.41400000000002,10.313888888290391,13.2,3.6
1322,0.04404296875000001,0.9328125,0.22734375,0.9162109375,0.9244140625,0.003623046875,0.6300390625,82.018,16.418499809665924,16.2,1.5999999999999999
1323,0.034746093750000005,0.6578125,0.24765625000000002,0.9228515625,0.24238281250000002,0.0046425781250000004,0.6896484374999999,24.05,38.77641035475048,5.8,8.541662601625049
1324,0.07904296875,0.6578125,0.24765625000000002,0.9228515625,0.24238281250000002,0.0046425781250000004,0.6896484374999999,91.42600000000002,10.1688713237999,16.0,1.5491933384829668
1325,0.034746093750000005,0.5328125,0.24765625000000002,0.9228515625,0.24238281250000002,0.0046425781250000004,0.6896484374999999,24.05,38.77641035475048,5.8,8.541662601625049
1326,0.034746093750000005,0.6578125,0.42734375,0.9228515625,0.24238281250000002,0.0046425781250000004,0.6896484374999999,29.389999999999993,37.14977361976787,5.8,8.541662601625049
1327,0.034746093750000005,0.6578125,0.24765625000000002,1.7662109375,0.24238281250000002,0.0046425781250000004,0.6896484374999999,20.003999999999998,39.9980007500375,1.8,5.6
1328,0.034746093750000005,0.6578125,0.24765625000000002,0.9228515625,0.47441406250000007,0.0046425781250000004,0.6896484374999999,24.05,38.77641035475048,5.8,8.541662601625049
1329,0.034746093750000005,0.6578125,0.24765625000000002,0.9228515625,0.24238281250000002,0.018123046875,0.6896484374999999,75.956,23.654559475923453,16.8,1.9390719429665315
1330,0.034746093750000005,0.6578125,0.24765625000000002,0.9228515625,0.24238281250000002,0.0046425781250000004,0.7000390624999999,21.509999999999998,39.3537850784394,1.8,5.6
1331,0.07904296875,0.5328125,0.42734375,1.7662109375,0.47441406250000007,0.018123046875,0.7000390624999999,84.97200000000001,11.35418759753422,15.4,1.2
1332,0.043496093750000006,0.35781250000000003,0.19765625,1.1353515625,0.1298828125,0.015517578125,0.6371484374999999,88.994,10.165722010757523,15.4,1.2
1333,0.03529296875,0.35781250000000003,0.19765625,1.1353515625,0.1298828125,0.015517578125,0.6371484374999999,83.524,11.787390890269142,16.0,1.5491933384829668
1334,0.043496093750000006,0.8328125,0.19765625,1.1353515625,0.1298828125,0.015517578125,0.6371484374999999,88.994,10.165722010757523,15.4,1.2
1335,0.043496093750000006,0.35781250000000003,0.17734375000000002,1.1353515625,0.1298828125,0.015517578125,0.6371484374999999,89.66,10.129933859606387,15.4,1.2
1336,0.043496093750000006,0.35781250000000003,0.19765625,1.1287109375,0.1298828125,0.015517578125,0.6371484374999999,88.93799999999999,10.153447493339392,15.4,1.2
1337,0.043496093750000006,0.35781250000000003,0.19765625,1.1353515625,0.3619140625,0.015517578125,0.6371484374999999,88.994,10.165722010757523,15.4,1.2
1338,0.043496093750000006,0.35781250000000003,0.19765625,1.1353515625,0.1298828125,0.007248046875000001,0.6371484374999999,82.02399999999999,16.33649729899283,16.2,1.5999999999999999
1339,0.043496093750000006,0.35781250000000003,0.19765625,1.1353515625,0.1298828125,0.015517578125,0.6825390625,75.878,20.496917231622906,16.8,1.9390719429665315
1340,0.03529296875,0.8328125,0.17734375000000002,1.1287109375,0.3619140625,0.007248046875000001,0.6825390625,29.451999999999998,37.0810913539502,5.8,8.541662601625049
1341,0.07849609375,0.7578125,0.39765625000000004,1.9853515625,0.5798828125000001,0.030017578125,0.7071484375,93.17,9.85698939839138,15.2,1.1661903789690602
1342,0.07029296875,0.7578125,0.39765625000000004,1.9853515625,0.5798828125000001,0.030017578125,0.7071484375,87.678,10.698828720939506,15.2,1.1661903789690602
1343,0.07849609375,0.43281250000000004,0.39765625000000004,1.9853515625,0.5798828125000001,0.030017578125,0.7071484375,93.17,9.85698939839138,15.2,1.1661903789690602
1344,0.07849609375,0.7578125,0.37734375,1.9853515625,0.5798828125000001,0.030017578125,0.7071484375,93.186,9.701553690002443,15.2,1.1661903789690602
1345,0.07849609375,0.7578125,0.39765625000000004,1.9787109375,0.5798828125000001,0.030017578125,0.7071484375,93.288,9.864437946482301,15.2,1.1661903789690602
1346,0.07849609375,0.7578125,0.39765625000000004,1.9853515625,0.8119140625,0.030017578125,0.7071484375,93.17,9.85698939839138,14.6,2.33238075793812
1347,0.07849609375,0.7578125,0.39765625000000004,1.9853515625,0.5798828125000001,0.021748046875,0.7071484375,85.84,11.144884028109043,15.4,1.2
1348,0.07849609375,0.7578125,0.39765625000000004,1.9853515625,0.5798828125000001,0.030017578125,0.6125390625,86.588,10.641167981006598,12.0,4.0
1349,0.07029296875,0.43281250000000004,0.37734375,1.9787109375,0.8119140625,0.021748046875,0.6125390625,94.252,9.638801585259447,13.0,4.0
1350,0.06099609375000001,0.5578125,0.29765625,1.5603515625000002,0.8048828125,0.022767578125,0.6021484374999999,91.502,10.026868703638241,12.8,3.9191835884530852
1351,0.05279296875000001,0.5578125,0.29765625,1.5603515625000002,0.8048828125,0.022767578125,0.6021484374999999,93.03,9.985853994526456,12.8,3.9191835884530852
1352,0.06099609375000001,0.2328125,0.29765625,1.5603515625000002,0.8048828125,0.022767578125,0.6021484374999999,91.502,10.026868703638241,13.0,3.521363372331802
1353,0.06099609375000001,0.5578125,0.47734375000000007,1.5603515625000002,0.8048828125,0.022767578125,0.6021484374999999,83.626,11.587161170882192,12.0,4.0
1354,0.06099609375000001,0.5578125,0.29765625,2.4037109375,0.8048828125,0.022767578125,0.6021484374999999,94.444,9.641430599242003,13.2,3.6
1355,0.06099609375000001,0.5578125,0.29765625,1.5603515625000002,0.5869140625,0.022767578125,0.6021484374999999,91.502,10.026868703638241,12.8,3.9191835884530852
1356,0.06099609375000001,0.5578125,0.29765625,1.5603515625000002,0.8048828125,0.014498046875,0.6021484374999999,85.31599999999999,11.094223001183993,13.0,4.0
1357,0.06099609375000001,0.5578125,0.29765625,1.5603515625000002,0.8048828125,0.022767578125,0.7175390625,83.518,11.772397207026275,16.0,1.5491933384829668
1358,0.05279296875000001,0.2328125,0.47734375000000007,2.4037109375,0.5869140625,0.014498046875,0.7175390625,77.02199999999999,23.317305504710447,17.4,1.7435595774162693
1359,0.025996093750000004,0.9578125,0.49765625,2.4103515625,0.3548828125,0.008267578125000001,0.6721484375,20.0,40.0,1.8,5.6
1360,0.01779296875,0.9578125,0.49765625,2.4103515625,0.3548828125,0.008267578125000001,0.6721484375,20.0,40.0,1.8,5.6
1361,0.025996093750000004,0.6328125,0.49765625,2.4103515625,0.3548828125,0.008267578125000001,0.6721484375,20.0,40.0,1.8,5.6
1362,0.025996093750000004,0.9578125,0.27734375,2.4103515625,0.3548828125,0.008267578125000001,0.6721484375,20.0,40.0,1.8,5.6
1363,0.025996093750000004,0.9578125,0.49765625,1.5537109375,0.3548828125,0.008267578125000001,0.6721484375,24.128,38.769079638289064,5.8,8.541662601625049
1364,0.025996093750000004,0.9578125,0.49765625,2.4103515625,0.13691406250000002,0.008267578125000001,0.6721484375,20.0,40.0,1.8,5.6
1365,0.025996093750000004,0.9578125,0.49765625,2.4103515625,0.3548828125,0.028998046875,0.6721484375,81.684,15.705523359633707,16.0,1.5491933384829668
1366,0.025996093750000004,0.9578125,0.49765625,2.4103515625,0.3548828125,0.008267578125000001,0.6475390624999999,25.71,38.587351295469865,5.8,8.541662601625049
1367,0.01779296875,0.6328125,0.27734375,1.5537109375,0.13691406250000002,0.028998046875,0.6475390624999999,83.142,11.57426697462954,16.0,1.5491933384829668
1368,0.02162109375,0.2078125,0.27265625000000004,1.8791015625,0.9736328125,0.006455078125,0.6458984375,20.0,40.0,2.2,6.400000000000001
1369,0.030917968750000004,0.2078125,0.27265625000000004,1.8791015625,0.9736328125,0.006455078125,0.6458984375,35.172000000000004,35.20561171177118,6.0,8.717797887081348
1370,0.02162109375,0.8828125,0.27265625000000004,1.8791015625,0.9736328125,0.006455078125,0.6458984375,20.0,40.0,1.8,5.6
1371,0.02162109375,0.2078125,0.40234375,1.8791015625,0.9736328125,0.006455078125,0.6458984375,20.0,40.0,2.0,6.0
1372,0.02162109375,0.2078125,0.27265625000000004,1.4474609375,0.9736328125,0.006455078125,0.6458984375,20.0,40.0,2.0,6.0
1373,0.02162109375,0.2078125,0.27265625000000004,1.8791015625,0.3056640625,0.006455078125,0.6458984375,20.0,40.0,2.2,6.400000000000001
1374,0.02162109375,0.2078125,0.27265625000000004,1.8791015625,0.9736328125,0.023560546875,0.6458984375,75.476,20.391544914498265,16.8,1.9390719429665315
1375,0.02162109375,0.2078125,0.27265625000000004,1.8791015625,0.9736328125,0.006455078125,0.7087890625,20.0,40.0,2.4,6.8
1376,0.030917968750000004,0.8828125,0.40234375,1.4474609375,0.3056640625,0.023560546875,0.7087890625,71.84599999999999,22.330447913107342,17.2,2.1354156504062622
1377,0.056621093750000004,0.6078125000000001,0.47265625,1.0291015625,0.5236328125,0.020955078125,0.7158984374999999,88.96,10.896904147509053,16.0,1.5491933384829668
1378,0.06591796875,0.6078125000000001,0.47265625,1.0291015625,0.5236328125,0.020955078125,0.7158984374999999,88.15,10.507684806844942,15.4,1.2
1379,0.056621093750000004,0.48281250000000003,0.47265625,1.0291015625,0.5236328125,0.020955078125,0.7158984374999999,88.96,10.896904147509053,16.0,1.5491933384829668
1380,0.056621093750000004,0.6078125000000001,0.20234375000000002,1.0291015625,0.5236328125,0.020955078125,0.7158984374999999,82.008,13.543097725409798,16.2,1.5999999999999999
1381,0.056621093750000004,0.6078125000000001,0.47265625,2.2974609375,0.5236328125,0.020955078125,0.7158984374999999,81.736,16.285839984477313,16.2,1.5999999999999999
1382,0.056621093750000004,0.6078125000000001,0.47265625,1.0291015625,0.7556640625,0.020955078125,0.7158984374999999,88.96,10.896904147509053,16.0,1.5491933384829668
1383,0.056621093750000004,0.6078125000000001,0.47265625,1.0291015625,0.5236328125,0.009060546875,0.7158984374999999,74.256,22.30381097480877,16.8,1.9390719429665315
1384,0.056621093750000004,0.6078125000000001,0.47265625,1.0291015625,0.5236328125,0.020955078125,0.6387890625,93.87,9.489537396522552,13.2,3.6
1385,0.06591796875,0.48281250000000003,0.20234375000000002,2.2974609375,0.7556640625,0.009060546875,0.6387890625,92.226,10.044930263570771,16.0,1.5491933384829668
1386,0.07412109375,0.4078125,0.17265625,2.3041015625,0.2986328125,0.028205078125,0.6108984375,93.84,9.621245241651414,13.0,3.521363372331802
1387,0.048417968750000005,0.4078125,0.17265625,2.3041015625,0.2986328125,0.028205078125,0.6108984375,85.004,11.36567217545887,13.8,2.4
1388,0.07412109375,0.2828125,0.17265625,2.3041015625,0.2986328125,0.028205078125,0.6108984375,93.84,9.621245241651414,13.0,3.521363372331802
1389,0.07412109375,0.4078125,0.10234375000000001,2.3041015625,0.2986328125,0.028205078125,0.6108984375,94.138,9.620333466153864,13.0,3.521363372331802
1390,0.07412109375,0.4078125,0.17265625,1.8724609375,0.2986328125,0.028205078125,0.6108984375,91.21799999999999,10.03698640030961,12.8,3.4292856398964493
1391,0.07412109375,0.4078125,0.17265625,2.3041015625,0.9806640625,0.028205078125,0.6108984375,93.84,9.621245241651414,13.0,3.521363372331802
1392,0.07412109375,0.4078125,0.17265625,2.3041015625,0.2986328125,0.030810546875,0.6108984375,91.34799999999998,9.969339797599439,12.8,3.4292856398964493
1393,0.07412109375,0.4078125,0.17265625,2.3041015625,0.2986328125,0.028205078125,0.6737890624999999,93.34,9.757343900877942,15.2,1.1661903789690602
1394,0.048417968750000005,0.2828125,0.10234375000000001,1.8724609375,0.9806640625,0.030810546875,0.6737890624999999,86.05799999999999,11.080641497675124,15.4,1.2
1395,0.03912109375,0.8078125,0.37265625,1.4541015625,0.7486328125,0.013705078124999999,0.6808984375,75.658,23.63210815818174,16.8,1.9390719429665315
1396,0.01341796875,0.8078125,0.37265625,1.4541015625,0.7486328125,0.013705078124999999,0.6808984375,20.0,40.0,1.8,5.6
1397,0.03912109375,0.6828125,0.37265625,1.4541015625,0.7486328125,0.013705078124999999,0.6808984375,75.658,23.63210815818174,16.8,1.9390719429665315
1398,0.03912109375,0.8078125,0.30234375,1.4541015625,0.7486328125,0.013705078124999999,0.6808984375,77.178,23.692583143253923,17.2,2.1354156504062622
1399,0.03912109375,0.8078125,0.37265625,1.0224609375,0.7486328125,0.013705078124999999,0.6808984375,73.98800000000001,22.005795054939504,16.8,1.9390719429665315
1400,0.03912109375,0.8078125,0.37265625,1.4541015625,0.5306640625,0.013705078124999999,0.6808984375,75.658,23.63210815818174,16.8,1.9390719429665315
1401,0.03912109375,0.8078125,0.37265625,1.4541015625,0.7486328125,0.016310546875,0.6808984375,74.768,21.15201683055306,16.8,1.9390719429665315
1402,0.03912109375,0.8078125,0.37265625,1.4541015625,0.7486328125,0.013705078124999999,0.6037890625,93.1,10.068868854047112,14.0,3.521363372331802
1403,0.01341796875,0.6828125,0.30234375,1.0224609375,0.5306640625,0.016310546875,0.6037890625,81.618,13.827542659489428,16.0,1.5491933384829668
1404,0.03037109375,0.5078125,0.42265625000000007,1.2416015625,0.6361328125,0.010080078125,0.5933984375,86.834,10.463627669216827,14.4,3.2000000000000006
1405,0.057167968750000006,0.5078125,0.42265625000000007,1.2416015625,0.6361328125,0.010080078125,0.5933984375,94.298,9.59674611522051,13.0,4.0
1406,0.03037109375,0.3828125,0.42265625000000007,1.2416015625,0.6361328125,0.010080078125,0.5933984375,86.834,10.463627669216827,14.6,2.8000000000000003
1407,0.03037109375,0.5078125,0.25234375,1.2416015625,0.6361328125,0.010080078125,0.5933984375,89.994,10.247802886472789,15.4,1.2
1408,0.03037109375,0.5078125,0.42265625000000007,1.6599609375000002,0.6361328125,0.010080078125,0.5933984375,88.32399999999998,10.687534046729395,15.4,1.2
1409,0.03037109375,0.5078125,0.42265625000000007,1.2416015625,0.41816406250000004,0.010080078125,0.5933984375,86.834,10.463627669216827,14.6,2.8000000000000003
1410,0.03037109375,0.5078125,0.42265625000000007,1.2416015625,0.6361328125,0.027185546875,0.5933984375,85.814,11.362315961105818,11.2,3.1240998703626617
1411,0.03037109375,0.5078125,0.42265625000000007,1.2416015625,0.6361328125,0.010080078125,0.6212890624999999,82.42999999999999,12.22115051867049,16.2,1.5999999999999999
1412,0.057167968750000006,0.3828125,0.25234375,1.6599609375000002,0.41816406250000004,0.027185546875,0.6212890624999999,93.978,9.603487699789072,13.2,3.1240998703626617
1413,0.06537109375,0.9078125000000001,0.22265625,2.0916015625,0.18613281250000002,0.024580078125,0.6633984374999999,90.89200000000001,10.309679723444372,15.2,1.1661903789690602
1414,0.022167968750000003,0.9078125000000001,0.22265625,2.0916015625,0.18613281250000002,0.024580078125,0.6633984374999999,66.20599999999999,22.90616214034992,17.6,2.3323807579381204
1415,0.06537109375,0.7828125000000001,0.22265625,2.0916015625,0.18613281250000002,0.024580078125,0.6633984374999999,90.89200000000001,10.309679723444372,15.2,1.1661903789690602
1416,0.06537109375,0.9078125000000001,0.45234375000000004,2.0916015625,0.18613281250000002,0.024580078125,0.6633984374999999,91.02799999999999,10.264296176552971,15.0,1.0954451150103321
1417,0.06537109375,0.9078125000000001,0.22265625,0.8099609375000001,0.18613281250000002,0.024580078125,0.6633984374999999,86.34,11.003546700950563,13.6,2.8000000000000003
1418,0.06537109375,0.9078125000000001,0.22265625,2.0916015625,0.8681640625,0.024580078125,0.6633984374999999,90.89200000000001,10.309679723444372,14.4,2.727636339397171
1419,0.06537109375,0.9078125000000001,0.22265625,2.0916015625,0.18613281250000002,0.012685546875000002,0.6633984374999999,90.574,10.57073431697155,16.0,1.5491933384829668
1420,0.06537109375,0.9078125000000001,0.22265625,2.0916015625,0.18613281250000002,0.024580078125,0.6912890625,89.05799999999999,10.160559827096144,15.4,1.2
1421,0.022167968750000003,0.7828125000000001,0.45234375000000004,0.8099609375000001,0.8681640625,0.012685546875000002,0.6912890625,23.812,38.80264650768037,1.8,5.6
1422,0.04787109375,0.30781250000000004,0.32265625,0.8166015625,0.4111328125,0.031830078125,0.6283984375,87.84200000000001,10.559627644950368,12.4,3.2000000000000006
1423,0.039667968750000004,0.30781250000000004,0.32265625,0.8166015625,0.4111328125,0.031830078125,0.6283984375,83.806,11.423853290374488,12.6,2.8000000000000003
1424,0.04787109375,0.9828125000000001,0.32265625,0.8166015625,0.4111328125,0.031830078125,0.6283984375,87.84200000000001,10.559627644950368,12.2,3.6
1425,0.04787109375,0.30781250000000004,0.35234375000000007,0.8166015625,0.4111328125,0.031830078125,0.6283984375,91.578,9.855535297486384,12.2,3.1240998703626617
1426,0.04787109375,0.30781250000000004,0.32265625,1.2349609375,0.4111328125,0.031830078125,0.6283984375,86.47,11.262287511868978,12.6,2.8000000000000003
1427,0.04787109375,0.30781250000000004,0.32265625,0.8166015625,0.6431640625,0.031830078125,0.6283984375,87.84200000000001,10.559627644950368,12.4,3.2000000000000006
1428,0.04787109375,0.30781250000000004,0.32265625,0.8166015625,0.4111328125,0.019935546875,0.6283984375,83.80999999999999,11.463908583026996,13.4,3.2000000000000006
1429,0.04787109375,0.30781250000000004,0.32265625,0.8166015625,0.4111328125,0.031830078125,0.5862890625,85.876,11.000179271266447,8.4,2.33238075793812
1430,0.039667968750000004,0.9828125000000001,0.35234375000000007,1.2349609375,0.6431640625,0.019935546875,0.5862890625,86.792,10.973689261137297,12.0,4.0
1431,0.01287109375,0.7078125,0.12265625000000001,1.6666015625,0.8611328125,0.017330078125000002,0.6983984375,20.0,40.0,1.8,5.6
1432,0.07466796875000001,0.7078125,0.12265625000000001,1.6666015625,0.8611328125,0.017330078125000002,0.6983984375,91.38,10.01806168876994,16.0,1.5491933384829668
1433,0.01287109375,0.5828125,0.12265625000000001,1.6666015625,0.8611328125,0.017330078125000002,0.6983984375,20.0,40.0,2.0,6.0
1434,0.01287109375,0.7078125,0.15234375,1.6666015625,0.8611328125,0.017330078125000002,0.6983984375,20.0,40.0,1.8,5.6
1435,0.01287109375,0.7078125,0.12265625000000001,2.0849609375,0.8611328125,0.017330078125000002,0.6983984375,20.0,40.0,1.8,5.6
1436,0.01287109375,0.7078125,0.12265625000000001,1.6666015625,0.1931640625,0.017330078125000002,0.6983984375,20.0,40.0,1.8,5.6
1437,0.01287109375,0.7078125,0.12265625000000001,1.6666015625,0.8611328125,0.005435546875000001,0.6983984375,20.0,40.0,2.2,6.400000000000001
1438,0.01287109375,0.7078125,0.12265625000000001,1.6666015625,0.8611328125,0.017330078125000002,0.6562890625,20.0,40.0,1.8,5.6
1439,0.07466796875000001,0.5828125,0.15234375,2.0849609375,0.1931640625,0.005435546875000001,0.6562890625,87.688,10.941285847650631,16.0,1.5491933384829668
1440,0.01396484375,0.5453125000000001,0.22890625,2.4369140625,0.11582031250000001,0.013251953125,0.6218359375,20.0,40.0,1.8,5.6
1441,0.06482421875000001,0.5453125000000001,0.22890625,2.4369140625,0.11582031250000001,0.013251953125,0.6218359375,84.94000000000001,11.375025274697197,15.4,1.2
1442,0.01396484375,0.7453125,0.22890625,2.4369140625,0.11582031250000001,0.013251953125,0.6218359375,20.0,40.0,1.8,5.6
1443,0.01396484375,0.5453125000000001,0.38359375000000007,2.4369140625,0.11582031250000001,0.013251953125,0.6218359375,21.324,39.421465015902186,1.8,5.6
1444,0.01396484375,0.5453125000000001,0.22890625,1.9521484375,0.11582031250000001,0.013251953125,0.6218359375,21.253999999999998,39.44781443882538,1.8,5.6
1445,0.01396484375,0.5453125000000001,0.22890625,2.4369140625,0.7416015625,0.013251953125,0.6218359375,20.0,40.0,1.8,5.6
1446,0.01396484375,0.5453125000000001,0.22890625,2.4369140625,0.11582031250000001,0.020388671875,0.6218359375,38.769999999999996,32.24501884012474,9.6,8.890444308357148
1447,0.01396484375,0.5453125000000001,0.22890625,2.4369140625,0.11582031250000001,0.013251953125,0.6234765624999999,20.0,40.0,1.8,5.6
1448,0.06482421875000001,0.7453125,0.38359375000000007,1.9521484375,0.7416015625,0.020388671875,0.6234765624999999,85.732,10.936987519422338,13.2,3.6
1449,0.04896484375000001,0.9453125,0.42890625000000004,1.5869140625,0.5658203125,0.027751953125,0.6918359374999999,86.12,11.229259993427881,15.4,1.2
1450,0.02982421875,0.9453125,0.42890625000000004,1.5869140625,0.5658203125,0.027751953125,0.6918359374999999,80.782,16.022413551022833,16.2,1.5999999999999999
1451,0.04896484375000001,0.3453125,0.42890625000000004,1.5869140625,0.5658203125,0.027751953125,0.6918359374999999,86.12,11.229259993427881,15.4,1.2
1452,0.04896484375000001,0.9453125,0.18359375,1.5869140625,0.5658203125,0.027751953125,0.6918359374999999,88.82000000000001,10.765409420918465,16.0,1.5491933384829668
1453,0.04896484375000001,0.9453125,0.42890625000000004,1.1021484375,0.5658203125,0.027751953125,0.6918359374999999,85.41999999999999,11.089178508798566,15.2,1.1661903789690602
1454,0.04896484375000001,0.9453125,0.42890625000000004,1.5869140625,0.2916015625,0.027751953125,0.6918359374999999,86.12,11.229259993427881,15.4,1.2
1455,0.04896484375000001,0.9453125,0.42890625000000004,1.5869140625,0.5658203125,0.005888671875,0.6918359374999999,75.234,22.589152795091717,17.6,2.3323807579381204
1456,0.04896484375000001,0.9453125,0.42890625000000004,1.5869140625,0.5658203125,0.027751953125,0.6934765625,86.738,11.085295485461813,15.4,1.2
1457,0.02982421875,0.3453125,0.18359375,1.1021484375,0.2916015625,0.005888671875,0.6934765625,20.0,40.0,2.0,6.0
1458,0.06646484375,0.3453125,0.12890625,2.0119140625,0.7908203125,0.020501953125,0.5868359375,94.402,9.671240664981925,13.2,3.6
1459,0.012324218750000001,0.3453125,0.12890625,2.0119140625,0.7908203125,0.020501953125,0.5868359375,80.16,16.88458823898291,16.0,1.5491933384829668
1460,0.06646484375,0.5453125000000001,0.12890625,2.0119140625,0.7908203125,0.020501953125,0.5868359375,94.402,9.671240664981925,13.0,4.0
1461,0.06646484375,0.3453125,0.28359375,2.0119140625,0.7908203125,0.020501953125,0.5868359375,92.494,10.001945010846642,12.8,3.9191835884530852
1462,0.06646484375,0.3453125,0.12890625,1.5271484375000002,0.7908203125,0.020501953125,0.5868359375,92.47200000000001,9.978944633577239,12.8,3.9191835884530852
1463,0.06646484375,0.3453125,0.12890625,2.0119140625,0.5166015625,0.020501953125,0.5868359375,94.402,9.671240664981925,13.2,3.6
1464,0.06646484375,0.3453125,0.12890625,2.0119140625,0.7908203125,0.027638671875,0.5868359375,85.25,11.234511115308935,12.2,3.6
1465,0.06646484375,0.3453125,0.12890625,2.0119140625,0.7908203125,0.020501953125,0.5884765624999999,94.56,9.715315743711061,13.2,3.6
1466,0.012324218750000001,0.5453125000000001,0.28359375,1.5271484375000002,0.5166015625,0.027638671875,0.5884765624999999,85.936,11.571834081078071,12.8,1.9390719429665315
1467,0.03146484375,0.7453125,0.32890625,1.1619140625,0.3408203125,0.006001953125000001,0.6568359374999999,44.898,28.839756170952622,13.8,7.756287771866127
1468,0.04732421875000001,0.7453125,0.32890625,1.1619140625,0.3408203125,0.006001953125000001,0.6568359374999999,80.61200000000001,19.309222045437252,16.6,1.8547236990991407
1469,0.03146484375,0.9453125,0.32890625,1.1619140625,0.3408203125,0.006001953125000001,0.6568359374999999,44.898,28.839756170952622,13.8,7.756287771866127
1470,0.03146484375,0.7453125,0.48359375000000004,1.1619140625,0.3408203125,0.006001953125000001,0.6568359374999999,65.96600000000001,22.408033023895694,17.6,2.3323807579381204
1471,0.03146484375,0.7453125,0.32890625,2.3771484375,0.3408203125,0.006001953125000001,0.6568359374999999,23.742,38.81147067556188,1.8,5.6
1472,0.03146484375,0.7453125,0.32890625,1.1619140625,0.9666015625,0.006001953125000001,0.6568359374999999,44.898,28.839756170952622,13.8,7.756287771866127
1473,0.03146484375,0.7453125,0.32890625,1.1619140625,0.3408203125,0.013138671875,0.6568359374999999,74.73400000000001,23.44443439283618,16.8,1.9390719429665315
1474,0.03146484375,0.7453125,0.32890625,1.1619140625,0.3408203125,0.006001953125000001,0.6584765625,42.553999999999995,30.211076511769654,13.8,7.756287771866127
1475,0.04732421875000001,0.9453125,0.48359375000000004,2.3771484375,0.9666015625,0.013138671875,0.6584765625,81.52199999999999,14.983664972228922,16.2,1.5999999999999999
1476,0.04021484375,0.24531250000000002,0.47890625,0.9494140625,0.45332031250000004,0.016876953125,0.6043359374999999,93.8,9.781870986677346,13.0,3.521363372331802
1477,0.021074218750000002,0.24531250000000002,0.47890625,0.9494140625,0.45332031250000004,0.016876953125,0.6043359374999999,87.656,11.09227587107353,14.0,2.0
1478,0.04021484375,0.4453125,0.47890625,0.9494140625,0.45332031250000004,0.016876953125,0.6043359374999999,93.8,9.781870986677346,13.0,3.521363372331802
1479,0.04021484375,0.24531250000000002,0.13359375,0.9494140625,0.45332031250000004,0.016876953125,0.6043359374999999,89.758,10.33794641115923,13.8,2.4
1480,0.04021484375,0.24531250000000002,0.47890625,1.3146484375,0.45332031250000004,0.016876953125,0.6043359374999999,92.946,9.589672778567579,13.4,3.2000000000000006
1481,0.04021484375,0.24531250000000002,0.47890625,0.9494140625,0.8541015625,0.016876953125,0.6043359374999999,93.8,9.781870986677346,13.0,3.521363372331802
1482,0.04021484375,0.24531250000000002,0.47890625,0.9494140625,0.45332031250000004,0.031263671875,0.6043359374999999,87.59,11.074935665727363,9.6,2.33238075793812
1483,0.04021484375,0.24531250000000002,0.47890625,0.9494140625,0.45332031250000004,0.016876953125,0.7109765625,74.85400000000001,23.526767393758114,17.0,1.5491933384829668
1484,0.021074218750000002,0.4453125,0.13359375,1.3146484375,0.8541015625,0.031263671875,0.7109765625,47.443999999999996,27.309097092361,17.6,2.3323807579381204
1485,0.07521484375,0.6453125,0.27890625,1.7994140625,0.9033203125,0.031376953125,0.6743359375,84.214,11.611891491053472,13.6,2.8000000000000003
1486,0.05607421875000001,0.6453125,0.27890625,1.7994140625,0.9033203125,0.031376953125,0.6743359375,91.596,10.09042437165058,14.6,2.33238075793812
1487,0.07521484375,0.8453125000000001,0.27890625,1.7994140625,0.9033203125,0.031376953125,0.6743359375,84.214,11.611891491053472,13.4,3.2000000000000006
1488,0.07521484375,0.6453125,0.33359375,1.7994140625,0.9033203125,0.031376953125,0.6743359375,83.52799999999999,11.694582335423526,13.4,3.2000000000000006
1489,0.07521484375,0.6453125,0.27890625,2.1646484375,0.9033203125,0.031376953125,0.6743359375,87.46799999999999,10.7112621105078,13.6,2.8000000000000003
1490,0.07521484375,0.6453125,0.27890625,1.7994140625,0.40410156250000007,0.031376953125,0.6743359375,84.214,11.611891491053472,13.6,2.8000000000000003
1491,0.07521484375,0.6453125,0.27890625,1.7994140625,0.9033203125,0.016763671875,0.6743359375,83.764,11.553251663492837,14.8,2.4
1492,0.07521484375,0.6453125,0.27890625,1.7994140625,0.9033203125,0.031376953125,0.6409765625,93.464,9.869485498241538,13.0,3.521363372331802
1493,0.05607421875000001,0.8453125000000001,0.33359375,2.1646484375,0.40410156250000007,0.016763671875,0.6409765625,84.53999999999999,11.608688125709985,15.4,1.2
1494,0.05771484375000001,0.4453125,0.37890625,1.3744140625,0.6783203125,0.024126953125,0.6393359375,89.6,10.338845196635841,13.4,3.2000000000000006
1495,0.07357421875,0.4453125,0.37890625,1.3744140625,0.6783203125,0.024126953125,0.6393359375,94.37,9.663548002674794,13.2,3.6
1496,0.05771484375000001,0.6453125,0.37890625,1.3744140625,0.6783203125,0.024126953125,0.6393359375,89.6,10.338845196635841,13.4,3.2000000000000006
1497,0.05771484375000001,0.4453125,0.43359375,1.3744140625,0.6783203125,0.024126953125,0.6393359375,93.8,9.474511069179245,13.4,3.2000000000000006
1498,0.05771484375000001,0.4453125,0.37890625,1.7396484375,0.6783203125,0.024126953125,0.6393359375,83.83,11.63673493725796,13.6,2.8000000000000003
1499,0.05771484375000001,0.4453125,0.37890625,1.3744140625,0.1791015625,0.024126953125,0.6393359375,89.6,10.338845196635841,13.6,2.8000000000000003
1500,0.05771484375000001,0.4453125,0.37890625,1.3744140625,0.6783203125,0.024013671875,0.6393359375,89.04400000000001,10.412808650887616,13.4,3.2000000000000006
1501,0.05771484375000001,0.4453125,0.37890625,1.3744140625,0.6783203125,0.024126953125,0.6759765624999999,91.946,9.902186829180716,14.8,1.9390719429665315
1502,0.07357421875,0.6453125,0.43359375,1.7396484375,0.1791015625,0.024013671875,0.6759765624999999,90.64599999999999,10.231681386751642,15.0,1.0954451150103321
1503,0.02271484375,0.8453125000000001,0.17890625000000002,2.2244140625,0.2283203125,0.009626953125,0.7093359375,20.0,40.0,1.8,5.6
1504,0.03857421875,0.8453125000000001,0.17890625000000002,2.2244140625,0.2283203125,0.009626953125,0.7093359375,21.708,39.285481491258324,1.8,5.6
1505,0.02271484375,0.24531250000000002,0.17890625000000002,2.2244140625,0.2283203125,0.009626953125,0.7093359375,20.0,40.0,2.4,6.8
1506,0.02271484375,0.8453125000000001,0.23359375000000002,2.2244140625,0.2283203125,0.009626953125,0.7093359375,20.0,40.0,1.8,5.6
1507,0.02271484375,0.8453125000000001,0.17890625000000002,0.8896484375,0.2283203125,0.009626953125,0.7093359375,20.0,40.0,1.8,5.6
1508,0.02271484375,0.8453125000000001,0.17890625000000002,2.2244140625,0.6291015625,0.009626953125,0.7093359375,20.0,40.0,1.8,5.6
1509,0.02271484375,0.8453125000000001,0.17890625000000002,2.2244140625,0.2283203125,0.009513671875,0.7093359375,20.0,40.0,1.8,5.6
1510,0.02271484375,0.8453125000000001,0.17890625000000002,2.2244140625,0.2283203125,0.009626953125,0.6059765625,40.41199999999999,31.381744629640973,13.8,7.756287771866127
1511,0.03857421875,0.24531250000000002,0.23359375000000002,0.8896484375,0.6291015625,0.009513671875,0.6059765625,85.11,11.392576530355194,15.2,1.5999999999999999
1512,0.027089843750000002,0.3953125,0.35390625,1.6931640625000002,0.6220703125,0.004189453125,0.6130859375,61.779999999999994,22.738243555736663,17.6,2.3323807579381204
1513,0.025449218750000002,0.3953125,0.35390625,1.6931640625000002,0.6220703125,0.004189453125,0.6130859375,46.784,28.01335867046292,13.8,7.756287771866127
1514,0.027089843750000002,0.49531250000000004,0.35390625,1.6931640625000002,0.6220703125,0.004189453125,0.6130859375,61.779999999999994,22.738243555736663,17.6,2.3323807579381204
1515,0.027089843750000002,0.3953125,0.45859375,1.6931640625000002,0.6220703125,0.004189453125,0.6130859375,73.218,22.621851736761077,17.6,2.3323807579381204
1516,0.027089843750000002,0.3953125,0.35390625,0.9958984375000001,0.6220703125,0.004189453125,0.6130859375,76.08,23.510318585676377,17.0,2.0
1517,0.027089843750000002,0.3953125,0.35390625,1.6931640625000002,0.6853515625,0.004189453125,0.6130859375,61.791999999999994,22.720929030301555,17.6,2.3323807579381204
1518,0.027089843750000002,0.3953125,0.35390625,1.6931640625000002,0.6220703125,0.014951171875000002,0.6130859375,84.664,11.390902685915636,16.0,1.5491933384829668
1519,0.027089843750000002,0.3953125,0.35390625,1.6931640625000002,0.6220703125,0.004189453125,0.6847265625,20.0,40.0,2.0,6.0
1520,0.025449218750000002,0.49531250000000004,0.45859375,0.9958984375000001,0.6853515625,0.014951171875000002,0.6847265625,48.162,27.300585634744174,13.6,7.631513611335566
1521,0.062089843750000005,0.7953125000000001,0.15390625000000002,0.8431640625000001,0.1720703125,0.018689453125,0.6830859375,87.982,10.5836390716993,15.4,1.2
1522,0.060449218750000006,0.7953125000000001,0.15390625000000002,0.8431640625000001,0.1720703125,0.018689453125,0.6830859375,89.008,10.188702370763414,15.4,1.2
1523,0.062089843750000005,0.8953125,0.15390625000000002,0.8431640625000001,0.1720703125,0.018689453125,0.6830859375,87.982,10.5836390716993,15.4,1.2
1524,0.062089843750000005,0.7953125000000001,0.25859375,0.8431640625000001,0.1720703125,0.018689453125,0.6830859375,85.02799999999999,11.246950520029865,15.4,1.2
1525,0.062089843750000005,0.7953125000000001,0.15390625000000002,1.8458984375,0.1720703125,0.018689453125,0.6830859375,87.85600000000001,11.022122481627575,16.0,1.5491933384829668
1526,0.062089843750000005,0.7953125000000001,0.15390625000000002,0.8431640625000001,0.2353515625,0.018689453125,0.6830859375,87.982,10.5836390716993,15.4,1.2
1527,0.062089843750000005,0.7953125000000001,0.15390625000000002,0.8431640625000001,0.1720703125,0.029451171875,0.6830859375,90.55,10.254325916412057,15.0,1.0954451150103321
1528,0.062089843750000005,0.7953125000000001,0.15390625000000002,0.8431640625000001,0.1720703125,0.018689453125,0.6147265625,94.912,9.847156747000628,13.0,4.0
1529,0.060449218750000006,0.8953125,0.25859375,1.8458984375,0.2353515625,0.029451171875,0.6147265625,90.57000000000001,10.055358770327393,12.6,3.826225293941799
1530,0.07958984375,0.5953125,0.45390625000000007,2.1181640625,0.3970703125,0.025939453125,0.6480859375,94.50399999999999,9.663565801504124,13.2,3.6
1531,0.07794921875000001,0.5953125,0.45390625000000007,2.1181640625,0.3970703125,0.025939453125,0.6480859375,94.056,9.53853783344177,13.2,3.6
1532,0.07958984375,0.6953125,0.45390625000000007,2.1181640625,0.3970703125,0.025939453125,0.6480859375,94.50399999999999,9.663565801504124,13.2,3.6
1533,0.07958984375,0.5953125,0.15859375,2.1181640625,0.3970703125,0.025939453125,0.6480859375,85.74,11.206942491152528,13.6,2.8000000000000003
1534,0.07958984375,0.5953125,0.45390625000000007,2.2708984375,0.3970703125,0.025939453125,0.6480859375,92.80600000000001,9.672545890302098,13.2,3.6
1535,0.07958984375,0.5953125,0.45390625000000007,2.1181640625,0.4603515625,0.025939453125,0.6480859375,94.50399999999999,9.663565801504124,13.2,3.6
1536,0.07958984375,0.5953125,0.45390625000000007,2.1181640625,0.3970703125,0.007701171875,0.6480859375,85.79599999999999,10.96317216867454,15.4,1.2
1537,0.07958984375,0.5953125,0.45390625000000007,2.1181640625,0.3970703125,0.025939453125,0.7197265625,84.482,11.626442964208788,15.4,1.2
1538,0.07794921875000001,0.6953125,0.15859375,2.2708984375,0.4603515625,0.007701171875,0.7197265625,74.502,22.374088942345786,16.8,1.9390719429665315
1539,0.044589843750000004,0.9953125,0.25390625,1.2681640625,0.8470703125,0.011439453125000002,0.7180859374999999,48.833999999999996,27.01461130573601,17.6,2.3323807579381204
1540,0.042949218750000004,0.9953125,0.25390625,1.2681640625,0.8470703125,0.011439453125000002,0.7180859374999999,41.995999999999995,30.47557028178472,13.8,7.756287771866127
1541,0.044589843750000004,0.29531250000000003,0.25390625,1.2681640625,0.8470703125,0.011439453125000002,0.7180859374999999,48.833999999999996,27.01461130573601,17.8,1.9390719429665315
1542,0.044589843750000004,0.9953125,0.35859375000000004,1.2681640625,0.8470703125,0.011439453125000002,0.7180859374999999,59.684000000000005,23.181137676999374,17.6,2.3323807579381204
1543,0.044589843750000004,0.9953125,0.25390625,1.4208984375,0.8470703125,0.011439453125000002,0.7180859374999999,44.884,28.800628187593407,13.8,7.756287771866127
1544,0.044589843750000004,0.9953125,0.25390625,1.2681640625,0.9103515625,0.011439453125000002,0.7180859374999999,48.833999999999996,27.01461130573601,17.6,2.3323807579381204
1545,0.044589843750000004,0.9953125,0.25390625,1.2681640625,0.8470703125,0.022201171875,0.7180859374999999,74.30600000000001,22.36172408379998,16.8,1.9390719429665315
1546,0.044589843750000004,0.9953125,0.25390625,1.2681640625,0.8470703125,0.011439453125000002,0.6497265624999999,82.026,13.00839974785523,16.2,1.5999999999999999
1547,0.042949218750000004,0.29531250000000003,0.35859375000000004,1.4208984375,0.9103515625,0.022201171875,0.6497265624999999,86.824,10.725783141570597,15.2,1.1661903789690602
1548,0.03583984375,0.49531250000000004,0.10390625,1.4806640625,0.9595703125,0.007814453125,0.6305859374999999,77.31199999999998,23.56032376687553,17.2,2.1354156504062622
1549,0.06919921875,0.49531250000000004,0.10390625,1.4806640625,0.9595703125,0.007814453125,0.6305859374999999,85.39599999999999,11.231788103414345,14.6,2.8000000000000003
1550,0.03583984375,0.7953125000000001,0.10390625,1.4806640625,0.9595703125,0.007814453125,0.6305859374999999,77.31199999999998,23.56032376687553,17.2,2.1354156504062622
1551,0.03583984375,0.49531250000000004,0.20859375000000002,1.4806640625,0.9595703125,0.007814453125,0.6305859374999999,74.352,23.488357456408057,16.8,1.9390719429665315
1552,0.03583984375,0.49531250000000004,0.10390625,2.4833984375,0.9595703125,0.007814453125,0.6305859374999999,53.074,25.448151681409005,17.6,2.3323807579381204
1553,0.03583984375,0.49531250000000004,0.10390625,1.4806640625,0.7978515625,0.007814453125,0.6305859374999999,77.3,23.553750444462132,17.2,2.1354156504062622
1554,0.03583984375,0.49531250000000004,0.10390625,1.4806640625,0.9595703125,0.004076171875,0.6305859374999999,64.046,22.23949513815455,17.6,2.3323807579381204
1555,0.03583984375,0.49531250000000004,0.10390625,1.4806640625,0.9595703125,0.007814453125,0.5972265625,82.196,12.56877814268356,16.2,1.5999999999999999
1556,0.06919921875,0.7953125000000001,0.20859375000000002,2.4833984375,0.7978515625,0.004076171875,0.5972265625,84.2,11.520157985027808,14.2,3.6
1557,0.07083984375,0.8953125,0.30390625000000004,2.3306640625,0.5095703125000001,0.022314453125,0.7005859375,91.10000000000001,10.030537373441165,15.8,1.4696938456699067
1558,0.03419921875,0.8953125,0.30390625000000004,2.3306640625,0.5095703125000001,0.022314453125,0.7005859375,61.467999999999996,23.051762101843753,17.6,2.3323807579381204
1559,0.07083984375,0.3953125,0.30390625000000004,2.3306640625,0.5095703125000001,0.022314453125,0.7005859375,91.10000000000001,10.030537373441165,15.8,1.4696938456699067
1560,0.07083984375,0.8953125,0.40859375,2.3306640625,0.5095703125000001,0.022314453125,0.7005859375,89.138,10.21455510533866,15.4,1.2
1561,0.07083984375,0.8953125,0.30390625000000004,1.6333984375,0.5095703125000001,0.022314453125,0.7005859375,86.77199999999999,10.810597393298858,15.4,1.2
1562,0.07083984375,0.8953125,0.30390625000000004,2.3306640625,0.34785156250000004,0.022314453125,0.7005859375,91.10000000000001,10.030537373441165,15.8,1.4696938456699067
1563,0.07083984375,0.8953125,0.30390625000000004,2.3306640625,0.5095703125000001,0.018576171875000002,0.7005859375,87.618,10.996034557966793,16.0,1.5491933384829668
1564,0.07083984375,0.8953125,0.30390625000000004,2.3306640625,0.5095703125000001,0.022314453125,0.6672265625,88.4,10.756441790852588,15.4,1.2
1565,0.03419921875,0.3953125,0.40859375,1.6333984375,0.34785156250000004,0.018576171875000002,0.6672265625,80.00800000000001,17.83052595971302,16.2,1.5999999999999999
1566,0.053339843750000004,0.29531250000000003,0.20390625,1.0556640625,0.2845703125,0.029564453125,0.5955859375,91.824,10.136825143998488,12.0,3.521363372331802
1567,0.01669921875,0.29531250000000003,0.20390625,1.0556640625,0.2845703125,0.029564453125,0.5955859375,86.422,11.175525759444161,12.8,1.9390719429665315
1568,0.053339843750000004,0.5953125,0.20390625,1.0556640625,0.2845703125,0.029564453125,0.5955859375,91.824,10.136825143998488,11.8,3.9191835884530852
1569,0.053339843750000004,0.29531250000000003,0.30859375,1.0556640625,0.2845703125,0.029564453125,0.5955859375,85.098,11.452848379333414,11.0,3.0983866769659336
1570,0.053339843750000004,0.29531250000000003,0.20390625,1.2083984375,0.2845703125,0.029564453125,0.5955859375,93.00999999999999,9.843446550878406,12.0,3.521363372331802
1571,0.053339843750000004,0.29531250000000003,0.20390625,1.0556640625,0.12285156250000001,0.029564453125,0.5955859375,91.824,10.136825143998488,12.0,3.521363372331802
1572,0.053339843750000004,0.29531250000000003,0.20390625,1.0556640625,0.2845703125,0.011326171874999999,0.5955859375,86.668,10.852596739951228,13.4,3.2000000000000006
1573,0.053339843750000004,0.29531250000000003,0.20390625,1.0556640625,0.2845703125,0.029564453125,0.6322265625,92.72400000000002,10.095269387193191,13.2,3.1240998703626617
1574,0.01669921875,0.5953125,0.30859375,1.2083984375,0.12285156250000001,0.011326171874999999,0.6322265625,28.466,37.79185922920437,5.8,8.541662601625049
1575,0.01833984375,0.6953125,0.40390625,1.9056640625,0.7345703125,0.015064453125000002,0.6655859375,21.752000000000002,39.27082907197147,1.8,5.6
1576,0.051699218750000005,0.6953125,0.40390625,1.9056640625,0.7345703125,0.015064453125000002,0.6655859375,86.66199999999999,10.90403118117332,16.0,1.5491933384829668
1577,0.01833984375,0.9953125,0.40390625,1.9056640625,0.7345703125,0.015064453125000002,0.6655859375,21.752000000000002,39.27082907197147,1.8,5.6
1578,0.01833984375,0.6953125,0.10859375,1.9056640625,0.7345703125,0.015064453125000002,0.6655859375,20.0,40.0,1.8,5.6
1579,0.01833984375,0.6953125,0.40390625,2.0583984375,0.7345703125,0.015064453125000002,0.6655859375,20.806,39.62774967115847,1.8,5.6
1580,0.01833984375,0.6953125,0.40390625,1.9056640625,0.5728515625,0.015064453125000002,0.6655859375,21.752000000000002,39.27082907197147,1.8,5.6
1581,0.01833984375,0.6953125,0.40390625,1.9056640625,0.7345703125,0.025826171875,0.6655859375,75.364,23.271511854626034,17.0,2.0976176963403033
1582,0.01833984375,0.6953125,0.40390625,1.9056640625,0.7345703125,0.015064453125000002,0.7022265624999999,20.0,40.0,1.8,5.6
1583,0.051699218750000005,0.9953125,0.10859375,2.0583984375,0.5728515625,0.025826171875,0.7022265624999999,82.08,15.52075642486538,16.2,1.5999999999999999
1584,0.01615234375,0.2703125,0.16640625,1.4275390625000002,0.36894531250000007,0.021408203125,0.6874609374999999,20.392,39.81123781044744,2.0,6.0
1585,0.01451171875,0.2703125,0.16640625,1.4275390625000002,0.36894531250000007,0.021408203125,0.6874609374999999,20.0,40.0,2.2,6.400000000000001
1586,0.01615234375,0.8703125,0.16640625,1.4275390625000002,0.36894531250000007,0.021408203125,0.6874609374999999,20.392,39.81123781044744,1.8,5.6
1587,0.01615234375,0.2703125,0.34609375,1.4275390625000002,0.36894531250000007,0.021408203125,0.6874609374999999,23.762,38.80889815493349,2.0,6.0
1588,0.01615234375,0.2703125,0.16640625,2.0052734375,0.36894531250000007,0.021408203125,0.6874609374999999,20.0,40.0,2.2,6.400000000000001
1589,0.01615234375,0.2703125,0.16640625,1.4275390625000002,0.8822265625,0.021408203125,0.6874609374999999,20.392,39.81123781044744,2.0,6.0
1590,0.01615234375,0.2703125,0.16640625,1.4275390625000002,0.36894531250000007,0.008607421875,0.6874609374999999,20.0,40.0,2.4,6.8
1591,0.01615234375,0.2703125,0.16640625,1.4275390625000002,0.36894531250000007,0.021408203125,0.7066015625,20.0,40.0,2.2,6.400000000000001
1592,0.01451171875,0.8703125,0.34609375,2.0052734375,0.8822265625,0.008607421875,0.7066015625,20.0,40.0,1.8,5.6
1593,0.05115234375,0.6703125000000001,0.36640625000000004,2.2775390625,0.8189453125,0.006908203125,0.6174609375,90.83200000000001,10.301022085210766,16.0,1.5491933384829668
1594,0.04951171875,0.6703125000000001,0.36640625000000004,2.2775390625,0.8189453125,0.006908203125,0.6174609375,87.59,10.647602547052553,16.0,1.5491933384829668
1595,0.05115234375,0.4703125,0.36640625000000004,2.2775390625,0.8189453125,0.006908203125,0.6174609375,90.83200000000001,10.301022085210766,16.0,1.5491933384829668
1596,0.05115234375,0.6703125000000001,0.14609375000000002,2.2775390625,0.8189453125,0.006908203125,0.6174609375,82.032,13.538306245612855,16.2,1.5999999999999999
1597,0.05115234375,0.6703125000000001,0.36640625000000004,1.1552734375,0.8189453125,0.006908203125,0.6174609375,83.40200000000002,11.675335369915505,14.4,3.2000000000000006
1598,0.05115234375,0.6703125000000001,0.36640625000000004,2.2775390625,0.4322265625,0.006908203125,0.6174609375,90.83200000000001,10.301022085210766,16.0,1.5491933384829668
1599,0.05115234375,0.6703125000000001,0.36640625000000004,2.2775390625,0.8189453125,0.023107421875,0.6174609375,85.104,11.221102619618092,13.4,3.2000000000000006
1600,0.05115234375,0.6703125000000001,0.36640625000000004,2.2775390625,0.8189453125,0.006908203125,0.6366015625,81.822,14.905113753339826,16.2,1.5999999999999999
1601,0.04951171875,0.4703125,0.14609375000000002,1.1552734375,0.4322265625,0.023107421875,0.6366015625,90.39399999999999,10.090632487609485,14.0,2.5298221281347035
1602,0.06865234375,0.4703125,0.26640625,1.0025390625000001,0.5939453125,0.014158203125000001,0.6524609375,93.938,9.604949557389672,14.2,3.1240998703626617
1603,0.06701171875,0.4703125,0.26640625,1.0025390625000001,0.5939453125,0.014158203125000001,0.6524609375,93.904,9.531150192920057,14.2,3.1240998703626617
1604,0.06865234375,0.2703125,0.26640625,1.0025390625000001,0.5939453125,0.014158203125000001,0.6524609375,93.938,9.604949557389672,14.4,2.727636339397171
1605,0.06865234375,0.4703125,0.24609375,1.0025390625000001,0.5939453125,0.014158203125000001,0.6524609375,94.05799999999999,9.578760671402122,14.2,3.1240998703626617
1606,0.06865234375,0.4703125,0.26640625,1.5802734375,0.5939453125,0.014158203125000001,0.6524609375,86.07200000000002,11.051891059904639,14.8,2.4
1607,0.06865234375,0.4703125,0.26640625,1.0025390625000001,0.2072265625,0.014158203125000001,0.6524609375,93.938,9.604949557389672,15.2,1.1661903789690602
1608,0.06865234375,0.4703125,0.26640625,1.0025390625000001,0.5939453125,0.015857421875,0.6524609375,92.87599999999999,10.034083117056582,14.2,3.1240998703626617
1609,0.06865234375,0.4703125,0.26640625,1.0025390625000001,0.5939453125,0.014158203125000001,0.6716015625,83.75,11.640405491218939,15.4,1.2
1610,0.06701171875,0.2703125,0.24609375,1.5802734375,0.2072265625,0.015857421875,0.6716015625,88.00399999999999,10.498656294974136,15.4,1.2
1611,0.03365234375,0.8703125,0.46640625,1.8525390625,0.1439453125,0.028658203125,0.5824609374999999,84.612,11.537021105987456,10.2,3.1240998703626617
1612,0.03201171875,0.8703125,0.46640625,1.8525390625,0.1439453125,0.028658203125,0.5824609374999999,84.608,11.536788807982921,10.2,3.1240998703626617
1613,0.03365234375,0.6703125000000001,0.46640625,1.8525390625,0.1439453125,0.028658203125,0.5824609374999999,84.612,11.537021105987456,10.4,2.727636339397171
1614,0.03365234375,0.8703125,0.44609375000000007,1.8525390625,0.1439453125,0.028658203125,0.5824609374999999,84.24000000000001,11.760329927344726,10.4,3.2619012860600183
1615,0.03365234375,0.8703125,0.46640625,2.4302734375,0.1439453125,0.028658203125,0.5824609374999999,91.63199999999999,10.087995638381292,12.0,3.521363372331802
1616,0.03365234375,0.8703125,0.46640625,1.8525390625,0.6572265625,0.028658203125,0.5824609374999999,86.526,11.088943322066356,10.2,3.1240998703626617
1617,0.03365234375,0.8703125,0.46640625,1.8525390625,0.1439453125,0.030357421875000002,0.5824609374999999,84.666,11.532339918680854,10.2,3.1240998703626617
1618,0.03365234375,0.8703125,0.46640625,1.8525390625,0.1439453125,0.028658203125,0.6016015625,84.342,10.914713738802316,12.4,3.2000000000000006
1619,0.03201171875,0.6703125000000001,0.44609375000000007,2.4302734375,0.6572265625,0.030357421875000002,0.6016015625,89.022,10.532734497745585,12.6,2.8000000000000003
1620,0.04240234375,0.5703125,0.31640625,2.0650390625,0.2564453125,0.017783203125,0.6699609375,79.65599999999999,18.183543769023682,16.4,1.7435595774162693
1621,0.07576171875,0.5703125,0.31640625,2.0650390625,0.2564453125,0.017783203125,0.6699609375,85.388,11.242331430802064,15.4,1.2
1622,0.04240234375,0.37031250000000004,0.31640625,2.0650390625,0.2564453125,0.017783203125,0.6699609375,79.65599999999999,18.183543769023682,16.4,1.7435595774162693
1623,0.04240234375,0.5703125,0.19609375,2.0650390625,0.2564453125,0.017783203125,0.6699609375,74.86800000000001,21.154224542629777,16.8,1.9390719429665315
1624,0.04240234375,0.5703125,0.31640625,1.3677734375,0.2564453125,0.017783203125,0.6699609375,82.566,12.098220695622972,16.0,1.5491933384829668
1625,0.04240234375,0.5703125,0.31640625,2.0650390625,0.7697265625,0.017783203125,0.6699609375,79.6,18.170290036210208,16.4,1.7435595774162693
1626,0.04240234375,0.5703125,0.31640625,2.0650390625,0.2564453125,0.012232421875,0.6699609375,76.68199999999999,23.3979181979936,17.0,2.0
1627,0.04240234375,0.5703125,0.31640625,2.0650390625,0.2564453125,0.017783203125,0.6191015624999999,83.554,11.599478608972044,15.4,1.2
1628,0.07576171875,0.37031250000000004,0.19609375,1.3677734375,0.7697265625,0.012232421875,0.6191015624999999,87.864,10.61751119613255,13.2,3.6
1629,0.07740234375,0.9703125000000001,0.11640625,1.2150390625,0.7064453125,0.003283203125,0.5999609375,93.398,9.779685884526149,13.6,4.317406628984581
1630,0.04076171875,0.9703125000000001,0.11640625,1.2150390625,0.7064453125,0.003283203125,0.5999609375,81.896,13.767751595667317,16.2,1.5999999999999999
1631,0.07740234375,0.7703125,0.11640625,1.2150390625,0.7064453125,0.003283203125,0.5999609375,93.398,9.779685884526149,13.6,4.317406628984581
1632,0.07740234375,0.9703125000000001,0.39609375,1.2150390625,0.7064453125,0.003283203125,0.5999609375,84.53999999999999,11.607121951629527,12.8,4.4
1633,0.07740234375,0.9703125000000001,0.11640625,2.2177734375,0.7064453125,0.003283203125,0.5999609375,86.72599999999998,11.044277432227064,14.0,4.0
1634,0.07740234375,0.9703125000000001,0.11640625,1.2150390625,0.3197265625,0.003283203125,0.5999609375,93.398,9.779685884526149,13.6,4.317406628984581
1635,0.07740234375,0.9703125000000001,0.11640625,1.2150390625,0.7064453125,0.026732421875,0.5999609375,84.912,11.378227278447199,12.0,4.0
1636,0.07740234375,0.9703125000000001,0.11640625,1.2150390625,0.7064453125,0.003283203125,0.6891015625,81.79599999999999,14.244286714328661,16.2,1.5999999999999999
1637,0.04076171875,0.7703125,0.39609375,2.2177734375,0.3197265625,0.026732421875,0.6891015625,81.65599999999999,13.279208711365296,16.0,1.5491933384829668
1638,0.05990234375,0.37031250000000004,0.41640625,2.4900390625,0.9314453125,0.010533203125000001,0.7049609375,74.656,23.481614595253028,16.8,1.9390719429665315
1639,0.02326171875,0.37031250000000004,0.41640625,2.4900390625,0.9314453125,0.010533203125000001,0.7049609375,20.0,40.0,2.2,6.400000000000001
1640,0.05990234375,0.9703125000000001,0.41640625,2.4900390625,0.9314453125,0.010533203125000001,0.7049609375,74.656,23.481614595253028,16.8,1.9390719429665315
1641,0.05990234375,0.37031250000000004,0.49609375,2.4900390625,0.9314453125,0.010533203125000001,0.7049609375,73.338,23.349491985908386,16.8,1.9390719429665315
1642,0.05990234375,0.37031250000000004,0.41640625,1.7927734375000002,0.9314453125,0.010533203125000001,0.7049609375,77.184,20.479490813982657,16.8,1.9390719429665315
1643,0.05990234375,0.37031250000000004,0.41640625,2.4900390625,0.5447265625000001,0.010533203125000001,0.7049609375,74.656,23.481614595253028,16.8,1.9390719429665315
1644,0.05990234375,0.37031250000000004,0.41640625,2.4900390625,0.9314453125,0.004982421875,0.7049609375,73.706,22.563607512984266,17.8,1.9390719429665315
1645,0.05990234375,0.37031250000000004,0.41640625,2.4900390625,0.9314453125,0.010533203125000001,0.5841015625,88.0,10.718442050969909,13.2,3.6
1646,0.02326171875,0.9703125000000001,0.49609375,1.7927734375000002,0.5447265625000001,0.004982421875,0.5841015625,79.94399999999999,19.412652162958054,16.6,1.8547236990991407
1647,0.02490234375,0.7703125,0.21640625000000002,1.6400390625,0.4814453125,0.025033203125,0.6349609374999999,86.852,11.426645001924232,15.8,1.4696938456699067
1648,0.058261718750000004,0.7703125,0.21640625000000002,1.6400390625,0.4814453125,0.025033203125,0.6349609374999999,84.792,11.343513388716916,13.4,3.2000000000000006
1649,0.02490234375,0.5703125,0.21640625000000002,1.6400390625,0.4814453125,0.025033203125,0.6349609374999999,86.852,11.426645001924232,15.8,1.4696938456699067
1650,0.02490234375,0.7703125,0.29609375000000004,1.6400390625,0.4814453125,0.025033203125,0.6349609374999999,88.596,10.274250532277279,15.4,1.2
1651,0.02490234375,0.7703125,0.21640625000000002,0.9427734375000001,0.4814453125,0.025033203125,0.6349609374999999,83.70599999999999,11.698217983949522,15.2,1.1661903789690602
1652,0.02490234375,0.7703125,0.21640625000000002,1.6400390625,0.9947265625,0.025033203125,0.6349609374999999,86.874,11.423909313365545,15.8,1.4696938456699067
1653,0.02490234375,0.7703125,0.21640625000000002,1.6400390625,0.4814453125,0.019482421875,0.6349609374999999,77.36999999999999,18.642997613044958,16.6,1.8547236990991407
1654,0.02490234375,0.7703125,0.21640625000000002,1.6400390625,0.4814453125,0.025033203125,0.6541015625,80.364,16.534691530234245,16.2,1.5999999999999999
1655,0.058261718750000004,0.5703125,0.29609375000000004,0.9427734375000001,0.9947265625,0.019482421875,0.6541015625,91.982,10.044529655489098,14.2,3.1240998703626617
1656,0.020527343750000003,0.42031250000000003,0.44140625,1.1087890625,0.8751953125,0.030470703125,0.6787109375,83.37199999999999,11.598254006530464,16.0,1.5491933384829668
1657,0.07138671875000001,0.42031250000000003,0.44140625,1.1087890625,0.8751953125,0.030470703125,0.6787109375,93.53200000000001,9.468671290101899,13.4,3.2000000000000006
1658,0.020527343750000003,0.3203125,0.44140625,1.1087890625,0.8751953125,0.030470703125,0.6787109375,83.37199999999999,11.598254006530464,16.0,1.5491933384829668
1659,0.020527343750000003,0.42031250000000003,0.42109375000000004,1.1087890625,0.8751953125,0.030470703125,0.6787109375,83.28800000000001,11.48384325911844,16.0,1.5491933384829668
1660,0.020527343750000003,0.42031250000000003,0.44140625,0.8365234375,0.8751953125,0.030470703125,0.6787109375,87.85,10.489228760971894,15.4,1.2
1661,0.020527343750000003,0.42031250000000003,0.44140625,1.1087890625,0.8259765625,0.030470703125,0.6787109375,83.46000000000001,11.620796874569315,16.0,1.5491933384829668
1662,0.020527343750000003,0.42031250000000003,0.44140625,1.1087890625,0.8751953125,0.024919921875,0.6787109375,75.13,21.000209522764294,16.8,1.9390719429665315
1663,0.020527343750000003,0.42031250000000003,0.44140625,1.1087890625,0.8751953125,0.030470703125,0.5928515624999999,85.376,11.846679872436834,9.8,1.9390719429665315
1664,0.07138671875000001,0.3203125,0.42109375000000004,0.8365234375,0.8259765625,0.024919921875,0.5928515624999999,84.718,10.334833138469147,10.0,3.63318042491699
1665,0.055527343750000006,0.8203125,0.24140625000000002,1.9587890625,0.4251953125,0.015970703125,0.6087109374999999,91.72400000000002,10.001233123970263,14.0,3.521363372331802
1666,0.036386718750000005,0.8203125,0.24140625000000002,1.9587890625,0.4251953125,0.015970703125,0.6087109374999999,88.626,10.342807355839131,15.4,1.2
1667,0.055527343750000006,0.7203125000000001,0.24140625000000002,1.9587890625,0.4251953125,0.015970703125,0.6087109374999999,91.72400000000002,10.001233123970263,14.0,3.521363372331802
1668,0.055527343750000006,0.8203125,0.22109375,1.9587890625,0.4251953125,0.015970703125,0.6087109374999999,92.33000000000001,10.05953279233186,14.0,3.521363372331802
1669,0.055527343750000006,0.8203125,0.24140625000000002,1.6865234375,0.4251953125,0.015970703125,0.6087109374999999,89.592,10.423309263376964,13.4,3.2000000000000006
1670,0.055527343750000006,0.8203125,0.24140625000000002,1.9587890625,0.3759765625,0.015970703125,0.6087109374999999,91.72400000000002,10.001233123970263,14.0,3.521363372331802
1671,0.055527343750000006,0.8203125,0.24140625000000002,1.9587890625,0.4251953125,0.010419921875000002,0.6087109374999999,83.94200000000001,11.591480319614055,14.4,3.2000000000000006
1672,0.055527343750000006,0.8203125,0.24140625000000002,1.9587890625,0.4251953125,0.015970703125,0.6628515625,87.922,10.913381510787573,16.0,1.5491933384829668
1673,0.036386718750000005,0.7203125000000001,0.22109375,1.6865234375,0.3759765625,0.010419921875000002,0.6628515625,66.32199999999999,22.72625037264177,17.6,2.3323807579381204
1674,0.07302734375,0.22031250000000002,0.34140625,1.5337890625,0.2001953125,0.008720703125,0.7137109374999999,81.884,16.000930722929837,16.2,1.5999999999999999
1675,0.018886718750000003,0.22031250000000002,0.34140625,1.5337890625,0.2001953125,0.008720703125,0.7137109374999999,20.0,40.0,2.4,6.8
1676,0.07302734375,0.9203125000000001,0.34140625,1.5337890625,0.2001953125,0.008720703125,0.7137109374999999,81.884,16.000930722929837,16.2,1.5999999999999999
1677,0.07302734375,0.22031250000000002,0.12109375,1.5337890625,0.2001953125,0.008720703125,0.7137109374999999,78.994,19.708318649747877,17.0,1.5491933384829668
1678,0.07302734375,0.22031250000000002,0.34140625,2.1115234375,0.2001953125,0.008720703125,0.7137109374999999,80.17,19.614637391499237,16.8,1.4696938456699067
1679,0.07302734375,0.22031250000000002,0.34140625,1.5337890625,0.15097656250000002,0.008720703125,0.7137109374999999,81.884,16.000930722929837,16.2,1.5999999999999999
1680,0.07302734375,0.22031250000000002,0.34140625,1.5337890625,0.2001953125,0.017669921875,0.7137109374999999,91.34400000000001,10.008369697408266,16.0,1.5491933384829668
1681,0.07302734375,0.22031250000000002,0.34140625,1.5337890625,0.2001953125,0.008720703125,0.6278515625,93.79999999999998,9.696545776718635,15.2,1.1661903789690602
1682,0.018886718750000003,0.9203125000000001,0.12109375,2.1115234375,0.15097656250000002,0.017669921875,0.6278515625,39.891999999999996,31.604142386718866,13.6,7.631513611335566
1683,0.038027343750000005,0.6203125,0.14140625,2.3837890625,0.6501953125,0.023220703125,0.6437109375,83.62199999999999,11.678553677574977,16.0,1.5491933384829668
1684,0.05388671875000001,0.6203125,0.14140625,2.3837890625,0.6501953125,0.023220703125,0.6437109375,85.172,11.28090315533291,15.4,1.2
1685,0.038027343750000005,0.5203125,0.14140625,2.3837890625,0.6501953125,0.023220703125,0.6437109375,83.62199999999999,11.678553677574977,16.0,1.5491933384829668
1686,0.038027343750000005,0.6203125,0.32109375,2.3837890625,0.6501953125,0.023220703125,0.6437109375,89.61600000000001,10.414487217333363,15.8,1.4696938456699067
1687,0.038027343750000005,0.6203125,0.14140625,1.2615234375,0.6501953125,0.023220703125,0.6437109375,85.824,11.14509506464615,15.4,1.2
1688,0.038027343750000005,0.6203125,0.14140625,2.3837890625,0.6009765625,0.023220703125,0.6437109375,83.62199999999999,11.678553677574977,16.0,1.5491933384829668
1689,0.038027343750000005,0.6203125,0.14140625,2.3837890625,0.6501953125,0.003169921875,0.6437109375,29.569999999999993,37.01824955342972,5.8,8.541662601625049
1690,0.038027343750000005,0.6203125,0.14140625,2.3837890625,0.6501953125,0.023220703125,0.6978515624999999,68.10999999999999,22.615430130775756,17.6,2.3323807579381204
1691,0.05388671875000001,0.5203125,0.32109375,1.2615234375,0.6009765625,0.003169921875,0.6978515624999999,74.288,22.48521238503208,17.6,2.3323807579381204
1692,0.029277343750000004,0.3203125,0.29140625,2.1712890625,0.7626953125,0.026845703125000002,0.6962109375,69.68799999999999,22.012519528668225,17.4,2.244994432064365
1693,0.01013671875,0.3203125,0.29140625,2.1712890625,0.7626953125,0.026845703125000002,0.6962109375,20.0,40.0,2.2,6.400000000000001
1694,0.029277343750000004,0.8203125,0.29140625,2.1712890625,0.7626953125,0.026845703125000002,0.6962109375,69.68799999999999,22.012519528668225,17.4,2.244994432064365
1695,0.029277343750000004,0.3203125,0.27109375,2.1712890625,0.7626953125,0.026845703125000002,0.6962109375,68.636,22.437355102596207,17.8,1.9390719429665315
1696,0.029277343750000004,0.3203125,0.29140625,2.3240234375,0.7626953125,0.026845703125000002,0.6962109375,66.804,22.750954793150992,17.8,1.9390719429665315
1697,0.029277343750000004,0.3203125,0.29140625,2.1712890625,0.7134765625,0.026845703125000002,0.6962109375,69.66599999999998,22.04787300398839,17.4,2.244994432064365
1698,0.029277343750000004,0.3203125,0.29140625,2.1712890625,0.7626953125,0.021294921875,0.6962109375,39.71,31.779671489806184,14.0,7.745966692414834
1699,0.029277343750000004,0.3203125,0.29140625,2.1712890625,0.7626953125,0.026845703125000002,0.6803515625,74.998,22.33747559595757,16.8,1.9390719429665315
1700,0.01013671875,0.8203125,0.27109375,2.3240234375,0.7134765625,0.021294921875,0.6803515625,20.0,40.0,1.8,5.6
1701,0.06427734375000001,0.7203125000000001,0.49140625000000004,1.3212890625,0.31269531250000004,0.012345703125,0.6262109375,86.112,11.329574396242784,13.2,3.6
1702,0.045136718750000006,0.7203125000000001,0.49140625000000004,1.3212890625,0.31269531250000004,0.012345703125,0.6262109375,91.384,9.83859054946388,14.4,3.2000000000000006
1703,0.06427734375000001,0.42031250000000003,0.49140625000000004,1.3212890625,0.31269531250000004,0.012345703125,0.6262109375,86.112,11.329574396242784,13.2,3.6
1704,0.06427734375000001,0.7203125000000001,0.47109375,1.3212890625,0.31269531250000004,0.012345703125,0.6262109375,87.05999999999999,11.041572351798454,13.2,3.6
1705,0.06427734375000001,0.7203125000000001,0.49140625000000004,1.4740234375,0.31269531250000004,0.012345703125,0.6262109375,88.39200000000001,10.452546866673213,13.2,3.6
1706,0.06427734375000001,0.7203125000000001,0.49140625000000004,1.3212890625,0.2634765625,0.012345703125,0.6262109375,86.112,11.329574396242784,13.2,3.6
1707,0.06427734375000001,0.7203125000000001,0.49140625000000004,1.3212890625,0.31269531250000004,0.006794921875,0.6262109375,93.924,9.640285472951511,13.8,3.9191835884530852
1708,0.06427734375000001,0.7203125000000001,0.49140625000000004,1.3212890625,0.31269531250000004,0.012345703125,0.6103515625,94.588,9.697419038073997,13.0,4.0
1709,0.045136718750000006,0.42031250000000003,0.47109375,1.4740234375,0.2634765625,0.006794921875,0.6103515625,84.638,11.537189259087326,15.4,1.2
1710,0.046777343750000006,0.5203125,0.19140625,1.7462890625,0.5376953125,0.005095703125,0.6612109374999999,75.356,22.808500696012445,17.6,2.3323807579381204
1711,0.06263671875,0.5203125,0.19140625,1.7462890625,0.5376953125,0.005095703125,0.6612109374999999,82.088,16.116812836289935,16.2,1.5999999999999999
1712,0.046777343750000006,0.22031250000000002,0.19140625,1.7462890625,0.5376953125,0.005095703125,0.6612109374999999,75.356,22.808500696012445,17.8,1.9390719429665315
1713,0.046777343750000006,0.5203125,0.37109375,1.7462890625,0.5376953125,0.005095703125,0.6612109374999999,75.482,23.701315068999865,17.0,2.0
1714,0.046777343750000006,0.5203125,0.19140625,1.0490234375,0.5376953125,0.005095703125,0.6612109374999999,74.526,23.502476975842356,16.8,1.9390719429665315
1715,0.046777343750000006,0.5203125,0.19140625,1.7462890625,0.48847656250000004,0.005095703125,0.6612109374999999,75.356,22.808500696012445,17.6,2.3323807579381204
1716,0.046777343750000006,0.5203125,0.19140625,1.7462890625,0.5376953125,0.028544921875,0.6612109374999999,85.18,11.352552135973653,15.2,1.1661903789690602
1717,0.046777343750000006,0.5203125,0.19140625,1.7462890625,0.5376953125,0.005095703125,0.7153515625,25.214,38.71210332699581,6.0,8.717797887081348
1718,0.06263671875,0.22031250000000002,0.37109375,1.0490234375,0.48847656250000004,0.028544921875,0.7153515625,83.62800000000001,11.72746417602714,15.4,1.2
1719,0.01177734375,0.9203125000000001,0.39140625000000007,0.8962890625000001,0.9876953125,0.019595703125,0.5912109375,87.32600000000001,10.482388277487148,13.4,2.727636339397171
1720,0.027636718750000004,0.9203125000000001,0.39140625000000007,0.8962890625000001,0.9876953125,0.019595703125,0.5912109375,86.764,11.11933199432412,12.0,4.0
1721,0.01177734375,0.6203125,0.39140625000000007,0.8962890625000001,0.9876953125,0.019595703125,0.5912109375,87.32600000000001,10.482388277487148,13.6,2.33238075793812
1722,0.01177734375,0.9203125000000001,0.17109375,0.8962890625000001,0.9876953125,0.019595703125,0.5912109375,84.158,11.753093890546436,15.2,1.1661903789690602
1723,0.01177734375,0.9203125000000001,0.39140625000000007,1.8990234375,0.9876953125,0.019595703125,0.5912109375,87.798,10.21480572502483,15.4,1.2
1724,0.01177734375,0.9203125000000001,0.39140625000000007,0.8962890625000001,0.9384765625,0.019595703125,0.5912109375,87.32600000000001,10.482388277487148,13.4,2.727636339397171
1725,0.01177734375,0.9203125000000001,0.39140625000000007,0.8962890625000001,0.9876953125,0.014044921875000001,0.5912109375,88.97999999999999,10.401128784896377,15.4,1.2
1726,0.01177734375,0.9203125000000001,0.39140625000000007,0.8962890625000001,0.9876953125,0.019595703125,0.6453515624999999,64.316,23.219268377793476,17.6,2.3323807579381204
1727,0.027636718750000004,0.6203125,0.17109375,1.8990234375,0.9384765625,0.014044921875000001,0.6453515624999999,55.80400000000001,24.286485624725533,17.6,2.3323807579381204
1728,0.01123046875,0.4390625,0.18203125,1.9455078125,0.5728515625,0.025259765625,0.6032421874999999,82.494,12.038183583913312,16.0,1.5491933384829668
1729,0.03255859375,0.4390625,0.18203125,1.9455078125,0.5728515625,0.025259765625,0.6032421874999999,87.61,10.611329794139843,14.0,2.0
1730,0.01123046875,0.9390625000000001,0.18203125,1.9455078125,0.5728515625,0.025259765625,0.6032421874999999,82.494,12.038183583913312,16.0,1.5491933384829668
1731,0.01123046875,0.4390625,0.36171875,1.9455078125,0.5728515625,0.025259765625,0.6032421874999999,85.296,11.510323366439364,15.2,1.1661903789690602
1732,0.01123046875,0.4390625,0.18203125,1.1951171875,0.5728515625,0.025259765625,0.6032421874999999,83.41,11.598732689393268,15.2,1.1661903789690602
1733,0.01123046875,0.4390625,0.18203125,1.9455078125,0.5236328125,0.025259765625,0.6032421874999999,82.634,12.110489007467864,16.0,1.5491933384829668
1734,0.01123046875,0.4390625,0.18203125,1.9455078125,0.5728515625,0.017896484375,0.6032421874999999,44.658,28.82241377816924,13.6,7.631513611335566
1735,0.01123046875,0.4390625,0.18203125,1.9455078125,0.5728515625,0.025259765625,0.6092578125,80.616,16.27030497562968,16.0,1.5491933384829668
1736,0.03255859375,0.9390625000000001,0.36171875,1.1951171875,0.5236328125,0.017896484375,0.6092578125,89.322,10.361253592109405,13.4,3.2000000000000006
1737,0.04623046875,0.8390625,0.38203125000000004,1.0955078125,0.12285156250000001,0.010759765625,0.6732421875,81.856,16.976876744560524,16.2,1.5999999999999999
1738,0.06755859375,0.8390625,0.38203125000000004,1.0955078125,0.12285156250000001,0.010759765625,0.6732421875,87.768,10.604775150845965,15.4,1.2
1739,0.04623046875,0.5390625,0.38203125000000004,1.0955078125,0.12285156250000001,0.010759765625,0.6732421875,81.856,16.976876744560524,16.2,1.5999999999999999
1740,0.04623046875,0.8390625,0.16171875000000002,1.0955078125,0.12285156250000001,0.010759765625,0.6732421875,73.638,22.253533112744144,16.8,1.9390719429665315
1741,0.04623046875,0.8390625,0.38203125000000004,2.0451171875,0.12285156250000001,0.010759765625,0.6732421875,74.442,23.670991022768778,16.8,1.9390719429665315
1742,0.04623046875,0.8390625,0.38203125000000004,1.0955078125,0.9736328125,0.010759765625,0.6732421875,81.856,16.976876744560524,16.2,1.5999999999999999
1743,0.04623046875,0.8390625,0.38203125000000004,1.0955078125,0.12285156250000001,0.003396484375,0.6732421875,77.46799999999999,23.527208419189893,17.2,2.1354156504062622
1744,0.04623046875,0.8390625,0.38203125000000004,1.0955078125,0.12285156250000001,0.010759765625,0.6792578125,79.186,19.338057399852758,16.6,1.8547236990991407
1745,0.06755859375,0.5390625,0.16171875000000002,2.0451171875,0.9736328125,0.003396484375,0.6792578125,75.31800000000001,21.990511954022352,16.8,1.9390719429665315
1746,0.06373046875,0.2390625,0.28203125,2.3705078125,0.34785156250000004,0.0035097656250000003,0.6382421875,83.056,11.713659718465449,16.2,1.5999999999999999
1747,0.050058593750000005,0.2390625,0.28203125,2.3705078125,0.34785156250000004,0.0035097656250000003,0.6382421875,73.72200000000001,23.39940802670016,16.8,1.9390719429665315
1748,0.06373046875,0.33906250000000004,0.28203125,2.3705078125,0.34785156250000004,0.0035097656250000003,0.6382421875,83.056,11.713659718465449,16.2,1.5999999999999999
1749,0.06373046875,0.2390625,0.26171875,2.3705078125,0.34785156250000004,0.0035097656250000003,0.6382421875,82.424,12.52144815905892,16.2,1.5999999999999999
1750,0.06373046875,0.2390625,0.28203125,2.4701171875,0.34785156250000004,0.0035097656250000003,0.6382421875,81.79,12.905189653778823,16.2,1.5999999999999999
1751,0.06373046875,0.2390625,0.28203125,2.3705078125,0.7486328125,0.0035097656250000003,0.6382421875,83.056,11.713659718465449,16.2,1.5999999999999999
1752,0.06373046875,0.2390625,0.28203125,2.3705078125,0.34785156250000004,0.025146484375,0.6382421875,88.75999999999999,10.434414214511513,14.6,0.7999999999999999
1753,0.06373046875,0.2390625,0.28203125,2.3705078125,0.34785156250000004,0.0035097656250000003,0.6442578125,81.784,14.325605885965171,16.2,1.5999999999999999
1754,0.050058593750000005,0.33906250000000004,0.26171875,2.4701171875,0.7486328125,0.025146484375,0.6442578125,83.94399999999999,11.521027037551816,15.4,1.2
1755,0.02873046875,0.6390625000000001,0.48203125,1.5205078125,0.7978515625,0.018009765625,0.7082421875,38.040000000000006,32.96499173365587,5.8,8.541662601625049
1756,0.015058593750000002,0.6390625000000001,0.48203125,1.5205078125,0.7978515625,0.018009765625,0.7082421875,20.0,40.0,1.8,5.6
1757,0.02873046875,0.7390625,0.48203125,1.5205078125,0.7978515625,0.018009765625,0.7082421875,38.040000000000006,32.96499173365587,5.8,8.541662601625049
1758,0.02873046875,0.6390625000000001,0.46171875000000007,1.5205078125,0.7978515625,0.018009765625,0.7082421875,37.13600000000001,33.63585622516543,5.8,8.541662601625049
1759,0.02873046875,0.6390625000000001,0.48203125,1.6201171875,0.7978515625,0.018009765625,0.7082421875,36.578,34.005096323933564,5.8,8.541662601625049
1760,0.02873046875,0.6390625000000001,0.48203125,1.5205078125,0.2986328125,0.018009765625,0.7082421875,38.040000000000006,32.96499173365587,5.8,8.541662601625049
1761,0.02873046875,0.6390625000000001,0.48203125,1.5205078125,0.7978515625,0.010646484375000001,0.7082421875,20.881999999999998,39.59585453049346,1.8,5.6
1762,0.02873046875,0.6390625000000001,0.48203125,1.5205078125,0.7978515625,0.018009765625,0.7142578125,33.668,36.11041589347871,5.8,8.541662601625049
1763,0.015058593750000002,0.7390625,0.46171875000000007,1.6201171875,0.2986328125,0.010646484375000001,0.7142578125,20.0,40.0,1.8,5.6
1764,0.03748046875,0.33906250000000004,0.33203125,1.3080078125,0.9103515625,0.028884765625,0.6207421875,91.1,10.15579637448487,13.2,2.6381811916545836
1765,0.058808593750000006,0.33906250000000004,0.33203125,1.3080078125,0.9103515625,0.028884765625,0.6207421875,85.732,11.05282298781628,12.4,3.2000000000000006
1766,0.03748046875,0.2390625,0.33203125,1.3080078125,0.9103515625,0.028884765625,0.6207421875,91.1,10.15579637448487,13.2,2.6381811916545836
1767,0.03748046875,0.33906250000000004,0.11171875,1.3080078125,0.9103515625,0.028884765625,0.6207421875,85.61800000000001,11.301103308969443,13.8,2.4
1768,0.03748046875,0.33906250000000004,0.33203125,2.2576171875,0.9103515625,0.028884765625,0.6207421875,84.976,11.508311083734226,13.8,2.4
1769,0.03748046875,0.33906250000000004,0.33203125,1.3080078125,0.18613281250000002,0.028884765625,0.6207421875,91.1,10.15579637448487,13.2,2.6381811916545836
1770,0.03748046875,0.33906250000000004,0.33203125,1.3080078125,0.9103515625,0.028771484375,0.6207421875,91.172,10.132824680216274,13.2,2.6381811916545836
1771,0.03748046875,0.33906250000000004,0.33203125,1.3080078125,0.9103515625,0.028884765625,0.6617578125,89.682,10.669043818449712,15.2,1.1661903789690602
1772,0.058808593750000006,0.2390625,0.11171875,2.2576171875,0.18613281250000002,0.028771484375,0.6617578125,86.784,11.06329896549849,15.2,1.1661903789690602
1773,0.07248046875,0.7390625,0.13203125000000002,2.1580078125,0.4603515625,0.014384765625,0.6907421874999999,83.59,11.632485546949974,16.2,1.5999999999999999
1774,0.023808593750000002,0.7390625,0.13203125000000002,2.1580078125,0.4603515625,0.014384765625,0.6907421874999999,20.0,40.0,1.8,5.6
1775,0.07248046875,0.6390625000000001,0.13203125000000002,2.1580078125,0.4603515625,0.014384765625,0.6907421874999999,83.59,11.632485546949974,16.2,1.5999999999999999
1776,0.07248046875,0.7390625,0.31171875000000004,2.1580078125,0.4603515625,0.014384765625,0.6907421874999999,89.41000000000001,10.781619544391278,16.0,1.5491933384829668
1777,0.07248046875,0.7390625,0.13203125000000002,1.4076171875,0.4603515625,0.014384765625,0.6907421874999999,91.47,10.183948153835034,16.0,1.5491933384829668
1778,0.07248046875,0.7390625,0.13203125000000002,2.1580078125,0.6361328125,0.014384765625,0.6907421874999999,83.59,11.632485546949974,16.2,1.5999999999999999
1779,0.07248046875,0.7390625,0.13203125000000002,2.1580078125,0.4603515625,0.014271484375,0.6907421874999999,83.46399999999998,11.741356991421393,16.2,1.5999999999999999
1780,0.07248046875,0.7390625,0.13203125000000002,2.1580078125,0.4603515625,0.014384765625,0.5917578124999999,83.852,11.637275282470549,13.0,4.0
1781,0.023808593750000002,0.6390625000000001,0.31171875000000004,1.4076171875,0.6361328125,0.014271484375,0.5917578124999999,85.38,11.362387073146204,15.4,1.2
1782,0.054980468750000004,0.5390625,0.43203125,0.8830078125,0.2353515625,0.007134765625,0.5857421875,95.04400000000001,9.912,12.8,4.4
1783,0.041308593750000004,0.5390625,0.43203125,0.8830078125,0.2353515625,0.007134765625,0.5857421875,84.636,11.555169579023929,13.0,4.0
1784,0.054980468750000004,0.8390625,0.43203125,0.8830078125,0.2353515625,0.007134765625,0.5857421875,95.04400000000001,9.912,12.6,4.800000000000001
1785,0.054980468750000004,0.5390625,0.41171875,0.8830078125,0.2353515625,0.007134765625,0.5857421875,95.04400000000001,9.912,12.8,4.4
1786,0.054980468750000004,0.5390625,0.43203125,0.9826171875,0.2353515625,0.007134765625,0.5857421875,95.022,9.901091656984093,12.8,4.4
1787,0.054980468750000004,0.5390625,0.43203125,0.8830078125,0.8611328125,0.007134765625,0.5857421875,95.04400000000001,9.912,12.8,4.4
1788,0.054980468750000004,0.5390625,0.43203125,0.8830078125,0.2353515625,0.021521484375,0.5857421875,88.89999999999999,11.398668343275896,10.8,3.9191835884530852
1789,0.054980468750000004,0.5390625,0.43203125,0.8830078125,0.2353515625,0.007134765625,0.6967578125,79.124,19.77025503123316,16.8,1.9390719429665315
1790,0.041308593750000004,0.8390625,0.41171875,0.9826171875,0.8611328125,0.021521484375,0.6967578125,82.46000000000001,12.30747252688382,16.0,1.5491933384829668
1791,0.01998046875,0.9390625000000001,0.23203125000000002,1.7330078125,0.6853515625,0.021634765625,0.6557421875,62.02399999999999,23.498865164088244,17.6,2.3323807579381204
1792,0.07630859375,0.9390625000000001,0.23203125000000002,1.7330078125,0.6853515625,0.021634765625,0.6557421875,90.47999999999999,10.177538012702286,13.8,3.4292856398964493
1793,0.01998046875,0.4390625,0.23203125000000002,1.7330078125,0.6853515625,0.021634765625,0.6557421875,62.02399999999999,23.498865164088244,17.6,2.3323807579381204
1794,0.01998046875,0.9390625000000001,0.21171875,1.7330078125,0.6853515625,0.021634765625,0.6557421875,60.089999999999996,23.892159383362568,17.6,2.3323807579381204
1795,0.01998046875,0.9390625000000001,0.23203125000000002,1.8326171875,0.6853515625,0.021634765625,0.6557421875,57.955999999999996,23.699909366915307,17.6,2.3323807579381204
1796,0.01998046875,0.9390625000000001,0.23203125000000002,1.7330078125,0.4111328125,0.021634765625,0.6557421875,62.02199999999999,23.49938756648777,17.6,2.3323807579381204
1797,0.01998046875,0.9390625000000001,0.23203125000000002,1.7330078125,0.6853515625,0.007021484375,0.6557421875,20.0,40.0,1.8,5.6
1798,0.01998046875,0.9390625000000001,0.23203125000000002,1.7330078125,0.6853515625,0.021634765625,0.6267578125,80.202,17.240884432070185,16.2,1.5999999999999999
1799,0.07630859375,0.4390625,0.21171875,1.8326171875,0.4111328125,0.007021484375,0.6267578125,88.19800000000001,10.734474183675692,14.4,3.2000000000000006
1800,0.02435546875,0.2890625,0.40703125000000007,2.2642578125,0.1791015625,0.019822265625000002,0.6294921874999999,80.84599999999999,16.482942213088048,16.2,1.5999999999999999
1801,0.05443359375000001,0.2890625,0.40703125000000007,2.2642578125,0.1791015625,0.019822265625000002,0.6294921874999999,92.376,9.97513027483852,15.2,1.1661903789690602
1802,0.02435546875,0.2890625,0.40703125000000007,2.2642578125,0.1791015625,0.019822265625000002,0.6294921874999999,80.84599999999999,16.482942213088048,16.2,1.5999999999999999
1803,0.02435546875,0.2890625,0.48671875,2.2642578125,0.1791015625,0.019822265625000002,0.6294921874999999,81.448,13.82622782974445,16.0,1.5491933384829668
1804,0.02435546875,0.2890625,0.40703125000000007,1.7263671875000002,0.1791015625,0.019822265625000002,0.6294921874999999,84.096,11.651025019284782,16.0,1.5491933384829668
1805,0.02435546875,0.2890625,0.40703125000000007,2.2642578125,0.4673828125,0.019822265625000002,0.6294921874999999,80.95199999999998,16.50103075568311,16.2,1.5999999999999999
1806,0.02435546875,0.2890625,0.40703125000000007,2.2642578125,0.1791015625,0.016083984375000002,0.6294921874999999,75.542,23.66945745047824,16.8,1.9390719429665315
1807,0.02435546875,0.2890625,0.40703125000000007,2.2642578125,0.1791015625,0.019822265625000002,0.6880078125,30.116000000000003,37.3832998008469,6.0,8.717797887081348
1808,0.05443359375000001,0.2890625,0.48671875,1.7263671875000002,0.4673828125,0.016083984375000002,0.6880078125,84.28600000000002,11.443456820384304,16.0,1.5491933384829668
1809,0.05935546875000001,0.6890625,0.20703125,1.4142578125,0.6291015625,0.005322265625,0.6994921875,76.88799999999999,23.63869319569083,17.0,2.0
1810,0.01943359375,0.6890625,0.20703125,1.4142578125,0.6291015625,0.005322265625,0.6994921875,20.0,40.0,2.0,6.0
1811,0.05935546875000001,0.6890625,0.20703125,1.4142578125,0.6291015625,0.005322265625,0.6994921875,76.88799999999999,23.63869319569083,17.0,2.0
1812,0.05935546875000001,0.6890625,0.28671875,1.4142578125,0.6291015625,0.005322265625,0.6994921875,75.296,23.485614831211038,17.0,2.0
1813,0.05935546875000001,0.6890625,0.20703125,0.8763671875000001,0.6291015625,0.005322265625,0.6994921875,73.592,23.63832599825969,16.8,1.9390719429665315
1814,0.05935546875000001,0.6890625,0.20703125,1.4142578125,0.9173828125,0.005322265625,0.6994921875,76.88799999999999,23.63869319569083,17.0,2.0
1815,0.05935546875000001,0.6890625,0.20703125,1.4142578125,0.6291015625,0.030583984375,0.6994921875,83.58399999999999,11.61765656231927,15.4,1.2
1816,0.05935546875000001,0.6890625,0.20703125,1.4142578125,0.6291015625,0.005322265625,0.6180078124999999,88.152,10.417810518530274,14.6,2.8000000000000003
1817,0.01943359375,0.6890625,0.28671875,0.8763671875000001,0.9173828125,0.030583984375,0.6180078124999999,86.38,11.158170100872276,12.8,2.4
1818,0.07685546875,0.4890625,0.30703125,1.8392578125,0.8541015625,0.012572265625000002,0.5944921875,95.03800000000001,9.909006811986758,13.0,4.0
1819,0.03693359375,0.4890625,0.30703125,1.8392578125,0.8541015625,0.012572265625000002,0.5944921875,83.424,11.630113670983617,14.8,2.4
1820,0.07685546875,0.8890625000000001,0.30703125,1.8392578125,0.8541015625,0.012572265625000002,0.5944921875,95.03800000000001,9.909006811986758,12.8,4.4
1821,0.07685546875,0.4890625,0.18671875000000002,1.8392578125,0.8541015625,0.012572265625000002,0.5944921875,87.54799999999999,10.75838909874522,13.0,4.0
1822,0.07685546875,0.4890625,0.30703125,1.3013671875,0.8541015625,0.012572265625000002,0.5944921875,94.668,9.7512222823603,12.8,4.4
1823,0.07685546875,0.4890625,0.30703125,1.8392578125,0.6923828125,0.012572265625000002,0.5944921875,95.03800000000001,9.909006811986758,13.0,4.0
1824,0.07685546875,0.4890625,0.30703125,1.8392578125,0.8541015625,0.008833984375,0.5944921875,83.404,11.586444838689735,13.0,4.0
1825,0.07685546875,0.4890625,0.30703125,1.8392578125,0.8541015625,0.012572265625000002,0.6530078125,89.36600000000001,10.634046454666255,14.4,3.2000000000000006
1826,0.03693359375,0.8890625000000001,0.18671875000000002,1.3013671875,0.6923828125,0.008833984375,0.6530078125,76.158,23.176582491817037,17.2,2.1354156504062622
1827,0.041855468750000006,0.8890625000000001,0.10703125000000001,0.9892578125,0.40410156250000007,0.027072265625,0.6644921874999999,84.08200000000001,11.613807988769231,15.4,1.2
1828,0.07193359375000001,0.8890625000000001,0.10703125000000001,0.9892578125,0.40410156250000007,0.027072265625,0.6644921874999999,85.366,11.216772441304137,13.4,3.2000000000000006
1829,0.041855468750000006,0.4890625,0.10703125000000001,0.9892578125,0.40410156250000007,0.027072265625,0.6644921874999999,84.08200000000001,11.613807988769231,15.4,1.2
1830,0.041855468750000006,0.8890625000000001,0.38671875,0.9892578125,0.40410156250000007,0.027072265625,0.6644921874999999,90.896,10.11799308163432,14.4,2.244994432064365
1831,0.041855468750000006,0.8890625000000001,0.10703125000000001,2.1513671875,0.40410156250000007,0.027072265625,0.6644921874999999,85.064,11.79392487681688,16.0,1.5491933384829668
1832,0.041855468750000006,0.8890625000000001,0.10703125000000001,0.9892578125,0.24238281250000002,0.027072265625,0.6644921874999999,84.08200000000001,11.613807988769231,15.4,1.2
1833,0.041855468750000006,0.8890625000000001,0.10703125000000001,0.9892578125,0.40410156250000007,0.023333984375000002,0.6644921874999999,90.12199999999999,10.050280394098465,15.4,1.2
1834,0.041855468750000006,0.8890625000000001,0.10703125000000001,0.9892578125,0.40410156250000007,0.027072265625,0.5830078125,92.696,9.877243745094074,11.8,3.9191835884530852
1835,0.07193359375000001,0.4890625,0.38671875,2.1513671875,0.24238281250000002,0.023333984375000002,0.5830078125,86.93199999999999,10.52157668793038,12.0,4.0
1836,0.033105468750000006,0.5890625,0.25703125000000004,1.2017578125,0.5166015625,0.023447265625,0.6119921875,83.844,11.627501193291703,13.6,2.8000000000000003
1837,0.02818359375,0.5890625,0.25703125000000004,1.2017578125,0.5166015625,0.023447265625,0.6119921875,85.988,11.073511457527825,13.8,2.4
1838,0.033105468750000006,0.9890625,0.25703125000000004,1.2017578125,0.5166015625,0.023447265625,0.6119921875,83.844,11.627501193291703,13.4,3.2000000000000006
1839,0.033105468750000006,0.5890625,0.23671875,1.2017578125,0.5166015625,0.023447265625,0.6119921875,83.702,11.522012671404246,13.6,2.8000000000000003
1840,0.033105468750000006,0.5890625,0.25703125000000004,1.5138671875,0.5166015625,0.023447265625,0.6119921875,87.15400000000001,10.770143174535797,13.8,2.4
1841,0.033105468750000006,0.5890625,0.25703125000000004,1.2017578125,0.1298828125,0.023447265625,0.6119921875,83.874,11.629090420148946,14.6,0.7999999999999999
1842,0.033105468750000006,0.5890625,0.25703125000000004,1.2017578125,0.5166015625,0.005208984375,0.6119921875,77.676,20.27493585686525,16.8,1.9390719429665315
1843,0.033105468750000006,0.5890625,0.25703125000000004,1.2017578125,0.5166015625,0.023447265625,0.6355078125,87.6,10.789889712133295,15.2,1.1661903789690602
1844,0.02818359375,0.9890625,0.23671875,1.5138671875,0.1298828125,0.005208984375,0.6355078125,32.886,35.83872687470915,5.8,8.541662601625049
1845,0.06810546875000001,0.9890625,0.45703125,2.0517578125,0.9666015625,0.008947265625,0.6819921875,84.332,11.408465979262942,16.0,1.5491933384829668
1846,0.06318359375,0.9890625,0.45703125,2.0517578125,0.9666015625,0.008947265625,0.6819921875,81.614,13.878055483388154,16.2,1.5999999999999999
1847,0.06810546875000001,0.5890625,0.45703125,2.0517578125,0.9666015625,0.008947265625,0.6819921875,84.332,11.408465979262942,16.0,1.5491933384829668
1848,0.06810546875000001,0.9890625,0.43671875000000004,2.0517578125,0.9666015625,0.008947265625,0.6819921875,83.77,11.668173807413053,16.2,1.5999999999999999
1849,0.06810546875000001,0.9890625,0.45703125,2.3638671875,0.9666015625,0.008947265625,0.6819921875,82.60999999999999,12.024162340886788,16.2,1.5999999999999999
1850,0.06810546875000001,0.9890625,0.45703125,2.0517578125,0.5798828125000001,0.008947265625,0.6819921875,84.332,11.408465979262942,16.0,1.5491933384829668
1851,0.06810546875000001,0.9890625,0.45703125,2.0517578125,0.9666015625,0.019708984375,0.6819921875,84.112,11.58584895465153,14.8,2.4
1852,0.06810546875000001,0.9890625,0.45703125,2.0517578125,0.9666015625,0.008947265625,0.7055078124999999,81.76000000000002,17.941480429440595,16.2,1.5999999999999999
1853,0.06318359375,0.5890625,0.43671875000000004,2.3638671875,0.5798828125000001,0.019708984375,0.7055078124999999,83.47999999999999,11.566601921048376,16.0,1.5491933384829668
1854,0.05060546875000001,0.38906250000000003,0.15703125,1.6267578125000002,0.7416015625,0.016197265625000002,0.6469921875,91.182,9.930030010025146,16.0,1.5491933384829668
1855,0.04568359375000001,0.38906250000000003,0.15703125,1.6267578125000002,0.7416015625,0.016197265625000002,0.6469921875,85.606,11.37622890065069,16.0,1.5491933384829668
1856,0.05060546875000001,0.38906250000000003,0.15703125,1.6267578125000002,0.7416015625,0.016197265625000002,0.6469921875,91.182,9.930030010025146,16.0,1.5491933384829668
1857,0.05060546875000001,0.38906250000000003,0.33671875,1.6267578125000002,0.7416015625,0.016197265625000002,0.6469921875,86.874,10.860612505747548,15.4,1.2
1858,0.05060546875000001,0.38906250000000003,0.15703125,1.9388671875,0.7416015625,0.016197265625000002,0.6469921875,88.208,11.053096217802503,16.0,1.5491933384829668
1859,0.05060546875000001,0.38906250000000003,0.15703125,1.6267578125000002,0.8048828125,0.016197265625000002,0.6469921875,91.182,9.930030010025146,16.0,1.5491933384829668
1860,0.05060546875000001,0.38906250000000003,0.15703125,1.6267578125000002,0.7416015625,0.012458984375,0.6469921875,83.78399999999999,11.61208095045845,16.0,1.5491933384829668
1861,0.05060546875000001,0.38906250000000003,0.15703125,1.6267578125000002,0.7416015625,0.016197265625000002,0.6005078125,90.11,10.278213852610774,13.8,2.9257477676655586
1862,0.04568359375000001,0.38906250000000003,0.33671875,1.9388671875,0.8048828125,0.012458984375,0.6005078125,92.08200000000001,9.782793874962303,14.4,2.727636339397171
1863,0.01560546875,0.7890625,0.35703125,2.4767578125,0.2916015625,0.030697265625,0.7169921874999999,21.678,39.295581634580756,1.8,5.6
1864,0.01068359375,0.7890625,0.35703125,2.4767578125,0.2916015625,0.030697265625,0.7169921874999999,20.0,40.0,1.8,5.6
1865,0.01560546875,0.7890625,0.35703125,2.4767578125,0.2916015625,0.030697265625,0.7169921874999999,21.678,39.295581634580756,1.8,5.6
1866,0.01560546875,0.7890625,0.13671875,2.4767578125,0.2916015625,0.030697265625,0.7169921874999999,20.0,40.0,1.8,5.6
1867,0.01560546875,0.7890625,0.35703125,1.0888671875,0.2916015625,0.030697265625,0.7169921874999999,36.356,33.94301377308739,5.8,8.541662601625049
1868,0.01560546875,0.7890625,0.35703125,2.4767578125,0.3548828125,0.030697265625,0.7169921874999999,21.678,39.295581634580756,1.8,5.6
1869,0.01560546875,0.7890625,0.35703125,2.4767578125,0.2916015625,0.026958984375,0.7169921874999999,20.0,40.0,1.8,5.6
1870,0.01560546875,0.7890625,0.35703125,2.4767578125,0.2916015625,0.030697265625,0.6705078124999999,62.788,23.46161750604591,17.6,2.3323807579381204
1871,0.01068359375,0.7890625,0.13671875,1.0888671875,0.3548828125,0.026958984375,0.6705078124999999,32.745999999999995,36.428941571228776,5.8,8.541662601625049
1872,0.01779296875,0.3640625,0.21953125,0.8298828125000001,0.8259765625,0.009853515625,0.6688671875,20.0,40.0,2.0,6.0
1873,0.04787109375,0.3640625,0.21953125,0.8298828125000001,0.8259765625,0.009853515625,0.6688671875,81.736,17.239999535962866,16.2,1.5999999999999999
1874,0.01779296875,0.6640625,0.21953125,0.8298828125000001,0.8259765625,0.009853515625,0.6688671875,20.0,40.0,1.8,5.6
1875,0.01779296875,0.3640625,0.32421875,0.8298828125000001,0.8259765625,0.009853515625,0.6688671875,20.0,40.0,2.0,6.0
1876,0.01779296875,0.3640625,0.21953125,1.0357421875000001,0.8259765625,0.009853515625,0.6688671875,20.0,40.0,2.0,6.0
1877,0.01779296875,0.3640625,0.21953125,0.8298828125000001,0.1580078125,0.009853515625,0.6688671875,20.0,40.0,2.0,6.0
1878,0.01779296875,0.3640625,0.21953125,0.8298828125000001,0.8259765625,0.007927734375,0.6688671875,20.0,40.0,2.0,6.0
1879,0.01779296875,0.3640625,0.21953125,0.8298828125000001,0.8259765625,0.009853515625,0.6661328125,20.0,40.0,2.0,6.0
1880,0.04787109375,0.6640625,0.32421875,1.0357421875000001,0.1580078125,0.007927734375,0.6661328125,81.512,18.193575129698946,16.4,1.7435595774162693
1881,0.05279296875000001,0.7640625000000001,0.41953125,1.6798828125,0.3759765625,0.024353515625,0.5988671875,84.77000000000001,11.698663171491006,12.0,4.0
1882,0.01287109375,0.7640625000000001,0.41953125,1.6798828125,0.3759765625,0.024353515625,0.5988671875,85.85,11.220303026211015,14.2,1.1661903789690602
1883,0.05279296875000001,0.26406250000000003,0.41953125,1.6798828125,0.3759765625,0.024353515625,0.5988671875,84.77000000000001,11.698663171491006,12.2,3.6
1884,0.05279296875000001,0.7640625000000001,0.12421875,1.6798828125,0.3759765625,0.024353515625,0.5988671875,94.084,9.613460563189511,13.0,3.521363372331802
1885,0.05279296875000001,0.7640625000000001,0.41953125,1.8857421875,0.3759765625,0.024353515625,0.5988671875,88.30199999999999,10.579272942882229,12.2,3.6
1886,0.05279296875000001,0.7640625000000001,0.41953125,1.6798828125,0.6080078125,0.024353515625,0.5988671875,84.77000000000001,11.698663171491006,12.0,4.0
1887,0.05279296875000001,0.7640625000000001,0.41953125,1.6798828125,0.3759765625,0.022427734375,0.5988671875,89.44800000000001,10.545287857616787,12.2,3.6
1888,0.05279296875000001,0.7640625000000001,0.41953125,1.6798828125,0.3759765625,0.024353515625,0.5961328124999999,83.162,11.622556345314052,12.0,4.0
1889,0.01287109375,0.26406250000000003,0.12421875,1.8857421875,0.6080078125,0.022427734375,0.5961328124999999,83.16600000000001,13.502128128558107,16.0,1.5491933384829668
1890,0.07029296875,0.5640625,0.11953125,1.2548828125,0.15097656250000002,0.031603515625,0.7038671875,91.53,10.242150164882375,15.2,1.1661903789690602
1891,0.03037109375,0.5640625,0.11953125,1.2548828125,0.15097656250000002,0.031603515625,0.7038671875,75.34,20.003488695725054,16.8,1.9390719429665315
1892,0.07029296875,0.46406250000000004,0.11953125,1.2548828125,0.15097656250000002,0.031603515625,0.7038671875,91.53,10.242150164882375,15.2,1.1661903789690602
1893,0.07029296875,0.5640625,0.22421875000000002,1.2548828125,0.15097656250000002,0.031603515625,0.7038671875,92.674,9.966440889304463,15.2,1.1661903789690602
1894,0.07029296875,0.5640625,0.11953125,2.3107421875,0.15097656250000002,0.031603515625,0.7038671875,86.204,11.008786672472128,15.4,1.2
1895,0.07029296875,0.5640625,0.11953125,1.2548828125,0.8330078125,0.031603515625,0.7038671875,91.53,10.242150164882375,15.0,1.5491933384829668
1896,0.07029296875,0.5640625,0.11953125,1.2548828125,0.15097656250000002,0.015177734375000002,0.7038671875,84.05,11.737696537225693,16.0,1.5491933384829668
1897,0.07029296875,0.5640625,0.11953125,1.2548828125,0.15097656250000002,0.031603515625,0.7011328124999999,92.484,9.67907970831938,15.2,1.1661903789690602
1898,0.03037109375,0.46406250000000004,0.22421875000000002,2.3107421875,0.8330078125,0.015177734375000002,0.7011328124999999,21.714,39.28347214796574,2.0,6.0
1899,0.03529296875,0.9640625,0.31953125000000004,2.1048828125,0.6009765625,0.017103515625,0.6338671874999999,82.856,12.099878677077717,16.0,1.5491933384829668
1900,0.06537109375,0.9640625,0.31953125000000004,2.1048828125,0.6009765625,0.017103515625,0.6338671874999999,93.49199999999999,9.799676321185306,14.0,3.521363372331802
1901,0.03529296875,0.8640625,0.31953125000000004,2.1048828125,0.6009765625,0.017103515625,0.6338671874999999,82.856,12.099878677077717,16.0,1.5491933384829668
1902,0.03529296875,0.9640625,0.42421875,2.1048828125,0.6009765625,0.017103515625,0.6338671874999999,86.55000000000001,11.079196721784482,16.0,1.5491933384829668
1903,0.03529296875,0.9640625,0.31953125000000004,1.4607421875000002,0.6009765625,0.017103515625,0.6338671874999999,90.326,10.091647239177558,15.8,1.4696938456699067
1904,0.03529296875,0.9640625,0.31953125000000004,2.1048828125,0.38300781250000004,0.017103515625,0.6338671874999999,82.856,12.099878677077717,16.0,1.5491933384829668
1905,0.03529296875,0.9640625,0.31953125000000004,2.1048828125,0.6009765625,0.029677734375,0.6338671874999999,89.78,10.309876817886817,14.0,2.0
1906,0.03529296875,0.9640625,0.31953125000000004,2.1048828125,0.6009765625,0.017103515625,0.6311328125,83.4,11.649516728173749,16.0,1.5491933384829668
1907,0.06537109375,0.8640625,0.42421875,1.4607421875000002,0.38300781250000004,0.029677734375,0.6311328125,86.876,10.80671939119361,12.2,3.6
1908,0.04404296875000001,0.46406250000000004,0.46953125000000007,2.3173828125,0.7134765625,0.006228515625,0.6863671874999999,49.38799999999999,26.8762336647083,17.6,2.3323807579381204
1909,0.03912109375,0.46406250000000004,0.46953125000000007,2.3173828125,0.7134765625,0.006228515625,0.6863671874999999,30.851999999999993,36.72207368872297,5.8,8.541662601625049
1910,0.04404296875000001,0.5640625,0.46953125000000007,2.3173828125,0.7134765625,0.006228515625,0.6863671874999999,49.38799999999999,26.8762336647083,17.6,2.3323807579381204
1911,0.04404296875000001,0.46406250000000004,0.17421875,2.3173828125,0.7134765625,0.006228515625,0.6863671874999999,30.392000000000003,36.653942434614045,6.0,8.717797887081348
1912,0.04404296875000001,0.46406250000000004,0.46953125000000007,2.0982421875,0.7134765625,0.006228515625,0.6863671874999999,56.812,24.346299431330422,17.6,2.3323807579381204
1913,0.04404296875000001,0.46406250000000004,0.46953125000000007,2.3173828125,0.4955078125,0.006228515625,0.6863671874999999,49.38799999999999,26.8762336647083,17.6,2.3323807579381204
1914,0.04404296875000001,0.46406250000000004,0.46953125000000007,2.3173828125,0.7134765625,0.011552734375000002,0.6863671874999999,74.498,22.351804759347733,17.4,2.244994432064365
1915,0.04404296875000001,0.46406250000000004,0.46953125000000007,2.3173828125,0.7134765625,0.006228515625,0.6136328125,83.514,11.628610579084674,16.2,1.5999999999999999
1916,0.03912109375,0.5640625,0.17421875,2.0982421875,0.4955078125,0.011552734375000002,0.6136328125,81.852,13.833977591423226,16.2,1.5999999999999999
1917,0.07904296875,0.8640625,0.26953125,1.4673828125,0.2634765625,0.020728515625,0.6163671875,94.208,9.631038157955768,12.6,4.317406628984581
1918,0.07412109375,0.8640625,0.26953125,1.4673828125,0.2634765625,0.020728515625,0.6163671875,94.436,9.679871073521587,13.0,4.0
1919,0.07904296875,0.9640625,0.26953125,1.4673828125,0.2634765625,0.020728515625,0.6163671875,94.208,9.631038157955768,12.6,4.317406628984581
1920,0.07904296875,0.8640625,0.37421875000000004,1.4673828125,0.2634765625,0.020728515625,0.6163671875,93.242,9.91297614241051,12.6,4.317406628984581
1921,0.07904296875,0.8640625,0.26953125,1.2482421875,0.2634765625,0.020728515625,0.6163671875,93.834,9.67441078309165,12.6,4.317406628984581
1922,0.07904296875,0.8640625,0.26953125,1.4673828125,0.9455078125,0.020728515625,0.6163671875,94.208,9.631038157955768,12.6,4.317406628984581
1923,0.07904296875,0.8640625,0.26953125,1.4673828125,0.2634765625,0.026052734375,0.6163671875,88.75000000000001,10.389427318192274,12.0,4.0
1924,0.07904296875,0.8640625,0.26953125,1.4673828125,0.2634765625,0.020728515625,0.6836328125,93.26,9.467487523097136,15.2,1.1661903789690602
1925,0.07412109375,0.9640625,0.37421875000000004,1.2482421875,0.9455078125,0.026052734375,0.6836328125,88.54599999999999,10.462054482748597,13.4,3.2000000000000006
1926,0.06154296875000001,0.26406250000000003,0.36953125,1.8923828125,0.48847656250000004,0.027978515625000002,0.6513671875,83.548,11.562386258900021,13.6,2.8000000000000003
1927,0.056621093750000004,0.26406250000000003,0.36953125,1.8923828125,0.48847656250000004,0.027978515625000002,0.6513671875,86.04599999999999,10.973660464949697,13.8,2.4
1928,0.06154296875000001,0.7640625000000001,0.36953125,1.8923828125,0.48847656250000004,0.027978515625000002,0.6513671875,83.548,11.562386258900021,13.4,3.2000000000000006
1929,0.06154296875000001,0.26406250000000003,0.47421875,1.8923828125,0.48847656250000004,0.027978515625000002,0.6513671875,88.75399999999999,10.415871735001348,13.6,2.8000000000000003
1930,0.06154296875000001,0.26406250000000003,0.36953125,0.8232421875,0.48847656250000004,0.027978515625000002,0.6513671875,93.63,9.778153199863462,13.2,3.1240998703626617
1931,0.06154296875000001,0.26406250000000003,0.36953125,1.8923828125,0.7205078125,0.027978515625000002,0.6513671875,83.548,11.562386258900021,13.6,2.8000000000000003
1932,0.06154296875000001,0.26406250000000003,0.36953125,1.8923828125,0.48847656250000004,0.004302734375000001,0.6513671875,83.316,11.662223801659787,16.2,1.5999999999999999
1933,0.06154296875000001,0.26406250000000003,0.36953125,1.8923828125,0.48847656250000004,0.027978515625000002,0.6486328124999999,83.708,11.521887692561492,13.6,2.8000000000000003
1934,0.056621093750000004,0.7640625000000001,0.47421875,0.8232421875,0.7205078125,0.004302734375000001,0.6486328124999999,90.806,10.0297968075131,15.0,3.03315017762062
1935,0.02654296875,0.6640625,0.16953125000000002,1.0423828125,0.9384765625,0.013478515625,0.5813671874999999,92.248,9.956427873489572,14.2,3.1240998703626617
1936,0.02162109375,0.6640625,0.16953125000000002,1.0423828125,0.9384765625,0.013478515625,0.5813671874999999,84.27000000000001,11.526114696635636,14.8,2.4
1937,0.02654296875,0.3640625,0.16953125000000002,1.0423828125,0.9384765625,0.013478515625,0.5813671874999999,92.248,9.956427873489572,14.4,2.727636339397171
1938,0.02654296875,0.6640625,0.27421875,1.0423828125,0.9384765625,0.013478515625,0.5813671874999999,88.86800000000001,10.634832203659823,13.4,3.2000000000000006
1939,0.02654296875,0.6640625,0.16953125000000002,1.6732421875,0.9384765625,0.013478515625,0.5813671874999999,88.794,10.374548857661233,15.4,1.2
1940,0.02654296875,0.6640625,0.16953125000000002,1.0423828125,0.2705078125,0.013478515625,0.5813671874999999,92.248,9.956427873489572,14.4,2.727636339397171
1941,0.02654296875,0.6640625,0.16953125000000002,1.0423828125,0.9384765625,0.018802734375,0.5813671874999999,91.25399999999999,10.041258088506641,13.4,3.2000000000000006
1942,0.02654296875,0.6640625,0.16953125000000002,1.0423828125,0.9384765625,0.013478515625,0.7186328125,20.0,40.0,1.8,5.6
1943,0.02162109375,0.3640625,0.27421875,1.6732421875,0.2705078125,0.018802734375,0.7186328125,20.0,40.0,2.0,6.0
1944,0.022167968750000003,0.5140625000000001,0.39453125,1.5736328125,0.4322265625,0.015291015625000001,0.6951171875,20.774,39.64134589037058,1.8,5.6
1945,0.043496093750000006,0.5140625000000001,0.39453125,1.5736328125,0.4322265625,0.015291015625000001,0.6951171875,74.67,23.64608551113693,16.8,1.9390719429665315
1946,0.022167968750000003,0.5140625000000001,0.39453125,1.5736328125,0.4322265625,0.015291015625000001,0.6951171875,20.774,39.64134589037058,1.8,5.6
1947,0.022167968750000003,0.5140625000000001,0.44921875,1.5736328125,0.4322265625,0.015291015625000001,0.6951171875,21.726,39.27946415113118,1.8,5.6
1948,0.022167968750000003,0.5140625000000001,0.39453125,1.7794921875,0.4322265625,0.015291015625000001,0.6951171875,20.0,40.0,1.8,5.6
1949,0.022167968750000003,0.5140625000000001,0.39453125,1.5736328125,0.1017578125,0.015291015625000001,0.6951171875,20.774,39.64134589037058,1.8,5.6
1950,0.022167968750000003,0.5140625000000001,0.39453125,1.5736328125,0.4322265625,0.027865234375,0.6951171875,73.268,23.311606894420645,17.0,2.0976176963403033
1951,0.022167968750000003,0.5140625000000001,0.39453125,1.5736328125,0.4322265625,0.015291015625000001,0.6398828125,75.88399999999999,23.05426173183605,17.2,2.1354156504062622
1952,0.043496093750000006,0.5140625000000001,0.44921875,1.7794921875,0.1017578125,0.027865234375,0.6398828125,83.386,11.541909027539596,14.6,0.7999999999999999
1953,0.057167968750000006,0.9140625,0.19453125000000002,2.4236328125,0.8822265625,0.029791015625,0.6251171875,84.15,11.553190035656817,13.4,3.2000000000000006
1954,0.07849609375,0.9140625,0.19453125000000002,2.4236328125,0.8822265625,0.029791015625,0.6251171875,94.272,9.642593841907892,13.0,4.0
1955,0.057167968750000006,0.9140625,0.19453125000000002,2.4236328125,0.8822265625,0.029791015625,0.6251171875,84.15,11.553190035656817,13.4,3.2000000000000006
1956,0.057167968750000006,0.9140625,0.24921875000000002,2.4236328125,0.8822265625,0.029791015625,0.6251171875,88.04400000000001,10.687288898499938,13.4,3.2000000000000006
1957,0.057167968750000006,0.9140625,0.19453125000000002,0.9294921875000001,0.8822265625,0.029791015625,0.6251171875,87.812,10.844490582779809,12.2,3.6
1958,0.057167968750000006,0.9140625,0.19453125000000002,2.4236328125,0.5517578125,0.029791015625,0.6251171875,84.15,11.553190035656817,13.4,3.2000000000000006
1959,0.057167968750000006,0.9140625,0.19453125000000002,2.4236328125,0.8822265625,0.013365234375,0.6251171875,89.41400000000002,10.265188941271369,15.2,1.5999999999999999
1960,0.057167968750000006,0.9140625,0.19453125000000002,2.4236328125,0.8822265625,0.029791015625,0.7098828125,83.85,11.733642230782392,16.0,1.5491933384829668
1961,0.07849609375,0.9140625,0.24921875000000002,0.9294921875000001,0.5517578125,0.013365234375,0.7098828125,91.66399999999999,10.031958133883931,16.0,1.5491933384829668
1962,0.07466796875000001,0.3140625,0.49453125,1.1486328125,0.6572265625,0.022541015625,0.6601171874999999,93.33000000000001,9.636690303210953,13.2,3.6
1963,0.06099609375000001,0.3140625,0.49453125,1.1486328125,0.6572265625,0.022541015625,0.6601171874999999,84.646,11.537049189459148,13.6,2.8000000000000003
1964,0.07466796875000001,0.7140625,0.49453125,1.1486328125,0.6572265625,0.022541015625,0.6601171874999999,93.33000000000001,9.636690303210953,13.2,3.6
1965,0.07466796875000001,0.3140625,0.14921875,1.1486328125,0.6572265625,0.022541015625,0.6601171874999999,89.174,10.386295971134272,13.6,2.8000000000000003
1966,0.07466796875000001,0.3140625,0.49453125,1.3544921875,0.6572265625,0.022541015625,0.6601171874999999,87.982,10.425484928769501,13.4,3.2000000000000006
1967,0.07466796875000001,0.3140625,0.49453125,1.1486328125,0.7767578125,0.022541015625,0.6601171874999999,93.33000000000001,9.636690303210953,13.2,3.6
1968,0.07466796875000001,0.3140625,0.49453125,1.1486328125,0.6572265625,0.020615234375,0.6601171874999999,86.054,10.801771336220735,13.2,3.6
1969,0.07466796875000001,0.3140625,0.49453125,1.1486328125,0.6572265625,0.022541015625,0.6048828125,95.03999999999999,9.919999999999998,12.0,4.0
1970,0.06099609375000001,0.7140625,0.14921875,1.3544921875,0.7767578125,0.020615234375,0.6048828125,94.69800000000001,9.76202110221034,13.0,4.0
1971,0.039667968750000004,0.7140625,0.29453125,1.9986328125,0.2072265625,0.008041015625,0.5901171875,90.736,10.080880120306956,15.8,1.4696938456699067
1972,0.025996093750000004,0.7140625,0.29453125,1.9986328125,0.2072265625,0.008041015625,0.5901171875,74.53799999999998,21.7999636696945,16.8,1.9390719429665315
1973,0.039667968750000004,0.3140625,0.29453125,1.9986328125,0.2072265625,0.008041015625,0.5901171875,90.736,10.080880120306956,15.8,1.4696938456699067
1974,0.039667968750000004,0.7140625,0.34921875,1.9986328125,0.2072265625,0.008041015625,0.5901171875,88.792,10.312507745451637,15.4,1.2
1975,0.039667968750000004,0.7140625,0.29453125,2.2044921875,0.2072265625,0.008041015625,0.5901171875,91.78399999999999,9.996264502302848,16.0,1.5491933384829668
1976,0.039667968750000004,0.7140625,0.29453125,1.9986328125,0.3267578125,0.008041015625,0.5901171875,90.736,10.080880120306956,15.8,1.4696938456699067
1977,0.039667968750000004,0.7140625,0.29453125,1.9986328125,0.2072265625,0.0061152343750000004,0.5901171875,90.598,10.387714666855265,16.0,1.5491933384829668
1978,0.039667968750000004,0.7140625,0.29453125,1.9986328125,0.2072265625,0.008041015625,0.6748828124999999,46.65399999999999,27.93135915060347,13.6,7.631513611335566
1979,0.025996093750000004,0.3140625,0.34921875,2.2044921875,0.3267578125,0.0061152343750000004,0.6748828124999999,20.0,40.0,2.0,6.0
1980,0.030917968750000004,0.21406250000000002,0.14453125,1.7861328125,0.3197265625,0.011666015625000001,0.6776171875,24.898,38.7278434204643,6.0,8.717797887081348
1981,0.05224609375000001,0.21406250000000002,0.14453125,1.7861328125,0.3197265625,0.011666015625000001,0.6776171875,73.554,22.22784703924336,17.0,1.5491933384829668
1982,0.030917968750000004,0.6140625,0.14453125,1.7861328125,0.3197265625,0.011666015625000001,0.6776171875,24.898,38.7278434204643,5.8,8.541662601625049
1983,0.030917968750000004,0.21406250000000002,0.29921875,1.7861328125,0.3197265625,0.011666015625000001,0.6776171875,32.466,36.600513985462,6.0,8.717797887081348
1984,0.030917968750000004,0.21406250000000002,0.14453125,1.5669921875,0.3197265625,0.011666015625000001,0.6776171875,26.72,38.23857581029921,6.0,8.717797887081348
1985,0.030917968750000004,0.21406250000000002,0.14453125,1.7861328125,0.43925781250000007,0.011666015625000001,0.6776171875,24.898,38.7278434204643,6.0,8.717797887081348
1986,0.030917968750000004,0.21406250000000002,0.14453125,1.7861328125,0.3197265625,0.024240234375,0.6776171875,76.03799999999998,23.58256254099626,17.0,1.5491933384829668
1987,0.030917968750000004,0.21406250000000002,0.14453125,1.7861328125,0.3197265625,0.011666015625000001,0.6923828125,21.59,39.32572186241468,2.0,6.0
1988,0.05224609375000001,0.6140625,0.29921875,1.5669921875,0.43925781250000007,0.024240234375,0.6923828125,89.984,10.208248821418884,16.0,1.5491933384829668
1989,0.06591796875,0.6140625,0.34453125,0.9361328125,0.7697265625,0.026166015625,0.6076171874999999,94.63199999999999,9.748071398999906,12.0,4.0
1990,0.01724609375,0.6140625,0.34453125,0.9361328125,0.7697265625,0.026166015625,0.6076171874999999,88.826,10.5593836941367,12.8,2.4
1991,0.06591796875,0.21406250000000002,0.34453125,0.9361328125,0.7697265625,0.026166015625,0.6076171874999999,94.63199999999999,9.748071398999906,12.2,3.6
1992,0.06591796875,0.6140625,0.49921875000000004,0.9361328125,0.7697265625,0.026166015625,0.6076171874999999,91.06,10.861136220488167,11.2,4.166533331199932
1993,0.06591796875,0.6140625,0.34453125,2.4169921875,0.7697265625,0.026166015625,0.6076171874999999,93.68199999999999,9.795024042849514,13.0,3.521363372331802
1994,0.06591796875,0.6140625,0.34453125,0.9361328125,0.8892578125,0.026166015625,0.6076171874999999,94.63199999999999,9.748071398999906,12.0,4.0
1995,0.06591796875,0.6140625,0.34453125,0.9361328125,0.7697265625,0.009740234375,0.6076171874999999,86.75399999999999,10.657047621175389,13.0,4.0
1996,0.06591796875,0.6140625,0.34453125,0.9361328125,0.7697265625,0.026166015625,0.6223828124999999,84.764,11.636285661670565,12.2,3.6
1997,0.01724609375,0.21406250000000002,0.49921875000000004,2.4169921875,0.8892578125,0.009740234375,0.6223828124999999,23.21,38.89494054501176,2.0,6.0
1998,0.048417968750000005,0.4140625,0.24453125,2.2111328125,0.9947265625,0.018916015625,0.7126171875,76.264,23.234975876897312,17.2,2.1354156504062622
1999,0.034746093750000005,0.4140625,0.24453125,2.2111328125,0.9947265625,0.018916015625,0.7126171875,33.05,36.51695879998771,6.0,8.717797887081348
2000,0.048417968750000005,0.4140625,0.24453125,2.2111328125,0.9947265625,0.018916015625,0.7126171875,76.264,23.234975876897312,17.2,2.1354156504062622
2001,0.048417968750000005,0.4140625,0.39921875000000007,2.2111328125,0.9947265625,0.018916015625,0.7126171875,75.484,23.560132936806617,16.8,1.9390719429665315
2002,0.048417968750000005,0.4140625,0.24453125,1.9919921875,0.9947265625,0.018916015625,0.7126171875,76.908,23.66264347024651,17.0,2.0
2003,0.048417968750000005,0.4140625,0.24453125,2.2111328125,0.6642578125,0.018916015625,0.7126171875,76.25,23.239290866977846,17.2,2.1354156504062622
2004,0.048417968750000005,0.4140625,0.24453125,2.2111328125,0.9947265625,0.031490234375,0.7126171875,82.61600000000001,12.604438265944262,16.0,1.5491933384829668
2005,0.048417968750000005,0.4140625,0.24453125,2.2111328125,0.9947265625,0.018916015625,0.6573828125,84.888,11.460693521772578,16.0,1.5491933384829668
2006,0.034746093750000005,0.4140625,0.39921875000000007,1.9919921875,0.6642578125,0.031490234375,0.6573828125,88.198,10.964344759264005,15.2,1.1661903789690602
2007,0.01341796875,0.8140625000000001,0.44453125000000004,1.3611328125000002,0.5447265625000001,0.004416015625,0.6426171875,20.0,40.0,1.8,5.6
2008,0.06974609375,0.8140625000000001,0.44453125000000004,1.3611328125000002,0.5447265625000001,0.004416015625,0.6426171875,83.958,11.802286897038218,14.2,3.6
2009,0.01341796875,0.8140625000000001,0.44453125000000004,1.3611328125000002,0.5447265625000001,0.004416015625,0.6426171875,20.0,40.0,1.8,5.6
2010,0.01341796875,0.8140625000000001,0.19921875,1.3611328125000002,0.5447265625000001,0.004416015625,0.6426171875,20.0,40.0,1.8,5.6
2011,0.01341796875,0.8140625000000001,0.44453125000000004,1.1419921875,0.5447265625000001,0.004416015625,0.6426171875,20.0,40.0,1.8,5.6
2012,0.01341796875,0.8140625000000001,0.44453125000000004,1.3611328125000002,0.2142578125,0.004416015625,0.6426171875,20.0,40.0,1.8,5.6
2013,0.01341796875,0.8140625000000001,0.44453125000000004,1.3611328125000002,0.5447265625000001,0.016990234375,0.6426171875,41.028000000000006,30.907304897062765,13.6,7.631513611335566
2014,0.01341796875,0.8140625000000001,0.44453125000000004,1.3611328125000002,0.5447265625000001,0.004416015625,0.5873828124999999,30.965999999999998,37.60923695051523,5.8,8.541662601625049
2015,0.06974609375,0.8140625000000001,0.19921875,1.1419921875,0.2142578125,0.016990234375,0.5873828124999999,91.38399999999999,9.992430335008597,12.6,4.317406628984581
2016,0.012324218750000001,0.2265625,0.30078125,1.0158203125,0.6712890625,0.0075878906250000005,0.7060546875,20.0,40.0,2.6,7.200000000000001
2017,0.07958984375,0.2265625,0.30078125,1.0158203125,0.6712890625,0.0075878906250000005,0.7060546875,88.736,10.795920711083422,16.0,1.5491933384829668
2018,0.012324218750000001,0.2515625,0.30078125,1.0158203125,0.6712890625,0.0075878906250000005,0.7060546875,20.0,40.0,2.6,7.200000000000001
2019,0.012324218750000001,0.2265625,0.36796875000000007,1.0158203125,0.6712890625,0.0075878906250000005,0.7060546875,20.0,40.0,2.6,7.200000000000001
2020,0.012324218750000001,0.2265625,0.30078125,1.4341796875,0.6712890625,0.0075878906250000005,0.7060546875,20.0,40.0,2.6,7.200000000000001
2021,0.012324218750000001,0.2265625,0.30078125,1.0158203125,0.5939453125,0.0075878906250000005,0.7060546875,20.0,40.0,2.6,7.200000000000001
2022,0.012324218750000001,0.2265625,0.30078125,1.0158203125,0.6712890625,0.031037109375,0.7060546875,34.59799999999999,35.11968758403184,6.0,8.717797887081348
2023,0.012324218750000001,0.2265625,0.30078125,1.0158203125,0.6712890625,0.0075878906250000005,0.6901953125,20.0,40.0,2.4,6.8
2024,0.07958984375,0.2515625,0.36796875000000007,1.4341796875,0.5939453125,0.031037109375,0.6901953125,83.772,11.589256058953914,13.6,2.8000000000000003
2025,0.04732421875000001,0.6265625,0.10078125,1.8658203125,0.22128906250000002,0.022087890625,0.6360546874999999,84.54400000000001,11.584261046782398,15.4,1.2
2026,0.044589843750000004,0.6265625,0.10078125,1.8658203125,0.22128906250000002,0.022087890625,0.6360546874999999,86.958,10.982321066149908,15.4,1.2
2027,0.04732421875000001,0.6515625,0.10078125,1.8658203125,0.22128906250000002,0.022087890625,0.6360546874999999,84.54400000000001,11.584261046782398,15.4,1.2
2028,0.04732421875000001,0.6265625,0.16796875,1.8658203125,0.22128906250000002,0.022087890625,0.6360546874999999,84.10799999999999,11.788067526104523,15.4,1.2
2029,0.04732421875000001,0.6265625,0.10078125,2.2841796875,0.22128906250000002,0.022087890625,0.6360546874999999,88.62800000000001,10.371556103112011,15.4,1.2
2030,0.04732421875000001,0.6265625,0.10078125,1.8658203125,0.1439453125,0.022087890625,0.6360546874999999,84.54400000000001,11.584261046782398,15.4,1.2
2031,0.04732421875000001,0.6265625,0.10078125,1.8658203125,0.22128906250000002,0.016537109375,0.6360546874999999,89.57,10.715396399573837,16.0,1.5491933384829668
2032,0.04732421875000001,0.6265625,0.10078125,1.8658203125,0.22128906250000002,0.022087890625,0.6201953124999999,92.584,9.6595416040307,15.2,1.1661903789690602
2033,0.044589843750000004,0.6515625,0.16796875,2.2841796875,0.1439453125,0.016537109375,0.6201953124999999,91.00399999999999,10.159158626579268,15.8,1.4696938456699067
2034,0.06482421875000001,0.4265625,0.40078125,1.4408203125,0.4462890625,0.029337890625,0.6710546875,83.28399999999999,11.548585367914114,13.6,2.8000000000000003
2035,0.027089843750000002,0.4265625,0.40078125,1.4408203125,0.4462890625,0.029337890625,0.6710546875,88.24600000000001,10.576280253472861,15.4,1.2
2036,0.06482421875000001,0.8515625,0.40078125,1.4408203125,0.4462890625,0.029337890625,0.6710546875,83.28399999999999,11.548585367914114,13.4,3.2000000000000006
2037,0.06482421875000001,0.4265625,0.26796875,1.4408203125,0.4462890625,0.029337890625,0.6710546875,87.248,10.852701783427019,13.8,2.4
2038,0.06482421875000001,0.4265625,0.40078125,1.8591796875,0.4462890625,0.029337890625,0.6710546875,87.3,10.779983302398943,13.8,2.4
2039,0.06482421875000001,0.4265625,0.40078125,1.4408203125,0.36894531250000007,0.029337890625,0.6710546875,83.266,11.579156445959264,13.6,2.8000000000000003
2040,0.06482421875000001,0.4265625,0.40078125,1.4408203125,0.4462890625,0.023787109375,0.6710546875,91.094,10.184316570099343,14.2,2.6381811916545836
2041,0.06482421875000001,0.4265625,0.40078125,1.4408203125,0.4462890625,0.029337890625,0.6551953125,94.39,9.65559734040313,13.4,3.2000000000000006
2042,0.027089843750000002,0.8515625,0.26796875,1.8591796875,0.36894531250000007,0.023787109375,0.6551953125,79.316,17.66037213650947,16.2,1.5999999999999999
2043,0.02982421875,0.8265625000000001,0.20078125000000002,2.2908203125,0.8962890625,0.014837890624999999,0.6010546875,81.942,13.774947404618285,16.2,1.5999999999999999
2044,0.062089843750000005,0.8265625000000001,0.20078125000000002,2.2908203125,0.8962890625,0.014837890624999999,0.6010546875,91.6,10.122890891440052,14.0,3.521363372331802
2045,0.02982421875,0.45156250000000003,0.20078125000000002,2.2908203125,0.8962890625,0.014837890624999999,0.6010546875,81.942,13.774947404618285,16.2,1.5999999999999999
2046,0.02982421875,0.8265625000000001,0.46796875000000004,2.2908203125,0.8962890625,0.014837890624999999,0.6010546875,88.84,10.506358074994397,15.4,1.2
2047,0.02982421875,0.8265625000000001,0.20078125000000002,1.0091796875,0.8962890625,0.014837890624999999,0.6010546875,84.568,11.400770851131076,14.6,2.8000000000000003
2048,0.02982421875,0.8265625000000001,0.20078125000000002,2.2908203125,0.8189453125,0.014837890624999999,0.6010546875,81.95,13.765340533383108,16.2,1.5999999999999999
2049,0.02982421875,0.8265625000000001,0.20078125000000002,2.2908203125,0.8962890625,0.009287109375000002,0.6010546875,75.46799999999999,23.52271701993628,16.8,1.9390719429665315
2050,0.02982421875,0.8265625000000001,0.20078125000000002,2.2908203125,0.8962890625,0.014837890624999999,0.5851953125,90.32000000000001,10.024336387013358,15.8,1.4696938456699067
2051,0.062089843750000005,0.45156250000000003,0.46796875000000004,1.0091796875,0.8189453125,0.009287109375000002,0.5851953125,93.98,9.62581529014556,12.6,4.317406628984581
2052,0.03857421875,0.5265625,0.15078125,2.0783203125,0.7837890625,0.003962890625,0.6535546875,34.542,35.68884554030853,5.8,8.541662601625049
2053,0.01833984375,0.5265625,0.15078125,2.0783203125,0.7837890625,0.003962890625,0.6535546875,20.0,40.0,2.0,6.0
2054,0.03857421875,0.9515625000000001,0.15078125,2.0783203125,0.7837890625,0.003962890625,0.6535546875,34.542,35.68884554030853,5.8,8.541662601625049
2055,0.03857421875,0.5265625,0.11796875000000001,2.0783203125,0.7837890625,0.003962890625,0.6535546875,31.117999999999995,36.37641950494854,5.8,8.541662601625049
2056,0.03857421875,0.5265625,0.15078125,2.0716796875,0.7837890625,0.003962890625,0.6535546875,34.696,35.60088571931884,5.8,8.541662601625049
2057,0.03857421875,0.5265625,0.15078125,2.0783203125,0.9314453125,0.003962890625,0.6535546875,34.542,35.68884554030853,5.8,8.541662601625049
2058,0.03857421875,0.5265625,0.15078125,2.0783203125,0.7837890625,0.020162109375,0.6535546875,81.508,16.322268714857014,16.2,1.5999999999999999
2059,0.03857421875,0.5265625,0.15078125,2.0783203125,0.7837890625,0.003962890625,0.6376953125,50.712,26.338736795829824,17.6,2.3323807579381204
2060,0.01833984375,0.9515625000000001,0.11796875000000001,2.0716796875,0.9314453125,0.020162109375,0.6376953125,40.522000000000006,31.155589161497172,13.6,7.631513611335566
2061,0.07357421875,0.9265625,0.35078125000000004,1.2283203125,0.3337890625,0.018462890625000002,0.5835546875,93.348,9.627449091010556,11.8,4.4
2062,0.053339843750000004,0.9265625,0.35078125000000004,1.2283203125,0.3337890625,0.018462890625000002,0.5835546875,84.174,11.561909184905407,11.8,4.4
2063,0.07357421875,0.5515625,0.35078125000000004,1.2283203125,0.3337890625,0.018462890625000002,0.5835546875,93.348,9.627449091010556,11.8,4.4
2064,0.07357421875,0.9265625,0.31796875,1.2283203125,0.3337890625,0.018462890625000002,0.5835546875,88.794,10.366499119760727,11.8,4.4
2065,0.07357421875,0.9265625,0.35078125000000004,1.2216796875,0.3337890625,0.018462890625000002,0.5835546875,93.57000000000001,9.596595229559284,11.8,4.4
2066,0.07357421875,0.9265625,0.35078125000000004,1.2283203125,0.4814453125,0.018462890625000002,0.5835546875,93.348,9.627449091010556,11.8,4.4
2067,0.07357421875,0.9265625,0.35078125000000004,1.2283203125,0.3337890625,0.005662109375,0.5835546875,95.04400000000001,9.912,12.6,4.800000000000001
2068,0.07357421875,0.9265625,0.35078125000000004,1.2283203125,0.3337890625,0.018462890625000002,0.7076953125,88.196,10.499010620053683,15.4,1.2
2069,0.053339843750000004,0.5515625,0.31796875,1.2216796875,0.4814453125,0.005662109375,0.7076953125,73.31,22.460503111016905,17.6,2.3323807579381204
2070,0.05607421875000001,0.3265625,0.25078125,1.6533203125,0.1087890625,0.025712890625000002,0.6885546874999999,88.224,10.550656093343202,15.4,1.2
2071,0.07083984375,0.3265625,0.25078125,1.6533203125,0.1087890625,0.025712890625000002,0.6885546874999999,89.49,10.7706267227121,15.2,1.1661903789690602
2072,0.05607421875000001,0.3515625,0.25078125,1.6533203125,0.1087890625,0.025712890625000002,0.6885546874999999,88.224,10.550656093343202,15.4,1.2
2073,0.05607421875000001,0.3265625,0.41796875,1.6533203125,0.1087890625,0.025712890625000002,0.6885546874999999,83.932,11.705184150623175,15.4,1.2
2074,0.05607421875000001,0.3265625,0.25078125,1.6466796875,0.1087890625,0.025712890625000002,0.6885546874999999,88.146,10.582309010797218,15.4,1.2
2075,0.05607421875000001,0.3265625,0.25078125,1.6533203125,0.2564453125,0.025712890625000002,0.6885546874999999,88.224,10.550656093343202,15.4,1.2
2076,0.05607421875000001,0.3265625,0.25078125,1.6533203125,0.1087890625,0.027412109375,0.6885546874999999,85.9,11.22177704287516,15.4,1.2
2077,0.05607421875000001,0.3265625,0.25078125,1.6533203125,0.1087890625,0.025712890625000002,0.6026953125,90.53399999999999,10.319636815314773,12.8,3.4292856398964493
2078,0.07083984375,0.3515625,0.41796875,1.6466796875,0.2564453125,0.027412109375,0.6026953125,94.794,9.804545068487368,12.0,4.0
2079,0.021074218750000002,0.7265625,0.45078125,0.8033203125,0.5587890625,0.011212890625,0.6185546875,81.374,14.491115346997965,16.2,1.5999999999999999
2080,0.03583984375,0.7265625,0.45078125,0.8033203125,0.5587890625,0.011212890625,0.6185546875,87.846,10.369884473802012,14.4,3.2000000000000006
2081,0.021074218750000002,0.7515625000000001,0.45078125,0.8033203125,0.5587890625,0.011212890625,0.6185546875,81.374,14.491115346997965,16.2,1.5999999999999999
2082,0.021074218750000002,0.7265625,0.21796875000000002,0.8033203125,0.5587890625,0.011212890625,0.6185546875,75.766,23.655888569233667,16.8,1.9390719429665315
2083,0.021074218750000002,0.7265625,0.45078125,2.4966796875,0.5587890625,0.011212890625,0.6185546875,43.790000000000006,29.427108590549633,13.6,7.631513611335566
2084,0.021074218750000002,0.7265625,0.45078125,0.8033203125,0.7064453125,0.011212890625,0.6185546875,81.386,14.475364727702026,16.2,1.5999999999999999
2085,0.021074218750000002,0.7265625,0.45078125,0.8033203125,0.5587890625,0.012912109375000001,0.6185546875,85.258,11.092243055396864,16.0,1.5491933384829668
2086,0.021074218750000002,0.7265625,0.45078125,0.8033203125,0.5587890625,0.011212890625,0.6726953124999999,26.036,38.498162865258905,5.8,8.541662601625049
2087,0.03583984375,0.7515625000000001,0.21796875000000002,2.4966796875,0.7064453125,0.012912109375000001,0.6726953124999999,39.192,32.239228526749834,9.8,9.086253353280437
2088,0.025449218750000002,0.4765625,0.27578125,1.3345703125,0.27753906250000004,0.016650390625,0.6623046874999999,66.0,22.81670703673078,17.6,2.3323807579381204
2089,0.01396484375,0.4765625,0.27578125,1.3345703125,0.27753906250000004,0.016650390625,0.6623046874999999,20.07,39.96522988799139,1.8,5.6
2090,0.025449218750000002,0.9015625,0.27578125,1.3345703125,0.27753906250000004,0.016650390625,0.6623046874999999,66.0,22.81670703673078,17.6,2.3323807579381204
2091,0.025449218750000002,0.4765625,0.49296875000000007,1.3345703125,0.27753906250000004,0.016650390625,0.6623046874999999,75.41,23.467630472631875,16.8,1.9390719429665315
2092,0.025449218750000002,0.4765625,0.27578125,2.3904296875,0.27753906250000004,0.016650390625,0.6623046874999999,33.786,36.02855289905494,5.8,8.541662601625049
2093,0.025449218750000002,0.4765625,0.27578125,1.3345703125,0.6501953125,0.016650390625,0.6623046874999999,65.992,22.817627746985444,17.6,2.3323807579381204
2094,0.025449218750000002,0.4765625,0.27578125,1.3345703125,0.27753906250000004,0.003849609375,0.6623046874999999,20.0,40.0,2.0,6.0
2095,0.025449218750000002,0.4765625,0.27578125,1.3345703125,0.27753906250000004,0.016650390625,0.6114453125,89.744,10.073594393264004,15.6,1.3564659966250536
2096,0.01396484375,0.9015625,0.49296875000000007,2.3904296875,0.6501953125,0.003849609375,0.6114453125,20.0,40.0,1.8,5.6
2097,0.060449218750000006,0.8765625000000001,0.47578125000000004,2.1845703125,0.7275390625,0.031150390625,0.5923046875,90.67999999999999,10.73160379440091,11.2,3.655133376499413
2098,0.04896484375000001,0.8765625000000001,0.47578125000000004,2.1845703125,0.7275390625,0.031150390625,0.5923046875,90.67999999999999,10.73160379440091,11.2,3.655133376499413
2099,0.060449218750000006,0.5015625,0.47578125000000004,2.1845703125,0.7275390625,0.031150390625,0.5923046875,90.67999999999999,10.73160379440091,11.2,3.655133376499413
2100,0.060449218750000006,0.8765625000000001,0.29296875,2.1845703125,0.7275390625,0.031150390625,0.5923046875,93.14000000000001,9.544072506011256,12.0,4.0
2101,0.060449218750000006,0.8765625000000001,0.47578125000000004,1.5404296875,0.7275390625,0.031150390625,0.5923046875,84.248,11.766648460798004,9.8,3.4871191548325386
2102,0.060449218750000006,0.8765625000000001,0.47578125000000004,2.1845703125,0.2001953125,0.031150390625,0.5923046875,90.79400000000001,10.495426813617446,11.2,3.655133376499413
2103,0.060449218750000006,0.8765625000000001,0.47578125000000004,2.1845703125,0.7275390625,0.018349609375,0.5923046875,94.076,9.612545136434992,12.6,4.317406628984581
2104,0.060449218750000006,0.8765625000000001,0.47578125000000004,2.1845703125,0.7275390625,0.031150390625,0.6814453125,91.226,10.020444301526751,14.2,2.6381811916545836
2105,0.04896484375000001,0.5015625,0.29296875,1.5404296875,0.2001953125,0.018349609375,0.6814453125,82.696,11.959559523661396,16.2,1.5999999999999999
2106,0.07794921875000001,0.27656250000000004,0.17578125,0.9095703125000001,0.9525390625,0.023900390625,0.6973046875,93.35,9.484994464943037,14.6,2.33238075793812
2107,0.06646484375,0.27656250000000004,0.17578125,0.9095703125000001,0.9525390625,0.023900390625,0.6973046875,83.572,11.660604444024333,15.4,1.2
2108,0.07794921875000001,0.3015625,0.17578125,0.9095703125000001,0.9525390625,0.023900390625,0.6973046875,93.35,9.484994464943037,14.6,2.33238075793812
2109,0.07794921875000001,0.27656250000000004,0.19296875000000002,0.9095703125000001,0.9525390625,0.023900390625,0.6973046875,93.644,9.515800754534533,14.6,2.33238075793812
2110,0.07794921875000001,0.27656250000000004,0.17578125,1.1154296875,0.9525390625,0.023900390625,0.6973046875,91.22999999999999,10.224996821515399,14.6,2.33238075793812
2111,0.07794921875000001,0.27656250000000004,0.17578125,0.9095703125000001,0.4251953125,0.023900390625,0.6973046875,93.35,9.484994464943037,15.2,1.1661903789690602
2112,0.07794921875000001,0.27656250000000004,0.17578125,0.9095703125000001,0.9525390625,0.011099609375,0.6973046875,92.036,10.001313113786606,16.0,1.5491933384829668
2113,0.07794921875000001,0.27656250000000004,0.17578125,0.9095703125000001,0.9525390625,0.023900390625,0.6464453124999999,94.888,9.83564619127793,13.2,3.6
2114,0.06646484375,0.3015625,0.19296875000000002,1.1154296875,0.4251953125,0.011099609375,0.6464453124999999,83.714,11.730832195543503,15.4,1.2
2115,0.042949218750000004,0.6765625,0.37578125000000007,1.7595703125000002,0.5025390625,0.009400390625000001,0.6273046875,85.568,10.994897725763526,16.0,1.5491933384829668
2116,0.03146484375,0.6765625,0.37578125000000007,1.7595703125000002,0.5025390625,0.009400390625000001,0.6273046875,73.61800000000001,23.28216776848754,16.8,1.9390719429665315
2117,0.042949218750000004,0.7015625000000001,0.37578125000000007,1.7595703125000002,0.5025390625,0.009400390625000001,0.6273046875,85.568,10.994897725763526,16.0,1.5491933384829668
2118,0.042949218750000004,0.6765625,0.39296875,1.7595703125000002,0.5025390625,0.009400390625000001,0.6273046875,86.68,10.70675487717917,16.0,1.5491933384829668
2119,0.042949218750000004,0.6765625,0.37578125000000007,1.9654296875,0.5025390625,0.009400390625000001,0.6273046875,82.958,11.770645521805504,16.2,1.5999999999999999
2120,0.042949218750000004,0.6765625,0.37578125000000007,1.7595703125000002,0.8751953125,0.009400390625000001,0.6273046875,85.568,10.994897725763526,16.0,1.5491933384829668
2121,0.042949218750000004,0.6765625,0.37578125000000007,1.7595703125000002,0.5025390625,0.025599609375,0.6273046875,83.346,11.629492852227047,13.6,2.8000000000000003
2122,0.042949218750000004,0.6765625,0.37578125000000007,1.7595703125000002,0.5025390625,0.009400390625000001,0.7164453125,35.312000000000005,35.07703259969406,5.8,8.541662601625049
2123,0.03146484375,0.7015625000000001,0.39296875,1.9654296875,0.8751953125,0.025599609375,0.7164453125,63.62800000000001,23.241367773863917,17.6,2.3323807579381204
2124,0.03419921875,0.3765625,0.42578125,1.9720703125,0.3900390625,0.013025390625000001,0.7148046875,24.542,38.74066411408044,6.0,8.717797887081348
2125,0.07521484375,0.3765625,0.42578125,1.9720703125,0.3900390625,0.013025390625000001,0.7148046875,83.374,11.66296291685779,16.2,1.5999999999999999
2126,0.03419921875,0.2015625,0.42578125,1.9720703125,0.3900390625,0.013025390625000001,0.7148046875,24.542,38.74066411408044,6.0,8.717797887081348
2127,0.03419921875,0.3765625,0.24296875,1.9720703125,0.3900390625,0.013025390625000001,0.7148046875,21.942,39.20976225380613,2.0,6.0
2128,0.03419921875,0.3765625,0.42578125,0.9029296875,0.3900390625,0.013025390625000001,0.7148046875,39.11,32.31264953543735,10.0,9.16515138991168
2129,0.03419921875,0.3765625,0.42578125,1.9720703125,0.9876953125,0.013025390625000001,0.7148046875,24.542,38.74066411408044,6.0,8.717797887081348
2130,0.03419921875,0.3765625,0.42578125,1.9720703125,0.3900390625,0.014724609375,0.7148046875,27.044,38.103098876600576,6.0,8.717797887081348
2131,0.03419921875,0.3765625,0.42578125,1.9720703125,0.3900390625,0.013025390625000001,0.6639453125,75.77600000000001,23.22806802125394,17.2,2.1354156504062622
2132,0.07521484375,0.2015625,0.24296875,0.9029296875,0.9876953125,0.014724609375,0.6639453125,94.03999999999999,9.625225192170827,14.2,3.1240998703626617
2133,0.06919921875,0.7765625,0.22578125000000002,1.1220703125,0.8400390625,0.027525390625,0.6448046875,94.32000000000001,9.652365513178621,13.2,3.6
2134,0.04021484375,0.7765625,0.22578125000000002,1.1220703125,0.8400390625,0.027525390625,0.6448046875,88.756,10.522909483598157,13.8,2.4
2135,0.06919921875,0.6015625,0.22578125000000002,1.1220703125,0.8400390625,0.027525390625,0.6448046875,94.32000000000001,9.652365513178621,13.2,3.6
2136,0.06919921875,0.7765625,0.44296875,1.1220703125,0.8400390625,0.027525390625,0.6448046875,91.518,10.20550518102852,12.8,3.9191835884530852
2137,0.06919921875,0.7765625,0.22578125000000002,1.7529296875,0.8400390625,0.027525390625,0.6448046875,86.24199999999999,11.003869137716972,13.4,3.2000000000000006
2138,0.06919921875,0.7765625,0.22578125000000002,1.1220703125,0.5376953125,0.027525390625,0.6448046875,94.32000000000001,9.652365513178621,13.2,3.6
2139,0.06919921875,0.7765625,0.22578125000000002,1.1220703125,0.8400390625,0.029224609375000002,0.6448046875,93.994,9.610664076951187,13.0,3.521363372331802
2140,0.06919921875,0.7765625,0.22578125000000002,1.1220703125,0.8400390625,0.027525390625,0.5939453124999999,93.24,9.702906780960026,11.8,3.9191835884530852
2141,0.04021484375,0.6015625,0.44296875,1.7529296875,0.5376953125,0.029224609375000002,0.5939453124999999,90.91,10.69799607403181,11.4,3.2619012860600183
2142,0.051699218750000005,0.5765625000000001,0.32578125,2.3970703125,0.6150390625,0.020275390625,0.6798046875,82.50800000000001,12.56734562268421,16.2,1.5999999999999999
2143,0.02271484375,0.5765625000000001,0.32578125,2.3970703125,0.6150390625,0.020275390625,0.6798046875,26.192,38.531280487416964,5.8,8.541662601625049
2144,0.051699218750000005,0.8015625,0.32578125,2.3970703125,0.6150390625,0.020275390625,0.6798046875,82.50800000000001,12.56734562268421,16.2,1.5999999999999999
2145,0.051699218750000005,0.5765625000000001,0.34296875000000004,2.3970703125,0.6150390625,0.020275390625,0.6798046875,82.558,12.2382456259057,16.2,1.5999999999999999
2146,0.051699218750000005,0.5765625000000001,0.32578125,2.1779296875,0.6150390625,0.020275390625,0.6798046875,83.362,11.725949684353928,16.0,1.5491933384829668
2147,0.051699218750000005,0.5765625000000001,0.32578125,2.3970703125,0.31269531250000004,0.020275390625,0.6798046875,82.50800000000001,12.56734562268421,16.2,1.5999999999999999
2148,0.051699218750000005,0.5765625000000001,0.32578125,2.3970703125,0.6150390625,0.007474609375,0.6798046875,76.822,23.26788550771213,17.2,2.1354156504062622
2149,0.051699218750000005,0.5765625000000001,0.32578125,2.3970703125,0.6150390625,0.020275390625,0.6989453125,78.392,19.01612620908896,16.6,1.8547236990991407
2150,0.02271484375,0.8015625,0.34296875000000004,2.1779296875,0.31269531250000004,0.007474609375,0.6989453125,20.0,40.0,1.8,5.6
2151,0.01669921875,0.9765625,0.12578125,1.5470703125,0.1650390625,0.005775390625,0.6098046874999999,20.0,40.0,1.8,5.6
2152,0.05771484375000001,0.9765625,0.12578125,1.5470703125,0.1650390625,0.005775390625,0.6098046874999999,89.04,10.195757941418577,15.4,1.2
2153,0.01669921875,0.40156250000000004,0.12578125,1.5470703125,0.1650390625,0.005775390625,0.6098046874999999,20.0,40.0,1.8,5.6
2154,0.01669921875,0.9765625,0.14296875,1.5470703125,0.1650390625,0.005775390625,0.6098046874999999,20.0,40.0,1.8,5.6
2155,0.01669921875,0.9765625,0.12578125,1.3279296875000002,0.1650390625,0.005775390625,0.6098046874999999,20.0,40.0,1.8,5.6
2156,0.01669921875,0.9765625,0.12578125,1.5470703125,0.7626953125,0.005775390625,0.6098046874999999,20.0,40.0,1.8,5.6
2157,0.01669921875,0.9765625,0.12578125,1.5470703125,0.1650390625,0.021974609375,0.6098046874999999,82.492,12.922172263207143,16.0,1.5491933384829668
2158,0.01669921875,0.9765625,0.12578125,1.5470703125,0.1650390625,0.005775390625,0.6289453125,20.0,40.0,1.8,5.6
2159,0.05771484375000001,0.40156250000000004,0.14296875,1.3279296875000002,0.7626953125,0.021974609375,0.6289453125,86.51,11.0724703657314,13.6,2.8000000000000003
2160,0.01451171875,0.5515625,0.48828125,1.7064453125,0.9244140625,0.026619140625,0.6404296875,83.148,11.603460518310905,16.0,1.5491933384829668
2161,0.020527343750000003,0.5515625,0.48828125,1.7064453125,0.9244140625,0.026619140625,0.6404296875,85.782,11.412318607539842,15.2,1.1661903789690602
2162,0.01451171875,0.5265625,0.48828125,1.7064453125,0.9244140625,0.026619140625,0.6404296875,83.148,11.603460518310905,16.0,1.5491933384829668
2163,0.01451171875,0.5515625,0.30546875,1.7064453125,0.9244140625,0.026619140625,0.6404296875,79.676,18.123527912633346,16.2,1.5999999999999999
2164,0.01451171875,0.5515625,0.48828125,1.2748046875,0.9244140625,0.026619140625,0.6404296875,86.148,11.601838475000415,15.2,1.1661903789690602
2165,0.01451171875,0.5515625,0.48828125,1.7064453125,0.9033203125,0.026619140625,0.6404296875,83.148,11.603460518310905,16.0,1.5491933384829668
2166,0.01451171875,0.5515625,0.48828125,1.7064453125,0.9244140625,0.013818359375000002,0.6404296875,25.676,38.64633105483624,5.8,8.541662601625049
2167,0.01451171875,0.5515625,0.48828125,1.7064453125,0.9244140625,0.026619140625,0.6333203125,87.506,10.766677481934714,15.2,1.1661903789690602
2168,0.020527343750000003,0.5265625,0.30546875,1.2748046875,0.9033203125,0.013818359375000002,0.6333203125,68.99000000000001,22.59401602194705,17.6,2.3323807579381204
2169,0.04951171875,0.9515625000000001,0.28828125000000004,0.8564453125,0.47441406250000007,0.012119140625,0.7104296875,75.17600000000002,23.51788136716401,16.8,1.9390719429665315
2170,0.055527343750000006,0.9515625000000001,0.28828125000000004,0.8564453125,0.47441406250000007,0.012119140625,0.7104296875,77.238,20.097699768879025,16.8,1.9390719429665315
2171,0.04951171875,0.9265625,0.28828125000000004,0.8564453125,0.47441406250000007,0.012119140625,0.7104296875,75.17600000000002,23.51788136716401,16.8,1.9390719429665315
2172,0.04951171875,0.9515625000000001,0.10546875,0.8564453125,0.47441406250000007,0.012119140625,0.7104296875,75.92999999999999,23.194317407503068,17.2,2.1354156504062622
2173,0.04951171875,0.9515625000000001,0.28828125000000004,2.1248046875,0.47441406250000007,0.012119140625,0.7104296875,65.09,22.43460808661475,17.6,2.3323807579381204
2174,0.04951171875,0.9515625000000001,0.28828125000000004,0.8564453125,0.45332031250000004,0.012119140625,0.7104296875,75.17600000000002,23.51788136716401,16.8,1.9390719429665315
2175,0.04951171875,0.9515625000000001,0.28828125000000004,0.8564453125,0.47441406250000007,0.028318359375,0.7104296875,89.644,10.14707169581451,15.4,1.2
2176,0.04951171875,0.9515625000000001,0.28828125000000004,0.8564453125,0.47441406250000007,0.012119140625,0.7033203124999999,73.624,23.184471182237477,16.8,1.9390719429665315
2177,0.055527343750000006,0.9265625,0.10546875,2.1248046875,0.45332031250000004,0.028318359375,0.7033203124999999,83.85600000000001,11.462970993594986,16.0,1.5491933384829668
2178,0.06701171875,0.3515625,0.38828125,2.1314453125,0.2494140625,0.004869140625000001,0.6054296874999999,93.042,9.609929031996023,14.4,3.2000000000000006
2179,0.07302734375,0.3515625,0.38828125,2.1314453125,0.2494140625,0.004869140625000001,0.6054296874999999,94.15599999999999,9.627121272737767,14.0,3.521363372331802
2180,0.06701171875,0.7265625,0.38828125,2.1314453125,0.2494140625,0.004869140625000001,0.6054296874999999,93.042,9.609929031996023,14.2,3.6
2181,0.06701171875,0.3515625,0.20546875,2.1314453125,0.2494140625,0.004869140625000001,0.6054296874999999,84.644,11.572972997462669,15.4,1.2
2182,0.06701171875,0.3515625,0.38828125,1.6998046875,0.2494140625,0.004869140625000001,0.6054296874999999,94.022,9.623459668954816,14.0,3.521363372331802
2183,0.06701171875,0.3515625,0.38828125,2.1314453125,0.2283203125,0.004869140625000001,0.6054296874999999,93.042,9.609929031996023,15.4,1.2
2184,0.06701171875,0.3515625,0.38828125,2.1314453125,0.2494140625,0.006568359375000001,0.6054296874999999,94.21799999999999,9.637021116506908,14.2,3.1240998703626617
2185,0.06701171875,0.3515625,0.38828125,2.1314453125,0.2494140625,0.004869140625000001,0.5983203125,94.322,9.657180540923942,14.2,3.6
2186,0.07302734375,0.7265625,0.20546875,1.6998046875,0.2283203125,0.006568359375000001,0.5983203125,92.272,10.051896139535069,13.8,3.9191835884530852
2187,0.03201171875,0.7515625000000001,0.18828125,1.2814453125,0.6994140625,0.019369140625,0.6754296875,76.366,23.521136537165887,16.8,1.9390719429665315
2188,0.038027343750000005,0.7515625000000001,0.18828125,1.2814453125,0.6994140625,0.019369140625,0.6754296875,78.03,18.766201533608232,16.6,1.8547236990991407
2189,0.03201171875,0.3265625,0.18828125,1.2814453125,0.6994140625,0.019369140625,0.6754296875,76.366,23.521136537165887,16.8,1.9390719429665315
2190,0.03201171875,0.7515625000000001,0.40546875000000004,1.2814453125,0.6994140625,0.019369140625,0.6754296875,77.07000000000001,19.29814706131135,16.6,1.8547236990991407
2191,0.03201171875,0.7515625000000001,0.18828125,0.8498046875,0.6994140625,0.019369140625,0.6754296875,74.604,21.549784778507647,16.8,1.9390719429665315
2192,0.03201171875,0.7515625000000001,0.18828125,1.2814453125,0.6783203125,0.019369140625,0.6754296875,76.364,23.52470157090202,16.8,1.9390719429665315
2193,0.03201171875,0.7515625000000001,0.18828125,1.2814453125,0.6994140625,0.021068359375,0.6754296875,74.518,22.26785431962406,16.8,1.9390719429665315
2194,0.03201171875,0.7515625000000001,0.18828125,1.2814453125,0.6994140625,0.019369140625,0.6683203125,74.84400000000001,22.133354558222756,16.8,1.9390719429665315
2195,0.038027343750000005,0.3265625,0.40546875000000004,0.8498046875,0.6783203125,0.021068359375,0.6683203125,88.182,10.625771313180048,15.4,1.2
2196,0.04076171875,0.2515625,0.23828125,1.4939453125000002,0.5869140625,0.030244140625,0.5879296875,90.902,10.172209986035481,11.6,2.870540018881465
2197,0.06427734375000001,0.2515625,0.23828125,1.4939453125000002,0.5869140625,0.030244140625,0.5879296875,90.902,10.172209986035481,11.2,3.655133376499413
2198,0.04076171875,0.6265625,0.23828125,1.4939453125000002,0.5869140625,0.030244140625,0.5879296875,90.902,10.172209986035481,11.4,3.2619012860600183
2199,0.04076171875,0.2515625,0.15546875000000002,1.4939453125000002,0.5869140625,0.030244140625,0.5879296875,92.50399999999999,9.747784568813573,12.2,3.1240998703626617
2200,0.04076171875,0.2515625,0.23828125,1.9123046875,0.5869140625,0.030244140625,0.5879296875,88.69800000000001,10.577121347512279,12.2,3.1240998703626617
2201,0.04076171875,0.2515625,0.23828125,1.4939453125000002,0.5658203125,0.030244140625,0.5879296875,90.81400000000001,10.166654513653937,11.6,2.870540018881465
2202,0.04076171875,0.2515625,0.23828125,1.4939453125000002,0.5869140625,0.010193359375,0.5879296875,91.612,9.915695437033149,14.6,2.8000000000000003
2203,0.04076171875,0.2515625,0.23828125,1.4939453125000002,0.5869140625,0.030244140625,0.6858203125,89.272,10.069338409250136,15.4,1.2
2204,0.06427734375000001,0.6265625,0.15546875000000002,1.9123046875,0.5658203125,0.010193359375,0.6858203125,81.47800000000001,18.120606391619457,16.4,1.7435595774162693
2205,0.07576171875,0.6515625,0.43828125000000007,2.3439453125,0.13691406250000002,0.015744140625,0.6579296875,91.52799999999999,9.927981466541926,15.4,1.2
2206,0.029277343750000004,0.6515625,0.43828125000000007,2.3439453125,0.13691406250000002,0.015744140625,0.6579296875,68.85400000000001,22.744235841197217,17.6,2.3323807579381204
2207,0.07576171875,0.2265625,0.43828125000000007,2.3439453125,0.13691406250000002,0.015744140625,0.6579296875,91.52799999999999,9.927981466541926,15.4,1.2
2208,0.07576171875,0.6515625,0.35546875,2.3439453125,0.13691406250000002,0.015744140625,0.6579296875,86.296,10.926209955881315,15.4,1.2
2209,0.07576171875,0.6515625,0.43828125000000007,1.0623046875,0.13691406250000002,0.015744140625,0.6579296875,88.60799999999999,10.560366281526411,13.6,2.8000000000000003
2210,0.07576171875,0.6515625,0.43828125000000007,2.3439453125,0.11582031250000001,0.015744140625,0.6579296875,91.52799999999999,9.927981466541926,15.4,1.2
2211,0.07576171875,0.6515625,0.43828125000000007,2.3439453125,0.13691406250000002,0.024693359375,0.6579296875,87.33800000000001,10.909594676247144,14.6,0.7999999999999999
2212,0.07576171875,0.6515625,0.43828125000000007,2.3439453125,0.13691406250000002,0.015744140625,0.6158203124999999,83.626,11.49602470421841,13.2,3.6
2213,0.029277343750000004,0.2265625,0.35546875,1.0623046875,0.11582031250000001,0.024693359375,0.6158203124999999,92.94800000000001,9.637317884141831,14.4,0.7999999999999999
2214,0.058261718750000004,0.45156250000000003,0.13828125000000002,1.0689453125,0.3619140625,0.008494140625,0.6229296875,84.024,11.72421528290913,15.4,1.2
2215,0.01177734375,0.45156250000000003,0.13828125000000002,1.0689453125,0.3619140625,0.008494140625,0.6229296875,20.0,40.0,1.8,5.6
2216,0.058261718750000004,0.4265625,0.13828125000000002,1.0689453125,0.3619140625,0.008494140625,0.6229296875,84.024,11.72421528290913,15.4,1.2
2217,0.058261718750000004,0.45156250000000003,0.45546875,1.0689453125,0.3619140625,0.008494140625,0.6229296875,92.97,10.079347201084007,14.0,3.521363372331802
2218,0.058261718750000004,0.45156250000000003,0.13828125000000002,1.4873046875,0.3619140625,0.008494140625,0.6229296875,88.628,10.36732829614265,15.4,1.2
2219,0.058261718750000004,0.45156250000000003,0.13828125000000002,1.0689453125,0.3408203125,0.008494140625,0.6229296875,84.024,11.72421528290913,15.4,1.2
2220,0.058261718750000004,0.45156250000000003,0.13828125000000002,1.0689453125,0.3619140625,0.017443359375000002,0.6229296875,88.614,10.623324526719493,13.6,2.8000000000000003
2221,0.058261718750000004,0.45156250000000003,0.13828125000000002,1.0689453125,0.3619140625,0.008494140625,0.6508203124999999,90.244,10.663906601241404,16.0,1.5491933384829668
2222,0.01177734375,0.4265625,0.45546875,1.4873046875,0.3408203125,0.017443359375000002,0.6508203124999999,24.796,38.731982443453624,5.8,8.541662601625049
2223,0.02326171875,0.8515625,0.33828125,1.9189453125,0.8119140625,0.022994140625,0.6929296875,37.06,33.59295223703924,5.8,8.541662601625049
2224,0.046777343750000006,0.8515625,0.33828125,1.9189453125,0.8119140625,0.022994140625,0.6929296875,82.024,13.856430420566474,16.2,1.5999999999999999
2225,0.02326171875,0.8265625000000001,0.33828125,1.9189453125,0.8119140625,0.022994140625,0.6929296875,37.06,33.59295223703924,5.8,8.541662601625049
2226,0.02326171875,0.8515625,0.25546875,1.9189453125,0.8119140625,0.022994140625,0.6929296875,32.876,36.44438864900878,5.8,8.541662601625049
2227,0.02326171875,0.8515625,0.33828125,2.3373046875,0.8119140625,0.022994140625,0.6929296875,30.850000000000005,38.06445165768187,5.8,8.541662601625049
2228,0.02326171875,0.8515625,0.33828125,1.9189453125,0.7908203125,0.022994140625,0.6929296875,37.06,33.59295223703924,5.8,8.541662601625049
2229,0.02326171875,0.8515625,0.33828125,1.9189453125,0.8119140625,0.031943359375,0.6929296875,75.51599999999999,21.736455644837775,16.8,1.9390719429665315
2230,0.02326171875,0.8515625,0.33828125,1.9189453125,0.8119140625,0.022994140625,0.5808203125,92.40200000000002,9.950120401281588,13.2,3.1240998703626617
2231,0.046777343750000006,0.8265625000000001,0.25546875,2.3373046875,0.7908203125,0.031943359375,0.5808203125,92.88,9.8724039625615,12.0,3.521363372331802
2232,0.018886718750000003,0.3015625,0.11328125,2.4501953125,0.5306640625,0.017556640625,0.5966796875,75.498,23.25353942951481,17.0,2.0976176963403033
2233,0.06865234375,0.3015625,0.11328125,2.4501953125,0.5306640625,0.017556640625,0.5966796875,86.79,10.842466509055951,13.4,3.2000000000000006
2234,0.018886718750000003,0.6765625,0.11328125,2.4501953125,0.5306640625,0.017556640625,0.5966796875,75.498,23.25353942951481,17.0,2.0976176963403033
2235,0.018886718750000003,0.3015625,0.43046875000000007,2.4501953125,0.5306640625,0.017556640625,0.5966796875,81.836,12.919438997108195,16.0,1.5491933384829668
2236,0.018886718750000003,0.3015625,0.11328125,2.4435546875,0.5306640625,0.017556640625,0.5966796875,75.482,22.999159462902117,17.0,2.0976176963403033
2237,0.018886718750000003,0.3015625,0.11328125,2.4501953125,0.9595703125,0.017556640625,0.5966796875,75.498,23.25353942951481,17.0,2.0976176963403033
2238,0.018886718750000003,0.3015625,0.11328125,2.4501953125,0.5306640625,0.022880859375,0.5966796875,81.83000000000001,13.690972207991662,16.0,1.5491933384829668
2239,0.018886718750000003,0.3015625,0.11328125,2.4501953125,0.5306640625,0.017556640625,0.6595703125,20.0,40.0,2.0,6.0
2240,0.06865234375,0.6765625,0.43046875000000007,2.4435546875,0.9595703125,0.022880859375,0.6595703125,93.03799999999998,10.045417661799835,14.2,3.1240998703626617
2241,0.05388671875000001,0.7015625000000001,0.31328125,1.6001953125,0.9806640625,0.003056640625,0.6666796875,73.574,23.43839721482679,16.8,1.9390719429665315
2242,0.03365234375,0.7015625000000001,0.31328125,1.6001953125,0.9806640625,0.003056640625,0.6666796875,24.058,38.775629666067324,5.8,8.541662601625049
2243,0.05388671875000001,0.27656250000000004,0.31328125,1.6001953125,0.9806640625,0.003056640625,0.6666796875,73.574,23.43839721482679,16.8,1.9390719429665315
2244,0.05388671875000001,0.7015625000000001,0.23046875,1.6001953125,0.9806640625,0.003056640625,0.6666796875,75.30199999999999,23.462010485037293,17.0,2.0
2245,0.05388671875000001,0.7015625000000001,0.31328125,1.5935546875000002,0.9806640625,0.003056640625,0.6666796875,73.556,23.468598253836976,16.8,1.9390719429665315
2246,0.05388671875000001,0.7015625000000001,0.31328125,1.6001953125,0.5095703125000001,0.003056640625,0.6666796875,73.574,23.43839721482679,16.8,1.9390719429665315
2247,0.05388671875000001,0.7015625000000001,0.31328125,1.6001953125,0.9806640625,0.008380859375,0.6666796875,81.90799999999999,17.007394156660215,16.2,1.5999999999999999
2248,0.05388671875000001,0.7015625000000001,0.31328125,1.6001953125,0.9806640625,0.003056640625,0.5895703124999999,86.454,10.762231367146871,14.0,4.0
2249,0.03365234375,0.27656250000000004,0.23046875,1.5935546875000002,0.5095703125000001,0.008380859375,0.5895703124999999,90.884,10.335253456011614,16.0,1.5491933384829668
2250,0.07138671875000001,0.5015625,0.21328125,2.0251953125,0.7556640625,0.010306640625,0.6316796874999999,83.938,11.76901083354077,14.6,2.8000000000000003
2251,0.01615234375,0.5015625,0.21328125,2.0251953125,0.7556640625,0.010306640625,0.6316796874999999,20.0,40.0,1.8,5.6
2252,0.07138671875000001,0.4765625,0.21328125,2.0251953125,0.7556640625,0.010306640625,0.6316796874999999,83.938,11.76901083354077,14.6,2.8000000000000003
2253,0.07138671875000001,0.5015625,0.13046875000000002,2.0251953125,0.7556640625,0.010306640625,0.6316796874999999,84.64399999999999,11.493306921856739,14.8,2.4
2254,0.07138671875000001,0.5015625,0.21328125,1.1685546875,0.7556640625,0.010306640625,0.6316796874999999,93.91399999999999,9.628240960840147,14.0,3.521363372331802
2255,0.07138671875000001,0.5015625,0.21328125,2.0251953125,0.2845703125,0.010306640625,0.6316796874999999,83.60400000000001,11.800478973329852,15.4,1.2
2256,0.07138671875000001,0.5015625,0.21328125,2.0251953125,0.7556640625,0.030130859375,0.6316796874999999,94.104,9.615865223681121,13.0,3.521363372331802
2257,0.07138671875000001,0.5015625,0.21328125,2.0251953125,0.7556640625,0.010306640625,0.6945703125,81.896,15.194989437311236,16.2,1.5999999999999999
2258,0.01615234375,0.4765625,0.13046875000000002,1.1685546875,0.2845703125,0.030130859375,0.6945703125,41.616,30.429323751933758,13.6,7.631513611335566
2259,0.036386718750000005,0.9015625,0.41328125000000004,1.1751953125,0.3056640625,0.024806640625,0.7016796875,81.636,15.78340470240816,16.2,1.5999999999999999
2260,0.05115234375,0.9015625,0.41328125000000004,1.1751953125,0.3056640625,0.024806640625,0.7016796875,89.61,10.173569678338081,15.4,1.2
2261,0.036386718750000005,0.8765625000000001,0.41328125000000004,1.1751953125,0.3056640625,0.024806640625,0.7016796875,81.636,15.78340470240816,16.2,1.5999999999999999
2262,0.036386718750000005,0.9015625,0.33046875,1.1751953125,0.3056640625,0.024806640625,0.7016796875,79.52000000000001,17.74799707009216,16.2,1.5999999999999999
2263,0.036386718750000005,0.9015625,0.41328125000000004,2.0185546875,0.3056640625,0.024806640625,0.7016796875,74.372,22.262659679382427,16.8,1.9390719429665315
2264,0.036386718750000005,0.9015625,0.41328125000000004,1.1751953125,0.7345703125,0.024806640625,0.7016796875,81.64200000000001,15.786580883775942,16.2,1.5999999999999999
2265,0.036386718750000005,0.9015625,0.41328125000000004,1.1751953125,0.3056640625,0.015630859375,0.7016796875,71.83399999999999,22.383806289369105,17.6,2.3323807579381204
2266,0.036386718750000005,0.9015625,0.41328125000000004,1.1751953125,0.3056640625,0.024806640625,0.6245703125,93.27000000000001,9.437313176958787,13.2,3.1240998703626617
2267,0.05115234375,0.8765625000000001,0.33046875,2.0185546875,0.7345703125,0.015630859375,0.6245703125,85.606,11.036777790641617,14.6,2.8000000000000003
2268,0.027636718750000004,0.40156250000000004,0.36328125,0.9626953125000001,0.1931640625,0.021181640625,0.6491796875,89.026,10.2787462270454,15.6,1.3564659966250536
2269,0.02490234375,0.40156250000000004,0.36328125,0.9626953125000001,0.1931640625,0.021181640625,0.6491796875,85.054,11.389169592204691,16.0,1.5491933384829668
2270,0.027636718750000004,0.5765625000000001,0.36328125,0.9626953125000001,0.1931640625,0.021181640625,0.6491796875,89.026,10.2787462270454,15.6,1.3564659966250536
2271,0.027636718750000004,0.40156250000000004,0.28046875000000004,0.9626953125000001,0.1931640625,0.021181640625,0.6491796875,85.10799999999999,11.57459874034517,16.0,1.5491933384829668
2272,0.027636718750000004,0.40156250000000004,0.36328125,0.9560546875,0.1931640625,0.021181640625,0.6491796875,89.25800000000001,10.228378952698222,15.6,1.3564659966250536
2273,0.027636718750000004,0.40156250000000004,0.36328125,0.9626953125000001,0.6220703125,0.021181640625,0.6491796875,89.026,10.2787462270454,15.6,1.3564659966250536
2274,0.027636718750000004,0.40156250000000004,0.36328125,0.9626953125000001,0.1931640625,0.026505859375,0.6491796875,88.55999999999999,10.97421887880864,15.2,1.1661903789690602
2275,0.027636718750000004,0.40156250000000004,0.36328125,0.9626953125000001,0.1931640625,0.021181640625,0.6070703125,91.71000000000001,9.752234615717569,13.4,2.727636339397171
2276,0.02490234375,0.5765625000000001,0.28046875000000004,0.9560546875,0.6220703125,0.026505859375,0.6070703125,89.064,10.374215343822396,12.8,2.4
2277,0.06263671875,0.8015625,0.16328125,1.8126953125,0.6431640625,0.0066816406250000005,0.7191796874999999,72.45599999999999,22.48696031036654,17.6,2.3323807579381204
2278,0.05990234375,0.8015625,0.16328125,1.8126953125,0.6431640625,0.0066816406250000005,0.7191796874999999,66.976,22.462182974947027,17.6,2.3323807579381204
2279,0.06263671875,0.9765625,0.16328125,1.8126953125,0.6431640625,0.0066816406250000005,0.7191796874999999,72.45599999999999,22.48696031036654,17.6,2.3323807579381204
2280,0.06263671875,0.8015625,0.48046875,1.8126953125,0.6431640625,0.0066816406250000005,0.7191796874999999,75.586,23.499453270235882,17.0,2.0
2281,0.06263671875,0.8015625,0.16328125,1.8060546875,0.6431640625,0.0066816406250000005,0.7191796874999999,72.594,22.513777648364567,17.6,2.3323807579381204
2282,0.06263671875,0.8015625,0.16328125,1.8126953125,0.1720703125,0.0066816406250000005,0.7191796874999999,72.45599999999999,22.48696031036654,17.6,2.3323807579381204
2283,0.06263671875,0.8015625,0.16328125,1.8126953125,0.6431640625,0.012005859375,0.7191796874999999,75.534,23.71488612665049,16.8,1.9390719429665315
2284,0.06263671875,0.8015625,0.16328125,1.8126953125,0.6431640625,0.0066816406250000005,0.6770703124999999,78.922,19.914655307084782,16.8,1.9390719429665315
2285,0.05990234375,0.9765625,0.48046875,1.8060546875,0.1720703125,0.012005859375,0.6770703124999999,88.342,10.818684578080646,16.0,1.5491933384829668
2286,0.045136718750000006,0.2015625,0.46328125,1.3876953125,0.8681640625,0.013931640625000002,0.6141796875,90.342,10.353071814683796,13.8,2.9257477676655586
2287,0.07740234375,0.2015625,0.46328125,1.3876953125,0.8681640625,0.013931640625000002,0.6141796875,94.964,9.873215484329307,13.0,4.0
2288,0.045136718750000006,0.7765625,0.46328125,1.3876953125,0.8681640625,0.013931640625000002,0.6141796875,90.342,10.353071814683796,13.6,3.3226495451672298
2289,0.045136718750000006,0.2015625,0.38046875,1.3876953125,0.8681640625,0.013931640625000002,0.6141796875,92.66600000000001,10.11927981627151,14.2,3.1240998703626617
2290,0.045136718750000006,0.2015625,0.46328125,2.2310546875,0.8681640625,0.013931640625000002,0.6141796875,84.276,11.202047312879907,15.0,2.0
2291,0.045136718750000006,0.2015625,0.46328125,1.3876953125,0.3970703125,0.013931640625000002,0.6141796875,90.342,10.353071814683796,13.8,2.9257477676655586
2292,0.045136718750000006,0.2015625,0.46328125,1.3876953125,0.8681640625,0.019255859375,0.6141796875,92.98999999999998,9.598189412592355,13.4,3.2000000000000006
2293,0.045136718750000006,0.2015625,0.46328125,1.3876953125,0.8681640625,0.013931640625000002,0.6420703125,86.43199999999999,11.043817093740731,15.4,1.2
2294,0.07740234375,0.7765625,0.38046875,2.2310546875,0.3970703125,0.019255859375,0.6420703125,88.796,10.523525264853028,13.4,3.2000000000000006
2295,0.01013671875,0.6015625,0.26328125,2.2376953125,0.41816406250000004,0.028431640625,0.6841796874999999,20.474,39.77359304865478,1.8,5.6
2296,0.04240234375,0.6015625,0.26328125,2.2376953125,0.41816406250000004,0.028431640625,0.6841796874999999,83.288,11.584452339234687,16.0,1.5491933384829668
2297,0.01013671875,0.3765625,0.26328125,2.2376953125,0.41816406250000004,0.028431640625,0.6841796874999999,20.474,39.77359304865478,2.0,6.0
2298,0.01013671875,0.6015625,0.18046875,2.2376953125,0.41816406250000004,0.028431640625,0.6841796874999999,20.0,40.0,1.8,5.6
2299,0.01013671875,0.6015625,0.26328125,1.3810546875,0.41816406250000004,0.028431640625,0.6841796874999999,28.340000000000003,39.159291106964645,5.8,8.541662601625049
2300,0.01013671875,0.6015625,0.26328125,2.2376953125,0.8470703125,0.028431640625,0.6841796874999999,20.474,39.77359304865478,1.8,5.6
2301,0.01013671875,0.6015625,0.26328125,2.2376953125,0.41816406250000004,0.004755859375,0.6841796874999999,20.0,40.0,2.2,6.400000000000001
2302,0.01013671875,0.6015625,0.26328125,2.2376953125,0.41816406250000004,0.028431640625,0.7120703125,20.0,40.0,1.8,5.6
2303,0.04240234375,0.3765625,0.18046875,1.3810546875,0.8470703125,0.004755859375,0.7120703125,23.363999999999997,38.867801378518955,2.0,6.0
