row_index,w1,intervention_quarter,intervention_coverage,rebel_threshold,peak_mutiny_mean,peak_mutiny_std,collapse_quarter_mean,collapse_quarter_std
0,0.0101025390625,16.046875,0.613427734375,0.6481542968749999,49.86,42.59734076207105,11.4,10.61319932913728
1,0.048999023437500004,16.046875,0.613427734375,0.6481542968749999,85.218,17.519418255181876,14.6,1.0198039027185568
2,0.0101025390625,31.015625,0.613427734375,0.6481542968749999,69.18800000000002,38.060794211366634,12.8,6.968500556073739
3,0.0101025390625,16.046875,0.469189453125,0.6481542968749999,54.01800000000001,39.82370871729553,13.4,7.310266752998826
4,0.0101025390625,16.046875,0.613427734375,0.662236328125,45.424,44.91662079898709,7.6,10.910545357588683
5,0.048999023437500004,31.015625,0.469189453125,0.662236328125,90.614,7.665396532469799,14.8,1.1661903789690602
6,0.0451025390625,32.046875,0.963427734375,0.718154296875,89.154,11.61123180373211,15.8,1.6
7,0.0139990234375,32.046875,0.963427734375,0.718154296875,43.702,46.46137337617131,6.2,8.818163074019441
8,0.0451025390625,15.015625,0.963427734375,0.718154296875,52.242000000000004,40.7746815560833,12.8,7.19444229944198
9,0.0451025390625,32.046875,0.8191894531249999,0.718154296875,89.154,11.61123180373211,15.8,1.6
10,0.0451025390625,32.046875,0.963427734375,0.5922363281249999,92.23400000000001,6.4303082352248095,13.4,1.0198039027185568
11,0.0139990234375,15.015625,0.8191894531249999,0.5922363281249999,75.67,25.46175799115214,14.2,1.7204650534085253
12,0.0626025390625,8.046875,0.438427734375,0.613154296875,74.112,22.235229164548766,14.0,0.8944271909999159
13,0.0314990234375,8.046875,0.438427734375,0.613154296875,72.55199999999999,23.49450097363211,14.4,1.0198039027185568
14,0.0626025390625,7.015625,0.438427734375,0.613154296875,75.236,22.668189693930128,14.0,0.8944271909999159
15,0.0626025390625,8.046875,0.644189453125,0.613154296875,63.94200000000001,31.410862707031782,14.0,0.8944271909999159
16,0.0626025390625,8.046875,0.438427734375,0.627236328125,74.258,23.285188768828995,14.0,0.8944271909999159
17,0.0314990234375,7.015625,0.644189453125,0.627236328125,64.796,32.768851429368105,13.8,8.231646250902672
18,0.0276025390625,24.046875,0.7884277343749999,0.683154296875,84.54,20.847577317280777,16.4,1.854723699099141
19,0.0664990234375,24.046875,0.7884277343749999,0.683154296875,92.904,6.162131449425597,14.8,1.1661903789690602
20,0.0276025390625,23.015625,0.7884277343749999,0.683154296875,84.54,20.847577317280777,16.4,1.854723699099141
21,0.0276025390625,24.046875,0.994189453125,0.683154296875,84.54,20.847577317280777,16.4,1.854723699099141
22,0.0276025390625,24.046875,0.7884277343749999,0.697236328125,77.47200000000001,28.120666706178927,16.6,1.854723699099141
23,0.0664990234375,23.015625,0.994189453125,0.697236328125,92.394,6.65458518617051,14.8,1.1661903789690602
24,0.0363525390625,4.046875,0.875927734375,0.665654296875,35.098,36.583833806751315,9.4,8.593020423576334
25,0.0752490234375,4.046875,0.875927734375,0.665654296875,55.306,39.079525892722906,12.8,7.386474125047755
26,0.0363525390625,35.015625,0.875927734375,0.665654296875,92.964,6.410050233812524,15.2,1.16619037896906
27,0.0363525390625,4.046875,0.556689453125,0.665654296875,67.32000000000001,28.53995304831457,15.6,1.3564659966250536
28,0.0363525390625,4.046875,0.875927734375,0.6447363281249999,35.276,36.597956554977216,9.0,8.221921916437786
29,0.0752490234375,35.015625,0.556689453125,0.6447363281249999,94.884,4.222589726696166,14.0,0.8944271909999159
30,0.0713525390625,20.046875,0.525927734375,0.5956542968749999,94.13399999999999,6.542160499406907,12.2,2.7856776554368237
31,0.0402490234375,20.046875,0.525927734375,0.5956542968749999,94.25999999999999,4.839392523860821,13.4,1.0198039027185568
32,0.0713525390625,19.015625,0.525927734375,0.5956542968749999,94.168,6.490002773497097,12.2,2.7856776554368237
33,0.0713525390625,20.046875,0.906689453125,0.5956542968749999,94.13399999999999,6.542160499406907,12.2,2.7856776554368237
34,0.0713525390625,20.046875,0.525927734375,0.714736328125,94.798,5.164395027493537,15.2,1.469693845669907
35,0.0402490234375,19.015625,0.906689453125,0.714736328125,76.526,26.33745895108334,16.4,1.624807680927192
36,0.0538525390625,12.046875,0.700927734375,0.700654296875,37.738,37.13974927217468,9.2,8.4
37,0.0227490234375,12.046875,0.700927734375,0.700654296875,23.688,38.81862151081617,2.2,6.400000000000001
38,0.0538525390625,11.015625,0.700927734375,0.700654296875,60.907999999999994,33.07742275329201,14.4,8.357032966310472
39,0.0538525390625,12.046875,0.38168945312499997,0.700654296875,73.128,23.550363394223876,15.6,1.3564659966250536
40,0.0538525390625,12.046875,0.700927734375,0.679736328125,58.278,38.16477873642136,14.2,8.471127433818948
41,0.0227490234375,11.015625,0.38168945312499997,0.679736328125,64.13600000000001,32.407464942509776,12.8,6.997142273814361
42,0.0188525390625,28.046875,0.35092773437499997,0.630654296875,87.976,10.953889902678407,15.4,1.4966629547095764
43,0.057749023437500005,28.046875,0.35092773437499997,0.630654296875,93.58000000000001,5.9609026162150975,14.0,0.8944271909999159
44,0.0188525390625,27.015625,0.35092773437499997,0.630654296875,87.888,10.984231243013776,15.4,1.4966629547095764
45,0.0188525390625,28.046875,0.731689453125,0.630654296875,87.976,10.953889902678407,15.4,1.4966629547095764
46,0.0188525390625,28.046875,0.35092773437499997,0.609736328125,90.734,7.585271517882534,14.6,1.3564659966250536
47,0.057749023437500005,27.015625,0.731689453125,0.609736328125,95.74199999999999,4.675178713161667,13.8,0.7483314773547882
48,0.023227539062500004,10.046875,0.657177734375,0.586904296875,64.19,32.2377567457787,13.4,8.357032966310472
49,0.0183740234375,10.046875,0.657177734375,0.586904296875,64.92999999999999,31.965488890364245,13.6,8.380930735902785
50,0.023227539062500004,21.015625,0.657177734375,0.586904296875,93.41,5.920817511121248,13.2,1.32664991614216
51,0.023227539062500004,10.046875,0.512939453125,0.586904296875,70.45599999999999,26.450632204164798,13.8,1.3266499161421599
52,0.023227539062500004,10.046875,0.657177734375,0.635986328125,64.088,32.33057648728213,14.4,8.5463442476886
53,0.0183740234375,21.015625,0.512939453125,0.635986328125,86.09,15.452651552403555,15.6,1.3564659966250536
54,0.05822753906250001,26.046875,0.307177734375,0.656904296875,96.48600000000002,4.19241505578825,14.4,1.2
55,0.05337402343750001,26.046875,0.307177734375,0.656904296875,97.198,3.578415291717831,14.6,1.0198039027185568
56,0.05822753906250001,5.015625,0.307177734375,0.656904296875,82.494,15.437872392269604,14.6,1.0198039027185568
57,0.05822753906250001,26.046875,0.8629394531249999,0.656904296875,96.48600000000002,4.19241505578825,14.4,1.2
58,0.05822753906250001,26.046875,0.307177734375,0.705986328125,94.71000000000001,4.61867513471125,15.4,1.2
59,0.05337402343750001,5.015625,0.8629394531249999,0.705986328125,57.581999999999994,38.17483170886284,14.6,8.593020423576334
60,0.0757275390625,18.046875,0.8321777343749999,0.6219042968749999,96.168,6.043384482225169,14.0,0.8944271909999159
61,0.0708740234375,18.046875,0.8321777343749999,0.6219042968749999,96.78200000000001,5.2213193734917205,14.0,0.8944271909999159
62,0.0757275390625,13.015625,0.8321777343749999,0.6219042968749999,56.778,38.06801197856279,12.2,6.881860213634101
63,0.0757275390625,18.046875,0.33793945312499996,0.6219042968749999,96.168,6.043384482225169,14.0,0.8944271909999159
64,0.0757275390625,18.046875,0.8321777343749999,0.6709863281249999,95.30999999999999,6.22257824378288,14.4,1.2
65,0.0708740234375,13.015625,0.33793945312499996,0.6709863281249999,79.47999999999999,17.526951817130097,14.6,1.0198039027185568
66,0.040727539062500005,34.046875,0.482177734375,0.691904296875,92.266,6.362407091659569,15.8,1.6
67,0.0358740234375,34.046875,0.482177734375,0.691904296875,87.90400000000001,12.999380908335597,15.8,1.6
68,0.040727539062500005,29.015625,0.482177734375,0.691904296875,92.266,6.362407091659569,15.8,1.6
69,0.040727539062500005,34.046875,0.687939453125,0.691904296875,92.266,6.362407091659569,15.8,1.6
70,0.040727539062500005,34.046875,0.482177734375,0.600986328125,95.056,4.482493056324796,13.6,0.8
71,0.0358740234375,29.015625,0.687939453125,0.600986328125,95.61,4.272231267148351,13.6,0.8
72,0.031977539062500004,14.046875,0.394677734375,0.709404296875,64.686,31.27186953157742,16.8,1.6
73,0.04462402343750001,14.046875,0.394677734375,0.709404296875,73.958,23.001002934654828,16.0,1.6733200530681511
74,0.031977539062500004,25.015625,0.394677734375,0.709404296875,78.958,26.04241954965014,16.6,1.854723699099141
75,0.031977539062500004,14.046875,0.425439453125,0.709404296875,63.598,31.97499923377638,16.8,1.6
76,0.031977539062500004,14.046875,0.394677734375,0.653486328125,75.15599999999999,22.714441749688678,15.2,1.16619037896906
77,0.04462402343750001,25.015625,0.425439453125,0.653486328125,92.392,6.951884348865423,14.8,1.1661903789690602
78,0.06697753906250001,30.046875,0.744677734375,0.639404296875,94.14,5.279617410381173,14.0,0.8944271909999159
79,0.0796240234375,30.046875,0.744677734375,0.639404296875,95.224,5.9819247738499675,14.0,0.8944271909999159
80,0.06697753906250001,9.015625,0.744677734375,0.639404296875,61.025999999999996,35.599046953535144,12.8,7.386474125047755
81,0.06697753906250001,30.046875,0.775439453125,0.639404296875,94.14,5.279617410381173,14.0,0.8944271909999159
82,0.06697753906250001,30.046875,0.744677734375,0.583486328125,96.362,4.979423259776175,11.6,3.0066592756745814
83,0.0796240234375,9.015625,0.775439453125,0.583486328125,61.348,36.34374411091955,8.0,5.932958789676531
84,0.049477539062500006,6.046875,0.5696777343749999,0.6744042968749999,65.02000000000001,31.0496840563636,14.0,8.221921916437786
85,0.06212402343750001,6.046875,0.5696777343749999,0.6744042968749999,65.772,30.896308776292354,13.4,7.914543574963751
86,0.049477539062500006,17.015625,0.5696777343749999,0.6744042968749999,84.856,14.935366885349687,15.0,1.4142135623730951
87,0.049477539062500006,6.046875,0.6004394531249999,0.6744042968749999,63.48199999999999,32.433882530464956,14.0,8.221921916437786
88,0.049477539062500006,6.046875,0.5696777343749999,0.6184863281249999,67.0,29.932916997847038,16.4,3.9293765408777004
89,0.06212402343750001,17.015625,0.6004394531249999,0.6184863281249999,97.514,3.9684435235996487,14.0,0.8944271909999159
90,0.014477539062500001,22.046875,0.919677734375,0.604404296875,92.434,6.6053481361696615,14.4,1.4966629547095764
91,0.0271240234375,22.046875,0.919677734375,0.604404296875,93.22200000000001,5.945365926501076,14.0,1.2649110640673518
92,0.014477539062500001,33.015625,0.919677734375,0.604404296875,92.46799999999999,6.562558647356991,14.4,1.4966629547095764
93,0.014477539062500001,22.046875,0.950439453125,0.604404296875,92.434,6.6053481361696615,14.4,1.4966629547095764
94,0.014477539062500001,22.046875,0.919677734375,0.688486328125,60.42,44.588759121554396,9.6,8.685620300243386
95,0.0271240234375,33.015625,0.950439453125,0.688486328125,81.34200000000001,24.51981843325925,16.4,1.854723699099141
96,0.0166650390625,7.046875,0.329052734375,0.696279296875,52.222,42.36827133598915,9.6,8.685620300243386
97,0.0643115234375,7.046875,0.329052734375,0.696279296875,78.33,18.81796375806904,15.2,1.469693845669907
98,0.0166650390625,8.015625,0.329052734375,0.696279296875,52.824,42.412810140333775,9.6,8.685620300243386
99,0.0166650390625,7.046875,0.7973144531249999,0.696279296875,21.478,39.365186853360676,2.4,6.8
100,0.0166650390625,7.046875,0.329052734375,0.622861328125,75.922,20.329409632352828,15.6,1.3564659966250536
101,0.0643115234375,8.015625,0.7973144531249999,0.622861328125,56.88199999999999,38.08375895312856,13.0,7.615773105863909
102,0.05166503906250001,23.046875,0.6790527343749999,0.626279296875,92.05600000000001,6.948244670418566,14.0,0.8944271909999159
103,0.0293115234375,23.046875,0.6790527343749999,0.626279296875,93.50399999999999,5.730907781495004,14.4,1.0198039027185568
104,0.05166503906250001,24.015625,0.6790527343749999,0.626279296875,92.064,6.939142886553064,14.0,0.8944271909999159
105,0.05166503906250001,23.046875,0.44731445312499996,0.626279296875,92.05600000000001,6.948244670418566,14.0,0.8944271909999159
106,0.05166503906250001,23.046875,0.6790527343749999,0.692861328125,94.56,5.419269323442045,15.4,1.2
107,0.0293115234375,24.015625,0.44731445312499996,0.692861328125,83.166,21.13567751457237,16.4,1.854723699099141
108,0.0691650390625,15.046875,0.504052734375,0.661279296875,71.038,25.54722168847329,14.4,1.2
109,0.0118115234375,15.046875,0.504052734375,0.661279296875,51.779999999999994,40.844986962906475,13.6,7.418894796396563
110,0.0691650390625,32.015625,0.504052734375,0.661279296875,94.872,6.1395550327364905,14.4,1.2
111,0.0691650390625,15.046875,0.9723144531249999,0.661279296875,55.69200000000001,37.58118593126087,11.4,6.343500610861483
112,0.0691650390625,15.046875,0.504052734375,0.657861328125,71.148,25.1331409895381,14.4,1.2
113,0.0118115234375,32.015625,0.9723144531249999,0.657861328125,66.99,38.39127817616913,13.0,7.127411872482185
114,0.0341650390625,31.046875,0.854052734375,0.5912792968749999,93.922,5.168877634457988,13.2,1.32664991614216
115,0.0468115234375,31.046875,0.854052734375,0.5912792968749999,91.69200000000001,6.857193011721343,13.2,1.32664991614216
116,0.0341650390625,16.015625,0.854052734375,0.5912792968749999,88.86999999999999,12.774267885088364,13.2,1.32664991614216
117,0.0341650390625,31.046875,0.622314453125,0.5912792968749999,93.922,5.168877634457988,13.2,1.32664991614216
118,0.0341650390625,31.046875,0.854052734375,0.5878613281249999,93.212,5.577032902897381,13.2,1.32664991614216
119,0.0468115234375,16.015625,0.622314453125,0.5878613281249999,92.84200000000001,6.17988478857009,13.2,1.32664991614216
120,0.04291503906250001,19.046875,0.7665527343749999,0.608779296875,97.384,2.492120382325059,13.8,0.9797958971132713
121,0.0555615234375,19.046875,0.7665527343749999,0.608779296875,95.74799999999999,4.389507489457104,13.6,0.8
122,0.04291503906250001,4.015625,0.7665527343749999,0.608779296875,59.876,36.90305223148893,13.4,8.114185110040317
123,0.04291503906250001,19.046875,0.884814453125,0.608779296875,97.384,2.492120382325059,13.8,0.9797958971132713
124,0.04291503906250001,19.046875,0.7665527343749999,0.6753613281249999,93.03999999999999,7.19528456699247,15.2,1.16619037896906
125,0.0555615234375,4.015625,0.884814453125,0.6753613281249999,34.626000000000005,36.550275293080894,9.0,8.221921916437786
126,0.0779150390625,35.046875,0.41655273437499996,0.6787792968749999,96.038,5.427686063139614,14.4,1.2
127,0.0205615234375,35.046875,0.41655273437499996,0.6787792968749999,73.23400000000001,32.87451815616466,12.8,6.997142273814361
128,0.0779150390625,20.015625,0.41655273437499996,0.6787792968749999,96.038,5.427686063139614,14.4,1.2
129,0.0779150390625,35.046875,0.534814453125,0.6787792968749999,96.038,5.427686063139614,14.4,1.2
130,0.0779150390625,35.046875,0.41655273437499996,0.605361328125,95.998,5.0863833909763425,12.4,2.8
131,0.0205615234375,20.015625,0.534814453125,0.605361328125,93.68199999999999,5.400712545581371,14.2,1.16619037896906
132,0.06041503906250001,11.046875,0.9415527343749999,0.643779296875,51.40599999999999,41.07846228864951,13.0,7.615773105863909
133,0.0380615234375,11.046875,0.9415527343749999,0.643779296875,31.312,36.639366479239236,9.0,8.221921916437786
134,0.06041503906250001,28.015625,0.9415527343749999,0.643779296875,93.03999999999999,6.6219121105614205,14.2,1.16619037896906
135,0.06041503906250001,11.046875,0.7098144531249999,0.643779296875,60.894000000000005,33.15478583854826,13.0,7.615773105863909
136,0.06041503906250001,11.046875,0.9415527343749999,0.640361328125,51.779999999999994,40.844248065058075,13.0,7.615773105863909
137,0.0380615234375,28.015625,0.7098144531249999,0.640361328125,93.824,6.569522357066761,14.8,1.1661903789690602
138,0.025415039062500002,27.046875,0.591552734375,0.713779296875,64.90599999999999,39.78579223793338,13.2,7.277362159464101
139,0.0730615234375,27.046875,0.591552734375,0.713779296875,93.89200000000001,5.883235164431216,15.0,1.4142135623730951
140,0.025415039062500002,12.015625,0.591552734375,0.713779296875,45.928,44.561922489946504,7.2,10.43839068055991
141,0.025415039062500002,27.046875,0.359814453125,0.713779296875,64.90599999999999,39.78579223793338,13.2,7.277362159464101
142,0.025415039062500002,27.046875,0.591552734375,0.710361328125,66.162,38.674560320706945,13.0,7.155417527999327
143,0.0730615234375,12.015625,0.359814453125,0.710361328125,74.688,22.0972490595549,15.2,1.469693845669907
144,0.0210400390625,13.046875,0.985302734375,0.670029296875,27.642000000000003,37.67442761343562,6.2,8.908422980528035
145,0.033686523437500004,13.046875,0.985302734375,0.670029296875,32.328,36.55159389137497,9.6,8.8
146,0.0210400390625,18.015625,0.985302734375,0.670029296875,68.60799999999999,36.481149872228535,12.4,6.829348431585549
147,0.0210400390625,13.046875,0.841064453125,0.670029296875,29.772000000000002,37.72277317483432,6.0,8.62554346113913
148,0.0210400390625,13.046875,0.985302734375,0.684111328125,24.784,38.43429437364501,6.2,8.908422980528035
149,0.033686523437500004,18.015625,0.841064453125,0.684111328125,75.29,27.139290337074033,16.0,1.8973665961010275
150,0.056040039062500005,29.046875,0.635302734375,0.600029296875,92.83,6.180944911581076,13.4,1.0198039027185568
151,0.06868652343750001,29.046875,0.635302734375,0.600029296875,95.04,6.079812497108771,12.2,2.7856776554368237
152,0.056040039062500005,34.015625,0.635302734375,0.600029296875,92.83200000000001,6.1783408776143105,13.4,1.0198039027185568
153,0.056040039062500005,29.046875,0.49106445312499997,0.600029296875,92.83,6.180944911581076,13.4,1.0198039027185568
154,0.056040039062500005,29.046875,0.635302734375,0.6141113281249999,97.218,3.655534981367297,14.0,0.8944271909999159
155,0.06868652343750001,34.015625,0.49106445312499997,0.6141113281249999,95.566,5.967758708258905,13.8,0.7483314773547882
156,0.0735400390625,5.046875,0.810302734375,0.7050292968749999,58.694,37.79926644790874,13.4,7.552483035399683
157,0.051186523437500006,5.046875,0.810302734375,0.7050292968749999,58.64200000000001,37.81617558664546,14.4,8.357032966310472
158,0.0735400390625,26.015625,0.810302734375,0.7050292968749999,92.69200000000001,6.4291442665412335,14.8,1.1661903789690602
159,0.0735400390625,5.046875,0.666064453125,0.7050292968749999,64.518,32.46101748251277,12.0,6.603029607687671
160,0.0735400390625,5.046875,0.810302734375,0.6491113281249999,59.50999999999999,37.58014050000345,12.6,7.172168430816443
161,0.051186523437500006,26.015625,0.666064453125,0.6491113281249999,96.4,3.7453544558559466,14.4,1.2
162,0.0385400390625,21.046875,0.46030273437499997,0.635029296875,95.014,5.275352500070493,14.4,1.0198039027185568
163,0.016186523437500003,21.046875,0.46030273437499997,0.635029296875,83.82,21.012806571231742,15.8,1.469693845669907
164,0.0385400390625,10.015625,0.46030273437499997,0.635029296875,73.874,23.121601674624532,14.6,1.0198039027185568
165,0.0385400390625,21.046875,0.316064453125,0.635029296875,95.014,5.275352500070493,14.4,1.0198039027185568
166,0.0385400390625,21.046875,0.46030273437499997,0.719111328125,83.824,20.515903684702753,16.6,1.854723699099141
167,0.016186523437500003,10.015625,0.316064453125,0.719111328125,44.052,46.276503930180375,10.0,9.033271832508971
168,0.029790039062500002,9.046875,0.5478027343749999,0.6175292968749999,68.908,28.213766427047627,14.4,1.0198039027185568
169,0.024936523437500004,9.046875,0.5478027343749999,0.6175292968749999,69.25999999999999,27.983444391282497,14.6,1.3564659966250536
170,0.029790039062500002,14.015625,0.5478027343749999,0.6175292968749999,68.508,29.51111410977227,14.6,1.0198039027185568
171,0.029790039062500002,9.046875,0.753564453125,0.6175292968749999,60.286,36.302139110526255,13.8,8.44748483277715
172,0.029790039062500002,9.046875,0.5478027343749999,0.631611328125,69.148,27.194763760694816,15.0,1.4142135623730951
173,0.024936523437500004,14.015625,0.753564453125,0.631611328125,59.662,37.53029943925308,14.0,8.48528137423857
174,0.0647900390625,25.046875,0.8978027343749999,0.687529296875,91.64999999999999,6.919098207136536,14.8,1.1661903789690602
175,0.05993652343750001,25.046875,0.8978027343749999,0.687529296875,92.374,6.427430590834881,14.8,1.1661903789690602
176,0.0647900390625,30.015625,0.8978027343749999,0.687529296875,91.64999999999999,6.919098207136536,14.8,1.1661903789690602
177,0.0647900390625,25.046875,0.403564453125,0.687529296875,91.64999999999999,6.919098207136536,14.8,1.1661903789690602
178,0.0647900390625,25.046875,0.8978027343749999,0.7016113281249999,94.21400000000001,5.528010853824366,15.0,1.4142135623730951
179,0.05993652343750001,30.015625,0.403564453125,0.7016113281249999,95.708,4.112645863674625,15.4,1.2
180,0.047290039062500004,17.046875,0.372802734375,0.582529296875,94.97999999999999,5.5199311589910245,13.0,1.6733200530681511
181,0.0774365234375,17.046875,0.372802734375,0.582529296875,95.756,5.4518899475319555,10.0,3.63318042491699
182,0.047290039062500004,22.015625,0.372802734375,0.582529296875,94.97999999999999,5.5199311589910245,13.0,1.6733200530681511
183,0.047290039062500004,17.046875,0.9285644531249999,0.582529296875,94.97999999999999,5.5199311589910245,13.0,1.6733200530681511
184,0.047290039062500004,17.046875,0.372802734375,0.666611328125,87.006,11.56495499342734,15.0,1.4142135623730951
185,0.0774365234375,22.015625,0.9285644531249999,0.666611328125,95.17,5.333827893736353,14.4,1.2
186,0.0122900390625,33.046875,0.722802734375,0.6525292968749999,70.634,37.70561210217917,12.8,6.968500556073739
187,0.042436523437500005,33.046875,0.722802734375,0.6525292968749999,91.97999999999999,6.813445530713519,14.8,1.1661903789690602
188,0.0122900390625,6.015625,0.722802734375,0.6525292968749999,25.698,38.56811761027494,6.2,8.908422980528035
189,0.0122900390625,33.046875,0.578564453125,0.6525292968749999,70.634,37.70561210217917,12.8,6.968500556073739
190,0.0122900390625,33.046875,0.722802734375,0.596611328125,92.14000000000001,6.6327580990112995,14.2,1.7204650534085253
191,0.042436523437500005,6.015625,0.578564453125,0.596611328125,65.14,31.31470708788444,13.2,8.059776671843954
192,0.0133837890625,8.546875,0.8431152343749999,0.711591796875,20.0,40.0,2.6,7.200000000000001
193,0.05665527343750001,8.546875,0.8431152343749999,0.711591796875,33.384,36.52926147624668,9.4,8.593020423576334
194,0.0133837890625,10.515625,0.8431152343749999,0.711591796875,20.0,40.0,2.6,7.200000000000001
195,0.0133837890625,8.546875,0.961376953125,0.711591796875,20.0,40.0,2.6,7.200000000000001
196,0.0133837890625,8.546875,0.8431152343749999,0.611923828125,32.788000000000004,36.68324434943016,9.4,8.63944442658207
197,0.05665527343750001,10.515625,0.961376953125,0.611923828125,55.20799999999999,39.12438543926282,13.0,7.797435475847171
198,0.04838378906250001,24.546875,0.493115234375,0.641591796875,95.78999999999999,3.890038560220194,14.2,1.16619037896906
199,0.0216552734375,24.546875,0.493115234375,0.641591796875,88.334,11.79939930674439,15.4,1.4966629547095764
200,0.04838378906250001,26.515625,0.493115234375,0.641591796875,95.78999999999999,3.890038560220194,14.2,1.16619037896906
201,0.04838378906250001,24.546875,0.611376953125,0.641591796875,95.78999999999999,3.890038560220194,14.2,1.16619037896906
202,0.04838378906250001,24.546875,0.493115234375,0.681923828125,95.576,3.9473971170886766,15.2,1.16619037896906
203,0.0216552734375,26.515625,0.611376953125,0.681923828125,73.91600000000001,32.166852876835804,12.8,6.997142273814361
204,0.0658837890625,16.546875,0.668115234375,0.6765917968749999,81.604,18.4103151521097,14.8,1.1661903789690602
205,0.039155273437500006,16.546875,0.668115234375,0.6765917968749999,64.848,31.276724508810062,12.4,6.887670143089026
206,0.0658837890625,34.515625,0.668115234375,0.6765917968749999,94.8,4.788640725717476,14.8,1.1661903789690602
207,0.0658837890625,16.546875,0.786376953125,0.6765917968749999,79.252,21.255428859470232,14.8,1.1661903789690602
208,0.0658837890625,16.546875,0.668115234375,0.716923828125,65.05,33.10976170255533,12.2,6.734983296193095
209,0.039155273437500006,34.515625,0.786376953125,0.716923828125,83.60400000000001,20.705853858269165,16.6,1.854723699099141
210,0.0308837890625,32.546875,0.318115234375,0.606591796875,92.89000000000001,6.385283079081147,14.0,1.2649110640673518
211,0.0741552734375,32.546875,0.318115234375,0.606591796875,96.694,4.080890098985756,12.4,2.8
212,0.0308837890625,18.515625,0.318115234375,0.606591796875,92.924,6.338992348946321,14.0,1.2649110640673518
213,0.0308837890625,32.546875,0.43637695312499997,0.606591796875,92.89000000000001,6.385283079081147,14.0,1.2649110640673518
214,0.0308837890625,32.546875,0.318115234375,0.6469238281249999,91.904,7.073218786380073,15.0,1.4142135623730951
215,0.0741552734375,18.515625,0.43637695312499997,0.6469238281249999,94.41400000000002,5.332382581923391,14.0,0.8944271909999159
216,0.0396337890625,12.546875,0.580615234375,0.5890917968749999,69.33,25.583534548611535,15.4,4.498888751680798
217,0.06540527343750001,12.546875,0.580615234375,0.5890917968749999,70.96400000000001,24.86476591484424,12.0,2.8284271247461903
218,0.0396337890625,6.515625,0.580615234375,0.5890917968749999,64.06800000000001,31.820706717481936,13.0,8.024961059095553
219,0.0396337890625,12.546875,0.698876953125,0.5890917968749999,44.988,32.4529785381866,10.4,5.851495535331117
220,0.0396337890625,12.546875,0.580615234375,0.6994238281249999,61.096000000000004,34.09982439837484,14.6,8.42852300228219
221,0.06540527343750001,6.515625,0.698876953125,0.6994238281249999,58.318000000000005,37.01706006694751,13.8,7.984985911070852
222,0.0746337890625,28.546875,0.930615234375,0.659091796875,95.386,4.806976596572941,14.4,1.2
223,0.030405273437500005,28.546875,0.930615234375,0.659091796875,93.462,5.917352110530521,15.4,1.4966629547095764
224,0.0746337890625,22.515625,0.930615234375,0.659091796875,95.386,4.806976596572941,14.4,1.2
225,0.0746337890625,28.546875,0.348876953125,0.659091796875,95.386,4.806976596572941,14.4,1.2
226,0.0746337890625,28.546875,0.930615234375,0.629423828125,95.586,5.058935065801893,14.0,0.8944271909999159
227,0.030405273437500005,22.515625,0.348876953125,0.629423828125,93.476,6.188248863773983,14.6,1.3564659966250536
228,0.05713378906250001,4.546875,0.40561523437499997,0.6240917968749999,76.77799999999999,21.7016703504592,14.0,0.8944271909999159
229,0.0129052734375,4.546875,0.40561523437499997,0.6240917968749999,67.444,28.49000989820818,16.0,1.7888543819998317
230,0.05713378906250001,30.515625,0.40561523437499997,0.6240917968749999,95.91,4.822045209244725,14.0,0.8944271909999159
231,0.05713378906250001,4.546875,0.8738769531249999,0.6240917968749999,36.86,36.775404824420356,8.4,7.735631842325487
232,0.05713378906250001,4.546875,0.40561523437499997,0.5944238281249999,76.06,21.774671524502956,13.4,1.0198039027185568
233,0.0129052734375,30.515625,0.8738769531249999,0.5944238281249999,92.422,6.391639539273158,14.2,1.7204650534085253
234,0.0221337890625,20.546875,0.755615234375,0.694091796875,68.16600000000001,38.34450135286675,13.0,7.155417527999327
235,0.04790527343750001,20.546875,0.755615234375,0.694091796875,91.458,7.149003846690811,15.6,1.3564659966250536
236,0.0221337890625,14.515625,0.755615234375,0.694091796875,46.022,45.368601653566536,11.4,10.61319932913728
237,0.0221337890625,20.546875,0.5238769531249999,0.694091796875,68.16600000000001,38.34450135286675,13.0,7.155417527999327
238,0.0221337890625,20.546875,0.755615234375,0.664423828125,83.552,20.77124107991624,16.2,1.7204650534085253
239,0.04790527343750001,14.515625,0.5238769531249999,0.664423828125,68.894,28.57748876301065,15.0,1.4142135623730951
240,0.026508789062500003,18.546875,0.449365234375,0.6503417968749999,86.43800000000002,14.081490546103419,15.4,1.4966629547095764
241,0.0260302734375,18.546875,0.449365234375,0.6503417968749999,85.948,15.024129126175668,15.4,1.4966629547095764
242,0.026508789062500003,16.515625,0.449365234375,0.6503417968749999,75.74600000000001,20.02082276031632,15.6,1.624807680927192
243,0.026508789062500003,18.546875,0.6551269531249999,0.6503417968749999,84.196,17.415109072296964,15.4,1.4966629547095764
244,0.026508789062500003,18.546875,0.449365234375,0.690673828125,70.518,29.868256326742607,12.6,6.945502141674135
245,0.0260302734375,16.515625,0.6551269531249999,0.690673828125,53.678,40.52837149454688,9.0,8.270429251254134
246,0.061508789062500006,34.546875,0.799365234375,0.580341796875,95.57000000000001,5.930214161394173,11.4,3.0724582991474434
247,0.061030273437500004,34.546875,0.799365234375,0.580341796875,95.666,5.909326865219083,11.4,3.0724582991474434
248,0.061508789062500006,32.515625,0.799365234375,0.580341796875,95.57000000000001,5.930214161394173,11.4,3.0724582991474434
249,0.061508789062500006,34.546875,0.305126953125,0.580341796875,95.57000000000001,5.930214161394173,11.4,3.0724582991474434
250,0.061508789062500006,34.546875,0.799365234375,0.6206738281249999,97.546,3.6938846760558164,14.0,0.8944271909999159
251,0.061030273437500004,32.515625,0.305126953125,0.6206738281249999,97.572,3.6268410497290904,14.0,0.8944271909999159
252,0.0790087890625,10.546875,0.6243652343749999,0.685341796875,66.806,30.054619345451705,15.8,1.9390719429665315
253,0.0785302734375,10.546875,0.6243652343749999,0.685341796875,66.68199999999999,30.16641669141365,15.8,1.9390719429665315
254,0.0790087890625,24.515625,0.6243652343749999,0.685341796875,95.71199999999999,4.490716646594394,14.4,1.2
255,0.0790087890625,10.546875,0.830126953125,0.685341796875,57.88399999999999,38.07010039387866,12.8,7.249827584156743
256,0.0790087890625,10.546875,0.6243652343749999,0.5856738281249999,67.822,29.910362351532957,15.4,11.394735626595292
257,0.0785302734375,24.515625,0.830126953125,0.5856738281249999,96.292,4.656893385079802,10.4,3.4985711369071804
258,0.044008789062500005,26.546875,0.974365234375,0.615341796875,95.58800000000001,4.295920855881774,14.0,0.8944271909999159
259,0.0435302734375,26.546875,0.974365234375,0.615341796875,95.078,4.85163230263795,14.0,0.8944271909999159
260,0.044008789062500005,8.515625,0.974365234375,0.615341796875,31.168,36.650229139802114,8.4,7.735631842325487
261,0.044008789062500005,26.546875,0.480126953125,0.615341796875,95.58800000000001,4.295920855881774,14.0,0.8944271909999159
262,0.044008789062500005,26.546875,0.974365234375,0.655673828125,91.37400000000001,7.0946391028719695,14.8,1.1661903789690602
263,0.0435302734375,8.515625,0.480126953125,0.655673828125,69.61600000000001,25.98480217357831,15.2,1.16619037896906
264,0.035258789062500004,6.546875,0.711865234375,0.632841796875,37.884,36.38165174919907,8.8,8.109253973085318
265,0.0347802734375,6.546875,0.711865234375,0.632841796875,37.739999999999995,36.35799279388234,8.8,8.109253973085318
266,0.035258789062500004,12.515625,0.711865234375,0.632841796875,37.9,37.10057196324606,8.8,8.109253973085318
267,0.035258789062500004,6.546875,0.9176269531249999,0.632841796875,32.263999999999996,36.711405639119846,9.0,8.221921916437786
268,0.035258789062500004,6.546875,0.711865234375,0.603173828125,38.624,36.49402011288973,8.4,7.735631842325487
269,0.0347802734375,12.515625,0.9176269531249999,0.603173828125,33.4,36.852608591523065,8.4,7.735631842325487
270,0.07025878906250001,22.546875,0.36186523437499996,0.7028417968749999,92.938,6.408614202774261,14.8,1.1661903789690602
271,0.0697802734375,22.546875,0.36186523437499996,0.7028417968749999,92.834,6.600292720781405,14.8,1.1661903789690602
272,0.07025878906250001,28.515625,0.36186523437499996,0.7028417968749999,92.938,6.408614202774261,14.8,1.1661903789690602
273,0.07025878906250001,22.546875,0.567626953125,0.7028417968749999,92.938,6.408614202774261,14.8,1.1661903789690602
274,0.07025878906250001,22.546875,0.36186523437499996,0.6731738281249999,96.54799999999999,4.697511681731086,14.4,1.2
275,0.0697802734375,28.515625,0.567626953125,0.6731738281249999,96.544,4.5593183701075315,14.4,1.2
276,0.052758789062500006,14.546875,0.8868652343749999,0.5978417968749999,71.57000000000001,25.318793020205366,13.4,1.0198039027185568
277,0.052280273437500004,14.546875,0.8868652343749999,0.5978417968749999,71.67,25.231042784633374,13.4,1.0198039027185568
278,0.052758789062500006,20.515625,0.8868652343749999,0.5978417968749999,92.30999999999999,6.612061705701181,13.4,1.0198039027185568
279,0.052758789062500006,14.546875,0.7426269531249999,0.5978417968749999,74.45,22.188858465455134,13.4,1.0198039027185568
280,0.052758789062500006,14.546875,0.8868652343749999,0.708173828125,37.016,36.80124650062821,9.4,8.593020423576334
281,0.052280273437500004,20.515625,0.7426269531249999,0.708173828125,91.146,7.240744713080277,15.6,1.3564659966250536
282,0.017758789062500002,30.546875,0.536865234375,0.667841796875,72.908,33.482035421999065,12.6,6.887670143089026
283,0.0172802734375,30.546875,0.536865234375,0.667841796875,71.90599999999999,34.85772775153308,12.6,6.887670143089026
284,0.017758789062500002,4.515625,0.536865234375,0.667841796875,55.90599999999999,38.11523034168887,13.0,7.0710678118654755
285,0.017758789062500002,30.546875,0.39262695312499996,0.667841796875,72.908,33.482035421999065,12.6,6.887670143089026
286,0.017758789062500002,30.546875,0.536865234375,0.638173828125,84.602,19.745113218211742,15.8,1.469693845669907
287,0.0172802734375,4.515625,0.39262695312499996,0.638173828125,68.7,27.58564916763787,16.0,1.7888543819998317
288,0.0155712890625,15.546875,0.821240234375,0.628466796875,56.50599999999999,36.89291400797719,15.0,8.921883209278185
289,0.07196777343750001,15.546875,0.821240234375,0.628466796875,76.912,24.9887986105775,14.0,0.8944271909999159
290,0.0155712890625,29.515625,0.821240234375,0.628466796875,84.26199999999999,18.13534714307945,15.6,1.3564659966250536
291,0.0155712890625,15.546875,0.633251953125,0.628466796875,60.888,33.73775949881675,16.2,1.7204650534085253
292,0.0155712890625,15.546875,0.821240234375,0.7037988281249999,40.0,48.98979485566356,8.0,11.55854662143991
293,0.07196777343750001,29.515625,0.633251953125,0.7037988281249999,92.364,6.813247683740847,14.8,1.1661903789690602
294,0.050571289062500004,31.546875,0.47124023437499996,0.698466796875,91.10799999999999,7.398073803362603,15.4,1.2
295,0.036967773437500004,31.546875,0.47124023437499996,0.698466796875,87.77599999999998,14.688404406197426,15.8,1.6
296,0.050571289062500004,13.515625,0.47124023437499996,0.698466796875,70.034,25.894389044733224,15.6,1.3564659966250536
297,0.050571289062500004,31.546875,0.9832519531249999,0.698466796875,91.10799999999999,7.398073803362603,15.4,1.2
298,0.050571289062500004,31.546875,0.47124023437499996,0.633798828125,92.446,6.429623939236257,14.2,1.16619037896906
299,0.036967773437500004,13.515625,0.9832519531249999,0.633798828125,32.57,36.529297830645476,8.8,8.109253973085318
300,0.0680712890625,7.546875,0.9962402343749999,0.5934667968749999,55.641999999999996,39.01200758740826,11.2,7.547184905645283
301,0.019467773437500002,7.546875,0.9962402343749999,0.5934667968749999,34.684000000000005,36.56394978664095,8.6,7.939773296511683
302,0.0680712890625,5.515625,0.9962402343749999,0.5934667968749999,56.15999999999999,38.75023819281631,12.6,7.49933330370107
303,0.0680712890625,7.546875,0.458251953125,0.5934667968749999,73.72,24.72279838529611,12.2,2.7856776554368237
304,0.0680712890625,7.546875,0.9962402343749999,0.598798828125,55.83599999999999,38.942873340317355,12.4,7.255342858886822
305,0.019467773437500002,5.515625,0.458251953125,0.598798828125,72.682,24.370222321513605,14.2,1.16619037896906
306,0.0330712890625,23.546875,0.646240234375,0.663466796875,93.36800000000001,6.3690482805518105,15.2,1.16619037896906
307,0.054467773437500006,23.546875,0.646240234375,0.663466796875,94.828,4.281903315115838,14.8,1.1661903789690602
308,0.0330712890625,21.515625,0.646240234375,0.663466796875,93.36800000000001,6.3690482805518105,15.2,1.16619037896906
309,0.0330712890625,23.546875,0.8082519531249999,0.663466796875,93.36800000000001,6.3690482805518105,15.2,1.16619037896906
310,0.0330712890625,23.546875,0.646240234375,0.6687988281249999,93.344,5.658475413041927,15.8,1.6
311,0.054467773437500006,21.515625,0.8082519531249999,0.6687988281249999,90.58600000000001,7.690403370435129,14.8,1.1661903789690602
312,0.0418212890625,11.546875,0.383740234375,0.680966796875,75.26599999999999,20.45900936018164,15.6,1.3564659966250536
313,0.045717773437500005,11.546875,0.383740234375,0.680966796875,76.104,19.94637470820199,15.4,1.2
314,0.0418212890625,33.515625,0.383740234375,0.680966796875,92.672,6.733805461995466,15.4,1.2
315,0.0418212890625,11.546875,0.370751953125,0.680966796875,75.96400000000001,19.865085552295014,15.6,1.3564659966250536
316,0.0418212890625,11.546875,0.383740234375,0.581298828125,77.678,18.829519802692793,13.0,1.6733200530681511
317,0.045717773437500005,33.515625,0.370751953125,0.581298828125,94.978,5.856310784102906,13.0,1.6733200530681511
318,0.0768212890625,27.546875,0.7337402343749999,0.610966796875,97.788,3.2125653300750185,12.6,2.870540018881465
319,0.0107177734375,27.546875,0.7337402343749999,0.610966796875,83.752,19.027595118669094,15.4,1.4966629547095764
320,0.0768212890625,17.515625,0.7337402343749999,0.610966796875,97.788,3.2125653300750185,12.6,2.870540018881465
321,0.0768212890625,27.546875,0.720751953125,0.610966796875,97.788,3.2125653300750185,12.6,2.870540018881465
322,0.0768212890625,27.546875,0.7337402343749999,0.651298828125,94.382,5.877528051825868,14.0,0.8944271909999159
323,0.0107177734375,17.515625,0.720751953125,0.651298828125,51.529999999999994,41.00115315451506,13.0,7.127411872482185
324,0.059321289062500004,19.546875,0.558740234375,0.715966796875,89.83,8.38312113714218,15.6,1.3564659966250536
325,0.028217773437500003,19.546875,0.558740234375,0.715966796875,62.306,38.600446422288954,13.0,7.155417527999327
326,0.059321289062500004,9.515625,0.558740234375,0.715966796875,67.218,29.037519453286638,15.6,1.3564659966250536
327,0.059321289062500004,19.546875,0.5457519531249999,0.715966796875,89.83,8.38312113714218,15.6,1.3564659966250536
328,0.059321289062500004,19.546875,0.558740234375,0.686298828125,92.292,6.480109258338166,14.8,1.1661903789690602
329,0.028217773437500003,9.515625,0.5457519531249999,0.686298828125,63.802,32.32595081354917,16.6,1.854723699099141
330,0.0243212890625,35.546875,0.908740234375,0.645966796875,90.086,8.803657421776474,15.4,1.4966629547095764
331,0.0632177734375,35.546875,0.908740234375,0.645966796875,93.876,5.752086925629686,14.2,1.16619037896906
332,0.0243212890625,25.515625,0.908740234375,0.645966796875,90.086,8.803657421776474,15.4,1.4966629547095764
333,0.0243212890625,35.546875,0.895751953125,0.645966796875,90.086,8.803657421776474,15.4,1.4966629547095764
334,0.0243212890625,35.546875,0.908740234375,0.6162988281249999,92.894,6.016951387538378,14.4,1.0198039027185568
335,0.0632177734375,25.515625,0.895751953125,0.6162988281249999,96.71000000000001,4.916942139175523,14.0,0.8944271909999159
336,0.0199462890625,5.546875,0.5149902343749999,0.602216796875,71.024,26.118105291157704,14.4,1.0198039027185568
337,0.04134277343750001,5.546875,0.5149902343749999,0.602216796875,73.026,25.525768627016895,14.0,0.8944271909999159
338,0.0199462890625,23.515625,0.5149902343749999,0.602216796875,92.772,5.98842349871817,14.2,1.16619037896906
339,0.0199462890625,5.546875,0.32700195312499997,0.602216796875,79.18199999999999,18.318408664510134,14.2,1.16619037896906
340,0.0199462890625,5.546875,0.5149902343749999,0.5900488281249999,71.85999999999999,26.25447238091065,14.0,1.4142135623730951
341,0.04134277343750001,23.515625,0.32700195312499997,0.5900488281249999,91.792,6.732433141145926,13.2,1.32664991614216
342,0.05494628906250001,21.546875,0.864990234375,0.6722167968749999,90.636,7.649485211437432,14.8,1.1661903789690602
343,0.0763427734375,21.546875,0.864990234375,0.6722167968749999,95.466,6.111319333826373,14.4,1.2
344,0.05494628906250001,7.515625,0.864990234375,0.6722167968749999,36.523999999999994,36.72624434923887,9.0,8.221921916437786
345,0.05494628906250001,21.546875,0.677001953125,0.6722167968749999,90.636,7.649485211437432,14.8,1.1661903789690602
346,0.05494628906250001,21.546875,0.864990234375,0.660048828125,97.066,3.43290897053796,14.6,1.0198039027185568
347,0.0763427734375,7.515625,0.677001953125,0.660048828125,63.998000000000005,34.037862095025886,12.6,7.172168430816443
348,0.0724462890625,13.546875,0.339990234375,0.637216796875,79.31,19.437958740567385,14.0,0.8944271909999159
349,0.05884277343750001,13.546875,0.339990234375,0.637216796875,77.452,19.543880269792894,14.2,1.16619037896906
350,0.0724462890625,15.515625,0.339990234375,0.637216796875,84.482,13.058896431169062,14.0,0.8944271909999159
351,0.0724462890625,13.546875,0.502001953125,0.637216796875,71.638,26.16327074354428,14.0,0.8944271909999159
352,0.0724462890625,13.546875,0.339990234375,0.695048828125,77.21799999999999,20.110961588148886,14.8,1.1661903789690602
353,0.05884277343750001,15.515625,0.502001953125,0.695048828125,70.58,26.84984394740498,15.2,1.469693845669907
354,0.037446289062500006,29.546875,0.689990234375,0.7072167968749999,84.046,18.964055051596958,16.0,1.4142135623730951
355,0.0238427734375,29.546875,0.689990234375,0.7072167968749999,65.184,39.20429241805035,13.0,7.155417527999327
356,0.037446289062500006,31.515625,0.689990234375,0.7072167968749999,84.046,18.964055051596958,16.0,1.4142135623730951
357,0.037446289062500006,29.546875,0.852001953125,0.7072167968749999,84.046,18.964055051596958,16.0,1.4142135623730951
358,0.037446289062500006,29.546875,0.689990234375,0.625048828125,93.80199999999999,5.10122103030245,14.2,1.16619037896906
359,0.0238427734375,31.515625,0.852001953125,0.625048828125,92.58399999999999,6.883733289429509,14.8,1.469693845669907
360,0.028696289062500005,17.546875,0.9524902343749999,0.689716796875,53.70399999999999,37.89571089186743,12.6,7.002856560004639
361,0.015092773437500002,17.546875,0.9524902343749999,0.689716796875,40.902,48.28140859585602,5.8,8.328265125462805
362,0.028696289062500005,27.515625,0.9524902343749999,0.689716796875,83.346,20.750161059615902,16.4,1.854723699099141
363,0.028696289062500005,17.546875,0.589501953125,0.689716796875,63.29200000000001,30.758721299819992,16.4,1.854723699099141
364,0.028696289062500005,17.546875,0.9524902343749999,0.712548828125,44.63,45.57474124995117,5.4,7.8383671769061705
365,0.015092773437500002,27.515625,0.589501953125,0.712548828125,48.37,44.84002230151096,10.0,9.033271832508971
366,0.06369628906250001,33.546875,0.602490234375,0.6197167968749999,97.454,4.147942140387205,14.0,0.8944271909999159
367,0.05009277343750001,33.546875,0.602490234375,0.6197167968749999,96.148,3.2084226654229937,14.0,0.8944271909999159
368,0.06369628906250001,11.515625,0.602490234375,0.6197167968749999,67.946,27.522809158950327,15.4,2.4166091947189146
369,0.06369628906250001,33.546875,0.939501953125,0.6197167968749999,97.454,4.147942140387205,14.0,0.8944271909999159
370,0.06369628906250001,33.546875,0.602490234375,0.642548828125,94.376,5.576488500839934,14.0,0.8944271909999159
371,0.05009277343750001,11.515625,0.939501953125,0.642548828125,32.128,36.622366608399304,8.8,8.109253973085318
372,0.04619628906250001,9.546875,0.777490234375,0.654716796875,38.516,36.6015303505195,9.0,8.221921916437786
373,0.0675927734375,9.546875,0.777490234375,0.654716796875,59.008,37.29361629019101,12.8,7.386474125047755
374,0.04619628906250001,19.515625,0.777490234375,0.654716796875,92.56,6.950211507572991,14.8,1.1661903789690602
375,0.04619628906250001,9.546875,0.414501953125,0.654716796875,74.474,21.95948779001915,14.8,1.1661903789690602
376,0.04619628906250001,9.546875,0.777490234375,0.607548828125,40.684,37.18180662635962,8.4,7.735631842325487
377,0.0675927734375,19.515625,0.414501953125,0.607548828125,95.434,3.86582772508036,13.6,0.8
378,0.0111962890625,25.546875,0.427490234375,0.584716796875,92.08,6.597129678883084,13.6,1.624807680927192
379,0.0325927734375,25.546875,0.427490234375,0.584716796875,92.616,6.081311042859098,13.2,1.32664991614216
380,0.0111962890625,35.515625,0.427490234375,0.584716796875,92.08,6.597129678883084,13.6,1.624807680927192
381,0.0111962890625,25.546875,0.7645019531249999,0.584716796875,92.08,6.597129678883084,13.6,1.624807680927192
382,0.0111962890625,25.546875,0.427490234375,0.677548828125,59.81400000000001,45.387596367289596,9.8,8.840814442120138
383,0.0325927734375,35.515625,0.7645019531249999,0.677548828125,89.326,11.084612036512597,15.8,1.6
384,0.0117431640625,4.796875,0.7392089843749999,0.673310546875,43.03,46.63569276852227,7.4,10.594338110519223
385,0.021108398437500002,4.796875,0.7392089843749999,0.673310546875,51.63199999999999,41.359406862284665,11.0,10.21763181955584
386,0.0117431640625,25.265625,0.7392089843749999,0.673310546875,61.14000000000001,42.79964065269707,9.6,8.662563131083086
387,0.0117431640625,4.796875,0.715283203125,0.673310546875,43.556,46.21091542049346,7.4,10.594338110519223
388,0.0117431640625,4.796875,0.7392089843749999,0.667705078125,44.036,45.963256890694765,7.4,10.594338110519223
389,0.021108398437500002,25.265625,0.715283203125,0.667705078125,82.092,26.915672311870644,16.4,1.854723699099141
390,0.04674316406250001,20.796875,0.38920898437499996,0.603310546875,95.118,4.290260598145527,13.6,0.8
391,0.056108398437500005,20.796875,0.38920898437499996,0.603310546875,93.758,5.733963376234629,13.6,0.8
392,0.04674316406250001,9.265625,0.38920898437499996,0.603310546875,77.85600000000001,20.355163079670962,13.6,0.8
393,0.04674316406250001,20.796875,0.36528320312499996,0.603310546875,95.118,4.290260598145527,13.6,0.8
394,0.04674316406250001,20.796875,0.38920898437499996,0.597705078125,93.034,6.091724222254322,13.4,1.0198039027185568
395,0.056108398437500005,9.265625,0.36528320312499996,0.597705078125,77.03,20.511661073642966,13.6,0.8
396,0.06424316406250001,12.796875,0.9142089843749999,0.708310546875,53.528,40.29303185415562,13.6,7.631513611335565
397,0.0736083984375,12.796875,0.9142089843749999,0.708310546875,52.674,40.689313388161274,13.4,7.445804187594515
398,0.06424316406250001,17.265625,0.9142089843749999,0.708310546875,78.518,24.854335155058966,15.2,1.469693845669907
399,0.06424316406250001,12.796875,0.8902832031249999,0.708310546875,54.152,39.99661755698849,13.6,7.631513611335565
400,0.06424316406250001,12.796875,0.9142089843749999,0.632705078125,54.124,40.097450093490984,12.6,7.172168430816443
401,0.0736083984375,17.265625,0.8902832031249999,0.632705078125,94.842,6.587887066427291,14.0,0.8944271909999159
402,0.0292431640625,28.796875,0.564208984375,0.638310546875,92.452,6.598046377527212,15.0,1.4142135623730951
403,0.038608398437500004,28.796875,0.564208984375,0.638310546875,94.338,6.038895263208328,14.6,1.0198039027185568
404,0.0292431640625,33.265625,0.564208984375,0.638310546875,92.452,6.598046377527212,15.0,1.4142135623730951
405,0.0292431640625,28.796875,0.540283203125,0.638310546875,92.452,6.598046377527212,15.0,1.4142135623730951
406,0.0292431640625,28.796875,0.564208984375,0.7027050781249999,77.614,27.779315758311974,16.6,1.854723699099141
407,0.038608398437500004,33.265625,0.540283203125,0.7027050781249999,88.12,14.089367622430755,15.8,1.6
408,0.0379931640625,16.796875,0.301708984375,0.6208105468749999,87.86999999999999,10.576558986740443,14.2,1.16619037896906
409,0.029858398437500003,16.796875,0.301708984375,0.6208105468749999,87.88399999999999,11.379577496550565,14.4,1.0198039027185568
410,0.0379931640625,21.265625,0.301708984375,0.6208105468749999,92.072,6.540184706871815,14.2,1.16619037896906
411,0.0379931640625,16.796875,0.977783203125,0.6208105468749999,78.344,22.933833172847493,14.2,1.16619037896906
412,0.0379931640625,16.796875,0.301708984375,0.6152050781249999,89.02000000000001,10.77727794946386,14.2,1.16619037896906
413,0.029858398437500003,21.265625,0.977783203125,0.6152050781249999,92.484,6.399145567964524,14.4,1.0198039027185568
414,0.0729931640625,32.796875,0.6517089843749999,0.690810546875,93.168,6.0113539240340845,14.8,1.1661903789690602
415,0.0648583984375,32.796875,0.6517089843749999,0.690810546875,91.538,7.222820501715379,14.8,1.1661903789690602
416,0.0729931640625,5.265625,0.6517089843749999,0.690810546875,66.048,31.85600816172673,11.8,6.462197768561405
417,0.0729931640625,32.796875,0.6277832031249999,0.690810546875,93.168,6.0113539240340845,14.8,1.1661903789690602
418,0.0729931640625,32.796875,0.6517089843749999,0.685205078125,94.394,5.864611155055379,14.6,1.3564659966250536
419,0.0648583984375,5.265625,0.6277832031249999,0.685205078125,66.2,31.024984125701014,11.8,6.462197768561405
420,0.05549316406250001,8.796875,0.476708984375,0.585810546875,72.126,24.45995224852248,12.2,2.481934729198171
421,0.047358398437500004,8.796875,0.476708984375,0.585810546875,71.502,24.79677914568745,13.2,1.32664991614216
422,0.05549316406250001,13.265625,0.476708984375,0.585810546875,83.602,16.424971719914772,12.2,2.481934729198171
423,0.05549316406250001,8.796875,0.802783203125,0.585810546875,56.254,38.410265086302125,12.0,8.270429251254134
424,0.05549316406250001,8.796875,0.476708984375,0.650205078125,72.054,23.948617997705004,14.6,1.0198039027185568
425,0.047358398437500004,13.265625,0.802783203125,0.650205078125,37.288,36.83471753658497,8.8,8.109253973085318
426,0.0204931640625,24.796875,0.826708984375,0.655810546875,82.826,20.66189110415598,16.2,1.7204650534085253
427,0.012358398437500001,24.796875,0.826708984375,0.655810546875,68.596,37.532898422583884,12.8,6.968500556073739
428,0.0204931640625,29.265625,0.826708984375,0.655810546875,82.826,20.66189110415598,16.2,1.7204650534085253
429,0.0204931640625,24.796875,0.452783203125,0.655810546875,82.826,20.66189110415598,16.2,1.7204650534085253
430,0.0204931640625,24.796875,0.826708984375,0.580205078125,91.416,7.036313239189967,13.0,1.6733200530681511
431,0.012358398437500001,29.265625,0.452783203125,0.580205078125,91.804,6.9477265346298696,13.4,1.9595917942265424
432,0.024868164062500003,14.796875,0.5204589843749999,0.6995605468749999,54.56,38.815147558652924,13.2,7.277362159464101
433,0.06048339843750001,14.796875,0.5204589843749999,0.6995605468749999,70.872,27.367615460613298,15.2,1.469693845669907
434,0.024868164062500003,35.265625,0.5204589843749999,0.6995605468749999,71.85,35.09720558677001,12.8,6.997142273814361
435,0.024868164062500003,14.796875,0.934033203125,0.6995605468749999,26.482,38.24077530594796,6.2,8.908422980528035
436,0.024868164062500003,14.796875,0.5204589843749999,0.623955078125,69.59400000000001,27.83239666288191,15.0,1.4142135623730951
437,0.06048339843750001,35.265625,0.934033203125,0.623955078125,96.55199999999999,4.1727659891252,14.0,0.8944271909999159
438,0.05986816406250001,30.796875,0.8704589843749999,0.629560546875,94.23799999999999,5.555686816227134,14.0,0.8944271909999159
439,0.025483398437500002,30.796875,0.8704589843749999,0.629560546875,93.1,6.837283086138821,14.8,1.469693845669907
440,0.05986816406250001,19.265625,0.8704589843749999,0.629560546875,94.23799999999999,5.555686816227134,14.0,0.8944271909999159
441,0.05986816406250001,30.796875,0.584033203125,0.629560546875,94.23799999999999,5.555686816227134,14.0,0.8944271909999159
442,0.05986816406250001,30.796875,0.8704589843749999,0.693955078125,94.218,5.225982778387238,15.0,1.4142135623730951
443,0.025483398437500002,19.265625,0.584033203125,0.693955078125,69.478,34.99703667455289,12.8,6.997142273814361
444,0.07736816406250001,6.796875,0.345458984375,0.664560546875,77.434,19.453126843775014,14.4,1.2
445,0.04298339843750001,6.796875,0.345458984375,0.664560546875,76.248,21.056886189558035,15.2,1.16619037896906
446,0.07736816406250001,11.265625,0.345458984375,0.664560546875,79.028,17.376839068138946,14.4,1.2
447,0.07736816406250001,6.796875,0.759033203125,0.664560546875,56.638,38.72396901145336,12.6,7.172168430816443
448,0.07736816406250001,6.796875,0.345458984375,0.658955078125,77.588,19.83356891736835,14.4,1.2
449,0.04298339843750001,11.265625,0.759033203125,0.658955078125,38.59,34.572032049042186,9.0,8.221921916437786
450,0.042368164062500005,22.796875,0.695458984375,0.5945605468749999,93.83399999999999,5.1599984496121705,13.4,1.0198039027185568
451,0.0779833984375,22.796875,0.695458984375,0.5945605468749999,94.552,5.4210825487166305,12.0,3.1622776601683795
452,0.042368164062500005,27.265625,0.695458984375,0.5945605468749999,93.83399999999999,5.1599984496121705,13.4,1.0198039027185568
453,0.042368164062500005,22.796875,0.40903320312499997,0.5945605468749999,93.83399999999999,5.1599984496121705,13.4,1.0198039027185568
454,0.042368164062500005,22.796875,0.695458984375,0.5889550781249999,91.212,7.213014349077644,13.2,1.32664991614216
455,0.0779833984375,27.265625,0.40903320312499997,0.5889550781249999,95.546,6.041058185450624,10.4,3.4985711369071804
456,0.033618164062500004,10.796875,0.957958984375,0.612060546875,34.38,36.54602085042912,8.4,7.735631842325487
457,0.06923339843750001,10.796875,0.957958984375,0.612060546875,54.64200000000001,39.3813795593806,12.4,7.08801805866774
458,0.033618164062500004,31.265625,0.957958984375,0.612060546875,93.542,6.140880718594035,14.2,1.16619037896906
459,0.033618164062500004,10.796875,0.671533203125,0.612060546875,63.372,32.60212716986423,13.6,8.380930735902785
460,0.033618164062500004,10.796875,0.957958984375,0.6764550781249999,33.57000000000001,36.53799885051178,9.6,8.8
461,0.06923339843750001,31.265625,0.671533203125,0.6764550781249999,96.13000000000001,3.6520624310107284,14.4,1.2
462,0.0686181640625,26.796875,0.607958984375,0.682060546875,93.674,5.948457278992594,14.8,1.1661903789690602
463,0.0342333984375,26.796875,0.607958984375,0.682060546875,89.674,10.773927046346655,15.8,1.6
464,0.0686181640625,15.265625,0.607958984375,0.682060546875,65.672,32.207971311462636,11.6,6.406246951218788
465,0.0686181640625,26.796875,0.321533203125,0.682060546875,93.674,5.948457278992594,14.8,1.1661903789690602
466,0.0686181640625,26.796875,0.607958984375,0.606455078125,96.096,3.380417725666459,12.6,2.4166091947189146
467,0.0342333984375,15.265625,0.321533203125,0.606455078125,86.89000000000001,13.688476905777357,14.0,1.2649110640673518
468,0.051118164062500006,18.796875,0.782958984375,0.6470605468749999,96.102,3.8535510895795833,14.4,1.2
469,0.0167333984375,18.796875,0.782958984375,0.6470605468749999,72.074,31.182351162155815,12.0,6.572670690061994
470,0.051118164062500006,7.265625,0.782958984375,0.6470605468749999,40.134,37.453259190623186,8.6,7.914543574963752
471,0.051118164062500006,18.796875,0.8465332031249999,0.6470605468749999,96.102,3.8535510895795833,14.4,1.2
472,0.051118164062500006,18.796875,0.782958984375,0.6414550781249999,94.98,4.730966074703983,14.2,1.16619037896906
473,0.0167333984375,7.265625,0.8465332031249999,0.6414550781249999,32.854,37.05082001791593,9.6,8.8
474,0.016118164062500002,34.796875,0.43295898437499997,0.717060546875,48.202,44.86570200052597,10.0,9.033271832508971
475,0.05173339843750001,34.796875,0.43295898437499997,0.717060546875,93.55000000000001,5.282374466090034,15.8,1.6
476,0.016118164062500002,23.265625,0.43295898437499997,0.717060546875,48.202,44.86570200052597,10.0,9.033271832508971
477,0.016118164062500002,34.796875,0.496533203125,0.717060546875,48.202,44.86570200052597,10.0,9.033271832508971
478,0.016118164062500002,34.796875,0.43295898437499997,0.711455078125,50.122,44.72202517775777,10.0,9.033271832508971
479,0.05173339843750001,23.265625,0.496533203125,0.711455078125,92.18199999999999,6.385215423147445,15.6,1.3564659966250536
480,0.0183056640625,19.796875,0.892333984375,0.581435546875,91.67999999999999,6.864668965070349,13.0,1.6733200530681511
481,0.0364208984375,19.796875,0.892333984375,0.581435546875,90.66600000000001,7.624207762121914,13.0,1.6733200530681511
482,0.0183056640625,14.265625,0.892333984375,0.581435546875,74.232,25.942406519056785,13.2,1.9390719429665315
483,0.0183056640625,19.796875,0.387158203125,0.581435546875,91.67999999999999,6.864668965070349,13.0,1.6733200530681511
484,0.0183056640625,19.796875,0.892333984375,0.6458300781249999,78.736,28.511811306895254,16.0,1.7888543819998317
485,0.0364208984375,14.265625,0.387158203125,0.6458300781249999,75.62,21.96308448283164,15.0,1.4142135623730951
486,0.05330566406250001,35.796875,0.5423339843749999,0.6514355468749999,96.516,3.7997136734233004,14.4,1.2
487,0.0714208984375,35.796875,0.5423339843749999,0.6514355468749999,95.256,5.2661355850376665,14.0,0.8944271909999159
488,0.05330566406250001,30.265625,0.5423339843749999,0.6514355468749999,96.516,3.7997136734233004,14.4,1.2
489,0.05330566406250001,35.796875,0.7371582031249999,0.6514355468749999,96.516,3.7997136734233004,14.4,1.2
490,0.05330566406250001,35.796875,0.5423339843749999,0.715830078125,92.268,6.313155787718215,15.6,1.3564659966250536
491,0.0714208984375,30.265625,0.7371582031249999,0.715830078125,95.018,4.997637041642778,15.2,1.469693845669907
492,0.07080566406250001,11.796875,0.717333984375,0.616435546875,61.524,32.92895175981161,12.4,7.08801805866774
493,0.0539208984375,11.796875,0.717333984375,0.616435546875,62.49000000000001,32.40805023447106,13.2,7.858753081755401
494,0.07080566406250001,22.265625,0.717333984375,0.616435546875,95.79,6.088792983835136,13.8,0.7483314773547882
495,0.07080566406250001,11.796875,0.562158203125,0.616435546875,68.91,26.38389053949398,14.0,0.8944271909999159
496,0.07080566406250001,11.796875,0.717333984375,0.680830078125,61.717999999999996,33.11524204954571,12.8,7.249827584156743
497,0.0539208984375,22.265625,0.562158203125,0.680830078125,93.08600000000001,5.733650146285522,15.0,1.4142135623730951
498,0.035805664062500006,27.796875,0.367333984375,0.686435546875,90.00999999999999,10.263110639567323,15.8,1.6
499,0.0189208984375,27.796875,0.367333984375,0.686435546875,66.48400000000001,38.806449773201365,13.2,7.222188034107115
500,0.035805664062500006,6.265625,0.367333984375,0.686435546875,72.328,23.51348413145104,16.0,1.4142135623730951
501,0.035805664062500006,27.796875,0.912158203125,0.686435546875,90.00999999999999,10.263110639567323,15.8,1.6
502,0.035805664062500006,27.796875,0.367333984375,0.610830078125,93.248,7.024475496433879,14.2,1.16619037896906
503,0.0189208984375,6.265625,0.912158203125,0.610830078125,31.881999999999998,36.76474528675535,9.0,8.221921916437786
504,0.04455566406250001,7.796875,0.629833984375,0.7039355468749999,64.904,32.45957584442532,14.4,8.357032966310472
505,0.010170898437500001,7.796875,0.629833984375,0.7039355468749999,40.519999999999996,48.57449536536638,7.6,10.762899237658967
506,0.04455566406250001,18.265625,0.629833984375,0.7039355468749999,82.762,17.700614000649807,15.8,1.6
507,0.04455566406250001,7.796875,0.649658203125,0.7039355468749999,64.114,33.32505579890302,14.4,8.357032966310472
508,0.04455566406250001,7.796875,0.629833984375,0.663330078125,64.95,32.49639733878204,14.0,8.221921916437786
509,0.010170898437500001,18.265625,0.649658203125,0.663330078125,52.870000000000005,41.67550359623744,9.6,8.662563131083086
510,0.0795556640625,23.796875,0.9798339843749999,0.633935546875,94.43599999999999,6.849001679077031,14.0,0.8944271909999159
511,0.0451708984375,23.796875,0.9798339843749999,0.633935546875,94.71199999999999,4.555253670214207,14.2,1.16619037896906
512,0.0795556640625,34.265625,0.9798339843749999,0.633935546875,94.458,6.81660443329375,14.0,0.8944271909999159
513,0.0795556640625,23.796875,0.9996582031249999,0.633935546875,94.43599999999999,6.849001679077031,14.0,0.8944271909999159
514,0.0795556640625,23.796875,0.9798339843749999,0.5933300781249999,95.1,4.6059135901577655,10.6,3.5552777669262356
515,0.0451708984375,34.265625,0.9996582031249999,0.5933300781249999,92.684,6.129243346449872,13.4,1.0198039027185568
516,0.06205566406250001,15.796875,0.454833984375,0.668935546875,73.852,24.278926994412252,14.6,1.3564659966250536
517,0.0626708984375,15.796875,0.454833984375,0.668935546875,73.75399999999999,24.23137767441216,14.6,1.3564659966250536
518,0.06205566406250001,26.265625,0.454833984375,0.668935546875,96.49600000000001,3.5292299443362993,14.6,1.3564659966250536
519,0.06205566406250001,15.796875,0.47465820312499996,0.668935546875,72.99600000000001,25.138230327531012,14.6,1.3564659966250536
520,0.06205566406250001,15.796875,0.454833984375,0.628330078125,83.72999999999999,14.292134900007069,14.0,0.8944271909999159
521,0.0626708984375,26.265625,0.47465820312499996,0.628330078125,95.102,6.311543075983877,14.0,0.8944271909999159
522,0.027055664062500005,31.796875,0.8048339843749999,0.598935546875,92.766,5.952443531861517,13.8,1.469693845669907
523,0.0276708984375,31.796875,0.8048339843749999,0.598935546875,92.902,5.953057701719343,13.8,1.469693845669907
524,0.027055664062500005,10.265625,0.8048339843749999,0.598935546875,37.85,36.9314900863748,8.4,7.735631842325487
525,0.027055664062500005,31.796875,0.824658203125,0.598935546875,92.766,5.952443531861517,13.8,1.469693845669907
526,0.027055664062500005,31.796875,0.8048339843749999,0.6983300781249999,76.196,29.56489918805745,16.8,1.6
527,0.0276708984375,10.265625,0.824658203125,0.6983300781249999,29.610000000000003,37.594188912649784,6.2,8.908422980528035
528,0.0226806640625,9.796875,0.411083984375,0.642685546875,72.58000000000001,23.637510021150707,15.8,1.469693845669907
529,0.0757958984375,9.796875,0.411083984375,0.642685546875,77.024,21.35074387462882,14.0,0.8944271909999159
530,0.0226806640625,4.265625,0.411083984375,0.642685546875,71.76,24.043812509666598,15.8,1.469693845669907
531,0.0226806640625,9.796875,0.605908203125,0.642685546875,64.522,31.333847768826605,16.0,1.4142135623730951
532,0.0226806640625,9.796875,0.411083984375,0.654580078125,69.442,27.450162403891166,16.2,1.7204650534085253
533,0.0757958984375,4.265625,0.605908203125,0.654580078125,66.492,29.996244031545015,14.6,1.0198039027185568
534,0.057680664062500005,25.796875,0.7610839843749999,0.712685546875,90.226,7.9838727444768285,15.6,1.3564659966250536
535,0.040795898437500006,25.796875,0.7610839843749999,0.712685546875,86.228,15.642837849955486,15.8,1.6
536,0.057680664062500005,20.265625,0.7610839843749999,0.712685546875,90.146,8.04641435671815,15.6,1.3564659966250536
537,0.057680664062500005,25.796875,0.9559082031249999,0.712685546875,90.226,7.9838727444768285,15.6,1.3564659966250536
538,0.057680664062500005,25.796875,0.7610839843749999,0.584580078125,95.852,4.3002111576061015,12.0,2.8284271247461903
539,0.040795898437500006,20.265625,0.9559082031249999,0.584580078125,91.436,7.1617388949891225,13.2,1.32664991614216
540,0.0751806640625,17.796875,0.586083984375,0.607685546875,96.98,3.855380655655157,12.4,2.8
541,0.023295898437500004,17.796875,0.586083984375,0.607685546875,89.404,12.780025978064364,14.2,1.16619037896906
542,0.0751806640625,28.265625,0.586083984375,0.607685546875,96.98,3.855380655655157,12.4,2.8
543,0.0751806640625,17.796875,0.430908203125,0.607685546875,96.98,3.855380655655157,12.4,2.8
544,0.0751806640625,17.796875,0.586083984375,0.6195800781249999,95.982,5.9065536482791705,13.8,0.7483314773547882
545,0.023295898437500004,28.265625,0.430908203125,0.6195800781249999,92.45599999999999,6.375900250160756,14.6,1.3564659966250536
546,0.0401806640625,33.796875,0.936083984375,0.6776855468749999,93.002,6.649756085752319,15.4,1.2
547,0.05829589843750001,33.796875,0.936083984375,0.6776855468749999,90.852,7.483064612844127,14.8,1.1661903789690602
548,0.0401806640625,12.265625,0.936083984375,0.6776855468749999,32.33,37.04228610655665,9.6,8.777243302996677
549,0.0401806640625,33.796875,0.780908203125,0.6776855468749999,93.002,6.649756085752319,15.4,1.2
550,0.0401806640625,33.796875,0.936083984375,0.689580078125,92.432,6.257614241865665,15.8,1.6
551,0.05829589843750001,12.265625,0.780908203125,0.689580078125,56.327999999999996,38.924264103512606,13.8,7.984985911070852
552,0.0314306640625,13.796875,0.673583984375,0.660185546875,61.854,33.77089433225007,14.4,8.357032966310472
553,0.049545898437500006,13.796875,0.673583984375,0.660185546875,61.00599999999999,34.28354800775439,13.8,8.231646250902672
554,0.0314306640625,8.265625,0.673583984375,0.660185546875,61.226,33.36012685827199,14.4,8.357032966310472
555,0.0314306640625,13.796875,0.343408203125,0.660185546875,77.054,19.51776278163048,15.8,1.6
556,0.0314306640625,13.796875,0.673583984375,0.637080078125,62.062,33.64073804184444,14.0,8.221921916437786
557,0.049545898437500006,8.265625,0.343408203125,0.637080078125,77.694,18.790433310597177,14.6,1.0198039027185568
558,0.0664306640625,29.796875,0.32358398437499997,0.5901855468749999,94.196,6.091655275867141,12.0,2.8284271247461903
559,0.0145458984375,29.796875,0.32358398437499997,0.5901855468749999,91.37800000000001,7.096076098802774,13.6,1.624807680927192
560,0.0664306640625,24.265625,0.32358398437499997,0.5901855468749999,94.196,6.091655275867141,12.0,2.8284271247461903
561,0.0664306640625,29.796875,0.693408203125,0.5901855468749999,94.196,6.091655275867141,12.0,2.8284271247461903
562,0.0664306640625,29.796875,0.32358398437499997,0.707080078125,94.642,5.232217120877155,15.0,1.4142135623730951
563,0.0145458984375,24.265625,0.693408203125,0.707080078125,49.568,44.729704850356434,10.0,9.033271832508971
564,0.048930664062500004,5.796875,0.848583984375,0.695185546875,57.733999999999995,38.11858528329717,14.6,8.593020423576334
565,0.032045898437500005,5.796875,0.848583984375,0.695185546875,54.0,40.36365939802783,15.2,8.726969691708572
566,0.048930664062500004,32.265625,0.848583984375,0.695185546875,91.186,7.462783930946949,15.4,1.2
567,0.048930664062500004,5.796875,0.5184082031249999,0.695185546875,70.03799999999998,26.754165582204205,15.6,1.3564659966250536
568,0.048930664062500004,5.796875,0.848583984375,0.6720800781249999,58.42999999999999,37.882789759995234,14.2,8.471127433818948
569,0.032045898437500005,32.265625,0.5184082031249999,0.6720800781249999,89.726,9.345770380230835,15.8,1.6
570,0.0139306640625,21.796875,0.49858398437499996,0.6251855468749999,83.064,20.585249670577234,15.6,1.3564659966250536
571,0.0670458984375,21.796875,0.49858398437499996,0.6251855468749999,96.74,3.878700813416781,14.0,0.8944271909999159
572,0.0139306640625,16.265625,0.49858398437499996,0.6251855468749999,75.042,25.85018483492913,16.0,1.7888543819998317
573,0.0139306640625,21.796875,0.868408203125,0.6251855468749999,83.064,20.585249670577234,15.6,1.3564659966250536
574,0.0139306640625,21.796875,0.49858398437499996,0.602080078125,92.002,6.743068737600115,14.4,1.4966629547095764
575,0.0670458984375,16.265625,0.868408203125,0.602080078125,95.686,5.291039973388976,12.6,2.4166091947189146
576,0.0128369140625,12.296875,0.356396484375,0.601123046875,74.52799999999999,22.66593514505854,14.4,1.4966629547095764
577,0.0134521484375,12.296875,0.356396484375,0.601123046875,74.444,22.662658802532416,14.4,1.4966629547095764
578,0.0128369140625,12.765625,0.356396484375,0.601123046875,74.52799999999999,22.66593514505854,14.4,1.4966629547095764
579,0.0128369140625,12.296875,0.551220703125,0.601123046875,64.704,32.16214706763216,13.8,8.231646250902672
580,0.0128369140625,12.296875,0.356396484375,0.5867675781249999,79.726,16.88283578075674,13.8,1.7204650534085253
581,0.0134521484375,12.765625,0.551220703125,0.5867675781249999,72.806,22.578679855119965,15.8,4.445222154178574
582,0.047836914062500006,28.296875,0.7063964843749999,0.671123046875,92.674,5.9903676014081135,15.0,1.4142135623730951
583,0.04845214843750001,28.296875,0.7063964843749999,0.671123046875,92.478,6.144113931235322,15.0,1.4142135623730951
584,0.047836914062500006,28.765625,0.7063964843749999,0.671123046875,92.674,5.9903676014081135,15.0,1.4142135623730951
585,0.047836914062500006,28.296875,0.9012207031249999,0.671123046875,92.674,5.9903676014081135,15.0,1.4142135623730951
586,0.047836914062500006,28.296875,0.7063964843749999,0.656767578125,92.34400000000001,6.985681355458463,14.8,1.1661903789690602
587,0.04845214843750001,28.765625,0.9012207031249999,0.656767578125,93.03399999999999,6.634894422671699,14.8,1.1661903789690602
588,0.0653369140625,4.296875,0.531396484375,0.636123046875,69.814,27.430791166132995,14.2,0.9797958971132712
589,0.06595214843750001,4.296875,0.531396484375,0.636123046875,69.838,27.43524259050756,14.0,0.8944271909999159
590,0.0653369140625,20.765625,0.531396484375,0.636123046875,94.316,4.990248891588474,14.0,0.8944271909999159
591,0.0653369140625,4.296875,0.376220703125,0.636123046875,77.056,20.78255191260207,14.0,0.8944271909999159
592,0.0653369140625,4.296875,0.531396484375,0.691767578125,68.10799999999999,27.85326365078247,15.4,1.2
593,0.06595214843750001,20.765625,0.376220703125,0.691767578125,91.744,6.932822224750899,14.8,1.1661903789690602
594,0.030336914062500005,20.296875,0.881396484375,0.7061230468749999,77.9,27.524382645211134,16.6,1.854723699099141
595,0.0309521484375,20.296875,0.881396484375,0.7061230468749999,78.924,26.3569259209036,16.6,1.854723699099141
596,0.030336914062500005,4.765625,0.881396484375,0.7061230468749999,28.618000000000002,37.552059011457686,6.2,8.908422980528035
597,0.030336914062500005,20.296875,0.726220703125,0.7061230468749999,77.9,27.524382645211134,16.6,1.854723699099141
598,0.030336914062500005,20.296875,0.881396484375,0.6217675781249999,93.19200000000001,6.173823450666531,14.4,1.0198039027185568
599,0.0309521484375,4.765625,0.726220703125,0.6217675781249999,60.096000000000004,35.83094561967351,13.8,8.231646250902672
600,0.039086914062500006,8.296875,0.7938964843749999,0.688623046875,55.616,38.55522304435548,14.8,8.681013765684282
601,0.0397021484375,8.296875,0.7938964843749999,0.688623046875,55.717999999999996,38.49554696325278,14.8,8.681013765684282
602,0.039086914062500006,16.765625,0.7938964843749999,0.688623046875,59.733999999999995,36.64218639764827,12.4,6.887670143089026
603,0.039086914062500006,8.296875,0.46372070312499997,0.688623046875,70.52799999999999,25.307850481619333,15.8,1.6
604,0.039086914062500006,8.296875,0.7938964843749999,0.709267578125,52.702,40.33197709014524,15.0,8.740709353364863
605,0.0397021484375,16.765625,0.46372070312499997,0.709267578125,66.80999999999999,29.102564835423006,16.2,1.8330302779823362
606,0.0740869140625,24.296875,0.44389648437499996,0.6186230468749999,95.984,5.917369685933102,13.8,0.7483314773547882
607,0.0747021484375,24.296875,0.44389648437499996,0.6186230468749999,95.916,6.039581442451123,13.8,0.7483314773547882
608,0.0740869140625,32.765625,0.44389648437499996,0.6186230468749999,95.984,5.917369685933102,13.8,0.7483314773547882
609,0.0740869140625,24.296875,0.813720703125,0.6186230468749999,95.984,5.917369685933102,13.8,0.7483314773547882
610,0.0740869140625,24.296875,0.44389648437499996,0.639267578125,95.478,5.2058981933956385,14.0,0.8944271909999159
611,0.0747021484375,32.765625,0.813720703125,0.639267578125,95.492,5.419650911267256,14.0,0.8944271909999159
612,0.05658691406250001,16.296875,0.9688964843749999,0.653623046875,78.70599999999999,25.822884114676267,14.4,1.2
613,0.05720214843750001,16.296875,0.9688964843749999,0.653623046875,78.702,25.956062413239803,14.4,1.2
614,0.05658691406250001,24.765625,0.9688964843749999,0.653623046875,96.12199999999999,4.277066284265417,14.4,1.2
615,0.05658691406250001,16.296875,0.638720703125,0.653623046875,84.758,18.288823253561176,14.4,1.2
616,0.05658691406250001,16.296875,0.9688964843749999,0.604267578125,91.644,9.84536154744964,13.6,0.8
617,0.05720214843750001,24.765625,0.638720703125,0.604267578125,93.824,5.760352766975301,13.6,0.8
618,0.021586914062500004,32.296875,0.618896484375,0.583623046875,92.378,6.378847544815599,13.2,1.32664991614216
619,0.0222021484375,32.296875,0.618896484375,0.583623046875,92.24199999999999,6.517632699071037,13.2,1.32664991614216
620,0.021586914062500004,8.765625,0.618896484375,0.583623046875,63.696000000000005,31.345653989030122,13.8,1.3266499161421599
621,0.021586914062500004,32.296875,0.988720703125,0.583623046875,92.378,6.378847544815599,13.2,1.32664991614216
622,0.021586914062500004,32.296875,0.618896484375,0.6742675781249999,77.58399999999999,28.539870076789068,16.4,1.854723699099141
623,0.0222021484375,8.765625,0.988720703125,0.6742675781249999,26.95,37.893897133971315,6.2,8.908422980528035
624,0.0259619140625,6.296875,0.9251464843749999,0.627373046875,31.862000000000002,36.817684011898415,9.2,8.423775875461075
625,0.052827148437500006,6.296875,0.9251464843749999,0.627373046875,32.414,36.87787390834781,8.4,7.735631842325487
626,0.0259619140625,6.765625,0.9251464843749999,0.627373046875,31.862000000000002,36.817684011898415,9.2,8.423775875461075
627,0.0259619140625,6.296875,0.41997070312499996,0.627373046875,72.124,24.031450726079772,15.0,1.4142135623730951
628,0.0259619140625,6.296875,0.9251464843749999,0.718017578125,21.804,39.253759870870965,2.2,6.400000000000001
629,0.052827148437500006,6.765625,0.41997070312499996,0.718017578125,72.46000000000001,24.212154798778236,15.8,1.6
630,0.060961914062500004,22.296875,0.575146484375,0.697373046875,94.60999999999999,4.977445127773886,15.0,1.4142135623730951
631,0.017827148437500002,22.296875,0.575146484375,0.697373046875,61.688,43.03016355999591,9.4,8.5463442476886
632,0.060961914062500004,22.765625,0.575146484375,0.697373046875,94.60999999999999,4.977445127773886,15.0,1.4142135623730951
633,0.060961914062500004,22.296875,0.7699707031249999,0.697373046875,94.60999999999999,4.977445127773886,15.0,1.4142135623730951
634,0.060961914062500004,22.296875,0.575146484375,0.6480175781249999,93.792,6.3925813252550805,14.2,1.16619037896906
635,0.017827148437500002,22.765625,0.7699707031249999,0.6480175781249999,82.61999999999999,20.807470773738935,16.0,1.7888543819998317
636,0.0784619140625,14.296875,0.750146484375,0.5923730468749999,79.112,21.15890488659562,11.2,3.3105890714493698
637,0.035327148437500004,14.296875,0.750146484375,0.5923730468749999,78.596,21.79885373133184,13.4,1.0198039027185568
638,0.0784619140625,30.765625,0.750146484375,0.5923730468749999,95.15,4.684852185501696,11.0,3.0983866769659336
639,0.0784619140625,14.296875,0.594970703125,0.5923730468749999,82.354,17.294359311636846,11.2,3.3105890714493698
640,0.0784619140625,14.296875,0.750146484375,0.613017578125,64.328,33.28578940028312,9.6,5.986651818838307
641,0.035327148437500004,30.765625,0.594970703125,0.613017578125,93.09400000000001,6.527117587419426,14.2,1.16619037896906
642,0.0434619140625,30.296875,0.400146484375,0.662373046875,92.41799999999999,6.236327124197381,15.0,1.4142135623730951
643,0.0703271484375,30.296875,0.400146484375,0.662373046875,94.75,6.310961891819662,14.4,1.2
644,0.0434619140625,14.765625,0.400146484375,0.662373046875,74.784,23.220358825823514,15.0,1.4142135623730951
645,0.0434619140625,30.296875,0.9449707031249999,0.662373046875,92.41799999999999,6.236327124197381,15.0,1.4142135623730951
646,0.0434619140625,30.296875,0.400146484375,0.683017578125,92.77000000000001,6.873613314698463,15.4,1.2
647,0.0703271484375,14.765625,0.9449707031249999,0.683017578125,57.25599999999999,38.32704194168916,11.4,6.343500610861483
648,0.0347119140625,18.296875,0.48764648437499997,0.6798730468749999,82.652,17.37863331795685,15.8,1.6
649,0.07907714843750001,18.296875,0.48764648437499997,0.6798730468749999,95.888,5.67032415299161,14.4,1.2
650,0.0347119140625,10.765625,0.48764648437499997,0.6798730468749999,69.98800000000001,26.172160323519343,16.0,1.4142135623730951
651,0.0347119140625,18.296875,0.507470703125,0.6798730468749999,82.32400000000001,17.751107683747513,15.8,1.6
652,0.0347119140625,18.296875,0.48764648437499997,0.595517578125,95.30199999999999,3.9799517585016027,13.4,1.0198039027185568
653,0.07907714843750001,10.765625,0.507470703125,0.595517578125,71.458,26.00258633290158,12.2,3.1874754901018454
654,0.0697119140625,34.296875,0.837646484375,0.609873046875,95.768,3.9666731652607847,13.8,0.7483314773547882
655,0.044077148437500005,34.296875,0.837646484375,0.609873046875,97.52199999999999,2.5324486174451803,14.0,0.8944271909999159
656,0.0697119140625,26.765625,0.837646484375,0.609873046875,95.768,3.9666731652607847,13.8,0.7483314773547882
657,0.0697119140625,34.296875,0.857470703125,0.609873046875,95.768,3.9666731652607847,13.8,0.7483314773547882
658,0.0697119140625,34.296875,0.837646484375,0.665517578125,95.424,5.820400673493191,14.4,1.2
659,0.044077148437500005,26.765625,0.857470703125,0.665517578125,92.952,5.787812712933965,15.0,1.4142135623730951
660,0.0522119140625,10.296875,0.312646484375,0.714873046875,79.182,18.12116375953818,15.8,1.6
661,0.026577148437500003,10.296875,0.312646484375,0.714873046875,57.418000000000006,38.65982845280098,13.2,7.277362159464101
662,0.0522119140625,34.765625,0.312646484375,0.714873046875,92.622,6.024424951810752,15.6,1.3564659966250536
663,0.0522119140625,10.296875,0.332470703125,0.714873046875,78.06,19.146468081607114,15.8,1.6
664,0.0522119140625,10.296875,0.312646484375,0.7005175781249999,77.926,18.719770938769525,15.6,1.3564659966250536
665,0.026577148437500003,34.765625,0.332470703125,0.7005175781249999,74.30199999999999,31.52557844037124,12.8,6.997142273814361
666,0.0172119140625,26.296875,0.662646484375,0.6448730468749999,83.114,20.89162569069243,16.0,1.7888543819998317
667,0.06157714843750001,26.296875,0.662646484375,0.6448730468749999,93.346,6.269741940462942,14.2,1.16619037896906
668,0.0172119140625,18.765625,0.662646484375,0.6448730468749999,74.906,28.747115750975784,16.0,1.7888543819998317
669,0.0172119140625,26.296875,0.6824707031249999,0.6448730468749999,83.114,20.89162569069243,16.0,1.7888543819998317
670,0.0172119140625,26.296875,0.662646484375,0.630517578125,85.934,14.77235742865708,15.6,1.3564659966250536
671,0.06157714843750001,18.765625,0.6824707031249999,0.630517578125,94.47200000000001,5.434568612134727,14.0,0.8944271909999159
672,0.015024414062500002,11.296875,0.5970214843749999,0.657998046875,54.660000000000004,39.050670160702744,13.0,7.0710678118654755
673,0.028764648437500005,11.296875,0.5970214843749999,0.657998046875,65.40599999999999,29.05452088746259,16.0,1.4142135623730951
674,0.015024414062500002,27.765625,0.5970214843749999,0.657998046875,73.296,35.46101555229348,12.8,6.968500556073739
675,0.015024414062500002,11.296875,0.879345703125,0.657998046875,26.252,38.45539202764679,6.2,8.908422980528035
676,0.015024414062500002,11.296875,0.5970214843749999,0.6961425781249999,45.476,45.270501477231285,10.0,9.033271832508971
677,0.028764648437500005,27.765625,0.879345703125,0.6961425781249999,79.54799999999999,25.34320058713974,16.6,1.854723699099141
678,0.05002441406250001,27.296875,0.947021484375,0.587998046875,94.0,6.7503333251032895,13.2,1.32664991614216
679,0.0637646484375,27.296875,0.947021484375,0.587998046875,94.91,5.121117065641051,12.0,2.8284271247461903
680,0.05002441406250001,11.765625,0.947021484375,0.587998046875,32.97,35.771543997988125,8.0,7.37563556583431
681,0.05002441406250001,27.296875,0.529345703125,0.587998046875,94.0,6.7503333251032895,13.2,1.32664991614216
682,0.05002441406250001,27.296875,0.947021484375,0.626142578125,91.3,7.160896591908028,14.2,1.16619037896906
683,0.0637646484375,11.765625,0.529345703125,0.626142578125,71.058,25.404352697913797,14.0,0.8944271909999159
684,0.06752441406250001,19.296875,0.422021484375,0.692998046875,91.974,6.66534800291778,14.8,1.1661903789690602
685,0.04626464843750001,19.296875,0.422021484375,0.692998046875,89.48799999999999,8.995006170092381,15.6,1.3564659966250536
686,0.06752441406250001,19.765625,0.422021484375,0.692998046875,91.974,6.66534800291778,14.8,1.1661903789690602
687,0.06752441406250001,19.296875,0.704345703125,0.692998046875,91.974,6.66534800291778,14.8,1.1661903789690602
688,0.06752441406250001,19.296875,0.422021484375,0.5911425781249999,93.97,6.287571868376534,12.0,2.8284271247461903
689,0.04626464843750001,19.765625,0.704345703125,0.5911425781249999,91.612,6.915580669763026,13.2,1.32664991614216
690,0.0325244140625,35.296875,0.772021484375,0.6229980468749999,93.172,6.232583412999779,14.4,1.0198039027185568
691,0.0112646484375,35.296875,0.772021484375,0.6229980468749999,83.192,21.1355978387175,15.8,1.9390719429665315
692,0.0325244140625,35.765625,0.772021484375,0.6229980468749999,93.172,6.232583412999779,14.4,1.0198039027185568
693,0.0325244140625,35.296875,0.35434570312499997,0.6229980468749999,93.172,6.232583412999779,14.4,1.0198039027185568
694,0.0325244140625,35.296875,0.772021484375,0.661142578125,93.114,6.312301006764491,15.2,1.16619037896906
695,0.0112646484375,35.765625,0.35434570312499997,0.661142578125,66.624,39.06927723928355,13.2,7.222188034107115
696,0.04127441406250001,15.296875,0.8595214843749999,0.640498046875,60.218,33.894585644317885,11.8,6.554387843269576
697,0.0200146484375,15.296875,0.8595214843749999,0.640498046875,53.84400000000001,40.13215050305677,14.8,8.681013765684282
698,0.04127441406250001,23.765625,0.8595214843749999,0.640498046875,95.44399999999999,5.0557001493363884,14.6,1.0198039027185568
699,0.04127441406250001,15.296875,0.7918457031249999,0.640498046875,61.878,33.028269951664136,11.8,6.554387843269576
700,0.04127441406250001,15.296875,0.8595214843749999,0.608642578125,77.654,25.75209008993251,14.0,1.2649110640673518
701,0.0200146484375,23.765625,0.7918457031249999,0.608642578125,93.77400000000002,5.255875188776839,14.4,1.4966629547095764
702,0.0762744140625,31.296875,0.509521484375,0.710498046875,92.814,6.541827267667648,14.8,1.1661903789690602
703,0.05501464843750001,31.296875,0.509521484375,0.710498046875,90.64200000000001,7.645376118936202,15.6,1.3564659966250536
704,0.0762744140625,7.765625,0.509521484375,0.710498046875,70.11600000000001,26.909943589684467,15.4,1.2
705,0.0762744140625,31.296875,0.441845703125,0.710498046875,92.814,6.541827267667648,14.8,1.1661903789690602
706,0.0762744140625,31.296875,0.509521484375,0.678642578125,96.304,5.011245753303265,14.4,1.2
707,0.05501464843750001,7.765625,0.441845703125,0.678642578125,72.828,24.432197936329835,15.2,1.16619037896906
708,0.05877441406250001,7.296875,0.684521484375,0.605498046875,63.041999999999994,34.56607435043789,13.0,7.797435475847171
709,0.0725146484375,7.296875,0.684521484375,0.605498046875,64.486,34.29322125435288,12.2,7.025667228100119
710,0.05877441406250001,15.765625,0.684521484375,0.605498046875,81.02000000000001,21.342139536606915,13.6,0.8
711,0.05877441406250001,7.296875,0.966845703125,0.605498046875,55.652,38.92831483637585,13.2,8.059776671843954
712,0.05877441406250001,7.296875,0.684521484375,0.713642578125,61.446000000000005,35.173519926217224,14.2,8.280096617793781
713,0.0725146484375,15.765625,0.966845703125,0.713642578125,53.906000000000006,39.81377731388973,11.8,6.554387843269576
714,0.023774414062500002,23.296875,0.33452148437499996,0.6754980468749999,82.98400000000001,24.448755878367308,16.4,1.854723699099141
715,0.037514648437500006,23.296875,0.33452148437499996,0.6754980468749999,93.246,5.914955959261237,15.6,1.3564659966250536
716,0.023774414062500002,31.765625,0.33452148437499996,0.6754980468749999,82.98400000000001,24.448755878367308,16.4,1.854723699099141
717,0.023774414062500002,23.296875,0.616845703125,0.6754980468749999,82.98400000000001,24.448755878367308,16.4,1.854723699099141
718,0.023774414062500002,23.296875,0.33452148437499996,0.6436425781249999,90.154,8.548088909224095,15.4,1.4966629547095764
719,0.037514648437500006,31.765625,0.616845703125,0.6436425781249999,93.57,6.792395748187821,14.8,1.1661903789690602
720,0.019399414062500002,17.296875,0.728271484375,0.719248046875,41.462,47.869943137630734,5.8,8.328265125462805
721,0.0681396484375,17.296875,0.728271484375,0.719248046875,81.41,20.881565075443937,15.4,1.2
722,0.019399414062500002,33.765625,0.728271484375,0.719248046875,51.644000000000005,44.834280009831765,9.8,8.885943956609225
723,0.019399414062500002,17.296875,0.748095703125,0.719248046875,41.12,48.11878635210992,5.8,8.328265125462805
724,0.019399414062500002,17.296875,0.728271484375,0.599892578125,87.304,14.292013993835859,14.0,1.4142135623730951
725,0.0681396484375,33.765625,0.748095703125,0.599892578125,95.098,6.019310259489871,12.2,2.7856776554368237
726,0.054399414062500005,33.296875,0.37827148437499997,0.6492480468749999,95.83200000000001,4.235910291779087,14.4,1.2
727,0.0331396484375,33.296875,0.37827148437499997,0.6492480468749999,91.602,7.15338353508324,15.0,1.4142135623730951
728,0.054399414062500005,17.765625,0.37827148437499997,0.6492480468749999,94.00399999999999,7.507342006329536,14.4,1.2
729,0.054399414062500005,33.296875,0.398095703125,0.6492480468749999,95.83200000000001,4.235910291779087,14.4,1.2
730,0.054399414062500005,33.296875,0.37827148437499997,0.669892578125,90.582,7.696893918977967,14.8,1.1661903789690602
731,0.0331396484375,17.765625,0.398095703125,0.669892578125,84.07000000000001,15.675629492942221,15.8,1.6
732,0.0718994140625,9.296875,0.903271484375,0.684248046875,57.11600000000001,38.74172613604097,13.2,7.35934779718964
733,0.0156396484375,9.296875,0.903271484375,0.684248046875,22.796,38.9798725498173,2.4,6.8
734,0.0718994140625,9.765625,0.903271484375,0.684248046875,57.11600000000001,38.74172613604097,13.2,7.35934779718964
735,0.0718994140625,9.296875,0.923095703125,0.684248046875,56.65999999999999,38.96604881175406,13.2,7.35934779718964
736,0.0718994140625,9.296875,0.903271484375,0.704892578125,55.342000000000006,39.3514504942321,13.2,7.35934779718964
737,0.0156396484375,9.765625,0.923095703125,0.704892578125,20.0,40.0,2.4,6.8
738,0.036899414062500004,25.296875,0.553271484375,0.614248046875,92.74600000000001,6.579181104058469,14.2,1.16619037896906
739,0.050639648437500004,25.296875,0.553271484375,0.614248046875,97.684,3.0740500971844953,14.0,0.8944271909999159
740,0.036899414062500004,25.765625,0.553271484375,0.614248046875,92.74600000000001,6.579181104058469,14.2,1.16619037896906
741,0.036899414062500004,25.296875,0.5730957031249999,0.614248046875,92.74600000000001,6.579181104058469,14.2,1.16619037896906
742,0.036899414062500004,25.296875,0.553271484375,0.634892578125,94.346,5.996637724592005,14.4,1.0198039027185568
743,0.050639648437500004,25.765625,0.5730957031249999,0.634892578125,92.91600000000001,6.1516846473141005,14.2,1.16619037896906
744,0.028149414062500003,5.296875,0.465771484375,0.5967480468749999,73.662,24.653365206397282,14.2,1.16619037896906
745,0.059389648437500005,5.296875,0.465771484375,0.5967480468749999,74.414,24.45734049319345,13.6,0.8
746,0.028149414062500003,29.765625,0.465771484375,0.5967480468749999,92.77000000000001,6.965601194441151,13.6,1.3564659966250536
747,0.028149414062500003,5.296875,0.8355957031249999,0.5967480468749999,59.338,37.658484515444854,13.4,8.114185110040317
748,0.028149414062500003,5.296875,0.465771484375,0.687392578125,66.576,29.684615948332564,16.6,1.854723699099141
749,0.059389648437500005,29.765625,0.8355957031249999,0.687392578125,92.598,6.28611294839665,14.8,1.1661903789690602
750,0.0631494140625,21.296875,0.8157714843749999,0.666748046875,97.09,3.7939952556638743,14.4,1.2
751,0.0243896484375,21.296875,0.8157714843749999,0.666748046875,83.24,20.717857997389594,16.2,1.7204650534085253
752,0.0631494140625,13.765625,0.8157714843749999,0.666748046875,57.194,38.31358171719266,12.8,7.249827584156743
753,0.0631494140625,21.296875,0.485595703125,0.666748046875,97.09,3.7939952556638743,14.4,1.2
754,0.0631494140625,21.296875,0.8157714843749999,0.6173925781249999,97.088,4.472401591986125,14.0,0.8944271909999159
755,0.0243896484375,13.765625,0.485595703125,0.6173925781249999,70.572,25.962652715005838,14.8,1.469693845669907
756,0.045649414062500004,13.296875,0.640771484375,0.631748046875,63.612,32.31044128451359,13.4,8.114185110040317
757,0.0418896484375,13.296875,0.640771484375,0.631748046875,64.398,31.92126839585169,13.4,8.114185110040317
758,0.045649414062500004,5.765625,0.640771484375,0.631748046875,66.232,31.133852572400993,11.4,6.280127387243033
759,0.045649414062500004,13.296875,0.660595703125,0.631748046875,62.746,33.14034375198906,13.4,8.114185110040317
760,0.045649414062500004,13.296875,0.640771484375,0.582392578125,78.97,20.772884248461985,15.2,4.707440918375928
761,0.0418896484375,5.765625,0.660595703125,0.582392578125,65.324,32.28874020459764,10.8,5.946427498927402
762,0.010649414062500001,29.296875,0.990771484375,0.7017480468749999,45.086,45.788531140450445,10.4,9.32952303175248
763,0.0768896484375,29.296875,0.990771484375,0.7017480468749999,92.878,6.313935064601155,14.8,1.1661903789690602
764,0.010649414062500001,21.765625,0.990771484375,0.7017480468749999,45.086,45.788531140450445,10.4,9.32952303175248
765,0.010649414062500001,29.296875,0.310595703125,0.7017480468749999,45.086,45.788531140450445,10.4,9.32952303175248
766,0.010649414062500001,29.296875,0.990771484375,0.652392578125,67.232,38.01449323613298,12.8,6.968500556073739
767,0.0768896484375,21.765625,0.310595703125,0.652392578125,94.674,5.674393712107047,14.0,0.8944271909999159
768,0.0109228515625,10.671875,0.45756835937499996,0.622451171875,65.826,29.991935982860458,16.0,1.7888543819998317
769,0.038881835937500005,10.671875,0.45756835937499996,0.622451171875,72.578,24.449439584579437,14.4,1.0198039027185568
770,0.0109228515625,18.640625,0.45756835937499996,0.622451171875,77.972,25.820541744897607,15.8,1.9390719429665315
771,0.0109228515625,10.671875,0.9148925781249999,0.622451171875,31.052,37.22107220379338,5.6,8.138795979750322
772,0.0109228515625,10.671875,0.45756835937499996,0.672626953125,49.62,42.95418210139729,9.8,8.840814442120138
773,0.038881835937500005,18.640625,0.9148925781249999,0.672626953125,85.65200000000002,18.810898330489163,15.2,1.16619037896906
774,0.045922851562500006,26.671875,0.807568359375,0.6924511718749999,91.36,7.071455295764798,15.6,1.3564659966250536
775,0.0738818359375,26.671875,0.807568359375,0.6924511718749999,93.19399999999999,5.8840380692174294,14.8,1.1661903789690602
776,0.045922851562500006,34.640625,0.807568359375,0.6924511718749999,91.36,7.071455295764798,15.6,1.3564659966250536
777,0.045922851562500006,26.671875,0.564892578125,0.6924511718749999,91.36,7.071455295764798,15.6,1.3564659966250536
778,0.045922851562500006,26.671875,0.807568359375,0.6026269531249999,95.03999999999999,4.321559903553346,13.6,0.8
779,0.0738818359375,34.640625,0.564892578125,0.6026269531249999,95.45,5.668816454957771,12.4,2.8
780,0.06342285156250001,18.671875,0.632568359375,0.587451171875,95.602,4.185405117787283,12.0,2.8284271247461903
781,0.056381835937500006,18.671875,0.632568359375,0.587451171875,94.702,5.958205770196261,12.2,2.481934729198171
782,0.06342285156250001,26.640625,0.632568359375,0.587451171875,95.602,4.185405117787283,12.0,2.8284271247461903
783,0.06342285156250001,18.671875,0.739892578125,0.587451171875,95.602,4.185405117787283,12.0,2.8284271247461903
784,0.06342285156250001,18.671875,0.632568359375,0.637626953125,93.78999999999999,5.995118013850939,14.0,0.8944271909999159
785,0.056381835937500006,26.640625,0.739892578125,0.637626953125,92.45,6.766381603190881,14.2,1.16619037896906
786,0.028422851562500004,34.671875,0.9825683593749999,0.657451171875,92.162,7.752363252583046,15.6,1.624807680927192
787,0.021381835937500003,34.671875,0.9825683593749999,0.657451171875,82.848,20.656655489212188,16.2,1.7204650534085253
788,0.028422851562500004,10.640625,0.9825683593749999,0.657451171875,33.128,36.51823566384335,9.6,8.8
789,0.028422851562500004,34.671875,0.389892578125,0.657451171875,92.162,7.752363252583046,15.6,1.624807680927192
790,0.028422851562500004,34.671875,0.9825683593749999,0.707626953125,74.75,31.73959230992106,12.8,6.997142273814361
791,0.021381835937500003,10.640625,0.389892578125,0.707626953125,52.79600000000001,41.161722801651536,9.4,8.5463442476886
792,0.037172851562500005,14.671875,0.7200683593749999,0.674951171875,60.763999999999996,37.01890468395843,14.6,8.593020423576334
793,0.0126318359375,14.671875,0.7200683593749999,0.674951171875,42.844,46.915872196944186,7.6,10.910545357588683
794,0.037172851562500005,14.640625,0.7200683593749999,0.674951171875,60.763999999999996,37.01890468395843,14.6,8.593020423576334
795,0.037172851562500005,14.671875,0.652392578125,0.674951171875,63.676,33.98611104554329,12.4,6.887670143089026
796,0.037172851562500005,14.671875,0.7200683593749999,0.620126953125,61.124,36.93254748863122,11.2,6.20966987850401
797,0.0126318359375,14.640625,0.652392578125,0.620126953125,58.262,37.0432878670347,12.8,7.110555533852471
798,0.0721728515625,30.671875,0.370068359375,0.6049511718749999,96.29400000000001,4.571755024058048,12.4,2.8
799,0.047631835937500006,30.671875,0.370068359375,0.6049511718749999,95.366,4.094745901762406,13.6,0.8
800,0.0721728515625,30.640625,0.370068359375,0.6049511718749999,96.29400000000001,4.571755024058048,12.4,2.8
801,0.0721728515625,30.671875,0.302392578125,0.6049511718749999,96.29400000000001,4.571755024058048,12.4,2.8
802,0.0721728515625,30.671875,0.370068359375,0.6901269531249999,93.1,6.005970362897242,14.8,1.1661903789690602
803,0.047631835937500006,30.640625,0.302392578125,0.6901269531249999,92.366,7.156282833985812,15.4,1.2
804,0.054672851562500006,6.671875,0.895068359375,0.709951171875,32.452,36.752268174903165,9.4,8.593020423576334
805,0.06513183593750001,6.671875,0.895068359375,0.709951171875,53.136,40.267284288861596,14.0,8.049844718999243
806,0.054672851562500006,22.640625,0.895068359375,0.709951171875,90.80199999999999,7.511424365591388,15.6,1.3564659966250536
807,0.054672851562500006,6.671875,0.827392578125,0.709951171875,34.032000000000004,36.7073411731223,9.4,8.593020423576334
808,0.054672851562500006,6.671875,0.895068359375,0.6551269531249999,33.46,36.72917695783558,8.6,7.914543574963752
809,0.06513183593750001,22.640625,0.827392578125,0.6551269531249999,94.408,6.111318679303185,14.4,1.2
810,0.019672851562500003,22.671875,0.545068359375,0.639951171875,86.704,14.905068399708872,15.8,1.469693845669907
811,0.030131835937500004,22.671875,0.545068359375,0.639951171875,91.994,6.797592515001175,15.0,1.4142135623730951
812,0.019672851562500003,6.640625,0.545068359375,0.639951171875,62.220000000000006,31.936071768456433,16.0,1.4142135623730951
813,0.019672851562500003,22.671875,0.47739257812499997,0.639951171875,86.704,14.905068399708872,15.8,1.469693845669907
814,0.019672851562500003,22.671875,0.545068359375,0.585126953125,93.352,5.659764659418271,13.4,1.624807680927192
815,0.030131835937500004,6.640625,0.47739257812499997,0.585126953125,69.82000000000001,26.7984992117096,13.4,1.0198039027185568
816,0.0240478515625,16.671875,0.851318359375,0.613701171875,78.268,21.762328368076794,14.6,1.3564659966250536
817,0.0782568359375,16.671875,0.851318359375,0.613701171875,97.99600000000001,2.4183349643918244,12.8,2.481934729198171
818,0.0240478515625,8.640625,0.851318359375,0.613701171875,34.188,36.578425007099476,8.8,8.109253973085318
819,0.0240478515625,16.671875,0.6961425781249999,0.613701171875,80.846,18.674043589967333,14.6,1.3564659966250536
820,0.0240478515625,16.671875,0.851318359375,0.6288769531249999,77.482,26.041341286500586,15.0,1.7888543819998317
821,0.0782568359375,8.640625,0.6961425781249999,0.6288769531249999,61.586,33.75546272827555,12.2,6.881860213634101
822,0.0590478515625,32.671875,0.5013183593749999,0.683701171875,91.726,6.863409065471763,14.8,1.1661903789690602
823,0.0432568359375,32.671875,0.5013183593749999,0.683701171875,92.55799999999999,6.811711679159652,15.4,1.2
824,0.0590478515625,24.640625,0.5013183593749999,0.683701171875,91.726,6.863409065471763,14.8,1.1661903789690602
825,0.0590478515625,32.671875,0.346142578125,0.683701171875,91.726,6.863409065471763,14.8,1.1661903789690602
826,0.0590478515625,32.671875,0.5013183593749999,0.698876953125,95.474,4.3472455647225665,15.0,1.4142135623730951
827,0.0432568359375,24.640625,0.346142578125,0.698876953125,92.69200000000001,5.984170452117819,15.8,1.6
828,0.0765478515625,8.671875,0.676318359375,0.648701171875,61.878,33.150301597421404,12.4,6.974238309665077
829,0.0257568359375,8.671875,0.676318359375,0.648701171875,60.26800000000001,34.00163019621265,14.4,8.357032966310472
830,0.0765478515625,32.640625,0.676318359375,0.648701171875,94.696,4.991403009174876,14.0,0.8944271909999159
831,0.0765478515625,8.671875,0.871142578125,0.648701171875,53.786,39.779385415061405,12.6,7.172168430816443
832,0.0765478515625,8.671875,0.676318359375,0.663876953125,61.806,33.044063672617504,12.4,6.974238309665077
833,0.0257568359375,32.640625,0.871142578125,0.663876953125,84.80799999999999,16.93134655011231,16.0,1.4142135623730951
834,0.0415478515625,24.671875,0.326318359375,0.7187011718749999,84.21600000000001,17.847161791164442,16.2,1.8330302779823362
835,0.0607568359375,24.671875,0.326318359375,0.7187011718749999,90.276,7.95341084063938,15.6,1.3564659966250536
836,0.0415478515625,16.640625,0.326318359375,0.7187011718749999,71.318,25.54570523591001,16.4,2.0591260281974
837,0.0415478515625,24.671875,0.521142578125,0.7187011718749999,84.21600000000001,17.847161791164442,16.2,1.8330302779823362
838,0.0415478515625,24.671875,0.326318359375,0.593876953125,93.73,5.223309295839179,13.4,1.0198039027185568
839,0.0607568359375,16.640625,0.521142578125,0.593876953125,94.822,6.348386881720427,12.4,2.4166091947189146
840,0.0327978515625,4.671875,0.588818359375,0.701201171875,60.626,34.0343917824309,16.8,1.9390719429665317
841,0.0520068359375,4.671875,0.588818359375,0.701201171875,65.372,30.39143524087008,15.6,1.3564659966250536
842,0.0327978515625,4.640625,0.588818359375,0.701201171875,60.626,34.0343917824309,16.8,1.9390719429665317
843,0.0327978515625,4.671875,0.9586425781249999,0.701201171875,30.197999999999997,37.10629186539663,6.0,8.62554346113913
844,0.0327978515625,4.671875,0.588818359375,0.681376953125,63.076,31.77035133579734,16.2,1.469693845669907
845,0.0520068359375,4.640625,0.9586425781249999,0.681376953125,33.738,36.51867708447281,9.2,8.4
846,0.0677978515625,20.671875,0.9388183593749999,0.6312011718749999,95.112,6.295504427764306,14.0,0.8944271909999159
847,0.0170068359375,20.671875,0.9388183593749999,0.6312011718749999,85.538,15.755162201640452,15.6,1.3564659966250536
848,0.0677978515625,20.640625,0.9388183593749999,0.6312011718749999,95.112,6.295504427764306,14.0,0.8944271909999159
849,0.0677978515625,20.671875,0.608642578125,0.6312011718749999,95.112,6.295504427764306,14.0,0.8944271909999159
850,0.0677978515625,20.671875,0.9388183593749999,0.611376953125,95.22999999999999,5.722611292058899,13.8,0.7483314773547882
851,0.0170068359375,20.640625,0.608642578125,0.611376953125,91.128,7.273542190707358,14.6,1.3564659966250536
852,0.0502978515625,12.671875,0.413818359375,0.6662011718749999,70.85,26.057416602572097,15.0,1.4142135623730951
853,0.0345068359375,12.671875,0.413818359375,0.6662011718749999,72.03200000000001,24.844725315446738,15.8,1.6
854,0.0502978515625,28.640625,0.413818359375,0.6662011718749999,90.75800000000001,7.550842072245982,14.8,1.1661903789690602
855,0.0502978515625,12.671875,0.7836425781249999,0.6662011718749999,35.806,36.986599519285356,9.0,8.221921916437786
856,0.0502978515625,12.671875,0.413818359375,0.646376953125,73.938,23.79345153608446,14.6,1.0198039027185568
857,0.0345068359375,28.640625,0.7836425781249999,0.646376953125,92.68199999999999,6.185122149157606,15.0,1.4142135623730951
858,0.015297851562500001,28.671875,0.763818359375,0.596201171875,92.53399999999999,6.187547494767212,14.0,1.4142135623730951
859,0.0695068359375,28.671875,0.763818359375,0.596201171875,93.93800000000002,6.87690162791355,12.2,2.7856776554368237
860,0.015297851562500001,12.640625,0.763818359375,0.596201171875,38.496,35.70818315176509,8.6,7.939773296511683
861,0.015297851562500001,28.671875,0.43364257812499996,0.596201171875,92.53399999999999,6.187547494767212,14.0,1.4142135623730951
862,0.015297851562500001,28.671875,0.763818359375,0.7163769531249999,46.995999999999995,45.12312116864258,10.0,9.033271832508971
863,0.0695068359375,12.640625,0.43364257812499996,0.7163769531249999,72.276,25.091901960592786,15.4,1.2
864,0.0174853515625,13.671875,0.479443359375,0.705576171875,46.432,44.77401675078974,10.0,9.033271832508971
865,0.0191943359375,13.671875,0.479443359375,0.705576171875,48.678000000000004,43.23438002331016,9.6,8.754427451295717
866,0.0174853515625,21.640625,0.479443359375,0.705576171875,56.156000000000006,44.297413739404696,9.6,8.685620300243386
867,0.0174853515625,13.671875,0.5867675781249999,0.705576171875,44.344,45.82510298951875,6.0,8.579044235810887
868,0.0174853515625,13.671875,0.479443359375,0.642001953125,64.79400000000001,30.14502386796202,16.2,1.7204650534085253
869,0.0191943359375,21.640625,0.5867675781249999,0.642001953125,85.85799999999999,18.43230902518727,15.8,1.469693845669907
870,0.052485351562500004,29.671875,0.8294433593749999,0.6355761718749999,92.502,6.56544103621379,14.2,1.16619037896906
871,0.054194335937500004,29.671875,0.8294433593749999,0.6355761718749999,92.096,6.974888099460809,14.2,1.16619037896906
872,0.052485351562500004,5.640625,0.8294433593749999,0.6355761718749999,58.388,37.902794303322814,13.4,8.114185110040317
873,0.052485351562500004,29.671875,0.936767578125,0.6355761718749999,92.502,6.56544103621379,14.2,1.16619037896906
874,0.052485351562500004,29.671875,0.8294433593749999,0.7120019531249999,92.07399999999998,6.474752813814593,15.6,1.3564659966250536
875,0.054194335937500004,5.640625,0.936767578125,0.7120019531249999,36.372,36.704629353802225,9.4,8.593020423576334
876,0.0699853515625,5.671875,0.304443359375,0.670576171875,82.388,15.36716291317301,14.6,1.0198039027185568
877,0.0716943359375,5.671875,0.304443359375,0.670576171875,82.09,15.531766158425127,14.4,1.2
878,0.0699853515625,13.640625,0.304443359375,0.670576171875,81.056,16.07812999076696,14.6,1.0198039027185568
879,0.0699853515625,5.671875,0.411767578125,0.670576171875,77.434,20.224529265226423,14.6,1.0198039027185568
880,0.0699853515625,5.671875,0.304443359375,0.677001953125,82.344,15.952823699897143,14.8,1.1661903789690602
881,0.0716943359375,13.640625,0.411767578125,0.677001953125,75.982,21.10019279532772,14.8,1.1661903789690602
882,0.0349853515625,21.671875,0.654443359375,0.600576171875,95.24000000000001,4.502785804366002,13.8,0.9797958971132713
883,0.0366943359375,21.671875,0.654443359375,0.600576171875,95.50800000000001,4.265927331776759,13.6,0.8
884,0.0349853515625,29.640625,0.654443359375,0.600576171875,95.24000000000001,4.502785804366002,13.8,0.9797958971132713
885,0.0349853515625,21.671875,0.761767578125,0.600576171875,95.24000000000001,4.502785804366002,13.8,0.9797958971132713
886,0.0349853515625,21.671875,0.654443359375,0.6070019531249999,93.466,6.058559564781056,14.0,1.2649110640673518
887,0.0366943359375,29.640625,0.761767578125,0.6070019531249999,94.124,5.775512444796565,13.8,0.9797958971132713
888,0.043735351562500004,9.671875,0.916943359375,0.5830761718749999,35.976,36.79907748843713,8.0,7.37563556583431
889,0.027944335937500002,9.671875,0.916943359375,0.5830761718749999,35.626000000000005,36.83841234363935,8.2,7.573638491504594
890,0.043735351562500004,25.640625,0.916943359375,0.5830761718749999,93.604,6.4116350488779394,13.2,1.32664991614216
891,0.043735351562500004,9.671875,0.324267578125,0.5830761718749999,79.412,18.43602929049528,13.2,1.32664991614216
892,0.043735351562500004,9.671875,0.916943359375,0.6595019531249999,35.382,36.84797112460874,9.0,8.221921916437786
893,0.027944335937500002,25.640625,0.324267578125,0.6595019531249999,90.80999999999999,9.586941118000047,15.6,1.624807680927192
894,0.0787353515625,25.671875,0.566943359375,0.653076171875,94.524,5.896814733396327,14.0,0.8944271909999159
895,0.0629443359375,25.671875,0.566943359375,0.653076171875,94.47999999999999,6.063754612449287,14.4,1.2
896,0.0787353515625,9.640625,0.566943359375,0.653076171875,68.828,27.79252446252409,14.4,1.2
897,0.0787353515625,25.671875,0.674267578125,0.653076171875,94.524,5.896814733396327,14.0,0.8944271909999159
898,0.0787353515625,25.671875,0.566943359375,0.589501953125,95.77000000000001,5.514424720675768,10.4,3.4985711369071804
899,0.0629443359375,9.640625,0.674267578125,0.589501953125,64.34400000000001,32.635381168296476,11.2,7.547184905645283
900,0.061235351562500005,17.671875,0.741943359375,0.618076171875,97.434,3.9802994862196,14.0,0.8944271909999159
901,0.045444335937500004,17.671875,0.741943359375,0.618076171875,94.05,4.988386512691254,14.0,0.8944271909999159
902,0.061235351562500005,17.640625,0.741943359375,0.618076171875,97.434,3.9802994862196,14.0,0.8944271909999159
903,0.061235351562500005,17.671875,0.499267578125,0.618076171875,97.434,3.9802994862196,14.0,0.8944271909999159
904,0.061235351562500005,17.671875,0.741943359375,0.624501953125,96.304,4.4538100543242765,14.0,0.8944271909999159
905,0.045444335937500004,17.640625,0.499267578125,0.624501953125,89.372,9.169242934942883,14.2,1.16619037896906
906,0.026235351562500002,33.671875,0.39194335937499997,0.6880761718749999,79.148,26.265407973225926,16.6,1.854723699099141
907,0.0104443359375,33.671875,0.39194335937499997,0.6880761718749999,51.160000000000004,44.78149617866737,10.2,9.173875952943773
908,0.026235351562500002,33.640625,0.39194335937499997,0.6880761718749999,79.148,26.265407973225926,16.6,1.854723699099141
909,0.026235351562500002,33.671875,0.8492675781249999,0.6880761718749999,79.148,26.265407973225926,16.6,1.854723699099141
910,0.026235351562500002,33.671875,0.39194335937499997,0.694501953125,76.422,29.222805067275797,16.8,1.6
911,0.0104443359375,33.640625,0.8492675781249999,0.694501953125,48.392,44.83684484885171,10.4,9.32952303175248
912,0.0218603515625,7.671875,0.785693359375,0.6618261718749999,34.212,37.19555586357058,9.8,8.975522268926749
913,0.05856933593750001,7.671875,0.785693359375,0.6618261718749999,60.258,37.35036942253718,14.0,8.414273587185052
914,0.0218603515625,31.640625,0.785693359375,0.6618261718749999,83.338,20.77060365035162,16.2,1.7204650534085253
915,0.0218603515625,7.671875,0.36801757812499997,0.6618261718749999,69.152,27.22924413199896,16.2,1.7204650534085253
916,0.0218603515625,7.671875,0.785693359375,0.650751953125,35.288,37.08834609415739,9.6,8.8
917,0.05856933593750001,31.640625,0.36801757812499997,0.650751953125,95.02600000000001,5.172641878189519,14.4,1.2
918,0.05686035156250001,23.671875,0.435693359375,0.591826171875,94.554,6.635937311337412,12.6,2.0591260281974
919,0.0235693359375,23.671875,0.435693359375,0.591826171875,93.78,5.75548781598919,13.6,1.3564659966250536
920,0.05686035156250001,15.640625,0.435693359375,0.591826171875,87.542,11.468831501072808,12.6,2.0591260281974
921,0.05686035156250001,23.671875,0.718017578125,0.591826171875,94.554,6.635937311337412,12.6,2.0591260281974
922,0.05686035156250001,23.671875,0.435693359375,0.5807519531249999,95.872,6.100352120984493,11.6,2.727636339397171
923,0.0235693359375,15.640625,0.718017578125,0.5807519531249999,80.388,19.73941579682641,13.0,1.6733200530681511
924,0.0743603515625,15.671875,0.960693359375,0.696826171875,54.15,39.63697768498502,11.8,6.554387843269576
925,0.0410693359375,15.671875,0.960693359375,0.696826171875,53.912,39.86359461965265,12.6,7.059745037889116
926,0.0743603515625,7.640625,0.960693359375,0.696826171875,55.818000000000005,38.89254344986967,13.2,7.35934779718964
927,0.0743603515625,15.671875,0.543017578125,0.696826171875,67.96799999999999,29.467317081811164,15.0,1.2649110640673518
928,0.0743603515625,15.671875,0.960693359375,0.615751953125,76.85,28.90812965240055,13.8,0.7483314773547882
929,0.0410693359375,7.640625,0.543017578125,0.615751953125,68.28,28.48886729935046,14.4,1.0198039027185568
930,0.0393603515625,31.671875,0.6106933593749999,0.626826171875,93.86600000000001,5.02710095383015,14.2,1.16619037896906
931,0.0760693359375,31.671875,0.6106933593749999,0.626826171875,96.542,4.965563009367617,14.0,0.8944271909999159
932,0.0393603515625,23.640625,0.6106933593749999,0.626826171875,93.86600000000001,5.02710095383015,14.2,1.16619037896906
933,0.0393603515625,31.671875,0.893017578125,0.626826171875,93.86600000000001,5.02710095383015,14.2,1.16619037896906
934,0.0393603515625,31.671875,0.6106933593749999,0.6857519531249999,92.474,6.3994612273221865,15.8,1.6
935,0.0760693359375,23.640625,0.893017578125,0.6857519531249999,95.022,4.804349695848546,14.6,1.3564659966250536
936,0.0306103515625,19.671875,0.34819335937499996,0.644326171875,91.088,7.7755704613873835,15.0,1.4142135623730951
937,0.0673193359375,19.671875,0.34819335937499996,0.644326171875,94.53,5.778124263115149,14.0,0.8944271909999159
938,0.0306103515625,35.640625,0.34819335937499996,0.644326171875,91.602,7.1705213199599385,15.0,1.4142135623730951
939,0.0306103515625,19.671875,0.630517578125,0.644326171875,90.722,8.256801802150758,15.0,1.4142135623730951
940,0.0306103515625,19.671875,0.34819335937499996,0.6332519531249999,94.09799999999998,6.0243718344737,15.0,1.4142135623730951
941,0.0673193359375,35.640625,0.630517578125,0.6332519531249999,95.132,5.86325302200067,14.0,0.8944271909999159
942,0.0656103515625,35.671875,0.698193359375,0.714326171875,95.95599999999999,4.038190683957361,15.4,1.2
943,0.0323193359375,35.671875,0.698193359375,0.714326171875,77.498,27.94311535960155,16.6,1.854723699099141
944,0.0656103515625,19.640625,0.698193359375,0.714326171875,95.95599999999999,4.038190683957361,15.4,1.2
945,0.0656103515625,35.671875,0.980517578125,0.714326171875,95.95599999999999,4.038190683957361,15.4,1.2
946,0.0656103515625,35.671875,0.698193359375,0.703251953125,94.282,5.424213860090696,15.0,1.4142135623730951
947,0.0323193359375,19.640625,0.980517578125,0.703251953125,72.70400000000001,31.816029670592147,12.6,6.945502141674135
948,0.04811035156250001,11.671875,0.523193359375,0.6093261718749999,71.606,24.419727762610293,14.0,0.8944271909999159
949,0.0148193359375,11.671875,0.523193359375,0.6093261718749999,69.128,26.331481842084013,15.2,1.7204650534085253
950,0.04811035156250001,11.640625,0.523193359375,0.6093261718749999,71.606,24.419727762610293,14.0,0.8944271909999159
951,0.04811035156250001,11.671875,0.455517578125,0.6093261718749999,74.792,21.59252037164722,14.0,0.8944271909999159
952,0.04811035156250001,11.671875,0.523193359375,0.668251953125,68.852,26.3508378614419,15.2,1.16619037896906
953,0.0148193359375,11.640625,0.455517578125,0.668251953125,55.483999999999995,39.078797115571504,13.2,7.222188034107115
954,0.0131103515625,27.671875,0.8731933593749999,0.679326171875,61.124,43.05008274091932,9.8,8.840814442120138
955,0.04981933593750001,27.671875,0.8731933593749999,0.679326171875,94.72,4.413202918516212,15.0,1.4142135623730951
956,0.0131103515625,27.640625,0.8731933593749999,0.679326171875,61.124,43.05008274091932,9.8,8.840814442120138
957,0.0131103515625,27.671875,0.8055175781249999,0.679326171875,61.124,43.05008274091932,9.8,8.840814442120138
958,0.0131103515625,27.671875,0.8731933593749999,0.598251953125,92.67800000000001,6.169130895028892,14.2,1.7204650534085253
959,0.04981933593750001,27.640625,0.8055175781249999,0.598251953125,92.74,6.28102220979993,13.4,1.0198039027185568
960,0.014204101562500002,18.171875,0.687255859375,0.6858886718749999,47.12,44.03309709752427,9.8,8.885943956609225
961,0.0312255859375,18.171875,0.687255859375,0.6858886718749999,75.79,28.778782462084806,16.2,1.7204650534085253
962,0.014204101562500002,23.140625,0.687255859375,0.6858886718749999,60.694,43.926863580273974,9.6,8.685620300243386
963,0.014204101562500002,18.171875,0.42270507812499997,0.6858886718749999,52.367999999999995,42.37407811386579,9.6,8.685620300243386
964,0.014204101562500002,18.171875,0.687255859375,0.582939453125,92.768,6.254912949034545,13.6,1.624807680927192
965,0.0312255859375,23.140625,0.42270507812499997,0.582939453125,92.06800000000001,6.521543988964576,13.2,1.32664991614216
966,0.049204101562500005,34.171875,0.33725585937499997,0.615888671875,98.12800000000001,2.6010951539688025,14.0,0.8944271909999159
967,0.0662255859375,34.171875,0.33725585937499997,0.615888671875,96.25,5.3191277480429076,13.8,0.7483314773547882
968,0.049204101562500005,7.140625,0.33725585937499997,0.615888671875,81.87,17.13699506914792,14.0,0.8944271909999159
969,0.049204101562500005,34.171875,0.772705078125,0.615888671875,98.12800000000001,2.6010951539688025,14.0,0.8944271909999159
970,0.049204101562500005,34.171875,0.33725585937499997,0.652939453125,96.944,3.4545772534421655,14.6,1.0198039027185568
971,0.0662255859375,7.140625,0.772705078125,0.652939453125,59.076,37.681146797835126,13.0,7.615773105863909
972,0.0667041015625,10.171875,0.862255859375,0.650888671875,56.544000000000004,38.56464577822542,12.6,7.172168430816443
973,0.0487255859375,10.171875,0.862255859375,0.650888671875,37.586,36.884966910653446,8.8,8.109253973085318
974,0.0667041015625,15.140625,0.862255859375,0.650888671875,60.274,33.31615680116781,14.2,1.16619037896906
975,0.0667041015625,10.171875,0.597705078125,0.650888671875,66.978,29.303998634998603,15.8,2.315167380558045
976,0.0667041015625,10.171875,0.862255859375,0.6879394531249999,56.402,38.643769174344264,13.4,7.552483035399683
977,0.0487255859375,15.140625,0.597705078125,0.6879394531249999,65.09200000000001,31.66053151796413,12.2,6.734983296193095
978,0.0317041015625,26.171875,0.512255859375,0.5808886718749999,90.988,7.406465823859582,13.0,1.6733200530681511
979,0.0137255859375,26.171875,0.512255859375,0.5808886718749999,92.436,6.414547840650967,13.2,1.9390719429665315
980,0.0317041015625,31.140625,0.512255859375,0.5808886718749999,90.98599999999999,7.408291570935908,13.0,1.6733200530681511
981,0.0317041015625,26.171875,0.947705078125,0.5808886718749999,90.988,7.406465823859582,13.0,1.6733200530681511
982,0.0317041015625,26.171875,0.512255859375,0.617939453125,92.876,6.185355608208797,14.4,1.0198039027185568
983,0.0137255859375,31.140625,0.947705078125,0.617939453125,86.84200000000001,15.55570686275619,15.4,1.4966629547095764
984,0.040454101562500004,6.171875,0.424755859375,0.598388671875,73.10799999999999,24.192420631263836,13.8,0.9797958971132713
985,0.0224755859375,6.171875,0.424755859375,0.598388671875,71.696,24.917263573675182,14.2,1.16619037896906
986,0.040454101562500004,27.140625,0.424755859375,0.598388671875,94.226,5.279233277664476,13.4,1.0198039027185568
987,0.040454101562500004,6.171875,0.510205078125,0.598388671875,68.72999999999999,28.19578904730279,13.8,0.9797958971132713
988,0.040454101562500004,6.171875,0.424755859375,0.705439453125,68.532,26.17956409109976,16.2,1.469693845669907
989,0.0224755859375,27.140625,0.510205078125,0.705439453125,64.086,40.36898690826907,13.4,7.337574531137657
990,0.0754541015625,22.171875,0.7747558593749999,0.668388671875,94.748,6.696191156172293,14.4,1.2
991,0.057475585937500004,22.171875,0.7747558593749999,0.668388671875,94.018,5.020129082005761,14.8,1.1661903789690602
992,0.0754541015625,11.140625,0.7747558593749999,0.668388671875,58.36800000000001,35.53831419749676,12.8,7.249827584156743
993,0.0754541015625,22.171875,0.8602050781249999,0.668388671875,94.748,6.696191156172293,14.4,1.2
994,0.0754541015625,22.171875,0.7747558593749999,0.6354394531249999,94.986,6.376424076235832,14.0,0.8944271909999159
995,0.057475585937500004,11.140625,0.8602050781249999,0.6354394531249999,54.220000000000006,39.16029060157751,13.2,7.858753081755401
996,0.057954101562500006,14.171875,0.599755859375,0.6333886718749999,66.532,31.686275514802933,11.2,6.20966987850401
997,0.0749755859375,14.171875,0.599755859375,0.6333886718749999,68.44200000000001,30.869336500806103,11.0,6.06630035524124
998,0.057954101562500006,19.140625,0.599755859375,0.6333886718749999,93.398,6.481263457073781,14.0,0.8944271909999159
999,0.057954101562500006,14.171875,0.335205078125,0.6333886718749999,78.306,20.12254814878076,14.2,1.16619037896906
1000,0.057954101562500006,14.171875,0.599755859375,0.6004394531249999,74.79400000000001,20.64354775710803,13.6,0.8
1001,0.0749755859375,19.140625,0.335205078125,0.6004394531249999,94.702,6.127349834961279,12.4,2.8
1002,0.022954101562500002,30.171875,0.949755859375,0.703388671875,65.59200000000001,38.94936785109612,13.0,7.155417527999327
1003,0.0399755859375,30.171875,0.949755859375,0.703388671875,89.006,12.21828891457392,15.8,1.6
1004,0.022954101562500002,35.140625,0.949755859375,0.703388671875,65.59200000000001,38.94936785109612,13.0,7.155417527999327
1005,0.022954101562500002,30.171875,0.685205078125,0.703388671875,65.59200000000001,38.94936785109612,13.0,7.155417527999327
1006,0.022954101562500002,30.171875,0.949755859375,0.670439453125,83.928,22.217797730648282,16.2,1.7204650534085253
1007,0.0399755859375,35.140625,0.685205078125,0.670439453125,93.574,5.854132215794242,15.2,1.16619037896906
1008,0.0273291015625,8.171875,0.643505859375,0.677138671875,57.99400000000001,35.75267128481451,13.0,7.238784428341543
1009,0.0706005859375,8.171875,0.643505859375,0.677138671875,64.08399999999999,31.3452111812953,14.8,1.1661903789690602
1010,0.0273291015625,29.140625,0.643505859375,0.677138671875,84.042,20.828553862426457,16.2,1.7204650534085253
1011,0.0273291015625,8.171875,0.553955078125,0.677138671875,61.718,32.65560680801997,16.6,1.854723699099141
1012,0.0273291015625,8.171875,0.643505859375,0.7141894531249999,49.178000000000004,42.241890772076005,9.6,8.754427451295717
1013,0.0706005859375,29.140625,0.553955078125,0.7141894531249999,94.76399999999998,5.319073603551657,15.2,1.469693845669907
1014,0.06232910156250001,24.171875,0.9935058593749999,0.6071386718749999,94.274,5.592164518323829,13.6,0.8
1015,0.035600585937500005,24.171875,0.9935058593749999,0.6071386718749999,93.722,5.977107661737408,14.0,1.2649110640673518
1016,0.06232910156250001,13.140625,0.9935058593749999,0.6071386718749999,52.914,39.76685484168946,12.4,7.08801805866774
1017,0.06232910156250001,24.171875,0.9039550781249999,0.6071386718749999,94.274,5.592164518323829,13.6,0.8
1018,0.06232910156250001,24.171875,0.9935058593749999,0.644189453125,93.80799999999999,5.659351199563426,14.2,1.16619037896906
1019,0.035600585937500005,13.140625,0.9039550781249999,0.644189453125,34.054,36.54314140847773,9.0,8.221921916437786
1020,0.0798291015625,16.171875,0.468505859375,0.712138671875,75.952,20.376379855116557,14.8,1.1661903789690602
1021,0.0181005859375,16.171875,0.468505859375,0.712138671875,44.108000000000004,46.169714055861334,6.0,8.579044235810887
1022,0.0798291015625,5.140625,0.468505859375,0.712138671875,73.486,23.862240967687843,15.2,0.9797958971132712
1023,0.0798291015625,16.171875,0.37895507812499996,0.712138671875,79.15,17.61209811464835,14.8,1.1661903789690602
1024,0.0798291015625,16.171875,0.468505859375,0.609189453125,97.402,3.661652086149092,12.4,2.8
1025,0.0181005859375,5.140625,0.37895507812499996,0.609189453125,75.4,21.7208765937289,14.6,1.3564659966250536
1026,0.04482910156250001,32.171875,0.8185058593749999,0.642138671875,96.41399999999999,3.3379071287260236,14.6,1.0198039027185568
1027,0.05310058593750001,32.171875,0.8185058593749999,0.642138671875,94.376,5.322772210042433,14.2,1.16619037896906
1028,0.04482910156250001,21.140625,0.8185058593749999,0.642138671875,96.41399999999999,3.3379071287260236,14.6,1.0198039027185568
1029,0.04482910156250001,32.171875,0.728955078125,0.642138671875,96.41399999999999,3.3379071287260236,14.6,1.0198039027185568
1030,0.04482910156250001,32.171875,0.8185058593749999,0.679189453125,93.762,6.349817005237239,15.2,1.16619037896906
1031,0.05310058593750001,21.140625,0.728955078125,0.679189453125,93.096,5.7150839013963735,15.0,1.4142135623730951
1032,0.0360791015625,12.171875,0.906005859375,0.624638671875,33.958,37.0091536785158,8.6,7.914543574963752
1033,0.06185058593750001,12.171875,0.906005859375,0.624638671875,54.474000000000004,39.81616636493273,12.4,7.08801805866774
1034,0.0360791015625,33.140625,0.906005859375,0.624638671875,94.024,5.011497181481797,14.4,1.0198039027185568
1035,0.0360791015625,12.171875,0.466455078125,0.624638671875,70.30199999999999,27.62826697424216,14.6,1.0198039027185568
1036,0.0360791015625,12.171875,0.906005859375,0.591689453125,37.739999999999995,34.18686238893531,8.2,7.547184905645283
1037,0.06185058593750001,33.140625,0.466455078125,0.591689453125,94.168,6.69335013278104,12.2,2.7856776554368237
1038,0.07107910156250001,28.171875,0.5560058593749999,0.694638671875,92.598,6.639886746022104,14.8,1.1661903789690602
1039,0.026850585937500004,28.171875,0.5560058593749999,0.694638671875,77.372,28.3338732968156,16.6,1.854723699099141
1040,0.07107910156250001,17.140625,0.5560058593749999,0.694638671875,88.428,10.66894821432741,14.8,1.1661903789690602
1041,0.07107910156250001,28.171875,0.816455078125,0.694638671875,92.598,6.639886746022104,14.8,1.1661903789690602
1042,0.07107910156250001,28.171875,0.5560058593749999,0.6616894531249999,94.602,6.456539010956258,14.4,1.2
1043,0.026850585937500004,17.140625,0.816455078125,0.6616894531249999,71.936,28.831781491957795,16.0,1.8973665961010275
1044,0.05357910156250001,4.171875,0.731005859375,0.589638671875,60.727999999999994,35.83606752979461,13.0,8.024961059095553
1045,0.044350585937500006,4.171875,0.731005859375,0.589638671875,59.4,36.19109227420471,13.0,8.024961059095553
1046,0.05357910156250001,9.140625,0.731005859375,0.589638671875,61.9,34.869564952835304,13.0,8.024961059095553
1047,0.05357910156250001,4.171875,0.6414550781249999,0.589638671875,64.79,32.18506113090358,10.8,5.946427498927402
1048,0.05357910156250001,4.171875,0.731005859375,0.696689453125,60.11,35.7862180175553,14.2,8.280096617793781
1049,0.044350585937500006,9.140625,0.6414550781249999,0.696689453125,64.856,31.81047223792819,14.4,8.357032966310472
1050,0.0185791015625,20.171875,0.381005859375,0.659638671875,80.614,28.064314422411965,16.4,1.854723699099141
1051,0.0793505859375,20.171875,0.381005859375,0.659638671875,95.59,5.258208820501521,14.2,0.9797958971132712
1052,0.0185791015625,25.140625,0.381005859375,0.659638671875,80.614,28.064314422411965,16.4,1.854723699099141
1053,0.0185791015625,20.171875,0.991455078125,0.659638671875,80.614,28.064314422411965,16.4,1.854723699099141
1054,0.0185791015625,20.171875,0.381005859375,0.626689453125,90.99600000000001,8.464137522512262,15.2,1.6
1055,0.0793505859375,25.140625,0.991455078125,0.626689453125,96.26,5.881044124983249,14.0,0.8944271909999159
1056,0.0163916015625,5.171875,0.971630859375,0.6377636718749999,32.234,37.13087426926546,9.6,8.8
1057,0.011538085937500001,5.171875,0.971630859375,0.6377636718749999,29.439999999999998,38.45947269529316,6.0,8.62554346113913
1058,0.0163916015625,16.140625,0.971630859375,0.6377636718749999,61.355999999999995,33.011076080612696,12.0,6.572670690061994
1059,0.0163916015625,5.171875,0.7508300781249999,0.6377636718749999,56.27,38.734037744598744,14.6,8.452218643646175
1060,0.0163916015625,5.171875,0.971630859375,0.701064453125,20.556,39.73658948626568,2.4,6.8
1061,0.011538085937500001,16.140625,0.7508300781249999,0.701064453125,20.0,40.0,2.6,7.200000000000001
1062,0.05139160156250001,21.171875,0.621630859375,0.707763671875,91.53400000000002,6.914985466362166,15.6,1.3564659966250536
1063,0.04653808593750001,21.171875,0.621630859375,0.707763671875,93.424,5.382217386914058,15.8,1.6
1064,0.05139160156250001,32.140625,0.621630859375,0.707763671875,91.53400000000002,6.914985466362166,15.6,1.3564659966250536
1065,0.05139160156250001,21.171875,0.400830078125,0.707763671875,91.53400000000002,6.914985466362166,15.6,1.3564659966250536
1066,0.05139160156250001,21.171875,0.621630859375,0.6310644531249999,91.30600000000001,7.257193948076625,14.2,1.16619037896906
1067,0.04653808593750001,32.140625,0.400830078125,0.6310644531249999,92.88399999999999,5.948006724945762,14.2,1.16619037896906
1068,0.0688916015625,13.171875,0.796630859375,0.602763671875,60.76800000000001,34.14017832408026,11.0,6.957010852370434
1069,0.0640380859375,13.171875,0.796630859375,0.602763671875,60.275999999999996,34.31177850243266,12.2,7.025667228100119
1070,0.0688916015625,24.140625,0.796630859375,0.602763671875,95.83200000000001,5.132307083563883,12.6,2.4166091947189146
1071,0.0688916015625,13.171875,0.925830078125,0.602763671875,57.5,35.81582499398834,11.0,6.957010852370434
1072,0.0688916015625,13.171875,0.796630859375,0.596064453125,66.224,27.71176400014983,13.4,3.9293765408777004
1073,0.0640380859375,24.140625,0.925830078125,0.596064453125,94.454,6.703374075791981,12.4,2.4166091947189146
1074,0.033891601562500005,29.171875,0.44663085937499997,0.672763671875,91.502,6.979244658270692,15.8,1.6
1075,0.0290380859375,29.171875,0.44663085937499997,0.672763671875,86.228,14.847315447581762,15.8,1.6
1076,0.033891601562500005,8.140625,0.44663085937499997,0.672763671875,71.128,24.634709984085465,15.8,1.6
1077,0.033891601562500005,29.171875,0.575830078125,0.672763671875,91.502,6.979244658270692,15.8,1.6
1078,0.033891601562500005,29.171875,0.44663085937499997,0.666064453125,93.50200000000001,6.366742966383988,15.2,1.16619037896906
1079,0.0290380859375,8.140625,0.575830078125,0.666064453125,63.636,31.044199844737502,16.0,1.4142135623730951
1080,0.042641601562500006,17.171875,0.5341308593749999,0.655263671875,85.57000000000001,13.410598793491664,15.0,1.4142135623730951
1081,0.0377880859375,17.171875,0.5341308593749999,0.655263671875,84.41799999999999,14.298673225163236,15.0,1.4142135623730951
1082,0.042641601562500006,12.140625,0.5341308593749999,0.655263671875,65.43599999999999,31.559080214733765,11.8,6.554387843269576
1083,0.042641601562500006,17.171875,0.838330078125,0.655263671875,82.398,17.694239062474544,15.0,1.4142135623730951
1084,0.042641601562500006,17.171875,0.5341308593749999,0.613564453125,95.8,4.3793743845439845,14.0,0.8944271909999159
1085,0.0377880859375,12.140625,0.838330078125,0.613564453125,34.552,36.92131492782997,8.4,7.735631842325487
1086,0.0776416015625,33.171875,0.8841308593749999,0.585263671875,96.342,4.611040663451149,10.4,3.4985711369071804
1087,0.0727880859375,33.171875,0.8841308593749999,0.585263671875,96.716,4.359727514421057,10.6,3.3823069050575527
1088,0.0776416015625,28.140625,0.8841308593749999,0.585263671875,96.342,4.611040663451149,10.4,3.4985711369071804
1089,0.0776416015625,33.171875,0.48833007812499996,0.585263671875,96.342,4.611040663451149,10.4,3.4985711369071804
1090,0.0776416015625,33.171875,0.8841308593749999,0.683564453125,95.866,4.503445791835401,14.4,1.2
1091,0.0727880859375,28.140625,0.48833007812499996,0.683564453125,95.018,4.949413702652064,14.6,1.3564659966250536
1092,0.06014160156250001,9.171875,0.359130859375,0.6902636718749999,77.468,19.615640086420836,15.0,1.4142135623730951
1093,0.05528808593750001,9.171875,0.359130859375,0.6902636718749999,78.94,18.70768932818802,15.4,1.2
1094,0.06014160156250001,20.140625,0.359130859375,0.6902636718749999,93.152,6.02438511385187,15.0,1.4142135623730951
1095,0.06014160156250001,9.171875,0.663330078125,0.6902636718749999,63.931999999999995,32.45051272322211,13.8,7.984985911070852
1096,0.06014160156250001,9.171875,0.359130859375,0.718564453125,75.514,21.216126507918453,15.6,1.3564659966250536
1097,0.05528808593750001,20.140625,0.663330078125,0.718564453125,91.97,6.560378037887754,15.6,1.3564659966250536
1098,0.0251416015625,25.171875,0.709130859375,0.620263671875,92.604,6.152217811488797,14.6,1.3564659966250536
1099,0.0202880859375,25.171875,0.709130859375,0.620263671875,92.832,6.184721173989979,14.8,1.469693845669907
1100,0.0251416015625,4.140625,0.709130859375,0.620263671875,60.668000000000006,35.14495548439349,14.0,8.221921916437786
1101,0.0251416015625,25.171875,0.31333007812499997,0.620263671875,92.604,6.152217811488797,14.6,1.3564659966250536
1102,0.0251416015625,25.171875,0.709130859375,0.648564453125,90.86,8.57270319094275,15.4,1.4966629547095764
1103,0.0202880859375,4.140625,0.31333007812499997,0.648564453125,72.066,25.20360259962849,16.2,1.7204650534085253
1104,0.0207666015625,15.171875,0.315380859375,0.594013671875,86.848,12.54987713087264,13.8,1.469693845669907
1105,0.050913085937500005,15.171875,0.315380859375,0.594013671875,87.566,12.338064029660407,13.4,1.0198039027185568
1106,0.0207666015625,10.140625,0.315380859375,0.594013671875,79.402,17.955632431078552,14.0,1.4142135623730951
1107,0.0207666015625,15.171875,0.882080078125,0.594013671875,75.26599999999999,26.711439946210312,14.0,1.7888543819998317
1108,0.0207666015625,15.171875,0.315380859375,0.6048144531249999,86.562,13.432552103007083,14.2,1.16619037896906
1109,0.050913085937500005,10.140625,0.882080078125,0.6048144531249999,36.924,36.77975127702742,8.2,7.547184905645283
1110,0.055766601562500004,31.171875,0.6653808593749999,0.6640136718749999,95.56800000000001,3.697709561336585,14.8,1.1661903789690602
1111,0.0159130859375,31.171875,0.6653808593749999,0.6640136718749999,70.628,36.14476803079528,12.8,6.968500556073739
1112,0.055766601562500004,26.140625,0.6653808593749999,0.6640136718749999,95.56800000000001,3.697709561336585,14.8,1.1661903789690602
1113,0.055766601562500004,31.171875,0.5320800781249999,0.6640136718749999,95.56800000000001,3.697709561336585,14.8,1.1661903789690602
1114,0.055766601562500004,31.171875,0.6653808593749999,0.674814453125,90.918,7.426811967459523,14.8,1.1661903789690602
1115,0.0159130859375,26.140625,0.5320800781249999,0.674814453125,67.072,39.05891724049708,13.2,7.222188034107115
1116,0.0732666015625,7.171875,0.490380859375,0.629013671875,73.172,25.70329426357641,14.0,0.8944271909999159
1117,0.0334130859375,7.171875,0.490380859375,0.629013671875,71.836,25.838539896828536,14.6,1.0198039027185568
1118,0.0732666015625,34.140625,0.490380859375,0.629013671875,95.696,4.9406258712839195,14.0,0.8944271909999159
1119,0.0732666015625,7.171875,0.707080078125,0.629013671875,63.128,35.417057698233485,12.4,7.08801805866774
1120,0.0732666015625,7.171875,0.490380859375,0.7098144531249999,71.08,25.9045424588044,15.4,1.2
1121,0.0334130859375,34.140625,0.707080078125,0.7098144531249999,81.42999999999999,22.890251200019627,16.6,1.854723699099141
1122,0.0382666015625,23.171875,0.840380859375,0.699013671875,88.47,12.886104143611442,15.8,1.6
1123,0.0684130859375,23.171875,0.840380859375,0.699013671875,92.258,6.791766780448221,14.8,1.1661903789690602
1124,0.0382666015625,18.140625,0.840380859375,0.699013671875,75.908,28.06497133438764,16.0,1.8973665961010275
1125,0.0382666015625,23.171875,0.357080078125,0.699013671875,88.47,12.886104143611442,15.8,1.6
1126,0.0382666015625,23.171875,0.840380859375,0.639814453125,93.91999999999999,6.504235543090363,14.8,1.1661903789690602
1127,0.0684130859375,18.140625,0.357080078125,0.639814453125,94.41,4.821418878297134,14.0,0.8944271909999159
1128,0.0295166015625,11.171875,0.7528808593749999,0.716513671875,29.149999999999995,36.6636801207953,6.2,8.908422980528035
1129,0.0771630859375,11.171875,0.7528808593749999,0.716513671875,58.86,34.94376510910065,13.2,7.35934779718964
1130,0.0295166015625,6.140625,0.7528808593749999,0.716513671875,25.648000000000003,38.07473461496482,6.2,8.908422980528035
1131,0.0295166015625,11.171875,0.794580078125,0.716513671875,27.836000000000002,37.089781665574684,6.2,8.908422980528035
1132,0.0295166015625,11.171875,0.7528808593749999,0.692314453125,35.016,35.52944615385948,5.8,8.423775875461075
1133,0.0771630859375,6.140625,0.794580078125,0.692314453125,56.242,38.79932803541835,13.0,7.26636084983398
1134,0.0645166015625,27.171875,0.40288085937499996,0.646513671875,94.268,5.375981398777341,14.2,1.16619037896906
1135,0.042163085937500004,27.171875,0.40288085937499996,0.646513671875,93.972,6.771252173712039,14.8,1.1661903789690602
1136,0.0645166015625,22.140625,0.40288085937499996,0.646513671875,94.268,5.375981398777341,14.2,1.16619037896906
1137,0.0645166015625,27.171875,0.444580078125,0.646513671875,94.268,5.375981398777341,14.2,1.16619037896906
1138,0.0645166015625,27.171875,0.40288085937499996,0.622314453125,97.40400000000001,3.631542922780892,14.0,0.8944271909999159
1139,0.042163085937500004,22.140625,0.444580078125,0.622314453125,91.454,6.985091552728569,14.2,1.16619037896906
1140,0.0470166015625,19.171875,0.9278808593749999,0.681513671875,94.892,4.987305484928708,15.2,1.16619037896906
1141,0.024663085937500002,19.171875,0.9278808593749999,0.681513671875,70.212,34.30074833002919,12.4,6.829348431585549
1142,0.0470166015625,30.140625,0.9278808593749999,0.681513671875,94.892,4.987305484928708,15.2,1.16619037896906
1143,0.0470166015625,19.171875,0.9695800781249999,0.681513671875,94.892,4.987305484928708,15.2,1.16619037896906
1144,0.0470166015625,19.171875,0.9278808593749999,0.587314453125,93.708,6.004016655539857,13.2,1.32664991614216
1145,0.024663085937500002,30.140625,0.9695800781249999,0.587314453125,93.51,5.825145491745251,13.2,1.32664991614216
1146,0.0120166015625,35.171875,0.577880859375,0.6115136718749999,86.796,15.313777587519024,15.4,1.4966629547095764
1147,0.059663085937500006,35.171875,0.577880859375,0.6115136718749999,96.048,4.570756611328149,13.8,0.7483314773547882
1148,0.0120166015625,14.140625,0.577880859375,0.6115136718749999,65.27799999999999,30.368526734104176,15.4,1.4966629547095764
1149,0.0120166015625,35.171875,0.619580078125,0.6115136718749999,86.796,15.313777587519024,15.4,1.4966629547095764
1150,0.0120166015625,35.171875,0.577880859375,0.6573144531249999,67.47200000000001,38.09913300850821,12.8,6.968500556073739
1151,0.059663085937500006,14.140625,0.619580078125,0.6573144531249999,66.652,31.849077474865734,11.2,6.20966987850401
1152,0.011469726562500001,14.421875,0.944287109375,0.6651074218749999,22.94,38.948355549368195,2.4,6.8
1153,0.0667724609375,14.421875,0.944287109375,0.6651074218749999,56.888,38.47008936823516,11.4,6.343500610861483
1154,0.011469726562500001,4.890625,0.944287109375,0.6651074218749999,22.402,39.076827097398784,2.4,6.8
1155,0.011469726562500001,14.421875,0.5047363281249999,0.6651074218749999,50.012,41.835337407507545,13.8,7.467261881037788
1156,0.011469726562500001,14.421875,0.944287109375,0.667158203125,22.56,39.03606537549603,2.4,6.8
1157,0.0667724609375,4.890625,0.5047363281249999,0.667158203125,71.712,25.009496916171667,14.6,1.0198039027185568
1158,0.04646972656250001,30.421875,0.594287109375,0.595107421875,93.392,5.687816452734738,13.4,1.0198039027185568
1159,0.031772460937500004,30.421875,0.594287109375,0.595107421875,95.346,3.998862838357925,13.4,1.0198039027185568
1160,0.04646972656250001,20.890625,0.594287109375,0.595107421875,93.392,5.687816452734738,13.4,1.0198039027185568
1161,0.04646972656250001,30.421875,0.854736328125,0.595107421875,93.392,5.687816452734738,13.4,1.0198039027185568
1162,0.04646972656250001,30.421875,0.594287109375,0.597158203125,92.62599999999999,6.445747745607178,13.4,1.0198039027185568
1163,0.031772460937500004,20.890625,0.854736328125,0.597158203125,93.46,6.319041066491025,13.4,1.0198039027185568
1164,0.06396972656250001,6.421875,0.769287109375,0.700107421875,55.972,38.92950264259743,14.0,8.221921916437786
1165,0.0142724609375,6.421875,0.769287109375,0.700107421875,20.0,40.0,2.4,6.8
1166,0.06396972656250001,28.890625,0.769287109375,0.700107421875,94.064,5.459353807915365,15.0,1.4142135623730951
1167,0.06396972656250001,6.421875,0.329736328125,0.700107421875,77.404,19.281002671023103,15.4,1.2
1168,0.06396972656250001,6.421875,0.769287109375,0.6321582031249999,57.098,38.51752972349084,13.2,7.858753081755401
1169,0.0142724609375,28.890625,0.329736328125,0.6321582031249999,83.872,21.175721380864452,16.0,1.7888543819998317
1170,0.0289697265625,22.421875,0.41928710937499997,0.630107421875,93.84599999999999,6.030431493682688,14.8,1.469693845669907
1171,0.049272460937500005,22.421875,0.41928710937499997,0.630107421875,91.674,6.939526208611076,14.2,1.16619037896906
1172,0.0289697265625,12.890625,0.41928710937499997,0.630107421875,71.994,25.12901478371168,15.0,1.4142135623730951
1173,0.0289697265625,22.421875,0.679736328125,0.630107421875,93.84599999999999,6.030431493682688,14.8,1.469693845669907
1174,0.0289697265625,22.421875,0.41928710937499997,0.702158203125,77.51,27.91538357250353,16.6,1.854723699099141
1175,0.049272460937500005,12.890625,0.679736328125,0.702158203125,58.378,38.161440434029736,14.8,8.840814442120138
1176,0.0377197265625,10.421875,0.506787109375,0.647607421875,70.454,26.068325301023847,15.0,1.4142135623730951
1177,0.058022460937500006,10.421875,0.506787109375,0.647607421875,71.372,25.220426166105916,14.6,1.0198039027185568
1178,0.0377197265625,8.890625,0.506787109375,0.647607421875,68.864,26.604448951256256,15.2,1.16619037896906
1179,0.0377197265625,10.421875,0.417236328125,0.647607421875,74.366,22.363146111403914,15.0,1.4142135623730951
1180,0.0377197265625,10.421875,0.506787109375,0.649658203125,70.268,26.441448825660064,15.0,1.4142135623730951
1181,0.058022460937500006,8.890625,0.417236328125,0.649658203125,74.58399999999999,21.61437355094984,14.6,1.0198039027185568
1182,0.0727197265625,26.421875,0.8567871093749999,0.7176074218749999,94.72,5.380591045600847,15.2,1.469693845669907
1183,0.023022460937500003,26.421875,0.8567871093749999,0.7176074218749999,61.470000000000006,42.986900330216876,9.4,8.5463442476886
1184,0.0727197265625,24.890625,0.8567871093749999,0.7176074218749999,94.72,5.380591045600847,15.2,1.469693845669907
1185,0.0727197265625,26.421875,0.767236328125,0.7176074218749999,94.72,5.380591045600847,15.2,1.469693845669907
1186,0.0727197265625,26.421875,0.8567871093749999,0.719658203125,95.188,4.990917350547894,15.2,1.469693845669907
1187,0.023022460937500003,24.890625,0.767236328125,0.719658203125,59.727999999999994,42.89940950642561,9.4,8.5463442476886
1188,0.05521972656250001,18.421875,0.331787109375,0.612607421875,96.818,3.639018549004665,14.0,0.8944271909999159
1189,0.040522460937500004,18.421875,0.331787109375,0.612607421875,94.35,6.125892588023396,14.0,0.8944271909999159
1190,0.05521972656250001,32.890625,0.331787109375,0.612607421875,96.818,3.639018549004665,14.0,0.8944271909999159
1191,0.05521972656250001,18.421875,0.592236328125,0.612607421875,96.818,3.639018549004665,14.0,0.8944271909999159
1192,0.05521972656250001,18.421875,0.331787109375,0.6846582031249999,92.22,7.435302280338034,15.0,1.4142135623730951
1193,0.040522460937500004,32.890625,0.592236328125,0.6846582031249999,91.664,6.921995665991132,15.6,1.3564659966250536
1194,0.020219726562500002,34.421875,0.681787109375,0.682607421875,70.482,36.16609262831693,12.8,6.997142273814361
1195,0.07552246093750001,34.421875,0.681787109375,0.682607421875,95.648,4.208422032068554,14.4,1.2
1196,0.020219726562500002,16.890625,0.681787109375,0.682607421875,48.146,44.258874635489775,9.4,8.616263691415208
1197,0.020219726562500002,34.421875,0.9422363281249999,0.682607421875,70.482,36.16609262831693,12.8,6.997142273814361
1198,0.020219726562500002,34.421875,0.681787109375,0.614658203125,90.758,7.576546442806249,14.6,1.3564659966250536
1199,0.07552246093750001,16.890625,0.9422363281249999,0.614658203125,96.80799999999999,3.565318499096539,12.8,2.481934729198171
1200,0.024594726562500002,4.421875,0.37553710937499996,0.708857421875,55.342,39.27767426923341,13.4,7.337574531137657
1201,0.0361474609375,4.421875,0.37553710937499996,0.708857421875,68.918,27.49169285438785,16.6,1.854723699099141
1202,0.024594726562500002,14.890625,0.37553710937499996,0.708857421875,54.91600000000001,39.327999999999996,13.4,7.337574531137657
1203,0.024594726562500002,4.421875,0.46098632812499996,0.708857421875,52.766,40.352410386493645,13.4,7.337574531137657
1204,0.024594726562500002,4.421875,0.37553710937499996,0.640908203125,75.412,21.613195413913232,15.4,1.4966629547095764
1205,0.0361474609375,14.890625,0.46098632812499996,0.640908203125,72.252,24.746858709743343,15.0,1.4142135623730951
1206,0.059594726562500006,20.421875,0.725537109375,0.6388574218749999,93.52399999999999,5.756410687225156,14.2,1.16619037896906
1207,0.0711474609375,20.421875,0.725537109375,0.6388574218749999,94.99,4.715599643735675,14.0,0.8944271909999159
1208,0.059594726562500006,30.890625,0.725537109375,0.6388574218749999,93.52399999999999,5.756410687225156,14.2,1.16619037896906
1209,0.059594726562500006,20.421875,0.810986328125,0.6388574218749999,93.52399999999999,5.756410687225156,14.2,1.16619037896906
1210,0.059594726562500006,20.421875,0.725537109375,0.710908203125,93.076,5.742928172979357,15.4,1.2
1211,0.0711474609375,30.890625,0.810986328125,0.710908203125,94.026,5.826874290732552,15.0,1.4142135623730951
1212,0.07709472656250001,12.421875,0.550537109375,0.673857421875,65.686,31.17952443511607,12.4,6.974238309665077
1213,0.05364746093750001,12.421875,0.550537109375,0.673857421875,64.466,32.32840026973187,13.8,7.984985911070852
1214,0.07709472656250001,22.890625,0.550537109375,0.673857421875,95.386,6.311632435432217,14.4,1.2
1215,0.07709472656250001,12.421875,0.635986328125,0.673857421875,61.248000000000005,35.7277815712087,12.6,7.059745037889116
1216,0.07709472656250001,12.421875,0.550537109375,0.675908203125,65.978,31.069917540926948,12.6,7.059745037889116
1217,0.05364746093750001,22.890625,0.635986328125,0.675908203125,91.708,6.797215312170123,14.8,1.1661903789690602
1218,0.042094726562500004,28.421875,0.9005371093749999,0.6038574218749999,95.802,3.812770121578271,13.6,0.8
1219,0.0186474609375,28.421875,0.9005371093749999,0.6038574218749999,93.952,4.988632678399964,14.2,1.16619037896906
1220,0.042094726562500004,6.890625,0.9005371093749999,0.6038574218749999,33.488,36.73829141372799,8.4,7.735631842325487
1221,0.042094726562500004,28.421875,0.9859863281249999,0.6038574218749999,95.802,3.812770121578271,13.6,0.8
1222,0.042094726562500004,28.421875,0.9005371093749999,0.6059082031249999,96.474,3.2704287180735183,13.8,0.9797958971132713
1223,0.0186474609375,6.890625,0.9859863281249999,0.6059082031249999,30.834000000000003,36.93461227629174,5.6,8.2365041127896
1224,0.0333447265625,16.421875,0.813037109375,0.586357421875,88.97200000000001,11.893856229163019,13.2,1.32664991614216
1225,0.0273974609375,16.421875,0.813037109375,0.586357421875,88.744,13.370586524158167,13.2,1.32664991614216
1226,0.0333447265625,18.890625,0.813037109375,0.586357421875,93.266,5.582073449892967,13.2,1.32664991614216
1227,0.0333447265625,16.421875,0.548486328125,0.586357421875,90.31800000000001,9.540216769025745,13.2,1.32664991614216
1228,0.0333447265625,16.421875,0.813037109375,0.6584082031249999,67.374,26.654599302934567,15.6,1.624807680927192
1229,0.0273974609375,18.890625,0.548486328125,0.6584082031249999,83.224,19.64998381678723,15.6,1.624807680927192
1230,0.0683447265625,32.421875,0.463037109375,0.656357421875,93.936,6.618188876120114,14.4,1.2
1231,0.06239746093750001,32.421875,0.463037109375,0.656357421875,95.5,5.271337591162227,14.4,1.2
1232,0.0683447265625,34.890625,0.463037109375,0.656357421875,93.936,6.618188876120114,14.4,1.2
1233,0.0683447265625,32.421875,0.898486328125,0.656357421875,93.936,6.618188876120114,14.4,1.2
1234,0.0683447265625,32.421875,0.463037109375,0.588408203125,94.688,5.810133905513709,11.6,3.0066592756745814
1235,0.06239746093750001,34.890625,0.898486328125,0.588408203125,94.00399999999999,6.426951376819338,12.0,2.8284271247461903
1236,0.050844726562500005,8.421875,0.988037109375,0.621357421875,31.056,36.645974731203424,8.4,7.735631842325487
1237,0.0798974609375,8.421875,0.988037109375,0.621357421875,50.91,41.31935865910796,12.2,6.881860213634101
1238,0.050844726562500005,26.890625,0.988037109375,0.621357421875,95.13,4.422189502949868,14.0,0.8944271909999159
1239,0.050844726562500005,8.421875,0.373486328125,0.621357421875,77.08,20.216207359443064,14.2,1.16619037896906
1240,0.050844726562500005,8.421875,0.988037109375,0.623408203125,30.852000000000004,36.654024281107255,8.4,7.735631842325487
1241,0.0798974609375,26.890625,0.373486328125,0.623408203125,96.2,5.937639261524734,14.0,0.8944271909999159
1242,0.0158447265625,24.421875,0.6380371093749999,0.6913574218749999,61.17999999999999,43.62286372992952,9.4,8.5463442476886
1243,0.04489746093750001,24.421875,0.6380371093749999,0.6913574218749999,91.368,7.065293766008601,15.6,1.3564659966250536
1244,0.0158447265625,10.890625,0.6380371093749999,0.6913574218749999,45.616,44.757914875472025,7.4,10.594338110519223
1245,0.0158447265625,24.421875,0.7234863281249999,0.6913574218749999,61.17999999999999,43.62286372992952,9.4,8.5463442476886
1246,0.0158447265625,24.421875,0.6380371093749999,0.693408203125,60.664,44.41058864730347,9.6,8.685620300243386
1247,0.04489746093750001,10.890625,0.7234863281249999,0.693408203125,40.910000000000004,35.64083949628572,9.4,8.593020423576334
1248,0.018032226562500003,9.421875,0.703662109375,0.6082324218749999,61.5,34.4567096513872,13.6,8.187795796183488
1249,0.0470849609375,9.421875,0.703662109375,0.6082324218749999,64.098,33.46326068989691,13.2,8.059776671843954
1250,0.018032226562500003,35.890625,0.703662109375,0.6082324218749999,91.14599999999999,7.264218058401054,14.4,1.4966629547095764
1251,0.018032226562500003,9.421875,0.8328613281249999,0.6082324218749999,36.784000000000006,36.999138152124566,9.0,8.318653737234168
1252,0.018032226562500003,9.421875,0.703662109375,0.619033203125,62.44200000000001,34.05387813450914,14.2,8.304215796810679
1253,0.0470849609375,35.890625,0.8328613281249999,0.619033203125,94.65,4.403970935417262,14.0,0.8944271909999159
1254,0.05303222656250001,25.421875,0.353662109375,0.678232421875,92.75399999999999,6.000665296448387,15.0,1.4142135623730951
1255,0.0120849609375,25.421875,0.353662109375,0.678232421875,60.315999999999995,44.30518190911758,9.8,8.840814442120138
1256,0.05303222656250001,19.890625,0.353662109375,0.678232421875,92.75399999999999,6.000665296448387,15.0,1.4142135623730951
1257,0.05303222656250001,25.421875,0.482861328125,0.678232421875,92.75399999999999,6.000665296448387,15.0,1.4142135623730951
1258,0.05303222656250001,25.421875,0.353662109375,0.6890332031249999,95.54,4.015186172520521,15.2,1.16619037896906
1259,0.0120849609375,19.890625,0.482861328125,0.6890332031249999,48.356,44.842066678510704,9.8,8.840814442120138
1260,0.07053222656250001,17.421875,0.878662109375,0.643232421875,94.19800000000001,5.3132152224430005,14.0,0.8944271909999159
1261,0.0295849609375,17.421875,0.878662109375,0.643232421875,77.236,22.955178587848103,15.2,1.7204650534085253
1262,0.07053222656250001,11.890625,0.878662109375,0.643232421875,53.705999999999996,39.71753899727424,12.6,7.172168430816443
1263,0.07053222656250001,17.421875,0.657861328125,0.643232421875,94.19800000000001,5.3132152224430005,14.0,0.8944271909999159
1264,0.07053222656250001,17.421875,0.878662109375,0.654033203125,94.958,5.0905143158623956,14.4,1.2
1265,0.0295849609375,11.890625,0.657861328125,0.654033203125,63.028,31.28603867542198,17.8,3.370459909270543
1266,0.035532226562500005,33.421875,0.5286621093749999,0.7132324218749999,83.716,20.577706966520832,16.6,1.854723699099141
1267,0.0645849609375,33.421875,0.5286621093749999,0.7132324218749999,95.942,3.899058347857852,15.4,1.2
1268,0.035532226562500005,27.890625,0.5286621093749999,0.7132324218749999,83.716,20.577706966520832,16.6,1.854723699099141
1269,0.035532226562500005,33.421875,0.307861328125,0.7132324218749999,83.716,20.577706966520832,16.6,1.854723699099141
1270,0.035532226562500005,33.421875,0.5286621093749999,0.584033203125,91.878,6.703104952184471,13.2,1.32664991614216
1271,0.0645849609375,27.890625,0.307861328125,0.584033203125,96.654,4.6122992097217645,11.6,3.0066592756745814
1272,0.044282226562500006,13.421875,0.441162109375,0.695732421875,72.414,24.290341784338896,15.8,1.6
1273,0.0733349609375,13.421875,0.441162109375,0.695732421875,72.638,24.272633478879047,14.8,1.1661903789690602
1274,0.044282226562500006,31.890625,0.441162109375,0.695732421875,92.168,6.4557304776454245,15.8,1.6
1275,0.044282226562500006,13.421875,0.745361328125,0.695732421875,58.662,36.89483942233656,14.6,8.593020423576334
1276,0.044282226562500006,13.421875,0.441162109375,0.671533203125,73.846,23.261592034940342,15.4,1.2
1277,0.0733349609375,31.890625,0.745361328125,0.671533203125,95.904,5.565273039123956,14.4,1.2
1278,0.0792822265625,29.421875,0.791162109375,0.625732421875,96.402,5.9387891021655275,14.0,0.8944271909999159
1279,0.0383349609375,29.421875,0.791162109375,0.625732421875,93.83200000000001,5.073237230802439,14.2,1.16619037896906
1280,0.0792822265625,15.890625,0.791162109375,0.625732421875,79.482,25.756866579613288,14.0,0.8944271909999159
1281,0.0792822265625,29.421875,0.39536132812499997,0.625732421875,96.402,5.9387891021655275,14.0,0.8944271909999159
1282,0.0792822265625,29.421875,0.791162109375,0.6015332031249999,94.628,6.105222027084684,12.2,3.1874754901018454
1283,0.0383349609375,15.890625,0.39536132812499997,0.6015332031249999,87.09400000000001,12.413153668588818,13.6,0.8
1284,0.06178222656250001,5.421875,0.616162109375,0.6607324218749999,68.366,29.44702402620679,14.8,1.1661903789690602
1285,0.0208349609375,5.421875,0.616162109375,0.6607324218749999,60.836,34.37257662730567,13.2,7.277362159464101
1286,0.06178222656250001,7.890625,0.616162109375,0.6607324218749999,67.018,30.97955028724594,11.6,6.406246951218788
1287,0.06178222656250001,5.421875,0.920361328125,0.6607324218749999,57.931999999999995,38.068608275060434,13.6,8.16333265278342
1288,0.06178222656250001,5.421875,0.616162109375,0.636533203125,67.458,30.318380167812396,11.4,6.280127387243033
1289,0.0208349609375,7.890625,0.920361328125,0.636533203125,34.748000000000005,36.57248003622396,9.4,8.593020423576334
1290,0.026782226562500004,21.421875,0.9661621093749999,0.590732421875,92.914,6.471616799533175,13.2,1.32664991614216
1291,0.055834960937500004,21.421875,0.9661621093749999,0.590732421875,94.148,7.089427057245178,13.2,1.32664991614216
1292,0.026782226562500004,23.890625,0.9661621093749999,0.590732421875,92.902,6.487503063583093,13.2,1.32664991614216
1293,0.026782226562500004,21.421875,0.570361328125,0.590732421875,92.914,6.471616799533175,13.2,1.32664991614216
1294,0.026782226562500004,21.421875,0.9661621093749999,0.706533203125,71.176,34.20687743714705,13.0,7.155417527999327
1295,0.055834960937500004,23.890625,0.570361328125,0.706533203125,90.972,7.57012919308515,15.4,1.2
1296,0.0224072265625,19.421875,0.572412109375,0.616982421875,92.01,6.706531145085365,14.6,1.3564659966250536
1297,0.0164599609375,19.421875,0.572412109375,0.616982421875,90.10999999999999,9.815852484629138,14.8,1.469693845669907
1298,0.0224072265625,25.890625,0.572412109375,0.616982421875,91.99,6.730286769521786,14.6,1.3564659966250536
1299,0.0224072265625,19.421875,0.789111328125,0.616982421875,92.01,6.706531145085365,14.6,1.3564659966250536
1300,0.0224072265625,19.421875,0.572412109375,0.680283203125,70.96600000000001,33.42941196012877,12.8,6.997142273814361
1301,0.0164599609375,25.890625,0.789111328125,0.680283203125,65.744,38.76057873664943,13.2,7.222188034107115
1302,0.057407226562500004,35.421875,0.922412109375,0.686982421875,93.228,5.7419209329282825,15.0,1.4142135623730951
1303,0.05145996093750001,35.421875,0.922412109375,0.686982421875,95.668,3.8423242965684183,15.2,1.16619037896906
1304,0.057407226562500004,9.890625,0.922412109375,0.686982421875,55.45,39.315104476524034,14.2,8.471127433818948
1305,0.057407226562500004,35.421875,0.439111328125,0.686982421875,93.228,5.7419209329282825,15.0,1.4142135623730951
1306,0.057407226562500004,35.421875,0.922412109375,0.610283203125,95.876,4.572747970312819,13.8,0.7483314773547882
1307,0.05145996093750001,9.890625,0.439111328125,0.610283203125,76.298,21.722167847615946,14.0,0.8944271909999159
1308,0.0749072265625,11.421875,0.397412109375,0.5819824218749999,78.708,18.292641580701243,10.2,3.4871191548325386
1309,0.06895996093750001,11.421875,0.397412109375,0.5819824218749999,78.84400000000001,18.192175900644763,10.6,3.0724582991474434
1310,0.0749072265625,17.890625,0.397412109375,0.5819824218749999,95.59,5.803123296984133,10.2,3.4871191548325386
1311,0.0749072265625,11.421875,0.964111328125,0.5819824218749999,56.636,35.670353853024785,10.4,3.7202150475476548
1312,0.0749072265625,11.421875,0.397412109375,0.645283203125,76.50800000000001,19.97772099114411,14.0,0.8944271909999159
1313,0.06895996093750001,17.890625,0.964111328125,0.645283203125,94.546,5.685562768978988,14.0,0.8944271909999159
1314,0.0399072265625,27.421875,0.7474121093749999,0.651982421875,91.656,6.85633313076312,15.0,1.4142135623730951
1315,0.033959960937500006,27.421875,0.7474121093749999,0.651982421875,91.876,7.050042836749291,15.0,1.4142135623730951
1316,0.0399072265625,33.890625,0.7474121093749999,0.651982421875,91.656,6.85633313076312,15.0,1.4142135623730951
1317,0.0399072265625,27.421875,0.6141113281249999,0.651982421875,91.656,6.85633313076312,15.0,1.4142135623730951
1318,0.0399072265625,27.421875,0.7474121093749999,0.7152832031249999,83.73400000000001,18.84230728971375,16.4,1.624807680927192
1319,0.033959960937500006,33.890625,0.6141113281249999,0.7152832031249999,79.436,25.368527430657068,16.6,1.854723699099141
1320,0.0311572265625,7.421875,0.834912109375,0.669482421875,36.844,36.7997486947941,9.4,8.593020423576334
1321,0.042709960937500006,7.421875,0.834912109375,0.669482421875,38.6,37.08077075790092,9.0,8.221921916437786
1322,0.0311572265625,21.890625,0.834912109375,0.669482421875,89.572,9.511629513390437,15.8,1.6
1323,0.0311572265625,7.421875,0.8766113281249999,0.669482421875,36.010000000000005,36.69510049039245,9.4,8.593020423576334
1324,0.0311572265625,7.421875,0.834912109375,0.6277832031249999,38.08,36.974769776159526,9.0,8.221921916437786
1325,0.042709960937500006,21.890625,0.8766113281249999,0.6277832031249999,93.066,5.661761563329913,14.2,1.16619037896906
1326,0.0661572265625,23.421875,0.48491210937499996,0.599482421875,95.026,6.108176814729581,12.4,2.4166091947189146
1327,0.0777099609375,23.421875,0.48491210937499996,0.599482421875,94.33999999999999,6.264723457583743,12.0,3.1622776601683795
1328,0.0661572265625,5.890625,0.48491210937499996,0.599482421875,74.146,24.717229294562934,13.6,0.8
1329,0.0661572265625,23.421875,0.526611328125,0.599482421875,95.026,6.108176814729581,12.4,2.4166091947189146
1330,0.0661572265625,23.421875,0.48491210937499996,0.697783203125,92.672,6.501474909587825,14.8,1.1661903789690602
1331,0.0777099609375,5.890625,0.526611328125,0.697783203125,71.244,26.851060761169194,14.8,1.1661903789690602
1332,0.0486572265625,15.421875,0.659912109375,0.704482421875,61.902,34.90847770957651,12.4,6.887670143089026
1333,0.06020996093750001,15.421875,0.659912109375,0.704482421875,63.4,34.22906893270689,12.0,6.603029607687671
1334,0.0486572265625,13.890625,0.659912109375,0.704482421875,62.342000000000006,33.462613406606486,14.4,8.357032966310472
1335,0.0486572265625,15.421875,0.701611328125,0.704482421875,60.160000000000004,36.62039431792072,12.4,6.887670143089026
1336,0.0486572265625,15.421875,0.659912109375,0.6627832031249999,61.378,35.00194531736772,11.8,6.554387843269576
1337,0.06020996093750001,13.890625,0.701611328125,0.6627832031249999,61.996,34.27416087958974,13.0,7.4565407529228995
1338,0.013657226562500001,31.421875,0.30991210937499997,0.6344824218749999,83.078,22.055410583346664,16.0,1.7888543819998317
1339,0.0252099609375,31.421875,0.30991210937499997,0.6344824218749999,92.81199999999998,6.002927285916431,15.0,1.4142135623730951
1340,0.013657226562500001,29.890625,0.30991210937499997,0.6344824218749999,83.078,22.055410583346664,16.0,1.7888543819998317
1341,0.013657226562500001,31.421875,0.35161132812499996,0.6344824218749999,83.078,22.055410583346664,16.0,1.7888543819998317
1342,0.013657226562500001,31.421875,0.30991210937499997,0.592783203125,93.176,5.686730519375787,14.0,1.4142135623730951
1343,0.0252099609375,29.890625,0.35161132812499996,0.592783203125,94.03999999999999,5.600014285696065,13.6,1.3564659966250536
1344,0.0125634765625,6.921875,0.561474609375,0.592919921875,64.766,30.92942262636016,16.4,4.079215610874228
1345,0.0744287109375,6.921875,0.561474609375,0.592919921875,66.416,30.52118909872287,13.6,4.498888751680798
1346,0.0125634765625,33.390625,0.561474609375,0.592919921875,92.174,6.568420205802915,14.2,1.7204650534085253
1347,0.0125634765625,6.921875,0.6687988281249999,0.592919921875,59.657999999999994,35.70714012631087,13.8,8.44748483277715
1348,0.0125634765625,6.921875,0.561474609375,0.6080957031249999,63.120000000000005,31.74521885260834,20.2,5.528109984434101
1349,0.0744287109375,33.390625,0.6687988281249999,0.6080957031249999,97.112,3.700564281295488,12.4,2.8
1350,0.047563476562500005,22.921875,0.9114746093749999,0.6629199218749999,90.91999999999999,7.431191021633072,14.8,1.1661903789690602
1351,0.0394287109375,22.921875,0.9114746093749999,0.6629199218749999,93.454,5.711338196955246,15.0,1.4142135623730951
1352,0.047563476562500005,17.390625,0.9114746093749999,0.6629199218749999,81.99199999999999,18.470533722662157,14.8,1.1661903789690602
1353,0.047563476562500005,22.921875,0.318798828125,0.6629199218749999,90.91999999999999,7.431191021633072,14.8,1.1661903789690602
1354,0.047563476562500005,22.921875,0.9114746093749999,0.678095703125,95.09400000000001,4.106665800865709,15.0,1.4142135623730951
1355,0.0394287109375,17.390625,0.318798828125,0.678095703125,86.50999999999999,13.848048237928692,15.6,1.3564659966250536
1356,0.0650634765625,14.921875,0.386474609375,0.627919921875,77.75999999999999,22.345215147767096,14.0,0.8944271909999159
1357,0.021928710937500002,14.921875,0.386474609375,0.627919921875,76.242,21.378381978063725,15.0,1.4142135623730951
1358,0.0650634765625,9.390625,0.386474609375,0.627919921875,78.35,21.002108465580307,14.0,0.8944271909999159
1359,0.0650634765625,14.921875,0.843798828125,0.627919921875,59.992000000000004,37.48488036528862,11.0,6.06630035524124
1360,0.0650634765625,14.921875,0.386474609375,0.713095703125,77.672,20.68644619068244,15.4,1.2
1361,0.021928710937500002,9.390625,0.843798828125,0.713095703125,22.274,39.111690119451495,2.4,6.8
1362,0.030063476562500004,30.921875,0.736474609375,0.697919921875,81.862,23.08262498070789,16.6,1.854723699099141
1363,0.05692871093750001,30.921875,0.736474609375,0.697919921875,95.92,3.8731227710982794,15.4,1.2
1364,0.030063476562500004,25.390625,0.736474609375,0.697919921875,81.862,23.08262498070789,16.6,1.854723699099141
1365,0.030063476562500004,30.921875,0.493798828125,0.697919921875,81.862,23.08262498070789,16.6,1.854723699099141
1366,0.030063476562500004,30.921875,0.736474609375,0.643095703125,91.53799999999998,7.174890661187806,15.0,1.4142135623730951
1367,0.05692871093750001,25.390625,0.493798828125,0.643095703125,93.42,6.414405662257417,14.2,1.16619037896906
1368,0.038813476562500004,18.921875,0.998974609375,0.7154199218749999,67.25399999999999,33.044137513332075,12.6,6.945502141674135
1369,0.04817871093750001,18.921875,0.998974609375,0.7154199218749999,76.95400000000001,26.260724742474263,15.8,1.6
1370,0.038813476562500004,29.390625,0.998974609375,0.7154199218749999,83.32,20.55485441446862,16.6,1.854723699099141
1371,0.038813476562500004,18.921875,0.9312988281249999,0.7154199218749999,68.328,31.944313046299804,12.6,6.945502141674135
1372,0.038813476562500004,18.921875,0.998974609375,0.695595703125,74.34400000000001,28.822344526426022,16.0,1.8973665961010275
1373,0.04817871093750001,29.390625,0.9312988281249999,0.695595703125,91.084,7.331920894281389,15.6,1.3564659966250536
1374,0.07381347656250001,34.921875,0.648974609375,0.645419921875,94.686,4.663696388059582,14.0,0.8944271909999159
1375,0.013178710937500001,34.921875,0.648974609375,0.645419921875,77.726,33.06956401285024,12.6,6.887670143089026
1376,0.07381347656250001,13.390625,0.648974609375,0.645419921875,63.724000000000004,32.50651479319184,12.4,6.974238309665077
1377,0.07381347656250001,34.921875,0.581298828125,0.645419921875,94.686,4.663696388059582,14.0,0.8944271909999159
1378,0.07381347656250001,34.921875,0.648974609375,0.625595703125,96.69800000000001,4.91228012230573,14.0,0.8944271909999159
1379,0.013178710937500001,13.390625,0.581298828125,0.625595703125,60.38199999999999,34.05746285324261,16.2,1.7204650534085253
1380,0.056313476562500006,10.921875,0.823974609375,0.680419921875,56.99000000000001,38.39045923142884,14.2,8.471127433818948
1381,0.0306787109375,10.921875,0.823974609375,0.680419921875,33.65,36.757217522549226,9.8,8.975522268926749
1382,0.056313476562500006,5.390625,0.823974609375,0.680419921875,58.492000000000004,37.87000839714721,14.0,8.221921916437786
1383,0.056313476562500006,10.921875,0.7562988281249999,0.680419921875,59.31,36.488284147106725,14.2,8.471127433818948
1384,0.056313476562500006,10.921875,0.823974609375,0.590595703125,58.25,38.04366123285192,11.8,7.984985911070852
1385,0.0306787109375,5.390625,0.7562988281249999,0.590595703125,62.00999999999999,35.907916675852974,13.0,8.024961059095553
1386,0.021313476562500003,26.921875,0.47397460937499997,0.6104199218749999,92.994,6.148445657237281,14.6,1.3564659966250536
1387,0.06567871093750001,26.921875,0.47397460937499997,0.6104199218749999,94.97800000000001,5.7882239072102255,13.8,0.7483314773547882
1388,0.021313476562500003,21.390625,0.47397460937499997,0.6104199218749999,92.942,6.220653984911876,14.6,1.3564659966250536
1389,0.021313476562500003,26.921875,0.40629882812499996,0.6104199218749999,92.994,6.148445657237281,14.6,1.3564659966250536
1390,0.021313476562500003,26.921875,0.47397460937499997,0.6605957031249999,83.318,20.782481468775572,16.2,1.7204650534085253
1391,0.06567871093750001,21.390625,0.40629882812499996,0.6605957031249999,95.56,5.359985074606083,14.4,1.2
1392,0.0256884765625,12.921875,0.7802246093749999,0.6366699218749999,36.516,36.990481802755696,9.4,8.593020423576334
1393,0.043803710937500004,12.921875,0.7802246093749999,0.6366699218749999,37.064,37.13214758130749,8.6,7.914543574963752
1394,0.0256884765625,27.390625,0.7802246093749999,0.6366699218749999,92.53200000000001,6.263463578564179,15.0,1.4142135623730951
1395,0.0256884765625,12.921875,0.975048828125,0.6366699218749999,31.72,37.038272097925955,5.8,8.423775875461075
1396,0.0256884765625,12.921875,0.7802246093749999,0.6868457031249999,29.279999999999994,37.17031127122828,6.2,8.908422980528035
1397,0.043803710937500004,27.390625,0.975048828125,0.6868457031249999,92.134,6.614951549331259,15.6,1.3564659966250536
1398,0.06068847656250001,28.921875,0.43022460937499996,0.706669921875,96.088,3.731420105000237,15.4,1.2
1399,0.07880371093750001,28.921875,0.43022460937499996,0.706669921875,93.24,6.145111878558437,14.8,1.1661903789690602
1400,0.06068847656250001,11.390625,0.43022460937499996,0.706669921875,75.56,20.687664923813898,15.4,1.2
1401,0.06068847656250001,28.921875,0.625048828125,0.706669921875,96.088,3.731420105000237,15.4,1.2
1402,0.06068847656250001,28.921875,0.43022460937499996,0.616845703125,97.304,4.1042446320851775,14.0,0.8944271909999159
1403,0.07880371093750001,11.390625,0.625048828125,0.616845703125,66.896,28.3854967192755,14.2,3.54400902933387
1404,0.0781884765625,4.921875,0.9552246093749999,0.601669921875,54.327999999999996,39.57272717415366,12.2,7.025667228100119
1405,0.061303710937500006,4.921875,0.9552246093749999,0.601669921875,54.102,39.62708689772691,13.2,8.059776671843954
1406,0.0781884765625,19.390625,0.9552246093749999,0.601669921875,94.842,6.013812102152842,12.2,3.1874754901018454
1407,0.0781884765625,4.921875,0.800048828125,0.601669921875,58.01800000000001,38.085096507689194,12.2,7.025667228100119
1408,0.0781884765625,4.921875,0.9552246093749999,0.581845703125,54.924,39.24824408811176,12.2,7.025667228100119
1409,0.061303710937500006,19.390625,0.800048828125,0.581845703125,96.088,5.559868343764984,11.4,3.0724582991474434
1410,0.04318847656250001,20.921875,0.605224609375,0.671669921875,94.404,5.063289839620087,15.2,1.16619037896906
1411,0.026303710937500002,20.921875,0.605224609375,0.671669921875,83.256,20.727244486424144,16.0,1.4142135623730951
1412,0.04318847656250001,35.390625,0.605224609375,0.671669921875,94.404,5.063289839620087,15.2,1.16619037896906
1413,0.04318847656250001,20.921875,0.45004882812499997,0.671669921875,94.404,5.063289839620087,15.2,1.16619037896906
1414,0.04318847656250001,20.921875,0.605224609375,0.651845703125,92.574,6.8628087544386664,14.8,1.1661903789690602
1415,0.026303710937500002,35.390625,0.45004882812499997,0.651845703125,91.10600000000001,8.344992750146641,15.4,1.4966629547095764
1416,0.0344384765625,8.921875,0.342724609375,0.654169921875,76.462,20.231476861564012,15.2,1.16619037896906
1417,0.0175537109375,8.921875,0.342724609375,0.654169921875,67.548,30.378505164013585,16.4,1.854723699099141
1418,0.0344384765625,23.390625,0.342724609375,0.654169921875,92.458,6.780328605606074,15.0,1.4142135623730951
1419,0.0344384765625,8.921875,0.712548828125,0.654169921875,59.58200000000001,35.10967581735838,14.2,8.304215796810679
1420,0.0344384765625,8.921875,0.342724609375,0.599345703125,78.57000000000001,19.0357757919135,13.8,0.9797958971132713
1421,0.0175537109375,23.390625,0.712548828125,0.599345703125,92.524,6.108150620277793,14.0,1.4142135623730951
1422,0.0694384765625,24.921875,0.6927246093749999,0.5841699218749999,96.33,4.890006134965476,11.6,3.0066592756745814
1423,0.052553710937500005,24.921875,0.6927246093749999,0.5841699218749999,95.272,5.087468525701166,12.2,2.481934729198171
1424,0.0694384765625,7.390625,0.6927246093749999,0.5841699218749999,64.526,34.54802315618073,10.8,7.413501197140255
1425,0.0694384765625,24.921875,0.362548828125,0.5841699218749999,96.33,4.890006134965476,11.6,3.0066592756745814
1426,0.0694384765625,24.921875,0.6927246093749999,0.669345703125,96.238,5.06996804723659,14.4,1.2
1427,0.052553710937500005,7.390625,0.362548828125,0.669345703125,75.296,21.880546245466544,15.0,1.4142135623730951
1428,0.05193847656250001,16.921875,0.517724609375,0.6891699218749999,73.19800000000001,24.145802450943723,15.2,1.16619037896906
1429,0.0700537109375,16.921875,0.517724609375,0.6891699218749999,79.786,16.701637764003863,14.8,1.1661903789690602
1430,0.05193847656250001,15.390625,0.517724609375,0.6891699218749999,70.42999999999999,27.347317235882574,15.4,1.2
1431,0.05193847656250001,16.921875,0.8875488281249999,0.6891699218749999,62.624,31.700146750448965,15.4,1.3564659966250536
1432,0.05193847656250001,16.921875,0.517724609375,0.704345703125,68.718,28.646547715213437,15.6,1.3564659966250536
1433,0.0700537109375,15.390625,0.8875488281249999,0.704345703125,55.31,39.1729569984192,11.8,6.554387843269576
1434,0.0169384765625,32.921875,0.867724609375,0.619169921875,93.43199999999999,5.61518797548221,14.8,1.469693845669907
1435,0.0350537109375,32.921875,0.867724609375,0.619169921875,92.66799999999999,6.243452250157761,14.2,1.16619037896906
1436,0.0169384765625,31.390625,0.867724609375,0.619169921875,93.43199999999999,5.61518797548221,14.8,1.469693845669907
1437,0.0169384765625,32.921875,0.5375488281249999,0.619169921875,93.43199999999999,5.61518797548221,14.8,1.469693845669907
1438,0.0169384765625,32.921875,0.867724609375,0.6343457031249999,84.42,19.00969752521065,15.8,1.469693845669907
1439,0.0350537109375,31.390625,0.5375488281249999,0.6343457031249999,93.99199999999999,5.787083548731607,14.4,1.0198039027185568
1440,0.0147509765625,17.921875,0.408349609375,0.684794921875,51.766,41.941606836171644,9.4,8.5463442476886
1441,0.05474121093750001,17.921875,0.408349609375,0.684794921875,87.52399999999999,12.595504912467781,15.0,1.4142135623730951
1442,0.0147509765625,6.390625,0.408349609375,0.684794921875,50.538,42.284741645184496,9.8,8.840814442120138
1443,0.0147509765625,17.921875,0.34067382812499997,0.684794921875,53.472,41.59037167422287,9.4,8.5463442476886
1444,0.0147509765625,17.921875,0.408349609375,0.708720703125,44.646,45.98544621942903,10.0,9.033271832508971
1445,0.05474121093750001,6.390625,0.34067382812499997,0.708720703125,74.546,21.887987207598602,15.6,1.3564659966250536
1446,0.04975097656250001,33.921875,0.758349609375,0.614794921875,98.03,2.620396916499484,14.0,0.8944271909999159
1447,0.019741210937500003,33.921875,0.758349609375,0.614794921875,90.814,7.551475617387637,14.6,1.3564659966250536
1448,0.04975097656250001,22.390625,0.758349609375,0.614794921875,98.03,2.620396916499484,14.0,0.8944271909999159
1449,0.04975097656250001,33.921875,0.690673828125,0.614794921875,98.03,2.620396916499484,14.0,0.8944271909999159
1450,0.04975097656250001,33.921875,0.758349609375,0.638720703125,94.60799999999999,4.884544605180713,14.2,1.16619037896906
1451,0.019741210937500003,22.390625,0.690673828125,0.638720703125,87.13999999999999,14.012217526144818,15.6,1.3564659966250536
1452,0.06725097656250001,9.921875,0.5833496093749999,0.7197949218749999,68.894,28.43560064426282,15.4,1.2
1453,0.037241210937500005,9.921875,0.5833496093749999,0.7197949218749999,61.532,33.810768343827974,16.8,1.9390719429665317
1454,0.06725097656250001,30.390625,0.5833496093749999,0.7197949218749999,95.41,3.9322258327822404,15.4,1.2
1455,0.06725097656250001,9.921875,0.515673828125,0.7197949218749999,72.156,25.449137195590737,15.4,1.2
1456,0.06725097656250001,9.921875,0.5833496093749999,0.6037207031249999,69.26599999999999,28.3670510275566,12.8,2.481934729198171
1457,0.037241210937500005,30.390625,0.515673828125,0.6037207031249999,96.11399999999999,3.730241815217882,13.8,0.9797958971132713
1458,0.032250976562500006,25.921875,0.933349609375,0.649794921875,92.13399999999999,6.801351630374657,15.0,1.4142135623730951
1459,0.07224121093750001,25.921875,0.933349609375,0.649794921875,94.744,5.817726703790754,14.0,0.8944271909999159
1460,0.032250976562500006,14.390625,0.933349609375,0.649794921875,36.446000000000005,36.76646058570229,9.0,8.318653737234168
1461,0.032250976562500006,25.921875,0.865673828125,0.649794921875,92.13399999999999,6.801351630374657,15.0,1.4142135623730951
1462,0.032250976562500006,25.921875,0.933349609375,0.673720703125,89.426,9.848828559783136,15.8,1.6
1463,0.07224121093750001,14.390625,0.865673828125,0.673720703125,58.376,37.91676230903689,11.4,6.343500610861483
1464,0.041000976562500006,5.921875,0.670849609375,0.6322949218749999,65.66799999999999,32.21434363757859,11.4,6.280127387243033
1465,0.0634912109375,5.921875,0.670849609375,0.6322949218749999,66.054,32.36221352132762,11.0,6.06630035524124
1466,0.041000976562500006,10.390625,0.670849609375,0.6322949218749999,64.58800000000001,32.22326451494324,13.6,8.380930735902785
1467,0.041000976562500006,5.921875,0.603173828125,0.6322949218749999,68.654,29.333111393099777,14.6,1.0198039027185568
1468,0.041000976562500006,5.921875,0.670849609375,0.586220703125,63.898,32.921430345597074,10.8,5.946427498927402
1469,0.0634912109375,10.390625,0.603173828125,0.586220703125,68.368,29.291262451454703,13.6,4.223742416388575
1470,0.0760009765625,21.921875,0.320849609375,0.702294921875,93.092,6.2058598115007415,14.8,1.1661903789690602
1471,0.028491210937500004,21.921875,0.320849609375,0.702294921875,76.64200000000001,28.884754733249856,16.6,1.854723699099141
1472,0.0760009765625,26.390625,0.320849609375,0.702294921875,93.092,6.2058598115007415,14.8,1.1661903789690602
1473,0.0760009765625,21.921875,0.953173828125,0.702294921875,93.092,6.2058598115007415,14.8,1.1661903789690602
1474,0.0760009765625,21.921875,0.320849609375,0.656220703125,95.35,5.434394170466476,14.2,0.9797958971132712
1475,0.028491210937500004,26.390625,0.953173828125,0.656220703125,92.51599999999999,6.858179350235748,15.4,1.4966629547095764
1476,0.05850097656250001,13.921875,0.8458496093749999,0.597294921875,64.29400000000001,29.20513215172977,15.0,3.1622776601683795
1477,0.0109912109375,13.921875,0.8458496093749999,0.597294921875,43.524,32.086414944645966,11.6,6.651315659326356
1478,0.05850097656250001,34.390625,0.8458496093749999,0.597294921875,93.426,6.354889770877225,13.4,1.0198039027185568
1479,0.05850097656250001,13.921875,0.428173828125,0.597294921875,77.926,18.342653679334404,13.4,1.0198039027185568
1480,0.05850097656250001,13.921875,0.8458496093749999,0.691220703125,55.660000000000004,38.92431630741894,13.6,7.761443164772902
1481,0.0109912109375,34.390625,0.428173828125,0.691220703125,50.694,44.74289378214154,10.2,9.173875952943773
1482,0.0235009765625,29.921875,0.495849609375,0.667294921875,83.638,20.75065917025288,16.2,1.7204650534085253
1483,0.045991210937500006,29.921875,0.495849609375,0.667294921875,92.666,5.999498645720323,15.0,1.4142135623730951
1484,0.0235009765625,18.390625,0.495849609375,0.667294921875,77.212,26.409856796279676,16.2,1.7204650534085253
1485,0.0235009765625,29.921875,0.7781738281249999,0.667294921875,83.638,20.75065917025288,16.2,1.7204650534085253
1486,0.0235009765625,29.921875,0.495849609375,0.621220703125,92.274,6.702538623536607,14.6,1.3564659966250536
1487,0.045991210937500006,18.390625,0.7781738281249999,0.621220703125,90.652,7.63945390718473,14.2,1.16619037896906
1488,0.0191259765625,11.921875,0.889599609375,0.6935449218749999,22.574,39.03257490865803,2.2,6.400000000000001
1489,0.0241162109375,11.921875,0.889599609375,0.6935449218749999,25.965999999999998,38.20871607369188,6.2,8.908422980528035
1490,0.0191259765625,12.390625,0.889599609375,0.6935449218749999,21.802,39.25441142088364,2.2,6.400000000000001
1491,0.0191259765625,11.921875,0.646923828125,0.6935449218749999,48.282,42.92554689226452,11.2,10.361467077590895
1492,0.0191259765625,11.921875,0.889599609375,0.594970703125,32.606,36.58331401062512,8.6,7.939773296511683
1493,0.0241162109375,12.390625,0.646923828125,0.594970703125,62.314,33.890310473644234,13.6,8.380930735902785
1494,0.054125976562500004,27.921875,0.539599609375,0.623544921875,94.816,5.050265735582633,14.0,0.8944271909999159
1495,0.059116210937500004,27.921875,0.539599609375,0.623544921875,96.57000000000001,4.155844077922079,14.0,0.8944271909999159
1496,0.054125976562500004,28.390625,0.539599609375,0.623544921875,94.816,5.050265735582633,14.0,0.8944271909999159
1497,0.054125976562500004,27.921875,0.9969238281249999,0.623544921875,94.816,5.050265735582633,14.0,0.8944271909999159
1498,0.054125976562500004,27.921875,0.539599609375,0.664970703125,93.012,5.714904723615258,14.8,1.1661903789690602
1499,0.059116210937500004,28.390625,0.9969238281249999,0.664970703125,96.816,3.505564719128717,14.6,1.0198039027185568
1500,0.0716259765625,19.921875,0.714599609375,0.6585449218749999,94.53800000000001,5.7171125579264235,14.4,1.2
1501,0.0766162109375,19.921875,0.714599609375,0.6585449218749999,95.69,5.260927674849747,14.2,0.9797958971132712
1502,0.0716259765625,20.390625,0.714599609375,0.6585449218749999,94.53800000000001,5.7171125579264235,14.4,1.2
1503,0.0716259765625,19.921875,0.471923828125,0.6585449218749999,94.53800000000001,5.7171125579264235,14.4,1.2
1504,0.0716259765625,19.921875,0.714599609375,0.699970703125,92.426,6.4409489984007795,14.8,1.1661903789690602
1505,0.0766162109375,20.390625,0.471923828125,0.699970703125,92.924,6.060754408487446,14.8,1.1661903789690602
1506,0.0366259765625,35.921875,0.36459960937499997,0.588544921875,92.09400000000001,6.5531567965370705,13.2,1.32664991614216
1507,0.0416162109375,35.921875,0.36459960937499997,0.588544921875,91.202,7.201159351104514,13.2,1.32664991614216
1508,0.0366259765625,4.390625,0.36459960937499997,0.588544921875,76.46600000000001,20.88040765885571,13.4,1.0198039027185568
1509,0.0366259765625,35.921875,0.8219238281249999,0.588544921875,92.09400000000001,6.5531567965370705,13.2,1.32664991614216
1510,0.0366259765625,35.921875,0.36459960937499997,0.6299707031249999,94.83800000000001,4.862449588427627,14.4,1.0198039027185568
1511,0.0416162109375,4.390625,0.8219238281249999,0.6299707031249999,57.096000000000004,38.35012104283375,13.6,8.380930735902785
1512,0.0278759765625,15.921875,0.627099609375,0.6060449218749999,79.844,21.880578237331843,14.0,1.2649110640673518
1513,0.0328662109375,15.921875,0.627099609375,0.6060449218749999,79.934,21.905926686629808,14.0,1.2649110640673518
1514,0.0278759765625,16.390625,0.627099609375,0.6060449218749999,85.724,16.008383553625894,14.0,1.2649110640673518
1515,0.0278759765625,15.921875,0.384423828125,0.6060449218749999,85.17999999999999,15.415785416254339,14.0,1.2649110640673518
1516,0.0278759765625,15.921875,0.627099609375,0.7174707031249999,48.202000000000005,43.162615490722985,9.6,8.754427451295717
1517,0.0328662109375,16.390625,0.384423828125,0.7174707031249999,62.878,32.41608144116127,12.8,7.0823724838503095
1518,0.0628759765625,31.921875,0.977099609375,0.676044921875,93.21200000000002,6.045909030079761,14.8,1.1661903789690602
1519,0.0678662109375,31.921875,0.977099609375,0.676044921875,95.874,3.840602036139646,14.6,1.3564659966250536
1520,0.0628759765625,32.390625,0.977099609375,0.676044921875,93.152,6.134301590238288,14.8,1.1661903789690602
1521,0.0628759765625,31.921875,0.734423828125,0.676044921875,93.21200000000002,6.045909030079761,14.8,1.1661903789690602
1522,0.0628759765625,31.921875,0.977099609375,0.647470703125,93.32,6.579735556996195,14.2,1.16619037896906
1523,0.0678662109375,32.390625,0.734423828125,0.647470703125,94.988,5.513733399430916,14.0,0.8944271909999159
1524,0.0453759765625,7.921875,0.452099609375,0.641044921875,74.69200000000001,23.41502884901063,14.6,1.0198039027185568
1525,0.0503662109375,7.921875,0.452099609375,0.641044921875,74.088,23.690087716173615,14.6,1.0198039027185568
1526,0.0453759765625,24.390625,0.452099609375,0.641044921875,96.05999999999999,3.626552081523166,14.6,1.0198039027185568
1527,0.0453759765625,7.921875,0.5594238281249999,0.641044921875,69.796,28.366871240938785,14.6,1.0198039027185568
1528,0.0453759765625,7.921875,0.452099609375,0.612470703125,76.122,22.86492020541511,14.0,0.8944271909999159
1529,0.0503662109375,24.390625,0.5594238281249999,0.612470703125,97.334,3.1578448346934356,14.0,0.8944271909999159
1530,0.0103759765625,23.921875,0.8020996093749999,0.711044921875,41.932,47.543353857295344,6.4,9.068627239003707
1531,0.0153662109375,23.921875,0.8020996093749999,0.711044921875,49.272000000000006,44.74505487760631,10.0,9.033271832508971
1532,0.0103759765625,8.390625,0.8020996093749999,0.711044921875,40.019999999999996,48.973478536857066,8.0,11.242775458044157
1533,0.0103759765625,23.921875,0.909423828125,0.711044921875,41.932,47.543353857295344,6.4,9.068627239003707
1534,0.0103759765625,23.921875,0.8020996093749999,0.6824707031249999,53.77,45.352525839251776,9.8,8.840814442120138
1535,0.0153662109375,8.390625,0.909423828125,0.6824707031249999,22.113999999999997,39.15757888327622,2.4,6.8
1536,0.0105126953125,7.984375,0.910107421875,0.610146484375,32.42,36.89116913300526,9.4,8.63944442658207
1537,0.029995117187500003,7.984375,0.910107421875,0.610146484375,36.718,36.77512115547684,8.4,7.735631842325487
1538,0.0105126953125,28.453125,0.910107421875,0.610146484375,83.598,19.199783748782174,15.4,1.4966629547095764
1539,0.0105126953125,7.984375,0.563525390625,0.610146484375,61.956,33.097990633873835,15.6,1.3564659966250536
1540,0.0105126953125,7.984375,0.910107421875,0.6925878906249999,20.0,40.0,2.6,7.200000000000001
1541,0.029995117187500003,28.453125,0.563525390625,0.6925878906249999,83.276,20.661741068941893,16.4,1.854723699099141
1542,0.045512695312500004,23.984375,0.560107421875,0.680146484375,94.07199999999999,6.089342821684456,15.2,1.16619037896906
1543,0.0649951171875,23.984375,0.560107421875,0.680146484375,92.97200000000001,6.127509771514036,14.8,1.1661903789690602
1544,0.045512695312500004,12.453125,0.560107421875,0.680146484375,64.71000000000001,32.05299861167438,14.2,8.280096617793781
1545,0.045512695312500004,23.984375,0.913525390625,0.680146484375,94.07199999999999,6.089342821684456,15.2,1.16619037896906
1546,0.045512695312500004,23.984375,0.560107421875,0.622587890625,90.664,7.624519919312951,14.2,1.16619037896906
1547,0.0649951171875,12.453125,0.913525390625,0.622587890625,54.09400000000001,39.987948984662864,12.4,7.08801805866774
1548,0.0630126953125,15.984375,0.735107421875,0.645146484375,64.248,30.168242507643694,14.2,1.16619037896906
1549,0.047495117187500005,15.984375,0.735107421875,0.645146484375,62.924,32.968116476377595,11.6,6.406246951218788
1550,0.0630126953125,4.453125,0.735107421875,0.645146484375,59.664,36.12873681711,13.2,7.858753081755401
1551,0.0630126953125,15.984375,0.38852539062499997,0.645146484375,77.576,18.71146236936066,14.2,1.16619037896906
1552,0.0630126953125,15.984375,0.735107421875,0.5875878906249999,87.224,16.17282733476123,12.0,2.8284271247461903
1553,0.047495117187500005,4.453125,0.38852539062499997,0.5875878906249999,75.566,21.89776573077719,13.2,1.32664991614216
1554,0.028012695312500002,31.984375,0.38510742187499997,0.715146484375,68.01599999999999,36.164136157248386,13.0,7.155417527999327
1555,0.0124951171875,31.984375,0.38510742187499997,0.715146484375,43.052,46.830532945931765,6.4,9.068627239003707
1556,0.028012695312500002,20.453125,0.38510742187499997,0.715146484375,68.01599999999999,36.164136157248386,13.0,7.155417527999327
1557,0.028012695312500002,31.984375,0.738525390625,0.715146484375,68.01599999999999,36.164136157248386,13.0,7.155417527999327
1558,0.028012695312500002,31.984375,0.38510742187499997,0.657587890625,91.692,8.570531838806737,15.6,1.624807680927192
1559,0.0124951171875,20.453125,0.738525390625,0.657587890625,68.184,37.78078591030102,12.8,6.968500556073739
1560,0.0367626953125,19.984375,0.647607421875,0.697646484375,83.05199999999999,21.48968068632012,15.8,1.6
1561,0.021245117187500002,19.984375,0.647607421875,0.697646484375,59.668000000000006,40.8227570847438,13.2,7.222188034107115
1562,0.0367626953125,32.453125,0.647607421875,0.697646484375,87.596,14.658341788892765,15.8,1.6
1563,0.0367626953125,19.984375,0.301025390625,0.697646484375,85.53200000000001,17.80660034930868,15.8,1.6
1564,0.0367626953125,19.984375,0.647607421875,0.605087890625,95.232,4.804491232170166,13.8,0.9797958971132713
1565,0.021245117187500002,32.453125,0.301025390625,0.605087890625,93.21799999999999,5.800608243968903,14.2,1.16619037896906
1566,0.0717626953125,35.984375,0.997607421875,0.6276464843749999,96.104,4.502801794438659,14.0,0.8944271909999159
1567,0.056245117187500006,35.984375,0.997607421875,0.6276464843749999,93.854,5.867645524399032,14.0,0.8944271909999159
1568,0.0717626953125,16.453125,0.997607421875,0.6276464843749999,90.89200000000001,14.258324445740461,14.0,0.8944271909999159
1569,0.0717626953125,35.984375,0.651025390625,0.6276464843749999,96.104,4.502801794438659,14.0,0.8944271909999159
1570,0.0717626953125,35.984375,0.997607421875,0.675087890625,96.488,4.671331287759409,14.4,1.2
1571,0.056245117187500006,16.453125,0.651025390625,0.675087890625,75.388,21.070268531748713,15.0,1.4142135623730951
1572,0.054262695312500005,11.984375,0.472607421875,0.662646484375,73.102,22.874300339026767,14.8,1.1661903789690602
1573,0.0737451171875,11.984375,0.472607421875,0.662646484375,72.446,23.03401710514256,14.6,1.0198039027185568
1574,0.054262695312500005,8.453125,0.472607421875,0.662646484375,72.138,24.044472462501645,14.8,1.1661903789690602
1575,0.054262695312500005,11.984375,0.476025390625,0.662646484375,72.992,22.976153202831846,14.8,1.1661903789690602
1576,0.054262695312500005,11.984375,0.472607421875,0.710087890625,70.46000000000001,24.90799148867688,15.6,1.3564659966250536
1577,0.0737451171875,8.453125,0.476025390625,0.710087890625,70.354,25.059136138342836,15.4,1.2
1578,0.0192626953125,27.984375,0.8226074218749999,0.592646484375,92.51,6.27935983998369,13.8,1.3266499161421599
1579,0.038745117187500004,27.984375,0.8226074218749999,0.592646484375,93.888,5.032460233325248,13.4,1.0198039027185568
1580,0.0192626953125,24.453125,0.8226074218749999,0.592646484375,92.51,6.27935983998369,13.8,1.3266499161421599
1581,0.0192626953125,27.984375,0.8260253906249999,0.592646484375,92.51,6.27935983998369,13.8,1.3266499161421599
1582,0.0192626953125,27.984375,0.8226074218749999,0.6400878906249999,86.37,16.317565994963832,15.8,1.469693845669907
1583,0.038745117187500004,24.453125,0.8260253906249999,0.6400878906249999,94.064,6.314800392728178,14.6,1.0198039027185568
1584,0.023637695312500002,13.984375,0.428857421875,0.618896484375,72.846,23.814130763057467,14.8,1.469693845669907
1585,0.06937011718750001,13.984375,0.428857421875,0.618896484375,75.16,21.693622104203808,14.0,0.8944271909999159
1586,0.023637695312500002,22.453125,0.428857421875,0.618896484375,92.48400000000001,6.474190605782314,14.6,1.3564659966250536
1587,0.023637695312500002,13.984375,0.34477539062499996,0.618896484375,76.704,20.314108004044872,14.8,1.469693845669907
1588,0.023637695312500002,13.984375,0.428857421875,0.6138378906249999,73.512,23.66716155351123,14.6,1.3564659966250536
1589,0.06937011718750001,22.453125,0.34477539062499996,0.6138378906249999,95.46600000000001,5.921282293557703,13.8,0.7483314773547882
1590,0.05863769531250001,29.984375,0.778857421875,0.688896484375,93.312,5.796976453290112,15.0,1.4142135623730951
1591,0.0343701171875,29.984375,0.778857421875,0.688896484375,87.242,13.975580703498512,15.8,1.6
1592,0.05863769531250001,6.453125,0.778857421875,0.688896484375,35.586,36.78108078890559,9.0,8.221921916437786
1593,0.05863769531250001,29.984375,0.694775390625,0.688896484375,93.312,5.796976453290112,15.0,1.4142135623730951
1594,0.05863769531250001,29.984375,0.778857421875,0.683837890625,91.99600000000001,6.655868388121868,14.8,1.1661903789690602
1595,0.0343701171875,6.453125,0.694775390625,0.683837890625,56.714,37.53174315163099,14.8,8.657944328765346
1596,0.0761376953125,5.984375,0.6038574218749999,0.583896484375,69.624,29.405565867706066,11.6,3.3823069050575527
1597,0.016870117187500002,5.984375,0.6038574218749999,0.583896484375,68.114,29.715897159601287,13.8,1.3266499161421599
1598,0.0761376953125,14.453125,0.6038574218749999,0.583896484375,82.92999999999999,16.658105534543836,10.4,3.4985711369071804
1599,0.0761376953125,5.984375,0.519775390625,0.583896484375,73.28599999999999,26.046917360793387,11.4,3.3823069050575527
1600,0.0761376953125,5.984375,0.6038574218749999,0.7188378906249999,67.498,29.50870339408358,15.4,1.2
1601,0.016870117187500002,14.453125,0.519775390625,0.7188378906249999,42.034000000000006,47.474504989520426,6.0,8.579044235810887
1602,0.0411376953125,21.984375,0.953857421875,0.6538964843749999,91.388,7.110812611790582,15.0,1.4142135623730951
1603,0.05187011718750001,21.984375,0.953857421875,0.6538964843749999,97.162,3.412098474546128,14.6,1.0198039027185568
1604,0.0411376953125,30.453125,0.953857421875,0.6538964843749999,91.36,7.138456415780655,15.0,1.4142135623730951
1605,0.0411376953125,21.984375,0.8697753906249999,0.6538964843749999,91.388,7.110812611790582,15.0,1.4142135623730951
1606,0.0411376953125,21.984375,0.953857421875,0.648837890625,93.056,6.836691012470872,14.8,1.1661903789690602
1607,0.05187011718750001,30.453125,0.8697753906249999,0.648837890625,96.33,3.7506692736097125,14.4,1.2
1608,0.0323876953125,9.984375,0.691357421875,0.671396484375,61.748000000000005,34.282246367471316,14.4,8.357032966310472
1609,0.06062011718750001,9.984375,0.691357421875,0.671396484375,63.73199999999999,33.410820642420624,13.6,7.914543574963751
1610,0.0323876953125,26.453125,0.691357421875,0.671396484375,90.10400000000001,8.63331824966507,15.8,1.6
1611,0.0323876953125,9.984375,0.6072753906249999,0.671396484375,65.28399999999999,31.045350440927542,17.8,3.370459909270543
1612,0.0323876953125,9.984375,0.691357421875,0.701337890625,58.27,37.21255648299375,15.0,8.508818954473059
1613,0.06062011718750001,26.453125,0.6072753906249999,0.701337890625,95.69200000000001,4.0582035434413575,15.0,1.4142135623730951
1614,0.06738769531250001,25.984375,0.34135742187499996,0.6013964843749999,95.464,5.558066570310217,12.6,2.4166091947189146
1615,0.0256201171875,25.984375,0.34135742187499996,0.6013964843749999,92.724,6.266139481371286,14.0,1.2649110640673518
1616,0.06738769531250001,10.453125,0.34135742187499996,0.6013964843749999,79.888,18.789170710811053,12.6,2.4166091947189146
1617,0.06738769531250001,25.984375,0.957275390625,0.6013964843749999,95.464,5.558066570310217,12.6,2.4166091947189146
1618,0.06738769531250001,25.984375,0.34135742187499996,0.631337890625,95.018,6.451835087787039,14.0,0.8944271909999159
1619,0.0256201171875,10.453125,0.957275390625,0.631337890625,34.086,36.52670124716986,9.2,8.423775875461075
1620,0.04988769531250001,17.984375,0.8663574218749999,0.7063964843749999,70.71,26.780265868732517,15.8,1.6
1621,0.04312011718750001,17.984375,0.8663574218749999,0.7063964843749999,62.894000000000005,30.494099494820308,16.0,1.7888543819998317
1622,0.04988769531250001,18.453125,0.8663574218749999,0.7063964843749999,81.244,19.16424024061481,15.6,1.3564659966250536
1623,0.04988769531250001,17.984375,0.432275390625,0.7063964843749999,80.006,16.800120951945555,15.8,1.6
1624,0.04988769531250001,17.984375,0.8663574218749999,0.596337890625,91.966,6.930008946603171,13.4,1.0198039027185568
1625,0.04312011718750001,18.453125,0.432275390625,0.596337890625,93.06800000000001,6.128381189188542,13.4,1.0198039027185568
1626,0.014887695312500001,33.984375,0.516357421875,0.636396484375,83.52,20.981896005842753,16.0,1.7888543819998317
1627,0.0781201171875,33.984375,0.516357421875,0.636396484375,94.978,6.334440464634584,14.0,0.8944271909999159
1628,0.014887695312500001,34.453125,0.516357421875,0.636396484375,83.52,20.981896005842753,16.0,1.7888543819998317
1629,0.014887695312500001,33.984375,0.782275390625,0.636396484375,83.52,20.981896005842753,16.0,1.7888543819998317
1630,0.014887695312500001,33.984375,0.516357421875,0.6663378906249999,68.366,37.91215404062396,13.0,7.0710678118654755
1631,0.0781201171875,34.453125,0.782275390625,0.6663378906249999,95.53999999999999,4.972520487640047,14.4,1.2
1632,0.0170751953125,16.984375,0.756982421875,0.667021484375,48.41,44.26658152602254,9.4,8.616263691415208
1633,0.0103076171875,16.984375,0.756982421875,0.667021484375,22.216,39.1280286239928,2.4,6.8
1634,0.0170751953125,11.453125,0.756982421875,0.667021484375,29.706,37.08573181157411,6.2,8.908422980528035
1635,0.0170751953125,16.984375,0.9354003906249999,0.667021484375,46.932,44.774770753181976,9.4,8.616263691415208
1636,0.0170751953125,16.984375,0.756982421875,0.591962890625,83.246,19.133213634933366,14.0,1.4142135623730951
1637,0.0103076171875,11.453125,0.9354003906249999,0.591962890625,31.964,36.616525558823845,9.0,8.390470785361213
1638,0.0520751953125,32.984375,0.406982421875,0.5970214843749999,91.852,6.981912059027955,13.4,1.0198039027185568
1639,0.0453076171875,32.984375,0.406982421875,0.5970214843749999,92.874,6.239707044405211,13.4,1.0198039027185568
1640,0.0520751953125,27.453125,0.406982421875,0.5970214843749999,91.888,6.941888503858299,13.4,1.0198039027185568
1641,0.0520751953125,32.984375,0.585400390625,0.5970214843749999,91.852,6.981912059027955,13.4,1.0198039027185568
1642,0.0520751953125,32.984375,0.406982421875,0.6619628906249999,92.978,5.835492781248213,14.8,1.1661903789690602
1643,0.0453076171875,27.453125,0.585400390625,0.6619628906249999,91.50800000000001,6.976871505194859,15.0,1.4142135623730951
1644,0.0695751953125,8.984375,0.9319824218749999,0.702021484375,51.581999999999994,40.95594433046319,13.6,7.761443164772902
1645,0.0628076171875,8.984375,0.9319824218749999,0.702021484375,52.205999999999996,40.61982156533926,14.2,8.133879763065101
1646,0.0695751953125,35.453125,0.9319824218749999,0.702021484375,92.61,6.788281078446887,14.8,1.1661903789690602
1647,0.0695751953125,8.984375,0.760400390625,0.702021484375,57.029999999999994,37.1795233966225,13.4,7.552483035399683
1648,0.0695751953125,8.984375,0.9319824218749999,0.6969628906249999,51.688,40.882507946553375,13.6,7.761443164772902
1649,0.0628076171875,35.453125,0.760400390625,0.6969628906249999,93.772,5.687229202344496,15.0,1.4142135623730951
1650,0.0345751953125,24.984375,0.581982421875,0.6320214843749999,94.12,5.826453466732573,14.4,1.0198039027185568
1651,0.0278076171875,24.984375,0.581982421875,0.6320214843749999,93.732,6.190345386163844,15.0,1.4142135623730951
1652,0.0345751953125,19.453125,0.581982421875,0.6320214843749999,94.12,5.826453466732573,14.4,1.0198039027185568
1653,0.0345751953125,24.984375,0.410400390625,0.6320214843749999,94.12,5.826453466732573,14.4,1.0198039027185568
1654,0.0345751953125,24.984375,0.581982421875,0.626962890625,94.022,5.670274772883584,14.4,1.0198039027185568
1655,0.0278076171875,19.453125,0.410400390625,0.626962890625,93.502,6.036887939990274,14.8,1.469693845669907
1656,0.0433251953125,4.984375,0.319482421875,0.649521484375,78.462,17.951840462749217,14.8,1.1661903789690602
1657,0.0365576171875,4.984375,0.319482421875,0.649521484375,78.062,19.419491651431045,15.0,1.4142135623730951
1658,0.0433251953125,7.453125,0.319482421875,0.649521484375,78.78200000000001,18.049691853325363,14.8,1.1661903789690602
1659,0.0433251953125,4.984375,0.672900390625,0.649521484375,62.102,33.43806956150429,14.0,8.221921916437786
1660,0.0433251953125,4.984375,0.319482421875,0.714462890625,74.788,21.169081605020093,16.2,1.469693845669907
1661,0.0365576171875,7.453125,0.672900390625,0.714462890625,57.94200000000001,37.21147801418266,15.0,8.508818954473059
1662,0.0783251953125,20.984375,0.669482421875,0.719521484375,93.62,6.230916465496871,14.8,1.1661903789690602
1663,0.0715576171875,20.984375,0.669482421875,0.719521484375,95.41,4.84691241926239,15.2,1.469693845669907
1664,0.0783251953125,23.453125,0.669482421875,0.719521484375,93.62,6.230916465496871,14.8,1.1661903789690602
1665,0.0783251953125,20.984375,0.322900390625,0.719521484375,93.62,6.230916465496871,14.8,1.1661903789690602
1666,0.0783251953125,20.984375,0.669482421875,0.644462890625,95.402,4.412465977205941,14.0,0.8944271909999159
1667,0.0715576171875,23.453125,0.322900390625,0.644462890625,94.30199999999999,5.349278082134073,14.0,0.8944271909999159
1668,0.060825195312500004,12.984375,0.49448242187499997,0.614521484375,69.7,27.839548128516743,14.0,0.8944271909999159
1669,0.054057617187500004,12.984375,0.49448242187499997,0.614521484375,70.30199999999999,27.68783877445114,14.0,0.8944271909999159
1670,0.060825195312500004,31.453125,0.49448242187499997,0.614521484375,96.53200000000001,4.604430040732514,14.0,0.8944271909999159
1671,0.060825195312500004,12.984375,0.847900390625,0.614521484375,55.384,39.31482702492789,12.6,7.310266752998825
1672,0.060825195312500004,12.984375,0.49448242187499997,0.6094628906249999,69.016,28.18289594771978,14.0,0.8944271909999159
1673,0.054057617187500004,31.453125,0.847900390625,0.6094628906249999,96.184,3.9061725512322165,13.8,0.7483314773547882
1674,0.0258251953125,28.984375,0.844482421875,0.6845214843749999,81.11,25.222163269632524,16.4,1.854723699099141
1675,0.0190576171875,28.984375,0.844482421875,0.6845214843749999,67.888,38.862511704726444,13.2,7.222188034107115
1676,0.0258251953125,15.453125,0.844482421875,0.6845214843749999,31.588,37.79236663666355,5.8,8.423775875461075
1677,0.0258251953125,28.984375,0.49790039062499997,0.6845214843749999,81.11,25.222163269632524,16.4,1.854723699099141
1678,0.0258251953125,28.984375,0.844482421875,0.679462890625,84.546,21.00700892559433,16.4,1.854723699099141
1679,0.0190576171875,15.453125,0.49790039062499997,0.679462890625,54.074,39.717986655922026,13.4,7.337574531137657
1680,0.021450195312500003,10.984375,0.538232421875,0.7107714843749999,48.576,42.9936393435122,9.6,8.754427451295717
1681,0.04968261718750001,10.984375,0.538232421875,0.7107714843749999,69.38,27.33950913970476,15.8,1.6
1682,0.021450195312500003,17.453125,0.538232421875,0.7107714843749999,48.712,42.99585626545888,9.6,8.754427451295717
1683,0.021450195312500003,10.984375,0.7166503906249999,0.7107714843749999,24.05,38.25172205273901,2.2,6.400000000000001
1684,0.021450195312500003,10.984375,0.538232421875,0.705712890625,49.4,42.33699328010906,9.6,8.754427451295717
1685,0.04968261718750001,17.453125,0.7166503906249999,0.705712890625,74.176,23.052209091538277,15.8,1.6
1686,0.05645019531250001,26.984375,0.888232421875,0.640771484375,92.94000000000001,6.619990936549688,14.2,1.16619037896906
1687,0.0146826171875,26.984375,0.888232421875,0.640771484375,80.998,25.14351319923292,16.0,1.7888543819998317
1688,0.05645019531250001,33.453125,0.888232421875,0.640771484375,92.94000000000001,6.619990936549688,14.2,1.16619037896906
1689,0.05645019531250001,26.984375,0.366650390625,0.640771484375,92.94000000000001,6.619990936549688,14.2,1.16619037896906
1690,0.05645019531250001,26.984375,0.888232421875,0.6357128906249999,92.434,6.41512151093025,14.2,1.16619037896906
1691,0.0146826171875,33.453125,0.366650390625,0.6357128906249999,83.39399999999999,21.01475633929644,16.0,1.7888543819998317
1692,0.0739501953125,18.984375,0.363232421875,0.675771484375,96.27600000000001,5.185196621151408,14.4,1.2
1693,0.032182617187500005,18.984375,0.363232421875,0.675771484375,83.44800000000001,17.0960362657547,15.8,1.6
1694,0.0739501953125,25.453125,0.363232421875,0.675771484375,96.27600000000001,5.185196621151408,14.4,1.2
1695,0.0739501953125,18.984375,0.891650390625,0.675771484375,96.27600000000001,5.185196621151408,14.4,1.2
1696,0.0739501953125,18.984375,0.363232421875,0.600712890625,94.74199999999999,6.180163104643762,12.4,2.8
1697,0.032182617187500005,25.453125,0.891650390625,0.600712890625,93.708,6.291681492256263,13.8,0.9797958971132713
1698,0.038950195312500005,34.984375,0.7132324218749999,0.605771484375,96.58000000000001,3.338400814761462,13.8,0.9797958971132713
1699,0.0671826171875,34.984375,0.7132324218749999,0.605771484375,95.534,3.769501823848875,13.6,0.8
1700,0.038950195312500005,9.453125,0.7132324218749999,0.605771484375,63.791999999999994,33.96367612612039,13.6,8.380930735902785
1701,0.038950195312500005,34.984375,0.541650390625,0.605771484375,96.58000000000001,3.338400814761462,13.8,0.9797958971132713
1702,0.038950195312500005,34.984375,0.7132324218749999,0.670712890625,92.864,6.731099761554569,15.2,1.16619037896906
1703,0.0671826171875,9.453125,0.541650390625,0.670712890625,71.252,26.109984603595613,14.8,1.1661903789690602
1704,0.030200195312500004,14.984375,0.9757324218749999,0.588271484375,73.27799999999999,27.126989069928126,13.4,1.624807680927192
1705,0.0759326171875,14.984375,0.9757324218749999,0.588271484375,74.274,25.97635663444741,10.6,3.7202150475476548
1706,0.030200195312500004,13.453125,0.9757324218749999,0.588271484375,50.001999999999995,36.94802641549342,10.8,6.144916598294887
1707,0.030200195312500004,14.984375,0.9791503906249999,0.588271484375,73.134,27.301634822845315,13.4,1.624807680927192
1708,0.030200195312500004,14.984375,0.9757324218749999,0.5832128906249999,73.074,27.995529357381336,13.2,1.32664991614216
1709,0.0759326171875,13.453125,0.9791503906249999,0.5832128906249999,71.054,30.433026533685407,10.6,3.7202150475476548
1710,0.0652001953125,30.984375,0.625732421875,0.6582714843749999,95.03800000000001,5.8197092710890646,14.4,1.2
1711,0.040932617187500006,30.984375,0.625732421875,0.6582714843749999,92.4,6.3521555396573826,15.0,1.4142135623730951
1712,0.0652001953125,29.453125,0.625732421875,0.6582714843749999,95.03800000000001,5.8197092710890646,14.4,1.2
1713,0.0652001953125,30.984375,0.629150390625,0.6582714843749999,95.03800000000001,5.8197092710890646,14.4,1.2
1714,0.0652001953125,30.984375,0.625732421875,0.653212890625,93.968,6.299991746026341,14.4,1.2
1715,0.040932617187500006,29.453125,0.629150390625,0.653212890625,91.604,6.907487531657224,15.0,1.4142135623730951
1716,0.047700195312500006,6.984375,0.800732421875,0.623271484375,34.856,36.76740219270325,8.4,7.735631842325487
1717,0.0234326171875,6.984375,0.800732421875,0.623271484375,34.522,36.71355302882031,9.0,8.221921916437786
1718,0.047700195312500006,21.453125,0.800732421875,0.623271484375,91.03799999999998,7.324737264912646,14.2,1.16619037896906
1719,0.047700195312500006,6.984375,0.804150390625,0.623271484375,34.726000000000006,36.74816218533929,8.4,7.735631842325487
1720,0.047700195312500006,6.984375,0.800732421875,0.688212890625,34.756,36.69674732179951,9.4,8.593020423576334
1721,0.0234326171875,21.453125,0.804150390625,0.688212890625,74.30199999999999,31.610489651379968,12.8,6.997142273814361
1722,0.0127001953125,22.984375,0.45073242187499996,0.693271484375,52.33,44.96349185728351,9.8,8.840814442120138
1723,0.05843261718750001,22.984375,0.45073242187499996,0.693271484375,94.546,4.996497173020316,15.0,1.4142135623730951
1724,0.0127001953125,5.453125,0.45073242187499996,0.693271484375,45.234,45.72591195372706,10.0,9.033271832508971
1725,0.0127001953125,22.984375,0.45415039062499996,0.693271484375,52.33,44.96349185728351,9.8,8.840814442120138
1726,0.0127001953125,22.984375,0.45073242187499996,0.618212890625,85.274,18.974226308337318,15.4,1.4966629547095764
1727,0.05843261718750001,5.453125,0.45415039062499996,0.618212890625,76.79400000000001,21.636255313708975,14.0,0.8944271909999159
1728,0.0137939453125,15.484375,0.592919921875,0.6823339843749999,45.660000000000004,44.68510758630889,6.0,8.579044235810887
1729,0.0398388671875,15.484375,0.592919921875,0.6823339843749999,65.058,31.840736423644476,12.4,6.887670143089026
1730,0.0137939453125,9.953125,0.592919921875,0.6823339843749999,47.044,43.85010312416608,10.0,9.033271832508971
1731,0.0137939453125,15.484375,0.7713378906249999,0.6823339843749999,42.004,47.494674059309006,7.8,11.232096865679177
1732,0.0137939453125,15.484375,0.592919921875,0.633525390625,59.59000000000001,35.28774914896103,12.8,7.110555533852471
1733,0.0398388671875,9.953125,0.7713378906249999,0.633525390625,40.49,36.849890094815756,8.6,7.939773296511683
1734,0.0487939453125,31.484375,0.942919921875,0.612333984375,97.474,2.892857410934731,14.0,0.8944271909999159
1735,0.0748388671875,31.484375,0.942919921875,0.612333984375,97.072,2.784481280238744,12.8,2.481934729198171
1736,0.0487939453125,25.953125,0.942919921875,0.612333984375,97.474,2.892857410934731,14.0,0.8944271909999159
1737,0.0487939453125,31.484375,0.421337890625,0.612333984375,97.474,2.892857410934731,14.0,0.8944271909999159
1738,0.0487939453125,31.484375,0.942919921875,0.703525390625,91.846,6.674032064651772,15.6,1.3564659966250536
1739,0.0748388671875,25.953125,0.421337890625,0.703525390625,93.074,6.098355843995985,14.8,1.1661903789690602
1740,0.0662939453125,7.484375,0.417919921875,0.717333984375,76.126,21.968755631578226,15.4,1.2
1741,0.0573388671875,7.484375,0.417919921875,0.717333984375,73.468,23.818068267598864,15.6,1.3564659966250536
1742,0.0662939453125,33.953125,0.417919921875,0.717333984375,95.67999999999999,3.9133821689173174,15.4,1.2
1743,0.0662939453125,7.484375,0.946337890625,0.717333984375,56.538,38.56573836969804,14.0,8.049844718999243
1744,0.0662939453125,7.484375,0.417919921875,0.6685253906249999,76.566,21.28978496838331,14.6,1.0198039027185568
1745,0.0573388671875,33.953125,0.946337890625,0.6685253906249999,93.77799999999999,5.258206538355071,14.8,1.1661903789690602
1746,0.0312939453125,23.484375,0.7679199218749999,0.647333984375,91.974,6.905246121609279,15.0,1.4142135623730951
1747,0.0223388671875,23.484375,0.7679199218749999,0.647333984375,88.45200000000001,13.647624555211063,15.6,1.624807680927192
1748,0.0312939453125,17.953125,0.7679199218749999,0.647333984375,78.60999999999999,21.154943630272335,15.0,1.4142135623730951
1749,0.0312939453125,23.484375,0.596337890625,0.647333984375,91.974,6.905246121609279,15.0,1.4142135623730951
1750,0.0312939453125,23.484375,0.7679199218749999,0.598525390625,93.442,6.570800255676625,13.4,1.0198039027185568
1751,0.0223388671875,17.953125,0.596337890625,0.598525390625,87.91199999999999,11.818943099956106,14.0,1.4142135623730951
1752,0.0400439453125,11.484375,0.855419921875,0.6298339843749999,35.084,36.054816377288624,8.8,8.109253973085318
1753,0.013588867187500001,11.484375,0.855419921875,0.6298339843749999,31.242,36.858404957349954,5.6,8.138795979750322
1754,0.0400439453125,5.953125,0.855419921875,0.6298339843749999,59.025999999999996,37.69991066302413,13.6,8.380930735902785
1755,0.0400439453125,11.484375,0.858837890625,0.6298339843749999,34.852,36.125525269537604,8.8,8.109253973085318
1756,0.0400439453125,11.484375,0.855419921875,0.651025390625,34.158,36.03280583024308,9.0,8.221921916437786
1757,0.013588867187500001,5.953125,0.858837890625,0.651025390625,48.321999999999996,44.311514711189915,11.2,10.476640682967036
1758,0.0750439453125,27.484375,0.505419921875,0.699833984375,92.786,6.451131993689169,14.8,1.1661903789690602
1759,0.0485888671875,27.484375,0.505419921875,0.699833984375,91.10000000000001,7.292826612500805,15.6,1.3564659966250536
1760,0.0750439453125,21.953125,0.505419921875,0.699833984375,92.786,6.451131993689169,14.8,1.1661903789690602
1761,0.0750439453125,27.484375,0.508837890625,0.699833984375,92.786,6.451131993689169,14.8,1.1661903789690602
1762,0.0750439453125,27.484375,0.505419921875,0.5810253906249999,95.212,6.22039998713909,10.0,3.63318042491699
1763,0.0485888671875,21.953125,0.508837890625,0.5810253906249999,95.40799999999999,5.632485774504892,12.2,2.315167380558045
1764,0.057543945312500004,19.484375,0.680419921875,0.594833984375,95.146,5.581295906866076,13.4,1.0198039027185568
1765,0.0660888671875,19.484375,0.680419921875,0.594833984375,94.77,6.21743998764765,12.2,2.7856776554368237
1766,0.057543945312500004,29.953125,0.680419921875,0.594833984375,95.146,5.581295906866076,13.4,1.0198039027185568
1767,0.057543945312500004,19.484375,0.683837890625,0.594833984375,95.146,5.581295906866076,13.4,1.0198039027185568
1768,0.057543945312500004,19.484375,0.680419921875,0.616025390625,97.46199999999999,3.711567862777133,14.0,0.8944271909999159
1769,0.0660888671875,29.953125,0.683837890625,0.616025390625,96.282,5.297298934362683,14.0,0.8944271909999159
1770,0.0225439453125,35.484375,0.33041992187499997,0.664833984375,83.5,20.77260022240836,16.2,1.7204650534085253
1771,0.0310888671875,35.484375,0.33041992187499997,0.664833984375,92.40599999999999,6.934815354427254,15.6,1.624807680927192
1772,0.0225439453125,13.953125,0.33041992187499997,0.664833984375,70.388,26.35803437284351,16.2,1.7204650534085253
1773,0.0225439453125,35.484375,0.33383789062499997,0.664833984375,83.5,20.77260022240836,16.2,1.7204650534085253
1774,0.0225439453125,35.484375,0.33041992187499997,0.686025390625,73.65400000000001,32.379646446494746,12.8,6.997142273814361
1775,0.0310888671875,13.953125,0.33383789062499997,0.686025390625,71.098,25.24572708400374,16.2,1.7204650534085253
1776,0.026918945312500005,5.484375,0.724169921875,0.691083984375,54.258,39.80949253632857,11.0,10.21763181955584
1777,0.0792138671875,5.484375,0.724169921875,0.691083984375,63.53800000000001,34.61111347529865,13.0,7.26636084983398
1778,0.026918945312500005,19.953125,0.724169921875,0.691083984375,72.386,32.54468226915113,12.6,6.945502141674135
1779,0.026918945312500005,5.484375,0.902587890625,0.691083984375,30.844,37.56411936941954,6.0,8.62554346113913
1780,0.026918945312500005,5.484375,0.724169921875,0.659775390625,59.99400000000001,35.87158407430595,14.4,8.357032966310472
1781,0.0792138671875,19.953125,0.902587890625,0.659775390625,95.54599999999999,5.279960605913648,14.2,0.9797958971132712
1782,0.06191894531250001,21.484375,0.374169921875,0.621083984375,97.536,3.7250750328013513,14.0,0.8944271909999159
1783,0.044213867187500006,21.484375,0.374169921875,0.621083984375,90.626,7.657518135793086,14.2,1.16619037896906
1784,0.06191894531250001,35.953125,0.374169921875,0.621083984375,97.536,3.7250750328013513,14.0,0.8944271909999159
1785,0.06191894531250001,21.484375,0.5525878906249999,0.621083984375,97.536,3.7250750328013513,14.0,0.8944271909999159
1786,0.06191894531250001,21.484375,0.374169921875,0.589775390625,93.614,7.062553645813956,12.0,2.8284271247461903
1787,0.044213867187500006,35.953125,0.5525878906249999,0.589775390625,91.216,7.209023789668057,13.2,1.32664991614216
1788,0.0794189453125,13.484375,0.899169921875,0.6560839843749999,55.338,38.60609402672071,12.4,6.974238309665077
1789,0.026713867187500004,13.484375,0.899169921875,0.6560839843749999,33.001999999999995,36.53172998914779,9.6,8.8
1790,0.0794189453125,27.953125,0.899169921875,0.6560839843749999,94.762,5.778374858037511,14.0,0.8944271909999159
1791,0.0794189453125,13.484375,0.727587890625,0.6560839843749999,60.28399999999999,35.42854532717933,12.4,6.974238309665077
1792,0.0794189453125,13.484375,0.899169921875,0.624775390625,55.581999999999994,38.20587515029593,12.2,6.881860213634101
1793,0.026713867187500004,27.953125,0.727587890625,0.624775390625,93.33200000000001,6.171364192785904,14.6,1.3564659966250536
1794,0.044418945312500006,29.484375,0.5491699218749999,0.586083984375,92.75399999999999,6.3051743829968725,13.2,1.32664991614216
1795,0.06171386718750001,29.484375,0.5491699218749999,0.586083984375,95.96000000000001,3.947409276981551,12.0,2.8284271247461903
1796,0.044418945312500006,11.953125,0.5491699218749999,0.586083984375,69.244,25.636737389925422,13.2,1.32664991614216
1797,0.044418945312500006,29.484375,0.377587890625,0.586083984375,92.75399999999999,6.3051743829968725,13.2,1.32664991614216
1798,0.044418945312500006,29.484375,0.5491699218749999,0.6947753906249999,91.992,6.636539459688308,15.6,1.3564659966250536
1799,0.06171386718750001,11.953125,0.377587890625,0.6947753906249999,76.308,19.803285989956315,15.4,1.2
1800,0.035668945312500006,17.484375,0.461669921875,0.6035839843749999,95.04400000000001,5.025744124007907,13.8,0.9797958971132713
1801,0.052963867187500006,17.484375,0.461669921875,0.6035839843749999,94.28799999999998,5.113759478113924,13.6,0.8
1802,0.035668945312500006,15.953125,0.461669921875,0.6035839843749999,85.042,15.726586915157402,14.0,1.2649110640673518
1803,0.035668945312500006,17.484375,0.8150878906249999,0.6035839843749999,95.04400000000001,5.025744124007907,13.8,0.9797958971132713
1804,0.035668945312500006,17.484375,0.461669921875,0.6422753906249999,88.884,12.623132099443463,15.0,1.4142135623730951
1805,0.052963867187500006,15.953125,0.8150878906249999,0.6422753906249999,62.074,32.00906659057712,14.2,1.16619037896906
1806,0.07066894531250001,33.484375,0.8116699218749999,0.673583984375,96.47,4.7115475164748135,14.4,1.2
1807,0.017963867187500003,33.484375,0.8116699218749999,0.673583984375,70.338,36.639080992841514,12.8,6.997142273814361
1808,0.07066894531250001,31.953125,0.8116699218749999,0.673583984375,96.47,4.7115475164748135,14.4,1.2
1809,0.07066894531250001,33.484375,0.465087890625,0.673583984375,96.47,4.7115475164748135,14.4,1.2
1810,0.07066894531250001,33.484375,0.8116699218749999,0.712275390625,94.462,5.452333078600392,15.0,1.4142135623730951
1811,0.017963867187500003,31.953125,0.465087890625,0.712275390625,52.455999999999996,44.85824499464954,9.6,8.685620300243386
1812,0.05316894531250001,9.484375,0.636669921875,0.638583984375,65.15,31.231591698150766,13.4,8.114185110040317
1813,0.035463867187500005,9.484375,0.636669921875,0.638583984375,64.926,31.091656501383135,14.0,8.221921916437786
1814,0.05316894531250001,23.953125,0.636669921875,0.638583984375,93.184,6.2445131115243875,14.2,1.16619037896906
1815,0.05316894531250001,9.484375,0.9900878906249999,0.638583984375,34.066,36.90339800072616,8.4,7.735631842325487
1816,0.05316894531250001,9.484375,0.636669921875,0.677275390625,65.082,31.360305100556662,14.0,8.221921916437786
1817,0.035463867187500005,23.953125,0.9900878906249999,0.677275390625,91.28999999999999,7.178877349558214,15.8,1.6
1818,0.0181689453125,25.484375,0.9866699218749999,0.7085839843749999,55.662,44.19687518365977,9.6,8.685620300243386
1819,0.0704638671875,25.484375,0.9866699218749999,0.7085839843749999,93.776,6.094855535613621,15.0,1.4142135623730951
1820,0.0181689453125,7.953125,0.9866699218749999,0.7085839843749999,20.56,39.734800867753194,2.4,6.8
1821,0.0181689453125,25.484375,0.640087890625,0.7085839843749999,55.662,44.19687518365977,9.6,8.685620300243386
1822,0.0181689453125,25.484375,0.9866699218749999,0.6072753906249999,92.15,6.572996272629402,14.4,1.4966629547095764
1823,0.0704638671875,7.953125,0.640087890625,0.6072753906249999,66.58,32.11747437143836,12.2,7.025667228100119
1824,0.015981445312500002,8.484375,0.352294921875,0.590458984375,75.182,20.88827077572483,14.0,1.4142135623730951
1825,0.0201513671875,8.484375,0.352294921875,0.590458984375,77.182,19.887380320193003,13.8,1.3266499161421599
1826,0.015981445312500002,30.953125,0.352294921875,0.590458984375,91.302,7.164563908571127,13.6,1.624807680927192
1827,0.015981445312500002,8.484375,0.39946289062499996,0.590458984375,73.096,22.804727229239116,14.0,1.4142135623730951
1828,0.015981445312500002,8.484375,0.352294921875,0.681650390625,54.541999999999994,40.02420687533983,13.4,7.337574531137657
1829,0.0201513671875,30.953125,0.39946289062499996,0.681650390625,70.966,35.75212754508464,12.8,6.997142273814361
1830,0.050981445312500005,24.484375,0.702294921875,0.660458984375,92.912,6.037779061873662,14.8,1.1661903789690602
1831,0.05515136718750001,24.484375,0.702294921875,0.660458984375,96.98599999999999,3.4227217240085426,14.8,1.1661903789690602
1832,0.050981445312500005,14.953125,0.702294921875,0.660458984375,61.4,36.22942008920375,11.8,6.554387843269576
1833,0.050981445312500005,24.484375,0.7494628906249999,0.660458984375,92.912,6.037779061873662,14.8,1.1661903789690602
1834,0.050981445312500005,24.484375,0.702294921875,0.6116503906249999,97.05799999999999,3.3325689790310435,14.0,0.8944271909999159
1835,0.05515136718750001,14.953125,0.7494628906249999,0.6116503906249999,64.1,32.84255288493877,11.0,6.06630035524124
1836,0.0684814453125,16.484375,0.5272949218749999,0.6254589843749999,93.836,9.658133567102912,14.0,0.8944271909999159
1837,0.0726513671875,16.484375,0.5272949218749999,0.6254589843749999,94.396,9.346756870701196,14.0,0.8944271909999159
1838,0.0684814453125,6.953125,0.5272949218749999,0.6254589843749999,68.904,27.993345352065372,14.0,0.8944271909999159
1839,0.0684814453125,16.484375,0.574462890625,0.6254589843749999,93.526,10.268771299430131,14.0,0.8944271909999159
1840,0.0684814453125,16.484375,0.5272949218749999,0.646650390625,88.74199999999999,11.648590300976338,14.0,0.8944271909999159
1841,0.0726513671875,6.953125,0.574462890625,0.646650390625,65.212,31.15113699369575,15.8,2.315167380558045
1842,0.033481445312500004,32.484375,0.8772949218749999,0.695458984375,84.49,20.19748400172655,16.0,1.4142135623730951
1843,0.0376513671875,32.484375,0.8772949218749999,0.695458984375,88.634,11.883066270958857,15.8,1.6
1844,0.033481445312500004,22.953125,0.8772949218749999,0.695458984375,84.49,20.19748400172655,16.0,1.4142135623730951
1845,0.033481445312500004,32.484375,0.9244628906249999,0.695458984375,84.49,20.19748400172655,16.0,1.4142135623730951
1846,0.033481445312500004,32.484375,0.8772949218749999,0.7166503906249999,78.50800000000001,27.065026436344006,16.6,1.854723699099141
1847,0.0376513671875,22.953125,0.9244628906249999,0.7166503906249999,83.82,20.60033300701714,16.6,1.854723699099141
1848,0.042231445312500004,12.484375,0.789794921875,0.7129589843749999,33.434,36.53705713381963,9.8,8.975522268926749
1849,0.0289013671875,12.484375,0.789794921875,0.7129589843749999,25.75,37.972937732021734,6.2,8.908422980528035
1850,0.042231445312500004,34.953125,0.789794921875,0.7129589843749999,88.008,13.533533758778601,15.8,1.6
1851,0.042231445312500004,12.484375,0.486962890625,0.7129589843749999,64.582,30.173092914051754,16.4,1.624807680927192
1852,0.042231445312500004,12.484375,0.789794921875,0.629150390625,36.45,37.06993606684532,8.6,7.914543574963752
1853,0.0289013671875,34.953125,0.486962890625,0.629150390625,93.666,6.143001220901717,14.8,1.469693845669907
1854,0.07723144531250001,28.484375,0.43979492187499997,0.642958984375,95.53399999999999,4.584585477445044,14.0,0.8944271909999159
1855,0.0639013671875,28.484375,0.43979492187499997,0.642958984375,94.442,5.6100638142538095,14.0,0.8944271909999159
1856,0.07723144531250001,18.953125,0.43979492187499997,0.642958984375,95.53399999999999,4.584585477445044,14.0,0.8944271909999159
1857,0.07723144531250001,28.484375,0.836962890625,0.642958984375,95.53399999999999,4.584585477445044,14.0,0.8944271909999159
1858,0.07723144531250001,28.484375,0.43979492187499997,0.699150390625,93.21,5.792861123831646,14.8,1.1661903789690602
1859,0.0639013671875,18.953125,0.836962890625,0.699150390625,90.398,11.501085861778444,15.0,1.4142135623730951
1860,0.059731445312500006,4.484375,0.964794921875,0.677958984375,32.83,36.52268555295462,9.0,8.221921916437786
1861,0.04640136718750001,4.484375,0.964794921875,0.677958984375,33.882,36.521168875051075,9.4,8.593020423576334
1862,0.059731445312500006,10.953125,0.964794921875,0.677958984375,53.842,39.76253331969682,13.8,7.984985911070852
1863,0.059731445312500006,4.484375,0.311962890625,0.677958984375,77.44200000000001,19.496709876284253,14.8,1.1661903789690602
1864,0.059731445312500006,4.484375,0.964794921875,0.6641503906249999,34.22,36.533512834108905,9.0,8.221921916437786
1865,0.04640136718750001,10.953125,0.311962890625,0.6641503906249999,78.44800000000001,18.831813932810615,15.0,1.4142135623730951
1866,0.024731445312500003,20.484375,0.614794921875,0.607958984375,93.2,6.18601002262363,14.2,1.16619037896906
1867,0.0114013671875,20.484375,0.614794921875,0.607958984375,86.826,13.998930816315937,15.0,1.8973665961010275
1868,0.024731445312500003,26.953125,0.614794921875,0.607958984375,93.068,6.3673743411236625,14.2,1.16619037896906
1869,0.024731445312500003,20.484375,0.6619628906249999,0.607958984375,93.2,6.18601002262363,14.2,1.16619037896906
1870,0.024731445312500003,20.484375,0.614794921875,0.594150390625,93.992,5.423745569253778,13.6,1.3564659966250536
1871,0.0114013671875,26.953125,0.6619628906249999,0.594150390625,93.042,5.8040861468451705,14.2,1.7204650534085253
1872,0.0203564453125,18.484375,0.9210449218749999,0.634208984375,80.21599999999998,23.224102652201655,15.4,1.4966629547095764
1873,0.059526367187500005,18.484375,0.9210449218749999,0.634208984375,93.502,6.386916000700181,14.0,0.8944271909999159
1874,0.0203564453125,20.953125,0.9210449218749999,0.634208984375,88.78200000000001,9.791879084220762,15.4,1.4966629547095764
1875,0.0203564453125,18.484375,0.5307128906249999,0.634208984375,83.398,17.397386470386866,15.4,1.4966629547095764
1876,0.0203564453125,18.484375,0.9210449218749999,0.620400390625,86.138,17.463260176725306,14.8,1.469693845669907
1877,0.059526367187500005,20.953125,0.5307128906249999,0.620400390625,97.56000000000002,3.5921692610454747,14.0,0.8944271909999159
1878,0.05535644531250001,34.484375,0.571044921875,0.704208984375,92.02,6.848827636902537,15.4,1.2
1879,0.024526367187500002,34.484375,0.571044921875,0.704208984375,66.646,37.9221653390204,13.0,7.155417527999327
1880,0.05535644531250001,4.953125,0.571044921875,0.704208984375,66.33,29.45249938460232,15.6,1.3564659966250536
1881,0.05535644531250001,34.484375,0.8807128906249999,0.704208984375,92.02,6.848827636902537,15.4,1.2
1882,0.05535644531250001,34.484375,0.571044921875,0.690400390625,95.14599999999999,4.291841562779317,15.0,1.4142135623730951
1883,0.024526367187500002,4.953125,0.8807128906249999,0.690400390625,27.764,37.80754295110964,6.2,8.908422980528035
1884,0.0728564453125,10.484375,0.7460449218749999,0.5992089843749999,61.218,35.632488770783326,10.8,7.05407683541936
1885,0.042026367187500004,10.484375,0.7460449218749999,0.5992089843749999,41.286,36.23137292458016,8.2,7.547184905645283
1886,0.0728564453125,12.953125,0.7460449218749999,0.5992089843749999,58.622,38.198430543675485,10.8,7.05407683541936
1887,0.0728564453125,10.484375,0.355712890625,0.5992089843749999,78.55,19.749387838614137,12.4,2.8
1888,0.0728564453125,10.484375,0.7460449218749999,0.655400390625,60.976,35.48205664839624,12.6,7.172168430816443
1889,0.042026367187500004,12.953125,0.355712890625,0.655400390625,74.276,23.198752207823595,15.0,1.4142135623730951
1890,0.0378564453125,26.484375,0.39604492187499996,0.669208984375,93.048,6.613469286236989,15.2,1.16619037896906
1891,0.0770263671875,26.484375,0.39604492187499996,0.669208984375,94.94800000000001,6.358460190958184,14.4,1.2
1892,0.0378564453125,28.953125,0.39604492187499996,0.669208984375,93.048,6.613469286236989,15.2,1.16619037896906
1893,0.0378564453125,26.484375,0.705712890625,0.669208984375,93.048,6.613469286236989,15.2,1.16619037896906
1894,0.0378564453125,26.484375,0.39604492187499996,0.5854003906249999,91.89,6.7560757840628165,13.2,1.32664991614216
1895,0.0770263671875,28.953125,0.705712890625,0.5854003906249999,96.468,4.551876096731982,10.4,3.4985711369071804
1896,0.0291064453125,6.484375,0.483544921875,0.6517089843749999,68.74,27.38389818853408,15.8,1.6
1897,0.0682763671875,6.484375,0.483544921875,0.6517089843749999,69.918,26.472945737110557,14.6,1.0198039027185568
1898,0.0291064453125,24.953125,0.483544921875,0.6517089843749999,92.22200000000001,6.6235048124086084,15.2,1.16619037896906
1899,0.0291064453125,6.484375,0.44321289062499997,0.6517089843749999,70.816,25.619790475333712,15.6,1.624807680927192
1900,0.0291064453125,6.484375,0.483544921875,0.672900390625,64.486,29.910178601940842,16.0,1.4142135623730951
1901,0.0682763671875,24.953125,0.44321289062499997,0.672900390625,96.694,4.0385324067042,14.4,1.2
1902,0.06410644531250001,22.484375,0.833544921875,0.581708984375,95.986,5.600816369066208,11.4,3.0724582991474434
1903,0.0332763671875,22.484375,0.833544921875,0.581708984375,91.158,7.239829832254346,13.0,1.6733200530681511
1904,0.06410644531250001,8.953125,0.833544921875,0.581708984375,55.888,38.880900915488056,11.0,7.6681158050723255
1905,0.06410644531250001,22.484375,0.793212890625,0.581708984375,95.986,5.600816369066208,11.4,3.0724582991474434
1906,0.06410644531250001,22.484375,0.833544921875,0.602900390625,95.136,4.153892632218603,13.6,0.8
1907,0.0332763671875,8.953125,0.793212890625,0.602900390625,56.09400000000001,38.37248003452474,13.6,8.380930735902785
1908,0.04660644531250001,14.484375,0.308544921875,0.6867089843749999,78.946,18.0521528909989,15.4,1.2
1909,0.0157763671875,14.484375,0.308544921875,0.6867089843749999,54.077999999999996,40.819326011094304,9.4,8.5463442476886
1910,0.04660644531250001,16.953125,0.308544921875,0.6867089843749999,79.816,16.949273258756556,15.4,1.2
1911,0.04660644531250001,14.484375,0.618212890625,0.6867089843749999,64.65599999999999,32.43328080845353,12.2,6.734983296193095
1912,0.04660644531250001,14.484375,0.308544921875,0.6379003906249999,80.78999999999999,17.33553460381306,14.4,1.2
1913,0.0157763671875,16.953125,0.618212890625,0.6379003906249999,67.076,28.41543918365507,16.0,1.7888543819998317
1914,0.0116064453125,30.484375,0.6585449218749999,0.616708984375,83.788,20.999602281948103,15.4,1.4966629547095764
1915,0.050776367187500004,30.484375,0.6585449218749999,0.616708984375,98.152,2.7887445203890584,14.0,0.8944271909999159
1916,0.0116064453125,32.953125,0.6585449218749999,0.616708984375,83.788,20.999602281948103,15.4,1.4966629547095764
1917,0.0116064453125,30.484375,0.968212890625,0.616708984375,83.788,20.999602281948103,15.4,1.4966629547095764
1918,0.0116064453125,30.484375,0.6585449218749999,0.707900390625,43.878,46.36718166979744,6.4,9.068627239003707
1919,0.050776367187500004,32.953125,0.968212890625,0.707900390625,91.892,6.633977389168581,15.6,1.3564659966250536
1920,0.0121533203125,19.234375,0.335888671875,0.703115234375,45.188,45.745178718636566,10.2,9.173875952943773
1921,0.07538574218750001,19.234375,0.335888671875,0.703115234375,93.172,6.126772070185082,14.8,1.1661903789690602
1922,0.0121533203125,26.203125,0.335888671875,0.703115234375,47.958,44.90744989419907,10.2,9.173875952943773
1923,0.0121533203125,19.234375,0.8533691406249999,0.703115234375,41.589999999999996,47.7798325656338,6.2,8.818163074019441
1924,0.0121533203125,19.234375,0.335888671875,0.717744140625,41.224000000000004,48.04240526867904,6.4,9.068627239003707
1925,0.07538574218750001,26.203125,0.8533691406249999,0.717744140625,93.894,6.073959499371066,15.0,1.4142135623730951
1926,0.047153320312500004,35.234375,0.6858886718749999,0.633115234375,93.4,5.614595265911871,14.2,1.16619037896906
1927,0.040385742187500004,35.234375,0.6858886718749999,0.633115234375,95.50399999999999,3.804768586918265,14.4,1.0198039027185568
1928,0.047153320312500004,10.203125,0.6858886718749999,0.633115234375,62.88199999999999,33.27860117252526,13.8,8.657944328765346
1929,0.047153320312500004,35.234375,0.503369140625,0.633115234375,93.4,5.614595265911871,14.2,1.16619037896906
1930,0.047153320312500004,35.234375,0.6858886718749999,0.647744140625,96.826,3.2999187868794593,14.6,1.0198039027185568
1931,0.040385742187500004,10.203125,0.503369140625,0.647744140625,70.54400000000001,25.500474191669458,15.0,1.4142135623730951
1932,0.0646533203125,11.234375,0.510888671875,0.668115234375,72.086,23.711859986091348,14.8,1.1661903789690602
1933,0.022885742187500002,11.234375,0.510888671875,0.668115234375,64.286,30.80792988826091,16.4,1.854723699099141
1934,0.0646533203125,18.203125,0.510888671875,0.668115234375,96.88199999999999,4.1234810536729745,14.4,1.2
1935,0.0646533203125,11.234375,0.678369140625,0.668115234375,63.657999999999994,31.086235153199237,16.0,2.280350850198276
1936,0.0646533203125,11.234375,0.510888671875,0.6127441406249999,71.462,24.220469359613986,14.0,0.8944271909999159
1937,0.022885742187500002,18.203125,0.678369140625,0.6127441406249999,89.852,10.201237964090438,14.4,1.0198039027185568
1938,0.029653320312500002,27.234375,0.860888671875,0.5981152343749999,93.442,6.473998455359717,13.6,1.2
1939,0.057885742187500006,27.234375,0.860888671875,0.5981152343749999,93.52199999999999,5.47815443374865,13.4,1.0198039027185568
1940,0.029653320312500002,34.203125,0.860888671875,0.5981152343749999,93.388,6.5500393891945405,13.6,1.2
1941,0.029653320312500002,27.234375,0.328369140625,0.5981152343749999,93.442,6.473998455359717,13.6,1.2
1942,0.029653320312500002,27.234375,0.860888671875,0.682744140625,84.534,20.59711203057361,16.0,1.4142135623730951
1943,0.057885742187500006,34.203125,0.328369140625,0.682744140625,91.922,6.663369718093094,14.8,1.1661903789690602
1944,0.0384033203125,7.234375,0.7733886718749999,0.580615234375,59.236000000000004,37.64332482658778,13.4,8.593020423576334
1945,0.049135742187500005,7.234375,0.7733886718749999,0.580615234375,61.314,37.101484390789544,13.4,8.593020423576334
1946,0.0384033203125,22.203125,0.7733886718749999,0.580615234375,91.912,6.756124332781332,13.0,1.6733200530681511
1947,0.0384033203125,7.234375,0.765869140625,0.580615234375,59.510000000000005,37.5636845903061,13.2,8.304215796810679
1948,0.0384033203125,7.234375,0.7733886718749999,0.595244140625,60.29200000000001,37.34044798874272,13.6,8.616263691415208
1949,0.049135742187500005,22.203125,0.765869140625,0.595244140625,92.864,6.161235590366594,13.4,1.0198039027185568
1950,0.0734033203125,23.234375,0.42338867187499996,0.650615234375,94.836,5.574006099745498,14.0,0.8944271909999159
1951,0.014135742187500001,23.234375,0.42338867187499996,0.650615234375,76.07000000000001,33.25220233307863,12.6,6.887670143089026
1952,0.0734033203125,6.203125,0.42338867187499996,0.650615234375,73.326,23.681463299382493,14.4,1.2
1953,0.0734033203125,23.234375,0.41586914062499997,0.650615234375,94.836,5.574006099745498,14.0,0.8944271909999159
1954,0.0734033203125,23.234375,0.42338867187499996,0.6652441406249999,94.732,6.454020142515828,14.4,1.2
1955,0.014135742187500001,6.203125,0.41586914062499997,0.6652441406249999,54.60600000000001,39.40229008572979,13.2,7.222188034107115
1956,0.055903320312500004,15.234375,0.9483886718749999,0.615615234375,76.202,29.185259567117093,14.2,1.16619037896906
1957,0.0316357421875,15.234375,0.9483886718749999,0.615615234375,71.102,29.036161178778435,14.6,1.3564659966250536
1958,0.055903320312500004,14.203125,0.9483886718749999,0.615615234375,58.32000000000001,36.909014617028184,11.0,6.06630035524124
1959,0.055903320312500004,15.234375,0.940869140625,0.615615234375,76.376,28.964022234489466,14.2,1.16619037896906
1960,0.055903320312500004,15.234375,0.9483886718749999,0.700244140625,54.83200000000001,39.36297874907335,12.4,6.887670143089026
1961,0.0316357421875,14.203125,0.940869140625,0.700244140625,32.28,37.360529439503395,6.0,8.62554346113913
1962,0.0209033203125,31.234375,0.598388671875,0.6856152343749999,70.56800000000001,36.312482371768525,12.8,6.997142273814361
1963,0.0666357421875,31.234375,0.598388671875,0.6856152343749999,92.586,6.562830486916447,14.8,1.1661903789690602
1964,0.0209033203125,30.203125,0.598388671875,0.6856152343749999,70.56800000000001,36.312482371768525,12.8,6.997142273814361
1965,0.0209033203125,31.234375,0.590869140625,0.6856152343749999,70.56800000000001,36.312482371768525,12.8,6.997142273814361
1966,0.0209033203125,31.234375,0.598388671875,0.630244140625,93.314,5.4677293276094066,15.2,1.16619037896906
1967,0.0666357421875,30.203125,0.590869140625,0.630244140625,95.042,6.428182946992099,14.0,0.8944271909999159
1968,0.0252783203125,9.234375,0.992138671875,0.6593652343749999,32.4,37.34784009819042,5.6,8.138795979750322
1969,0.04476074218750001,9.234375,0.992138671875,0.6593652343749999,33.8,36.832629012873895,9.0,8.221921916437786
1970,0.0252783203125,32.203125,0.992138671875,0.6593652343749999,86.784,14.561536457393498,15.8,1.6
1971,0.0252783203125,9.234375,0.809619140625,0.6593652343749999,35.594,37.53755538124453,9.6,8.8
1972,0.0252783203125,9.234375,0.992138671875,0.5864941406249999,34.288,36.87706409138341,8.2,7.573638491504594
1973,0.04476074218750001,32.203125,0.809619140625,0.5864941406249999,92.896,6.189935702412426,13.2,1.32664991614216
1974,0.06027832031250001,25.234375,0.642138671875,0.589365234375,93.388,7.309846510016471,12.0,2.8284271247461903
1975,0.0797607421875,25.234375,0.642138671875,0.589365234375,95.75,5.7715301264049526,10.4,3.4985711369071804
1976,0.06027832031250001,16.203125,0.642138671875,0.589365234375,93.426,7.2612770226730765,12.0,2.8284271247461903
1977,0.06027832031250001,25.234375,0.459619140625,0.589365234375,93.388,7.309846510016471,12.0,2.8284271247461903
1978,0.06027832031250001,25.234375,0.642138671875,0.656494140625,95.932,4.696736739481998,14.4,1.2
1979,0.0797607421875,16.203125,0.459619140625,0.656494140625,90.046,10.672239877364076,14.0,0.8944271909999159
1980,0.0777783203125,17.234375,0.817138671875,0.694365234375,88.97800000000001,12.606884468416455,14.6,1.3564659966250536
1981,0.06226074218750001,17.234375,0.817138671875,0.694365234375,82.324,19.56884319524279,15.0,1.4142135623730951
1982,0.0777783203125,8.203125,0.817138671875,0.694365234375,55.49400000000001,39.03723022961542,13.2,7.35934779718964
1983,0.0777783203125,17.234375,0.984619140625,0.694365234375,87.934,14.495618096514548,14.6,1.3564659966250536
1984,0.0777783203125,17.234375,0.817138671875,0.6914941406249999,89.628,12.834979392270172,14.6,1.3564659966250536
1985,0.06226074218750001,8.203125,0.984619140625,0.6914941406249999,50.388,41.629961037694954,14.0,8.07465169527454
1986,0.04277832031250001,33.234375,0.46713867187499997,0.6243652343749999,91.81199999999998,6.689306092562966,14.2,1.16619037896906
1987,0.0272607421875,33.234375,0.46713867187499997,0.6243652343749999,93.262,6.052914669809907,14.6,1.3564659966250536
1988,0.04277832031250001,24.203125,0.46713867187499997,0.6243652343749999,91.81199999999998,6.689306092562966,14.2,1.16619037896906
1989,0.04277832031250001,33.234375,0.6346191406249999,0.6243652343749999,91.81199999999998,6.689306092562966,14.2,1.16619037896906
1990,0.04277832031250001,33.234375,0.46713867187499997,0.621494140625,90.78,7.529677283921269,14.2,1.16619037896906
1991,0.0272607421875,24.203125,0.6346191406249999,0.621494140625,93.23600000000002,5.5655174063154265,14.4,1.0198039027185568
1992,0.034028320312500006,13.234375,0.554638671875,0.641865234375,67.67,28.356123853587604,15.0,1.4142135623730951
1993,0.018510742187500002,13.234375,0.554638671875,0.641865234375,62.298,32.40250694005018,16.2,1.7204650534085253
1994,0.034028320312500006,28.203125,0.554638671875,0.641865234375,93.82000000000001,5.780681620708755,15.0,1.4142135623730951
1995,0.034028320312500006,13.234375,0.8971191406249999,0.641865234375,34.391999999999996,36.55760517320575,9.0,8.221921916437786
1996,0.034028320312500006,13.234375,0.554638671875,0.708994140625,61.33800000000001,33.209477201545944,16.6,1.854723699099141
1997,0.018510742187500002,28.203125,0.8971191406249999,0.708994140625,56.294000000000004,44.05161681482304,9.6,8.685620300243386
1998,0.0690283203125,29.234375,0.9046386718749999,0.7118652343749999,94.87,5.1271434542052745,15.2,1.469693845669907
1999,0.05351074218750001,29.234375,0.9046386718749999,0.7118652343749999,91.56599999999999,6.886600322365166,15.6,1.3564659966250536
2000,0.0690283203125,12.203125,0.9046386718749999,0.7118652343749999,53.576,40.260858212412714,13.4,7.445804187594515
2001,0.0690283203125,29.234375,0.547119140625,0.7118652343749999,94.87,5.1271434542052745,15.2,1.469693845669907
2002,0.0690283203125,29.234375,0.9046386718749999,0.6389941406249999,94.442,4.785671948640024,14.0,0.8944271909999159
2003,0.05351074218750001,12.203125,0.547119140625,0.6389941406249999,65.186,31.525897671596923,13.2,7.858753081755401
2004,0.05152832031250001,5.234375,0.379638671875,0.606865234375,78.86,19.426546785262687,14.0,0.8944271909999159
2005,0.0710107421875,5.234375,0.379638671875,0.606865234375,79.806,19.18076911909426,13.8,0.7483314773547882
2006,0.05152832031250001,4.203125,0.379638671875,0.606865234375,77.762,19.77905801599257,14.0,0.8944271909999159
2007,0.05152832031250001,5.234375,0.722119140625,0.606865234375,63.63399999999999,34.328031461183436,13.2,8.059776671843954
2008,0.05152832031250001,5.234375,0.379638671875,0.603994140625,78.22,19.87110364323029,13.6,0.8
2009,0.0710107421875,4.203125,0.722119140625,0.603994140625,61.8,35.0804281615832,12.2,7.025667228100119
2010,0.0165283203125,21.234375,0.729638671875,0.676865234375,67.00399999999999,38.99991056400002,13.2,7.222188034107115
2011,0.0360107421875,21.234375,0.729638671875,0.676865234375,92.32600000000001,6.450945977141648,15.8,1.6
2012,0.0165283203125,20.203125,0.729638671875,0.676865234375,67.00399999999999,38.99991056400002,13.2,7.222188034107115
2013,0.0165283203125,21.234375,0.37211914062499996,0.676865234375,67.00399999999999,38.99991056400002,13.2,7.222188034107115
2014,0.0165283203125,21.234375,0.729638671875,0.673994140625,67.994,38.419741592051345,13.2,7.222188034107115
2015,0.0360107421875,20.203125,0.37211914062499996,0.673994140625,92.998,5.944198516200479,15.8,1.6
2016,0.0187158203125,4.234375,0.620263671875,0.619990234375,64.828,31.26812779812696,12.4,6.829348431585549
2017,0.055698242187500004,4.234375,0.620263671875,0.619990234375,67.06800000000001,30.108066294599528,14.0,0.8944271909999159
2018,0.0187158203125,13.203125,0.620263671875,0.619990234375,64.62,31.362907390737867,14.2,8.304215796810679
2019,0.0187158203125,4.234375,0.48149414062499996,0.619990234375,71.42800000000001,25.110682507650008,15.4,1.4966629547095764
2020,0.0187158203125,4.234375,0.620263671875,0.599619140625,64.602,31.39949069650653,11.6,6.437390775772433
2021,0.055698242187500004,13.203125,0.48149414062499996,0.599619140625,74.114,21.431031333092676,13.4,1.0198039027185568
2022,0.05371582031250001,20.234375,0.970263671875,0.689990234375,95.56199999999998,3.954179560920319,15.2,1.16619037896906
2023,0.0206982421875,20.234375,0.970263671875,0.689990234375,68.104,38.80312080232723,13.0,7.155417527999327
2024,0.05371582031250001,29.203125,0.970263671875,0.689990234375,95.56199999999998,3.954179560920319,15.2,1.16619037896906
2025,0.05371582031250001,20.234375,0.831494140625,0.689990234375,95.56199999999998,3.954179560920319,15.2,1.16619037896906
2026,0.05371582031250001,20.234375,0.970263671875,0.6696191406249999,90.40599999999999,7.841616159950702,14.8,1.1661903789690602
2027,0.0206982421875,29.203125,0.831494140625,0.6696191406249999,80.25399999999999,28.710959301284237,16.4,1.854723699099141
2028,0.07121582031250001,12.234375,0.445263671875,0.584990234375,79.868,16.545874893761283,11.6,3.0066592756745814
2029,0.0381982421875,12.234375,0.445263671875,0.584990234375,76.606,19.445226252219335,13.2,1.32664991614216
2030,0.07121582031250001,21.203125,0.445263671875,0.584990234375,96.55799999999999,4.5330272445684665,11.6,3.0066592756745814
2031,0.07121582031250001,12.234375,0.30649414062499997,0.584990234375,85.042,12.333228936495098,11.6,3.0066592756745814
2032,0.07121582031250001,12.234375,0.445263671875,0.704619140625,70.136,26.52840183652231,15.2,1.469693845669907
2033,0.0381982421875,21.203125,0.30649414062499997,0.704619140625,86.66999999999999,16.032686612043534,15.8,1.6
2034,0.0362158203125,28.234375,0.7952636718749999,0.6549902343749999,92.172,6.638546226396258,15.0,1.4142135623730951
2035,0.0731982421875,28.234375,0.7952636718749999,0.6549902343749999,95.434,5.370279694764509,14.4,1.2
2036,0.0362158203125,5.203125,0.7952636718749999,0.6549902343749999,59.331999999999994,37.616689062170266,14.0,8.221921916437786
2037,0.0362158203125,28.234375,0.656494140625,0.6549902343749999,92.172,6.638546226396258,15.0,1.4142135623730951
2038,0.0362158203125,28.234375,0.7952636718749999,0.6346191406249999,94.208,5.913518073025568,14.4,1.0198039027185568
2039,0.0731982421875,5.203125,0.656494140625,0.6346191406249999,67.04400000000001,31.81105002982454,11.0,6.06630035524124
2040,0.04496582031250001,16.234375,0.882763671875,0.672490234375,66.288,27.569077895352248,15.0,1.4142135623730951
2041,0.0644482421875,16.234375,0.882763671875,0.672490234375,78.82000000000001,23.721740239704168,14.6,1.3564659966250536
2042,0.04496582031250001,17.203125,0.882763671875,0.672490234375,78.506,23.311389147796405,15.0,1.4142135623730951
2043,0.04496582031250001,16.234375,0.393994140625,0.672490234375,79.814,17.167620219471306,15.0,1.4142135623730951
2044,0.04496582031250001,16.234375,0.882763671875,0.687119140625,59.888,34.23130929427036,12.4,6.887670143089026
2045,0.0644482421875,17.203125,0.393994140625,0.687119140625,88.148,10.665667161504713,14.8,1.1661903789690602
2046,0.0799658203125,32.234375,0.532763671875,0.6024902343749999,95.178,5.618058027468212,12.2,3.1874754901018454
2047,0.0294482421875,32.234375,0.532763671875,0.6024902343749999,92.97,5.89150914452316,14.0,1.2649110640673518
2048,0.0799658203125,33.203125,0.532763671875,0.6024902343749999,95.178,5.618058027468212,12.2,3.1874754901018454
2049,0.0799658203125,32.234375,0.7439941406249999,0.6024902343749999,95.178,5.618058027468212,12.2,3.1874754901018454
2050,0.0799658203125,32.234375,0.532763671875,0.617119140625,97.694,2.730198527579999,12.8,2.481934729198171
2051,0.0294482421875,33.203125,0.7439941406249999,0.617119140625,91.92999999999999,7.163769957222245,14.4,1.0198039027185568
2052,0.06246582031250001,8.234375,0.707763671875,0.707490234375,60.758,34.25580850016534,14.0,8.049844718999243
2053,0.0119482421875,8.234375,0.707763671875,0.707490234375,40.519999999999996,48.57449536536638,7.6,10.762899237658967
2054,0.06246582031250001,25.203125,0.707763671875,0.707490234375,95.964,3.9661094286466687,15.4,1.2
2055,0.06246582031250001,8.234375,0.568994140625,0.707490234375,67.55,28.078426594095333,15.4,1.2
2056,0.06246582031250001,8.234375,0.707763671875,0.5821191406249999,61.648,34.201411900680355,11.0,7.6681158050723255
2057,0.0119482421875,25.203125,0.568994140625,0.5821191406249999,92.44399999999999,6.406651543513195,13.4,1.9595917942265424
2058,0.0274658203125,24.234375,0.35776367187499997,0.637490234375,92.228,6.514805906548559,15.0,1.4142135623730951
2059,0.0469482421875,24.234375,0.35776367187499997,0.637490234375,95.09,4.416568803947246,14.2,1.16619037896906
2060,0.0274658203125,9.203125,0.35776367187499997,0.637490234375,76.76599999999999,20.45336510210484,15.2,1.16619037896906
2061,0.0274658203125,24.234375,0.918994140625,0.637490234375,92.228,6.514805906548559,15.0,1.4142135623730951
2062,0.0274658203125,24.234375,0.35776367187499997,0.652119140625,92.494,6.4639665840720415,15.4,1.4966629547095764
2063,0.0469482421875,9.203125,0.918994140625,0.652119140625,35.646,36.95400470855628,9.0,8.221921916437786
2064,0.023090820312500003,14.234375,0.664013671875,0.611240234375,66.056,30.958018412036648,11.6,6.437390775772433
2065,0.025073242187500004,14.234375,0.664013671875,0.611240234375,65.602,31.100244629262967,11.6,6.437390775772433
2066,0.023090820312500003,7.203125,0.664013671875,0.611240234375,63.988,33.79010174592554,13.6,8.187795796183488
2067,0.023090820312500003,14.234375,0.437744140625,0.611240234375,75.126,22.50494665623538,14.6,1.3564659966250536
2068,0.023090820312500003,14.234375,0.664013671875,0.6958691406249999,48.61,43.29488376240315,9.6,8.754427451295717
2069,0.025073242187500004,7.203125,0.437744140625,0.6958691406249999,59.25599999999999,35.48976449626005,13.0,7.155417527999327
2070,0.058090820312500006,30.234375,0.314013671875,0.6812402343749999,91.61800000000001,6.895048658276458,14.8,1.1661903789690602
2071,0.06007324218750001,30.234375,0.314013671875,0.6812402343749999,90.71000000000001,7.6624382542373555,14.8,1.1661903789690602
2072,0.058090820312500006,23.203125,0.314013671875,0.6812402343749999,91.61800000000001,6.895048658276458,14.8,1.1661903789690602
2073,0.058090820312500006,30.234375,0.787744140625,0.6812402343749999,91.61800000000001,6.895048658276458,14.8,1.1661903789690602
2074,0.058090820312500006,30.234375,0.314013671875,0.625869140625,94.874,5.806153976601032,14.0,0.8944271909999159
2075,0.06007324218750001,23.203125,0.787744140625,0.625869140625,95.652,5.557248959692194,14.0,0.8944271909999159
2076,0.0755908203125,6.234375,0.8390136718749999,0.646240234375,54.938,39.49301224267402,12.6,7.172168430816443
2077,0.0775732421875,6.234375,0.8390136718749999,0.646240234375,55.05999999999999,39.40461851103243,12.6,7.172168430816443
2078,0.0755908203125,31.203125,0.8390136718749999,0.646240234375,94.842,4.3461541620149635,14.0,0.8944271909999159
2079,0.0755908203125,6.234375,0.612744140625,0.646240234375,63.69000000000001,32.72206533823927,12.4,7.08801805866774
2080,0.0755908203125,6.234375,0.8390136718749999,0.590869140625,55.36,39.315586730964604,10.8,7.413501197140255
2081,0.0775732421875,31.203125,0.612744140625,0.590869140625,95.40599999999999,4.579360654065152,10.4,3.4985711369071804
2082,0.040590820312500005,22.234375,0.489013671875,0.716240234375,84.2,18.203220594169593,16.4,1.624807680927192
2083,0.042573242187500006,22.234375,0.489013671875,0.716240234375,86.97200000000001,14.37886421105645,15.8,1.6
2084,0.040590820312500005,15.203125,0.489013671875,0.716240234375,64.532,31.217777883763603,16.6,1.854723699099141
2085,0.040590820312500005,22.234375,0.9627441406249999,0.716240234375,84.2,18.203220594169593,16.4,1.624807680927192
2086,0.040590820312500005,22.234375,0.489013671875,0.660869140625,93.41600000000001,5.505613862231896,15.0,1.4142135623730951
2087,0.042573242187500006,15.203125,0.9627441406249999,0.660869140625,53.977999999999994,39.73277156202421,12.0,6.723094525588644
2088,0.031840820312500004,10.234375,0.401513671875,0.698740234375,68.53,27.88612845125691,16.6,1.854723699099141
2089,0.033823242187500005,10.234375,0.401513671875,0.698740234375,68.548,27.549509904896674,16.6,1.854723699099141
2090,0.031840820312500004,11.203125,0.401513671875,0.698740234375,68.38199999999999,27.9122685570342,16.6,1.854723699099141
2091,0.031840820312500004,10.234375,0.5252441406249999,0.698740234375,63.91200000000001,31.45262558197646,16.6,1.854723699099141
2092,0.031840820312500004,10.234375,0.401513671875,0.6083691406249999,75.55,20.959251895046258,14.4,1.0198039027185568
2093,0.033823242187500005,11.203125,0.5252441406249999,0.6083691406249999,69.36800000000001,25.597951793063444,14.4,1.0198039027185568
2094,0.06684082031250001,26.234375,0.751513671875,0.6287402343749999,95.18,6.118460590704168,14.0,0.8944271909999159
2095,0.06882324218750001,26.234375,0.751513671875,0.6287402343749999,95.458,5.5857189331365396,14.0,0.8944271909999159
2096,0.06684082031250001,27.203125,0.751513671875,0.6287402343749999,95.18,6.118460590704168,14.0,0.8944271909999159
2097,0.06684082031250001,26.234375,0.875244140625,0.6287402343749999,95.18,6.118460590704168,14.0,0.8944271909999159
2098,0.06684082031250001,26.234375,0.751513671875,0.678369140625,94.43599999999999,5.259249376099217,14.8,1.1661903789690602
2099,0.06882324218750001,27.203125,0.875244140625,0.678369140625,95.41,4.388020054648792,14.6,1.3564659966250536
2100,0.049340820312500006,18.234375,0.5765136718749999,0.663740234375,89.048,9.305089790002027,14.8,1.1661903789690602
2101,0.05132324218750001,18.234375,0.5765136718749999,0.663740234375,90.18,8.069223010922427,14.8,1.1661903789690602
2102,0.049340820312500006,35.203125,0.5765136718749999,0.663740234375,90.81,7.511479215174597,14.8,1.1661903789690602
2103,0.049340820312500006,18.234375,0.350244140625,0.663740234375,89.628,8.60305852589647,14.8,1.1661903789690602
2104,0.049340820312500006,18.234375,0.5765136718749999,0.713369140625,85.02000000000001,15.097479259796982,15.8,1.6
2105,0.05132324218750001,35.203125,0.350244140625,0.713369140625,92.628,6.025072281724095,15.6,1.3564659966250536
2106,0.0143408203125,34.234375,0.926513671875,0.593740234375,93.154,5.697141739504119,14.0,1.4142135623730951
2107,0.0163232421875,34.234375,0.926513671875,0.593740234375,92.146,6.586059823597109,14.0,1.4142135623730951
2108,0.0143408203125,19.203125,0.926513671875,0.593740234375,93.154,5.697141739504119,14.0,1.4142135623730951
2109,0.0143408203125,34.234375,0.700244140625,0.593740234375,93.154,5.697141739504119,14.0,1.4142135623730951
2110,0.0143408203125,34.234375,0.926513671875,0.643369140625,78.914,28.696701970784027,16.0,1.7888543819998317
2111,0.0163232421875,19.203125,0.700244140625,0.643369140625,78.19200000000001,27.958242720171096,16.0,1.7888543819998317
2112,0.013247070312500001,11.734375,0.806201171875,0.639677734375,31.29,37.018500239744995,6.0,8.62554346113913
2113,0.06554199218750001,11.734375,0.806201171875,0.639677734375,56.948,36.861039269125335,12.6,7.172168430816443
2114,0.013247070312500001,15.703125,0.806201171875,0.639677734375,51.275999999999996,42.650998862863695,11.2,10.684568311354464
2115,0.013247070312500001,11.734375,0.317431640625,0.639677734375,67.78200000000001,31.35666844548381,12.2,6.675327707311454
2116,0.013247070312500001,11.734375,0.806201171875,0.628056640625,33.07600000000001,36.12498116262485,5.6,8.138795979750322
2117,0.06554199218750001,15.703125,0.317431640625,0.628056640625,87.876,10.869448192065686,14.0,0.8944271909999159
2118,0.04824707031250001,27.734375,0.456201171875,0.709677734375,93.44,5.363800891159181,15.8,1.6
2119,0.030541992187500006,27.734375,0.456201171875,0.709677734375,76.826,28.851909191594235,16.6,1.854723699099141
2120,0.04824707031250001,31.703125,0.456201171875,0.709677734375,93.44,5.363800891159181,15.8,1.6
2121,0.04824707031250001,27.734375,0.667431640625,0.709677734375,93.44,5.363800891159181,15.8,1.6
2122,0.04824707031250001,27.734375,0.456201171875,0.698056640625,91.03,7.333588480409845,15.6,1.3564659966250536
2123,0.030541992187500006,31.703125,0.667431640625,0.698056640625,83.03200000000001,21.75342492574445,16.6,1.854723699099141
2124,0.0657470703125,19.734375,0.981201171875,0.6046777343749999,95.466,3.75301265652009,13.6,0.8
2125,0.0130419921875,19.734375,0.981201171875,0.6046777343749999,88.874,11.976022044067891,14.4,1.4966629547095764
2126,0.0657470703125,23.703125,0.981201171875,0.6046777343749999,95.466,3.75301265652009,13.6,0.8
2127,0.0657470703125,19.734375,0.492431640625,0.6046777343749999,95.466,3.75301265652009,13.6,0.8
2128,0.0657470703125,19.734375,0.981201171875,0.663056640625,95.94800000000001,5.196073132664706,14.4,1.2
2129,0.0130419921875,23.703125,0.492431640625,0.663056640625,66.89,38.68309501578177,13.2,7.222188034107115
2130,0.0307470703125,35.734375,0.6312011718749999,0.674677734375,88.16400000000002,12.735312481443083,15.8,1.6
2131,0.04804199218750001,35.734375,0.6312011718749999,0.674677734375,94.09200000000001,4.829009836395036,15.0,1.4142135623730951
2132,0.0307470703125,7.703125,0.6312011718749999,0.674677734375,62.21600000000001,33.86847182853103,14.4,8.357032966310472
2133,0.0307470703125,35.734375,0.8424316406249999,0.674677734375,88.16400000000002,12.735312481443083,15.8,1.6
2134,0.0307470703125,35.734375,0.6312011718749999,0.593056640625,95.03,4.268029990522559,13.4,1.0198039027185568
2135,0.04804199218750001,7.703125,0.8424316406249999,0.593056640625,37.624,36.89103446638492,8.0,7.37563556583431
2136,0.0394970703125,15.734375,0.36870117187499996,0.6571777343749999,75.764,21.9789741343858,15.0,1.4142135623730951
2137,0.05679199218750001,15.734375,0.36870117187499996,0.6571777343749999,78.576,19.108659398293746,14.4,1.2
2138,0.0394970703125,19.703125,0.36870117187499996,0.6571777343749999,92.49000000000001,6.3425357704943215,15.0,1.4142135623730951
2139,0.0394970703125,15.734375,0.5799316406249999,0.6571777343749999,66.29,31.1017645801649,11.8,6.554387843269576
2140,0.0394970703125,15.734375,0.36870117187499996,0.680556640625,75.47,21.719265180940166,15.8,1.6
2141,0.05679199218750001,19.703125,0.5799316406249999,0.680556640625,91.978,6.631344961619777,14.8,1.1661903789690602
2142,0.0744970703125,31.734375,0.718701171875,0.587177734375,97.13199999999999,3.6479440785187487,10.6,3.3823069050575527
2143,0.0217919921875,31.734375,0.718701171875,0.587177734375,93.682,5.641565031088448,13.2,1.32664991614216
2144,0.0744970703125,35.703125,0.718701171875,0.587177734375,97.13199999999999,3.6479440785187487,10.6,3.3823069050575527
2145,0.0744970703125,31.734375,0.929931640625,0.587177734375,97.13199999999999,3.6479440785187487,10.6,3.3823069050575527
2146,0.0744970703125,31.734375,0.718701171875,0.6105566406249999,97.4,2.76785115206725,12.8,2.481934729198171
2147,0.0217919921875,35.703125,0.929931640625,0.6105566406249999,93.024,6.253848734979125,14.4,1.0198039027185568
2148,0.05699707031250001,7.734375,0.543701171875,0.692177734375,69.89200000000001,27.949757351361743,15.4,1.2
2149,0.039291992187500006,7.734375,0.543701171875,0.692177734375,67.822,29.156072026252097,16.2,1.469693845669907
2150,0.05699707031250001,27.703125,0.543701171875,0.692177734375,94.95599999999999,4.4658643060442405,15.0,1.4142135623730951
2151,0.05699707031250001,7.734375,0.404931640625,0.692177734375,76.206,21.614962965501466,15.4,1.2
2152,0.05699707031250001,7.734375,0.543701171875,0.645556640625,69.3,28.058136074942684,14.6,1.0198039027185568
2153,0.039291992187500006,27.703125,0.404931640625,0.645556640625,93.386,6.972553621163483,14.8,1.1661903789690602
2154,0.021997070312500002,23.734375,0.8937011718749999,0.622177734375,92.63000000000001,6.597569249352369,14.8,1.469693845669907
2155,0.0742919921875,23.734375,0.8937011718749999,0.622177734375,96.446,5.669954497171911,14.0,0.8944271909999159
2156,0.021997070312500002,11.703125,0.8937011718749999,0.622177734375,32.552,36.5652268692538,9.2,8.423775875461075
2157,0.021997070312500002,23.734375,0.754931640625,0.622177734375,92.63000000000001,6.597569249352369,14.8,1.469693845669907
2158,0.021997070312500002,23.734375,0.8937011718749999,0.715556640625,60.212,43.09770035628351,9.4,8.5463442476886
2159,0.0742919921875,11.703125,0.754931640625,0.715556640625,59.048,34.86771652976432,13.2,7.35934779718964
2160,0.026372070312500002,17.734375,0.499951171875,0.595927734375,91.48,9.075384289384115,13.6,1.3564659966250536
2161,0.0349169921875,17.734375,0.499951171875,0.595927734375,94.726,4.746622378070534,13.4,1.0198039027185568
2162,0.026372070312500002,5.703125,0.499951171875,0.595927734375,72.256,25.83903450208618,14.2,1.16619037896906
2163,0.026372070312500002,17.734375,0.623681640625,0.595927734375,91.158,9.637180915599748,13.6,1.3564659966250536
2164,0.026372070312500002,17.734375,0.499951171875,0.671806640625,70.348,26.631718983197462,16.4,1.854723699099141
2165,0.0349169921875,5.703125,0.623681640625,0.671806640625,66.644,30.59862650512274,12.4,6.887670143089026
2166,0.061372070312500006,33.734375,0.8499511718749999,0.665927734375,97.012,3.6850476252010624,14.4,1.2
2167,0.0699169921875,33.734375,0.8499511718749999,0.665927734375,95.636,5.624206966319783,14.4,1.2
2168,0.061372070312500006,21.703125,0.8499511718749999,0.665927734375,97.012,3.6850476252010624,14.4,1.2
2169,0.061372070312500006,33.734375,0.973681640625,0.665927734375,97.012,3.6850476252010624,14.4,1.2
2170,0.061372070312500006,33.734375,0.8499511718749999,0.601806640625,94.254,4.705114663852517,13.6,0.8
2171,0.0699169921875,21.703125,0.973681640625,0.601806640625,95.548,5.48352222572317,12.4,2.8
2172,0.0788720703125,9.734375,0.324951171875,0.6309277343749999,80.714,18.093936663976695,14.0,0.8944271909999159
2173,0.052416992187500004,9.734375,0.324951171875,0.6309277343749999,77.84200000000001,19.075414962720995,14.2,1.16619037896906
2174,0.0788720703125,29.703125,0.324951171875,0.6309277343749999,95.334,5.38011003604945,14.0,0.8944271909999159
2175,0.0788720703125,9.734375,0.448681640625,0.6309277343749999,75.204,23.300597932241995,14.0,0.8944271909999159
2176,0.0788720703125,9.734375,0.324951171875,0.6368066406249999,80.628,18.96903097155993,14.0,0.8944271909999159
2177,0.052416992187500004,29.703125,0.448681640625,0.6368066406249999,93.058,6.258269409349518,14.2,1.16619037896906
2178,0.043872070312500004,25.734375,0.674951171875,0.700927734375,92.72999999999999,5.9498168039024515,15.8,1.6
2179,0.0174169921875,25.734375,0.674951171875,0.700927734375,59.672000000000004,44.33202156455308,9.4,8.5463442476886
2180,0.043872070312500004,13.703125,0.674951171875,0.700927734375,61.98199999999999,33.84663433784813,14.4,8.357032966310472
2181,0.043872070312500004,25.734375,0.7986816406249999,0.700927734375,92.72999999999999,5.9498168039024515,15.8,1.6
2182,0.043872070312500004,25.734375,0.674951171875,0.706806640625,91.65400000000001,8.162694653115478,15.8,1.6
2183,0.0174169921875,13.703125,0.7986816406249999,0.706806640625,20.424,39.796470999323546,2.4,6.8
2184,0.0351220703125,5.734375,0.937451171875,0.718427734375,30.49,37.338567728288666,6.2,8.908422980528035
2185,0.0261669921875,5.734375,0.937451171875,0.718427734375,23.294,38.87983724245769,2.2,6.400000000000001
2186,0.0351220703125,9.703125,0.937451171875,0.718427734375,30.502000000000002,37.83983107784705,6.2,8.908422980528035
2187,0.0351220703125,5.734375,0.36118164062499997,0.718427734375,67.444,29.010642598880843,16.8,1.6
2188,0.0351220703125,5.734375,0.937451171875,0.619306640625,36.96,36.7851470025607,8.4,7.735631842325487
2189,0.0261669921875,9.703125,0.36118164062499997,0.619306640625,77.186,20.352803836326828,14.6,1.3564659966250536
2190,0.0701220703125,21.734375,0.587451171875,0.648427734375,94.91999999999999,5.693649093507607,14.0,0.8944271909999159
2191,0.061166992187500005,21.734375,0.587451171875,0.648427734375,93.682,6.367776377983135,14.2,1.16619037896906
2192,0.0701220703125,25.703125,0.587451171875,0.648427734375,94.91999999999999,5.693649093507607,14.0,0.8944271909999159
2193,0.0701220703125,21.734375,0.711181640625,0.648427734375,94.91999999999999,5.693649093507607,14.0,0.8944271909999159
2194,0.0701220703125,21.734375,0.587451171875,0.6893066406249999,92.878,6.234498857165667,14.8,1.1661903789690602
2195,0.061166992187500005,25.703125,0.711181640625,0.6893066406249999,92.638,6.277226776212566,14.8,1.1661903789690602
2196,0.052622070312500005,13.734375,0.762451171875,0.6834277343749999,53.79600000000001,33.23860923684985,14.2,8.471127433818948
2197,0.0786669921875,13.734375,0.762451171875,0.6834277343749999,58.846000000000004,36.981619001877135,12.6,7.059745037889116
2198,0.052622070312500005,33.703125,0.762451171875,0.6834277343749999,94.578,4.587759365965045,15.0,1.4142135623730951
2199,0.052622070312500005,13.734375,0.536181640625,0.6834277343749999,69.154,27.342894945488126,15.4,1.2
2200,0.052622070312500005,13.734375,0.762451171875,0.654306640625,58.928,37.19564996071449,13.6,8.16333265278342
2201,0.0786669921875,33.703125,0.536181640625,0.654306640625,94.716,5.861810641772728,14.0,0.8944271909999159
2202,0.0176220703125,29.734375,0.41245117187499997,0.613427734375,91.672,6.81270107960125,14.6,1.3564659966250536
2203,0.0436669921875,29.734375,0.41245117187499997,0.613427734375,97.04999999999998,3.0319036924018525,14.0,0.8944271909999159
2204,0.0176220703125,17.703125,0.41245117187499997,0.613427734375,86.066,13.13814842357933,14.6,1.3564659966250536
2205,0.0176220703125,29.734375,0.886181640625,0.613427734375,91.672,6.81270107960125,14.6,1.3564659966250536
2206,0.0176220703125,29.734375,0.41245117187499997,0.5843066406249999,93.516,5.426898193259201,13.4,1.624807680927192
2207,0.0436669921875,17.703125,0.886181640625,0.5843066406249999,93.086,6.293328531071616,13.2,1.32664991614216
2208,0.0154345703125,12.734375,0.828076171875,0.687802734375,21.34,39.415509637704794,2.4,6.8
2209,0.045854492187500005,12.734375,0.828076171875,0.687802734375,34.786,36.92107235712419,9.4,8.593020423576334
2210,0.0154345703125,24.703125,0.828076171875,0.687802734375,61.70399999999999,42.98553738177528,9.4,8.5463442476886
2211,0.0154345703125,12.734375,0.6893066406249999,0.687802734375,21.778,39.262260963933294,2.4,6.8
2212,0.0154345703125,12.734375,0.828076171875,0.658681640625,25.604000000000003,38.256891980400084,6.2,8.908422980528035
2213,0.045854492187500005,24.703125,0.6893066406249999,0.658681640625,90.90599999999999,7.432931050399972,14.8,1.1661903789690602
2214,0.0504345703125,28.734375,0.47807617187499996,0.617802734375,97.86800000000001,2.504063896948319,14.0,0.8944271909999159
2215,0.0108544921875,28.734375,0.47807617187499996,0.617802734375,84.276,21.371394526328878,15.6,1.8547236990991407
2216,0.0504345703125,8.703125,0.47807617187499996,0.617802734375,73.394,23.373089312283902,14.0,0.8944271909999159
2217,0.0504345703125,28.734375,0.339306640625,0.617802734375,97.86800000000001,2.504063896948319,14.0,0.8944271909999159
2218,0.0504345703125,28.734375,0.47807617187499996,0.588681640625,93.444,7.2213284096487405,13.2,1.32664991614216
2219,0.0108544921875,8.703125,0.339306640625,0.588681640625,75.83200000000001,20.491652349188435,14.0,2.0
2220,0.0679345703125,4.734375,0.653076171875,0.652802734375,63.67,32.309785514608414,11.4,6.280127387243033
2221,0.028354492187500004,4.734375,0.653076171875,0.652802734375,63.174,32.690558637013226,12.6,6.945502141674135
2222,0.0679345703125,16.703125,0.653076171875,0.652802734375,85.858,16.48424387104243,14.4,1.2
2223,0.0679345703125,4.734375,0.864306640625,0.652802734375,55.73199999999999,38.89441985683807,13.2,7.858753081755401
2224,0.0679345703125,4.734375,0.653076171875,0.623681640625,65.002,31.808640587110922,11.0,6.06630035524124
2225,0.028354492187500004,16.703125,0.864306640625,0.623681640625,78.12,23.65375572715673,14.6,1.3564659966250536
2226,0.0329345703125,20.734375,0.30307617187499997,0.582802734375,91.834,6.728392378570084,13.2,1.32664991614216
2227,0.0633544921875,20.734375,0.30307617187499997,0.582802734375,96.458,4.936486199717365,11.6,3.0066592756745814
2228,0.0329345703125,32.703125,0.30307617187499997,0.582802734375,91.834,6.728392378570084,13.2,1.32664991614216
2229,0.0329345703125,20.734375,0.514306640625,0.582802734375,91.834,6.728392378570084,13.2,1.32664991614216
2230,0.0329345703125,20.734375,0.30307617187499997,0.6936816406249999,84.502,20.309159903846343,16.0,1.4142135623730951
2231,0.0633544921875,32.703125,0.514306640625,0.6936816406249999,92.84400000000001,6.206182723703839,14.8,1.1661903789690602
2232,0.0416845703125,8.734375,0.565576171875,0.6003027343749999,67.628,28.419591411559736,14.0,0.8944271909999159
2233,0.07210449218750001,8.734375,0.565576171875,0.6003027343749999,67.64200000000001,28.419883462111518,12.6,2.870540018881465
2234,0.0416845703125,20.703125,0.565576171875,0.6003027343749999,94.726,4.701138585491818,13.4,1.0198039027185568
2235,0.0416845703125,8.734375,0.9518066406249999,0.6003027343749999,32.066,36.594600476026514,8.4,7.735631842325487
2236,0.0416845703125,8.734375,0.565576171875,0.6411816406249999,67.60999999999999,28.0787635055392,14.8,1.1661903789690602
2237,0.07210449218750001,20.703125,0.9518066406249999,0.6411816406249999,94.772,4.412089754300109,14.0,0.8944271909999159
2238,0.0766845703125,24.734375,0.915576171875,0.670302734375,95.042,6.492772597280767,14.4,1.2
2239,0.037104492187500004,24.734375,0.915576171875,0.670302734375,93.19,6.66259408939191,15.2,1.16619037896906
2240,0.0766845703125,4.703125,0.915576171875,0.670302734375,54.462,39.46203968372644,13.0,7.4565407529228995
2241,0.0766845703125,24.734375,0.601806640625,0.670302734375,95.042,6.492772597280767,14.4,1.2
2242,0.0766845703125,24.734375,0.915576171875,0.711181640625,92.91799999999999,6.455835809560216,14.8,1.1661903789690602
2243,0.037104492187500004,4.703125,0.601806640625,0.711181640625,59.98599999999999,34.58100785113123,13.0,7.238784428341543
2244,0.059184570312500004,16.734375,0.390576171875,0.635302734375,89.372,9.365031553604075,14.0,0.8944271909999159
2245,0.019604492187500003,16.734375,0.390576171875,0.635302734375,78.216,19.007058267917213,15.4,1.4966629547095764
2246,0.059184570312500004,12.703125,0.390576171875,0.635302734375,73.872,24.392194981181994,14.4,1.0198039027185568
2247,0.059184570312500004,16.734375,0.7768066406249999,0.635302734375,85.864,14.767020823443028,14.0,0.8944271909999159
2248,0.059184570312500004,16.734375,0.390576171875,0.676181640625,82.00999999999999,14.998498591525754,14.8,1.1661903789690602
2249,0.019604492187500003,12.703125,0.7768066406249999,0.676181640625,26.092000000000002,38.11870218147517,6.2,8.908422980528035
2250,0.0241845703125,32.734375,0.7405761718749999,0.705302734375,66.022,38.5302262645835,13.0,7.155417527999327
2251,0.054604492187500006,32.734375,0.7405761718749999,0.705302734375,90.838,7.5861674118094715,15.4,1.2
2252,0.0241845703125,28.703125,0.7405761718749999,0.705302734375,66.04400000000001,38.54077767767537,13.0,7.155417527999327
2253,0.0241845703125,32.734375,0.42680664062499996,0.705302734375,66.022,38.5302262645835,13.0,7.155417527999327
2254,0.0241845703125,32.734375,0.7405761718749999,0.606181640625,92.83000000000001,6.388195363324449,14.2,1.16619037896906
2255,0.054604492187500006,28.703125,0.42680664062499996,0.606181640625,94.812,4.8498717508816656,13.6,0.8
2256,0.019809570312500004,6.734375,0.434326171875,0.6790527343749999,56.28799999999999,37.84286532491957,13.2,7.222188034107115
2257,0.0152294921875,6.734375,0.434326171875,0.6790527343749999,51.279999999999994,41.30940861353501,13.4,7.337574531137657
2258,0.019809570312500004,34.703125,0.434326171875,0.6790527343749999,71.48400000000001,35.109516430734274,12.8,6.997142273814361
2259,0.019809570312500004,6.734375,0.995556640625,0.6790527343749999,23.198,38.73609809983447,2.2,6.400000000000001
2260,0.019809570312500004,6.734375,0.434326171875,0.649931640625,64.27000000000001,30.24761676562304,16.2,1.7204650534085253
2261,0.0152294921875,34.703125,0.995556640625,0.649931640625,79.072,30.32934051376654,12.4,6.829348431585549
2262,0.05480957031250001,22.734375,0.784326171875,0.609052734375,95.978,4.120555302383403,13.6,0.8
2263,0.05022949218750001,22.734375,0.784326171875,0.609052734375,96.43800000000002,3.572609130593493,13.8,0.9797958971132713
2264,0.05480957031250001,18.703125,0.784326171875,0.609052734375,95.978,4.120555302383403,13.6,0.8
2265,0.05480957031250001,22.734375,0.645556640625,0.609052734375,95.978,4.120555302383403,13.6,0.8
2266,0.05480957031250001,22.734375,0.784326171875,0.719931640625,92.58,6.067302530779226,15.6,1.3564659966250536
2267,0.05022949218750001,18.703125,0.645556640625,0.719931640625,83.262,18.536991557423768,15.8,1.6
2268,0.0723095703125,14.734375,0.609326171875,0.7140527343749999,66.07000000000001,31.69706043152898,11.8,6.554387843269576
2269,0.0677294921875,14.734375,0.609326171875,0.7140527343749999,66.806,31.52440933625878,11.8,6.554387843269576
2270,0.0723095703125,10.703125,0.609326171875,0.7140527343749999,66.442,29.847420257033946,16.6,1.9595917942265426
2271,0.0723095703125,14.734375,0.820556640625,0.7140527343749999,58.634,37.846984344858974,13.0,7.3484692283495345
2272,0.0723095703125,14.734375,0.609326171875,0.684931640625,67.24600000000001,31.98354114228129,11.4,6.343500610861483
2273,0.0677294921875,10.703125,0.820556640625,0.684931640625,57.864,38.084027938231536,13.2,7.467261881037788
2274,0.037309570312500005,30.734375,0.9593261718749999,0.644052734375,93.67399999999999,6.453611701985176,15.0,1.4142135623730951
2275,0.0327294921875,30.734375,0.9593261718749999,0.644052734375,92.412,6.2349126697973904,15.0,1.4142135623730951
2276,0.037309570312500005,26.703125,0.9593261718749999,0.644052734375,93.67399999999999,6.453611701985176,15.0,1.4142135623730951
2277,0.037309570312500005,30.734375,0.47055664062499997,0.644052734375,93.67399999999999,6.453611701985176,15.0,1.4142135623730951
2278,0.037309570312500005,30.734375,0.9593261718749999,0.6149316406249999,92.532,6.5174792673241395,14.2,1.16619037896906
2279,0.0327294921875,26.703125,0.47055664062499997,0.6149316406249999,92.672,6.166961650602345,14.2,1.16619037896906
2280,0.028559570312500004,18.734375,0.696826171875,0.6265527343749999,89.152,11.956938404123356,14.6,1.3564659966250536
2281,0.04147949218750001,18.734375,0.696826171875,0.6265527343749999,92.822,5.872026566697396,14.2,1.16619037896906
2282,0.028559570312500004,30.703125,0.696826171875,0.6265527343749999,93.244,6.183004447677522,14.6,1.3564659966250536
2283,0.028559570312500004,18.734375,0.733056640625,0.6265527343749999,89.04599999999999,12.143372842830775,14.6,1.3564659966250536
2284,0.028559570312500004,18.734375,0.696826171875,0.6674316406249999,78.37,23.971115117991488,16.0,1.8973665961010275
2285,0.04147949218750001,30.703125,0.733056640625,0.6674316406249999,93.85,5.3525582668477325,15.0,1.4142135623730951
2286,0.06355957031250001,34.734375,0.346826171875,0.696552734375,93.494,5.816430520516859,15.0,1.4142135623730951
2287,0.0764794921875,34.734375,0.346826171875,0.696552734375,93.158,5.879327852739633,14.8,1.1661903789690602
2288,0.06355957031250001,14.703125,0.346826171875,0.696552734375,77.646,19.818937004794176,15.2,1.469693845669907
2289,0.06355957031250001,34.734375,0.383056640625,0.696552734375,93.494,5.816430520516859,15.0,1.4142135623730951
2290,0.06355957031250001,34.734375,0.346826171875,0.597431640625,94.312,6.970068579289589,12.4,2.4166091947189146
2291,0.0764794921875,14.703125,0.383056640625,0.597431640625,83.944,13.65238968093132,12.0,3.1622776601683795
2292,0.046059570312500006,10.734375,0.871826171875,0.591552734375,36.028,36.663873445123066,8.0,7.37563556583431
2293,0.05897949218750001,10.734375,0.871826171875,0.591552734375,57.181999999999995,38.40376148243815,11.6,7.709734106958553
2294,0.046059570312500006,6.703125,0.871826171875,0.591552734375,33.022000000000006,36.693411070654086,8.2,7.547184905645283
2295,0.046059570312500006,10.734375,0.9080566406249999,0.591552734375,35.232,36.588814902918074,8.0,7.37563556583431
2296,0.046059570312500006,10.734375,0.871826171875,0.632431640625,36.474000000000004,36.71690705928265,8.4,7.735631842325487
2297,0.05897949218750001,6.703125,0.9080566406249999,0.632431640625,53.056,40.492402546650645,13.4,8.114185110040317
2298,0.011059570312500001,26.734375,0.5218261718749999,0.661552734375,65.968,39.53393600440007,13.4,7.310266752998826
2299,0.0239794921875,26.734375,0.5218261718749999,0.661552734375,83.02000000000001,19.780943354653235,16.0,1.4142135623730951
2300,0.011059570312500001,22.703125,0.5218261718749999,0.661552734375,65.968,39.53393600440007,13.4,7.310266752998826
2301,0.011059570312500001,26.734375,0.558056640625,0.661552734375,65.968,39.53393600440007,13.4,7.310266752998826
2302,0.011059570312500001,26.734375,0.5218261718749999,0.702431640625,45.706,45.53848640435912,10.4,9.32952303175248
2303,0.0239794921875,22.703125,0.558056640625,0.702431640625,66.50399999999999,38.19934062258143,13.0,7.155417527999327
2304,0.0107861328125,13.359375,0.705029296875,0.5833496093749999,75.792,24.621869465984908,16.0,4.47213595499958
2305,0.057612304687500004,13.359375,0.705029296875,0.5833496093749999,78.036,21.91942754726957,13.4,4.317406628984581
2306,0.0107861328125,17.828125,0.705029296875,0.5833496093749999,86.748,13.72311538973567,13.6,1.624807680927192
2307,0.0107861328125,13.359375,0.817822265625,0.5833496093749999,53.434000000000005,35.934125062397165,11.0,6.324555320336759
2308,0.0107861328125,13.359375,0.705029296875,0.712822265625,40.198,48.82946667740699,7.6,10.762899237658967
2309,0.057612304687500004,17.828125,0.817822265625,0.712822265625,74.116,25.440579081459603,15.6,1.3564659966250536
2310,0.045786132812500005,29.359375,0.35502929687499996,0.653349609375,93.172,6.899940289596717,14.8,1.1661903789690602
2311,0.0226123046875,29.359375,0.35502929687499996,0.653349609375,86.006,17.580322636402325,15.8,1.469693845669907
2312,0.045786132812500005,33.828125,0.35502929687499996,0.653349609375,93.172,6.899940289596717,14.8,1.1661903789690602
2313,0.045786132812500005,29.359375,0.46782226562499996,0.653349609375,93.172,6.899940289596717,14.8,1.1661903789690602
2314,0.045786132812500005,29.359375,0.35502929687499996,0.642822265625,96.30199999999999,3.6304842652186227,14.6,1.0198039027185568
2315,0.0226123046875,33.828125,0.46782226562499996,0.642822265625,89.292,10.246922269637846,15.4,1.4966629547095764
2316,0.0632861328125,5.359375,0.8800292968749999,0.6183496093749999,59.06,37.721802714080354,13.0,7.797435475847171
2317,0.0401123046875,5.359375,0.8800292968749999,0.6183496093749999,57.455999999999996,38.21771400803559,13.6,8.380930735902785
2318,0.0632861328125,25.828125,0.8800292968749999,0.6183496093749999,97.338,4.200573294206399,14.0,0.8944271909999159
2319,0.0632861328125,5.359375,0.9928222656249999,0.6183496093749999,56.64200000000001,38.55345193364662,13.0,7.797435475847171
2320,0.0632861328125,5.359375,0.8800292968749999,0.607822265625,58.08,38.03828019245876,13.0,7.797435475847171
2321,0.0401123046875,25.828125,0.9928222656249999,0.607822265625,96.81800000000001,3.0400289472306015,13.8,0.9797958971132713
2322,0.028286132812500003,21.359375,0.530029296875,0.688349609375,83.488,20.7766690304293,16.4,1.854723699099141
2323,0.0751123046875,21.359375,0.530029296875,0.688349609375,94.272,6.081195277246079,14.6,1.3564659966250536
2324,0.028286132812500003,9.828125,0.530029296875,0.688349609375,63.912,32.333379903746525,16.6,1.854723699099141
2325,0.028286132812500003,21.359375,0.642822265625,0.688349609375,83.488,20.7766690304293,16.4,1.854723699099141
2326,0.028286132812500003,21.359375,0.530029296875,0.6778222656249999,83.71799999999999,20.466153913229522,16.0,1.4142135623730951
2327,0.0751123046875,9.828125,0.642822265625,0.6778222656249999,66.144,30.90434183088195,12.8,7.249827584156743
2328,0.037036132812500004,9.359375,0.442529296875,0.705849609375,67.83,28.641448287403346,16.6,1.854723699099141
2329,0.0663623046875,9.359375,0.442529296875,0.705849609375,74.464,22.610670578291128,15.4,1.2
2330,0.037036132812500004,13.828125,0.442529296875,0.705849609375,66.486,28.806369851128412,16.6,1.854723699099141
2331,0.037036132812500004,9.359375,0.905322265625,0.705849609375,32.846,37.59949446468662,5.8,8.423775875461075
2332,0.037036132812500004,9.359375,0.442529296875,0.590322265625,73.884,23.574342493482185,13.4,1.0198039027185568
2333,0.0663623046875,13.828125,0.905322265625,0.590322265625,68.53,28.138766142103673,13.4,4.317406628984581
2334,0.0720361328125,25.359375,0.792529296875,0.635849609375,95.28,5.989804671272678,14.0,0.8944271909999159
2335,0.0313623046875,25.359375,0.792529296875,0.635849609375,94.19800000000001,6.144664026616916,15.0,1.4142135623730951
2336,0.0720361328125,29.828125,0.792529296875,0.635849609375,95.28,5.989804671272678,14.0,0.8944271909999159
2337,0.0720361328125,25.359375,0.555322265625,0.635849609375,95.28,5.989804671272678,14.0,0.8944271909999159
2338,0.0720361328125,25.359375,0.792529296875,0.660322265625,94.62,5.8721750655102225,14.4,1.2
2339,0.0313623046875,29.828125,0.555322265625,0.660322265625,93.386,6.231075669577447,15.2,1.16619037896906
2340,0.054536132812500006,17.359375,0.6175292968749999,0.6708496093749999,85.38400000000001,14.03870734790066,14.8,1.1661903789690602
2341,0.0138623046875,17.359375,0.6175292968749999,0.6708496093749999,49.69,42.060549687325775,13.4,7.337574531137657
2342,0.054536132812500006,21.828125,0.6175292968749999,0.6708496093749999,90.386,7.858207429178745,14.8,1.1661903789690602
2343,0.054536132812500006,17.359375,0.7303222656249999,0.6708496093749999,84.77600000000001,15.052756026721486,14.8,1.1661903789690602
2344,0.054536132812500006,17.359375,0.6175292968749999,0.695322265625,83.648,18.463299163475632,15.4,1.2
2345,0.0138623046875,21.828125,0.7303222656249999,0.695322265625,53.562,45.19271374901047,9.8,8.840814442120138
2346,0.019536132812500002,33.359375,0.967529296875,0.600849609375,92.54799999999999,6.1861826678493745,14.2,1.16619037896906
2347,0.048862304687500004,33.359375,0.967529296875,0.600849609375,94.112,5.150989807794226,13.6,0.8
2348,0.019536132812500002,5.828125,0.967529296875,0.600849609375,35.952,36.65731435880157,8.6,7.939773296511683
2349,0.019536132812500002,33.359375,0.380322265625,0.600849609375,92.54799999999999,6.1861826678493745,14.2,1.16619037896906
2350,0.019536132812500002,33.359375,0.967529296875,0.6253222656249999,94.61800000000001,4.817108676374241,15.0,1.2649110640673518
2351,0.048862304687500004,5.828125,0.380322265625,0.6253222656249999,75.35,21.744733615291775,14.2,1.16619037896906
2352,0.0239111328125,7.359375,0.573779296875,0.6445996093749999,65.708,30.610381506933233,16.0,1.4142135623730951
2353,0.026987304687500005,7.359375,0.573779296875,0.6445996093749999,67.26599999999999,30.21277451675036,12.2,6.764613810115105
2354,0.0239111328125,11.828125,0.573779296875,0.6445996093749999,65.684,28.835081827523915,16.0,1.4142135623730951
2355,0.0239111328125,7.359375,0.861572265625,0.6445996093749999,36.5,36.72556384863274,9.4,8.593020423576334
2356,0.0239111328125,7.359375,0.573779296875,0.581572265625,67.84200000000001,29.999437594728338,13.4,1.0198039027185568
2357,0.026987304687500005,11.828125,0.861572265625,0.581572265625,38.32,33.25585121448555,10.4,6.019966777316964
2358,0.05891113281250001,23.359375,0.923779296875,0.714599609375,90.29400000000001,7.929387365994927,15.6,1.3564659966250536
2359,0.06198730468750001,23.359375,0.923779296875,0.714599609375,93.45000000000002,5.371912136288159,15.4,1.2
2360,0.05891113281250001,27.828125,0.923779296875,0.714599609375,90.328,7.901742592618415,15.6,1.3564659966250536
2361,0.05891113281250001,23.359375,0.5115722656249999,0.714599609375,90.29400000000001,7.929387365994927,15.6,1.3564659966250536
2362,0.05891113281250001,23.359375,0.923779296875,0.6515722656249999,95.24799999999999,4.984204650694031,14.4,1.2
2363,0.06198730468750001,27.828125,0.5115722656249999,0.6515722656249999,94.31400000000001,6.017134201594639,14.4,1.2
2364,0.0764111328125,15.359375,0.39877929687499997,0.609599609375,89.468,11.567069464648336,12.6,2.870540018881465
2365,0.0794873046875,15.359375,0.39877929687499997,0.609599609375,89.518,11.516305657631701,12.6,2.870540018881465
2366,0.0764111328125,35.828125,0.39877929687499997,0.609599609375,97.688,3.135725753314533,12.6,2.870540018881465
2367,0.0764111328125,15.359375,0.686572265625,0.609599609375,83.664,19.04761885380952,12.6,2.870540018881465
2368,0.0764111328125,15.359375,0.39877929687499997,0.686572265625,76.03599999999999,22.590215226951692,14.6,1.3564659966250536
2369,0.0794873046875,35.828125,0.686572265625,0.686572265625,95.39,4.51175797223211,14.4,1.2
2370,0.04141113281250001,31.359375,0.748779296875,0.679599609375,92.882,6.883410201346425,15.4,1.2
2371,0.04448730468750001,31.359375,0.748779296875,0.679599609375,93.668,6.265356813462421,15.2,1.16619037896906
2372,0.04141113281250001,19.828125,0.748779296875,0.679599609375,90.61800000000001,9.978822375410841,15.4,1.2
2373,0.04141113281250001,31.359375,0.336572265625,0.679599609375,92.882,6.883410201346425,15.4,1.2
2374,0.04141113281250001,31.359375,0.748779296875,0.616572265625,92.10999999999999,7.008549065248816,14.2,1.16619037896906
2375,0.04448730468750001,19.828125,0.336572265625,0.616572265625,94.818,4.7990349029778905,14.0,0.8944271909999159
2376,0.0326611328125,19.359375,0.8362792968749999,0.662099609375,89.106,12.392771441449247,15.2,1.16619037896906
2377,0.035737304687500006,19.359375,0.8362792968749999,0.662099609375,90.38199999999999,10.140201970375147,15.2,1.16619037896906
2378,0.0326611328125,7.828125,0.8362792968749999,0.662099609375,37.858000000000004,36.9499999458728,9.4,8.593020423576334
2379,0.0326611328125,19.359375,0.774072265625,0.662099609375,89.352,11.959323392232523,15.2,1.16619037896906
2380,0.0326611328125,19.359375,0.8362792968749999,0.704072265625,73.188,30.275798519609687,12.6,6.945502141674135
2381,0.035737304687500006,7.828125,0.774072265625,0.704072265625,54.472,40.088816595155315,15.2,8.97552226892675
2382,0.06766113281250001,35.359375,0.486279296875,0.592099609375,93.94800000000001,6.528170953643906,12.2,2.7856776554368237
2383,0.0707373046875,35.359375,0.486279296875,0.592099609375,94.256,5.8459100232555725,12.0,3.1622776601683795
2384,0.06766113281250001,23.828125,0.486279296875,0.592099609375,93.94800000000001,6.528170953643906,12.2,2.7856776554368237
2385,0.06766113281250001,35.359375,0.424072265625,0.592099609375,93.94800000000001,6.528170953643906,12.2,2.7856776554368237
2386,0.06766113281250001,35.359375,0.486279296875,0.634072265625,95.10600000000001,5.587713664818553,14.0,0.8944271909999159
2387,0.0707373046875,23.828125,0.424072265625,0.634072265625,95.19,6.172765992648676,14.0,0.8944271909999159
2388,0.05016113281250001,11.359375,0.661279296875,0.6970996093749999,62.331999999999994,31.81982237536847,17.8,3.370459909270543
2389,0.05323730468750001,11.359375,0.661279296875,0.6970996093749999,63.402,31.02950234857143,17.6,3.3823069050575527
2390,0.05016113281250001,31.828125,0.661279296875,0.6970996093749999,91.43599999999999,7.213480713220214,15.4,1.2
2391,0.05016113281250001,11.359375,0.9490722656249999,0.6970996093749999,31.110000000000003,36.65021364194212,9.4,8.593020423576334
2392,0.05016113281250001,11.359375,0.661279296875,0.5990722656249999,63.60799999999999,31.19323093236736,16.0,4.049691346263317
2393,0.05323730468750001,31.828125,0.9490722656249999,0.5990722656249999,92.688,6.342685235765686,13.4,1.0198039027185568
2394,0.0151611328125,27.359375,0.311279296875,0.627099609375,84.244,18.24775339596631,15.6,1.3564659966250536
2395,0.0182373046875,27.359375,0.311279296875,0.627099609375,89.52000000000001,9.78474935805716,15.4,1.4966629547095764
2396,0.0151611328125,15.828125,0.311279296875,0.627099609375,72.65599999999999,24.313138505754456,15.6,1.3564659966250536
2397,0.0151611328125,27.359375,0.599072265625,0.627099609375,84.244,18.24775339596631,15.6,1.3564659966250536
2398,0.0151611328125,27.359375,0.311279296875,0.669072265625,67.92,38.33214003939775,13.2,7.222188034107115
2399,0.0182373046875,15.828125,0.599072265625,0.669072265625,53.507999999999996,40.213980852434894,9.4,8.5463442476886
2400,0.0173486328125,10.359375,0.9456542968749999,0.675224609375,24.568,38.73946948526787,6.2,8.908422980528035
2401,0.0729248046875,10.359375,0.9456542968749999,0.675224609375,55.222,39.120255827384355,12.8,7.249827584156743
2402,0.0173486328125,22.828125,0.9456542968749999,0.675224609375,68.694,38.050036320613415,13.0,7.0710678118654755
2403,0.0173486328125,10.359375,0.445947265625,0.675224609375,55.784000000000006,38.87359288771749,13.2,7.222188034107115
2404,0.0173486328125,10.359375,0.9456542968749999,0.603447265625,35.258,36.5910964033602,8.8,8.109253973085318
2405,0.0729248046875,22.828125,0.445947265625,0.603447265625,95.696,5.3221108594241056,12.4,2.8
2406,0.052348632812500004,26.359375,0.595654296875,0.605224609375,94.826,4.700245099992128,13.6,0.8
2407,0.0379248046875,26.359375,0.595654296875,0.605224609375,96.17999999999999,3.8211882968521724,13.8,0.9797958971132713
2408,0.052348632812500004,6.828125,0.595654296875,0.605224609375,64.78599999999999,31.56749568781154,13.2,8.059776671843954
2409,0.052348632812500004,26.359375,0.795947265625,0.605224609375,94.826,4.700245099992128,13.6,0.8
2410,0.052348632812500004,26.359375,0.595654296875,0.673447265625,91.684,6.799895881555835,14.8,1.1661903789690602
2411,0.0379248046875,6.828125,0.795947265625,0.673447265625,35.072,36.79807788458522,9.4,8.593020423576334
2412,0.0698486328125,18.359375,0.770654296875,0.710224609375,91.658,10.342489835624686,15.0,1.4142135623730951
2413,0.0204248046875,18.359375,0.770654296875,0.710224609375,43.992,45.88564847531306,5.6,8.089499366462675
2414,0.0698486328125,14.828125,0.770654296875,0.710224609375,59.742000000000004,37.51587312058724,13.0,7.3484692283495345
2415,0.0698486328125,18.359375,0.6209472656249999,0.710224609375,92.20599999999999,9.324214926737799,15.0,1.4142135623730951
2416,0.0698486328125,18.359375,0.770654296875,0.7084472656249999,91.3,10.206098177070412,15.0,1.4142135623730951
2417,0.0204248046875,14.828125,0.6209472656249999,0.7084472656249999,44.763999999999996,45.30959659939602,5.8,8.328265125462805
2418,0.0348486328125,34.359375,0.420654296875,0.6402246093749999,93.918,6.4639443066907685,15.0,1.4142135623730951
2419,0.05542480468750001,34.359375,0.420654296875,0.6402246093749999,93.124,6.3879530367716395,14.2,1.16619037896906
2420,0.0348486328125,30.828125,0.420654296875,0.6402246093749999,93.918,6.4639443066907685,15.0,1.4142135623730951
2421,0.0348486328125,34.359375,0.970947265625,0.6402246093749999,93.918,6.4639443066907685,15.0,1.4142135623730951
2422,0.0348486328125,34.359375,0.420654296875,0.638447265625,93.72,6.73171894838161,14.8,1.1661903789690602
2423,0.05542480468750001,30.828125,0.970947265625,0.638447265625,92.68599999999999,6.668734812541281,14.2,1.16619037896906
2424,0.0435986328125,14.359375,0.5081542968749999,0.622724609375,69.28,28.06054311662552,14.2,1.16619037896906
2425,0.04667480468750001,14.359375,0.5081542968749999,0.622724609375,68.974,28.245755504146103,14.2,1.16619037896906
2426,0.0435986328125,26.828125,0.5081542968749999,0.622724609375,90.826,7.492277624327597,14.2,1.16619037896906
2427,0.0435986328125,14.359375,0.533447265625,0.622724609375,68.162,29.237368828264966,14.2,1.16619037896906
2428,0.0435986328125,14.359375,0.5081542968749999,0.690947265625,69.67,28.039576316342586,15.8,1.6
2429,0.04667480468750001,26.828125,0.533447265625,0.690947265625,91.876,7.0086420938723935,15.4,1.2
2430,0.0785986328125,30.359375,0.858154296875,0.6927246093749999,94.272,6.144966720821195,14.6,1.3564659966250536
2431,0.0116748046875,30.359375,0.858154296875,0.6927246093749999,51.122,44.7776231615748,10.0,9.033271832508971
2432,0.0785986328125,10.828125,0.858154296875,0.6927246093749999,57.75,38.118971654544936,13.0,7.26636084983398
2433,0.0785986328125,30.359375,0.8834472656249999,0.6927246093749999,94.272,6.144966720821195,14.6,1.3564659966250536
2434,0.0785986328125,30.359375,0.858154296875,0.6209472656249999,96.07000000000001,5.85641528582118,13.8,0.7483314773547882
2435,0.0116748046875,10.828125,0.8834472656249999,0.6209472656249999,31.922000000000004,37.08540650983888,5.6,8.138795979750322
2436,0.061098632812500005,6.359375,0.333154296875,0.5877246093749999,77.876,20.431154250310968,12.2,2.481934729198171
2437,0.0291748046875,6.359375,0.333154296875,0.5877246093749999,77.28200000000001,20.424785335469256,13.2,1.32664991614216
2438,0.061098632812500005,18.828125,0.333154296875,0.5877246093749999,94.882,5.148896580821954,12.0,2.8284271247461903
2439,0.061098632812500005,6.359375,0.35844726562499996,0.5877246093749999,76.446,21.762626312097538,12.2,2.481934729198171
2440,0.061098632812500005,6.359375,0.333154296875,0.585947265625,78.79400000000001,19.414853695044936,12.0,2.8284271247461903
2441,0.0291748046875,18.828125,0.35844726562499996,0.585947265625,93.824,5.075512190902512,13.2,1.32664991614216
2442,0.0260986328125,22.359375,0.683154296875,0.657724609375,89.176,12.148991069220521,15.6,1.624807680927192
2443,0.0641748046875,22.359375,0.683154296875,0.657724609375,95.21400000000001,5.478644357868102,14.4,1.2
2444,0.0260986328125,34.828125,0.683154296875,0.657724609375,89.176,12.148991069220521,15.6,1.624807680927192
2445,0.0260986328125,22.359375,0.708447265625,0.657724609375,89.176,12.148991069220521,15.6,1.624807680927192
2446,0.0260986328125,22.359375,0.683154296875,0.6559472656249999,89.952,11.461939451942678,15.6,1.624807680927192
2447,0.0641748046875,34.828125,0.708447265625,0.6559472656249999,94.77799999999999,5.859755626303883,14.4,1.2
2448,0.0217236328125,16.359375,0.376904296875,0.701474609375,53.372,40.13063338647921,13.4,7.337574531137657
2449,0.042299804687500005,16.359375,0.376904296875,0.701474609375,74.72,23.01338653914282,15.8,1.6
2450,0.0217236328125,28.828125,0.376904296875,0.701474609375,64.336,39.78884145083895,13.2,7.222188034107115
2451,0.0217236328125,16.359375,0.489697265625,0.701474609375,50.062,41.79602871087156,13.6,7.472616676907761
2452,0.0217236328125,16.359375,0.376904296875,0.699697265625,53.970000000000006,39.76286911177311,13.4,7.337574531137657
2453,0.042299804687500005,28.828125,0.489697265625,0.699697265625,92.134,7.0589902960692585,15.8,1.6
2454,0.05672363281250001,32.359375,0.7269042968749999,0.631474609375,93.33600000000001,6.533741960010357,14.0,0.8944271909999159
2455,0.0772998046875,32.359375,0.7269042968749999,0.631474609375,95.16600000000001,5.640459555745435,14.0,0.8944271909999159
2456,0.05672363281250001,12.828125,0.7269042968749999,0.631474609375,58.202,38.47868833523305,13.0,7.615773105863909
2457,0.05672363281250001,32.359375,0.8396972656249999,0.631474609375,93.33600000000001,6.533741960010357,14.0,0.8944271909999159
2458,0.05672363281250001,32.359375,0.7269042968749999,0.629697265625,93.546,6.153358757621725,14.0,0.8944271909999159
2459,0.0772998046875,12.828125,0.8396972656249999,0.629697265625,56.088,38.6647691833276,12.2,6.881860213634101
2460,0.0742236328125,8.359375,0.551904296875,0.666474609375,67.676,27.615431627986553,14.6,1.0198039027185568
2461,0.059799804687500006,8.359375,0.551904296875,0.666474609375,69.05,27.05829188991796,14.8,1.1661903789690602
2462,0.0742236328125,4.828125,0.551904296875,0.666474609375,68.404,27.722399318962275,14.6,1.0198039027185568
2463,0.0742236328125,8.359375,0.314697265625,0.666474609375,79.226,17.33950356844163,14.4,1.2
2464,0.0742236328125,8.359375,0.551904296875,0.5946972656249999,67.694,28.14077582441536,12.2,3.1874754901018454
2465,0.059799804687500006,4.828125,0.314697265625,0.5946972656249999,80.522,17.841805289824233,13.4,1.0198039027185568
2466,0.039223632812500006,24.359375,0.901904296875,0.596474609375,93.58,5.95416828784676,13.4,1.0198039027185568
2467,0.024799804687500003,24.359375,0.901904296875,0.596474609375,92.39399999999999,6.418313174035684,13.8,1.469693845669907
2468,0.039223632812500006,20.828125,0.901904296875,0.596474609375,93.53,6.031510590225306,13.4,1.0198039027185568
2469,0.039223632812500006,24.359375,0.664697265625,0.596474609375,93.58,5.95416828784676,13.4,1.0198039027185568
2470,0.039223632812500006,24.359375,0.901904296875,0.664697265625,93.342,6.207261554018808,15.2,1.16619037896906
2471,0.024799804687500003,20.828125,0.664697265625,0.664697265625,83.02000000000001,19.93016909110407,16.0,1.4142135623730951
2472,0.030473632812500005,4.359375,0.814404296875,0.6139746093749999,57.024,38.37920822528782,13.6,8.380930735902785
2473,0.016049804687500002,4.359375,0.814404296875,0.6139746093749999,56.827999999999996,38.45699437033529,14.4,8.5463442476886
2474,0.030473632812500005,32.828125,0.814404296875,0.6139746093749999,92.80600000000001,6.031131237172675,14.4,1.0198039027185568
2475,0.030473632812500005,4.359375,0.40219726562499997,0.6139746093749999,74.792,22.42443167618747,14.4,1.0198039027185568
2476,0.030473632812500005,4.359375,0.814404296875,0.612197265625,56.955999999999996,38.40961785803134,13.6,8.380930735902785
2477,0.016049804687500002,32.828125,0.40219726562499997,0.612197265625,91.91999999999999,6.666057305484255,14.8,1.469693845669907
2478,0.0654736328125,20.359375,0.46440429687499996,0.683974609375,92.38199999999999,6.765525552386894,14.8,1.1661903789690602
2479,0.051049804687500006,20.359375,0.46440429687499996,0.683974609375,95.428,3.874993677414196,15.0,1.4142135623730951
2480,0.0654736328125,16.828125,0.46440429687499996,0.683974609375,80.72,15.946727563986286,14.8,1.1661903789690602
2481,0.0654736328125,20.359375,0.752197265625,0.683974609375,92.38199999999999,6.765525552386894,14.8,1.1661903789690602
2482,0.0654736328125,20.359375,0.46440429687499996,0.6821972656249999,92.994,6.208354371329006,14.8,1.1661903789690602
2483,0.051049804687500006,16.828125,0.752197265625,0.6821972656249999,67.19800000000001,27.682169279158742,15.0,1.4142135623730951
2484,0.04797363281250001,12.359375,0.9894042968749999,0.648974609375,32.06,37.12191751512844,5.6,8.138795979750322
2485,0.06854980468750001,12.359375,0.9894042968749999,0.648974609375,51.878,41.44516396396569,9.4,8.777243302996677
2486,0.04797363281250001,8.828125,0.9894042968749999,0.648974609375,31.169999999999998,36.666559151357525,9.0,8.221921916437786
2487,0.04797363281250001,12.359375,0.577197265625,0.648974609375,65.44,32.39968580094567,13.6,8.16333265278342
2488,0.04797363281250001,12.359375,0.9894042968749999,0.717197265625,30.863999999999997,37.03031061171375,5.8,8.423775875461075
2489,0.06854980468750001,8.828125,0.577197265625,0.717197265625,67.078,28.452605082839074,15.4,1.2
2490,0.0129736328125,28.359375,0.639404296875,0.718974609375,42.577999999999996,47.12052987817518,6.4,9.068627239003707
2491,0.033549804687500004,28.359375,0.639404296875,0.718974609375,77.614,28.123710708226255,16.6,1.854723699099141
2492,0.0129736328125,24.828125,0.639404296875,0.718974609375,42.577999999999996,47.12052987817518,6.4,9.068627239003707
2493,0.0129736328125,28.359375,0.927197265625,0.718974609375,42.577999999999996,47.12052987817518,6.4,9.068627239003707
2494,0.0129736328125,28.359375,0.639404296875,0.647197265625,75.08,34.499496228206,12.8,6.968500556073739
2495,0.033549804687500004,24.828125,0.927197265625,0.647197265625,91.824,6.798819309262453,15.0,1.4142135623730951
2496,0.014067382812500001,5.859375,0.387841796875,0.655537109375,60.354,36.8944139945331,13.0,7.0710678118654755
2497,0.047768554687500006,5.859375,0.387841796875,0.655537109375,76.51599999999999,20.36264285401087,14.8,1.1661903789690602
2498,0.014067382812500001,20.328125,0.387841796875,0.655537109375,72.796,36.823879534888775,12.8,6.968500556073739
2499,0.014067382812500001,5.859375,0.610009765625,0.655537109375,53.398,40.504148133246794,9.4,8.5463442476886
2500,0.014067382812500001,5.859375,0.387841796875,0.631884765625,69.572,27.512920164897075,16.0,1.7888543819998317
2501,0.047768554687500006,20.328125,0.610009765625,0.631884765625,92.742,6.128413824147324,14.2,1.16619037896906
2502,0.049067382812500004,21.859375,0.737841796875,0.5855371093749999,94.612,6.434116567175325,13.2,1.32664991614216
2503,0.012768554687500001,21.859375,0.737841796875,0.5855371093749999,92.228,6.550833229444939,13.6,1.624807680927192
2504,0.049067382812500004,4.328125,0.737841796875,0.5855371093749999,60.448,36.02556392341416,13.0,8.024961059095553
2505,0.049067382812500004,21.859375,0.960009765625,0.5855371093749999,94.612,6.434116567175325,13.2,1.32664991614216
2506,0.049067382812500004,21.859375,0.737841796875,0.701884765625,91.386,7.041146497552794,15.6,1.3564659966250536
2507,0.012768554687500001,4.328125,0.960009765625,0.701884765625,20.0,40.0,2.6,7.200000000000001
2508,0.0665673828125,13.859375,0.5628417968749999,0.690537109375,66.47200000000001,29.487327718869338,15.2,1.469693845669907
2509,0.030268554687500004,13.859375,0.5628417968749999,0.690537109375,61.45,33.052698528259384,16.6,1.854723699099141
2510,0.0665673828125,12.328125,0.5628417968749999,0.690537109375,64.144,32.80204725318223,12.8,7.249827584156743
2511,0.0665673828125,13.859375,0.435009765625,0.690537109375,72.58200000000001,23.910323628090023,14.8,1.1661903789690602
2512,0.0665673828125,13.859375,0.5628417968749999,0.666884765625,68.462,27.89241932855592,14.8,1.1661903789690602
2513,0.030268554687500004,12.328125,0.435009765625,0.666884765625,68.826,27.274041578027997,16.0,1.4142135623730951
2514,0.0315673828125,29.859375,0.912841796875,0.620537109375,92.708,6.345182109285754,14.4,1.0198039027185568
2515,0.06526855468750001,29.859375,0.912841796875,0.620537109375,97.388,4.277599326725213,14.0,0.8944271909999159
2516,0.0315673828125,28.328125,0.912841796875,0.620537109375,92.708,6.345182109285754,14.4,1.0198039027185568
2517,0.0315673828125,29.859375,0.7850097656249999,0.620537109375,92.708,6.345182109285754,14.4,1.0198039027185568
2518,0.0315673828125,29.859375,0.912841796875,0.5968847656249999,93.41,6.369954473934644,13.4,1.0198039027185568
2519,0.06526855468750001,28.328125,0.7850097656249999,0.5968847656249999,94.116,7.150693952337771,12.4,2.4166091947189146
2520,0.040317382812500004,17.859375,0.650341796875,0.6380371093749999,91.366,12.828193325640207,14.4,1.0198039027185568
2521,0.0740185546875,17.859375,0.650341796875,0.6380371093749999,95.38199999999999,5.825263599185878,14.0,0.8944271909999159
2522,0.040317382812500004,24.328125,0.650341796875,0.6380371093749999,95.47999999999999,4.903545655951418,14.4,1.0198039027185568
2523,0.040317382812500004,17.859375,0.34750976562499997,0.6380371093749999,93.38399999999999,8.872250221899737,14.4,1.0198039027185568
2524,0.040317382812500004,17.859375,0.650341796875,0.684384765625,78.018,21.463451167042077,15.8,1.6
2525,0.0740185546875,24.328125,0.34750976562499997,0.684384765625,94.978,4.852934782170477,14.6,1.3564659966250536
2526,0.0753173828125,33.859375,0.300341796875,0.708037109375,92.964,6.219577477610517,14.8,1.1661903789690602
2527,0.039018554687500005,33.859375,0.300341796875,0.708037109375,86.10999999999999,16.490576703075003,15.8,1.6
2528,0.0753173828125,8.328125,0.300341796875,0.708037109375,78.75399999999999,17.651005183841512,14.8,1.1661903789690602
2529,0.0753173828125,33.859375,0.697509765625,0.708037109375,92.964,6.219577477610517,14.8,1.1661903789690602
2530,0.0753173828125,33.859375,0.300341796875,0.614384765625,96.72999999999999,3.5213292944568506,12.8,2.481934729198171
2531,0.039018554687500005,8.328125,0.697509765625,0.614384765625,59.80800000000001,34.54027643201485,13.4,8.114185110040317
2532,0.057817382812500005,9.859375,0.8253417968749999,0.603037109375,57.79,38.46273209224743,12.8,7.756287771866127
2533,0.021518554687500004,9.859375,0.8253417968749999,0.603037109375,37.238,37.096747242851364,8.6,7.939773296511683
2534,0.057817382812500005,16.328125,0.8253417968749999,0.603037109375,92.36999999999999,7.58148270459018,13.6,0.8
2535,0.057817382812500005,9.859375,0.522509765625,0.603037109375,70.428,26.669975927998138,13.8,0.7483314773547882
2536,0.057817382812500005,9.859375,0.8253417968749999,0.649384765625,57.79200000000001,38.434373365517494,13.4,8.114185110040317
2537,0.021518554687500004,16.328125,0.522509765625,0.649384765625,67.646,27.98020557465581,16.0,1.7888543819998317
2538,0.022817382812500002,25.859375,0.475341796875,0.6730371093749999,82.71000000000001,25.727958333299593,16.4,1.854723699099141
2539,0.05651855468750001,25.859375,0.475341796875,0.6730371093749999,90.51199999999999,7.750420375695762,14.8,1.1661903789690602
2540,0.022817382812500002,32.328125,0.475341796875,0.6730371093749999,82.71000000000001,25.727958333299593,16.4,1.854723699099141
2541,0.022817382812500002,25.859375,0.872509765625,0.6730371093749999,82.71000000000001,25.727958333299593,16.4,1.854723699099141
2542,0.022817382812500002,25.859375,0.475341796875,0.719384765625,59.528,43.022503599860386,9.4,8.5463442476886
2543,0.05651855468750001,32.328125,0.872509765625,0.719384765625,91.8,6.701465511363914,15.6,1.3564659966250536
2544,0.0271923828125,15.859375,0.869091796875,0.716787109375,24.088,38.769602216169304,6.2,8.908422980528035
2545,0.0171435546875,15.859375,0.869091796875,0.716787109375,20.0,40.0,2.4,6.8
2546,0.0271923828125,30.328125,0.869091796875,0.716787109375,66.026,38.738152563074046,13.2,7.277362159464101
2547,0.0271923828125,15.859375,0.303759765625,0.716787109375,57.458000000000006,38.48315496421779,13.2,7.277362159464101
2548,0.0271923828125,15.859375,0.869091796875,0.6756347656249999,52.04200000000001,41.40087844478665,11.2,10.684568311354464
2549,0.0171435546875,30.328125,0.303759765625,0.6756347656249999,68.24600000000001,38.31509342282751,13.2,7.222188034107115
2550,0.06219238281250001,31.859375,0.519091796875,0.646787109375,93.208,6.70929325637209,14.2,1.16619037896906
2551,0.0521435546875,31.859375,0.519091796875,0.646787109375,95.868,4.087392322740745,14.4,1.2
2552,0.06219238281250001,14.328125,0.519091796875,0.646787109375,69.54400000000001,27.707173511565557,14.4,1.2
2553,0.06219238281250001,31.859375,0.653759765625,0.646787109375,93.208,6.70929325637209,14.2,1.16619037896906
2554,0.06219238281250001,31.859375,0.519091796875,0.605634765625,94.29,5.4081715949107965,13.6,0.8
2555,0.0521435546875,14.328125,0.653759765625,0.605634765625,71.64,23.77022338977907,13.8,0.9797958971132713
2556,0.0796923828125,7.859375,0.694091796875,0.681787109375,62.846000000000004,34.85702660870545,12.8,7.249827584156743
2557,0.0696435546875,7.859375,0.694091796875,0.681787109375,63.513999999999996,34.92826969662253,13.2,7.467261881037788
2558,0.0796923828125,6.328125,0.694091796875,0.681787109375,59.218,36.41224651130441,12.8,7.249827584156743
2559,0.0796923828125,7.859375,0.478759765625,0.681787109375,73.166,24.457639788008983,14.6,1.0198039027185568
2560,0.0796923828125,7.859375,0.694091796875,0.640634765625,64.062,34.82550180542988,12.2,6.881860213634101
2561,0.0696435546875,6.328125,0.478759765625,0.640634765625,70.412,26.62856090741668,14.2,0.9797958971132712
2562,0.04469238281250001,23.859375,0.34409179687499997,0.6117871093749999,97.892,2.2535074883390136,14.0,0.8944271909999159
2563,0.0346435546875,23.859375,0.34409179687499997,0.6117871093749999,93.25,6.6811915105017,14.2,1.16619037896906
2564,0.04469238281250001,22.328125,0.34409179687499997,0.6117871093749999,97.892,2.2535074883390136,14.0,0.8944271909999159
2565,0.04469238281250001,23.859375,0.8287597656249999,0.6117871093749999,97.892,2.2535074883390136,14.0,0.8944271909999159
2566,0.04469238281250001,23.859375,0.34409179687499997,0.7106347656249999,91.174,8.96156593458978,15.8,1.6
2567,0.0346435546875,22.328125,0.8287597656249999,0.7106347656249999,83.816,20.65318241821342,16.6,1.854723699099141
2568,0.0359423828125,11.859375,0.606591796875,0.594287109375,66.574,28.799088596689998,15.8,4.166533331199932
2569,0.0433935546875,11.859375,0.606591796875,0.594287109375,65.95,29.11375345090358,15.8,4.166533331199932
2570,0.0359423828125,34.328125,0.606591796875,0.594287109375,94.66,4.541043932841875,13.4,1.0198039027185568
2571,0.0359423828125,11.859375,0.5662597656249999,0.594287109375,68.596,26.991152328124116,13.6,0.8
2572,0.0359423828125,11.859375,0.606591796875,0.6231347656249999,66.078,29.14611082117132,16.4,3.9293765408777004
2573,0.0433935546875,34.328125,0.5662597656249999,0.6231347656249999,91.136,7.240700518596249,14.2,1.16619037896906
2574,0.07094238281250001,27.859375,0.956591796875,0.664287109375,95.074,5.972190887773099,14.4,1.2
2575,0.0783935546875,27.859375,0.956591796875,0.664287109375,95.848,4.731221406782817,14.4,1.2
2576,0.07094238281250001,18.328125,0.956591796875,0.664287109375,95.074,5.972190887773099,14.4,1.2
2577,0.07094238281250001,27.859375,0.916259765625,0.664287109375,95.074,5.972190887773099,14.4,1.2
2578,0.07094238281250001,27.859375,0.956591796875,0.693134765625,92.6,6.580808460971951,14.8,1.1661903789690602
2579,0.0783935546875,18.328125,0.916259765625,0.693134765625,94.226,6.040465544972506,14.6,1.3564659966250536
2580,0.05344238281250001,19.859375,0.431591796875,0.629287109375,92.09400000000001,6.797448344783505,14.0,0.8944271909999159
2581,0.060893554687500004,19.859375,0.431591796875,0.629287109375,94.50399999999999,5.795593498512466,14.0,0.8944271909999159
2582,0.05344238281250001,10.328125,0.431591796875,0.629287109375,73.662,23.349927965627646,14.4,1.0198039027185568
2583,0.05344238281250001,19.859375,0.391259765625,0.629287109375,92.09400000000001,6.797448344783505,14.0,0.8944271909999159
2584,0.05344238281250001,19.859375,0.431591796875,0.658134765625,97.10799999999999,3.4977615699186835,14.6,1.0198039027185568
2585,0.060893554687500004,10.328125,0.391259765625,0.658134765625,77.58200000000001,19.506514193981456,14.6,1.0198039027185568
2586,0.0184423828125,35.859375,0.7815917968749999,0.6992871093749999,61.89200000000001,42.91823547165004,13.4,7.337574531137657
2587,0.0258935546875,35.859375,0.7815917968749999,0.6992871093749999,73.938,32.427189455763816,12.8,6.997142273814361
2588,0.0184423828125,26.328125,0.7815917968749999,0.6992871093749999,61.89200000000001,42.91823547165004,13.4,7.337574531137657
2589,0.0184423828125,35.859375,0.741259765625,0.6992871093749999,61.89200000000001,42.91823547165004,13.4,7.337574531137657
2590,0.0184423828125,35.859375,0.7815917968749999,0.588134765625,93.84,5.420933498946467,13.4,1.624807680927192
2591,0.0258935546875,26.328125,0.741259765625,0.588134765625,93.084,5.987796255718793,13.2,1.32664991614216
2592,0.0162548828125,18.859375,0.5409667968749999,0.598662109375,89.78600000000002,9.889678660098111,14.0,1.4142135623730951
2593,0.0630810546875,18.859375,0.5409667968749999,0.598662109375,94.99600000000001,6.128626599818265,12.4,2.4166091947189146
2594,0.0162548828125,19.328125,0.5409667968749999,0.598662109375,92.95,5.779217940171489,14.0,1.4142135623730951
2595,0.0162548828125,18.859375,0.981884765625,0.598662109375,87.06800000000001,14.733718335844486,14.0,1.4142135623730951
2596,0.0162548828125,18.859375,0.5409667968749999,0.6537597656249999,73.51400000000001,32.57120789900184,12.4,6.829348431585549
2597,0.0630810546875,19.328125,0.981884765625,0.6537597656249999,94.58399999999999,5.866530831760795,14.4,1.2
2598,0.051254882812500006,34.859375,0.8909667968749999,0.6686621093749999,91.042,7.31476971612914,14.8,1.1661903789690602
2599,0.028081054687500002,34.859375,0.8909667968749999,0.6686621093749999,86.73599999999999,14.372463393587056,15.8,1.6
2600,0.051254882812500006,35.328125,0.8909667968749999,0.6686621093749999,91.042,7.31476971612914,14.8,1.1661903789690602
2601,0.051254882812500006,34.859375,0.631884765625,0.6686621093749999,91.042,7.31476971612914,14.8,1.1661903789690602
2602,0.051254882812500006,34.859375,0.8909667968749999,0.583759765625,95.22599999999998,5.008207663426109,12.2,2.481934729198171
2603,0.028081054687500002,35.328125,0.631884765625,0.583759765625,93.03999999999999,5.7783492452429694,13.2,1.32664991614216
2604,0.0687548828125,10.859375,0.365966796875,0.633662109375,79.01599999999999,19.978795359080088,14.0,0.8944271909999159
2605,0.0105810546875,10.859375,0.365966796875,0.633662109375,65.196,34.03918306892808,12.6,6.829348431585549
2606,0.0687548828125,27.328125,0.365966796875,0.633662109375,95.158,6.159462314195941,14.0,0.8944271909999159
2607,0.0687548828125,10.859375,0.806884765625,0.633662109375,59.438,37.58298891786016,12.4,7.08801805866774
2608,0.0687548828125,10.859375,0.365966796875,0.618759765625,79.28,18.1550257504637,14.0,0.8944271909999159
2609,0.0105810546875,27.328125,0.806884765625,0.618759765625,84.31,21.29707397742704,15.6,1.8547236990991407
2610,0.033754882812500005,26.859375,0.715966796875,0.703662109375,83.42399999999999,20.621970419918657,16.6,1.854723699099141
2611,0.045581054687500004,26.859375,0.715966796875,0.703662109375,93.38199999999999,5.472105262145457,15.8,1.6
2612,0.033754882812500005,11.328125,0.715966796875,0.703662109375,56.55,36.885202453016305,15.0,8.740709353364863
2613,0.033754882812500005,26.859375,0.45688476562499997,0.703662109375,83.42399999999999,20.621970419918657,16.6,1.854723699099141
2614,0.033754882812500005,26.859375,0.715966796875,0.688759765625,86.672,15.220288302131468,15.8,1.6
2615,0.045581054687500004,11.328125,0.45688476562499997,0.688759765625,71.684,23.598536056289596,15.6,1.3564659966250536
2616,0.042504882812500006,6.859375,0.978466796875,0.686162109375,30.627999999999997,36.942666065133956,5.8,8.423775875461075
2617,0.054331054687500005,6.859375,0.978466796875,0.686162109375,30.870000000000005,36.888963119068556,9.2,8.4
2618,0.042504882812500006,15.328125,0.978466796875,0.686162109375,53.53399999999999,39.95667834042265,12.4,6.887670143089026
2619,0.042504882812500006,6.859375,0.719384765625,0.686162109375,37.29,36.6036522767879,9.4,8.593020423576334
2620,0.042504882812500006,6.859375,0.978466796875,0.636259765625,31.336000000000002,36.85745384586407,8.8,8.109253973085318
2621,0.054331054687500005,15.328125,0.719384765625,0.636259765625,67.082,27.035408190001498,14.2,1.16619037896906
2622,0.0775048828125,22.859375,0.628466796875,0.6161621093749999,97.098,3.3861742424157693,12.8,2.481934729198171
2623,0.0193310546875,22.859375,0.628466796875,0.6161621093749999,91.576,6.956520969565176,14.8,1.469693845669907
2624,0.0775048828125,31.328125,0.628466796875,0.6161621093749999,97.098,3.3861742424157693,12.8,2.481934729198171
2625,0.0775048828125,22.859375,0.369384765625,0.6161621093749999,97.098,3.3861742424157693,12.8,2.481934729198171
2626,0.0775048828125,22.859375,0.628466796875,0.706259765625,93.304,6.1014640865943,14.8,1.1661903789690602
2627,0.0193310546875,31.328125,0.369384765625,0.706259765625,60.80800000000001,43.94919403129027,9.4,8.5463442476886
2628,0.06000488281250001,14.859375,0.803466796875,0.651162109375,59.366,37.631989370746794,11.2,6.20966987850401
2629,0.0368310546875,14.859375,0.803466796875,0.651162109375,59.38399999999999,37.59002772012811,14.2,8.749857141690944
2630,0.06000488281250001,23.328125,0.803466796875,0.651162109375,94.88799999999999,5.430677305824754,14.4,1.2
2631,0.06000488281250001,14.859375,0.8943847656249999,0.651162109375,57.4,38.27747379334222,11.2,6.20966987850401
2632,0.06000488281250001,14.859375,0.803466796875,0.671259765625,59.886,37.45101312381282,11.6,6.406246951218788
2633,0.0368310546875,23.328125,0.8943847656249999,0.671259765625,93.24600000000001,6.564600825640505,15.2,1.16619037896906
2634,0.025004882812500004,30.859375,0.45346679687499997,0.581162109375,92.304,6.690651986166969,13.0,1.6733200530681511
2635,0.0718310546875,30.859375,0.45346679687499997,0.581162109375,95.182,6.341764423250046,10.2,3.4871191548325386
2636,0.025004882812500004,7.328125,0.45346679687499997,0.581162109375,72.894,25.13869177184843,13.2,1.32664991614216
2637,0.025004882812500004,30.859375,0.5443847656249999,0.581162109375,92.304,6.690651986166969,13.0,1.6733200530681511
2638,0.025004882812500004,30.859375,0.45346679687499997,0.6012597656249999,92.71799999999999,6.312110265196579,14.0,1.2649110640673518
2639,0.0718310546875,7.328125,0.5443847656249999,0.6012597656249999,70.434,28.445670039568412,12.8,2.481934729198171
2640,0.0206298828125,8.859375,0.7597167968749999,0.624912109375,57.388,36.95667701512137,14.2,8.304215796810679
2641,0.0324560546875,8.859375,0.7597167968749999,0.624912109375,57.562,36.995633472073436,13.8,8.231646250902672
2642,0.0206298828125,9.328125,0.7597167968749999,0.624912109375,40.068,36.39304021375516,9.2,8.423775875461075
2643,0.0206298828125,8.859375,0.6756347656249999,0.624912109375,61.58,33.19326196685105,14.2,8.304215796810679
2644,0.0206298828125,8.859375,0.7597167968749999,0.645009765625,54.4,38.91075686747818,14.6,8.452218643646175
2645,0.0324560546875,9.328125,0.6756347656249999,0.645009765625,63.08,33.373742972582505,14.0,8.221921916437786
2646,0.0556298828125,24.859375,0.40971679687499996,0.6949121093749999,95.688,4.029289763717671,15.2,1.16619037896906
2647,0.0674560546875,24.859375,0.40971679687499996,0.6949121093749999,91.83,6.964182651252047,14.8,1.1661903789690602
2648,0.0556298828125,25.328125,0.40971679687499996,0.6949121093749999,95.688,4.029289763717671,15.2,1.16619037896906
2649,0.0556298828125,24.859375,0.325634765625,0.6949121093749999,95.688,4.029289763717671,15.2,1.16619037896906
2650,0.0556298828125,24.859375,0.40971679687499996,0.715009765625,91.384,7.039598283993202,15.6,1.3564659966250536
2651,0.0674560546875,25.328125,0.325634765625,0.715009765625,95.674,4.387425668886024,15.4,1.2
2652,0.0731298828125,16.859375,0.9347167968749999,0.5899121093749999,95.122,5.099248572093737,11.6,3.0066592756745814
2653,0.04995605468750001,16.859375,0.9347167968749999,0.5899121093749999,93.036,6.404353519286705,13.2,1.32664991614216
2654,0.0731298828125,33.328125,0.9347167968749999,0.5899121093749999,95.122,5.099248572093737,11.6,3.0066592756745814
2655,0.0731298828125,16.859375,0.850634765625,0.5899121093749999,95.122,5.099248572093737,11.6,3.0066592756745814
2656,0.0731298828125,16.859375,0.9347167968749999,0.6800097656249999,78.188,25.162881710964665,14.4,1.2
2657,0.04995605468750001,33.328125,0.850634765625,0.6800097656249999,94.758,4.395253803820663,15.0,1.4142135623730951
2658,0.0381298828125,32.859375,0.584716796875,0.659912109375,92.732,6.232775946558646,15.0,1.4142135623730951
2659,0.014956054687500001,32.859375,0.584716796875,0.659912109375,70.772,36.327327124356394,12.8,6.968500556073739
2660,0.0381298828125,17.328125,0.584716796875,0.659912109375,82.248,17.546202324149807,15.0,1.4142135623730951
2661,0.0381298828125,32.859375,0.500634765625,0.659912109375,92.732,6.232775946558646,15.0,1.4142135623730951
2662,0.0381298828125,32.859375,0.584716796875,0.610009765625,94.154,6.149359641458612,14.2,1.16619037896906
2663,0.014956054687500001,17.328125,0.500634765625,0.610009765625,85.15799999999999,13.908549025689199,14.8,1.7204650534085253
2664,0.0293798828125,12.859375,0.322216796875,0.677412109375,70.378,25.077615038117163,16.0,1.4142135623730951
2665,0.023706054687500002,12.859375,0.322216796875,0.677412109375,67.362,29.69101237748555,16.6,1.854723699099141
2666,0.0293798828125,5.328125,0.322216796875,0.677412109375,72.71600000000001,23.82615084313872,16.0,1.4142135623730951
2667,0.0293798828125,12.859375,0.9381347656249999,0.677412109375,29.201999999999998,36.881020810167385,10.0,9.16515138991168
2668,0.0293798828125,12.859375,0.322216796875,0.662509765625,75.248,21.04592160015807,15.8,1.6
2669,0.023706054687500002,5.328125,0.9381347656249999,0.662509765625,32.162,37.0900506335594,9.8,8.975522268926749
2670,0.0643798828125,28.859375,0.6722167968749999,0.607412109375,94.41,5.646825656950992,13.6,0.8
2671,0.05870605468750001,28.859375,0.6722167968749999,0.607412109375,94.78200000000001,5.257483808819574,13.6,0.8
2672,0.0643798828125,21.328125,0.6722167968749999,0.607412109375,94.476,5.533030272825191,13.6,0.8
2673,0.0643798828125,28.859375,0.588134765625,0.607412109375,94.41,5.646825656950992,13.6,0.8
2674,0.0643798828125,28.859375,0.6722167968749999,0.5925097656249999,94.316,6.567247825383173,12.2,2.7856776554368237
2675,0.05870605468750001,21.328125,0.588134765625,0.5925097656249999,94.692,6.484795756228568,12.4,2.4166091947189146
2676,0.0468798828125,4.859375,0.497216796875,0.712412109375,70.3,26.099726435347936,16.0,1.6733200530681511
2677,0.0762060546875,4.859375,0.497216796875,0.712412109375,70.124,25.913002604870012,15.4,1.2
2678,0.0468798828125,29.328125,0.497216796875,0.712412109375,93.13199999999999,6.4252732237625505,15.8,1.6
2679,0.0468798828125,4.859375,0.7631347656249999,0.712412109375,58.181999999999995,37.458643007989494,14.4,8.357032966310472
2680,0.0468798828125,4.859375,0.497216796875,0.6275097656249999,69.53,26.732847210875235,14.4,1.0198039027185568
2681,0.0762060546875,29.328125,0.7631347656249999,0.6275097656249999,96.41,4.825167354610615,14.0,0.8944271909999159
2682,0.011879882812500001,20.859375,0.847216796875,0.6424121093749999,75.988,34.871060436987,12.8,6.968500556073739
2683,0.0412060546875,20.859375,0.847216796875,0.6424121093749999,94.26400000000001,6.491251343154108,14.6,1.0198039027185568
2684,0.011879882812500001,13.328125,0.847216796875,0.6424121093749999,27.712,38.51478386282337,6.0,8.62554346113913
2685,0.011879882812500001,20.859375,0.41313476562499996,0.6424121093749999,75.988,34.871060436987,12.8,6.968500556073739
2686,0.011879882812500001,20.859375,0.847216796875,0.697509765625,49.364,44.739445503939805,10.2,9.173875952943773
2687,0.0412060546875,13.328125,0.41313476562499996,0.697509765625,73.154,23.317792005247842,15.8,1.6
2688,0.0113330078125,9.609375,0.49174804687499996,0.693818359375,43.896,46.357688294391906,6.4,9.068627239003707
2689,0.0122216796875,9.609375,0.49174804687499996,0.693818359375,44.506,46.05145105205698,10.0,9.033271832508971
2690,0.0113330078125,7.578125,0.49174804687499996,0.693818359375,43.406,46.6253508726744,6.4,9.068627239003707
2691,0.0113330078125,9.609375,0.363916015625,0.693818359375,45.458,45.63462562572416,10.4,9.32952303175248
2692,0.0113330078125,9.609375,0.49174804687499996,0.687666015625,44.898,45.870705422960306,10.0,9.033271832508971
2693,0.0122216796875,7.578125,0.363916015625,0.687666015625,47.646,44.87953725251632,10.0,9.033271832508971
2694,0.04633300781250001,25.609375,0.841748046875,0.623818359375,90.762,7.5429659948855665,14.2,1.16619037896906
2695,0.047221679687500004,25.609375,0.841748046875,0.623818359375,90.654,7.633509284726128,14.2,1.16619037896906
2696,0.04633300781250001,23.578125,0.841748046875,0.623818359375,90.622,7.659865272966621,14.2,1.16619037896906
2697,0.04633300781250001,25.609375,0.713916015625,0.623818359375,90.762,7.5429659948855665,14.2,1.16619037896906
2698,0.04633300781250001,25.609375,0.841748046875,0.617666015625,95.59,3.7455787269793173,14.0,0.8944271909999159
2699,0.047221679687500004,23.578125,0.713916015625,0.617666015625,96.488,2.959414807018442,14.0,0.8944271909999159
2700,0.06383300781250001,17.609375,0.31674804687499997,0.658818359375,94.41600000000001,7.19937108364335,14.4,1.2
2701,0.0647216796875,17.609375,0.31674804687499997,0.658818359375,94.536,7.049092423851458,14.4,1.2
2702,0.06383300781250001,31.578125,0.31674804687499997,0.658818359375,95.47200000000001,5.30736243345035,14.4,1.2
2703,0.06383300781250001,17.609375,0.5389160156249999,0.658818359375,93.59,8.74974742492605,14.4,1.2
2704,0.06383300781250001,17.609375,0.31674804687499997,0.582666015625,96.274,5.163702547591217,11.6,3.0066592756745814
2705,0.0647216796875,31.578125,0.5389160156249999,0.582666015625,96.344,5.142048618984464,11.6,3.0066592756745814
2706,0.0288330078125,33.609375,0.666748046875,0.5888183593749999,93.654,5.848266751782105,13.2,1.32664991614216
2707,0.029721679687500002,33.609375,0.666748046875,0.5888183593749999,93.464,5.899866439166231,13.2,1.32664991614216
2708,0.0288330078125,15.578125,0.666748046875,0.5888183593749999,80.922,18.75196992318407,13.2,1.32664991614216
2709,0.0288330078125,33.609375,0.888916015625,0.5888183593749999,93.654,5.848266751782105,13.2,1.32664991614216
2710,0.0288330078125,33.609375,0.666748046875,0.6526660156249999,92.628,6.3959530955128185,15.2,1.16619037896906
2711,0.029721679687500002,15.578125,0.888916015625,0.6526660156249999,55.236000000000004,39.13019989726605,12.4,6.887670143089026
2712,0.0375830078125,13.609375,0.929248046875,0.606318359375,35.501999999999995,35.59152168705351,8.4,7.735631842325487
2713,0.0384716796875,13.609375,0.929248046875,0.606318359375,35.722,35.59504931869037,8.4,7.735631842325487
2714,0.0375830078125,11.578125,0.929248046875,0.606318359375,32.708,36.6221099337545,8.4,7.735631842325487
2715,0.0375830078125,13.609375,0.626416015625,0.606318359375,66.032,30.187332045081426,16.4,3.9293765408777004
2716,0.0375830078125,13.609375,0.929248046875,0.6001660156249999,38.87,33.413160281541764,11.0,6.164414002968976
2717,0.0384716796875,11.578125,0.626416015625,0.6001660156249999,66.006,29.446591381686268,16.2,3.9698866482558417
2718,0.0725830078125,29.609375,0.579248046875,0.676318359375,96.378,4.710534576881908,14.4,1.2
2719,0.0734716796875,29.609375,0.579248046875,0.676318359375,96.338,5.067817676278419,14.4,1.2
2720,0.0725830078125,27.578125,0.579248046875,0.676318359375,96.378,4.710534576881908,14.4,1.2
2721,0.0725830078125,29.609375,0.9764160156249999,0.676318359375,96.378,4.710534576881908,14.4,1.2
2722,0.0725830078125,29.609375,0.579248046875,0.670166015625,95.924,5.526813186638389,14.4,1.2
2723,0.0734716796875,27.578125,0.9764160156249999,0.670166015625,95.61999999999999,5.817528684931427,14.4,1.2
2724,0.05508300781250001,5.609375,0.7542480468749999,0.6413183593749999,60.878,36.09287153995925,13.4,8.114185110040317
2725,0.055971679687500005,5.609375,0.7542480468749999,0.6413183593749999,60.924,36.09861748045208,13.4,8.114185110040317
2726,0.05508300781250001,35.578125,0.7542480468749999,0.6413183593749999,93.462,6.194702252731765,14.2,1.16619037896906
2727,0.05508300781250001,5.609375,0.451416015625,0.6413183593749999,74.076,23.077012458288443,14.6,1.0198039027185568
2728,0.05508300781250001,5.609375,0.7542480468749999,0.7051660156249999,60.303999999999995,36.31814455613062,14.2,8.280096617793781
2729,0.055971679687500005,35.578125,0.451416015625,0.7051660156249999,92.162,6.686016452268121,15.4,1.2
2730,0.0200830078125,21.609375,0.404248046875,0.711318359375,58.374,43.53413722585989,9.4,8.5463442476886
2731,0.0209716796875,21.609375,0.404248046875,0.711318359375,61.05,43.47109384407069,9.4,8.5463442476886
2732,0.0200830078125,19.578125,0.404248046875,0.711318359375,52.338,42.96785607870144,9.4,8.5463442476886
2733,0.0200830078125,21.609375,0.8014160156249999,0.711318359375,58.374,43.53413722585989,9.4,8.5463442476886
2734,0.0200830078125,21.609375,0.404248046875,0.635166015625,87.806,11.146322442850826,15.4,1.4966629547095764
2735,0.0209716796875,19.578125,0.8014160156249999,0.635166015625,85.172,15.69259621605042,15.4,1.4966629547095764
2736,0.0244580078125,19.609375,0.797998046875,0.6675683593749999,78.06,27.54727064520186,16.2,1.7204650534085253
2737,0.05159667968750001,19.609375,0.797998046875,0.6675683593749999,90.688,7.607547305143752,14.8,1.1661903789690602
2738,0.0244580078125,13.578125,0.797998046875,0.6675683593749999,32.344,37.01547654697965,9.8,8.975522268926749
2739,0.0244580078125,19.609375,0.582666015625,0.6675683593749999,79.38,25.87728579275655,16.2,1.7204650534085253
2740,0.0244580078125,19.609375,0.797998046875,0.608916015625,93.13600000000001,6.1994502982119295,14.2,1.16619037896906
2741,0.05159667968750001,13.578125,0.582666015625,0.608916015625,67.838,28.89623532573058,14.0,0.8944271909999159
2742,0.059458007812500005,35.609375,0.447998046875,0.597568359375,94.10799999999999,6.010868156930412,13.4,1.0198039027185568
2743,0.0165966796875,35.609375,0.447998046875,0.597568359375,92.208,6.4033847299689866,14.0,1.4142135623730951
2744,0.059458007812500005,29.578125,0.447998046875,0.597568359375,94.10799999999999,6.010868156930412,13.4,1.0198039027185568
2745,0.059458007812500005,35.609375,0.932666015625,0.597568359375,94.10799999999999,6.010868156930412,13.4,1.0198039027185568
2746,0.059458007812500005,35.609375,0.447998046875,0.6789160156249999,90.824,7.517517143312676,14.8,1.1661903789690602
2747,0.0165966796875,29.578125,0.932666015625,0.6789160156249999,67.21,39.17816228461973,13.2,7.222188034107115
2748,0.0769580078125,11.609375,0.9729980468749999,0.702568359375,50.870000000000005,41.33827959651925,13.2,7.35934779718964
2749,0.0340966796875,11.609375,0.9729980468749999,0.702568359375,28.727999999999998,37.38474309126652,6.0,8.62554346113913
2750,0.0769580078125,21.578125,0.9729980468749999,0.702568359375,92.66,6.5330329862935805,14.8,1.1661903789690602
2751,0.0769580078125,11.609375,0.407666015625,0.702568359375,74.648,21.468714353682195,14.8,1.1661903789690602
2752,0.0769580078125,11.609375,0.9729980468749999,0.713916015625,50.768,41.45562369570623,13.2,7.35934779718964
2753,0.0340966796875,21.578125,0.407666015625,0.713916015625,80.424,24.304171329218363,16.6,1.854723699099141
2754,0.0419580078125,27.609375,0.622998046875,0.632568359375,95.124,4.095454065180075,14.2,1.16619037896906
2755,0.06909667968750001,27.609375,0.622998046875,0.632568359375,95.04400000000001,6.344561765795964,14.0,0.8944271909999159
2756,0.0419580078125,5.578125,0.622998046875,0.632568359375,67.92999999999999,30.077908836885587,11.4,6.280127387243033
2757,0.0419580078125,27.609375,0.7576660156249999,0.632568359375,95.124,4.095454065180075,14.2,1.16619037896906
2758,0.0419580078125,27.609375,0.622998046875,0.643916015625,94.41,6.381573473681866,14.6,1.0198039027185568
2759,0.06909667968750001,5.578125,0.7576660156249999,0.643916015625,61.34400000000001,36.14233506568163,12.8,7.386474125047755
2760,0.0332080078125,7.609375,0.360498046875,0.6150683593749999,76.814,21.149241688533422,14.4,1.0198039027185568
2761,0.0778466796875,7.609375,0.360498046875,0.6150683593749999,79.898,18.525883946521958,13.8,0.7483314773547882
2762,0.0332080078125,17.578125,0.360498046875,0.6150683593749999,90.64,8.005090880183687,14.2,1.16619037896906
2763,0.0332080078125,7.609375,0.32016601562499997,0.6150683593749999,78.63000000000001,19.16699872176132,14.4,1.0198039027185568
2764,0.0332080078125,7.609375,0.360498046875,0.696416015625,69.88199999999999,26.87072191065957,16.6,1.854723699099141
2765,0.0778466796875,17.578125,0.32016601562499997,0.696416015625,91.71600000000001,7.516676393194002,14.8,1.1661903789690602
2766,0.0682080078125,23.609375,0.710498046875,0.685068359375,92.962,6.192028423707371,14.8,1.1661903789690602
2767,0.04284667968750001,23.609375,0.710498046875,0.685068359375,92.062,6.745826561660178,15.6,1.3564659966250536
2768,0.0682080078125,33.578125,0.710498046875,0.685068359375,93.17800000000001,5.897221040456259,14.8,1.1661903789690602
2769,0.0682080078125,23.609375,0.670166015625,0.685068359375,92.962,6.192028423707371,14.8,1.1661903789690602
2770,0.0682080078125,23.609375,0.710498046875,0.6264160156249999,96.352,4.22272613367242,14.0,0.8944271909999159
2771,0.04284667968750001,33.578125,0.670166015625,0.6264160156249999,92.364,6.236539425033725,14.2,1.16619037896906
2772,0.050708007812500004,15.609375,0.5354980468749999,0.580068359375,90.596,12.544075254876304,12.0,2.6076809620810595
2773,0.025346679687500002,15.609375,0.5354980468749999,0.580068359375,84.16600000000001,15.866442071239536,13.0,1.6733200530681511
2774,0.050708007812500004,25.578125,0.5354980468749999,0.580068359375,96.23,4.906721919978756,12.0,2.6076809620810595
2775,0.050708007812500004,15.609375,0.49516601562499996,0.580068359375,90.97200000000001,11.85542643686848,12.0,2.6076809620810595
2776,0.050708007812500004,15.609375,0.5354980468749999,0.591416015625,84.52799999999999,15.624189450976331,13.4,1.0198039027185568
2777,0.025346679687500002,25.578125,0.49516601562499996,0.591416015625,93.15799999999999,6.30066790110382,13.4,1.0198039027185568
2778,0.0157080078125,31.609375,0.885498046875,0.650068359375,79.45,29.227771724851006,16.2,1.7204650534085253
2779,0.06034667968750001,31.609375,0.885498046875,0.650068359375,94.24199999999999,6.0100495838220835,14.4,1.2
2780,0.0157080078125,9.578125,0.885498046875,0.650068359375,31.264000000000003,38.74324591461071,6.0,8.62554346113913
2781,0.0157080078125,31.609375,0.845166015625,0.650068359375,79.45,29.227771724851006,16.2,1.7204650534085253
2782,0.0157080078125,31.609375,0.885498046875,0.661416015625,71.784,35.112927306050686,12.6,6.887670143089026
2783,0.06034667968750001,9.578125,0.845166015625,0.661416015625,58.178,38.326783533189946,13.4,7.914543574963751
2784,0.017895507812500003,14.609375,0.469873046875,0.6456933593749999,64.96000000000001,30.884878500651418,16.2,1.7204650534085253
2785,0.0275341796875,14.609375,0.469873046875,0.6456933593749999,71.714,26.115512325053093,15.4,1.4966629547095764
2786,0.017895507812500003,32.578125,0.469873046875,0.6456933593749999,83.15,21.004711852343988,16.0,1.7888543819998317
2787,0.017895507812500003,14.609375,0.735791015625,0.6456933593749999,54.903999999999996,40.04464987985286,14.8,8.681013765684282
2788,0.017895507812500003,14.609375,0.469873046875,0.5957910156249999,82.872,16.873310759895343,14.0,1.4142135623730951
2789,0.0275341796875,32.578125,0.735791015625,0.5957910156249999,93.836,6.091412315711356,13.6,1.3564659966250536
2790,0.052895507812500006,30.609375,0.819873046875,0.715693359375,92.474,6.14578750039407,15.6,1.3564659966250536
2791,0.0625341796875,30.609375,0.819873046875,0.715693359375,93.36,5.445508240743008,15.4,1.2
2792,0.052895507812500006,16.578125,0.819873046875,0.715693359375,58.69,37.79912909049625,12.4,6.887670143089026
2793,0.052895507812500006,30.609375,0.38579101562499996,0.715693359375,92.474,6.14578750039407,15.6,1.3564659966250536
2794,0.052895507812500006,30.609375,0.819873046875,0.665791015625,90.50800000000001,7.75213622171334,14.8,1.1661903789690602
2795,0.0625341796875,16.578125,0.38579101562499996,0.665791015625,89.864,12.66047961176827,14.4,1.2
2796,0.07039550781250001,6.609375,0.6448730468749999,0.6106933593749999,62.08,33.93420987734944,12.4,7.08801805866774
2797,0.0450341796875,6.609375,0.6448730468749999,0.6106933593749999,63.012,33.5914104496968,13.2,8.059776671843954
2798,0.07039550781250001,8.578125,0.6448730468749999,0.6106933593749999,63.846000000000004,31.449247749350064,14.0,0.8944271909999159
2799,0.07039550781250001,6.609375,0.9107910156249999,0.6106933593749999,52.962,40.39528012033089,12.6,7.310266752998825
2800,0.07039550781250001,6.609375,0.6448730468749999,0.700791015625,60.577999999999996,34.68478306116387,13.6,7.761443164772902
2801,0.0450341796875,8.578125,0.9107910156249999,0.700791015625,32.565999999999995,36.55072398735762,9.6,8.8
2802,0.035395507812500004,22.609375,0.994873046875,0.680693359375,90.3,8.514101244406248,15.8,1.6
2803,0.0100341796875,22.609375,0.994873046875,0.680693359375,54.227999999999994,45.5137774305759,9.8,8.840814442120138
2804,0.035395507812500004,24.578125,0.994873046875,0.680693359375,90.3,8.514101244406248,15.8,1.6
2805,0.035395507812500004,22.609375,0.560791015625,0.680693359375,90.3,8.514101244406248,15.8,1.6
2806,0.035395507812500004,22.609375,0.994873046875,0.630791015625,94.35799999999999,5.98190738811627,14.4,1.0198039027185568
2807,0.0100341796875,24.578125,0.560791015625,0.630791015625,77.88000000000001,32.95742951141669,12.4,6.740919818541087
2808,0.044145507812500005,10.609375,0.732373046875,0.663193359375,40.858,35.78309008456369,9.0,8.221921916437786
2809,0.0187841796875,10.609375,0.732373046875,0.663193359375,33.373999999999995,36.91615667969785,6.0,8.62554346113913
2810,0.044145507812500005,28.578125,0.732373046875,0.663193359375,92.44,6.2328516747954135,15.0,1.4142135623730951
2811,0.044145507812500005,10.609375,0.998291015625,0.663193359375,33.586,36.51987601293301,9.0,8.221921916437786
2812,0.044145507812500005,10.609375,0.732373046875,0.718291015625,38.028,35.440405979615974,9.8,8.975522268926749
2813,0.0187841796875,28.578125,0.998291015625,0.718291015625,51.251999999999995,44.791405604200456,9.8,8.885943956609225
2814,0.0791455078125,26.609375,0.38237304687499996,0.593193359375,95.04400000000001,4.617625363755702,11.0,3.0983866769659336
2815,0.0537841796875,26.609375,0.38237304687499996,0.593193359375,94.00800000000001,5.525306869305995,13.4,1.0198039027185568
2816,0.0791455078125,12.578125,0.38237304687499996,0.593193359375,76.642,21.216184765409636,11.2,3.3105890714493698
2817,0.0791455078125,26.609375,0.6482910156249999,0.593193359375,95.04400000000001,4.617625363755702,11.0,3.0983866769659336
2818,0.0791455078125,26.609375,0.38237304687499996,0.6482910156249999,95.15799999999999,3.9731166607589077,14.0,0.8944271909999159
2819,0.0537841796875,12.578125,0.6482910156249999,0.6482910156249999,60.926,36.40078328827554,13.6,8.16333265278342
2820,0.06164550781250001,18.609375,0.9073730468749999,0.6981933593749999,90.97999999999999,11.547219578755744,15.0,1.4142135623730951
2821,0.0712841796875,18.609375,0.9073730468749999,0.6981933593749999,92.47999999999999,6.3526844719378275,14.8,1.1661903789690602
2822,0.06164550781250001,4.578125,0.9073730468749999,0.6981933593749999,34.754,36.55631797651399,9.0,8.221921916437786
2823,0.06164550781250001,18.609375,0.823291015625,0.6981933593749999,91.33,10.87958087428004,15.0,1.4142135623730951
2824,0.06164550781250001,18.609375,0.9073730468749999,0.613291015625,96.158,4.793885271885427,13.8,0.7483314773547882
2825,0.0712841796875,4.578125,0.823291015625,0.613291015625,56.983999999999995,38.402307534834414,12.6,7.310266752998825
2826,0.026645507812500004,34.609375,0.557373046875,0.628193359375,93.704,6.181448373965441,14.8,1.469693845669907
2827,0.0362841796875,34.609375,0.557373046875,0.628193359375,94.86999999999999,4.421927181670907,14.4,1.0198039027185568
2828,0.026645507812500004,20.578125,0.557373046875,0.628193359375,93.704,6.181448373965441,14.8,1.469693845669907
2829,0.026645507812500004,34.609375,0.473291015625,0.628193359375,93.704,6.181448373965441,14.8,1.469693845669907
2830,0.026645507812500004,34.609375,0.557373046875,0.6832910156249999,83.68799999999999,21.30007455386013,16.4,1.854723699099141
2831,0.0362841796875,20.578125,0.473291015625,0.6832910156249999,90.78600000000002,8.140583762851408,15.8,1.6
2832,0.0222705078125,4.609375,0.8636230468749999,0.5844433593749999,35.534000000000006,36.618647490042555,8.2,7.573638491504594
2833,0.0669091796875,4.609375,0.8636230468749999,0.5844433593749999,57.414,38.23403384420744,12.6,7.49933330370107
2834,0.0222705078125,26.578125,0.8636230468749999,0.5844433593749999,92.636,6.281606800811397,13.2,1.32664991614216
2835,0.0222705078125,4.609375,0.954541015625,0.5844433593749999,33.443999999999996,36.516298607608086,8.4,7.735631842325487
2836,0.0222705078125,4.609375,0.8636230468749999,0.7095410156249999,22.344,39.09242054414129,2.2,6.400000000000001
2837,0.0669091796875,26.578125,0.954541015625,0.7095410156249999,95.272,4.5867871108216915,15.2,1.469693845669907
2838,0.0572705078125,20.609375,0.513623046875,0.654443359375,96.166,4.336974060332849,14.4,1.2
2839,0.031909179687500004,20.609375,0.513623046875,0.654443359375,92.8,5.941003282274804,15.2,1.16619037896906
2840,0.0572705078125,10.578125,0.513623046875,0.654443359375,72.05,24.86185511984172,14.6,1.0198039027185568
2841,0.0572705078125,20.609375,0.604541015625,0.654443359375,96.166,4.336974060332849,14.4,1.2
2842,0.0572705078125,20.609375,0.513623046875,0.639541015625,92.628,6.863571664956954,14.2,1.16619037896906
2843,0.031909179687500004,10.578125,0.604541015625,0.639541015625,66.742,29.694922394241072,17.2,3.54400902933387
2844,0.0747705078125,12.609375,0.688623046875,0.619443359375,59.21600000000001,37.48044855654745,12.2,6.881860213634101
2845,0.0144091796875,12.609375,0.688623046875,0.619443359375,34.89,36.56857339301057,9.4,8.593020423576334
2846,0.0747705078125,18.578125,0.688623046875,0.619443359375,95.864,6.1592519026258365,13.8,0.7483314773547882
2847,0.0747705078125,12.609375,0.779541015625,0.619443359375,56.924,38.362865690664975,12.2,6.881860213634101
2848,0.0747705078125,12.609375,0.688623046875,0.604541015625,60.45399999999999,37.55321110104967,10.8,7.05407683541936
2849,0.0144091796875,18.578125,0.779541015625,0.604541015625,86.99,14.941282408146899,14.4,1.4966629547095764
2850,0.0397705078125,28.609375,0.338623046875,0.689443359375,91.876,6.676102455774627,15.8,1.6
2851,0.049409179687500006,28.609375,0.338623046875,0.689443359375,93.85400000000001,6.344435672303725,15.4,1.2
2852,0.0397705078125,34.578125,0.338623046875,0.689443359375,91.876,6.676102455774627,15.8,1.6
2853,0.0397705078125,28.609375,0.429541015625,0.689443359375,91.876,6.676102455774627,15.8,1.6
2854,0.0397705078125,28.609375,0.338623046875,0.674541015625,93.144,6.777060129584214,15.2,1.16619037896906
2855,0.049409179687500006,34.578125,0.429541015625,0.674541015625,93.156,5.601187731187018,15.0,1.4142135623730951
2856,0.0310205078125,16.609375,0.601123046875,0.706943359375,56.218,38.105174661717534,9.0,8.270429251254134
2857,0.05815917968750001,16.609375,0.601123046875,0.706943359375,67.084,30.339036635990933,12.2,6.734983296193095
2858,0.0310205078125,22.578125,0.601123046875,0.706943359375,78.658,26.62740723390094,16.6,1.854723699099141
2859,0.0310205078125,16.609375,0.692041015625,0.706943359375,52.812,41.38925000528519,9.0,8.270429251254134
2860,0.0310205078125,16.609375,0.601123046875,0.587041015625,90.456,10.140663883592632,13.2,1.32664991614216
2861,0.05815917968750001,22.578125,0.692041015625,0.587041015625,95.406,4.784260026378163,12.0,2.8284271247461903
2862,0.0660205078125,32.609375,0.951123046875,0.636943359375,94.252,5.050217421062184,14.0,0.8944271909999159
2863,0.023159179687500003,32.609375,0.951123046875,0.636943359375,91.976,6.722293061151085,15.2,1.16619037896906
2864,0.0660205078125,6.578125,0.951123046875,0.636943359375,52.077999999999996,40.957411246317804,13.0,7.615773105863909
2865,0.0660205078125,32.609375,0.342041015625,0.636943359375,94.252,5.050217421062184,14.0,0.8944271909999159
2866,0.0660205078125,32.609375,0.951123046875,0.657041015625,94.706,6.113459249884632,14.4,1.2
2867,0.023159179687500003,6.578125,0.342041015625,0.657041015625,69.042,26.401447233059024,16.2,1.7204650534085253
2868,0.0485205078125,8.609375,0.426123046875,0.6719433593749999,72.78999999999999,23.27314160142545,15.2,1.16619037896906
2869,0.040659179687500005,8.609375,0.426123046875,0.6719433593749999,73.07000000000001,22.739662266621288,15.4,1.2
2870,0.0485205078125,14.578125,0.426123046875,0.6719433593749999,73.938,23.947346742384635,15.0,1.4142135623730951
2871,0.0485205078125,8.609375,0.8670410156249999,0.6719433593749999,33.498000000000005,36.5408212277721,9.0,8.221921916437786
2872,0.0485205078125,8.609375,0.426123046875,0.692041015625,72.224,23.241108923629266,15.6,1.3564659966250536
2873,0.040659179687500005,14.578125,0.8670410156249999,0.692041015625,37.628,36.90757667471545,9.4,8.593020423576334
2874,0.0135205078125,24.609375,0.776123046875,0.601943359375,92.096,6.6940170301546145,14.4,1.4966629547095764
2875,0.0756591796875,24.609375,0.776123046875,0.601943359375,95.024,6.004093936640234,12.4,2.8
2876,0.0135205078125,30.578125,0.776123046875,0.601943359375,92.134,6.648162452888768,14.4,1.4966629547095764
2877,0.0135205078125,24.609375,0.517041015625,0.601943359375,92.096,6.6940170301546145,14.4,1.4966629547095764
2878,0.0135205078125,24.609375,0.776123046875,0.6220410156249999,84.4,19.615419444916288,15.4,1.4966629547095764
2879,0.0756591796875,30.578125,0.517041015625,0.6220410156249999,96.248,5.8523000606599105,14.0,0.8944271909999159
2880,0.012426757812500001,17.109375,0.9620605468749999,0.630380859375,66.72200000000001,36.29233384614442,12.2,6.734983296193095
2881,0.0220654296875,17.109375,0.9620605468749999,0.630380859375,79.34,23.47207958405049,15.4,1.4966629547095764
2882,0.012426757812500001,34.078125,0.9620605468749999,0.630380859375,81.912,22.912794155231264,16.0,1.7888543819998317
2883,0.012426757812500001,17.109375,0.899853515625,0.630380859375,67.542,35.41505916979386,12.0,6.572670690061994
2884,0.012426757812500001,17.109375,0.9620605468749999,0.637353515625,64.46600000000001,39.02722618890561,12.4,6.916646586316233
2885,0.0220654296875,34.078125,0.899853515625,0.637353515625,89.762,8.490920798123135,15.4,1.4966629547095764
2886,0.047426757812500005,33.109375,0.612060546875,0.7003808593749999,91.586,6.919420785007947,15.6,1.3564659966250536
2887,0.05706542968750001,33.109375,0.612060546875,0.7003808593749999,96.066,3.7098873298255284,15.4,1.2
2888,0.047426757812500005,18.078125,0.612060546875,0.7003808593749999,84.08599999999998,15.072483007122617,15.6,1.3564659966250536
2889,0.047426757812500005,33.109375,0.549853515625,0.7003808593749999,91.586,6.919420785007947,15.6,1.3564659966250536
2890,0.047426757812500005,33.109375,0.612060546875,0.7073535156249999,93.12,5.654049875973857,15.8,1.6
2891,0.05706542968750001,18.078125,0.549853515625,0.7073535156249999,88.25800000000001,12.370142117211106,15.4,1.2
2892,0.0649267578125,9.109375,0.7870605468749999,0.595380859375,59.424,37.185232875430536,11.2,7.547184905645283
2893,0.0745654296875,9.109375,0.7870605468749999,0.595380859375,59.196000000000005,37.274273487219034,10.6,7.172168430816444
2894,0.0649267578125,10.078125,0.7870605468749999,0.595380859375,59.446000000000005,37.31289567964406,11.0,7.293833011524188
2895,0.0649267578125,9.109375,0.724853515625,0.595380859375,62.286,34.643867913384035,11.0,7.293833011524188
2896,0.0649267578125,9.109375,0.7870605468749999,0.672353515625,59.870000000000005,37.35842555568958,13.4,7.683749084919419
2897,0.0745654296875,10.078125,0.724853515625,0.672353515625,61.69,34.58697211378875,12.8,7.249827584156743
2898,0.029926757812500003,25.109375,0.43706054687499996,0.6653808593749999,90.244,9.105129543284928,15.8,1.6
2899,0.0395654296875,25.109375,0.43706054687499996,0.6653808593749999,93.272,6.375309874821774,15.2,1.16619037896906
2900,0.029926757812500003,26.078125,0.43706054687499996,0.6653808593749999,90.244,9.105129543284928,15.8,1.6
2901,0.029926757812500003,25.109375,0.37485351562499997,0.6653808593749999,90.244,9.105129543284928,15.8,1.6
2902,0.029926757812500003,25.109375,0.43706054687499996,0.602353515625,92.912,5.950298816025964,14.0,1.2649110640673518
2903,0.0395654296875,26.078125,0.37485351562499997,0.602353515625,95.716,3.87447854555939,13.6,0.8
2904,0.038676757812500004,5.109375,0.524560546875,0.682880859375,70.586,27.046695620722318,15.8,1.6
2905,0.0308154296875,5.109375,0.524560546875,0.682880859375,65.086,30.240407140116353,16.4,1.7435595774162693
2906,0.038676757812500004,30.078125,0.524560546875,0.682880859375,92.002,6.751836490911196,15.8,1.6
2907,0.038676757812500004,5.109375,0.8123535156249999,0.682880859375,59.284000000000006,37.61839635072181,14.4,8.357032966310472
2908,0.038676757812500004,5.109375,0.524560546875,0.6548535156249999,70.902,26.827539879757893,15.2,1.16619037896906
2909,0.0308154296875,30.078125,0.8123535156249999,0.6548535156249999,92.47399999999999,6.403266666319624,15.2,1.16619037896906
2910,0.07367675781250001,21.109375,0.874560546875,0.6128808593749999,96.554,3.554780443290417,12.8,2.481934729198171
2911,0.06581542968750001,21.109375,0.874560546875,0.6128808593749999,95.59,5.675484120319606,13.8,0.7483314773547882
2912,0.07367675781250001,14.078125,0.874560546875,0.6128808593749999,60.739999999999995,34.59942600679959,10.0,6.06630035524124
2913,0.07367675781250001,21.109375,0.462353515625,0.6128808593749999,96.554,3.554780443290417,12.8,2.481934729198171
2914,0.07367675781250001,21.109375,0.874560546875,0.584853515625,96.486,4.5774211080039375,10.4,3.4985711369071804
2915,0.06581542968750001,14.078125,0.462353515625,0.584853515625,86.496,12.698120490844303,11.8,3.1874754901018454
2916,0.056176757812500006,13.109375,0.349560546875,0.717880859375,76.054,20.72508393227878,15.6,1.3564659966250536
2917,0.04831542968750001,13.109375,0.349560546875,0.717880859375,76.46600000000001,19.861965260265663,16.0,1.6733200530681511
2918,0.056176757812500006,6.078125,0.349560546875,0.717880859375,74.852,21.7207498949737,15.6,1.3564659966250536
2919,0.056176757812500006,13.109375,0.987353515625,0.717880859375,52.17,40.606449734001615,14.2,8.133879763065101
2920,0.056176757812500006,13.109375,0.349560546875,0.619853515625,80.18199999999999,17.770277881901567,14.0,0.8944271909999159
2921,0.04831542968750001,6.078125,0.987353515625,0.619853515625,31.131999999999998,36.96651371173646,5.2,7.652450587883597
2922,0.021176757812500002,29.109375,0.6995605468749999,0.647880859375,86.96400000000001,17.570546491216486,15.8,1.469693845669907
2923,0.013315429687500002,29.109375,0.6995605468749999,0.647880859375,75.752,33.95649357633971,12.8,6.968500556073739
2924,0.021176757812500002,22.078125,0.6995605468749999,0.647880859375,86.96400000000001,17.570546491216486,15.8,1.469693845669907
2925,0.021176757812500002,29.109375,0.637353515625,0.647880859375,86.96400000000001,17.570546491216486,15.8,1.469693845669907
2926,0.021176757812500002,29.109375,0.6995605468749999,0.689853515625,68.79400000000001,38.32001127348477,13.0,7.155417527999327
2927,0.013315429687500002,22.078125,0.637353515625,0.689853515625,56.34400000000001,45.14214775572824,9.8,8.840814442120138
2928,0.0255517578125,11.109375,0.305810546875,0.604130859375,79.508,17.05319958248305,14.2,1.16619037896906
2929,0.061440429687500006,11.109375,0.305810546875,0.604130859375,79.848,16.97540503198672,13.6,0.8
2930,0.0255517578125,24.078125,0.305810546875,0.604130859375,93.42,5.819865977838322,14.2,1.16619037896906
2931,0.0255517578125,11.109375,0.768603515625,0.604130859375,38.402,34.572621769255505,8.4,7.735631842325487
2932,0.0255517578125,11.109375,0.305810546875,0.663603515625,72.592,23.91498392221914,16.0,1.4142135623730951
2933,0.061440429687500006,24.078125,0.768603515625,0.663603515625,96.928,3.9733230424922654,14.4,1.2
2934,0.06055175781250001,27.109375,0.655810546875,0.674130859375,93.27799999999999,5.968009383370639,14.8,1.1661903789690602
2935,0.026440429687500003,27.109375,0.655810546875,0.674130859375,83.59400000000001,20.753441738661085,16.2,1.7204650534085253
2936,0.06055175781250001,8.078125,0.655810546875,0.674130859375,62.538,32.709862977395666,12.0,6.603029607687671
2937,0.06055175781250001,27.109375,0.418603515625,0.674130859375,93.27799999999999,5.968009383370639,14.8,1.1661903789690602
2938,0.06055175781250001,27.109375,0.655810546875,0.5936035156249999,94.822,6.368825323401481,12.4,2.4166091947189146
2939,0.026440429687500003,8.078125,0.418603515625,0.5936035156249999,73.90799999999999,22.622515686810782,14.0,1.4142135623730951
2940,0.0780517578125,19.109375,0.48081054687499997,0.6391308593749999,95.324,5.858196309445424,14.0,0.8944271909999159
2941,0.043940429687500004,19.109375,0.48081054687499997,0.6391308593749999,95.904,3.680856422084403,14.4,1.0198039027185568
2942,0.0780517578125,16.078125,0.48081054687499997,0.6391308593749999,92.438,9.841943710466953,14.0,0.8944271909999159
2943,0.0780517578125,19.109375,0.943603515625,0.6391308593749999,95.324,5.858196309445424,14.0,0.8944271909999159
2944,0.0780517578125,19.109375,0.48081054687499997,0.6286035156249999,96.114,5.020117926901719,14.0,0.8944271909999159
2945,0.043940429687500004,16.078125,0.943603515625,0.6286035156249999,79.23599999999999,22.77944213539919,14.2,1.16619037896906
2946,0.04305175781250001,35.109375,0.830810546875,0.709130859375,90.144,10.434998035457408,15.8,1.6
2947,0.07894042968750001,35.109375,0.830810546875,0.709130859375,93.514,6.003241124592614,14.8,1.1661903789690602
2948,0.04305175781250001,32.078125,0.830810546875,0.709130859375,90.144,10.434998035457408,15.8,1.6
2949,0.04305175781250001,35.109375,0.5936035156249999,0.709130859375,90.144,10.434998035457408,15.8,1.6
2950,0.04305175781250001,35.109375,0.830810546875,0.698603515625,92.66599999999998,6.020975336272356,15.8,1.6
2951,0.07894042968750001,32.078125,0.5936035156249999,0.698603515625,93.42600000000002,5.733500152611838,14.8,1.1661903789690602
2952,0.0343017578125,15.109375,0.743310546875,0.691630859375,55.17999999999999,39.59553055585946,12.8,7.19444229944198
2953,0.0701904296875,15.109375,0.743310546875,0.691630859375,58.918000000000006,37.73026604729948,11.8,6.554387843269576
2954,0.0343017578125,20.078125,0.743310546875,0.691630859375,86.816,15.826783122289887,15.8,1.6
2955,0.0343017578125,15.109375,0.8561035156249999,0.691630859375,53.492,40.33832044099011,12.8,7.19444229944198
2956,0.0343017578125,15.109375,0.743310546875,0.646103515625,59.322,37.19838082497678,11.8,6.554387843269576
2957,0.0701904296875,20.078125,0.8561035156249999,0.646103515625,94.434,5.826098523025508,14.0,0.8944271909999159
2958,0.0693017578125,31.109375,0.393310546875,0.621630859375,97.03,4.793019924849051,14.0,0.8944271909999159
2959,0.035190429687500004,31.109375,0.393310546875,0.621630859375,93.24600000000001,5.703067946289963,14.4,1.0198039027185568
2960,0.0693017578125,4.078125,0.393310546875,0.621630859375,77.658,19.683602719014626,14.0,0.8944271909999159
2961,0.0693017578125,31.109375,0.506103515625,0.621630859375,97.03,4.793019924849051,14.0,0.8944271909999159
2962,0.0693017578125,31.109375,0.393310546875,0.716103515625,95.562,4.49211932165654,15.2,1.469693845669907
2963,0.035190429687500004,4.078125,0.506103515625,0.716103515625,62.38599999999999,32.28819821544708,16.8,1.6
2964,0.05180175781250001,7.109375,0.9183105468749999,0.656630859375,37.465999999999994,36.86850449909787,9.0,8.221921916437786
2965,0.017690429687500002,7.109375,0.9183105468749999,0.656630859375,30.26,37.81362717328238,6.0,8.62554346113913
2966,0.05180175781250001,12.078125,0.9183105468749999,0.656630859375,33.858000000000004,37.01400405252045,9.0,8.221921916437786
2967,0.05180175781250001,7.109375,0.681103515625,0.656630859375,64.35,34.010667738225905,13.8,8.158431221748456
2968,0.05180175781250001,7.109375,0.9183105468749999,0.6811035156249999,36.674,36.74751235117828,9.0,8.221921916437786
2969,0.017690429687500002,12.078125,0.681103515625,0.6811035156249999,24.222,38.761077590799765,6.2,8.908422980528035
2970,0.016801757812500002,23.109375,0.568310546875,0.5866308593749999,94.49,4.59089098106239,13.4,1.624807680927192
2971,0.052690429687500005,23.109375,0.568310546875,0.5866308593749999,94.618,6.3560283196348335,12.4,2.1540659228538015
2972,0.016801757812500002,28.078125,0.568310546875,0.5866308593749999,94.49,4.59089098106239,13.4,1.624807680927192
2973,0.016801757812500002,23.109375,0.331103515625,0.5866308593749999,94.49,4.59089098106239,13.4,1.624807680927192
2974,0.016801757812500002,23.109375,0.568310546875,0.611103515625,91.352,7.092368856736089,14.6,1.3564659966250536
2975,0.052690429687500005,28.078125,0.331103515625,0.611103515625,96.926,3.570711973822586,14.0,0.8944271909999159
2976,0.0146142578125,6.109375,0.677685546875,0.713505859375,40.47,48.613615376764564,7.8,11.070682002478437
2977,0.037377929687500006,6.109375,0.677685546875,0.713505859375,54.58399999999999,38.651101200353914,15.0,8.740709353364863
2978,0.0146142578125,5.078125,0.677685546875,0.713505859375,40.739999999999995,48.404446076781,6.2,8.818163074019441
2979,0.0146142578125,6.109375,0.527978515625,0.713505859375,41.608,47.76717132089779,6.2,8.818163074019441
2980,0.0146142578125,6.109375,0.677685546875,0.676728515625,44.403999999999996,45.65805804017512,7.4,10.762899237658969
2981,0.037377929687500006,5.078125,0.527978515625,0.676728515625,70.622,26.73506940331369,15.8,1.6
2982,0.04961425781250001,22.109375,0.327685546875,0.6435058593749999,95.792,3.957288971000225,14.4,1.2
2983,0.07237792968750001,22.109375,0.327685546875,0.6435058593749999,94.71799999999999,4.520815855572973,14.0,0.8944271909999159
2984,0.04961425781250001,21.078125,0.327685546875,0.6435058593749999,95.792,3.957288971000225,14.4,1.2
2985,0.04961425781250001,22.109375,0.877978515625,0.6435058593749999,95.792,3.957288971000225,14.4,1.2
2986,0.04961425781250001,22.109375,0.327685546875,0.606728515625,95.572,3.9149222214496158,13.6,0.8
2987,0.07237792968750001,21.078125,0.877978515625,0.606728515625,96.814,3.9465914407245166,12.6,2.4166091947189146
2988,0.06711425781250001,14.109375,0.8526855468749999,0.678505859375,59.153999999999996,37.69742781676225,12.8,7.249827584156743
2989,0.05487792968750001,14.109375,0.8526855468749999,0.678505859375,57.65999999999999,38.15349787372057,13.6,7.9899937421752725
2990,0.06711425781250001,29.078125,0.8526855468749999,0.678505859375,94.442,5.154129994480154,14.8,1.1661903789690602
2991,0.06711425781250001,14.109375,0.352978515625,0.678505859375,78.52799999999999,20.725257441103114,14.8,1.1661903789690602
2992,0.06711425781250001,14.109375,0.8526855468749999,0.641728515625,58.46,37.88728546623524,11.2,6.20966987850401
2993,0.05487792968750001,29.078125,0.352978515625,0.641728515625,93.626,6.052416376952266,14.2,1.16619037896906
2994,0.032114257812500005,30.109375,0.502685546875,0.608505859375,93.53200000000001,6.450870948949452,14.0,1.2649110640673518
2995,0.0198779296875,30.109375,0.502685546875,0.608505859375,93.964,5.0285369641676105,14.4,1.4966629547095764
2996,0.032114257812500005,13.078125,0.502685546875,0.608505859375,69.998,25.95239518811318,14.4,1.0198039027185568
2997,0.032114257812500005,30.109375,0.7029785156249999,0.608505859375,93.53200000000001,6.450870948949452,14.0,1.2649110640673518
2998,0.032114257812500005,30.109375,0.502685546875,0.711728515625,78.36,26.945749943172856,16.6,1.854723699099141
2999,0.0198779296875,13.078125,0.7029785156249999,0.711728515625,42.65,46.89421456853713,7.4,10.594338110519223
3000,0.040864257812500006,18.109375,0.415185546875,0.5910058593749999,92.46000000000001,6.19581794438797,13.2,1.32664991614216
3001,0.0111279296875,18.109375,0.415185546875,0.5910058593749999,89.542,9.996756273912052,14.0,2.0
3002,0.040864257812500006,9.078125,0.415185546875,0.5910058593749999,74.75,22.565930957972906,13.4,1.0198039027185568
3003,0.040864257812500006,18.109375,0.44047851562499996,0.5910058593749999,92.46000000000001,6.19581794438797,13.2,1.32664991614216
3004,0.040864257812500006,18.109375,0.415185546875,0.6242285156249999,92.352,6.252696698225492,14.2,1.16619037896906
3005,0.0111279296875,9.078125,0.44047851562499996,0.6242285156249999,66.86600000000001,30.4308814200312,16.0,1.7888543819998317
3006,0.0758642578125,34.109375,0.765185546875,0.661005859375,95.436,4.919181232684967,14.4,1.2
3007,0.046127929687500006,34.109375,0.765185546875,0.661005859375,91.06,7.3098317354095075,14.8,1.1661903789690602
3008,0.0758642578125,25.078125,0.765185546875,0.661005859375,95.436,4.919181232684967,14.4,1.2
3009,0.0758642578125,34.109375,0.7904785156249999,0.661005859375,95.436,4.919181232684967,14.4,1.2
3010,0.0758642578125,34.109375,0.765185546875,0.694228515625,93.34,5.910411153210917,14.8,1.1661903789690602
3011,0.046127929687500006,25.078125,0.7904785156249999,0.694228515625,91.278,7.1554298263626315,15.6,1.3564659966250536
3012,0.05836425781250001,10.109375,0.5901855468749999,0.626005859375,68.762,29.129901064026974,15.8,3.1874754901018454
3013,0.0636279296875,10.109375,0.5901855468749999,0.626005859375,69.024,28.859364927177452,15.4,2.4166091947189146
3014,0.05836425781250001,33.078125,0.5901855468749999,0.626005859375,94.888,5.914664487525901,14.0,0.8944271909999159
3015,0.05836425781250001,10.109375,0.615478515625,0.626005859375,67.718,29.999809599395793,19.0,6.29285308902091
3016,0.05836425781250001,10.109375,0.5901855468749999,0.659228515625,68.86,28.162043249735984,16.6,3.3823069050575527
3017,0.0636279296875,33.078125,0.615478515625,0.659228515625,95.572,5.2165406161554975,14.4,1.2
3018,0.0233642578125,26.109375,0.940185546875,0.6960058593749999,70.486,36.71970348464159,13.0,7.155417527999327
3019,0.028627929687500005,26.109375,0.940185546875,0.6960058593749999,79.304,25.528409742872743,16.6,1.854723699099141
3020,0.0233642578125,17.078125,0.940185546875,0.6960058593749999,44.25,45.88616610700876,5.4,7.8383671769061705
3021,0.0233642578125,26.109375,0.9654785156249999,0.6960058593749999,70.486,36.71970348464159,13.0,7.155417527999327
3022,0.0233642578125,26.109375,0.940185546875,0.589228515625,92.548,6.852192058020559,13.2,1.32664991614216
3023,0.028627929687500005,17.078125,0.9654785156249999,0.589228515625,93.76,5.809178943706246,13.2,1.32664991614216
3024,0.0189892578125,12.109375,0.633935546875,0.652255859375,55.068000000000005,38.57401788769223,14.8,8.518215775618742
3025,0.0767529296875,12.109375,0.633935546875,0.652255859375,61.6,36.04976615735531,12.4,6.974238309665077
3026,0.0189892578125,15.078125,0.633935546875,0.652255859375,57.938,37.05135808577062,12.8,7.110555533852471
3027,0.0189892578125,12.109375,0.396728515625,0.652255859375,65.51,29.47841515414287,16.2,1.7204650534085253
3028,0.0189892578125,12.109375,0.633935546875,0.615478515625,60.458000000000006,36.22614547533315,13.8,8.231646250902672
3029,0.0767529296875,15.078125,0.396728515625,0.615478515625,88.99600000000001,13.526119325216678,12.8,2.481934729198171
3030,0.053989257812500004,28.109375,0.983935546875,0.5822558593749999,95.952,5.219269680712046,12.0,2.6076809620810595
3031,0.0417529296875,28.109375,0.983935546875,0.5822558593749999,92.942,6.415987531159955,13.0,1.6733200530681511
3032,0.053989257812500004,31.078125,0.983935546875,0.5822558593749999,95.952,5.219269680712046,12.0,2.6076809620810595
3033,0.053989257812500004,28.109375,0.746728515625,0.5822558593749999,95.952,5.219269680712046,12.0,2.6076809620810595
3034,0.053989257812500004,28.109375,0.983935546875,0.685478515625,94.454,4.744300159138332,15.0,1.4142135623730951
3035,0.0417529296875,31.078125,0.746728515625,0.685478515625,91.74199999999999,6.763018261102063,15.6,1.3564659966250536
3036,0.0714892578125,4.109375,0.458935546875,0.687255859375,72.728,24.724259665357017,14.8,1.1661903789690602
3037,0.0242529296875,4.109375,0.458935546875,0.687255859375,60.492000000000004,34.3628237489296,12.8,6.997142273814361
3038,0.0714892578125,23.078125,0.458935546875,0.687255859375,93.304,6.006931329722358,14.8,1.1661903789690602
3039,0.0714892578125,4.109375,0.571728515625,0.687255859375,67.818,29.282263163901796,14.8,1.1661903789690602
3040,0.0714892578125,4.109375,0.458935546875,0.6504785156249999,73.542,23.551644019048865,14.4,1.2
3041,0.0242529296875,23.078125,0.571728515625,0.6504785156249999,89.576,11.891275120860675,15.6,1.624807680927192
3042,0.0364892578125,20.109375,0.8089355468749999,0.6172558593749999,91.67,6.892192684480025,14.2,1.16619037896906
3043,0.059252929687500004,20.109375,0.8089355468749999,0.6172558593749999,97.534,3.8404874690591004,14.0,0.8944271909999159
3044,0.0364892578125,7.078125,0.8089355468749999,0.6172558593749999,38.62,37.0907422411577,8.4,7.735631842325487
3045,0.0364892578125,20.109375,0.9217285156249999,0.6172558593749999,91.67,6.892192684480025,14.2,1.16619037896906
3046,0.0364892578125,20.109375,0.8089355468749999,0.580478515625,90.742,7.560490460281001,13.0,1.6733200530681511
3047,0.059252929687500004,7.078125,0.9217285156249999,0.580478515625,58.181999999999995,37.964785999660265,11.6,8.089499366462674
3048,0.0277392578125,8.109375,0.896435546875,0.634755859375,32.34,36.57799065011636,9.2,8.423775875461075
3049,0.0505029296875,8.109375,0.896435546875,0.634755859375,32.538,36.556905995994796,8.4,7.735631842325487
3050,0.0277392578125,19.078125,0.896435546875,0.634755859375,92.436,7.576919162826013,15.0,1.4142135623730951
3051,0.0277392578125,8.109375,0.48422851562499997,0.634755859375,70.046,25.326066887694978,15.2,1.16619037896906
3052,0.0277392578125,8.109375,0.896435546875,0.667978515625,30.762,36.900016476961085,9.8,8.975522268926749
3053,0.0505029296875,19.078125,0.48422851562499997,0.667978515625,91.032,7.3283542490793945,14.8,1.1661903789690602
3054,0.0627392578125,24.109375,0.546435546875,0.704755859375,95.53200000000001,4.293406107043685,15.2,1.469693845669907
3055,0.0155029296875,24.109375,0.546435546875,0.704755859375,51.854,44.87481770436511,10.0,9.033271832508971
3056,0.0627392578125,35.078125,0.546435546875,0.704755859375,95.53200000000001,4.293406107043685,15.2,1.469693845669907
3057,0.0627392578125,24.109375,0.834228515625,0.704755859375,95.53200000000001,4.293406107043685,15.2,1.469693845669907
3058,0.0627392578125,24.109375,0.546435546875,0.5979785156249999,94.826,6.339960883160086,12.4,2.4166091947189146
3059,0.0155029296875,35.078125,0.834228515625,0.5979785156249999,93.022,5.738691139972599,14.2,1.7204650534085253
3060,0.0452392578125,16.109375,0.721435546875,0.599755859375,90.158,11.213888531637899,13.4,1.0198039027185568
3061,0.0330029296875,16.109375,0.721435546875,0.599755859375,88.674,15.273621181632075,13.6,1.2
3062,0.0452392578125,27.078125,0.721435546875,0.599755859375,94.096,5.101508012343017,13.4,1.0198039027185568
3063,0.0452392578125,16.109375,0.309228515625,0.599755859375,92.34400000000001,7.42115516614496,13.4,1.0198039027185568
3064,0.0452392578125,16.109375,0.721435546875,0.632978515625,82.774,19.052655038078026,14.2,1.16619037896906
3065,0.0330029296875,27.078125,0.309228515625,0.632978515625,93.638,6.314381679943019,14.4,1.0198039027185568
3066,0.0102392578125,32.109375,0.37143554687499997,0.6697558593749999,60.3,43.90133300937456,9.6,8.662563131083086
3067,0.0680029296875,32.109375,0.37143554687499997,0.6697558593749999,96.456,4.775866832314319,14.4,1.2
3068,0.0102392578125,11.078125,0.37143554687499997,0.6697558593749999,52.318000000000005,42.48496129220315,9.8,8.840814442120138
3069,0.0102392578125,32.109375,0.659228515625,0.6697558593749999,60.3,43.90133300937456,9.6,8.662563131083086
3070,0.0102392578125,32.109375,0.37143554687499997,0.7029785156249999,43.739999999999995,46.44082686602382,6.4,9.068627239003707
3071,0.0680029296875,11.078125,0.659228515625,0.7029785156249999,63.34400000000001,31.072357232755934,16.6,1.9595917942265426
3072,0.010170898437500001,8.015625,0.6687988281249999,0.650751953125,48.454,42.95317059310058,10.0,9.033271832508971
3073,0.0788720703125,8.015625,0.6687988281249999,0.650751953125,62.3,32.765243170164325,11.4,6.280127387243033
3074,0.010170898437500001,13.109375,0.6687988281249999,0.650751953125,48.146,43.300302816493094,11.2,10.361467077590895
3075,0.010170898437500001,8.015625,0.7392089843749999,0.650751953125,46.59,44.352553026855176,11.4,10.44222198576529
3076,0.010170898437500001,8.015625,0.6687988281249999,0.6492480468749999,48.870000000000005,42.75496883404313,10.0,9.033271832508971
3077,0.0788720703125,13.109375,0.7392089843749999,0.6492480468749999,60.286,35.60074021702358,12.4,6.974238309665077
3078,0.0451708984375,24.015625,0.318798828125,0.5807519531249999,94.99000000000001,5.935816708760471,13.0,1.6733200530681511
3079,0.043872070312500004,24.015625,0.318798828125,0.5807519531249999,94.788,6.095589881217402,13.0,1.6733200530681511
3080,0.0451708984375,29.109375,0.318798828125,0.5807519531249999,94.99000000000001,5.935816708760471,13.0,1.6733200530681511
3081,0.0451708984375,24.015625,0.38920898437499996,0.5807519531249999,94.99000000000001,5.935816708760471,13.0,1.6733200530681511
3082,0.0451708984375,24.015625,0.318798828125,0.719248046875,88.76,12.003017953831446,15.8,1.6
3083,0.043872070312500004,29.109375,0.38920898437499996,0.719248046875,87.108,13.810389422460181,15.8,1.6
3084,0.0626708984375,16.015625,0.843798828125,0.6857519531249999,70.016,25.333216613766204,15.0,1.4142135623730951
3085,0.026372070312500002,16.015625,0.843798828125,0.6857519531249999,52.49400000000001,41.420817761121036,9.0,8.270429251254134
3086,0.0626708984375,21.109375,0.843798828125,0.6857519531249999,91.26,7.226736469527581,14.8,1.1661903789690602
3087,0.0626708984375,16.015625,0.9142089843749999,0.6857519531249999,68.53999999999999,26.862243391049827,15.0,1.4142135623730951
3088,0.0626708984375,16.015625,0.843798828125,0.684248046875,70.756,25.10563092216565,15.0,1.4142135623730951
3089,0.026372070312500002,21.109375,0.9142089843749999,0.684248046875,82.27799999999999,23.211444073990744,16.4,1.854723699099141
3090,0.0276708984375,32.015625,0.493798828125,0.615751953125,92.16199999999999,6.8773494894472265,14.4,1.0198039027185568
3091,0.061372070312500006,32.015625,0.493798828125,0.615751953125,96.85400000000001,4.3793131881609035,14.0,0.8944271909999159
3092,0.0276708984375,5.109375,0.493798828125,0.615751953125,71.91,25.85291937093372,14.4,1.0198039027185568
3093,0.0276708984375,32.015625,0.564208984375,0.615751953125,92.16199999999999,6.8773494894472265,14.4,1.0198039027185568
3094,0.0276708984375,32.015625,0.493798828125,0.614248046875,91.792,7.049134414947695,14.4,1.0198039027185568
3095,0.061372070312500006,5.109375,0.564208984375,0.614248046875,70.88199999999999,27.105883051470578,14.0,0.8944271909999159
3096,0.0364208984375,12.015625,0.40629882812499996,0.6332519531249999,73.162,23.95451139138513,14.8,1.1661903789690602
3097,0.052622070312500005,12.015625,0.40629882812499996,0.6332519531249999,71.646,25.11960158919723,14.6,1.0198039027185568
3098,0.0364208984375,17.109375,0.40629882812499996,0.6332519531249999,91.962,10.699355868462366,14.4,1.0198039027185568
3099,0.0364208984375,12.015625,0.826708984375,0.6332519531249999,35.228,36.7959989129253,8.8,8.109253973085318
3100,0.0364208984375,12.015625,0.40629882812499996,0.666748046875,72.11,24.615841240957007,15.6,1.3564659966250536
3101,0.052622070312500005,17.109375,0.826708984375,0.666748046875,84.136,16.452511783919196,14.8,1.1661903789690602
3102,0.0714208984375,28.015625,0.7562988281249999,0.703251953125,92.218,6.980685926182326,14.8,1.1661903789690602
3103,0.0176220703125,28.015625,0.7562988281249999,0.703251953125,58.004,43.947994994083636,9.6,8.685620300243386
3104,0.0714208984375,33.109375,0.7562988281249999,0.703251953125,92.218,6.980685926182326,14.8,1.1661903789690602
3105,0.0714208984375,28.015625,0.476708984375,0.703251953125,92.218,6.980685926182326,14.8,1.1661903789690602
3106,0.0714208984375,28.015625,0.7562988281249999,0.5967480468749999,93.534,7.259326690540932,12.2,2.7856776554368237
3107,0.0176220703125,33.109375,0.476708984375,0.5967480468749999,91.574,6.917067586774034,14.0,1.4142135623730951
3108,0.0539208984375,4.015625,0.581298828125,0.598251953125,66.312,29.95926995105188,13.8,0.7483314773547882
3109,0.0351220703125,4.015625,0.581298828125,0.598251953125,67.952,29.369137134073245,14.0,0.8944271909999159
3110,0.0539208984375,25.109375,0.581298828125,0.598251953125,92.408,6.499635066678743,13.4,1.0198039027185568
3111,0.0539208984375,4.015625,0.6517089843749999,0.598251953125,63.25999999999999,32.81614663545981,10.8,5.946427498927402
3112,0.0539208984375,4.015625,0.581298828125,0.631748046875,66.014,30.043841032730814,14.6,1.0198039027185568
3113,0.0351220703125,25.109375,0.6517089843749999,0.631748046875,94.526,5.726135171300096,14.4,1.0198039027185568
3114,0.0189208984375,20.015625,0.9312988281249999,0.668251953125,75.182,30.93850507054276,12.6,6.887670143089026
3115,0.0701220703125,20.015625,0.9312988281249999,0.668251953125,95.97,5.365064771277229,14.4,1.2
3116,0.0189208984375,9.109375,0.9312988281249999,0.668251953125,29.174,38.390958102136494,6.0,8.62554346113913
3117,0.0189208984375,20.015625,0.301708984375,0.668251953125,75.182,30.93850507054276,12.6,6.887670143089026
3118,0.0189208984375,20.015625,0.9312988281249999,0.7017480468749999,61.822,43.14817280024729,9.4,8.5463442476886
3119,0.0701220703125,9.109375,0.301708984375,0.7017480468749999,79.08,17.722451297718383,15.0,1.4142135623730951
3120,0.023295898437500004,18.015625,0.625048828125,0.7120019531249999,49.815999999999995,42.17180034098615,9.4,8.5463442476886
3121,0.0394970703125,18.015625,0.625048828125,0.7120019531249999,75.404,26.54264990538812,16.2,1.7204650534085253
3122,0.023295898437500004,7.109375,0.625048828125,0.7120019531249999,46.525999999999996,44.078174009366585,7.2,10.43839068055991
3123,0.023295898437500004,18.015625,0.8704589843749999,0.7120019531249999,45.452,44.81587281310049,5.6,8.089499366462675
3124,0.023295898437500004,18.015625,0.625048828125,0.657998046875,75.978,26.67855648268849,16.2,1.7204650534085253
3125,0.0394970703125,7.109375,0.8704589843749999,0.657998046875,37.7,36.91300637986562,9.0,8.221921916437786
3126,0.05829589843750001,34.015625,0.975048828125,0.642001953125,92.96000000000001,6.66228789531044,14.2,1.16619037896906
3127,0.0744970703125,34.015625,0.975048828125,0.642001953125,95.196,4.249774582257276,14.0,0.8944271909999159
3128,0.05829589843750001,23.109375,0.975048828125,0.642001953125,92.96000000000001,6.66228789531044,14.2,1.16619037896906
3129,0.05829589843750001,34.015625,0.5204589843749999,0.642001953125,92.96000000000001,6.66228789531044,14.2,1.16619037896906
3130,0.05829589843750001,34.015625,0.975048828125,0.587998046875,94.234,6.364905655231664,12.2,2.481934729198171
3131,0.0744970703125,23.109375,0.5204589843749999,0.587998046875,96.214,4.816490838774637,10.6,3.3823069050575527
3132,0.0757958984375,10.015625,0.45004882812499997,0.677001953125,74.91199999999999,22.02951057104992,14.6,1.0198039027185568
3133,0.05699707031250001,10.015625,0.45004882812499997,0.677001953125,71.94800000000001,24.452575651656822,15.0,1.4142135623730951
3134,0.0757958984375,31.109375,0.45004882812499997,0.677001953125,96.224,5.238330268320239,14.4,1.2
3135,0.0757958984375,10.015625,0.695458984375,0.677001953125,63.260000000000005,33.143224345256456,12.8,7.249827584156743
3136,0.0757958984375,10.015625,0.45004882812499997,0.6229980468749999,75.172,21.99704561980995,14.0,0.8944271909999159
3137,0.05699707031250001,31.109375,0.695458984375,0.6229980468749999,96.452,4.270360172163468,14.0,0.8944271909999159
3138,0.040795898437500006,26.015625,0.800048828125,0.6070019531249999,96.96000000000001,2.8362228403283147,13.8,0.9797958971132713
3139,0.021997070312500002,26.015625,0.800048828125,0.6070019531249999,93.49000000000001,5.624204832685239,14.2,1.16619037896906
3140,0.040795898437500006,15.109375,0.800048828125,0.6070019531249999,78.84400000000001,23.659289592039737,14.0,1.2649110640673518
3141,0.040795898437500006,26.015625,0.345458984375,0.6070019531249999,96.96000000000001,2.8362228403283147,13.8,0.9797958971132713
3142,0.040795898437500006,26.015625,0.800048828125,0.692998046875,92.054,6.584094774530511,15.8,1.6
3143,0.021997070312500002,15.109375,0.345458984375,0.692998046875,57.94200000000001,37.906372234757576,13.2,7.222188034107115
3144,0.032045898437500005,6.015625,0.8875488281249999,0.589501953125,33.544,36.76961876332144,8.2,7.547184905645283
3145,0.013247070312500001,6.015625,0.8875488281249999,0.589501953125,32.882,36.78298106461737,8.6,7.939773296511683
3146,0.032045898437500005,11.109375,0.8875488281249999,0.589501953125,33.71,36.360806371696434,8.4,7.735631842325487
3147,0.032045898437500005,6.015625,0.782958984375,0.589501953125,36.256,36.90901385840591,8.2,7.547184905645283
3148,0.032045898437500005,6.015625,0.8875488281249999,0.640498046875,33.194,36.82081672097999,9.0,8.221921916437786
3149,0.013247070312500001,11.109375,0.782958984375,0.640498046875,31.821999999999996,36.78595949543793,6.0,8.62554346113913
3150,0.0670458984375,22.015625,0.5375488281249999,0.6595019531249999,94.876,6.133950113915174,14.4,1.2
3151,0.04824707031250001,22.015625,0.5375488281249999,0.6595019531249999,91.19800000000001,7.3198262274455645,14.8,1.1661903789690602
3152,0.0670458984375,27.109375,0.5375488281249999,0.6595019531249999,94.876,6.133950113915174,14.4,1.2
3153,0.0670458984375,22.015625,0.43295898437499997,0.6595019531249999,94.876,6.133950113915174,14.4,1.2
3154,0.0670458984375,22.015625,0.5375488281249999,0.710498046875,95.138,4.923593809403856,15.2,1.469693845669907
3155,0.04824707031250001,27.109375,0.43295898437499997,0.710498046875,93.622,5.226985364433308,15.8,1.6
3156,0.049545898437500006,14.015625,0.712548828125,0.624501953125,60.96,36.730520823968725,11.2,6.20966987850401
3157,0.0657470703125,14.015625,0.712548828125,0.624501953125,62.988,36.31181923286135,11.0,6.06630035524124
3158,0.049545898437500006,35.109375,0.712548828125,0.624501953125,91.42800000000001,7.165660890664586,14.0,0.8944271909999159
3159,0.049545898437500006,14.015625,0.957958984375,0.624501953125,55.826,38.85393962006942,11.2,6.20966987850401
3160,0.049545898437500006,14.015625,0.712548828125,0.6754980468749999,61.327999999999996,36.62367944376971,14.0,8.48528137423857
3161,0.0657470703125,35.109375,0.957958984375,0.6754980468749999,95.21,4.472592089605311,14.6,1.3564659966250536
3162,0.0145458984375,30.015625,0.362548828125,0.694501953125,56.19200000000001,44.788337053299934,9.8,8.840814442120138
3163,0.0307470703125,30.015625,0.362548828125,0.694501953125,83.502,20.569858920274587,16.4,1.854723699099141
3164,0.0145458984375,19.109375,0.362548828125,0.694501953125,52.032,43.97980190951296,9.8,8.840814442120138
3165,0.0145458984375,30.015625,0.607958984375,0.694501953125,56.19200000000001,44.788337053299934,9.8,8.840814442120138
3166,0.0145458984375,30.015625,0.362548828125,0.605498046875,92.46600000000001,6.479986419738856,14.4,1.4966629547095764
3167,0.0307470703125,19.109375,0.607958984375,0.605498046875,92.848,6.357444140533207,14.0,1.2649110640673518
3168,0.0167333984375,15.015625,0.9969238281249999,0.6026269531249999,71.664,31.181211394043046,14.8,1.9390719429665315
3169,0.059184570312500004,15.015625,0.9969238281249999,0.6026269531249999,75.16,28.296131891126038,13.6,0.8
3170,0.0167333984375,26.109375,0.9969238281249999,0.6026269531249999,94.13000000000001,4.869114909303331,14.4,1.4966629547095764
3171,0.0167333984375,15.015625,0.411083984375,0.6026269531249999,84.814,15.214299326620333,14.4,1.4966629547095764
3172,0.0167333984375,15.015625,0.9969238281249999,0.671123046875,24.994,38.72983532110613,6.2,8.908422980528035
3173,0.059184570312500004,26.109375,0.411083984375,0.671123046875,93.554,5.591420570838861,14.8,1.1661903789690602
3174,0.05173339843750001,31.015625,0.646923828125,0.672626953125,91.75,6.737845352929971,15.0,1.4142135623730951
3175,0.0241845703125,31.015625,0.646923828125,0.672626953125,84.474,20.9110703695435,16.2,1.7204650534085253
3176,0.05173339843750001,10.109375,0.646923828125,0.672626953125,64.076,32.028647551840216,14.2,8.471127433818948
3177,0.05173339843750001,31.015625,0.7610839843749999,0.672626953125,91.75,6.737845352929971,15.0,1.4142135623730951
3178,0.05173339843750001,31.015625,0.646923828125,0.601123046875,93.59400000000001,5.597133552096108,13.6,0.8
3179,0.0241845703125,10.109375,0.7610839843749999,0.601123046875,39.624,36.25985140620408,8.4,7.735631842325487
3180,0.06923339843750001,7.015625,0.8219238281249999,0.637626953125,59.672000000000004,37.50783939391871,12.8,7.386474125047755
3181,0.0416845703125,7.015625,0.8219238281249999,0.637626953125,39.525999999999996,37.29511903721451,8.6,7.914543574963752
3182,0.06923339843750001,18.109375,0.8219238281249999,0.637626953125,94.69,4.888889444444413,14.0,0.8944271909999159
3183,0.06923339843750001,7.015625,0.586083984375,0.637626953125,68.286,30.316409813828553,11.0,6.06630035524124
3184,0.06923339843750001,7.015625,0.8219238281249999,0.636123046875,59.884,37.44834607829831,12.6,7.310266752998825
3185,0.0416845703125,18.109375,0.586083984375,0.636123046875,95.982,3.487832564788627,14.4,1.0198039027185568
3186,0.0342333984375,23.015625,0.471923828125,0.707626953125,83.702,20.775794954706306,16.6,1.854723699099141
3187,0.0766845703125,23.015625,0.471923828125,0.707626953125,93.242,5.93750250526263,14.8,1.1661903789690602
3188,0.0342333984375,34.109375,0.471923828125,0.707626953125,83.702,20.775794954706306,16.6,1.854723699099141
3189,0.0342333984375,23.015625,0.936083984375,0.707626953125,83.702,20.775794954706306,16.6,1.854723699099141
3190,0.0342333984375,23.015625,0.471923828125,0.7061230468749999,83.66,20.64458379333427,16.6,1.854723699099141
3191,0.0766845703125,34.109375,0.936083984375,0.7061230468749999,93.392,5.948349014642633,14.8,1.1661903789690602
3192,0.04298339843750001,11.015625,0.5594238281249999,0.6901269531249999,67.228,27.85974687609347,15.8,1.6
3193,0.0679345703125,11.015625,0.5594238281249999,0.6901269531249999,67.508,27.600599558705245,15.0,1.4142135623730951
3194,0.04298339843750001,22.109375,0.5594238281249999,0.6901269531249999,91.696,6.9067404757960915,15.6,1.3564659966250536
3195,0.04298339843750001,11.015625,0.49858398437499996,0.6901269531249999,69.97200000000001,25.578852515310373,15.8,1.6
3196,0.04298339843750001,11.015625,0.5594238281249999,0.6186230468749999,66.67999999999999,28.096016087694714,14.4,1.0198039027185568
3197,0.0679345703125,22.109375,0.49858398437499996,0.6186230468749999,96.642,5.239398438752298,14.0,0.8944271909999159
3198,0.0779833984375,27.015625,0.909423828125,0.620126953125,96.012,5.842788375424873,13.8,0.7483314773547882
3199,0.0329345703125,27.015625,0.909423828125,0.620126953125,93.44,5.639187884793341,14.4,1.0198039027185568
3200,0.0779833984375,6.109375,0.909423828125,0.620126953125,52.681999999999995,40.44895667381299,12.4,7.08801805866774
3201,0.0779833984375,27.015625,0.848583984375,0.620126953125,96.012,5.842788375424873,13.8,0.7483314773547882
3202,0.0779833984375,27.015625,0.909423828125,0.688623046875,94.614,5.356717651696791,14.6,1.3564659966250536
3203,0.0329345703125,6.109375,0.848583984375,0.688623046875,30.542,36.68687307471161,9.8,8.975522268926749
3204,0.06048339843750001,19.015625,0.384423828125,0.6551269531249999,95.47800000000001,4.988997494487242,14.4,1.2
3205,0.0154345703125,19.015625,0.384423828125,0.6551269531249999,73.754,34.039446293969,12.6,6.887670143089026
3206,0.06048339843750001,14.109375,0.384423828125,0.6551269531249999,77.248,20.64642090048539,14.4,1.2
3207,0.06048339843750001,19.015625,0.32358398437499997,0.6551269531249999,95.47800000000001,4.988997494487242,14.4,1.2
3208,0.06048339843750001,19.015625,0.384423828125,0.653623046875,95.284,5.330593212767222,14.4,1.2
3209,0.0154345703125,14.109375,0.32358398437499997,0.653623046875,66.3,33.05288368660139,12.6,6.887670143089026
3210,0.025483398437500002,35.015625,0.734423828125,0.585126953125,94.03,4.943067873294883,13.2,1.32664991614216
3211,0.0504345703125,35.015625,0.734423828125,0.585126953125,94.76400000000001,5.9968945296711675,13.2,1.32664991614216
3212,0.025483398437500002,30.109375,0.734423828125,0.585126953125,94.03,4.943067873294883,13.2,1.32664991614216
3213,0.025483398437500002,35.015625,0.673583984375,0.585126953125,94.03,4.943067873294883,13.2,1.32664991614216
3214,0.025483398437500002,35.015625,0.734423828125,0.583623046875,93.376,5.610139392207648,13.2,1.32664991614216
3215,0.0504345703125,30.109375,0.673583984375,0.583623046875,95.13199999999999,5.265743632194795,12.4,2.1540659228538015
3216,0.021108398437500002,5.015625,0.34067382812499997,0.6288769531249999,79.58,18.20202076693684,15.4,1.4966629547095764
3217,0.019809570312500004,5.015625,0.34067382812499997,0.6288769531249999,77.514,19.60064958107256,15.4,1.4966629547095764
3218,0.021108398437500002,32.109375,0.34067382812499997,0.6288769531249999,94.336,4.799602483539651,15.2,1.16619037896906
3219,0.021108398437500002,5.015625,0.5423339843749999,0.6288769531249999,70.742,26.853208672335604,15.4,1.4966629547095764
3220,0.021108398437500002,5.015625,0.34067382812499997,0.627373046875,79.302,18.052605795286173,15.2,1.16619037896906
3221,0.019809570312500004,32.109375,0.5423339843749999,0.627373046875,94.39200000000001,4.697601089918131,15.0,1.2649110640673518
3222,0.056108398437500005,21.015625,0.690673828125,0.698876953125,95.9,3.8312869900335063,15.4,1.2
3223,0.05480957031250001,21.015625,0.690673828125,0.698876953125,94.874,4.872123151152892,15.4,1.2
3224,0.056108398437500005,16.109375,0.690673828125,0.698876953125,65.69,31.314152072186147,12.2,6.734983296193095
3225,0.056108398437500005,21.015625,0.892333984375,0.698876953125,95.9,3.8312869900335063,15.4,1.2
3226,0.056108398437500005,21.015625,0.690673828125,0.697373046875,96.018,3.7723965857263724,15.4,1.2
3227,0.05480957031250001,16.109375,0.892333984375,0.697373046875,61.306,33.14582181814173,12.2,6.734983296193095
3228,0.0736083984375,13.015625,0.515673828125,0.593876953125,75.396,20.345815884353225,12.0,3.1622776601683795
3229,0.0723095703125,13.015625,0.515673828125,0.593876953125,75.392,20.349752234363937,12.0,3.1622776601683795
3230,0.0736083984375,8.109375,0.515673828125,0.593876953125,69.598,26.420024526862193,12.2,3.1874754901018454
3231,0.0736083984375,13.015625,0.367333984375,0.593876953125,80.80799999999999,16.009470197355064,12.0,3.1622776601683795
3232,0.0736083984375,13.015625,0.515673828125,0.662373046875,69.71600000000001,26.31530854844761,14.6,1.0198039027185568
3233,0.0723095703125,8.109375,0.367333984375,0.662373046875,76.574,19.646900620708603,14.4,1.2
3234,0.038608398437500004,29.015625,0.865673828125,0.663876953125,93.15400000000001,6.281527202838492,15.2,1.16619037896906
3235,0.037309570312500005,29.015625,0.865673828125,0.663876953125,93.092,6.2114262452354705,15.2,1.16619037896906
3236,0.038608398437500004,24.109375,0.865673828125,0.663876953125,93.15400000000001,6.281527202838492,15.2,1.16619037896906
3237,0.038608398437500004,29.015625,0.717333984375,0.663876953125,93.15400000000001,6.281527202838492,15.2,1.16619037896906
3238,0.038608398437500004,29.015625,0.865673828125,0.5923730468749999,93.606,5.304117645754101,13.4,1.0198039027185568
3239,0.037309570312500005,24.109375,0.717333984375,0.5923730468749999,93.926,5.083308371523413,13.4,1.0198039027185568
3240,0.029858398437500003,17.015625,0.7781738281249999,0.681376953125,62.674,31.304289546322558,16.4,1.854723699099141
3241,0.028559570312500004,17.015625,0.7781738281249999,0.681376953125,60.67999999999999,32.54877632108464,16.4,1.854723699099141
3242,0.029858398437500003,28.109375,0.7781738281249999,0.681376953125,84.634,19.306904050106013,16.0,1.4142135623730951
3243,0.029858398437500003,17.015625,0.454833984375,0.681376953125,71.216,25.17551715456904,16.4,1.854723699099141
3244,0.029858398437500003,17.015625,0.7781738281249999,0.6798730468749999,63.983999999999995,30.632115565203783,16.4,1.854723699099141
3245,0.028559570312500004,28.109375,0.454833984375,0.6798730468749999,83.974,20.82053947427876,16.2,1.7204650534085253
3246,0.0648583984375,33.015625,0.428173828125,0.611376953125,95.25,5.617287601681083,13.8,0.7483314773547882
3247,0.06355957031250001,33.015625,0.428173828125,0.611376953125,95.33999999999999,5.629355202862938,13.8,0.7483314773547882
3248,0.0648583984375,12.109375,0.428173828125,0.611376953125,72.404,24.76292599835488,14.0,0.8944271909999159
3249,0.0648583984375,33.015625,0.8048339843749999,0.611376953125,95.25,5.617287601681083,13.8,0.7483314773547882
3250,0.0648583984375,33.015625,0.428173828125,0.609873046875,94.866,5.819764943706916,13.8,0.7483314773547882
3251,0.06355957031250001,12.109375,0.8048339843749999,0.609873046875,55.896,39.02652154625108,12.4,7.08801805866774
3252,0.047358398437500004,9.015625,0.953173828125,0.7163769531249999,34.17,36.95219939327022,9.8,8.975522268926749
3253,0.046059570312500006,9.015625,0.953173828125,0.7163769531249999,33.536,36.94504979019517,9.8,8.975522268926749
3254,0.047358398437500004,4.109375,0.953173828125,0.7163769531249999,32.983999999999995,36.524968774798424,9.8,8.975522268926749
3255,0.047358398437500004,9.015625,0.629833984375,0.7163769531249999,64.74600000000001,31.393544304522226,14.4,8.357032966310472
3256,0.047358398437500004,9.015625,0.953173828125,0.6448730468749999,35.556,37.039590494496565,8.8,8.109253973085318
3257,0.046059570312500006,4.109375,0.629833984375,0.6448730468749999,65.95599999999999,30.786931383299635,11.6,6.406246951218788
3258,0.012358398437500001,25.015625,0.603173828125,0.646376953125,73.566,35.698024931359996,12.8,6.968500556073739
3259,0.011059570312500001,25.015625,0.603173828125,0.646376953125,70.898,37.56862116181535,12.8,6.968500556073739
3260,0.012358398437500001,20.109375,0.603173828125,0.646376953125,73.566,35.698024931359996,12.8,6.968500556073739
3261,0.012358398437500001,25.015625,0.9798339843749999,0.646376953125,73.566,35.698024931359996,12.8,6.968500556073739
3262,0.012358398437500001,25.015625,0.603173828125,0.714873046875,42.946000000000005,46.893876615182926,6.4,9.068627239003707
3263,0.011059570312500001,20.109375,0.9798339843749999,0.714873046875,41.718,47.69031448837384,6.4,9.068627239003707
3264,0.0134521484375,16.515625,0.439111328125,0.587314453125,87.588,13.25873809983439,13.6,1.624807680927192
3265,0.07121582031250001,16.515625,0.439111328125,0.587314453125,96.912,3.3650818712179955,11.6,3.0066592756745814
3266,0.0134521484375,24.609375,0.439111328125,0.587314453125,92.402,6.6073789054359535,13.6,1.624807680927192
3267,0.0134521484375,16.515625,0.5970214843749999,0.587314453125,85.944,16.189224317427936,13.6,1.624807680927192
3268,0.0134521484375,16.515625,0.439111328125,0.695185546875,44.576,46.01824751117756,10.0,9.033271832508971
3269,0.07121582031250001,24.609375,0.5970214843749999,0.695185546875,92.786,6.466939306967399,14.8,1.1661903789690602
3270,0.04845214843750001,32.515625,0.789111328125,0.6573144531249999,92.564,6.784926233939466,14.8,1.1661903789690602
3271,0.0362158203125,32.515625,0.789111328125,0.6573144531249999,92.8,6.416550475138491,15.0,1.4142135623730951
3272,0.04845214843750001,8.609375,0.789111328125,0.6573144531249999,55.32000000000001,38.5790580496725,14.0,8.221921916437786
3273,0.04845214843750001,32.515625,0.947021484375,0.6573144531249999,92.564,6.784926233939466,14.8,1.1661903789690602
3274,0.04845214843750001,32.515625,0.789111328125,0.6251855468749999,90.766,7.56032962244372,14.2,1.16619037896906
3275,0.0362158203125,8.609375,0.947021484375,0.6251855468749999,31.958,36.58556458495618,8.8,8.109253973085318
3276,0.06595214843750001,8.515625,0.6141113281249999,0.622314453125,66.19800000000001,29.659773701092192,14.0,0.8944271909999159
3277,0.0187158203125,8.515625,0.6141113281249999,0.622314453125,64.696,30.475813754516874,15.6,1.3564659966250536
3278,0.06595214843750001,16.609375,0.6141113281249999,0.622314453125,93.988,10.635875892468846,14.0,0.8944271909999159
3279,0.06595214843750001,8.515625,0.422021484375,0.622314453125,75.84,20.958202212976186,14.0,0.8944271909999159
3280,0.06595214843750001,8.515625,0.6141113281249999,0.5901855468749999,64.93199999999999,30.693214494412278,12.4,2.8
3281,0.0187158203125,16.609375,0.422021484375,0.5901855468749999,88.93800000000002,11.147795118318239,13.4,1.624807680927192
3282,0.0309521484375,24.515625,0.964111328125,0.692314453125,83.928,20.58318478758814,16.4,1.854723699099141
3283,0.05371582031250001,24.515625,0.964111328125,0.692314453125,95.93,3.688181123535016,15.2,1.16619037896906
3284,0.0309521484375,32.609375,0.964111328125,0.692314453125,83.928,20.58318478758814,16.4,1.854723699099141
3285,0.0309521484375,24.515625,0.772021484375,0.692314453125,83.928,20.58318478758814,16.4,1.854723699099141
3286,0.0309521484375,24.515625,0.964111328125,0.660185546875,93.78200000000001,5.841357376500774,15.4,1.4966629547095764
3287,0.05371582031250001,32.609375,0.772021484375,0.660185546875,96.348,3.5270350154201733,14.8,1.1661903789690602
3288,0.0397021484375,4.515625,0.701611328125,0.7098144531249999,57.52,36.69945885159616,14.8,8.518215775618742
3289,0.06246582031250001,4.515625,0.701611328125,0.7098144531249999,62.306,34.17822265712481,14.2,8.280096617793781
3290,0.0397021484375,20.609375,0.701611328125,0.7098144531249999,86.32,16.147033164021185,15.8,1.6
3291,0.0397021484375,4.515625,0.33452148437499996,0.7098144531249999,72.478,23.606770554228717,16.4,1.624807680927192
3292,0.0397021484375,4.515625,0.701611328125,0.607685546875,62.746,34.06210187290267,13.4,8.114185110040317
3293,0.06246582031250001,20.609375,0.33452148437499996,0.607685546875,94.49000000000001,5.625093776996079,13.6,0.8
3294,0.0747021484375,20.515625,0.35161132812499996,0.639814453125,95.47,5.228376421031675,14.0,0.8944271909999159
3295,0.0274658203125,20.515625,0.35161132812499996,0.639814453125,91.94800000000001,6.863661996339853,15.0,1.4142135623730951
3296,0.0747021484375,4.609375,0.35161132812499996,0.639814453125,79.064,19.566102933389672,14.0,0.8944271909999159
3297,0.0747021484375,20.515625,0.684521484375,0.639814453125,95.47,5.228376421031675,14.0,0.8944271909999159
3298,0.0747021484375,20.515625,0.35161132812499996,0.6776855468749999,96.226,5.108493319952567,14.4,1.2
3299,0.0274658203125,4.609375,0.684521484375,0.6776855468749999,56.772000000000006,37.17177068690702,14.8,8.518215775618742
3300,0.05720214843750001,12.515625,0.8766113281249999,0.674814453125,53.556,40.25175603622778,13.8,7.984985911070852
3301,0.04496582031250001,12.515625,0.8766113281249999,0.674814453125,34.388,36.91735115091547,9.2,8.4
3302,0.05720214843750001,12.609375,0.8766113281249999,0.674814453125,53.556,40.25175603622778,13.8,7.984985911070852
3303,0.05720214843750001,12.515625,0.509521484375,0.674814453125,66.306,30.435153096378535,15.0,1.2649110640673518
3304,0.05720214843750001,12.515625,0.8766113281249999,0.712685546875,53.622,40.19500685408575,14.4,8.357032966310472
3305,0.04496582031250001,12.609375,0.509521484375,0.712685546875,65.296,30.265997819335148,16.2,1.469693845669907
3306,0.0222021484375,28.515625,0.526611328125,0.6048144531249999,92.998,6.0111709341857855,14.2,1.16619037896906
3307,0.0799658203125,28.515625,0.526611328125,0.6048144531249999,95.636,5.3301129443943305,12.2,3.1874754901018454
3308,0.0222021484375,28.609375,0.526611328125,0.6048144531249999,92.998,6.0111709341857855,14.2,1.16619037896906
3309,0.0222021484375,28.515625,0.8595214843749999,0.6048144531249999,92.998,6.0111709341857855,14.2,1.16619037896906
3310,0.0222021484375,28.515625,0.526611328125,0.642685546875,88.78,11.169449404514085,15.4,1.4966629547095764
3311,0.0799658203125,28.609375,0.8595214843749999,0.642685546875,95.62,5.441143262219807,14.0,0.8944271909999159
3312,0.026577148437500003,10.515625,0.8328613281249999,0.648564453125,36.874,36.79033981903402,9.4,8.593020423576334
3313,0.031840820312500004,10.515625,0.8328613281249999,0.648564453125,37.062,36.80404129983554,9.2,8.423775875461075
3314,0.026577148437500003,34.609375,0.8328613281249999,0.648564453125,92.44800000000001,6.418265809391192,15.4,1.4966629547095764
3315,0.026577148437500003,10.515625,0.37827148437499997,0.648564453125,75.99,20.89663992128878,15.4,1.4966629547095764
3316,0.026577148437500003,10.515625,0.8328613281249999,0.598935546875,37.196,36.82111655015366,8.4,7.735631842325487
3317,0.031840820312500004,34.609375,0.37827148437499997,0.598935546875,93.49000000000001,6.556871205079449,13.4,1.0198039027185568
3318,0.06157714843750001,26.515625,0.482861328125,0.718564453125,90.352,7.8814653459873805,15.6,1.3564659966250536
3319,0.06684082031250001,26.515625,0.482861328125,0.718564453125,95.53599999999999,3.937840017065195,15.4,1.2
3320,0.06157714843750001,18.609375,0.482861328125,0.718564453125,87.06,11.816146579998065,15.6,1.3564659966250536
3321,0.06157714843750001,26.515625,0.728271484375,0.718564453125,90.352,7.8814653459873805,15.6,1.3564659966250536
3322,0.06157714843750001,26.515625,0.482861328125,0.668935546875,96.39200000000001,3.552792704338376,14.8,1.1661903789690602
3323,0.06684082031250001,18.609375,0.728271484375,0.668935546875,96.612,4.536718637958498,14.4,1.2
3324,0.07907714843750001,18.515625,0.657861328125,0.613564453125,98.10600000000001,2.6534324939594742,12.6,2.870540018881465
3325,0.049340820312500006,18.515625,0.657861328125,0.613564453125,97.69000000000001,2.8537554204941973,14.0,0.8944271909999159
3326,0.07907714843750001,10.609375,0.657861328125,0.613564453125,66.52799999999999,31.006681473514707,9.6,5.986651818838307
3327,0.07907714843750001,18.515625,0.553271484375,0.613564453125,98.10600000000001,2.6534324939594742,12.6,2.870540018881465
3328,0.07907714843750001,18.515625,0.657861328125,0.7039355468749999,92.914,6.102804601164942,14.8,1.1661903789690602
3329,0.049340820312500006,10.609375,0.553271484375,0.7039355468749999,68.244,28.323762885605433,17.8,3.370459909270543
3330,0.044077148437500005,34.515625,0.307861328125,0.683564453125,92.738,7.026954959297805,15.4,1.2
3331,0.0143408203125,34.515625,0.307861328125,0.683564453125,61.5,42.91275614546332,9.6,8.685620300243386
3332,0.044077148437500005,26.609375,0.307861328125,0.683564453125,92.738,7.026954959297805,15.4,1.2
3333,0.044077148437500005,34.515625,0.903271484375,0.683564453125,92.738,7.026954959297805,15.4,1.2
3334,0.044077148437500005,34.515625,0.307861328125,0.633935546875,95.06,4.1744748172674395,14.2,1.16619037896906
3335,0.0143408203125,26.609375,0.903271484375,0.633935546875,83.562,20.967647841376962,16.0,1.7888543819998317
3336,0.035327148437500004,14.515625,0.570361328125,0.666064453125,67.21000000000001,30.07848001478798,15.8,1.6
3337,0.023090820312500003,14.515625,0.570361328125,0.666064453125,61.324,34.2581474105066,13.0,7.238784428341543
3338,0.035327148437500004,30.609375,0.570361328125,0.666064453125,92.964,6.526860194611187,15.2,1.16619037896906
3339,0.035327148437500004,14.515625,0.640771484375,0.666064453125,63.95399999999999,33.40236135365283,12.4,6.887670143089026
3340,0.035327148437500004,14.515625,0.570361328125,0.686435546875,65.132,31.430379825894562,12.6,6.945502141674135
3341,0.023090820312500003,30.609375,0.640771484375,0.686435546875,74.36800000000001,31.38864724705415,12.8,6.997142273814361
3342,0.0703271484375,30.515625,0.920361328125,0.596064453125,93.86999999999999,6.837291861548696,12.2,2.7856776554368237
3343,0.058090820312500006,30.515625,0.920361328125,0.596064453125,94.066,6.209430247615317,13.4,1.0198039027185568
3344,0.0703271484375,14.609375,0.920361328125,0.596064453125,74.772,25.93092624647257,12.2,2.7856776554368237
3345,0.0703271484375,30.515625,0.990771484375,0.596064453125,93.86999999999999,6.837291861548696,12.2,2.7856776554368237
3346,0.0703271484375,30.515625,0.920361328125,0.616435546875,95.816,5.995833886958508,13.8,0.7483314773547882
3347,0.058090820312500006,14.609375,0.990771484375,0.616435546875,57.086,37.82473561044413,11.0,6.06630035524124
3348,0.052827148437500006,6.515625,0.39536132812499997,0.701064453125,72.258,23.791899798040507,15.6,1.3564659966250536
3349,0.0755908203125,6.515625,0.39536132812499997,0.701064453125,73.684,23.3708079449556,14.8,1.1661903789690602
3350,0.052827148437500006,6.609375,0.39536132812499997,0.701064453125,72.258,23.791899798040507,15.6,1.3564659966250536
3351,0.052827148437500006,6.515625,0.465771484375,0.701064453125,68.94800000000001,26.806771084933,15.6,1.3564659966250536
3352,0.052827148437500006,6.515625,0.39536132812499997,0.581435546875,75.77000000000001,22.809811047003436,13.2,1.32664991614216
3353,0.0755908203125,6.609375,0.465771484375,0.581435546875,71.86,25.861668932998114,11.4,3.3823069050575527
3354,0.017827148437500002,22.515625,0.745361328125,0.6310644531249999,86.434,13.856685895263702,15.6,1.3564659966250536
3355,0.040590820312500005,22.515625,0.745361328125,0.6310644531249999,94.958,4.170642156790725,14.2,1.16619037896906
3356,0.017827148437500002,22.609375,0.745361328125,0.6310644531249999,86.434,13.856685895263702,15.6,1.3564659966250536
3357,0.017827148437500002,22.515625,0.8157714843749999,0.6310644531249999,86.434,13.856685895263702,15.6,1.3564659966250536
3358,0.017827148437500002,22.515625,0.745361328125,0.6514355468749999,82.09200000000001,22.58618285589666,16.2,1.7204650534085253
3359,0.040590820312500005,22.609375,0.8157714843749999,0.6514355468749999,92.09400000000001,6.5395216950477355,15.0,1.4142135623730951
3360,0.0156396484375,7.515625,0.5047363281249999,0.670439453125,52.938,40.28181942266263,13.4,7.337574531137657
3361,0.05152832031250001,7.515625,0.5047363281249999,0.670439453125,69.72999999999999,27.402200641554316,15.2,1.16619037896906
3362,0.0156396484375,15.609375,0.5047363281249999,0.670439453125,52.71600000000001,40.44139493143133,13.4,7.337574531137657
3363,0.0156396484375,7.515625,0.9251464843749999,0.670439453125,24.73,38.73359781894783,6.2,8.908422980528035
3364,0.0156396484375,7.515625,0.5047363281249999,0.585810546875,70.926,26.915617473875646,13.8,1.3266499161421599
3365,0.05152832031250001,15.609375,0.9251464843749999,0.585810546875,83.172,21.833235582478377,13.2,1.32664991614216
3366,0.050639648437500004,23.515625,0.854736328125,0.6004394531249999,93.69800000000001,5.532856043672199,13.6,0.8
3367,0.0165283203125,23.515625,0.854736328125,0.6004394531249999,93.556,5.278130729718618,14.4,1.4966629547095764
3368,0.050639648437500004,31.609375,0.854736328125,0.6004394531249999,93.69800000000001,5.532856043672199,13.6,0.8
3369,0.050639648437500004,23.515625,0.575146484375,0.6004394531249999,93.69800000000001,5.532856043672199,13.6,0.8
3370,0.050639648437500004,23.515625,0.854736328125,0.655810546875,96.616,3.7464948952320767,14.8,1.1661903789690602
3371,0.0165283203125,31.609375,0.575146484375,0.655810546875,79.342,30.547969097797647,12.4,6.829348431585549
3372,0.0681396484375,15.515625,0.329736328125,0.705439453125,78.10799999999999,19.069113665820968,15.2,1.469693845669907
3373,0.034028320312500006,15.515625,0.329736328125,0.705439453125,70.598,26.918541862441213,16.6,1.854723699099141
3374,0.0681396484375,23.609375,0.329736328125,0.705439453125,93.848,5.91330499805312,15.0,1.4142135623730951
3375,0.0681396484375,15.515625,0.750146484375,0.705439453125,58.501999999999995,37.928646904417775,11.8,6.554387843269576
3376,0.0681396484375,15.515625,0.329736328125,0.690810546875,77.15799999999999,20.412861043959516,14.8,1.1661903789690602
3377,0.034028320312500006,23.609375,0.750146484375,0.690810546875,86.556,15.953500681668585,15.8,1.6
3378,0.0331396484375,31.515625,0.679736328125,0.6354394531249999,93.772,6.425877060759876,15.0,1.4142135623730951
3379,0.0690283203125,31.515625,0.679736328125,0.6354394531249999,95.16799999999999,5.363541367417614,14.0,0.8944271909999159
3380,0.0331396484375,7.609375,0.679736328125,0.6354394531249999,62.48,34.54024840675005,14.0,8.221921916437786
3381,0.0331396484375,31.515625,0.400146484375,0.6354394531249999,93.772,6.425877060759876,15.0,1.4142135623730951
3382,0.0331396484375,31.515625,0.679736328125,0.6208105468749999,93.35999999999999,5.613854290948422,14.4,1.0198039027185568
3383,0.0690283203125,7.609375,0.400146484375,0.6208105468749999,77.64399999999999,20.44878147958944,14.0,0.8944271909999159
3384,0.0418896484375,19.515625,0.9422363281249999,0.617939453125,91.486,7.1174141371708854,14.2,1.16619037896906
3385,0.0777783203125,19.515625,0.9422363281249999,0.617939453125,96.704,4.434124941857187,12.8,2.481934729198171
3386,0.0418896484375,19.609375,0.9422363281249999,0.617939453125,91.486,7.1174141371708854,14.2,1.16619037896906
3387,0.0418896484375,19.515625,0.662646484375,0.617939453125,91.486,7.1174141371708854,14.2,1.16619037896906
3388,0.0418896484375,19.515625,0.9422363281249999,0.708310546875,83.22,22.565289273572365,15.8,1.6
3389,0.0777783203125,19.609375,0.662646484375,0.708310546875,93.29400000000001,5.980507001918817,14.8,1.1661903789690602
3390,0.0768896484375,35.515625,0.592236328125,0.6879394531249999,94.702,5.314171243006759,14.6,1.3564659966250536
3391,0.04277832031250001,35.515625,0.592236328125,0.6879394531249999,91.59400000000001,6.892,15.6,1.3564659966250536
3392,0.0768896484375,35.609375,0.592236328125,0.6879394531249999,94.702,5.314171243006759,14.6,1.3564659966250536
3393,0.0768896484375,35.515625,0.312646484375,0.6879394531249999,94.702,5.314171243006759,14.6,1.3564659966250536
3394,0.0768896484375,35.515625,0.592236328125,0.638310546875,95.27799999999999,5.935925875547976,14.0,0.8944271909999159
3395,0.04277832031250001,35.609375,0.312646484375,0.638310546875,96.194,3.4650691190797343,14.4,1.0198039027185568
3396,0.059389648437500005,11.515625,0.767236328125,0.582939453125,62.90999999999999,31.138284474260942,13.6,4.6303347611160905
3397,0.0252783203125,11.515625,0.767236328125,0.582939453125,41.436,32.86391005343095,10.6,6.019966777316965
3398,0.059389648437500005,27.609375,0.767236328125,0.582939453125,96.33,5.044823089068636,11.8,2.6381811916545836
3399,0.059389648437500005,11.515625,0.837646484375,0.582939453125,60.0,33.49958148992312,17.0,7.0710678118654755
3400,0.059389648437500005,11.515625,0.767236328125,0.603310546875,58.629999999999995,35.45831298863498,12.8,7.547184905645283
3401,0.0252783203125,27.609375,0.837646484375,0.603310546875,93.226,5.924631971692419,14.2,1.16619037896906
3402,0.0243896484375,27.515625,0.417236328125,0.652939453125,89.28399999999999,12.995892581889093,15.6,1.624807680927192
3403,0.06027832031250001,27.515625,0.417236328125,0.652939453125,95.124,5.216706240531471,14.4,1.2
3404,0.0243896484375,11.609375,0.417236328125,0.652939453125,71.398,24.072183448952025,16.0,1.4142135623730951
3405,0.0243896484375,27.515625,0.48764648437499997,0.652939453125,89.28399999999999,12.995892581889093,15.6,1.624807680927192
3406,0.0243896484375,27.515625,0.417236328125,0.673310546875,84.61200000000001,20.883668643224546,16.2,1.7204650534085253
3407,0.06027832031250001,11.609375,0.48764648437499997,0.673310546875,71.30799999999999,24.667991730175363,14.8,1.1661903789690602
3408,0.0200146484375,13.515625,0.810986328125,0.696689453125,23.094,38.916980150057896,2.2,6.400000000000001
3409,0.0121533203125,13.515625,0.810986328125,0.696689453125,20.0,40.0,2.6,7.200000000000001
3410,0.0200146484375,5.609375,0.810986328125,0.696689453125,43.658,46.48530795853675,7.2,10.43839068055991
3411,0.0200146484375,13.515625,0.7063964843749999,0.696689453125,45.074,45.174597994890895,7.2,10.43839068055991
3412,0.0200146484375,13.515625,0.810986328125,0.717060546875,20.47,39.775414517010375,2.4,6.8
3413,0.0121533203125,5.609375,0.7063964843749999,0.717060546875,40.218,48.813421269155064,6.4,9.068627239003707
3414,0.05501464843750001,29.515625,0.46098632812499996,0.626689453125,93.79400000000001,5.994746366611352,14.0,0.8944271909999159
3415,0.047153320312500004,29.515625,0.46098632812499996,0.626689453125,91.08,7.313940114603073,14.2,1.16619037896906
3416,0.05501464843750001,21.609375,0.46098632812499996,0.626689453125,93.772,6.029027782321128,14.0,0.8944271909999159
3417,0.05501464843750001,29.515625,0.356396484375,0.626689453125,93.79400000000001,5.994746366611352,14.0,0.8944271909999159
3418,0.05501464843750001,29.515625,0.46098632812499996,0.6470605468749999,95.11600000000001,4.9159519932562405,14.4,1.2
3419,0.047153320312500004,21.609375,0.356396484375,0.6470605468749999,96.678,3.3322508909144264,14.6,1.0198039027185568
3420,0.0725146484375,5.515625,0.9859863281249999,0.6616894531249999,55.67999999999999,38.932606385907434,12.8,7.386474125047755
3421,0.0646533203125,5.515625,0.9859863281249999,0.6616894531249999,56.084,38.7761311118064,13.4,7.914543574963751
3422,0.0725146484375,29.609375,0.9859863281249999,0.6616894531249999,94.50399999999999,6.176528474798768,14.4,1.2
3423,0.0725146484375,5.515625,0.881396484375,0.6616894531249999,57.763999999999996,38.12443709748381,12.8,7.386474125047755
3424,0.0725146484375,5.515625,0.9859863281249999,0.612060546875,56.418000000000006,38.6164257279205,12.4,7.08801805866774
3425,0.0646533203125,29.609375,0.881396484375,0.612060546875,95.35,5.752369946378622,13.8,0.7483314773547882
3426,0.037514648437500006,21.515625,0.635986328125,0.591689453125,93.71000000000001,5.183234511383794,13.4,1.0198039027185568
3427,0.029653320312500002,21.515625,0.635986328125,0.591689453125,94.564,4.680686274468733,13.4,1.0198039027185568
3428,0.037514648437500006,13.609375,0.635986328125,0.591689453125,73.184,22.15709421381784,15.6,4.31740662898458
3429,0.037514648437500006,21.515625,0.531396484375,0.591689453125,93.71000000000001,5.183234511383794,13.4,1.0198039027185568
3430,0.037514648437500006,21.515625,0.635986328125,0.682060546875,92.022,6.608338369060715,15.8,1.6
3431,0.029653320312500002,13.609375,0.531396484375,0.682060546875,62.872,31.663340569181894,16.6,1.854723699099141
3432,0.028764648437500005,9.515625,0.373486328125,0.609189453125,77.43199999999999,19.577077820757623,14.4,1.0198039027185568
3433,0.0384033203125,9.515625,0.373486328125,0.609189453125,77.652,19.7248943216434,14.2,1.16619037896906
3434,0.028764648437500005,9.609375,0.373486328125,0.609189453125,77.43199999999999,19.577077820757623,14.4,1.0198039027185568
3435,0.028764648437500005,9.515625,0.9688964843749999,0.609189453125,34.456,36.7834128922263,8.6,7.939773296511683
3436,0.028764648437500005,9.515625,0.373486328125,0.5945605468749999,77.394,20.51672839416655,13.6,1.3564659966250536
3437,0.0384033203125,9.609375,0.9688964843749999,0.5945605468749999,35.06,36.94810631142007,8.4,7.735631842325487
3438,0.0637646484375,25.515625,0.7234863281249999,0.679189453125,93.016,6.229987479923215,14.8,1.1661903789690602
3439,0.0734033203125,25.515625,0.7234863281249999,0.679189453125,96.062,4.159949038149387,14.4,1.2
3440,0.0637646484375,25.609375,0.7234863281249999,0.679189453125,93.016,6.229987479923215,14.8,1.1661903789690602
3441,0.0637646484375,25.515625,0.618896484375,0.679189453125,93.016,6.229987479923215,14.8,1.1661903789690602
3442,0.0637646484375,25.515625,0.7234863281249999,0.664560546875,96.514,4.628025929054416,14.4,1.2
3443,0.0734033203125,25.609375,0.618896484375,0.664560546875,94.47200000000001,6.628343382776728,14.4,1.2
3444,0.04626464843750001,17.515625,0.548486328125,0.644189453125,93.07000000000001,9.82032178698845,14.6,1.0198039027185568
3445,0.055903320312500004,17.515625,0.548486328125,0.644189453125,91.808,9.782732542597696,14.2,1.16619037896906
3446,0.04626464843750001,33.609375,0.548486328125,0.644189453125,96.48400000000001,3.4488293666112253,14.6,1.0198039027185568
3447,0.04626464843750001,17.515625,0.7938964843749999,0.644189453125,91.584,12.742198554409672,14.6,1.0198039027185568
3448,0.04626464843750001,17.515625,0.548486328125,0.6995605468749999,78.17,18.95343557247604,15.8,1.6
3449,0.055903320312500004,33.609375,0.7938964843749999,0.6995605468749999,95.88199999999999,3.931881992125399,15.4,1.2
3450,0.0112646484375,33.515625,0.898486328125,0.7141894531249999,42.058,47.458418178443324,6.4,9.068627239003707
3451,0.0209033203125,33.515625,0.898486328125,0.7141894531249999,58.536,43.46493510865971,9.4,8.5463442476886
3452,0.0112646484375,17.609375,0.898486328125,0.7141894531249999,20.0,40.0,2.8,7.6000000000000005
3453,0.0112646484375,33.515625,0.44389648437499996,0.7141894531249999,42.058,47.458418178443324,6.4,9.068627239003707
3454,0.0112646484375,33.515625,0.898486328125,0.629560546875,79.396,28.42797115518447,16.0,1.7888543819998317
3455,0.0209033203125,17.609375,0.44389648437499996,0.629560546875,85.96400000000001,13.77811249772624,15.4,1.4966629547095764
3456,0.0118115234375,12.765625,0.5320800781249999,0.6277832031249999,58.488,35.302418840640364,13.0,7.183313998427188
3457,0.035668945312500006,12.765625,0.5320800781249999,0.6277832031249999,66.89,30.614531843554293,11.6,6.406246951218788
3458,0.0118115234375,11.359375,0.5320800781249999,0.6277832031249999,61.998000000000005,32.8055363620228,16.2,1.7204650534085253
3459,0.0118115234375,12.765625,0.329052734375,0.6277832031249999,67.31800000000001,28.497214881458152,16.0,1.7888543819998317
3460,0.0118115234375,12.765625,0.5320800781249999,0.6197167968749999,59.720000000000006,34.31062284482752,12.8,7.110555533852471
3461,0.035668945312500006,11.359375,0.329052734375,0.6197167968749999,77.868,18.831619579844958,14.4,1.0198039027185568
3462,0.0468115234375,28.765625,0.882080078125,0.697783203125,91.444,7.008430922824307,15.6,1.3564659966250536
3463,0.07066894531250001,28.765625,0.882080078125,0.697783203125,92.362,6.456049566104649,14.8,1.1661903789690602
3464,0.0468115234375,27.359375,0.882080078125,0.697783203125,91.444,7.008430922824307,15.6,1.3564659966250536
3465,0.0468115234375,28.765625,0.6790527343749999,0.697783203125,91.444,7.008430922824307,15.6,1.3564659966250536
3466,0.0468115234375,28.765625,0.882080078125,0.689716796875,92.286,7.099725628501426,15.4,1.2
3467,0.07066894531250001,27.359375,0.6790527343749999,0.689716796875,92.97999999999999,6.070746247373548,14.8,1.1661903789690602
3468,0.0643115234375,4.765625,0.357080078125,0.592783203125,77.806,20.139546767492064,12.4,2.4166091947189146
3469,0.05316894531250001,4.765625,0.357080078125,0.592783203125,77.36600000000001,20.106635322698818,13.4,1.0198039027185568
3470,0.0643115234375,35.359375,0.357080078125,0.592783203125,94.398,6.482476070144799,12.2,2.7856776554368237
3471,0.0643115234375,4.765625,0.504052734375,0.592783203125,71.07,26.251131785124997,13.4,1.0198039027185568
3472,0.0643115234375,4.765625,0.357080078125,0.654716796875,77.686,19.026322398193507,14.6,1.0198039027185568
3473,0.05316894531250001,35.359375,0.504052734375,0.654716796875,96.922,3.75451940999111,14.6,1.0198039027185568
3474,0.0293115234375,20.765625,0.707080078125,0.6627832031249999,91.03,8.770208663424151,15.6,1.624807680927192
3475,0.0181689453125,20.765625,0.707080078125,0.6627832031249999,78.948,30.52954333100972,12.4,6.829348431585549
3476,0.0293115234375,19.359375,0.707080078125,0.6627832031249999,87.862,14.432596994304248,15.6,1.624807680927192
3477,0.0293115234375,20.765625,0.854052734375,0.6627832031249999,91.03,8.770208663424151,15.6,1.624807680927192
3478,0.0293115234375,20.765625,0.707080078125,0.584716796875,93.174,5.664473850235342,13.2,1.32664991614216
3479,0.0181689453125,19.359375,0.854052734375,0.584716796875,93.50399999999999,5.481753733979667,13.4,1.624807680927192
3480,0.0380615234375,8.765625,0.9695800781249999,0.680283203125,30.866000000000003,36.66116506604775,9.6,8.8
3481,0.026918945312500005,8.765625,0.9695800781249999,0.680283203125,28.294,37.45763025072462,6.0,8.62554346113913
3482,0.0380615234375,7.359375,0.9695800781249999,0.680283203125,35.492000000000004,36.624058431582924,9.4,8.593020423576334
3483,0.0380615234375,8.765625,0.591552734375,0.680283203125,64.97200000000001,30.313171658538142,15.8,1.6
3484,0.0380615234375,8.765625,0.9695800781249999,0.6722167968749999,30.716,36.678870538772046,9.6,8.8
3485,0.026918945312500005,7.359375,0.591552734375,0.6722167968749999,60.788,34.122767414147404,12.8,7.110555533852471
3486,0.0730615234375,24.765625,0.619580078125,0.610283203125,96.96400000000001,2.807237788289407,12.8,2.481934729198171
3487,0.06191894531250001,24.765625,0.619580078125,0.610283203125,95.218,5.540459908707942,13.8,0.7483314773547882
3488,0.0730615234375,23.359375,0.619580078125,0.610283203125,96.96400000000001,2.807237788289407,12.8,2.481934729198171
3489,0.0730615234375,24.765625,0.9415527343749999,0.610283203125,96.96400000000001,2.807237788289407,12.8,2.481934729198171
3490,0.0730615234375,24.765625,0.619580078125,0.602216796875,95.33200000000001,5.750907406662013,12.4,2.8
3491,0.06191894531250001,23.359375,0.9415527343749999,0.602216796875,94.398,4.608654467412371,13.6,0.8
3492,0.0555615234375,16.765625,0.794580078125,0.7152832031249999,58.894000000000005,37.73581937629021,12.4,6.887670143089026
3493,0.0794189453125,16.765625,0.794580078125,0.7152832031249999,65.078,29.242681409200493,15.0,1.4142135623730951
3494,0.0555615234375,31.359375,0.794580078125,0.7152832031249999,91.44800000000001,6.983166616943919,15.6,1.3564659966250536
3495,0.0555615234375,16.765625,0.41655273437499996,0.7152832031249999,72.96,24.921811330639674,15.6,1.3564659966250536
3496,0.0555615234375,16.765625,0.794580078125,0.637216796875,82.96799999999999,19.27151099421112,14.2,1.16619037896906
3497,0.0794189453125,31.359375,0.41655273437499996,0.637216796875,94.95,6.376876978584423,14.0,0.8944271909999159
3498,0.0205615234375,32.765625,0.444580078125,0.645283203125,86.97,17.13850401872929,15.8,1.469693845669907
3499,0.044418945312500006,32.765625,0.444580078125,0.645283203125,96.296,4.161257502246163,14.6,1.0198039027185568
3500,0.0205615234375,15.359375,0.444580078125,0.645283203125,67.822,28.308595443787034,16.2,1.7204650534085253
3501,0.0205615234375,32.765625,0.7665527343749999,0.645283203125,86.97,17.13850401872929,15.8,1.469693845669907
3502,0.0205615234375,32.765625,0.444580078125,0.7072167968749999,62.11400000000001,42.883641449858246,13.4,7.337574531137657
3503,0.044418945312500006,15.359375,0.7665527343749999,0.7072167968749999,57.839999999999996,38.22871172299689,12.4,6.887670143089026
3504,0.024936523437500004,6.765625,0.7508300781249999,0.6015332031249999,36.30800000000001,36.932780778056774,8.4,7.735631842325487
3505,0.0662939453125,6.765625,0.7508300781249999,0.6015332031249999,57.784000000000006,38.48727041503463,12.6,7.49933330370107
3506,0.024936523437500004,17.359375,0.7508300781249999,0.6015332031249999,87.294,13.652495156563873,14.0,1.2649110640673518
3507,0.024936523437500004,6.765625,0.635302734375,0.6015332031249999,61.69200000000001,34.17250672689963,13.4,8.114185110040317
3508,0.024936523437500004,6.765625,0.7508300781249999,0.680966796875,30.46,37.157588726934364,6.0,8.62554346113913
3509,0.0662939453125,17.359375,0.635302734375,0.680966796875,89.21400000000001,10.793161909283116,14.8,1.1661903789690602
3510,0.05993652343750001,22.765625,0.400830078125,0.671533203125,93.80600000000001,5.307849281959692,14.8,1.1661903789690602
3511,0.0312939453125,22.765625,0.400830078125,0.671533203125,88.98400000000001,10.482668744170063,15.8,1.6
3512,0.05993652343750001,33.359375,0.400830078125,0.671533203125,93.80600000000001,5.307849281959692,14.8,1.1661903789690602
3513,0.05993652343750001,22.765625,0.985302734375,0.671533203125,93.80600000000001,5.307849281959692,14.8,1.1661903789690602
3514,0.05993652343750001,22.765625,0.400830078125,0.610966796875,95.898,4.8603390828212785,13.8,0.7483314773547882
3515,0.0312939453125,33.359375,0.985302734375,0.610966796875,93.932,5.840569835212998,14.2,1.16619037896906
3516,0.0774365234375,14.765625,0.925830078125,0.636533203125,58.78399999999999,36.994758872034836,11.0,6.06630035524124
3517,0.0137939453125,14.765625,0.925830078125,0.636533203125,31.266,37.5460302029389,6.0,8.62554346113913
3518,0.0774365234375,25.359375,0.925830078125,0.636533203125,95.096,6.194983777218467,14.0,0.8944271909999159
3519,0.0774365234375,14.765625,0.46030273437499997,0.636533203125,75.02000000000001,24.547323275664905,14.0,0.8944271909999159
3520,0.0774365234375,14.765625,0.925830078125,0.645966796875,58.158,37.25526990910145,11.2,6.20966987850401
3521,0.0137939453125,25.359375,0.46030273437499997,0.645966796875,78.15799999999999,31.590943259105135,12.6,6.887670143089026
3522,0.042436523437500005,30.765625,0.575830078125,0.706533203125,90.284,10.140178696650269,15.8,1.6
3523,0.0487939453125,30.765625,0.575830078125,0.706533203125,92.374,6.285579050493278,15.6,1.3564659966250536
3524,0.042436523437500005,9.359375,0.575830078125,0.706533203125,65.91,29.80955819867178,16.2,1.469693845669907
3525,0.042436523437500005,30.765625,0.810302734375,0.706533203125,90.284,10.140178696650269,15.8,1.6
3526,0.042436523437500005,30.765625,0.575830078125,0.715966796875,86.896,14.54833406270285,15.8,1.6
3527,0.0487939453125,9.359375,0.810302734375,0.715966796875,38.132,37.31484551756847,9.6,8.8
3528,0.033686523437500004,18.765625,0.31333007812499997,0.6890332031249999,82.23600000000002,20.336025767096185,15.8,1.6
3529,0.057543945312500004,18.765625,0.31333007812499997,0.6890332031249999,92.282,7.703086134790395,15.0,1.4142135623730951
3530,0.033686523437500004,13.359375,0.31333007812499997,0.6890332031249999,73.434,22.599304060081142,16.0,1.4142135623730951
3531,0.033686523437500004,18.765625,0.372802734375,0.6890332031249999,81.434,21.255208867475286,15.8,1.6
3532,0.033686523437500004,18.765625,0.31333007812499997,0.628466796875,93.538,6.949260104500337,14.4,1.0198039027185568
3533,0.057543945312500004,13.359375,0.372802734375,0.628466796875,76.928,21.010092241587138,14.0,0.8944271909999159
3534,0.06868652343750001,34.765625,0.663330078125,0.619033203125,96.688,5.151133467500138,14.0,0.8944271909999159
3535,0.0225439453125,34.765625,0.663330078125,0.619033203125,91.602,7.054806588418993,14.6,1.3564659966250536
3536,0.06868652343750001,29.359375,0.663330078125,0.619033203125,96.688,5.151133467500138,14.0,0.8944271909999159
3537,0.06868652343750001,34.765625,0.722802734375,0.619033203125,96.688,5.151133467500138,14.0,0.8944271909999159
3538,0.06868652343750001,34.765625,0.663330078125,0.698466796875,92.13199999999999,6.942801739931799,14.8,1.1661903789690602
3539,0.0225439453125,29.359375,0.722802734375,0.698466796875,66.086,38.460743414551935,13.0,7.155417527999327
3540,0.051186523437500006,10.765625,0.48833007812499996,0.654033203125,73.926,23.420716983047296,14.8,1.1661903789690602
3541,0.0400439453125,10.765625,0.48833007812499996,0.654033203125,71.102,25.709224336801764,15.0,1.4142135623730951
3542,0.051186523437500006,21.359375,0.48833007812499996,0.654033203125,97.132,3.453643872781326,14.6,1.0198039027185568
3543,0.051186523437500006,10.765625,0.5478027343749999,0.654033203125,71.08,26.22493546226568,14.8,1.1661903789690602
3544,0.051186523437500006,10.765625,0.48833007812499996,0.663466796875,70.078,26.160082874486463,14.8,1.1661903789690602
3545,0.0400439453125,21.359375,0.5478027343749999,0.663466796875,93.53,5.421940611994935,15.0,1.4142135623730951
3546,0.016186523437500003,26.765625,0.838330078125,0.584033203125,94.07199999999999,4.996708516613714,13.4,1.624807680927192
3547,0.0750439453125,26.765625,0.838330078125,0.584033203125,96.136,4.920417055494384,10.4,3.4985711369071804
3548,0.016186523437500003,5.359375,0.838330078125,0.584033203125,59.324,37.61358084522132,13.2,8.084553172563094
3549,0.016186523437500003,26.765625,0.8978027343749999,0.584033203125,94.07199999999999,4.996708516613714,13.4,1.624807680927192
3550,0.016186523437500003,26.765625,0.838330078125,0.5934667968749999,92.24600000000001,6.4745674759013845,14.0,1.4142135623730951
3551,0.0750439453125,5.359375,0.8978027343749999,0.5934667968749999,58.198,37.98540582908125,12.2,7.025667228100119
3552,0.0183740234375,11.765625,0.42270507812499997,0.719658203125,45.254,45.717590312701304,10.0,9.033271832508971
3553,0.015981445312500002,11.765625,0.42270507812499997,0.719658203125,42.906,46.9180066072718,6.0,8.579044235810887
3554,0.0183740234375,28.359375,0.42270507812499997,0.719658203125,50.062,44.7215314585715,9.8,8.885943956609225
3555,0.0183740234375,11.765625,0.657177734375,0.719658203125,42.5,47.16990566028302,7.4,10.594338110519223
3556,0.0183740234375,11.765625,0.42270507812499997,0.659091796875,65.40799999999999,31.815072151419052,12.4,6.829348431585549
3557,0.015981445312500002,28.359375,0.657177734375,0.659091796875,75.49600000000001,33.629760986364445,12.6,6.887670143089026
3558,0.05337402343750001,27.765625,0.772705078125,0.649658203125,96.172,3.947553166203086,14.4,1.2
3559,0.050981445312500005,27.765625,0.772705078125,0.649658203125,96.552,3.7516151188521434,14.4,1.2
3560,0.05337402343750001,12.359375,0.772705078125,0.649658203125,57.314,38.54042532199145,13.6,8.16333265278342
3561,0.05337402343750001,27.765625,0.307177734375,0.649658203125,96.172,3.947553166203086,14.4,1.2
3562,0.05337402343750001,27.765625,0.772705078125,0.5890917968749999,93.71399999999998,7.534933576349565,13.2,1.32664991614216
3563,0.050981445312500005,12.359375,0.307177734375,0.5890917968749999,81.48,16.521399456462518,13.2,1.32664991614216
3564,0.0708740234375,19.765625,0.597705078125,0.6846582031249999,93.712,5.92188956330663,14.8,1.1661903789690602
3565,0.0684814453125,19.765625,0.597705078125,0.6846582031249999,93.178,6.009304119446776,14.8,1.1661903789690602
3566,0.0708740234375,4.359375,0.597705078125,0.6846582031249999,66.88199999999999,30.229812040434524,15.2,1.4696938456699067
3567,0.0708740234375,19.765625,0.8321777343749999,0.6846582031249999,93.712,5.92188956330663,14.8,1.1661903789690602
3568,0.0708740234375,19.765625,0.597705078125,0.6240917968749999,96.936,4.712386232048471,14.0,0.8944271909999159
3569,0.0684814453125,4.359375,0.8321777343749999,0.6240917968749999,57.544000000000004,38.202930568216885,12.8,7.547184905645283
3570,0.0358740234375,35.765625,0.947705078125,0.614658203125,92.51,6.421196150251133,14.2,1.16619037896906
3571,0.033481445312500004,35.765625,0.947705078125,0.614658203125,92.758,5.994989241024542,14.2,1.16619037896906
3572,0.0358740234375,20.359375,0.947705078125,0.614658203125,92.51,6.421196150251133,14.2,1.16619037896906
3573,0.0358740234375,35.765625,0.482177734375,0.614658203125,92.51,6.421196150251133,14.2,1.16619037896906
3574,0.0358740234375,35.765625,0.947705078125,0.694091796875,87.562,14.177726757135646,15.8,1.6
3575,0.033481445312500004,20.359375,0.482177734375,0.694091796875,85.16400000000002,19.500679577901895,16.0,1.4142135623730951
3576,0.04462402343750001,15.765625,0.685205078125,0.597158203125,79.95,20.109698157854083,13.4,1.0198039027185568
3577,0.042231445312500004,15.765625,0.685205078125,0.597158203125,80.10799999999999,19.834351413645972,13.4,1.0198039027185568
3578,0.04462402343750001,32.359375,0.685205078125,0.597158203125,92.952,6.1727770087700415,13.4,1.0198039027185568
3579,0.04462402343750001,15.765625,0.919677734375,0.597158203125,75.442,25.719959875551904,13.4,1.0198039027185568
3580,0.04462402343750001,15.765625,0.685205078125,0.641591796875,65.244,31.05664025615134,11.6,6.406246951218788
3581,0.042231445312500004,32.359375,0.919677734375,0.641591796875,95.73400000000001,4.690674151974318,14.6,1.0198039027185568
3582,0.0796240234375,31.765625,0.335205078125,0.667158203125,95.77799999999999,4.819047208733275,14.4,1.2
3583,0.07723144531250001,31.765625,0.335205078125,0.667158203125,95.222,5.418938641468456,14.4,1.2
3584,0.0796240234375,16.359375,0.335205078125,0.667158203125,91.054,10.508890712154159,14.4,1.2
3585,0.0796240234375,31.765625,0.5696777343749999,0.667158203125,95.77799999999999,4.819047208733275,14.4,1.2
3586,0.0796240234375,31.765625,0.335205078125,0.711591796875,93.51000000000002,5.824966952695954,14.8,1.1661903789690602
3587,0.07723144531250001,16.359375,0.5696777343749999,0.711591796875,70.926,25.017719000740254,15.0,1.4142135623730951
3588,0.06212402343750001,7.765625,0.8602050781249999,0.6321582031249999,58.64,37.82366666519787,13.2,7.858753081755401
3589,0.059731445312500006,7.765625,0.8602050781249999,0.6321582031249999,58.44200000000001,37.91403349684652,13.4,8.114185110040317
3590,0.06212402343750001,8.359375,0.8602050781249999,0.6321582031249999,54.524,39.44545428816861,13.2,7.858753081755401
3591,0.06212402343750001,7.765625,0.744677734375,0.6321582031249999,61.14399999999999,37.14102292613923,13.2,7.858753081755401
3592,0.06212402343750001,7.765625,0.8602050781249999,0.6765917968749999,58.254,37.95651280083564,13.8,7.984985911070852
3593,0.059731445312500006,8.359375,0.744677734375,0.6765917968749999,57.588,36.63819504287841,13.8,7.984985911070852
3594,0.0271240234375,23.765625,0.510205078125,0.702158203125,74.496,31.29568443092434,12.8,6.997142273814361
3595,0.024731445312500003,23.765625,0.510205078125,0.702158203125,68.672,36.42242572921249,13.0,7.155417527999327
3596,0.0271240234375,24.359375,0.510205078125,0.702158203125,74.496,31.29568443092434,12.8,6.997142273814361
3597,0.0271240234375,23.765625,0.394677734375,0.702158203125,74.496,31.29568443092434,12.8,6.997142273814361
3598,0.0271240234375,23.765625,0.510205078125,0.606591796875,93.79400000000001,5.48452951491739,14.2,1.16619037896906
3599,0.024731445312500003,24.359375,0.394677734375,0.606591796875,92.762,6.501939402978161,14.2,1.16619037896906
3600,0.0227490234375,17.765625,0.9039550781249999,0.6584082031249999,65.52,34.06907630095069,16.4,1.854723699099141
3601,0.04660644531250001,17.765625,0.9039550781249999,0.6584082031249999,83.72,17.568507050970496,14.8,1.1661903789690602
3602,0.0227490234375,22.359375,0.9039550781249999,0.6584082031249999,82.478,20.5856555882974,16.0,1.4142135623730951
3603,0.0227490234375,17.765625,0.963427734375,0.6584082031249999,64.43199999999999,35.317224919293984,12.4,6.829348431585549
3604,0.0227490234375,17.765625,0.9039550781249999,0.632841796875,76.89,23.682992209600542,15.4,1.4966629547095764
3605,0.04660644531250001,22.359375,0.963427734375,0.632841796875,93.63399999999999,5.3649663559056915,14.2,1.16619037896906
3606,0.057749023437500005,33.765625,0.553955078125,0.588408203125,93.364,7.359267898371414,12.2,2.481934729198171
3607,0.0116064453125,33.765625,0.553955078125,0.588408203125,92.008,6.795638012725515,13.6,1.624807680927192
3608,0.057749023437500005,6.359375,0.553955078125,0.588408203125,66.588,30.564013741653763,13.6,0.8
3609,0.057749023437500005,33.765625,0.613427734375,0.588408203125,93.364,7.359267898371414,12.2,2.481934729198171
3610,0.057749023437500005,33.765625,0.553955078125,0.7028417968749999,95.92800000000001,3.829754039099637,15.4,1.2
3611,0.0116064453125,6.359375,0.613427734375,0.7028417968749999,40.936,48.25582228083985,7.6,10.762899237658967
3612,0.0752490234375,9.765625,0.728955078125,0.693408203125,61.826,35.06411533177474,13.0,7.26636084983398
3613,0.0291064453125,9.765625,0.728955078125,0.693408203125,56.26400000000001,38.971332335448835,11.2,10.476640682967036
3614,0.0752490234375,14.359375,0.728955078125,0.693408203125,61.44200000000001,36.8875791561333,11.6,6.406246951218788
3615,0.0752490234375,9.765625,0.7884277343749999,0.693408203125,59.370000000000005,37.45471505698581,13.0,7.26636084983398
3616,0.0752490234375,9.765625,0.728955078125,0.667841796875,61.386,35.112418657791146,12.6,7.172168430816443
3617,0.0291064453125,14.359375,0.7884277343749999,0.667841796875,57.25599999999999,38.54284556179007,14.8,8.840814442120138
3618,0.0402490234375,25.765625,0.37895507812499996,0.623408203125,92.25,6.3696216528142395,14.2,1.16619037896906
3619,0.06410644531250001,25.765625,0.37895507812499996,0.623408203125,97.146,3.733591300611251,14.0,0.8944271909999159
3620,0.0402490234375,30.359375,0.37895507812499996,0.623408203125,92.25,6.3696216528142395,14.2,1.16619037896906
3621,0.0402490234375,25.765625,0.438427734375,0.623408203125,92.25,6.3696216528142395,14.2,1.16619037896906
3622,0.0402490234375,25.765625,0.37895507812499996,0.5978417968749999,94.08599999999998,5.303868776657281,13.4,1.0198039027185568
3623,0.06410644531250001,30.359375,0.438427734375,0.5978417968749999,94.598,6.608081113303618,12.4,2.4166091947189146
3624,0.0314990234375,5.765625,0.6414550781249999,0.640908203125,66.05,31.276868129657743,12.0,6.603029607687671
3625,0.0728564453125,5.765625,0.6414550781249999,0.640908203125,67.232,31.13833483023779,11.0,6.06630035524124
3626,0.0314990234375,26.359375,0.6414550781249999,0.640908203125,93.122,5.708619447817486,15.0,1.4142135623730951
3627,0.0314990234375,5.765625,0.700927734375,0.640908203125,63.386,33.79662089617837,12.0,6.603029607687671
3628,0.0314990234375,5.765625,0.6414550781249999,0.6503417968749999,66.00399999999999,31.493505108196516,12.0,6.603029607687671
3629,0.0728564453125,26.359375,0.700927734375,0.6503417968749999,94.804,5.624719015204228,14.0,0.8944271909999159
3630,0.0664990234375,21.765625,0.991455078125,0.710908203125,95.32199999999999,4.639161131066692,15.2,1.469693845669907
3631,0.0378564453125,21.765625,0.991455078125,0.710908203125,83.142,20.325493745540353,16.6,1.854723699099141
3632,0.0664990234375,10.359375,0.991455078125,0.710908203125,54.215999999999994,39.570974514156205,13.8,7.833262411026456
3633,0.0664990234375,21.765625,0.35092773437499997,0.710908203125,95.32199999999999,4.639161131066692,15.2,1.469693845669907
3634,0.0664990234375,21.765625,0.991455078125,0.580341796875,95.34,6.007778291515094,11.4,3.0724582991474434
3635,0.0378564453125,10.359375,0.35092773437499997,0.580341796875,77.006,20.23058239398955,13.2,1.32664991614216
3636,0.048999023437500004,13.765625,0.466455078125,0.6059082031249999,73.838,23.14570923519087,14.0,0.8944271909999159
3637,0.0203564453125,13.765625,0.466455078125,0.6059082031249999,72.518,23.762793101822016,14.6,1.3564659966250536
3638,0.048999023437500004,18.359375,0.466455078125,0.6059082031249999,95.53,3.9625799676473417,13.6,0.8
3639,0.048999023437500004,13.765625,0.875927734375,0.6059082031249999,37.046,35.46766617639227,8.2,7.547184905645283
3640,0.048999023437500004,13.765625,0.466455078125,0.615341796875,74.642,22.91800113447942,14.0,0.8944271909999159
3641,0.0203564453125,18.359375,0.875927734375,0.615341796875,85.97200000000001,15.407758305477147,14.6,1.3564659966250536
3642,0.0139990234375,29.765625,0.816455078125,0.675908203125,63.062,40.600904620463815,13.2,7.222188034107115
3643,0.05535644531250001,29.765625,0.816455078125,0.675908203125,91.458,6.9955311449524675,14.8,1.1661903789690602
3644,0.0139990234375,34.359375,0.816455078125,0.675908203125,62.938,40.53509610202004,13.2,7.222188034107115
3645,0.0139990234375,29.765625,0.525927734375,0.675908203125,63.062,40.600904620463815,13.2,7.222188034107115
3646,0.0139990234375,29.765625,0.816455078125,0.685341796875,60.6,44.0892621847996,9.6,8.685620300243386
3647,0.05535644531250001,34.359375,0.525927734375,0.685341796875,93.86800000000001,5.1907664173992645,15.0,1.4142135623730951
3648,0.0129052734375,4.265625,0.9148925781249999,0.699970703125,20.0,40.0,2.6,7.200000000000001
3649,0.0433251953125,4.265625,0.9148925781249999,0.699970703125,34.352,36.536144514713094,9.6,8.8
3650,0.0129052734375,30.859375,0.9148925781249999,0.699970703125,49.954,44.72145418029248,10.0,9.033271832508971
3651,0.0129052734375,4.265625,0.8431152343749999,0.699970703125,20.0,40.0,2.6,7.200000000000001
3652,0.0129052734375,4.265625,0.9148925781249999,0.7050292968749999,20.0,40.0,2.6,7.200000000000001
3653,0.0433251953125,30.859375,0.8431152343749999,0.7050292968749999,91.748,7.95952611654739,15.8,1.6
3654,0.04790527343750001,20.265625,0.564892578125,0.6299707031249999,92.078,6.545534050022196,14.2,1.16619037896906
3655,0.0783251953125,20.265625,0.564892578125,0.6299707031249999,95.774,4.965302004913701,14.0,0.8944271909999159
3656,0.04790527343750001,14.859375,0.564892578125,0.6299707031249999,67.264,30.233024063100267,11.2,6.20966987850401
3657,0.04790527343750001,20.265625,0.493115234375,0.6299707031249999,92.078,6.545534050022196,14.2,1.16619037896906
3658,0.04790527343750001,20.265625,0.564892578125,0.635029296875,93.912,5.328449680723277,14.2,1.16619037896906
3659,0.0783251953125,14.859375,0.493115234375,0.635029296875,73.522,25.63122267860041,14.0,0.8944271909999159
3660,0.06540527343750001,12.265625,0.739892578125,0.664970703125,57.988,38.26018787199038,12.8,7.249827584156743
3661,0.060825195312500004,12.265625,0.739892578125,0.664970703125,58.339999999999996,38.15178108555353,13.2,7.678541528180987
3662,0.06540527343750001,6.859375,0.739892578125,0.664970703125,57.132000000000005,38.42253994727574,13.4,7.914543574963751
3663,0.06540527343750001,12.265625,0.668115234375,0.664970703125,59.782,37.45570845678933,12.8,7.249827584156743
3664,0.06540527343750001,12.265625,0.739892578125,0.600029296875,58.831999999999994,38.36481429643574,11.2,7.19444229944198
3665,0.060825195312500004,6.859375,0.668115234375,0.600029296875,60.90599999999999,35.404730531385205,12.8,7.756287771866127
3666,0.030405273437500005,28.265625,0.389892578125,0.594970703125,94.512,4.889864619802883,13.4,1.0198039027185568
3667,0.0258251953125,28.265625,0.389892578125,0.594970703125,94.156,5.525351029572693,13.6,1.3564659966250536
3668,0.030405273437500005,22.859375,0.389892578125,0.594970703125,94.512,4.889864619802883,13.4,1.0198039027185568
3669,0.030405273437500005,28.265625,0.318115234375,0.594970703125,94.512,4.889864619802883,13.4,1.0198039027185568
3670,0.030405273437500005,28.265625,0.389892578125,0.670029296875,88.72999999999999,11.090366991222607,15.8,1.6
3671,0.0258251953125,22.859375,0.318115234375,0.670029296875,83.186,20.657724560076797,16.0,1.4142135623730951
3672,0.039155273437500006,16.265625,0.47739257812499997,0.612470703125,89.958,13.309751913540685,14.2,1.16619037896906
3673,0.0170751953125,16.265625,0.47739257812499997,0.612470703125,83.146,15.710143984063288,14.6,1.3564659966250536
3674,0.039155273437500006,34.859375,0.47739257812499997,0.612470703125,93.83000000000001,6.545040870766199,14.2,1.16619037896906
3675,0.039155273437500006,16.265625,0.755615234375,0.612470703125,87.77000000000001,17.495255356810315,14.2,1.16619037896906
3676,0.039155273437500006,16.265625,0.47739257812499997,0.582529296875,91.232,7.217571336675517,13.0,1.6733200530681511
3677,0.0170751953125,34.859375,0.755615234375,0.582529296875,93.008,5.826925089616306,13.2,1.9390719429665315
3678,0.0741552734375,32.265625,0.827392578125,0.6824707031249999,95.366,4.427792226380998,14.4,1.2
3679,0.0520751953125,32.265625,0.827392578125,0.6824707031249999,94.61,4.56036840617071,15.0,1.4142135623730951
3680,0.0741552734375,18.859375,0.827392578125,0.6824707031249999,95.366,4.427792226380998,14.4,1.2
3681,0.0741552734375,32.265625,0.40561523437499997,0.6824707031249999,95.366,4.427792226380998,14.4,1.2
3682,0.0741552734375,32.265625,0.827392578125,0.6525292968749999,94.91000000000001,5.725619617124419,14.0,0.8944271909999159
3683,0.0520751953125,18.859375,0.40561523437499997,0.6525292968749999,96.76,3.7065941239903806,14.6,1.0198039027185568
3684,0.05665527343750001,8.265625,0.302392578125,0.647470703125,80.002,16.76867365059026,14.6,1.0198039027185568
3685,0.0695751953125,8.265625,0.302392578125,0.647470703125,80.084,16.94425755233908,14.4,1.2
3686,0.05665527343750001,10.859375,0.302392578125,0.647470703125,80.992,16.221796941152974,14.6,1.0198039027185568
3687,0.05665527343750001,8.265625,0.930615234375,0.647470703125,52.076,40.699621914705794,13.8,8.423775875461075
3688,0.05665527343750001,8.265625,0.302392578125,0.687529296875,79.256,17.425203126506155,15.2,1.16619037896906
3689,0.0695751953125,10.859375,0.930615234375,0.687529296875,55.455999999999996,39.01689972306872,13.2,7.35934779718964
3690,0.0216552734375,24.265625,0.652392578125,0.7174707031249999,58.248000000000005,43.48207465151588,9.4,8.5463442476886
3691,0.0345751953125,24.265625,0.652392578125,0.7174707031249999,79.708,25.430269680048614,16.6,1.854723699099141
3692,0.0216552734375,26.859375,0.652392578125,0.7174707031249999,58.248000000000005,43.48207465151588,9.4,8.5463442476886
3693,0.0216552734375,24.265625,0.580615234375,0.7174707031249999,58.248000000000005,43.48207465151588,9.4,8.5463442476886
3694,0.0216552734375,24.265625,0.652392578125,0.6175292968749999,91.13199999999999,7.365572347075275,14.6,1.3564659966250536
3695,0.0345751953125,26.859375,0.580615234375,0.6175292968749999,92.19800000000001,6.629275676874513,14.2,1.16619037896906
3696,0.0260302734375,14.265625,0.346142578125,0.673720703125,70.194,26.692551470400876,16.2,1.7204650534085253
3697,0.0739501953125,14.265625,0.346142578125,0.673720703125,79.28200000000001,18.530901111386893,14.4,1.2
3698,0.0260302734375,20.859375,0.346142578125,0.673720703125,83.85799999999999,20.870358310292616,16.2,1.7204650534085253
3699,0.0260302734375,14.265625,0.799365234375,0.673720703125,54.20399999999999,40.369712211012846,15.2,8.97552226892675
3700,0.0260302734375,14.265625,0.346142578125,0.5912792968749999,86.12199999999999,12.978741695557392,13.4,1.624807680927192
3701,0.0739501953125,20.859375,0.799365234375,0.5912792968749999,94.78399999999999,5.0100243512382265,11.6,3.0066592756745814
3702,0.061030273437500004,30.265625,0.6961425781249999,0.6037207031249999,93.82199999999999,5.544339094968849,13.6,0.8
3703,0.038950195312500005,30.265625,0.6961425781249999,0.6037207031249999,96.262,3.4254366145062454,13.8,0.9797958971132713
3704,0.061030273437500004,4.859375,0.6961425781249999,0.6037207031249999,61.662,34.34114057511777,12.8,7.756287771866127
3705,0.061030273437500004,30.265625,0.449365234375,0.6037207031249999,93.82199999999999,5.544339094968849,13.6,0.8
3706,0.061030273437500004,30.265625,0.6961425781249999,0.661279296875,96.54400000000001,4.4254428027034765,14.4,1.2
3707,0.038950195312500005,4.859375,0.449365234375,0.661279296875,72.862,24.112536490381927,15.2,1.16619037896906
3708,0.0785302734375,6.265625,0.521142578125,0.708720703125,67.77000000000001,28.760878985177072,15.0,1.2649110640673518
3709,0.021450195312500003,6.265625,0.521142578125,0.708720703125,47.968,43.25368072199174,9.6,8.754427451295717
3710,0.0785302734375,12.859375,0.521142578125,0.708720703125,67.16799999999999,30.384786588027897,15.0,1.2649110640673518
3711,0.0785302734375,6.265625,0.974365234375,0.708720703125,51.11,41.52918299220441,9.8,9.019977827023745
3712,0.0785302734375,6.265625,0.521142578125,0.696279296875,68.104,28.78732679496309,14.8,1.1661903789690602
3713,0.021450195312500003,12.859375,0.974365234375,0.696279296875,21.796,39.25636845150096,2.2,6.400000000000001
3714,0.0435302734375,22.265625,0.871142578125,0.638720703125,95.894,3.7595403974422195,14.4,1.0198039027185568
3715,0.05645019531250001,22.265625,0.871142578125,0.638720703125,92.478,6.873675581521142,14.2,1.16619037896906
3716,0.0435302734375,28.859375,0.871142578125,0.638720703125,95.894,3.7595403974422195,14.4,1.0198039027185568
3717,0.0435302734375,22.265625,0.6243652343749999,0.638720703125,95.894,3.7595403974422195,14.4,1.0198039027185568
3718,0.0435302734375,22.265625,0.871142578125,0.626279296875,92.07000000000001,6.480111110158529,14.2,1.16619037896906
3719,0.05645019531250001,28.859375,0.6243652343749999,0.626279296875,94.22999999999999,5.8047842337161875,14.0,0.8944271909999159
3720,0.0347802734375,10.265625,0.7836425781249999,0.621220703125,39.058,36.712210720685285,8.4,7.735631842325487
3721,0.047700195312500006,10.265625,0.7836425781249999,0.621220703125,38.662,36.666099001666375,8.4,7.735631842325487
3722,0.0347802734375,24.859375,0.7836425781249999,0.621220703125,93.388,5.547400832822519,14.4,1.0198039027185568
3723,0.0347802734375,10.265625,0.8868652343749999,0.621220703125,36.424,36.71281334902026,8.4,7.735631842325487
3724,0.0347802734375,10.265625,0.7836425781249999,0.713779296875,32.826,36.86276907667139,10.0,9.077444574328174
3725,0.047700195312500006,24.859375,0.8868652343749999,0.713779296875,93.41,5.910648018618604,15.8,1.6
3726,0.0697802734375,26.265625,0.43364257812499996,0.691220703125,92.652,6.56687261944375,14.8,1.1661903789690602
3727,0.0127001953125,26.265625,0.43364257812499996,0.691220703125,53.446000000000005,45.24930567423107,9.8,8.840814442120138
3728,0.0697802734375,8.859375,0.43364257812499996,0.691220703125,72.654,23.529940586410326,14.8,1.1661903789690602
3729,0.0697802734375,26.265625,0.536865234375,0.691220703125,92.652,6.56687261944375,14.8,1.1661903789690602
3730,0.0697802734375,26.265625,0.43364257812499996,0.643779296875,94.248,5.7858496351011395,14.0,0.8944271909999159
3731,0.0127001953125,8.859375,0.536865234375,0.643779296875,58.482000000000006,37.17752891196509,12.8,6.968500556073739
3732,0.052280273437500004,18.265625,0.9586425781249999,0.586220703125,94.724,6.155133142345498,12.4,2.1540659228538015
3733,0.030200195312500004,18.265625,0.9586425781249999,0.586220703125,93.728,5.1800942076375405,13.2,1.32664991614216
3734,0.052280273437500004,16.859375,0.9586425781249999,0.586220703125,94.684,6.219162644600958,12.4,2.1540659228538015
3735,0.052280273437500004,18.265625,0.711865234375,0.586220703125,94.724,6.155133142345498,12.4,2.1540659228538015
3736,0.052280273437500004,18.265625,0.9586425781249999,0.608779296875,96.258,3.649440505063754,13.6,0.8
3737,0.030200195312500004,16.859375,0.711865234375,0.608779296875,84.816,18.206362184686977,14.0,1.2649110640673518
3738,0.0172802734375,34.265625,0.608642578125,0.656220703125,79.836,29.043698524809127,16.4,1.854723699099141
3739,0.0652001953125,34.265625,0.608642578125,0.656220703125,94.804,5.787851414817072,14.4,1.2
3740,0.0172802734375,32.859375,0.608642578125,0.656220703125,79.836,29.043698524809127,16.4,1.854723699099141
3741,0.0172802734375,34.265625,0.36186523437499996,0.656220703125,79.836,29.043698524809127,16.4,1.854723699099141
3742,0.0172802734375,34.265625,0.608642578125,0.6787792968749999,67.44000000000001,38.993704107201715,13.2,7.222188034107115
3743,0.0652001953125,32.859375,0.36186523437499996,0.6787792968749999,93.422,5.926892609116519,14.8,1.1661903789690602
3744,0.015092773437500002,19.265625,0.718017578125,0.643095703125,74.322,31.7354019353781,12.0,6.572670690061994
3745,0.023637695312500002,19.265625,0.718017578125,0.643095703125,85.582,16.190241999426693,15.4,1.4966629547095764
3746,0.015092773437500002,9.859375,0.718017578125,0.643095703125,55.434000000000005,39.581722852852174,11.2,10.476640682967036
3747,0.015092773437500002,19.265625,0.5149902343749999,0.643095703125,76.2,29.821591506826056,12.0,6.572670690061994
3748,0.015092773437500002,19.265625,0.718017578125,0.613154296875,86.99799999999999,14.126222991302383,14.8,1.469693845669907
3749,0.023637695312500002,9.859375,0.5149902343749999,0.613154296875,70.81599999999999,26.804206087851213,14.6,1.3564659966250536
3750,0.05009277343750001,35.265625,0.36801757812499997,0.713095703125,93.2,5.566618363063881,15.8,1.6
3751,0.05863769531250001,35.265625,0.36801757812499997,0.713095703125,90.16,8.064656223299293,15.6,1.3564659966250536
3752,0.05009277343750001,25.859375,0.36801757812499997,0.713095703125,93.2,5.566618363063881,15.8,1.6
3753,0.05009277343750001,35.265625,0.864990234375,0.713095703125,93.2,5.566618363063881,15.8,1.6
3754,0.05009277343750001,35.265625,0.36801757812499997,0.683154296875,95.376,4.009800992568085,15.0,1.4142135623730951
3755,0.05863769531250001,25.859375,0.864990234375,0.683154296875,91.878,6.726908353768469,14.8,1.1661903789690602
3756,0.0675927734375,11.265625,0.893017578125,0.6080957031249999,53.477999999999994,39.987742321866584,12.4,7.08801805866774
3757,0.0761376953125,11.265625,0.893017578125,0.6080957031249999,54.25,39.3914224165617,11.0,7.155417527999327
3758,0.0675927734375,33.859375,0.893017578125,0.6080957031249999,95.4,4.069982800946462,13.6,0.8
3759,0.0675927734375,11.265625,0.339990234375,0.6080957031249999,79.402,17.315965349930682,13.8,0.7483314773547882
3760,0.0675927734375,11.265625,0.893017578125,0.718154296875,53.489999999999995,39.98746603624691,13.8,7.730459236035075
3761,0.0761376953125,33.859375,0.339990234375,0.718154296875,94.024,5.931706668404971,14.8,1.1661903789690602
3762,0.0325927734375,27.265625,0.543017578125,0.678095703125,89.27799999999999,11.296812647822394,15.8,1.6
3763,0.0411376953125,27.265625,0.543017578125,0.678095703125,93.30799999999999,6.6773000531652,15.4,1.2
3764,0.0325927734375,17.859375,0.543017578125,0.678095703125,74.908,21.815786394260464,15.8,1.6
3765,0.0325927734375,27.265625,0.689990234375,0.678095703125,89.27799999999999,11.296812647822394,15.8,1.6
3766,0.0325927734375,27.265625,0.543017578125,0.6481542968749999,91.66799999999999,7.096180381021894,15.0,1.4142135623730951
3767,0.0411376953125,17.859375,0.689990234375,0.6481542968749999,87.508,15.405561852785507,14.8,1.1661903789690602
3768,0.04134277343750001,7.265625,0.455517578125,0.6605957031249999,72.926,25.018559191128492,15.2,1.16619037896906
3769,0.0323876953125,7.265625,0.455517578125,0.6605957031249999,72.612,24.47267488445021,15.8,1.6
3770,0.04134277343750001,5.859375,0.455517578125,0.6605957031249999,73.804,24.02477104989764,15.2,1.16619037896906
3771,0.04134277343750001,7.265625,0.427490234375,0.6605957031249999,74.148,23.798661643042035,15.2,1.16619037896906
3772,0.04134277343750001,7.265625,0.455517578125,0.700654296875,71.366,25.36104224987609,16.2,1.469693845669907
3773,0.0323876953125,5.859375,0.427490234375,0.700654296875,67.962,28.54538589684855,16.6,1.854723699099141
3774,0.0763427734375,23.265625,0.8055175781249999,0.590595703125,95.30199999999999,4.8983442100366945,10.8,3.059411708155671
3775,0.06738769531250001,23.265625,0.8055175781249999,0.590595703125,94.164,6.012365923661,12.0,2.8284271247461903
3776,0.0763427734375,21.859375,0.8055175781249999,0.590595703125,95.30199999999999,4.8983442100366945,10.8,3.059411708155671
3777,0.0763427734375,23.265625,0.777490234375,0.590595703125,95.30199999999999,4.8983442100366945,10.8,3.059411708155671
3778,0.0763427734375,23.265625,0.8055175781249999,0.630654296875,95.236,5.464520473014992,14.0,0.8944271909999159
3779,0.06738769531250001,21.859375,0.777490234375,0.630654296875,95.0,6.435740827597082,14.0,0.8944271909999159
3780,0.05884277343750001,15.265625,0.630517578125,0.695595703125,64.382,32.92504724370187,11.8,6.554387843269576
3781,0.04988769531250001,15.265625,0.630517578125,0.695595703125,62.751999999999995,33.54082968562346,12.2,6.734983296193095
3782,0.05884277343750001,29.859375,0.630517578125,0.695595703125,95.14599999999999,4.431512608579605,15.0,1.4142135623730951
3783,0.05884277343750001,15.265625,0.602490234375,0.695595703125,65.628,31.701478451327787,11.8,6.554387843269576
3784,0.05884277343750001,15.265625,0.630517578125,0.5956542968749999,83.9,16.457796936406766,13.4,1.0198039027185568
3785,0.04988769531250001,29.859375,0.602490234375,0.5956542968749999,92.58,6.342829021816684,13.4,1.0198039027185568
3786,0.0238427734375,31.265625,0.980517578125,0.625595703125,92.702,6.923370277545466,14.8,1.469693845669907
3787,0.014887695312500001,31.265625,0.980517578125,0.625595703125,84.358,17.835804887921373,15.6,1.3564659966250536
3788,0.0238427734375,13.859375,0.980517578125,0.625595703125,32.05,36.55406625807859,9.2,8.423775875461075
3789,0.0238427734375,31.265625,0.9524902343749999,0.625595703125,92.702,6.923370277545466,14.8,1.469693845669907
3790,0.0238427734375,31.265625,0.980517578125,0.665654296875,83.24,20.755484094571248,16.2,1.7204650534085253
3791,0.014887695312500001,13.859375,0.9524902343749999,0.665654296875,23.892000000000003,38.793177956955276,2.2,6.400000000000001
3792,0.019467773437500002,9.265625,0.5867675781249999,0.581845703125,66.944,29.797815087687216,13.8,1.3266499161421599
3793,0.054262695312500005,9.265625,0.5867675781249999,0.581845703125,69.606,28.99080447314286,12.2,2.7856776554368237
3794,0.019467773437500002,19.859375,0.5867675781249999,0.581845703125,91.61,6.92459962741529,13.0,1.6733200530681511
3795,0.019467773437500002,9.265625,0.47124023437499996,0.581845703125,71.744,25.1780750654215,13.6,1.624807680927192
3796,0.019467773437500002,9.265625,0.5867675781249999,0.691904296875,49.962,41.87750536982833,13.4,7.337574531137657
3797,0.054262695312500005,19.859375,0.47124023437499996,0.691904296875,95.678,3.94026598086982,15.2,1.16619037896906
3798,0.054467773437500006,25.265625,0.936767578125,0.651845703125,96.36,3.915323741403767,14.4,1.2
3799,0.0192626953125,25.265625,0.936767578125,0.651845703125,82.618,20.723401651273374,16.2,1.7204650534085253
3800,0.054467773437500006,35.859375,0.936767578125,0.651845703125,96.36,3.915323741403767,14.4,1.2
3801,0.054467773437500006,25.265625,0.821240234375,0.651845703125,96.36,3.915323741403767,14.4,1.2
3802,0.054467773437500006,25.265625,0.936767578125,0.6219042968749999,96.372,3.883387181314784,14.0,0.8944271909999159
3803,0.0192626953125,35.859375,0.821240234375,0.6219042968749999,93.86,5.424791240222982,14.8,1.469693845669907
3804,0.07196777343750001,17.265625,0.411767578125,0.616845703125,95.86,6.093288110700164,13.8,0.7483314773547882
3805,0.0367626953125,17.265625,0.411767578125,0.616845703125,89.24,9.549473283904195,14.2,1.16619037896906
3806,0.07196777343750001,27.859375,0.411767578125,0.616845703125,95.86800000000001,6.077954919214193,13.8,0.7483314773547882
3807,0.07196777343750001,17.265625,0.646240234375,0.616845703125,95.86,6.093288110700164,13.8,0.7483314773547882
3808,0.07196777343750001,17.265625,0.411767578125,0.586904296875,96.94800000000001,3.7237260908933663,11.6,3.0066592756745814
3809,0.0367626953125,27.859375,0.646240234375,0.586904296875,92.834,6.007407427501484,13.2,1.32664991614216
3810,0.036967773437500004,33.265625,0.761767578125,0.6868457031249999,90.684,8.885810261309885,15.8,1.6
3811,0.0717626953125,33.265625,0.761767578125,0.6868457031249999,93.566,5.950037310807385,14.8,1.1661903789690602
3812,0.036967773437500004,11.859375,0.761767578125,0.6868457031249999,37.82,34.617209015170474,9.6,8.8
3813,0.036967773437500004,33.265625,0.9962402343749999,0.6868457031249999,90.684,8.885810261309885,15.8,1.6
3814,0.036967773437500004,33.265625,0.761767578125,0.656904296875,92.49,6.371429980781393,15.0,1.4142135623730951
3815,0.0717626953125,11.859375,0.9962402343749999,0.656904296875,50.516000000000005,41.56338994836682,12.6,7.172168430816443
3816,0.028217773437500003,13.265625,0.8492675781249999,0.704345703125,27.624000000000002,37.772331990492724,6.2,8.908422980528035
3817,0.0630126953125,13.265625,0.8492675781249999,0.704345703125,55.910000000000004,38.820022668720846,13.6,7.631513611335565
3818,0.028217773437500003,15.859375,0.8492675781249999,0.704345703125,28.546,37.84008541216576,6.2,8.908422980528035
3819,0.028217773437500003,13.265625,0.558740234375,0.704345703125,56.20399999999999,37.08890378536416,13.2,7.277362159464101
3820,0.028217773437500003,13.265625,0.8492675781249999,0.604404296875,37.35,34.88587335871068,8.4,7.735631842325487
3821,0.0630126953125,15.859375,0.558740234375,0.604404296875,83.702,17.56984507615249,13.6,0.8
3822,0.0632177734375,29.265625,0.499267578125,0.6343457031249999,94.09400000000001,5.2153603902319166,14.0,0.8944271909999159
3823,0.028012695312500002,29.265625,0.499267578125,0.6343457031249999,93.148,6.854859298337202,15.0,1.4142135623730951
3824,0.0632177734375,31.859375,0.499267578125,0.6343457031249999,94.09400000000001,5.2153603902319166,14.0,0.8944271909999159
3825,0.0632177734375,29.265625,0.908740234375,0.6343457031249999,94.09400000000001,5.2153603902319166,14.0,0.8944271909999159
3826,0.0632177734375,29.265625,0.499267578125,0.6744042968749999,94.446,4.862906949551884,14.8,1.1661903789690602
3827,0.028012695312500002,31.859375,0.908740234375,0.6744042968749999,84.102,18.703206569997562,16.0,1.4142135623730951
3828,0.045717773437500005,5.265625,0.674267578125,0.669345703125,64.75,32.76837255647586,12.0,6.603029607687671
3829,0.0105126953125,5.265625,0.674267578125,0.669345703125,44.634,45.40774629950269,6.0,8.579044235810887
3830,0.045717773437500005,23.859375,0.674267578125,0.669345703125,93.35799999999999,5.434513409680761,15.0,1.4142135623730951
3831,0.045717773437500005,5.265625,0.383740234375,0.669345703125,76.96000000000001,20.82780545328768,15.2,1.16619037896906
3832,0.045717773437500005,5.265625,0.674267578125,0.709404296875,64.188,32.87542024066004,12.6,6.945502141674135
3833,0.0105126953125,23.859375,0.383740234375,0.709404296875,42.482,47.18136598276909,6.4,9.068627239003707
3834,0.0107177734375,21.265625,0.324267578125,0.599345703125,91.416,7.094083732237733,14.2,1.7204650534085253
3835,0.045512695312500004,21.265625,0.324267578125,0.599345703125,93.954,5.297613047401633,13.4,1.0198039027185568
3836,0.0107177734375,7.859375,0.324267578125,0.599345703125,77.51599999999999,19.68640810305425,14.8,1.8330302779823358
3837,0.0107177734375,21.265625,0.7337402343749999,0.599345703125,91.416,7.094083732237733,14.2,1.7204650534085253
3838,0.0107177734375,21.265625,0.324267578125,0.639404296875,74.278,36.286106652546785,12.6,6.887670143089026
3839,0.045512695312500004,7.859375,0.7337402343749999,0.639404296875,61.42,36.66893889929187,13.8,8.423775875461075
3840,0.0109912109375,18.640625,0.8629394531249999,0.6764550781249999,44.094,45.944197283226096,6.0,8.579044235810887
3841,0.017895507812500003,18.640625,0.8629394531249999,0.6764550781249999,57.529999999999994,39.47107092542588,13.2,7.222188034107115
3842,0.0109912109375,32.734375,0.8629394531249999,0.6764550781249999,59.662,45.2094567098522,9.8,8.840814442120138
3843,0.0109912109375,18.640625,0.643505859375,0.6764550781249999,47.326,44.25820945316247,9.8,8.840814442120138
3844,0.0109912109375,18.640625,0.8629394531249999,0.615888671875,77.036,30.28436467882396,11.6,6.343500610861482
3845,0.017895507812500003,32.734375,0.643505859375,0.615888671875,92.22200000000001,6.367597349079164,14.8,1.469693845669907
3846,0.045991210937500006,34.640625,0.512939453125,0.606455078125,96.068,3.5289624537532265,13.8,0.9797958971132713
3847,0.052895507812500006,34.640625,0.512939453125,0.606455078125,95.214,4.46897124627134,13.6,0.8
3848,0.045991210937500006,16.734375,0.512939453125,0.606455078125,92.702,9.522574021765335,13.8,0.9797958971132713
3849,0.045991210937500006,34.640625,0.9935058593749999,0.606455078125,96.068,3.5289624537532265,13.8,0.9797958971132713
3850,0.045991210937500006,34.640625,0.512939453125,0.6858886718749999,92.988,6.924436150330221,15.4,1.2
3851,0.052895507812500006,16.734375,0.9935058593749999,0.6858886718749999,61.694,31.494019495770935,15.2,1.5999999999999999
3852,0.0634912109375,10.640625,0.687939453125,0.711455078125,63.926,32.805387118581606,13.8,7.833262411026456
3853,0.07039550781250001,10.640625,0.687939453125,0.711455078125,63.02,33.17682263267536,13.2,7.35934779718964
3854,0.0634912109375,8.734375,0.687939453125,0.711455078125,61.686,33.416958928065256,14.0,8.049844718999243
3855,0.0634912109375,10.640625,0.468505859375,0.711455078125,74.208,23.104508997163304,15.4,1.2
3856,0.0634912109375,10.640625,0.687939453125,0.650888671875,62.846000000000004,33.22460389530626,13.0,7.615773105863909
3857,0.07039550781250001,8.734375,0.468505859375,0.650888671875,72.224,23.78453497548355,14.6,1.0198039027185568
3858,0.028491210937500004,26.640625,0.33793945312499996,0.6414550781249999,91.808,6.932553353563172,15.0,1.4142135623730951
3859,0.035395507812500004,26.640625,0.33793945312499996,0.6414550781249999,93.94800000000001,6.4247097988936455,15.0,1.4142135623730951
3860,0.028491210937500004,24.734375,0.33793945312499996,0.6414550781249999,91.882,6.853432424705157,15.0,1.4142135623730951
3861,0.028491210937500004,26.640625,0.8185058593749999,0.6414550781249999,91.808,6.932553353563172,15.0,1.4142135623730951
3862,0.028491210937500004,26.640625,0.33793945312499996,0.5808886718749999,91.588,7.058009351084765,13.0,1.6733200530681511
3863,0.035395507812500004,24.734375,0.8185058593749999,0.5808886718749999,90.52799999999999,7.734200411160807,13.0,1.6733200530681511
3864,0.037241210937500005,6.640625,0.6004394531249999,0.623955078125,64.038,32.312058677837285,13.4,8.114185110040317
3865,0.044145507812500005,6.640625,0.6004394531249999,0.623955078125,62.89,32.82251178688188,13.4,8.114185110040317
3866,0.037241210937500005,28.734375,0.6004394531249999,0.623955078125,93.6,5.300796166614973,14.2,1.16619037896906
3867,0.037241210937500005,6.640625,0.381005859375,0.623955078125,74.636,22.508654868738823,14.4,1.0198039027185568
3868,0.037241210937500005,6.640625,0.6004394531249999,0.668388671875,63.05,32.514644085396355,14.4,8.357032966310472
3869,0.044145507812500005,28.734375,0.381005859375,0.668388671875,93.80600000000001,5.0691127428771985,15.0,1.4142135623730951
3870,0.07224121093750001,22.640625,0.950439453125,0.693955078125,92.84,6.29255750867642,14.8,1.1661903789690602
3871,0.0791455078125,22.640625,0.950439453125,0.693955078125,94.394,5.927669356500917,14.6,1.3564659966250536
3872,0.07224121093750001,12.734375,0.950439453125,0.693955078125,52.612,40.95952216518157,13.2,7.35934779718964
3873,0.07224121093750001,22.640625,0.731005859375,0.693955078125,92.84,6.29255750867642,14.8,1.1661903789690602
3874,0.07224121093750001,22.640625,0.950439453125,0.598388671875,94.014,6.840653769925796,12.2,2.7856776554368237
3875,0.0791455078125,12.734375,0.731005859375,0.598388671875,59.312,37.15838715552655,10.4,6.945502141674136
3876,0.05474121093750001,14.640625,0.425439453125,0.5889550781249999,84.644,13.976658542012109,12.4,2.1540659228538015
3877,0.06164550781250001,14.640625,0.425439453125,0.5889550781249999,84.75399999999999,13.72200801632181,12.0,2.8284271247461903
3878,0.05474121093750001,4.734375,0.425439453125,0.5889550781249999,74.438,23.522668556097116,13.4,1.0198039027185568
3879,0.05474121093750001,14.640625,0.5560058593749999,0.5889550781249999,81.94,16.906918110643346,12.4,2.1540659228538015
3880,0.05474121093750001,14.640625,0.425439453125,0.6333886718749999,73.466,24.0696336490608,14.2,1.16619037896906
3881,0.06164550781250001,4.734375,0.5560058593749999,0.6333886718749999,68.53399999999999,28.630203352403907,14.4,1.2
3882,0.019741210937500003,30.640625,0.775439453125,0.658955078125,82.684,23.004368802468804,16.2,1.7204650534085253
3883,0.026645507812500004,30.640625,0.775439453125,0.658955078125,89.35,11.706408501329518,15.6,1.624807680927192
3884,0.019741210937500003,20.734375,0.775439453125,0.658955078125,82.684,23.004368802468804,16.2,1.7204650534085253
3885,0.019741210937500003,30.640625,0.906005859375,0.658955078125,82.684,23.004368802468804,16.2,1.7204650534085253
3886,0.019741210937500003,30.640625,0.775439453125,0.703388671875,62.174,42.63508677134362,13.4,7.337574531137657
3887,0.026645507812500004,20.734375,0.906005859375,0.703388671875,73.36,33.173026994834224,12.8,6.997142273814361
3888,0.0241162109375,8.640625,0.469189453125,0.685205078125,60.45399999999999,34.378400544527956,12.8,6.997142273814361
3889,0.0485205078125,8.640625,0.469189453125,0.685205078125,71.834,24.11716368066527,15.4,1.2
3890,0.0241162109375,26.734375,0.469189453125,0.685205078125,76.65,28.796841493469383,16.6,1.854723699099141
3891,0.0241162109375,8.640625,0.33725585937499997,0.685205078125,65.0,31.739957781950498,12.8,6.997142273814361
3892,0.0241162109375,8.640625,0.469189453125,0.677138671875,63.872,31.87584000461792,16.8,1.6
3893,0.0485205078125,26.734375,0.33725585937499997,0.677138671875,94.46600000000001,4.593254184126979,15.0,1.4142135623730951
3894,0.059116210937500004,24.640625,0.8191894531249999,0.6152050781249999,97.176,3.8859624290515207,14.0,0.8944271909999159
3895,0.0135205078125,24.640625,0.8191894531249999,0.6152050781249999,88.114,13.412483140716338,15.4,1.4966629547095764
3896,0.059116210937500004,10.734375,0.8191894531249999,0.6152050781249999,58.653999999999996,37.81632430578096,12.8,7.547184905645283
3897,0.059116210937500004,24.640625,0.687255859375,0.6152050781249999,97.176,3.8859624290515207,14.0,0.8944271909999159
3898,0.059116210937500004,24.640625,0.8191894531249999,0.6071386718749999,94.494,5.544199130622924,13.6,0.8
3899,0.0135205078125,10.734375,0.687255859375,0.6071386718749999,42.64,35.10594422601392,9.0,8.318653737234168
3900,0.0766162109375,16.640625,0.644189453125,0.650205078125,89.23400000000001,11.939088072378055,14.0,0.8944271909999159
3901,0.0310205078125,16.640625,0.644189453125,0.650205078125,75.41,20.43136020924696,15.2,1.16619037896906
3902,0.0766162109375,18.734375,0.644189453125,0.650205078125,94.224,5.875227995576,14.0,0.8944271909999159
3903,0.0766162109375,16.640625,0.512255859375,0.650205078125,90.296,10.14226325826736,14.0,0.8944271909999159
3904,0.0766162109375,16.640625,0.644189453125,0.642138671875,91.336,11.264508156151338,14.0,0.8944271909999159
3905,0.0310205078125,18.734375,0.512255859375,0.642138671875,88.12199999999999,12.34784904345692,15.0,1.4142135623730951
3906,0.0416162109375,32.640625,0.994189453125,0.580205078125,94.61800000000001,5.800170342326162,13.0,1.6733200530681511
3907,0.0660205078125,32.640625,0.994189453125,0.580205078125,95.602,5.718214406613307,11.4,3.0724582991474434
3908,0.0416162109375,34.734375,0.994189453125,0.580205078125,94.61800000000001,5.800170342326162,13.0,1.6733200530681511
3909,0.0416162109375,32.640625,0.862255859375,0.580205078125,94.61800000000001,5.800170342326162,13.0,1.6733200530681511
3910,0.0416162109375,32.640625,0.994189453125,0.712138671875,87.77799999999999,13.894399447259318,15.8,1.6
3911,0.0660205078125,34.734375,0.862255859375,0.712138671875,95.684,4.397338285827007,15.4,1.2
3912,0.0328662109375,12.640625,0.731689453125,0.597705078125,39.2,36.62507119447005,8.4,7.735631842325487
3913,0.0747705078125,12.640625,0.731689453125,0.597705078125,59.202,37.397488899657425,10.6,7.172168430816444
3914,0.0328662109375,22.734375,0.731689453125,0.597705078125,94.232,5.549033789769171,13.4,1.0198039027185568
3915,0.0328662109375,12.640625,0.599755859375,0.597705078125,64.22,33.18602898811486,13.4,8.114185110040317
3916,0.0328662109375,12.640625,0.731689453125,0.624638671875,37.594,37.03017882754551,8.6,7.914543574963752
3917,0.0747705078125,22.734375,0.599755859375,0.624638671875,96.73599999999999,5.191626334781809,14.0,0.8944271909999159
3918,0.0678662109375,28.640625,0.38168945312499997,0.667705078125,96.336,4.907258297664796,14.4,1.2
3919,0.0397705078125,28.640625,0.38168945312499997,0.667705078125,93.69,6.123776612516169,15.2,1.16619037896906
3920,0.0678662109375,6.734375,0.38168945312499997,0.667705078125,76.114,20.636585570292386,14.6,1.0198039027185568
3921,0.0678662109375,28.640625,0.949755859375,0.667705078125,96.336,4.907258297664796,14.4,1.2
3922,0.0678662109375,28.640625,0.38168945312499997,0.694638671875,92.016,6.721787262328377,14.8,1.1661903789690602
3923,0.0397705078125,6.734375,0.949755859375,0.694638671875,30.744,36.771100935381305,9.8,8.975522268926749
3924,0.0503662109375,4.640625,0.906689453125,0.632705078125,34.19199999999999,36.530070572064325,8.4,7.735631842325487
3925,0.0222705078125,4.640625,0.906689453125,0.632705078125,35.03,36.574813191594025,9.4,8.593020423576334
3926,0.0503662109375,14.734375,0.906689453125,0.632705078125,56.604,38.55629940748982,11.2,6.20966987850401
3927,0.0503662109375,4.640625,0.424755859375,0.632705078125,72.904,23.427814750846906,14.4,1.0198039027185568
3928,0.0503662109375,4.640625,0.906689453125,0.659638671875,34.42,36.53909686897037,9.0,8.221921916437786
3929,0.0222705078125,14.734375,0.424755859375,0.659638671875,66.59,29.490654790967255,16.2,1.7204650534085253
3930,0.0153662109375,20.640625,0.556689453125,0.7027050781249999,52.342000000000006,44.9659855446314,9.8,8.840814442120138
3931,0.0572705078125,20.640625,0.556689453125,0.7027050781249999,95.468,4.134645813125955,15.4,1.2
3932,0.0153662109375,30.734375,0.556689453125,0.7027050781249999,52.342000000000006,44.9659855446314,9.8,8.840814442120138
3933,0.0153662109375,20.640625,0.7747558593749999,0.7027050781249999,52.342000000000006,44.9659855446314,9.8,8.840814442120138
3934,0.0153662109375,20.640625,0.556689453125,0.589638671875,91.104,7.273746214984409,13.6,1.624807680927192
3935,0.0572705078125,30.734375,0.7747558593749999,0.589638671875,93.77000000000001,7.176065774503463,12.2,2.481934729198171
3936,0.0175537109375,5.640625,0.7973144531249999,0.5933300781249999,58.82000000000001,37.758737267022056,13.4,8.114185110040317
3937,0.0332080078125,5.640625,0.7973144531249999,0.5933300781249999,60.53800000000001,37.28010751057459,13.2,8.059776671843954
3938,0.0175537109375,7.734375,0.7973144531249999,0.5933300781249999,38.214,37.00570096620249,8.4,7.735631842325487
3939,0.0175537109375,5.640625,0.971630859375,0.5933300781249999,35.582,36.619056459717804,8.6,7.939773296511683
3940,0.0175537109375,5.640625,0.7973144531249999,0.6640136718749999,49.971999999999994,43.21511096827127,11.0,10.21763181955584
3941,0.0332080078125,7.734375,0.971630859375,0.6640136718749999,35.306,36.61093694512611,9.4,8.593020423576334
3942,0.052553710937500005,21.640625,0.44731445312499996,0.663330078125,92.518,6.136762664467316,14.8,1.1661903789690602
3943,0.0682080078125,21.640625,0.44731445312499996,0.663330078125,95.53,5.5440923513231635,14.4,1.2
3944,0.052553710937500005,23.734375,0.44731445312499996,0.663330078125,92.518,6.136762664467316,14.8,1.1661903789690602
3945,0.052553710937500005,21.640625,0.621630859375,0.663330078125,92.518,6.136762664467316,14.8,1.1661903789690602
3946,0.052553710937500005,21.640625,0.44731445312499996,0.594013671875,93.26400000000001,5.581199154303672,13.4,1.0198039027185568
3947,0.0682080078125,23.734375,0.621630859375,0.594013671875,94.422,6.3033908335117514,12.2,2.7856776554368237
3948,0.0700537109375,13.640625,0.9723144531249999,0.628330078125,53.775999999999996,39.782260167064415,12.4,6.974238309665077
3949,0.050708007812500004,13.640625,0.9723144531249999,0.628330078125,52.234,40.574528758816164,13.4,8.114185110040317
3950,0.0700537109375,31.734375,0.9723144531249999,0.628330078125,95.794,4.999534378319643,14.0,0.8944271909999159
3951,0.0700537109375,13.640625,0.796630859375,0.628330078125,58.11800000000001,37.99312169327495,12.2,6.881860213634101
3952,0.0700537109375,13.640625,0.9723144531249999,0.629013671875,53.748000000000005,39.796171373638444,12.4,6.974238309665077
3953,0.050708007812500004,31.734375,0.796630859375,0.629013671875,91.19800000000001,7.271864685209703,14.2,1.16619037896906
3954,0.0350537109375,29.640625,0.622314453125,0.6983300781249999,85.326,18.552644663227937,16.0,1.4142135623730951
3955,0.0157080078125,29.640625,0.622314453125,0.6983300781249999,56.548,44.51297222158952,9.6,8.685620300243386
3956,0.0350537109375,15.734375,0.622314453125,0.6983300781249999,59.217999999999996,35.89030476326441,13.0,7.238784428341543
3957,0.0350537109375,29.640625,0.44663085937499997,0.6983300781249999,85.326,18.552644663227937,16.0,1.4142135623730951
3958,0.0350537109375,29.640625,0.622314453125,0.699013671875,85.042,19.05760362689916,16.0,1.4142135623730951
3959,0.0157080078125,15.734375,0.44663085937499997,0.699013671875,46.547999999999995,44.752369948417254,10.0,9.033271832508971
3960,0.043803710937500004,17.640625,0.359814453125,0.715830078125,75.204,20.51708809748596,15.8,1.6
3961,0.0244580078125,17.640625,0.359814453125,0.715830078125,54.186,40.61717843474606,13.4,7.337574531137657
3962,0.043803710937500004,11.734375,0.359814453125,0.715830078125,73.214,22.404477766732256,16.2,1.469693845669907
3963,0.043803710937500004,17.640625,0.709130859375,0.715830078125,62.254000000000005,31.05665828771666,16.0,1.7888543819998317
3964,0.043803710937500004,17.640625,0.359814453125,0.646513671875,92.564,10.143566631121423,14.8,1.1661903789690602
3965,0.0244580078125,11.734375,0.709130859375,0.646513671875,59.774,33.95005955812154,14.6,8.593020423576334
3966,0.07880371093750001,33.640625,0.7098144531249999,0.6458300781249999,95.4,4.014757776005919,14.0,0.8944271909999159
3967,0.059458007812500005,33.640625,0.7098144531249999,0.6458300781249999,93.518,6.3958248881594635,14.2,1.16619037896906
3968,0.07880371093750001,27.734375,0.7098144531249999,0.6458300781249999,95.4,4.014757776005919,14.0,0.8944271909999159
3969,0.07880371093750001,33.640625,0.359130859375,0.6458300781249999,95.4,4.014757776005919,14.0,0.8944271909999159
3970,0.07880371093750001,33.640625,0.7098144531249999,0.716513671875,92.97800000000001,6.887317039312188,14.8,1.1661903789690602
3971,0.059458007812500005,27.734375,0.359130859375,0.716513671875,90.32000000000001,7.905572718026189,15.6,1.3564659966250536
3972,0.061303710937500006,9.640625,0.534814453125,0.680830078125,68.65,27.784094730618815,14.8,1.1661903789690602
3973,0.0769580078125,9.640625,0.534814453125,0.680830078125,71.05,26.220837515228226,14.8,1.1661903789690602
3974,0.061303710937500006,35.734375,0.534814453125,0.680830078125,91.104,7.31192067790673,14.8,1.1661903789690602
3975,0.061303710937500006,9.640625,0.8841308593749999,0.680830078125,55.726,39.08259336328642,13.8,7.984985911070852
3976,0.061303710937500006,9.640625,0.534814453125,0.681513671875,68.732,27.734038580776513,15.0,1.4142135623730951
3977,0.0769580078125,35.734375,0.8841308593749999,0.681513671875,96.0,4.745233397842511,14.4,1.2
3978,0.026303710937500002,25.640625,0.884814453125,0.610830078125,92.71199999999999,6.122281927516895,14.4,1.0198039027185568
3979,0.0419580078125,25.640625,0.884814453125,0.610830078125,97.066,2.854817682444889,14.0,0.8944271909999159
3980,0.026303710937500002,19.734375,0.884814453125,0.610830078125,92.612,6.246017611246383,14.4,1.0198039027185568
3981,0.026303710937500002,25.640625,0.5341308593749999,0.610830078125,92.71199999999999,6.122281927516895,14.4,1.0198039027185568
3982,0.026303710937500002,25.640625,0.884814453125,0.6115136718749999,92.20599999999999,6.590907676488876,14.4,1.0198039027185568
3983,0.0419580078125,19.734375,0.5341308593749999,0.6115136718749999,96.648,3.3841418409989843,14.0,0.8944271909999159
3984,0.021928710937500002,15.640625,0.49106445312499997,0.637080078125,68.928,27.135330033003097,15.4,1.4966629547095764
3985,0.06383300781250001,15.640625,0.49106445312499997,0.637080078125,76.926,18.884270279785767,14.2,1.16619037896906
3986,0.021928710937500002,13.734375,0.49106445312499997,0.637080078125,68.494,27.122700160566612,15.6,1.3564659966250536
3987,0.021928710937500002,15.640625,0.6653808593749999,0.637080078125,61.50599999999999,34.26136284504748,12.4,6.887670143089026
3988,0.021928710937500002,15.640625,0.49106445312499997,0.6377636718749999,68.51400000000001,27.568103017799395,15.4,1.4966629547095764
3989,0.06383300781250001,13.734375,0.6653808593749999,0.6377636718749999,62.84400000000001,33.39781106599653,12.6,7.172168430816443
3990,0.05692871093750001,31.640625,0.841064453125,0.707080078125,92.088,6.624905735178426,15.4,1.2
3991,0.0288330078125,31.640625,0.841064453125,0.707080078125,75.35,30.58434109148013,12.8,6.997142273814361
3992,0.05692871093750001,29.734375,0.841064453125,0.707080078125,92.088,6.624905735178426,15.4,1.2
3993,0.05692871093750001,31.640625,0.315380859375,0.707080078125,92.088,6.624905735178426,15.4,1.2
3994,0.05692871093750001,31.640625,0.841064453125,0.707763671875,91.61,7.017937018811156,15.4,1.2
3995,0.0288330078125,29.734375,0.315380859375,0.707763671875,75.23400000000001,31.0083689348537,12.8,6.997142273814361
3996,0.0744287109375,7.640625,0.316064453125,0.602080078125,80.97,18.22226330618675,12.4,2.8
3997,0.0113330078125,7.640625,0.316064453125,0.602080078125,77.402,19.324662377387092,14.8,1.8330302779823358
3998,0.0744287109375,21.734375,0.316064453125,0.602080078125,95.24000000000001,5.786508446377663,12.4,2.8
3999,0.0744287109375,7.640625,0.840380859375,0.602080078125,59.227999999999994,37.74263022101136,12.2,7.025667228100119
4000,0.0744287109375,7.640625,0.316064453125,0.672763671875,80.852,16.758266497463275,14.6,1.0198039027185568
4001,0.0113330078125,21.734375,0.840380859375,0.672763671875,60.82000000000001,43.29998429560916,9.6,8.662563131083086
4002,0.0394287109375,23.640625,0.666064453125,0.6720800781249999,92.994,6.732053475723435,15.2,1.16619037896906
4003,0.04633300781250001,23.640625,0.666064453125,0.6720800781249999,93.89399999999999,4.991102483419871,15.0,1.4142135623730951
4004,0.0394287109375,5.734375,0.666064453125,0.6720800781249999,64.326,32.375511486307055,12.2,6.734983296193095
4005,0.0394287109375,23.640625,0.490380859375,0.6720800781249999,92.994,6.732053475723435,15.2,1.16619037896906
4006,0.0394287109375,23.640625,0.666064453125,0.602763671875,95.786,3.8526333851016754,13.8,0.9797958971132713
4007,0.04633300781250001,5.734375,0.490380859375,0.602763671875,73.54400000000001,24.783021284742507,14.0,0.8944271909999159
4008,0.0306787109375,11.640625,0.9285644531249999,0.654580078125,31.734,36.59202623523326,9.6,8.8
4009,0.05508300781250001,11.640625,0.9285644531249999,0.654580078125,52.712,40.39319715001525,13.8,8.231646250902672
4010,0.0306787109375,17.734375,0.9285644531249999,0.654580078125,75.402,26.60142281908996,15.4,1.4966629547095764
4011,0.0306787109375,11.640625,0.9278808593749999,0.654580078125,31.729999999999997,36.593702190404294,9.6,8.8
4012,0.0306787109375,11.640625,0.9285644531249999,0.655263671875,31.702000000000005,36.596038255527056,9.6,8.8
4013,0.05508300781250001,17.734375,0.9278808593749999,0.655263671875,91.30199999999999,14.219376076326274,14.4,1.2
4014,0.06567871093750001,27.640625,0.578564453125,0.584580078125,96.68199999999999,4.44262264884156,11.6,3.0066592756745814
4015,0.0200830078125,27.640625,0.578564453125,0.584580078125,92.906,6.139031193926285,13.2,1.32664991614216
4016,0.06567871093750001,33.734375,0.578564453125,0.584580078125,96.68199999999999,4.44262264884156,11.6,3.0066592756745814
4017,0.06567871093750001,27.640625,0.577880859375,0.584580078125,96.68199999999999,4.44262264884156,11.6,3.0066592756745814
4018,0.06567871093750001,27.640625,0.578564453125,0.585263671875,96.672,4.111288849010735,11.6,3.0066592756745814
4019,0.0200830078125,33.734375,0.577880859375,0.585263671875,93.428,5.572473059602892,13.2,1.32664991614216
4020,0.04817871093750001,19.640625,0.753564453125,0.689580078125,92.03999999999999,8.22131619632769,15.4,1.2
4021,0.0375830078125,19.640625,0.753564453125,0.689580078125,86.732,16.502290022902883,15.8,1.6
4022,0.04817871093750001,25.734375,0.753564453125,0.689580078125,92.842,7.052938111170409,15.4,1.2
4023,0.04817871093750001,19.640625,0.7528808593749999,0.689580078125,92.03999999999999,8.22131619632769,15.4,1.2
4024,0.04817871093750001,19.640625,0.753564453125,0.620263671875,94.216,4.865410979557637,14.0,0.8944271909999159
4025,0.0375830078125,25.734375,0.7528808593749999,0.620263671875,92.112,6.537636881932186,14.2,1.16619037896906
4026,0.013178710937500001,35.640625,0.403564453125,0.6195800781249999,85.578,18.673448958347247,15.4,1.4966629547095764
4027,0.0725830078125,35.640625,0.403564453125,0.6195800781249999,96.138,5.869461304072123,14.0,0.8944271909999159
4028,0.013178710937500001,9.734375,0.403564453125,0.6195800781249999,69.838,26.679695950291485,15.6,1.3564659966250536
4029,0.013178710937500001,35.640625,0.40288085937499996,0.6195800781249999,85.578,18.673448958347247,15.4,1.4966629547095764
4030,0.013178710937500001,35.640625,0.403564453125,0.6902636718749999,55.672000000000004,45.253170231487644,9.8,8.840814442120138
4031,0.0725830078125,9.734375,0.40288085937499996,0.6902636718749999,75.92,21.891352630662183,14.8,1.1661903789690602
4032,0.0142724609375,10.140625,0.633251953125,0.613017578125,63.803999999999995,31.868530935705213,14.2,8.304215796810679
4033,0.0255517578125,10.140625,0.633251953125,0.613017578125,65.22999999999999,31.339166549223993,13.6,8.187795796183488
4034,0.0142724609375,5.234375,0.633251953125,0.613017578125,64.57000000000001,31.915353045203805,12.4,6.829348431585549
4035,0.0142724609375,10.140625,0.785693359375,0.613017578125,37.315999999999995,36.51150043479451,9.2,8.423775875461075
4036,0.0142724609375,10.140625,0.633251953125,0.709951171875,41.391999999999996,47.920670446061166,7.6,10.762899237658967
4037,0.0255517578125,5.234375,0.785693359375,0.709951171875,44.97,45.804567021204335,11.2,10.361467077590895
4038,0.049272460937500005,26.140625,0.9832519531249999,0.683017578125,95.476,3.9408252942752977,15.2,1.16619037896906
4039,0.06055175781250001,26.140625,0.9832519531249999,0.683017578125,91.00399999999999,7.405156581734108,14.8,1.1661903789690602
4040,0.049272460937500005,21.234375,0.9832519531249999,0.683017578125,95.476,3.9408252942752977,15.2,1.16619037896906
4041,0.049272460937500005,26.140625,0.435693359375,0.683017578125,95.476,3.9408252942752977,15.2,1.16619037896906
4042,0.049272460937500005,26.140625,0.9832519531249999,0.639951171875,94.99199999999999,4.529893596984372,14.2,1.16619037896906
4043,0.06055175781250001,21.234375,0.435693359375,0.639951171875,93.63199999999999,5.711302478419437,14.2,1.16619037896906
4044,0.0667724609375,18.140625,0.458251953125,0.6480175781249999,94.542,5.303404189763399,14.2,1.16619037896906
4045,0.0780517578125,18.140625,0.458251953125,0.6480175781249999,95.072,4.12084166160264,14.0,0.8944271909999159
4046,0.0667724609375,29.234375,0.458251953125,0.6480175781249999,94.542,5.303404189763399,14.2,1.16619037896906
4047,0.0667724609375,18.140625,0.960693359375,0.6480175781249999,94.542,5.303404189763399,14.2,1.16619037896906
4048,0.0667724609375,18.140625,0.458251953125,0.6049511718749999,95.562,3.8331209216511826,13.6,0.8
4049,0.0780517578125,29.234375,0.960693359375,0.6049511718749999,95.94,5.042979278164846,12.4,2.8
4050,0.031772460937500004,34.140625,0.8082519531249999,0.718017578125,75.138,30.446586278267716,12.8,6.997142273814361
4051,0.04305175781250001,34.140625,0.8082519531249999,0.718017578125,86.556,14.401814607888827,15.8,1.6
4052,0.031772460937500004,13.234375,0.8082519531249999,0.718017578125,28.042,37.68035902164416,6.2,8.908422980528035
4053,0.031772460937500004,34.140625,0.6106933593749999,0.718017578125,75.138,30.446586278267716,12.8,6.997142273814361
4054,0.031772460937500004,34.140625,0.8082519531249999,0.674951171875,88.974,11.230418692105832,15.8,1.6
4055,0.04305175781250001,13.234375,0.6106933593749999,0.674951171875,65.058,30.850639150591356,17.6,3.3823069050575527
4056,0.040522460937500004,14.140625,0.895751953125,0.7005175781249999,35.668,36.726978857510176,9.8,8.975522268926749
4057,0.0343017578125,14.140625,0.895751953125,0.7005175781249999,33.102,37.18404518069544,10.0,9.077444574328174
4058,0.040522460937500004,9.234375,0.895751953125,0.7005175781249999,34.836,37.07861086934083,9.6,8.8
4059,0.040522460937500004,14.140625,0.8731933593749999,0.7005175781249999,36.408,36.79643808848895,9.6,8.777243302996677
4060,0.040522460937500004,14.140625,0.895751953125,0.587451171875,74.84,26.993599982218008,13.2,1.32664991614216
4061,0.0343017578125,9.234375,0.8731933593749999,0.587451171875,36.620000000000005,36.983261078493335,8.0,7.37563556583431
4062,0.07552246093750001,30.140625,0.5457519531249999,0.630517578125,95.382,5.376290170740415,14.0,0.8944271909999159
4063,0.0693017578125,30.140625,0.5457519531249999,0.630517578125,94.884,6.5616113874565904,14.0,0.8944271909999159
4064,0.07552246093750001,25.234375,0.5457519531249999,0.630517578125,95.382,5.376290170740415,14.0,0.8944271909999159
4065,0.07552246093750001,30.140625,0.523193359375,0.630517578125,95.382,5.376290170740415,14.0,0.8944271909999159
4066,0.07552246093750001,30.140625,0.5457519531249999,0.657451171875,95.506,5.2660786169596845,14.2,0.9797958971132712
4067,0.0693017578125,25.234375,0.523193359375,0.657451171875,94.11800000000001,6.394117296390485,14.4,1.2
4068,0.058022460937500006,6.140625,0.720751953125,0.665517578125,38.465999999999994,36.74198666376112,8.6,7.914543574963752
4069,0.05180175781250001,6.140625,0.720751953125,0.665517578125,36.678000000000004,36.53985353008411,9.0,8.221921916437786
4070,0.058022460937500006,33.234375,0.720751953125,0.665517578125,96.204,3.4320990661692714,14.8,1.1661903789690602
4071,0.058022460937500006,6.140625,0.698193359375,0.665517578125,39.642,36.30845433229016,8.6,7.914543574963752
4072,0.058022460937500006,6.140625,0.720751953125,0.6924511718749999,37.732,36.63366724749243,9.0,8.221921916437786
4073,0.05180175781250001,33.234375,0.698193359375,0.6924511718749999,95.02799999999999,5.037846365263633,15.4,1.2
4074,0.023022460937500003,22.140625,0.370751953125,0.595517578125,93.47200000000001,5.427008015472248,13.8,1.469693845669907
4075,0.016801757812500002,22.140625,0.370751953125,0.595517578125,92.546,6.285162209521726,14.0,1.4142135623730951
4076,0.023022460937500003,17.234375,0.370751953125,0.595517578125,91.03,8.498042127455006,13.8,1.469693845669907
4077,0.023022460937500003,22.140625,0.34819335937499996,0.595517578125,93.47200000000001,5.427008015472248,13.8,1.469693845669907
4078,0.023022460937500003,22.140625,0.370751953125,0.622451171875,92.346,6.925632389897694,14.8,1.469693845669907
4079,0.016801757812500002,17.234375,0.34819335937499996,0.622451171875,86.19800000000001,15.790833290235195,15.2,1.6
4080,0.0273974609375,16.140625,0.677001953125,0.6217675781249999,81.28,19.230754535379,14.6,1.3564659966250536
4081,0.056176757812500006,16.140625,0.677001953125,0.6217675781249999,92.304,12.230005069500173,14.0,0.8944271909999159
4082,0.0273974609375,15.234375,0.677001953125,0.6217675781249999,71.188,23.61806376483898,14.8,1.469693845669907
4083,0.0273974609375,16.140625,0.8294433593749999,0.6217675781249999,78.622,22.440203564139072,14.6,1.3564659966250536
4084,0.0273974609375,16.140625,0.677001953125,0.596201171875,87.89,15.627788071253077,13.6,1.3564659966250536
4085,0.056176757812500006,15.234375,0.8294433593749999,0.596201171875,79.09,22.25659093392337,13.4,1.0198039027185568
4086,0.06239746093750001,32.140625,0.32700195312499997,0.691767578125,92.562,6.3630885582396255,14.8,1.1661903789690602
4087,0.021176757812500002,32.140625,0.32700195312499997,0.691767578125,67.61800000000001,38.596509894030575,13.0,7.155417527999327
4088,0.06239746093750001,31.234375,0.32700195312499997,0.691767578125,92.562,6.3630885582396255,14.8,1.1661903789690602
4089,0.06239746093750001,32.140625,0.479443359375,0.691767578125,92.562,6.3630885582396255,14.8,1.1661903789690602
4090,0.06239746093750001,32.140625,0.32700195312499997,0.6662011718749999,96.98400000000001,3.8775074468013604,14.4,1.2
4091,0.021176757812500002,31.234375,0.479443359375,0.6662011718749999,82.30999999999999,25.17300935525985,16.4,1.854723699099141
4092,0.0798974609375,8.140625,0.852001953125,0.5867675781249999,55.452,38.9110197244945,8.0,5.932958789676531
4093,0.038676757812500004,8.140625,0.852001953125,0.5867675781249999,33.501999999999995,36.54061324061215,8.0,7.37563556583431
4094,0.0798974609375,23.234375,0.852001953125,0.5867675781249999,96.65,4.198018580235204,10.2,3.655133376499413
4095,0.0798974609375,8.140625,0.654443359375,0.5867675781249999,64.122,31.91659280061078,8.0,5.932958789676531
4096,0.0798974609375,8.140625,0.852001953125,0.701201171875,54.348,39.535494128694026,13.2,7.35934779718964
4097,0.038676757812500004,23.234375,0.654443359375,0.701201171875,88.396,13.212245229331767,15.8,1.6
4098,0.04489746093750001,24.140625,0.502001953125,0.656767578125,91.282,7.155312432032578,14.8,1.1661903789690602
4099,0.07367675781250001,24.140625,0.502001953125,0.656767578125,95.394,5.021778967656778,14.4,1.2
4100,0.04489746093750001,7.234375,0.502001953125,0.656767578125,69.97999999999999,27.232634099550488,15.0,1.4142135623730951
4101,0.04489746093750001,24.140625,0.304443359375,0.656767578125,91.282,7.155312432032578,14.8,1.1661903789690602
4102,0.04489746093750001,24.140625,0.502001953125,0.6312011718749999,93.51599999999999,5.395993328387277,14.2,1.16619037896906
4103,0.07367675781250001,7.234375,0.304443359375,0.6312011718749999,81.362,18.423298727426637,14.0,0.8944271909999159
4104,0.0361474609375,4.140625,0.414501953125,0.6742675781249999,74.214,22.490908029690576,15.8,1.6
4105,0.0649267578125,4.140625,0.414501953125,0.6742675781249999,75.824,21.937520917368946,14.8,1.1661903789690602
4106,0.0361474609375,19.234375,0.414501953125,0.6742675781249999,89.994,9.561480220133284,15.8,1.6
4107,0.0361474609375,4.140625,0.741943359375,0.6742675781249999,59.214,36.52162132217024,14.4,8.357032966310472
4108,0.0361474609375,4.140625,0.414501953125,0.7187011718749999,66.188,29.261440429343185,16.6,1.854723699099141
4109,0.0649267578125,19.234375,0.741943359375,0.7187011718749999,94.17,4.762432151747677,15.4,1.2
4110,0.0711474609375,20.140625,0.7645019531249999,0.604267578125,96.13399999999999,4.812922604821315,12.4,2.8
4111,0.029926757812500003,20.140625,0.7645019531249999,0.604267578125,92.614,6.466274352360871,14.0,1.2649110640673518
4112,0.0711474609375,35.234375,0.7645019531249999,0.604267578125,96.13399999999999,4.812922604821315,12.4,2.8
4113,0.0711474609375,20.140625,0.39194335937499997,0.604267578125,96.13399999999999,4.812922604821315,12.4,2.8
4114,0.0711474609375,20.140625,0.7645019531249999,0.648701171875,94.704,5.7142159567170685,14.0,0.8944271909999159
4115,0.029926757812500003,35.234375,0.39194335937499997,0.648701171875,92.454,6.352818587052521,15.2,1.16619037896906
4116,0.05364746093750001,12.140625,0.589501953125,0.709267578125,62.398,34.225411845586315,14.2,8.280096617793781
4117,0.012426757812500001,12.140625,0.589501953125,0.709267578125,40.528,48.56825234656894,7.6,10.762899237658967
4118,0.05364746093750001,27.234375,0.589501953125,0.709267578125,90.83,7.500543980272364,15.6,1.3564659966250536
4119,0.05364746093750001,12.140625,0.916943359375,0.709267578125,32.812,36.98602460389599,9.6,8.777243302996677
4120,0.05364746093750001,12.140625,0.589501953125,0.613701171875,64.864,32.998730036169576,13.0,7.797435475847171
4121,0.012426757812500001,27.234375,0.916943359375,0.613701171875,86.186,15.874996188975922,15.4,1.4966629547095764
4122,0.0186474609375,28.140625,0.939501953125,0.639267578125,85.78,17.6607168597427,15.8,1.469693845669907
4123,0.047426757812500005,28.140625,0.939501953125,0.639267578125,95.56,4.012714791758814,14.2,1.16619037896906
4124,0.0186474609375,11.234375,0.939501953125,0.639267578125,29.627999999999997,37.163861155698015,5.6,8.138795979750322
4125,0.0186474609375,28.140625,0.566943359375,0.639267578125,85.78,17.6607168597427,15.8,1.469693845669907
4126,0.0186474609375,28.140625,0.939501953125,0.683701171875,67.548,39.01932106021323,13.2,7.222188034107115
4127,0.047426757812500005,11.234375,0.566943359375,0.683701171875,68.032,27.034740168901198,15.6,1.3564659966250536
4128,0.0164599609375,13.140625,0.305126953125,0.661142578125,64.14200000000001,34.010829098979634,12.6,6.887670143089026
4129,0.040864257812500006,13.140625,0.305126953125,0.661142578125,79.204,18.276938036771913,15.0,1.4142135623730951
4130,0.0164599609375,34.234375,0.305126953125,0.661142578125,74.74,33.32346740661902,12.6,6.887670143089026
4131,0.0164599609375,13.140625,0.45756835937499996,0.661142578125,59.04,36.157984457101584,13.0,7.0710678118654755
4132,0.0164599609375,13.140625,0.305126953125,0.6093261718749999,77.506,19.383824803170295,14.6,1.3564659966250536
4133,0.040864257812500006,34.234375,0.45756835937499996,0.6093261718749999,96.988,3.0166166478357828,14.0,0.8944271909999159
4134,0.05145996093750001,29.140625,0.6551269531249999,0.5911425781249999,93.41,6.105951195350322,13.2,1.32664991614216
4135,0.0758642578125,29.140625,0.6551269531249999,0.5911425781249999,95.014,4.94156898160898,11.6,3.0066592756745814
4136,0.05145996093750001,18.234375,0.6551269531249999,0.5911425781249999,93.41,6.105951195350322,13.2,1.32664991614216
4137,0.05145996093750001,29.140625,0.807568359375,0.5911425781249999,93.41,6.105951195350322,13.2,1.32664991614216
4138,0.05145996093750001,29.140625,0.6551269531249999,0.679326171875,93.866,5.108054815680818,15.0,1.4142135623730951
4139,0.0758642578125,18.234375,0.807568359375,0.679326171875,96.168,4.98489478324267,14.4,1.2
4140,0.06895996093750001,5.140625,0.480126953125,0.6961425781249999,72.13199999999999,24.898156076304122,15.2,0.9797958971132712
4141,0.05836425781250001,5.140625,0.480126953125,0.6961425781249999,73.732,23.883989114048763,15.4,1.2
4142,0.06895996093750001,10.234375,0.480126953125,0.6961425781249999,71.28999999999999,25.1255981023338,14.8,1.1661903789690602
4143,0.06895996093750001,5.140625,0.632568359375,0.6961425781249999,65.53200000000001,31.327037140463823,12.0,6.603029607687671
4144,0.06895996093750001,5.140625,0.480126953125,0.714326171875,73.858,23.69385270486841,15.4,1.2
4145,0.05836425781250001,10.234375,0.632568359375,0.714326171875,64.016,31.848883559710533,14.2,8.280096617793781
4146,0.033959960937500006,21.140625,0.830126953125,0.626142578125,93.702,5.932461209312708,14.4,1.0198039027185568
4147,0.0233642578125,21.140625,0.830126953125,0.626142578125,93.30600000000001,6.423399722888182,14.8,1.469693845669907
4148,0.033959960937500006,26.234375,0.830126953125,0.626142578125,93.702,5.932461209312708,14.4,1.0198039027185568
4149,0.033959960937500006,21.140625,0.9825683593749999,0.626142578125,93.702,5.932461209312708,14.4,1.0198039027185568
4150,0.033959960937500006,21.140625,0.830126953125,0.644326171875,92.916,5.942378648319207,15.0,1.4142135623730951
4151,0.0233642578125,26.234375,0.9825683593749999,0.644326171875,89.734,9.545272337654911,15.4,1.4966629547095764
4152,0.042709960937500006,9.140625,0.7426269531249999,0.6436425781249999,61.312,35.52221299412524,14.2,8.471127433818948
4153,0.0146142578125,9.140625,0.7426269531249999,0.6436425781249999,54.638,40.54677713456398,11.2,10.476640682967036
4154,0.042709960937500006,30.234375,0.7426269531249999,0.6436425781249999,95.214,5.329486279183011,14.6,1.0198039027185568
4155,0.042709960937500006,9.140625,0.545068359375,0.6436425781249999,70.22200000000001,26.822581829495835,14.8,1.1661903789690602
4156,0.042709960937500006,9.140625,0.7426269531249999,0.696826171875,60.8,35.7330004337727,14.6,8.593020423576334
4157,0.0146142578125,30.234375,0.545068359375,0.696826171875,54.604,45.02380907919719,9.8,8.840814442120138
4158,0.0777099609375,25.140625,0.39262695312499996,0.713642578125,93.012,6.347996219280539,14.8,1.1661903789690602
4159,0.04961425781250001,25.140625,0.39262695312499996,0.713642578125,93.67,5.169413893276489,15.8,1.6
4160,0.0777099609375,14.234375,0.39262695312499996,0.713642578125,75.16,22.073227222134964,15.0,1.2649110640673518
4161,0.0777099609375,25.140625,0.895068359375,0.713642578125,93.012,6.347996219280539,14.8,1.1661903789690602
4162,0.0777099609375,25.140625,0.39262695312499996,0.626826171875,96.522,5.323342558956734,14.0,0.8944271909999159
4163,0.04961425781250001,14.234375,0.895068359375,0.626826171875,56.648,38.527286642067075,11.2,6.20966987850401
4164,0.06020996093750001,17.140625,0.9176269531249999,0.608642578125,95.108,5.2354002712304615,13.6,0.8
4165,0.06711425781250001,17.140625,0.9176269531249999,0.608642578125,95.14,4.759794113194393,13.6,0.8
4166,0.06020996093750001,6.234375,0.9176269531249999,0.608642578125,52.374,40.63263496255196,13.0,7.797435475847171
4167,0.06020996093750001,17.140625,0.370068359375,0.608642578125,95.108,5.2354002712304615,13.6,0.8
4168,0.06020996093750001,17.140625,0.9176269531249999,0.591826171875,94.24,6.76166843316056,12.4,2.4166091947189146
4169,0.06711425781250001,6.234375,0.370068359375,0.591826171875,75.606,22.164939521686044,12.2,2.7856776554368237
4170,0.0252099609375,33.140625,0.567626953125,0.678642578125,83.85799999999999,22.037513834368884,16.4,1.854723699099141
4171,0.032114257812500005,33.140625,0.567626953125,0.678642578125,88.124,12.506396123584123,15.8,1.6
4172,0.0252099609375,22.234375,0.567626953125,0.678642578125,83.85799999999999,22.037513834368884,16.4,1.854723699099141
4173,0.0252099609375,33.140625,0.7200683593749999,0.678642578125,83.85799999999999,22.037513834368884,16.4,1.854723699099141
4174,0.0252099609375,33.140625,0.567626953125,0.6618261718749999,85.024,16.70948544988744,16.0,1.4142135623730951
4175,0.032114257812500005,22.234375,0.7200683593749999,0.6618261718749999,93.38000000000001,6.33142006188185,15.2,1.16619037896906
4176,0.0208349609375,7.140625,0.961376953125,0.704892578125,22.242,39.12066277557168,2.2,6.400000000000001
4177,0.0714892578125,7.140625,0.961376953125,0.704892578125,55.088,39.17320226889806,13.6,7.761443164772902
4178,0.0208349609375,24.234375,0.961376953125,0.704892578125,62.702,41.93431644846497,13.4,7.337574531137657
4179,0.0208349609375,7.140625,0.5013183593749999,0.704892578125,49.275999999999996,42.4251249143712,9.6,8.754427451295717
4180,0.0208349609375,7.140625,0.961376953125,0.6880761718749999,24.746000000000002,38.69327155979447,6.2,8.908422980528035
4181,0.0714892578125,24.234375,0.5013183593749999,0.6880761718749999,93.136,6.037872472982517,14.8,1.1661903789690602
4182,0.055834960937500004,23.140625,0.611376953125,0.634892578125,92.324,6.479362931646909,14.2,1.16619037896906
4183,0.0364892578125,23.140625,0.611376953125,0.634892578125,94.28800000000001,5.868122016454667,14.4,1.0198039027185568
4184,0.055834960937500004,8.234375,0.611376953125,0.634892578125,63.931999999999995,31.026615284300675,14.6,1.0198039027185568
4185,0.055834960937500004,23.140625,0.851318359375,0.634892578125,92.324,6.479362931646909,14.2,1.16619037896906
4186,0.055834960937500004,23.140625,0.611376953125,0.618076171875,97.89399999999999,3.387622174918568,14.0,0.8944271909999159
4187,0.0364892578125,8.234375,0.851318359375,0.618076171875,33.662,36.53260264476102,8.4,7.735631842325487
4188,0.0733349609375,15.140625,0.786376953125,0.669892578125,58.35799999999999,37.95922359585349,11.4,6.343500610861483
4189,0.0189892578125,15.140625,0.786376953125,0.669892578125,49.532000000000004,43.39383476946927,11.4,10.744300814850634
4190,0.0733349609375,16.234375,0.786376953125,0.669892578125,82.27399999999999,22.3703675428009,14.4,1.2
4191,0.0733349609375,15.140625,0.326318359375,0.669892578125,79.542,17.93207004224554,14.4,1.2
4192,0.0733349609375,15.140625,0.786376953125,0.5830761718749999,89.14599999999999,15.960027067646221,10.4,3.4985711369071804
4193,0.0189892578125,16.234375,0.326318359375,0.5830761718749999,90.082,9.865254989101903,13.2,1.32664991614216
4194,0.0383349609375,31.140625,0.43637695312499997,0.599892578125,95.142,4.466490344778551,13.4,1.0198039027185568
4195,0.053989257812500004,31.140625,0.43637695312499997,0.599892578125,92.946,6.161005112804241,13.4,1.0198039027185568
4196,0.0383349609375,32.234375,0.43637695312499997,0.599892578125,95.142,4.466490344778551,13.4,1.0198039027185568
4197,0.0383349609375,31.140625,0.676318359375,0.599892578125,95.142,4.466490344778551,13.4,1.0198039027185568
4198,0.0383349609375,31.140625,0.43637695312499997,0.653076171875,92.22200000000001,6.530459095653231,15.0,1.4142135623730951
4199,0.053989257812500004,32.234375,0.676318359375,0.653076171875,96.66000000000001,3.7112747136260342,14.4,1.2
4200,0.0295849609375,19.140625,0.5238769531249999,0.582392578125,92.026,6.646224793068619,13.0,1.6733200530681511
4201,0.0452392578125,19.140625,0.5238769531249999,0.582392578125,94.674,6.096122046022369,13.0,1.6733200530681511
4202,0.0295849609375,20.234375,0.5238769531249999,0.582392578125,92.026,6.646224793068619,13.0,1.6733200530681511
4203,0.0295849609375,19.140625,0.413818359375,0.582392578125,92.026,6.646224793068619,13.0,1.6733200530681511
4204,0.0295849609375,19.140625,0.5238769531249999,0.600576171875,93.234,5.846378708226145,14.0,1.2649110640673518
4205,0.0452392578125,20.234375,0.413818359375,0.600576171875,94.502,4.801809658868206,13.6,0.8
4206,0.0645849609375,35.140625,0.8738769531249999,0.652392578125,93.84400000000001,6.474307993909464,14.4,1.2
4207,0.0102392578125,35.140625,0.8738769531249999,0.652392578125,66.58599999999998,38.43845969858834,13.0,7.127411872482185
4208,0.0645849609375,4.234375,0.8738769531249999,0.652392578125,55.181999999999995,39.132417456630506,13.2,7.858753081755401
4209,0.0645849609375,35.140625,0.763818359375,0.652392578125,93.84400000000001,6.474307993909464,14.4,1.2
4210,0.0645849609375,35.140625,0.8738769531249999,0.670576171875,96.55199999999999,3.6028177861224124,14.4,1.2
4211,0.0102392578125,4.234375,0.763818359375,0.670576171875,41.754,47.605223074784554,7.4,10.594338110519223
4212,0.0470849609375,11.140625,0.348876953125,0.6173925781249999,79.864,17.053551653541266,14.2,1.16619037896906
4213,0.0277392578125,11.140625,0.348876953125,0.6173925781249999,76.92999999999999,19.77498520859118,14.4,1.0198039027185568
4214,0.0470849609375,12.234375,0.348876953125,0.6173925781249999,77.872,20.419491080827648,14.0,0.8944271909999159
4215,0.0470849609375,11.140625,0.588818359375,0.6173925781249999,68.348,27.168363513469114,14.4,1.0198039027185568
4216,0.0470849609375,11.140625,0.348876953125,0.705576171875,77.12,19.347495962010175,15.8,1.6
4217,0.0277392578125,12.234375,0.588818359375,0.705576171875,51.202,40.724369804823255,11.2,10.361467077590895
4218,0.0120849609375,27.140625,0.698876953125,0.687392578125,54.824,45.60507980477613,9.8,8.840814442120138
4219,0.0627392578125,27.140625,0.698876953125,0.687392578125,91.446,7.138839121313772,14.8,1.1661903789690602
4220,0.0120849609375,28.234375,0.698876953125,0.687392578125,54.824,45.60507980477613,9.8,8.840814442120138
4221,0.0120849609375,27.140625,0.9388183593749999,0.687392578125,54.824,45.60507980477613,9.8,8.840814442120138
4222,0.0120849609375,27.140625,0.698876953125,0.6355761718749999,79.716,30.143450101141372,16.0,1.7888543819998317
4223,0.0627392578125,28.234375,0.9388183593749999,0.6355761718749999,93.782,5.71066511012509,14.0,0.8944271909999159
4224,0.011538085937500001,6.390625,0.387158203125,0.635986328125,62.778,34.18253203026365,12.8,6.968500556073739
4225,0.061098632812500005,6.390625,0.387158203125,0.635986328125,74.56,22.82356764399466,14.2,1.16619037896906
4226,0.011538085937500001,22.984375,0.387158203125,0.635986328125,78.222,31.70913899808697,12.2,6.675327707311454
4227,0.011538085937500001,6.390625,0.889599609375,0.635986328125,26.554000000000002,37.8938599775742,6.2,8.908422980528035
4228,0.011538085937500001,6.390625,0.387158203125,0.645419921875,58.13199999999999,38.00136387026129,12.8,6.968500556073739
4229,0.061098632812500005,22.984375,0.889599609375,0.645419921875,93.20400000000001,6.618886915486622,14.2,1.16619037896906
4230,0.04653808593750001,22.390625,0.7371582031249999,0.705986328125,93.13,5.653133644271997,15.8,1.6
4231,0.0260986328125,22.390625,0.7371582031249999,0.705986328125,69.34200000000001,35.403200646269255,13.0,7.155417527999327
4232,0.04653808593750001,6.984375,0.7371582031249999,0.705986328125,37.118,37.00004994591224,9.4,8.593020423576334
4233,0.04653808593750001,22.390625,0.539599609375,0.705986328125,93.13,5.653133644271997,15.8,1.6
4234,0.04653808593750001,22.390625,0.7371582031249999,0.7154199218749999,91.31,8.888347427953072,15.8,1.6
4235,0.0260986328125,6.984375,0.539599609375,0.7154199218749999,48.96,42.47194085511045,13.6,7.472616676907761
4236,0.0640380859375,14.390625,0.562158203125,0.600986328125,76.728,19.248234620348953,12.6,2.4166091947189146
4237,0.0435986328125,14.390625,0.562158203125,0.600986328125,76.36,19.499305628662782,13.8,0.9797958971132713
4238,0.0640380859375,14.984375,0.562158203125,0.600986328125,76.728,19.248234620348953,12.6,2.4166091947189146
4239,0.0640380859375,14.390625,0.714599609375,0.600986328125,73.19800000000001,21.915380352619938,12.6,2.4166091947189146
4240,0.0640380859375,14.390625,0.562158203125,0.680419921875,68.526,29.915115644102062,11.6,6.406246951218788
4241,0.0435986328125,14.984375,0.714599609375,0.680419921875,60.55,36.87597266513793,14.4,8.522910301065007
4242,0.0290380859375,30.390625,0.912158203125,0.6709863281249999,87.28,13.772895120489373,15.8,1.6
4243,0.0785986328125,30.390625,0.912158203125,0.6709863281249999,95.10600000000001,6.233283564863705,14.4,1.2
4244,0.0290380859375,30.984375,0.912158203125,0.6709863281249999,87.28,13.772895120489373,15.8,1.6
4245,0.0290380859375,30.390625,0.36459960937499997,0.6709863281249999,87.28,13.772895120489373,15.8,1.6
4246,0.0290380859375,30.390625,0.912158203125,0.6104199218749999,94.046,5.398613155246448,14.4,1.0198039027185568
4247,0.0785986328125,30.984375,0.36459960937499997,0.6104199218749999,97.624,3.2909001808016014,12.6,2.870540018881465
4248,0.0377880859375,18.390625,0.824658203125,0.653486328125,87.352,12.936525654131408,15.0,1.4142135623730951
4249,0.0698486328125,18.390625,0.824658203125,0.653486328125,94.828,5.002708866204389,14.4,1.2
4250,0.0377880859375,26.984375,0.824658203125,0.653486328125,92.522,6.365464319277898,15.0,1.4142135623730951
4251,0.0377880859375,18.390625,0.8020996093749999,0.653486328125,87.548,12.596619228983625,15.0,1.4142135623730951
4252,0.0377880859375,18.390625,0.824658203125,0.6629199218749999,88.24,15.773907569147221,15.2,1.16619037896906
4253,0.0698486328125,26.984375,0.8020996093749999,0.6629199218749999,95.046,5.953182678198273,14.4,1.2
4254,0.0727880859375,34.390625,0.47465820312499996,0.583486328125,96.22200000000001,5.041509297819453,10.4,3.4985711369071804
4255,0.0348486328125,34.390625,0.47465820312499996,0.583486328125,91.55199999999999,6.958095716501749,13.2,1.32664991614216
4256,0.0727880859375,10.984375,0.47465820312499996,0.583486328125,74.46,24.083904168552074,10.4,3.4985711369071804
4257,0.0727880859375,34.390625,0.452099609375,0.583486328125,96.22200000000001,5.041509297819453,10.4,3.4985711369071804
4258,0.0727880859375,34.390625,0.47465820312499996,0.592919921875,94.398,5.77470484094209,12.0,3.1622776601683795
4259,0.0348486328125,10.984375,0.452099609375,0.592919921875,74.264,23.294925284275973,13.4,1.0198039027185568
4260,0.05528808593750001,10.390625,0.9996582031249999,0.688486328125,33.82,36.519943044862494,9.2,8.4
4261,0.0173486328125,10.390625,0.9996582031249999,0.688486328125,22.306,39.10282015405028,2.4,6.8
4262,0.05528808593750001,18.984375,0.9996582031249999,0.688486328125,90.21000000000001,12.421284957684529,15.0,1.4142135623730951
4263,0.05528808593750001,10.390625,0.977099609375,0.688486328125,34.40599999999999,36.53865000242894,9.2,8.4
4264,0.05528808593750001,10.390625,0.9996582031249999,0.627919921875,54.226,39.592870873428716,13.4,8.114185110040317
4265,0.0173486328125,18.984375,0.977099609375,0.627919921875,78.466,26.250544070552138,15.6,1.8547236990991407
4266,0.0202880859375,26.390625,0.649658203125,0.6184863281249999,91.99,6.737293225027392,14.8,1.469693845669907
4267,0.052348632812500004,26.390625,0.649658203125,0.6184863281249999,98.014,2.6703827441024273,14.0,0.8944271909999159
4268,0.0202880859375,34.984375,0.649658203125,0.6184863281249999,91.99,6.737293225027392,14.8,1.469693845669907
4269,0.0202880859375,26.390625,0.627099609375,0.6184863281249999,91.99,6.737293225027392,14.8,1.469693845669907
4270,0.0202880859375,26.390625,0.649658203125,0.697919921875,63.878,40.38973057597686,13.2,7.222188034107115
4271,0.052348632812500004,34.984375,0.627099609375,0.697919921875,92.488,7.020830150345469,15.4,1.2
4272,0.024663085937500002,12.390625,0.9559082031249999,0.5922363281249999,35.888,34.40695883102719,8.4,7.735631842325487
4273,0.0217236328125,12.390625,0.9559082031249999,0.5922363281249999,36.088,34.5071664440881,8.4,7.735631842325487
4274,0.024663085937500002,28.984375,0.9559082031249999,0.5922363281249999,93.55,6.040874108934899,13.6,1.3564659966250536
4275,0.024663085937500002,12.390625,0.758349609375,0.5922363281249999,40.855999999999995,34.00218204762747,8.4,7.735631842325487
4276,0.024663085937500002,12.390625,0.9559082031249999,0.654169921875,30.152000000000005,36.84071410817114,9.8,8.975522268926749
4277,0.0217236328125,28.984375,0.758349609375,0.654169921875,82.69,20.322089459501942,16.0,1.4142135623730951
4278,0.059663085937500006,28.390625,0.605908203125,0.662236328125,96.95599999999999,3.9073755898300817,14.4,1.2
4279,0.05672363281250001,28.390625,0.605908203125,0.662236328125,96.876,3.5313091057000356,14.8,1.1661903789690602
4280,0.059663085937500006,12.984375,0.605908203125,0.662236328125,63.686,33.955690892691315,13.2,7.678541528180987
4281,0.059663085937500006,28.390625,0.408349609375,0.662236328125,96.95599999999999,3.9073755898300817,14.4,1.2
4282,0.059663085937500006,28.390625,0.605908203125,0.5841699218749999,96.21000000000001,4.479473183310733,11.8,2.6381811916545836
4283,0.05672363281250001,12.984375,0.408349609375,0.5841699218749999,80.642,16.209609989139157,12.0,2.8284271247461903
4284,0.0771630859375,4.390625,0.780908203125,0.627236328125,58.36800000000001,37.860797350293616,12.4,7.08801805866774
4285,0.0742236328125,4.390625,0.780908203125,0.627236328125,58.646,37.76033029516559,12.4,7.08801805866774
4286,0.0771630859375,4.984375,0.780908203125,0.627236328125,58.36800000000001,37.860797350293616,12.4,7.08801805866774
4287,0.0771630859375,4.390625,0.933349609375,0.627236328125,54.826,39.3019122181097,12.4,7.08801805866774
4288,0.0771630859375,4.390625,0.780908203125,0.619169921875,57.976,37.97536390872377,12.4,7.08801805866774
4289,0.0742236328125,4.984375,0.933349609375,0.619169921875,54.452,39.47428854330373,12.4,7.08801805866774
4290,0.042163085937500004,20.390625,0.430908203125,0.697236328125,92.282,6.437273957196476,15.8,1.6
4291,0.039223632812500006,20.390625,0.430908203125,0.697236328125,90.024,10.126742022980544,15.8,1.6
4292,0.042163085937500004,20.984375,0.430908203125,0.697236328125,92.282,6.437273957196476,15.8,1.6
4293,0.042163085937500004,20.390625,0.5833496093749999,0.697236328125,92.282,6.437273957196476,15.8,1.6
4294,0.042163085937500004,20.390625,0.430908203125,0.6891699218749999,91.72200000000001,6.883686221785534,15.6,1.3564659966250536
4295,0.039223632812500006,20.984375,0.5833496093749999,0.6891699218749999,91.66600000000001,6.967592410582008,15.8,1.6
4296,0.0334130859375,8.390625,0.5184082031249999,0.714736328125,59.992,34.09378911180158,12.8,6.997142273814361
4297,0.030473632812500005,8.390625,0.5184082031249999,0.714736328125,57.05,36.42733918364063,13.2,7.277362159464101
4298,0.0334130859375,32.984375,0.5184082031249999,0.714736328125,79.07199999999999,26.169241028352353,16.6,1.854723699099141
4299,0.0334130859375,8.390625,0.8458496093749999,0.714736328125,28.7,37.566546820276145,6.2,8.908422980528035
4300,0.0334130859375,8.390625,0.5184082031249999,0.6366699218749999,68.684,26.479643955310276,15.2,1.16619037896906
4301,0.030473632812500005,32.984375,0.8458496093749999,0.6366699218749999,94.36,5.650907891657763,15.0,1.4142135623730951
4302,0.0684130859375,24.390625,0.868408203125,0.6447363281249999,94.672,5.588120972205235,14.0,0.8944271909999159
4303,0.0654736328125,24.390625,0.868408203125,0.6447363281249999,94.55999999999999,5.638797744200444,14.0,0.8944271909999159
4304,0.0684130859375,16.984375,0.868408203125,0.6447363281249999,86.178,16.114551684735137,14.0,0.8944271909999159
4305,0.0684130859375,24.390625,0.495849609375,0.6447363281249999,94.672,5.588120972205235,14.0,0.8944271909999159
4306,0.0684130859375,24.390625,0.868408203125,0.706669921875,94.10999999999999,5.662585981687165,15.0,1.4142135623730951
4307,0.0654736328125,16.984375,0.495849609375,0.706669921875,73.352,23.702071976939063,15.0,1.4142135623730951
4308,0.050913085937500005,16.390625,0.343408203125,0.679736328125,81.27799999999999,15.714341729770291,15.0,1.4142135623730951
4309,0.04797363281250001,16.390625,0.343408203125,0.679736328125,81.41,16.15079316937716,15.2,1.16619037896906
4310,0.050913085937500005,8.984375,0.343408203125,0.679736328125,77.694,19.001538464029696,15.2,1.16619037896906
4311,0.050913085937500005,16.390625,0.670849609375,0.679736328125,69.96600000000001,25.188136572601,15.0,1.4142135623730951
4312,0.050913085937500005,16.390625,0.343408203125,0.671669921875,81.75999999999999,14.902041470885791,15.0,1.4142135623730951
4313,0.04797363281250001,8.984375,0.670849609375,0.671669921875,61.576,33.363913799193284,12.0,6.603029607687671
4314,0.0159130859375,32.390625,0.693408203125,0.609736328125,91.276,7.181923419251977,14.6,1.3564659966250536
4315,0.0129736328125,32.390625,0.693408203125,0.609736328125,89.188,10.027728356911148,15.0,1.7888543819998317
4316,0.0159130859375,24.984375,0.693408203125,0.609736328125,91.25,7.20764594024984,14.6,1.3564659966250536
4317,0.0159130859375,32.390625,0.320849609375,0.609736328125,91.276,7.181923419251977,14.6,1.3564659966250536
4318,0.0159130859375,32.390625,0.693408203125,0.601669921875,93.08599999999998,6.126795573544136,14.4,1.4966629547095764
4319,0.0129736328125,24.984375,0.320849609375,0.601669921875,92.312,6.539019498365179,14.4,1.4966629547095764
4320,0.0181005859375,17.390625,0.584033203125,0.692861328125,48.186,43.0868042908731,9.6,8.754427451295717
4321,0.0764111328125,17.390625,0.584033203125,0.692861328125,90.40799999999999,10.130957309158891,14.6,1.3564659966250536
4322,0.0181005859375,17.984375,0.584033203125,0.692861328125,48.186,43.0868042908731,9.6,8.754427451295717
4323,0.0181005859375,17.390625,0.561474609375,0.692861328125,49.012,42.6110250522092,9.4,8.5463442476886
4324,0.0181005859375,17.390625,0.584033203125,0.676044921875,53.403999999999996,39.92964342440338,13.0,7.155417527999327
4325,0.0764111328125,17.984375,0.561474609375,0.676044921875,94.174,8.878953992447535,14.4,1.2
4326,0.05310058593750001,33.390625,0.934033203125,0.622861328125,94.954,4.828604767425058,14.0,0.8944271909999159
4327,0.04141113281250001,33.390625,0.934033203125,0.622861328125,91.51,6.946031960767242,14.2,1.16619037896906
4328,0.05310058593750001,33.984375,0.934033203125,0.622861328125,94.954,4.828604767425058,14.0,0.8944271909999159
4329,0.05310058593750001,33.390625,0.9114746093749999,0.622861328125,94.954,4.828604767425058,14.0,0.8944271909999159
4330,0.05310058593750001,33.390625,0.934033203125,0.6060449218749999,95.07399999999998,4.544876675994632,13.6,0.8
4331,0.04141113281250001,33.984375,0.9114746093749999,0.6060449218749999,96.53799999999998,3.1411424673198147,13.8,0.9797958971132713
4332,0.0706005859375,9.390625,0.40903320312499997,0.657861328125,75.868,20.98800552696706,14.6,1.0198039027185568
4333,0.0239111328125,9.390625,0.40903320312499997,0.657861328125,69.50800000000001,27.1202960160836,16.2,1.7204650534085253
4334,0.0706005859375,25.984375,0.40903320312499997,0.657861328125,94.29,6.01643083563669,14.4,1.2
4335,0.0706005859375,9.390625,0.386474609375,0.657861328125,76.798,20.022351909803206,14.6,1.0198039027185568
4336,0.0706005859375,9.390625,0.40903320312499997,0.641044921875,76.402,21.364039318443503,14.0,0.8944271909999159
4337,0.0239111328125,25.984375,0.386474609375,0.641044921875,91.548,7.004356929797337,15.4,1.4966629547095764
4338,0.035600585937500005,25.390625,0.759033203125,0.5878613281249999,92.83399999999999,5.854508006656068,13.2,1.32664991614216
4339,0.05891113281250001,25.390625,0.759033203125,0.5878613281249999,94.482,5.903105623313883,12.0,2.8284271247461903
4340,0.035600585937500005,9.984375,0.759033203125,0.5878613281249999,39.998000000000005,36.42089147728265,8.0,7.37563556583431
4341,0.035600585937500005,25.390625,0.736474609375,0.5878613281249999,92.83399999999999,5.854508006656068,13.2,1.32664991614216
4342,0.035600585937500005,25.390625,0.759033203125,0.711044921875,83.768,20.688573077909457,16.6,1.854723699099141
4343,0.05891113281250001,9.984375,0.736474609375,0.711044921875,60.48199999999999,35.62437895599024,14.2,8.280096617793781
4344,0.044350585937500006,5.390625,0.8465332031249999,0.605361328125,59.854,37.46841635297655,13.4,8.333066662399863
4345,0.05016113281250001,5.390625,0.8465332031249999,0.605361328125,59.488,37.57564658126324,13.4,8.333066662399863
4346,0.044350585937500006,13.984375,0.8465332031249999,0.605361328125,38.162000000000006,35.306179855657,8.4,7.735631842325487
4347,0.044350585937500006,5.390625,0.47397460937499997,0.605361328125,75.02799999999999,23.603690728358565,14.0,0.8944271909999159
4348,0.044350585937500006,5.390625,0.8465332031249999,0.623544921875,57.89,38.067536826014894,13.6,8.380930735902785
4349,0.05016113281250001,13.984375,0.47397460937499997,0.623544921875,71.356,25.619686649137613,14.4,1.0198039027185568
4350,0.0793505859375,21.390625,0.496533203125,0.6753613281249999,95.39200000000001,6.234816436752566,14.4,1.2
4351,0.0151611328125,21.390625,0.496533203125,0.6753613281249999,66.896,39.294951635038316,13.2,7.222188034107115
4352,0.0793505859375,29.984375,0.496533203125,0.6753613281249999,95.39200000000001,6.234816436752566,14.4,1.2
4353,0.0793505859375,21.390625,0.823974609375,0.6753613281249999,95.39200000000001,6.234816436752566,14.4,1.2
4354,0.0793505859375,21.390625,0.496533203125,0.6935449218749999,94.608,5.777969885695148,14.6,1.3564659966250536
4355,0.0151611328125,29.984375,0.823974609375,0.6935449218749999,59.504,44.950667002837676,9.6,8.685620300243386
4356,0.06185058593750001,13.390625,0.671533203125,0.640361328125,62.49400000000001,33.57397063202385,12.6,7.172168430816443
4357,0.0326611328125,13.390625,0.671533203125,0.640361328125,62.08,33.57105956028198,14.0,8.221921916437786
4358,0.06185058593750001,21.984375,0.671533203125,0.640361328125,94.046,5.790784402824887,14.0,0.8944271909999159
4359,0.06185058593750001,13.390625,0.648974609375,0.640361328125,63.50999999999999,32.58540286692801,12.6,7.172168430816443
4360,0.06185058593750001,13.390625,0.671533203125,0.6585449218749999,62.907999999999994,33.11558871589028,12.8,7.249827584156743
4361,0.0326611328125,21.984375,0.648974609375,0.6585449218749999,92.454,6.53801070662935,15.2,1.16619037896906
4362,0.026850585937500004,29.390625,0.321533203125,0.710361328125,68.24000000000001,35.965609684808626,13.0,7.155417527999327
4363,0.06766113281250001,29.390625,0.321533203125,0.710361328125,94.99600000000001,4.888932807883537,15.2,1.469693845669907
4364,0.026850585937500004,5.984375,0.321533203125,0.710361328125,59.35799999999999,36.60049639007646,13.2,7.277362159464101
4365,0.026850585937500004,29.390625,0.998974609375,0.710361328125,68.24000000000001,35.965609684808626,13.0,7.155417527999327
4366,0.026850585937500004,29.390625,0.321533203125,0.588544921875,93.29,5.9692110031393595,13.2,1.32664991614216
4367,0.06766113281250001,5.984375,0.998974609375,0.588544921875,56.694,38.50391751497502,12.6,7.49933330370107
4368,0.0224755859375,11.390625,0.715283203125,0.684111328125,52.212,40.17750335697827,11.4,10.61319932913728
4369,0.037036132812500004,11.390625,0.715283203125,0.684111328125,59.970000000000006,34.05750431255937,14.6,8.593020423576334
4370,0.0224755859375,11.984375,0.715283203125,0.684111328125,52.212,40.17750335697827,11.4,10.61319932913728
4371,0.0224755859375,11.390625,0.43022460937499996,0.684111328125,60.95799999999999,34.655465600681225,12.8,6.997142273814361
4372,0.0224755859375,11.390625,0.715283203125,0.6322949218749999,61.088,33.3579396246231,14.4,8.5463442476886
4373,0.037036132812500004,11.984375,0.43022460937499996,0.6322949218749999,74.74600000000001,21.440638609892197,14.6,1.0198039027185568
4374,0.057475585937500004,27.390625,0.36528320312499996,0.6141113281249999,96.994,3.8361887336261216,14.0,0.8944271909999159
4375,0.0720361328125,27.390625,0.36528320312499996,0.6141113281249999,95.77799999999999,5.435896982099642,13.8,0.7483314773547882
4376,0.057475585937500004,27.984375,0.36528320312499996,0.6141113281249999,96.994,3.8361887336261216,14.0,0.8944271909999159
4377,0.057475585937500004,27.390625,0.7802246093749999,0.6141113281249999,96.994,3.8361887336261216,14.0,0.8944271909999159
4378,0.057475585937500004,27.390625,0.36528320312499996,0.702294921875,95.896,3.8162630936558863,15.4,1.2
4379,0.0720361328125,27.984375,0.7802246093749999,0.702294921875,92.45599999999999,6.497438264423911,14.8,1.1661903789690602
4380,0.0749755859375,19.390625,0.8902832031249999,0.719111328125,94.55,5.4687731713794845,15.2,1.469693845669907
4381,0.054536132812500006,19.390625,0.8902832031249999,0.719111328125,89.076,10.792333575274625,15.6,1.3564659966250536
4382,0.0749755859375,35.984375,0.8902832031249999,0.719111328125,94.55,5.4687731713794845,15.2,1.469693845669907
4383,0.0749755859375,19.390625,0.605224609375,0.719111328125,94.55,5.4687731713794845,15.2,1.469693845669907
4384,0.0749755859375,19.390625,0.8902832031249999,0.667294921875,94.75399999999999,6.657175376989854,14.4,1.2
4385,0.054536132812500006,35.984375,0.605224609375,0.667294921875,91.282,7.14544442284733,14.8,1.1661903789690602
4386,0.0399755859375,35.390625,0.540283203125,0.6491113281249999,92.644,6.514505660447307,15.0,1.4142135623730951
4387,0.019536132812500002,35.390625,0.540283203125,0.6491113281249999,82.588,20.91034040851559,16.0,1.7888543819998317
4388,0.0399755859375,19.984375,0.540283203125,0.6491113281249999,92.644,6.514505660447307,15.0,1.4142135623730951
4389,0.0399755859375,35.390625,0.9552246093749999,0.6491113281249999,92.644,6.514505660447307,15.0,1.4142135623730951
4390,0.0399755859375,35.390625,0.540283203125,0.597294921875,93.65,5.874568920354921,13.4,1.0198039027185568
4391,0.019536132812500002,19.984375,0.9552246093749999,0.597294921875,90.908,7.425705084367409,14.0,1.4142135623730951
4392,0.0312255859375,15.390625,0.452783203125,0.631611328125,74.076,21.84599423235299,14.8,1.469693845669907
4393,0.0107861328125,15.390625,0.452783203125,0.631611328125,62.236000000000004,34.893611220393915,12.2,6.675327707311454
4394,0.0312255859375,7.984375,0.452783203125,0.631611328125,72.828,24.181372500335872,15.0,1.4142135623730951
4395,0.0312255859375,15.390625,0.517724609375,0.631611328125,71.178,24.461871064986013,14.8,1.469693845669907
4396,0.0312255859375,15.390625,0.452783203125,0.684794921875,66.446,29.272759760569205,16.4,1.7435595774162693
4397,0.0107861328125,7.984375,0.517724609375,0.684794921875,44.04600000000001,46.279590145116885,10.4,9.32952303175248
4398,0.0662255859375,31.390625,0.802783203125,0.7016113281249999,93.608,6.011134335547658,15.0,1.4142135623730951
4399,0.045786132812500005,31.390625,0.802783203125,0.7016113281249999,92.66799999999999,6.004629547274337,15.8,1.6
4400,0.0662255859375,23.984375,0.802783203125,0.7016113281249999,93.608,6.011134335547658,15.0,1.4142135623730951
4401,0.0662255859375,31.390625,0.867724609375,0.7016113281249999,93.608,6.011134335547658,15.0,1.4142135623730951
4402,0.0662255859375,31.390625,0.802783203125,0.614794921875,95.85,5.46707965919649,13.8,0.7483314773547882
4403,0.045786132812500005,23.984375,0.867724609375,0.614794921875,97.712,2.1672600213172393,14.0,0.8944271909999159
4404,0.0487255859375,7.390625,0.6277832031249999,0.596611328125,65.28799999999998,32.317458687217346,13.0,8.024961059095553
4405,0.0632861328125,7.390625,0.6277832031249999,0.596611328125,66.45599999999999,32.2045298677065,12.4,7.255342858886822
4406,0.0487255859375,31.984375,0.6277832031249999,0.596611328125,92.08000000000001,6.867418729042229,13.4,1.0198039027185568
4407,0.0487255859375,7.390625,0.342724609375,0.596611328125,77.414,20.5172508879723,13.4,1.0198039027185568
4408,0.0487255859375,7.390625,0.6277832031249999,0.649794921875,66.852,31.452904730723997,13.6,8.16333265278342
4409,0.0632861328125,31.984375,0.342724609375,0.649794921875,93.532,6.666880529903023,14.4,1.2
4410,0.0137255859375,23.390625,0.977783203125,0.666611328125,66.774,38.93502156157102,13.2,7.222188034107115
4411,0.028286132812500003,23.390625,0.977783203125,0.666611328125,87.86999999999999,12.793867280849835,15.8,1.6
4412,0.0137255859375,15.984375,0.977783203125,0.666611328125,23.958,38.78586154773412,2.2,6.400000000000001
4413,0.0137255859375,23.390625,0.6927246093749999,0.666611328125,66.774,38.93502156157102,13.2,7.222188034107115
4414,0.0137255859375,23.390625,0.977783203125,0.7197949218749999,43.132,46.78330574040274,6.2,8.818163074019441
4415,0.028286132812500003,15.984375,0.6927246093749999,0.7197949218749999,46.086,44.830096854680114,11.4,10.61319932913728
4416,0.0126318359375,14.890625,0.7699707031249999,0.708173828125,40.0,48.98979485566356,8.0,11.384199576606166
4417,0.05344238281250001,14.890625,0.7699707031249999,0.708173828125,59.146,37.66114262738187,14.6,8.593020423576334
4418,0.0126318359375,19.484375,0.7699707031249999,0.708173828125,40.826,48.338898456626005,6.2,8.818163074019441
4419,0.0126318359375,14.890625,0.37553710937499996,0.708173828125,42.519999999999996,47.15720093474591,6.4,9.068627239003707
4420,0.0126318359375,14.890625,0.7699707031249999,0.700107421875,40.0,48.98979485566356,8.0,11.384199576606166
4421,0.05344238281250001,19.484375,0.37553710937499996,0.700107421875,92.324,6.903745650007681,15.4,1.2
4422,0.047631835937500006,30.890625,0.41997070312499996,0.638173828125,94.956,4.431408805334936,14.2,1.16619037896906
4423,0.0184423828125,30.890625,0.41997070312499996,0.638173828125,85.50800000000001,17.503020767856043,15.8,1.469693845669907
4424,0.047631835937500006,35.484375,0.41997070312499996,0.638173828125,94.956,4.431408805334936,14.2,1.16619037896906
4425,0.047631835937500006,30.890625,0.725537109375,0.638173828125,94.956,4.431408805334936,14.2,1.16619037896906
4426,0.047631835937500006,30.890625,0.41997070312499996,0.630107421875,92.06800000000001,6.529273772786676,14.2,1.16619037896906
4427,0.0184423828125,35.484375,0.725537109375,0.630107421875,87.53,11.571036254372377,15.4,1.4966629547095764
4428,0.06513183593750001,6.890625,0.9449707031249999,0.6731738281249999,52.17,40.782105879907675,13.8,7.984985911070852
4429,0.0359423828125,6.890625,0.9449707031249999,0.6731738281249999,31.612000000000002,36.873061386329184,9.6,8.777243302996677
4430,0.06513183593750001,27.484375,0.9449707031249999,0.6731738281249999,96.066,3.6997329633366784,14.6,1.3564659966250536
4431,0.06513183593750001,6.890625,0.550537109375,0.6731738281249999,67.258,29.46548244980896,14.8,1.1661903789690602
4432,0.06513183593750001,6.890625,0.9449707031249999,0.595107421875,52.431999999999995,40.90408654401171,12.8,7.547184905645283
4433,0.0359423828125,27.484375,0.550537109375,0.595107421875,94.974,4.1900529829585675,13.4,1.0198039027185568
4434,0.030131835937500004,22.890625,0.594970703125,0.603173828125,92.75000000000001,6.060673229930814,14.0,1.2649110640673518
4435,0.07094238281250001,22.890625,0.594970703125,0.603173828125,95.718,5.277591875088485,12.4,2.8
4436,0.030131835937500004,11.484375,0.594970703125,0.603173828125,66.12,28.682972649291425,14.4,1.0198039027185568
4437,0.030131835937500004,22.890625,0.9005371093749999,0.603173828125,92.75000000000001,6.060673229930814,14.0,1.2649110640673518
4438,0.030131835937500004,22.890625,0.594970703125,0.6651074218749999,90.772,8.64421980285092,15.8,1.6
4439,0.07094238281250001,11.484375,0.9005371093749999,0.6651074218749999,52.946000000000005,40.291994043482134,12.8,7.249827584156743
4440,0.038881835937500005,10.890625,0.332470703125,0.5856738281249999,77.39,19.368460961057284,13.2,1.32664991614216
4441,0.0796923828125,10.890625,0.332470703125,0.5856738281249999,81.038,18.078020245591055,10.2,3.655133376499413
4442,0.038881835937500005,15.484375,0.332470703125,0.5856738281249999,87.03800000000001,12.79334264373467,13.2,1.32664991614216
4443,0.038881835937500005,10.890625,0.6380371093749999,0.5856738281249999,64.312,31.66166287483966,13.0,8.024961059095553
4444,0.038881835937500005,10.890625,0.332470703125,0.612607421875,78.536,18.027621695609213,14.4,1.0198039027185568
4445,0.0796923828125,15.484375,0.6380371093749999,0.612607421875,84.816,17.962256651100386,12.6,2.870540018881465
4446,0.0738818359375,26.890625,0.6824707031249999,0.655673828125,95.4,5.410556348472861,14.2,0.9797958971132712
4447,0.04469238281250001,26.890625,0.6824707031249999,0.655673828125,91.58200000000001,7.0003839894680056,14.8,1.1661903789690602
4448,0.0738818359375,31.484375,0.6824707031249999,0.655673828125,95.4,5.410556348472861,14.2,0.9797958971132712
4449,0.0738818359375,26.890625,0.988037109375,0.655673828125,95.4,5.410556348472861,14.2,0.9797958971132712
4450,0.0738818359375,26.890625,0.6824707031249999,0.682607421875,95.374,4.303457214844826,14.6,1.3564659966250536
4451,0.04469238281250001,31.484375,0.988037109375,0.682607421875,93.276,6.92393414180118,15.4,1.2
4452,0.056381835937500006,18.890625,0.507470703125,0.6206738281249999,97.59,3.08746497955847,14.0,0.8944271909999159
4453,0.0271923828125,18.890625,0.507470703125,0.6206738281249999,90.91,9.052058329462971,14.4,1.0198039027185568
4454,0.056381835937500006,23.484375,0.507470703125,0.6206738281249999,97.59,3.08746497955847,14.0,0.8944271909999159
4455,0.056381835937500006,18.890625,0.463037109375,0.6206738281249999,97.59,3.08746497955847,14.0,0.8944271909999159
4456,0.056381835937500006,18.890625,0.507470703125,0.7176074218749999,85.426,13.72541234353271,15.6,1.3564659966250536
4457,0.0271923828125,23.484375,0.463037109375,0.7176074218749999,65.65,38.9700839106102,13.2,7.277362159464101
4458,0.021381835937500003,34.890625,0.857470703125,0.690673828125,68.888,38.30340736801362,13.0,7.155417527999327
4459,0.06219238281250001,34.890625,0.857470703125,0.690673828125,92.53,6.3965115492743365,14.8,1.1661903789690602
4460,0.021381835937500003,7.484375,0.857470703125,0.690673828125,25.232,38.6965008237179,6.2,8.908422980528035
4461,0.021381835937500003,34.890625,0.813037109375,0.690673828125,68.888,38.30340736801362,13.0,7.155417527999327
4462,0.021381835937500003,34.890625,0.857470703125,0.647607421875,87.44,16.78167095375189,15.8,1.469693845669907
4463,0.06219238281250001,7.484375,0.813037109375,0.647607421875,58.138,37.98180427520525,13.2,7.858753081755401
4464,0.0257568359375,4.890625,0.551220703125,0.664423828125,62.794000000000004,31.750878161083985,16.2,1.7204650534085253
4465,0.014067382812500001,4.890625,0.551220703125,0.664423828125,51.936,40.81891453725834,13.4,7.337574531137657
4466,0.0257568359375,9.484375,0.551220703125,0.664423828125,63.928,31.551043976388485,16.2,1.7204650534085253
4467,0.0257568359375,4.890625,0.594287109375,0.664423828125,61.098,33.32067370267294,16.4,1.7435595774162693
4468,0.0257568359375,4.890625,0.551220703125,0.6038574218749999,68.128,28.207643928552415,14.4,1.0198039027185568
4469,0.014067382812500001,9.484375,0.594287109375,0.6038574218749999,66.53399999999999,29.76477219801959,14.8,1.3266499161421599
4470,0.0607568359375,20.890625,0.9012207031249999,0.5944238281249999,95.136,6.06321564848225,12.4,2.4166091947189146
4471,0.049067382812500004,20.890625,0.9012207031249999,0.5944238281249999,92.626,6.279132424149057,13.4,1.0198039027185568
4472,0.0607568359375,25.484375,0.9012207031249999,0.5944238281249999,95.136,6.06321564848225,12.4,2.4166091947189146
4473,0.0607568359375,20.890625,0.944287109375,0.5944238281249999,95.136,6.06321564848225,12.4,2.4166091947189146
4474,0.0607568359375,20.890625,0.9012207031249999,0.673857421875,93.154,6.1038073364089716,14.8,1.1661903789690602
4475,0.049067382812500004,25.484375,0.944287109375,0.673857421875,93.09400000000001,5.669488865850255,15.0,1.4142135623730951
4476,0.0782568359375,12.890625,0.376220703125,0.6994238281249999,74.41,23.665757541223986,14.8,1.1661903789690602
4477,0.0665673828125,12.890625,0.376220703125,0.6994238281249999,73.78999999999999,23.028867970440928,15.2,1.469693845669907
4478,0.0782568359375,33.484375,0.376220703125,0.6994238281249999,93.228,5.679825349427569,14.8,1.1661903789690602
4479,0.0782568359375,12.890625,0.41928710937499997,0.6994238281249999,72.462,25.621792599269863,14.8,1.1661903789690602
4480,0.0782568359375,12.890625,0.376220703125,0.708857421875,74.48,23.207489308410768,15.0,1.2649110640673518
4481,0.0665673828125,33.484375,0.41928710937499997,0.708857421875,95.164,4.818193022285429,15.2,1.469693845669907
4482,0.0432568359375,28.890625,0.726220703125,0.629423828125,93.576,5.280839327228201,14.2,1.16619037896906
4483,0.0315673828125,28.890625,0.726220703125,0.629423828125,93.718,5.679529557982773,14.4,1.0198039027185568
4484,0.0432568359375,17.484375,0.726220703125,0.629423828125,90.48400000000001,9.868911996770464,14.2,1.16619037896906
4485,0.0432568359375,28.890625,0.769287109375,0.629423828125,93.576,5.280839327228201,14.2,1.16619037896906
4486,0.0432568359375,28.890625,0.726220703125,0.6388574218749999,96.24600000000001,3.343127876704688,14.4,1.0198039027185568
4487,0.0315673828125,17.484375,0.769287109375,0.6388574218749999,83.96799999999999,18.405518085617693,15.0,1.4142135623730951
4488,0.0345068359375,16.890625,0.988720703125,0.6469238281249999,72.49600000000001,27.868596376566945,15.2,1.7204650534085253
4489,0.040317382812500004,16.890625,0.988720703125,0.6469238281249999,75.26599999999999,29.105164215307227,15.0,1.4142135623730951
4490,0.0345068359375,5.484375,0.988720703125,0.6469238281249999,36.01800000000001,36.662661332751064,9.0,8.221921916437786
4491,0.0345068359375,16.890625,0.331787109375,0.6469238281249999,85.888,12.317255213723552,15.0,1.4142135623730951
4492,0.0345068359375,16.890625,0.988720703125,0.6913574218749999,52.444,40.638025837877514,12.8,7.19444229944198
4493,0.040317382812500004,5.484375,0.331787109375,0.6913574218749999,78.224,19.353983155929427,15.8,1.6
4494,0.0695068359375,32.890625,0.638720703125,0.716923828125,95.542,4.617412262295843,15.2,1.469693845669907
4495,0.0753173828125,32.890625,0.638720703125,0.716923828125,93.88,6.150554446551953,14.8,1.1661903789690602
4496,0.0695068359375,21.484375,0.638720703125,0.716923828125,95.542,4.617412262295843,15.2,1.469693845669907
4497,0.0695068359375,32.890625,0.681787109375,0.716923828125,95.542,4.617412262295843,15.2,1.469693845669907
4498,0.0695068359375,32.890625,0.638720703125,0.621357421875,96.878,5.086996756436945,14.0,0.8944271909999159
4499,0.0753173828125,21.484375,0.681787109375,0.621357421875,96.076,6.139161506264514,14.0,0.8944271909999159
4500,0.0520068359375,8.890625,0.813720703125,0.611923828125,55.84400000000001,38.89453565733881,13.6,8.380930735902785
4501,0.057817382812500005,8.890625,0.813720703125,0.611923828125,55.774,38.925486560863945,13.0,7.797435475847171
4502,0.0520068359375,29.484375,0.813720703125,0.611923828125,97.18199999999999,3.3585854165109437,14.0,0.8944271909999159
4503,0.0520068359375,8.890625,0.506787109375,0.611923828125,71.368,24.949789097305008,14.0,0.8944271909999159
4504,0.0520068359375,8.890625,0.813720703125,0.586357421875,55.438,39.011701013926576,13.2,8.304215796810679
4505,0.057817382812500005,29.484375,0.506787109375,0.586357421875,95.488,4.615605702397032,12.0,2.8284271247461903
4506,0.0170068359375,24.890625,0.46372070312499997,0.681923828125,65.76599999999999,38.68119108817618,13.2,7.222188034107115
4507,0.022817382812500002,24.890625,0.46372070312499997,0.681923828125,76.04400000000001,29.63019176448239,12.8,6.997142273814361
4508,0.0170068359375,13.484375,0.46372070312499997,0.681923828125,52.626,40.39374981355408,13.4,7.337574531137657
4509,0.0170068359375,24.890625,0.8567871093749999,0.681923828125,65.76599999999999,38.68119108817618,13.2,7.222188034107115
4510,0.0170068359375,24.890625,0.46372070312499997,0.656357421875,79.834,29.72811706112582,16.4,1.854723699099141
4511,0.022817382812500002,13.484375,0.8567871093749999,0.656357421875,31.534000000000002,36.85010154667148,9.8,8.975522268926749
4512,0.0148193359375,9.890625,0.879345703125,0.6162988281249999,35.38,37.179297465121635,9.4,8.63944442658207
4513,0.0687548828125,9.890625,0.879345703125,0.6162988281249999,56.944,38.907329181016785,12.4,7.08801805866774
4514,0.0148193359375,20.484375,0.879345703125,0.6162988281249999,90.04,10.14172174731687,15.2,1.6
4515,0.0148193359375,9.890625,0.703662109375,0.6162988281249999,61.136,34.956771933346474,14.2,8.304215796810679
4516,0.0148193359375,9.890625,0.879345703125,0.5819824218749999,36.763999999999996,37.048570066873026,8.4,7.787168933572714
4517,0.0687548828125,20.484375,0.703662109375,0.5819824218749999,95.76599999999999,5.720711843818038,11.4,3.0724582991474434
4518,0.04981933593750001,25.890625,0.529345703125,0.686298828125,95.686,4.040493039221822,15.2,1.16619037896906
4519,0.033754882812500005,25.890625,0.529345703125,0.686298828125,87.064,13.844959516011592,15.8,1.6
4520,0.04981933593750001,4.484375,0.529345703125,0.686298828125,70.494,26.399736059286653,15.4,1.2
4521,0.04981933593750001,25.890625,0.353662109375,0.686298828125,95.686,4.040493039221822,15.2,1.16619037896906
4522,0.04981933593750001,25.890625,0.529345703125,0.651982421875,97.224,3.1446373399805574,14.6,1.0198039027185568
4523,0.033754882812500005,4.484375,0.353662109375,0.651982421875,76.386,20.7052511213943,15.2,1.16619037896906
4524,0.0673193359375,17.890625,0.704345703125,0.581298828125,95.65599999999999,5.9128896488941844,11.4,3.0724582991474434
4525,0.0162548828125,17.890625,0.704345703125,0.581298828125,88.878,10.973240906860655,13.2,1.9390719429665315
4526,0.0673193359375,12.484375,0.704345703125,0.581298828125,74.944,22.755270686150933,11.4,3.0724582991474434
4527,0.0673193359375,17.890625,0.878662109375,0.581298828125,95.65599999999999,5.9128896488941844,11.4,3.0724582991474434
4528,0.0673193359375,17.890625,0.704345703125,0.686982421875,87.56400000000001,11.927002305692744,14.8,1.1661903789690602
4529,0.0162548828125,12.484375,0.878662109375,0.686982421875,21.552,39.33897324537081,2.4,6.8
4530,0.0323193359375,33.890625,0.35434570312499997,0.651298828125,92.53399999999999,6.659536320195274,15.2,1.16619037896906
4531,0.051254882812500006,33.890625,0.35434570312499997,0.651298828125,96.742,3.7253370317328365,14.6,1.0198039027185568
4532,0.0323193359375,28.484375,0.35434570312499997,0.651298828125,92.53399999999999,6.659536320195274,15.2,1.16619037896906
4533,0.0323193359375,33.890625,0.5286621093749999,0.651298828125,92.53399999999999,6.659536320195274,15.2,1.16619037896906
4534,0.0323193359375,33.890625,0.35434570312499997,0.616982421875,92.63799999999999,6.312712253857292,14.4,1.0198039027185568
4535,0.051254882812500006,28.484375,0.5286621093749999,0.616982421875,98.096,2.8669886640864117,14.0,0.8944271909999159
4536,0.0410693359375,13.890625,0.616845703125,0.6687988281249999,64.736,31.218644172993805,14.0,8.221921916437786
4537,0.06000488281250001,13.890625,0.616845703125,0.6687988281249999,65.926,30.735516654190153,12.8,7.249827584156743
4538,0.0410693359375,24.484375,0.616845703125,0.6687988281249999,93.74600000000001,5.939847136080187,15.2,1.16619037896906
4539,0.0410693359375,13.890625,0.9661621093749999,0.6687988281249999,32.775999999999996,36.52454823813705,9.4,8.593020423576334
4540,0.0410693359375,13.890625,0.616845703125,0.704482421875,62.065999999999995,32.50214799055595,14.4,8.357032966310472
4541,0.06000488281250001,24.484375,0.9661621093749999,0.704482421875,96.12,3.8650381628128856,15.4,1.2
4542,0.0760693359375,29.890625,0.966845703125,0.598798828125,94.078,6.599873938190033,12.0,3.1622776601683795
4543,0.025004882812500004,29.890625,0.966845703125,0.598798828125,92.334,6.382665900703248,13.8,1.469693845669907
4544,0.0760693359375,8.484375,0.966845703125,0.598798828125,51.464,40.988516733348625,10.8,7.413501197140255
4545,0.0760693359375,29.890625,0.616162109375,0.598798828125,94.078,6.599873938190033,12.0,3.1622776601683795
4546,0.0760693359375,29.890625,0.966845703125,0.6344824218749999,94.8,6.620561909687122,14.0,0.8944271909999159
4547,0.025004882812500004,8.484375,0.616162109375,0.6344824218749999,64.196,31.001119076575286,15.4,1.4966629547095764
4548,0.05856933593750001,5.890625,0.441845703125,0.7037988281249999,76.128,21.802953377925665,15.4,1.2
4549,0.042504882812500006,5.890625,0.441845703125,0.7037988281249999,72.83600000000001,23.798726520551472,15.8,1.6
4550,0.05856933593750001,16.484375,0.441845703125,0.7037988281249999,75.98400000000001,21.797972933279826,15.4,1.2
4551,0.05856933593750001,5.890625,0.791162109375,0.7037988281249999,60.501999999999995,37.29298185986205,14.2,8.280096617793781
4552,0.05856933593750001,5.890625,0.441845703125,0.599482421875,74.69,23.149529584853337,13.6,0.8
4553,0.042504882812500006,16.484375,0.791162109375,0.599482421875,89.77799999999999,12.253419767558768,13.4,1.0198039027185568
4554,0.0235693359375,21.890625,0.7918457031249999,0.633798828125,93.172,5.720218177657212,15.2,1.16619037896906
4555,0.0775048828125,21.890625,0.7918457031249999,0.633798828125,94.69000000000001,6.648055354763528,14.0,0.8944271909999159
4556,0.0235693359375,32.484375,0.7918457031249999,0.633798828125,93.172,5.720218177657212,15.2,1.16619037896906
4557,0.0235693359375,21.890625,0.441162109375,0.633798828125,93.172,5.720218177657212,15.2,1.16619037896906
4558,0.0235693359375,21.890625,0.7918457031249999,0.669482421875,84.034,20.923022343820215,16.2,1.7204650534085253
4559,0.0775048828125,32.484375,0.441162109375,0.669482421875,95.002,6.239885896392657,14.4,1.2
4560,0.0191943359375,19.890625,0.398095703125,0.607548828125,94.098,4.8699954825441045,14.4,1.4966629547095764
4561,0.0293798828125,19.890625,0.398095703125,0.607548828125,93.538,6.060615150296213,14.0,1.2649110640673518
4562,0.0191943359375,30.484375,0.398095703125,0.607548828125,94.098,4.8699954825441045,14.4,1.4966629547095764
4563,0.0191943359375,19.890625,0.922412109375,0.607548828125,94.098,4.8699954825441045,14.4,1.4966629547095764
4564,0.0191943359375,19.890625,0.398095703125,0.7132324218749999,49.616,43.95993202906483,9.6,8.685620300243386
4565,0.0293798828125,30.484375,0.922412109375,0.7132324218749999,72.62,32.3654945891454,12.8,6.997142273814361
4566,0.054194335937500004,35.890625,0.748095703125,0.677548828125,92.13199999999999,6.446175300129528,15.0,1.4142135623730951
4567,0.0643798828125,35.890625,0.748095703125,0.677548828125,93.392,5.927351516486936,14.8,1.1661903789690602
4568,0.054194335937500004,14.484375,0.748095703125,0.677548828125,59.94200000000001,37.444890919857144,13.6,7.9899937421752725
4569,0.054194335937500004,35.890625,0.572412109375,0.677548828125,92.13199999999999,6.446175300129528,15.0,1.4142135623730951
4570,0.054194335937500004,35.890625,0.748095703125,0.643232421875,94.368,5.375832586679016,14.2,1.16619037896906
4571,0.0643798828125,14.484375,0.572412109375,0.643232421875,68.304,30.046606863338162,11.2,6.20966987850401
4572,0.0716943359375,11.890625,0.5730957031249999,0.642548828125,68.146,27.29240597675478,14.4,1.2
4573,0.0468798828125,11.890625,0.5730957031249999,0.642548828125,68.65,26.774514748170507,14.8,1.1661903789690602
4574,0.0716943359375,6.484375,0.5730957031249999,0.642548828125,65.72999999999999,30.957360352588204,12.4,7.08801805866774
4575,0.0716943359375,11.890625,0.7474121093749999,0.642548828125,60.105999999999995,34.28314547995852,12.6,7.172168430816443
4576,0.0716943359375,11.890625,0.5730957031249999,0.6082324218749999,69.188,26.510317538648984,12.8,2.481934729198171
4577,0.0468798828125,6.484375,0.7474121093749999,0.6082324218749999,37.632000000000005,36.995809168066586,8.2,7.547184905645283
4578,0.0366943359375,27.890625,0.923095703125,0.712548828125,83.69399999999999,20.670466467886012,16.6,1.854723699099141
4579,0.011879882812500001,27.890625,0.923095703125,0.712548828125,43.06,46.82578776699865,6.4,9.068627239003707
4580,0.0366943359375,22.484375,0.923095703125,0.712548828125,83.69399999999999,20.670466467886012,16.6,1.854723699099141
4581,0.0366943359375,27.890625,0.397412109375,0.712548828125,83.69399999999999,20.670466467886012,16.6,1.854723699099141
4582,0.0366943359375,27.890625,0.923095703125,0.678232421875,92.182,6.592870088208928,15.8,1.6
4583,0.011879882812500001,22.484375,0.397412109375,0.678232421875,60.196000000000005,44.66088427248166,9.8,8.840814442120138
4584,0.027944335937500002,7.890625,0.660595703125,0.695048828125,55.146,38.8358811410273,11.0,10.21763181955584
4585,0.0206298828125,7.890625,0.660595703125,0.695048828125,46.786,44.143003794485935,11.2,10.361467077590895
4586,0.027944335937500002,34.484375,0.660595703125,0.695048828125,78.938,26.46231766115735,16.6,1.854723699099141
4587,0.027944335937500002,7.890625,0.659912109375,0.695048828125,55.13599999999999,38.80222137970969,11.0,10.21763181955584
4588,0.027944335937500002,7.890625,0.660595703125,0.590732421875,64.282,33.63714518207513,13.2,8.084553172563094
4589,0.0206298828125,34.484375,0.659912109375,0.590732421875,93.69399999999999,5.400317027730873,13.4,1.624807680927192
4590,0.0629443359375,23.890625,0.310595703125,0.625048828125,96.22,4.5405021748700864,14.0,0.8944271909999159
4591,0.0556298828125,23.890625,0.310595703125,0.625048828125,94.388,5.7332936432734725,14.0,0.8944271909999159
4592,0.0629443359375,18.484375,0.310595703125,0.625048828125,96.22,4.5405021748700864,14.0,0.8944271909999159
4593,0.0629443359375,23.890625,0.30991210937499997,0.625048828125,96.22,4.5405021748700864,14.0,0.8944271909999159
4594,0.0629443359375,23.890625,0.310595703125,0.6607324218749999,96.206,4.714876880683099,14.4,1.2
4595,0.0556298828125,18.484375,0.30991210937499997,0.6607324218749999,97.036,3.5491666627533833,14.6,1.0198039027185568
4596,0.045444335937500004,15.890625,0.8355957031249999,0.660048828125,56.41600000000001,38.648600802616386,11.8,6.554387843269576
4597,0.0731298828125,15.890625,0.8355957031249999,0.660048828125,59.568000000000005,34.80537280363478,11.2,6.20966987850401
4598,0.045444335937500004,10.484375,0.8355957031249999,0.660048828125,36.688,36.748319907173986,9.0,8.221921916437786
4599,0.045444335937500004,15.890625,0.834912109375,0.660048828125,56.315999999999995,38.70026025752282,11.8,6.554387843269576
4600,0.045444335937500004,15.890625,0.8355957031249999,0.695732421875,56.588,38.57933612699939,12.4,6.887670143089026
4601,0.0731298828125,10.484375,0.834912109375,0.695732421875,57.26800000000001,38.31834933814347,13.2,7.35934779718964
4602,0.0104443359375,31.890625,0.485595703125,0.5900488281249999,91.63399999999999,6.845423580758169,14.0,2.0
4603,0.0381298828125,31.890625,0.485595703125,0.5900488281249999,92.57000000000001,6.154744511350573,13.2,1.32664991614216
4604,0.0104443359375,26.484375,0.485595703125,0.5900488281249999,91.63399999999999,6.845423580758169,14.0,2.0
4605,0.0104443359375,31.890625,0.48491210937499996,0.5900488281249999,91.63399999999999,6.845423580758169,14.0,2.0
4606,0.0104443359375,31.890625,0.485595703125,0.625732421875,79.16600000000001,28.065473165439414,16.0,1.7888543819998317
4607,0.0381298828125,26.484375,0.48491210937499996,0.625732421875,93.81199999999998,5.086867012218818,14.2,1.16619037896906
4608,0.0103076171875,15.953125,0.418603515625,0.690947265625,44.12,46.241730071440884,10.4,9.32952303175248
4609,0.026508789062500003,15.953125,0.418603515625,0.690947265625,63.214,32.729268002813626,12.6,6.945502141674135
4610,0.0103076171875,14.421875,0.418603515625,0.690947265625,44.004,46.3012749716463,10.4,9.32952303175248
4611,0.0103076171875,15.953125,0.992138671875,0.690947265625,20.0,40.0,2.6,7.200000000000001
4612,0.0103076171875,15.953125,0.418603515625,0.6003027343749999,81.066,19.38929766649633,14.6,2.0591260281974
4613,0.026508789062500003,14.421875,0.992138671875,0.6003027343749999,66.80199999999999,28.088688399425134,13.8,1.469693845669907
4614,0.0453076171875,31.953125,0.768603515625,0.6209472656249999,90.57600000000001,7.6958497906339085,14.2,1.16619037896906
4615,0.061508789062500006,31.953125,0.768603515625,0.6209472656249999,97.518,3.6785018689678526,14.0,0.8944271909999159
4616,0.0453076171875,30.421875,0.768603515625,0.6209472656249999,90.69200000000001,7.606458834438006,14.2,1.16619037896906
4617,0.0453076171875,31.953125,0.642138671875,0.6209472656249999,90.57600000000001,7.6958497906339085,14.2,1.16619037896906
4618,0.0453076171875,31.953125,0.768603515625,0.670302734375,93.93400000000001,4.9551734581142535,15.0,1.4142135623730951
4619,0.061508789062500006,30.421875,0.642138671875,0.670302734375,95.584,3.8797814371430746,14.8,1.1661903789690602
4620,0.0628076171875,7.953125,0.5936035156249999,0.6559472656249999,67.32000000000001,30.18922390522817,11.4,6.280127387243033
4621,0.0790087890625,7.953125,0.5936035156249999,0.6559472656249999,67.47,30.326802666947927,11.4,6.280127387243033
4622,0.0628076171875,22.421875,0.5936035156249999,0.6559472656249999,95.188,5.366586997338252,14.4,1.2
4623,0.0628076171875,7.953125,0.817138671875,0.6559472656249999,58.8,37.769723853901816,13.2,7.858753081755401
4624,0.0628076171875,7.953125,0.5936035156249999,0.705302734375,67.636,30.205689927561664,12.0,6.603029607687671
4625,0.0790087890625,22.421875,0.817138671875,0.705302734375,92.888,6.364744771002211,14.8,1.1661903789690602
4626,0.0278076171875,23.953125,0.943603515625,0.585947265625,94.16,4.844076795427588,13.2,1.32664991614216
4627,0.044008789062500005,23.953125,0.943603515625,0.585947265625,92.692,6.253880075601067,13.2,1.32664991614216
4628,0.0278076171875,6.421875,0.943603515625,0.585947265625,32.019999999999996,36.87660016867065,8.4,7.735631842325487
4629,0.0278076171875,23.953125,0.46713867187499997,0.585947265625,94.16,4.844076795427588,13.2,1.32664991614216
4630,0.0278076171875,23.953125,0.943603515625,0.635302734375,93.03999999999999,6.589631249167134,15.0,1.4142135623730951
4631,0.044008789062500005,6.421875,0.46713867187499997,0.635302734375,71.28200000000001,25.5104640490917,14.6,1.0198039027185568
4632,0.0365576171875,11.953125,0.681103515625,0.603447265625,63.678,31.40882512925308,16.4,3.9293765408777004
4633,0.035258789062500004,11.953125,0.681103515625,0.603447265625,63.29,31.656505176661557,16.4,3.9293765408777004
4634,0.0365576171875,18.421875,0.681103515625,0.603447265625,95.49000000000001,4.364428943172288,13.8,0.9797958971132713
4635,0.0365576171875,11.953125,0.729638671875,0.603447265625,61.35799999999999,33.44481209395562,13.6,8.380930735902785
4636,0.0365576171875,11.953125,0.681103515625,0.687802734375,61.29600000000001,32.9245577646838,18.0,3.286335345030997
4637,0.035258789062500004,18.421875,0.729638671875,0.687802734375,77.30600000000001,24.87748347401722,16.0,1.8973665961010275
4638,0.0715576171875,27.953125,0.331103515625,0.673447265625,96.378,4.882476420834001,14.4,1.2
4639,0.07025878906250001,27.953125,0.331103515625,0.673447265625,96.53399999999999,4.6809810937452,14.4,1.2
4640,0.0715576171875,34.421875,0.331103515625,0.673447265625,96.378,4.882476420834001,14.4,1.2
4641,0.0715576171875,27.953125,0.379638671875,0.673447265625,96.378,4.882476420834001,14.4,1.2
4642,0.0715576171875,27.953125,0.331103515625,0.617802734375,95.89,6.062022764721359,13.8,0.7483314773547882
4643,0.07025878906250001,34.421875,0.379638671875,0.617802734375,96.07199999999999,5.864085265410112,13.8,0.7483314773547882
4644,0.054057617187500004,19.953125,0.8561035156249999,0.638447265625,93.048,6.340039116598569,14.2,1.16619037896906
4645,0.052758789062500006,19.953125,0.8561035156249999,0.638447265625,93.31,6.092283644086184,14.2,1.16619037896906
4646,0.054057617187500004,26.421875,0.8561035156249999,0.638447265625,93.048,6.340039116598569,14.2,1.16619037896906
4647,0.054057617187500004,19.953125,0.9046386718749999,0.638447265625,93.048,6.340039116598569,14.2,1.16619037896906
4648,0.054057617187500004,19.953125,0.8561035156249999,0.582802734375,95.922,4.605963091471749,12.2,2.481934729198171
4649,0.052758789062500006,26.421875,0.9046386718749999,0.582802734375,95.736,4.676548299761267,12.2,2.481934729198171
4650,0.0190576171875,35.953125,0.506103515625,0.7084472656249999,58.08,43.783540743069196,9.4,8.5463442476886
4651,0.017758789062500002,35.953125,0.506103515625,0.7084472656249999,54.394000000000005,44.379061549338786,9.6,8.685620300243386
4652,0.0190576171875,10.421875,0.506103515625,0.7084472656249999,47.284000000000006,44.059248109789614,9.8,8.885943956609225
4653,0.0190576171875,35.953125,0.554638671875,0.7084472656249999,58.08,43.783540743069196,9.4,8.5463442476886
4654,0.0190576171875,35.953125,0.506103515625,0.652802734375,82.678,20.81188929434327,16.2,1.7204650534085253
4655,0.017758789062500002,10.421875,0.554638671875,0.652802734375,61.044000000000004,33.985933913900325,18.2,3.370459909270543
4656,0.0234326171875,5.953125,0.899853515625,0.6821972656249999,29.976,37.76939639443553,6.0,8.62554346113913
4657,0.05713378906250001,5.953125,0.899853515625,0.6821972656249999,37.042,36.798734978257066,9.0,8.221921916437786
4658,0.0234326171875,4.421875,0.899853515625,0.6821972656249999,28.346000000000004,37.68842241325577,6.2,8.908422980528035
4659,0.0234326171875,5.953125,0.6858886718749999,0.6821972656249999,54.55800000000001,39.32850487877718,9.2,8.399999999999999
4660,0.0234326171875,5.953125,0.899853515625,0.696552734375,26.0,38.454120195370486,6.2,8.908422980528035
4661,0.05713378906250001,4.421875,0.6858886718749999,0.696552734375,62.762,33.615816158469215,14.0,8.221921916437786
4662,0.05843261718750001,21.953125,0.549853515625,0.612197265625,96.32600000000001,4.440232426348872,14.0,0.8944271909999159
4663,0.0221337890625,21.953125,0.549853515625,0.612197265625,93.006,6.167439014696456,14.6,1.3564659966250536
4664,0.05843261718750001,20.421875,0.549853515625,0.612197265625,96.32600000000001,4.440232426348872,14.0,0.8944271909999159
4665,0.05843261718750001,21.953125,0.335888671875,0.612197265625,96.32600000000001,4.440232426348872,14.0,0.8944271909999159
4666,0.05843261718750001,21.953125,0.549853515625,0.6265527343749999,94.78399999999999,5.790297401688448,14.0,0.8944271909999159
4667,0.0221337890625,20.421875,0.335888671875,0.6265527343749999,93.772,5.984110293101225,14.8,1.469693845669907
4668,0.0759326171875,13.953125,0.724853515625,0.717197265625,59.378,36.00573976465419,13.0,7.183313998427188
4669,0.0396337890625,13.953125,0.724853515625,0.717197265625,54.92,38.85248872337524,15.0,8.740709353364863
4670,0.0759326171875,28.421875,0.724853515625,0.717197265625,93.72,6.19680885617751,14.8,1.1661903789690602
4671,0.0759326171875,13.953125,0.860888671875,0.717197265625,54.977999999999994,39.22096908542674,13.0,7.183313998427188
4672,0.0759326171875,13.953125,0.724853515625,0.591552734375,71.81400000000001,23.47747822914548,12.0,3.1622776601683795
4673,0.0396337890625,28.421875,0.860888671875,0.591552734375,93.144,5.627690823064108,13.4,1.0198039027185568
4674,0.040932617187500006,29.953125,0.37485351562499997,0.647197265625,93.35,7.11000421940803,14.8,1.1661903789690602
4675,0.0746337890625,29.953125,0.37485351562499997,0.647197265625,94.538,5.2300110898544006,14.0,0.8944271909999159
4676,0.040932617187500006,12.421875,0.37485351562499997,0.647197265625,73.7,22.85172991263462,15.0,1.4142135623730951
4677,0.040932617187500006,29.953125,0.510888671875,0.647197265625,93.35,7.11000421940803,14.8,1.1661903789690602
4678,0.040932617187500006,29.953125,0.37485351562499997,0.661552734375,93.266,5.589295483332403,15.0,1.4142135623730951
4679,0.0746337890625,12.421875,0.510888671875,0.661552734375,67.888,29.315286387821626,14.6,1.0198039027185568
4680,0.032182617187500005,17.953125,0.637353515625,0.629697265625,89.03200000000001,13.929561945732537,14.4,1.0198039027185568
4681,0.0658837890625,17.953125,0.637353515625,0.629697265625,95.096,6.335950126066335,14.0,0.8944271909999159
4682,0.032182617187500005,8.421875,0.637353515625,0.629697265625,63.164,31.71490665286594,15.2,1.16619037896906
4683,0.032182617187500005,17.953125,0.9483886718749999,0.629697265625,86.648,18.52114186544663,14.4,1.0198039027185568
4684,0.032182617187500005,17.953125,0.637353515625,0.609052734375,91.04,9.775972585886278,14.0,1.2649110640673518
4685,0.0658837890625,8.421875,0.9483886718749999,0.609052734375,51.714,40.91128822220097,12.6,7.310266752998825
4686,0.0671826171875,33.953125,0.987353515625,0.699697265625,93.13,6.25676913430566,14.8,1.1661903789690602
4687,0.0308837890625,33.953125,0.987353515625,0.699697265625,82.74,22.095462882682497,16.6,1.854723699099141
4688,0.0671826171875,24.421875,0.987353515625,0.699697265625,93.13,6.25676913430566,14.8,1.1661903789690602
4689,0.0671826171875,33.953125,0.598388671875,0.699697265625,93.13,6.25676913430566,14.8,1.1661903789690602
4690,0.0671826171875,33.953125,0.987353515625,0.6790527343749999,94.174,5.455201554479909,14.8,1.1661903789690602
4691,0.0308837890625,24.421875,0.598388671875,0.6790527343749999,86.138,14.941713957909915,15.8,1.6
4692,0.04968261718750001,9.953125,0.462353515625,0.5946972656249999,72.59200000000001,24.357091287754372,13.4,1.0198039027185568
4693,0.0133837890625,9.953125,0.462353515625,0.5946972656249999,72.308,24.433896455538974,14.2,1.7204650534085253
4694,0.04968261718750001,32.421875,0.462353515625,0.5946972656249999,92.71400000000001,6.239424973505171,13.4,1.0198039027185568
4695,0.04968261718750001,9.953125,0.7733886718749999,0.5946972656249999,38.992,36.650196943536336,8.0,7.37563556583431
4696,0.04968261718750001,9.953125,0.462353515625,0.7140527343749999,73.524,23.84649290776319,15.8,1.6
4697,0.0133837890625,32.421875,0.7733886718749999,0.7140527343749999,44.138,46.232587814224715,10.2,9.173875952943773
4698,0.0146826171875,25.953125,0.8123535156249999,0.664697265625,68.736,37.72941695812433,13.0,7.0710678118654755
4699,0.04838378906250001,25.953125,0.8123535156249999,0.664697265625,91.21000000000001,7.213564999360578,14.8,1.1661903789690602
4700,0.0146826171875,16.421875,0.8123535156249999,0.664697265625,46.076,45.40474759317576,11.6,10.87382177525455
4701,0.0146826171875,25.953125,0.42338867187499996,0.664697265625,68.736,37.72941695812433,13.0,7.0710678118654755
4702,0.0146826171875,25.953125,0.8123535156249999,0.644052734375,79.06199999999998,28.180138679573595,16.0,1.7888543819998317
4703,0.04838378906250001,16.421875,0.42338867187499996,0.644052734375,88.496,12.98317773120279,14.4,1.2
4704,0.016870117187500002,8.953125,0.527978515625,0.634072265625,63.146,31.519705328571842,16.0,1.7888543819998317
4705,0.0418212890625,8.953125,0.527978515625,0.634072265625,69.544,26.389843955582613,14.6,1.0198039027185568
4706,0.016870117187500002,25.421875,0.527978515625,0.634072265625,84.53800000000001,18.937249430685544,15.8,1.469693845669907
4707,0.016870117187500002,8.953125,0.620263671875,0.634072265625,59.402,34.70083192086322,16.2,1.7204650534085253
4708,0.016870117187500002,8.953125,0.527978515625,0.718427734375,42.792,46.98745636869482,6.0,8.579044235810887
4709,0.0418212890625,25.421875,0.620263671875,0.718427734375,84.592,17.255312689140116,16.2,1.8330302779823362
4710,0.05187011718750001,24.953125,0.877978515625,0.704072265625,90.628,7.653431648613582,15.6,1.3564659966250536
4711,0.0768212890625,24.953125,0.877978515625,0.704072265625,93.06800000000001,6.287668566328858,14.8,1.1661903789690602
4712,0.05187011718750001,9.421875,0.877978515625,0.704072265625,35.682,36.87847849356044,9.4,8.593020423576334
4713,0.05187011718750001,24.953125,0.970263671875,0.704072265625,90.628,7.653431648613582,15.6,1.3564659966250536
4714,0.05187011718750001,24.953125,0.877978515625,0.648427734375,96.182,3.8996020309770043,14.4,1.2
4715,0.0768212890625,9.421875,0.970263671875,0.648427734375,54.976,39.47790349043373,12.6,7.172168430816443
4716,0.06937011718750001,16.953125,0.352978515625,0.5990722656249999,94.748,6.3745788880521355,12.2,2.7856776554368237
4717,0.059321289062500004,16.953125,0.352978515625,0.5990722656249999,94.138,5.039799202349238,13.4,1.0198039027185568
4718,0.06937011718750001,17.421875,0.352978515625,0.5990722656249999,94.748,6.3745788880521355,12.2,2.7856776554368237
4719,0.06937011718750001,16.953125,0.445263671875,0.5990722656249999,94.748,6.3745788880521355,12.2,2.7856776554368237
4720,0.06937011718750001,16.953125,0.352978515625,0.613427734375,94.85600000000001,6.882739570839507,13.8,0.7483314773547882
4721,0.059321289062500004,17.421875,0.445263671875,0.613427734375,96.58600000000001,4.2955074205499875,14.0,0.8944271909999159
4722,0.0343701171875,32.953125,0.7029785156249999,0.669072265625,93.458,6.104262117569985,15.4,1.3564659966250536
4723,0.0243212890625,32.953125,0.7029785156249999,0.669072265625,83.67999999999999,20.91451266465466,16.2,1.7204650534085253
4724,0.0343701171875,33.421875,0.7029785156249999,0.669072265625,93.458,6.104262117569985,15.4,1.3564659966250536
4725,0.0343701171875,32.953125,0.7952636718749999,0.669072265625,93.458,6.104262117569985,15.4,1.3564659966250536
4726,0.0343701171875,32.953125,0.7029785156249999,0.6834277343749999,89.39399999999999,11.08135118115115,15.8,1.6
4727,0.0243212890625,33.421875,0.7952636718749999,0.6834277343749999,77.83,27.589611813144455,16.4,1.854723699099141
4728,0.04312011718750001,12.953125,0.9654785156249999,0.6515722656249999,31.486,37.071374185481716,5.6,8.138795979750322
4729,0.0155712890625,12.953125,0.9654785156249999,0.6515722656249999,25.782,37.851917996318235,6.2,8.908422980528035
4730,0.04312011718750001,21.421875,0.9654785156249999,0.6515722656249999,92.54,7.067653075809536,14.8,1.1661903789690602
4731,0.04312011718750001,12.953125,0.35776367187499997,0.6515722656249999,74.322,22.268376141964193,14.8,1.1661903789690602
4732,0.04312011718750001,12.953125,0.9654785156249999,0.595927734375,34.007999999999996,35.68490403517991,8.2,7.547184905645283
4733,0.0155712890625,21.421875,0.35776367187499997,0.595927734375,92.798,5.9128010282775465,14.0,1.4142135623730951
4734,0.0781201171875,28.953125,0.615478515625,0.581572265625,95.156,6.204748504170013,10.0,3.63318042491699
4735,0.050571289062500004,28.953125,0.615478515625,0.581572265625,95.52799999999999,5.592943411120841,12.0,2.6076809620810595
4736,0.0781201171875,5.421875,0.615478515625,0.581572265625,68.862,30.20948221999179,9.0,6.0332412515993425
4737,0.0781201171875,28.953125,0.707763671875,0.581572265625,95.156,6.204748504170013,10.0,3.63318042491699
4738,0.0781201171875,28.953125,0.615478515625,0.665927734375,95.536,4.938544724916442,14.4,1.2
4739,0.050571289062500004,5.421875,0.707763671875,0.665927734375,62.153999999999996,34.47418605275548,12.0,6.603029607687671
4740,0.06062011718750001,4.953125,0.7904785156249999,0.686572265625,56.708000000000006,38.4980406774163,14.2,8.471127433818948
4741,0.0680712890625,4.953125,0.7904785156249999,0.686572265625,57.6,38.1800450497377,13.6,7.914543574963751
4742,0.06062011718750001,13.421875,0.7904785156249999,0.686572265625,56.5,38.580513215871036,13.6,7.761443164772902
4743,0.06062011718750001,4.953125,0.532763671875,0.686572265625,68.342,27.711021200959014,15.4,1.2
4744,0.06062011718750001,4.953125,0.7904785156249999,0.700927734375,57.815999999999995,38.09012764483732,14.4,8.522910301065007
4745,0.0680712890625,13.421875,0.532763671875,0.700927734375,68.274,27.59666472601354,15.4,1.2
4746,0.0256201171875,20.953125,0.44047851562499996,0.616572265625,93.036,6.102211402434366,14.4,1.0198039027185568
4747,0.0330712890625,20.953125,0.44047851562499996,0.616572265625,92.44200000000001,6.467606667075543,14.2,1.16619037896906
4748,0.0256201171875,29.421875,0.44047851562499996,0.616572265625,93.036,6.102211402434366,14.4,1.0198039027185568
4749,0.0256201171875,20.953125,0.882763671875,0.616572265625,93.036,6.102211402434366,14.4,1.0198039027185568
4750,0.0256201171875,20.953125,0.44047851562499996,0.6309277343749999,93.21799999999999,6.743851718417305,15.0,1.4142135623730951
4751,0.0330712890625,29.421875,0.882763671875,0.6309277343749999,93.772,5.967382675847094,14.4,1.0198039027185568
4752,0.021245117187500002,18.953125,0.746728515625,0.590322265625,93.60400000000001,5.725642671351397,13.4,1.624807680927192
4753,0.0724462890625,18.953125,0.746728515625,0.590322265625,94.81200000000001,5.141075373888229,11.6,3.0066592756745814
4754,0.021245117187500002,35.421875,0.746728515625,0.590322265625,93.60400000000001,5.725642671351397,13.4,1.624807680927192
4755,0.021245117187500002,18.953125,0.314013671875,0.590322265625,93.60400000000001,5.725642671351397,13.4,1.624807680927192
4756,0.021245117187500002,18.953125,0.746728515625,0.587177734375,93.888,5.488939423968896,13.4,1.624807680927192
4757,0.0724462890625,35.421875,0.314013671875,0.587177734375,97.042,3.5002308495297854,11.6,3.0066592756745814
4758,0.056245117187500006,34.953125,0.396728515625,0.660322265625,97.19800000000001,3.6590840383899326,14.6,1.0198039027185568
4759,0.037446289062500006,34.953125,0.396728515625,0.660322265625,92.952,6.342382517634837,15.2,1.16619037896906
4760,0.056245117187500006,19.421875,0.396728515625,0.660322265625,97.19800000000001,3.6590840383899326,14.6,1.0198039027185568
4761,0.056245117187500006,34.953125,0.664013671875,0.660322265625,97.19800000000001,3.6590840383899326,14.6,1.0198039027185568
4762,0.056245117187500006,34.953125,0.396728515625,0.6571777343749999,96.97999999999999,3.7282918340709315,14.4,1.2
4763,0.037446289062500006,19.421875,0.664013671875,0.6571777343749999,92.61800000000001,6.183065259238332,15.0,1.4142135623730951
4764,0.0737451171875,10.953125,0.9217285156249999,0.6253222656249999,56.029999999999994,38.783204612306086,12.4,7.08801805866774
4765,0.0199462890625,10.953125,0.9217285156249999,0.6253222656249999,35.456,36.61017705502119,9.2,8.423775875461075
4766,0.0737451171875,11.421875,0.9217285156249999,0.6253222656249999,53.00599999999999,40.268677455312584,12.2,6.881860213634101
4767,0.0737451171875,10.953125,0.489013671875,0.6253222656249999,73.562,23.731616379842315,14.0,0.8944271909999159
4768,0.0737451171875,10.953125,0.9217285156249999,0.692177734375,55.772000000000006,38.879768723591965,13.2,7.35934779718964
4769,0.0199462890625,11.421875,0.489013671875,0.692177734375,53.251999999999995,40.16100715868565,13.4,7.337574531137657
4770,0.038745117187500004,26.953125,0.571728515625,0.695322265625,90.20599999999999,9.828360188759873,15.8,1.6
4771,0.05494628906250001,26.953125,0.571728515625,0.695322265625,95.97,3.7594574076587173,15.4,1.2
4772,0.038745117187500004,27.421875,0.571728515625,0.695322265625,90.20599999999999,9.828360188759873,15.8,1.6
4773,0.038745117187500004,26.953125,0.8390136718749999,0.695322265625,90.20599999999999,9.828360188759873,15.8,1.6
4774,0.038745117187500004,26.953125,0.571728515625,0.622177734375,92.348,6.325274381400382,14.2,1.16619037896906
4775,0.05494628906250001,27.421875,0.8390136718749999,0.622177734375,96.412,3.928309560103431,14.0,0.8944271909999159
4776,0.029995117187500003,6.953125,0.309228515625,0.712822265625,63.120000000000005,32.84625275430974,13.0,7.155417527999327
4777,0.04619628906250001,6.953125,0.309228515625,0.712822265625,76.77000000000001,19.502396775781175,15.8,1.6
4778,0.029995117187500003,31.421875,0.309228515625,0.712822265625,74.874,31.378023264699134,12.8,6.997142273814361
4779,0.029995117187500003,6.953125,0.5765136718749999,0.712822265625,53.126,39.05893884887299,11.2,10.361467077590895
4780,0.029995117187500003,6.953125,0.309228515625,0.709677734375,64.264,31.851655278807723,12.8,6.997142273814361
4781,0.04619628906250001,31.421875,0.5765136718749999,0.709677734375,93.224,6.076293607125974,15.8,1.6
4782,0.0649951171875,22.953125,0.659228515625,0.642822265625,94.71,5.607666181220132,14.0,0.8944271909999159
4783,0.0111962890625,22.953125,0.659228515625,0.642822265625,72.53999999999999,36.85016526421557,12.8,6.968500556073739
4784,0.0649951171875,15.421875,0.659228515625,0.642822265625,68.232,26.715666864220328,14.2,1.16619037896906
4785,0.0649951171875,22.953125,0.926513671875,0.642822265625,94.71,5.607666181220132,14.0,0.8944271909999159
4786,0.0649951171875,22.953125,0.659228515625,0.639677734375,93.812,6.110251713309361,14.0,0.8944271909999159
4787,0.0111962890625,15.421875,0.926513671875,0.639677734375,28.136000000000003,38.741098384015906,6.0,8.62554346113913
4788,0.047495117187500005,14.953125,0.48422851562499997,0.6778222656249999,72.836,25.77227161117157,15.2,1.469693845669907
4789,0.028696289062500005,14.953125,0.48422851562499997,0.6778222656249999,64.89000000000001,30.758670972589176,16.4,1.7435595774162693
4790,0.047495117187500005,7.421875,0.48422851562499997,0.6778222656249999,72.826,25.369837681782673,15.4,1.2
4791,0.047495117187500005,14.953125,0.401513671875,0.6778222656249999,76.638,21.798325073271112,15.2,1.469693845669907
4792,0.047495117187500005,14.953125,0.48422851562499997,0.6046777343749999,79.498,16.902026387389174,13.8,0.9797958971132713
4793,0.028696289062500005,7.421875,0.401513671875,0.6046777343749999,75.082,22.229051621695422,14.4,1.0198039027185568
4794,0.0124951171875,30.953125,0.834228515625,0.607822265625,89.112,9.945840135453615,14.8,1.9390719429665315
4795,0.06369628906250001,30.953125,0.834228515625,0.607822265625,94.53999999999999,5.293327875731862,13.6,0.8
4796,0.0124951171875,23.421875,0.834228515625,0.607822265625,89.102,9.950536467949854,14.8,1.9390719429665315
4797,0.0124951171875,30.953125,0.751513671875,0.607822265625,89.112,9.945840135453615,14.8,1.9390719429665315
4798,0.0124951171875,30.953125,0.834228515625,0.674677734375,61.774,42.299813522047586,13.6,7.364781055808788
4799,0.06369628906250001,23.421875,0.751513671875,0.674677734375,94.45599999999999,4.8341973480609965,14.8,1.1661903789690602
4800,0.013588867187500001,7.453125,0.735791015625,0.618759765625,56.278,38.720109710588375,14.4,8.5463442476886
4801,0.0166650390625,7.453125,0.735791015625,0.618759765625,60.029999999999994,37.12651451456223,14.4,8.5463442476886
4802,0.013588867187500001,27.921875,0.735791015625,0.618759765625,86.562,16.39505584010009,15.4,1.4966629547095764
4803,0.013588867187500001,7.453125,0.434326171875,0.618759765625,68.73400000000001,26.820368080993966,15.6,1.3564659966250536
4804,0.013588867187500001,7.453125,0.735791015625,0.6549902343749999,47.88,44.68470745120751,11.4,10.61319932913728
4805,0.0166650390625,27.921875,0.434326171875,0.6549902343749999,79.62199999999999,29.718424184333866,16.4,1.854723699099141
4806,0.0485888671875,23.453125,0.38579101562499996,0.688759765625,93.404,6.7674798854521905,15.4,1.2
4807,0.05166503906250001,23.453125,0.38579101562499996,0.688759765625,95.862,3.7424345017648606,15.2,1.16619037896906
4808,0.0485888671875,11.921875,0.38579101562499996,0.688759765625,75.65599999999999,20.16914336306825,15.4,1.2
4809,0.0485888671875,23.453125,0.784326171875,0.688759765625,93.404,6.7674798854521905,15.4,1.2
4810,0.0485888671875,23.453125,0.38579101562499996,0.584990234375,94.47399999999999,6.539442178045462,13.2,1.32664991614216
4811,0.05166503906250001,11.921875,0.784326171875,0.584990234375,60.483999999999995,33.200767822446515,12.2,8.182909018191513
4812,0.0660888671875,15.453125,0.9107910156249999,0.583759765625,87.58,19.389085589578485,11.6,3.0066592756745814
4813,0.0691650390625,15.453125,0.9107910156249999,0.583759765625,87.938,18.694893848321257,11.6,3.0066592756745814
4814,0.0660888671875,19.921875,0.9107910156249999,0.583759765625,96.54599999999999,4.7468709693860465,11.6,3.0066592756745814
4815,0.0660888671875,15.453125,0.609326171875,0.583759765625,90.58399999999999,13.63420639421305,11.6,3.0066592756745814
4816,0.0660888671875,15.453125,0.9107910156249999,0.619990234375,77.15,28.476411290750807,14.0,0.8944271909999159
4817,0.0691650390625,19.921875,0.609326171875,0.619990234375,96.65,5.304096530041661,14.0,0.8944271909999159
4818,0.0310888671875,31.453125,0.560791015625,0.6537597656249999,92.584,6.158274433638044,15.2,1.16619037896906
4819,0.0341650390625,31.453125,0.560791015625,0.6537597656249999,92.57000000000001,6.597511652130673,15.2,1.16619037896906
4820,0.0310888671875,35.921875,0.560791015625,0.6537597656249999,92.584,6.158274433638044,15.2,1.16619037896906
4821,0.0310888671875,31.453125,0.9593261718749999,0.6537597656249999,92.584,6.158274433638044,15.2,1.16619037896906
4822,0.0310888671875,31.453125,0.560791015625,0.689990234375,84.51,20.90130522240178,16.2,1.7204650534085253
4823,0.0341650390625,35.921875,0.9593261718749999,0.689990234375,86.874,15.278850218521026,15.8,1.6
4824,0.0398388671875,19.453125,0.473291015625,0.671259765625,92.228,7.878673492409749,15.2,1.16619037896906
4825,0.04291503906250001,19.453125,0.473291015625,0.671259765625,94.276,5.169265324976073,15.2,1.16619037896906
4826,0.0398388671875,23.921875,0.473291015625,0.671259765625,93.312,6.228095696117715,15.2,1.16619037896906
4827,0.0398388671875,19.453125,0.5218261718749999,0.671259765625,92.174,7.9673850164279125,15.2,1.16619037896906
4828,0.0398388671875,19.453125,0.473291015625,0.637490234375,95.256,5.089788207774464,14.4,1.0198039027185568
4829,0.04291503906250001,23.921875,0.5218261718749999,0.637490234375,95.962,3.6901241171537835,14.4,1.0198039027185568
4830,0.0748388671875,35.453125,0.823291015625,0.6012597656249999,94.894,5.984391698410126,12.4,2.8
4831,0.0779150390625,35.453125,0.823291015625,0.6012597656249999,94.71199999999999,6.040378796069002,12.2,3.1874754901018454
4832,0.0748388671875,7.921875,0.823291015625,0.6012597656249999,59.49400000000001,37.664121707534875,11.0,7.293833011524188
4833,0.0748388671875,35.453125,0.871826171875,0.6012597656249999,94.894,5.984391698410126,12.4,2.8
4834,0.0748388671875,35.453125,0.823291015625,0.707490234375,92.752,6.369660587503858,14.8,1.1661903789690602
4835,0.0779150390625,7.921875,0.871826171875,0.707490234375,57.544000000000004,38.2388920341581,13.2,7.35934779718964
4836,0.0573388671875,11.453125,0.6482910156249999,0.706259765625,63.76800000000001,30.721082923621037,17.4,3.006659275674582
4837,0.06041503906250001,11.453125,0.6482910156249999,0.706259765625,65.096,29.866969447869998,17.2,2.6381811916545836
4838,0.0573388671875,15.921875,0.6482910156249999,0.706259765625,62.8,34.05302512259373,12.2,6.734983296193095
4839,0.0573388671875,11.453125,0.346826171875,0.706259765625,77.482,18.743280822737518,15.6,1.3564659966250536
4840,0.0573388671875,11.453125,0.6482910156249999,0.672490234375,63.048,31.380160229036434,16.8,3.370459909270543
4841,0.06041503906250001,15.921875,0.346826171875,0.672490234375,77.532,20.70381356175717,14.8,1.1661903789690602
4842,0.0223388671875,27.453125,0.998291015625,0.636259765625,91.10799999999999,7.302726614080527,15.4,1.4966629547095764
4843,0.025415039062500002,27.453125,0.998291015625,0.636259765625,92.53200000000001,6.279265562149764,15.0,1.4142135623730951
4844,0.0223388671875,31.921875,0.998291015625,0.636259765625,91.10799999999999,7.302726614080527,15.4,1.4966629547095764
4845,0.0223388671875,27.453125,0.696826171875,0.636259765625,91.10799999999999,7.302726614080527,15.4,1.4966629547095764
4846,0.0223388671875,27.453125,0.998291015625,0.6024902343749999,92.13199999999999,6.780464290887462,14.2,1.16619037896906
4847,0.025415039062500002,31.921875,0.696826171875,0.6024902343749999,93.19200000000001,5.969627794092356,14.0,1.2649110640673518
4848,0.026713867187500004,13.453125,0.604541015625,0.610009765625,65.2,30.66458478440561,14.4,1.0198039027185568
4849,0.047290039062500004,13.453125,0.604541015625,0.610009765625,67.244,29.681891179640154,14.2,0.7483314773547882
4850,0.026713867187500004,33.921875,0.604541015625,0.610009765625,93.112,6.078833440718706,14.4,1.0198039027185568
4851,0.026713867187500004,13.453125,0.47807617187499996,0.610009765625,71.1,25.132710160267237,14.4,1.0198039027185568
4852,0.026713867187500004,13.453125,0.604541015625,0.646240234375,64.738,31.259343819088716,12.6,6.945502141674135
4853,0.047290039062500004,33.921875,0.47807617187499996,0.646240234375,96.684,3.2562653454532846,14.6,1.0198039027185568
4854,0.06171386718750001,29.453125,0.954541015625,0.6800097656249999,91.446,7.176649914827951,14.8,1.1661903789690602
4855,0.0122900390625,29.453125,0.954541015625,0.6800097656249999,60.056,44.591496319365646,9.8,8.840814442120138
4856,0.06171386718750001,17.921875,0.954541015625,0.6800097656249999,84.688,16.25773711191075,14.8,1.1661903789690602
4857,0.06171386718750001,29.453125,0.828076171875,0.6800097656249999,91.446,7.176649914827951,14.8,1.1661903789690602
4858,0.06171386718750001,29.453125,0.954541015625,0.716240234375,92.014,6.542004585751986,15.4,1.2
4859,0.0122900390625,17.921875,0.828076171875,0.716240234375,40.0,48.98979485566356,8.0,11.384199576606166
4860,0.0792138671875,5.453125,0.429541015625,0.645009765625,76.914,21.996330239383113,14.0,0.8944271909999159
4861,0.029790039062500002,5.453125,0.429541015625,0.645009765625,74.52799999999999,23.31714425052948,15.2,1.16619037896906
4862,0.0792138671875,9.921875,0.429541015625,0.645009765625,76.196,22.313001232465343,14.0,0.8944271909999159
4863,0.0792138671875,5.453125,0.30307617187499997,0.645009765625,82.234,16.898484665791784,14.0,0.8944271909999159
4864,0.0792138671875,5.453125,0.429541015625,0.6812402343749999,76.346,21.133675118161538,14.6,1.0198039027185568
4865,0.029790039062500002,9.921875,0.30307617187499997,0.6812402343749999,73.12,24.500173876934017,16.2,1.7204650534085253
4866,0.044213867187500006,21.453125,0.779541015625,0.715009765625,89.498,11.62854487887457,15.8,1.6
4867,0.0647900390625,21.453125,0.779541015625,0.715009765625,95.76400000000001,3.737446186903563,15.4,1.2
4868,0.044213867187500006,25.921875,0.779541015625,0.715009765625,89.498,11.62854487887457,15.8,1.6
4869,0.044213867187500006,21.453125,0.653076171875,0.715009765625,89.498,11.62854487887457,15.8,1.6
4870,0.044213867187500006,21.453125,0.779541015625,0.611240234375,97.91999999999999,2.240142852587752,14.0,0.8944271909999159
4871,0.0647900390625,25.921875,0.653076171875,0.611240234375,95.22799999999998,5.7402383225786044,13.8,0.7483314773547882
4872,0.035463867187500005,9.453125,0.8670410156249999,0.697509765625,33.54,37.40368751874606,9.8,8.975522268926749
4873,0.0735400390625,9.453125,0.8670410156249999,0.697509765625,56.510000000000005,38.710393436388635,13.2,7.35934779718964
4874,0.035463867187500005,29.921875,0.8670410156249999,0.697509765625,86.44200000000001,17.472909774848606,15.8,1.6
4875,0.035463867187500005,9.453125,0.390576171875,0.697509765625,70.88399999999999,25.655961178642283,16.4,1.7435595774162693
4876,0.035463867187500005,9.453125,0.8670410156249999,0.663740234375,36.306,36.923687573155526,9.4,8.593020423576334
4877,0.0735400390625,29.921875,0.390576171875,0.663740234375,94.46000000000001,6.355070416604366,14.4,1.2
4878,0.0704638671875,25.453125,0.517041015625,0.6275097656249999,95.97200000000001,4.642367499455424,14.0,0.8944271909999159
4879,0.0385400390625,25.453125,0.517041015625,0.6275097656249999,94.36999999999999,4.613454237336706,14.4,1.0198039027185568
4880,0.0704638671875,13.921875,0.517041015625,0.6275097656249999,71.156,26.25937821046035,14.0,0.8944271909999159
4881,0.0704638671875,25.453125,0.7405761718749999,0.6275097656249999,95.97200000000001,4.642367499455424,14.0,0.8944271909999159
4882,0.0704638671875,25.453125,0.517041015625,0.593740234375,94.29599999999999,6.230584563265316,12.0,3.1622776601683795
4883,0.0385400390625,13.921875,0.7405761718749999,0.593740234375,69.224,25.187902334255625,16.0,4.6475800154489
4884,0.052963867187500006,17.453125,0.692041015625,0.662509765625,88.952,12.76837875378076,14.8,1.1661903789690602
4885,0.0210400390625,17.453125,0.692041015625,0.662509765625,65.532,30.449529651539777,16.4,1.854723699099141
4886,0.052963867187500006,5.921875,0.692041015625,0.662509765625,63.96600000000001,33.42089382407359,11.8,6.462197768561405
4887,0.052963867187500006,17.453125,0.565576171875,0.662509765625,89.858,11.09890156727232,14.8,1.1661903789690602
4888,0.052963867187500006,17.453125,0.692041015625,0.6287402343749999,92.25200000000001,6.545463772720767,14.0,0.8944271909999159
4889,0.0210400390625,5.921875,0.565576171875,0.6287402343749999,69.732,27.81018331475001,15.4,1.4966629547095764
4890,0.017963867187500003,33.453125,0.342041015625,0.5925097656249999,91.524,7.134363601611567,14.0,1.4142135623730951
4891,0.056040039062500005,33.453125,0.342041015625,0.5925097656249999,94.886,6.25289564921725,13.4,1.0198039027185568
4892,0.017963867187500003,21.921875,0.342041015625,0.5925097656249999,91.53,7.126889924784865,14.0,1.4142135623730951
4893,0.017963867187500003,33.453125,0.915576171875,0.5925097656249999,91.524,7.134363601611567,14.0,1.4142135623730951
4894,0.017963867187500003,33.453125,0.342041015625,0.698740234375,61.588,43.35362010259351,9.4,8.5463442476886
4895,0.056040039062500005,21.921875,0.915576171875,0.698740234375,95.892,3.8376419843440335,15.4,1.2
4896,0.0157763671875,16.453125,0.932666015625,0.7106347656249999,20.0,40.0,2.4,6.8
4897,0.031977539062500004,16.453125,0.932666015625,0.7106347656249999,49.955999999999996,42.45972095998748,9.2,8.49470423263812
4898,0.0157763671875,12.921875,0.932666015625,0.7106347656249999,20.0,40.0,2.4,6.8
4899,0.0157763671875,16.453125,0.806201171875,0.7106347656249999,20.0,40.0,2.4,6.8
4900,0.0157763671875,16.453125,0.932666015625,0.6243652343749999,71.39,30.989454980686578,15.8,1.9390719429665315
4901,0.031977539062500004,12.921875,0.806201171875,0.6243652343749999,35.760000000000005,36.83094405523703,8.8,8.109253973085318
4902,0.050776367187500004,32.453125,0.582666015625,0.640634765625,94.766,4.899598350885509,14.2,1.16619037896906
4903,0.06697753906250001,32.453125,0.582666015625,0.640634765625,93.934,5.793519137795267,14.0,0.8944271909999159
4904,0.050776367187500004,28.921875,0.582666015625,0.640634765625,94.766,4.899598350885509,14.2,1.16619037896906
4905,0.050776367187500004,32.453125,0.456201171875,0.640634765625,94.766,4.899598350885509,14.2,1.16619037896906
4906,0.050776367187500004,32.453125,0.582666015625,0.694365234375,92.67,7.000645684506538,15.4,1.2
4907,0.06697753906250001,28.921875,0.456201171875,0.694365234375,91.714,7.056414386924848,14.8,1.1661903789690602
4908,0.0682763671875,8.453125,0.7576660156249999,0.6756347656249999,58.474000000000004,36.475689218985295,13.2,7.467261881037788
4909,0.049477539062500006,8.453125,0.7576660156249999,0.6756347656249999,57.81,36.74576002751882,14.0,8.221921916437786
4910,0.0682763671875,20.921875,0.7576660156249999,0.6756347656249999,96.22999999999999,3.574823072544988,14.4,1.2
4911,0.0682763671875,8.453125,0.981201171875,0.6756347656249999,51.370000000000005,41.093929478695514,13.6,7.761443164772902
4912,0.0682763671875,8.453125,0.7576660156249999,0.6593652343749999,57.694,36.765316046513185,12.8,7.386474125047755
4913,0.049477539062500006,20.921875,0.981201171875,0.6593652343749999,91.862,7.010966837747846,14.8,1.1661903789690602
4914,0.0332763671875,24.453125,0.407666015625,0.605634765625,93.376,5.924115461400123,14.0,1.2649110640673518
4915,0.014477539062500001,24.453125,0.407666015625,0.605634765625,92.524,6.439234737140742,14.4,1.4966629547095764
4916,0.0332763671875,4.921875,0.407666015625,0.605634765625,74.52,22.030289149259936,14.4,1.0198039027185568
4917,0.0332763671875,24.453125,0.6312011718749999,0.605634765625,93.376,5.924115461400123,14.0,1.2649110640673518
4918,0.0332763671875,24.453125,0.407666015625,0.589365234375,93.10999999999999,5.950354611281583,13.2,1.32664991614216
4919,0.014477539062500001,4.921875,0.6312011718749999,0.589365234375,63.544000000000004,32.217320558978834,11.4,6.280127387243033
4920,0.042026367187500004,4.453125,0.49516601562499996,0.588134765625,69.43199999999999,26.814252478859075,13.4,1.0198039027185568
4921,0.023227539062500004,4.453125,0.49516601562499996,0.588134765625,70.332,26.493921868987233,13.8,1.3266499161421599
4922,0.042026367187500004,16.921875,0.49516601562499996,0.588134765625,90.3,8.371838507759215,13.2,1.32664991614216
4923,0.042026367187500004,4.453125,0.8937011718749999,0.588134765625,34.512,36.54382103721503,8.0,7.37563556583431
4924,0.042026367187500004,4.453125,0.49516601562499996,0.676865234375,70.276,25.683233908524837,15.6,1.3564659966250536
4925,0.023227539062500004,16.921875,0.8937011718749999,0.676865234375,51.3,42.04986325780382,9.0,8.270429251254134
4926,0.0770263671875,20.453125,0.845166015625,0.658134765625,95.51599999999999,5.2846820150317475,14.2,0.9797958971132712
4927,0.05822753906250001,20.453125,0.845166015625,0.658134765625,96.692,3.937463142684641,14.4,1.2
4928,0.0770263671875,32.921875,0.845166015625,0.658134765625,95.51599999999999,5.2846820150317475,14.2,0.9797958971132712
4929,0.0770263671875,20.453125,0.543701171875,0.658134765625,95.51599999999999,5.2846820150317475,14.2,0.9797958971132712
4930,0.0770263671875,20.453125,0.845166015625,0.606865234375,96.52799999999999,4.390824068440911,12.4,2.8
4931,0.05822753906250001,32.921875,0.543701171875,0.606865234375,94.372,5.555377214915294,13.6,0.8
4932,0.059526367187500005,12.453125,0.32016601562499997,0.6231347656249999,79.406,19.337879511466607,14.0,0.8944271909999159
4933,0.0757275390625,12.453125,0.32016601562499997,0.6231347656249999,78.84,18.555690232378854,14.0,0.8944271909999159
4934,0.059526367187500005,24.921875,0.32016601562499997,0.6231347656249999,96.812,3.886419431816386,14.0,0.8944271909999159
4935,0.059526367187500005,12.453125,0.718701171875,0.6231347656249999,59.362,37.78426677864743,12.8,7.547184905645283
4936,0.059526367187500005,12.453125,0.32016601562499997,0.641865234375,76.668,20.19061405703155,14.4,1.2
4937,0.0757275390625,24.921875,0.718701171875,0.641865234375,95.228,4.805094796151268,14.0,0.8944271909999159
4938,0.024526367187500002,28.453125,0.670166015625,0.693134765625,73.928,31.984492117274584,12.8,6.997142273814361
4939,0.040727539062500005,28.453125,0.670166015625,0.693134765625,91.938,6.697299157122967,15.8,1.6
4940,0.024526367187500002,8.921875,0.670166015625,0.693134765625,51.806,40.41891319667069,9.6,8.754427451295717
4941,0.024526367187500002,28.453125,0.36870117187499996,0.693134765625,73.928,31.984492117274584,12.8,6.997142273814361
4942,0.024526367187500002,28.453125,0.670166015625,0.7118652343749999,64.372,40.08576724973591,13.2,7.277362159464101
4943,0.040727539062500005,8.921875,0.36870117187499996,0.7118652343749999,70.958,24.67688991749163,16.4,1.624807680927192
4944,0.0201513671875,10.453125,0.363916015625,0.666884765625,67.824,30.63911591413825,12.4,6.829348431585549
4945,0.0626025390625,10.453125,0.363916015625,0.666884765625,79.586,17.95372674404955,14.8,1.1661903789690602
4946,0.0201513671875,6.921875,0.363916015625,0.666884765625,65.662,31.345916735677072,12.8,6.997142273814361
4947,0.0201513671875,10.453125,0.8499511718749999,0.666884765625,30.858000000000004,37.84949479187272,6.0,8.62554346113913
4948,0.0201513671875,10.453125,0.363916015625,0.668115234375,66.738,31.214147049054535,12.8,6.997142273814361
4949,0.0626025390625,6.921875,0.8499511718749999,0.668115234375,54.720000000000006,39.500918470334334,13.6,8.16333265278342
4950,0.05515136718750001,26.453125,0.713916015625,0.5968847656249999,92.34200000000001,6.419275348510921,13.4,1.0198039027185568
4951,0.0276025390625,26.453125,0.713916015625,0.5968847656249999,92.97200000000001,6.711063701083458,13.8,1.469693845669907
4952,0.05515136718750001,22.921875,0.713916015625,0.5968847656249999,92.34200000000001,6.419275348510921,13.4,1.0198039027185568
4953,0.05515136718750001,26.453125,0.499951171875,0.5968847656249999,92.34200000000001,6.419275348510921,13.4,1.0198039027185568
4954,0.05515136718750001,26.453125,0.713916015625,0.5981152343749999,92.41799999999999,6.3117236948396265,13.4,1.0198039027185568
4955,0.0276025390625,22.921875,0.499951171875,0.5981152343749999,93.19,5.878523624176395,13.8,1.469693845669907
4956,0.0726513671875,18.453125,0.5389160156249999,0.701884765625,92.52000000000001,6.337712521091501,14.8,1.1661903789690602
4957,0.0101025390625,18.453125,0.5389160156249999,0.701884765625,41.422000000000004,47.899147549825976,6.4,9.068627239003707
4958,0.0726513671875,30.921875,0.5389160156249999,0.701884765625,92.52000000000001,6.337712521091501,14.8,1.1661903789690602
4959,0.0726513671875,18.453125,0.674951171875,0.701884765625,92.52000000000001,6.337712521091501,14.8,1.1661903789690602
4960,0.0726513671875,18.453125,0.5389160156249999,0.633115234375,94.88399999999999,6.537674204179953,14.0,0.8944271909999159
4961,0.0101025390625,30.921875,0.674951171875,0.633115234375,77.46199999999999,34.51294852660375,12.4,6.740919818541087
4962,0.0376513671875,34.453125,0.888916015625,0.631884765625,95.026,4.674644799340375,14.4,1.0198039027185568
4963,0.0451025390625,34.453125,0.888916015625,0.631884765625,93.87800000000001,5.1293991850898095,14.2,1.16619037896906
4964,0.0376513671875,14.921875,0.888916015625,0.631884765625,58.098,38.025210794944975,14.0,8.48528137423857
4965,0.0376513671875,34.453125,0.324951171875,0.631884765625,95.026,4.674644799340375,14.4,1.0198039027185568
4966,0.0376513671875,34.453125,0.888916015625,0.703115234375,86.638,16.139861709444723,15.8,1.6
4967,0.0451025390625,14.921875,0.324951171875,0.703115234375,78.74600000000001,19.484875775842145,15.8,1.6
4968,0.0289013671875,14.453125,0.8014160156249999,0.649384765625,58.926,37.725859354029296,14.8,8.840814442120138
4969,0.0538525390625,14.453125,0.8014160156249999,0.649384765625,59.876,37.47923830602751,11.4,6.343500610861483
4970,0.0289013671875,10.921875,0.8014160156249999,0.649384765625,37.576,36.888566033393055,9.4,8.593020423576334
4971,0.0289013671875,14.453125,0.762451171875,0.649384765625,59.8,37.472231852399716,14.6,8.593020423576334
4972,0.0289013671875,14.453125,0.8014160156249999,0.615615234375,59.962,36.287813050664816,13.8,8.44748483277715
4973,0.0538525390625,10.921875,0.762451171875,0.615615234375,61.14399999999999,35.890069155687065,13.2,8.059776671843954
4974,0.0639013671875,30.453125,0.451416015625,0.719384765625,92.77799999999999,5.989972954863821,15.4,1.2
4975,0.0188525390625,30.453125,0.451416015625,0.719384765625,50.854,44.75396366803727,9.8,8.885943956609225
4976,0.0639013671875,26.921875,0.451416015625,0.719384765625,92.77799999999999,5.989972954863821,15.4,1.2
4977,0.0639013671875,30.453125,0.41245117187499997,0.719384765625,92.77799999999999,5.989972954863821,15.4,1.2
4978,0.0639013671875,30.453125,0.451416015625,0.6856152343749999,91.574,6.931169021168074,14.8,1.1661903789690602
4979,0.0188525390625,26.921875,0.41245117187499997,0.6856152343749999,66.96000000000001,38.96616994265667,13.2,7.222188034107115
4980,0.04640136718750001,6.453125,0.9764160156249999,0.614384765625,31.782,36.85655350137883,8.4,7.735631842325487
4981,0.0363525390625,6.453125,0.9764160156249999,0.614384765625,30.631999999999998,36.94767240300802,5.2,7.652450587883597
4982,0.04640136718750001,34.921875,0.9764160156249999,0.614384765625,97.95,2.3753062960384703,14.0,0.8944271909999159
4983,0.04640136718750001,6.453125,0.937451171875,0.614384765625,32.791999999999994,36.77469042697709,8.4,7.735631842325487
4984,0.04640136718750001,6.453125,0.9764160156249999,0.650615234375,30.913999999999998,36.88166460451588,9.0,8.221921916437786
4985,0.0363525390625,34.921875,0.937451171875,0.650615234375,92.604,6.3217548196683495,15.0,1.4142135623730951
4986,0.0114013671875,22.453125,0.626416015625,0.684384765625,55.040000000000006,45.689792733169625,9.8,8.840814442120138
4987,0.0713525390625,22.453125,0.626416015625,0.684384765625,94.156,5.8759223956754205,14.6,1.3564659966250536
4988,0.0114013671875,18.921875,0.626416015625,0.684384765625,44.606,45.98133690966369,10.0,9.033271832508971
4989,0.0114013671875,22.453125,0.587451171875,0.684384765625,55.040000000000006,45.689792733169625,9.8,8.840814442120138
4990,0.0114013671875,22.453125,0.626416015625,0.580615234375,92.034,6.7887542303430015,13.4,1.9595917942265424
4991,0.0713525390625,18.921875,0.587451171875,0.580615234375,95.338,6.127493451648889,10.2,3.4871191548325386
4992,0.0119482421875,11.203125,0.981884765625,0.5957910156249999,30.75,36.72974598333073,9.2,8.541662601625049
4993,0.0522119140625,11.203125,0.981884765625,0.5957910156249999,50.666000000000004,41.49539425044664,13.2,8.059776671843954
4994,0.0119482421875,8.171875,0.981884765625,0.5957910156249999,30.683999999999997,36.707462783472245,9.2,8.541662601625049
4995,0.0119482421875,11.203125,0.538232421875,0.5957910156249999,68.5,26.888347662137964,14.4,1.4966629547095764
4996,0.0119482421875,11.203125,0.981884765625,0.590458984375,30.517999999999994,36.685541784196126,8.8,8.158431221748456
4997,0.0522119140625,8.171875,0.538232421875,0.590458984375,68.506,27.557361702456205,13.4,1.0198039027185568
4998,0.0469482421875,27.203125,0.631884765625,0.665791015625,91.95,6.5924987675387525,15.0,1.4142135623730951
4999,0.0172119140625,27.203125,0.631884765625,0.665791015625,72.78,33.72149937354506,12.6,6.887670143089026
5000,0.0469482421875,24.171875,0.631884765625,0.665791015625,91.95,6.5924987675387525,15.0,1.4142135623730951
5001,0.0469482421875,27.203125,0.888232421875,0.665791015625,91.95,6.5924987675387525,15.0,1.4142135623730951
5002,0.0469482421875,27.203125,0.631884765625,0.660458984375,90.804,7.529538100043057,14.8,1.1661903789690602
5003,0.0172119140625,24.171875,0.888232421875,0.660458984375,77.978,31.344430063409987,12.6,6.887670143089026
5004,0.0644482421875,19.203125,0.806884765625,0.630791015625,95.076,5.924436175704826,14.0,0.8944271909999159
5005,0.0347119140625,19.203125,0.806884765625,0.630791015625,94.2,5.837454924879506,14.4,1.0198039027185568
5006,0.0644482421875,32.171875,0.806884765625,0.630791015625,95.076,5.924436175704826,14.0,0.8944271909999159
5007,0.0644482421875,19.203125,0.363232421875,0.630791015625,95.076,5.924436175704826,14.0,0.8944271909999159
5008,0.0644482421875,19.203125,0.806884765625,0.695458984375,92.754,6.330344698355692,14.8,1.1661903789690602
5009,0.0347119140625,32.171875,0.363232421875,0.695458984375,86.31800000000001,17.705015560569272,16.0,1.4142135623730951
5010,0.0294482421875,35.203125,0.45688476562499997,0.700791015625,78.89599999999999,26.529945797155335,16.6,1.854723699099141
5011,0.0697119140625,35.203125,0.45688476562499997,0.700791015625,92.40599999999999,6.763199242961871,14.8,1.1661903789690602
5012,0.0294482421875,16.171875,0.45688476562499997,0.700791015625,61.696000000000005,33.60686632222647,16.6,1.854723699099141
5013,0.0294482421875,35.203125,0.7132324218749999,0.700791015625,78.89599999999999,26.529945797155335,16.6,1.854723699099141
5014,0.0294482421875,35.203125,0.45688476562499997,0.6254589843749999,93.426,5.665105824254302,14.4,1.0198039027185568
5015,0.0697119140625,16.171875,0.7132324218749999,0.6254589843749999,93.064,11.384239280689771,14.0,0.8944271909999159
5016,0.0381982421875,15.203125,0.5443847656249999,0.718291015625,62.03399999999999,33.84180822592079,16.8,1.9390719429665317
5017,0.0784619140625,15.203125,0.5443847656249999,0.718291015625,67.532,29.1821804531464,15.2,1.469693845669907
5018,0.0381982421875,4.171875,0.5443847656249999,0.718291015625,62.64,32.40018456737554,16.6,1.854723699099141
5019,0.0381982421875,15.203125,0.45073242187499996,0.718291015625,65.83800000000001,30.515059495272165,16.6,1.854723699099141
5020,0.0381982421875,15.203125,0.5443847656249999,0.7129589843749999,61.86600000000001,33.828932350873856,16.6,1.854723699099141
5021,0.0784619140625,4.171875,0.45073242187499996,0.7129589843749999,72.474,23.902402891759646,15.2,0.9797958971132712
5022,0.0731982421875,31.203125,0.8943847656249999,0.6482910156249999,94.454,5.820857668763256,14.0,0.8944271909999159
5023,0.0434619140625,31.203125,0.8943847656249999,0.6482910156249999,93.71799999999999,7.105362481956851,14.8,1.1661903789690602
5024,0.0731982421875,20.171875,0.8943847656249999,0.6482910156249999,94.454,5.820857668763256,14.0,0.8944271909999159
5025,0.0731982421875,31.203125,0.800732421875,0.6482910156249999,94.454,5.820857668763256,14.0,0.8944271909999159
5026,0.0731982421875,31.203125,0.8943847656249999,0.642958984375,94.80000000000001,4.326601437618213,14.0,0.8944271909999159
5027,0.0434619140625,20.171875,0.800732421875,0.642958984375,96.34400000000001,3.859681852173831,14.6,1.0198039027185568
5028,0.055698242187500004,7.203125,0.369384765625,0.6832910156249999,76.44200000000001,20.92192859179096,15.2,1.16619037896906
5029,0.0259619140625,7.203125,0.369384765625,0.6832910156249999,68.25,29.188290117785247,16.6,1.854723699099141
5030,0.055698242187500004,28.171875,0.369384765625,0.6832910156249999,92.902,5.990373611052986,15.0,1.4142135623730951
5031,0.055698242187500004,7.203125,0.625732421875,0.6832910156249999,65.05199999999999,32.176787533872925,14.0,8.221921916437786
5032,0.055698242187500004,7.203125,0.369384765625,0.607958984375,78.47800000000001,19.684026417377112,14.0,0.8944271909999159
5033,0.0259619140625,28.171875,0.625732421875,0.607958984375,93.38199999999999,6.061149725918342,14.2,1.16619037896906
5034,0.0206982421875,23.203125,0.719384765625,0.613291015625,91.47,7.01399458226195,14.6,1.3564659966250536
5035,0.060961914062500004,23.203125,0.719384765625,0.613291015625,96.36000000000001,4.5199159284216766,13.8,0.7483314773547882
5036,0.0206982421875,12.171875,0.719384765625,0.613291015625,37.604,37.19370355315534,8.8,8.109253973085318
5037,0.0206982421875,23.203125,0.9757324218749999,0.613291015625,91.47,7.01399458226195,14.6,1.3564659966250536
5038,0.0206982421875,23.203125,0.719384765625,0.677958984375,74.14,32.17837223975134,12.8,6.997142273814361
5039,0.060961914062500004,12.171875,0.9757324218749999,0.677958984375,51.76800000000001,41.38356891327764,10.2,9.495261976375375
5040,0.025073242187500004,17.203125,0.325634765625,0.639541015625,86.33399999999999,11.927647882126635,15.2,1.16619037896906
5041,0.0128369140625,17.203125,0.325634765625,0.639541015625,72.866,31.39794490090076,12.0,6.572670690061994
5042,0.025073242187500004,18.171875,0.325634765625,0.639541015625,89.30600000000001,9.92733116199918,15.2,1.16619037896906
5043,0.025073242187500004,17.203125,0.406982421875,0.639541015625,84.572,13.870220474094848,15.4,1.4966629547095764
5044,0.025073242187500004,17.203125,0.325634765625,0.704208984375,58.7,37.24934845067763,13.2,7.277362159464101
5045,0.0128369140625,18.171875,0.406982421875,0.704208984375,44.153999999999996,46.22448338272695,10.0,9.033271832508971
5046,0.06007324218750001,33.203125,0.6756347656249999,0.7095410156249999,94.688,4.486666468548782,15.4,1.2
5047,0.047836914062500006,33.203125,0.6756347656249999,0.7095410156249999,93.616,5.232932638588042,15.8,1.6
5048,0.06007324218750001,34.171875,0.6756347656249999,0.7095410156249999,94.688,4.486666468548782,15.4,1.2
5049,0.06007324218750001,33.203125,0.756982421875,0.7095410156249999,94.688,4.486666468548782,15.4,1.2
5050,0.06007324218750001,33.203125,0.6756347656249999,0.634208984375,93.44,6.324330794637484,14.0,0.8944271909999159
5051,0.047836914062500006,34.171875,0.756982421875,0.634208984375,93.742,5.425076589321111,14.2,1.16619037896906
5052,0.0775732421875,9.203125,0.500634765625,0.604541015625,72.874,24.792544524513815,12.6,2.870540018881465
5053,0.0653369140625,9.203125,0.500634765625,0.604541015625,72.672,24.96233434597013,13.8,0.7483314773547882
5054,0.0775732421875,26.171875,0.500634765625,0.604541015625,95.752,5.295928247248071,12.4,2.8
5055,0.0775732421875,9.203125,0.581982421875,0.604541015625,69.172,28.199091758423712,12.6,2.870540018881465
5056,0.0775732421875,9.203125,0.500634765625,0.5992089843749999,72.048,25.380883672559552,12.2,3.1874754901018454
5057,0.0653369140625,26.171875,0.581982421875,0.5992089843749999,95.02799999999999,6.09258697106574,12.4,2.4166091947189146
5058,0.042573242187500006,25.203125,0.850634765625,0.674541015625,93.624,6.245627590562855,15.2,1.16619037896906
5059,0.030336914062500005,25.203125,0.850634765625,0.674541015625,87.33,13.428131664531742,15.8,1.6
5060,0.042573242187500006,10.171875,0.850634765625,0.674541015625,36.68,36.75016462548161,9.4,8.593020423576334
5061,0.042573242187500006,25.203125,0.9319824218749999,0.674541015625,93.624,6.245627590562855,15.2,1.16619037896906
5062,0.042573242187500006,25.203125,0.850634765625,0.669208984375,94.27799999999999,4.860606546512482,15.0,1.4142135623730951
5063,0.030336914062500005,10.171875,0.9319824218749999,0.669208984375,33.658,36.56609708459463,9.6,8.8
5064,0.033823242187500005,5.203125,0.7631347656249999,0.657041015625,60.63199999999999,36.499955835589724,14.2,8.304215796810679
5065,0.039086914062500006,5.203125,0.7631347656249999,0.657041015625,61.15599999999999,36.341355285679704,14.0,8.221921916437786
5066,0.033823242187500005,14.171875,0.7631347656249999,0.657041015625,59.794000000000004,37.51061055221575,14.8,8.840814442120138
5067,0.033823242187500005,5.203125,0.49448242187499997,0.657041015625,72.138,25.18935759403165,15.4,1.2
5068,0.033823242187500005,5.203125,0.7631347656249999,0.581708984375,60.089999999999996,36.652352721210136,13.0,8.024961059095553
5069,0.039086914062500006,14.171875,0.49448242187499997,0.581708984375,81.858,17.18098646760424,13.0,1.6733200530681511
5070,0.06882324218750001,21.203125,0.41313476562499996,0.587041015625,96.69800000000001,3.3468337275699858,11.6,3.0066592756745814
5071,0.0740869140625,21.203125,0.41313476562499996,0.587041015625,97.072,3.7071574015679465,10.6,3.3823069050575527
5072,0.06882324218750001,30.171875,0.41313476562499996,0.587041015625,96.69800000000001,3.3468337275699858,11.6,3.0066592756745814
5073,0.06882324218750001,21.203125,0.844482421875,0.587041015625,96.69800000000001,3.3468337275699858,11.6,3.0066592756745814
5074,0.06882324218750001,21.203125,0.41313476562499996,0.6517089843749999,94.726,5.254033117520292,14.2,1.16619037896906
5075,0.0740869140625,30.171875,0.844482421875,0.6517089843749999,94.982,5.528531088815546,14.0,0.8944271909999159
5076,0.05132324218750001,13.203125,0.9381347656249999,0.692041015625,33.58200000000001,36.51675911139979,9.4,8.593020423576334
5077,0.05658691406250001,13.203125,0.9381347656249999,0.692041015625,53.85,39.74822562077457,14.0,8.049844718999243
5078,0.05132324218750001,22.171875,0.9381347656249999,0.692041015625,94.768,5.242378849339296,15.4,1.2
5079,0.05132324218750001,13.203125,0.319482421875,0.692041015625,79.396,17.521190142224928,15.4,1.2
5080,0.05132324218750001,13.203125,0.9381347656249999,0.6867089843749999,34.096,36.52902495276872,9.4,8.593020423576334
5081,0.05658691406250001,22.171875,0.319482421875,0.6867089843749999,93.49600000000001,5.573281259724831,15.0,1.4142135623730951
5082,0.0163232421875,29.203125,0.588134765625,0.6220410156249999,90.05600000000001,10.947154150737079,15.2,1.6
5083,0.021586914062500004,29.203125,0.588134765625,0.6220410156249999,92.76599999999999,6.526265700996243,14.8,1.469693845669907
5084,0.0163232421875,6.171875,0.588134765625,0.6220410156249999,61.848,32.68048800125237,14.2,8.304215796810679
5085,0.0163232421875,29.203125,0.669482421875,0.6220410156249999,90.05600000000001,10.947154150737079,15.2,1.6
5086,0.0163232421875,29.203125,0.588134765625,0.616708984375,93.064,5.673533643153975,14.8,1.469693845669907
5087,0.021586914062500004,6.171875,0.669482421875,0.616708984375,59.279999999999994,35.96838556288008,14.0,8.48528137423857
5088,0.018510742187500002,12.203125,0.653759765625,0.6789160156249999,45.746,45.239498494125684,11.4,10.61319932913728
5089,0.06752441406250001,12.203125,0.653759765625,0.6789160156249999,61.01800000000001,36.6802559424004,12.8,7.249827584156743
5090,0.018510742187500002,31.171875,0.653759765625,0.6789160156249999,68.85600000000001,38.03936518923522,12.8,6.997142273814361
5091,0.018510742187500002,12.203125,0.910107421875,0.6789160156249999,23.166,38.90151338958421,2.2,6.400000000000001
5092,0.018510742187500002,12.203125,0.653759765625,0.691083984375,43.477999999999994,46.42741362600333,7.4,10.762899237658969
5093,0.06752441406250001,31.171875,0.910107421875,0.691083984375,92.142,6.6055503934191595,14.8,1.1661903789690602
5094,0.05351074218750001,28.203125,0.303759765625,0.608916015625,96.16999999999999,3.9112248720829137,13.6,0.8
5095,0.0325244140625,28.203125,0.303759765625,0.608916015625,93.474,6.552482277732612,14.0,1.2649110640673518
5096,0.05351074218750001,15.171875,0.303759765625,0.608916015625,89.814,11.383966971139717,13.6,0.8
5097,0.05351074218750001,28.203125,0.560107421875,0.608916015625,96.16999999999999,3.9112248720829137,13.6,0.8
5098,0.05351074218750001,28.203125,0.303759765625,0.621083984375,96.738,3.3529056055904696,14.0,0.8944271909999159
5099,0.0325244140625,15.171875,0.560107421875,0.621083984375,76.91600000000001,19.134645646052608,14.4,1.0198039027185568
5100,0.0710107421875,4.203125,0.8287597656249999,0.713916015625,56.525999999999996,38.570626958865994,13.8,7.984985911070852
5101,0.015024414062500002,4.203125,0.8287597656249999,0.713916015625,20.0,40.0,2.6,7.200000000000001
5102,0.0710107421875,7.171875,0.8287597656249999,0.713916015625,58.448,37.87694940197798,13.6,7.761443164772902
5103,0.0710107421875,4.203125,0.735107421875,0.713916015625,59.826,36.03570540450124,13.6,7.761443164772902
5104,0.0710107421875,4.203125,0.8287597656249999,0.586083984375,58.144000000000005,37.9822077294093,12.4,7.255342858886822
5105,0.015024414062500002,7.171875,0.735107421875,0.586083984375,60.248000000000005,37.026659260592226,13.6,8.380930735902785
5106,0.0360107421875,20.203125,0.478759765625,0.643916015625,93.57199999999999,6.1032627339809,15.0,1.4142135623730951
5107,0.05002441406250001,20.203125,0.478759765625,0.643916015625,95.92999999999999,3.912881291324845,14.4,1.2
5108,0.0360107421875,23.171875,0.478759765625,0.643916015625,93.57199999999999,6.1032627339809,15.0,1.4142135623730951
5109,0.0360107421875,20.203125,0.38510742187499997,0.643916015625,93.57199999999999,6.1032627339809,15.0,1.4142135623730951
5110,0.0360107421875,20.203125,0.478759765625,0.6560839843749999,92.38000000000001,6.639846383765214,15.0,1.4142135623730951
5111,0.05002441406250001,23.171875,0.38510742187499997,0.6560839843749999,95.624,4.6409550741199785,14.8,1.1661903789690602
5112,0.04476074218750001,8.203125,0.391259765625,0.6264160156249999,74.11600000000001,22.042673703523356,14.4,1.0198039027185568
5113,0.05877441406250001,8.203125,0.391259765625,0.6264160156249999,76.40799999999999,21.28476018187661,14.0,0.8944271909999159
5114,0.04476074218750001,35.171875,0.391259765625,0.6264160156249999,91.93199999999999,6.5974764872639,14.2,1.16619037896906
5115,0.04476074218750001,8.203125,0.8226074218749999,0.6264160156249999,54.146,39.626673642888576,13.6,8.380930735902785
5116,0.04476074218750001,8.203125,0.391259765625,0.6035839843749999,76.41,20.601320346036076,13.8,0.9797958971132713
5117,0.05877441406250001,35.171875,0.8226074218749999,0.6035839843749999,93.666,5.751207177628016,13.6,0.8
5118,0.0797607421875,24.203125,0.741259765625,0.696416015625,94.04400000000001,5.910575606487072,14.6,1.3564659966250536
5119,0.023774414062500002,24.203125,0.741259765625,0.696416015625,71.03599999999999,35.87634462985325,12.8,6.997142273814361
5120,0.0797607421875,19.171875,0.741259765625,0.696416015625,93.932,6.091572539172457,14.6,1.3564659966250536
5121,0.0797607421875,24.203125,0.472607421875,0.696416015625,94.04400000000001,5.910575606487072,14.6,1.3564659966250536
5122,0.0797607421875,24.203125,0.741259765625,0.673583984375,95.16600000000001,6.414588373387647,14.4,1.2
5123,0.023774414062500002,19.171875,0.472607421875,0.673583984375,79.876,27.340053108946222,16.4,1.854723699099141
5124,0.06226074218750001,16.203125,0.5662597656249999,0.591416015625,94.03599999999999,6.773077882322038,12.2,2.7856776554368237
5125,0.04127441406250001,16.203125,0.5662597656249999,0.591416015625,90.478,9.150738549428675,13.4,1.0198039027185568
5126,0.06226074218750001,11.171875,0.5662597656249999,0.591416015625,68.128,27.37331941873327,12.2,2.7856776554368237
5127,0.06226074218750001,16.203125,0.997607421875,0.591416015625,94.03599999999999,6.773077882322038,12.2,2.7856776554368237
5128,0.06226074218750001,16.203125,0.5662597656249999,0.7085839843749999,70.202,27.487306452251737,15.4,1.2
5129,0.04127441406250001,11.171875,0.997607421875,0.7085839843749999,28.95,37.06013275745244,5.8,8.423775875461075
5130,0.0272607421875,32.203125,0.916259765625,0.661416015625,88.598,11.836148697950696,15.8,1.6
5131,0.0762744140625,32.203125,0.916259765625,0.661416015625,95.522,4.879108115219419,14.4,1.2
5132,0.0272607421875,27.171875,0.916259765625,0.661416015625,88.598,11.836148697950696,15.8,1.6
5133,0.0272607421875,32.203125,0.647607421875,0.661416015625,88.598,11.836148697950696,15.8,1.6
5134,0.0272607421875,32.203125,0.916259765625,0.638583984375,92.024,6.7538599334010465,15.0,1.4142135623730951
5135,0.0762744140625,27.171875,0.647607421875,0.638583984375,95.322,5.87773561841633,14.0,0.8944271909999159
5136,0.022885742187500002,6.203125,0.610009765625,0.687666015625,51.617999999999995,40.45379655854318,11.2,10.361467077590895
5137,0.028149414062500003,6.203125,0.610009765625,0.687666015625,57.35,36.23819311168812,14.8,8.518215775618742
5138,0.022885742187500002,21.171875,0.610009765625,0.687666015625,73.672,32.52760636751496,12.8,6.997142273814361
5139,0.022885742187500002,6.203125,0.778857421875,0.687666015625,26.486,37.95984594278538,6.2,8.908422980528035
5140,0.022885742187500002,6.203125,0.610009765625,0.612333984375,63.36,32.73582563492175,13.8,8.231646250902672
5141,0.028149414062500003,21.171875,0.778857421875,0.612333984375,92.382,6.237904776445374,14.4,1.0198039027185568
5142,0.057885742187500006,22.203125,0.960009765625,0.617666015625,97.644,3.756043663217987,14.0,0.8944271909999159
5143,0.0631494140625,22.203125,0.960009765625,0.617666015625,97.16,4.386036935548993,14.0,0.8944271909999159
5144,0.057885742187500006,5.171875,0.960009765625,0.617666015625,37.56,36.90295164346614,8.2,7.547184905645283
5145,0.057885742187500006,22.203125,0.428857421875,0.617666015625,97.644,3.756043663217987,14.0,0.8944271909999159
5146,0.057885742187500006,22.203125,0.960009765625,0.6823339843749999,92.018,6.611379281209028,14.8,1.1661903789690602
5147,0.0631494140625,5.171875,0.428857421875,0.6823339843749999,74.05,23.442169694804274,14.8,1.1661903789690602
5148,0.07538574218750001,14.203125,0.435009765625,0.6526660156249999,74.57000000000001,23.400536745980848,14.4,1.2
5149,0.045649414062500004,14.203125,0.435009765625,0.6526660156249999,73.416,23.648707025966555,14.8,1.1661903789690602
5150,0.07538574218750001,13.171875,0.435009765625,0.6526660156249999,74.072,22.79465849711287,14.4,1.2
5151,0.07538574218750001,14.203125,0.953857421875,0.6526660156249999,56.903999999999996,38.02871630754843,11.2,6.20966987850401
5152,0.07538574218750001,14.203125,0.435009765625,0.717333984375,73.75399999999999,23.63197968854916,15.2,1.469693845669907
5153,0.045649414062500004,13.171875,0.953857421875,0.717333984375,31.73,36.5713220980593,9.8,8.975522268926749
5154,0.040385742187500004,30.203125,0.7850097656249999,0.582666015625,91.95400000000001,6.718084846144771,13.2,1.32664991614216
5155,0.010649414062500001,30.203125,0.7850097656249999,0.582666015625,92.072,6.5031850657966075,13.6,1.624807680927192
5156,0.040385742187500004,29.171875,0.7850097656249999,0.582666015625,91.95400000000001,6.718084846144771,13.2,1.32664991614216
5157,0.040385742187500004,30.203125,0.6038574218749999,0.582666015625,91.95400000000001,6.718084846144771,13.2,1.32664991614216
5158,0.040385742187500004,30.203125,0.7850097656249999,0.647333984375,93.196,6.919209781470714,14.8,1.1661903789690602
5159,0.010649414062500001,29.171875,0.6038574218749999,0.647333984375,70.388,37.9282767338565,12.8,6.968500556073739
5160,0.0316357421875,18.203125,0.872509765625,0.6001660156249999,93.69,6.3292211211175085,13.6,1.2
5161,0.019399414062500002,18.203125,0.872509765625,0.6001660156249999,90.10400000000001,9.29712342609261,14.0,1.4142135623730951
5162,0.0316357421875,25.171875,0.872509765625,0.6001660156249999,93.79400000000001,6.174818539843902,13.6,1.2
5163,0.0316357421875,18.203125,0.8663574218749999,0.6001660156249999,93.69,6.3292211211175085,13.6,1.2
5164,0.0316357421875,18.203125,0.872509765625,0.699833984375,68.75399999999999,31.632427412388065,12.6,6.945502141674135
5165,0.019399414062500002,25.171875,0.8663574218749999,0.699833984375,62.581999999999994,41.99092492432145,13.4,7.337574531137657
5166,0.0666357421875,34.203125,0.522509765625,0.670166015625,96.75399999999999,4.229655305104659,14.4,1.2
5167,0.054399414062500005,34.203125,0.522509765625,0.670166015625,90.41,7.831020367742636,14.8,1.1661903789690602
5168,0.0666357421875,9.171875,0.522509765625,0.670166015625,72.24,25.21775327026577,14.8,1.1661903789690602
5169,0.0666357421875,34.203125,0.516357421875,0.670166015625,96.75399999999999,4.229655305104659,14.4,1.2
5170,0.0666357421875,34.203125,0.522509765625,0.6298339843749999,94.98599999999999,6.513830209638564,14.0,0.8944271909999159
5171,0.054399414062500005,9.171875,0.516357421875,0.6298339843749999,70.282,26.633134550780913,14.4,1.0198039027185568
5172,0.049135742187500005,10.203125,0.697509765625,0.635166015625,42.459999999999994,35.124187108031414,8.4,7.735631842325487
5173,0.0718994140625,10.203125,0.697509765625,0.635166015625,64.124,33.403476226285186,12.4,7.08801805866774
5174,0.049135742187500005,17.171875,0.697509765625,0.635166015625,91.24600000000001,9.109405249520957,14.2,1.16619037896906
5175,0.049135742187500005,10.203125,0.691357421875,0.635166015625,42.55800000000001,35.023631108153246,8.4,7.735631842325487
5176,0.049135742187500005,10.203125,0.697509765625,0.594833984375,41.988,35.1977308359502,8.0,7.37563556583431
5177,0.0718994140625,17.171875,0.691357421875,0.594833984375,94.55999999999999,6.269089248048713,12.0,3.1622776601683795
5178,0.014135742187500001,26.203125,0.34750976562499997,0.7051660156249999,49.738,44.724429297644484,10.0,9.033271832508971
5179,0.036899414062500004,26.203125,0.34750976562499997,0.7051660156249999,84.372,18.975131514695754,16.0,1.4142135623730951
5180,0.014135742187500001,33.171875,0.34750976562499997,0.7051660156249999,49.738,44.724429297644484,10.0,9.033271832508971
5181,0.014135742187500001,26.203125,0.34135742187499996,0.7051660156249999,49.738,44.724429297644484,10.0,9.033271832508971
5182,0.014135742187500001,26.203125,0.34750976562499997,0.664833984375,67.934,38.17322077058733,13.0,7.0710678118654755
5183,0.036899414062500004,33.171875,0.34135742187499996,0.664833984375,93.142,6.10067668377861,15.2,1.16619037896906
5184,0.0130419921875,19.703125,0.5115722656249999,0.659228515625,65.232,39.18109717708273,12.8,6.968500556073739
5185,0.06205566406250001,19.703125,0.5115722656249999,0.659228515625,96.074,4.853899875357956,14.4,1.2
5186,0.0130419921875,29.671875,0.5115722656249999,0.659228515625,68.284,37.725630862849734,12.8,6.968500556073739
5187,0.0130419921875,19.703125,0.724169921875,0.659228515625,64.042,39.987432225638095,12.8,6.968500556073739
5188,0.0130419921875,19.703125,0.5115722656249999,0.6845214843749999,52.736000000000004,43.434692861812664,9.8,8.840814442120138
5189,0.06205566406250001,29.671875,0.724169921875,0.6845214843749999,90.888,7.543650044905318,14.8,1.1661903789690602
5190,0.04804199218750001,35.703125,0.861572265625,0.589228515625,92.062,6.836778188591465,13.2,1.32664991614216
5191,0.027055664062500005,35.703125,0.861572265625,0.589228515625,92.98599999999999,6.199914838124797,13.2,1.32664991614216
5192,0.04804199218750001,13.671875,0.861572265625,0.589228515625,50.742000000000004,34.62092858373386,10.4,5.851495535331117
5193,0.04804199218750001,35.703125,0.374169921875,0.589228515625,92.062,6.836778188591465,13.2,1.32664991614216
5194,0.04804199218750001,35.703125,0.861572265625,0.614521484375,98.08,2.7043594435651483,14.0,0.8944271909999159
5195,0.027055664062500005,13.671875,0.374169921875,0.614521484375,75.462,21.662953076623694,14.4,1.0198039027185568
5196,0.06554199218750001,11.703125,0.336572265625,0.694228515625,77.128,18.956416750008426,15.0,1.4142135623730951
5197,0.04455566406250001,11.703125,0.336572265625,0.694228515625,77.19800000000001,19.243593635285485,15.8,1.6
5198,0.06554199218750001,5.671875,0.336572265625,0.694228515625,78.072,18.97937238161473,14.8,1.1661903789690602
5199,0.06554199218750001,11.703125,0.899169921875,0.694228515625,52.388,40.53119608400423,13.4,7.552483035399683
5200,0.06554199218750001,11.703125,0.336572265625,0.649521484375,78.442,17.80992240297526,14.4,1.2
5201,0.04455566406250001,5.671875,0.899169921875,0.649521484375,37.208,36.83012430063195,9.0,8.221921916437786
5202,0.030541992187500006,27.703125,0.686572265625,0.6242285156249999,93.674,5.864883971571815,14.4,1.0198039027185568
5203,0.0795556640625,27.703125,0.686572265625,0.6242285156249999,96.31,5.818673388324867,14.0,0.8944271909999159
5204,0.030541992187500006,21.671875,0.686572265625,0.6242285156249999,93.674,5.864883971571815,14.4,1.0198039027185568
5205,0.030541992187500006,27.703125,0.5491699218749999,0.6242285156249999,93.674,5.864883971571815,14.4,1.0198039027185568
5206,0.030541992187500006,27.703125,0.686572265625,0.719521484375,70.524,32.99698507439733,13.0,7.155417527999327
5207,0.0795556640625,21.671875,0.5491699218749999,0.719521484375,93.41999999999999,6.512108721451139,14.8,1.1661903789690602
5208,0.039291992187500006,7.703125,0.9490722656249999,0.641728515625,35.660000000000004,36.626285096908205,9.0,8.221921916437786
5209,0.07080566406250001,7.703125,0.9490722656249999,0.641728515625,56.644000000000005,38.541838876732385,12.6,7.172168430816443
5210,0.039291992187500006,33.671875,0.9490722656249999,0.641728515625,93.888,6.552759418748716,14.8,1.1661903789690602
5211,0.039291992187500006,7.703125,0.9866699218749999,0.641728515625,34.794,36.55870544754012,9.0,8.221921916437786
5212,0.039291992187500006,7.703125,0.9490722656249999,0.6320214843749999,36.8,36.76506167545487,8.6,7.914543574963752
5213,0.07080566406250001,33.671875,0.9866699218749999,0.6320214843749999,94.922,6.490363318027735,14.0,0.8944271909999159
5214,0.0742919921875,23.703125,0.599072265625,0.711728515625,93.192,6.474186898754159,14.8,1.1661903789690602
5215,0.035805664062500006,23.703125,0.599072265625,0.711728515625,83.83000000000001,20.733125186522173,16.6,1.854723699099141
5216,0.0742919921875,17.671875,0.599072265625,0.711728515625,85.476,15.879960453351263,14.8,1.1661903789690602
5217,0.0742919921875,23.703125,0.636669921875,0.711728515625,93.192,6.474186898754159,14.8,1.1661903789690602
5218,0.0742919921875,23.703125,0.599072265625,0.702021484375,92.954,6.213506578414477,14.8,1.1661903789690602
5219,0.035805664062500006,17.671875,0.636669921875,0.702021484375,62.424,31.09296936608017,16.4,1.854723699099141
5220,0.05679199218750001,15.703125,0.774072265625,0.606728515625,79.452,23.325203021624485,13.6,0.8
5221,0.0183056640625,15.703125,0.774072265625,0.606728515625,76.292,25.25207270700764,14.6,1.624807680927192
5222,0.05679199218750001,9.671875,0.774072265625,0.606728515625,59.948,36.98130305978955,13.0,7.797435475847171
5223,0.05679199218750001,15.703125,0.8116699218749999,0.606728515625,78.61800000000001,24.373352990509943,13.6,0.8
5224,0.05679199218750001,15.703125,0.774072265625,0.667021484375,58.886,37.77077579293282,11.8,6.554387843269576
5225,0.0183056640625,9.671875,0.8116699218749999,0.667021484375,29.939999999999998,38.50161555051944,6.0,8.62554346113913
5226,0.0217919921875,31.703125,0.424072265625,0.676728515625,76.352,29.16737039912923,16.4,1.854723699099141
5227,0.05330566406250001,31.703125,0.424072265625,0.676728515625,92.27199999999999,6.341871648023162,15.0,1.4142135623730951
5228,0.0217919921875,25.671875,0.424072265625,0.676728515625,76.352,29.16737039912923,16.4,1.854723699099141
5229,0.0217919921875,31.703125,0.461669921875,0.676728515625,76.352,29.16737039912923,16.4,1.854723699099141
5230,0.0217919921875,31.703125,0.424072265625,0.5970214843749999,91.886,6.91860563986704,14.0,1.4142135623730951
5231,0.05330566406250001,25.671875,0.461669921875,0.5970214843749999,91.75399999999999,6.943277612194404,13.4,1.0198039027185568
5232,0.0261669921875,9.703125,0.817822265625,0.7029785156249999,27.894,38.31152390599987,6.2,8.908422980528035
5233,0.0226806640625,9.703125,0.817822265625,0.7029785156249999,24.52,38.74172943997209,6.2,8.908422980528035
5234,0.0261669921875,23.671875,0.817822265625,0.7029785156249999,72.62199999999999,34.00195135576781,12.8,6.997142273814361
5235,0.0261669921875,9.703125,0.942919921875,0.7029785156249999,26.874000000000002,38.32304664297973,6.2,8.908422980528035
5236,0.0261669921875,9.703125,0.817822265625,0.623271484375,37.43,36.991993728373174,9.0,8.221921916437786
5237,0.0226806640625,23.671875,0.942919921875,0.623271484375,92.676,6.723548467885094,14.8,1.469693845669907
5238,0.061166992187500005,25.703125,0.46782226562499996,0.632978515625,93.884,5.480221163420322,14.0,0.8944271909999159
5239,0.057680664062500005,25.703125,0.46782226562499996,0.632978515625,93.292,6.442258610145979,14.0,0.8944271909999159
5240,0.061166992187500005,7.671875,0.46782226562499996,0.632978515625,73.188,25.360598888827525,14.0,0.8944271909999159
5241,0.061166992187500005,25.703125,0.592919921875,0.632978515625,93.884,5.480221163420322,14.0,0.8944271909999159
5242,0.061166992187500005,25.703125,0.46782226562499996,0.693271484375,93.774,5.471649111556769,15.0,1.4142135623730951
5243,0.057680664062500005,7.671875,0.592919921875,0.693271484375,67.446,30.331034667482083,12.0,6.603029607687671
5244,0.0786669921875,17.703125,0.9928222656249999,0.667978515625,95.364,5.159168925321209,14.4,1.2
5245,0.0751806640625,17.703125,0.9928222656249999,0.667978515625,94.494,7.160638519014907,14.4,1.2
5246,0.0786669921875,15.671875,0.9928222656249999,0.667978515625,54.976,38.1949800890117,11.2,6.20966987850401
5247,0.0786669921875,17.703125,0.7679199218749999,0.667978515625,95.364,5.159168925321209,14.4,1.2
5248,0.0786669921875,17.703125,0.9928222656249999,0.6582714843749999,95.32000000000001,5.51261825269989,14.2,0.9797958971132712
5249,0.0751806640625,15.671875,0.7679199218749999,0.6582714843749999,62.370000000000005,32.722020719998326,11.2,6.20966987850401
5250,0.0436669921875,33.703125,0.642822265625,0.5979785156249999,93.938,5.284643412757384,13.4,1.0198039027185568
5251,0.0401806640625,33.703125,0.642822265625,0.5979785156249999,94.352,5.04384932368127,13.4,1.0198039027185568
5252,0.0436669921875,31.671875,0.642822265625,0.5979785156249999,93.938,5.284643412757384,13.4,1.0198039027185568
5253,0.0436669921875,33.703125,0.417919921875,0.5979785156249999,93.938,5.284643412757384,13.4,1.0198039027185568
5254,0.0436669921875,33.703125,0.642822265625,0.588271484375,90.992,7.370607573327996,13.2,1.32664991614216
5255,0.0401806640625,31.671875,0.417919921875,0.588271484375,91.44200000000001,7.00851025539665,13.2,1.32664991614216
5256,0.0349169921875,13.703125,0.380322265625,0.580478515625,82.184,16.494573168166554,13.0,1.6733200530681511
5257,0.0314306640625,13.703125,0.380322265625,0.580478515625,82.638,15.997962870315709,13.0,1.6733200530681511
5258,0.0349169921875,27.671875,0.380322265625,0.580478515625,90.596,7.68034530473728,13.0,1.6733200530681511
5259,0.0349169921875,13.703125,0.680419921875,0.580478515625,75.626,24.199832726694623,15.2,4.707440918375928
5260,0.0349169921875,13.703125,0.380322265625,0.675771484375,74.45,22.274630412197638,15.8,1.6
5261,0.0314306640625,27.671875,0.680419921875,0.675771484375,88.73800000000001,12.218560307990463,15.8,1.6
5262,0.0699169921875,29.703125,0.7303222656249999,0.6504785156249999,95.414,5.113032759527363,14.0,0.8944271909999159
5263,0.0664306640625,29.703125,0.7303222656249999,0.6504785156249999,94.148,5.668182777575189,14.2,1.16619037896906
5264,0.0699169921875,11.671875,0.7303222656249999,0.6504785156249999,60.714,33.55551555258837,12.6,7.172168430816443
5265,0.0699169921875,29.703125,0.33041992187499997,0.6504785156249999,95.414,5.113032759527363,14.0,0.8944271909999159
5266,0.0699169921875,29.703125,0.7303222656249999,0.605771484375,96.582,3.8247844383703504,12.6,2.4166091947189146
5267,0.0664306640625,11.671875,0.33041992187499997,0.605771484375,79.854,17.105540155166103,13.6,0.8
5268,0.052416992187500004,5.703125,0.555322265625,0.615478515625,72.196,26.332713191010154,14.0,0.8944271909999159
5269,0.048930664062500004,5.703125,0.555322265625,0.615478515625,72.488,26.285486033170475,14.0,0.8944271909999159
5270,0.052416992187500004,19.671875,0.555322265625,0.615478515625,97.784,3.211638833991143,14.0,0.8944271909999159
5271,0.052416992187500004,5.703125,0.855419921875,0.615478515625,59.876,37.473551526376575,13.4,8.333066662399863
5272,0.052416992187500004,5.703125,0.555322265625,0.640771484375,70.05199999999999,27.213618943462848,14.6,1.0198039027185568
5273,0.048930664062500004,19.671875,0.855419921875,0.640771484375,95.35,4.3024923009809095,14.2,1.16619037896906
5274,0.0174169921875,21.703125,0.905322265625,0.685478515625,64.572,39.41032879842542,13.2,7.222188034107115
5275,0.0139306640625,21.703125,0.905322265625,0.685478515625,60.605999999999995,44.321101791358934,9.6,8.685620300243386
5276,0.0174169921875,35.671875,0.905322265625,0.685478515625,64.52799999999999,39.38814968997655,13.2,7.222188034107115
5277,0.0174169921875,21.703125,0.505419921875,0.685478515625,64.572,39.41032879842542,13.2,7.222188034107115
5278,0.0174169921875,21.703125,0.905322265625,0.7107714843749999,52.188,44.89164127095377,9.8,8.885943956609225
5279,0.0139306640625,35.671875,0.505419921875,0.7107714843749999,47.646,44.96849190266447,10.0,9.033271832508971
5280,0.0152294921875,4.703125,0.445947265625,0.611103515625,72.292,24.520192005773527,15.0,1.7888543819998317
5281,0.07736816406250001,4.703125,0.445947265625,0.611103515625,75.854,22.122740879014064,13.8,0.7483314773547882
5282,0.0152294921875,10.671875,0.445947265625,0.611103515625,73.1,23.986823049332735,15.2,1.7204650534085253
5283,0.0152294921875,4.703125,0.352294921875,0.611103515625,76.40799999999999,20.716515537126412,14.8,1.469693845669907
5284,0.0152294921875,4.703125,0.445947265625,0.636396484375,66.11600000000001,29.213360368160316,16.0,1.7888543819998317
5285,0.07736816406250001,10.671875,0.352294921875,0.636396484375,79.398,19.643789247494997,14.0,0.8944271909999159
5286,0.05022949218750001,20.703125,0.795947265625,0.6811035156249999,95.02000000000001,4.269796248066178,15.0,1.4142135623730951
5287,0.042368164062500005,20.703125,0.795947265625,0.6811035156249999,92.788,6.987375472951199,15.4,1.2
5288,0.05022949218750001,26.671875,0.795947265625,0.6811035156249999,95.02000000000001,4.269796248066178,15.0,1.4142135623730951
5289,0.05022949218750001,20.703125,0.702294921875,0.6811035156249999,95.02000000000001,4.269796248066178,15.0,1.4142135623730951
5290,0.05022949218750001,20.703125,0.795947265625,0.7063964843749999,91.616,6.857768150061651,15.6,1.3564659966250536
5291,0.042368164062500005,26.671875,0.702294921875,0.7063964843749999,90.36600000000001,9.918015124005409,15.8,1.6
5292,0.0677294921875,12.703125,0.6209472656249999,0.646103515625,62.386,35.44703519336984,12.6,7.172168430816443
5293,0.024868164062500003,12.703125,0.6209472656249999,0.646103515625,60.348,35.75052413601792,14.4,8.357032966310472
5294,0.0677294921875,34.671875,0.6209472656249999,0.646103515625,94.80600000000001,5.656195187579721,14.0,0.8944271909999159
5295,0.0677294921875,12.703125,0.5272949218749999,0.646103515625,67.232,30.604452878625356,14.6,1.0198039027185568
5296,0.0677294921875,12.703125,0.6209472656249999,0.671396484375,62.681999999999995,34.78829366324252,12.8,7.249827584156743
5297,0.024868164062500003,34.671875,0.5272949218749999,0.671396484375,84.00999999999999,20.741087724610782,16.2,1.7204650534085253
5298,0.0327294921875,28.703125,0.970947265625,0.716103515625,77.71799999999999,28.179513409567598,16.6,1.854723699099141
5299,0.05986816406250001,28.703125,0.970947265625,0.716103515625,90.232,7.991113564453957,15.6,1.3564659966250536
5300,0.0327294921875,18.671875,0.970947265625,0.716103515625,57.629999999999995,36.712737299199034,12.8,7.110555533852471
5301,0.0327294921875,28.703125,0.8772949218749999,0.716103515625,77.71799999999999,28.179513409567598,16.6,1.854723699099141
5302,0.0327294921875,28.703125,0.970947265625,0.6013964843749999,93.834,6.315633301577919,13.8,0.9797958971132713
5303,0.05986816406250001,18.671875,0.8772949218749999,0.6013964843749999,93.708,5.233443990337528,13.6,0.8
5304,0.04147949218750001,16.703125,0.708447265625,0.698603515625,60.36199999999999,37.394636192908735,12.4,6.887670143089026
5305,0.051118164062500006,16.703125,0.708447265625,0.698603515625,62.1,34.14866146717906,12.2,6.734983296193095
5306,0.04147949218750001,6.671875,0.708447265625,0.698603515625,37.38,36.21410940503715,9.4,8.593020423576334
5307,0.04147949218750001,16.703125,0.614794921875,0.698603515625,64.21,33.80642542476208,12.4,6.887670143089026
5308,0.04147949218750001,16.703125,0.708447265625,0.6538964843749999,77.702,21.834461202420364,15.0,1.4142135623730951
5309,0.051118164062500006,6.671875,0.614794921875,0.6538964843749999,64.338,32.15696279190558,13.6,8.16333265278342
5310,0.0764794921875,32.703125,0.35844726562499996,0.6286035156249999,96.034,4.866849494282722,14.0,0.8944271909999159
5311,0.016118164062500002,32.703125,0.35844726562499996,0.6286035156249999,85.098,16.259688065888596,15.6,1.3564659966250536
5312,0.0764794921875,22.671875,0.35844726562499996,0.6286035156249999,96.034,4.866849494282722,14.0,0.8944271909999159
5313,0.0764794921875,32.703125,0.964794921875,0.6286035156249999,96.034,4.866849494282722,14.0,0.8944271909999159
5314,0.0764794921875,32.703125,0.35844726562499996,0.583896484375,96.05999999999999,5.052935780316232,10.4,3.4985711369071804
5315,0.016118164062500002,22.671875,0.964794921875,0.583896484375,93.974,5.102335151673201,13.4,1.624807680927192
5316,0.05897949218750001,8.703125,0.8834472656249999,0.663603515625,53.88599999999999,39.787482252587935,14.0,8.221921916437786
5317,0.033618164062500004,8.703125,0.8834472656249999,0.663603515625,32.746,36.531390118636324,9.4,8.593020423576334
5318,0.05897949218750001,30.671875,0.8834472656249999,0.663603515625,97.058,3.730782223609415,14.4,1.2
5319,0.05897949218750001,8.703125,0.43979492187499997,0.663603515625,74.76,21.74242212818066,14.8,1.1661903789690602
5320,0.05897949218750001,8.703125,0.8834472656249999,0.618896484375,54.105999999999995,39.69686516590447,13.2,7.858753081755401
5321,0.033618164062500004,30.671875,0.43979492187499997,0.618896484375,92.876,6.025033111942207,14.4,1.0198039027185568
5322,0.0239794921875,24.703125,0.533447265625,0.5936035156249999,94.122,5.271881637518051,13.6,1.3564659966250536
5323,0.0686181640625,24.703125,0.533447265625,0.5936035156249999,94.34,6.435103728767705,12.2,2.7856776554368237
5324,0.0239794921875,14.671875,0.533447265625,0.5936035156249999,82.968,17.110905762115575,13.8,1.469693845669907
5325,0.0239794921875,24.703125,0.789794921875,0.5936035156249999,94.122,5.271881637518051,13.6,1.3564659966250536
5326,0.0239794921875,24.703125,0.533447265625,0.688896484375,75.164,30.86473754950785,12.8,6.997142273814361
5327,0.0686181640625,14.671875,0.789794921875,0.688896484375,59.620000000000005,37.52455409461916,11.8,6.554387843269576
5328,0.019604492187500003,14.703125,0.8396972656249999,0.619853515625,58.068000000000005,38.00759787200449,14.6,9.09065454189081
5329,0.0379931640625,14.703125,0.8396972656249999,0.619853515625,58.238,37.94844734636715,11.2,6.20966987850401
5330,0.019604492187500003,16.671875,0.8396972656249999,0.619853515625,77.34,24.35168084547759,15.0,1.7888543819998317
5331,0.019604492187500003,14.703125,0.571044921875,0.619853515625,67.33599999999998,30.296645754934655,11.8,6.554387843269576
5332,0.019604492187500003,14.703125,0.8396972656249999,0.662646484375,52.338,41.880709831615796,11.6,11.01998185116473
5333,0.0379931640625,16.671875,0.571044921875,0.662646484375,73.33800000000001,22.239307902900215,15.2,1.16619037896906
5334,0.054604492187500006,30.703125,0.489697265625,0.689853515625,95.274,4.3311919837384245,15.0,1.4142135623730951
5335,0.0729931640625,30.703125,0.489697265625,0.689853515625,93.24600000000001,6.025033111942208,14.8,1.1661903789690602
5336,0.054604492187500006,32.671875,0.489697265625,0.689853515625,95.274,4.3311919837384245,15.0,1.4142135623730951
5337,0.054604492187500006,30.703125,0.9210449218749999,0.689853515625,95.274,4.3311919837384245,15.0,1.4142135623730951
5338,0.054604492187500006,30.703125,0.489697265625,0.592646484375,94.53,5.950095797548135,13.4,1.0198039027185568
5339,0.0729931640625,32.671875,0.9210449218749999,0.592646484375,94.558,5.5357507169308136,12.0,3.1622776601683795
5340,0.07210449218750001,6.703125,0.664697265625,0.584853515625,62.128,34.68825703318055,10.6,7.552483035399683
5341,0.05549316406250001,6.703125,0.664697265625,0.584853515625,61.660000000000004,35.02122613501704,13.2,8.304215796810679
5342,0.07210449218750001,24.671875,0.664697265625,0.584853515625,96.584,4.521197186586756,10.6,3.3823069050575527
5343,0.07210449218750001,6.703125,0.39604492187499996,0.584853515625,76.03200000000001,22.184312835875716,11.4,3.3823069050575527
5344,0.07210449218750001,6.703125,0.664697265625,0.6276464843749999,61.64,34.75910067881503,12.4,7.08801805866774
5345,0.05549316406250001,24.671875,0.39604492187499996,0.6276464843749999,93.66,6.092897504471907,14.0,0.8944271909999159
5346,0.037104492187500004,22.703125,0.314697265625,0.6548535156249999,92.62199999999999,6.187010263447123,15.0,1.4142135623730951
5347,0.0204931640625,22.703125,0.314697265625,0.6548535156249999,82.522,20.618361137588018,16.2,1.7204650534085253
5348,0.037104492187500004,8.671875,0.314697265625,0.6548535156249999,78.12800000000001,18.847678265505273,15.2,1.16619037896906
5349,0.037104492187500004,22.703125,0.7460449218749999,0.6548535156249999,92.62199999999999,6.187010263447123,15.0,1.4142135623730951
5350,0.037104492187500004,22.703125,0.314697265625,0.697646484375,87.77000000000001,14.030521016697847,15.8,1.6
5351,0.0204931640625,8.671875,0.7460449218749999,0.697646484375,44.674,45.46954831532858,7.2,10.43839068055991
5352,0.028354492187500004,10.703125,0.577197265625,0.672353515625,62.772000000000006,31.803901270127227,18.2,3.3105890714493698
5353,0.0117431640625,10.703125,0.577197265625,0.672353515625,47.504000000000005,43.52548200766994,11.4,10.44222198576529
5354,0.028354492187500004,12.671875,0.577197265625,0.672353515625,58.882000000000005,35.24650246478365,14.8,8.518215775618742
5355,0.028354492187500004,10.703125,0.308544921875,0.672353515625,72.98400000000001,23.25995838345374,16.0,1.4142135623730951
5356,0.028354492187500004,10.703125,0.577197265625,0.645146484375,67.678,29.05882475256011,17.6,3.4409301068170506
5357,0.0117431640625,12.671875,0.308544921875,0.645146484375,60.736000000000004,36.917365886530966,12.8,6.968500556073739
5358,0.0633544921875,26.703125,0.927197265625,0.602353515625,94.94800000000001,4.297075284423116,13.6,0.8
5359,0.04674316406250001,26.703125,0.927197265625,0.602353515625,94.852,4.478385423341766,13.6,0.8
5360,0.0633544921875,28.671875,0.927197265625,0.602353515625,94.94800000000001,4.297075284423116,13.6,0.8
5361,0.0633544921875,26.703125,0.6585449218749999,0.602353515625,94.94800000000001,4.297075284423116,13.6,0.8
5362,0.0633544921875,26.703125,0.927197265625,0.715146484375,94.656,4.40723314563684,15.4,1.2
5363,0.04674316406250001,28.671875,0.6585449218749999,0.715146484375,91.90599999999999,8.28423466591815,15.8,1.6
5364,0.045854492187500005,18.703125,0.40219726562499997,0.7073535156249999,87.044,12.92151786749529,15.8,1.6
5365,0.06424316406250001,18.703125,0.40219726562499997,0.7073535156249999,93.492,7.996002501250236,15.2,1.469693845669907
5366,0.045854492187500005,20.671875,0.40219726562499997,0.7073535156249999,93.286,5.699223104950359,15.8,1.6
5367,0.045854492187500005,18.703125,0.483544921875,0.7073535156249999,85.622,14.66070994188208,15.8,1.6
5368,0.045854492187500005,18.703125,0.40219726562499997,0.680146484375,91.842,10.36548194730954,15.2,1.16619037896906
5369,0.06424316406250001,20.671875,0.483544921875,0.680146484375,92.938,6.207512867485658,14.8,1.1661903789690602
5370,0.0108544921875,34.703125,0.752197265625,0.637353515625,76.2,34.75410018976178,12.4,6.740919818541087
5371,0.0292431640625,34.703125,0.752197265625,0.637353515625,92.736,6.644280547960026,15.0,1.4142135623730951
5372,0.0108544921875,4.671875,0.752197265625,0.637353515625,50.593999999999994,43.06217254157063,11.0,10.21763181955584
5373,0.0108544921875,34.703125,0.833544921875,0.637353515625,76.2,34.75410018976178,12.4,6.740919818541087
5374,0.0108544921875,34.703125,0.752197265625,0.610146484375,85.26599999999999,17.789965261348883,15.4,1.4966629547095764
5375,0.0292431640625,4.671875,0.833544921875,0.610146484375,36.43,36.72012527211747,8.4,7.735631842325487
5376,0.0105810546875,5.328125,0.563525390625,0.717744140625,40.122,48.89068966582492,6.8,9.558242516278815
5377,0.0699853515625,5.328125,0.563525390625,0.717744140625,70.366,27.280675651457024,15.4,1.2
5378,0.0105810546875,35.796875,0.563525390625,0.717744140625,40.406,48.663942955744965,6.6,9.329523031752482
5379,0.0105810546875,5.328125,0.387841796875,0.717744140625,40.222,48.8102154881537,6.8,9.558242516278815
5380,0.0105810546875,5.328125,0.563525390625,0.594287109375,69.416,28.109435141959008,14.6,1.4966629547095764
5381,0.0699853515625,35.796875,0.387841796875,0.594287109375,94.344,6.457543186073169,12.2,2.7856776554368237
5382,0.045581054687500004,21.328125,0.913525390625,0.647744140625,96.12,4.425168923329367,14.6,1.0198039027185568
5383,0.0349853515625,21.328125,0.913525390625,0.647744140625,92.428,6.446423504548862,15.0,1.4142135623730951
5384,0.045581054687500004,19.796875,0.913525390625,0.647744140625,96.12,4.425168923329367,14.6,1.0198039027185568
5385,0.045581054687500004,21.328125,0.737841796875,0.647744140625,96.12,4.425168923329367,14.6,1.0198039027185568
5386,0.045581054687500004,21.328125,0.913525390625,0.664287109375,91.92,6.643745931325189,15.0,1.4142135623730951
5387,0.0349853515625,19.796875,0.737841796875,0.664287109375,90.452,9.766330733699323,15.2,1.16619037896906
5388,0.0630810546875,13.328125,0.38852539062499997,0.682744140625,74.272,22.480444301659166,14.8,1.1661903789690602
5389,0.0174853515625,13.328125,0.38852539062499997,0.682744140625,55.029999999999994,39.31620022331761,13.4,7.337574531137657
5390,0.0630810546875,11.796875,0.38852539062499997,0.682744140625,74.626,21.40615668446814,14.8,1.1661903789690602
5391,0.0630810546875,13.328125,0.5628417968749999,0.682744140625,66.50399999999999,29.536491734801544,15.0,1.2649110640673518
5392,0.0630810546875,13.328125,0.38852539062499997,0.6992871093749999,75.756,20.86489741168166,15.4,1.2
5393,0.0174853515625,11.796875,0.5628417968749999,0.6992871093749999,48.056,43.6015236431022,10.0,9.033271832508971
5394,0.028081054687500002,29.328125,0.738525390625,0.6127441406249999,92.08999999999999,6.548489902259909,14.4,1.0198039027185568
5395,0.052485351562500004,29.328125,0.738525390625,0.6127441406249999,97.20599999999999,3.5508286356849177,14.0,0.8944271909999159
5396,0.028081054687500002,27.796875,0.738525390625,0.6127441406249999,92.08999999999999,6.548489902259909,14.4,1.0198039027185568
5397,0.028081054687500002,29.328125,0.912841796875,0.6127441406249999,92.08999999999999,6.548489902259909,14.4,1.0198039027185568
5398,0.028081054687500002,29.328125,0.738525390625,0.629287109375,93.978,5.96493889323269,14.8,1.469693845669907
5399,0.052485351562500004,27.796875,0.912841796875,0.629287109375,91.81,6.812764490278523,14.2,1.16619037896906
5400,0.0368310546875,17.328125,0.8260253906249999,0.595244140625,94.82,4.327923289523509,13.4,1.0198039027185568
5401,0.061235351562500005,17.328125,0.8260253906249999,0.595244140625,95.26,5.919297255587016,12.4,2.4166091947189146
5402,0.0368310546875,31.796875,0.8260253906249999,0.595244140625,94.82,4.327923289523509,13.4,1.0198039027185568
5403,0.0368310546875,17.328125,0.475341796875,0.595244140625,94.82,4.327923289523509,13.4,1.0198039027185568
5404,0.0368310546875,17.328125,0.8260253906249999,0.716787109375,53.58,38.6966091537747,13.2,7.386474125047755
5405,0.061235351562500005,31.796875,0.475341796875,0.716787109375,91.06199999999998,7.311963894878037,15.4,1.2
5406,0.0718310546875,33.328125,0.476025390625,0.6652441406249999,95.124,6.065999010880237,14.4,1.2
5407,0.026235351562500002,33.328125,0.476025390625,0.6652441406249999,85.13600000000001,16.629802885181775,16.0,1.4142135623730951
5408,0.0718310546875,15.796875,0.476025390625,0.6652441406249999,72.172,24.71739096264005,14.4,1.2
5409,0.0718310546875,33.328125,0.8253417968749999,0.6652441406249999,95.124,6.065999010880237,14.4,1.2
5410,0.0718310546875,33.328125,0.476025390625,0.646787109375,94.366,5.834633150421712,14.0,0.8944271909999159
5411,0.026235351562500002,15.796875,0.8253417968749999,0.646787109375,56.836,38.465097218127504,12.4,6.887670143089026
5412,0.054331054687500005,9.328125,0.651025390625,0.630244140625,64.51599999999999,32.02277289679955,13.4,8.114185110040317
5413,0.043735351562500004,9.328125,0.651025390625,0.630244140625,64.878,31.88077941330795,13.4,8.114185110040317
5414,0.054331054687500005,7.796875,0.651025390625,0.630244140625,64.148,33.472820257635895,13.4,8.114185110040317
5415,0.054331054687500005,9.328125,0.300341796875,0.630244140625,79.268,18.18516582272485,14.2,1.16619037896906
5416,0.054331054687500005,9.328125,0.651025390625,0.6117871093749999,66.336,31.18789034224662,13.2,8.059776671843954
5417,0.043735351562500004,7.796875,0.300341796875,0.6117871093749999,83.384,15.605325501251167,14.0,0.8944271909999159
5418,0.0193310546875,25.328125,0.301025390625,0.700244140625,62.391999999999996,42.124206057800066,13.4,7.337574531137657
5419,0.0787353515625,25.328125,0.301025390625,0.700244140625,93.152,5.815425693790609,14.8,1.1661903789690602
5420,0.0193310546875,23.796875,0.301025390625,0.700244140625,62.391999999999996,42.124206057800066,13.4,7.337574531137657
5421,0.0193310546875,25.328125,0.650341796875,0.700244140625,62.391999999999996,42.124206057800066,13.4,7.337574531137657
5422,0.0193310546875,25.328125,0.301025390625,0.681787109375,69.012,37.956226577466836,12.8,6.997142273814361
5423,0.0787353515625,23.796875,0.650341796875,0.681787109375,96.102,5.2277582193517675,14.4,1.2
5424,0.023706054687500002,15.328125,0.694775390625,0.656494140625,57.186,38.36595553351955,12.8,7.110555533852471
5425,0.0306103515625,15.328125,0.694775390625,0.656494140625,60.334,36.297101592275936,12.4,6.887670143089026
5426,0.023706054687500002,25.796875,0.694775390625,0.656494140625,85.854,16.919869503042865,16.0,1.4142135623730951
5427,0.023706054687500002,15.328125,0.519091796875,0.656494140625,64.232,31.686073533967566,16.2,1.7204650534085253
5428,0.023706054687500002,15.328125,0.694775390625,0.708037109375,44.998000000000005,45.49639651664734,11.4,10.61319932913728
5429,0.0306103515625,25.796875,0.519091796875,0.708037109375,77.554,27.840035632161108,16.6,1.854723699099141
5430,0.05870605468750001,31.328125,0.34477539062499996,0.5864941406249999,95.57,4.427039642921667,12.0,2.8284271247461903
5431,0.0656103515625,31.328125,0.34477539062499996,0.5864941406249999,96.482,3.492428381513354,11.6,3.0066592756745814
5432,0.05870605468750001,9.796875,0.34477539062499996,0.5864941406249999,79.828,18.48719059240749,12.0,2.8284271247461903
5433,0.05870605468750001,31.328125,0.869091796875,0.5864941406249999,95.57,4.427039642921667,12.0,2.8284271247461903
5434,0.05870605468750001,31.328125,0.34477539062499996,0.6380371093749999,93.31,5.882829251304171,14.2,1.16619037896906
5435,0.0656103515625,9.796875,0.869091796875,0.6380371093749999,57.102,38.50845122826936,12.8,7.386474125047755
5436,0.0762060546875,7.328125,0.8697753906249999,0.6914941406249999,58.298,37.92647750582698,13.0,7.26636084983398
5437,0.04811035156250001,7.328125,0.8697753906249999,0.6914941406249999,36.598,36.74430698761374,9.4,8.593020423576334
5438,0.0762060546875,17.796875,0.8697753906249999,0.6914941406249999,88.84200000000001,13.199250584787002,14.6,1.3564659966250536
5439,0.0762060546875,7.328125,0.34409179687499997,0.6914941406249999,78.702,20.245173647069567,14.8,1.1661903789690602
5440,0.0762060546875,7.328125,0.8697753906249999,0.603037109375,58.58,37.927306785481086,11.0,7.293833011524188
5441,0.04811035156250001,17.796875,0.34409179687499997,0.603037109375,94.746,4.600954683541233,13.6,0.8
5442,0.0412060546875,23.328125,0.519775390625,0.621494140625,91.372,7.06719293637863,14.2,1.16619037896906
5443,0.0131103515625,23.328125,0.519775390625,0.621494140625,83.88199999999999,20.628431253975663,15.4,1.4966629547095764
5444,0.0412060546875,33.796875,0.519775390625,0.621494140625,91.372,7.06719293637863,14.2,1.16619037896906
5445,0.0412060546875,23.328125,0.694091796875,0.621494140625,91.372,7.06719293637863,14.2,1.16619037896906
5446,0.0412060546875,23.328125,0.519775390625,0.6730371093749999,93.30799999999999,6.345018203283581,15.2,1.16619037896906
5447,0.0131103515625,33.796875,0.694091796875,0.6730371093749999,62.734,40.74878923354656,13.2,7.222188034107115
5448,0.0324560546875,11.328125,0.432275390625,0.6389941406249999,74.09,21.612089209514195,15.0,1.4142135623730951
5449,0.0218603515625,11.328125,0.432275390625,0.6389941406249999,70.938,24.23880723138001,15.6,1.3564659966250536
5450,0.0324560546875,21.796875,0.432275390625,0.6389941406249999,94.05600000000001,6.0057059535078805,15.0,1.4142135623730951
5451,0.0324560546875,11.328125,0.431591796875,0.6389941406249999,74.224,21.474358290761565,15.0,1.4142135623730951
5452,0.0324560546875,11.328125,0.432275390625,0.5855371093749999,74.574,21.146802689768492,13.2,1.32664991614216
5453,0.0218603515625,21.796875,0.431591796875,0.5855371093749999,93.226,5.944131896248601,13.2,1.32664991614216
5454,0.0674560546875,27.328125,0.782275390625,0.708994140625,94.77799999999999,5.201943482968647,15.0,1.4142135623730951
5455,0.05686035156250001,27.328125,0.782275390625,0.708994140625,90.66999999999999,7.722973520607203,15.4,1.2
5456,0.0674560546875,5.796875,0.782275390625,0.708994140625,60.248000000000005,37.184667485403175,13.8,7.984985911070852
5457,0.0674560546875,27.328125,0.7815917968749999,0.708994140625,94.77799999999999,5.201943482968647,15.0,1.4142135623730951
5458,0.0674560546875,27.328125,0.782275390625,0.655537109375,93.928,6.595254051209856,14.4,1.2
5459,0.05686035156250001,5.796875,0.7815917968749999,0.655537109375,60.85799999999999,36.98054429020752,13.6,8.16333265278342
5460,0.04995605468750001,19.328125,0.6072753906249999,0.603994140625,94.912,4.529862691075747,13.6,0.8
5461,0.0743603515625,19.328125,0.6072753906249999,0.603994140625,95.826,5.252144704784895,12.4,2.8
5462,0.04995605468750001,13.796875,0.6072753906249999,0.603994140625,67.538,28.387948428866782,14.0,0.8944271909999159
5463,0.04995605468750001,19.328125,0.606591796875,0.603994140625,94.912,4.529862691075747,13.6,0.8
5464,0.04995605468750001,19.328125,0.6072753906249999,0.690537109375,93.86000000000001,6.25881458424836,15.4,1.2
5465,0.0743603515625,13.796875,0.606591796875,0.690537109375,65.954,30.700317653079747,11.6,6.406246951218788
5466,0.014956054687500001,35.328125,0.957275390625,0.673994140625,67.11600000000001,39.22580813699063,13.2,7.222188034107115
5467,0.0393603515625,35.328125,0.957275390625,0.673994140625,93.148,6.8068859252965295,15.2,1.16619037896906
5468,0.014956054687500001,29.796875,0.957275390625,0.673994140625,67.11600000000001,39.22580813699063,13.2,7.222188034107115
5469,0.014956054687500001,35.328125,0.956591796875,0.673994140625,67.11600000000001,39.22580813699063,13.2,7.222188034107115
5470,0.014956054687500001,35.328125,0.957275390625,0.620537109375,88.05199999999999,13.992694379568217,15.4,1.4966629547095764
5471,0.0393603515625,29.796875,0.956591796875,0.620537109375,91.694,6.857861474249827,14.2,1.16619037896906
5472,0.0171435546875,18.328125,0.366650390625,0.625869140625,85.012,17.009695352945037,15.2,1.6
5473,0.0502978515625,18.328125,0.366650390625,0.625869140625,91.584,6.983447859044984,14.2,1.16619037896906
5474,0.0171435546875,4.796875,0.366650390625,0.625869140625,72.738,22.905924473812448,15.6,1.3564659966250536
5475,0.0171435546875,18.328125,0.7597167968749999,0.625869140625,82.102,22.380504373226266,15.2,1.6
5476,0.0171435546875,18.328125,0.366650390625,0.686162109375,56.720000000000006,39.71888417365221,13.2,7.222188034107115
5477,0.0502978515625,4.796875,0.7597167968749999,0.686162109375,59.302,36.9145577787409,14.2,8.280096617793781
5478,0.0521435546875,34.328125,0.7166503906249999,0.6958691406249999,93.438,6.360755929919022,15.4,1.2
5479,0.015297851562500001,34.328125,0.7166503906249999,0.6958691406249999,57.306,44.51498246658085,9.6,8.685620300243386
5480,0.0521435546875,20.796875,0.7166503906249999,0.6958691406249999,93.438,6.360755929919022,15.4,1.2
5481,0.0521435546875,34.328125,0.40971679687499996,0.6958691406249999,93.438,6.360755929919022,15.4,1.2
5482,0.0521435546875,34.328125,0.7166503906249999,0.6161621093749999,98.13399999999999,2.9531244470898947,14.0,0.8944271909999159
5483,0.015297851562500001,20.796875,0.40971679687499996,0.6161621093749999,90.908,8.567488313385667,15.0,1.7888543819998317
5484,0.0696435546875,10.328125,0.541650390625,0.590869140625,70.46600000000001,27.189784552290956,12.0,3.1622776601683795
5485,0.0327978515625,10.328125,0.541650390625,0.590869140625,70.042,27.255559726411782,13.4,1.0198039027185568
5486,0.0696435546875,28.796875,0.541650390625,0.590869140625,94.62400000000001,5.416421697024708,11.8,3.1874754901018454
5487,0.0696435546875,10.328125,0.9347167968749999,0.590869140625,55.938,38.83614316587063,10.8,7.413501197140255
5488,0.0696435546875,10.328125,0.541650390625,0.581162109375,71.2,27.095570855769033,10.6,3.3823069050575527
5489,0.0327978515625,28.796875,0.9347167968749999,0.581162109375,90.836,7.510892357103782,13.0,1.6733200530681511
5490,0.0346435546875,26.328125,0.891650390625,0.660869140625,92.644,6.280364957548248,15.2,1.16619037896906
5491,0.0677978515625,26.328125,0.891650390625,0.660869140625,94.988,5.994255249820446,14.4,1.2
5492,0.0346435546875,12.796875,0.891650390625,0.660869140625,33.384,36.94619309211708,9.4,8.593020423576334
5493,0.0346435546875,26.328125,0.584716796875,0.660869140625,92.644,6.280364957548248,15.2,1.16619037896906
5494,0.0346435546875,26.328125,0.891650390625,0.651162109375,91.768,6.94760793367041,15.0,1.4142135623730951
5495,0.0677978515625,12.796875,0.584716796875,0.651162109375,63.872,33.3579102462969,12.6,7.172168430816443
5496,0.0433935546875,6.328125,0.804150390625,0.678369140625,34.56400000000001,36.68523059761244,9.4,8.593020423576334
5497,0.0765478515625,6.328125,0.804150390625,0.678369140625,55.416,39.13320768861147,12.8,7.249827584156743
5498,0.0433935546875,8.796875,0.804150390625,0.678369140625,55.03399999999999,39.00241869422972,14.6,8.593020423576334
5499,0.0433935546875,6.328125,0.847216796875,0.678369140625,33.554,36.674906734714405,9.4,8.593020423576334
5500,0.0433935546875,6.328125,0.804150390625,0.598662109375,35.717999999999996,36.81183635734572,8.2,7.547184905645283
5501,0.0765478515625,8.796875,0.847216796875,0.598662109375,54.53399999999999,39.423822036935995,10.8,7.413501197140255
5502,0.0783935546875,22.328125,0.45415039062499996,0.6083691406249999,97.154,3.747242185928208,12.4,2.8
5503,0.0415478515625,22.328125,0.45415039062499996,0.6083691406249999,97.36800000000001,2.486904903690529,13.8,0.9797958971132713
5504,0.0783935546875,24.796875,0.45415039062499996,0.6083691406249999,97.154,3.747242185928208,12.4,2.8
5505,0.0783935546875,22.328125,0.497216796875,0.6083691406249999,97.154,3.747242185928208,12.4,2.8
5506,0.0783935546875,22.328125,0.45415039062499996,0.6686621093749999,95.268,5.4350617291802665,14.4,1.2
5507,0.0415478515625,24.796875,0.497216796875,0.6686621093749999,93.814,5.597644504610845,15.2,1.16619037896906
5508,0.060893554687500004,14.328125,0.9791503906249999,0.713369140625,55.576,38.96332152165675,14.0,7.92464510246358
5509,0.0240478515625,14.328125,0.9791503906249999,0.713369140625,22.630000000000003,39.01881084810248,2.2,6.400000000000001
5510,0.060893554687500004,32.796875,0.9791503906249999,0.713369140625,92.944,5.813001290211454,15.4,1.2
5511,0.060893554687500004,14.328125,0.6722167968749999,0.713369140625,63.128,34.85356073631502,12.2,6.734983296193095
5512,0.060893554687500004,14.328125,0.9791503906249999,0.703662109375,56.124,38.75691040317842,13.8,7.833262411026456
5513,0.0240478515625,32.796875,0.6722167968749999,0.703662109375,66.244,38.445701242141496,13.0,7.155417527999327
5514,0.0258935546875,30.328125,0.629150390625,0.643369140625,92.12199999999999,6.587316297248828,15.2,1.16619037896906
5515,0.0590478515625,30.328125,0.629150390625,0.643369140625,93.046,6.758995783398596,14.2,1.16619037896906
5516,0.0258935546875,16.796875,0.629150390625,0.643369140625,75.964,20.171257372806483,15.4,1.4966629547095764
5517,0.0258935546875,30.328125,0.322216796875,0.643369140625,92.12199999999999,6.587316297248828,15.2,1.16619037896906
5518,0.0258935546875,30.328125,0.629150390625,0.633662109375,93.054,6.423598991219795,15.0,1.4142135623730951
5519,0.0590478515625,16.796875,0.322216796875,0.633662109375,90.35600000000001,8.137057453404147,14.0,0.8944271909999159
5520,0.021518554687500004,8.328125,0.9354003906249999,0.599619140625,31.389999999999997,36.62366120419967,8.6,7.939773296511683
5521,0.0109228515625,8.328125,0.9354003906249999,0.599619140625,31.310000000000002,36.631214012096294,9.4,8.63944442658207
5522,0.021518554687500004,14.796875,0.9354003906249999,0.599619140625,68.128,27.20522258684902,16.4,4.63033476111609
5523,0.021518554687500004,8.328125,0.8909667968749999,0.599619140625,32.45399999999999,36.55684428393676,8.6,7.939773296511683
5524,0.021518554687500004,8.328125,0.9354003906249999,0.607412109375,31.988,36.60153351978575,8.8,8.109253973085318
5525,0.0109228515625,14.796875,0.8909667968749999,0.607412109375,41.08,32.90913307882783,11.8,6.675327707311455
5526,0.05651855468750001,24.328125,0.585400390625,0.6696191406249999,92.046,6.602461965055157,14.8,1.1661903789690602
5527,0.045922851562500006,24.328125,0.585400390625,0.6696191406249999,93.434,5.365301855441129,15.0,1.4142135623730951
5528,0.05651855468750001,30.796875,0.585400390625,0.6696191406249999,91.962,6.693738566750273,14.8,1.1661903789690602
5529,0.05651855468750001,24.328125,0.5409667968749999,0.6696191406249999,92.046,6.602461965055157,14.8,1.1661903789690602
5530,0.05651855468750001,24.328125,0.585400390625,0.677412109375,91.18599999999999,7.2244462763591795,14.8,1.1661903789690602
5531,0.045922851562500006,30.796875,0.5409667968749999,0.677412109375,94.924,4.550220214451165,15.2,1.16619037896906
5532,0.0740185546875,16.328125,0.760400390625,0.6346191406249999,90.60600000000001,12.77384452700126,14.0,0.8944271909999159
5533,0.06342285156250001,16.328125,0.760400390625,0.6346191406249999,88.01,13.433292969335554,14.0,0.8944271909999159
5534,0.0740185546875,22.796875,0.760400390625,0.6346191406249999,95.09,6.207563128958092,14.0,0.8944271909999159
5535,0.0740185546875,16.328125,0.715966796875,0.6346191406249999,90.886,12.275167778894103,14.0,0.8944271909999159
5536,0.0740185546875,16.328125,0.760400390625,0.712412109375,64.52799999999999,30.27959669480424,15.0,1.4142135623730951
5537,0.06342285156250001,22.796875,0.715966796875,0.712412109375,95.77799999999999,3.7720307527908647,15.4,1.2
5538,0.039018554687500005,32.328125,0.410400390625,0.704619140625,87.912,14.355260220560266,15.8,1.6
5539,0.028422851562500004,32.328125,0.410400390625,0.704619140625,75.53,30.08073270384217,12.8,6.997142273814361
5540,0.039018554687500005,6.796875,0.410400390625,0.704619140625,68.614,26.195151917864496,16.4,1.624807680927192
5541,0.039018554687500005,32.328125,0.365966796875,0.704619140625,87.912,14.355260220560266,15.8,1.6
5542,0.039018554687500005,32.328125,0.410400390625,0.6424121093749999,93.75800000000001,6.83725792990143,14.8,1.1661903789690602
5543,0.028422851562500004,6.796875,0.365966796875,0.6424121093749999,74.47200000000001,22.45276410600708,15.2,1.16619037896906
5544,0.030268554687500004,12.328125,0.49790039062499997,0.687119140625,61.504,32.713710031116925,16.6,1.854723699099141
5545,0.037172851562500005,12.328125,0.49790039062499997,0.687119140625,66.224,29.880460906753097,16.2,1.469693845669907
5546,0.030268554687500004,18.796875,0.49790039062499997,0.687119140625,78.05199999999999,27.032125628592365,16.2,1.7204650534085253
5547,0.030268554687500004,12.328125,0.803466796875,0.687119140625,30.894,36.71010411317298,9.8,8.975522268926749
5548,0.030268554687500004,12.328125,0.49790039062499997,0.6949121093749999,61.212,33.25601623766743,16.6,1.854723699099141
5549,0.037172851562500005,18.796875,0.803466796875,0.6949121093749999,76.214,26.920200296431673,16.0,1.8973665961010275
5550,0.06526855468750001,28.328125,0.847900390625,0.617119140625,96.604,5.124734529709809,14.0,0.8944271909999159
5551,0.0721728515625,28.328125,0.847900390625,0.617119140625,95.814,6.171559284330015,13.8,0.7483314773547882
5552,0.06526855468750001,34.796875,0.847900390625,0.617119140625,96.604,5.124734529709809,14.0,0.8944271909999159
5553,0.06526855468750001,28.328125,0.45346679687499997,0.617119140625,96.604,5.124734529709809,14.0,0.8944271909999159
5554,0.06526855468750001,28.328125,0.847900390625,0.624912109375,96.652,3.9812631161479426,14.0,0.8944271909999159
5555,0.0721728515625,34.796875,0.45346679687499997,0.624912109375,96.772,4.772849882407785,14.0,0.8944271909999159
5556,0.047768554687500006,4.328125,0.322900390625,0.652119140625,80.454,16.73356817896291,14.8,1.1661903789690602
5557,0.054672851562500006,4.328125,0.322900390625,0.652119140625,80.566,16.81189769181338,14.6,1.0198039027185568
5558,0.047768554687500006,26.796875,0.322900390625,0.652119140625,95.78999999999999,4.876388007531806,14.8,1.1661903789690602
5559,0.047768554687500006,4.328125,0.978466796875,0.652119140625,33.478,36.5153065987402,9.0,8.221921916437786
5560,0.047768554687500006,4.328125,0.322900390625,0.5899121093749999,77.75800000000001,19.406523027064896,13.4,1.0198039027185568
5561,0.054672851562500006,26.796875,0.978466796875,0.5899121093749999,94.032,7.0886229974516235,13.2,1.32664991614216
5562,0.012768554687500001,20.328125,0.672900390625,0.5821191406249999,92.414,6.612102842515381,13.4,1.9595917942265424
5563,0.019672851562500003,20.328125,0.672900390625,0.5821191406249999,91.822,6.785804005421906,13.0,1.6733200530681511
5564,0.012768554687500001,10.796875,0.672900390625,0.5821191406249999,63.386,32.97048110052385,13.4,8.357032966310472
5565,0.012768554687500001,20.328125,0.628466796875,0.5821191406249999,92.414,6.612102842515381,13.4,1.9595917942265424
5566,0.012768554687500001,20.328125,0.672900390625,0.659912109375,67.70599999999999,38.1392247430385,12.8,6.968500556073739
5567,0.019672851562500003,10.796875,0.628466796875,0.659912109375,58.646,35.932634526291,14.8,8.518215775618742
5568,0.0138623046875,13.828125,0.8807128906249999,0.645556640625,28.496000000000002,38.11211125088716,6.0,8.62554346113913
5569,0.0798291015625,13.828125,0.8807128906249999,0.645556640625,56.572,37.87453255157085,12.4,6.974238309665077
5570,0.0138623046875,6.296875,0.8807128906249999,0.645556640625,26.927999999999997,37.81229979781711,6.2,8.908422980528035
5571,0.0138623046875,13.828125,0.9456542968749999,0.645556640625,27.880000000000003,38.002583596381974,6.0,8.62554346113913
5572,0.0138623046875,13.828125,0.8807128906249999,0.679599609375,21.886000000000003,39.227388187336665,2.4,6.8
5573,0.0798291015625,6.296875,0.9456542968749999,0.679599609375,51.59400000000001,41.06323494319462,12.8,7.249827584156743
5574,0.048862304687500004,29.828125,0.5307128906249999,0.715556640625,93.81800000000001,5.369891619018023,15.8,1.6
5575,0.04482910156250001,29.828125,0.5307128906249999,0.715556640625,89.636,11.249470387533806,15.8,1.6
5576,0.048862304687500004,22.296875,0.5307128906249999,0.715556640625,93.81800000000001,5.369891619018023,15.8,1.6
5577,0.048862304687500004,29.828125,0.595654296875,0.715556640625,93.81800000000001,5.369891619018023,15.8,1.6
5578,0.048862304687500004,29.828125,0.5307128906249999,0.609599609375,96.88799999999999,3.243019580576101,14.0,0.8944271909999159
5579,0.04482910156250001,22.296875,0.595654296875,0.609599609375,97.37,2.6494074809285206,14.0,0.8944271909999159
5580,0.0663623046875,5.828125,0.705712890625,0.6105566406249999,63.660000000000004,33.78783153740412,11.0,6.06630035524124
5581,0.0273291015625,5.828125,0.705712890625,0.6105566406249999,63.19000000000001,33.93646534334417,11.4,6.280127387243033
5582,0.0663623046875,30.296875,0.705712890625,0.6105566406249999,95.02799999999999,5.636273236811715,13.8,0.7483314773547882
5583,0.0663623046875,5.828125,0.770654296875,0.6105566406249999,60.836,36.676393279601534,12.8,7.547184905645283
5584,0.0663623046875,5.828125,0.705712890625,0.6445996093749999,63.75999999999999,33.903334939206204,11.4,6.280127387243033
5585,0.0273291015625,30.296875,0.770654296875,0.6445996093749999,92.162,6.456731061458267,15.2,1.16619037896906
5586,0.0313623046875,21.828125,0.355712890625,0.680556640625,86.192,14.972499323760212,15.8,1.6
5587,0.06232910156250001,21.828125,0.355712890625,0.680556640625,91.534,7.163743714008759,14.8,1.1661903789690602
5588,0.0313623046875,14.296875,0.355712890625,0.680556640625,71.876,24.349830882369595,16.0,1.4142135623730951
5589,0.0313623046875,21.828125,0.420654296875,0.680556640625,86.192,14.972499323760212,15.8,1.6
5590,0.0313623046875,21.828125,0.355712890625,0.714599609375,76.428,29.853712264976362,16.8,1.6
5591,0.06232910156250001,14.296875,0.420654296875,0.714599609375,74.742,23.335098371337544,15.6,1.3564659966250536
5592,0.0401123046875,9.828125,0.618212890625,0.663056640625,66.64399999999999,30.44411838106008,17.4,3.4409301068170506
5593,0.05357910156250001,9.828125,0.618212890625,0.663056640625,66.576,30.280020211353886,16.8,3.7629775444453557
5594,0.0401123046875,10.296875,0.618212890625,0.663056640625,66.324,30.40836108704315,17.4,3.4409301068170506
5595,0.0401123046875,9.828125,0.683154296875,0.663056640625,63.69199999999999,33.21685499862984,14.0,8.221921916437786
5596,0.0401123046875,9.828125,0.618212890625,0.627099609375,66.594,30.463945640707806,16.6,3.8262252939417984
5597,0.05357910156250001,10.296875,0.683154296875,0.627099609375,63.532,33.24755293250918,13.6,8.380930735902785
5598,0.0751123046875,25.828125,0.968212890625,0.593056640625,94.70400000000001,5.1391073154780464,12.0,3.1622776601683795
5599,0.0185791015625,25.828125,0.968212890625,0.593056640625,91.662,7.046208625920751,14.0,1.4142135623730951
5600,0.0751123046875,26.296875,0.968212890625,0.593056640625,94.70400000000001,5.1391073154780464,12.0,3.1622776601683795
5601,0.0751123046875,25.828125,0.333154296875,0.593056640625,94.70400000000001,5.1391073154780464,12.0,3.1622776601683795
5602,0.0751123046875,25.828125,0.968212890625,0.6970996093749999,93.134,5.8520751874869115,14.8,1.1661903789690602
5603,0.0185791015625,26.296875,0.333154296875,0.6970996093749999,62.358000000000004,42.00633590305158,13.4,7.337574531137657
5604,0.057612304687500004,17.828125,0.44321289062499997,0.698056640625,87.314,14.155894320035028,15.4,1.2
5605,0.0360791015625,17.828125,0.44321289062499997,0.698056640625,71.412,24.037917879883025,16.0,1.7888543819998317
5606,0.057612304687500004,34.296875,0.44321289062499997,0.698056640625,95.88,3.939558350881479,15.4,1.2
5607,0.057612304687500004,17.828125,0.858154296875,0.698056640625,79.33,23.903328638497193,15.4,1.2
5608,0.057612304687500004,17.828125,0.44321289062499997,0.662099609375,94.47200000000001,8.670878617533518,14.6,1.0198039027185568
5609,0.0360791015625,34.296875,0.858154296875,0.662099609375,93.174,5.838854682212942,15.2,1.16619037896906
5610,0.0226123046875,33.828125,0.793212890625,0.628056640625,93.96799999999999,5.772491316580736,14.8,1.469693845669907
5611,0.07107910156250001,33.828125,0.793212890625,0.628056640625,95.90400000000001,4.715377397409457,14.0,0.8944271909999159
5612,0.0226123046875,18.296875,0.793212890625,0.628056640625,87.95,16.435264524795453,14.8,1.469693845669907
5613,0.0226123046875,33.828125,0.5081542968749999,0.628056640625,93.96799999999999,5.772491316580736,14.8,1.469693845669907
5614,0.0226123046875,33.828125,0.793212890625,0.592099609375,93.928,5.414788638534287,13.6,1.3564659966250536
5615,0.07107910156250001,18.296875,0.5081542968749999,0.592099609375,94.282,5.776062326533536,12.0,3.1622776601683795
5616,0.026987304687500005,7.828125,0.39946289062499996,0.5843066406249999,75.852,22.31966881474723,13.2,1.32664991614216
5617,0.040454101562500004,7.828125,0.39946289062499996,0.5843066406249999,74.03200000000001,22.92748080361207,13.2,1.32664991614216
5618,0.026987304687500005,12.296875,0.39946289062499996,0.5843066406249999,80.15,16.672329171414532,13.2,1.32664991614216
5619,0.026987304687500005,7.828125,0.7269042968749999,0.5843066406249999,61.248000000000005,36.53125478271996,13.2,8.304215796810679
5620,0.026987304687500005,7.828125,0.39946289062499996,0.6183496093749999,75.726,22.43656266008677,14.6,1.3564659966250536
5621,0.040454101562500004,12.296875,0.7269042968749999,0.6183496093749999,37.162,37.10661633725177,8.4,7.735631842325487
5622,0.06198730468750001,23.828125,0.7494628906249999,0.654306640625,95.002,5.516989758917448,14.4,1.2
5623,0.0754541015625,23.828125,0.7494628906249999,0.654306640625,95.07,5.50080721349149,14.0,0.8944271909999159
5624,0.06198730468750001,28.296875,0.7494628906249999,0.654306640625,95.002,5.516989758917448,14.4,1.2
5625,0.06198730468750001,23.828125,0.376904296875,0.654306640625,95.002,5.516989758917448,14.4,1.2
5626,0.06198730468750001,23.828125,0.7494628906249999,0.688349609375,91.90599999999999,6.849398805734705,14.8,1.1661903789690602
5627,0.0754541015625,28.296875,0.376904296875,0.688349609375,94.302,6.094687522752907,14.6,1.3564659966250536
5628,0.0794873046875,15.828125,0.574462890625,0.619306640625,85.00399999999999,18.957900305677313,12.8,2.481934729198171
5629,0.057954101562500006,15.828125,0.574462890625,0.619306640625,84.488,19.01412674828902,14.0,0.8944271909999159
5630,0.0794873046875,20.296875,0.574462890625,0.619306640625,96.90200000000002,4.1965814659076965,12.8,2.481934729198171
5631,0.0794873046875,15.828125,0.901904296875,0.619306640625,78.27799999999999,27.341692998057013,12.8,2.481934729198171
5632,0.0794873046875,15.828125,0.574462890625,0.653349609375,70.072,25.615622889166684,14.2,1.16619037896906
5633,0.057954101562500006,20.296875,0.901904296875,0.653349609375,95.708,4.687081821346839,14.4,1.2
5634,0.04448730468750001,31.828125,0.9244628906249999,0.6893066406249999,91.56199999999998,6.937020686144737,15.6,1.3564659966250536
5635,0.022954101562500002,31.828125,0.9244628906249999,0.6893066406249999,73.02199999999999,33.383503351206265,12.8,6.997142273814361
5636,0.04448730468750001,4.296875,0.9244628906249999,0.6893066406249999,34.044,36.52984347078427,9.4,8.593020423576334
5637,0.04448730468750001,31.828125,0.551904296875,0.6893066406249999,91.56199999999998,6.937020686144737,15.6,1.3564659966250536
5638,0.04448730468750001,31.828125,0.9244628906249999,0.5833496093749999,93.726,6.6162454609846515,13.2,1.32664991614216
5639,0.022954101562500002,4.296875,0.551904296875,0.5833496093749999,67.83200000000001,28.637576294093048,13.4,1.0198039027185568
5640,0.035737304687500006,19.828125,0.6619628906249999,0.706806640625,77.24999999999999,26.43479222539871,16.6,1.854723699099141
5641,0.014204101562500002,19.828125,0.6619628906249999,0.706806640625,43.268,46.70416786540576,6.0,8.579044235810887
5642,0.035737304687500006,16.296875,0.6619628906249999,0.706806640625,57.13199999999999,38.65311444114174,13.0,7.238784428341543
5643,0.035737304687500006,19.828125,0.9894042968749999,0.706806640625,74.41999999999999,29.434084324130072,16.6,1.854723699099141
5644,0.035737304687500006,19.828125,0.6619628906249999,0.6708496093749999,89.56,11.677015029535589,15.4,1.3564659966250536
5645,0.014204101562500002,16.296875,0.9894042968749999,0.6708496093749999,23.676,38.82025120990332,2.2,6.400000000000001
5646,0.0707373046875,35.828125,0.311962890625,0.6368066406249999,95.29599999999999,5.276182711013712,14.0,0.8944271909999159
5647,0.049204101562500005,35.828125,0.311962890625,0.6368066406249999,93.918,5.414123751818017,14.2,1.16619037896906
5648,0.0707373046875,32.296875,0.311962890625,0.6368066406249999,95.29599999999999,5.276182711013712,14.0,0.8944271909999159
5649,0.0707373046875,35.828125,0.639404296875,0.6368066406249999,95.29599999999999,5.276182711013712,14.0,0.8944271909999159
5650,0.0707373046875,35.828125,0.311962890625,0.600849609375,95.228,5.889303524186881,12.4,2.8
5651,0.049204101562500005,32.296875,0.639404296875,0.600849609375,94.036,5.200509974992838,13.6,0.8
5652,0.05323730468750001,11.828125,0.836962890625,0.671806640625,34.634,35.73771542782219,9.0,8.221921916437786
5653,0.0667041015625,11.828125,0.836962890625,0.671806640625,56.272000000000006,37.738834852178464,13.0,7.3484692283495345
5654,0.05323730468750001,24.296875,0.836962890625,0.671806640625,90.96600000000001,7.376447925661782,14.8,1.1661903789690602
5655,0.05323730468750001,11.828125,0.814404296875,0.671806640625,35.84,35.34447566452217,9.0,8.221921916437786
5656,0.05323730468750001,11.828125,0.836962890625,0.635849609375,54.902,38.4583693882099,13.6,8.380930735902785
5657,0.0667041015625,24.296875,0.814404296875,0.635849609375,94.55,4.926004466096229,14.0,0.8944271909999159
5658,0.0182373046875,27.828125,0.486962890625,0.601806640625,93.31,5.488850517184815,14.2,1.16619037896906
5659,0.0317041015625,27.828125,0.486962890625,0.601806640625,93.61800000000001,5.966444167173612,14.0,1.2649110640673518
5660,0.0182373046875,8.296875,0.486962890625,0.601806640625,70.34200000000001,25.46557943577958,14.4,1.4966629547095764
5661,0.0182373046875,27.828125,0.46440429687499996,0.601806640625,93.31,5.488850517184815,14.2,1.16619037896906
5662,0.0182373046875,27.828125,0.486962890625,0.705849609375,57.878,43.93647705494832,9.4,8.5463442476886
5663,0.0317041015625,8.296875,0.46440429687499996,0.705849609375,63.076,31.895154867158116,16.8,1.6
5664,0.016049804687500002,10.828125,0.7713378906249999,0.702431640625,20.766000000000002,39.62759422422714,2.4,6.8
5665,0.06014160156250001,10.828125,0.7713378906249999,0.702431640625,59.766000000000005,36.60157351808799,14.0,8.049844718999243
5666,0.016049804687500002,33.296875,0.7713378906249999,0.702431640625,54.33,44.7450672141634,9.6,8.685620300243386
5667,0.016049804687500002,10.828125,0.573779296875,0.702431640625,44.227999999999994,46.04858234517106,7.4,10.594338110519223
5668,0.016049804687500002,10.828125,0.7713378906249999,0.6402246093749999,33.91799999999999,36.547931487294875,9.6,8.8
5669,0.06014160156250001,33.296875,0.573779296875,0.6402246093749999,93.434,5.829399969122039,14.2,1.16619037896906
5670,0.051049804687500006,26.828125,0.421337890625,0.632431640625,91.78800000000001,6.900462013517647,14.2,1.16619037896906
5671,0.0251416015625,26.828125,0.421337890625,0.632431640625,93.392,6.122134921740946,15.0,1.4142135623730951
5672,0.051049804687500006,17.296875,0.421337890625,0.632431640625,90.774,8.197484004253988,14.2,1.16619037896906
5673,0.051049804687500006,26.828125,0.923779296875,0.632431640625,91.78800000000001,6.900462013517647,14.2,1.16619037896906
5674,0.051049804687500006,26.828125,0.421337890625,0.710224609375,92.03999999999999,6.505588366935002,15.6,1.3564659966250536
5675,0.0251416015625,17.296875,0.923779296875,0.710224609375,42.660000000000004,47.069123637475975,5.4,7.8383671769061705
5676,0.06854980468750001,18.828125,0.946337890625,0.6674316406249999,96.07600000000001,5.261621803208587,14.4,1.2
5677,0.042641601562500006,18.828125,0.946337890625,0.6674316406249999,88.822,13.573560181470446,15.0,1.4142135623730951
5678,0.06854980468750001,9.296875,0.946337890625,0.6674316406249999,55.59400000000001,39.3816137810527,13.0,7.4565407529228995
5679,0.06854980468750001,18.828125,0.39877929687499997,0.6674316406249999,96.07600000000001,5.261621803208587,14.4,1.2
5680,0.06854980468750001,18.828125,0.946337890625,0.675224609375,96.31800000000001,3.636352018163258,14.4,1.2
5681,0.042641601562500006,9.296875,0.39877929687499997,0.675224609375,75.602,21.196618975676287,15.4,1.2
5682,0.033549804687500004,34.828125,0.596337890625,0.597431640625,94.58200000000001,5.419617698694253,13.4,1.0198039027185568
5683,0.0776416015625,34.828125,0.596337890625,0.597431640625,93.402,7.094004228924593,12.0,3.1622776601683795
5684,0.033549804687500004,25.296875,0.596337890625,0.597431640625,94.58200000000001,5.419617698694253,13.4,1.0198039027185568
5685,0.033549804687500004,34.828125,0.748779296875,0.597431640625,94.58200000000001,5.419617698694253,13.4,1.0198039027185568
5686,0.033549804687500004,34.828125,0.596337890625,0.605224609375,93.28599999999999,5.975394882348782,14.0,1.2649110640673518
5687,0.0776416015625,25.296875,0.748779296875,0.605224609375,95.78999999999999,5.3470141200486845,12.4,2.8
5688,0.042299804687500005,14.828125,0.33383789062499997,0.6149316406249999,79.19399999999999,18.070891068234573,14.2,1.16619037896906
5689,0.0688916015625,14.828125,0.33383789062499997,0.6149316406249999,80.232,17.532278117803177,14.0,0.8944271909999159
5690,0.042299804687500005,29.296875,0.33383789062499997,0.6149316406249999,94.24600000000001,5.867621664695162,14.0,0.8944271909999159
5691,0.042299804687500005,14.828125,0.311279296875,0.6149316406249999,80.14399999999999,17.112971220685203,14.2,1.16619037896906
5692,0.042299804687500005,14.828125,0.33383789062499997,0.657724609375,77.34,20.604817883203918,15.0,1.4142135623730951
5693,0.0688916015625,29.296875,0.311279296875,0.657724609375,94.052,6.63242157888052,14.4,1.2
5694,0.0772998046875,30.828125,0.683837890625,0.684931640625,95.34400000000001,4.405399414355069,14.4,1.2
5695,0.033891601562500005,30.828125,0.683837890625,0.684931640625,87.90599999999999,12.606786426365764,15.8,1.6
5696,0.0772998046875,13.296875,0.683837890625,0.684931640625,62.57000000000001,33.780579035889836,12.6,7.059745037889116
5697,0.0772998046875,30.828125,0.661279296875,0.684931640625,95.34400000000001,4.405399414355069,14.4,1.2
5698,0.0772998046875,30.828125,0.683837890625,0.5877246093749999,96.534,4.65617697258169,10.4,3.4985711369071804
5699,0.033891601562500005,13.296875,0.661279296875,0.5877246093749999,77.786,22.85111603401462,15.4,4.498888751680798
5700,0.059799804687500006,6.828125,0.508837890625,0.649931640625,68.486,27.5484138200369,14.6,1.0198039027185568
5701,0.0163916015625,6.828125,0.508837890625,0.649931640625,59.31,35.132119776637445,12.4,6.829348431585549
5702,0.059799804687500006,5.296875,0.508837890625,0.649931640625,71.942,25.26777109283682,14.6,1.0198039027185568
5703,0.059799804687500006,6.828125,0.486279296875,0.649931640625,69.60799999999999,26.50914664790249,14.6,1.0198039027185568
5704,0.059799804687500006,6.828125,0.508837890625,0.622724609375,70.168,27.009698554408196,14.0,0.8944271909999159
5705,0.0163916015625,5.296875,0.486279296875,0.622724609375,69.59400000000001,26.131404554673292,15.6,1.3564659966250536
5706,0.024799804687500003,22.828125,0.858837890625,0.719931640625,62.968,42.199349473658955,13.4,7.337574531137657
5707,0.05139160156250001,22.828125,0.858837890625,0.719931640625,94.466,4.5282075924144625,15.8,1.6
5708,0.024799804687500003,21.296875,0.858837890625,0.719931640625,62.968,42.199349473658955,13.4,7.337574531137657
5709,0.024799804687500003,22.828125,0.8362792968749999,0.719931640625,62.968,42.199349473658955,13.4,7.337574531137657
5710,0.024799804687500003,22.828125,0.858837890625,0.6927246093749999,74.828,31.15272533824288,12.8,6.997142273814361
5711,0.05139160156250001,21.296875,0.8362792968749999,0.6927246093749999,94.5,5.4529514943744015,15.4,1.2
5712,0.0204248046875,16.828125,0.5525878906249999,0.676181640625,55.306,38.8919650313532,9.2,8.399999999999999
5713,0.0207666015625,16.828125,0.5525878906249999,0.676181640625,55.681999999999995,38.56260852172736,9.2,8.399999999999999
5714,0.0204248046875,27.296875,0.5525878906249999,0.676181640625,74.35799999999999,31.755744299260254,12.8,6.997142273814361
5715,0.0204248046875,16.828125,0.35502929687499996,0.676181640625,61.98,34.31231440751265,12.8,6.997142273814361
5716,0.0204248046875,16.828125,0.5525878906249999,0.666474609375,59.574,36.57087835970036,9.0,8.270429251254134
5717,0.0207666015625,27.296875,0.35502929687499996,0.666474609375,81.75800000000001,26.909157103112687,16.4,1.854723699099141
5718,0.05542480468750001,32.828125,0.902587890625,0.606181640625,94.58,5.068048934254681,13.6,0.8
5719,0.055766601562500004,32.828125,0.902587890625,0.606181640625,94.548,5.119087418671417,13.6,0.8
5720,0.05542480468750001,11.296875,0.902587890625,0.606181640625,53.1,40.207461994013,13.0,7.797435475847171
5721,0.05542480468750001,32.828125,0.705029296875,0.606181640625,94.58,5.068048934254681,13.6,0.8
5722,0.05542480468750001,32.828125,0.902587890625,0.596474609375,92.50800000000001,6.394858559811935,13.4,1.0198039027185568
5723,0.055766601562500004,11.296875,0.705029296875,0.596474609375,61.398,33.05915449614524,12.6,7.49933330370107
5724,0.0729248046875,8.828125,0.377587890625,0.711181640625,75.588,20.445085864334246,15.4,1.2
5725,0.0732666015625,8.828125,0.377587890625,0.711181640625,75.40799999999999,20.625884126504737,15.4,1.2
5726,0.0729248046875,19.296875,0.377587890625,0.711181640625,93.422,6.466159292810531,14.8,1.1661903789690602
5727,0.0729248046875,8.828125,0.530029296875,0.711181640625,68.056,27.16295757092736,15.4,1.2
5728,0.0729248046875,8.828125,0.377587890625,0.631474609375,76.97200000000001,20.97939884744079,14.0,0.8944271909999159
5729,0.0732666015625,19.296875,0.530029296875,0.631474609375,94.84400000000001,6.502299900804333,14.0,0.8944271909999159
5730,0.0379248046875,24.828125,0.727587890625,0.6411816406249999,93.792,6.619448315380973,14.8,1.1661903789690602
5731,0.0382666015625,24.828125,0.727587890625,0.6411816406249999,93.584,6.851950379271583,14.8,1.1661903789690602
5732,0.0379248046875,35.296875,0.727587890625,0.6411816406249999,93.792,6.619448315380973,14.8,1.1661903789690602
5733,0.0379248046875,24.828125,0.8800292968749999,0.6411816406249999,93.792,6.619448315380973,14.8,1.1661903789690602
5734,0.0379248046875,24.828125,0.727587890625,0.701474609375,87.734,14.620825694877839,15.8,1.6
5735,0.0382666015625,35.296875,0.8800292968749999,0.701474609375,88.164,13.949610173764713,15.8,1.6
5736,0.0291748046875,4.828125,0.9900878906249999,0.623681640625,32.822,36.52144268782382,9.0,8.221921916437786
5737,0.0295166015625,4.828125,0.9900878906249999,0.623681640625,32.916000000000004,36.52007097473936,9.0,8.221921916437786
5738,0.0291748046875,23.296875,0.9900878906249999,0.623681640625,93.63000000000001,5.468506194565386,14.4,1.0198039027185568
5739,0.0291748046875,4.828125,0.6175292968749999,0.623681640625,65.082,31.148183510439253,11.8,6.554387843269576
5740,0.0291748046875,4.828125,0.9900878906249999,0.648974609375,32.684000000000005,36.52708890672784,9.4,8.593020423576334
5741,0.0295166015625,23.296875,0.6175292968749999,0.648974609375,92.338,6.292120151427499,15.2,1.16619037896906
5742,0.0641748046875,20.828125,0.640087890625,0.6936816406249999,92.34400000000001,6.655543854562151,14.8,1.1661903789690602
5743,0.0645166015625,20.828125,0.640087890625,0.6936816406249999,92.39000000000001,6.554299352333552,14.8,1.1661903789690602
5744,0.0641748046875,7.296875,0.640087890625,0.6936816406249999,64.3,32.782996202299756,13.6,7.761443164772902
5745,0.0641748046875,20.828125,0.967529296875,0.6936816406249999,92.34400000000001,6.655543854562151,14.8,1.1661903789690602
5746,0.0641748046875,20.828125,0.640087890625,0.718974609375,93.2,5.6171309402576695,15.4,1.2
5747,0.0645166015625,7.296875,0.967529296875,0.718974609375,55.762,38.89716925433006,14.0,8.049844718999243
5748,0.04667480468750001,12.828125,0.8150878906249999,0.588681640625,43.466,32.603742484567626,10.4,5.851495535331117
5749,0.0470166015625,12.828125,0.8150878906249999,0.588681640625,43.578,32.59318787722367,10.4,5.851495535331117
5750,0.04667480468750001,15.296875,0.8150878906249999,0.588681640625,79.624,22.015010878943485,13.2,1.32664991614216
5751,0.04667480468750001,12.828125,0.442529296875,0.588681640625,75.832,20.125091204762278,13.2,1.32664991614216
5752,0.04667480468750001,12.828125,0.8150878906249999,0.683974609375,35.212,36.83328353541128,9.2,8.4
5753,0.0470166015625,15.296875,0.442529296875,0.683974609375,72.624,24.3630356072473,15.4,1.2
5754,0.0116748046875,28.828125,0.465087890625,0.658681640625,66.562,38.789985511727124,13.2,7.222188034107115
5755,0.0120166015625,28.828125,0.465087890625,0.658681640625,67.006,38.40909142377622,13.0,7.127411872482185
5756,0.0116748046875,31.296875,0.465087890625,0.658681640625,66.562,38.789985511727124,13.2,7.222188034107115
5757,0.0116748046875,28.828125,0.792529296875,0.658681640625,66.562,38.789985511727124,13.2,7.222188034107115
5758,0.0116748046875,28.828125,0.465087890625,0.6139746093749999,84.352,18.30288436285385,15.4,1.4966629547095764
5759,0.0120166015625,31.296875,0.792529296875,0.6139746093749999,84.93800000000002,17.284393422969753,15.4,1.4966629547095764
5760,0.0111279296875,17.578125,0.787744140625,0.605087890625,79.494,23.590633395481348,14.8,1.8330302779823358
5761,0.044282226562500006,17.578125,0.787744140625,0.605087890625,95.696,3.9600131312913587,13.6,0.8
5762,0.0111279296875,21.546875,0.787744140625,0.605087890625,88.602,11.87463245747,14.8,1.8330302779823358
5763,0.0111279296875,17.578125,0.677685546875,0.605087890625,80.842,21.846812490612905,14.8,1.8330302779823358
5764,0.0111279296875,17.578125,0.787744140625,0.604130859375,80.958,23.092033604687135,14.8,1.8330302779823358
5765,0.044282226562500006,21.546875,0.677685546875,0.604130859375,95.52799999999999,3.9073950401770223,13.6,0.8
5766,0.046127929687500006,33.578125,0.437744140625,0.675087890625,94.968,4.182374445216497,15.0,1.4142135623730951
5767,0.0792822265625,33.578125,0.437744140625,0.675087890625,95.322,6.295377351676383,14.4,1.2
5768,0.046127929687500006,5.546875,0.437744140625,0.675087890625,75.716,22.331336368430794,15.4,1.2
5769,0.046127929687500006,33.578125,0.327685546875,0.675087890625,94.968,4.182374445216497,15.0,1.4142135623730951
5770,0.046127929687500006,33.578125,0.437744140625,0.674130859375,94.58399999999999,4.46098912798496,15.0,1.4142135623730951
5771,0.0792822265625,5.546875,0.327685546875,0.674130859375,80.45,16.83606367296109,14.4,1.2
5772,0.0636279296875,9.578125,0.9627441406249999,0.6400878906249999,54.762,39.45675120939381,13.0,7.615773105863909
5773,0.06178222656250001,9.578125,0.9627441406249999,0.6400878906249999,54.686,39.53015031592974,13.0,7.615773105863909
5774,0.0636279296875,13.546875,0.9627441406249999,0.6400878906249999,53.278,40.08258494658247,12.6,7.172168430816443
5775,0.0636279296875,9.578125,0.8526855468749999,0.6400878906249999,57.178,38.40779629189886,13.0,7.615773105863909
5776,0.0636279296875,9.578125,0.9627441406249999,0.709130859375,55.208000000000006,39.50305476795434,14.2,8.133879763065101
5777,0.06178222656250001,13.546875,0.8526855468749999,0.709130859375,56.086,38.74791225343632,13.8,7.833262411026456
5778,0.028627929687500005,25.578125,0.612744140625,0.710087890625,73.392,32.527605137790275,12.8,6.997142273814361
5779,0.026782226562500004,25.578125,0.612744140625,0.710087890625,68.21000000000001,36.008905009733354,13.0,7.155417527999327
5780,0.028627929687500005,29.546875,0.612744140625,0.710087890625,73.392,32.527605137790275,12.8,6.997142273814361
5781,0.028627929687500005,25.578125,0.502685546875,0.710087890625,73.392,32.527605137790275,12.8,6.997142273814361
5782,0.028627929687500005,25.578125,0.612744140625,0.6391308593749999,91.87800000000001,6.7640177409584,15.0,1.4142135623730951
5783,0.026782226562500004,29.546875,0.502685546875,0.6391308593749999,92.2,6.6588857926833365,15.0,1.4142135623730951
5784,0.037377929687500006,5.578125,0.350244140625,0.6925878906249999,75.204,21.254429750054456,15.8,1.6
5785,0.018032226562500003,5.578125,0.350244140625,0.6925878906249999,54.227999999999994,40.44434467264861,13.4,7.337574531137657
5786,0.037377929687500006,25.546875,0.350244140625,0.6925878906249999,89.42999999999999,10.902627206320501,15.8,1.6
5787,0.037377929687500006,5.578125,0.940185546875,0.6925878906249999,34.854,36.661205435719104,9.8,8.975522268926749
5788,0.037377929687500006,5.578125,0.350244140625,0.691630859375,75.454,21.20235137903341,15.8,1.6
5789,0.018032226562500003,25.546875,0.940185546875,0.691630859375,63.134,41.03027448116817,13.2,7.222188034107115
5790,0.07237792968750001,21.578125,0.700244140625,0.622587890625,96.65799999999999,5.377688722862269,14.0,0.8944271909999159
5791,0.05303222656250001,21.578125,0.700244140625,0.622587890625,95.064,4.624653932998663,14.0,0.8944271909999159
5792,0.07237792968750001,9.546875,0.700244140625,0.622587890625,63.92,33.42633512666323,12.4,7.08801805866774
5793,0.07237792968750001,21.578125,0.5901855468749999,0.622587890625,96.65799999999999,5.377688722862269,14.0,0.8944271909999159
5794,0.07237792968750001,21.578125,0.700244140625,0.621630859375,96.50800000000001,5.504839325538937,14.0,0.8944271909999159
5795,0.05303222656250001,9.546875,0.5901855468749999,0.621630859375,69.27799999999999,28.69981351855792,14.4,1.0198039027185568
5796,0.05487792968750001,13.578125,0.5252441406249999,0.657587890625,70.872,25.94379571304091,14.8,1.1661903789690602
5797,0.07053222656250001,13.578125,0.5252441406249999,0.657587890625,69.394,26.675754234885282,14.6,1.0198039027185568
5798,0.05487792968750001,17.546875,0.5252441406249999,0.657587890625,93.998,9.651545782930318,14.6,1.0198039027185568
5799,0.05487792968750001,13.578125,0.765185546875,0.657587890625,58.786,37.30322699177646,13.4,7.914543574963751
5800,0.05487792968750001,13.578125,0.5252441406249999,0.5866308593749999,82.362,18.284612547166535,12.2,2.481934729198171
5801,0.07053222656250001,17.546875,0.765185546875,0.5866308593749999,96.856,3.7009544714843523,11.6,3.0066592756745814
5802,0.0198779296875,29.578125,0.875244140625,0.5875878906249999,94.056,5.145547978592757,13.4,1.624807680927192
5803,0.035532226562500005,29.578125,0.875244140625,0.5875878906249999,92.894,5.827468060830533,13.2,1.32664991614216
5804,0.0198779296875,33.546875,0.875244140625,0.5875878906249999,94.056,5.145547978592757,13.4,1.624807680927192
5805,0.0198779296875,29.578125,0.415185546875,0.5875878906249999,94.056,5.145547978592757,13.4,1.624807680927192
5806,0.0198779296875,29.578125,0.875244140625,0.656630859375,83.398,20.702029272513357,16.2,1.7204650534085253
5807,0.035532226562500005,33.546875,0.415185546875,0.656630859375,92.51,6.664761060983357,15.2,1.16619037896906
5808,0.0242529296875,11.578125,0.48149414062499996,0.631337890625,71.534,23.895121343069178,15.2,1.16619037896906
5809,0.0749072265625,11.578125,0.48149414062499996,0.631337890625,72.902,23.88442957242228,14.0,0.8944271909999159
5810,0.0242529296875,31.546875,0.48149414062499996,0.631337890625,93.68999999999998,5.8412430183994255,15.0,1.4142135623730951
5811,0.0242529296875,11.578125,0.983935546875,0.631337890625,30.562,36.734684645441014,9.4,8.63944442658207
5812,0.0242529296875,11.578125,0.48149414062499996,0.7003808593749999,55.55,38.48944582609627,13.4,7.337574531137657
5813,0.0749072265625,31.546875,0.983935546875,0.7003808593749999,92.93199999999999,6.377728122145063,14.8,1.1661903789690602
5814,0.059252929687500004,27.578125,0.831494140625,0.701337890625,95.792,4.0795950779458465,15.4,1.2
5815,0.0399072265625,27.578125,0.831494140625,0.701337890625,89.172,11.354247487174126,15.8,1.6
5816,0.059252929687500004,15.546875,0.831494140625,0.701337890625,57.694,38.23287464996583,12.2,6.734983296193095
5817,0.059252929687500004,27.578125,0.633935546875,0.701337890625,95.792,4.0795950779458465,15.4,1.2
5818,0.059252929687500004,27.578125,0.831494140625,0.630380859375,93.98599999999999,5.643777458404965,14.0,0.8944271909999159
5819,0.0399072265625,15.546875,0.633935546875,0.630380859375,70.072,25.132006207225082,14.4,1.0198039027185568
5820,0.0767529296875,19.578125,0.30649414062499997,0.596337890625,93.22200000000001,7.220931795828015,12.0,3.1622776601683795
5821,0.0224072265625,19.578125,0.30649414062499997,0.596337890625,91.872,6.973327469723475,13.8,1.469693845669907
5822,0.0767529296875,7.546875,0.30649414062499997,0.596337890625,79.846,19.17146379387865,12.0,3.1622776601683795
5823,0.0767529296875,19.578125,0.8089355468749999,0.596337890625,93.22200000000001,7.220931795828015,12.0,3.1622776601683795
5824,0.0767529296875,19.578125,0.30649414062499997,0.595380859375,94.234,6.033889624446242,12.0,3.1622776601683795
5825,0.0224072265625,7.546875,0.8089355468749999,0.595380859375,38.762,37.13395018039422,8.4,7.735631842325487
5826,0.0417529296875,35.578125,0.656494140625,0.6663378906249999,94.138,4.852835871941272,15.0,1.4142135623730951
5827,0.057407226562500004,35.578125,0.656494140625,0.6663378906249999,95.234,3.8983052728076593,14.8,1.1661903789690602
5828,0.0417529296875,23.546875,0.656494140625,0.6663378906249999,94.138,4.852835871941272,15.0,1.4142135623730951
5829,0.0417529296875,35.578125,0.458935546875,0.6663378906249999,94.138,4.852835871941272,15.0,1.4142135623730951
5830,0.0417529296875,35.578125,0.656494140625,0.6653808593749999,94.038,4.877808524327295,15.0,1.4142135623730951
5831,0.057407226562500004,23.546875,0.458935546875,0.6653808593749999,95.792,3.5829339932519004,14.8,1.1661903789690602
5832,0.0330029296875,15.578125,0.918994140625,0.683837890625,52.7,40.5943129021788,12.8,7.19444229944198
5833,0.0486572265625,15.578125,0.918994140625,0.683837890625,55.536,39.09905093477334,12.4,6.887670143089026
5834,0.0330029296875,35.546875,0.918994140625,0.683837890625,87.1,13.789469895539856,15.8,1.6
5835,0.0330029296875,15.578125,0.721435546875,0.683837890625,56.242000000000004,38.89661702513472,12.6,7.059745037889116
5836,0.0330029296875,15.578125,0.918994140625,0.6128808593749999,73.392,29.621198760347294,14.2,1.16619037896906
5837,0.0486572265625,35.546875,0.721435546875,0.6128808593749999,97.702,2.8104120694303907,14.0,0.8944271909999159
5838,0.0680029296875,31.578125,0.568994140625,0.6138378906249999,95.55,5.9046625644485395,13.8,0.7483314773547882
5839,0.013657226562500001,31.578125,0.568994140625,0.6138378906249999,88.794,11.762022955257313,15.4,1.4966629547095764
5840,0.0680029296875,19.546875,0.568994140625,0.6138378906249999,95.628,5.756382197179057,13.8,0.7483314773547882
5841,0.0680029296875,31.578125,0.37143554687499997,0.6138378906249999,95.55,5.9046625644485395,13.8,0.7483314773547882
5842,0.0680029296875,31.578125,0.568994140625,0.682880859375,93.2,6.071022978049086,14.8,1.1661903789690602
5843,0.013657226562500001,19.546875,0.37143554687499997,0.682880859375,56.036,42.77354911624706,9.6,8.685620300243386
5844,0.0505029296875,7.578125,0.7439941406249999,0.7188378906249999,60.653999999999996,37.22335804303529,14.6,8.593020423576334
5845,0.0311572265625,7.578125,0.7439941406249999,0.7188378906249999,48.582,43.39736323787426,11.4,10.61319932913728
5846,0.0505029296875,11.546875,0.7439941406249999,0.7188378906249999,59.82000000000001,34.35962805386578,14.6,8.593020423576334
5847,0.0505029296875,7.578125,0.896435546875,0.7188378906249999,37.414,36.855478615804195,9.4,8.593020423576334
5848,0.0505029296875,7.578125,0.7439941406249999,0.717880859375,60.739999999999995,37.20545981438746,14.6,8.593020423576334
5849,0.0311572265625,11.546875,0.896435546875,0.717880859375,26.162,38.03337187260682,6.2,8.908422980528035
5850,0.0155029296875,23.578125,0.393994140625,0.648837890625,79.312,29.055667536644208,16.2,1.7204650534085253
5851,0.0661572265625,23.578125,0.393994140625,0.648837890625,94.37,5.440794059693861,14.2,1.16619037896906
5852,0.0155029296875,27.546875,0.393994140625,0.648837890625,79.312,29.055667536644208,16.2,1.7204650534085253
5853,0.0155029296875,23.578125,0.546435546875,0.648837890625,79.312,29.055667536644208,16.2,1.7204650534085253
5854,0.0155029296875,23.578125,0.393994140625,0.647880859375,79.36999999999999,28.53481943170484,16.2,1.7204650534085253
5855,0.0661572265625,27.546875,0.546435546875,0.647880859375,94.438,5.402667489305629,14.2,1.16619037896906
5856,0.017690429687500002,6.578125,0.8533691406249999,0.653212890625,28.451999999999998,37.249377122309035,6.0,8.62554346113913
5857,0.024594726562500002,6.578125,0.8533691406249999,0.653212890625,31.96,36.5633783997048,9.8,8.975522268926749
5858,0.017690429687500002,18.546875,0.8533691406249999,0.653212890625,70.97200000000001,33.39400988201327,12.2,6.675327707311454
5859,0.017690429687500002,6.578125,0.305810546875,0.653212890625,68.20599999999999,28.97774152690302,16.4,1.854723699099141
5860,0.017690429687500002,6.578125,0.8533691406249999,0.713505859375,20.0,40.0,2.4,6.8
5861,0.024594726562500002,18.546875,0.305810546875,0.713505859375,57.336,39.79151547754873,13.2,7.277362159464101
5862,0.052690429687500005,22.578125,0.503369140625,0.5832128906249999,95.44800000000001,5.0082787462360745,12.2,2.481934729198171
5863,0.059594726562500006,22.578125,0.503369140625,0.5832128906249999,96.296,5.000390384759973,11.8,2.6381811916545836
5864,0.052690429687500005,34.546875,0.503369140625,0.5832128906249999,95.44800000000001,5.0082787462360745,12.2,2.481934729198171
5865,0.052690429687500005,22.578125,0.655810546875,0.5832128906249999,95.44800000000001,5.0082787462360745,12.2,2.481934729198171
5866,0.052690429687500005,22.578125,0.503369140625,0.6435058593749999,95.068,4.583061858626828,14.2,1.16619037896906
5867,0.059594726562500006,34.546875,0.655810546875,0.6435058593749999,93.044,6.673801315592187,14.2,1.16619037896906
5868,0.0701904296875,14.578125,0.678369140625,0.688212890625,63.462,35.03086090863312,11.6,6.406246951218788
5869,0.07709472656250001,14.578125,0.678369140625,0.688212890625,64.27799999999999,34.60184526871363,11.4,6.343500610861483
5870,0.0701904296875,26.546875,0.678369140625,0.688212890625,92.93799999999999,6.153016821039904,14.8,1.1661903789690602
5871,0.0701904296875,14.578125,0.48081054687499997,0.688212890625,72.048,26.407627988897453,14.8,1.1661903789690602
5872,0.0701904296875,14.578125,0.678369140625,0.608505859375,67.62,29.340500336565494,12.6,2.4166091947189146
5873,0.07709472656250001,26.546875,0.48081054687499997,0.608505859375,97.25,3.730179620340017,12.4,2.8
5874,0.035190429687500004,30.578125,0.328369140625,0.618212890625,92.416,6.422611929736998,14.2,1.16619037896906
5875,0.042094726562500004,30.578125,0.328369140625,0.618212890625,91.21799999999999,7.332564080865574,14.2,1.16619037896906
5876,0.035190429687500004,10.546875,0.328369140625,0.618212890625,78.226,19.310262142187504,14.4,1.0198039027185568
5877,0.035190429687500004,30.578125,0.830810546875,0.618212890625,92.416,6.422611929736998,14.2,1.16619037896906
5878,0.035190429687500004,30.578125,0.328369140625,0.678505859375,90.75800000000001,7.8443416549765335,15.8,1.6
5879,0.042094726562500004,10.546875,0.830810546875,0.678505859375,36.682,36.7466321722141,9.4,8.593020423576334
5880,0.043940429687500004,18.578125,0.590869140625,0.6357128906249999,95.44200000000001,3.9011813595371323,14.2,1.16619037896906
5881,0.0333447265625,18.578125,0.590869140625,0.6357128906249999,91.60000000000001,9.078407349309677,15.0,1.4142135623730951
5882,0.043940429687500004,14.546875,0.590869140625,0.6357128906249999,67.854,30.68977002194705,11.2,6.20966987850401
5883,0.043940429687500004,18.578125,0.568310546875,0.6357128906249999,95.44200000000001,3.9011813595371323,14.2,1.16619037896906
5884,0.043940429687500004,18.578125,0.590869140625,0.5910058593749999,91.79400000000001,6.752728633670985,13.2,1.32664991614216
5885,0.0333447265625,14.546875,0.568310546875,0.5910058593749999,82.226,17.12587002169525,13.2,1.32664991614216
5886,0.07894042968750001,34.578125,0.940869140625,0.705712890625,92.918,6.380625047751981,14.8,1.1661903789690602
5887,0.0683447265625,34.578125,0.940869140625,0.705712890625,93.77199999999999,5.955251128206098,15.0,1.4142135623730951
5888,0.07894042968750001,30.546875,0.940869140625,0.705712890625,92.918,6.380625047751981,14.8,1.1661903789690602
5889,0.07894042968750001,34.578125,0.9183105468749999,0.705712890625,92.918,6.380625047751981,14.8,1.1661903789690602
5890,0.07894042968750001,34.578125,0.940869140625,0.661005859375,95.796,5.172761738182033,14.2,0.9797958971132712
5891,0.0683447265625,30.546875,0.9183105468749999,0.661005859375,94.848,6.167172447726752,14.4,1.2
5892,0.061440429687500006,10.578125,0.41586914062499997,0.600712890625,75.89,21.78540704232996,13.6,0.8
5893,0.050844726562500005,10.578125,0.41586914062499997,0.600712890625,75.276,22.00314759301496,13.6,0.8
5894,0.061440429687500006,22.546875,0.41586914062499997,0.600712890625,94.30399999999999,4.937228372275282,13.6,0.8
5895,0.061440429687500006,10.578125,0.393310546875,0.600712890625,76.894,20.848056600076664,13.6,0.8
5896,0.061440429687500006,10.578125,0.41586914062499997,0.6960058593749999,75.31,21.496712306769144,15.4,1.2
5897,0.050844726562500005,22.546875,0.393310546875,0.6960058593749999,92.378,6.923127616908418,15.4,1.2
5898,0.026440429687500003,26.578125,0.765869140625,0.670712890625,83.454,20.136491849376345,16.0,1.4142135623730951
5899,0.0158447265625,26.578125,0.765869140625,0.670712890625,68.16,38.13924435538806,13.2,7.222188034107115
5900,0.026440429687500003,6.546875,0.765869140625,0.670712890625,31.32,36.73004437786592,9.8,8.975522268926749
5901,0.026440429687500003,26.578125,0.743310546875,0.670712890625,83.454,20.136491849376345,16.0,1.4142135623730951
5902,0.026440429687500003,26.578125,0.765869140625,0.626005859375,93.788,5.901970518394685,14.8,1.469693845669907
5903,0.0158447265625,6.546875,0.743310546875,0.626005859375,33.336,36.52732380013625,9.6,8.8
5904,0.0220654296875,12.578125,0.459619140625,0.714462890625,47.802,43.46287169527573,9.6,8.754427451295717
5905,0.05521972656250001,12.578125,0.459619140625,0.714462890625,68.92999999999999,28.03577999628332,15.6,1.3564659966250536
5906,0.0220654296875,8.546875,0.459619140625,0.714462890625,50.054,42.5589330693334,9.6,8.754427451295717
5907,0.0220654296875,12.578125,0.612060546875,0.714462890625,43.513999999999996,46.2379193303505,7.2,10.43839068055991
5908,0.0220654296875,12.578125,0.459619140625,0.5822558593749999,78.258,18.48472493709333,13.0,1.6733200530681511
5909,0.05521972656250001,8.546875,0.612060546875,0.5822558593749999,66.22200000000001,30.218215301370797,12.2,2.7856776554368237
5910,0.05706542968750001,28.578125,0.809619140625,0.644462890625,93.81400000000001,6.026486870474371,14.2,1.16619037896906
5911,0.020219726562500002,28.578125,0.809619140625,0.644462890625,86.61999999999999,17.458738786063556,15.8,1.469693845669907
5912,0.05706542968750001,24.546875,0.809619140625,0.644462890625,93.81400000000001,6.026486870474371,14.2,1.16619037896906
5913,0.05706542968750001,28.578125,0.9620605468749999,0.644462890625,93.81400000000001,6.026486870474371,14.2,1.16619037896906
5914,0.05706542968750001,28.578125,0.809619140625,0.652255859375,95.82600000000001,4.506833034404534,14.4,1.2
5915,0.020219726562500002,24.546875,0.9620605468749999,0.652255859375,82.50200000000001,20.629738146665847,16.2,1.7204650534085253
5916,0.0745654296875,4.578125,0.6346191406249999,0.679462890625,65.312,31.20807805681087,11.6,6.406246951218788
5917,0.0377197265625,4.578125,0.6346191406249999,0.679462890625,63.95399999999999,32.216359570876406,12.4,6.887670143089026
5918,0.0745654296875,32.546875,0.6346191406249999,0.679462890625,96.17999999999999,4.517946436158801,14.4,1.2
5919,0.0745654296875,4.578125,0.43706054687499996,0.679462890625,74.662,22.294940591981852,14.8,1.1661903789690602
5920,0.0745654296875,4.578125,0.6346191406249999,0.687255859375,65.35600000000001,31.743979964711418,11.6,6.406246951218788
5921,0.0377197265625,32.546875,0.43706054687499996,0.687255859375,91.128,7.857952405048023,15.8,1.6
5922,0.0395654296875,20.578125,0.984619140625,0.6094628906249999,95.632,4.470156149397915,14.0,0.8944271909999159
5923,0.0727197265625,20.578125,0.984619140625,0.6094628906249999,97.038,2.92995836147888,12.8,2.481934729198171
5924,0.0395654296875,16.546875,0.984619140625,0.6094628906249999,87.864,19.51146186219782,14.0,0.8944271909999159
5925,0.0395654296875,20.578125,0.7870605468749999,0.6094628906249999,95.632,4.470156149397915,14.0,0.8944271909999159
5926,0.0395654296875,20.578125,0.984619140625,0.6172558593749999,91.506,7.042657452978956,14.2,1.16619037896906
5927,0.0727197265625,16.546875,0.7870605468749999,0.6172558593749999,95.092,7.647016150107179,13.8,0.7483314773547882
5928,0.0308154296875,8.578125,0.722119140625,0.591962890625,60.188,34.994704970895235,13.4,8.114185110040317
5929,0.06396972656250001,8.578125,0.722119140625,0.591962890625,59.775999999999996,35.16293366600688,11.2,7.547184905645283
5930,0.0308154296875,4.546875,0.722119140625,0.591962890625,61.222,35.32221986229065,13.2,8.059776671843954
5931,0.0308154296875,8.578125,0.349560546875,0.591962890625,78.01199999999999,19.304533560798614,13.4,1.0198039027185568
5932,0.0308154296875,8.578125,0.722119140625,0.704755859375,52.786,39.89541507491808,11.2,10.361467077590895
5933,0.06396972656250001,4.546875,0.349560546875,0.704755859375,78.238,18.753152694947055,15.4,1.2
5934,0.06581542968750001,24.578125,0.37211914062499996,0.6619628906249999,95.688,5.350788353130777,14.4,1.2
5935,0.0289697265625,24.578125,0.37211914062499996,0.6619628906249999,90.88199999999999,9.034760428478446,15.6,1.624807680927192
5936,0.06581542968750001,20.546875,0.37211914062499996,0.6619628906249999,95.688,5.350788353130777,14.4,1.2
5937,0.06581542968750001,24.578125,0.6995605468749999,0.6619628906249999,95.688,5.350788353130777,14.4,1.2
5938,0.06581542968750001,24.578125,0.37211914062499996,0.634755859375,94.606,4.995536407634322,14.0,0.8944271909999159
5939,0.0289697265625,20.546875,0.6995605468749999,0.634755859375,93.97200000000001,5.93646157235099,15.0,1.4142135623730951
5940,0.04831542968750001,16.578125,0.8971191406249999,0.626962890625,81.61600000000001,19.78881967172373,14.2,1.16619037896906
5941,0.011469726562500001,16.578125,0.8971191406249999,0.626962890625,65.022,32.854706451283356,12.0,6.572670690061994
5942,0.04831542968750001,28.546875,0.8971191406249999,0.626962890625,90.90799999999999,7.470735974453924,14.2,1.16619037896906
5943,0.04831542968750001,16.578125,0.524560546875,0.626962890625,85.16,14.399693052284135,14.2,1.16619037896906
5944,0.04831542968750001,16.578125,0.8971191406249999,0.599755859375,89.638,11.948706038730723,13.4,1.0198039027185568
5945,0.011469726562500001,28.546875,0.524560546875,0.599755859375,92.368,6.472493800692282,14.2,1.7204650534085253
5946,0.013315429687500002,32.578125,0.547119140625,0.6969628906249999,51.862,44.876142614979734,9.8,8.840814442120138
5947,0.04646972656250001,32.578125,0.547119140625,0.6969628906249999,91.422,7.048019296227841,15.6,1.3564659966250536
5948,0.013315429687500002,12.546875,0.547119140625,0.6969628906249999,42.134,47.407761221133406,7.4,10.594338110519223
5949,0.013315429687500002,32.578125,0.874560546875,0.6969628906249999,51.862,44.876142614979734,9.8,8.840814442120138
5950,0.013315429687500002,32.578125,0.547119140625,0.6697558593749999,66.29400000000001,39.667917313617565,13.2,7.222188034107115
5951,0.04646972656250001,12.546875,0.874560546875,0.6697558593749999,34.248000000000005,37.00048129416697,9.2,8.4
5952,0.0122216796875,9.078125,0.317431640625,0.6685253906249999,55.65,39.703190803762865,13.6,7.364781055808788
5953,0.0344384765625,9.078125,0.317431640625,0.6685253906249999,79.514,17.429716693050405,15.8,1.6
5954,0.0122216796875,16.046875,0.317431640625,0.6685253906249999,54.302,40.033745965122975,13.4,7.310266752998826
5955,0.0122216796875,9.078125,0.49174804687499996,0.6685253906249999,51.272000000000006,41.20362042345308,13.8,7.467261881037788
5956,0.0122216796875,9.078125,0.317431640625,0.650068359375,62.15599999999999,36.93151965462564,12.8,6.968500556073739
5957,0.0344384765625,16.046875,0.49174804687499996,0.650068359375,80.298,16.83214353550967,15.0,1.4142135623730951
5958,0.047221679687500004,25.078125,0.667431640625,0.598525390625,93.34,5.716778813282879,13.4,1.0198039027185568
5959,0.0694384765625,25.078125,0.667431640625,0.598525390625,94.578,6.4766052836343215,12.2,2.7856776554368237
5960,0.047221679687500004,32.046875,0.667431640625,0.598525390625,93.34,5.716778813282879,13.4,1.0198039027185568
5961,0.047221679687500004,25.078125,0.841748046875,0.598525390625,93.34,5.716778813282879,13.4,1.0198039027185568
5962,0.047221679687500004,25.078125,0.667431640625,0.580068359375,96.03799999999998,4.796250201980711,13.0,1.6733200530681511
5963,0.0694384765625,32.046875,0.841748046875,0.580068359375,95.72999999999999,5.243990846673935,10.2,3.4871191548325386
5964,0.0647216796875,17.078125,0.492431640625,0.703525390625,86.588,14.906089225548062,15.0,1.4142135623730951
5965,0.05193847656250001,17.078125,0.492431640625,0.703525390625,80.72,17.850549571371747,15.6,1.3564659966250536
5966,0.0647216796875,24.046875,0.492431640625,0.703525390625,94.566,5.327857355447872,15.0,1.4142135623730951
5967,0.0647216796875,17.078125,0.31674804687499997,0.703525390625,89.388,11.56365236419705,15.0,1.4142135623730951
5968,0.0647216796875,17.078125,0.492431640625,0.6150683593749999,96.184,5.116039874746873,13.8,0.7483314773547882
5969,0.05193847656250001,24.046875,0.31674804687499997,0.6150683593749999,97.712,3.093705868372108,14.0,0.8944271909999159
5970,0.029721679687500002,33.078125,0.8424316406249999,0.633525390625,94.446,5.74818788836969,15.0,1.4142135623730951
5971,0.0169384765625,33.078125,0.8424316406249999,0.633525390625,84.72,18.232242868062063,15.6,1.3564659966250536
5972,0.029721679687500002,8.046875,0.8424316406249999,0.633525390625,33.962,36.528595045525634,9.2,8.423775875461075
5973,0.029721679687500002,33.078125,0.666748046875,0.633525390625,94.446,5.74818788836969,15.0,1.4142135623730951
5974,0.029721679687500002,33.078125,0.8424316406249999,0.685068359375,84.47800000000001,21.04573343934585,16.2,1.7204650534085253
5975,0.0169384765625,8.046875,0.666748046875,0.685068359375,46.67,43.97412693846235,5.6,8.089499366462675
5976,0.0384716796875,13.078125,0.754931640625,0.616025390625,57.628,37.50739148487935,13.6,8.380930735902785
5977,0.0256884765625,13.078125,0.754931640625,0.616025390625,58.589999999999996,37.155344703016816,14.0,8.48528137423857
5978,0.0384716796875,12.046875,0.754931640625,0.616025390625,36.7,37.06819391338078,8.4,7.735631842325487
5979,0.0384716796875,13.078125,0.404248046875,0.616025390625,73.724,22.61465772458208,14.4,1.0198039027185568
5980,0.0384716796875,13.078125,0.754931640625,0.632568359375,59.04600000000001,36.95953765944591,13.8,8.423775875461075
5981,0.0256884765625,12.046875,0.404248046875,0.632568359375,72.35799999999999,24.398793740674968,15.2,1.16619037896906
5982,0.0734716796875,29.078125,0.404931640625,0.686025390625,94.316,5.88443574185325,14.6,1.3564659966250536
5983,0.06068847656250001,29.078125,0.404931640625,0.686025390625,91.88199999999999,6.773171782850337,14.8,1.1661903789690602
5984,0.0734716796875,28.046875,0.404931640625,0.686025390625,94.316,5.88443574185325,14.6,1.3564659966250536
5985,0.0734716796875,29.078125,0.7542480468749999,0.686025390625,94.316,5.88443574185325,14.6,1.3564659966250536
5986,0.0734716796875,29.078125,0.404931640625,0.702568359375,92.75399999999999,6.191544556893699,14.8,1.1661903789690602
5987,0.06068847656250001,28.046875,0.7542480468749999,0.702568359375,95.696,4.111927042154324,15.4,1.2
5988,0.055971679687500005,5.078125,0.929931640625,0.5810253906249999,38.872,37.15013561213472,8.0,7.37563556583431
5989,0.0781884765625,5.078125,0.929931640625,0.5810253906249999,58.414,37.922076736381406,10.4,7.445804187594515
5990,0.055971679687500005,20.046875,0.929931640625,0.5810253906249999,95.972,5.959967785147838,11.6,2.727636339397171
5991,0.055971679687500005,5.078125,0.579248046875,0.5810253906249999,70.9,28.60940334924865,13.4,1.0198039027185568
5992,0.055971679687500005,5.078125,0.929931640625,0.6675683593749999,37.146,36.81255198977653,9.0,8.221921916437786
5993,0.0781884765625,20.046875,0.579248046875,0.6675683593749999,95.334,5.2132201181227735,14.4,1.2
5994,0.0209716796875,21.078125,0.5799316406249999,0.651025390625,83.59,20.127658582160024,15.8,1.469693845669907
5995,0.04318847656250001,21.078125,0.5799316406249999,0.651025390625,92.73799999999999,7.128602668125081,14.8,1.1661903789690602
5996,0.0209716796875,4.046875,0.5799316406249999,0.651025390625,60.88800000000001,33.55676468314548,16.2,1.7204650534085253
5997,0.0209716796875,21.078125,0.929248046875,0.651025390625,83.59,20.127658582160024,15.8,1.469693845669907
5998,0.0209716796875,21.078125,0.5799316406249999,0.597568359375,91.102,7.284793476825546,14.0,1.4142135623730951
5999,0.04318847656250001,4.046875,0.929248046875,0.597568359375,34.67999999999999,36.552086670941236,8.2,7.547184905645283
6000,0.025346679687500002,19.078125,0.973681640625,0.6947753906249999,65.372,39.108041832850695,12.8,6.997142273814361
6001,0.0650634765625,19.078125,0.973681640625,0.6947753906249999,92.376,6.592239680108724,14.8,1.1661903789690602
6002,0.025346679687500002,10.046875,0.973681640625,0.6947753906249999,26.889999999999997,37.910201265622426,6.2,8.908422980528035
6003,0.025346679687500002,19.078125,0.447998046875,0.6947753906249999,70.548,34.25062884094247,12.8,6.997142273814361
6004,0.025346679687500002,19.078125,0.973681640625,0.6413183593749999,87.006,13.305987524419223,15.2,1.16619037896906
6005,0.0650634765625,10.046875,0.447998046875,0.6413183593749999,74.21400000000001,23.114474772315287,14.6,1.0198039027185568
6006,0.06034667968750001,35.078125,0.623681640625,0.624775390625,96.13,4.7971283076440665,14.0,0.8944271909999159
6007,0.030063476562500004,35.078125,0.623681640625,0.624775390625,93.804,5.476424380925936,14.4,1.0198039027185568
6008,0.06034667968750001,26.046875,0.623681640625,0.624775390625,96.13,4.7971283076440665,14.0,0.8944271909999159
6009,0.06034667968750001,35.078125,0.797998046875,0.624775390625,96.13,4.7971283076440665,14.0,0.8944271909999159
6010,0.06034667968750001,35.078125,0.623681640625,0.711318359375,93.76199999999999,5.1751730405852125,15.4,1.2
6011,0.030063476562500004,26.046875,0.797998046875,0.711318359375,75.70599999999999,30.486175621090943,12.8,6.997142273814361
6012,0.0778466796875,11.078125,0.7986816406249999,0.659775390625,57.71,36.24682606794698,12.4,6.974238309665077
6013,0.0125634765625,11.078125,0.7986816406249999,0.659775390625,26.262,37.81582018150605,6.2,8.908422980528035
6014,0.0778466796875,34.046875,0.7986816406249999,0.659775390625,95.662,5.258913956322158,14.2,0.9797958971132712
6015,0.0778466796875,11.078125,0.622998046875,0.659775390625,66.092,28.857253091727216,15.6,1.9595917942265424
6016,0.0778466796875,11.078125,0.7986816406249999,0.676318359375,57.49400000000001,36.45152046211516,12.6,7.059745037889116
6017,0.0125634765625,34.046875,0.622998046875,0.676318359375,61.446000000000005,42.870049964981376,9.6,8.662563131083086
6018,0.04284667968750001,27.078125,0.448681640625,0.589775390625,91.358,7.088758424435129,13.2,1.32664991614216
6019,0.047563476562500005,27.078125,0.448681640625,0.589775390625,91.888,6.680956218985425,13.2,1.32664991614216
6020,0.04284667968750001,18.046875,0.448681640625,0.589775390625,91.358,7.088758424435129,13.2,1.32664991614216
6021,0.04284667968750001,27.078125,0.9729980468749999,0.589775390625,91.358,7.088758424435129,13.2,1.32664991614216
6022,0.04284667968750001,27.078125,0.448681640625,0.606318359375,96.482,3.293911959964929,13.8,0.9797958971132713
6023,0.047563476562500005,18.046875,0.9729980468749999,0.606318359375,95.7,3.8928498558254194,13.6,0.8
6024,0.0340966796875,7.078125,0.536181640625,0.6072753906249999,69.168,27.94916628452448,14.4,1.0198039027185568
6025,0.056313476562500006,7.078125,0.536181640625,0.6072753906249999,70.23400000000001,27.641867230706396,14.0,0.8944271909999159
6026,0.0340966796875,6.046875,0.536181640625,0.6072753906249999,66.7,29.099754638140848,14.4,1.0198039027185568
6027,0.0340966796875,7.078125,0.5354980468749999,0.6072753906249999,69.33200000000001,27.835789480451243,14.4,1.0198039027185568
6028,0.0340966796875,7.078125,0.536181640625,0.658818359375,68.96400000000001,28.275862922287622,15.4,1.2
6029,0.056313476562500006,6.046875,0.5354980468749999,0.658818359375,68.39,28.167151790694067,14.8,1.1661903789690602
6030,0.06909667968750001,23.078125,0.886181640625,0.677275390625,95.812,3.882686698666273,14.6,1.3564659966250536
6031,0.021313476562500003,23.078125,0.886181640625,0.677275390625,75.362,30.385374376498966,12.6,6.887670143089026
6032,0.06909667968750001,22.046875,0.886181640625,0.677275390625,95.812,3.882686698666273,14.6,1.3564659966250536
6033,0.06909667968750001,23.078125,0.885498046875,0.677275390625,95.812,3.882686698666273,14.6,1.3564659966250536
6034,0.06909667968750001,23.078125,0.886181640625,0.5888183593749999,94.718,5.707263442316292,11.6,3.0066592756745814
6035,0.021313476562500003,22.046875,0.885498046875,0.5888183593749999,93.072,6.320580353100496,13.4,1.624807680927192
6036,0.05159667968750001,15.078125,0.36118164062499997,0.6422753906249999,79.096,17.83608208099525,14.2,1.16619037896906
6037,0.038813476562500004,15.078125,0.36118164062499997,0.6422753906249999,77.28,19.124613460146065,15.0,1.4142135623730951
6038,0.05159667968750001,30.046875,0.36118164062499997,0.6422753906249999,95.068,4.704335872362858,14.2,1.16619037896906
6039,0.05159667968750001,15.078125,0.360498046875,0.6422753906249999,79.312,17.652326079018593,14.2,1.16619037896906
6040,0.05159667968750001,15.078125,0.36118164062499997,0.623818359375,84.888,12.997411126835988,14.2,1.16619037896906
6041,0.038813476562500004,30.046875,0.360498046875,0.623818359375,93.002,5.760143748206288,14.2,1.16619037896906
6042,0.0165966796875,31.078125,0.711181640625,0.712275390625,50.44,44.730016767267145,10.0,9.033271832508971
6043,0.07381347656250001,31.078125,0.711181640625,0.712275390625,93.418,6.34513482914272,14.8,1.1661903789690602
6044,0.0165966796875,14.046875,0.711181640625,0.712275390625,40.248000000000005,48.78940475144168,7.6,10.910545357588683
6045,0.0165966796875,31.078125,0.710498046875,0.712275390625,50.44,44.730016767267145,10.0,9.033271832508971
6046,0.0165966796875,31.078125,0.711181640625,0.693818359375,61.196000000000005,43.39559867083297,9.4,8.5463442476886
6047,0.07381347656250001,14.046875,0.710498046875,0.693818359375,61.855999999999995,36.44214186899557,11.6,6.406246951218788
6048,0.0144091796875,14.078125,0.645556640625,0.5854003906249999,79.862,20.603080740510627,13.6,1.624807680927192
6049,0.0147509765625,14.078125,0.645556640625,0.5854003906249999,80.064,20.37401148522303,13.6,1.624807680927192
6050,0.0144091796875,23.046875,0.645556640625,0.5854003906249999,92.644,6.27382690229815,13.6,1.624807680927192
6051,0.0144091796875,14.078125,0.8636230468749999,0.5854003906249999,75.572,25.772341298376443,16.0,4.8166378315169185
6052,0.0144091796875,14.078125,0.645556640625,0.628193359375,58.596000000000004,36.94890829239749,12.8,7.110555533852471
6053,0.0147509765625,23.046875,0.8636230468749999,0.628193359375,83.092,20.41289337649124,15.6,1.3564659966250536
6054,0.049409179687500006,30.078125,0.995556640625,0.655400390625,95.47999999999999,4.8078435914659305,14.8,1.1661903789690602
6055,0.04975097656250001,30.078125,0.995556640625,0.655400390625,95.88399999999999,4.433123503806319,14.8,1.1661903789690602
6056,0.049409179687500006,7.046875,0.995556640625,0.655400390625,35.272000000000006,36.596184719175305,9.0,8.221921916437786
6057,0.049409179687500006,30.078125,0.513623046875,0.655400390625,95.47999999999999,4.8078435914659305,14.8,1.1661903789690602
6058,0.049409179687500006,30.078125,0.995556640625,0.6981933593749999,91.11600000000001,7.273454749979545,15.6,1.3564659966250536
6059,0.04975097656250001,7.046875,0.513623046875,0.6981933593749999,69.20599999999999,27.81374954945845,15.6,1.3564659966250536
6060,0.0669091796875,6.078125,0.47055664062499997,0.620400390625,71.816,24.859258717829864,14.0,0.8944271909999159
6061,0.06725097656250001,6.078125,0.47055664062499997,0.620400390625,71.764,24.880690183353035,14.0,0.8944271909999159
6062,0.0669091796875,15.046875,0.47055664062499997,0.620400390625,86.858,16.608386315352853,14.0,0.8944271909999159
6063,0.0669091796875,6.078125,0.688623046875,0.620400390625,60.126,35.8937674812773,12.8,7.547184905645283
6064,0.0669091796875,6.078125,0.47055664062499997,0.663193359375,70.984,25.29345417296736,14.6,1.0198039027185568
6065,0.06725097656250001,15.046875,0.688623046875,0.663193359375,62.184000000000005,34.768499881358125,11.2,6.20966987850401
6066,0.031909179687500004,22.078125,0.820556640625,0.690400390625,84.84400000000001,20.528154909781833,16.0,1.4142135623730951
6067,0.032250976562500006,22.078125,0.820556640625,0.690400390625,85.232,19.855032007025322,16.0,1.4142135623730951
6068,0.031909179687500004,31.046875,0.820556640625,0.690400390625,84.84400000000001,20.528154909781833,16.0,1.4142135623730951
6069,0.031909179687500004,22.078125,0.338623046875,0.690400390625,84.84400000000001,20.528154909781833,16.0,1.4142135623730951
6070,0.031909179687500004,22.078125,0.820556640625,0.593193359375,94.87,4.40741193899549,13.4,1.0198039027185568
6071,0.032250976562500006,31.046875,0.338623046875,0.593193359375,94.876,4.406352686746714,13.4,1.0198039027185568
6072,0.040659179687500005,10.078125,0.9080566406249999,0.707900390625,33.182,36.603494040869926,9.8,8.975522268926749
6073,0.041000976562500006,10.078125,0.9080566406249999,0.707900390625,33.236,36.5875304441281,9.8,8.975522268926749
6074,0.040659179687500005,27.046875,0.9080566406249999,0.707900390625,88.28200000000001,13.367519440793789,15.8,1.6
6075,0.040659179687500005,10.078125,0.776123046875,0.707900390625,36.132,36.214899917023104,9.8,8.975522268926749
6076,0.040659179687500005,10.078125,0.9080566406249999,0.680693359375,35.275999999999996,36.60136478329735,9.4,8.593020423576334
6077,0.041000976562500006,27.046875,0.776123046875,0.680693359375,92.622,6.680432321339692,15.4,1.2
6078,0.0756591796875,26.078125,0.558056640625,0.6379003906249999,95.31,5.89631749484371,14.0,0.8944271909999159
6079,0.0760009765625,26.078125,0.558056640625,0.6379003906249999,95.174,6.093851327362687,14.0,0.8944271909999159
6080,0.0756591796875,11.046875,0.558056640625,0.6379003906249999,69.524,26.766322571470294,14.0,0.8944271909999159
6081,0.0756591796875,26.078125,0.426123046875,0.6379003906249999,95.31,5.89631749484371,14.0,0.8944271909999159
6082,0.0756591796875,26.078125,0.558056640625,0.6106933593749999,97.65799999999999,3.0595450642211497,12.8,2.481934729198171
6083,0.0760009765625,11.046875,0.426123046875,0.6106933593749999,76.95599999999999,19.80738609711034,12.8,2.481934729198171
6084,0.05815917968750001,18.078125,0.733056640625,0.672900390625,91.724,6.891042301422912,14.8,1.1661903789690602
6085,0.05850097656250001,18.078125,0.733056640625,0.672900390625,92.116,6.65768908856519,14.8,1.1661903789690602
6086,0.05815917968750001,19.046875,0.733056640625,0.672900390625,91.644,6.973256341193832,14.8,1.1661903789690602
6087,0.05815917968750001,18.078125,0.951123046875,0.672900390625,91.724,6.891042301422912,14.8,1.1661903789690602
6088,0.05815917968750001,18.078125,0.733056640625,0.6456933593749999,93.932,6.023332632355613,14.2,1.16619037896906
6089,0.05850097656250001,19.046875,0.951123046875,0.6456933593749999,93.82000000000001,6.141377695598927,14.2,1.16619037896906
6090,0.023159179687500003,34.078125,0.383056640625,0.602900390625,92.104,6.77718112492207,14.2,1.16619037896906
6091,0.0235009765625,34.078125,0.383056640625,0.602900390625,92.444,6.420547017194093,14.2,1.16619037896906
6092,0.023159179687500003,35.046875,0.383056640625,0.602900390625,92.09200000000001,6.790409118749767,14.2,1.16619037896906
6093,0.023159179687500003,34.078125,0.601123046875,0.602900390625,92.104,6.77718112492207,14.2,1.16619037896906
6094,0.023159179687500003,34.078125,0.383056640625,0.715693359375,62.44,42.523249640637765,13.4,7.337574531137657
6095,0.0235009765625,35.046875,0.601123046875,0.715693359375,62.68399999999999,42.22264255112415,13.4,7.337574531137657
6096,0.0187841796875,4.078125,0.6893066406249999,0.646650390625,56.251999999999995,37.414052119491146,14.6,8.452218643646175
6097,0.0453759765625,4.078125,0.6893066406249999,0.646650390625,62.912,33.55728916345896,13.6,8.16333265278342
6098,0.0187841796875,29.046875,0.6893066406249999,0.646650390625,83.36800000000001,20.862875544852393,16.0,1.7888543819998317
6099,0.0187841796875,4.078125,0.819873046875,0.646650390625,52.227999999999994,41.01304689973667,15.0,8.740709353364863
6100,0.0187841796875,4.078125,0.6893066406249999,0.6719433593749999,50.870000000000005,41.58424653639886,11.2,10.361467077590895
6101,0.0453759765625,29.046875,0.819873046875,0.6719433593749999,94.38399999999999,4.593772306068293,15.0,1.4142135623730951
6102,0.0537841796875,20.078125,0.339306640625,0.7166503906249999,92.218,6.354609035967515,15.6,1.3564659966250536
6103,0.0103759765625,20.078125,0.339306640625,0.7166503906249999,40.452,48.62774121836218,6.6,9.329523031752482
6104,0.0537841796875,13.046875,0.339306640625,0.7166503906249999,76.91600000000001,19.981244806067515,15.8,1.6
6105,0.0537841796875,20.078125,0.469873046875,0.7166503906249999,92.218,6.354609035967515,15.6,1.3564659966250536
6106,0.0537841796875,20.078125,0.339306640625,0.601943359375,93.542,5.816532987957689,13.6,0.8
6107,0.0103759765625,13.046875,0.469873046875,0.601943359375,70.112,24.91148602552646,15.0,1.8973665961010275
6108,0.0712841796875,12.078125,0.864306640625,0.6116503906249999,54.86,39.59557500529573,12.2,6.881860213634101
6109,0.0278759765625,12.078125,0.864306640625,0.6116503906249999,34.35,36.93730688612802,8.6,7.914543574963752
6110,0.0712841796875,5.046875,0.864306640625,0.6116503906249999,58.924,37.73691328129528,12.6,7.310266752998825
6111,0.0712841796875,12.078125,0.994873046875,0.6116503906249999,51.608000000000004,41.372585802678564,9.0,8.390470785361213
6112,0.0712841796875,12.078125,0.864306640625,0.636943359375,55.54,39.323382865669124,12.4,7.08801805866774
6113,0.0278759765625,5.046875,0.994873046875,0.636943359375,35.384,36.60736461424121,9.2,8.423775875461075
6114,0.0362841796875,28.078125,0.514306640625,0.681650390625,90.81,7.754655375966102,15.8,1.6
6115,0.0628759765625,28.078125,0.514306640625,0.681650390625,91.63,7.102974025012338,14.8,1.1661903789690602
6116,0.0362841796875,21.046875,0.514306640625,0.681650390625,90.81,7.754655375966102,15.8,1.6
6117,0.0362841796875,28.078125,0.6448730468749999,0.681650390625,90.81,7.754655375966102,15.8,1.6
6118,0.0362841796875,28.078125,0.514306640625,0.706943359375,83.15599999999999,20.545464316972737,16.6,1.854723699099141
6119,0.0628759765625,21.046875,0.6448730468749999,0.706943359375,95.80600000000001,3.9972420492134315,15.4,1.2
6120,0.0275341796875,16.078125,0.42680664062499996,0.6641503906249999,71.326,24.95118241687155,15.8,1.6
6121,0.0716259765625,16.078125,0.42680664062499996,0.6641503906249999,88.038,14.767069309785203,14.4,1.2
6122,0.0275341796875,33.046875,0.42680664062499996,0.6641503906249999,87.602,12.949108695195978,15.8,1.6
6123,0.0275341796875,16.078125,0.9073730468749999,0.6641503906249999,58.266,35.164006370150716,12.6,7.059745037889116
6124,0.0275341796875,16.078125,0.42680664062499996,0.619443359375,85.896,13.440813368245244,14.6,1.3564659966250536
6125,0.0716259765625,33.046875,0.9073730468749999,0.619443359375,96.284,5.79418190946746,14.0,0.8944271909999159
6126,0.0625341796875,32.078125,0.7768066406249999,0.594150390625,94.89,6.2529545016735915,12.4,2.4166091947189146
6127,0.0366259765625,32.078125,0.7768066406249999,0.594150390625,94.666,4.483269342789923,13.4,1.0198039027185568
6128,0.0625341796875,17.046875,0.7768066406249999,0.594150390625,94.89,6.2529545016735915,12.4,2.4166091947189146
6129,0.0625341796875,32.078125,0.557373046875,0.594150390625,94.89,6.2529545016735915,12.4,2.4166091947189146
6130,0.0625341796875,32.078125,0.7768066406249999,0.689443359375,92.146,6.618747917846698,14.8,1.1661903789690602
6131,0.0366259765625,17.046875,0.557373046875,0.689443359375,72.836,22.596864915293004,15.8,1.6
6132,0.0450341796875,8.078125,0.601806640625,0.699150390625,64.606,30.561309919569872,16.0,1.6733200530681511
6133,0.0191259765625,8.078125,0.601806640625,0.699150390625,47.408,43.56979109428917,9.8,8.885943956609225
6134,0.0450341796875,9.046875,0.601806640625,0.699150390625,66.84,29.925465409914683,16.2,1.469693845669907
6135,0.0450341796875,8.078125,0.732373046875,0.699150390625,58.705999999999996,35.86742678252791,14.4,8.357032966310472
6136,0.0450341796875,8.078125,0.601806640625,0.654443359375,64.05600000000001,30.672322768254773,15.2,1.16619037896906
6137,0.0191259765625,9.046875,0.732373046875,0.654443359375,56.08200000000001,38.92224063437253,11.2,10.476640682967036
6138,0.0100341796875,24.078125,0.9518066406249999,0.629150390625,78.012,31.641150042310407,12.2,6.675327707311454
6139,0.054125976562500004,24.078125,0.9518066406249999,0.629150390625,92.53800000000001,6.74137493394337,14.0,0.8944271909999159
6140,0.0100341796875,25.046875,0.9518066406249999,0.629150390625,78.012,31.641150042310407,12.2,6.675327707311454
6141,0.0100341796875,24.078125,0.38237304687499996,0.629150390625,78.012,31.641150042310407,12.2,6.675327707311454
6142,0.0100341796875,24.078125,0.9518066406249999,0.5844433593749999,92.61800000000001,6.2958856406386525,13.6,1.624807680927192
6143,0.054125976562500004,25.046875,0.38237304687499996,0.5844433593749999,95.36000000000001,4.69985957237022,12.2,2.481934729198171
