row_index,w1,intervention_quarter,intervention_coverage,rebel_threshold,peak_mutiny_mean,peak_mutiny_std,collapse_quarter_mean,collapse_quarter_std
0,0.01041015625,19.9375,0.7744140625,0.6212890624999999,78.79799999999999,29.50665714715918,15.8,1.9390719429665315
1,0.06455078125000001,19.9375,0.7744140625,0.6212890624999999,97.408,4.027919562255432,14.0,0.8944271909999159
2,0.01041015625,7.4375,0.7744140625,0.6212890624999999,53.688,40.7684639887254,15.0,8.921883209278185
3,0.01041015625,19.9375,0.5556640625,0.6212890624999999,79.892,27.370879708186216,15.8,1.9390719429665315
4,0.01041015625,19.9375,0.7744140625,0.6300390625,74.394,34.766909324816325,12.2,6.675327707311454
5,0.06455078125000001,7.4375,0.5556640625,0.6300390625,70.352,28.9470049573354,14.0,0.8944271909999159
6,0.04541015625000001,35.9375,0.42441406249999997,0.6912890625,91.55799999999999,6.9169021967930115,15.6,1.3564659966250536
7,0.029550781250000005,35.9375,0.42441406249999997,0.6912890625,83.296,20.684175207148098,16.4,1.854723699099141
8,0.04541015625000001,23.4375,0.42441406249999997,0.6912890625,91.55799999999999,6.9169021967930115,15.6,1.3564659966250536
9,0.04541015625000001,35.9375,0.9056640624999999,0.6912890625,91.55799999999999,6.9169021967930115,15.6,1.3564659966250536
10,0.04541015625000001,35.9375,0.42441406249999997,0.7000390624999999,92.308,6.347413331428797,15.8,1.6
11,0.029550781250000005,23.4375,0.9056640624999999,0.7000390624999999,79.4,25.884534378659392,16.6,1.854723699099141
12,0.06291015625,11.9375,0.9494140625,0.5862890625,54.428,38.0608977298224,11.0,7.293833011524188
13,0.01205078125,11.9375,0.9494140625,0.5862890625,33.254000000000005,35.13740548190774,8.8,8.158431221748456
14,0.06291015625,31.4375,0.9494140625,0.5862890625,95.95400000000001,3.874261736124702,12.0,2.8284271247461903
15,0.06291015625,11.9375,0.38066406249999996,0.5862890625,78.744,18.21752848220636,12.0,2.8284271247461903
16,0.06291015625,11.9375,0.9494140625,0.6650390625,52.044000000000004,40.76359581783726,13.4,7.761443164772902
17,0.01205078125,31.4375,0.38066406249999996,0.6650390625,66.27000000000001,39.50711632098703,13.2,7.222188034107115
18,0.027910156250000005,27.9375,0.5994140625,0.6562890625,92.116,7.763748063918614,15.6,1.624807680927192
19,0.04705078125000001,27.9375,0.5994140625,0.6562890625,92.066,7.070696146773669,14.8,1.1661903789690602
20,0.027910156250000005,15.4375,0.5994140625,0.6562890625,64.21000000000001,32.04671527629626,12.4,6.887670143089026
21,0.027910156250000005,27.9375,0.7306640625,0.6562890625,92.116,7.763748063918614,15.6,1.624807680927192
22,0.027910156250000005,27.9375,0.5994140625,0.5950390624999999,94.07000000000001,5.888198366223747,13.4,1.0198039027185568
23,0.04705078125000001,15.4375,0.7306640625,0.5950390624999999,80.57000000000001,21.808460743482105,13.4,1.0198039027185568
24,0.036660156250000006,7.9375,0.3369140625,0.6737890624999999,78.08000000000001,19.266211874678426,15.8,1.6
25,0.05580078125000001,7.9375,0.3369140625,0.6737890624999999,76.256,20.884660974025888,14.8,1.1661903789690602
26,0.036660156250000006,11.4375,0.3369140625,0.6737890624999999,78.01,18.225665419951063,15.8,1.6
27,0.036660156250000006,7.9375,0.4681640625,0.6737890624999999,72.19800000000001,25.05806888010327,15.8,1.6
28,0.036660156250000006,7.9375,0.3369140625,0.6825390625,76.814,20.616889775133394,15.8,1.6
29,0.05580078125000001,11.4375,0.4681640625,0.6825390625,71.812,23.733666720504864,15.0,1.4142135623730951
30,0.07166015625000001,23.9375,0.6869140625,0.6037890625,96.074,4.910444379076093,12.4,2.8
31,0.02080078125,23.9375,0.6869140625,0.6037890625,93.142,5.897465218210277,14.2,1.16619037896906
32,0.07166015625000001,27.4375,0.6869140625,0.6037890625,96.074,4.910444379076093,12.4,2.8
33,0.07166015625000001,23.9375,0.8181640625,0.6037890625,96.074,4.910444379076093,12.4,2.8
34,0.07166015625000001,23.9375,0.6869140625,0.6125390625,95.926,4.499393736938345,13.8,0.7483314773547882
35,0.02080078125,27.4375,0.8181640625,0.6125390625,92.118,6.712562550918985,14.6,1.3564659966250536
36,0.05416015625000001,15.9375,0.5119140625,0.7087890625,67.94,28.74629158691604,15.6,1.3564659966250536
37,0.038300781250000006,15.9375,0.5119140625,0.7087890625,63.69,31.81637062897024,16.6,1.854723699099141
38,0.05416015625000001,35.4375,0.5119140625,0.7087890625,90.862,7.46390353635415,15.6,1.3564659966250536
39,0.05416015625000001,15.9375,0.6431640624999999,0.7087890625,62.418000000000006,34.19222859071927,12.4,6.887670143089026
40,0.05416015625000001,15.9375,0.5119140625,0.6475390624999999,72.30600000000001,24.387154487557584,14.4,1.2
41,0.038300781250000006,35.4375,0.6431640624999999,0.6475390624999999,92.89000000000001,6.134936022486298,15.0,1.4142135623730951
42,0.01916015625,31.9375,0.8619140624999999,0.6387890625,86.428,15.571447460014758,15.8,1.469693845669907
43,0.07330078125,31.9375,0.8619140624999999,0.6387890625,95.49,5.156052753803051,14.0,0.8944271909999159
44,0.01916015625,19.4375,0.8619140624999999,0.6387890625,83.34,21.443603241992705,15.8,1.469693845669907
45,0.01916015625,31.9375,0.9931640625,0.6387890625,86.428,15.571447460014758,15.8,1.469693845669907
46,0.01916015625,31.9375,0.8619140624999999,0.7175390625,51.996,44.81670429650087,9.8,8.885943956609225
47,0.07330078125,19.4375,0.9931640625,0.7175390625,94.75800000000001,5.2066127184571735,15.2,1.469693845669907
48,0.02353515625,9.9375,0.5556640625,0.6125390625,69.286,28.29203393183318,14.6,1.3564659966250536
49,0.03392578125,9.9375,0.5556640625,0.6125390625,68.688,27.711061618061475,14.4,1.0198039027185568
50,0.02353515625,13.4375,0.5556640625,0.6125390625,67.726,28.905177806060973,14.6,1.3564659966250536
51,0.02353515625,9.9375,0.42441406249999997,0.6125390625,74.77799999999999,23.080600858729827,14.6,1.3564659966250536
52,0.02353515625,9.9375,0.5556640625,0.6737890624999999,62.64399999999999,33.61921688558495,16.6,1.854723699099141
53,0.03392578125,13.4375,0.42441406249999997,0.6737890624999999,72.284,24.036912114495905,15.8,1.6
54,0.058535156250000005,25.9375,0.9056640624999999,0.6825390625,91.7,6.895656603979058,14.8,1.1661903789690602
55,0.06892578125,25.9375,0.9056640624999999,0.6825390625,93.612,5.931716109187964,14.8,1.1661903789690602
56,0.058535156250000005,29.4375,0.9056640624999999,0.6825390625,91.7,6.895656603979058,14.8,1.1661903789690602
57,0.058535156250000005,25.9375,0.7744140625,0.6825390625,91.7,6.895656603979058,14.8,1.1661903789690602
58,0.058535156250000005,25.9375,0.9056640624999999,0.6037890625,93.97200000000001,5.5021065056939795,13.6,0.8
59,0.06892578125,29.4375,0.7744140625,0.6037890625,96.326,4.539231653044376,12.6,2.4166091947189146
60,0.07603515625,17.9375,0.38066406249999996,0.6475390624999999,94.71600000000001,4.672102738596402,14.0,0.8944271909999159
61,0.051425781250000004,17.9375,0.38066406249999996,0.6475390624999999,94.142,7.713485334140464,14.4,1.2
62,0.07603515625,21.4375,0.38066406249999996,0.6475390624999999,94.71600000000001,4.672102738596402,14.0,0.8944271909999159
63,0.07603515625,17.9375,0.5994140625,0.6475390624999999,94.71600000000001,4.672102738596402,14.0,0.8944271909999159
64,0.07603515625,17.9375,0.38066406249999996,0.6387890625,95.378,5.771011696401247,14.0,0.8944271909999159
65,0.051425781250000004,21.4375,0.5994140625,0.6387890625,93.96,5.505077656128023,14.2,1.16619037896906
66,0.04103515625,33.9375,0.7306640625,0.7175390625,84.328,17.984599411718907,16.4,1.624807680927192
67,0.01642578125,33.9375,0.7306640625,0.7175390625,48.288,44.85224382346997,10.0,9.033271832508971
68,0.04103515625,5.4375,0.7306640625,0.7175390625,57.291999999999994,37.74935782235242,14.8,8.518215775618742
69,0.04103515625,33.9375,0.9494140625,0.7175390625,84.328,17.984599411718907,16.4,1.624807680927192
70,0.04103515625,33.9375,0.7306640625,0.7087890625,88.424,13.334023548801763,15.8,1.6
71,0.01642578125,5.4375,0.9494140625,0.7087890625,20.0,40.0,2.4,6.8
72,0.03228515625,13.9375,0.9931640625,0.7000390624999999,28.982,37.16218099089449,6.2,8.908422980528035
73,0.02517578125,13.9375,0.9931640625,0.7000390624999999,24.546,38.415632026559194,2.2,6.400000000000001
74,0.03228515625,17.4375,0.9931640625,0.7000390624999999,52.424,38.898113373273006,9.2,8.49470423263812
75,0.03228515625,13.9375,0.5119140625,0.7000390624999999,63.38799999999999,31.69849674669132,16.6,1.854723699099141
76,0.03228515625,13.9375,0.9931640625,0.6212890624999999,32.507999999999996,36.529386197963966,8.8,8.109253973085318
77,0.02517578125,17.4375,0.5119140625,0.6212890624999999,88.33,12.075184470640606,14.6,1.3564659966250536
78,0.06728515625,29.9375,0.6431640624999999,0.6300390625,94.962,6.488791567002286,14.0,0.8944271909999159
79,0.060175781250000004,29.9375,0.6431640624999999,0.6300390625,94.176,5.523700209098967,14.0,0.8944271909999159
80,0.06728515625,33.4375,0.6431640624999999,0.6300390625,94.962,6.488791567002286,14.0,0.8944271909999159
81,0.06728515625,29.9375,0.8619140624999999,0.6300390625,94.962,6.488791567002286,14.0,0.8944271909999159
82,0.06728515625,29.9375,0.6431640624999999,0.6912890625,91.866,6.855075783680295,14.8,1.1661903789690602
83,0.060175781250000004,33.4375,0.8619140624999999,0.6912890625,93.32400000000001,5.828463262301648,15.0,1.4142135623730951
84,0.049785156250000004,5.9375,0.8181640625,0.6650390625,58.59000000000001,37.83106448409825,14.0,8.221921916437786
85,0.07767578125,5.9375,0.8181640625,0.6650390625,59.574,37.53395135074377,12.6,7.172168430816443
86,0.049785156250000004,25.4375,0.8181640625,0.6650390625,90.672,7.618528466836624,14.8,1.1661903789690602
87,0.049785156250000004,5.9375,0.3369140625,0.6650390625,77.212,20.03627849676681,15.0,1.4142135623730951
88,0.049785156250000004,5.9375,0.8181640625,0.6562890625,59.55,37.543812273129646,14.0,8.221921916437786
89,0.07767578125,25.4375,0.3369140625,0.6562890625,95.06800000000001,5.778357552107691,14.0,0.8944271909999159
90,0.01478515625,21.9375,0.4681640625,0.5950390624999999,93.43400000000001,5.520085506584115,14.0,1.4142135623730951
91,0.04267578125,21.9375,0.4681640625,0.5950390624999999,94.096,4.966373324670629,13.4,1.0198039027185568
92,0.01478515625,9.4375,0.4681640625,0.5950390624999999,72.39,24.51558361532517,14.4,1.4966629547095764
93,0.01478515625,21.9375,0.6869140625,0.5950390624999999,93.43400000000001,5.520085506584115,14.0,1.4142135623730951
94,0.01478515625,21.9375,0.4681640625,0.5862890625,92.49600000000001,6.342222323444676,13.6,1.624807680927192
95,0.04267578125,9.4375,0.6869140625,0.5862890625,62.24000000000001,33.82209987567301,13.0,8.024961059095553
96,0.016972656250000002,4.9375,0.8837890625,0.7044140624999999,20.428,39.794631999806214,2.4,6.8
97,0.04923828125000001,4.9375,0.8837890625,0.7044140624999999,34.958,36.57101387711312,9.4,8.593020423576334
98,0.016972656250000002,32.4375,0.8837890625,0.7044140624999999,55.552,44.444827550571055,9.6,8.685620300243386
99,0.016972656250000002,4.9375,0.8837890625,0.7044140624999999,20.428,39.794631999806214,2.4,6.8
100,0.016972656250000002,4.9375,0.8837890625,0.6519140625,29.772000000000002,37.640037406995226,6.0,8.62554346113913
101,0.04923828125000001,32.4375,0.8837890625,0.6519140625,97.07600000000001,3.3364987636742787,14.6,1.0198039027185568
102,0.051972656250000006,20.9375,0.5337890624999999,0.6344140625,92.402,6.556905977669653,14.2,1.16619037896906
103,0.014238281250000002,20.9375,0.5337890624999999,0.6344140625,83.174,20.94698221701637,16.0,1.7888543819998317
104,0.051972656250000006,16.4375,0.5337890624999999,0.6344140625,85.786,14.924037791428967,14.2,1.16619037896906
105,0.051972656250000006,20.9375,0.5337890624999999,0.6344140625,92.402,6.556905977669653,14.2,1.16619037896906
106,0.051972656250000006,20.9375,0.5337890624999999,0.5819140625,95.912,4.962718609794434,12.0,2.6076809620810595
107,0.014238281250000002,16.4375,0.5337890624999999,0.5819140625,88.326,13.261399021219443,13.2,1.9390719429665315
108,0.06947265625,12.9375,0.7087890625,0.6694140625,58.529999999999994,38.00487126672053,12.8,7.249827584156743
109,0.03173828125,12.9375,0.7087890625,0.6694140625,36.782,36.865654693766125,9.4,8.593020423576334
110,0.06947265625,8.4375,0.7087890625,0.6694140625,60.576,34.3452020521062,12.8,7.249827584156743
111,0.06947265625,12.9375,0.7087890625,0.6694140625,58.529999999999994,38.00487126672053,12.8,7.249827584156743
112,0.06947265625,12.9375,0.7087890625,0.6169140624999999,58.498000000000005,37.97883747562582,12.4,7.08801805866774
113,0.03173828125,8.4375,0.7087890625,0.6169140624999999,60.13199999999999,34.79488606102914,13.4,8.114185110040317
114,0.034472656250000004,28.9375,0.3587890625,0.5994140625,95.208,4.508025731958502,13.4,1.0198039027185568
115,0.06673828125,28.9375,0.3587890625,0.5994140625,95.09400000000001,6.024189904045189,12.4,2.4166091947189146
116,0.034472656250000004,24.4375,0.3587890625,0.5994140625,95.208,4.508025731958502,13.4,1.0198039027185568
117,0.034472656250000004,28.9375,0.3587890625,0.5994140625,95.208,4.508025731958502,13.4,1.0198039027185568
118,0.034472656250000004,28.9375,0.3587890625,0.6869140625,87.82000000000001,12.586316379306536,15.8,1.6
119,0.06673828125,24.4375,0.3587890625,0.6869140625,92.39000000000001,6.802234926845734,14.8,1.1661903789690602
120,0.043222656250000005,16.9375,0.6212890625,0.5819140625,94.294,5.8729808445115825,13.0,1.6733200530681511
121,0.07548828125,16.9375,0.6212890625,0.5819140625,95.676,5.53059345821043,10.2,3.4871191548325386
122,0.043222656250000005,28.4375,0.6212890625,0.5819140625,94.294,5.8729808445115825,13.0,1.6733200530681511
123,0.043222656250000005,16.9375,0.7962890625,0.5819140625,94.294,5.8729808445115825,13.0,1.6733200530681511
124,0.043222656250000005,16.9375,0.6212890625,0.6344140625,84.572,17.000046352877984,14.2,1.16619037896906
125,0.07548828125,28.4375,0.7962890625,0.6344140625,94.898,6.52944224264217,14.0,0.8944271909999159
126,0.07822265625000001,32.9375,0.9712890624999999,0.6519140625,94.346,5.865238614071896,14.0,0.8944271909999159
127,0.04048828125,32.9375,0.9712890624999999,0.6519140625,91.88399999999999,6.686848585095971,15.0,1.4142135623730951
128,0.07822265625000001,12.4375,0.9712890624999999,0.6519140625,52.59400000000001,40.85452611400603,9.2,8.541662601625049
129,0.07822265625000001,32.9375,0.4462890625,0.6519140625,94.346,5.865238614071896,14.0,0.8944271909999159
130,0.07822265625000001,32.9375,0.9712890624999999,0.7044140624999999,92.808,6.489053551944226,14.8,1.1661903789690602
131,0.04048828125,12.4375,0.4462890625,0.7044140624999999,67.166,27.877242044362998,16.2,1.469693845669907
132,0.06072265625000001,8.9375,0.4462890625,0.6169140624999999,74.818,21.865188222377597,14.0,0.8944271909999159
133,0.02298828125,8.9375,0.4462890625,0.6169140624999999,71.91,24.13307440008421,14.8,1.469693845669907
134,0.06072265625000001,4.4375,0.4462890625,0.6169140624999999,75.24199999999999,22.09769978979713,14.0,0.8944271909999159
135,0.06072265625000001,8.9375,0.9712890624999999,0.6169140624999999,51.67999999999999,40.92737421335505,13.2,7.858753081755401
136,0.06072265625000001,8.9375,0.4462890625,0.6694140625,73.728,22.904142332774654,14.8,1.1661903789690602
137,0.02298828125,4.4375,0.9712890624999999,0.6694140625,29.442,37.21624827948136,6.0,8.62554346113913
138,0.025722656250000003,24.9375,0.7962890625,0.6869140625,78.74800000000002,26.67279542905093,16.6,1.854723699099141
139,0.05798828125000001,24.9375,0.7962890625,0.6869140625,93.03600000000002,5.847675093573515,15.0,1.4142135623730951
140,0.025722656250000003,20.4375,0.7962890625,0.6869140625,78.74800000000002,26.67279542905093,16.6,1.854723699099141
141,0.025722656250000003,24.9375,0.6212890625,0.6869140625,78.74800000000002,26.67279542905093,16.6,1.854723699099141
142,0.025722656250000003,24.9375,0.7962890625,0.5994140625,92.522,6.22004951748778,13.8,1.469693845669907
143,0.05798828125000001,20.4375,0.6212890625,0.5994140625,93.444,5.372688712367394,13.4,1.0198039027185568
144,0.02134765625,14.9375,0.4025390625,0.6606640625,67.816,28.7139384968346,16.2,1.7204650534085253
145,0.018613281250000002,14.9375,0.4025390625,0.6606640625,65.396,32.50384014235856,12.6,6.887670143089026
146,0.02134765625,26.4375,0.4025390625,0.6606640625,83.318,20.76709936413846,16.2,1.7204650534085253
147,0.02134765625,14.9375,0.7525390624999999,0.6606640625,55.012,40.02248837841046,15.2,8.726969691708572
148,0.02134765625,14.9375,0.4025390625,0.6431640624999999,71.016,25.253092167099062,15.8,1.469693845669907
149,0.018613281250000002,26.4375,0.7525390624999999,0.6431640624999999,85.172,21.11669803733529,15.8,1.469693845669907
150,0.05634765625000001,30.9375,0.7525390624999999,0.5906640624999999,94.18,6.941976663746427,12.2,2.481934729198171
151,0.053613281250000006,30.9375,0.7525390624999999,0.5906640624999999,94.16999999999999,6.90881755440104,13.2,1.32664991614216
152,0.05634765625000001,10.4375,0.7525390624999999,0.5906640624999999,60.902,35.92161822635501,11.8,7.984985911070852
153,0.05634765625000001,30.9375,0.4025390625,0.5906640624999999,94.18,6.941976663746427,12.2,2.481934729198171
154,0.05634765625000001,30.9375,0.7525390624999999,0.7131640625,90.684,7.6068984481193125,15.6,1.3564659966250536
155,0.053613281250000006,10.4375,0.4025390625,0.7131640625,74.514,22.293299082908298,15.8,1.6
156,0.07384765625,6.9375,0.5775390625,0.6956640625,64.988,31.44931376039865,12.8,7.249827584156743
157,0.07111328125000001,6.9375,0.5775390625,0.6956640625,64.666,31.615427626397846,13.0,7.4565407529228995
158,0.07384765625,18.4375,0.5775390625,0.6956640625,92.98400000000001,6.064416212629208,14.8,1.1661903789690602
159,0.07384765625,6.9375,0.9275390625,0.6956640625,52.36,40.79680624754835,13.4,7.552483035399683
160,0.07384765625,6.9375,0.5775390625,0.6781640624999999,65.678,30.528298609650687,16.0,2.280350850198276
161,0.07111328125000001,18.4375,0.9275390625,0.6781640624999999,96.046,3.808294106289585,14.4,1.2
162,0.03884765625,22.9375,0.9275390625,0.6256640625,93.712,5.16491781154357,14.2,1.16619037896906
163,0.036113281250000004,22.9375,0.9275390625,0.6256640625,94.418,4.623403075657584,14.4,1.0198039027185568
164,0.03884765625,34.4375,0.9275390625,0.6256640625,93.712,5.16491781154357,14.2,1.16619037896906
165,0.03884765625,22.9375,0.5775390625,0.6256640625,93.712,5.16491781154357,14.2,1.16619037896906
166,0.03884765625,22.9375,0.9275390625,0.6081640625,95.606,4.327385353767331,13.8,0.9797958971132713
167,0.036113281250000004,34.4375,0.5775390625,0.6081640625,93.748,6.073402341356943,14.0,1.2649110640673518
168,0.03009765625,10.9375,0.6650390625,0.6431640624999999,63.352,32.82860423472189,14.2,8.471127433818948
169,0.044863281250000005,10.9375,0.6650390625,0.6431640624999999,65.296,31.772256199395095,13.8,8.423775875461075
170,0.03009765625,22.4375,0.6650390625,0.6431640624999999,91.446,7.244588601156037,15.0,1.4142135623730951
171,0.03009765625,10.9375,0.8400390625,0.6431640624999999,36.836,36.76692676849671,9.0,8.221921916437786
172,0.03009765625,10.9375,0.6650390625,0.6606640625,63.322,32.55418891632842,14.6,8.593020423576334
173,0.044863281250000005,22.4375,0.8400390625,0.6606640625,91.474,7.018027073188021,15.0,1.4142135623730951
174,0.06509765625000001,26.9375,0.31503906249999997,0.7131640625,96.09599999999999,3.863954451077292,15.4,1.2
175,0.07986328125,26.9375,0.31503906249999997,0.7131640625,93.58,5.8081735511260355,14.8,1.1661903789690602
176,0.06509765625000001,6.4375,0.31503906249999997,0.7131640625,79.568,17.67973574463148,15.4,1.2
177,0.06509765625000001,26.9375,0.49003906249999996,0.7131640625,96.09599999999999,3.863954451077292,15.4,1.2
178,0.06509765625000001,26.9375,0.31503906249999997,0.5906640624999999,93.816,6.547224144628013,12.0,2.8284271247461903
179,0.07986328125,6.4375,0.49003906249999996,0.5906640624999999,70.728,26.92352012646192,11.8,3.54400902933387
180,0.04759765625000001,18.9375,0.8400390625,0.6081640625,96.338,3.5130920853288212,13.8,0.9797958971132713
181,0.062363281250000006,18.9375,0.8400390625,0.6081640625,94.58400000000002,5.565129288704799,13.6,0.8
182,0.04759765625000001,14.4375,0.8400390625,0.6081640625,64.77000000000001,30.087897899321582,13.8,0.9797958971132713
183,0.04759765625000001,18.9375,0.6650390625,0.6081640625,96.338,3.5130920853288212,13.8,0.9797958971132713
184,0.04759765625000001,18.9375,0.8400390625,0.6256640625,90.71000000000001,7.609036732727736,14.2,1.16619037896906
185,0.062363281250000006,14.4375,0.6650390625,0.6256640625,65.3,34.21244042742347,11.0,6.06630035524124
186,0.01259765625,34.9375,0.49003906249999996,0.6781640624999999,60.874,43.41740922717522,9.8,8.840814442120138
187,0.027363281250000003,34.9375,0.49003906249999996,0.6781640624999999,84.204,21.022430496971563,16.2,1.7204650534085253
188,0.01259765625,30.4375,0.49003906249999996,0.6781640624999999,60.874,43.41740922717522,9.8,8.840814442120138
189,0.01259765625,34.9375,0.31503906249999997,0.6781640624999999,60.874,43.41740922717522,9.8,8.840814442120138
190,0.01259765625,34.9375,0.49003906249999996,0.6956640625,51.376,44.805953890080275,10.0,9.033271832508971
191,0.027363281250000003,30.4375,0.31503906249999997,0.6956640625,77.658,27.793278611923423,16.6,1.854723699099141
192,0.01369140625,11.4375,0.36972656249999997,0.6891015625,50.9,43.50676958819167,9.8,8.840814442120138
193,0.07220703125,11.4375,0.36972656249999997,0.6891015625,76.804,20.04772465892327,14.8,1.1661903789690602
194,0.01369140625,34.9375,0.36972656249999997,0.6891015625,58.774,45.29181718588911,9.8,8.840814442120138
195,0.01369140625,11.4375,0.6978515624999999,0.6891015625,44.142,45.93993748363182,7.4,10.594338110519223
196,0.01369140625,11.4375,0.36972656249999997,0.7153515625,42.322,47.284318076926944,6.2,8.818163074019441
197,0.07220703125,34.9375,0.6978515624999999,0.7153515625,94.74,5.291959939379739,15.2,1.469693845669907
198,0.048691406250000006,27.4375,0.7197265625,0.6191015624999999,96.102,3.265341636031365,14.0,0.8944271909999159
199,0.03720703125,27.4375,0.7197265625,0.6191015624999999,91.814,6.781786195391299,14.2,1.16619037896906
200,0.048691406250000006,18.9375,0.7197265625,0.6191015624999999,96.102,3.265341636031365,14.0,0.8944271909999159
201,0.048691406250000006,27.4375,0.3478515625,0.6191015624999999,96.102,3.265341636031365,14.0,0.8944271909999159
202,0.048691406250000006,27.4375,0.7197265625,0.6453515624999999,96.244,3.717749857104427,14.4,1.2
203,0.03720703125,18.9375,0.3478515625,0.6453515624999999,91.47999999999999,8.534082258802057,15.0,1.4142135623730951
204,0.06619140625,19.4375,0.5447265625,0.6541015625,93.85799999999999,6.592776046552771,14.4,1.2
205,0.01970703125,19.4375,0.5447265625,0.6541015625,78.62,26.120137059364755,16.2,1.7204650534085253
206,0.06619140625,10.9375,0.5447265625,0.6541015625,69.06800000000001,27.105354747724665,14.6,1.0198039027185568
207,0.06619140625,19.4375,0.8728515625,0.6541015625,93.85799999999999,6.592776046552771,14.4,1.2
208,0.06619140625,19.4375,0.5447265625,0.6103515625,94.89,5.734206135115828,13.8,0.7483314773547882
209,0.01970703125,10.9375,0.8728515625,0.6103515625,36.38,36.70839468023629,8.8,8.109253973085318
210,0.031191406250000005,35.4375,0.8947265625,0.5841015625,92.744,5.986296350833291,13.2,1.32664991614216
211,0.05470703125,35.4375,0.8947265625,0.5841015625,95.536,4.610946106820161,12.2,2.481934729198171
212,0.031191406250000005,26.9375,0.8947265625,0.5841015625,92.744,5.986296350833291,13.2,1.32664991614216
213,0.031191406250000005,35.4375,0.5228515625,0.5841015625,92.744,5.986296350833291,13.2,1.32664991614216
214,0.031191406250000005,35.4375,0.8947265625,0.6803515625,85.95,15.343225215058274,15.8,1.6
215,0.05470703125,26.9375,0.5228515625,0.6803515625,92.60999999999999,6.107369319109495,15.0,1.4142135623730951
216,0.039941406250000006,15.4375,0.8072265624999999,0.6016015625,78.394,23.37663072386609,13.8,1.1661903789690602
217,0.04595703125,15.4375,0.8072265624999999,0.6016015625,78.542,23.400398629083224,13.6,0.8
218,0.039941406250000006,30.9375,0.8072265624999999,0.6016015625,95.55,3.958757380795141,13.6,0.8
219,0.039941406250000006,15.4375,0.9603515624999999,0.6016015625,75.13000000000001,27.394279694856007,13.8,1.1661903789690602
220,0.039941406250000006,15.4375,0.8072265624999999,0.5928515624999999,78.99199999999999,22.81280815682278,13.4,1.0198039027185568
221,0.04595703125,30.9375,0.9603515624999999,0.5928515624999999,92.352,6.416913276646337,13.4,1.0198039027185568
222,0.07494140625,31.4375,0.4572265625,0.6716015625,95.592,5.93546089196113,14.4,1.2
223,0.01095703125,31.4375,0.4572265625,0.6716015625,60.678,43.363058194735295,9.6,8.662563131083086
224,0.07494140625,14.9375,0.4572265625,0.6716015625,73.596,24.046250102666736,14.4,1.2
225,0.07494140625,31.4375,0.6103515625,0.6716015625,95.592,5.93546089196113,14.4,1.2
226,0.07494140625,31.4375,0.4572265625,0.6628515625,95.03,5.411750179008634,14.4,1.2
227,0.01095703125,14.9375,0.6103515625,0.6628515625,47.116,43.74469595276666,10.0,9.033271832508971
228,0.05744140625000001,7.4375,0.9822265625,0.6366015625,55.11400000000001,39.17567592269469,13.6,8.380930735902785
229,0.02845703125,7.4375,0.9822265625,0.6366015625,34.752,36.557309747846595,9.0,8.221921916437786
230,0.05744140625000001,6.9375,0.9822265625,0.6366015625,30.552,37.002847133700406,5.2,7.652450587883597
231,0.05744140625000001,7.4375,0.7853515624999999,0.6366015625,58.988,37.72382080330676,13.6,8.380930735902785
232,0.05744140625000001,7.4375,0.9822265625,0.6978515624999999,35.734,36.634251514122674,9.2,8.4
233,0.02845703125,6.9375,0.7853515624999999,0.6978515624999999,28.645999999999997,37.3119120925208,6.2,8.908422980528035
234,0.022441406250000004,23.4375,0.6322265625,0.7066015625,63.738,40.80545375314432,13.4,7.337574531137657
235,0.06345703125,23.4375,0.6322265625,0.7066015625,95.40400000000001,4.480399982144451,15.2,1.469693845669907
236,0.022441406250000004,22.9375,0.6322265625,0.7066015625,63.738,40.80545375314432,13.4,7.337574531137657
237,0.022441406250000004,23.4375,0.43535156249999996,0.7066015625,63.738,40.80545375314432,13.4,7.337574531137657
238,0.022441406250000004,23.4375,0.6322265625,0.6278515625,94.05999999999999,5.6885252922000795,14.8,1.469693845669907
239,0.06345703125,22.9375,0.43535156249999996,0.6278515625,95.074,6.393263955132776,14.0,0.8944271909999159
240,0.02681640625,17.4375,0.9384765625,0.6803515625,56.477999999999994,35.78483779479795,16.4,1.854723699099141
241,0.041582031250000005,17.4375,0.9384765625,0.6803515625,74.88000000000001,28.466548087184723,15.6,1.4966629547095764
242,0.02681640625,24.9375,0.9384765625,0.6803515625,85.042,20.98753287073066,16.2,1.7204650534085253
243,0.02681640625,17.4375,0.9166015624999999,0.6803515625,56.778,35.55022272785362,16.4,1.854723699099141
244,0.02681640625,17.4375,0.9384765625,0.5841015625,93.326,5.588128846044981,13.2,1.32664991614216
245,0.041582031250000005,24.9375,0.9166015624999999,0.5841015625,92.006,6.678178194687531,13.2,1.32664991614216
246,0.061816406250000004,33.4375,0.5884765624999999,0.6103515625,95.274,5.2887563755574885,13.8,0.7483314773547882
247,0.07658203125,33.4375,0.5884765624999999,0.6103515625,97.578,3.2968736706158452,12.6,2.870540018881465
248,0.061816406250000004,8.9375,0.5884765624999999,0.6103515625,66.396,29.109094523876898,14.0,0.8944271909999159
249,0.061816406250000004,33.4375,0.5666015625,0.6103515625,95.274,5.2887563755574885,13.8,0.7483314773547882
250,0.061816406250000004,33.4375,0.5884765624999999,0.6541015625,95.172,5.324845162068094,14.4,1.2
251,0.07658203125,8.9375,0.5666015625,0.6541015625,67.22,28.31337705043325,14.6,1.0198039027185568
252,0.07931640625,9.4375,0.7634765625,0.7153515625,59.496,36.610392295084736,13.2,7.35934779718964
253,0.05908203125000001,9.4375,0.7634765625,0.7153515625,58.733999999999995,37.00026572877552,14.6,8.593020423576334
254,0.07931640625,16.9375,0.7634765625,0.7153515625,65.434,29.069209552376893,15.0,1.4142135623730951
255,0.07931640625,9.4375,0.7416015625,0.7153515625,60.30799999999999,35.77041090063127,13.2,7.35934779718964
256,0.07931640625,9.4375,0.7634765625,0.6891015625,60.858000000000004,36.44070712815546,12.8,7.249827584156743
257,0.05908203125000001,16.9375,0.7416015625,0.6891015625,67.88,26.57669731174286,15.0,1.4142135623730951
258,0.04431640625,25.4375,0.4134765625,0.6453515624999999,96.07,4.3129943194954485,14.6,1.0198039027185568
259,0.024082031250000004,25.4375,0.4134765625,0.6453515624999999,90.17,8.905573535713465,15.4,1.4966629547095764
260,0.04431640625,32.9375,0.4134765625,0.6453515624999999,96.07,4.3129943194954485,14.6,1.0198039027185568
261,0.04431640625,25.4375,0.3916015625,0.6453515624999999,96.07,4.3129943194954485,14.6,1.0198039027185568
262,0.04431640625,25.4375,0.4134765625,0.6191015624999999,91.49199999999999,7.05343434080165,14.2,1.16619037896906
263,0.024082031250000004,32.9375,0.3916015625,0.6191015624999999,92.47,6.422130487618575,14.6,1.3564659966250536
264,0.03556640625,5.4375,0.5009765625,0.6278515625,72.702,25.22739336514972,14.6,1.0198039027185568
265,0.015332031250000001,5.4375,0.5009765625,0.6278515625,65.79,29.903813803593682,15.8,1.469693845669907
266,0.03556640625,20.9375,0.5009765625,0.6278515625,94.53399999999999,4.927293780565552,14.4,1.0198039027185568
267,0.03556640625,5.4375,0.6541015625,0.6278515625,66.114,31.565952290403025,11.4,6.280127387243033
268,0.03556640625,5.4375,0.5009765625,0.7066015625,65.49,30.613572806845006,16.6,1.854723699099141
269,0.015332031250000001,20.9375,0.6541015625,0.7066015625,50.962,44.76272753083753,10.0,9.033271832508971
270,0.07056640625,21.4375,0.8509765624999999,0.6978515624999999,92.444,6.362466817202268,14.8,1.1661903789690602
271,0.050332031250000006,21.4375,0.8509765624999999,0.6978515624999999,91.298,7.259323384448444,15.4,1.2
272,0.07056640625,4.9375,0.8509765624999999,0.6978515624999999,55.774,38.88485854416858,13.8,7.984985911070852
273,0.07056640625,21.4375,0.3041015625,0.6978515624999999,92.444,6.362466817202268,14.8,1.1661903789690602
274,0.07056640625,21.4375,0.8509765624999999,0.6366015625,95.222,5.425710644698996,14.0,0.8944271909999159
275,0.050332031250000006,4.9375,0.3041015625,0.6366015625,79.41,17.48959919495012,14.4,1.0198039027185568
276,0.05306640625,13.4375,0.3259765625,0.5928515624999999,83.31199999999998,13.815530970614196,13.4,1.0198039027185568
277,0.06783203125000001,13.4375,0.3259765625,0.5928515624999999,83.43,14.02942336662487,12.2,2.7856776554368237
278,0.05306640625,12.9375,0.3259765625,0.5928515624999999,78.57000000000001,19.076332980947885,13.4,1.0198039027185568
279,0.05306640625,13.4375,0.8291015625,0.5928515624999999,67.47200000000001,27.171173990094722,15.4,3.9293765408777004
280,0.05306640625,13.4375,0.3259765625,0.6016015625,79.756,17.129737417718932,13.6,0.8
281,0.06783203125000001,12.9375,0.8291015625,0.6016015625,56.629999999999995,39.218876067526466,11.4,7.28285658241325
282,0.01806640625,29.4375,0.6759765625,0.6628515625,78.688,30.81355506915747,12.6,6.887670143089026
283,0.032832031250000004,29.4375,0.6759765625,0.6628515625,93.452,6.287821244278496,15.2,1.16619037896906
284,0.01806640625,28.9375,0.6759765625,0.6628515625,78.688,30.81355506915747,12.6,6.887670143089026
285,0.01806640625,29.4375,0.47910156249999997,0.6628515625,78.688,30.81355506915747,12.6,6.887670143089026
286,0.01806640625,29.4375,0.6759765625,0.6716015625,71.596,35.09487404166027,12.8,6.997142273814361
287,0.032832031250000004,28.9375,0.47910156249999997,0.6716015625,90.70599999999999,7.947861599197609,15.8,1.6
288,0.01587890625,12.4375,0.5666015625,0.6409765625,57.958000000000006,35.805573532621985,14.6,8.452218643646175
289,0.056894531250000005,12.4375,0.5666015625,0.6409765625,63.803999999999995,32.68434034824628,13.0,7.615773105863909
290,0.01587890625,5.9375,0.5666015625,0.6409765625,62.648,32.52519724767246,16.2,1.7204650534085253
291,0.01587890625,12.4375,0.36972656249999997,0.6409765625,66.976,28.17163580625023,16.2,1.7204650534085253
292,0.01587890625,12.4375,0.5666015625,0.6059765625,63.79600000000001,32.854867280206754,13.8,8.231646250902672
293,0.056894531250000005,5.9375,0.36972656249999997,0.6059765625,78.402,19.4965693392453,13.8,0.7483314773547882
294,0.05087890625000001,28.4375,0.9166015624999999,0.7109765625,92.47200000000001,6.149586652775938,15.6,1.3564659966250536
295,0.02189453125,28.4375,0.9166015624999999,0.7109765625,62.49000000000001,42.567892125403624,13.4,7.337574531137657
296,0.05087890625000001,21.9375,0.9166015624999999,0.7109765625,92.47200000000001,6.149586652775938,15.6,1.3564659966250536
297,0.05087890625000001,28.4375,0.7197265625,0.7109765625,92.47200000000001,6.149586652775938,15.6,1.3564659966250536
298,0.05087890625000001,28.4375,0.9166015624999999,0.6759765624999999,93.102,5.660298225358803,15.0,1.4142135623730951
299,0.02189453125,21.9375,0.7197265625,0.6759765624999999,77.048,28.70635845940756,16.4,1.854723699099141
300,0.06837890625000001,4.4375,0.3916015625,0.6059765625,77.47200000000001,20.33984208394942,13.8,0.7483314773547882
301,0.03939453125,4.4375,0.3916015625,0.6059765625,78.014,20.140801970130184,14.0,0.8944271909999159
302,0.06837890625000001,29.9375,0.3916015625,0.6059765625,95.914,3.6879023848252848,12.6,2.4166091947189146
303,0.06837890625000001,4.4375,0.5447265625,0.6059765625,70.10999999999999,27.189888561742947,13.8,0.7483314773547882
304,0.06837890625000001,4.4375,0.3916015625,0.7109765625,76.348,20.526417514997593,15.4,1.2
305,0.03939453125,29.9375,0.5447265625,0.7109765625,84.938,17.36716603248786,15.8,1.6
306,0.03337890625,20.4375,0.7416015625,0.6759765624999999,89.91,9.061465665111799,15.8,1.6
307,0.07439453125,20.4375,0.7416015625,0.6759765624999999,96.226,5.0806991644851385,14.4,1.2
308,0.03337890625,13.9375,0.7416015625,0.6759765624999999,57.59400000000001,37.27278771436341,14.6,8.593020423576334
309,0.03337890625,20.4375,0.8947265625,0.6759765624999999,89.91,9.061465665111799,15.8,1.6
310,0.03337890625,20.4375,0.7416015625,0.6409765625,93.97,5.779667810523368,15.0,1.4142135623730951
311,0.07439453125,13.9375,0.8947265625,0.6409765625,55.727999999999994,38.71601498088356,12.4,6.974238309665077
312,0.04212890625000001,8.4375,0.8291015625,0.6584765625,54.172000000000004,39.60344096161343,14.2,8.471127433818948
313,0.06564453125,8.4375,0.8291015625,0.6584765625,54.589999999999996,39.45623398146356,13.2,7.678541528180987
314,0.04212890625000001,9.9375,0.8291015625,0.6584765625,37.410000000000004,37.07039034053998,9.0,8.221921916437786
315,0.04212890625000001,8.4375,0.6322265625,0.6584765625,62.964,32.04563658284853,12.0,6.603029607687671
316,0.04212890625000001,8.4375,0.8291015625,0.6934765625,54.592000000000006,39.40738174504873,14.8,8.681013765684282
317,0.06564453125,9.9375,0.6322265625,0.6934765625,64.86800000000001,31.40278420777368,13.6,7.761443164772902
318,0.07712890625,24.4375,0.47910156249999997,0.5884765624999999,95.7,5.94403566611103,10.4,3.4985711369071804
319,0.030644531250000002,24.4375,0.47910156249999997,0.5884765624999999,93.098,6.04962941013745,13.2,1.32664991614216
320,0.07712890625,25.9375,0.47910156249999997,0.5884765624999999,95.7,5.94403566611103,10.4,3.4985711369071804
321,0.07712890625,24.4375,0.9822265625,0.5884765624999999,95.7,5.94403566611103,10.4,3.4985711369071804
322,0.07712890625,24.4375,0.47910156249999997,0.6234765624999999,96.286,5.909584080119345,14.0,0.8944271909999159
323,0.030644531250000002,25.9375,0.9822265625,0.6234765624999999,93.66799999999999,5.893350150805567,14.4,1.0198039027185568
324,0.05962890625000001,16.4375,0.6541015625,0.6934765625,68.232,27.64170863025656,15.0,1.4142135623730951
325,0.01314453125,16.4375,0.6541015625,0.6934765625,40.626,48.492138579361495,7.6,10.910545357588683
326,0.05962890625000001,33.9375,0.6541015625,0.6934765625,94.09200000000001,5.277057513425453,15.0,1.4142135623730951
327,0.05962890625000001,16.4375,0.4572265625,0.6934765625,75.61600000000001,20.94337279427552,15.0,1.4142135623730951
328,0.05962890625000001,16.4375,0.6541015625,0.5884765624999999,93.622,7.030838925761278,12.0,2.8284271247461903
329,0.01314453125,33.9375,0.4572265625,0.5884765624999999,91.318,7.188781259712944,13.6,1.624807680927192
330,0.024628906250000002,32.4375,0.3041015625,0.6234765624999999,92.90599999999999,6.411279435494918,14.8,1.469693845669907
331,0.048144531250000004,32.4375,0.3041015625,0.6234765624999999,91.046,7.364128190084688,14.2,1.16619037896906
332,0.024628906250000002,17.9375,0.3041015625,0.6234765624999999,89.46399999999998,10.515406982138158,14.8,1.469693845669907
333,0.024628906250000002,32.4375,0.8072265624999999,0.6234765624999999,92.90599999999999,6.411279435494918,14.8,1.469693845669907
334,0.024628906250000002,32.4375,0.3041015625,0.6584765625,86.204,15.900320248347201,16.0,1.4142135623730951
335,0.048144531250000004,17.9375,0.8072265624999999,0.6584765625,85.898,16.01669429064562,14.8,1.1661903789690602
336,0.020253906250000002,6.4375,0.6978515624999999,0.5972265625,57.866,37.247762671065225,13.8,8.657944328765346
337,0.02626953125,6.4375,0.6978515624999999,0.5972265625,58.694,36.87643128069743,13.8,8.657944328765346
338,0.020253906250000002,15.9375,0.6978515624999999,0.5972265625,76.762,23.094193555956874,14.0,1.4142135623730951
339,0.020253906250000002,6.4375,0.5884765624999999,0.5972265625,63.11600000000001,32.45498211369096,13.4,8.114185110040317
340,0.020253906250000002,6.4375,0.6978515624999999,0.7022265624999999,43.146,46.568204431779414,7.6,11.092339699089637
341,0.02626953125,15.9375,0.5884765624999999,0.7022265624999999,52.946000000000005,39.87510732273959,9.4,8.616263691415208
342,0.055253906250000005,22.4375,0.3478515625,0.6672265625,92.41,6.255455219246638,14.8,1.1661903789690602
343,0.06126953125000001,22.4375,0.3478515625,0.6672265625,96.694,3.5682017880159176,14.4,1.2
344,0.055253906250000005,31.9375,0.3478515625,0.6672265625,92.41,6.255455219246638,14.8,1.1661903789690602
345,0.055253906250000005,22.4375,0.9384765625,0.6672265625,92.41,6.255455219246638,14.8,1.1661903789690602
346,0.055253906250000005,22.4375,0.3478515625,0.6322265625,92.422,6.461276654036723,14.2,1.16619037896906
347,0.06126953125000001,31.9375,0.9384765625,0.6322265625,94.154,5.385805789294674,14.0,0.8944271909999159
348,0.07275390625,14.4375,0.8728515625,0.6322265625,59.474000000000004,37.33138390148429,11.0,6.06630035524124
349,0.07876953125,14.4375,0.8728515625,0.6322265625,59.838,36.293980988588174,11.0,6.06630035524124
350,0.07275390625,23.9375,0.8728515625,0.6322265625,94.854,6.57921454278548,14.0,0.8944271909999159
351,0.07275390625,14.4375,0.4134765625,0.6322265625,76.662,23.259806018107717,14.0,0.8944271909999159
352,0.07275390625,14.4375,0.8728515625,0.5972265625,73.936,24.26971577913512,12.0,3.1622776601683795
353,0.07876953125,23.9375,0.4134765625,0.5972265625,93.176,7.270550460591003,12.0,3.1622776601683795
354,0.037753906250000004,30.4375,0.5228515625,0.7022265624999999,87.086,15.579337084741443,15.8,1.6
355,0.04376953125000001,30.4375,0.5228515625,0.7022265624999999,92.65400000000001,6.327007507503051,15.8,1.6
356,0.037753906250000004,7.9375,0.5228515625,0.7022265624999999,65.69000000000001,29.712719835114388,16.4,1.624807680927192
357,0.037753906250000004,30.4375,0.7634765625,0.7022265624999999,87.086,15.579337084741443,15.8,1.6
358,0.037753906250000004,30.4375,0.5228515625,0.6672265625,93.148,6.275353057796831,15.2,1.16619037896906
359,0.04376953125000001,7.9375,0.7634765625,0.6672265625,59.924,37.44041484812902,14.2,8.471127433818948
360,0.029003906250000003,18.4375,0.43535156249999996,0.7197265625,58.064,37.44121397604517,13.0,7.155417527999327
361,0.03501953125,18.4375,0.43535156249999996,0.7197265625,68.732,29.085351914666596,16.6,1.854723699099141
362,0.029003906250000003,19.9375,0.43535156249999996,0.7197265625,62.346000000000004,37.94045524239265,13.0,7.155417527999327
363,0.029003906250000003,18.4375,0.3259765625,0.7197265625,60.33,36.863021037348524,13.0,7.155417527999327
364,0.029003906250000003,18.4375,0.43535156249999996,0.6147265625,91.846,6.888542951887577,14.4,1.0198039027185568
365,0.03501953125,19.9375,0.3259765625,0.6147265625,92.392,6.392875409391302,14.2,1.16619037896906
366,0.06400390625,34.4375,0.7853515624999999,0.6497265624999999,93.44800000000001,6.677878106105263,14.2,1.16619037896906
367,0.07001953125,34.4375,0.7853515624999999,0.6497265624999999,95.122,5.609814257174652,14.0,0.8944271909999159
368,0.06400390625,35.9375,0.7853515624999999,0.6497265624999999,93.44800000000001,6.677878106105263,14.2,1.16619037896906
369,0.06400390625,34.4375,0.6759765625,0.6497265624999999,93.44800000000001,6.677878106105263,14.2,1.16619037896906
370,0.06400390625,34.4375,0.7853515624999999,0.6847265625,91.7,6.928503445910956,14.8,1.1661903789690602
371,0.07001953125,35.9375,0.6759765625,0.6847265625,93.42999999999999,5.987660645026569,14.8,1.1661903789690602
372,0.046503906250000004,10.4375,0.6103515625,0.6847265625,65.898,30.022673032226827,17.6,3.3823069050575527
373,0.05251953125000001,10.4375,0.6103515625,0.6847265625,66.946,29.777661157317244,17.4,3.4409301068170506
374,0.046503906250000004,27.9375,0.6103515625,0.6847265625,93.29999999999998,7.007641543343953,15.4,1.2
375,0.046503906250000004,10.4375,0.5009765625,0.6847265625,70.69399999999999,25.381931053408838,15.4,1.2
376,0.046503906250000004,10.4375,0.6103515625,0.7197265625,63.98199999999999,31.012199792984696,18.2,3.249615361854384
377,0.05251953125000001,27.9375,0.5009765625,0.7197265625,93.798,5.066665175438376,15.8,1.6
378,0.011503906250000001,26.4375,0.9603515624999999,0.6147265625,83.866,19.95936331649885,15.4,1.4966629547095764
379,0.01751953125,26.4375,0.9603515624999999,0.6147265625,92.144,6.414734912683454,14.8,1.469693845669907
380,0.011503906250000001,11.9375,0.9603515624999999,0.6147265625,28.663999999999998,37.34795019810324,5.6,8.138795979750322
381,0.011503906250000001,26.4375,0.8509765624999999,0.6147265625,83.866,19.95936331649885,15.4,1.4966629547095764
382,0.011503906250000001,26.4375,0.9603515624999999,0.6497265624999999,70.99,37.90409476560547,12.8,6.968500556073739
383,0.01751953125,11.9375,0.8509765624999999,0.6497265624999999,30.715999999999998,36.944631328516465,6.0,8.62554346113913
384,0.01205078125,7.1875,0.6486328125,0.6661328125,46.488,44.218238047213056,11.4,10.44222198576529
385,0.036660156250000006,7.1875,0.6486328125,0.6661328125,63.77,33.22918355903437,14.4,8.357032966310472
386,0.01205078125,17.1875,0.6486328125,0.6661328125,48.624,42.736737170729356,9.4,8.5463442476886
387,0.01205078125,7.1875,0.9767578125,0.6661328125,22.782,38.98304882894616,2.4,6.8
388,0.01205078125,7.1875,0.6486328125,0.6398828125,54.724000000000004,40.38989408255486,11.0,10.21763181955584
389,0.036660156250000006,17.1875,0.9767578125,0.6398828125,85.93199999999999,19.456987844987722,14.8,1.1661903789690602
390,0.04705078125000001,23.1875,0.9986328124999999,0.5961328124999999,92.72,6.1755032183620475,13.4,1.0198039027185568
391,0.07166015625000001,23.1875,0.9986328124999999,0.5961328124999999,93.86600000000001,6.7971747071853335,12.2,2.7856776554368237
392,0.04705078125000001,33.1875,0.9986328124999999,0.5961328124999999,92.72,6.1755032183620475,13.4,1.0198039027185568
393,0.04705078125000001,23.1875,0.6267578125,0.5961328124999999,92.72,6.1755032183620475,13.4,1.0198039027185568
394,0.04705078125000001,23.1875,0.9986328124999999,0.7098828125,93.494,5.402993984819898,15.8,1.6
395,0.07166015625000001,33.1875,0.6267578125,0.7098828125,93.69800000000001,6.091116153875248,14.8,1.1661903789690602
396,0.06455078125000001,15.1875,0.4736328125,0.7011328124999999,71.402,25.702848402463104,15.2,1.469693845669907
397,0.05416015625000001,15.1875,0.4736328125,0.7011328124999999,70.52000000000001,26.14198385738925,15.6,1.3564659966250536
398,0.06455078125000001,25.1875,0.4736328125,0.7011328124999999,94.36800000000001,5.266191792937283,15.0,1.4142135623730951
399,0.06455078125000001,15.1875,0.8017578125,0.7011328124999999,57.544,38.25837508311089,11.8,6.554387843269576
400,0.06455078125000001,15.1875,0.4736328125,0.6748828124999999,72.46,25.83298124491248,14.8,1.1661903789690602
401,0.05416015625000001,25.1875,0.8017578125,0.6748828124999999,91.464,6.988017172274265,14.8,1.1661903789690602
402,0.029550781250000005,31.1875,0.8236328124999999,0.6311328125,93.886,6.091947471868089,14.8,1.469693845669907
403,0.01916015625,31.1875,0.8236328124999999,0.6311328125,88.18199999999999,10.524748738093466,15.4,1.4966629547095764
404,0.029550781250000005,9.1875,0.8236328124999999,0.6311328125,37.245999999999995,36.96156468549458,9.0,8.221921916437786
405,0.029550781250000005,31.1875,0.45175781249999997,0.6311328125,93.886,6.091947471868089,14.8,1.469693845669907
406,0.029550781250000005,31.1875,0.8236328124999999,0.6048828125,92.988,6.180658217374589,14.0,1.2649110640673518
407,0.01916015625,9.1875,0.45175781249999997,0.6048828125,74.034,23.242431542332227,14.6,1.3564659966250536
408,0.038300781250000006,19.1875,0.9111328125,0.6486328124999999,92.386,6.368477369041989,15.0,1.4142135623730951
409,0.01041015625,19.1875,0.9111328125,0.6486328124999999,65.912,39.79181141893392,12.8,6.968500556073739
410,0.038300781250000006,13.1875,0.9111328125,0.6486328124999999,33.872,36.531993320923505,9.0,8.221921916437786
411,0.038300781250000006,19.1875,0.7142578125,0.6486328124999999,92.386,6.368477369041989,15.0,1.4142135623730951
412,0.038300781250000006,19.1875,0.9111328125,0.6573828125,92.946,5.892899456125142,15.0,1.4142135623730951
413,0.01041015625,13.1875,0.7142578125,0.6573828125,46.001999999999995,44.680488090440555,11.6,10.68831137270991
414,0.07330078125,35.1875,0.5611328124999999,0.7186328125,94.804,5.330353083989839,15.2,1.469693845669907
415,0.04541015625000001,35.1875,0.5611328124999999,0.7186328125,89.38399999999999,11.464830744498586,15.8,1.6
416,0.07330078125,29.1875,0.5611328124999999,0.7186328125,94.804,5.330353083989839,15.2,1.469693845669907
417,0.07330078125,35.1875,0.3642578125,0.7186328125,94.804,5.330353083989839,15.2,1.469693845669907
418,0.07330078125,35.1875,0.5611328124999999,0.5873828124999999,96.86,3.7977677654116753,11.6,3.0066592756745814
419,0.04541015625000001,29.1875,0.3642578125,0.5873828124999999,92.816,6.148966091953996,13.2,1.32664991614216
420,0.05580078125000001,11.1875,0.7361328125,0.6136328125,61.254,33.43074489149173,13.0,7.797435475847171
421,0.06291015625,11.1875,0.7361328125,0.6136328125,60.73,33.71891338699989,12.4,7.08801805866774
422,0.05580078125000001,21.1875,0.7361328125,0.6136328125,96.93599999999999,3.6743358583559016,14.0,0.8944271909999159
423,0.05580078125000001,11.1875,0.8892578124999999,0.6136328125,53.986000000000004,39.76729691593332,13.2,7.858753081755401
424,0.05580078125000001,11.1875,0.7361328125,0.6223828124999999,61.455999999999996,33.53823644737451,13.2,7.858753081755401
425,0.06291015625,21.1875,0.8892578124999999,0.6223828124999999,97.318,3.6725707617417016,14.0,0.8944271909999159
426,0.02080078125,27.1875,0.3861328125,0.6836328125,71.298,35.441018269795805,12.8,6.997142273814361
427,0.027910156250000005,27.1875,0.3861328125,0.6836328125,84.498,20.928293193664885,16.4,1.854723699099141
428,0.02080078125,5.1875,0.3861328125,0.6836328125,59.676,36.353967926486376,13.0,7.155417527999327
429,0.02080078125,27.1875,0.5392578124999999,0.6836328125,71.298,35.441018269795805,12.8,6.997142273814361
430,0.02080078125,27.1875,0.3861328125,0.6923828125,66.164,38.47598399001642,13.0,7.155417527999327
431,0.027910156250000005,5.1875,0.5392578124999999,0.6923828125,61.536,33.7914631822891,16.8,1.6
432,0.02517578125,13.1875,0.6923828125,0.7098828125,46.342,44.374261188215854,11.2,10.361467077590895
433,0.07603515625,13.1875,0.6923828125,0.7098828125,60.782,34.68326305294818,13.0,7.183313998427188
434,0.02517578125,11.1875,0.6923828125,0.7098828125,48.206,42.96246901657306,11.2,10.361467077590895
435,0.02517578125,13.1875,0.6705078124999999,0.7098828125,47.108,43.81993993606107,11.2,10.361467077590895
436,0.02517578125,13.1875,0.6923828125,0.6661328125,56.03399999999999,37.62850228217967,14.8,8.518215775618742
437,0.07603515625,11.1875,0.6705078124999999,0.6661328125,63.38399999999999,31.09476200262674,15.6,1.9595917942265424
438,0.060175781250000004,29.1875,0.34238281249999997,0.6398828125,93.598,5.731723650002675,14.2,1.16619037896906
439,0.04103515625,29.1875,0.34238281249999997,0.6398828125,95.328,5.105477059002421,14.6,1.0198039027185568
440,0.060175781250000004,27.1875,0.34238281249999997,0.6398828125,93.598,5.731723650002675,14.2,1.16619037896906
441,0.060175781250000004,29.1875,0.3205078125,0.6398828125,93.598,5.731723650002675,14.2,1.16619037896906
442,0.060175781250000004,29.1875,0.34238281249999997,0.5961328124999999,94.646,6.524782295218748,13.4,1.0198039027185568
443,0.04103515625,27.1875,0.3205078125,0.5961328124999999,93.88399999999999,5.393008807706512,13.4,1.0198039027185568
444,0.07767578125,5.1875,0.8673828125,0.6748828124999999,58.27,37.97136605390962,12.8,7.249827584156743
445,0.02353515625,5.1875,0.8673828125,0.6748828124999999,52.596000000000004,41.398427796234,11.2,10.476640682967036
446,0.07767578125,35.1875,0.8673828125,0.6748828124999999,95.438,6.113919855542759,14.4,1.2
447,0.07767578125,5.1875,0.8455078125,0.6748828124999999,58.74000000000001,37.828454369693716,12.8,7.249827584156743
448,0.07767578125,5.1875,0.8673828125,0.6311328125,59.348,37.65574081066524,12.4,7.08801805866774
449,0.02353515625,35.1875,0.8455078125,0.6311328125,93.732,5.596896997444207,15.0,1.4142135623730951
450,0.04267578125,21.1875,0.5173828125,0.6048828125,96.066,3.5502991423258945,13.8,0.9797958971132713
451,0.058535156250000005,21.1875,0.5173828125,0.6048828125,94.018,5.583924784593719,13.6,0.8
452,0.04267578125,19.1875,0.5173828125,0.6048828125,96.066,3.5502991423258945,13.8,0.9797958971132713
453,0.04267578125,21.1875,0.4955078125,0.6048828125,96.066,3.5502991423258945,13.8,0.9797958971132713
454,0.04267578125,21.1875,0.5173828125,0.7011328124999999,92.17999999999999,7.118452078928397,15.8,1.6
455,0.058535156250000005,19.1875,0.4955078125,0.7011328124999999,95.976,3.7925537570349612,15.4,1.2
456,0.03392578125,9.1875,0.4298828125,0.5873828124999999,74.238,23.14579305187014,13.2,1.32664991614216
457,0.049785156250000004,9.1875,0.4298828125,0.5873828124999999,74.932,22.89692852764318,13.2,1.32664991614216
458,0.03392578125,7.1875,0.4298828125,0.5873828124999999,73.92999999999999,24.010416073029635,13.4,1.0198039027185568
459,0.03392578125,9.1875,0.9330078124999999,0.5873828124999999,35.414,36.8799856832944,8.2,7.573638491504594
460,0.03392578125,9.1875,0.4298828125,0.6486328124999999,73.812,23.431187251182983,15.2,1.16619037896906
461,0.049785156250000004,7.1875,0.9330078124999999,0.6486328124999999,37.108,36.806880552418455,8.6,7.914543574963752
462,0.06892578125,25.1875,0.7798828124999999,0.6573828125,94.01199999999999,6.602300811080937,14.4,1.2
463,0.01478515625,25.1875,0.7798828124999999,0.6573828125,73.19200000000001,35.70839755575711,12.8,6.968500556073739
464,0.06892578125,23.1875,0.7798828124999999,0.6573828125,94.01199999999999,6.602300811080937,14.4,1.2
465,0.06892578125,25.1875,0.5830078125,0.6573828125,94.01199999999999,6.602300811080937,14.4,1.2
466,0.06892578125,25.1875,0.7798828124999999,0.7186328125,95.852,4.156914240154586,15.4,1.2
467,0.01478515625,23.1875,0.5830078125,0.7186328125,44.338,46.1327755072248,10.0,9.033271832508971
468,0.051425781250000004,17.1875,0.6048828125,0.6223828124999999,94.626,5.139449775997425,14.0,0.8944271909999159
469,0.03228515625,17.1875,0.6048828125,0.6223828124999999,89.31,12.548813489728822,14.4,1.0198039027185568
470,0.051425781250000004,31.1875,0.6048828125,0.6223828124999999,94.626,5.139449775997425,14.0,0.8944271909999159
471,0.051425781250000004,17.1875,0.7580078124999999,0.6223828124999999,94.626,5.139449775997425,14.0,0.8944271909999159
472,0.051425781250000004,17.1875,0.6048828125,0.6836328125,83.982,17.270618286558246,15.0,1.4142135623730951
473,0.03228515625,31.1875,0.7580078124999999,0.6836328125,86.518,14.900969632879601,15.8,1.6
474,0.01642578125,33.1875,0.9548828125,0.6923828125,61.372,43.04170321908742,9.4,8.5463442476886
475,0.06728515625,33.1875,0.9548828125,0.6923828125,91.922,6.778331358085115,14.8,1.1661903789690602
476,0.01642578125,15.1875,0.9548828125,0.6923828125,21.619999999999997,39.315360865697265,2.4,6.8
477,0.01642578125,33.1875,0.40800781249999996,0.6923828125,61.372,43.04170321908742,9.4,8.5463442476886
478,0.01642578125,33.1875,0.9548828125,0.6136328125,92.33,6.311573496363645,14.8,1.469693845669907
479,0.06728515625,15.1875,0.40800781249999996,0.6136328125,87.422,15.399492718917726,13.8,0.7483314773547882
480,0.018613281250000002,16.1875,0.3205078125,0.6092578125,85.47800000000001,12.898186539199994,14.4,1.4966629547095764
481,0.02134765625,16.1875,0.3205078125,0.6092578125,88.104,10.935510230437353,14.4,1.4966629547095764
482,0.018613281250000002,22.1875,0.3205078125,0.6092578125,90.714,7.618053819710124,14.4,1.4966629547095764
483,0.018613281250000002,16.1875,0.6486328125,0.6092578125,80.15599999999999,19.154889297513574,14.4,1.4966629547095764
484,0.018613281250000002,16.1875,0.3205078125,0.6792578125,58.628,37.80445973691464,13.0,7.155417527999327
485,0.02134765625,22.1875,0.6486328125,0.6792578125,74.576,31.364438844015687,12.8,6.997142273814361
486,0.053613281250000006,32.1875,0.6705078124999999,0.6792578125,92.676,6.034005634733861,15.0,1.4142135623730951
487,0.05634765625000001,32.1875,0.6705078124999999,0.6792578125,91.65,6.858903702487738,14.8,1.1661903789690602
488,0.053613281250000006,6.1875,0.6705078124999999,0.6792578125,59.738,35.83441385037573,14.2,8.471127433818948
489,0.053613281250000006,32.1875,0.9986328124999999,0.6792578125,92.676,6.034005634733861,15.0,1.4142135623730951
490,0.053613281250000006,32.1875,0.6705078124999999,0.6092578125,96.22200000000001,3.7891708855632262,13.6,0.8
491,0.05634765625000001,6.1875,0.9986328124999999,0.6092578125,30.524,36.911927936644005,5.0,7.37563556583431
492,0.07111328125000001,8.1875,0.4955078125,0.6442578125,70.22999999999999,25.662766803289156,14.4,1.2
493,0.07384765625,8.1875,0.4955078125,0.6442578125,70.828,25.382432822722095,14.2,0.9797958971132712
494,0.07111328125000001,14.1875,0.4955078125,0.6442578125,71.536,26.600113232841696,14.2,0.9797958971132712
495,0.07111328125000001,8.1875,0.4736328125,0.6442578125,71.25,24.72060840675245,14.2,0.9797958971132712
496,0.07111328125000001,8.1875,0.4955078125,0.6442578125,70.22999999999999,25.662766803289156,14.4,1.2
497,0.07384765625,14.1875,0.4736328125,0.6442578125,73.172,25.450091080387118,14.2,0.9797958971132712
498,0.036113281250000004,24.1875,0.8455078125,0.7142578125,84.04999999999998,20.64329237306879,16.6,1.854723699099141
499,0.03884765625,24.1875,0.8455078125,0.7142578125,83.304,20.328549972882964,16.6,1.854723699099141
500,0.036113281250000004,30.1875,0.8455078125,0.7142578125,84.04999999999998,20.64329237306879,16.6,1.854723699099141
501,0.036113281250000004,24.1875,0.8236328124999999,0.7142578125,84.04999999999998,20.64329237306879,16.6,1.854723699099141
502,0.036113281250000004,24.1875,0.8455078125,0.7142578125,84.04999999999998,20.64329237306879,16.6,1.854723699099141
503,0.03884765625,30.1875,0.8236328124999999,0.7142578125,83.304,20.328549972882964,16.6,1.854723699099141
504,0.044863281250000005,4.1875,0.7580078124999999,0.6967578125,58.56600000000001,37.164510275261264,14.4,8.357032966310472
505,0.03009765625,4.1875,0.7580078124999999,0.6967578125,53.472,40.25268954989219,15.0,8.508818954473059
506,0.044863281250000005,26.1875,0.7580078124999999,0.6967578125,92.122,6.525661345794769,15.6,1.3564659966250536
507,0.044863281250000005,4.1875,0.3861328125,0.6967578125,75.02799999999999,21.99164150308021,15.8,1.6
508,0.044863281250000005,4.1875,0.7580078124999999,0.6267578125,58.272000000000006,37.26362859411305,13.4,8.114185110040317
509,0.03009765625,26.1875,0.3861328125,0.6267578125,93.624,5.627292777170919,14.4,1.0198039027185568
510,0.07986328125,20.1875,0.40800781249999996,0.6267578125,96.342,5.886548734190518,14.0,0.8944271909999159
511,0.06509765625000001,20.1875,0.40800781249999996,0.6267578125,95.786,5.158951831525468,14.0,0.8944271909999159
512,0.07986328125,10.1875,0.40800781249999996,0.6267578125,77.11800000000001,20.20807106084101,14.0,0.8944271909999159
513,0.07986328125,20.1875,0.7361328125,0.6267578125,96.342,5.886548734190518,14.0,0.8944271909999159
514,0.07986328125,20.1875,0.40800781249999996,0.6967578125,94.05799999999999,5.818733195464458,14.6,1.3564659966250536
515,0.06509765625000001,10.1875,0.7361328125,0.6967578125,60.33200000000001,35.48520784777792,13.6,7.761443164772902
516,0.062363281250000006,12.1875,0.9330078124999999,0.6617578125,53.128,40.492918096872195,13.0,7.4565407529228995
517,0.04759765625000001,12.1875,0.9330078124999999,0.6617578125,32.44,37.02408081235779,9.2,8.4
518,0.062363281250000006,18.1875,0.9330078124999999,0.6617578125,96.466,4.485209471139558,14.4,1.2
519,0.062363281250000006,12.1875,0.5611328124999999,0.6617578125,65.91600000000001,31.557503450051303,12.8,7.249827584156743
520,0.062363281250000006,12.1875,0.9330078124999999,0.6617578125,53.128,40.492918096872195,13.0,7.4565407529228995
521,0.04759765625000001,18.1875,0.5611328124999999,0.6617578125,89.136,9.233938704583219,14.8,1.1661903789690602
522,0.027363281250000003,28.1875,0.5830078125,0.5917578124999999,93.216,6.2422963723296565,13.4,1.0198039027185568
523,0.01259765625,28.1875,0.5830078125,0.5917578124999999,92.5,6.18299927219792,14.2,1.7204650534085253
524,0.027363281250000003,34.1875,0.5830078125,0.5917578124999999,93.126,6.3646008515852746,13.4,1.0198039027185568
525,0.027363281250000003,28.1875,0.9111328125,0.5917578124999999,93.216,6.2422963723296565,13.4,1.0198039027185568
526,0.027363281250000003,28.1875,0.5830078125,0.5917578124999999,93.216,6.2422963723296565,13.4,1.0198039027185568
527,0.01259765625,34.1875,0.9111328125,0.5917578124999999,92.5,6.18299927219792,14.2,1.7204650534085253
528,0.02298828125,10.1875,0.9767578125,0.6180078124999999,34.032000000000004,36.542207048836005,9.2,8.423775875461075
529,0.06072265625000001,10.1875,0.9767578125,0.6180078124999999,55.1,39.169005603921065,13.0,7.615773105863909
530,0.02298828125,28.1875,0.9767578125,0.6180078124999999,92.33999999999999,6.520641072778045,14.6,1.3564659966250536
531,0.02298828125,10.1875,0.34238281249999997,0.6180078124999999,77.394,19.78684067758165,14.8,1.469693845669907
532,0.02298828125,10.1875,0.9767578125,0.6180078124999999,34.032000000000004,36.542207048836005,9.2,8.423775875461075
533,0.06072265625000001,28.1875,0.34238281249999997,0.6180078124999999,97.56,3.8461825229700146,14.0,0.8944271909999159
534,0.05798828125000001,26.1875,0.6267578125,0.6880078125,93.22200000000001,5.789018569671373,15.0,1.4142135623730951
535,0.025722656250000003,26.1875,0.6267578125,0.6880078125,78.19800000000001,27.221435965062533,16.6,1.854723699099141
536,0.05798828125000001,12.1875,0.6267578125,0.6880078125,61.364,35.5927737609757,13.8,7.984985911070852
537,0.05798828125000001,26.1875,0.6923828125,0.6880078125,93.22200000000001,5.789018569671373,15.0,1.4142135623730951
538,0.05798828125000001,26.1875,0.6267578125,0.6880078125,93.22200000000001,5.789018569671373,15.0,1.4142135623730951
539,0.025722656250000003,12.1875,0.6923828125,0.6880078125,30.518,37.21589359400094,6.2,8.908422980528035
540,0.07548828125,18.1875,0.8017578125,0.5830078125,95.914,5.254862890694676,10.4,3.4985711369071804
541,0.043222656250000005,18.1875,0.8017578125,0.5830078125,93.366,6.334062203673089,13.2,1.32664991614216
542,0.07548828125,4.1875,0.8017578125,0.5830078125,58.666,37.816736823792716,12.2,7.025667228100119
543,0.07548828125,18.1875,0.5173828125,0.5830078125,95.914,5.254862890694676,10.4,3.4985711369071804
544,0.07548828125,18.1875,0.8017578125,0.6530078125,94.946,5.565937836519558,14.0,0.8944271909999159
545,0.043222656250000005,4.1875,0.5173828125,0.6530078125,68.994,27.06982792704822,15.0,1.4142135623730951
546,0.04048828125,34.1875,0.45175781249999997,0.6530078125,91.514,7.027880477071307,15.0,1.4142135623730951
547,0.07822265625000001,34.1875,0.45175781249999997,0.6530078125,94.476,5.800291716801838,14.0,0.8944271909999159
548,0.04048828125,20.1875,0.45175781249999997,0.6530078125,91.536,7.006278898245488,15.0,1.4142135623730951
549,0.04048828125,34.1875,0.8673828125,0.6530078125,91.514,7.027880477071307,15.0,1.4142135623730951
550,0.04048828125,34.1875,0.45175781249999997,0.5830078125,91.852,6.790202942475282,13.2,1.32664991614216
551,0.07822265625000001,20.1875,0.8673828125,0.5830078125,95.872,5.284177892539198,10.2,3.655133376499413
552,0.03173828125,14.1875,0.5392578124999999,0.6705078124999999,67.15799999999999,29.879091284709446,16.0,1.4142135623730951
553,0.06947265625,14.1875,0.5392578124999999,0.6705078124999999,70.338,27.85642144999964,14.4,1.2
554,0.03173828125,32.1875,0.5392578124999999,0.6705078124999999,89.75399999999999,9.156260372007779,15.8,1.6
555,0.03173828125,14.1875,0.6048828125,0.6705078124999999,64.274,32.63274282067016,12.6,6.945502141674135
556,0.03173828125,14.1875,0.5392578124999999,0.6705078124999999,67.15799999999999,29.879091284709446,16.0,1.4142135623730951
557,0.06947265625,32.1875,0.6048828125,0.6705078124999999,96.36,4.885554216258378,14.4,1.2
558,0.06673828125,30.1875,0.8892578124999999,0.6005078125,95.4,5.652712623157133,12.6,2.4166091947189146
559,0.034472656250000004,30.1875,0.8892578124999999,0.6005078125,95.07000000000001,4.685475429452168,13.8,0.9797958971132713
560,0.06673828125,16.1875,0.8892578124999999,0.6005078125,95.4,5.652712623157133,12.6,2.4166091947189146
561,0.06673828125,30.1875,0.9548828125,0.6005078125,95.4,5.652712623157133,12.6,2.4166091947189146
562,0.06673828125,30.1875,0.8892578124999999,0.6005078125,95.4,5.652712623157133,12.6,2.4166091947189146
563,0.034472656250000004,16.1875,0.9548828125,0.6005078125,87.75399999999999,17.621747472938093,13.8,0.9797958971132713
564,0.04923828125000001,6.1875,0.3642578125,0.7055078124999999,74.53999999999999,22.28798420674243,15.8,1.6
565,0.016972656250000002,6.1875,0.3642578125,0.7055078124999999,47.362,44.620593631192314,10.0,9.033271832508971
566,0.04923828125000001,8.1875,0.3642578125,0.7055078124999999,75.224,21.156406689227733,15.8,1.6
567,0.04923828125000001,6.1875,0.4298828125,0.7055078124999999,71.30999999999999,25.16240608526935,15.8,1.6
568,0.04923828125000001,6.1875,0.3642578125,0.6355078125,75.084,21.44895018409992,14.6,1.0198039027185568
569,0.016972656250000002,8.1875,0.4298828125,0.6355078125,66.828,28.801199558351733,16.0,1.7888543819998317
570,0.014238281250000002,22.1875,0.7142578125,0.6355078125,83.582,21.145171931199805,16.0,1.7888543819998317
571,0.051972656250000006,22.1875,0.7142578125,0.6355078125,92.806,6.305152178972369,14.2,1.16619037896906
572,0.014238281250000002,24.1875,0.7142578125,0.6355078125,83.582,21.145171931199805,16.0,1.7888543819998317
573,0.014238281250000002,22.1875,0.7798828124999999,0.6355078125,83.582,21.145171931199805,16.0,1.7888543819998317
574,0.014238281250000002,22.1875,0.7142578125,0.7055078124999999,49.75,44.724154547626725,10.0,9.033271832508971
575,0.051972656250000006,24.1875,0.7798828124999999,0.7055078124999999,90.928,7.423232180122082,15.6,1.3564659966250536
576,0.01314453125,15.6875,0.8564453125,0.5895703124999999,75.096,25.624398997830173,13.8,1.9390719429665315
577,0.029003906250000003,15.6875,0.8564453125,0.5895703124999999,77.33399999999999,23.58189441075504,13.4,1.624807680927192
578,0.01314453125,20.6875,0.8564453125,0.5895703124999999,91.77799999999999,6.80618072049222,13.6,1.624807680927192
579,0.01314453125,15.6875,0.46269531249999996,0.5895703124999999,82.744,16.288047887945318,13.8,1.9390719429665315
580,0.01314453125,15.6875,0.8564453125,0.6858203125,20.988,39.552301778784,2.4,6.8
581,0.029003906250000003,20.6875,0.46269531249999996,0.6858203125,84.512,20.925352470149697,16.2,1.7204650534085253
582,0.048144531250000004,31.6875,0.5064453124999999,0.6595703125,91.08200000000001,7.392029220721466,14.8,1.1661903789690602
583,0.06400390625,31.6875,0.5064453124999999,0.6595703125,95.728,5.108653051441248,14.4,1.2
584,0.048144531250000004,4.6875,0.5064453124999999,0.6595703125,68.952,27.075604813189308,15.0,1.4142135623730951
585,0.048144531250000004,31.6875,0.8126953125,0.6595703125,91.08200000000001,7.392029220721466,14.8,1.1661903789690602
586,0.048144531250000004,31.6875,0.5064453124999999,0.6158203124999999,97.97,2.4658142671336756,14.0,0.8944271909999159
587,0.06400390625,4.6875,0.8126953125,0.6158203124999999,57.464,38.231512970323315,13.0,7.797435475847171
588,0.06564453125,7.6875,0.6814453125,0.6245703125,64.66,34.0934345585774,12.8,7.547184905645283
589,0.046503906250000004,7.6875,0.6814453125,0.6245703125,61.908,34.94759242065181,13.4,8.114185110040317
590,0.06564453125,12.6875,0.6814453125,0.6245703125,60.178,37.5187955030542,12.4,7.08801805866774
591,0.06564453125,7.6875,0.6376953125,0.6245703125,66.64,32.10757916754236,12.6,7.310266752998825
592,0.06564453125,7.6875,0.6814453125,0.5808203125,64.86600000000001,34.23636639598308,10.8,7.413501197140255
593,0.046503906250000004,12.6875,0.6376953125,0.5808203125,77.362,21.128994675563717,15.2,4.707440918375928
594,0.030644531250000002,23.6875,0.3314453125,0.6945703125,83.404,20.630444105738487,16.4,1.854723699099141
595,0.011503906250000001,23.6875,0.3314453125,0.6945703125,50.004000000000005,44.72136026553754,10.2,9.173875952943773
596,0.030644531250000002,28.6875,0.3314453125,0.6945703125,83.35999999999999,20.62825150127853,16.4,1.854723699099141
597,0.030644531250000002,23.6875,0.9876953124999999,0.6945703125,83.404,20.630444105738487,16.4,1.854723699099141
598,0.030644531250000002,23.6875,0.3314453125,0.6508203124999999,92.48799999999999,6.202881265992442,15.2,1.16619037896906
599,0.011503906250000001,28.6875,0.9876953124999999,0.6508203124999999,70.15799999999999,37.88856735217102,12.8,6.968500556073739
600,0.03939453125,11.6875,0.5939453125,0.7120703125,61.668000000000006,32.51923701441964,16.6,1.854723699099141
601,0.020253906250000002,11.6875,0.5939453125,0.7120703125,46.568,44.42568059129764,9.8,8.885943956609225
602,0.03939453125,24.6875,0.5939453125,0.7120703125,84.46,17.834631479231636,16.0,1.4142135623730951
603,0.03939453125,11.6875,0.5501953125,0.7120703125,63.236000000000004,31.252426849766405,16.6,1.854723699099141
604,0.03939453125,11.6875,0.5939453125,0.5983203125,67.396,28.13939914070661,13.8,0.9797958971132713
605,0.020253906250000002,24.6875,0.5501953125,0.5983203125,91.306,7.168133927320276,14.0,1.4142135623730951
606,0.07439453125,27.6875,0.9439453124999999,0.6420703125,95.256,4.179993301430039,14.0,0.8944271909999159
607,0.055253906250000005,27.6875,0.9439453124999999,0.6420703125,93.66999999999999,6.111189736867938,14.2,1.16619037896906
608,0.07439453125,8.6875,0.9439453124999999,0.6420703125,52.339999999999996,40.55281938410694,12.6,7.172168430816443
609,0.07439453125,27.6875,0.9001953125,0.6420703125,95.256,4.179993301430039,14.0,0.8944271909999159
610,0.07439453125,27.6875,0.9439453124999999,0.6683203125,95.03,6.3468039200845,14.4,1.2
611,0.055253906250000005,8.6875,0.9001953125,0.6683203125,32.489999999999995,36.54787326233908,9.0,8.221921916437786
612,0.056894531250000005,19.6875,0.4189453125,0.6770703124999999,91.024,7.3641906547834575,14.8,1.1661903789690602
613,0.07275390625,19.6875,0.4189453125,0.6770703124999999,96.18199999999999,4.675512378338872,14.4,1.2
614,0.056894531250000005,16.6875,0.4189453125,0.6770703124999999,79.22999999999999,16.99789869366211,15.0,1.4142135623730951
615,0.056894531250000005,19.6875,0.3751953125,0.6770703124999999,91.024,7.3641906547834575,14.8,1.1661903789690602
616,0.056894531250000005,19.6875,0.4189453125,0.7033203124999999,94.696,4.706355702664218,15.4,1.2
617,0.07275390625,16.6875,0.3751953125,0.7033203124999999,78.744,17.641116291210146,14.8,1.1661903789690602
618,0.02189453125,35.6875,0.7689453125,0.6070703125,93.62800000000001,5.501772078158092,14.2,1.16619037896906
619,0.037753906250000004,35.6875,0.7689453125,0.6070703125,95.05600000000001,4.917123549393485,13.8,0.9797958971132713
620,0.02189453125,32.6875,0.7689453125,0.6070703125,93.62800000000001,5.501772078158092,14.2,1.16619037896906
621,0.02189453125,35.6875,0.7251953124999999,0.6070703125,93.62800000000001,5.501772078158092,14.2,1.16619037896906
622,0.02189453125,35.6875,0.7689453125,0.6333203125,92.376,6.398579842433788,15.2,1.16619037896906
623,0.037753906250000004,32.6875,0.7251953124999999,0.6333203125,94.886,5.253781875944225,14.4,1.0198039027185568
624,0.02626953125,5.6875,0.46269531249999996,0.6333203125,73.224,23.688536130373272,15.2,1.16619037896906
625,0.06837890625000001,5.6875,0.46269531249999996,0.6333203125,75.44800000000001,24.08844154361174,14.0,0.8944271909999159
626,0.02626953125,30.6875,0.46269531249999996,0.6333203125,93.21600000000001,6.4640686877538664,15.0,1.4142135623730951
627,0.02626953125,5.6875,0.5064453124999999,0.6333203125,71.384,25.510904805592453,15.2,1.16619037896906
628,0.02626953125,5.6875,0.46269531249999996,0.6070703125,73.896,23.422989219994957,14.4,1.0198039027185568
629,0.06837890625000001,30.6875,0.5064453124999999,0.6070703125,95.81400000000001,3.464272506602215,13.6,0.8
630,0.06126953125000001,21.6875,0.8126953125,0.7033203124999999,95.41400000000002,4.454954994160996,15.4,1.2
631,0.03337890625,21.6875,0.8126953125,0.7033203124999999,83.548,20.60324382227226,16.6,1.854723699099141
632,0.06126953125000001,14.6875,0.8126953125,0.7033203124999999,59.624,37.54281055009068,13.6,7.761443164772902
633,0.06126953125000001,21.6875,0.8564453125,0.7033203124999999,95.41400000000002,4.454954994160996,15.4,1.2
634,0.06126953125000001,21.6875,0.8126953125,0.6770703124999999,92.348,6.6232511654020785,14.8,1.1661903789690602
635,0.03337890625,14.6875,0.8564453125,0.6770703124999999,36.876,36.874963105066286,9.4,8.593020423576334
636,0.07876953125,13.6875,0.6376953125,0.5983203125,70.22,24.641045432367516,12.0,3.1622776601683795
637,0.01587890625,13.6875,0.6376953125,0.5983203125,69.612,24.924762305787393,16.2,4.261455150532504
638,0.07876953125,6.6875,0.6376953125,0.5983203125,62.33,34.215693475363025,10.8,7.413501197140255
639,0.07876953125,13.6875,0.3314453125,0.5983203125,81.46600000000001,15.705387101246503,12.0,3.1622776601683795
640,0.07876953125,13.6875,0.6376953125,0.7120703125,63.763999999999996,32.032678689113716,13.0,7.183313998427188
641,0.01587890625,6.6875,0.3314453125,0.7120703125,45.256,45.71675999018303,10.0,9.033271832508971
642,0.04376953125000001,29.6875,0.9876953124999999,0.6683203125,94.18,4.764825285359368,15.0,1.4142135623730951
643,0.05087890625000001,29.6875,0.9876953124999999,0.6683203125,90.874,7.45541574964133,14.8,1.1661903789690602
644,0.04376953125000001,22.6875,0.9876953124999999,0.6683203125,94.18,4.764825285359368,15.0,1.4142135623730951
645,0.04376953125000001,29.6875,0.6814453125,0.6683203125,94.18,4.764825285359368,15.0,1.4142135623730951
646,0.04376953125000001,29.6875,0.9876953124999999,0.6420703125,96.44800000000001,3.478864182459556,14.6,1.0198039027185568
647,0.05087890625000001,22.6875,0.6814453125,0.6420703125,95.234,4.497535325041929,14.2,1.16619037896906
648,0.03501953125,17.6875,0.7251953124999999,0.6508203124999999,80.478,18.929218050410853,15.0,1.4142135623730951
649,0.05962890625000001,17.6875,0.7251953124999999,0.6508203124999999,92.714,9.339594423742396,14.4,1.2
650,0.03501953125,34.6875,0.7251953124999999,0.6508203124999999,91.976,6.697123561649432,15.0,1.4142135623730951
651,0.03501953125,17.6875,0.4189453125,0.6508203124999999,85.29,13.292130002373584,15.0,1.4142135623730951
652,0.03501953125,17.6875,0.7251953124999999,0.6945703125,61.986000000000004,31.13429466039017,16.2,2.039607805437114
653,0.05962890625000001,34.6875,0.4189453125,0.6945703125,94.524,5.041137173297311,15.0,1.4142135623730951
654,0.07001953125,33.6875,0.3751953125,0.5808203125,95.19,6.224705615529138,10.2,3.4871191548325386
655,0.024628906250000002,33.6875,0.3751953125,0.5808203125,92.228,6.768652450820621,13.0,1.6733200530681511
656,0.07001953125,18.6875,0.3751953125,0.5808203125,95.152,6.291414467351517,10.2,3.4871191548325386
657,0.07001953125,33.6875,0.7689453125,0.5808203125,95.19,6.224705615529138,10.2,3.4871191548325386
658,0.07001953125,33.6875,0.3751953125,0.6245703125,96.882,4.400951715254327,14.0,0.8944271909999159
659,0.024628906250000002,18.6875,0.7689453125,0.6245703125,87.13199999999999,15.770508425539107,14.8,1.469693845669907
660,0.05251953125000001,9.6875,0.9001953125,0.6858203125,36.513999999999996,37.038988971082894,9.2,8.423775875461075
661,0.04212890625000001,9.6875,0.9001953125,0.6858203125,35.662,36.85922104440081,9.4,8.593020423576334
662,0.05251953125000001,10.6875,0.9001953125,0.6858203125,36.286,36.693676621456184,9.2,8.4
663,0.05251953125000001,9.6875,0.5939453125,0.6858203125,68.098,29.03449355508031,15.4,1.2
664,0.05251953125000001,9.6875,0.9001953125,0.5895703124999999,36.492,36.8075461828142,8.0,7.37563556583431
665,0.04212890625000001,10.6875,0.5939453125,0.5895703124999999,66.244,29.980842950124,15.8,4.166533331199932
666,0.01751953125,25.6875,0.5501953125,0.6158203124999999,92.258,6.325988934546122,14.8,1.469693845669907
667,0.07712890625,25.6875,0.5501953125,0.6158203124999999,97.10400000000001,3.3390813107799575,12.8,2.481934729198171
668,0.01751953125,26.6875,0.5501953125,0.6158203124999999,92.258,6.325988934546122,14.8,1.469693845669907
669,0.01751953125,25.6875,0.9439453124999999,0.6158203124999999,92.258,6.325988934546122,14.8,1.469693845669907
670,0.01751953125,25.6875,0.5501953125,0.6595703125,79.608,30.24263440905901,12.4,6.829348431585549
671,0.07712890625,26.6875,0.9439453124999999,0.6595703125,95.896,5.0357307314827695,14.2,0.9797958971132712
672,0.015332031250000001,8.6875,0.7908203125,0.6814453125,43.174,46.61044586785241,7.6,10.910545357588683
673,0.01369140625,8.6875,0.7908203125,0.6814453125,42.227999999999994,47.253085994461784,7.6,10.910545357588683
674,0.015332031250000001,19.6875,0.7908203125,0.6814453125,57.09400000000001,43.16874035688324,9.2,8.35224520712844
675,0.015332031250000001,8.6875,0.7908203125,0.6814453125,43.174,46.61044586785241,7.6,10.910545357588683
676,0.015332031250000001,8.6875,0.7908203125,0.5939453124999999,55.528,38.5121255710458,13.8,8.44748483277715
677,0.01369140625,19.6875,0.7908203125,0.5939453124999999,93.35,5.54748952229745,14.2,1.7204650534085253
678,0.050332031250000006,24.6875,0.4408203125,0.6114453125,97.08,3.543551890406011,14.0,0.8944271909999159
679,0.048691406250000006,24.6875,0.4408203125,0.6114453125,97.396,3.0490431285896884,14.0,0.8944271909999159
680,0.050332031250000006,35.6875,0.4408203125,0.6114453125,97.08,3.543551890406011,14.0,0.8944271909999159
681,0.050332031250000006,24.6875,0.4408203125,0.6114453125,97.08,3.543551890406011,14.0,0.8944271909999159
682,0.050332031250000006,24.6875,0.4408203125,0.6639453125,90.478,7.77813705201959,14.8,1.1661903789690602
683,0.048691406250000006,35.6875,0.4408203125,0.6639453125,90.946,7.394810612855477,14.8,1.1661903789690602
684,0.06783203125000001,16.6875,0.9658203125,0.7164453125,59.146,34.86454049603981,12.2,6.734983296193095
685,0.06619140625,16.6875,0.9658203125,0.7164453125,58.836,35.37850737382797,12.2,6.734983296193095
686,0.06783203125000001,27.6875,0.9658203125,0.7164453125,95.96799999999999,4.151271612409865,15.4,1.2
687,0.06783203125000001,16.6875,0.9658203125,0.7164453125,59.146,34.86454049603981,12.2,6.734983296193095
688,0.06783203125000001,16.6875,0.9658203125,0.6989453125,63.041999999999994,30.182204293258632,15.0,1.4142135623730951
689,0.06619140625,27.6875,0.9658203125,0.6989453125,92.99,6.323299771480076,14.8,1.1661903789690602
690,0.032832031250000004,32.6875,0.6158203124999999,0.6464453124999999,91.49,7.066246528391151,15.0,1.4142135623730951
691,0.031191406250000005,32.6875,0.6158203124999999,0.6464453124999999,91.678,7.111422923719277,15.0,1.4142135623730951
692,0.032832031250000004,11.6875,0.6158203124999999,0.6464453124999999,64.78,29.990297097561406,17.2,3.54400902933387
693,0.032832031250000004,32.6875,0.6158203124999999,0.6464453124999999,91.49,7.066246528391151,15.0,1.4142135623730951
694,0.032832031250000004,32.6875,0.6158203124999999,0.6289453125,94.074,5.6036830745501645,14.4,1.0198039027185568
695,0.031191406250000005,11.6875,0.6158203124999999,0.6289453125,65.298,29.31982291897412,17.0,3.7416573867739413
696,0.041582031250000005,12.6875,0.35332031249999996,0.6289453125,75.72200000000001,22.11459102041003,14.4,1.0198039027185568
697,0.039941406250000006,12.6875,0.35332031249999996,0.6289453125,76.148,21.78622078287099,14.4,1.0198039027185568
698,0.041582031250000005,15.6875,0.35332031249999996,0.6289453125,80.848,15.795445419487224,14.2,1.16619037896906
699,0.041582031250000005,12.6875,0.8783203124999999,0.6289453125,34.462,36.99787907434695,8.6,7.914543574963752
700,0.041582031250000005,12.6875,0.35332031249999996,0.7164453125,69.25399999999999,26.039451299902616,16.4,1.624807680927192
701,0.039941406250000006,15.6875,0.8783203124999999,0.7164453125,52.552,41.084784239423726,11.0,10.411532067856296
702,0.07658203125,28.6875,0.7033203125,0.6989453125,93.16600000000001,5.780842845122154,14.8,1.1661903789690602
703,0.07494140625,28.6875,0.7033203125,0.6989453125,92.65200000000002,6.489666863560871,14.8,1.1661903789690602
704,0.07658203125,31.6875,0.7033203125,0.6989453125,93.16600000000001,5.780842845122154,14.8,1.1661903789690602
705,0.07658203125,28.6875,0.5283203125,0.6989453125,93.16600000000001,5.780842845122154,14.8,1.1661903789690602
706,0.07658203125,28.6875,0.7033203125,0.6464453124999999,94.97,4.156089508179533,14.0,0.8944271909999159
707,0.07494140625,31.6875,0.5283203125,0.6464453124999999,94.768,4.63146369952308,14.0,0.8944271909999159
708,0.05908203125000001,4.6875,0.5283203125,0.5939453124999999,70.47,27.026817792703604,13.6,0.8
709,0.05744140625000001,4.6875,0.5283203125,0.5939453124999999,70.526,26.982869825131647,13.6,0.8
710,0.05908203125000001,23.6875,0.5283203125,0.5939453124999999,95.006,6.237863736889416,12.4,2.4166091947189146
711,0.05908203125000001,4.6875,0.7033203125,0.5939453124999999,62.186,34.59564631568544,13.0,8.024961059095553
712,0.05908203125000001,4.6875,0.5283203125,0.6114453125,70.584,26.269405474810426,14.0,0.8944271909999159
713,0.05744140625000001,23.6875,0.7033203125,0.6114453125,96.482,4.197763213903326,13.8,0.7483314773547882
714,0.024082031250000004,20.6875,0.8783203124999999,0.6639453125,82.838,20.618388297827742,16.0,1.4142135623730951
715,0.022441406250000004,20.6875,0.8783203124999999,0.6639453125,83.49000000000001,20.75454841715425,16.2,1.7204650534085253
716,0.024082031250000004,7.6875,0.8783203124999999,0.6639453125,32.496,36.9642322252201,9.8,8.975522268926749
717,0.024082031250000004,20.6875,0.35332031249999996,0.6639453125,82.838,20.618388297827742,16.0,1.4142135623730951
718,0.024082031250000004,20.6875,0.8783203124999999,0.6814453125,78.58200000000001,27.20577100543192,16.4,1.854723699099141
719,0.022441406250000004,7.6875,0.35332031249999996,0.6814453125,63.612,32.930544726742674,12.8,6.997142273814361
720,0.01970703125,18.6875,0.4845703125,0.6901953125,55.99400000000001,39.12786403574823,13.2,7.222188034107115
721,0.05306640625,18.6875,0.4845703125,0.6901953125,91.966,10.74648147069542,15.2,1.16619037896906
722,0.01970703125,9.6875,0.4845703125,0.6901953125,53.275999999999996,40.02873597804457,13.4,7.337574531137657
723,0.01970703125,18.6875,0.8345703124999999,0.6901953125,50.414,41.685863119287816,13.2,7.222188034107115
724,0.01970703125,18.6875,0.4845703125,0.7076953125,49.944,42.80834572837404,9.4,8.5463442476886
725,0.05306640625,9.6875,0.8345703124999999,0.7076953125,36.846,36.980965698586076,9.4,8.593020423576334
726,0.05470703125,34.6875,0.8345703124999999,0.6201953124999999,97.62199999999999,2.9566765125728596,14.0,0.8944271909999159
727,0.01806640625,34.6875,0.8345703124999999,0.6201953124999999,93.876,5.172085072772876,14.8,1.469693845669907
728,0.05470703125,25.6875,0.8345703124999999,0.6201953124999999,97.62199999999999,2.9566765125728596,14.0,0.8944271909999159
729,0.05470703125,34.6875,0.4845703125,0.6201953124999999,97.62199999999999,2.9566765125728596,14.0,0.8944271909999159
730,0.05470703125,34.6875,0.8345703124999999,0.6376953125,92.46600000000001,6.7575131520404765,14.2,1.16619037896906
731,0.01806640625,25.6875,0.4845703125,0.6376953125,85.272,18.34948871222302,15.8,1.469693845669907
732,0.07220703125,10.6875,0.3095703125,0.6551953125,80.97999999999999,16.451238251268503,14.4,1.2
733,0.03556640625,10.6875,0.3095703125,0.6551953125,78.842,18.61237910639046,15.2,1.16619037896906
734,0.07220703125,33.6875,0.3095703125,0.6551953125,95.26,5.0559390819114896,14.4,1.2
735,0.07220703125,10.6875,0.6595703125,0.6551953125,64.828,31.770607422584792,12.6,7.172168430816443
736,0.07220703125,10.6875,0.3095703125,0.6026953125,81.584,17.146379909473602,12.4,2.8
737,0.03556640625,33.6875,0.6595703125,0.6026953125,95.24,4.7631754114246085,13.8,0.9797958971132713
738,0.03720703125,26.6875,0.6595703125,0.5851953125,92.11200000000001,6.587137162683044,13.2,1.32664991614216
739,0.07056640625,26.6875,0.6595703125,0.5851953125,96.756,4.283183862502285,11.6,3.0066592756745814
740,0.03720703125,17.6875,0.6595703125,0.5851953125,92.11200000000001,6.587137162683044,13.2,1.32664991614216
741,0.03720703125,26.6875,0.3095703125,0.5851953125,92.11200000000001,6.587137162683044,13.2,1.32664991614216
742,0.03720703125,26.6875,0.6595703125,0.6726953124999999,93.3,6.481107929976172,15.2,1.16619037896906
743,0.07056640625,17.6875,0.3095703125,0.6726953124999999,95.148,7.2438840410376555,14.4,1.2
744,0.02845703125,6.6875,0.9220703125,0.6026953125,32.007999999999996,36.834246782036956,8.4,7.735631842325487
745,0.07931640625,6.6875,0.9220703125,0.6026953125,53.013999999999996,40.59750711558531,12.4,7.08801805866774
746,0.02845703125,5.6875,0.9220703125,0.6026953125,36.812,36.76317799102792,8.4,7.735631842325487
747,0.02845703125,6.6875,0.7470703125,0.6026953125,36.25,36.87618526908661,8.4,7.735631842325487
748,0.02845703125,6.6875,0.9220703125,0.5851953125,32.4,36.84675345264491,8.4,7.735631842325487
749,0.07931640625,5.6875,0.7470703125,0.5851953125,63.465999999999994,35.356309535923,10.2,7.194442299441979
750,0.06345703125,22.6875,0.5720703125,0.6726953124999999,95.368,4.149454903960276,14.8,1.1661903789690602
751,0.04431640625,22.6875,0.5720703125,0.6726953124999999,94.77000000000001,4.419194496738066,15.0,1.4142135623730951
752,0.06345703125,21.6875,0.5720703125,0.6726953124999999,95.368,4.149454903960276,14.8,1.1661903789690602
753,0.06345703125,22.6875,0.39707031249999997,0.6726953124999999,95.368,4.149454903960276,14.8,1.1661903789690602
754,0.06345703125,22.6875,0.5720703125,0.6551953125,94.93199999999999,5.727300934995474,14.4,1.2
755,0.04431640625,21.6875,0.39707031249999997,0.6551953125,91.792,6.829721517016633,14.8,1.1661903789690602
756,0.04595703125,14.6875,0.7470703125,0.6376953125,60.983999999999995,37.18512315429384,11.2,6.20966987850401
757,0.02681640625,14.6875,0.7470703125,0.6376953125,60.196000000000005,37.386976128058286,14.0,8.48528137423857
758,0.04595703125,29.6875,0.7470703125,0.6376953125,95.458,4.0390167120228675,14.2,1.16619037896906
759,0.04595703125,14.6875,0.9220703125,0.6376953125,57.391999999999996,38.25874404629614,11.4,6.343500610861483
760,0.04595703125,14.6875,0.7470703125,0.6901953125,59.626,37.52020127877781,14.6,8.593020423576334
761,0.02681640625,29.6875,0.9220703125,0.6901953125,79.092,26.19782158882681,16.6,1.854723699099141
762,0.01095703125,30.6875,0.39707031249999997,0.7076953125,43.346000000000004,46.65943488727655,6.4,9.068627239003707
763,0.061816406250000004,30.6875,0.39707031249999997,0.7076953125,96.06400000000001,3.94037866200699,15.4,1.2
764,0.01095703125,13.6875,0.39707031249999997,0.7076953125,41.712,47.69448370618976,6.4,9.068627239003707
765,0.01095703125,30.6875,0.5720703125,0.7076953125,43.346000000000004,46.65943488727655,6.4,9.068627239003707
766,0.01095703125,30.6875,0.39707031249999997,0.6201953124999999,83.34599999999999,21.062122969919248,15.6,1.8547236990991407
767,0.061816406250000004,13.6875,0.5720703125,0.6201953124999999,68.77000000000001,28.099077564930848,14.0,0.8944271909999159
768,0.01068359375,9.3125,0.9302734374999999,0.6469921875,26.572000000000003,38.85723531081438,6.2,8.908422980528035
769,0.018886718750000003,9.3125,0.9302734374999999,0.6469921875,31.913999999999998,37.64547229083466,5.6,8.138795979750322
770,0.01068359375,26.8125,0.9302734374999999,0.6469921875,70.58,37.823476307711324,12.8,6.968500556073739
771,0.01068359375,9.3125,0.6513671875,0.6469921875,51.626,41.60630606050001,11.0,10.21763181955584
772,0.01068359375,9.3125,0.9302734374999999,0.6349609374999999,29.956,39.0834433488146,6.0,8.62554346113913
773,0.018886718750000003,26.8125,0.6513671875,0.6349609374999999,86.52000000000001,13.89118137524667,15.6,1.3564659966250536
774,0.04568359375000001,25.3125,0.5802734375,0.7169921874999999,90.02799999999999,10.621388609781677,15.8,1.6
775,0.05388671875000001,25.3125,0.5802734375,0.7169921874999999,92.19,6.381147232277282,15.6,1.3564659966250536
776,0.04568359375000001,10.8125,0.5802734375,0.7169921874999999,65.32000000000001,29.746127815229997,18.0,3.286335345030997
777,0.04568359375000001,25.3125,0.30136718749999997,0.7169921874999999,90.02799999999999,10.621388609781677,15.8,1.6
778,0.04568359375000001,25.3125,0.5802734375,0.7049609375,93.356,5.45773799297841,15.8,1.6
779,0.05388671875000001,10.8125,0.30136718749999997,0.7049609375,78.01,18.77325544491418,15.6,1.3564659966250536
780,0.06318359375,17.3125,0.7552734375,0.6119921875,95.46799999999999,5.500026909025085,13.8,0.7483314773547882
781,0.07138671875000001,17.3125,0.7552734375,0.6119921875,95.97399999999999,4.299681848695321,13.8,0.7483314773547882
782,0.06318359375,18.8125,0.7552734375,0.6119921875,95.46799999999999,5.500026909025085,13.8,0.7483314773547882
783,0.06318359375,17.3125,0.8263671875,0.6119921875,95.46799999999999,5.500026909025085,13.8,0.7483314773547882
784,0.06318359375,17.3125,0.7552734375,0.6699609375,92.08,11.86990985643952,14.6,1.3564659966250536
785,0.07138671875000001,18.8125,0.8263671875,0.6699609375,95.96000000000001,5.4182912435564035,14.4,1.2
786,0.02818359375,33.3125,0.4052734375,0.6819921875,84.646,20.963569924991305,16.2,1.7204650534085253
787,0.036386718750000005,33.3125,0.4052734375,0.6819921875,90.97200000000001,7.669642494927649,15.8,1.6
788,0.02818359375,34.8125,0.4052734375,0.6819921875,84.646,20.963569924991305,16.2,1.7204650534085253
789,0.02818359375,33.3125,0.47636718749999996,0.6819921875,84.646,20.963569924991305,16.2,1.7204650534085253
790,0.02818359375,33.3125,0.4052734375,0.5999609375,92.918,5.840535591878539,13.8,1.469693845669907
791,0.036386718750000005,34.8125,0.47636718749999996,0.5999609375,95.352,4.436099187349177,13.4,1.0198039027185568
792,0.03693359375,13.3125,0.49277343749999997,0.6644921874999999,70.326,25.916991029052735,15.4,1.2
793,0.027636718750000004,13.3125,0.49277343749999997,0.6644921874999999,67.042,28.379141917965033,16.0,1.4142135623730951
794,0.03693359375,22.8125,0.49277343749999997,0.6644921874999999,93.132,6.064844268404587,15.2,1.16619037896906
795,0.03693359375,13.3125,0.9138671875,0.6644921874999999,33.81,36.5204928772874,9.4,8.593020423576334
796,0.03693359375,13.3125,0.49277343749999997,0.6524609375,70.41600000000001,26.43559539711561,15.2,1.16619037896906
797,0.027636718750000004,22.8125,0.9138671875,0.6524609375,92.68,6.39322453852514,15.4,1.4966629547095764
798,0.07193359375000001,29.3125,0.8427734375,0.5944921875,94.304,6.27017256540839,12.0,3.1622776601683795
799,0.06263671875,29.3125,0.8427734375,0.5944921875,95.10799999999999,5.9423342214991575,12.4,2.4166091947189146
800,0.07193359375000001,6.8125,0.8427734375,0.5944921875,54.80800000000001,39.70104855038466,12.2,7.025667228100119
801,0.07193359375000001,29.3125,0.5638671875,0.5944921875,94.304,6.27017256540839,12.0,3.1622776601683795
802,0.07193359375000001,29.3125,0.8427734375,0.5824609374999999,95.814,5.474039093758828,10.2,3.4871191548325386
803,0.06263671875,6.8125,0.5638671875,0.5824609374999999,67.314,30.188796332414448,11.4,7.812809993849845
804,0.05443359375000001,5.3125,0.3177734375,0.6994921875,80.328,17.054826179120088,15.4,1.2
805,0.045136718750000006,5.3125,0.3177734375,0.6994921875,79.322,18.62832080462434,15.8,1.6
806,0.05443359375000001,14.8125,0.3177734375,0.6994921875,79.55,18.077525273111913,15.4,1.2
807,0.05443359375000001,5.3125,0.7388671874999999,0.6994921875,61.90599999999999,35.33789897546259,14.2,8.280096617793781
808,0.05443359375000001,5.3125,0.3177734375,0.6174609375,83.22,15.5000632256775,14.0,0.8944271909999159
809,0.045136718750000006,14.8125,0.7388671874999999,0.6174609375,60.896,36.94441532897767,11.2,6.20966987850401
810,0.01943359375,21.3125,0.6677734375,0.6294921874999999,89.684,8.81868153410701,15.4,1.4966629547095764
811,0.01013671875,21.3125,0.6677734375,0.6294921874999999,78.328,31.611993546753737,12.2,6.675327707311454
812,0.01943359375,30.8125,0.6677734375,0.6294921874999999,89.684,8.81868153410701,15.4,1.4966629547095764
813,0.01943359375,21.3125,0.3888671875,0.6294921874999999,89.684,8.81868153410701,15.4,1.4966629547095764
814,0.01943359375,21.3125,0.6677734375,0.6874609374999999,66.84,38.8278400120326,13.2,7.222188034107115
815,0.01013671875,30.8125,0.3888671875,0.6874609374999999,50.964,44.76289963798145,10.4,9.32952303175248
816,0.023808593750000002,19.3125,0.3615234375,0.5857421875,92.966,6.15089131752464,13.2,1.32664991614216
817,0.058261718750000004,19.3125,0.3615234375,0.5857421875,95.574,4.422947433556045,12.0,2.8284271247461903
818,0.023808593750000002,32.8125,0.3615234375,0.5857421875,92.966,6.15089131752464,13.2,1.32664991614216
819,0.023808593750000002,19.3125,0.9576171874999999,0.5857421875,92.966,6.15089131752464,13.2,1.32664991614216
820,0.023808593750000002,19.3125,0.3615234375,0.6612109374999999,80.898,23.045808642787957,16.0,1.4142135623730951
821,0.058261718750000004,32.8125,0.9576171874999999,0.6612109374999999,97.176,3.8076375877963997,14.4,1.2
822,0.058808593750000006,35.3125,0.7115234374999999,0.6557421875,96.124,4.344093000846092,14.4,1.2
823,0.02326171875,35.3125,0.7115234374999999,0.6557421875,85.35,17.424607886549413,15.8,1.469693845669907
824,0.058808593750000006,16.8125,0.7115234374999999,0.6557421875,83.48599999999999,20.008265891875787,14.4,1.2
825,0.058808593750000006,35.3125,0.6076171875,0.6557421875,96.124,4.344093000846092,14.4,1.2
826,0.058808593750000006,35.3125,0.7115234374999999,0.5912109375,94.05,6.992035469017587,12.2,2.481934729198171
827,0.02326171875,16.8125,0.6076171875,0.5912109375,88.526,14.45956098918636,13.4,1.624807680927192
828,0.07630859375,11.3125,0.5365234375,0.6207421875,70.35,25.185096386553695,14.0,0.8944271909999159
829,0.04076171875,11.3125,0.5365234375,0.6207421875,67.93800000000002,27.20823801718884,14.4,1.0198039027185568
830,0.07630859375,8.8125,0.5365234375,0.6207421875,69.21000000000001,26.54065560606972,14.0,0.8944271909999159
831,0.07630859375,11.3125,0.7826171875,0.6207421875,58.39,35.6919996637902,12.2,6.881860213634101
832,0.07630859375,11.3125,0.5365234375,0.6262109375,70.598,25.14180614037106,14.0,0.8944271909999159
833,0.04076171875,8.8125,0.7826171875,0.6262109375,56.498000000000005,37.90643976951674,13.4,8.114185110040317
834,0.041308593750000004,27.3125,0.8865234375,0.6907421874999999,92.592,6.192890762802134,15.8,1.6
835,0.07576171875,27.3125,0.8865234375,0.6907421874999999,93.962,5.971379740060082,14.6,1.3564659966250536
836,0.041308593750000004,24.8125,0.8865234375,0.6907421874999999,92.592,6.192890762802134,15.8,1.6
837,0.041308593750000004,27.3125,0.4326171875,0.6907421874999999,92.592,6.192890762802134,15.8,1.6
838,0.041308593750000004,27.3125,0.8865234375,0.6962109375,91.936,6.94224920324818,15.8,1.6
839,0.07576171875,24.8125,0.4326171875,0.6962109375,93.248,5.788952927775454,14.8,1.1661903789690602
840,0.03255859375,7.3125,0.7990234374999999,0.7082421875,32.45,37.288550521574315,6.0,8.62554346113913
841,0.06701171875,7.3125,0.7990234374999999,0.7082421875,59.246,37.62906408615553,13.8,7.984985911070852
842,0.03255859375,28.8125,0.7990234374999999,0.7082421875,80.482,24.15443346468718,16.6,1.854723699099141
843,0.03255859375,7.3125,0.6951171875,0.7082421875,54.79600000000001,39.3412021168647,15.0,8.508818954473059
844,0.03255859375,7.3125,0.7990234374999999,0.6437109375,39.002,37.17680481160262,9.0,8.221921916437786
845,0.06701171875,28.8125,0.6951171875,0.6437109375,94.468,5.880093196540343,14.0,0.8944271909999159
846,0.06755859375,23.3125,0.44902343749999996,0.6382421875,94.346,4.857059192556746,14.0,0.8944271909999159
847,0.03201171875,23.3125,0.44902343749999996,0.6382421875,94.18,5.905072395830553,15.0,1.4142135623730951
848,0.06755859375,12.8125,0.44902343749999996,0.6382421875,71.33200000000001,26.96250092257764,14.2,0.9797958971132712
849,0.06755859375,23.3125,0.3451171875,0.6382421875,94.346,4.857059192556746,14.0,0.8944271909999159
850,0.06755859375,23.3125,0.44902343749999996,0.7137109374999999,95.55,4.4731554857840585,15.2,1.469693845669907
851,0.03201171875,12.8125,0.3451171875,0.7137109374999999,63.282,31.76692455998849,16.8,1.6
852,0.050058593750000005,15.3125,0.9740234374999999,0.6732421875,53.678,39.89914505349707,11.8,6.554387843269576
853,0.01451171875,15.3125,0.9740234374999999,0.6732421875,23.253999999999998,38.88693950415743,2.4,6.8
854,0.050058593750000005,4.8125,0.9740234374999999,0.6732421875,32.986000000000004,36.51855068318018,9.0,8.221921916437786
855,0.050058593750000005,15.3125,0.8701171875,0.6732421875,56.032,38.82854743613261,11.8,6.554387843269576
856,0.050058593750000005,15.3125,0.9740234374999999,0.6787109375,54.218,39.64901128653778,12.0,6.723094525588644
857,0.01451171875,4.8125,0.8701171875,0.6787109375,22.472,39.05845793166955,2.4,6.8
858,0.015058593750000002,31.3125,0.6240234375,0.6032421874999999,92.324,6.607210001203231,14.4,1.4966629547095764
859,0.04951171875,31.3125,0.6240234375,0.6032421874999999,94.72,4.631323784837335,13.6,0.8
860,0.015058593750000002,20.8125,0.6240234375,0.6032421874999999,92.324,6.607210001203231,14.4,1.4966629547095764
861,0.015058593750000002,31.3125,0.5201171874999999,0.6032421874999999,92.324,6.607210001203231,14.4,1.4966629547095764
862,0.015058593750000002,31.3125,0.6240234375,0.6087109374999999,91.6,6.9563467423641265,14.4,1.4966629547095764
863,0.04951171875,20.8125,0.5201171874999999,0.6087109374999999,96.57400000000001,3.4738658580895123,13.8,0.9797958971132713
864,0.01724609375,14.3125,0.7333984375,0.6951171875,42.378,47.24806383334665,7.6,10.910545357588683
865,0.03857421875,14.3125,0.7333984375,0.6951171875,58.686,37.93965186977867,14.6,8.593020423576334
866,0.01724609375,13.8125,0.7333984375,0.6951171875,43.065999999999995,46.59973115802279,7.6,10.910545357588683
867,0.01724609375,14.3125,0.3232421875,0.6951171875,53.11,41.48855456628973,9.4,8.5463442476886
868,0.01724609375,14.3125,0.7333984375,0.6830859375,44.754,45.93562957008427,11.4,10.61319932913728
869,0.03857421875,13.8125,0.3232421875,0.6830859375,77.68800000000002,19.67884793375872,15.8,1.6
870,0.05224609375000001,30.3125,0.38339843749999997,0.6251171875,93.33,6.318968270216271,14.0,0.8944271909999159
871,0.07357421875,30.3125,0.38339843749999997,0.6251171875,96.696,4.944874518124806,14.0,0.8944271909999159
872,0.05224609375000001,29.8125,0.38339843749999997,0.6251171875,93.33,6.318968270216271,14.0,0.8944271909999159
873,0.05224609375000001,30.3125,0.6732421875,0.6251171875,93.33,6.318968270216271,14.0,0.8944271909999159
874,0.05224609375000001,30.3125,0.38339843749999997,0.6130859375,97.326,3.3385841310351916,14.0,0.8944271909999159
875,0.07357421875,29.8125,0.6732421875,0.6130859375,96.562,3.6368909799442695,12.8,2.481934729198171
876,0.06974609375,6.3125,0.9083984375,0.6601171874999999,52.41600000000001,40.61818046146331,13.2,7.678541528180987
877,0.05607421875000001,6.3125,0.9083984375,0.6601171874999999,33.148,36.712189474342175,8.8,8.034923770640267
878,0.06974609375,21.8125,0.9083984375,0.6601171874999999,94.368,6.645477860921666,14.4,1.2
879,0.06974609375,6.3125,0.4982421875,0.6601171874999999,68.66600000000001,27.150719769464676,14.6,1.0198039027185568
880,0.06974609375,6.3125,0.9083984375,0.6480859375,52.962,40.56747682565432,13.0,7.615773105863909
881,0.05607421875000001,21.8125,0.4982421875,0.6480859375,95.076,4.996261001989385,14.4,1.2
882,0.034746093750000005,22.3125,0.5583984375,0.5901171875,93.51,5.45662166546298,13.2,1.32664991614216
883,0.021074218750000002,22.3125,0.5583984375,0.5901171875,93.68800000000002,5.558702726356214,13.4,1.624807680927192
884,0.034746093750000005,5.8125,0.5583984375,0.5901171875,69.914,28.084948709228577,13.4,1.0198039027185568
885,0.034746093750000005,22.3125,0.8482421874999999,0.5901171875,93.51,5.45662166546298,13.2,1.32664991614216
886,0.034746093750000005,22.3125,0.5583984375,0.7180859374999999,79.51,25.404516133947524,16.6,1.854723699099141
887,0.021074218750000002,5.8125,0.8482421874999999,0.7180859374999999,40.972,48.22882059515866,7.6,10.910545357588683
888,0.043496093750000006,10.3125,0.4708984375,0.6076171874999999,74.854,22.981426935680037,14.0,0.8944271909999159
889,0.012324218750000001,10.3125,0.4708984375,0.6076171874999999,69.59400000000001,26.26423240835338,15.2,1.7204650534085253
890,0.043496093750000006,17.8125,0.4708984375,0.6076171874999999,96.672,3.0615185774383282,13.8,0.9797958971132713
891,0.043496093750000006,10.3125,0.5857421875,0.6076171874999999,69.55199999999999,27.993132300619735,16.2,3.9698866482558417
892,0.043496093750000006,10.3125,0.4708984375,0.6305859374999999,72.934,24.07405375087461,14.6,1.0198039027185568
893,0.012324218750000001,17.8125,0.5857421875,0.6305859374999999,72.474,30.551478916739857,16.0,1.7888543819998317
894,0.07849609375,26.3125,0.8208984374999999,0.6776171875,95.716,5.918491699749187,14.4,1.2
895,0.04732421875000001,26.3125,0.8208984374999999,0.6776171875,95.218,3.998781814503011,15.0,1.4142135623730951
896,0.07849609375,33.8125,0.8208984374999999,0.6776171875,95.716,5.918491699749187,14.4,1.2
897,0.07849609375,26.3125,0.9357421875,0.6776171875,95.716,5.918491699749187,14.4,1.2
898,0.07849609375,26.3125,0.8208984374999999,0.7005859375,93.248,5.6485729171180905,14.8,1.1661903789690602
899,0.04732421875000001,33.8125,0.9357421875,0.7005859375,91.94,6.605052611448299,15.6,1.3564659966250536
900,0.06099609375000001,18.3125,0.6458984375,0.6426171875,93.49,5.934320517127468,14.2,1.16619037896906
901,0.06482421875000001,18.3125,0.6458984375,0.6426171875,94.596,5.644971567687478,14.0,0.8944271909999159
902,0.06099609375000001,25.8125,0.6458984375,0.6426171875,93.49,5.934320517127468,14.2,1.16619037896906
903,0.06099609375000001,18.3125,0.41074218749999997,0.6426171875,93.49,5.934320517127468,14.2,1.16619037896906
904,0.06099609375000001,18.3125,0.6458984375,0.6655859375,97.02799999999999,3.6863174035885717,14.4,1.2
905,0.06482421875000001,25.8125,0.41074218749999997,0.6655859375,96.642,4.474382191990306,14.4,1.2
906,0.025996093750000004,34.3125,0.9958984375,0.7126171875,66.22999999999999,38.80841970500731,13.0,7.155417527999327
907,0.02982421875,34.3125,0.9958984375,0.7126171875,74.66,31.55901329256034,12.8,6.997142273814361
908,0.025996093750000004,9.8125,0.9958984375,0.7126171875,24.014,38.78000495100536,6.2,8.908422980528035
909,0.025996093750000004,34.3125,0.7607421875,0.7126171875,66.22999999999999,38.80841970500731,13.0,7.155417527999327
910,0.025996093750000004,34.3125,0.9958984375,0.5955859375,94.016,5.3906793634939945,13.6,1.3564659966250536
911,0.02982421875,9.8125,0.7607421875,0.5955859375,40.414,36.79549407196484,8.4,7.735631842325487
912,0.02162109375,4.3125,0.6021484374999999,0.6688671875,58.836,35.80094669139351,12.8,6.997142273814361
913,0.07794921875000001,4.3125,0.6021484374999999,0.6688671875,66.41,29.753987295823055,14.6,1.0198039027185568
914,0.02162109375,7.8125,0.6021484374999999,0.6688671875,58.976,36.2990405382842,13.2,7.277362159464101
915,0.02162109375,4.3125,0.6294921874999999,0.6688671875,57.775999999999996,36.68736927063591,9.2,8.399999999999999
916,0.02162109375,4.3125,0.6021484374999999,0.6218359375,65.152,30.603539272443637,15.2,1.16619037896906
917,0.07794921875000001,7.8125,0.6294921874999999,0.6218359375,66.05799999999999,31.689949447735003,12.2,6.881860213634101
918,0.056621093750000004,20.3125,0.9521484375,0.5988671875,92.912,5.877657356464393,13.4,1.0198039027185568
919,0.042949218750000004,20.3125,0.9521484375,0.5988671875,94.22399999999999,5.046862787910923,13.4,1.0198039027185568
920,0.056621093750000004,23.8125,0.9521484375,0.5988671875,92.912,5.877657356464393,13.4,1.0198039027185568
921,0.056621093750000004,20.3125,0.9794921875,0.5988671875,92.912,5.877657356464393,13.4,1.0198039027185568
922,0.056621093750000004,20.3125,0.9521484375,0.6918359374999999,94.922,4.593275084294432,15.0,1.4142135623730951
923,0.042949218750000004,23.8125,0.9794921875,0.6918359374999999,91.926,6.693317861867907,15.6,1.3564659966250536
924,0.07412109375,12.3125,0.4271484375,0.7038671875,71.322,25.892807032069737,15.0,1.2649110640673518
925,0.025449218750000002,12.3125,0.4271484375,0.7038671875,54.35,38.73345737214792,13.2,7.277362159464101
926,0.07412109375,31.8125,0.4271484375,0.7038671875,92.96600000000001,6.0782681744062605,14.8,1.1661903789690602
927,0.07412109375,12.3125,0.4544921875,0.7038671875,70.03200000000001,27.08580321866051,15.0,1.2649110640673518
928,0.07412109375,12.3125,0.4271484375,0.6568359374999999,72.926,24.999770878950073,14.6,1.0198039027185568
929,0.025449218750000002,31.8125,0.4544921875,0.6568359374999999,88.744,12.83811450330616,15.6,1.624807680927192
930,0.03912109375,28.3125,0.7771484375,0.6338671874999999,95.628,3.956070777931052,14.4,1.0198039027185568
931,0.060449218750000006,28.3125,0.7771484375,0.6338671874999999,93.566,6.0666155309200205,14.0,0.8944271909999159
932,0.03912109375,15.8125,0.7771484375,0.6338671874999999,64.134,30.376212798833233,14.8,1.469693845669907
933,0.03912109375,28.3125,0.8044921875,0.6338671874999999,95.628,3.956070777931052,14.4,1.0198039027185568
934,0.03912109375,28.3125,0.7771484375,0.5868359375,92.27799999999999,6.574643412383673,13.2,1.32664991614216
935,0.060449218750000006,15.8125,0.8044921875,0.5868359375,86.56199999999998,17.95730982079443,12.0,2.8284271247461903
936,0.03037109375,16.3125,0.8646484374999999,0.6163671875,78.858,21.38031842606653,14.4,1.0198039027185568
937,0.051699218750000005,16.3125,0.8646484374999999,0.6163671875,92.06800000000001,15.015455237854095,14.0,0.8944271909999159
938,0.03037109375,11.8125,0.8646484374999999,0.6163671875,34.31400000000001,36.2151071239614,8.6,7.939773296511683
939,0.03037109375,16.3125,0.36699218749999996,0.6163671875,86.774,11.762754099274538,14.4,1.0198039027185568
940,0.03037109375,16.3125,0.8646484374999999,0.6743359375,56.85,37.21460949680918,12.6,7.059745037889116
941,0.051699218750000005,11.8125,0.36699218749999996,0.6743359375,75.87,20.247925325820418,15.0,1.4142135623730951
942,0.06537109375,32.3125,0.5146484375,0.6863671874999999,91.91,6.855963827209124,14.8,1.1661903789690602
943,0.01669921875,32.3125,0.5146484375,0.6863671874999999,63.254,40.89782468542795,13.2,7.222188034107115
944,0.06537109375,27.8125,0.5146484375,0.6863671874999999,91.91,6.855963827209124,14.8,1.1661903789690602
945,0.06537109375,32.3125,0.7169921875,0.6863671874999999,91.91,6.855963827209124,14.8,1.1661903789690602
946,0.06537109375,32.3125,0.5146484375,0.6043359374999999,95.33200000000001,3.88161512775288,13.6,0.8
947,0.01669921875,27.8125,0.7169921875,0.6043359374999999,93.172,6.086573420242295,14.4,1.4966629547095764
948,0.04787109375,8.3125,0.6896484375,0.5813671874999999,62.114,33.53215984692904,13.0,8.024961059095553
949,0.03419921875,8.3125,0.6896484375,0.5813671874999999,60.022000000000006,34.46485189290678,13.0,8.024961059095553
950,0.04787109375,35.8125,0.6896484375,0.5813671874999999,95.21799999999999,5.7250935363537945,13.0,1.6733200530681511
951,0.04787109375,8.3125,0.5419921875,0.5813671874999999,69.152,27.58499693674081,13.2,1.32664991614216
952,0.04787109375,8.3125,0.6896484375,0.6393359375,61.398,33.59799779748787,13.4,8.114185110040317
953,0.03419921875,35.8125,0.5419921875,0.6393359375,93.886,6.464603932183315,15.0,1.4142135623730951
954,0.01287109375,24.3125,0.33964843749999996,0.6513671875,71.79599999999999,37.48323603959509,12.8,6.968500556073739
955,0.06919921875,24.3125,0.33964843749999996,0.6513671875,95.042,4.968719754624929,14.2,1.16619037896906
956,0.01287109375,19.8125,0.33964843749999996,0.6513671875,70.428,37.759483788844356,12.8,6.968500556073739
957,0.01287109375,24.3125,0.8919921874999999,0.6513671875,71.79599999999999,37.48323603959509,12.8,6.968500556073739
958,0.01287109375,24.3125,0.33964843749999996,0.7093359375,45.638,45.56433008395932,10.2,9.173875952943773
959,0.06919921875,19.8125,0.8919921874999999,0.7093359375,94.232,5.520530409299454,15.0,1.4142135623730951
960,0.01396484375,17.8125,0.5255859374999999,0.7148046875,41.622,47.75734012693756,6.2,8.818163074019441
961,0.01123046875,17.8125,0.5255859374999999,0.7148046875,40.632,48.48750040989946,6.4,9.068627239003707
962,0.01396484375,15.3125,0.5255859374999999,0.7148046875,41.196000000000005,48.06289279683444,6.2,8.818163074019441
963,0.01396484375,17.8125,0.5091796875,0.7148046875,41.616,47.761551733585875,6.2,8.818163074019441
964,0.01396484375,17.8125,0.5255859374999999,0.6896484374999999,46.93599999999999,44.5071565481328,10.0,9.033271832508971
965,0.01123046875,15.3125,0.5091796875,0.6896484374999999,43.458,46.59604120523545,6.4,9.068627239003707
966,0.04896484375000001,33.8125,0.8755859374999999,0.6448046875,96.16999999999999,3.7146843742100097,14.4,1.2
967,0.04623046875,33.8125,0.8755859374999999,0.6448046875,96.616,3.4029493090553093,14.6,1.0198039027185568
968,0.04896484375000001,31.3125,0.8755859374999999,0.6448046875,96.16999999999999,3.7146843742100097,14.4,1.2
969,0.04896484375000001,33.8125,0.8591796875,0.6448046875,96.16999999999999,3.7146843742100097,14.4,1.2
970,0.04896484375000001,33.8125,0.8755859374999999,0.6196484375,95.58200000000001,3.7342544101868596,14.0,0.8944271909999159
971,0.04623046875,31.3125,0.8591796875,0.6196484375,92.71600000000001,5.967433619237001,14.0,0.8944271909999159
972,0.06646484375,9.8125,0.3505859375,0.6798046875,78.33,20.014158988076414,14.8,1.1661903789690602
973,0.06373046875,9.8125,0.3505859375,0.6798046875,77.774,19.993756625506872,14.8,1.1661903789690602
974,0.06646484375,23.3125,0.3505859375,0.6798046875,93.61,5.822312255453156,14.8,1.1661903789690602
975,0.06646484375,9.8125,0.3341796875,0.6798046875,79.108,19.255738261619573,14.8,1.1661903789690602
976,0.06646484375,9.8125,0.3505859375,0.5846484375,80.534,19.01941281953783,11.8,3.1874754901018454
977,0.06373046875,23.3125,0.3341796875,0.5846484375,96.64200000000001,4.276645414340546,11.6,3.0066592756745814
978,0.03146484375,25.8125,0.7005859375,0.6098046874999999,93.79400000000001,6.142929594257123,14.2,1.16619037896906
979,0.02873046875,25.8125,0.7005859375,0.6098046874999999,94.17,5.359910447013084,14.4,1.0198039027185568
980,0.03146484375,7.3125,0.7005859375,0.6098046874999999,61.86800000000001,35.38595619733908,13.4,8.114185110040317
981,0.03146484375,25.8125,0.6841796874999999,0.6098046874999999,93.79400000000001,6.142929594257123,14.2,1.16619037896906
982,0.03146484375,25.8125,0.7005859375,0.6546484375,92.538,6.206143407946677,15.2,1.16619037896906
983,0.02873046875,7.3125,0.6841796874999999,0.6546484375,62.55799999999999,34.723668239401206,14.4,8.357032966310472
984,0.04021484375,5.8125,0.9630859375,0.5923046875,36.584,36.740154381820446,8.0,7.37563556583431
985,0.03748046875,5.8125,0.9630859375,0.5923046875,36.7,36.75056407730363,8.2,7.547184905645283
986,0.04021484375,19.3125,0.9630859375,0.5923046875,93.42,5.4459379357462385,13.4,1.0198039027185568
987,0.04021484375,5.8125,0.42167968749999996,0.5923046875,75.66,22.185834219158853,13.4,1.0198039027185568
988,0.04021484375,5.8125,0.9630859375,0.6021484374999999,37.298,36.84231827667743,8.4,7.735631842325487
989,0.03748046875,19.3125,0.42167968749999996,0.6021484374999999,95.772,3.9402609050670727,13.8,0.9797958971132713
990,0.07521484375,21.8125,0.6130859375,0.6623046874999999,95.056,5.252453141152235,14.4,1.2
991,0.07248046875,21.8125,0.6130859375,0.6623046874999999,94.524,6.426615283335389,14.4,1.2
992,0.07521484375,35.3125,0.6130859375,0.6623046874999999,95.056,5.252453141152235,14.4,1.2
993,0.07521484375,21.8125,0.7716796874999999,0.6623046874999999,95.056,5.252453141152235,14.4,1.2
994,0.07521484375,21.8125,0.6130859375,0.6721484375,95.502,6.093486358399433,14.4,1.2
995,0.07248046875,35.3125,0.7716796874999999,0.6721484375,96.02799999999999,5.336809533794514,14.4,1.2
996,0.05771484375000001,13.8125,0.7880859375,0.6273046875,58.153999999999996,37.97812296572857,13.0,7.615773105863909
997,0.054980468750000004,13.8125,0.7880859375,0.6273046875,57.772000000000006,38.12535397868458,13.0,7.615773105863909
998,0.05771484375000001,27.3125,0.7880859375,0.6273046875,94.30199999999999,5.549574398095767,14.0,0.8944271909999159
999,0.05771484375000001,13.8125,0.5966796875,0.6273046875,66.646,30.322135544845782,15.8,2.7856776554368237
1000,0.05771484375000001,13.8125,0.7880859375,0.7071484375,56.876,38.43689144558909,14.0,8.049844718999243
1001,0.054980468750000004,27.3125,0.5966796875,0.7071484375,90.55199999999999,7.739662524942543,15.6,1.3564659966250536
1002,0.02271484375,29.8125,0.43808593749999997,0.6973046875,66.85999999999999,38.20870110328274,13.0,7.155417527999327
1003,0.01998046875,29.8125,0.43808593749999997,0.6973046875,63.89000000000001,40.62481310726242,13.2,7.222188034107115
1004,0.02271484375,11.3125,0.43808593749999997,0.6973046875,55.452,39.07598515712688,13.4,7.337574531137657
1005,0.02271484375,29.8125,0.9466796874999999,0.6973046875,66.85999999999999,38.20870110328274,13.0,7.155417527999327
1006,0.02271484375,29.8125,0.43808593749999997,0.6371484374999999,91.28800000000001,7.2318279846799465,15.4,1.4966629547095764
1007,0.01998046875,11.3125,0.9466796874999999,0.6371484374999999,30.262,36.90992516925495,5.6,8.138795979750322
1008,0.027089843750000002,11.8125,0.7443359374999999,0.6535546875,58.556,35.05178888444925,14.6,8.593020423576334
1009,0.05060546875000001,11.8125,0.7443359374999999,0.6535546875,60.818,33.73053477192438,14.0,8.48528137423857
1010,0.027089843750000002,5.3125,0.7443359374999999,0.6535546875,60.434000000000005,35.994043729483906,14.4,8.357032966310472
1011,0.027089843750000002,11.8125,0.46542968749999997,0.6535546875,71.05,24.121126839349774,16.0,1.4142135623730951
1012,0.027089843750000002,11.8125,0.7443359374999999,0.6108984375,59.459999999999994,34.62853563175896,13.8,8.44748483277715
1013,0.05060546875000001,5.3125,0.46542968749999997,0.6108984375,75.82000000000001,22.700724217522225,14.0,0.8944271909999159
1014,0.062089843750000005,27.8125,0.39433593749999996,0.5835546875,96.49199999999999,4.75504532049906,11.6,3.0066592756745814
1015,0.01560546875,27.8125,0.39433593749999996,0.5835546875,94.03599999999999,5.055352015438689,13.4,1.624807680927192
1016,0.062089843750000005,21.3125,0.39433593749999996,0.5835546875,96.49199999999999,4.75504532049906,11.6,3.0066592756745814
1017,0.062089843750000005,27.8125,0.8154296875,0.5835546875,96.49199999999999,4.75504532049906,11.6,3.0066592756745814
1018,0.062089843750000005,27.8125,0.39433593749999996,0.6808984375,91.48,7.084142855702445,14.8,1.1661903789690602
1019,0.01560546875,21.3125,0.8154296875,0.6808984375,63.414,40.217204079846226,13.2,7.222188034107115
1020,0.07958984375,19.8125,0.9193359374999999,0.6885546874999999,95.02799999999999,4.739406713925278,14.4,1.2
1021,0.033105468750000006,19.8125,0.9193359374999999,0.6885546874999999,80.286,25.569622288958435,15.8,1.6
1022,0.07958984375,29.3125,0.9193359374999999,0.6885546874999999,95.02799999999999,4.739406713925278,14.4,1.2
1023,0.07958984375,19.8125,0.6404296875,0.6885546874999999,95.02799999999999,4.739406713925278,14.4,1.2
1024,0.07958984375,19.8125,0.9193359374999999,0.7158984374999999,93.152,6.294233551434201,14.8,1.1661903789690602
1025,0.033105468750000006,29.3125,0.6404296875,0.7158984374999999,78.046,27.23894829100419,16.6,1.854723699099141
1026,0.044589843750000004,35.8125,0.5693359375,0.6185546875,92.154,6.588795337540847,14.2,1.16619037896906
1027,0.06810546875000001,35.8125,0.5693359375,0.6185546875,96.59599999999999,5.242764919391292,14.0,0.8944271909999159
1028,0.044589843750000004,13.3125,0.5693359375,0.6185546875,66.43800000000002,29.457287315705088,14.4,1.0198039027185568
1029,0.044589843750000004,35.8125,0.9904296875,0.6185546875,92.154,6.588795337540847,14.2,1.16619037896906
1030,0.044589843750000004,35.8125,0.5693359375,0.6458984375,96.0,4.366948591407963,14.6,1.0198039027185568
1031,0.06810546875000001,13.3125,0.9904296875,0.6458984375,52.64000000000001,40.40202024651738,12.6,7.172168430816443
1032,0.03583984375,15.8125,0.3068359375,0.6360546874999999,80.298,16.391498284171586,14.8,1.1661903789690602
1033,0.07685546875,15.8125,0.3068359375,0.6360546874999999,86.06800000000001,11.839740537697608,14.0,0.8944271909999159
1034,0.03583984375,9.3125,0.3068359375,0.6360546874999999,80.0,16.950544534026037,14.8,1.1661903789690602
1035,0.03583984375,15.8125,0.5529296875,0.6360546874999999,69.65,26.12446669312122,15.0,1.4142135623730951
1036,0.03583984375,15.8125,0.3068359375,0.6983984375,73.15599999999999,23.553566693815185,16.0,1.6733200530681511
1037,0.07685546875,9.3125,0.5529296875,0.6983984375,69.424,27.89403276688403,14.8,1.1661903789690602
1038,0.07083984375,31.8125,0.6568359374999999,0.7060546875,93.096,6.354345284921175,14.8,1.1661903789690602
1039,0.041855468750000006,31.8125,0.6568359374999999,0.7060546875,89.864,10.679502984689877,15.8,1.6
1040,0.07083984375,25.3125,0.6568359374999999,0.7060546875,93.096,6.354345284921175,14.8,1.1661903789690602
1041,0.07083984375,31.8125,0.9029296874999999,0.7060546875,93.096,6.354345284921175,14.8,1.1661903789690602
1042,0.07083984375,31.8125,0.6568359374999999,0.6283984375,95.704,5.0331326229297835,14.0,0.8944271909999159
1043,0.041855468750000006,25.3125,0.9029296874999999,0.6283984375,93.51199999999999,5.306733081661447,14.2,1.16619037896906
1044,0.053339843750000004,7.8125,0.4818359375,0.6010546875,71.792,25.85847899625962,13.8,0.7483314773547882
1045,0.02435546875,7.8125,0.4818359375,0.6010546875,71.54400000000001,25.96970280923523,14.4,1.0198039027185568
1046,0.053339843750000004,33.3125,0.4818359375,0.6010546875,93.224,5.959418092397948,13.6,0.8
1047,0.053339843750000004,7.8125,0.3779296875,0.6010546875,76.466,21.36926821395623,13.6,0.8
1048,0.053339843750000004,7.8125,0.4818359375,0.5933984375,72.248,25.753725478074042,13.6,0.8
1049,0.02435546875,33.3125,0.3779296875,0.5933984375,94.002,5.442239980008233,13.6,1.3564659966250536
1050,0.01833984375,23.8125,0.8318359375,0.6710546875,72.51599999999999,33.95283587566729,12.6,6.887670143089026
1051,0.05935546875000001,23.8125,0.8318359375,0.6710546875,93.6,5.468465964052442,14.8,1.1661903789690602
1052,0.01833984375,17.3125,0.8318359375,0.6710546875,50.446000000000005,41.096641517282166,12.8,7.05407683541936
1053,0.01833984375,23.8125,0.7279296875,0.6710546875,72.51599999999999,33.95283587566729,12.6,6.887670143089026
1054,0.01833984375,23.8125,0.8318359375,0.6633984374999999,78.99,30.510130776514217,12.4,6.829348431585549
1055,0.05935546875000001,17.3125,0.7279296875,0.6633984374999999,92.896,11.885683152431751,14.4,1.2
1056,0.01615234375,6.8125,0.4162109375,0.6316796874999999,66.062,28.835689969203095,16.0,1.7888543819998317
1057,0.030917968750000004,6.8125,0.4162109375,0.6316796874999999,72.608,23.64916184561305,15.0,1.4142135623730951
1058,0.01615234375,24.3125,0.4162109375,0.6316796874999999,84.07799999999999,19.186113102971117,15.6,1.3564659966250536
1059,0.01615234375,6.8125,0.8373046874999999,0.6316796874999999,30.342000000000002,36.772498636888955,9.6,8.8
1060,0.01615234375,6.8125,0.4162109375,0.5890234375,71.422,24.94819624742438,14.0,1.4142135623730951
1061,0.030917968750000004,24.3125,0.8373046874999999,0.5890234375,93.316,5.897489635429638,13.2,1.32664991614216
1062,0.05115234375,22.8125,0.7662109374999999,0.7016796875,90.6,7.67567586600685,15.6,1.3564659966250536
1063,0.06591796875,22.8125,0.7662109374999999,0.7016796875,93.75399999999999,5.909543467984644,15.0,1.4142135623730951
1064,0.05115234375,8.3125,0.7662109374999999,0.7016796875,56.355999999999995,37.675165613438246,14.4,8.357032966310472
1065,0.05115234375,22.8125,0.4873046875,0.7016796875,90.6,7.67567586600685,15.6,1.3564659966250536
1066,0.05115234375,22.8125,0.7662109374999999,0.6590234374999999,94.682,4.867953984992054,14.8,1.1661903789690602
1067,0.06591796875,8.3125,0.4873046875,0.6590234374999999,71.078,24.629368972834037,14.6,1.0198039027185568
1068,0.06865234375,14.8125,0.5912109375,0.5966796875,80.65799999999999,17.56392940090571,12.2,2.7856776554368237
1069,0.048417968750000005,14.8125,0.5912109375,0.5966796875,79.78,18.461445230533823,13.4,1.0198039027185568
1070,0.06865234375,16.3125,0.5912109375,0.5966796875,93.6,7.380289967203184,12.2,2.7856776554368237
1071,0.06865234375,14.8125,0.6623046875,0.5966796875,79.14399999999999,19.226608229222336,12.2,2.7856776554368237
1072,0.06865234375,14.8125,0.5912109375,0.6940234375,66.354,31.224442733217835,11.6,6.406246951218788
1073,0.048417968750000005,16.3125,0.6623046875,0.6940234375,63.504,33.07513906244387,12.2,6.734983296193095
1074,0.03365234375,30.8125,0.9412109375,0.6666796875,93.7,6.131326120832261,15.2,1.16619037896906
1075,0.01341796875,30.8125,0.9412109375,0.6666796875,66.7,38.933723685257746,13.2,7.222188034107115
1076,0.03365234375,32.3125,0.9412109375,0.6666796875,93.7,6.131326120832261,15.2,1.16619037896906
1077,0.03365234375,30.8125,0.3123046875,0.6666796875,93.7,6.131326120832261,15.2,1.16619037896906
1078,0.03365234375,30.8125,0.9412109375,0.6240234375,93.612,5.558267355930264,14.4,1.0198039027185568
1079,0.01341796875,32.3125,0.3123046875,0.6240234375,82.896,20.76732587503745,15.4,1.4966629547095764
1080,0.04240234375,18.8125,0.6787109375,0.6841796874999999,85.32399999999998,15.680574734364809,15.6,1.3564659966250536
1081,0.022167968750000003,18.8125,0.6787109375,0.6841796874999999,62.761999999999986,35.3548607124961,13.0,7.155417527999327
1082,0.04240234375,20.3125,0.6787109375,0.6841796874999999,92.29999999999998,6.620344401917472,15.6,1.3564659966250536
1083,0.04240234375,18.8125,0.7498046875,0.6841796874999999,84.652,16.83136049165367,15.6,1.3564659966250536
1084,0.04240234375,18.8125,0.6787109375,0.7115234374999999,78.364,25.106934181616044,16.0,1.8973665961010275
1085,0.022167968750000003,20.3125,0.7498046875,0.7115234374999999,62.44200000000001,42.34309218751035,13.4,7.337574531137657
1086,0.07740234375,34.8125,0.32871093749999997,0.6141796875,97.532,2.5642261990705904,12.8,2.481934729198171
1087,0.057167968750000006,34.8125,0.32871093749999997,0.6141796875,97.1,3.711910559267291,14.0,0.8944271909999159
1088,0.07740234375,4.3125,0.32871093749999997,0.6141796875,81.186,16.654979555676434,13.8,0.7483314773547882
1089,0.07740234375,34.8125,0.3998046875,0.6141796875,97.532,2.5642261990705904,12.8,2.481934729198171
1090,0.07740234375,34.8125,0.32871093749999997,0.6415234375,95.676,5.198956049054464,14.0,0.8944271909999159
1091,0.057167968750000006,4.3125,0.3998046875,0.6415234375,74.674,21.579361065610815,14.6,1.0198039027185568
1092,0.05990234375,10.8125,0.8537109375,0.7191796874999999,55.970000000000006,38.79434288656015,14.4,8.357032966310472
1093,0.07466796875000001,10.8125,0.8537109375,0.7191796874999999,56.74000000000001,38.48651659997304,13.2,7.35934779718964
1094,0.05990234375,12.3125,0.8537109375,0.7191796874999999,54.076,39.97029527036296,14.2,8.133879763065101
1095,0.05990234375,10.8125,0.9248046875,0.7191796874999999,54.534000000000006,39.42470474207765,14.4,8.357032966310472
1096,0.05990234375,10.8125,0.8537109375,0.6065234374999999,56.974000000000004,38.407982295351054,12.8,7.547184905645283
1097,0.07466796875000001,12.3125,0.9248046875,0.6065234374999999,54.42999999999999,40.02205142168502,11.0,7.155417527999327
1098,0.02490234375,26.8125,0.5037109375,0.6491796875,90.312,9.416365328511844,15.4,1.4966629547095764
1099,0.039667968750000004,26.8125,0.5037109375,0.6491796875,92.53999999999999,6.4491487810407975,15.0,1.4142135623730951
1100,0.02490234375,28.3125,0.5037109375,0.6491796875,90.312,9.416365328511844,15.4,1.4966629547095764
1101,0.02490234375,26.8125,0.5748046874999999,0.6491796875,90.312,9.416365328511844,15.4,1.4966629547095764
1102,0.02490234375,26.8125,0.5037109375,0.6765234375,84.776,21.30743213059706,16.4,1.854723699099141
1103,0.039667968750000004,28.3125,0.5748046874999999,0.6765234375,93.08,6.740501465024691,15.4,1.2
1104,0.020527343750000003,12.8125,0.8974609375,0.6054296874999999,33.634,36.93033203208441,8.8,8.109253973085318
1105,0.07029296875,12.8125,0.8974609375,0.6054296874999999,54.986000000000004,39.902790679349735,11.2,7.054076835419359
1106,0.020527343750000003,34.3125,0.8974609375,0.6054296874999999,93.918,5.200805322255391,14.2,1.16619037896906
1107,0.020527343750000003,12.8125,0.7935546874999999,0.6054296874999999,36.162,36.9822337886721,8.8,8.109253973085318
1108,0.020527343750000003,12.8125,0.8974609375,0.7027734375,21.688,39.29220502847861,2.2,6.400000000000001
1109,0.07029296875,34.3125,0.7935546874999999,0.7027734375,92.634,6.656427269939932,14.8,1.1661903789690602
1110,0.055527343750000006,28.8125,0.5474609374999999,0.6754296875,91.11800000000001,7.278039296403944,14.8,1.1661903789690602
1111,0.03529296875,28.8125,0.5474609374999999,0.6754296875,92.2,6.4363250384050685,15.8,1.6
1112,0.055527343750000006,18.3125,0.5474609374999999,0.6754296875,89.84,8.779701589461911,14.8,1.1661903789690602
1113,0.055527343750000006,28.8125,0.4435546875,0.6754296875,91.11800000000001,7.278039296403944,14.8,1.1661903789690602
1114,0.055527343750000006,28.8125,0.5474609374999999,0.6327734374999999,92.486,6.452061995982371,14.2,1.16619037896906
1115,0.03529296875,18.3125,0.4435546875,0.6327734374999999,93.348,7.336160848836402,14.4,1.0198039027185568
1116,0.07302734375,4.8125,0.7224609375,0.6404296875,61.55800000000001,35.252702251033185,12.4,7.08801805866774
1117,0.01779296875,4.8125,0.7224609375,0.6404296875,55.632000000000005,38.42288609670023,14.6,8.452218643646175
1118,0.07302734375,10.3125,0.7224609375,0.6404296875,62.589999999999996,34.49956927267353,12.4,7.08801805866774
1119,0.07302734375,4.8125,0.9685546875,0.6404296875,54.2,39.578570464330824,12.8,7.386474125047755
1120,0.07302734375,4.8125,0.7224609375,0.5977734375,61.092,35.482075136609474,12.2,7.025667228100119
1121,0.01779296875,10.3125,0.9685546875,0.5977734375,33.965999999999994,36.52493153997691,8.6,7.939773296511683
1122,0.038027343750000005,20.8125,0.3724609375,0.7104296875,83.39200000000001,19.710190663715053,16.4,1.624807680927192
1123,0.05279296875000001,20.8125,0.3724609375,0.7104296875,91.548,6.905335328570219,15.6,1.3564659966250536
1124,0.038027343750000005,26.3125,0.3724609375,0.7104296875,83.468,19.711655841151448,16.4,1.624807680927192
1125,0.038027343750000005,20.8125,0.6185546875,0.7104296875,83.39200000000001,19.710190663715053,16.4,1.624807680927192
1126,0.038027343750000005,20.8125,0.3724609375,0.6677734375,93.208,6.214262305374628,15.2,1.16619037896906
1127,0.05279296875000001,26.3125,0.6185546875,0.6677734375,90.464,7.79640327330494,14.8,1.1661903789690602
1128,0.029277343750000004,8.8125,0.6349609375,0.6929296875,58.052,36.06259302934274,13.2,7.277362159464101
1129,0.06154296875000001,8.8125,0.6349609375,0.6929296875,63.160000000000004,31.758456511612774,15.4,1.2
1130,0.029277343750000004,30.3125,0.6349609375,0.6929296875,83.19200000000001,21.285831343877554,16.4,1.854723699099141
1131,0.029277343750000004,8.8125,0.8810546875,0.6929296875,29.641999999999996,37.44500308452384,6.0,8.62554346113913
1132,0.029277343750000004,8.8125,0.6349609375,0.5802734374999999,62.818000000000005,32.12024557813965,10.8,5.946427498927402
1133,0.06154296875000001,30.3125,0.8810546875,0.5802734374999999,95.696,5.822705900180774,11.4,3.0724582991474434
1134,0.06427734375000001,24.8125,0.9849609374999999,0.6229296875,97.25800000000001,3.698066521846245,14.0,0.8944271909999159
1135,0.02654296875,24.8125,0.9849609374999999,0.6229296875,92.9,6.117721798185988,14.6,1.3564659966250536
1136,0.06427734375000001,14.3125,0.9849609374999999,0.6229296875,56.668000000000006,38.57495011014272,11.0,6.06630035524124
1137,0.06427734375000001,24.8125,0.5310546875,0.6229296875,97.25800000000001,3.698066521846245,14.0,0.8944271909999159
1138,0.06427734375000001,24.8125,0.9849609374999999,0.6502734375,93.402,6.721596238989666,14.4,1.2
1139,0.02654296875,14.3125,0.5310546875,0.6502734375,68.338,28.654846989645574,16.0,1.4142135623730951
1140,0.046777343750000006,16.8125,0.4599609375,0.6579296875,82.704,16.847450370901825,15.0,1.4142135623730951
1141,0.04404296875000001,16.8125,0.4599609375,0.6579296875,81.638,16.351347834352985,15.0,1.4142135623730951
1142,0.046777343750000006,6.3125,0.4599609375,0.6579296875,69.214,26.64215126449064,15.0,1.4142135623730951
1143,0.046777343750000006,16.8125,0.7060546875,0.6579296875,78.196,22.231583479365565,15.0,1.4142135623730951
1144,0.046777343750000006,16.8125,0.4599609375,0.6852734375,73.816,22.656543955334406,15.4,1.2
1145,0.04404296875000001,6.3125,0.7060546875,0.6852734375,37.574,36.28033935894206,9.4,8.593020423576334
1146,0.01177734375,32.8125,0.8099609374999999,0.5879296875,92.44800000000001,6.338625718560769,13.6,1.624807680927192
1147,0.07904296875,32.8125,0.8099609374999999,0.5879296875,96.338,4.851558100239551,10.4,3.4985711369071804
1148,0.01177734375,22.3125,0.8099609374999999,0.5879296875,92.44800000000001,6.338625718560769,13.6,1.624807680927192
1149,0.01177734375,32.8125,0.35605468749999997,0.5879296875,92.44800000000001,6.338625718560769,13.6,1.624807680927192
1150,0.01177734375,32.8125,0.8099609374999999,0.6152734375,84.19200000000001,19.278131029744557,15.4,1.4966629547095764
1151,0.07904296875,22.3125,0.35605468749999997,0.6152734375,97.846,2.3926688028224867,12.8,2.481934729198171
1152,0.01123046875,13.5625,0.4435546875,0.6743359375,49.54,43.08034540251506,9.8,8.840814442120138
1153,0.046777343750000006,13.5625,0.4435546875,0.6743359375,73.602,23.391968194232824,15.4,1.2
1154,0.01123046875,28.5625,0.4435546875,0.6743359375,60.288,44.12491332569391,9.8,8.840814442120138
1155,0.01123046875,13.5625,0.4162109375,0.6743359375,50.148,42.92127929127928,9.8,8.840814442120138
1156,0.01123046875,13.5625,0.4435546875,0.6251171875,65.14599999999999,30.620797899466957,16.0,1.7888543819998317
1157,0.046777343750000006,28.5625,0.4162109375,0.6251171875,90.816,7.524149387140053,14.2,1.16619037896906
1158,0.04623046875,29.5625,0.7935546874999999,0.6043359374999999,95.388,4.07950683293949,13.6,0.8
1159,0.01177734375,29.5625,0.7935546874999999,0.6043359374999999,90.63399999999999,9.033634041735363,14.4,1.4966629547095764
1160,0.04623046875,12.5625,0.7935546874999999,0.6043359374999999,36.976,37.106486009860866,8.2,7.547184905645283
1161,0.04623046875,29.5625,0.7662109374999999,0.6043359374999999,95.388,4.07950683293949,13.6,0.8
1162,0.04623046875,29.5625,0.7935546874999999,0.6951171875,91.30199999999999,7.143367273212264,15.6,1.3564659966250536
1163,0.01177734375,12.5625,0.7662109374999999,0.6951171875,20.0,40.0,2.6,7.200000000000001
1164,0.06373046875,5.5625,0.6185546875,0.7093359375,68.26599999999999,29.641994939612278,15.4,1.2
1165,0.029277343750000004,5.5625,0.6185546875,0.7093359375,54.968,38.25557548907087,9.4,8.616263691415208
1166,0.06373046875,4.5625,0.6185546875,0.7093359375,66.08,30.49768974856948,15.4,1.2
1167,0.06373046875,5.5625,0.5912109375,0.7093359375,69.298,28.446456651048827,15.4,1.2
1168,0.06373046875,5.5625,0.6185546875,0.6601171874999999,67.756,29.767584114267652,14.6,1.0198039027185568
1169,0.029277343750000004,4.5625,0.5912109375,0.6601171874999999,65.37,30.16035543557138,16.0,1.4142135623730951
1170,0.02873046875,21.5625,0.9685546875,0.6393359375,91.764,6.870000291120809,15.0,1.4142135623730951
1171,0.06427734375000001,21.5625,0.9685546875,0.6393359375,94.026,5.875874743389275,14.0,0.8944271909999159
1172,0.02873046875,20.5625,0.9685546875,0.6393359375,91.764,6.870000291120809,15.0,1.4142135623730951
1173,0.02873046875,21.5625,0.9412109375,0.6393359375,91.764,6.870000291120809,15.0,1.4142135623730951
1174,0.02873046875,21.5625,0.9685546875,0.5901171875,94.30199999999999,5.074053212176631,13.2,1.32664991614216
1175,0.06427734375000001,20.5625,0.9412109375,0.5901171875,93.964,6.424187419432905,12.0,2.8284271247461903
1176,0.03748046875,9.5625,0.7060546875,0.6218359375,62.407999999999994,34.23977418149834,13.4,8.114185110040317
1177,0.07302734375,9.5625,0.7060546875,0.6218359375,63.364,33.88493742062983,12.4,7.08801805866774
1178,0.03748046875,32.5625,0.7060546875,0.6218359375,92.614,6.189318540841146,14.2,1.16619037896906
1179,0.03748046875,9.5625,0.5037109375,0.6218359375,71.196,26.056641840421417,14.4,1.0198039027185568
1180,0.03748046875,9.5625,0.7060546875,0.6776171875,61.964,34.337316493867135,14.4,8.357032966310472
1181,0.07302734375,32.5625,0.5037109375,0.6776171875,96.326,4.31865071521187,14.4,1.2
1182,0.07248046875,25.5625,0.35605468749999997,0.6918359374999999,93.058,5.99494920745789,14.8,1.1661903789690602
1183,0.038027343750000005,25.5625,0.35605468749999997,0.6918359374999999,90.446,9.601199091780149,15.8,1.6
1184,0.07248046875,16.5625,0.35605468749999997,0.6918359374999999,83.356,13.604914700210362,14.8,1.1661903789690602
1185,0.07248046875,25.5625,0.8537109375,0.6918359374999999,93.058,5.99494920745789,14.8,1.1661903789690602
1186,0.07248046875,25.5625,0.35605468749999997,0.6076171874999999,97.05,3.461375449153127,12.6,2.4166091947189146
1187,0.038027343750000005,16.5625,0.8537109375,0.6076171874999999,88.248,17.968998191329423,13.8,0.9797958971132713
1188,0.054980468750000004,17.5625,0.8810546875,0.5868359375,94.88,5.805748875037572,12.2,2.481934729198171
1189,0.020527343750000003,17.5625,0.8810546875,0.5868359375,90.638,11.03054014996546,13.4,1.624807680927192
1190,0.054980468750000004,8.5625,0.8810546875,0.5868359375,53.660000000000004,39.83834133093394,13.0,8.024961059095553
1191,0.054980468750000004,17.5625,0.32871093749999997,0.5868359375,94.88,5.805748875037572,12.2,2.481934729198171
1192,0.054980468750000004,17.5625,0.8810546875,0.6426171875,91.44800000000001,10.201116409491659,14.2,1.16619037896906
1193,0.020527343750000003,8.5625,0.32871093749999997,0.6426171875,73.322,22.92512892003009,15.8,1.469693845669907
1194,0.01998046875,33.5625,0.5310546875,0.6568359374999999,83.13999999999999,20.76221471808824,16.2,1.7204650534085253
1195,0.055527343750000006,33.5625,0.5310546875,0.6568359374999999,96.846,3.795426721727083,14.4,1.2
1196,0.01998046875,24.5625,0.5310546875,0.6568359374999999,83.13999999999999,20.76221471808824,16.2,1.7204650534085253
1197,0.01998046875,33.5625,0.6787109375,0.6568359374999999,83.13999999999999,20.76221471808824,16.2,1.7204650534085253
1198,0.01998046875,33.5625,0.5310546875,0.7126171875,57.55799999999999,43.70401922020445,9.4,8.5463442476886
1199,0.055527343750000006,24.5625,0.6787109375,0.7126171875,90.568,7.70274600386122,15.6,1.3564659966250536
1200,0.02435546875,7.5625,0.8373046874999999,0.7005859375,25.606,38.47665349273505,6.2,8.908422980528035
1201,0.01615234375,7.5625,0.8373046874999999,0.7005859375,20.592,39.7205470254376,2.4,6.8
1202,0.02435546875,22.5625,0.8373046874999999,0.7005859375,69.088,36.52392607593001,13.0,7.155417527999327
1203,0.02435546875,7.5625,0.5474609374999999,0.7005859375,52.376,40.313863918012125,13.4,7.337574531137657
1204,0.02435546875,7.5625,0.8373046874999999,0.6688671875,33.262,37.07986213566604,9.8,8.975522268926749
1205,0.01615234375,22.5625,0.5474609374999999,0.6688671875,69.088,37.62836929764563,13.0,7.0710678118654755
1206,0.05935546875000001,23.5625,0.4873046875,0.6305859374999999,94.03200000000001,5.485768496755946,14.0,0.8944271909999159
1207,0.05115234375,23.5625,0.4873046875,0.6305859374999999,91.18199999999999,7.307958401633114,14.2,1.16619037896906
1208,0.05935546875000001,6.5625,0.4873046875,0.6305859374999999,69.862,27.392213784212476,14.2,1.16619037896906
1209,0.05935546875000001,23.5625,0.8974609375,0.6305859374999999,94.03200000000001,5.485768496755946,14.0,0.8944271909999159
1210,0.05935546875000001,23.5625,0.4873046875,0.5988671875,93.97200000000001,5.261989737732297,13.4,1.0198039027185568
1211,0.05115234375,6.5625,0.8974609375,0.5988671875,32.744,36.701952863573894,8.2,7.547184905645283
1212,0.07685546875,15.5625,0.6623046875,0.6655859375,63.772000000000006,32.605809543699415,11.2,6.20966987850401
1213,0.06865234375,15.5625,0.6623046875,0.6655859375,63.104,33.98634231570088,11.2,6.20966987850401
1214,0.07685546875,14.5625,0.6623046875,0.6655859375,64.038,33.91616983092283,11.2,6.20966987850401
1215,0.07685546875,15.5625,0.3724609375,0.6655859375,77.676,19.282606255379484,14.4,1.2
1216,0.07685546875,15.5625,0.6623046875,0.6338671874999999,78.684,20.11880175358364,14.0,0.8944271909999159
1217,0.06865234375,14.5625,0.3724609375,0.6338671874999999,78.53,21.558986989188522,14.0,0.8944271909999159
1218,0.041855468750000006,31.5625,0.3123046875,0.5955859375,94.264,4.7982188361932785,13.4,1.0198039027185568
1219,0.03365234375,31.5625,0.3123046875,0.5955859375,95.3,4.109812647797949,13.4,1.0198039027185568
1220,0.041855468750000006,30.5625,0.3123046875,0.5955859375,94.264,4.7982188361932785,13.4,1.0198039027185568
1221,0.041855468750000006,31.5625,0.7224609375,0.5955859375,94.264,4.7982188361932785,13.4,1.0198039027185568
1222,0.041855468750000006,31.5625,0.3123046875,0.7038671875,90.606,9.54721236801612,15.8,1.6
1223,0.03365234375,30.5625,0.7224609375,0.7038671875,83.45,20.678899390441455,16.6,1.854723699099141
1224,0.033105468750000006,19.5625,0.5748046874999999,0.6130859375,93.21799999999999,5.904873919060423,14.2,1.16619037896906
1225,0.04240234375,19.5625,0.5748046874999999,0.6130859375,96.03200000000001,4.214087801648181,14.0,0.8944271909999159
1226,0.033105468750000006,26.5625,0.5748046874999999,0.6130859375,93.21799999999999,5.904873919060423,14.2,1.16619037896906
1227,0.033105468750000006,19.5625,0.4599609375,0.6130859375,93.21799999999999,5.904873919060423,14.2,1.16619037896906
1228,0.033105468750000006,19.5625,0.5748046874999999,0.6163671875,92.31800000000001,6.5307040968030385,14.2,1.16619037896906
1229,0.04240234375,26.5625,0.4599609375,0.6163671875,92.98,6.492260007116165,14.2,1.16619037896906
1230,0.06810546875000001,35.5625,0.9248046875,0.6830859375,93.22,6.005600719328584,14.8,1.1661903789690602
1231,0.07740234375,35.5625,0.9248046875,0.6830859375,95.91999999999999,4.418438638252204,14.4,1.2
1232,0.06810546875000001,10.5625,0.9248046875,0.6830859375,55.88399999999999,38.83120065102288,13.4,7.552483035399683
1233,0.06810546875000001,35.5625,0.8099609374999999,0.6830859375,93.22,6.005600719328584,14.8,1.1661903789690602
1234,0.06810546875000001,35.5625,0.9248046875,0.6863671874999999,92.774,6.292702440128564,14.8,1.1661903789690602
1235,0.07740234375,10.5625,0.8099609374999999,0.6863671874999999,58.57000000000001,37.84348821131582,12.8,7.249827584156743
1236,0.05060546875000001,11.5625,0.3998046875,0.6480859375,77.21400000000001,19.253639240413744,14.6,1.0198039027185568
1237,0.05990234375,11.5625,0.3998046875,0.6480859375,75.486,20.411931412779143,14.6,1.0198039027185568
1238,0.05060546875000001,18.5625,0.3998046875,0.6480859375,96.37800000000001,3.7450895850433263,14.4,1.2
1239,0.05060546875000001,11.5625,0.6349609375,0.6480859375,65.814,29.2194466751169,16.8,3.7629775444453557
1240,0.05060546875000001,11.5625,0.3998046875,0.6513671875,77.534,18.980082823844576,14.8,1.1661903789690602
1241,0.05990234375,18.5625,0.6349609375,0.6513671875,94.886,5.467195258997068,14.4,1.2
1242,0.01560546875,27.5625,0.7498046875,0.7180859374999999,46.54,45.25357886399704,10.0,9.033271832508971
1243,0.02490234375,27.5625,0.7498046875,0.7180859374999999,63.326,41.62470016708829,13.4,7.337574531137657
1244,0.01560546875,34.5625,0.7498046875,0.7180859374999999,46.54,45.25357886399704,10.0,9.033271832508971
1245,0.01560546875,27.5625,0.9849609374999999,0.7180859374999999,46.54,45.25357886399704,10.0,9.033271832508971
1246,0.01560546875,27.5625,0.7498046875,0.5813671874999999,92.536,6.286539906816786,13.2,1.9390719429665315
1247,0.02490234375,34.5625,0.9849609374999999,0.5813671874999999,92.292,6.6116061588694155,13.0,1.6733200530681511
1248,0.01779296875,10.5625,0.5091796875,0.5824609374999999,70.452,26.312283367279246,13.6,1.624807680927192
1249,0.06646484375,10.5625,0.5091796875,0.5824609374999999,73.006,25.52060626239118,11.6,3.0066592756745814
1250,0.01779296875,11.5625,0.5091796875,0.5824609374999999,71.80199999999999,23.356193525486983,13.4,1.9595917942265424
1251,0.01779296875,10.5625,0.7443359374999999,0.5824609374999999,40.474000000000004,35.995208347778735,8.2,7.573638491504594
1252,0.01779296875,10.5625,0.5091796875,0.6557421875,62.0,33.81290818607592,12.4,6.829348431585549
1253,0.06646484375,11.5625,0.7443359374999999,0.6557421875,59.581999999999994,34.394628301524065,12.6,7.172168430816443
1254,0.05279296875000001,26.5625,0.8591796875,0.6524609375,96.61600000000001,3.7357762245616377,14.4,1.2
1255,0.03146484375,26.5625,0.8591796875,0.6524609375,92.692,6.011121026896731,15.2,1.16619037896906
1256,0.05279296875000001,27.5625,0.8591796875,0.6524609375,96.61600000000001,3.7357762245616377,14.4,1.2
1257,0.05279296875000001,26.5625,0.39433593749999996,0.6524609375,96.61600000000001,3.7357762245616377,14.4,1.2
1258,0.05279296875000001,26.5625,0.8591796875,0.5857421875,94.856,5.75709162685466,12.2,2.481934729198171
1259,0.03146484375,27.5625,0.39433593749999996,0.5857421875,93.184,5.680135913866852,13.2,1.32664991614216
1260,0.07029296875,18.5625,0.3341796875,0.6174609375,96.1,5.79638853080088,13.8,0.7483314773547882
1261,0.01396484375,18.5625,0.3341796875,0.6174609375,84.704,18.94175345631972,15.4,1.4966629547095764
1262,0.07029296875,35.5625,0.3341796875,0.6174609375,96.1,5.79638853080088,13.8,0.7483314773547882
1263,0.07029296875,18.5625,0.9193359374999999,0.6174609375,96.1,5.79638853080088,13.8,0.7483314773547882
1264,0.07029296875,18.5625,0.3341796875,0.6207421875,96.686,5.2379369984756385,14.0,0.8944271909999159
1265,0.01396484375,35.5625,0.9193359374999999,0.6207421875,86.41,16.848965546881505,15.4,1.4966629547095764
1266,0.03529296875,34.5625,0.6841796874999999,0.6874609374999999,88.69399999999999,11.400686996843655,15.8,1.6
1267,0.04896484375000001,34.5625,0.6841796874999999,0.6874609374999999,94.384,5.716801903162292,15.2,1.16619037896906
1268,0.03529296875,19.5625,0.6841796874999999,0.6874609374999999,85.82,16.628399802747108,15.8,1.6
1269,0.03529296875,34.5625,0.5693359375,0.6874609374999999,88.69399999999999,11.400686996843655,15.8,1.6
1270,0.03529296875,34.5625,0.6841796874999999,0.6907421874999999,87.548,13.377877858614198,15.8,1.6
1271,0.04896484375000001,19.5625,0.5693359375,0.6907421874999999,92.244,7.938197780352922,15.4,1.2
1272,0.04404296875000001,14.5625,0.9466796874999999,0.7049609375,35.94,36.71172019941316,9.4,8.593020423576334
1273,0.05771484375000001,14.5625,0.9466796874999999,0.7049609375,56.448,38.612192582136544,14.0,8.049844718999243
1274,0.04404296875000001,7.5625,0.9466796874999999,0.7049609375,35.606,36.6238018780137,9.6,8.777243302996677
1275,0.04404296875000001,14.5625,0.8318359375,0.7049609375,58.160000000000004,38.03989537314739,14.8,8.840814442120138
1276,0.04404296875000001,14.5625,0.9466796874999999,0.6382421875,56.986000000000004,38.410586873933596,13.8,8.423775875461075
1277,0.05771484375000001,7.5625,0.8318359375,0.6382421875,57.88199999999999,38.074783466226044,13.6,8.380930735902785
1278,0.07904296875,30.5625,0.5966796875,0.6349609374999999,94.652,6.691688576136818,14.0,0.8944271909999159
1279,0.02271484375,30.5625,0.5966796875,0.6349609374999999,92.20599999999999,6.5007679546342825,15.2,1.16619037896906
1280,0.07904296875,23.5625,0.5966796875,0.6349609374999999,94.742,6.554001525785601,14.0,0.8944271909999159
1281,0.07904296875,30.5625,0.4818359375,0.6349609374999999,94.652,6.691688576136818,14.0,0.8944271909999159
1282,0.07904296875,30.5625,0.5966796875,0.7082421875,93.374,6.18883058420571,14.8,1.1661903789690602
1283,0.02271484375,23.5625,0.4818359375,0.7082421875,63.584,41.04773104569849,13.4,7.337574531137657
1284,0.06154296875000001,6.5625,0.7716796874999999,0.6699609375,56.772000000000006,38.608211250976126,13.8,8.158431221748456
1285,0.04021484375,6.5625,0.7716796874999999,0.6699609375,35.702,36.75995778017162,9.2,8.4
1286,0.06154296875000001,31.5625,0.7716796874999999,0.6699609375,95.83,3.7113016584481504,14.8,1.1661903789690602
1287,0.06154296875000001,6.5625,0.6568359374999999,0.6699609375,61.760000000000005,34.51548753820522,13.6,8.16333265278342
1288,0.06154296875000001,6.5625,0.7716796874999999,0.6732421875,56.6,38.70658290265365,13.8,8.158431221748456
1289,0.04021484375,31.5625,0.6568359374999999,0.6732421875,93.198,6.601976673694026,15.2,1.16619037896906
1290,0.02654296875,22.5625,0.42167968749999996,0.5999609375,92.498,6.167386480511823,13.8,1.469693845669907
1291,0.07521484375,22.5625,0.42167968749999996,0.5999609375,94.566,6.277941063756495,12.0,3.1622776601683795
1292,0.02654296875,15.5625,0.42167968749999996,0.5999609375,83.87,15.631319841907143,13.8,1.469693845669907
1293,0.02654296875,22.5625,0.3068359375,0.5999609375,92.498,6.167386480511823,13.8,1.469693845669907
1294,0.02654296875,22.5625,0.42167968749999996,0.6032421874999999,93.176,6.0709228293563395,14.0,1.2649110640673518
1295,0.07521484375,15.5625,0.3068359375,0.6032421874999999,90.19399999999999,8.964872782142534,12.4,2.8
1296,0.022167968750000003,16.5625,0.8154296875,0.6437109375,66.824,27.5608023105279,15.6,1.624807680927192
1297,0.03583984375,16.5625,0.8154296875,0.6437109375,78.154,24.603203531247715,15.0,1.4142135623730951
1298,0.022167968750000003,17.5625,0.8154296875,0.6437109375,74.36,27.66384138184717,15.4,1.4966629547095764
1299,0.022167968750000003,16.5625,0.8755859374999999,0.6437109375,65.852,28.465017407337026,15.6,1.624807680927192
1300,0.022167968750000003,16.5625,0.8154296875,0.6469921875,63.562,30.08758441616741,15.8,1.9390719429665317
1301,0.03583984375,17.5625,0.8755859374999999,0.6469921875,82.078,18.84911287037138,15.0,1.4142135623730951
1302,0.057167968750000006,32.5625,0.46542968749999997,0.7137109374999999,90.354,7.878633384033046,15.6,1.3564659966250536
1303,0.07083984375,32.5625,0.46542968749999997,0.7137109374999999,94.752,5.287700445373203,15.2,1.469693845669907
1304,0.057167968750000006,33.5625,0.46542968749999997,0.7137109374999999,90.354,7.878633384033046,15.6,1.3564659966250536
1305,0.057167968750000006,32.5625,0.5255859374999999,0.7137109374999999,90.354,7.878633384033046,15.6,1.3564659966250536
1306,0.057167968750000006,32.5625,0.46542968749999997,0.7169921874999999,91.136,7.2379240117591745,15.6,1.3564659966250536
1307,0.07083984375,33.5625,0.5255859374999999,0.7169921874999999,95.25399999999999,4.9107864950535145,15.2,1.469693845669907
1308,0.07466796875000001,8.5625,0.9904296875,0.6087109374999999,51.24400000000001,41.11868558210489,11.2,7.386474125047754
1309,0.053339843750000004,8.5625,0.9904296875,0.6087109374999999,30.944,36.6938613939716,8.4,7.735631842325487
1310,0.07466796875000001,25.5625,0.9904296875,0.6087109374999999,97.47200000000001,3.4048812020392143,12.4,2.8
1311,0.07466796875000001,8.5625,0.7005859375,0.6087109374999999,61.864,33.615690146120755,10.8,7.05407683541936
1312,0.07466796875000001,8.5625,0.9904296875,0.6819921875,50.938,41.34341369553317,13.2,7.35934779718964
1313,0.053339843750000004,25.5625,0.7005859375,0.6819921875,93.646,5.323440992440885,15.0,1.4142135623730951
1314,0.039667968750000004,24.5625,0.6404296875,0.6787109375,92.79400000000001,6.388579184764012,15.6,1.3564659966250536
1315,0.01833984375,24.5625,0.6404296875,0.6787109375,68.55199999999999,38.03476062761537,13.0,7.0710678118654755
1316,0.039667968750000004,9.5625,0.6404296875,0.6787109375,64.69000000000001,31.523773885751684,14.4,8.357032966310472
1317,0.039667968750000004,24.5625,0.3505859375,0.6787109375,92.79400000000001,6.388579184764012,15.6,1.3564659966250536
1318,0.039667968750000004,24.5625,0.6404296875,0.6119921875,94.25399999999999,6.3399293371456436,14.2,1.16619037896906
1319,0.01833984375,9.5625,0.3505859375,0.6119921875,76.122,20.71019980589275,14.6,1.3564659966250536
1320,0.030917968750000004,4.5625,0.3779296875,0.6612109374999999,76.376,20.333456764652688,15.8,1.6
1321,0.027089843750000002,4.5625,0.3779296875,0.6612109374999999,72.41600000000001,23.598664877488304,16.0,1.4142135623730951
1322,0.030917968750000004,13.5625,0.3779296875,0.6612109374999999,75.964,20.65012600445818,15.8,1.6
1323,0.030917968750000004,4.5625,0.7880859375,0.6612109374999999,57.224000000000004,38.322117686787614,14.6,8.593020423576334
1324,0.030917968750000004,4.5625,0.3779296875,0.6644921874999999,75.1,21.125886490275384,15.8,1.6
1325,0.027089843750000002,13.5625,0.7880859375,0.6644921874999999,34.476,36.74807292906664,9.6,8.8
1326,0.06591796875,20.5625,0.7279296875,0.5912109375,93.806,6.691835622607599,12.0,2.8284271247461903
1327,0.062089843750000005,20.5625,0.7279296875,0.5912109375,93.86600000000001,6.876509579721386,12.0,2.8284271247461903
1328,0.06591796875,29.5625,0.7279296875,0.5912109375,93.81,6.686185758711763,12.0,2.8284271247461903
1329,0.06591796875,20.5625,0.43808593749999997,0.5912109375,93.806,6.691835622607599,12.0,2.8284271247461903
1330,0.06591796875,20.5625,0.7279296875,0.5944921875,94.572,6.416897692810758,12.2,2.7856776554368237
1331,0.062089843750000005,29.5625,0.43808593749999997,0.5944921875,94.88,6.371549262149669,12.4,2.4166091947189146
1332,0.048417968750000005,12.5625,0.5529296875,0.6962109375,64.19,32.43841056525427,14.2,8.280096617793781
1333,0.07958984375,12.5625,0.5529296875,0.6962109375,66.154,31.84656439869142,12.6,7.059745037889116
1334,0.048417968750000005,21.5625,0.5529296875,0.6962109375,91.13199999999999,7.258670401664482,15.6,1.3564659966250536
1335,0.048417968750000005,12.5625,0.9630859375,0.6962109375,31.741999999999997,37.07733884733369,5.8,8.423775875461075
1336,0.048417968750000005,12.5625,0.5529296875,0.6294921874999999,64.366,32.295733216634055,13.4,8.114185110040317
1337,0.07958984375,21.5625,0.9630859375,0.6294921874999999,96.02,5.026525639047314,14.0,0.8944271909999159
1338,0.01341796875,28.5625,0.9029296874999999,0.6262109375,82.97800000000001,20.89238464129933,15.8,1.7204650534085253
1339,0.044589843750000004,28.5625,0.9029296874999999,0.6262109375,91.97,6.571489937601668,14.2,1.16619037896906
1340,0.01341796875,5.5625,0.9029296874999999,0.6262109375,33.126,37.18383283094953,9.6,8.8
1341,0.01341796875,28.5625,0.6130859375,0.6262109375,82.97800000000001,20.89238464129933,15.8,1.7204650534085253
1342,0.01341796875,28.5625,0.9029296874999999,0.6994921875,51.007999999999996,44.76677625203763,10.0,9.033271832508971
1343,0.044589843750000004,5.5625,0.6130859375,0.6994921875,67.2,30.306139971959475,12.4,6.887670143089026
1344,0.012324218750000001,5.0625,0.6513671875,0.5977734375,65.536,31.870842222947292,11.6,6.437390775772433
1345,0.05443359375000001,5.0625,0.6513671875,0.5977734375,65.218,31.980157848265854,10.8,5.946427498927402
1346,0.012324218750000001,9.0625,0.6513671875,0.5977734375,64.594,32.17810037898446,13.6,8.187795796183488
1347,0.012324218750000001,5.0625,0.9302734374999999,0.5977734375,36.804,36.77398243323668,8.8,8.158431221748456
1348,0.012324218750000001,5.0625,0.6513671875,0.7191796874999999,40.278,48.765450228619855,6.4,9.068627239003707
1349,0.05443359375000001,9.0625,0.9302734374999999,0.7191796874999999,35.208,36.850801022501535,9.4,8.593020423576334
1350,0.04732421875000001,21.0625,0.30136718749999997,0.6677734375,92.338,6.2687619192309425,15.0,1.4142135623730951
1351,0.01943359375,21.0625,0.30136718749999997,0.6677734375,77.52,29.822883160418947,12.4,6.829348431585549
1352,0.04732421875000001,25.0625,0.30136718749999997,0.6677734375,92.338,6.2687619192309425,15.0,1.4142135623730951
1353,0.04732421875000001,21.0625,0.5802734375,0.6677734375,92.338,6.2687619192309425,15.0,1.4142135623730951
1354,0.04732421875000001,21.0625,0.30136718749999997,0.6491796875,96.816,3.517354687830045,14.6,1.0198039027185568
1355,0.01943359375,25.0625,0.5802734375,0.6491796875,82.544,20.77781278190753,16.0,1.7888543819998317
1356,0.06482421875000001,13.0625,0.8263671875,0.6327734374999999,57.274,38.28454393093902,12.6,7.172168430816443
1357,0.03693359375,13.0625,0.8263671875,0.6327734374999999,36.269999999999996,36.70356168003318,8.8,8.109253973085318
1358,0.06482421875000001,33.0625,0.8263671875,0.6327734374999999,94.728,5.389776989820634,14.0,0.8944271909999159
1359,0.06482421875000001,13.0625,0.7552734375,0.6327734374999999,59.56600000000001,36.83600390921903,12.6,7.172168430816443
1360,0.06482421875000001,13.0625,0.8263671875,0.6141796875,56.65,38.52549804999281,12.4,7.08801805866774
1361,0.03693359375,33.0625,0.7552734375,0.6141796875,92.734,6.621225264254343,14.2,1.16619037896906
1362,0.02982421875,29.0625,0.47636718749999996,0.7027734375,78.45599999999999,26.73242046654212,16.6,1.854723699099141
1363,0.07193359375000001,29.0625,0.47636718749999996,0.7027734375,92.38399999999999,6.63109523382073,14.8,1.1661903789690602
1364,0.02982421875,17.0625,0.47636718749999996,0.7027734375,62.564,32.08821253980969,16.6,1.854723699099141
1365,0.02982421875,29.0625,0.4052734375,0.7027734375,78.45599999999999,26.73242046654212,16.6,1.854723699099141
1366,0.02982421875,29.0625,0.47636718749999996,0.6841796874999999,84.42800000000001,20.94924762372148,16.2,1.7204650534085253
1367,0.07193359375000001,17.0625,0.4052734375,0.6841796874999999,91.908,8.7097724424924,14.6,1.3564659966250536
1368,0.03857421875,17.0625,0.3888671875,0.6852734375,81.89,15.375583240970078,15.8,1.6
1369,0.06318359375,17.0625,0.3888671875,0.6852734375,87.712,11.142745442663582,14.8,1.1661903789690602
1370,0.03857421875,5.0625,0.3888671875,0.6852734375,75.934,21.734935564661793,15.8,1.6
1371,0.03857421875,17.0625,0.6677734375,0.6852734375,75.87,22.015171132653045,15.8,1.6
1372,0.03857421875,17.0625,0.3888671875,0.5966796875,93.626,6.022994604015513,13.4,1.0198039027185568
1373,0.06318359375,5.0625,0.6677734375,0.5966796875,66.006,32.4088312655671,10.8,5.946427498927402
1374,0.07357421875,33.0625,0.7388671874999999,0.6152734375,95.78399999999999,5.32047215949863,13.8,0.7483314773547882
1375,0.02818359375,33.0625,0.7388671874999999,0.6152734375,91.85,7.0942540129318745,14.4,1.0198039027185568
1376,0.07357421875,21.0625,0.7388671874999999,0.6152734375,95.78399999999999,5.32047215949863,13.8,0.7483314773547882
1377,0.07357421875,33.0625,0.3177734375,0.6152734375,95.78399999999999,5.32047215949863,13.8,0.7483314773547882
1378,0.07357421875,33.0625,0.7388671874999999,0.6666796875,94.93199999999999,6.363352575490377,14.4,1.2
1379,0.02818359375,21.0625,0.3177734375,0.6666796875,87.866,13.092,15.8,1.6
1380,0.05607421875000001,9.0625,0.5638671875,0.6502734375,69.598,27.509831260842002,14.6,1.0198039027185568
1381,0.01068359375,9.0625,0.5638671875,0.6502734375,52.94200000000001,40.47657416333551,13.4,7.310266752998826
1382,0.05607421875000001,29.0625,0.5638671875,0.6502734375,95.64200000000001,4.525754743686405,14.4,1.2
1383,0.05607421875000001,9.0625,0.8427734375,0.6502734375,57.786,38.418744175206974,13.6,8.380930735902785
1384,0.05607421875000001,9.0625,0.5638671875,0.7016796875,69.22,27.71507604175027,15.6,1.3564659966250536
1385,0.01068359375,29.0625,0.8427734375,0.7016796875,45.326,45.687909823059314,10.4,9.32952303175248
1386,0.021074218750000002,25.0625,0.9138671875,0.5802734374999999,91.77799999999999,6.757965374282411,13.0,1.6733200530681511
1387,0.04568359375000001,25.0625,0.9138671875,0.5802734374999999,95.36999999999999,5.627852165791139,13.0,1.6733200530681511
1388,0.021074218750000002,13.0625,0.9138671875,0.5802734374999999,50.888,36.56387583394299,10.4,6.019966777316964
1389,0.021074218750000002,25.0625,0.49277343749999997,0.5802734374999999,91.77799999999999,6.757965374282411,13.0,1.6733200530681511
1390,0.021074218750000002,25.0625,0.9138671875,0.6316796874999999,92.218,6.43595338702822,15.2,1.16619037896906
1391,0.04568359375000001,13.0625,0.49277343749999997,0.6316796874999999,70.476,25.876740598460234,14.6,1.0198039027185568
1392,0.025449218750000002,15.0625,0.6076171875,0.6240234375,69.84,25.123754496491962,14.8,1.469693845669907
1393,0.023808593750000002,15.0625,0.6076171875,0.6240234375,68.434,26.345857055711814,14.8,1.469693845669907
1394,0.025449218750000002,19.0625,0.6076171875,0.6240234375,93.712,5.706008762699195,14.8,1.469693845669907
1395,0.025449218750000002,15.0625,0.7115234374999999,0.6240234375,66.924,27.322062586854603,14.8,1.469693845669907
1396,0.025449218750000002,15.0625,0.6076171875,0.5879296875,81.75399999999999,19.013432725312914,13.4,1.624807680927192
1397,0.023808593750000002,19.0625,0.7115234374999999,0.5879296875,92.932,6.331528725355353,13.2,1.32664991614216
1398,0.060449218750000006,31.0625,0.9576171874999999,0.6940234375,93.93199999999999,5.3086322155523264,15.0,1.4142135623730951
1399,0.058808593750000006,31.0625,0.9576171874999999,0.6940234375,94.498,5.100409395332887,15.0,1.4142135623730951
1400,0.060449218750000006,35.0625,0.9576171874999999,0.6940234375,93.93199999999999,5.3086322155523264,15.0,1.4142135623730951
1401,0.060449218750000006,31.0625,0.3615234375,0.6940234375,93.93199999999999,5.3086322155523264,15.0,1.4142135623730951
1402,0.060449218750000006,31.0625,0.9576171874999999,0.6579296875,96.25399999999999,4.422472611560188,14.4,1.2
1403,0.058808593750000006,35.0625,0.3615234375,0.6579296875,96.53999999999999,4.144630260952118,14.4,1.2
1404,0.07794921875000001,7.0625,0.4326171875,0.5890234375,76.112,23.78227356667146,11.6,3.3823069050575527
1405,0.07630859375,7.0625,0.4326171875,0.5890234375,76.04400000000001,23.786991907342973,11.8,3.54400902933387
1406,0.07794921875000001,27.0625,0.4326171875,0.5890234375,95.686,5.7973221404369095,10.4,3.4985711369071804
1407,0.07794921875000001,7.0625,0.8865234375,0.5890234375,58.846000000000004,37.740242500545754,10.6,7.552483035399683
1408,0.07794921875000001,7.0625,0.4326171875,0.6929296875,75.08,23.985873342448883,14.8,1.1661903789690602
1409,0.07630859375,27.0625,0.8865234375,0.6929296875,93.788,5.878456940388354,14.6,1.3564659966250536
1410,0.042949218750000004,23.0625,0.7826171875,0.6590234374999999,91.85400000000001,6.738485289736854,15.0,1.4142135623730951
1411,0.041308593750000004,23.0625,0.7826171875,0.6590234374999999,92.254,6.512405392786906,15.0,1.4142135623730951
1412,0.042949218750000004,11.0625,0.7826171875,0.6590234374999999,37.356,34.881762340799234,9.0,8.221921916437786
1413,0.042949218750000004,23.0625,0.5365234375,0.6590234374999999,91.85400000000001,6.738485289736854,15.0,1.4142135623730951
1414,0.042949218750000004,23.0625,0.7826171875,0.6229296875,91.086,7.2818832728903296,14.2,1.16619037896906
1415,0.041308593750000004,11.0625,0.5365234375,0.6229296875,68.346,26.904325005470778,14.4,1.0198039027185568
1416,0.03419921875,11.0625,0.8701171875,0.6765234375,33.226,36.35712672915724,9.6,8.8
1417,0.03255859375,11.0625,0.8701171875,0.6765234375,32.803999999999995,36.470000054839595,9.6,8.8
1418,0.03419921875,15.0625,0.8701171875,0.6765234375,55.38199999999999,39.17827581709027,12.6,7.059745037889116
1419,0.03419921875,11.0625,0.9740234374999999,0.6765234375,30.379999999999995,36.78461417495092,9.6,8.8
1420,0.03419921875,11.0625,0.8701171875,0.7104296875,30.15,37.147973834382945,6.2,8.908422980528035
1421,0.03255859375,15.0625,0.9740234374999999,0.7104296875,28.892000000000003,37.62985059763061,6.0,8.717797887081348
1422,0.06919921875,27.0625,0.5201171874999999,0.6065234374999999,96.26599999999999,3.400679932013598,12.6,2.4166091947189146
1423,0.06755859375,27.0625,0.5201171874999999,0.6065234374999999,95.664,3.55495485203399,13.6,0.8
1424,0.06919921875,31.0625,0.5201171874999999,0.6065234374999999,96.26599999999999,3.400679932013598,12.6,2.4166091947189146
1425,0.06919921875,27.0625,0.6240234375,0.6065234374999999,96.26599999999999,3.400679932013598,12.6,2.4166091947189146
1426,0.06919921875,27.0625,0.5201171874999999,0.6404296875,94.318,4.907632423073269,14.0,0.8944271909999159
1427,0.06755859375,31.0625,0.6240234375,0.6404296875,94.142,5.396315038987256,14.0,0.8944271909999159
1428,0.051699218750000005,19.0625,0.6951171875,0.7115234374999999,88.97200000000001,10.609089310586466,15.6,1.3564659966250536
1429,0.050058593750000005,19.0625,0.6951171875,0.7115234374999999,89.574,10.256310447719489,15.8,1.6
1430,0.051699218750000005,23.0625,0.6951171875,0.7115234374999999,92.152,6.412273855661499,15.6,1.3564659966250536
1431,0.051699218750000005,19.0625,0.7990234374999999,0.7115234374999999,88.614,11.209875289226012,15.6,1.3564659966250536
1432,0.051699218750000005,19.0625,0.6951171875,0.6054296874999999,95.152,4.414029451646192,13.6,0.8
1433,0.050058593750000005,23.0625,0.7990234374999999,0.6054296874999999,95.338,4.225353949670964,13.6,0.8
1434,0.01669921875,35.0625,0.3451171875,0.6415234375,84.07199999999999,21.248391374407618,16.0,1.7888543819998317
1435,0.015058593750000002,35.0625,0.3451171875,0.6415234375,81.422,24.09115389515413,16.0,1.7888543819998317
1436,0.01669921875,7.0625,0.3451171875,0.6415234375,70.356,26.276624288519255,16.2,1.7204650534085253
1437,0.01669921875,35.0625,0.44902343749999996,0.6415234375,84.07199999999999,21.248391374407618,16.0,1.7888543819998317
1438,0.01669921875,35.0625,0.3451171875,0.6754296875,67.826,38.63573868842163,13.2,7.222188034107115
1439,0.015058593750000002,7.0625,0.44902343749999996,0.6754296875,52.96400000000001,40.21219944245776,13.4,7.337574531137657
1440,0.01451171875,18.0625,0.9794921875,0.6546484375,65.75800000000001,39.66925328261171,12.6,6.887670143089026
1441,0.07412109375,18.0625,0.9794921875,0.6546484375,95.46799999999999,5.162206504974401,14.0,0.8944271909999159
1442,0.01451171875,30.0625,0.9794921875,0.6546484375,74.08200000000001,34.913250435901844,12.6,6.887670143089026
1443,0.01451171875,18.0625,0.6021484374999999,0.6546484375,68.982,37.1988889081381,12.6,6.887670143089026
1444,0.01451171875,18.0625,0.9794921875,0.6010546875,85.604,18.595657127404774,14.4,1.4966629547095764
1445,0.07412109375,30.0625,0.6021484374999999,0.6010546875,95.054,5.907688549678288,12.4,2.8
1446,0.04951171875,34.0625,0.6294921874999999,0.5846484375,94.744,5.976027443042744,13.2,1.32664991614216
1447,0.03912109375,34.0625,0.6294921874999999,0.5846484375,91.498,7.112305955173752,13.2,1.32664991614216
1448,0.04951171875,14.0625,0.6294921874999999,0.5846484375,81.49,18.588339355628303,13.2,1.32664991614216
1449,0.04951171875,34.0625,0.9521484375,0.5846484375,94.744,5.976027443042744,13.2,1.32664991614216
1450,0.04951171875,34.0625,0.6294921874999999,0.6710546875,92.22200000000001,6.363072842581638,15.0,1.4142135623730951
1451,0.03912109375,14.0625,0.9521484375,0.6710546875,35.510000000000005,36.61982195478291,9.4,8.593020423576334
1452,0.06701171875,10.0625,0.8044921875,0.6896484374999999,57.548,38.20568669713973,13.4,7.552483035399683
1453,0.02162109375,10.0625,0.8044921875,0.6896484374999999,25.919999999999998,38.52537034215245,6.2,8.908422980528035
1454,0.06701171875,6.0625,0.8044921875,0.6896484374999999,54.855999999999995,39.523602366181144,13.8,7.984985911070852
1455,0.06701171875,10.0625,0.4271484375,0.6896484374999999,73.85,23.08331518651513,14.8,1.1661903789690602
1456,0.06701171875,10.0625,0.8044921875,0.7060546875,57.86600000000001,38.07456137633105,13.6,7.761443164772902
1457,0.02162109375,6.0625,0.4271484375,0.7060546875,51.12,41.595440134707076,9.4,8.5463442476886
1458,0.03201171875,26.0625,0.4544921875,0.6196484375,92.99199999999999,5.973951456113451,14.4,1.0198039027185568
1459,0.056621093750000004,26.0625,0.4544921875,0.6196484375,97.75800000000001,3.1649669824502142,14.0,0.8944271909999159
1460,0.03201171875,22.0625,0.4544921875,0.6196484375,92.99199999999999,5.973951456113451,14.4,1.0198039027185568
1461,0.03201171875,26.0625,0.7771484375,0.6196484375,92.99199999999999,5.973951456113451,14.4,1.0198039027185568
1462,0.03201171875,26.0625,0.4544921875,0.6360546874999999,93.994,6.212025756546732,15.0,1.4142135623730951
1463,0.056621093750000004,22.0625,0.7771484375,0.6360546874999999,92.53800000000001,6.386126838702781,14.2,1.16619037896906
1464,0.04076171875,6.0625,0.5419921875,0.6371484374999999,67.716,28.86449348247774,14.8,1.1661903789690602
1465,0.04787109375,6.0625,0.5419921875,0.6371484374999999,67.132,29.150312794205142,14.6,1.0198039027185568
1466,0.04076171875,34.0625,0.5419921875,0.6371484374999999,95.88199999999999,3.821760850707434,14.4,1.0198039027185568
1467,0.04076171875,6.0625,0.33964843749999996,0.6371484374999999,78.1,19.080619486798643,14.6,1.0198039027185568
1468,0.04076171875,6.0625,0.5419921875,0.6885546874999999,66.13399999999999,30.217598580959407,16.0,1.4142135623730951
1469,0.04787109375,34.0625,0.33964843749999996,0.6885546874999999,92.982,7.019565228701844,15.4,1.2
1470,0.07576171875,22.0625,0.8919921874999999,0.7071484375,92.928,6.158621274278847,14.8,1.1661903789690602
1471,0.01287109375,22.0625,0.8919921874999999,0.7071484375,47.474000000000004,45.00580744748393,10.2,9.173875952943773
1472,0.07576171875,18.0625,0.8919921874999999,0.7071484375,92.928,6.158621274278847,14.8,1.1661903789690602
1473,0.07576171875,22.0625,0.6896484375,0.7071484375,92.928,6.158621274278847,14.8,1.1661903789690602
1474,0.07576171875,22.0625,0.8919921874999999,0.6185546875,96.00399999999999,5.875850917101285,13.8,0.7483314773547882
1475,0.01287109375,18.0625,0.6896484375,0.6185546875,79.75399999999999,27.342156169548883,15.6,1.8547236990991407
1476,0.058261718750000004,14.0625,0.36699218749999996,0.6021484374999999,81.488,15.286864165027435,13.6,0.8
1477,0.03037109375,14.0625,0.36699218749999996,0.6021484374999999,81.436,15.23123842633947,14.0,1.2649110640673518
1478,0.058261718750000004,10.0625,0.36699218749999996,0.6021484374999999,77.178,19.98143378238909,13.6,0.8
1479,0.058261718750000004,14.0625,0.5146484375,0.6021484374999999,76.66600000000001,19.206925417671616,13.6,0.8
1480,0.058261718750000004,14.0625,0.36699218749999996,0.5835546875,88.15,10.50534911366586,12.0,2.8284271247461903
1481,0.03037109375,10.0625,0.5146484375,0.5835546875,70.522,26.28643787202823,13.2,1.32664991614216
1482,0.02326171875,30.0625,0.7169921875,0.6721484375,83.718,22.96007351904606,16.4,1.854723699099141
1483,0.06537109375,30.0625,0.7169921875,0.6721484375,96.418,3.540781834567048,14.4,1.2
1484,0.02326171875,26.0625,0.7169921875,0.6721484375,83.718,22.96007351904606,16.4,1.854723699099141
1485,0.02326171875,30.0625,0.8646484374999999,0.6721484375,83.718,22.96007351904606,16.4,1.854723699099141
1486,0.02326171875,30.0625,0.7169921875,0.6535546875,87.28399999999999,15.62133105724349,15.8,1.469693845669907
1487,0.06537109375,26.0625,0.8646484374999999,0.6535546875,93.96399999999998,6.403853839681227,14.4,1.2
1488,0.018886718750000003,8.0625,0.3232421875,0.7158984374999999,47.488,44.92376048373511,9.8,8.885943956609225
1489,0.043496093750000006,8.0625,0.3232421875,0.7158984374999999,74.11800000000001,21.735118495191138,16.2,1.469693845669907
1490,0.018886718750000003,20.0625,0.3232421875,0.7158984374999999,52.327999999999996,44.7998742855379,9.8,8.885943956609225
1491,0.018886718750000003,8.0625,0.38339843749999997,0.7158984374999999,46.394,45.23923147004158,9.8,8.885943956609225
1492,0.018886718750000003,8.0625,0.3232421875,0.6973046875,54.486000000000004,40.79129789550707,9.4,8.5463442476886
1493,0.043496093750000006,20.0625,0.38339843749999997,0.6973046875,93.012,5.846508017611879,15.8,1.6
1494,0.05388671875000001,24.0625,0.6732421875,0.6458984375,95.264,4.747877841730977,14.4,1.2
1495,0.07849609375,24.0625,0.6732421875,0.6458984375,95.39000000000001,3.913111294098342,14.0,0.8944271909999159
1496,0.05388671875000001,4.0625,0.6732421875,0.6458984375,63.112,33.06829865596354,13.4,8.114185110040317
1497,0.05388671875000001,24.0625,0.7333984375,0.6458984375,95.264,4.747877841730977,14.4,1.2
1498,0.05388671875000001,24.0625,0.6732421875,0.6273046875,93.246,6.3767628150967015,14.0,0.8944271909999159
1499,0.07849609375,4.0625,0.7333984375,0.6273046875,60.7,35.646502773764496,12.4,7.08801805866774
1500,0.07138671875000001,16.0625,0.4982421875,0.6808984375,85.476,14.376353640614163,14.6,1.3564659966250536
1501,0.06099609375000001,16.0625,0.4982421875,0.6808984375,78.062,18.139169109967526,14.8,1.1661903789690602
1502,0.07138671875000001,12.0625,0.4982421875,0.6808984375,69.282,28.834890948293875,14.8,1.1661903789690602
1503,0.07138671875000001,16.0625,0.5583984375,0.6808984375,84.326,15.75795875105656,14.6,1.3564659966250536
1504,0.07138671875000001,16.0625,0.4982421875,0.5923046875,94.252,5.83718219691659,12.0,3.1622776601683795
1505,0.06099609375000001,12.0625,0.5583984375,0.5923046875,68.428,28.76839891269585,13.8,3.919183588453085
1506,0.036386718750000005,32.0625,0.8482421874999999,0.6108984375,93.482,6.8655790724453825,14.2,1.16619037896906
1507,0.025996093750000004,32.0625,0.8482421874999999,0.6108984375,92.62,6.27125824695491,14.4,1.0198039027185568
1508,0.036386718750000005,28.0625,0.8482421874999999,0.6108984375,93.482,6.8655790724453825,14.2,1.16619037896906
1509,0.036386718750000005,32.0625,0.9083984375,0.6108984375,93.482,6.8655790724453825,14.2,1.16619037896906
1510,0.036386718750000005,32.0625,0.8482421874999999,0.6623046874999999,93.272,5.914245175844505,15.2,1.16619037896906
1511,0.025996093750000004,28.0625,0.9083984375,0.6623046874999999,86.78,14.986174962277733,15.8,1.6
1512,0.027636718750000004,12.0625,0.7607421875,0.5933984375,40.07,34.382647949219965,8.4,7.735631842325487
1513,0.01724609375,12.0625,0.7607421875,0.5933984375,39.410000000000004,34.501146647611584,8.4,7.735631842325487
1514,0.027636718750000004,24.0625,0.7607421875,0.5933984375,93.694,5.999855331589252,13.4,1.0198039027185568
1515,0.027636718750000004,12.0625,0.6458984375,0.5933984375,62.968,32.70057577474745,13.6,8.380930735902785
1516,0.027636718750000004,12.0625,0.7607421875,0.6098046874999999,37.214000000000006,37.178810954628446,8.4,7.735631842325487
1517,0.01724609375,24.0625,0.6458984375,0.6098046874999999,90.724,7.58890136976361,14.6,1.3564659966250536
1518,0.06263671875,28.0625,0.41074218749999997,0.6633984374999999,96.622,4.431886280129487,14.4,1.2
1519,0.05224609375000001,28.0625,0.41074218749999997,0.6633984374999999,91.864,6.69377203077607,14.8,1.1661903789690602
1520,0.06263671875,8.0625,0.41074218749999997,0.6633984374999999,75.822,20.601488684073296,14.6,1.0198039027185568
1521,0.06263671875,28.0625,0.9958984375,0.6633984374999999,96.622,4.431886280129487,14.4,1.2
1522,0.06263671875,28.0625,0.41074218749999997,0.6798046875,92.092,6.888173633119303,14.8,1.1661903789690602
1523,0.05224609375000001,8.0625,0.9958984375,0.6798046875,30.356,36.72836320883358,9.4,8.593020423576334
1524,0.045136718750000006,4.0625,0.9357421875,0.6283984375,33.754000000000005,36.51847839108305,8.4,7.735631842325487
1525,0.06974609375,4.0625,0.9357421875,0.6283984375,55.05999999999999,39.19557934257383,13.0,7.615773105863909
1526,0.045136718750000006,16.0625,0.9357421875,0.6283984375,79.72200000000001,22.16781667192329,14.2,1.16619037896906
1527,0.045136718750000006,4.0625,0.4708984375,0.6283984375,71.196,25.338011445257496,14.4,1.0198039027185568
1528,0.045136718750000006,4.0625,0.9357421875,0.7148046875,32.536,36.53956190213561,9.8,8.975522268926749
1529,0.06974609375,16.0625,0.4708984375,0.7148046875,74.314,23.01824111438578,15.2,1.469693845669907
1530,0.01013671875,20.0625,0.5857421875,0.6983984375,46.288,45.33338478428453,10.4,9.32952303175248
1531,0.034746093750000005,20.0625,0.5857421875,0.6983984375,84.954,19.331644110111277,16.0,1.4142135623730951
1532,0.01013671875,32.0625,0.5857421875,0.6983984375,46.288,45.33338478428453,10.4,9.32952303175248
1533,0.01013671875,20.0625,0.8208984374999999,0.6983984375,46.288,45.33338478428453,10.4,9.32952303175248
1534,0.01013671875,20.0625,0.5857421875,0.6448046875,70.452,37.691776503635374,12.8,6.968500556073739
1535,0.034746093750000005,32.0625,0.8208984374999999,0.6448046875,92.982,5.849418432630716,15.0,1.4142135623730951
